fnr_boot_lo,fnr_boot_hi,n_test_clusters,lam,lam_index,feasible,controlled_risk,region_fnr,marked_area_fraction,fp_components_per_image,fp_lam_index,n_test_images,n_test_components,n_missed_components,region_fnr_component_avg,monitor_ks,monitor_flag,fnr_stratum0,fnr_stratum1,fnr_stratum2,weight_ess,weight_p_test,seed,class_name,alpha,rho,method,model,scheme,n_cal_images
,,,1.0,1000,False,0.0,0.0,1.0,0.66,1000,170,334,0,0.0,0.0,False,0.0,0.0,0.0,202.00009346009426,0.1652892249324783,0,person,0.05,0.1,weighted_crc,segformer_b2_cityscapes,cityscapes_val_half,202
,,,1.0,1000,False,0.0,0.0,1.0,0.66,1000,170,334,0,0.0,0.0,False,0.0,0.0,0.0,202.00009346009426,0.1652892249324783,0,person,0.1,0.1,weighted_crc,segformer_b2_cityscapes,cityscapes_val_half,202
,,,0.9983327527874489,463,True,0.06323529411764706,0.06323529411764706,0.03449351713061333,22.656,450,170,334,15,0.04491017964071856,0.136,True,0.05263157894736842,0.04132231404958678,0.0,202.00009346009426,0.1652892249324783,0,person,0.2,0.1,weighted_crc,segformer_b2_cityscapes,cityscapes_val_half,202
,,,1.0,1000,False,0.0,0.0,1.0,0.66,1000,170,334,0,0.0,0.0,False,0.0,0.0,0.0,202.00009346009426,0.1652892249324783,0,person,0.05,0.5,weighted_crc,segformer_b2_cityscapes,cityscapes_val_half,202
,,,1.0,1000,False,0.0,0.0,1.0,0.66,1000,170,334,0,0.0,0.0,False,0.0,0.0,0.0,202.00009346009426,0.1652892249324783,0,person,0.1,0.5,weighted_crc,segformer_b2_cityscapes,cityscapes_val_half,202
,,,0.9992620957698709,522,True,0.06960784313725489,0.06960784313725489,0.04666009172797203,27.25,500,170,334,18,0.05389221556886228,0.11599999999999999,False,0.05263157894736842,0.06611570247933884,0.0,202.00009346009426,0.1652892249324783,0,person,0.2,0.5,weighted_crc,segformer_b2_cityscapes,cityscapes_val_half,202
,,,1.0,1000,False,0.0,0.0,1.0,0.944,1000,28,38,0,0.0,0.0,False,0.0,0.0,0.0,127.00009346010091,0.23952089242876454,0,rider,0.05,0.1,weighted_crc,segformer_b2_cityscapes,cityscapes_val_half,127
,,,1.0,1000,False,0.0,0.0,1.0,0.944,1000,28,38,0,0.0,0.0,False,0.0,0.0,0.0,127.00009346010091,0.23952089242876454,0,rider,0.1,0.1,weighted_crc,segformer_b2_cityscapes,cityscapes_val_half,127
,,,1.0,1000,False,0.0,0.0,1.0,0.944,1000,28,38,0,0.0,0.0,False,0.0,0.0,0.0,127.00009346010091,0.23952089242876454,0,rider,0.2,0.1,weighted_crc,segformer_b2_cityscapes,cityscapes_val_half,127
,,,1.0,1000,False,0.0,0.0,1.0,0.944,1000,28,38,0,0.0,0.0,False,0.0,0.0,0.0,127.00009346010091,0.23952089242876454,0,rider,0.05,0.5,weighted_crc,segformer_b2_cityscapes,cityscapes_val_half,127
,,,1.0,1000,False,0.0,0.0,1.0,0.944,1000,28,38,0,0.0,0.0,False,0.0,0.0,0.0,127.00009346010091,0.23952089242876454,0,rider,0.1,0.5,weighted_crc,segformer_b2_cityscapes,cityscapes_val_half,127
,,,1.0,1000,False,0.0,0.0,1.0,0.944,1000,28,38,0,0.0,0.0,False,0.0,0.0,0.0,127.00009346010091,0.23952089242876454,0,rider,0.2,0.5,weighted_crc,segformer_b2_cityscapes,cityscapes_val_half,127
,,,1.0,1000,False,0.0,0.0,1.0,0.834,1000,83,159,0,0.0,0.0,False,0.0,0.0,0.0,180.00008106232713,0.1818181502917636,0,bicycle,0.05,0.1,weighted_crc,segformer_b2_cityscapes,cityscapes_val_half,180
,,,1.0,1000,False,0.0,0.0,1.0,0.834,1000,83,159,0,0.0,0.0,False,0.0,0.0,0.0,180.00008106232713,0.1818181502917636,0,bicycle,0.1,0.1,weighted_crc,segformer_b2_cityscapes,cityscapes_val_half,180
,,,0.9998041155326494,618,True,0.0948938611589214,0.09489386115892139,0.0359085313975811,24.196,600,83,159,15,0.09433962264150944,0.16799999999999998,True,0.16091954022988506,0.017241379310344827,0.0,180.00008106232713,0.1818181502917636,0,bicycle,0.2,0.1,weighted_crc,segformer_b2_cityscapes,cityscapes_val_half,180
,,,1.0,1000,False,0.0,0.0,1.0,0.834,1000,83,159,0,0.0,0.0,False,0.0,0.0,0.0,180.00008106232713,0.1818181502917636,0,bicycle,0.05,0.5,weighted_crc,segformer_b2_cityscapes,cityscapes_val_half,180
,,,1.0,1000,False,0.0,0.0,1.0,0.834,1000,83,159,0,0.0,0.0,False,0.0,0.0,0.0,180.00008106232713,0.1818181502917636,0,bicycle,0.1,0.5,weighted_crc,segformer_b2_cityscapes,cityscapes_val_half,180
,,,0.9999202005312732,683,True,0.11176133103843947,0.11176133103843947,0.04943525791168213,29.932,675,83,159,18,0.11320754716981132,0.10599999999999998,False,0.1724137931034483,0.05172413793103448,0.0,180.00008106232713,0.1818181502917636,0,bicycle,0.2,0.5,weighted_crc,segformer_b2_cityscapes,cityscapes_val_half,180
,,,1.0,1000,False,0.0,0.0,1.0,0.66,1000,170,334,0,0.0,0.0,False,0.0,0.0,0.0,198.00009727479176,0.16806719187129857,1,person,0.05,0.1,weighted_crc,segformer_b2_cityscapes,cityscapes_val_half,198
,,,1.0,1000,False,0.0,0.0,1.0,0.66,1000,170,334,0,0.0,0.0,False,0.0,0.0,0.0,198.00009727479176,0.16806719187129857,1,person,0.1,0.1,weighted_crc,segformer_b2_cityscapes,cityscapes_val_half,198
,,,0.9976772632036429,439,True,0.07401960784313724,0.07401960784313724,0.03031802736222744,20.462,425,170,334,19,0.05688622754491018,0.16200000000000003,True,0.06842105263157895,0.049586776859504134,0.0,198.00009727479176,0.16806719187129857,1,person,0.2,0.1,weighted_crc,segformer_b2_cityscapes,cityscapes_val_half,198
,,,1.0,1000,False,0.0,0.0,1.0,0.66,1000,170,334,0,0.0,0.0,False,0.0,0.0,0.0,198.00009727479176,0.16806719187129857,1,person,0.05,0.5,weighted_crc,segformer_b2_cityscapes,cityscapes_val_half,198
,,,1.0,1000,False,0.0,0.0,1.0,0.66,1000,170,334,0,0.0,0.0,False,0.0,0.0,0.0,198.00009727479176,0.16806719187129857,1,person,0.1,0.5,weighted_crc,segformer_b2_cityscapes,cityscapes_val_half,198
,,,0.9992518304994888,521,True,0.06960784313725489,0.06960784313725489,0.04642625153064728,27.25,500,170,334,18,0.05389221556886228,0.12,False,0.05263157894736842,0.06611570247933884,0.0,198.00009727479176,0.16806719187129857,1,person,0.2,0.5,weighted_crc,segformer_b2_cityscapes,cityscapes_val_half,198
,,,1.0,1000,False,0.0,0.0,1.0,0.944,1000,28,38,0,0.0,0.0,False,0.0,0.0,0.0,133.00001859664957,0.23121385753738374,1,rider,0.05,0.1,weighted_crc,segformer_b2_cityscapes,cityscapes_val_half,133
,,,1.0,1000,False,0.0,0.0,1.0,0.944,1000,28,38,0,0.0,0.0,False,0.0,0.0,0.0,133.00001859664957,0.23121385753738374,1,rider,0.1,0.1,weighted_crc,segformer_b2_cityscapes,cityscapes_val_half,133
,,,1.0,1000,False,0.0,0.0,1.0,0.944,1000,28,38,0,0.0,0.0,False,0.0,0.0,0.0,133.00001859664957,0.23121385753738374,1,rider,0.2,0.1,weighted_crc,segformer_b2_cityscapes,cityscapes_val_half,133
,,,1.0,1000,False,0.0,0.0,1.0,0.944,1000,28,38,0,0.0,0.0,False,0.0,0.0,0.0,133.00001859664957,0.23121385753738374,1,rider,0.05,0.5,weighted_crc,segformer_b2_cityscapes,cityscapes_val_half,133
,,,1.0,1000,False,0.0,0.0,1.0,0.944,1000,28,38,0,0.0,0.0,False,0.0,0.0,0.0,133.00001859664957,0.23121385753738374,1,rider,0.1,0.5,weighted_crc,segformer_b2_cityscapes,cityscapes_val_half,133
,,,1.0,1000,False,0.0,0.0,1.0,0.944,1000,28,38,0,0.0,0.0,False,0.0,0.0,0.0,133.00001859664957,0.23121385753738374,1,rider,0.2,0.5,weighted_crc,segformer_b2_cityscapes,cityscapes_val_half,133
,,,1.0,1000,False,0.0,0.0,1.0,0.834,1000,83,159,0,0.0,0.0,False,0.0,0.0,0.0,191.0001254081943,0.17316012740755224,1,bicycle,0.05,0.1,weighted_crc,segformer_b2_cityscapes,cityscapes_val_half,191
,,,1.0,1000,False,0.0,0.0,1.0,0.834,1000,83,159,0,0.0,0.0,False,0.0,0.0,0.0,191.0001254081943,0.17316012740755224,1,bicycle,0.1,0.1,weighted_crc,segformer_b2_cityscapes,cityscapes_val_half,191
,,,0.9996352460530744,573,True,0.11095811818703384,0.11095811818703384,0.028292907401919365,20.176,550,83,159,17,0.1069182389937107,0.19400000000000006,True,0.1724137931034483,0.034482758620689655,0.0,191.0001254081943,0.17316012740755224,1,bicycle,0.2,0.1,weighted_crc,segformer_b2_cityscapes,cityscapes_val_half,191
,,,1.0,1000,False,0.0,0.0,1.0,0.834,1000,83,159,0,0.0,0.0,False,0.0,0.0,0.0,191.0001254081943,0.17316012740755224,1,bicycle,0.05,0.5,weighted_crc,segformer_b2_cityscapes,cityscapes_val_half,191
,,,1.0,1000,False,0.0,0.0,1.0,0.834,1000,83,159,0,0.0,0.0,False,0.0,0.0,0.0,191.0001254081943,0.17316012740755224,1,bicycle,0.1,0.5,weighted_crc,segformer_b2_cityscapes,cityscapes_val_half,191
,,,0.9999156665242236,679,True,0.11176133103843947,0.11176133103843947,0.04851599782705307,29.932,675,83,159,18,0.11320754716981132,0.10599999999999998,False,0.1724137931034483,0.05172413793103448,0.0,191.0001254081943,0.17316012740755224,1,bicycle,0.2,0.5,weighted_crc,segformer_b2_cityscapes,cityscapes_val_half,191
,,,1.0,1000,False,0.0,0.0,1.0,0.66,1000,170,334,0,0.0,0.0,False,0.0,0.0,0.0,195.0000834465132,0.17021273832723116,2,person,0.05,0.1,weighted_crc,segformer_b2_cityscapes,cityscapes_val_half,195
,,,1.0,1000,False,0.0,0.0,1.0,0.66,1000,170,334,0,0.0,0.0,False,0.0,0.0,0.0,195.0000834465132,0.17021273832723116,2,person,0.1,0.1,weighted_crc,segformer_b2_cityscapes,cityscapes_val_half,195
,,,0.9986634044834536,479,True,0.06323529411764706,0.06323529411764706,0.03752510994672775,25.124,475,170,334,15,0.04491017964071856,0.122,False,0.05263157894736842,0.04132231404958678,0.0,195.0000834465132,0.17021273832723116,2,person,0.2,0.1,weighted_crc,segformer_b2_cityscapes,cityscapes_val_half,195
,,,1.0,1000,False,0.0,0.0,1.0,0.66,1000,170,334,0,0.0,0.0,False,0.0,0.0,0.0,195.0000834465132,0.17021273832723116,2,person,0.05,0.5,weighted_crc,segformer_b2_cityscapes,cityscapes_val_half,195
,,,1.0,1000,False,0.0,0.0,1.0,0.66,1000,170,334,0,0.0,0.0,False,0.0,0.0,0.0,195.0000834465132,0.17021273832723116,2,person,0.1,0.5,weighted_crc,segformer_b2_cityscapes,cityscapes_val_half,195
,,,0.9994918405574394,549,True,0.06470588235294118,0.06470588235294118,0.053209640085697174,29.594,525,170,334,16,0.04790419161676647,0.10399999999999998,False,0.04736842105263158,0.05785123966942149,0.0,195.0000834465132,0.17021273832723116,2,person,0.2,0.5,weighted_crc,segformer_b2_cityscapes,cityscapes_val_half,195
,,,1.0,1000,False,0.0,0.0,1.0,0.944,1000,28,38,0,0.0,0.0,False,0.0,0.0,0.0,126.00008487702878,0.24096379451058308,2,rider,0.05,0.1,weighted_crc,segformer_b2_cityscapes,cityscapes_val_half,126
,,,1.0,1000,False,0.0,0.0,1.0,0.944,1000,28,38,0,0.0,0.0,False,0.0,0.0,0.0,126.00008487702878,0.24096379451058308,2,rider,0.1,0.1,weighted_crc,segformer_b2_cityscapes,cityscapes_val_half,126
,,,1.0,1000,False,0.0,0.0,1.0,0.944,1000,28,38,0,0.0,0.0,False,0.0,0.0,0.0,126.00008487702878,0.24096379451058308,2,rider,0.2,0.1,weighted_crc,segformer_b2_cityscapes,cityscapes_val_half,126
,,,1.0,1000,False,0.0,0.0,1.0,0.944,1000,28,38,0,0.0,0.0,False,0.0,0.0,0.0,126.00008487702878,0.24096379451058308,2,rider,0.05,0.5,weighted_crc,segformer_b2_cityscapes,cityscapes_val_half,126
,,,1.0,1000,False,0.0,0.0,1.0,0.944,1000,28,38,0,0.0,0.0,False,0.0,0.0,0.0,126.00008487702878,0.24096379451058308,2,rider,0.1,0.5,weighted_crc,segformer_b2_cityscapes,cityscapes_val_half,126
,,,1.0,1000,False,0.0,0.0,1.0,0.944,1000,28,38,0,0.0,0.0,False,0.0,0.0,0.0,126.00008487702878,0.24096379451058308,2,rider,0.2,0.5,weighted_crc,segformer_b2_cityscapes,cityscapes_val_half,126
,,,1.0,1000,False,0.0,0.0,1.0,0.834,1000,83,159,0,0.0,0.0,False,0.0,0.0,0.0,172.00008869172214,0.18867920454222384,2,bicycle,0.05,0.1,weighted_crc,segformer_b2_cityscapes,cityscapes_val_half,172
,,,1.0,1000,False,0.0,0.0,1.0,0.834,1000,83,159,0,0.0,0.0,False,0.0,0.0,0.0,172.00008869172214,0.18867920454222384,2,bicycle,0.1,0.1,weighted_crc,segformer_b2_cityscapes,cityscapes_val_half,172
,,,0.9999507960464319,718,True,0.06637980493402179,0.0663798049340218,0.05804657191038132,32.058,700,83,159,10,0.06289308176100629,0.06599999999999995,False,0.10344827586206896,0.017241379310344827,0.0,172.00008869172214,0.18867920454222384,2,bicycle,0.2,0.1,weighted_crc,segformer_b2_cityscapes,cityscapes_val_half,172
,,,1.0,1000,False,0.0,0.0,1.0,0.834,1000,83,159,0,0.0,0.0,False,0.0,0.0,0.0,172.00008869172214,0.18867920454222384,2,bicycle,0.05,0.5,weighted_crc,segformer_b2_cityscapes,cityscapes_val_half,172
,,,1.0,1000,False,0.0,0.0,1.0,0.834,1000,83,159,0,0.0,0.0,False,0.0,0.0,0.0,172.00008869172214,0.18867920454222384,2,bicycle,0.1,0.5,weighted_crc,segformer_b2_cityscapes,cityscapes_val_half,172
,,,0.9999822989104168,792,True,0.06878944348823866,0.06878944348823866,0.07968772947788239,38.992,775,83,159,11,0.06918238993710692,0.068,False,0.11494252873563218,0.017241379310344827,0.0,172.00008869172214,0.18867920454222384,2,bicycle,0.2,0.5,weighted_crc,segformer_b2_cityscapes,cityscapes_val_half,172
,,,1.0,1000,False,0.0,0.0,1.0,0.66,1000,170,334,0,0.0,0.0,False,0.0,0.0,0.0,206.00012779238003,0.1626015856731171,3,person,0.05,0.1,weighted_crc,segformer_b2_cityscapes,cityscapes_val_half,206
,,,1.0,1000,False,0.0,0.0,1.0,0.66,1000,170,334,0,0.0,0.0,False,0.0,0.0,0.0,206.00012779238003,0.1626015856731171,3,person,0.1,0.1,weighted_crc,segformer_b2_cityscapes,cityscapes_val_half,206
,,,0.9982380239535884,459,True,0.06519607843137254,0.06519607843137254,0.03377114608883858,22.656,450,170,334,16,0.04790419161676647,0.16800000000000004,True,0.05789473684210526,0.04132231404958678,0.0,206.00012779238003,0.1626015856731171,3,person,0.2,0.1,weighted_crc,segformer_b2_cityscapes,cityscapes_val_half,206
,,,1.0,1000,False,0.0,0.0,1.0,0.66,1000,170,334,0,0.0,0.0,False,0.0,0.0,0.0,206.00012779238003,0.1626015856731171,3,person,0.05,0.5,weighted_crc,segformer_b2_cityscapes,cityscapes_val_half,206
,,,1.0,1000,False,0.0,0.0,1.0,0.66,1000,170,334,0,0.0,0.0,False,0.0,0.0,0.0,206.00012779238003,0.1626015856731171,3,person,0.1,0.5,weighted_crc,segformer_b2_cityscapes,cityscapes_val_half,206
,,,0.9992308695597134,519,True,0.06960784313725489,0.06960784313725489,0.045979585498571396,27.25,500,170,334,18,0.05389221556886228,0.14600000000000002,True,0.05263157894736842,0.06611570247933884,0.0,206.00012779238003,0.1626015856731171,3,person,0.2,0.5,weighted_crc,segformer_b2_cityscapes,cityscapes_val_half,206
,,,1.0,1000,False,0.0,0.0,1.0,0.944,1000,28,38,0,0.0,0.0,False,0.0,0.0,0.0,127.00009346010091,0.23952089242876454,3,rider,0.05,0.1,weighted_crc,segformer_b2_cityscapes,cityscapes_val_half,127
,,,1.0,1000,False,0.0,0.0,1.0,0.944,1000,28,38,0,0.0,0.0,False,0.0,0.0,0.0,127.00009346010091,0.23952089242876454,3,rider,0.1,0.1,weighted_crc,segformer_b2_cityscapes,cityscapes_val_half,127
,,,1.0,1000,False,0.0,0.0,1.0,0.944,1000,28,38,0,0.0,0.0,False,0.0,0.0,0.0,127.00009346010091,0.23952089242876454,3,rider,0.2,0.1,weighted_crc,segformer_b2_cityscapes,cityscapes_val_half,127
,,,1.0,1000,False,0.0,0.0,1.0,0.944,1000,28,38,0,0.0,0.0,False,0.0,0.0,0.0,127.00009346010091,0.23952089242876454,3,rider,0.05,0.5,weighted_crc,segformer_b2_cityscapes,cityscapes_val_half,127
,,,1.0,1000,False,0.0,0.0,1.0,0.944,1000,28,38,0,0.0,0.0,False,0.0,0.0,0.0,127.00009346010091,0.23952089242876454,3,rider,0.1,0.5,weighted_crc,segformer_b2_cityscapes,cityscapes_val_half,127
,,,1.0,1000,False,0.0,0.0,1.0,0.944,1000,28,38,0,0.0,0.0,False,0.0,0.0,0.0,127.00009346010091,0.23952089242876454,3,rider,0.2,0.5,weighted_crc,segformer_b2_cityscapes,cityscapes_val_half,127
,,,1.0,1000,False,0.0,0.0,1.0,0.834,1000,83,159,0,0.0,0.0,False,0.0,0.0,0.0,169.00002479553277,0.1913875458356833,3,bicycle,0.05,0.1,weighted_crc,segformer_b2_cityscapes,cityscapes_val_half,169
,,,1.0,1000,False,0.0,0.0,1.0,0.834,1000,83,159,0,0.0,0.0,False,0.0,0.0,0.0,169.00002479553277,0.1913875458356833,3,bicycle,0.1,0.1,weighted_crc,segformer_b2_cityscapes,cityscapes_val_half,169
,,,0.9999610954855006,735,True,0.06035570854847963,0.06035570854847963,0.06260404735803604,34.528,725,83,159,9,0.05660377358490566,0.07400000000000001,False,0.09195402298850575,0.017241379310344827,0.0,169.00002479553277,0.1913875458356833,3,bicycle,0.2,0.1,weighted_crc,segformer_b2_cityscapes,cityscapes_val_half,169
,,,1.0,1000,False,0.0,0.0,1.0,0.834,1000,83,159,0,0.0,0.0,False,0.0,0.0,0.0,169.00002479553277,0.1913875458356833,3,bicycle,0.05,0.5,weighted_crc,segformer_b2_cityscapes,cityscapes_val_half,169
,,,1.0,1000,False,0.0,0.0,1.0,0.834,1000,83,159,0,0.0,0.0,False,0.0,0.0,0.0,169.00002479553277,0.1913875458356833,3,bicycle,0.1,0.5,weighted_crc,segformer_b2_cityscapes,cityscapes_val_half,169
,,,0.9999884654674218,823,True,0.06305220883534135,0.06305220883534136,0.09012430161237717,40.838,800,83,159,9,0.05660377358490566,0.11600000000000005,False,0.09195402298850575,0.017241379310344827,0.0,169.00002479553277,0.1913875458356833,3,bicycle,0.2,0.5,weighted_crc,segformer_b2_cityscapes,cityscapes_val_half,169
,,,1.0,1000,False,0.0,0.0,1.0,0.66,1000,170,334,0,0.0,0.0,False,0.0,0.0,0.0,199.00010585786293,0.16736397933807196,4,person,0.05,0.1,weighted_crc,segformer_b2_cityscapes,cityscapes_val_half,199
,,,1.0,1000,False,0.0,0.0,1.0,0.66,1000,170,334,0,0.0,0.0,False,0.0,0.0,0.0,199.00010585786293,0.16736397933807196,4,person,0.1,0.1,weighted_crc,segformer_b2_cityscapes,cityscapes_val_half,199
,,,0.9988984606904586,493,True,0.06323529411764706,0.06323529411764706,0.040334202349185944,25.124,475,170,334,15,0.04491017964071856,0.14,True,0.05263157894736842,0.04132231404958678,0.0,199.00010585786293,0.16736397933807196,4,person,0.2,0.1,weighted_crc,segformer_b2_cityscapes,cityscapes_val_half,199
,,,1.0,1000,False,0.0,0.0,1.0,0.66,1000,170,334,0,0.0,0.0,False,0.0,0.0,0.0,199.00010585786293,0.16736397933807196,4,person,0.05,0.5,weighted_crc,segformer_b2_cityscapes,cityscapes_val_half,199
,,,1.0,1000,False,0.0,0.0,1.0,0.66,1000,170,334,0,0.0,0.0,False,0.0,0.0,0.0,199.00010585786293,0.16736397933807196,4,person,0.1,0.5,weighted_crc,segformer_b2_cityscapes,cityscapes_val_half,199
,,,0.9997035168610475,588,True,0.061764705882352944,0.061764705882352944,0.06389112025499344,34.07,575,170,334,15,0.04491017964071856,0.1060000000000001,False,0.042105263157894736,0.05785123966942149,0.0,199.00010585786293,0.16736397933807196,4,person,0.2,0.5,weighted_crc,segformer_b2_cityscapes,cityscapes_val_half,199
,,,1.0,1000,False,0.0,0.0,1.0,0.944,1000,28,38,0,0.0,0.0,False,0.0,0.0,0.0,130.000011920929,0.23529410444741505,4,rider,0.05,0.1,weighted_crc,segformer_b2_cityscapes,cityscapes_val_half,130
,,,1.0,1000,False,0.0,0.0,1.0,0.944,1000,28,38,0,0.0,0.0,False,0.0,0.0,0.0,130.000011920929,0.23529410444741505,4,rider,0.1,0.1,weighted_crc,segformer_b2_cityscapes,cityscapes_val_half,130
,,,1.0,1000,False,0.0,0.0,1.0,0.944,1000,28,38,0,0.0,0.0,False,0.0,0.0,0.0,130.000011920929,0.23529410444741505,4,rider,0.2,0.1,weighted_crc,segformer_b2_cityscapes,cityscapes_val_half,130
,,,1.0,1000,False,0.0,0.0,1.0,0.944,1000,28,38,0,0.0,0.0,False,0.0,0.0,0.0,130.000011920929,0.23529410444741505,4,rider,0.05,0.5,weighted_crc,segformer_b2_cityscapes,cityscapes_val_half,130
,,,1.0,1000,False,0.0,0.0,1.0,0.944,1000,28,38,0,0.0,0.0,False,0.0,0.0,0.0,130.000011920929,0.23529410444741505,4,rider,0.1,0.5,weighted_crc,segformer_b2_cityscapes,cityscapes_val_half,130
,,,1.0,1000,False,0.0,0.0,1.0,0.944,1000,28,38,0,0.0,0.0,False,0.0,0.0,0.0,130.000011920929,0.23529410444741505,4,rider,0.2,0.5,weighted_crc,segformer_b2_cityscapes,cityscapes_val_half,130
,,,1.0,1000,False,0.0,0.0,1.0,0.834,1000,83,159,0,0.0,0.0,False,0.0,0.0,0.0,170.0000715255803,0.19047615587576805,4,bicycle,0.05,0.1,weighted_crc,segformer_b2_cityscapes,cityscapes_val_half,170
,,,1.0,1000,False,0.0,0.0,1.0,0.834,1000,83,159,0,0.0,0.0,False,0.0,0.0,0.0,170.0000715255803,0.19047615587576805,4,bicycle,0.1,0.1,weighted_crc,segformer_b2_cityscapes,cityscapes_val_half,170
,,,0.999958313061653,730,True,0.06637980493402179,0.0663798049340218,0.061229970306158066,34.528,725,83,159,10,0.06289308176100629,0.08799999999999997,False,0.10344827586206896,0.017241379310344827,0.0,170.0000715255803,0.19047615587576805,4,bicycle,0.2,0.1,weighted_crc,segformer_b2_cityscapes,cityscapes_val_half,170
,,,1.0,1000,False,0.0,0.0,1.0,0.834,1000,83,159,0,0.0,0.0,False,0.0,0.0,0.0,170.0000715255803,0.19047615587576805,4,bicycle,0.05,0.5,weighted_crc,segformer_b2_cityscapes,cityscapes_val_half,170
,,,1.0,1000,False,0.0,0.0,1.0,0.834,1000,83,159,0,0.0,0.0,False,0.0,0.0,0.0,170.0000715255803,0.19047615587576805,4,bicycle,0.1,0.5,weighted_crc,segformer_b2_cityscapes,cityscapes_val_half,170
,,,0.9999839305874698,799,True,0.06477337923121056,0.06477337923121056,0.0819460079073906,38.992,775,83,159,10,0.06289308176100629,0.05399999999999999,False,0.10344827586206896,0.017241379310344827,0.0,170.0000715255803,0.19047615587576805,4,bicycle,0.2,0.5,weighted_crc,segformer_b2_cityscapes,cityscapes_val_half,170
,,,1.0,1000,False,0.0,0.0,1.0,0.66,1000,170,334,0,0.0,0.0,False,0.0,0.0,0.0,201.00004673004435,0.1659750879715009,5,person,0.05,0.1,weighted_crc,segformer_b2_cityscapes,cityscapes_val_half,201
,,,1.0,1000,False,0.0,0.0,1.0,0.66,1000,170,334,0,0.0,0.0,False,0.0,0.0,0.0,201.00004673004435,0.1659750879715009,5,person,0.1,0.1,weighted_crc,segformer_b2_cityscapes,cityscapes_val_half,201
,,,0.9990537628386342,504,True,0.057352941176470586,0.057352941176470586,0.04265260696411133,27.25,500,170,334,13,0.038922155688622756,0.10999999999999999,False,0.04736842105263158,0.03305785123966942,0.0,201.00004673004435,0.1659750879715009,5,person,0.2,0.1,weighted_crc,segformer_b2_cityscapes,cityscapes_val_half,201
,,,1.0,1000,False,0.0,0.0,1.0,0.66,1000,170,334,0,0.0,0.0,False,0.0,0.0,0.0,201.00004673004435,0.1659750879715009,5,person,0.05,0.5,weighted_crc,segformer_b2_cityscapes,cityscapes_val_half,201
,,,1.0,1000,False,0.0,0.0,1.0,0.66,1000,170,334,0,0.0,0.0,False,0.0,0.0,0.0,201.00004673004435,0.1659750879715009,5,person,0.1,0.5,weighted_crc,segformer_b2_cityscapes,cityscapes_val_half,201
,,,0.9996145216423342,569,True,0.061764705882352944,0.061764705882352944,0.05851301550865173,31.994,550,170,334,15,0.04491017964071856,0.09199999999999997,False,0.042105263157894736,0.05785123966942149,0.0,201.00004673004435,0.1659750879715009,5,person,0.2,0.5,weighted_crc,segformer_b2_cityscapes,cityscapes_val_half,201
,,,1.0,1000,False,0.0,0.0,1.0,0.944,1000,28,38,0,0.0,0.0,False,0.0,0.0,0.0,129.00002241134683,0.23668636916244154,5,rider,0.05,0.1,weighted_crc,segformer_b2_cityscapes,cityscapes_val_half,129
,,,1.0,1000,False,0.0,0.0,1.0,0.944,1000,28,38,0,0.0,0.0,False,0.0,0.0,0.0,129.00002241134683,0.23668636916244154,5,rider,0.1,0.1,weighted_crc,segformer_b2_cityscapes,cityscapes_val_half,129
,,,1.0,1000,False,0.0,0.0,1.0,0.944,1000,28,38,0,0.0,0.0,False,0.0,0.0,0.0,129.00002241134683,0.23668636916244154,5,rider,0.2,0.1,weighted_crc,segformer_b2_cityscapes,cityscapes_val_half,129
,,,1.0,1000,False,0.0,0.0,1.0,0.944,1000,28,38,0,0.0,0.0,False,0.0,0.0,0.0,129.00002241134683,0.23668636916244154,5,rider,0.05,0.5,weighted_crc,segformer_b2_cityscapes,cityscapes_val_half,129
,,,1.0,1000,False,0.0,0.0,1.0,0.944,1000,28,38,0,0.0,0.0,False,0.0,0.0,0.0,129.00002241134683,0.23668636916244154,5,rider,0.1,0.5,weighted_crc,segformer_b2_cityscapes,cityscapes_val_half,129
,,,1.0,1000,False,0.0,0.0,1.0,0.944,1000,28,38,0,0.0,0.0,False,0.0,0.0,0.0,129.00002241134683,0.23668636916244154,5,rider,0.2,0.5,weighted_crc,segformer_b2_cityscapes,cityscapes_val_half,129
,,,1.0,1000,False,0.0,0.0,1.0,0.834,1000,83,159,0,0.0,0.0,False,0.0,0.0,0.0,173.00005912781234,0.18779340032394476,5,bicycle,0.05,0.1,weighted_crc,segformer_b2_cityscapes,cityscapes_val_half,173
,,,1.0,1000,False,0.0,0.0,1.0,0.834,1000,83,159,0,0.0,0.0,False,0.0,0.0,0.0,173.00005912781234,0.18779340032394476,5,bicycle,0.1,0.1,weighted_crc,segformer_b2_cityscapes,cityscapes_val_half,173
,,,0.999958313061653,730,True,0.06637980493402179,0.0663798049340218,0.061229970306158066,34.528,725,83,159,10,0.06289308176100629,0.039999999999999925,False,0.10344827586206896,0.017241379310344827,0.0,173.00005912781234,0.18779340032394476,5,bicycle,0.2,0.1,weighted_crc,segformer_b2_cityscapes,cityscapes_val_half,173
,,,1.0,1000,False,0.0,0.0,1.0,0.834,1000,83,159,0,0.0,0.0,False,0.0,0.0,0.0,173.00005912781234,0.18779340032394476,5,bicycle,0.05,0.5,weighted_crc,segformer_b2_cityscapes,cityscapes_val_half,173
,,,1.0,1000,False,0.0,0.0,1.0,0.834,1000,83,159,0,0.0,0.0,False,0.0,0.0,0.0,173.00005912781234,0.18779340032394476,5,bicycle,0.1,0.5,weighted_crc,segformer_b2_cityscapes,cityscapes_val_half,173
,,,0.9999839305874698,799,True,0.06477337923121056,0.06477337923121056,0.0819460079073906,38.992,775,83,159,10,0.06289308176100629,0.07800000000000001,False,0.10344827586206896,0.017241379310344827,0.0,173.00005912781234,0.18779340032394476,5,bicycle,0.2,0.5,weighted_crc,segformer_b2_cityscapes,cityscapes_val_half,173
,,,1.0,1000,False,0.0,0.0,1.0,0.66,1000,170,334,0,0.0,0.0,False,0.0,0.0,0.0,200.0000762939526,0.16666664017571764,6,person,0.05,0.1,weighted_crc,segformer_b2_cityscapes,cityscapes_val_half,200
,,,1.0,1000,False,0.0,0.0,1.0,0.66,1000,170,334,0,0.0,0.0,False,0.0,0.0,0.0,200.0000762939526,0.16666664017571764,6,person,0.1,0.1,weighted_crc,segformer_b2_cityscapes,cityscapes_val_half,200
,,,0.9987526164857571,484,True,0.06323529411764706,0.06323529411764706,0.03851815685629845,25.124,475,170,334,15,0.04491017964071856,0.138,True,0.05263157894736842,0.04132231404958678,0.0,200.0000762939526,0.16666664017571764,6,person,0.2,0.1,weighted_crc,segformer_b2_cityscapes,cityscapes_val_half,200
,,,1.0,1000,False,0.0,0.0,1.0,0.66,1000,170,334,0,0.0,0.0,False,0.0,0.0,0.0,200.0000762939526,0.16666664017571764,6,person,0.05,0.5,weighted_crc,segformer_b2_cityscapes,cityscapes_val_half,200
,,,1.0,1000,False,0.0,0.0,1.0,0.66,1000,170,334,0,0.0,0.0,False,0.0,0.0,0.0,200.0000762939526,0.16666664017571764,6,person,0.1,0.5,weighted_crc,segformer_b2_cityscapes,cityscapes_val_half,200
,,,0.9995926197221959,565,True,0.061764705882352944,0.061764705882352944,0.057420503348112106,31.994,550,170,334,15,0.04491017964071856,0.1060000000000001,False,0.042105263157894736,0.05785123966942149,0.0,200.0000762939526,0.16666664017571764,6,person,0.2,0.5,weighted_crc,segformer_b2_cityscapes,cityscapes_val_half,200
,,,1.0,1000,False,0.0,0.0,1.0,0.944,1000,28,38,0,0.0,0.0,False,0.0,0.0,0.0,125.00007629395695,0.24242418637727994,6,rider,0.05,0.1,weighted_crc,segformer_b2_cityscapes,cityscapes_val_half,125
,,,1.0,1000,False,0.0,0.0,1.0,0.944,1000,28,38,0,0.0,0.0,False,0.0,0.0,0.0,125.00007629395695,0.24242418637727994,6,rider,0.1,0.1,weighted_crc,segformer_b2_cityscapes,cityscapes_val_half,125
,,,1.0,1000,False,0.0,0.0,1.0,0.944,1000,28,38,0,0.0,0.0,False,0.0,0.0,0.0,125.00007629395695,0.24242418637727994,6,rider,0.2,0.1,weighted_crc,segformer_b2_cityscapes,cityscapes_val_half,125
,,,1.0,1000,False,0.0,0.0,1.0,0.944,1000,28,38,0,0.0,0.0,False,0.0,0.0,0.0,125.00007629395695,0.24242418637727994,6,rider,0.05,0.5,weighted_crc,segformer_b2_cityscapes,cityscapes_val_half,125
,,,1.0,1000,False,0.0,0.0,1.0,0.944,1000,28,38,0,0.0,0.0,False,0.0,0.0,0.0,125.00007629395695,0.24242418637727994,6,rider,0.1,0.5,weighted_crc,segformer_b2_cityscapes,cityscapes_val_half,125
,,,1.0,1000,False,0.0,0.0,1.0,0.944,1000,28,38,0,0.0,0.0,False,0.0,0.0,0.0,125.00007629395695,0.24242418637727994,6,rider,0.2,0.5,weighted_crc,segformer_b2_cityscapes,cityscapes_val_half,125
,,,1.0,1000,False,0.0,0.0,1.0,0.834,1000,83,159,0,0.0,0.0,False,0.0,0.0,0.0,163.0000615119993,0.19704430535312817,6,bicycle,0.05,0.1,weighted_crc,segformer_b2_cityscapes,cityscapes_val_half,163
,,,1.0,1000,False,0.0,0.0,1.0,0.834,1000,83,159,0,0.0,0.0,False,0.0,0.0,0.0,163.0000615119993,0.19704430535312817,6,bicycle,0.1,0.1,weighted_crc,segformer_b2_cityscapes,cityscapes_val_half,163
,,,0.999970077353634,754,True,0.06035570854847963,0.06035570854847963,0.06795880198478699,36.622,750,83,159,9,0.05660377358490566,0.068,False,0.09195402298850575,0.017241379310344827,0.0,163.0000615119993,0.19704430535312817,6,bicycle,0.2,0.1,weighted_crc,segformer_b2_cityscapes,cityscapes_val_half,163
,,,1.0,1000,False,0.0,0.0,1.0,0.834,1000,83,159,0,0.0,0.0,False,0.0,0.0,0.0,163.0000615119993,0.19704430535312817,6,bicycle,0.05,0.5,weighted_crc,segformer_b2_cityscapes,cityscapes_val_half,163
,,,1.0,1000,False,0.0,0.0,1.0,0.834,1000,83,159,0,0.0,0.0,False,0.0,0.0,0.0,163.0000615119993,0.19704430535312817,6,bicycle,0.1,0.5,weighted_crc,segformer_b2_cityscapes,cityscapes_val_half,163
,,,0.9999908798916064,840,True,0.05702811244979919,0.0570281124497992,0.0961245447397232,42.834,825,83,159,8,0.050314465408805034,0.13399999999999995,True,0.08045977011494253,0.017241379310344827,0.0,163.0000615119993,0.19704430535312817,6,bicycle,0.2,0.5,weighted_crc,segformer_b2_cityscapes,cityscapes_val_half,163
,,,1.0,1000,False,0.0,0.0,1.0,0.66,1000,170,334,0,0.0,0.0,False,0.0,0.0,0.0,194.0000748634423,0.1709401458599822,7,person,0.05,0.1,weighted_crc,segformer_b2_cityscapes,cityscapes_val_half,194
,,,1.0,1000,False,0.0,0.0,1.0,0.66,1000,170,334,0,0.0,0.0,False,0.0,0.0,0.0,194.0000748634423,0.1709401458599822,7,person,0.1,0.1,weighted_crc,segformer_b2_cityscapes,cityscapes_val_half,194
,,,0.9987526164857571,484,True,0.06323529411764706,0.06323529411764706,0.03851815685629845,25.124,475,170,334,15,0.04491017964071856,0.132,True,0.05263157894736842,0.04132231404958678,0.0,194.0000748634423,0.1709401458599822,7,person,0.2,0.1,weighted_crc,segformer_b2_cityscapes,cityscapes_val_half,194
,,,1.0,1000,False,0.0,0.0,1.0,0.66,1000,170,334,0,0.0,0.0,False,0.0,0.0,0.0,194.0000748634423,0.1709401458599822,7,person,0.05,0.5,weighted_crc,segformer_b2_cityscapes,cityscapes_val_half,194
,,,1.0,1000,False,0.0,0.0,1.0,0.66,1000,170,334,0,0.0,0.0,False,0.0,0.0,0.0,194.0000748634423,0.1709401458599822,7,person,0.1,0.5,weighted_crc,segformer_b2_cityscapes,cityscapes_val_half,194
,,,0.9995450119398499,557,True,0.06470588235294118,0.06470588235294118,0.05527915805578232,31.994,550,170,334,16,0.04790419161676647,0.122,False,0.04736842105263158,0.05785123966942149,0.0,194.0000748634423,0.1709401458599822,7,person,0.2,0.5,weighted_crc,segformer_b2_cityscapes,cityscapes_val_half,194
,,,1.0,1000,False,0.0,0.0,1.0,0.944,1000,28,38,0,0.0,0.0,False,0.0,0.0,0.0,122.00005054474343,0.2469135395475134,7,rider,0.05,0.1,weighted_crc,segformer_b2_cityscapes,cityscapes_val_half,122
,,,1.0,1000,False,0.0,0.0,1.0,0.944,1000,28,38,0,0.0,0.0,False,0.0,0.0,0.0,122.00005054474343,0.2469135395475134,7,rider,0.1,0.1,weighted_crc,segformer_b2_cityscapes,cityscapes_val_half,122
,,,1.0,1000,False,0.0,0.0,1.0,0.944,1000,28,38,0,0.0,0.0,False,0.0,0.0,0.0,122.00005054474343,0.2469135395475134,7,rider,0.2,0.1,weighted_crc,segformer_b2_cityscapes,cityscapes_val_half,122
,,,1.0,1000,False,0.0,0.0,1.0,0.944,1000,28,38,0,0.0,0.0,False,0.0,0.0,0.0,122.00005054474343,0.2469135395475134,7,rider,0.05,0.5,weighted_crc,segformer_b2_cityscapes,cityscapes_val_half,122
,,,1.0,1000,False,0.0,0.0,1.0,0.944,1000,28,38,0,0.0,0.0,False,0.0,0.0,0.0,122.00005054474343,0.2469135395475134,7,rider,0.1,0.5,weighted_crc,segformer_b2_cityscapes,cityscapes_val_half,122
,,,1.0,1000,False,0.0,0.0,1.0,0.944,1000,28,38,0,0.0,0.0,False,0.0,0.0,0.0,122.00005054474343,0.2469135395475134,7,rider,0.2,0.5,weighted_crc,segformer_b2_cityscapes,cityscapes_val_half,122
,,,1.0,1000,False,0.0,0.0,1.0,0.834,1000,83,159,0,0.0,0.0,False,0.0,0.0,0.0,177.00005531311498,0.18433177455212252,7,bicycle,0.05,0.1,weighted_crc,segformer_b2_cityscapes,cityscapes_val_half,177
,,,1.0,1000,False,0.0,0.0,1.0,0.834,1000,83,159,0,0.0,0.0,False,0.0,0.0,0.0,177.00005531311498,0.18433177455212252,7,bicycle,0.1,0.1,weighted_crc,segformer_b2_cityscapes,cityscapes_val_half,177
,,,0.9999507960464319,718,True,0.06637980493402179,0.0663798049340218,0.05804657191038132,32.058,700,83,159,10,0.06289308176100629,0.04400000000000004,False,0.10344827586206896,0.017241379310344827,0.0,177.00005531311498,0.18433177455212252,7,bicycle,0.2,0.1,weighted_crc,segformer_b2_cityscapes,cityscapes_val_half,177
,,,1.0,1000,False,0.0,0.0,1.0,0.834,1000,83,159,0,0.0,0.0,False,0.0,0.0,0.0,177.00005531311498,0.18433177455212252,7,bicycle,0.05,0.5,weighted_crc,segformer_b2_cityscapes,cityscapes_val_half,177
,,,1.0,1000,False,0.0,0.0,1.0,0.834,1000,83,159,0,0.0,0.0,False,0.0,0.0,0.0,177.00005531311498,0.18433177455212252,7,bicycle,0.1,0.5,weighted_crc,segformer_b2_cityscapes,cityscapes_val_half,177
,,,0.9999822989104168,792,True,0.06878944348823866,0.06878944348823866,0.07968772947788239,38.992,775,83,159,11,0.06918238993710692,0.11800000000000005,False,0.11494252873563218,0.017241379310344827,0.0,177.00005531311498,0.18433177455212252,7,bicycle,0.2,0.5,weighted_crc,segformer_b2_cityscapes,cityscapes_val_half,177
,,,1.0,1000,False,0.0,0.0,1.0,0.66,1000,170,334,0,0.0,0.0,False,0.0,0.0,0.0,208.00006866455777,0.1612903027331072,8,person,0.05,0.1,weighted_crc,segformer_b2_cityscapes,cityscapes_val_half,208
,,,1.0,1000,False,0.0,0.0,1.0,0.66,1000,170,334,0,0.0,0.0,False,0.0,0.0,0.0,208.00006866455777,0.1612903027331072,8,person,0.1,0.1,weighted_crc,segformer_b2_cityscapes,cityscapes_val_half,208
,,,0.9984223887303006,467,True,0.06323529411764706,0.06323529411764706,0.03523048758506775,22.656,450,170,334,15,0.04491017964071856,0.14200000000000002,True,0.05263157894736842,0.04132231404958678,0.0,208.00006866455777,0.1612903027331072,8,person,0.2,0.1,weighted_crc,segformer_b2_cityscapes,cityscapes_val_half,208
,,,1.0,1000,False,0.0,0.0,1.0,0.66,1000,170,334,0,0.0,0.0,False,0.0,0.0,0.0,208.00006866455777,0.1612903027331072,8,person,0.05,0.5,weighted_crc,segformer_b2_cityscapes,cityscapes_val_half,208
,,,1.0,1000,False,0.0,0.0,1.0,0.66,1000,170,334,0,0.0,0.0,False,0.0,0.0,0.0,208.00006866455777,0.1612903027331072,8,person,0.1,0.5,weighted_crc,segformer_b2_cityscapes,cityscapes_val_half,208
,,,0.9993483716059391,531,True,0.06960784313725489,0.06960784313725489,0.04876994341611862,29.594,525,170,334,18,0.05389221556886228,0.11399999999999999,False,0.05263157894736842,0.06611570247933884,0.0,208.00006866455777,0.1612903027331072,8,person,0.2,0.5,weighted_crc,segformer_b2_cityscapes,cityscapes_val_half,208
,,,1.0,1000,False,0.0,0.0,1.0,0.944,1000,28,38,0,0.0,0.0,False,0.0,0.0,0.0,139.00002002716082,0.2234636681017599,8,rider,0.05,0.1,weighted_crc,segformer_b2_cityscapes,cityscapes_val_half,139
,,,1.0,1000,False,0.0,0.0,1.0,0.944,1000,28,38,0,0.0,0.0,False,0.0,0.0,0.0,139.00002002716082,0.2234636681017599,8,rider,0.1,0.1,weighted_crc,segformer_b2_cityscapes,cityscapes_val_half,139
,,,1.0,1000,False,0.0,0.0,1.0,0.944,1000,28,38,0,0.0,0.0,False,0.0,0.0,0.0,139.00002002716082,0.2234636681017599,8,rider,0.2,0.1,weighted_crc,segformer_b2_cityscapes,cityscapes_val_half,139
,,,1.0,1000,False,0.0,0.0,1.0,0.944,1000,28,38,0,0.0,0.0,False,0.0,0.0,0.0,139.00002002716082,0.2234636681017599,8,rider,0.05,0.5,weighted_crc,segformer_b2_cityscapes,cityscapes_val_half,139
,,,1.0,1000,False,0.0,0.0,1.0,0.944,1000,28,38,0,0.0,0.0,False,0.0,0.0,0.0,139.00002002716082,0.2234636681017599,8,rider,0.1,0.5,weighted_crc,segformer_b2_cityscapes,cityscapes_val_half,139
,,,1.0,1000,False,0.0,0.0,1.0,0.944,1000,28,38,0,0.0,0.0,False,0.0,0.0,0.0,139.00002002716082,0.2234636681017599,8,rider,0.2,0.5,weighted_crc,segformer_b2_cityscapes,cityscapes_val_half,139
,,,1.0,1000,False,0.0,0.0,1.0,0.834,1000,83,159,0,0.0,0.0,False,0.0,0.0,0.0,184.00003910065007,0.1785714164072162,8,bicycle,0.05,0.1,weighted_crc,segformer_b2_cityscapes,cityscapes_val_half,184
,,,1.0,1000,False,0.0,0.0,1.0,0.834,1000,83,159,0,0.0,0.0,False,0.0,0.0,0.0,184.00003910065007,0.1785714164072162,8,bicycle,0.1,0.1,weighted_crc,segformer_b2_cityscapes,cityscapes_val_half,184
,,,0.9997556569447306,602,True,0.10694205393000575,0.10694205393000572,0.03304631635546684,24.196,600,83,159,16,0.10062893081761007,0.17600000000000005,True,0.16091954022988506,0.034482758620689655,0.0,184.00003910065007,0.1785714164072162,8,bicycle,0.2,0.1,weighted_crc,segformer_b2_cityscapes,cityscapes_val_half,184
,,,1.0,1000,False,0.0,0.0,1.0,0.834,1000,83,159,0,0.0,0.0,False,0.0,0.0,0.0,184.00003910065007,0.1785714164072162,8,bicycle,0.05,0.5,weighted_crc,segformer_b2_cityscapes,cityscapes_val_half,184
,,,1.0,1000,False,0.0,0.0,1.0,0.834,1000,83,159,0,0.0,0.0,False,0.0,0.0,0.0,184.00003910065007,0.1785714164072162,8,bicycle,0.1,0.5,weighted_crc,segformer_b2_cityscapes,cityscapes_val_half,184
,,,0.9999144933287115,678,True,0.11176133103843947,0.11176133103843947,0.04828273132443428,29.932,675,83,159,18,0.11320754716981132,0.11199999999999999,False,0.1724137931034483,0.05172413793103448,0.0,184.00003910065007,0.1785714164072162,8,bicycle,0.2,0.5,weighted_crc,segformer_b2_cityscapes,cityscapes_val_half,184
,,,1.0,1000,False,0.0,0.0,1.0,0.66,1000,170,334,0,0.0,0.0,False,0.0,0.0,0.0,204.00011062623676,0.16393439034819268,9,person,0.05,0.1,weighted_crc,segformer_b2_cityscapes,cityscapes_val_half,204
,,,1.0,1000,False,0.0,0.0,1.0,0.66,1000,170,334,0,0.0,0.0,False,0.0,0.0,0.0,204.00011062623676,0.16393439034819268,9,person,0.1,0.1,weighted_crc,segformer_b2_cityscapes,cityscapes_val_half,204
,,,0.9986634044834536,479,True,0.06323529411764706,0.06323529411764706,0.03752510994672775,25.124,475,170,334,15,0.04491017964071856,0.14800000000000002,True,0.05263157894736842,0.04132231404958678,0.0,204.00011062623676,0.16393439034819268,9,person,0.2,0.1,weighted_crc,segformer_b2_cityscapes,cityscapes_val_half,204
,,,1.0,1000,False,0.0,0.0,1.0,0.66,1000,170,334,0,0.0,0.0,False,0.0,0.0,0.0,204.00011062623676,0.16393439034819268,9,person,0.05,0.5,weighted_crc,segformer_b2_cityscapes,cityscapes_val_half,204
,,,1.0,1000,False,0.0,0.0,1.0,0.66,1000,170,334,0,0.0,0.0,False,0.0,0.0,0.0,204.00011062623676,0.16393439034819268,9,person,0.1,0.5,weighted_crc,segformer_b2_cityscapes,cityscapes_val_half,204
,,,0.9994988127663728,550,True,0.06470588235294118,0.06470588235294118,0.05345297232270241,31.994,550,170,334,16,0.04790419161676647,0.12,False,0.04736842105263158,0.05785123966942149,0.0,204.00011062623676,0.16393439034819268,9,person,0.2,0.5,weighted_crc,segformer_b2_cityscapes,cityscapes_val_half,204
,,,1.0,1000,False,0.0,0.0,1.0,0.944,1000,28,38,0,0.0,0.0,False,0.0,0.0,0.0,128.00003290176502,0.23809520836049838,9,rider,0.05,0.1,weighted_crc,segformer_b2_cityscapes,cityscapes_val_half,128
,,,1.0,1000,False,0.0,0.0,1.0,0.944,1000,28,38,0,0.0,0.0,False,0.0,0.0,0.0,128.00003290176502,0.23809520836049838,9,rider,0.1,0.1,weighted_crc,segformer_b2_cityscapes,cityscapes_val_half,128
,,,1.0,1000,False,0.0,0.0,1.0,0.944,1000,28,38,0,0.0,0.0,False,0.0,0.0,0.0,128.00003290176502,0.23809520836049838,9,rider,0.2,0.1,weighted_crc,segformer_b2_cityscapes,cityscapes_val_half,128
,,,1.0,1000,False,0.0,0.0,1.0,0.944,1000,28,38,0,0.0,0.0,False,0.0,0.0,0.0,128.00003290176502,0.23809520836049838,9,rider,0.05,0.5,weighted_crc,segformer_b2_cityscapes,cityscapes_val_half,128
,,,1.0,1000,False,0.0,0.0,1.0,0.944,1000,28,38,0,0.0,0.0,False,0.0,0.0,0.0,128.00003290176502,0.23809520836049838,9,rider,0.1,0.5,weighted_crc,segformer_b2_cityscapes,cityscapes_val_half,128
,,,1.0,1000,False,0.0,0.0,1.0,0.944,1000,28,38,0,0.0,0.0,False,0.0,0.0,0.0,128.00003290176502,0.23809520836049838,9,rider,0.2,0.5,weighted_crc,segformer_b2_cityscapes,cityscapes_val_half,128
,,,1.0,1000,False,0.0,0.0,1.0,0.834,1000,83,159,0,0.0,0.0,False,0.0,0.0,0.0,176.00004673004474,0.18518516556225895,9,bicycle,0.05,0.1,weighted_crc,segformer_b2_cityscapes,cityscapes_val_half,176
,,,1.0,1000,False,0.0,0.0,1.0,0.834,1000,83,159,0,0.0,0.0,False,0.0,0.0,0.0,176.00004673004474,0.18518516556225895,9,bicycle,0.1,0.1,weighted_crc,segformer_b2_cityscapes,cityscapes_val_half,176
,,,0.9999480004003467,714,True,0.06637980493402179,0.0663798049340218,0.05700810253620148,32.058,700,83,159,10,0.06289308176100629,0.06999999999999995,False,0.10344827586206896,0.017241379310344827,0.0,176.00004673004474,0.18518516556225895,9,bicycle,0.2,0.1,weighted_crc,segformer_b2_cityscapes,cityscapes_val_half,176
,,,1.0,1000,False,0.0,0.0,1.0,0.834,1000,83,159,0,0.0,0.0,False,0.0,0.0,0.0,176.00004673004474,0.18518516556225895,9,bicycle,0.05,0.5,weighted_crc,segformer_b2_cityscapes,cityscapes_val_half,176
,,,1.0,1000,False,0.0,0.0,1.0,0.834,1000,83,159,0,0.0,0.0,False,0.0,0.0,0.0,176.00004673004474,0.18518516556225895,9,bicycle,0.1,0.5,weighted_crc,segformer_b2_cityscapes,cityscapes_val_half,176
,,,0.9999712921941798,757,True,0.06878944348823866,0.06878944348823866,0.06886369735002518,36.622,750,83,159,11,0.06918238993710692,0.057999999999999996,False,0.11494252873563218,0.017241379310344827,0.0,176.00004673004474,0.18518516556225895,9,bicycle,0.2,0.5,weighted_crc,segformer_b2_cityscapes,cityscapes_val_half,176
,,,1.0,1000,False,0.0,0.0,1.0,0.66,1000,170,334,0,0.0,0.0,False,0.0,0.0,0.0,201.00004673004435,0.1659750879715009,10,person,0.05,0.1,weighted_crc,segformer_b2_cityscapes,cityscapes_val_half,201
,,,1.0,1000,False,0.0,0.0,1.0,0.66,1000,170,334,0,0.0,0.0,False,0.0,0.0,0.0,201.00004673004435,0.1659750879715009,10,person,0.1,0.1,weighted_crc,segformer_b2_cityscapes,cityscapes_val_half,201
,,,0.998085744074979,453,True,0.06519607843137254,0.06519607843137254,0.03270397335290909,22.656,450,170,334,16,0.04790419161676647,0.14400000000000002,True,0.05789473684210526,0.04132231404958678,0.0,201.00004673004435,0.1659750879715009,10,person,0.2,0.1,weighted_crc,segformer_b2_cityscapes,cityscapes_val_half,201
,,,1.0,1000,False,0.0,0.0,1.0,0.66,1000,170,334,0,0.0,0.0,False,0.0,0.0,0.0,201.00004673004435,0.1659750879715009,10,person,0.05,0.5,weighted_crc,segformer_b2_cityscapes,cityscapes_val_half,201
,,,1.0,1000,False,0.0,0.0,1.0,0.66,1000,170,334,0,0.0,0.0,False,0.0,0.0,0.0,201.00004673004435,0.1659750879715009,10,person,0.1,0.5,weighted_crc,segformer_b2_cityscapes,cityscapes_val_half,201
,,,0.999,500,True,0.07254901960784313,0.07254901960784313,0.04180328920483589,27.25,500,170,334,19,0.05688622754491018,0.13,True,0.05263157894736842,0.0743801652892562,0.0,201.00004673004435,0.1659750879715009,10,person,0.2,0.5,weighted_crc,segformer_b2_cityscapes,cityscapes_val_half,201
,,,1.0,1000,False,0.0,0.0,1.0,0.944,1000,28,38,0,0.0,0.0,False,0.0,0.0,0.0,128.00003290176502,0.23809520836049838,10,rider,0.05,0.1,weighted_crc,segformer_b2_cityscapes,cityscapes_val_half,128
,,,1.0,1000,False,0.0,0.0,1.0,0.944,1000,28,38,0,0.0,0.0,False,0.0,0.0,0.0,128.00003290176502,0.23809520836049838,10,rider,0.1,0.1,weighted_crc,segformer_b2_cityscapes,cityscapes_val_half,128
,,,1.0,1000,False,0.0,0.0,1.0,0.944,1000,28,38,0,0.0,0.0,False,0.0,0.0,0.0,128.00003290176502,0.23809520836049838,10,rider,0.2,0.1,weighted_crc,segformer_b2_cityscapes,cityscapes_val_half,128
,,,1.0,1000,False,0.0,0.0,1.0,0.944,1000,28,38,0,0.0,0.0,False,0.0,0.0,0.0,128.00003290176502,0.23809520836049838,10,rider,0.05,0.5,weighted_crc,segformer_b2_cityscapes,cityscapes_val_half,128
,,,1.0,1000,False,0.0,0.0,1.0,0.944,1000,28,38,0,0.0,0.0,False,0.0,0.0,0.0,128.00003290176502,0.23809520836049838,10,rider,0.1,0.5,weighted_crc,segformer_b2_cityscapes,cityscapes_val_half,128
,,,1.0,1000,False,0.0,0.0,1.0,0.944,1000,28,38,0,0.0,0.0,False,0.0,0.0,0.0,128.00003290176502,0.23809520836049838,10,rider,0.2,0.5,weighted_crc,segformer_b2_cityscapes,cityscapes_val_half,128
,,,1.0,1000,False,0.0,0.0,1.0,0.834,1000,83,159,0,0.0,0.0,False,0.0,0.0,0.0,181.0000896453983,0.18099544074719032,10,bicycle,0.05,0.1,weighted_crc,segformer_b2_cityscapes,cityscapes_val_half,181
,,,1.0,1000,False,0.0,0.0,1.0,0.834,1000,83,159,0,0.0,0.0,False,0.0,0.0,0.0,181.0000896453983,0.18099544074719032,10,bicycle,0.1,0.1,weighted_crc,segformer_b2_cityscapes,cityscapes_val_half,181
,,,0.9997556569447306,602,True,0.10694205393000575,0.10694205393000572,0.03304631635546684,24.196,600,83,159,16,0.10062893081761007,0.16799999999999998,True,0.16091954022988506,0.034482758620689655,0.0,181.0000896453983,0.18099544074719032,10,bicycle,0.2,0.1,weighted_crc,segformer_b2_cityscapes,cityscapes_val_half,181
,,,1.0,1000,False,0.0,0.0,1.0,0.834,1000,83,159,0,0.0,0.0,False,0.0,0.0,0.0,181.0000896453983,0.18099544074719032,10,bicycle,0.05,0.5,weighted_crc,segformer_b2_cityscapes,cityscapes_val_half,181
,,,1.0,1000,False,0.0,0.0,1.0,0.834,1000,83,159,0,0.0,0.0,False,0.0,0.0,0.0,181.0000896453983,0.18099544074719032,10,bicycle,0.1,0.5,weighted_crc,segformer_b2_cityscapes,cityscapes_val_half,181
,,,0.9999156665242236,679,True,0.11176133103843947,0.11176133103843947,0.04851599782705307,29.932,675,83,159,18,0.11320754716981132,0.07999999999999996,False,0.1724137931034483,0.05172413793103448,0.0,181.0000896453983,0.18099544074719032,10,bicycle,0.2,0.5,weighted_crc,segformer_b2_cityscapes,cityscapes_val_half,181
,,,1.0,1000,False,0.0,0.0,1.0,0.66,1000,170,334,0,0.0,0.0,False,0.0,0.0,0.0,201.00004673004435,0.1659750879715009,11,person,0.05,0.1,weighted_crc,segformer_b2_cityscapes,cityscapes_val_half,201
,,,1.0,1000,False,0.0,0.0,1.0,0.66,1000,170,334,0,0.0,0.0,False,0.0,0.0,0.0,201.00004673004435,0.1659750879715009,11,person,0.1,0.1,weighted_crc,segformer_b2_cityscapes,cityscapes_val_half,201
,,,0.9990537628386342,504,True,0.057352941176470586,0.057352941176470586,0.04265260696411133,27.25,500,170,334,13,0.038922155688622756,0.126,True,0.04736842105263158,0.03305785123966942,0.0,201.00004673004435,0.1659750879715009,11,person,0.2,0.1,weighted_crc,segformer_b2_cityscapes,cityscapes_val_half,201
,,,1.0,1000,False,0.0,0.0,1.0,0.66,1000,170,334,0,0.0,0.0,False,0.0,0.0,0.0,201.00004673004435,0.1659750879715009,11,person,0.05,0.5,weighted_crc,segformer_b2_cityscapes,cityscapes_val_half,201
,,,1.0,1000,False,0.0,0.0,1.0,0.66,1000,170,334,0,0.0,0.0,False,0.0,0.0,0.0,201.00004673004435,0.1659750879715009,11,person,0.1,0.5,weighted_crc,segformer_b2_cityscapes,cityscapes_val_half,201
,,,0.9996548562606642,577,True,0.061764705882352944,0.061764705882352944,0.06073551997542381,34.07,575,170,334,15,0.04491017964071856,0.09800000000000009,False,0.042105263157894736,0.05785123966942149,0.0,201.00004673004435,0.1659750879715009,11,person,0.2,0.5,weighted_crc,segformer_b2_cityscapes,cityscapes_val_half,201
,,,1.0,1000,False,0.0,0.0,1.0,0.944,1000,28,38,0,0.0,0.0,False,0.0,0.0,0.0,127.00009346010091,0.23952089242876454,11,rider,0.05,0.1,weighted_crc,segformer_b2_cityscapes,cityscapes_val_half,127
,,,1.0,1000,False,0.0,0.0,1.0,0.944,1000,28,38,0,0.0,0.0,False,0.0,0.0,0.0,127.00009346010091,0.23952089242876454,11,rider,0.1,0.1,weighted_crc,segformer_b2_cityscapes,cityscapes_val_half,127
,,,1.0,1000,False,0.0,0.0,1.0,0.944,1000,28,38,0,0.0,0.0,False,0.0,0.0,0.0,127.00009346010091,0.23952089242876454,11,rider,0.2,0.1,weighted_crc,segformer_b2_cityscapes,cityscapes_val_half,127
,,,1.0,1000,False,0.0,0.0,1.0,0.944,1000,28,38,0,0.0,0.0,False,0.0,0.0,0.0,127.00009346010091,0.23952089242876454,11,rider,0.05,0.5,weighted_crc,segformer_b2_cityscapes,cityscapes_val_half,127
,,,1.0,1000,False,0.0,0.0,1.0,0.944,1000,28,38,0,0.0,0.0,False,0.0,0.0,0.0,127.00009346010091,0.23952089242876454,11,rider,0.1,0.5,weighted_crc,segformer_b2_cityscapes,cityscapes_val_half,127
,,,1.0,1000,False,0.0,0.0,1.0,0.944,1000,28,38,0,0.0,0.0,False,0.0,0.0,0.0,127.00009346010091,0.23952089242876454,11,rider,0.2,0.5,weighted_crc,segformer_b2_cityscapes,cityscapes_val_half,127
,,,1.0,1000,False,0.0,0.0,1.0,0.834,1000,83,159,0,0.0,0.0,False,0.0,0.0,0.0,178.00006389618545,0.18348621284607874,11,bicycle,0.05,0.1,weighted_crc,segformer_b2_cityscapes,cityscapes_val_half,178
,,,1.0,1000,False,0.0,0.0,1.0,0.834,1000,83,159,0,0.0,0.0,False,0.0,0.0,0.0,178.00006389618545,0.18348621284607874,11,bicycle,0.1,0.1,weighted_crc,segformer_b2_cityscapes,cityscapes_val_half,178
,,,0.9999480004003467,714,True,0.06637980493402179,0.0663798049340218,0.05700810253620148,32.058,700,83,159,10,0.06289308176100629,0.04800000000000004,False,0.10344827586206896,0.017241379310344827,0.0,178.00006389618545,0.18348621284607874,11,bicycle,0.2,0.1,weighted_crc,segformer_b2_cityscapes,cityscapes_val_half,178
,,,1.0,1000,False,0.0,0.0,1.0,0.834,1000,83,159,0,0.0,0.0,False,0.0,0.0,0.0,178.00006389618545,0.18348621284607874,11,bicycle,0.05,0.5,weighted_crc,segformer_b2_cityscapes,cityscapes_val_half,178
,,,1.0,1000,False,0.0,0.0,1.0,0.834,1000,83,159,0,0.0,0.0,False,0.0,0.0,0.0,178.00006389618545,0.18348621284607874,11,bicycle,0.1,0.5,weighted_crc,segformer_b2_cityscapes,cityscapes_val_half,178
,,,0.9999822989104168,792,True,0.06878944348823866,0.06878944348823866,0.07968772947788239,38.992,775,83,159,11,0.06918238993710692,0.12200000000000005,False,0.11494252873563218,0.017241379310344827,0.0,178.00006389618545,0.18348621284607874,11,bicycle,0.2,0.5,weighted_crc,segformer_b2_cityscapes,cityscapes_val_half,178
,,,1.0,1000,False,0.0,0.0,1.0,0.66,1000,170,334,0,0.0,0.0,False,0.0,0.0,0.0,200.0000762939526,0.16666664017571764,12,person,0.05,0.1,weighted_crc,segformer_b2_cityscapes,cityscapes_val_half,200
,,,1.0,1000,False,0.0,0.0,1.0,0.66,1000,170,334,0,0.0,0.0,False,0.0,0.0,0.0,200.0000762939526,0.16666664017571764,12,person,0.1,0.1,weighted_crc,segformer_b2_cityscapes,cityscapes_val_half,200
,,,0.9990921794698218,507,True,0.057352941176470586,0.057352941176470586,0.04330552741885185,27.25,500,170,334,13,0.038922155688622756,0.16200000000000003,True,0.04736842105263158,0.03305785123966942,0.0,200.0000762939526,0.16666664017571764,12,person,0.2,0.1,weighted_crc,segformer_b2_cityscapes,cityscapes_val_half,200
,,,1.0,1000,False,0.0,0.0,1.0,0.66,1000,170,334,0,0.0,0.0,False,0.0,0.0,0.0,200.0000762939526,0.16666664017571764,12,person,0.05,0.5,weighted_crc,segformer_b2_cityscapes,cityscapes_val_half,200
,,,1.0,1000,False,0.0,0.0,1.0,0.66,1000,170,334,0,0.0,0.0,False,0.0,0.0,0.0,200.0000762939526,0.16666664017571764,12,person,0.1,0.5,weighted_crc,segformer_b2_cityscapes,cityscapes_val_half,200
,,,0.9995574116276373,559,True,0.061764705882352944,0.061764705882352944,0.05580802261829376,31.994,550,170,334,15,0.04491017964071856,0.13,True,0.042105263157894736,0.05785123966942149,0.0,200.0000762939526,0.16666664017571764,12,person,0.2,0.5,weighted_crc,segformer_b2_cityscapes,cityscapes_val_half,200
,,,1.0,1000,False,0.0,0.0,1.0,0.944,1000,28,38,0,0.0,0.0,False,0.0,0.0,0.0,120.00003337860278,0.24999997019768117,12,rider,0.05,0.1,weighted_crc,segformer_b2_cityscapes,cityscapes_val_half,120
,,,1.0,1000,False,0.0,0.0,1.0,0.944,1000,28,38,0,0.0,0.0,False,0.0,0.0,0.0,120.00003337860278,0.24999997019768117,12,rider,0.1,0.1,weighted_crc,segformer_b2_cityscapes,cityscapes_val_half,120
,,,1.0,1000,False,0.0,0.0,1.0,0.944,1000,28,38,0,0.0,0.0,False,0.0,0.0,0.0,120.00003337860278,0.24999997019768117,12,rider,0.2,0.1,weighted_crc,segformer_b2_cityscapes,cityscapes_val_half,120
,,,1.0,1000,False,0.0,0.0,1.0,0.944,1000,28,38,0,0.0,0.0,False,0.0,0.0,0.0,120.00003337860278,0.24999997019768117,12,rider,0.05,0.5,weighted_crc,segformer_b2_cityscapes,cityscapes_val_half,120
,,,1.0,1000,False,0.0,0.0,1.0,0.944,1000,28,38,0,0.0,0.0,False,0.0,0.0,0.0,120.00003337860278,0.24999997019768117,12,rider,0.1,0.5,weighted_crc,segformer_b2_cityscapes,cityscapes_val_half,120
,,,1.0,1000,False,0.0,0.0,1.0,0.944,1000,28,38,0,0.0,0.0,False,0.0,0.0,0.0,120.00003337860278,0.24999997019768117,12,rider,0.2,0.5,weighted_crc,segformer_b2_cityscapes,cityscapes_val_half,120
,,,1.0,1000,False,0.0,0.0,1.0,0.834,1000,83,159,0,0.0,0.0,False,0.0,0.0,0.0,171.00004196167205,0.1895734391516982,12,bicycle,0.05,0.1,weighted_crc,segformer_b2_cityscapes,cityscapes_val_half,171
,,,1.0,1000,False,0.0,0.0,1.0,0.834,1000,83,159,0,0.0,0.0,False,0.0,0.0,0.0,171.00004196167205,0.1895734391516982,12,bicycle,0.1,0.1,weighted_crc,segformer_b2_cityscapes,cityscapes_val_half,171
,,,0.9998903521803857,660,True,0.08244406196213425,0.08244406196213425,0.04430859535932541,27.768,650,83,159,12,0.07547169811320754,0.11599999999999999,False,0.12643678160919541,0.017241379310344827,0.0,171.00004196167205,0.1895734391516982,12,bicycle,0.2,0.1,weighted_crc,segformer_b2_cityscapes,cityscapes_val_half,171
,,,1.0,1000,False,0.0,0.0,1.0,0.834,1000,83,159,0,0.0,0.0,False,0.0,0.0,0.0,171.00004196167205,0.1895734391516982,12,bicycle,0.05,0.5,weighted_crc,segformer_b2_cityscapes,cityscapes_val_half,171
,,,1.0,1000,False,0.0,0.0,1.0,0.834,1000,83,159,0,0.0,0.0,False,0.0,0.0,0.0,171.00004196167205,0.1895734391516982,12,bicycle,0.1,0.5,weighted_crc,segformer_b2_cityscapes,cityscapes_val_half,171
,,,0.9999571451479603,728,True,0.07682157200229489,0.07682157200229488,0.060706738382577896,34.528,725,83,159,13,0.08176100628930817,0.04600000000000001,False,0.13793103448275862,0.017241379310344827,0.0,171.00004196167205,0.1895734391516982,12,bicycle,0.2,0.5,weighted_crc,segformer_b2_cityscapes,cityscapes_val_half,171
,,,1.0,1000,False,0.0,0.0,1.0,0.66,1000,170,334,0,0.0,0.0,False,0.0,0.0,0.0,202.00009346009426,0.1652892249324783,13,person,0.05,0.1,weighted_crc,segformer_b2_cityscapes,cityscapes_val_half,202
,,,1.0,1000,False,0.0,0.0,1.0,0.66,1000,170,334,0,0.0,0.0,False,0.0,0.0,0.0,202.00009346009426,0.1652892249324783,13,person,0.1,0.1,weighted_crc,segformer_b2_cityscapes,cityscapes_val_half,202
,,,0.9990537628386342,504,True,0.057352941176470586,0.057352941176470586,0.04265260696411133,27.25,500,170,334,13,0.038922155688622756,0.10799999999999998,False,0.04736842105263158,0.03305785123966942,0.0,202.00009346009426,0.1652892249324783,13,person,0.2,0.1,weighted_crc,segformer_b2_cityscapes,cityscapes_val_half,202
,,,1.0,1000,False,0.0,0.0,1.0,0.66,1000,170,334,0,0.0,0.0,False,0.0,0.0,0.0,202.00009346009426,0.1652892249324783,13,person,0.05,0.5,weighted_crc,segformer_b2_cityscapes,cityscapes_val_half,202
,,,1.0,1000,False,0.0,0.0,1.0,0.66,1000,170,334,0,0.0,0.0,False,0.0,0.0,0.0,202.00009346009426,0.1652892249324783,13,person,0.1,0.5,weighted_crc,segformer_b2_cityscapes,cityscapes_val_half,202
,,,0.9996548562606642,577,True,0.061764705882352944,0.061764705882352944,0.06073551997542381,34.07,575,170,334,15,0.04491017964071856,0.09000000000000008,False,0.042105263157894736,0.05785123966942149,0.0,202.00009346009426,0.1652892249324783,13,person,0.2,0.5,weighted_crc,segformer_b2_cityscapes,cityscapes_val_half,202
,,,1.0,1000,False,0.0,0.0,1.0,0.944,1000,28,38,0,0.0,0.0,False,0.0,0.0,0.0,121.00004196167293,0.2484471696490408,13,rider,0.05,0.1,weighted_crc,segformer_b2_cityscapes,cityscapes_val_half,121
,,,1.0,1000,False,0.0,0.0,1.0,0.944,1000,28,38,0,0.0,0.0,False,0.0,0.0,0.0,121.00004196167293,0.2484471696490408,13,rider,0.1,0.1,weighted_crc,segformer_b2_cityscapes,cityscapes_val_half,121
,,,1.0,1000,False,0.0,0.0,1.0,0.944,1000,28,38,0,0.0,0.0,False,0.0,0.0,0.0,121.00004196167293,0.2484471696490408,13,rider,0.2,0.1,weighted_crc,segformer_b2_cityscapes,cityscapes_val_half,121
,,,1.0,1000,False,0.0,0.0,1.0,0.944,1000,28,38,0,0.0,0.0,False,0.0,0.0,0.0,121.00004196167293,0.2484471696490408,13,rider,0.05,0.5,weighted_crc,segformer_b2_cityscapes,cityscapes_val_half,121
,,,1.0,1000,False,0.0,0.0,1.0,0.944,1000,28,38,0,0.0,0.0,False,0.0,0.0,0.0,121.00004196167293,0.2484471696490408,13,rider,0.1,0.5,weighted_crc,segformer_b2_cityscapes,cityscapes_val_half,121
,,,1.0,1000,False,0.0,0.0,1.0,0.944,1000,28,38,0,0.0,0.0,False,0.0,0.0,0.0,121.00004196167293,0.2484471696490408,13,rider,0.2,0.5,weighted_crc,segformer_b2_cityscapes,cityscapes_val_half,121
,,,1.0,1000,False,0.0,0.0,1.0,0.834,1000,83,159,0,0.0,0.0,False,0.0,0.0,0.0,176.00004673004474,0.18518516556225895,13,bicycle,0.05,0.1,weighted_crc,segformer_b2_cityscapes,cityscapes_val_half,176
,,,1.0,1000,False,0.0,0.0,1.0,0.834,1000,83,159,0,0.0,0.0,False,0.0,0.0,0.0,176.00004673004474,0.18518516556225895,13,bicycle,0.1,0.1,weighted_crc,segformer_b2_cityscapes,cityscapes_val_half,176
,,,0.9998407791272949,633,True,0.0948938611589214,0.09489386115892139,0.03876391425728798,25.956,625,83,159,15,0.09433962264150944,0.128,True,0.16091954022988506,0.017241379310344827,0.0,176.00004673004474,0.18518516556225895,13,bicycle,0.2,0.1,weighted_crc,segformer_b2_cityscapes,cityscapes_val_half,176
,,,1.0,1000,False,0.0,0.0,1.0,0.834,1000,83,159,0,0.0,0.0,False,0.0,0.0,0.0,176.00004673004474,0.18518516556225895,13,bicycle,0.05,0.5,weighted_crc,segformer_b2_cityscapes,cityscapes_val_half,176
,,,1.0,1000,False,0.0,0.0,1.0,0.834,1000,83,159,0,0.0,0.0,False,0.0,0.0,0.0,176.00004673004474,0.18518516556225895,13,bicycle,0.1,0.5,weighted_crc,segformer_b2_cityscapes,cityscapes_val_half,176
,,,0.9999275564039924,690,True,0.1093516924842226,0.1093516924842226,0.05107632279396057,29.932,675,83,159,17,0.1069182389937107,0.08599999999999997,False,0.1724137931034483,0.034482758620689655,0.0,176.00004673004474,0.18518516556225895,13,bicycle,0.2,0.5,weighted_crc,segformer_b2_cityscapes,cityscapes_val_half,176
,,,1.0,1000,False,0.0,0.0,1.0,0.66,1000,170,334,0,0.0,0.0,False,0.0,0.0,0.0,202.00009346009426,0.1652892249324783,14,person,0.05,0.1,weighted_crc,segformer_b2_cityscapes,cityscapes_val_half,202
,,,1.0,1000,False,0.0,0.0,1.0,0.66,1000,170,334,0,0.0,0.0,False,0.0,0.0,0.0,202.00009346009426,0.1652892249324783,14,person,0.1,0.1,weighted_crc,segformer_b2_cityscapes,cityscapes_val_half,202
,,,0.9987526164857571,484,True,0.06323529411764706,0.06323529411764706,0.03851815685629845,25.124,475,170,334,15,0.04491017964071856,0.1359999999999999,True,0.05263157894736842,0.04132231404958678,0.0,202.00009346009426,0.1652892249324783,14,person,0.2,0.1,weighted_crc,segformer_b2_cityscapes,cityscapes_val_half,202
,,,1.0,1000,False,0.0,0.0,1.0,0.66,1000,170,334,0,0.0,0.0,False,0.0,0.0,0.0,202.00009346009426,0.1652892249324783,14,person,0.05,0.5,weighted_crc,segformer_b2_cityscapes,cityscapes_val_half,202
,,,1.0,1000,False,0.0,0.0,1.0,0.66,1000,170,334,0,0.0,0.0,False,0.0,0.0,0.0,202.00009346009426,0.1652892249324783,14,person,0.1,0.5,weighted_crc,segformer_b2_cityscapes,cityscapes_val_half,202
,,,0.9994988127663728,550,True,0.06470588235294118,0.06470588235294118,0.05345297232270241,31.994,550,170,334,16,0.04790419161676647,0.12,False,0.04736842105263158,0.05785123966942149,0.0,202.00009346009426,0.1652892249324783,14,person,0.2,0.5,weighted_crc,segformer_b2_cityscapes,cityscapes_val_half,202
,,,1.0,1000,False,0.0,0.0,1.0,0.944,1000,28,38,0,0.0,0.0,False,0.0,0.0,0.0,121.00004196167293,0.2484471696490408,14,rider,0.05,0.1,weighted_crc,segformer_b2_cityscapes,cityscapes_val_half,121
,,,1.0,1000,False,0.0,0.0,1.0,0.944,1000,28,38,0,0.0,0.0,False,0.0,0.0,0.0,121.00004196167293,0.2484471696490408,14,rider,0.1,0.1,weighted_crc,segformer_b2_cityscapes,cityscapes_val_half,121
,,,1.0,1000,False,0.0,0.0,1.0,0.944,1000,28,38,0,0.0,0.0,False,0.0,0.0,0.0,121.00004196167293,0.2484471696490408,14,rider,0.2,0.1,weighted_crc,segformer_b2_cityscapes,cityscapes_val_half,121
,,,1.0,1000,False,0.0,0.0,1.0,0.944,1000,28,38,0,0.0,0.0,False,0.0,0.0,0.0,121.00004196167293,0.2484471696490408,14,rider,0.05,0.5,weighted_crc,segformer_b2_cityscapes,cityscapes_val_half,121
,,,1.0,1000,False,0.0,0.0,1.0,0.944,1000,28,38,0,0.0,0.0,False,0.0,0.0,0.0,121.00004196167293,0.2484471696490408,14,rider,0.1,0.5,weighted_crc,segformer_b2_cityscapes,cityscapes_val_half,121
,,,1.0,1000,False,0.0,0.0,1.0,0.944,1000,28,38,0,0.0,0.0,False,0.0,0.0,0.0,121.00004196167293,0.2484471696490408,14,rider,0.2,0.5,weighted_crc,segformer_b2_cityscapes,cityscapes_val_half,121
,,,1.0,1000,False,0.0,0.0,1.0,0.834,1000,83,159,0,0.0,0.0,False,0.0,0.0,0.0,170.0000715255803,0.19047615587576805,14,bicycle,0.05,0.1,weighted_crc,segformer_b2_cityscapes,cityscapes_val_half,170
,,,1.0,1000,False,0.0,0.0,1.0,0.834,1000,83,159,0,0.0,0.0,False,0.0,0.0,0.0,170.0000715255803,0.19047615587576805,14,bicycle,0.1,0.1,weighted_crc,segformer_b2_cityscapes,cityscapes_val_half,170
,,,0.9999507960464319,718,True,0.06637980493402179,0.0663798049340218,0.05804657191038132,32.058,700,83,159,10,0.06289308176100629,0.03799999999999992,False,0.10344827586206896,0.017241379310344827,0.0,170.0000715255803,0.19047615587576805,14,bicycle,0.2,0.1,weighted_crc,segformer_b2_cityscapes,cityscapes_val_half,170
,,,1.0,1000,False,0.0,0.0,1.0,0.834,1000,83,159,0,0.0,0.0,False,0.0,0.0,0.0,170.0000715255803,0.19047615587576805,14,bicycle,0.05,0.5,weighted_crc,segformer_b2_cityscapes,cityscapes_val_half,170
,,,1.0,1000,False,0.0,0.0,1.0,0.834,1000,83,159,0,0.0,0.0,False,0.0,0.0,0.0,170.0000715255803,0.19047615587576805,14,bicycle,0.1,0.5,weighted_crc,segformer_b2_cityscapes,cityscapes_val_half,170
,,,0.9999822989104168,792,True,0.06878944348823866,0.06878944348823866,0.07968772947788239,38.992,775,83,159,11,0.06918238993710692,0.09800000000000003,False,0.11494252873563218,0.017241379310344827,0.0,170.0000715255803,0.19047615587576805,14,bicycle,0.2,0.5,weighted_crc,segformer_b2_cityscapes,cityscapes_val_half,170
,,,1.0,1000,False,0.0,0.0,1.0,0.66,1000,170,334,0,0.0,0.0,False,0.0,0.0,0.0,202.00009346009426,0.1652892249324783,15,person,0.05,0.1,weighted_crc,segformer_b2_cityscapes,cityscapes_val_half,202
,,,1.0,1000,False,0.0,0.0,1.0,0.66,1000,170,334,0,0.0,0.0,False,0.0,0.0,0.0,202.00009346009426,0.1652892249324783,15,person,0.1,0.1,weighted_crc,segformer_b2_cityscapes,cityscapes_val_half,202
,,,0.9990137205143688,501,True,0.06323529411764706,0.06323529411764706,0.04200797155499458,27.25,500,170,334,15,0.04491017964071856,0.138,True,0.05263157894736842,0.04132231404958678,0.0,202.00009346009426,0.1652892249324783,15,person,0.2,0.1,weighted_crc,segformer_b2_cityscapes,cityscapes_val_half,202
,,,1.0,1000,False,0.0,0.0,1.0,0.66,1000,170,334,0,0.0,0.0,False,0.0,0.0,0.0,202.00009346009426,0.1652892249324783,15,person,0.05,0.5,weighted_crc,segformer_b2_cityscapes,cityscapes_val_half,202
,,,1.0,1000,False,0.0,0.0,1.0,0.66,1000,170,334,0,0.0,0.0,False,0.0,0.0,0.0,202.00009346009426,0.1652892249324783,15,person,0.1,0.5,weighted_crc,segformer_b2_cityscapes,cityscapes_val_half,202
,,,0.9996145216423342,569,True,0.061764705882352944,0.061764705882352944,0.05851301550865173,31.994,550,170,334,15,0.04491017964071856,0.1060000000000001,False,0.042105263157894736,0.05785123966942149,0.0,202.00009346009426,0.1652892249324783,15,person,0.2,0.5,weighted_crc,segformer_b2_cityscapes,cityscapes_val_half,202
,,,1.0,1000,False,0.0,0.0,1.0,0.944,1000,28,38,0,0.0,0.0,False,0.0,0.0,0.0,124.00006771088545,0.24390238796509786,15,rider,0.05,0.1,weighted_crc,segformer_b2_cityscapes,cityscapes_val_half,124
,,,1.0,1000,False,0.0,0.0,1.0,0.944,1000,28,38,0,0.0,0.0,False,0.0,0.0,0.0,124.00006771088545,0.24390238796509786,15,rider,0.1,0.1,weighted_crc,segformer_b2_cityscapes,cityscapes_val_half,124
,,,1.0,1000,False,0.0,0.0,1.0,0.944,1000,28,38,0,0.0,0.0,False,0.0,0.0,0.0,124.00006771088545,0.24390238796509786,15,rider,0.2,0.1,weighted_crc,segformer_b2_cityscapes,cityscapes_val_half,124
,,,1.0,1000,False,0.0,0.0,1.0,0.944,1000,28,38,0,0.0,0.0,False,0.0,0.0,0.0,124.00006771088545,0.24390238796509786,15,rider,0.05,0.5,weighted_crc,segformer_b2_cityscapes,cityscapes_val_half,124
,,,1.0,1000,False,0.0,0.0,1.0,0.944,1000,28,38,0,0.0,0.0,False,0.0,0.0,0.0,124.00006771088545,0.24390238796509786,15,rider,0.1,0.5,weighted_crc,segformer_b2_cityscapes,cityscapes_val_half,124
,,,1.0,1000,False,0.0,0.0,1.0,0.944,1000,28,38,0,0.0,0.0,False,0.0,0.0,0.0,124.00006771088545,0.24390238796509786,15,rider,0.2,0.5,weighted_crc,segformer_b2_cityscapes,cityscapes_val_half,124
,,,1.0,1000,False,0.0,0.0,1.0,0.834,1000,83,159,0,0.0,0.0,False,0.0,0.0,0.0,167.0000958442838,0.19323667224312627,15,bicycle,0.05,0.1,weighted_crc,segformer_b2_cityscapes,cityscapes_val_half,167
,,,1.0,1000,False,0.0,0.0,1.0,0.834,1000,83,159,0,0.0,0.0,False,0.0,0.0,0.0,167.0000958442838,0.19323667224312627,15,bicycle,0.1,0.1,weighted_crc,segformer_b2_cityscapes,cityscapes_val_half,167
,,,0.9999507960464319,718,True,0.06637980493402179,0.0663798049340218,0.05804657191038132,32.058,700,83,159,10,0.06289308176100629,0.05799999999999994,False,0.10344827586206896,0.017241379310344827,0.0,167.0000958442838,0.19323667224312627,15,bicycle,0.2,0.1,weighted_crc,segformer_b2_cityscapes,cityscapes_val_half,167
,,,1.0,1000,False,0.0,0.0,1.0,0.834,1000,83,159,0,0.0,0.0,False,0.0,0.0,0.0,167.0000958442838,0.19323667224312627,15,bicycle,0.05,0.5,weighted_crc,segformer_b2_cityscapes,cityscapes_val_half,167
,,,1.0,1000,False,0.0,0.0,1.0,0.834,1000,83,159,0,0.0,0.0,False,0.0,0.0,0.0,167.0000958442838,0.19323667224312627,15,bicycle,0.1,0.5,weighted_crc,segformer_b2_cityscapes,cityscapes_val_half,167
,,,0.9999822989104168,792,True,0.06878944348823866,0.06878944348823866,0.07968772947788239,38.992,775,83,159,11,0.06918238993710692,0.07,False,0.11494252873563218,0.017241379310344827,0.0,167.0000958442838,0.19323667224312627,15,bicycle,0.2,0.5,weighted_crc,segformer_b2_cityscapes,cityscapes_val_half,167
,,,1.0,1000,False,0.0,0.0,1.0,0.66,1000,170,334,0,0.0,0.0,False,0.0,0.0,0.0,198.00009727479176,0.16806719187129857,16,person,0.05,0.1,weighted_crc,segformer_b2_cityscapes,cityscapes_val_half,198
,,,1.0,1000,False,0.0,0.0,1.0,0.66,1000,170,334,0,0.0,0.0,False,0.0,0.0,0.0,198.00009727479176,0.16806719187129857,16,person,0.1,0.1,weighted_crc,segformer_b2_cityscapes,cityscapes_val_half,198
,,,0.9987526164857571,484,True,0.06323529411764706,0.06323529411764706,0.03851815685629845,25.124,475,170,334,15,0.04491017964071856,0.14,True,0.05263157894736842,0.04132231404958678,0.0,198.00009727479176,0.16806719187129857,16,person,0.2,0.1,weighted_crc,segformer_b2_cityscapes,cityscapes_val_half,198
,,,1.0,1000,False,0.0,0.0,1.0,0.66,1000,170,334,0,0.0,0.0,False,0.0,0.0,0.0,198.00009727479176,0.16806719187129857,16,person,0.05,0.5,weighted_crc,segformer_b2_cityscapes,cityscapes_val_half,198
,,,1.0,1000,False,0.0,0.0,1.0,0.66,1000,170,334,0,0.0,0.0,False,0.0,0.0,0.0,198.00009727479176,0.16806719187129857,16,person,0.1,0.5,weighted_crc,segformer_b2_cityscapes,cityscapes_val_half,198
,,,0.9996548562606642,577,True,0.061764705882352944,0.061764705882352944,0.06073551997542381,34.07,575,170,334,15,0.04491017964071856,0.09800000000000009,False,0.042105263157894736,0.05785123966942149,0.0,198.00009727479176,0.16806719187129857,16,person,0.2,0.5,weighted_crc,segformer_b2_cityscapes,cityscapes_val_half,198
,,,1.0,1000,False,0.0,0.0,1.0,0.944,1000,28,38,0,0.0,0.0,False,0.0,0.0,0.0,134.99999761581424,0.22857142857142856,16,rider,0.05,0.1,weighted_crc,segformer_b2_cityscapes,cityscapes_val_half,135
,,,1.0,1000,False,0.0,0.0,1.0,0.944,1000,28,38,0,0.0,0.0,False,0.0,0.0,0.0,134.99999761581424,0.22857142857142856,16,rider,0.1,0.1,weighted_crc,segformer_b2_cityscapes,cityscapes_val_half,135
,,,1.0,1000,False,0.0,0.0,1.0,0.944,1000,28,38,0,0.0,0.0,False,0.0,0.0,0.0,134.99999761581424,0.22857142857142856,16,rider,0.2,0.1,weighted_crc,segformer_b2_cityscapes,cityscapes_val_half,135
,,,1.0,1000,False,0.0,0.0,1.0,0.944,1000,28,38,0,0.0,0.0,False,0.0,0.0,0.0,134.99999761581424,0.22857142857142856,16,rider,0.05,0.5,weighted_crc,segformer_b2_cityscapes,cityscapes_val_half,135
,,,1.0,1000,False,0.0,0.0,1.0,0.944,1000,28,38,0,0.0,0.0,False,0.0,0.0,0.0,134.99999761581424,0.22857142857142856,16,rider,0.1,0.5,weighted_crc,segformer_b2_cityscapes,cityscapes_val_half,135
,,,1.0,1000,False,0.0,0.0,1.0,0.944,1000,28,38,0,0.0,0.0,False,0.0,0.0,0.0,134.99999761581424,0.22857142857142856,16,rider,0.2,0.5,weighted_crc,segformer_b2_cityscapes,cityscapes_val_half,135
,,,1.0,1000,False,0.0,0.0,1.0,0.834,1000,83,159,0,0.0,0.0,False,0.0,0.0,0.0,172.00008869172214,0.18867920454222384,16,bicycle,0.05,0.1,weighted_crc,segformer_b2_cityscapes,cityscapes_val_half,172
,,,1.0,1000,False,0.0,0.0,1.0,0.834,1000,83,159,0,0.0,0.0,False,0.0,0.0,0.0,172.00008869172214,0.18867920454222384,16,bicycle,0.1,0.1,weighted_crc,segformer_b2_cityscapes,cityscapes_val_half,172
,,,0.9999386237994835,702,True,0.06637980493402179,0.0663798049340218,0.05398479476571083,32.058,700,83,159,10,0.06289308176100629,0.06799999999999995,False,0.10344827586206896,0.017241379310344827,0.0,172.00008869172214,0.18867920454222384,16,bicycle,0.2,0.1,weighted_crc,segformer_b2_cityscapes,cityscapes_val_half,172
,,,1.0,1000,False,0.0,0.0,1.0,0.834,1000,83,159,0,0.0,0.0,False,0.0,0.0,0.0,172.00008869172214,0.18867920454222384,16,bicycle,0.05,0.5,weighted_crc,segformer_b2_cityscapes,cityscapes_val_half,172
,,,1.0,1000,False,0.0,0.0,1.0,0.834,1000,83,159,0,0.0,0.0,False,0.0,0.0,0.0,172.00008869172214,0.18867920454222384,16,bicycle,0.1,0.5,weighted_crc,segformer_b2_cityscapes,cityscapes_val_half,172
,,,0.9999571451479603,728,True,0.07682157200229489,0.07682157200229488,0.060706738382577896,34.528,725,83,159,13,0.08176100628930817,0.04400000000000001,False,0.13793103448275862,0.017241379310344827,0.0,172.00008869172214,0.18867920454222384,16,bicycle,0.2,0.5,weighted_crc,segformer_b2_cityscapes,cityscapes_val_half,172
,,,1.0,1000,False,0.0,0.0,1.0,0.66,1000,170,334,0,0.0,0.0,False,0.0,0.0,0.0,201.00004673004435,0.1659750879715009,17,person,0.05,0.1,weighted_crc,segformer_b2_cityscapes,cityscapes_val_half,201
,,,1.0,1000,False,0.0,0.0,1.0,0.66,1000,170,334,0,0.0,0.0,False,0.0,0.0,0.0,201.00004673004435,0.1659750879715009,17,person,0.1,0.1,weighted_crc,segformer_b2_cityscapes,cityscapes_val_half,201
,,,0.9977715648507297,442,True,0.07401960784313724,0.07401960784313724,0.030814308673143387,20.462,425,170,334,19,0.05688622754491018,0.19400000000000006,True,0.06842105263157895,0.049586776859504134,0.0,201.00004673004435,0.1659750879715009,17,person,0.2,0.1,weighted_crc,segformer_b2_cityscapes,cityscapes_val_half,201
,,,1.0,1000,False,0.0,0.0,1.0,0.66,1000,170,334,0,0.0,0.0,False,0.0,0.0,0.0,201.00004673004435,0.1659750879715009,17,person,0.05,0.5,weighted_crc,segformer_b2_cityscapes,cityscapes_val_half,201
,,,1.0,1000,False,0.0,0.0,1.0,0.66,1000,170,334,0,0.0,0.0,False,0.0,0.0,0.0,201.00004673004435,0.1659750879715009,17,person,0.1,0.5,weighted_crc,segformer_b2_cityscapes,cityscapes_val_half,201
,,,0.999,500,True,0.07254901960784313,0.07254901960784313,0.04180328920483589,27.25,500,170,334,19,0.05688622754491018,0.15800000000000003,True,0.05263157894736842,0.0743801652892562,0.0,201.00004673004435,0.1659750879715009,17,person,0.2,0.5,weighted_crc,segformer_b2_cityscapes,cityscapes_val_half,201
,,,1.0,1000,False,0.0,0.0,1.0,0.944,1000,28,38,0,0.0,0.0,False,0.0,0.0,0.0,143.00001621246355,0.21857922130360288,17,rider,0.05,0.1,weighted_crc,segformer_b2_cityscapes,cityscapes_val_half,143
,,,1.0,1000,False,0.0,0.0,1.0,0.944,1000,28,38,0,0.0,0.0,False,0.0,0.0,0.0,143.00001621246355,0.21857922130360288,17,rider,0.1,0.1,weighted_crc,segformer_b2_cityscapes,cityscapes_val_half,143
,,,1.0,1000,False,0.0,0.0,1.0,0.944,1000,28,38,0,0.0,0.0,False,0.0,0.0,0.0,143.00001621246355,0.21857922130360288,17,rider,0.2,0.1,weighted_crc,segformer_b2_cityscapes,cityscapes_val_half,143
,,,1.0,1000,False,0.0,0.0,1.0,0.944,1000,28,38,0,0.0,0.0,False,0.0,0.0,0.0,143.00001621246355,0.21857922130360288,17,rider,0.05,0.5,weighted_crc,segformer_b2_cityscapes,cityscapes_val_half,143
,,,1.0,1000,False,0.0,0.0,1.0,0.944,1000,28,38,0,0.0,0.0,False,0.0,0.0,0.0,143.00001621246355,0.21857922130360288,17,rider,0.1,0.5,weighted_crc,segformer_b2_cityscapes,cityscapes_val_half,143
,,,1.0,1000,False,0.0,0.0,1.0,0.944,1000,28,38,0,0.0,0.0,False,0.0,0.0,0.0,143.00001621246355,0.21857922130360288,17,rider,0.2,0.5,weighted_crc,segformer_b2_cityscapes,cityscapes_val_half,143
,,,1.0,1000,False,0.0,0.0,1.0,0.834,1000,83,159,0,0.0,0.0,False,0.0,0.0,0.0,192.00005769730114,0.17241377325886015,17,bicycle,0.05,0.1,weighted_crc,segformer_b2_cityscapes,cityscapes_val_half,192
,,,1.0,1000,False,0.0,0.0,1.0,0.834,1000,83,159,0,0.0,0.0,False,0.0,0.0,0.0,192.00005769730114,0.17241377325886015,17,bicycle,0.1,0.1,weighted_crc,segformer_b2_cityscapes,cityscapes_val_half,192
,,,0.9997871860954017,612,True,0.10694205393000575,0.10694205393000572,0.03481293469667435,24.196,600,83,159,16,0.10062893081761007,0.17600000000000005,True,0.16091954022988506,0.034482758620689655,0.0,192.00005769730114,0.17241377325886015,17,bicycle,0.2,0.1,weighted_crc,segformer_b2_cityscapes,cityscapes_val_half,192
,,,1.0,1000,False,0.0,0.0,1.0,0.834,1000,83,159,0,0.0,0.0,False,0.0,0.0,0.0,192.00005769730114,0.17241377325886015,17,bicycle,0.05,0.5,weighted_crc,segformer_b2_cityscapes,cityscapes_val_half,192
,,,1.0,1000,False,0.0,0.0,1.0,0.834,1000,83,159,0,0.0,0.0,False,0.0,0.0,0.0,192.00005769730114,0.17241377325886015,17,bicycle,0.1,0.5,weighted_crc,segformer_b2_cityscapes,cityscapes_val_half,192
,,,0.9999058110403477,671,True,0.11176133103843947,0.11176133103843947,0.046706460416316986,27.768,650,83,159,18,0.11320754716981132,0.134,True,0.1724137931034483,0.05172413793103448,0.0,192.00005769730114,0.17241377325886015,17,bicycle,0.2,0.5,weighted_crc,segformer_b2_cityscapes,cityscapes_val_half,192
,,,1.0,1000,False,0.0,0.0,1.0,0.66,1000,170,334,0,0.0,0.0,False,0.0,0.0,0.0,200.0000762939526,0.16666664017571764,18,person,0.05,0.1,weighted_crc,segformer_b2_cityscapes,cityscapes_val_half,200
,,,1.0,1000,False,0.0,0.0,1.0,0.66,1000,170,334,0,0.0,0.0,False,0.0,0.0,0.0,200.0000762939526,0.16666664017571764,18,person,0.1,0.1,weighted_crc,segformer_b2_cityscapes,cityscapes_val_half,200
,,,0.9987526164857571,484,True,0.06323529411764706,0.06323529411764706,0.03851815685629845,25.124,475,170,334,15,0.04491017964071856,0.11399999999999999,False,0.05263157894736842,0.04132231404958678,0.0,200.0000762939526,0.16666664017571764,18,person,0.2,0.1,weighted_crc,segformer_b2_cityscapes,cityscapes_val_half,200
,,,1.0,1000,False,0.0,0.0,1.0,0.66,1000,170,334,0,0.0,0.0,False,0.0,0.0,0.0,200.0000762939526,0.16666664017571764,18,person,0.05,0.5,weighted_crc,segformer_b2_cityscapes,cityscapes_val_half,200
,,,1.0,1000,False,0.0,0.0,1.0,0.66,1000,170,334,0,0.0,0.0,False,0.0,0.0,0.0,200.0000762939526,0.16666664017571764,18,person,0.1,0.5,weighted_crc,segformer_b2_cityscapes,cityscapes_val_half,200
,,,0.9996037219657445,567,True,0.061764705882352944,0.061764705882352944,0.05795636773109436,31.994,550,170,334,15,0.04491017964071856,0.08399999999999996,False,0.042105263157894736,0.05785123966942149,0.0,200.0000762939526,0.16666664017571764,18,person,0.2,0.5,weighted_crc,segformer_b2_cityscapes,cityscapes_val_half,200
,,,1.0,1000,False,0.0,0.0,1.0,0.944,1000,28,38,0,0.0,0.0,False,0.0,0.0,0.0,125.00007629395695,0.24242418637727994,18,rider,0.05,0.1,weighted_crc,segformer_b2_cityscapes,cityscapes_val_half,125
,,,1.0,1000,False,0.0,0.0,1.0,0.944,1000,28,38,0,0.0,0.0,False,0.0,0.0,0.0,125.00007629395695,0.24242418637727994,18,rider,0.1,0.1,weighted_crc,segformer_b2_cityscapes,cityscapes_val_half,125
,,,1.0,1000,False,0.0,0.0,1.0,0.944,1000,28,38,0,0.0,0.0,False,0.0,0.0,0.0,125.00007629395695,0.24242418637727994,18,rider,0.2,0.1,weighted_crc,segformer_b2_cityscapes,cityscapes_val_half,125
,,,1.0,1000,False,0.0,0.0,1.0,0.944,1000,28,38,0,0.0,0.0,False,0.0,0.0,0.0,125.00007629395695,0.24242418637727994,18,rider,0.05,0.5,weighted_crc,segformer_b2_cityscapes,cityscapes_val_half,125
,,,1.0,1000,False,0.0,0.0,1.0,0.944,1000,28,38,0,0.0,0.0,False,0.0,0.0,0.0,125.00007629395695,0.24242418637727994,18,rider,0.1,0.5,weighted_crc,segformer_b2_cityscapes,cityscapes_val_half,125
,,,1.0,1000,False,0.0,0.0,1.0,0.944,1000,28,38,0,0.0,0.0,False,0.0,0.0,0.0,125.00007629395695,0.24242418637727994,18,rider,0.2,0.5,weighted_crc,segformer_b2_cityscapes,cityscapes_val_half,125
,,,1.0,1000,False,0.0,0.0,1.0,0.834,1000,83,159,0,0.0,0.0,False,0.0,0.0,0.0,169.00002479553277,0.1913875458356833,18,bicycle,0.05,0.1,weighted_crc,segformer_b2_cityscapes,cityscapes_val_half,169
,,,1.0,1000,False,0.0,0.0,1.0,0.834,1000,83,159,0,0.0,0.0,False,0.0,0.0,0.0,169.00002479553277,0.1913875458356833,18,bicycle,0.1,0.1,weighted_crc,segformer_b2_cityscapes,cityscapes_val_half,169
,,,0.999958313061653,730,True,0.06637980493402179,0.0663798049340218,0.061229970306158066,34.528,725,83,159,10,0.06289308176100629,0.07400000000000001,False,0.10344827586206896,0.017241379310344827,0.0,169.00002479553277,0.1913875458356833,18,bicycle,0.2,0.1,weighted_crc,segformer_b2_cityscapes,cityscapes_val_half,169
,,,1.0,1000,False,0.0,0.0,1.0,0.834,1000,83,159,0,0.0,0.0,False,0.0,0.0,0.0,169.00002479553277,0.1913875458356833,18,bicycle,0.05,0.5,weighted_crc,segformer_b2_cityscapes,cityscapes_val_half,169
,,,1.0,1000,False,0.0,0.0,1.0,0.834,1000,83,159,0,0.0,0.0,False,0.0,0.0,0.0,169.00002479553277,0.1913875458356833,18,bicycle,0.1,0.5,weighted_crc,segformer_b2_cityscapes,cityscapes_val_half,169
,,,0.9999856120142174,807,True,0.06305220883534135,0.06305220883534136,0.08459604531526566,40.838,800,83,159,9,0.05660377358490566,0.12600000000000006,True,0.09195402298850575,0.017241379310344827,0.0,169.00002479553277,0.1913875458356833,18,bicycle,0.2,0.5,weighted_crc,segformer_b2_cityscapes,cityscapes_val_half,169
,,,1.0,1000,False,0.0,0.0,1.0,0.66,1000,170,334,0,0.0,0.0,False,0.0,0.0,0.0,201.00004673004435,0.1659750879715009,19,person,0.05,0.1,weighted_crc,segformer_b2_cityscapes,cityscapes_val_half,201
,,,1.0,1000,False,0.0,0.0,1.0,0.66,1000,170,334,0,0.0,0.0,False,0.0,0.0,0.0,201.00004673004435,0.1659750879715009,19,person,0.1,0.1,weighted_crc,segformer_b2_cityscapes,cityscapes_val_half,201
,,,0.9987526164857571,484,True,0.06323529411764706,0.06323529411764706,0.03851815685629845,25.124,475,170,334,15,0.04491017964071856,0.118,False,0.05263157894736842,0.04132231404958678,0.0,201.00004673004435,0.1659750879715009,19,person,0.2,0.1,weighted_crc,segformer_b2_cityscapes,cityscapes_val_half,201
,,,1.0,1000,False,0.0,0.0,1.0,0.66,1000,170,334,0,0.0,0.0,False,0.0,0.0,0.0,201.00004673004435,0.1659750879715009,19,person,0.05,0.5,weighted_crc,segformer_b2_cityscapes,cityscapes_val_half,201
,,,1.0,1000,False,0.0,0.0,1.0,0.66,1000,170,334,0,0.0,0.0,False,0.0,0.0,0.0,201.00004673004435,0.1659750879715009,19,person,0.1,0.5,weighted_crc,segformer_b2_cityscapes,cityscapes_val_half,201
,,,0.9994402423985049,542,True,0.06764705882352941,0.06764705882352941,0.051451295614242554,29.594,525,170,334,17,0.05089820359281437,0.09799999999999998,False,0.05263157894736842,0.05785123966942149,0.0,201.00004673004435,0.1659750879715009,19,person,0.2,0.5,weighted_crc,segformer_b2_cityscapes,cityscapes_val_half,201
,,,1.0,1000,False,0.0,0.0,1.0,0.944,1000,28,38,0,0.0,0.0,False,0.0,0.0,0.0,131.00000143051153,0.23391812343668522,19,rider,0.05,0.1,weighted_crc,segformer_b2_cityscapes,cityscapes_val_half,131
,,,1.0,1000,False,0.0,0.0,1.0,0.944,1000,28,38,0,0.0,0.0,False,0.0,0.0,0.0,131.00000143051153,0.23391812343668522,19,rider,0.1,0.1,weighted_crc,segformer_b2_cityscapes,cityscapes_val_half,131
,,,1.0,1000,False,0.0,0.0,1.0,0.944,1000,28,38,0,0.0,0.0,False,0.0,0.0,0.0,131.00000143051153,0.23391812343668522,19,rider,0.2,0.1,weighted_crc,segformer_b2_cityscapes,cityscapes_val_half,131
,,,1.0,1000,False,0.0,0.0,1.0,0.944,1000,28,38,0,0.0,0.0,False,0.0,0.0,0.0,131.00000143051153,0.23391812343668522,19,rider,0.05,0.5,weighted_crc,segformer_b2_cityscapes,cityscapes_val_half,131
,,,1.0,1000,False,0.0,0.0,1.0,0.944,1000,28,38,0,0.0,0.0,False,0.0,0.0,0.0,131.00000143051153,0.23391812343668522,19,rider,0.1,0.5,weighted_crc,segformer_b2_cityscapes,cityscapes_val_half,131
,,,1.0,1000,False,0.0,0.0,1.0,0.944,1000,28,38,0,0.0,0.0,False,0.0,0.0,0.0,131.00000143051153,0.23391812343668522,19,rider,0.2,0.5,weighted_crc,segformer_b2_cityscapes,cityscapes_val_half,131
,,,1.0,1000,False,0.0,0.0,1.0,0.834,1000,83,159,0,0.0,0.0,False,0.0,0.0,0.0,172.00008869172214,0.18867920454222384,19,bicycle,0.05,0.1,weighted_crc,segformer_b2_cityscapes,cityscapes_val_half,172
,,,1.0,1000,False,0.0,0.0,1.0,0.834,1000,83,159,0,0.0,0.0,False,0.0,0.0,0.0,172.00008869172214,0.18867920454222384,19,bicycle,0.1,0.1,weighted_crc,segformer_b2_cityscapes,cityscapes_val_half,172
,,,0.999970077353634,754,True,0.06035570854847963,0.06035570854847963,0.06795880198478699,36.622,750,83,159,9,0.05660377358490566,0.10800000000000004,False,0.09195402298850575,0.017241379310344827,0.0,172.00008869172214,0.18867920454222384,19,bicycle,0.2,0.1,weighted_crc,segformer_b2_cityscapes,cityscapes_val_half,172
,,,1.0,1000,False,0.0,0.0,1.0,0.834,1000,83,159,0,0.0,0.0,False,0.0,0.0,0.0,172.00008869172214,0.18867920454222384,19,bicycle,0.05,0.5,weighted_crc,segformer_b2_cityscapes,cityscapes_val_half,172
,,,1.0,1000,False,0.0,0.0,1.0,0.834,1000,83,159,0,0.0,0.0,False,0.0,0.0,0.0,172.00008869172214,0.18867920454222384,19,bicycle,0.1,0.5,weighted_crc,segformer_b2_cityscapes,cityscapes_val_half,172
,,,0.9999858094247831,808,True,0.06305220883534135,0.06305220883534136,0.08490268886089325,40.838,800,83,159,9,0.05660377358490566,0.14200000000000002,True,0.09195402298850575,0.017241379310344827,0.0,172.00008869172214,0.18867920454222384,19,bicycle,0.2,0.5,weighted_crc,segformer_b2_cityscapes,cityscapes_val_half,172
,,,1.0,1000,False,0.0,0.0,1.0,0.66,1000,170,334,0,0.0,0.0,False,0.0,0.0,0.0,201.00004673004435,0.1659750879715009,20,person,0.05,0.1,weighted_crc,segformer_b2_cityscapes,cityscapes_val_half,201
,,,1.0,1000,False,0.0,0.0,1.0,0.66,1000,170,334,0,0.0,0.0,False,0.0,0.0,0.0,201.00004673004435,0.1659750879715009,20,person,0.1,0.1,weighted_crc,segformer_b2_cityscapes,cityscapes_val_half,201
,,,0.998786611149535,486,True,0.06323529411764706,0.06323529411764706,0.03891152888536453,25.124,475,170,334,15,0.04491017964071856,0.122,False,0.05263157894736842,0.04132231404958678,0.0,201.00004673004435,0.1659750879715009,20,person,0.2,0.1,weighted_crc,segformer_b2_cityscapes,cityscapes_val_half,201
,,,1.0,1000,False,0.0,0.0,1.0,0.66,1000,170,334,0,0.0,0.0,False,0.0,0.0,0.0,201.00004673004435,0.1659750879715009,20,person,0.05,0.5,weighted_crc,segformer_b2_cityscapes,cityscapes_val_half,201
,,,1.0,1000,False,0.0,0.0,1.0,0.66,1000,170,334,0,0.0,0.0,False,0.0,0.0,0.0,201.00004673004435,0.1659750879715009,20,person,0.1,0.5,weighted_crc,segformer_b2_cityscapes,cityscapes_val_half,201
,,,0.9995450119398499,557,True,0.06470588235294118,0.06470588235294118,0.05527915805578232,31.994,550,170,334,16,0.04790419161676647,0.08999999999999997,False,0.04736842105263158,0.05785123966942149,0.0,201.00004673004435,0.1659750879715009,20,person,0.2,0.5,weighted_crc,segformer_b2_cityscapes,cityscapes_val_half,201
,,,1.0,1000,False,0.0,0.0,1.0,0.944,1000,28,38,0,0.0,0.0,False,0.0,0.0,0.0,123.00005912781427,0.24539872706150415,20,rider,0.05,0.1,weighted_crc,segformer_b2_cityscapes,cityscapes_val_half,123
,,,1.0,1000,False,0.0,0.0,1.0,0.944,1000,28,38,0,0.0,0.0,False,0.0,0.0,0.0,123.00005912781427,0.24539872706150415,20,rider,0.1,0.1,weighted_crc,segformer_b2_cityscapes,cityscapes_val_half,123
,,,1.0,1000,False,0.0,0.0,1.0,0.944,1000,28,38,0,0.0,0.0,False,0.0,0.0,0.0,123.00005912781427,0.24539872706150415,20,rider,0.2,0.1,weighted_crc,segformer_b2_cityscapes,cityscapes_val_half,123
,,,1.0,1000,False,0.0,0.0,1.0,0.944,1000,28,38,0,0.0,0.0,False,0.0,0.0,0.0,123.00005912781427,0.24539872706150415,20,rider,0.05,0.5,weighted_crc,segformer_b2_cityscapes,cityscapes_val_half,123
,,,1.0,1000,False,0.0,0.0,1.0,0.944,1000,28,38,0,0.0,0.0,False,0.0,0.0,0.0,123.00005912781427,0.24539872706150415,20,rider,0.1,0.5,weighted_crc,segformer_b2_cityscapes,cityscapes_val_half,123
,,,1.0,1000,False,0.0,0.0,1.0,0.944,1000,28,38,0,0.0,0.0,False,0.0,0.0,0.0,123.00005912781427,0.24539872706150415,20,rider,0.2,0.5,weighted_crc,segformer_b2_cityscapes,cityscapes_val_half,123
,,,1.0,1000,False,0.0,0.0,1.0,0.834,1000,83,159,0,0.0,0.0,False,0.0,0.0,0.0,171.00004196167205,0.1895734391516982,20,bicycle,0.05,0.1,weighted_crc,segformer_b2_cityscapes,cityscapes_val_half,171
,,,1.0,1000,False,0.0,0.0,1.0,0.834,1000,83,159,0,0.0,0.0,False,0.0,0.0,0.0,171.00004196167205,0.1895734391516982,20,bicycle,0.1,0.1,weighted_crc,segformer_b2_cityscapes,cityscapes_val_half,171
,,,0.9999507960464319,718,True,0.06637980493402179,0.0663798049340218,0.05804657191038132,32.058,700,83,159,10,0.06289308176100629,0.052000000000000046,False,0.10344827586206896,0.017241379310344827,0.0,171.00004196167205,0.1895734391516982,20,bicycle,0.2,0.1,weighted_crc,segformer_b2_cityscapes,cityscapes_val_half,171
,,,1.0,1000,False,0.0,0.0,1.0,0.834,1000,83,159,0,0.0,0.0,False,0.0,0.0,0.0,171.00004196167205,0.1895734391516982,20,bicycle,0.05,0.5,weighted_crc,segformer_b2_cityscapes,cityscapes_val_half,171
,,,1.0,1000,False,0.0,0.0,1.0,0.834,1000,83,159,0,0.0,0.0,False,0.0,0.0,0.0,171.00004196167205,0.1895734391516982,20,bicycle,0.1,0.5,weighted_crc,segformer_b2_cityscapes,cityscapes_val_half,171
,,,0.9999822989104168,792,True,0.06878944348823866,0.06878944348823866,0.07968772947788239,38.992,775,83,159,11,0.06918238993710692,0.12200000000000005,False,0.11494252873563218,0.017241379310344827,0.0,171.00004196167205,0.1895734391516982,20,bicycle,0.2,0.5,weighted_crc,segformer_b2_cityscapes,cityscapes_val_half,171
,,,1.0,1000,False,0.0,0.0,1.0,0.66,1000,170,334,0,0.0,0.0,False,0.0,0.0,0.0,203.00006389618468,0.16460903282523037,21,person,0.05,0.1,weighted_crc,segformer_b2_cityscapes,cityscapes_val_half,203
,,,1.0,1000,False,0.0,0.0,1.0,0.66,1000,170,334,0,0.0,0.0,False,0.0,0.0,0.0,203.00006389618468,0.16460903282523037,21,person,0.1,0.1,weighted_crc,segformer_b2_cityscapes,cityscapes_val_half,203
,,,0.9977091323472322,440,True,0.07401960784313724,0.07401960784313724,0.030478132888674736,20.462,425,170,334,19,0.05688622754491018,0.14600000000000002,True,0.06842105263157895,0.049586776859504134,0.0,203.00006389618468,0.16460903282523037,21,person,0.2,0.1,weighted_crc,segformer_b2_cityscapes,cityscapes_val_half,203
,,,1.0,1000,False,0.0,0.0,1.0,0.66,1000,170,334,0,0.0,0.0,False,0.0,0.0,0.0,203.00006389618468,0.16460903282523037,21,person,0.05,0.5,weighted_crc,segformer_b2_cityscapes,cityscapes_val_half,203
,,,1.0,1000,False,0.0,0.0,1.0,0.66,1000,170,334,0,0.0,0.0,False,0.0,0.0,0.0,203.00006389618468,0.16460903282523037,21,person,0.1,0.5,weighted_crc,segformer_b2_cityscapes,cityscapes_val_half,203
,,,0.9992620957698709,522,True,0.06960784313725489,0.06960784313725489,0.04666009172797203,27.25,500,170,334,18,0.05389221556886228,0.11599999999999999,False,0.05263157894736842,0.06611570247933884,0.0,203.00006389618468,0.16460903282523037,21,person,0.2,0.5,weighted_crc,segformer_b2_cityscapes,cityscapes_val_half,203
,,,1.0,1000,False,0.0,0.0,1.0,0.944,1000,28,38,0,0.0,0.0,False,0.0,0.0,0.0,130.000011920929,0.23529410444741505,21,rider,0.05,0.1,weighted_crc,segformer_b2_cityscapes,cityscapes_val_half,130
,,,1.0,1000,False,0.0,0.0,1.0,0.944,1000,28,38,0,0.0,0.0,False,0.0,0.0,0.0,130.000011920929,0.23529410444741505,21,rider,0.1,0.1,weighted_crc,segformer_b2_cityscapes,cityscapes_val_half,130
,,,1.0,1000,False,0.0,0.0,1.0,0.944,1000,28,38,0,0.0,0.0,False,0.0,0.0,0.0,130.000011920929,0.23529410444741505,21,rider,0.2,0.1,weighted_crc,segformer_b2_cityscapes,cityscapes_val_half,130
,,,1.0,1000,False,0.0,0.0,1.0,0.944,1000,28,38,0,0.0,0.0,False,0.0,0.0,0.0,130.000011920929,0.23529410444741505,21,rider,0.05,0.5,weighted_crc,segformer_b2_cityscapes,cityscapes_val_half,130
,,,1.0,1000,False,0.0,0.0,1.0,0.944,1000,28,38,0,0.0,0.0,False,0.0,0.0,0.0,130.000011920929,0.23529410444741505,21,rider,0.1,0.5,weighted_crc,segformer_b2_cityscapes,cityscapes_val_half,130
,,,1.0,1000,False,0.0,0.0,1.0,0.944,1000,28,38,0,0.0,0.0,False,0.0,0.0,0.0,130.000011920929,0.23529410444741505,21,rider,0.2,0.5,weighted_crc,segformer_b2_cityscapes,cityscapes_val_half,130
,,,1.0,1000,False,0.0,0.0,1.0,0.834,1000,83,159,0,0.0,0.0,False,0.0,0.0,0.0,174.00010585786492,0.18691584120381832,21,bicycle,0.05,0.1,weighted_crc,segformer_b2_cityscapes,cityscapes_val_half,174
,,,1.0,1000,False,0.0,0.0,1.0,0.834,1000,83,159,0,0.0,0.0,False,0.0,0.0,0.0,174.00010585786492,0.18691584120381832,21,bicycle,0.1,0.1,weighted_crc,segformer_b2_cityscapes,cityscapes_val_half,174
,,,0.9998146468376585,622,True,0.0948938611589214,0.09489386115892139,0.03665721416473389,24.196,600,83,159,15,0.09433962264150944,0.136,True,0.16091954022988506,0.017241379310344827,0.0,174.00010585786492,0.18691584120381832,21,bicycle,0.2,0.1,weighted_crc,segformer_b2_cityscapes,cityscapes_val_half,174
,,,1.0,1000,False,0.0,0.0,1.0,0.834,1000,83,159,0,0.0,0.0,False,0.0,0.0,0.0,174.00010585786492,0.18691584120381832,21,bicycle,0.05,0.5,weighted_crc,segformer_b2_cityscapes,cityscapes_val_half,174
,,,1.0,1000,False,0.0,0.0,1.0,0.834,1000,83,159,0,0.0,0.0,False,0.0,0.0,0.0,174.00010585786492,0.18691584120381832,21,bicycle,0.1,0.5,weighted_crc,segformer_b2_cityscapes,cityscapes_val_half,174
,,,0.9999411156344644,705,True,0.10332759609868043,0.10332759609868043,0.0547356940805912,32.058,700,83,159,16,0.10062893081761007,0.06799999999999995,False,0.16091954022988506,0.034482758620689655,0.0,174.00010585786492,0.18691584120381832,21,bicycle,0.2,0.5,weighted_crc,segformer_b2_cityscapes,cityscapes_val_half,174
,,,1.0,1000,False,0.0,0.0,1.0,0.66,1000,170,334,0,0.0,0.0,False,0.0,0.0,0.0,196.00009202958432,0.1694914952875162,22,person,0.05,0.1,weighted_crc,segformer_b2_cityscapes,cityscapes_val_half,196
,,,1.0,1000,False,0.0,0.0,1.0,0.66,1000,170,334,0,0.0,0.0,False,0.0,0.0,0.0,196.00009202958432,0.1694914952875162,22,person,0.1,0.1,weighted_crc,segformer_b2_cityscapes,cityscapes_val_half,196
,,,0.9988984606904586,493,True,0.06323529411764706,0.06323529411764706,0.040334202349185944,25.124,475,170,334,15,0.04491017964071856,0.132,True,0.05263157894736842,0.04132231404958678,0.0,196.00009202958432,0.1694914952875162,22,person,0.2,0.1,weighted_crc,segformer_b2_cityscapes,cityscapes_val_half,196
,,,1.0,1000,False,0.0,0.0,1.0,0.66,1000,170,334,0,0.0,0.0,False,0.0,0.0,0.0,196.00009202958432,0.1694914952875162,22,person,0.05,0.5,weighted_crc,segformer_b2_cityscapes,cityscapes_val_half,196
,,,1.0,1000,False,0.0,0.0,1.0,0.66,1000,170,334,0,0.0,0.0,False,0.0,0.0,0.0,196.00009202958432,0.1694914952875162,22,person,0.1,0.5,weighted_crc,segformer_b2_cityscapes,cityscapes_val_half,196
,,,0.9995753804360537,562,True,0.061764705882352944,0.061764705882352944,0.056614991277456284,31.994,550,170,334,15,0.04491017964071856,0.12,False,0.042105263157894736,0.05785123966942149,0.0,196.00009202958432,0.1694914952875162,22,person,0.2,0.5,weighted_crc,segformer_b2_cityscapes,cityscapes_val_half,196
,,,1.0,1000,False,0.0,0.0,1.0,0.944,1000,28,38,0,0.0,0.0,False,0.0,0.0,0.0,122.00005054474343,0.2469135395475134,22,rider,0.05,0.1,weighted_crc,segformer_b2_cityscapes,cityscapes_val_half,122
,,,1.0,1000,False,0.0,0.0,1.0,0.944,1000,28,38,0,0.0,0.0,False,0.0,0.0,0.0,122.00005054474343,0.2469135395475134,22,rider,0.1,0.1,weighted_crc,segformer_b2_cityscapes,cityscapes_val_half,122
,,,1.0,1000,False,0.0,0.0,1.0,0.944,1000,28,38,0,0.0,0.0,False,0.0,0.0,0.0,122.00005054474343,0.2469135395475134,22,rider,0.2,0.1,weighted_crc,segformer_b2_cityscapes,cityscapes_val_half,122
,,,1.0,1000,False,0.0,0.0,1.0,0.944,1000,28,38,0,0.0,0.0,False,0.0,0.0,0.0,122.00005054474343,0.2469135395475134,22,rider,0.05,0.5,weighted_crc,segformer_b2_cityscapes,cityscapes_val_half,122
,,,1.0,1000,False,0.0,0.0,1.0,0.944,1000,28,38,0,0.0,0.0,False,0.0,0.0,0.0,122.00005054474343,0.2469135395475134,22,rider,0.1,0.5,weighted_crc,segformer_b2_cityscapes,cityscapes_val_half,122
,,,1.0,1000,False,0.0,0.0,1.0,0.944,1000,28,38,0,0.0,0.0,False,0.0,0.0,0.0,122.00005054474343,0.2469135395475134,22,rider,0.2,0.5,weighted_crc,segformer_b2_cityscapes,cityscapes_val_half,122
,,,1.0,1000,False,0.0,0.0,1.0,0.834,1000,83,159,0,0.0,0.0,False,0.0,0.0,0.0,174.00010585786492,0.18691584120381832,22,bicycle,0.05,0.1,weighted_crc,segformer_b2_cityscapes,cityscapes_val_half,174
,,,1.0,1000,False,0.0,0.0,1.0,0.834,1000,83,159,0,0.0,0.0,False,0.0,0.0,0.0,174.00010585786492,0.18691584120381832,22,bicycle,0.1,0.1,weighted_crc,segformer_b2_cityscapes,cityscapes_val_half,174
,,,0.9999507960464319,718,True,0.06637980493402179,0.0663798049340218,0.05804657191038132,32.058,700,83,159,10,0.06289308176100629,0.061999999999999944,False,0.10344827586206896,0.017241379310344827,0.0,174.00010585786492,0.18691584120381832,22,bicycle,0.2,0.1,weighted_crc,segformer_b2_cityscapes,cityscapes_val_half,174
,,,1.0,1000,False,0.0,0.0,1.0,0.834,1000,83,159,0,0.0,0.0,False,0.0,0.0,0.0,174.00010585786492,0.18691584120381832,22,bicycle,0.05,0.5,weighted_crc,segformer_b2_cityscapes,cityscapes_val_half,174
,,,1.0,1000,False,0.0,0.0,1.0,0.834,1000,83,159,0,0.0,0.0,False,0.0,0.0,0.0,174.00010585786492,0.18691584120381832,22,bicycle,0.1,0.5,weighted_crc,segformer_b2_cityscapes,cityscapes_val_half,174
,,,0.9999712921941798,757,True,0.06878944348823866,0.06878944348823866,0.06886369735002518,36.622,750,83,159,11,0.06918238993710692,0.05399999999999999,False,0.11494252873563218,0.017241379310344827,0.0,174.00010585786492,0.18691584120381832,22,bicycle,0.2,0.5,weighted_crc,segformer_b2_cityscapes,cityscapes_val_half,174
,,,1.0,1000,False,0.0,0.0,1.0,0.66,1000,170,334,0,0.0,0.0,False,0.0,0.0,0.0,199.00010585786293,0.16736397933807196,23,person,0.05,0.1,weighted_crc,segformer_b2_cityscapes,cityscapes_val_half,199
,,,1.0,1000,False,0.0,0.0,1.0,0.66,1000,170,334,0,0.0,0.0,False,0.0,0.0,0.0,199.00010585786293,0.16736397933807196,23,person,0.1,0.1,weighted_crc,segformer_b2_cityscapes,cityscapes_val_half,199
,,,0.9984864387515638,470,True,0.06323529411764706,0.06323529411764706,0.03579083830118179,22.656,450,170,334,15,0.04491017964071856,0.128,True,0.05263157894736842,0.04132231404958678,0.0,199.00010585786293,0.16736397933807196,23,person,0.2,0.1,weighted_crc,segformer_b2_cityscapes,cityscapes_val_half,199
,,,1.0,1000,False,0.0,0.0,1.0,0.66,1000,170,334,0,0.0,0.0,False,0.0,0.0,0.0,199.00010585786293,0.16736397933807196,23,person,0.05,0.5,weighted_crc,segformer_b2_cityscapes,cityscapes_val_half,199
,,,1.0,1000,False,0.0,0.0,1.0,0.66,1000,170,334,0,0.0,0.0,False,0.0,0.0,0.0,199.00010585786293,0.16736397933807196,23,person,0.1,0.5,weighted_crc,segformer_b2_cityscapes,cityscapes_val_half,199
,,,0.9993483716059391,531,True,0.06960784313725489,0.06960784313725489,0.04876994341611862,29.594,525,170,334,18,0.05389221556886228,0.09799999999999998,False,0.05263157894736842,0.06611570247933884,0.0,199.00010585786293,0.16736397933807196,23,person,0.2,0.5,weighted_crc,segformer_b2_cityscapes,cityscapes_val_half,199
,,,1.0,1000,False,0.0,0.0,1.0,0.944,1000,28,38,0,0.0,0.0,False,0.0,0.0,0.0,127.00009346010091,0.23952089242876454,23,rider,0.05,0.1,weighted_crc,segformer_b2_cityscapes,cityscapes_val_half,127
,,,1.0,1000,False,0.0,0.0,1.0,0.944,1000,28,38,0,0.0,0.0,False,0.0,0.0,0.0,127.00009346010091,0.23952089242876454,23,rider,0.1,0.1,weighted_crc,segformer_b2_cityscapes,cityscapes_val_half,127
,,,1.0,1000,False,0.0,0.0,1.0,0.944,1000,28,38,0,0.0,0.0,False,0.0,0.0,0.0,127.00009346010091,0.23952089242876454,23,rider,0.2,0.1,weighted_crc,segformer_b2_cityscapes,cityscapes_val_half,127
,,,1.0,1000,False,0.0,0.0,1.0,0.944,1000,28,38,0,0.0,0.0,False,0.0,0.0,0.0,127.00009346010091,0.23952089242876454,23,rider,0.05,0.5,weighted_crc,segformer_b2_cityscapes,cityscapes_val_half,127
,,,1.0,1000,False,0.0,0.0,1.0,0.944,1000,28,38,0,0.0,0.0,False,0.0,0.0,0.0,127.00009346010091,0.23952089242876454,23,rider,0.1,0.5,weighted_crc,segformer_b2_cityscapes,cityscapes_val_half,127
,,,1.0,1000,False,0.0,0.0,1.0,0.944,1000,28,38,0,0.0,0.0,False,0.0,0.0,0.0,127.00009346010091,0.23952089242876454,23,rider,0.2,0.5,weighted_crc,segformer_b2_cityscapes,cityscapes_val_half,127
,,,1.0,1000,False,0.0,0.0,1.0,0.834,1000,83,159,0,0.0,0.0,False,0.0,0.0,0.0,171.00004196167205,0.1895734391516982,23,bicycle,0.05,0.1,weighted_crc,segformer_b2_cityscapes,cityscapes_val_half,171
,,,1.0,1000,False,0.0,0.0,1.0,0.834,1000,83,159,0,0.0,0.0,False,0.0,0.0,0.0,171.00004196167205,0.1895734391516982,23,bicycle,0.1,0.1,weighted_crc,segformer_b2_cityscapes,cityscapes_val_half,171
,,,0.9999796764298906,782,True,0.05461847389558233,0.05461847389558233,0.076488196849823,38.992,775,83,159,7,0.0440251572327044,0.09000000000000002,False,0.06896551724137931,0.017241379310344827,0.0,171.00004196167205,0.1895734391516982,23,bicycle,0.2,0.1,weighted_crc,segformer_b2_cityscapes,cityscapes_val_half,171
,,,1.0,1000,False,0.0,0.0,1.0,0.834,1000,83,159,0,0.0,0.0,False,0.0,0.0,0.0,171.00004196167205,0.1895734391516982,23,bicycle,0.05,0.5,weighted_crc,segformer_b2_cityscapes,cityscapes_val_half,171
,,,1.0,1000,False,0.0,0.0,1.0,0.834,1000,83,159,0,0.0,0.0,False,0.0,0.0,0.0,171.00004196167205,0.1895734391516982,23,bicycle,0.1,0.5,weighted_crc,segformer_b2_cityscapes,cityscapes_val_half,171
,,,0.9999858094247831,808,True,0.06305220883534135,0.06305220883534136,0.08490268886089325,40.838,800,83,159,9,0.05660377358490566,0.11199999999999999,False,0.09195402298850575,0.017241379310344827,0.0,171.00004196167205,0.1895734391516982,23,bicycle,0.2,0.5,weighted_crc,segformer_b2_cityscapes,cityscapes_val_half,171
,,,1.0,1000,False,0.0,0.0,1.0,0.66,1000,170,334,0,0.0,0.0,False,0.0,0.0,0.0,203.00006389618468,0.16460903282523037,24,person,0.05,0.1,weighted_crc,segformer_b2_cityscapes,cityscapes_val_half,203
,,,1.0,1000,False,0.0,0.0,1.0,0.66,1000,170,334,0,0.0,0.0,False,0.0,0.0,0.0,203.00006389618468,0.16460903282523037,24,person,0.1,0.1,weighted_crc,segformer_b2_cityscapes,cityscapes_val_half,203
,,,0.9988196793643482,488,True,0.06323529411764706,0.06323529411764706,0.03931940346956253,25.124,475,170,334,15,0.04491017964071856,0.15400000000000003,True,0.05263157894736842,0.04132231404958678,0.0,203.00006389618468,0.16460903282523037,24,person,0.2,0.1,weighted_crc,segformer_b2_cityscapes,cityscapes_val_half,203
,,,1.0,1000,False,0.0,0.0,1.0,0.66,1000,170,334,0,0.0,0.0,False,0.0,0.0,0.0,203.00006389618468,0.16460903282523037,24,person,0.05,0.5,weighted_crc,segformer_b2_cityscapes,cityscapes_val_half,203
,,,1.0,1000,False,0.0,0.0,1.0,0.66,1000,170,334,0,0.0,0.0,False,0.0,0.0,0.0,203.00006389618468,0.16460903282523037,24,person,0.1,0.5,weighted_crc,segformer_b2_cityscapes,cityscapes_val_half,203
,,,0.9996145216423342,569,True,0.061764705882352944,0.061764705882352944,0.05851301550865173,31.994,550,170,334,15,0.04491017964071856,0.122,False,0.042105263157894736,0.05785123966942149,0.0,203.00006389618468,0.16460903282523037,24,person,0.2,0.5,weighted_crc,segformer_b2_cityscapes,cityscapes_val_half,203
,,,1.0,1000,False,0.0,0.0,1.0,0.944,1000,28,38,0,0.0,0.0,False,0.0,0.0,0.0,124.00006771088545,0.24390238796509786,24,rider,0.05,0.1,weighted_crc,segformer_b2_cityscapes,cityscapes_val_half,124
,,,1.0,1000,False,0.0,0.0,1.0,0.944,1000,28,38,0,0.0,0.0,False,0.0,0.0,0.0,124.00006771088545,0.24390238796509786,24,rider,0.1,0.1,weighted_crc,segformer_b2_cityscapes,cityscapes_val_half,124
,,,1.0,1000,False,0.0,0.0,1.0,0.944,1000,28,38,0,0.0,0.0,False,0.0,0.0,0.0,124.00006771088545,0.24390238796509786,24,rider,0.2,0.1,weighted_crc,segformer_b2_cityscapes,cityscapes_val_half,124
,,,1.0,1000,False,0.0,0.0,1.0,0.944,1000,28,38,0,0.0,0.0,False,0.0,0.0,0.0,124.00006771088545,0.24390238796509786,24,rider,0.05,0.5,weighted_crc,segformer_b2_cityscapes,cityscapes_val_half,124
,,,1.0,1000,False,0.0,0.0,1.0,0.944,1000,28,38,0,0.0,0.0,False,0.0,0.0,0.0,124.00006771088545,0.24390238796509786,24,rider,0.1,0.5,weighted_crc,segformer_b2_cityscapes,cityscapes_val_half,124
,,,1.0,1000,False,0.0,0.0,1.0,0.944,1000,28,38,0,0.0,0.0,False,0.0,0.0,0.0,124.00006771088545,0.24390238796509786,24,rider,0.2,0.5,weighted_crc,segformer_b2_cityscapes,cityscapes_val_half,124
,,,1.0,1000,False,0.0,0.0,1.0,0.834,1000,83,159,0,0.0,0.0,False,0.0,0.0,0.0,164.00007009507004,0.1960783983734433,24,bicycle,0.05,0.1,weighted_crc,segformer_b2_cityscapes,cityscapes_val_half,164
,,,1.0,1000,False,0.0,0.0,1.0,0.834,1000,83,159,0,0.0,0.0,False,0.0,0.0,0.0,164.00007009507004,0.1960783983734433,24,bicycle,0.1,0.1,weighted_crc,segformer_b2_cityscapes,cityscapes_val_half,164
,,,0.9999863855531753,811,True,0.05461847389558233,0.05461847389558233,0.08595724403858185,40.838,800,83,159,7,0.0440251572327044,0.14400000000000007,True,0.06896551724137931,0.017241379310344827,0.0,164.00007009507004,0.1960783983734433,24,bicycle,0.2,0.1,weighted_crc,segformer_b2_cityscapes,cityscapes_val_half,164
,,,1.0,1000,False,0.0,0.0,1.0,0.834,1000,83,159,0,0.0,0.0,False,0.0,0.0,0.0,164.00007009507004,0.1960783983734433,24,bicycle,0.05,0.5,weighted_crc,segformer_b2_cityscapes,cityscapes_val_half,164
,,,1.0,1000,False,0.0,0.0,1.0,0.834,1000,83,159,0,0.0,0.0,False,0.0,0.0,0.0,164.00007009507004,0.1960783983734433,24,bicycle,0.1,0.5,weighted_crc,segformer_b2_cityscapes,cityscapes_val_half,164
,,,0.9999906243799307,838,True,0.05702811244979919,0.0570281124497992,0.09544627368450165,42.834,825,83,159,8,0.050314465408805034,0.15599999999999997,True,0.08045977011494253,0.017241379310344827,0.0,164.00007009507004,0.1960783983734433,24,bicycle,0.2,0.5,weighted_crc,segformer_b2_cityscapes,cityscapes_val_half,164
,,,1.0,1000,False,0.0,0.0,1.0,0.66,1000,170,334,0,0.0,0.0,False,0.0,0.0,0.0,198.00009727479176,0.16806719187129857,25,person,0.05,0.1,weighted_crc,segformer_b2_cityscapes,cityscapes_val_half,198
,,,1.0,1000,False,0.0,0.0,1.0,0.66,1000,170,334,0,0.0,0.0,False,0.0,0.0,0.0,198.00009727479176,0.16806719187129857,25,person,0.1,0.1,weighted_crc,segformer_b2_cityscapes,cityscapes_val_half,198
,,,0.9990537628386342,504,True,0.057352941176470586,0.057352941176470586,0.04265260696411133,27.25,500,170,334,13,0.038922155688622756,0.118,False,0.04736842105263158,0.03305785123966942,0.0,198.00009727479176,0.16806719187129857,25,person,0.2,0.1,weighted_crc,segformer_b2_cityscapes,cityscapes_val_half,198
,,,1.0,1000,False,0.0,0.0,1.0,0.66,1000,170,334,0,0.0,0.0,False,0.0,0.0,0.0,198.00009727479176,0.16806719187129857,25,person,0.05,0.5,weighted_crc,segformer_b2_cityscapes,cityscapes_val_half,198
,,,1.0,1000,False,0.0,0.0,1.0,0.66,1000,170,334,0,0.0,0.0,False,0.0,0.0,0.0,198.00009727479176,0.16806719187129857,25,person,0.1,0.5,weighted_crc,segformer_b2_cityscapes,cityscapes_val_half,198
,,,0.9996145216423342,569,True,0.061764705882352944,0.061764705882352944,0.05851301550865173,31.994,550,170,334,15,0.04491017964071856,0.09599999999999997,False,0.042105263157894736,0.05785123966942149,0.0,198.00009727479176,0.16806719187129857,25,person,0.2,0.5,weighted_crc,segformer_b2_cityscapes,cityscapes_val_half,198
,,,1.0,1000,False,0.0,0.0,1.0,0.944,1000,28,38,0,0.0,0.0,False,0.0,0.0,0.0,118.00008535386871,0.2531644927827093,25,rider,0.05,0.1,weighted_crc,segformer_b2_cityscapes,cityscapes_val_half,118
,,,1.0,1000,False,0.0,0.0,1.0,0.944,1000,28,38,0,0.0,0.0,False,0.0,0.0,0.0,118.00008535386871,0.2531644927827093,25,rider,0.1,0.1,weighted_crc,segformer_b2_cityscapes,cityscapes_val_half,118
,,,1.0,1000,False,0.0,0.0,1.0,0.944,1000,28,38,0,0.0,0.0,False,0.0,0.0,0.0,118.00008535386871,0.2531644927827093,25,rider,0.2,0.1,weighted_crc,segformer_b2_cityscapes,cityscapes_val_half,118
,,,1.0,1000,False,0.0,0.0,1.0,0.944,1000,28,38,0,0.0,0.0,False,0.0,0.0,0.0,118.00008535386871,0.2531644927827093,25,rider,0.05,0.5,weighted_crc,segformer_b2_cityscapes,cityscapes_val_half,118
,,,1.0,1000,False,0.0,0.0,1.0,0.944,1000,28,38,0,0.0,0.0,False,0.0,0.0,0.0,118.00008535386871,0.2531644927827093,25,rider,0.1,0.5,weighted_crc,segformer_b2_cityscapes,cityscapes_val_half,118
,,,1.0,1000,False,0.0,0.0,1.0,0.944,1000,28,38,0,0.0,0.0,False,0.0,0.0,0.0,118.00008535386871,0.2531644927827093,25,rider,0.2,0.5,weighted_crc,segformer_b2_cityscapes,cityscapes_val_half,118
,,,1.0,1000,False,0.0,0.0,1.0,0.834,1000,83,159,0,0.0,0.0,False,0.0,0.0,0.0,163.0000615119993,0.19704430535312817,25,bicycle,0.05,0.1,weighted_crc,segformer_b2_cityscapes,cityscapes_val_half,163
,,,1.0,1000,False,0.0,0.0,1.0,0.834,1000,83,159,0,0.0,0.0,False,0.0,0.0,0.0,163.0000615119993,0.19704430535312817,25,bicycle,0.1,0.1,weighted_crc,segformer_b2_cityscapes,cityscapes_val_half,163
,,,0.9999802303035988,784,True,0.05461847389558233,0.05461847389558233,0.07710039615631104,38.992,775,83,159,7,0.0440251572327044,0.09199999999999997,False,0.06896551724137931,0.017241379310344827,0.0,163.0000615119993,0.19704430535312817,25,bicycle,0.2,0.1,weighted_crc,segformer_b2_cityscapes,cityscapes_val_half,163
,,,1.0,1000,False,0.0,0.0,1.0,0.834,1000,83,159,0,0.0,0.0,False,0.0,0.0,0.0,163.0000615119993,0.19704430535312817,25,bicycle,0.05,0.5,weighted_crc,segformer_b2_cityscapes,cityscapes_val_half,163
,,,1.0,1000,False,0.0,0.0,1.0,0.834,1000,83,159,0,0.0,0.0,False,0.0,0.0,0.0,163.0000615119993,0.19704430535312817,25,bicycle,0.1,0.5,weighted_crc,segformer_b2_cityscapes,cityscapes_val_half,163
,,,0.9999858094247831,808,True,0.06305220883534135,0.06305220883534136,0.08490268886089325,40.838,800,83,159,9,0.05660377358490566,0.10799999999999998,False,0.09195402298850575,0.017241379310344827,0.0,163.0000615119993,0.19704430535312817,25,bicycle,0.2,0.5,weighted_crc,segformer_b2_cityscapes,cityscapes_val_half,163
,,,1.0,1000,False,0.0,0.0,1.0,0.66,1000,170,334,0,0.0,0.0,False,0.0,0.0,0.0,202.00009346009426,0.1652892249324783,26,person,0.05,0.1,weighted_crc,segformer_b2_cityscapes,cityscapes_val_half,202
,,,1.0,1000,False,0.0,0.0,1.0,0.66,1000,170,334,0,0.0,0.0,False,0.0,0.0,0.0,202.00009346009426,0.1652892249324783,26,person,0.1,0.1,weighted_crc,segformer_b2_cityscapes,cityscapes_val_half,202
,,,0.9986634044834536,479,True,0.06323529411764706,0.06323529411764706,0.03752510994672775,25.124,475,170,334,15,0.04491017964071856,0.138,True,0.05263157894736842,0.04132231404958678,0.0,202.00009346009426,0.1652892249324783,26,person,0.2,0.1,weighted_crc,segformer_b2_cityscapes,cityscapes_val_half,202
,,,1.0,1000,False,0.0,0.0,1.0,0.66,1000,170,334,0,0.0,0.0,False,0.0,0.0,0.0,202.00009346009426,0.1652892249324783,26,person,0.05,0.5,weighted_crc,segformer_b2_cityscapes,cityscapes_val_half,202
,,,1.0,1000,False,0.0,0.0,1.0,0.66,1000,170,334,0,0.0,0.0,False,0.0,0.0,0.0,202.00009346009426,0.1652892249324783,26,person,0.1,0.5,weighted_crc,segformer_b2_cityscapes,cityscapes_val_half,202
,,,0.9995450119398499,557,True,0.06470588235294118,0.06470588235294118,0.05527915805578232,31.994,550,170,334,16,0.04790419161676647,0.10199999999999998,False,0.04736842105263158,0.05785123966942149,0.0,202.00009346009426,0.1652892249324783,26,person,0.2,0.5,weighted_crc,segformer_b2_cityscapes,cityscapes_val_half,202
,,,1.0,1000,False,0.0,0.0,1.0,0.944,1000,28,38,0,0.0,0.0,False,0.0,0.0,0.0,129.00002241134683,0.23668636916244154,26,rider,0.05,0.1,weighted_crc,segformer_b2_cityscapes,cityscapes_val_half,129
,,,1.0,1000,False,0.0,0.0,1.0,0.944,1000,28,38,0,0.0,0.0,False,0.0,0.0,0.0,129.00002241134683,0.23668636916244154,26,rider,0.1,0.1,weighted_crc,segformer_b2_cityscapes,cityscapes_val_half,129
,,,1.0,1000,False,0.0,0.0,1.0,0.944,1000,28,38,0,0.0,0.0,False,0.0,0.0,0.0,129.00002241134683,0.23668636916244154,26,rider,0.2,0.1,weighted_crc,segformer_b2_cityscapes,cityscapes_val_half,129
,,,1.0,1000,False,0.0,0.0,1.0,0.944,1000,28,38,0,0.0,0.0,False,0.0,0.0,0.0,129.00002241134683,0.23668636916244154,26,rider,0.05,0.5,weighted_crc,segformer_b2_cityscapes,cityscapes_val_half,129
,,,1.0,1000,False,0.0,0.0,1.0,0.944,1000,28,38,0,0.0,0.0,False,0.0,0.0,0.0,129.00002241134683,0.23668636916244154,26,rider,0.1,0.5,weighted_crc,segformer_b2_cityscapes,cityscapes_val_half,129
,,,1.0,1000,False,0.0,0.0,1.0,0.944,1000,28,38,0,0.0,0.0,False,0.0,0.0,0.0,129.00002241134683,0.23668636916244154,26,rider,0.2,0.5,weighted_crc,segformer_b2_cityscapes,cityscapes_val_half,129
,,,1.0,1000,False,0.0,0.0,1.0,0.834,1000,83,159,0,0.0,0.0,False,0.0,0.0,0.0,172.00008869172214,0.18867920454222384,26,bicycle,0.05,0.1,weighted_crc,segformer_b2_cityscapes,cityscapes_val_half,172
,,,1.0,1000,False,0.0,0.0,1.0,0.834,1000,83,159,0,0.0,0.0,False,0.0,0.0,0.0,172.00008869172214,0.18867920454222384,26,bicycle,0.1,0.1,weighted_crc,segformer_b2_cityscapes,cityscapes_val_half,172
,,,0.9999631871026358,739,True,0.06035570854847963,0.06035570854847963,0.0637095645070076,34.528,725,83,159,9,0.05660377358490566,0.05399999999999999,False,0.09195402298850575,0.017241379310344827,0.0,172.00008869172214,0.18867920454222384,26,bicycle,0.2,0.1,weighted_crc,segformer_b2_cityscapes,cityscapes_val_half,172
,,,1.0,1000,False,0.0,0.0,1.0,0.834,1000,83,159,0,0.0,0.0,False,0.0,0.0,0.0,172.00008869172214,0.18867920454222384,26,bicycle,0.05,0.5,weighted_crc,segformer_b2_cityscapes,cityscapes_val_half,172
,,,1.0,1000,False,0.0,0.0,1.0,0.834,1000,83,159,0,0.0,0.0,False,0.0,0.0,0.0,172.00008869172214,0.18867920454222384,26,bicycle,0.1,0.5,weighted_crc,segformer_b2_cityscapes,cityscapes_val_half,172
,,,0.9999839305874698,799,True,0.06477337923121056,0.06477337923121056,0.0819460079073906,38.992,775,83,159,10,0.06289308176100629,0.11000000000000004,False,0.10344827586206896,0.017241379310344827,0.0,172.00008869172214,0.18867920454222384,26,bicycle,0.2,0.5,weighted_crc,segformer_b2_cityscapes,cityscapes_val_half,172
,,,1.0,1000,False,0.0,0.0,1.0,0.66,1000,170,334,0,0.0,0.0,False,0.0,0.0,0.0,197.00008869172078,0.16877633870899725,27,person,0.05,0.1,weighted_crc,segformer_b2_cityscapes,cityscapes_val_half,197
,,,1.0,1000,False,0.0,0.0,1.0,0.66,1000,170,334,0,0.0,0.0,False,0.0,0.0,0.0,197.00008869172078,0.16877633870899725,27,person,0.1,0.1,weighted_crc,segformer_b2_cityscapes,cityscapes_val_half,197
,,,0.9992414224249708,520,True,0.057352941176470586,0.057352941176470586,0.04620648920536041,27.25,500,170,334,13,0.038922155688622756,0.118,False,0.04736842105263158,0.03305785123966942,0.0,197.00008869172078,0.16877633870899725,27,person,0.2,0.1,weighted_crc,segformer_b2_cityscapes,cityscapes_val_half,197
,,,1.0,1000,False,0.0,0.0,1.0,0.66,1000,170,334,0,0.0,0.0,False,0.0,0.0,0.0,197.00008869172078,0.16877633870899725,27,person,0.05,0.5,weighted_crc,segformer_b2_cityscapes,cityscapes_val_half,197
,,,1.0,1000,False,0.0,0.0,1.0,0.66,1000,170,334,0,0.0,0.0,False,0.0,0.0,0.0,197.00008869172078,0.16877633870899725,27,person,0.1,0.5,weighted_crc,segformer_b2_cityscapes,cityscapes_val_half,197
,,,0.9996548562606642,577,True,0.061764705882352944,0.061764705882352944,0.06073551997542381,34.07,575,170,334,15,0.04491017964071856,0.09399999999999997,False,0.042105263157894736,0.05785123966942149,0.0,197.00008869172078,0.16877633870899725,27,person,0.2,0.5,weighted_crc,segformer_b2_cityscapes,cityscapes_val_half,197
,,,1.0,1000,False,0.0,0.0,1.0,0.944,1000,28,38,0,0.0,0.0,False,0.0,0.0,0.0,116.00006818772465,0.2564102031148586,27,rider,0.05,0.1,weighted_crc,segformer_b2_cityscapes,cityscapes_val_half,116
,,,1.0,1000,False,0.0,0.0,1.0,0.944,1000,28,38,0,0.0,0.0,False,0.0,0.0,0.0,116.00006818772465,0.2564102031148586,27,rider,0.1,0.1,weighted_crc,segformer_b2_cityscapes,cityscapes_val_half,116
,,,1.0,1000,False,0.0,0.0,1.0,0.944,1000,28,38,0,0.0,0.0,False,0.0,0.0,0.0,116.00006818772465,0.2564102031148586,27,rider,0.2,0.1,weighted_crc,segformer_b2_cityscapes,cityscapes_val_half,116
,,,1.0,1000,False,0.0,0.0,1.0,0.944,1000,28,38,0,0.0,0.0,False,0.0,0.0,0.0,116.00006818772465,0.2564102031148586,27,rider,0.05,0.5,weighted_crc,segformer_b2_cityscapes,cityscapes_val_half,116
,,,1.0,1000,False,0.0,0.0,1.0,0.944,1000,28,38,0,0.0,0.0,False,0.0,0.0,0.0,116.00006818772465,0.2564102031148586,27,rider,0.1,0.5,weighted_crc,segformer_b2_cityscapes,cityscapes_val_half,116
,,,1.0,1000,False,0.0,0.0,1.0,0.944,1000,28,38,0,0.0,0.0,False,0.0,0.0,0.0,116.00006818772465,0.2564102031148586,27,rider,0.2,0.5,weighted_crc,segformer_b2_cityscapes,cityscapes_val_half,116
,,,1.0,1000,False,0.0,0.0,1.0,0.834,1000,83,159,0,0.0,0.0,False,0.0,0.0,0.0,172.00008869172214,0.18867920454222384,27,bicycle,0.05,0.1,weighted_crc,segformer_b2_cityscapes,cityscapes_val_half,172
,,,1.0,1000,False,0.0,0.0,1.0,0.834,1000,83,159,0,0.0,0.0,False,0.0,0.0,0.0,172.00008869172214,0.18867920454222384,27,bicycle,0.1,0.1,weighted_crc,segformer_b2_cityscapes,cityscapes_val_half,172
,,,0.9999480004003467,714,True,0.06637980493402179,0.0663798049340218,0.05700810253620148,32.058,700,83,159,10,0.06289308176100629,0.04800000000000004,False,0.10344827586206896,0.017241379310344827,0.0,172.00008869172214,0.18867920454222384,27,bicycle,0.2,0.1,weighted_crc,segformer_b2_cityscapes,cityscapes_val_half,172
,,,1.0,1000,False,0.0,0.0,1.0,0.834,1000,83,159,0,0.0,0.0,False,0.0,0.0,0.0,172.00008869172214,0.18867920454222384,27,bicycle,0.05,0.5,weighted_crc,segformer_b2_cityscapes,cityscapes_val_half,172
,,,1.0,1000,False,0.0,0.0,1.0,0.834,1000,83,159,0,0.0,0.0,False,0.0,0.0,0.0,172.00008869172214,0.18867920454222384,27,bicycle,0.1,0.5,weighted_crc,segformer_b2_cityscapes,cityscapes_val_half,172
,,,0.9999822989104168,792,True,0.06878944348823866,0.06878944348823866,0.07968772947788239,38.992,775,83,159,11,0.06918238993710692,0.07800000000000001,False,0.11494252873563218,0.017241379310344827,0.0,172.00008869172214,0.18867920454222384,27,bicycle,0.2,0.5,weighted_crc,segformer_b2_cityscapes,cityscapes_val_half,172
,,,1.0,1000,False,0.0,0.0,1.0,0.66,1000,170,334,0,0.0,0.0,False,0.0,0.0,0.0,201.00004673004435,0.1659750879715009,28,person,0.05,0.1,weighted_crc,segformer_b2_cityscapes,cityscapes_val_half,201
,,,1.0,1000,False,0.0,0.0,1.0,0.66,1000,170,334,0,0.0,0.0,False,0.0,0.0,0.0,201.00004673004435,0.1659750879715009,28,person,0.1,0.1,weighted_crc,segformer_b2_cityscapes,cityscapes_val_half,201
,,,0.9990537628386342,504,True,0.057352941176470586,0.057352941176470586,0.04265260696411133,27.25,500,170,334,13,0.038922155688622756,0.118,False,0.04736842105263158,0.03305785123966942,0.0,201.00004673004435,0.1659750879715009,28,person,0.2,0.1,weighted_crc,segformer_b2_cityscapes,cityscapes_val_half,201
,,,1.0,1000,False,0.0,0.0,1.0,0.66,1000,170,334,0,0.0,0.0,False,0.0,0.0,0.0,201.00004673004435,0.1659750879715009,28,person,0.05,0.5,weighted_crc,segformer_b2_cityscapes,cityscapes_val_half,201
,,,1.0,1000,False,0.0,0.0,1.0,0.66,1000,170,334,0,0.0,0.0,False,0.0,0.0,0.0,201.00004673004435,0.1659750879715009,28,person,0.1,0.5,weighted_crc,segformer_b2_cityscapes,cityscapes_val_half,201
,,,0.9995450119398499,557,True,0.06470588235294118,0.06470588235294118,0.05527915805578232,31.994,550,170,334,16,0.04790419161676647,0.09799999999999998,False,0.04736842105263158,0.05785123966942149,0.0,201.00004673004435,0.1659750879715009,28,person,0.2,0.5,weighted_crc,segformer_b2_cityscapes,cityscapes_val_half,201
,,,1.0,1000,False,0.0,0.0,1.0,0.944,1000,28,38,0,0.0,0.0,False,0.0,0.0,0.0,137.00000286102312,0.2259886908239724,28,rider,0.05,0.1,weighted_crc,segformer_b2_cityscapes,cityscapes_val_half,137
,,,1.0,1000,False,0.0,0.0,1.0,0.944,1000,28,38,0,0.0,0.0,False,0.0,0.0,0.0,137.00000286102312,0.2259886908239724,28,rider,0.1,0.1,weighted_crc,segformer_b2_cityscapes,cityscapes_val_half,137
,,,1.0,1000,False,0.0,0.0,1.0,0.944,1000,28,38,0,0.0,0.0,False,0.0,0.0,0.0,137.00000286102312,0.2259886908239724,28,rider,0.2,0.1,weighted_crc,segformer_b2_cityscapes,cityscapes_val_half,137
,,,1.0,1000,False,0.0,0.0,1.0,0.944,1000,28,38,0,0.0,0.0,False,0.0,0.0,0.0,137.00000286102312,0.2259886908239724,28,rider,0.05,0.5,weighted_crc,segformer_b2_cityscapes,cityscapes_val_half,137
,,,1.0,1000,False,0.0,0.0,1.0,0.944,1000,28,38,0,0.0,0.0,False,0.0,0.0,0.0,137.00000286102312,0.2259886908239724,28,rider,0.1,0.5,weighted_crc,segformer_b2_cityscapes,cityscapes_val_half,137
,,,1.0,1000,False,0.0,0.0,1.0,0.944,1000,28,38,0,0.0,0.0,False,0.0,0.0,0.0,137.00000286102312,0.2259886908239724,28,rider,0.2,0.5,weighted_crc,segformer_b2_cityscapes,cityscapes_val_half,137
,,,1.0,1000,False,0.0,0.0,1.0,0.834,1000,83,159,0,0.0,0.0,False,0.0,0.0,0.0,182.0000982284697,0.1801801430270613,28,bicycle,0.05,0.1,weighted_crc,segformer_b2_cityscapes,cityscapes_val_half,182
,,,1.0,1000,False,0.0,0.0,1.0,0.834,1000,83,159,0,0.0,0.0,False,0.0,0.0,0.0,182.0000982284697,0.1801801430270613,28,bicycle,0.1,0.1,weighted_crc,segformer_b2_cityscapes,cityscapes_val_half,182
,,,0.9997750945394164,608,True,0.10694205393000575,0.10694205393000572,0.03409624844789505,24.196,600,83,159,16,0.10062893081761007,0.16600000000000004,True,0.16091954022988506,0.034482758620689655,0.0,182.0000982284697,0.1801801430270613,28,bicycle,0.2,0.1,weighted_crc,segformer_b2_cityscapes,cityscapes_val_half,182
,,,1.0,1000,False,0.0,0.0,1.0,0.834,1000,83,159,0,0.0,0.0,False,0.0,0.0,0.0,182.0000982284697,0.1801801430270613,28,bicycle,0.05,0.5,weighted_crc,segformer_b2_cityscapes,cityscapes_val_half,182
,,,1.0,1000,False,0.0,0.0,1.0,0.834,1000,83,159,0,0.0,0.0,False,0.0,0.0,0.0,182.0000982284697,0.1801801430270613,28,bicycle,0.1,0.5,weighted_crc,segformer_b2_cityscapes,cityscapes_val_half,182
,,,0.9998792186164893,653,True,0.12983362019506597,0.12983362019506597,0.04282229766249657,27.768,650,83,159,20,0.12578616352201258,0.134,True,0.1839080459770115,0.06896551724137931,0.0,182.0000982284697,0.1801801430270613,28,bicycle,0.2,0.5,weighted_crc,segformer_b2_cityscapes,cityscapes_val_half,182
,,,1.0,1000,False,0.0,0.0,1.0,0.66,1000,170,334,0,0.0,0.0,False,0.0,0.0,0.0,203.00006389618468,0.16460903282523037,29,person,0.05,0.1,weighted_crc,segformer_b2_cityscapes,cityscapes_val_half,203
,,,1.0,1000,False,0.0,0.0,1.0,0.66,1000,170,334,0,0.0,0.0,False,0.0,0.0,0.0,203.00006389618468,0.16460903282523037,29,person,0.1,0.1,weighted_crc,segformer_b2_cityscapes,cityscapes_val_half,203
,,,0.9985678121007264,474,True,0.06323529411764706,0.06323529411764706,0.03655869886279106,22.656,450,170,334,15,0.04491017964071856,0.124,False,0.05263157894736842,0.04132231404958678,0.0,203.00006389618468,0.16460903282523037,29,person,0.2,0.1,weighted_crc,segformer_b2_cityscapes,cityscapes_val_half,203
,,,1.0,1000,False,0.0,0.0,1.0,0.66,1000,170,334,0,0.0,0.0,False,0.0,0.0,0.0,203.00006389618468,0.16460903282523037,29,person,0.05,0.5,weighted_crc,segformer_b2_cityscapes,cityscapes_val_half,203
,,,1.0,1000,False,0.0,0.0,1.0,0.66,1000,170,334,0,0.0,0.0,False,0.0,0.0,0.0,203.00006389618468,0.16460903282523037,29,person,0.1,0.5,weighted_crc,segformer_b2_cityscapes,cityscapes_val_half,203
,,,0.9993483716059391,531,True,0.06960784313725489,0.06960784313725489,0.04876994341611862,29.594,525,170,334,18,0.05389221556886228,0.11599999999999999,False,0.05263157894736842,0.06611570247933884,0.0,203.00006389618468,0.16460903282523037,29,person,0.2,0.5,weighted_crc,segformer_b2_cityscapes,cityscapes_val_half,203
,,,1.0,1000,False,0.0,0.0,1.0,0.944,1000,28,38,0,0.0,0.0,False,0.0,0.0,0.0,127.00009346010091,0.23952089242876454,29,rider,0.05,0.1,weighted_crc,segformer_b2_cityscapes,cityscapes_val_half,127
,,,1.0,1000,False,0.0,0.0,1.0,0.944,1000,28,38,0,0.0,0.0,False,0.0,0.0,0.0,127.00009346010091,0.23952089242876454,29,rider,0.1,0.1,weighted_crc,segformer_b2_cityscapes,cityscapes_val_half,127
,,,1.0,1000,False,0.0,0.0,1.0,0.944,1000,28,38,0,0.0,0.0,False,0.0,0.0,0.0,127.00009346010091,0.23952089242876454,29,rider,0.2,0.1,weighted_crc,segformer_b2_cityscapes,cityscapes_val_half,127
,,,1.0,1000,False,0.0,0.0,1.0,0.944,1000,28,38,0,0.0,0.0,False,0.0,0.0,0.0,127.00009346010091,0.23952089242876454,29,rider,0.05,0.5,weighted_crc,segformer_b2_cityscapes,cityscapes_val_half,127
,,,1.0,1000,False,0.0,0.0,1.0,0.944,1000,28,38,0,0.0,0.0,False,0.0,0.0,0.0,127.00009346010091,0.23952089242876454,29,rider,0.1,0.5,weighted_crc,segformer_b2_cityscapes,cityscapes_val_half,127
,,,1.0,1000,False,0.0,0.0,1.0,0.944,1000,28,38,0,0.0,0.0,False,0.0,0.0,0.0,127.00009346010091,0.23952089242876454,29,rider,0.2,0.5,weighted_crc,segformer_b2_cityscapes,cityscapes_val_half,127
,,,1.0,1000,False,0.0,0.0,1.0,0.834,1000,83,159,0,0.0,0.0,False,0.0,0.0,0.0,165.00007867814105,0.1951219149106812,29,bicycle,0.05,0.1,weighted_crc,segformer_b2_cityscapes,cityscapes_val_half,165
,,,1.0,1000,False,0.0,0.0,1.0,0.834,1000,83,159,0,0.0,0.0,False,0.0,0.0,0.0,165.00007867814105,0.1951219149106812,29,bicycle,0.1,0.1,weighted_crc,segformer_b2_cityscapes,cityscapes_val_half,165
,,,0.9999796764298906,782,True,0.05461847389558233,0.05461847389558233,0.076488196849823,38.992,775,83,159,7,0.0440251572327044,0.13,True,0.06896551724137931,0.017241379310344827,0.0,165.00007867814105,0.1951219149106812,29,bicycle,0.2,0.1,weighted_crc,segformer_b2_cityscapes,cityscapes_val_half,165
,,,1.0,1000,False,0.0,0.0,1.0,0.834,1000,83,159,0,0.0,0.0,False,0.0,0.0,0.0,165.00007867814105,0.1951219149106812,29,bicycle,0.05,0.5,weighted_crc,segformer_b2_cityscapes,cityscapes_val_half,165
,,,1.0,1000,False,0.0,0.0,1.0,0.834,1000,83,159,0,0.0,0.0,False,0.0,0.0,0.0,165.00007867814105,0.1951219149106812,29,bicycle,0.1,0.5,weighted_crc,segformer_b2_cityscapes,cityscapes_val_half,165
,,,0.9999856120142174,807,True,0.06305220883534135,0.06305220883534136,0.08459604531526566,40.838,800,83,159,9,0.05660377358490566,0.14800000000000008,True,0.09195402298850575,0.017241379310344827,0.0,165.00007867814105,0.1951219149106812,29,bicycle,0.2,0.5,weighted_crc,segformer_b2_cityscapes,cityscapes_val_half,165
,,,1.0,1000,False,0.0,0.0,1.0,0.66,1000,170,334,0,0.0,0.0,False,0.0,0.0,0.0,196.00009202958432,0.1694914952875162,30,person,0.05,0.1,weighted_crc,segformer_b2_cityscapes,cityscapes_val_half,196
,,,1.0,1000,False,0.0,0.0,1.0,0.66,1000,170,334,0,0.0,0.0,False,0.0,0.0,0.0,196.00009202958432,0.1694914952875162,30,person,0.1,0.1,weighted_crc,segformer_b2_cityscapes,cityscapes_val_half,196
,,,0.9990137205143688,501,True,0.06323529411764706,0.06323529411764706,0.04200797155499458,27.25,500,170,334,15,0.04491017964071856,0.10599999999999998,False,0.05263157894736842,0.04132231404958678,0.0,196.00009202958432,0.1694914952875162,30,person,0.2,0.1,weighted_crc,segformer_b2_cityscapes,cityscapes_val_half,196
,,,1.0,1000,False,0.0,0.0,1.0,0.66,1000,170,334,0,0.0,0.0,False,0.0,0.0,0.0,196.00009202958432,0.1694914952875162,30,person,0.05,0.5,weighted_crc,segformer_b2_cityscapes,cityscapes_val_half,196
,,,1.0,1000,False,0.0,0.0,1.0,0.66,1000,170,334,0,0.0,0.0,False,0.0,0.0,0.0,196.00009202958432,0.1694914952875162,30,person,0.1,0.5,weighted_crc,segformer_b2_cityscapes,cityscapes_val_half,196
,,,0.9995574116276373,559,True,0.061764705882352944,0.061764705882352944,0.05580802261829376,31.994,550,170,334,15,0.04491017964071856,0.08599999999999997,False,0.042105263157894736,0.05785123966942149,0.0,196.00009202958432,0.1694914952875162,30,person,0.2,0.5,weighted_crc,segformer_b2_cityscapes,cityscapes_val_half,196
,,,1.0,1000,False,0.0,0.0,1.0,0.944,1000,28,38,0,0.0,0.0,False,0.0,0.0,0.0,130.000011920929,0.23529410444741505,30,rider,0.05,0.1,weighted_crc,segformer_b2_cityscapes,cityscapes_val_half,130
,,,1.0,1000,False,0.0,0.0,1.0,0.944,1000,28,38,0,0.0,0.0,False,0.0,0.0,0.0,130.000011920929,0.23529410444741505,30,rider,0.1,0.1,weighted_crc,segformer_b2_cityscapes,cityscapes_val_half,130
,,,1.0,1000,False,0.0,0.0,1.0,0.944,1000,28,38,0,0.0,0.0,False,0.0,0.0,0.0,130.000011920929,0.23529410444741505,30,rider,0.2,0.1,weighted_crc,segformer_b2_cityscapes,cityscapes_val_half,130
,,,1.0,1000,False,0.0,0.0,1.0,0.944,1000,28,38,0,0.0,0.0,False,0.0,0.0,0.0,130.000011920929,0.23529410444741505,30,rider,0.05,0.5,weighted_crc,segformer_b2_cityscapes,cityscapes_val_half,130
,,,1.0,1000,False,0.0,0.0,1.0,0.944,1000,28,38,0,0.0,0.0,False,0.0,0.0,0.0,130.000011920929,0.23529410444741505,30,rider,0.1,0.5,weighted_crc,segformer_b2_cityscapes,cityscapes_val_half,130
,,,1.0,1000,False,0.0,0.0,1.0,0.944,1000,28,38,0,0.0,0.0,False,0.0,0.0,0.0,130.000011920929,0.23529410444741505,30,rider,0.2,0.5,weighted_crc,segformer_b2_cityscapes,cityscapes_val_half,130
,,,1.0,1000,False,0.0,0.0,1.0,0.834,1000,83,159,0,0.0,0.0,False,0.0,0.0,0.0,171.00004196167205,0.1895734391516982,30,bicycle,0.05,0.1,weighted_crc,segformer_b2_cityscapes,cityscapes_val_half,171
,,,1.0,1000,False,0.0,0.0,1.0,0.834,1000,83,159,0,0.0,0.0,False,0.0,0.0,0.0,171.00004196167205,0.1895734391516982,30,bicycle,0.1,0.1,weighted_crc,segformer_b2_cityscapes,cityscapes_val_half,171
,,,0.9999223752883372,685,True,0.07039586919104991,0.07039586919104991,0.04989626258611679,29.932,675,83,159,11,0.06918238993710692,0.08199999999999996,False,0.11494252873563218,0.017241379310344827,0.0,171.00004196167205,0.1895734391516982,30,bicycle,0.2,0.1,weighted_crc,segformer_b2_cityscapes,cityscapes_val_half,171
,,,1.0,1000,False,0.0,0.0,1.0,0.834,1000,83,159,0,0.0,0.0,False,0.0,0.0,0.0,171.00004196167205,0.1895734391516982,30,bicycle,0.05,0.5,weighted_crc,segformer_b2_cityscapes,cityscapes_val_half,171
,,,1.0,1000,False,0.0,0.0,1.0,0.834,1000,83,159,0,0.0,0.0,False,0.0,0.0,0.0,171.00004196167205,0.1895734391516982,30,bicycle,0.1,0.5,weighted_crc,segformer_b2_cityscapes,cityscapes_val_half,171
,,,0.9999720745615877,759,True,0.06878944348823866,0.06878944348823866,0.06944561749696732,36.622,750,83,159,11,0.06918238993710692,0.068,False,0.11494252873563218,0.017241379310344827,0.0,171.00004196167205,0.1895734391516982,30,bicycle,0.2,0.5,weighted_crc,segformer_b2_cityscapes,cityscapes_val_half,171
,,,1.0,1000,False,0.0,0.0,1.0,0.66,1000,170,334,0,0.0,0.0,False,0.0,0.0,0.0,210.0000858306993,0.15999997558594123,31,person,0.05,0.1,weighted_crc,segformer_b2_cityscapes,cityscapes_val_half,210
,,,1.0,1000,False,0.0,0.0,1.0,0.66,1000,170,334,0,0.0,0.0,False,0.0,0.0,0.0,210.0000858306993,0.15999997558594123,31,person,0.1,0.1,weighted_crc,segformer_b2_cityscapes,cityscapes_val_half,210
,,,0.9982380239535884,459,True,0.06519607843137254,0.06519607843137254,0.03377114608883858,22.656,450,170,334,16,0.04790419161676647,0.13,True,0.05789473684210526,0.04132231404958678,0.0,210.0000858306993,0.15999997558594123,31,person,0.2,0.1,weighted_crc,segformer_b2_cityscapes,cityscapes_val_half,210
,,,1.0,1000,False,0.0,0.0,1.0,0.66,1000,170,334,0,0.0,0.0,False,0.0,0.0,0.0,210.0000858306993,0.15999997558594123,31,person,0.05,0.5,weighted_crc,segformer_b2_cityscapes,cityscapes_val_half,210
,,,1.0,1000,False,0.0,0.0,1.0,0.66,1000,170,334,0,0.0,0.0,False,0.0,0.0,0.0,210.0000858306993,0.15999997558594123,31,person,0.1,0.5,weighted_crc,segformer_b2_cityscapes,cityscapes_val_half,210
,,,0.9992518304994888,521,True,0.06960784313725489,0.06960784313725489,0.04642625153064728,27.25,500,170,334,18,0.05389221556886228,0.1080000000000001,False,0.05263157894736842,0.06611570247933884,0.0,210.0000858306993,0.15999997558594123,31,person,0.2,0.5,weighted_crc,segformer_b2_cityscapes,cityscapes_val_half,210
,,,1.0,1000,False,0.0,0.0,1.0,0.944,1000,28,38,0,0.0,0.0,False,0.0,0.0,0.0,137.00000286102312,0.2259886908239724,31,rider,0.05,0.1,weighted_crc,segformer_b2_cityscapes,cityscapes_val_half,137
,,,1.0,1000,False,0.0,0.0,1.0,0.944,1000,28,38,0,0.0,0.0,False,0.0,0.0,0.0,137.00000286102312,0.2259886908239724,31,rider,0.1,0.1,weighted_crc,segformer_b2_cityscapes,cityscapes_val_half,137
,,,1.0,1000,False,0.0,0.0,1.0,0.944,1000,28,38,0,0.0,0.0,False,0.0,0.0,0.0,137.00000286102312,0.2259886908239724,31,rider,0.2,0.1,weighted_crc,segformer_b2_cityscapes,cityscapes_val_half,137
,,,1.0,1000,False,0.0,0.0,1.0,0.944,1000,28,38,0,0.0,0.0,False,0.0,0.0,0.0,137.00000286102312,0.2259886908239724,31,rider,0.05,0.5,weighted_crc,segformer_b2_cityscapes,cityscapes_val_half,137
,,,1.0,1000,False,0.0,0.0,1.0,0.944,1000,28,38,0,0.0,0.0,False,0.0,0.0,0.0,137.00000286102312,0.2259886908239724,31,rider,0.1,0.5,weighted_crc,segformer_b2_cityscapes,cityscapes_val_half,137
,,,1.0,1000,False,0.0,0.0,1.0,0.944,1000,28,38,0,0.0,0.0,False,0.0,0.0,0.0,137.00000286102312,0.2259886908239724,31,rider,0.2,0.5,weighted_crc,segformer_b2_cityscapes,cityscapes_val_half,137
,,,1.0,1000,False,0.0,0.0,1.0,0.834,1000,83,159,0,0.0,0.0,False,0.0,0.0,0.0,172.00008869172214,0.18867920454222384,31,bicycle,0.05,0.1,weighted_crc,segformer_b2_cityscapes,cityscapes_val_half,172
,,,1.0,1000,False,0.0,0.0,1.0,0.834,1000,83,159,0,0.0,0.0,False,0.0,0.0,0.0,172.00008869172214,0.18867920454222384,31,bicycle,0.1,0.1,weighted_crc,segformer_b2_cityscapes,cityscapes_val_half,172
,,,0.999958313061653,730,True,0.06637980493402179,0.0663798049340218,0.061229970306158066,34.528,725,83,159,10,0.06289308176100629,0.05599999999999994,False,0.10344827586206896,0.017241379310344827,0.0,172.00008869172214,0.18867920454222384,31,bicycle,0.2,0.1,weighted_crc,segformer_b2_cityscapes,cityscapes_val_half,172
,,,1.0,1000,False,0.0,0.0,1.0,0.834,1000,83,159,0,0.0,0.0,False,0.0,0.0,0.0,172.00008869172214,0.18867920454222384,31,bicycle,0.05,0.5,weighted_crc,segformer_b2_cityscapes,cityscapes_val_half,172
,,,1.0,1000,False,0.0,0.0,1.0,0.834,1000,83,159,0,0.0,0.0,False,0.0,0.0,0.0,172.00008869172214,0.18867920454222384,31,bicycle,0.1,0.5,weighted_crc,segformer_b2_cityscapes,cityscapes_val_half,172
,,,0.9999856120142174,807,True,0.06305220883534135,0.06305220883534136,0.08459604531526566,40.838,800,83,159,9,0.05660377358490566,0.09800000000000003,False,0.09195402298850575,0.017241379310344827,0.0,172.00008869172214,0.18867920454222384,31,bicycle,0.2,0.5,weighted_crc,segformer_b2_cityscapes,cityscapes_val_half,172
,,,1.0,1000,False,0.0,0.0,1.0,0.66,1000,170,334,0,0.0,0.0,False,0.0,0.0,0.0,206.00012779238003,0.1626015856731171,32,person,0.05,0.1,weighted_crc,segformer_b2_cityscapes,cityscapes_val_half,206
,,,1.0,1000,False,0.0,0.0,1.0,0.66,1000,170,334,0,0.0,0.0,False,0.0,0.0,0.0,206.00012779238003,0.1626015856731171,32,person,0.1,0.1,weighted_crc,segformer_b2_cityscapes,cityscapes_val_half,206
,,,0.9984653830172007,469,True,0.06323529411764706,0.06323529411764706,0.03560402989387512,22.656,450,170,334,15,0.04491017964071856,0.16000000000000003,True,0.05263157894736842,0.04132231404958678,0.0,206.00012779238003,0.1626015856731171,32,person,0.2,0.1,weighted_crc,segformer_b2_cityscapes,cityscapes_val_half,206
,,,1.0,1000,False,0.0,0.0,1.0,0.66,1000,170,334,0,0.0,0.0,False,0.0,0.0,0.0,206.00012779238003,0.1626015856731171,32,person,0.05,0.5,weighted_crc,segformer_b2_cityscapes,cityscapes_val_half,206
,,,1.0,1000,False,0.0,0.0,1.0,0.66,1000,170,334,0,0.0,0.0,False,0.0,0.0,0.0,206.00012779238003,0.1626015856731171,32,person,0.1,0.5,weighted_crc,segformer_b2_cityscapes,cityscapes_val_half,206
,,,0.9994324553945915,541,True,0.06764705882352941,0.06764705882352941,0.051193717867136,29.594,525,170,334,17,0.05089820359281437,0.124,False,0.05263157894736842,0.05785123966942149,0.0,206.00012779238003,0.1626015856731171,32,person,0.2,0.5,weighted_crc,segformer_b2_cityscapes,cityscapes_val_half,206
,,,1.0,1000,False,0.0,0.0,1.0,0.944,1000,28,38,0,0.0,0.0,False,0.0,0.0,0.0,134.99999761581424,0.22857142857142856,32,rider,0.05,0.1,weighted_crc,segformer_b2_cityscapes,cityscapes_val_half,135
,,,1.0,1000,False,0.0,0.0,1.0,0.944,1000,28,38,0,0.0,0.0,False,0.0,0.0,0.0,134.99999761581424,0.22857142857142856,32,rider,0.1,0.1,weighted_crc,segformer_b2_cityscapes,cityscapes_val_half,135
,,,1.0,1000,False,0.0,0.0,1.0,0.944,1000,28,38,0,0.0,0.0,False,0.0,0.0,0.0,134.99999761581424,0.22857142857142856,32,rider,0.2,0.1,weighted_crc,segformer_b2_cityscapes,cityscapes_val_half,135
,,,1.0,1000,False,0.0,0.0,1.0,0.944,1000,28,38,0,0.0,0.0,False,0.0,0.0,0.0,134.99999761581424,0.22857142857142856,32,rider,0.05,0.5,weighted_crc,segformer_b2_cityscapes,cityscapes_val_half,135
,,,1.0,1000,False,0.0,0.0,1.0,0.944,1000,28,38,0,0.0,0.0,False,0.0,0.0,0.0,134.99999761581424,0.22857142857142856,32,rider,0.1,0.5,weighted_crc,segformer_b2_cityscapes,cityscapes_val_half,135
,,,1.0,1000,False,0.0,0.0,1.0,0.944,1000,28,38,0,0.0,0.0,False,0.0,0.0,0.0,134.99999761581424,0.22857142857142856,32,rider,0.2,0.5,weighted_crc,segformer_b2_cityscapes,cityscapes_val_half,135
,,,1.0,1000,False,0.0,0.0,1.0,0.834,1000,83,159,0,0.0,0.0,False,0.0,0.0,0.0,178.00006389618545,0.18348621284607874,32,bicycle,0.05,0.1,weighted_crc,segformer_b2_cityscapes,cityscapes_val_half,178
,,,1.0,1000,False,0.0,0.0,1.0,0.834,1000,83,159,0,0.0,0.0,False,0.0,0.0,0.0,178.00006389618545,0.18348621284607874,32,bicycle,0.1,0.1,weighted_crc,segformer_b2_cityscapes,cityscapes_val_half,178
,,,0.999868780010098,647,True,0.08244406196213425,0.08244406196213425,0.041580140590667725,25.956,625,83,159,12,0.07547169811320754,0.126,True,0.12643678160919541,0.017241379310344827,0.0,178.00006389618545,0.18348621284607874,32,bicycle,0.2,0.1,weighted_crc,segformer_b2_cityscapes,cityscapes_val_half,178
,,,1.0,1000,False,0.0,0.0,1.0,0.834,1000,83,159,0,0.0,0.0,False,0.0,0.0,0.0,178.00006389618545,0.18348621284607874,32,bicycle,0.05,0.5,weighted_crc,segformer_b2_cityscapes,cityscapes_val_half,178
,,,1.0,1000,False,0.0,0.0,1.0,0.834,1000,83,159,0,0.0,0.0,False,0.0,0.0,0.0,178.00006389618545,0.18348621284607874,32,bicycle,0.1,0.5,weighted_crc,segformer_b2_cityscapes,cityscapes_val_half,178
,,,0.9999394659125246,703,True,0.10332759609868043,0.10332759609868043,0.05423121526837349,32.058,700,83,159,16,0.10062893081761007,0.08599999999999997,False,0.16091954022988506,0.034482758620689655,0.0,178.00006389618545,0.18348621284607874,32,bicycle,0.2,0.5,weighted_crc,segformer_b2_cityscapes,cityscapes_val_half,178
,,,1.0,1000,False,0.0,0.0,1.0,0.66,1000,170,334,0,0.0,0.0,False,0.0,0.0,0.0,203.00006389618468,0.16460903282523037,33,person,0.05,0.1,weighted_crc,segformer_b2_cityscapes,cityscapes_val_half,203
,,,1.0,1000,False,0.0,0.0,1.0,0.66,1000,170,334,0,0.0,0.0,False,0.0,0.0,0.0,203.00006389618468,0.16460903282523037,33,person,0.1,0.1,weighted_crc,segformer_b2_cityscapes,cityscapes_val_half,203
,,,0.9976121887170868,437,True,0.07598039215686275,0.07598039215686274,0.02999001182615757,20.462,425,170,334,20,0.059880239520958084,0.138,True,0.07368421052631578,0.049586776859504134,0.0,203.00006389618468,0.16460903282523037,33,person,0.2,0.1,weighted_crc,segformer_b2_cityscapes,cityscapes_val_half,203
,,,1.0,1000,False,0.0,0.0,1.0,0.66,1000,170,334,0,0.0,0.0,False,0.0,0.0,0.0,203.00006389618468,0.16460903282523037,33,person,0.05,0.5,weighted_crc,segformer_b2_cityscapes,cityscapes_val_half,203
,,,1.0,1000,False,0.0,0.0,1.0,0.66,1000,170,334,0,0.0,0.0,False,0.0,0.0,0.0,203.00006389618468,0.16460903282523037,33,person,0.1,0.5,weighted_crc,segformer_b2_cityscapes,cityscapes_val_half,203
,,,0.9992620957698709,522,True,0.06960784313725489,0.06960784313725489,0.04666009172797203,27.25,500,170,334,18,0.05389221556886228,0.122,False,0.05263157894736842,0.06611570247933884,0.0,203.00006389618468,0.16460903282523037,33,person,0.2,0.5,weighted_crc,segformer_b2_cityscapes,cityscapes_val_half,203
,,,1.0,1000,False,0.0,0.0,1.0,0.944,1000,28,38,0,0.0,0.0,False,0.0,0.0,0.0,137.00000286102312,0.2259886908239724,33,rider,0.05,0.1,weighted_crc,segformer_b2_cityscapes,cityscapes_val_half,137
,,,1.0,1000,False,0.0,0.0,1.0,0.944,1000,28,38,0,0.0,0.0,False,0.0,0.0,0.0,137.00000286102312,0.2259886908239724,33,rider,0.1,0.1,weighted_crc,segformer_b2_cityscapes,cityscapes_val_half,137
,,,1.0,1000,False,0.0,0.0,1.0,0.944,1000,28,38,0,0.0,0.0,False,0.0,0.0,0.0,137.00000286102312,0.2259886908239724,33,rider,0.2,0.1,weighted_crc,segformer_b2_cityscapes,cityscapes_val_half,137
,,,1.0,1000,False,0.0,0.0,1.0,0.944,1000,28,38,0,0.0,0.0,False,0.0,0.0,0.0,137.00000286102312,0.2259886908239724,33,rider,0.05,0.5,weighted_crc,segformer_b2_cityscapes,cityscapes_val_half,137
,,,1.0,1000,False,0.0,0.0,1.0,0.944,1000,28,38,0,0.0,0.0,False,0.0,0.0,0.0,137.00000286102312,0.2259886908239724,33,rider,0.1,0.5,weighted_crc,segformer_b2_cityscapes,cityscapes_val_half,137
,,,1.0,1000,False,0.0,0.0,1.0,0.944,1000,28,38,0,0.0,0.0,False,0.0,0.0,0.0,137.00000286102312,0.2259886908239724,33,rider,0.2,0.5,weighted_crc,segformer_b2_cityscapes,cityscapes_val_half,137
,,,1.0,1000,False,0.0,0.0,1.0,0.834,1000,83,159,0,0.0,0.0,False,0.0,0.0,0.0,177.00005531311498,0.18433177455212252,33,bicycle,0.05,0.1,weighted_crc,segformer_b2_cityscapes,cityscapes_val_half,177
,,,1.0,1000,False,0.0,0.0,1.0,0.834,1000,83,159,0,0.0,0.0,False,0.0,0.0,0.0,177.00005531311498,0.18433177455212252,33,bicycle,0.1,0.1,weighted_crc,segformer_b2_cityscapes,cityscapes_val_half,177
,,,0.999868780010098,647,True,0.08244406196213425,0.08244406196213425,0.041580140590667725,25.956,625,83,159,12,0.07547169811320754,0.122,False,0.12643678160919541,0.017241379310344827,0.0,177.00005531311498,0.18433177455212252,33,bicycle,0.2,0.1,weighted_crc,segformer_b2_cityscapes,cityscapes_val_half,177
,,,1.0,1000,False,0.0,0.0,1.0,0.834,1000,83,159,0,0.0,0.0,False,0.0,0.0,0.0,177.00005531311498,0.18433177455212252,33,bicycle,0.05,0.5,weighted_crc,segformer_b2_cityscapes,cityscapes_val_half,177
,,,1.0,1000,False,0.0,0.0,1.0,0.834,1000,83,159,0,0.0,0.0,False,0.0,0.0,0.0,177.00005531311498,0.18433177455212252,33,bicycle,0.1,0.5,weighted_crc,segformer_b2_cityscapes,cityscapes_val_half,177
,,,0.9999394659125246,703,True,0.10332759609868043,0.10332759609868043,0.05423121526837349,32.058,700,83,159,16,0.10062893081761007,0.07799999999999996,False,0.16091954022988506,0.034482758620689655,0.0,177.00005531311498,0.18433177455212252,33,bicycle,0.2,0.5,weighted_crc,segformer_b2_cityscapes,cityscapes_val_half,177
,,,1.0,1000,False,0.0,0.0,1.0,0.66,1000,170,334,0,0.0,0.0,False,0.0,0.0,0.0,209.00007724762844,0.1606425481316297,34,person,0.05,0.1,weighted_crc,segformer_b2_cityscapes,cityscapes_val_half,209
,,,1.0,1000,False,0.0,0.0,1.0,0.66,1000,170,334,0,0.0,0.0,False,0.0,0.0,0.0,209.00007724762844,0.1606425481316297,34,person,0.1,0.1,weighted_crc,segformer_b2_cityscapes,cityscapes_val_half,209
,,,0.9975789709532639,436,True,0.07598039215686275,0.07598039215686274,0.02982080541551113,20.462,425,170,334,20,0.059880239520958084,0.18999999999999995,True,0.07368421052631578,0.049586776859504134,0.0,209.00007724762844,0.1606425481316297,34,person,0.2,0.1,weighted_crc,segformer_b2_cityscapes,cityscapes_val_half,209
,,,1.0,1000,False,0.0,0.0,1.0,0.66,1000,170,334,0,0.0,0.0,False,0.0,0.0,0.0,209.00007724762844,0.1606425481316297,34,person,0.05,0.5,weighted_crc,segformer_b2_cityscapes,cityscapes_val_half,209
,,,1.0,1000,False,0.0,0.0,1.0,0.66,1000,170,334,0,0.0,0.0,False,0.0,0.0,0.0,209.00007724762844,0.1606425481316297,34,person,0.1,0.5,weighted_crc,segformer_b2_cityscapes,cityscapes_val_half,209
,,,0.9992308695597134,519,True,0.06960784313725489,0.06960784313725489,0.045979585498571396,27.25,500,170,334,18,0.05389221556886228,0.15400000000000003,True,0.05263157894736842,0.06611570247933884,0.0,209.00007724762844,0.1606425481316297,34,person,0.2,0.5,weighted_crc,segformer_b2_cityscapes,cityscapes_val_half,209
,,,1.0,1000,False,0.0,0.0,1.0,0.944,1000,28,38,0,0.0,0.0,False,0.0,0.0,0.0,133.00001859664957,0.23121385753738374,34,rider,0.05,0.1,weighted_crc,segformer_b2_cityscapes,cityscapes_val_half,133
,,,1.0,1000,False,0.0,0.0,1.0,0.944,1000,28,38,0,0.0,0.0,False,0.0,0.0,0.0,133.00001859664957,0.23121385753738374,34,rider,0.1,0.1,weighted_crc,segformer_b2_cityscapes,cityscapes_val_half,133
,,,1.0,1000,False,0.0,0.0,1.0,0.944,1000,28,38,0,0.0,0.0,False,0.0,0.0,0.0,133.00001859664957,0.23121385753738374,34,rider,0.2,0.1,weighted_crc,segformer_b2_cityscapes,cityscapes_val_half,133
,,,1.0,1000,False,0.0,0.0,1.0,0.944,1000,28,38,0,0.0,0.0,False,0.0,0.0,0.0,133.00001859664957,0.23121385753738374,34,rider,0.05,0.5,weighted_crc,segformer_b2_cityscapes,cityscapes_val_half,133
,,,1.0,1000,False,0.0,0.0,1.0,0.944,1000,28,38,0,0.0,0.0,False,0.0,0.0,0.0,133.00001859664957,0.23121385753738374,34,rider,0.1,0.5,weighted_crc,segformer_b2_cityscapes,cityscapes_val_half,133
,,,1.0,1000,False,0.0,0.0,1.0,0.944,1000,28,38,0,0.0,0.0,False,0.0,0.0,0.0,133.00001859664957,0.23121385753738374,34,rider,0.2,0.5,weighted_crc,segformer_b2_cityscapes,cityscapes_val_half,133
,,,1.0,1000,False,0.0,0.0,1.0,0.834,1000,83,159,0,0.0,0.0,False,0.0,0.0,0.0,175.00007629395364,0.18604647861809334,34,bicycle,0.05,0.1,weighted_crc,segformer_b2_cityscapes,cityscapes_val_half,175
,,,1.0,1000,False,0.0,0.0,1.0,0.834,1000,83,159,0,0.0,0.0,False,0.0,0.0,0.0,175.00007629395364,0.18604647861809334,34,bicycle,0.1,0.1,weighted_crc,segformer_b2_cityscapes,cityscapes_val_half,175
,,,0.9998407791272949,633,True,0.0948938611589214,0.09489386115892139,0.03876391425728798,25.956,625,83,159,15,0.09433962264150944,0.132,True,0.16091954022988506,0.017241379310344827,0.0,175.00007629395364,0.18604647861809334,34,bicycle,0.2,0.1,weighted_crc,segformer_b2_cityscapes,cityscapes_val_half,175
,,,1.0,1000,False,0.0,0.0,1.0,0.834,1000,83,159,0,0.0,0.0,False,0.0,0.0,0.0,175.00007629395364,0.18604647861809334,34,bicycle,0.05,0.5,weighted_crc,segformer_b2_cityscapes,cityscapes_val_half,175
,,,1.0,1000,False,0.0,0.0,1.0,0.834,1000,83,159,0,0.0,0.0,False,0.0,0.0,0.0,175.00007629395364,0.18604647861809334,34,bicycle,0.1,0.5,weighted_crc,segformer_b2_cityscapes,cityscapes_val_half,175
,,,0.9999156665242236,679,True,0.11176133103843947,0.11176133103843947,0.04851599782705307,29.932,675,83,159,18,0.11320754716981132,0.10399999999999998,False,0.1724137931034483,0.05172413793103448,0.0,175.00007629395364,0.18604647861809334,34,bicycle,0.2,0.5,weighted_crc,segformer_b2_cityscapes,cityscapes_val_half,175
,,,1.0,1000,False,0.0,0.0,1.0,0.66,1000,170,334,0,0.0,0.0,False,0.0,0.0,0.0,200.0000762939526,0.16666664017571764,35,person,0.05,0.1,weighted_crc,segformer_b2_cityscapes,cityscapes_val_half,200
,,,1.0,1000,False,0.0,0.0,1.0,0.66,1000,170,334,0,0.0,0.0,False,0.0,0.0,0.0,200.0000762939526,0.16666664017571764,35,person,0.1,0.1,weighted_crc,segformer_b2_cityscapes,cityscapes_val_half,200
,,,0.9987697312291877,485,True,0.06323529411764706,0.06323529411764706,0.03870777413249016,25.124,475,170,334,15,0.04491017964071856,0.15400000000000003,True,0.05263157894736842,0.04132231404958678,0.0,200.0000762939526,0.16666664017571764,35,person,0.2,0.1,weighted_crc,segformer_b2_cityscapes,cityscapes_val_half,200
,,,1.0,1000,False,0.0,0.0,1.0,0.66,1000,170,334,0,0.0,0.0,False,0.0,0.0,0.0,200.0000762939526,0.16666664017571764,35,person,0.05,0.5,weighted_crc,segformer_b2_cityscapes,cityscapes_val_half,200
,,,1.0,1000,False,0.0,0.0,1.0,0.66,1000,170,334,0,0.0,0.0,False,0.0,0.0,0.0,200.0000762939526,0.16666664017571764,35,person,0.1,0.5,weighted_crc,segformer_b2_cityscapes,cityscapes_val_half,200
,,,0.9994988127663728,550,True,0.06470588235294118,0.06470588235294118,0.05345297232270241,31.994,550,170,334,16,0.04790419161676647,0.11599999999999999,False,0.04736842105263158,0.05785123966942149,0.0,200.0000762939526,0.16666664017571764,35,person,0.2,0.5,weighted_crc,segformer_b2_cityscapes,cityscapes_val_half,200
,,,1.0,1000,False,0.0,0.0,1.0,0.944,1000,28,38,0,0.0,0.0,False,0.0,0.0,0.0,121.00004196167293,0.2484471696490408,35,rider,0.05,0.1,weighted_crc,segformer_b2_cityscapes,cityscapes_val_half,121
,,,1.0,1000,False,0.0,0.0,1.0,0.944,1000,28,38,0,0.0,0.0,False,0.0,0.0,0.0,121.00004196167293,0.2484471696490408,35,rider,0.1,0.1,weighted_crc,segformer_b2_cityscapes,cityscapes_val_half,121
,,,1.0,1000,False,0.0,0.0,1.0,0.944,1000,28,38,0,0.0,0.0,False,0.0,0.0,0.0,121.00004196167293,0.2484471696490408,35,rider,0.2,0.1,weighted_crc,segformer_b2_cityscapes,cityscapes_val_half,121
,,,1.0,1000,False,0.0,0.0,1.0,0.944,1000,28,38,0,0.0,0.0,False,0.0,0.0,0.0,121.00004196167293,0.2484471696490408,35,rider,0.05,0.5,weighted_crc,segformer_b2_cityscapes,cityscapes_val_half,121
,,,1.0,1000,False,0.0,0.0,1.0,0.944,1000,28,38,0,0.0,0.0,False,0.0,0.0,0.0,121.00004196167293,0.2484471696490408,35,rider,0.1,0.5,weighted_crc,segformer_b2_cityscapes,cityscapes_val_half,121
,,,1.0,1000,False,0.0,0.0,1.0,0.944,1000,28,38,0,0.0,0.0,False,0.0,0.0,0.0,121.00004196167293,0.2484471696490408,35,rider,0.2,0.5,weighted_crc,segformer_b2_cityscapes,cityscapes_val_half,121
,,,1.0,1000,False,0.0,0.0,1.0,0.834,1000,83,159,0,0.0,0.0,False,0.0,0.0,0.0,167.0000958442838,0.19323667224312627,35,bicycle,0.05,0.1,weighted_crc,segformer_b2_cityscapes,cityscapes_val_half,167
,,,1.0,1000,False,0.0,0.0,1.0,0.834,1000,83,159,0,0.0,0.0,False,0.0,0.0,0.0,167.0000958442838,0.19323667224312627,35,bicycle,0.1,0.1,weighted_crc,segformer_b2_cityscapes,cityscapes_val_half,167
,,,0.9999696610881581,753,True,0.06035570854847963,0.06035570854847963,0.06766963750123978,36.622,750,83,159,9,0.05660377358490566,0.08000000000000002,False,0.09195402298850575,0.017241379310344827,0.0,167.0000958442838,0.19323667224312627,35,bicycle,0.2,0.1,weighted_crc,segformer_b2_cityscapes,cityscapes_val_half,167
,,,1.0,1000,False,0.0,0.0,1.0,0.834,1000,83,159,0,0.0,0.0,False,0.0,0.0,0.0,167.0000958442838,0.19323667224312627,35,bicycle,0.05,0.5,weighted_crc,segformer_b2_cityscapes,cityscapes_val_half,167
,,,1.0,1000,False,0.0,0.0,1.0,0.834,1000,83,159,0,0.0,0.0,False,0.0,0.0,0.0,167.0000958442838,0.19323667224312627,35,bicycle,0.1,0.5,weighted_crc,segformer_b2_cityscapes,cityscapes_val_half,167
,,,0.9999884654674218,823,True,0.06305220883534135,0.06305220883534136,0.09012430161237717,40.838,800,83,159,9,0.05660377358490566,0.14000000000000007,True,0.09195402298850575,0.017241379310344827,0.0,167.0000958442838,0.19323667224312627,35,bicycle,0.2,0.5,weighted_crc,segformer_b2_cityscapes,cityscapes_val_half,167
,,,1.0,1000,False,0.0,0.0,1.0,0.66,1000,170,334,0,0.0,0.0,False,0.0,0.0,0.0,203.00006389618468,0.16460903282523037,36,person,0.05,0.1,weighted_crc,segformer_b2_cityscapes,cityscapes_val_half,203
,,,1.0,1000,False,0.0,0.0,1.0,0.66,1000,170,334,0,0.0,0.0,False,0.0,0.0,0.0,203.00006389618468,0.16460903282523037,36,person,0.1,0.1,weighted_crc,segformer_b2_cityscapes,cityscapes_val_half,203
,,,0.9985678121007264,474,True,0.06323529411764706,0.06323529411764706,0.03655869886279106,22.656,450,170,334,15,0.04491017964071856,0.15800000000000003,True,0.05263157894736842,0.04132231404958678,0.0,203.00006389618468,0.16460903282523037,36,person,0.2,0.1,weighted_crc,segformer_b2_cityscapes,cityscapes_val_half,203
,,,1.0,1000,False,0.0,0.0,1.0,0.66,1000,170,334,0,0.0,0.0,False,0.0,0.0,0.0,203.00006389618468,0.16460903282523037,36,person,0.05,0.5,weighted_crc,segformer_b2_cityscapes,cityscapes_val_half,203
,,,1.0,1000,False,0.0,0.0,1.0,0.66,1000,170,334,0,0.0,0.0,False,0.0,0.0,0.0,203.00006389618468,0.16460903282523037,36,person,0.1,0.5,weighted_crc,segformer_b2_cityscapes,cityscapes_val_half,203
,,,0.9994245600626629,540,True,0.06764705882352941,0.06764705882352941,0.05095503479242325,29.594,525,170,334,17,0.05089820359281437,0.128,True,0.05263157894736842,0.05785123966942149,0.0,203.00006389618468,0.16460903282523037,36,person,0.2,0.5,weighted_crc,segformer_b2_cityscapes,cityscapes_val_half,203
,,,1.0,1000,False,0.0,0.0,1.0,0.944,1000,28,38,0,0.0,0.0,False,0.0,0.0,0.0,125.00007629395695,0.24242418637727994,36,rider,0.05,0.1,weighted_crc,segformer_b2_cityscapes,cityscapes_val_half,125
,,,1.0,1000,False,0.0,0.0,1.0,0.944,1000,28,38,0,0.0,0.0,False,0.0,0.0,0.0,125.00007629395695,0.24242418637727994,36,rider,0.1,0.1,weighted_crc,segformer_b2_cityscapes,cityscapes_val_half,125
,,,1.0,1000,False,0.0,0.0,1.0,0.944,1000,28,38,0,0.0,0.0,False,0.0,0.0,0.0,125.00007629395695,0.24242418637727994,36,rider,0.2,0.1,weighted_crc,segformer_b2_cityscapes,cityscapes_val_half,125
,,,1.0,1000,False,0.0,0.0,1.0,0.944,1000,28,38,0,0.0,0.0,False,0.0,0.0,0.0,125.00007629395695,0.24242418637727994,36,rider,0.05,0.5,weighted_crc,segformer_b2_cityscapes,cityscapes_val_half,125
,,,1.0,1000,False,0.0,0.0,1.0,0.944,1000,28,38,0,0.0,0.0,False,0.0,0.0,0.0,125.00007629395695,0.24242418637727994,36,rider,0.1,0.5,weighted_crc,segformer_b2_cityscapes,cityscapes_val_half,125
,,,1.0,1000,False,0.0,0.0,1.0,0.944,1000,28,38,0,0.0,0.0,False,0.0,0.0,0.0,125.00007629395695,0.24242418637727994,36,rider,0.2,0.5,weighted_crc,segformer_b2_cityscapes,cityscapes_val_half,125
,,,1.0,1000,False,0.0,0.0,1.0,0.834,1000,83,159,0,0.0,0.0,False,0.0,0.0,0.0,177.00005531311498,0.18433177455212252,36,bicycle,0.05,0.1,weighted_crc,segformer_b2_cityscapes,cityscapes_val_half,177
,,,1.0,1000,False,0.0,0.0,1.0,0.834,1000,83,159,0,0.0,0.0,False,0.0,0.0,0.0,177.00005531311498,0.18433177455212252,36,bicycle,0.1,0.1,weighted_crc,segformer_b2_cityscapes,cityscapes_val_half,177
,,,0.9998574392406397,641,True,0.08485370051635112,0.0848537005163511,0.04035777971148491,25.956,625,83,159,13,0.08176100628930817,0.15600000000000003,True,0.13793103448275862,0.017241379310344827,0.0,177.00005531311498,0.18433177455212252,36,bicycle,0.2,0.1,weighted_crc,segformer_b2_cityscapes,cityscapes_val_half,177
,,,1.0,1000,False,0.0,0.0,1.0,0.834,1000,83,159,0,0.0,0.0,False,0.0,0.0,0.0,177.00005531311498,0.18433177455212252,36,bicycle,0.05,0.5,weighted_crc,segformer_b2_cityscapes,cityscapes_val_half,177
,,,1.0,1000,False,0.0,0.0,1.0,0.834,1000,83,159,0,0.0,0.0,False,0.0,0.0,0.0,177.00005531311498,0.18433177455212252,36,bicycle,0.1,0.5,weighted_crc,segformer_b2_cityscapes,cityscapes_val_half,177
,,,0.9999394659125246,703,True,0.10332759609868043,0.10332759609868043,0.05423121526837349,32.058,700,83,159,16,0.10062893081761007,0.10399999999999998,False,0.16091954022988506,0.034482758620689655,0.0,177.00005531311498,0.18433177455212252,36,bicycle,0.2,0.5,weighted_crc,segformer_b2_cityscapes,cityscapes_val_half,177
,,,1.0,1000,False,0.0,0.0,1.0,0.66,1000,170,334,0,0.0,0.0,False,0.0,0.0,0.0,200.0000762939526,0.16666664017571764,37,person,0.05,0.1,weighted_crc,segformer_b2_cityscapes,cityscapes_val_half,200
,,,1.0,1000,False,0.0,0.0,1.0,0.66,1000,170,334,0,0.0,0.0,False,0.0,0.0,0.0,200.0000762939526,0.16666664017571764,37,person,0.1,0.1,weighted_crc,segformer_b2_cityscapes,cityscapes_val_half,200
,,,0.9982380239535884,459,True,0.06519607843137254,0.06519607843137254,0.03377114608883858,22.656,450,170,334,16,0.04790419161676647,0.132,True,0.05789473684210526,0.04132231404958678,0.0,200.0000762939526,0.16666664017571764,37,person,0.2,0.1,weighted_crc,segformer_b2_cityscapes,cityscapes_val_half,200
,,,1.0,1000,False,0.0,0.0,1.0,0.66,1000,170,334,0,0.0,0.0,False,0.0,0.0,0.0,200.0000762939526,0.16666664017571764,37,person,0.05,0.5,weighted_crc,segformer_b2_cityscapes,cityscapes_val_half,200
,,,1.0,1000,False,0.0,0.0,1.0,0.66,1000,170,334,0,0.0,0.0,False,0.0,0.0,0.0,200.0000762939526,0.16666664017571764,37,person,0.1,0.5,weighted_crc,segformer_b2_cityscapes,cityscapes_val_half,200
,,,0.9993483716059391,531,True,0.06960784313725489,0.06960784313725489,0.04876994341611862,29.594,525,170,334,18,0.05389221556886228,0.11199999999999999,False,0.05263157894736842,0.06611570247933884,0.0,200.0000762939526,0.16666664017571764,37,person,0.2,0.5,weighted_crc,segformer_b2_cityscapes,cityscapes_val_half,200
,,,1.0,1000,False,0.0,0.0,1.0,0.944,1000,28,38,0,0.0,0.0,False,0.0,0.0,0.0,127.00009346010091,0.23952089242876454,37,rider,0.05,0.1,weighted_crc,segformer_b2_cityscapes,cityscapes_val_half,127
,,,1.0,1000,False,0.0,0.0,1.0,0.944,1000,28,38,0,0.0,0.0,False,0.0,0.0,0.0,127.00009346010091,0.23952089242876454,37,rider,0.1,0.1,weighted_crc,segformer_b2_cityscapes,cityscapes_val_half,127
,,,1.0,1000,False,0.0,0.0,1.0,0.944,1000,28,38,0,0.0,0.0,False,0.0,0.0,0.0,127.00009346010091,0.23952089242876454,37,rider,0.2,0.1,weighted_crc,segformer_b2_cityscapes,cityscapes_val_half,127
,,,1.0,1000,False,0.0,0.0,1.0,0.944,1000,28,38,0,0.0,0.0,False,0.0,0.0,0.0,127.00009346010091,0.23952089242876454,37,rider,0.05,0.5,weighted_crc,segformer_b2_cityscapes,cityscapes_val_half,127
,,,1.0,1000,False,0.0,0.0,1.0,0.944,1000,28,38,0,0.0,0.0,False,0.0,0.0,0.0,127.00009346010091,0.23952089242876454,37,rider,0.1,0.5,weighted_crc,segformer_b2_cityscapes,cityscapes_val_half,127
,,,1.0,1000,False,0.0,0.0,1.0,0.944,1000,28,38,0,0.0,0.0,False,0.0,0.0,0.0,127.00009346010091,0.23952089242876454,37,rider,0.2,0.5,weighted_crc,segformer_b2_cityscapes,cityscapes_val_half,127
,,,1.0,1000,False,0.0,0.0,1.0,0.834,1000,83,159,0,0.0,0.0,False,0.0,0.0,0.0,171.00004196167205,0.1895734391516982,37,bicycle,0.05,0.1,weighted_crc,segformer_b2_cityscapes,cityscapes_val_half,171
,,,1.0,1000,False,0.0,0.0,1.0,0.834,1000,83,159,0,0.0,0.0,False,0.0,0.0,0.0,171.00004196167205,0.1895734391516982,37,bicycle,0.1,0.1,weighted_crc,segformer_b2_cityscapes,cityscapes_val_half,171
,,,0.9998723561191188,649,True,0.08244406196213425,0.08244406196213425,0.04199320822954178,25.956,625,83,159,12,0.07547169811320754,0.10799999999999998,False,0.12643678160919541,0.017241379310344827,0.0,171.00004196167205,0.1895734391516982,37,bicycle,0.2,0.1,weighted_crc,segformer_b2_cityscapes,cityscapes_val_half,171
,,,1.0,1000,False,0.0,0.0,1.0,0.834,1000,83,159,0,0.0,0.0,False,0.0,0.0,0.0,171.00004196167205,0.1895734391516982,37,bicycle,0.05,0.5,weighted_crc,segformer_b2_cityscapes,cityscapes_val_half,171
,,,1.0,1000,False,0.0,0.0,1.0,0.834,1000,83,159,0,0.0,0.0,False,0.0,0.0,0.0,171.00004196167205,0.1895734391516982,37,bicycle,0.1,0.5,weighted_crc,segformer_b2_cityscapes,cityscapes_val_half,171
,,,0.9999435063025188,708,True,0.10332759609868043,0.10332759609868043,0.05548734962940216,32.058,700,83,159,16,0.10062893081761007,0.06999999999999995,False,0.16091954022988506,0.034482758620689655,0.0,171.00004196167205,0.1895734391516982,37,bicycle,0.2,0.5,weighted_crc,segformer_b2_cityscapes,cityscapes_val_half,171
,,,1.0,1000,False,0.0,0.0,1.0,0.66,1000,170,334,0,0.0,0.0,False,0.0,0.0,0.0,199.00010585786293,0.16736397933807196,38,person,0.05,0.1,weighted_crc,segformer_b2_cityscapes,cityscapes_val_half,199
,,,1.0,1000,False,0.0,0.0,1.0,0.66,1000,170,334,0,0.0,0.0,False,0.0,0.0,0.0,199.00010585786293,0.16736397933807196,38,person,0.1,0.1,weighted_crc,segformer_b2_cityscapes,cityscapes_val_half,199
,,,0.9984223887303006,467,True,0.06323529411764706,0.06323529411764706,0.03523048758506775,22.656,450,170,334,15,0.04491017964071856,0.15200000000000002,True,0.05263157894736842,0.04132231404958678,0.0,199.00010585786293,0.16736397933807196,38,person,0.2,0.1,weighted_crc,segformer_b2_cityscapes,cityscapes_val_half,199
,,,1.0,1000,False,0.0,0.0,1.0,0.66,1000,170,334,0,0.0,0.0,False,0.0,0.0,0.0,199.00010585786293,0.16736397933807196,38,person,0.05,0.5,weighted_crc,segformer_b2_cityscapes,cityscapes_val_half,199
,,,1.0,1000,False,0.0,0.0,1.0,0.66,1000,170,334,0,0.0,0.0,False,0.0,0.0,0.0,199.00010585786293,0.16736397933807196,38,person,0.1,0.5,weighted_crc,segformer_b2_cityscapes,cityscapes_val_half,199
,,,0.9993483716059391,531,True,0.06960784313725489,0.06960784313725489,0.04876994341611862,29.594,525,170,334,18,0.05389221556886228,0.12,False,0.05263157894736842,0.06611570247933884,0.0,199.00010585786293,0.16736397933807196,38,person,0.2,0.5,weighted_crc,segformer_b2_cityscapes,cityscapes_val_half,199
,,,1.0,1000,False,0.0,0.0,1.0,0.944,1000,28,38,0,0.0,0.0,False,0.0,0.0,0.0,124.00006771088545,0.24390238796509786,38,rider,0.05,0.1,weighted_crc,segformer_b2_cityscapes,cityscapes_val_half,124
,,,1.0,1000,False,0.0,0.0,1.0,0.944,1000,28,38,0,0.0,0.0,False,0.0,0.0,0.0,124.00006771088545,0.24390238796509786,38,rider,0.1,0.1,weighted_crc,segformer_b2_cityscapes,cityscapes_val_half,124
,,,1.0,1000,False,0.0,0.0,1.0,0.944,1000,28,38,0,0.0,0.0,False,0.0,0.0,0.0,124.00006771088545,0.24390238796509786,38,rider,0.2,0.1,weighted_crc,segformer_b2_cityscapes,cityscapes_val_half,124
,,,1.0,1000,False,0.0,0.0,1.0,0.944,1000,28,38,0,0.0,0.0,False,0.0,0.0,0.0,124.00006771088545,0.24390238796509786,38,rider,0.05,0.5,weighted_crc,segformer_b2_cityscapes,cityscapes_val_half,124
,,,1.0,1000,False,0.0,0.0,1.0,0.944,1000,28,38,0,0.0,0.0,False,0.0,0.0,0.0,124.00006771088545,0.24390238796509786,38,rider,0.1,0.5,weighted_crc,segformer_b2_cityscapes,cityscapes_val_half,124
,,,1.0,1000,False,0.0,0.0,1.0,0.944,1000,28,38,0,0.0,0.0,False,0.0,0.0,0.0,124.00006771088545,0.24390238796509786,38,rider,0.2,0.5,weighted_crc,segformer_b2_cityscapes,cityscapes_val_half,124
,,,1.0,1000,False,0.0,0.0,1.0,0.834,1000,83,159,0,0.0,0.0,False,0.0,0.0,0.0,170.0000715255803,0.19047615587576805,38,bicycle,0.05,0.1,weighted_crc,segformer_b2_cityscapes,cityscapes_val_half,170
,,,1.0,1000,False,0.0,0.0,1.0,0.834,1000,83,159,0,0.0,0.0,False,0.0,0.0,0.0,170.0000715255803,0.19047615587576805,38,bicycle,0.1,0.1,weighted_crc,segformer_b2_cityscapes,cityscapes_val_half,170
,,,0.9999202005312732,683,True,0.07039586919104991,0.07039586919104991,0.04943525791168213,29.932,675,83,159,11,0.06918238993710692,0.06399999999999995,False,0.11494252873563218,0.017241379310344827,0.0,170.0000715255803,0.19047615587576805,38,bicycle,0.2,0.1,weighted_crc,segformer_b2_cityscapes,cityscapes_val_half,170
,,,1.0,1000,False,0.0,0.0,1.0,0.834,1000,83,159,0,0.0,0.0,False,0.0,0.0,0.0,170.0000715255803,0.19047615587576805,38,bicycle,0.05,0.5,weighted_crc,segformer_b2_cityscapes,cityscapes_val_half,170
,,,1.0,1000,False,0.0,0.0,1.0,0.834,1000,83,159,0,0.0,0.0,False,0.0,0.0,0.0,170.0000715255803,0.19047615587576805,38,bicycle,0.1,0.5,weighted_crc,segformer_b2_cityscapes,cityscapes_val_half,170
,,,0.9999796764298906,782,True,0.06878944348823866,0.06878944348823866,0.076488196849823,38.992,775,83,159,11,0.06918238993710692,0.10599999999999998,False,0.11494252873563218,0.017241379310344827,0.0,170.0000715255803,0.19047615587576805,38,bicycle,0.2,0.5,weighted_crc,segformer_b2_cityscapes,cityscapes_val_half,170
,,,1.0,1000,False,0.0,0.0,1.0,0.66,1000,170,334,0,0.0,0.0,False,0.0,0.0,0.0,199.00010585786293,0.16736397933807196,39,person,0.05,0.1,weighted_crc,segformer_b2_cityscapes,cityscapes_val_half,199
,,,1.0,1000,False,0.0,0.0,1.0,0.66,1000,170,334,0,0.0,0.0,False,0.0,0.0,0.0,199.00010585786293,0.16736397933807196,39,person,0.1,0.1,weighted_crc,segformer_b2_cityscapes,cityscapes_val_half,199
,,,0.9984653830172007,469,True,0.06323529411764706,0.06323529411764706,0.03560402989387512,22.656,450,170,334,15,0.04491017964071856,0.11199999999999999,False,0.05263157894736842,0.04132231404958678,0.0,199.00010585786293,0.16736397933807196,39,person,0.2,0.1,weighted_crc,segformer_b2_cityscapes,cityscapes_val_half,199
,,,1.0,1000,False,0.0,0.0,1.0,0.66,1000,170,334,0,0.0,0.0,False,0.0,0.0,0.0,199.00010585786293,0.16736397933807196,39,person,0.05,0.5,weighted_crc,segformer_b2_cityscapes,cityscapes_val_half,199
,,,1.0,1000,False,0.0,0.0,1.0,0.66,1000,170,334,0,0.0,0.0,False,0.0,0.0,0.0,199.00010585786293,0.16736397933807196,39,person,0.1,0.5,weighted_crc,segformer_b2_cityscapes,cityscapes_val_half,199
,,,0.9994002089237445,537,True,0.06960784313725489,0.06960784313725489,0.05022071301937103,29.594,525,170,334,18,0.05389221556886228,0.09399999999999997,False,0.05263157894736842,0.06611570247933884,0.0,199.00010585786293,0.16736397933807196,39,person,0.2,0.5,weighted_crc,segformer_b2_cityscapes,cityscapes_val_half,199
,,,1.0,1000,False,0.0,0.0,1.0,0.944,1000,28,38,0,0.0,0.0,False,0.0,0.0,0.0,128.00003290176502,0.23809520836049838,39,rider,0.05,0.1,weighted_crc,segformer_b2_cityscapes,cityscapes_val_half,128
,,,1.0,1000,False,0.0,0.0,1.0,0.944,1000,28,38,0,0.0,0.0,False,0.0,0.0,0.0,128.00003290176502,0.23809520836049838,39,rider,0.1,0.1,weighted_crc,segformer_b2_cityscapes,cityscapes_val_half,128
,,,1.0,1000,False,0.0,0.0,1.0,0.944,1000,28,38,0,0.0,0.0,False,0.0,0.0,0.0,128.00003290176502,0.23809520836049838,39,rider,0.2,0.1,weighted_crc,segformer_b2_cityscapes,cityscapes_val_half,128
,,,1.0,1000,False,0.0,0.0,1.0,0.944,1000,28,38,0,0.0,0.0,False,0.0,0.0,0.0,128.00003290176502,0.23809520836049838,39,rider,0.05,0.5,weighted_crc,segformer_b2_cityscapes,cityscapes_val_half,128
,,,1.0,1000,False,0.0,0.0,1.0,0.944,1000,28,38,0,0.0,0.0,False,0.0,0.0,0.0,128.00003290176502,0.23809520836049838,39,rider,0.1,0.5,weighted_crc,segformer_b2_cityscapes,cityscapes_val_half,128
,,,1.0,1000,False,0.0,0.0,1.0,0.944,1000,28,38,0,0.0,0.0,False,0.0,0.0,0.0,128.00003290176502,0.23809520836049838,39,rider,0.2,0.5,weighted_crc,segformer_b2_cityscapes,cityscapes_val_half,128
,,,1.0,1000,False,0.0,0.0,1.0,0.834,1000,83,159,0,0.0,0.0,False,0.0,0.0,0.0,173.00005912781234,0.18779340032394476,39,bicycle,0.05,0.1,weighted_crc,segformer_b2_cityscapes,cityscapes_val_half,173
,,,1.0,1000,False,0.0,0.0,1.0,0.834,1000,83,159,0,0.0,0.0,False,0.0,0.0,0.0,173.00005912781234,0.18779340032394476,39,bicycle,0.1,0.1,weighted_crc,segformer_b2_cityscapes,cityscapes_val_half,173
,,,0.9999631871026358,739,True,0.06035570854847963,0.06035570854847963,0.0637095645070076,34.528,725,83,159,9,0.05660377358490566,0.064,False,0.09195402298850575,0.017241379310344827,0.0,173.00005912781234,0.18779340032394476,39,bicycle,0.2,0.1,weighted_crc,segformer_b2_cityscapes,cityscapes_val_half,173
,,,1.0,1000,False,0.0,0.0,1.0,0.834,1000,83,159,0,0.0,0.0,False,0.0,0.0,0.0,173.00005912781234,0.18779340032394476,39,bicycle,0.05,0.5,weighted_crc,segformer_b2_cityscapes,cityscapes_val_half,173
,,,1.0,1000,False,0.0,0.0,1.0,0.834,1000,83,159,0,0.0,0.0,False,0.0,0.0,0.0,173.00005912781234,0.18779340032394476,39,bicycle,0.1,0.5,weighted_crc,segformer_b2_cityscapes,cityscapes_val_half,173
,,,0.9999856120142174,807,True,0.06305220883534135,0.06305220883534136,0.08459604531526566,40.838,800,83,159,9,0.05660377358490566,0.12199999999999994,False,0.09195402298850575,0.017241379310344827,0.0,173.00005912781234,0.18779340032394476,39,bicycle,0.2,0.5,weighted_crc,segformer_b2_cityscapes,cityscapes_val_half,173
,,,1.0,1000,False,0.0,0.0,1.0,0.66,1000,170,334,0,0.0,0.0,False,0.0,0.0,0.0,201.00004673004435,0.1659750879715009,40,person,0.05,0.1,weighted_crc,segformer_b2_cityscapes,cityscapes_val_half,201
,,,1.0,1000,False,0.0,0.0,1.0,0.66,1000,170,334,0,0.0,0.0,False,0.0,0.0,0.0,201.00004673004435,0.1659750879715009,40,person,0.1,0.1,weighted_crc,segformer_b2_cityscapes,cityscapes_val_half,201
,,,0.9982380239535884,459,True,0.06519607843137254,0.06519607843137254,0.03377114608883858,22.656,450,170,334,16,0.04790419161676647,0.14400000000000002,True,0.05789473684210526,0.04132231404958678,0.0,201.00004673004435,0.1659750879715009,40,person,0.2,0.1,weighted_crc,segformer_b2_cityscapes,cityscapes_val_half,201
,,,1.0,1000,False,0.0,0.0,1.0,0.66,1000,170,334,0,0.0,0.0,False,0.0,0.0,0.0,201.00004673004435,0.1659750879715009,40,person,0.05,0.5,weighted_crc,segformer_b2_cityscapes,cityscapes_val_half,201
,,,1.0,1000,False,0.0,0.0,1.0,0.66,1000,170,334,0,0.0,0.0,False,0.0,0.0,0.0,201.00004673004435,0.1659750879715009,40,person,0.1,0.5,weighted_crc,segformer_b2_cityscapes,cityscapes_val_half,201
,,,0.9990405993684841,503,True,0.07254901960784313,0.07254901960784313,0.042435530573129654,27.25,500,170,334,19,0.05688622754491018,0.13,True,0.05263157894736842,0.0743801652892562,0.0,201.00004673004435,0.1659750879715009,40,person,0.2,0.5,weighted_crc,segformer_b2_cityscapes,cityscapes_val_half,201
,,,1.0,1000,False,0.0,0.0,1.0,0.944,1000,28,38,0,0.0,0.0,False,0.0,0.0,0.0,136.00001335144043,0.22727271003171562,40,rider,0.05,0.1,weighted_crc,segformer_b2_cityscapes,cityscapes_val_half,136
,,,1.0,1000,False,0.0,0.0,1.0,0.944,1000,28,38,0,0.0,0.0,False,0.0,0.0,0.0,136.00001335144043,0.22727271003171562,40,rider,0.1,0.1,weighted_crc,segformer_b2_cityscapes,cityscapes_val_half,136
,,,1.0,1000,False,0.0,0.0,1.0,0.944,1000,28,38,0,0.0,0.0,False,0.0,0.0,0.0,136.00001335144043,0.22727271003171562,40,rider,0.2,0.1,weighted_crc,segformer_b2_cityscapes,cityscapes_val_half,136
,,,1.0,1000,False,0.0,0.0,1.0,0.944,1000,28,38,0,0.0,0.0,False,0.0,0.0,0.0,136.00001335144043,0.22727271003171562,40,rider,0.05,0.5,weighted_crc,segformer_b2_cityscapes,cityscapes_val_half,136
,,,1.0,1000,False,0.0,0.0,1.0,0.944,1000,28,38,0,0.0,0.0,False,0.0,0.0,0.0,136.00001335144043,0.22727271003171562,40,rider,0.1,0.5,weighted_crc,segformer_b2_cityscapes,cityscapes_val_half,136
,,,1.0,1000,False,0.0,0.0,1.0,0.944,1000,28,38,0,0.0,0.0,False,0.0,0.0,0.0,136.00001335144043,0.22727271003171562,40,rider,0.2,0.5,weighted_crc,segformer_b2_cityscapes,cityscapes_val_half,136
,,,1.0,1000,False,0.0,0.0,1.0,0.834,1000,83,159,0,0.0,0.0,False,0.0,0.0,0.0,177.00005531311498,0.18433177455212252,40,bicycle,0.05,0.1,weighted_crc,segformer_b2_cityscapes,cityscapes_val_half,177
,,,1.0,1000,False,0.0,0.0,1.0,0.834,1000,83,159,0,0.0,0.0,False,0.0,0.0,0.0,177.00005531311498,0.18433177455212252,40,bicycle,0.1,0.1,weighted_crc,segformer_b2_cityscapes,cityscapes_val_half,177
,,,0.9999480004003467,714,True,0.06637980493402179,0.0663798049340218,0.05700810253620148,32.058,700,83,159,10,0.06289308176100629,0.06999999999999995,False,0.10344827586206896,0.017241379310344827,0.0,177.00005531311498,0.18433177455212252,40,bicycle,0.2,0.1,weighted_crc,segformer_b2_cityscapes,cityscapes_val_half,177
,,,1.0,1000,False,0.0,0.0,1.0,0.834,1000,83,159,0,0.0,0.0,False,0.0,0.0,0.0,177.00005531311498,0.18433177455212252,40,bicycle,0.05,0.5,weighted_crc,segformer_b2_cityscapes,cityscapes_val_half,177
,,,1.0,1000,False,0.0,0.0,1.0,0.834,1000,83,159,0,0.0,0.0,False,0.0,0.0,0.0,177.00005531311498,0.18433177455212252,40,bicycle,0.1,0.5,weighted_crc,segformer_b2_cityscapes,cityscapes_val_half,177
,,,0.9999720745615877,759,True,0.06878944348823866,0.06878944348823866,0.06944561749696732,36.622,750,83,159,11,0.06918238993710692,0.068,False,0.11494252873563218,0.017241379310344827,0.0,177.00005531311498,0.18433177455212252,40,bicycle,0.2,0.5,weighted_crc,segformer_b2_cityscapes,cityscapes_val_half,177
,,,1.0,1000,False,0.0,0.0,1.0,0.66,1000,170,334,0,0.0,0.0,False,0.0,0.0,0.0,200.0000762939526,0.16666664017571764,41,person,0.05,0.1,weighted_crc,segformer_b2_cityscapes,cityscapes_val_half,200
,,,1.0,1000,False,0.0,0.0,1.0,0.66,1000,170,334,0,0.0,0.0,False,0.0,0.0,0.0,200.0000762939526,0.16666664017571764,41,person,0.1,0.1,weighted_crc,segformer_b2_cityscapes,cityscapes_val_half,200
,,,0.9990537628386342,504,True,0.057352941176470586,0.057352941176470586,0.04265260696411133,27.25,500,170,334,13,0.038922155688622756,0.1120000000000001,False,0.04736842105263158,0.03305785123966942,0.0,200.0000762939526,0.16666664017571764,41,person,0.2,0.1,weighted_crc,segformer_b2_cityscapes,cityscapes_val_half,200
,,,1.0,1000,False,0.0,0.0,1.0,0.66,1000,170,334,0,0.0,0.0,False,0.0,0.0,0.0,200.0000762939526,0.16666664017571764,41,person,0.05,0.5,weighted_crc,segformer_b2_cityscapes,cityscapes_val_half,200
,,,1.0,1000,False,0.0,0.0,1.0,0.66,1000,170,334,0,0.0,0.0,False,0.0,0.0,0.0,200.0000762939526,0.16666664017571764,41,person,0.1,0.5,weighted_crc,segformer_b2_cityscapes,cityscapes_val_half,200
,,,0.9997035168610475,588,True,0.061764705882352944,0.061764705882352944,0.06389112025499344,34.07,575,170,334,15,0.04491017964071856,0.09400000000000008,False,0.042105263157894736,0.05785123966942149,0.0,200.0000762939526,0.16666664017571764,41,person,0.2,0.5,weighted_crc,segformer_b2_cityscapes,cityscapes_val_half,200
,,,1.0,1000,False,0.0,0.0,1.0,0.944,1000,28,38,0,0.0,0.0,False,0.0,0.0,0.0,134.99999761581424,0.22857142857142856,41,rider,0.05,0.1,weighted_crc,segformer_b2_cityscapes,cityscapes_val_half,135
,,,1.0,1000,False,0.0,0.0,1.0,0.944,1000,28,38,0,0.0,0.0,False,0.0,0.0,0.0,134.99999761581424,0.22857142857142856,41,rider,0.1,0.1,weighted_crc,segformer_b2_cityscapes,cityscapes_val_half,135
,,,1.0,1000,False,0.0,0.0,1.0,0.944,1000,28,38,0,0.0,0.0,False,0.0,0.0,0.0,134.99999761581424,0.22857142857142856,41,rider,0.2,0.1,weighted_crc,segformer_b2_cityscapes,cityscapes_val_half,135
,,,1.0,1000,False,0.0,0.0,1.0,0.944,1000,28,38,0,0.0,0.0,False,0.0,0.0,0.0,134.99999761581424,0.22857142857142856,41,rider,0.05,0.5,weighted_crc,segformer_b2_cityscapes,cityscapes_val_half,135
,,,1.0,1000,False,0.0,0.0,1.0,0.944,1000,28,38,0,0.0,0.0,False,0.0,0.0,0.0,134.99999761581424,0.22857142857142856,41,rider,0.1,0.5,weighted_crc,segformer_b2_cityscapes,cityscapes_val_half,135
,,,1.0,1000,False,0.0,0.0,1.0,0.944,1000,28,38,0,0.0,0.0,False,0.0,0.0,0.0,134.99999761581424,0.22857142857142856,41,rider,0.2,0.5,weighted_crc,segformer_b2_cityscapes,cityscapes_val_half,135
,,,1.0,1000,False,0.0,0.0,1.0,0.834,1000,83,159,0,0.0,0.0,False,0.0,0.0,0.0,176.00004673004474,0.18518516556225895,41,bicycle,0.05,0.1,weighted_crc,segformer_b2_cityscapes,cityscapes_val_half,176
,,,1.0,1000,False,0.0,0.0,1.0,0.834,1000,83,159,0,0.0,0.0,False,0.0,0.0,0.0,176.00004673004474,0.18518516556225895,41,bicycle,0.1,0.1,weighted_crc,segformer_b2_cityscapes,cityscapes_val_half,176
,,,0.999868780010098,647,True,0.08244406196213425,0.08244406196213425,0.041580140590667725,25.956,625,83,159,12,0.07547169811320754,0.09999999999999998,False,0.12643678160919541,0.017241379310344827,0.0,176.00004673004474,0.18518516556225895,41,bicycle,0.2,0.1,weighted_crc,segformer_b2_cityscapes,cityscapes_val_half,176
,,,1.0,1000,False,0.0,0.0,1.0,0.834,1000,83,159,0,0.0,0.0,False,0.0,0.0,0.0,176.00004673004474,0.18518516556225895,41,bicycle,0.05,0.5,weighted_crc,segformer_b2_cityscapes,cityscapes_val_half,176
,,,1.0,1000,False,0.0,0.0,1.0,0.834,1000,83,159,0,0.0,0.0,False,0.0,0.0,0.0,176.00004673004474,0.18518516556225895,41,bicycle,0.1,0.5,weighted_crc,segformer_b2_cityscapes,cityscapes_val_half,176
,,,0.9999202005312732,683,True,0.11176133103843947,0.11176133103843947,0.04943525791168213,29.932,675,83,159,18,0.11320754716981132,0.08199999999999996,False,0.1724137931034483,0.05172413793103448,0.0,176.00004673004474,0.18518516556225895,41,bicycle,0.2,0.5,weighted_crc,segformer_b2_cityscapes,cityscapes_val_half,176
,,,1.0,1000,False,0.0,0.0,1.0,0.66,1000,170,334,0,0.0,0.0,False,0.0,0.0,0.0,204.00011062623676,0.16393439034819268,42,person,0.05,0.1,weighted_crc,segformer_b2_cityscapes,cityscapes_val_half,204
,,,1.0,1000,False,0.0,0.0,1.0,0.66,1000,170,334,0,0.0,0.0,False,0.0,0.0,0.0,204.00011062623676,0.16393439034819268,42,person,0.1,0.1,weighted_crc,segformer_b2_cityscapes,cityscapes_val_half,204
,,,0.9988984606904586,493,True,0.06323529411764706,0.06323529411764706,0.040334202349185944,25.124,475,170,334,15,0.04491017964071856,0.118,False,0.05263157894736842,0.04132231404958678,0.0,204.00011062623676,0.16393439034819268,42,person,0.2,0.1,weighted_crc,segformer_b2_cityscapes,cityscapes_val_half,204
,,,1.0,1000,False,0.0,0.0,1.0,0.66,1000,170,334,0,0.0,0.0,False,0.0,0.0,0.0,204.00011062623676,0.16393439034819268,42,person,0.05,0.5,weighted_crc,segformer_b2_cityscapes,cityscapes_val_half,204
,,,1.0,1000,False,0.0,0.0,1.0,0.66,1000,170,334,0,0.0,0.0,False,0.0,0.0,0.0,204.00011062623676,0.16393439034819268,42,person,0.1,0.5,weighted_crc,segformer_b2_cityscapes,cityscapes_val_half,204
,,,0.9996548562606642,577,True,0.061764705882352944,0.061764705882352944,0.06073551997542381,34.07,575,170,334,15,0.04491017964071856,0.08799999999999997,False,0.042105263157894736,0.05785123966942149,0.0,204.00011062623676,0.16393439034819268,42,person,0.2,0.5,weighted_crc,segformer_b2_cityscapes,cityscapes_val_half,204
,,,1.0,1000,False,0.0,0.0,1.0,0.944,1000,28,38,0,0.0,0.0,False,0.0,0.0,0.0,124.00006771088545,0.24390238796509786,42,rider,0.05,0.1,weighted_crc,segformer_b2_cityscapes,cityscapes_val_half,124
,,,1.0,1000,False,0.0,0.0,1.0,0.944,1000,28,38,0,0.0,0.0,False,0.0,0.0,0.0,124.00006771088545,0.24390238796509786,42,rider,0.1,0.1,weighted_crc,segformer_b2_cityscapes,cityscapes_val_half,124
,,,1.0,1000,False,0.0,0.0,1.0,0.944,1000,28,38,0,0.0,0.0,False,0.0,0.0,0.0,124.00006771088545,0.24390238796509786,42,rider,0.2,0.1,weighted_crc,segformer_b2_cityscapes,cityscapes_val_half,124
,,,1.0,1000,False,0.0,0.0,1.0,0.944,1000,28,38,0,0.0,0.0,False,0.0,0.0,0.0,124.00006771088545,0.24390238796509786,42,rider,0.05,0.5,weighted_crc,segformer_b2_cityscapes,cityscapes_val_half,124
,,,1.0,1000,False,0.0,0.0,1.0,0.944,1000,28,38,0,0.0,0.0,False,0.0,0.0,0.0,124.00006771088545,0.24390238796509786,42,rider,0.1,0.5,weighted_crc,segformer_b2_cityscapes,cityscapes_val_half,124
,,,1.0,1000,False,0.0,0.0,1.0,0.944,1000,28,38,0,0.0,0.0,False,0.0,0.0,0.0,124.00006771088545,0.24390238796509786,42,rider,0.2,0.5,weighted_crc,segformer_b2_cityscapes,cityscapes_val_half,124
,,,1.0,1000,False,0.0,0.0,1.0,0.834,1000,83,159,0,0.0,0.0,False,0.0,0.0,0.0,172.00008869172214,0.18867920454222384,42,bicycle,0.05,0.1,weighted_crc,segformer_b2_cityscapes,cityscapes_val_half,172
,,,1.0,1000,False,0.0,0.0,1.0,0.834,1000,83,159,0,0.0,0.0,False,0.0,0.0,0.0,172.00008869172214,0.18867920454222384,42,bicycle,0.1,0.1,weighted_crc,segformer_b2_cityscapes,cityscapes_val_half,172
,,,0.999958313061653,730,True,0.06637980493402179,0.0663798049340218,0.061229970306158066,34.528,725,83,159,10,0.06289308176100629,0.05600000000000005,False,0.10344827586206896,0.017241379310344827,0.0,172.00008869172214,0.18867920454222384,42,bicycle,0.2,0.1,weighted_crc,segformer_b2_cityscapes,cityscapes_val_half,172
,,,1.0,1000,False,0.0,0.0,1.0,0.834,1000,83,159,0,0.0,0.0,False,0.0,0.0,0.0,172.00008869172214,0.18867920454222384,42,bicycle,0.05,0.5,weighted_crc,segformer_b2_cityscapes,cityscapes_val_half,172
,,,1.0,1000,False,0.0,0.0,1.0,0.834,1000,83,159,0,0.0,0.0,False,0.0,0.0,0.0,172.00008869172214,0.18867920454222384,42,bicycle,0.1,0.5,weighted_crc,segformer_b2_cityscapes,cityscapes_val_half,172
,,,0.9999839305874698,799,True,0.06477337923121056,0.06477337923121056,0.0819460079073906,38.992,775,83,159,10,0.06289308176100629,0.10600000000000004,False,0.10344827586206896,0.017241379310344827,0.0,172.00008869172214,0.18867920454222384,42,bicycle,0.2,0.5,weighted_crc,segformer_b2_cityscapes,cityscapes_val_half,172
,,,1.0,1000,False,0.0,0.0,1.0,0.66,1000,170,334,0,0.0,0.0,False,0.0,0.0,0.0,201.00004673004435,0.1659750879715009,43,person,0.05,0.1,weighted_crc,segformer_b2_cityscapes,cityscapes_val_half,201
,,,1.0,1000,False,0.0,0.0,1.0,0.66,1000,170,334,0,0.0,0.0,False,0.0,0.0,0.0,201.00004673004435,0.1659750879715009,43,person,0.1,0.1,weighted_crc,segformer_b2_cityscapes,cityscapes_val_half,201
,,,0.9987526164857571,484,True,0.06323529411764706,0.06323529411764706,0.03851815685629845,25.124,475,170,334,15,0.04491017964071856,0.138,True,0.05263157894736842,0.04132231404958678,0.0,201.00004673004435,0.1659750879715009,43,person,0.2,0.1,weighted_crc,segformer_b2_cityscapes,cityscapes_val_half,201
,,,1.0,1000,False,0.0,0.0,1.0,0.66,1000,170,334,0,0.0,0.0,False,0.0,0.0,0.0,201.00004673004435,0.1659750879715009,43,person,0.05,0.5,weighted_crc,segformer_b2_cityscapes,cityscapes_val_half,201
,,,1.0,1000,False,0.0,0.0,1.0,0.66,1000,170,334,0,0.0,0.0,False,0.0,0.0,0.0,201.00004673004435,0.1659750879715009,43,person,0.1,0.5,weighted_crc,segformer_b2_cityscapes,cityscapes_val_half,201
,,,0.9996250269977545,571,True,0.061764705882352944,0.061764705882352944,0.059061333537101746,31.994,550,170,334,15,0.04491017964071856,0.09800000000000009,False,0.042105263157894736,0.05785123966942149,0.0,201.00004673004435,0.1659750879715009,43,person,0.2,0.5,weighted_crc,segformer_b2_cityscapes,cityscapes_val_half,201
,,,1.0,1000,False,0.0,0.0,1.0,0.944,1000,28,38,0,0.0,0.0,False,0.0,0.0,0.0,119.00009393694123,0.25157225763378593,43,rider,0.05,0.1,weighted_crc,segformer_b2_cityscapes,cityscapes_val_half,119
,,,1.0,1000,False,0.0,0.0,1.0,0.944,1000,28,38,0,0.0,0.0,False,0.0,0.0,0.0,119.00009393694123,0.25157225763378593,43,rider,0.1,0.1,weighted_crc,segformer_b2_cityscapes,cityscapes_val_half,119
,,,1.0,1000,False,0.0,0.0,1.0,0.944,1000,28,38,0,0.0,0.0,False,0.0,0.0,0.0,119.00009393694123,0.25157225763378593,43,rider,0.2,0.1,weighted_crc,segformer_b2_cityscapes,cityscapes_val_half,119
,,,1.0,1000,False,0.0,0.0,1.0,0.944,1000,28,38,0,0.0,0.0,False,0.0,0.0,0.0,119.00009393694123,0.25157225763378593,43,rider,0.05,0.5,weighted_crc,segformer_b2_cityscapes,cityscapes_val_half,119
,,,1.0,1000,False,0.0,0.0,1.0,0.944,1000,28,38,0,0.0,0.0,False,0.0,0.0,0.0,119.00009393694123,0.25157225763378593,43,rider,0.1,0.5,weighted_crc,segformer_b2_cityscapes,cityscapes_val_half,119
,,,1.0,1000,False,0.0,0.0,1.0,0.944,1000,28,38,0,0.0,0.0,False,0.0,0.0,0.0,119.00009393694123,0.25157225763378593,43,rider,0.2,0.5,weighted_crc,segformer_b2_cityscapes,cityscapes_val_half,119
,,,1.0,1000,False,0.0,0.0,1.0,0.834,1000,83,159,0,0.0,0.0,False,0.0,0.0,0.0,169.00002479553277,0.1913875458356833,43,bicycle,0.05,0.1,weighted_crc,segformer_b2_cityscapes,cityscapes_val_half,169
,,,1.0,1000,False,0.0,0.0,1.0,0.834,1000,83,159,0,0.0,0.0,False,0.0,0.0,0.0,169.00002479553277,0.1913875458356833,43,bicycle,0.1,0.1,weighted_crc,segformer_b2_cityscapes,cityscapes_val_half,169
,,,0.9999796764298906,782,True,0.05461847389558233,0.05461847389558233,0.076488196849823,38.992,775,83,159,7,0.0440251572327044,0.09000000000000002,False,0.06896551724137931,0.017241379310344827,0.0,169.00002479553277,0.1913875458356833,43,bicycle,0.2,0.1,weighted_crc,segformer_b2_cityscapes,cityscapes_val_half,169
,,,1.0,1000,False,0.0,0.0,1.0,0.834,1000,83,159,0,0.0,0.0,False,0.0,0.0,0.0,169.00002479553277,0.1913875458356833,43,bicycle,0.05,0.5,weighted_crc,segformer_b2_cityscapes,cityscapes_val_half,169
,,,1.0,1000,False,0.0,0.0,1.0,0.834,1000,83,159,0,0.0,0.0,False,0.0,0.0,0.0,169.00002479553277,0.1913875458356833,43,bicycle,0.1,0.5,weighted_crc,segformer_b2_cityscapes,cityscapes_val_half,169
,,,0.9999884654674218,823,True,0.06305220883534135,0.06305220883534136,0.09012430161237717,40.838,800,83,159,9,0.05660377358490566,0.12400000000000005,False,0.09195402298850575,0.017241379310344827,0.0,169.00002479553277,0.1913875458356833,43,bicycle,0.2,0.5,weighted_crc,segformer_b2_cityscapes,cityscapes_val_half,169
,,,1.0,1000,False,0.0,0.0,1.0,0.66,1000,170,334,0,0.0,0.0,False,0.0,0.0,0.0,195.0000834465132,0.17021273832723116,44,person,0.05,0.1,weighted_crc,segformer_b2_cityscapes,cityscapes_val_half,195
,,,1.0,1000,False,0.0,0.0,1.0,0.66,1000,170,334,0,0.0,0.0,False,0.0,0.0,0.0,195.0000834465132,0.17021273832723116,44,person,0.1,0.1,weighted_crc,segformer_b2_cityscapes,cityscapes_val_half,195
,,,0.9984653830172007,469,True,0.06323529411764706,0.06323529411764706,0.03560402989387512,22.656,450,170,334,15,0.04491017964071856,0.11599999999999999,False,0.05263157894736842,0.04132231404958678,0.0,195.0000834465132,0.17021273832723116,44,person,0.2,0.1,weighted_crc,segformer_b2_cityscapes,cityscapes_val_half,195
,,,1.0,1000,False,0.0,0.0,1.0,0.66,1000,170,334,0,0.0,0.0,False,0.0,0.0,0.0,195.0000834465132,0.17021273832723116,44,person,0.05,0.5,weighted_crc,segformer_b2_cityscapes,cityscapes_val_half,195
,,,1.0,1000,False,0.0,0.0,1.0,0.66,1000,170,334,0,0.0,0.0,False,0.0,0.0,0.0,195.0000834465132,0.17021273832723116,44,person,0.1,0.5,weighted_crc,segformer_b2_cityscapes,cityscapes_val_half,195
,,,0.9993483716059391,531,True,0.06960784313725489,0.06960784313725489,0.04876994341611862,29.594,525,170,334,18,0.05389221556886228,0.10399999999999998,False,0.05263157894736842,0.06611570247933884,0.0,195.0000834465132,0.17021273832723116,44,person,0.2,0.5,weighted_crc,segformer_b2_cityscapes,cityscapes_val_half,195
,,,1.0,1000,False,0.0,0.0,1.0,0.944,1000,28,38,0,0.0,0.0,False,0.0,0.0,0.0,118.00008535386871,0.2531644927827093,44,rider,0.05,0.1,weighted_crc,segformer_b2_cityscapes,cityscapes_val_half,118
,,,1.0,1000,False,0.0,0.0,1.0,0.944,1000,28,38,0,0.0,0.0,False,0.0,0.0,0.0,118.00008535386871,0.2531644927827093,44,rider,0.1,0.1,weighted_crc,segformer_b2_cityscapes,cityscapes_val_half,118
,,,1.0,1000,False,0.0,0.0,1.0,0.944,1000,28,38,0,0.0,0.0,False,0.0,0.0,0.0,118.00008535386871,0.2531644927827093,44,rider,0.2,0.1,weighted_crc,segformer_b2_cityscapes,cityscapes_val_half,118
,,,1.0,1000,False,0.0,0.0,1.0,0.944,1000,28,38,0,0.0,0.0,False,0.0,0.0,0.0,118.00008535386871,0.2531644927827093,44,rider,0.05,0.5,weighted_crc,segformer_b2_cityscapes,cityscapes_val_half,118
,,,1.0,1000,False,0.0,0.0,1.0,0.944,1000,28,38,0,0.0,0.0,False,0.0,0.0,0.0,118.00008535386871,0.2531644927827093,44,rider,0.1,0.5,weighted_crc,segformer_b2_cityscapes,cityscapes_val_half,118
,,,1.0,1000,False,0.0,0.0,1.0,0.944,1000,28,38,0,0.0,0.0,False,0.0,0.0,0.0,118.00008535386871,0.2531644927827093,44,rider,0.2,0.5,weighted_crc,segformer_b2_cityscapes,cityscapes_val_half,118
,,,1.0,1000,False,0.0,0.0,1.0,0.834,1000,83,159,0,0.0,0.0,False,0.0,0.0,0.0,169.00002479553277,0.1913875458356833,44,bicycle,0.05,0.1,weighted_crc,segformer_b2_cityscapes,cityscapes_val_half,169
,,,1.0,1000,False,0.0,0.0,1.0,0.834,1000,83,159,0,0.0,0.0,False,0.0,0.0,0.0,169.00002479553277,0.1913875458356833,44,bicycle,0.1,0.1,weighted_crc,segformer_b2_cityscapes,cityscapes_val_half,169
,,,0.999970077353634,754,True,0.06035570854847963,0.06035570854847963,0.06795880198478699,36.622,750,83,159,9,0.05660377358490566,0.11000000000000004,False,0.09195402298850575,0.017241379310344827,0.0,169.00002479553277,0.1913875458356833,44,bicycle,0.2,0.1,weighted_crc,segformer_b2_cityscapes,cityscapes_val_half,169
,,,1.0,1000,False,0.0,0.0,1.0,0.834,1000,83,159,0,0.0,0.0,False,0.0,0.0,0.0,169.00002479553277,0.1913875458356833,44,bicycle,0.05,0.5,weighted_crc,segformer_b2_cityscapes,cityscapes_val_half,169
,,,1.0,1000,False,0.0,0.0,1.0,0.834,1000,83,159,0,0.0,0.0,False,0.0,0.0,0.0,169.00002479553277,0.1913875458356833,44,bicycle,0.1,0.5,weighted_crc,segformer_b2_cityscapes,cityscapes_val_half,169
,,,0.9999858094247831,808,True,0.06305220883534135,0.06305220883534136,0.08490268886089325,40.838,800,83,159,9,0.05660377358490566,0.15000000000000008,True,0.09195402298850575,0.017241379310344827,0.0,169.00002479553277,0.1913875458356833,44,bicycle,0.2,0.5,weighted_crc,segformer_b2_cityscapes,cityscapes_val_half,169
,,,1.0,1000,False,0.0,0.0,1.0,0.66,1000,170,334,0,0.0,0.0,False,0.0,0.0,0.0,205.00008106232588,0.1632652807017298,45,person,0.05,0.1,weighted_crc,segformer_b2_cityscapes,cityscapes_val_half,205
,,,1.0,1000,False,0.0,0.0,1.0,0.66,1000,170,334,0,0.0,0.0,False,0.0,0.0,0.0,205.00008106232588,0.1632652807017298,45,person,0.1,0.1,weighted_crc,segformer_b2_cityscapes,cityscapes_val_half,205
,,,0.9982380239535884,459,True,0.06519607843137254,0.06519607843137254,0.03377114608883858,22.656,450,170,334,16,0.04790419161676647,0.15599999999999992,True,0.05789473684210526,0.04132231404958678,0.0,205.00008106232588,0.1632652807017298,45,person,0.2,0.1,weighted_crc,segformer_b2_cityscapes,cityscapes_val_half,205
,,,1.0,1000,False,0.0,0.0,1.0,0.66,1000,170,334,0,0.0,0.0,False,0.0,0.0,0.0,205.00008106232588,0.1632652807017298,45,person,0.05,0.5,weighted_crc,segformer_b2_cityscapes,cityscapes_val_half,205
,,,1.0,1000,False,0.0,0.0,1.0,0.66,1000,170,334,0,0.0,0.0,False,0.0,0.0,0.0,205.00008106232588,0.1632652807017298,45,person,0.1,0.5,weighted_crc,segformer_b2_cityscapes,cityscapes_val_half,205
,,,0.9989431824907864,496,True,0.0784313725490196,0.0784313725490196,0.040957268327474594,25.124,475,170,334,21,0.06287425149700598,0.14200000000000002,True,0.06315789473684211,0.0743801652892562,0.0,205.00008106232588,0.1632652807017298,45,person,0.2,0.5,weighted_crc,segformer_b2_cityscapes,cityscapes_val_half,205
,,,1.0,1000,False,0.0,0.0,1.0,0.944,1000,28,38,0,0.0,0.0,False,0.0,0.0,0.0,128.00003290176502,0.23809520836049838,45,rider,0.05,0.1,weighted_crc,segformer_b2_cityscapes,cityscapes_val_half,128
,,,1.0,1000,False,0.0,0.0,1.0,0.944,1000,28,38,0,0.0,0.0,False,0.0,0.0,0.0,128.00003290176502,0.23809520836049838,45,rider,0.1,0.1,weighted_crc,segformer_b2_cityscapes,cityscapes_val_half,128
,,,1.0,1000,False,0.0,0.0,1.0,0.944,1000,28,38,0,0.0,0.0,False,0.0,0.0,0.0,128.00003290176502,0.23809520836049838,45,rider,0.2,0.1,weighted_crc,segformer_b2_cityscapes,cityscapes_val_half,128
,,,1.0,1000,False,0.0,0.0,1.0,0.944,1000,28,38,0,0.0,0.0,False,0.0,0.0,0.0,128.00003290176502,0.23809520836049838,45,rider,0.05,0.5,weighted_crc,segformer_b2_cityscapes,cityscapes_val_half,128
,,,1.0,1000,False,0.0,0.0,1.0,0.944,1000,28,38,0,0.0,0.0,False,0.0,0.0,0.0,128.00003290176502,0.23809520836049838,45,rider,0.1,0.5,weighted_crc,segformer_b2_cityscapes,cityscapes_val_half,128
,,,1.0,1000,False,0.0,0.0,1.0,0.944,1000,28,38,0,0.0,0.0,False,0.0,0.0,0.0,128.00003290176502,0.23809520836049838,45,rider,0.2,0.5,weighted_crc,segformer_b2_cityscapes,cityscapes_val_half,128
,,,1.0,1000,False,0.0,0.0,1.0,0.834,1000,83,159,0,0.0,0.0,False,0.0,0.0,0.0,168.00005435943942,0.19230766409247999,45,bicycle,0.05,0.1,weighted_crc,segformer_b2_cityscapes,cityscapes_val_half,168
,,,1.0,1000,False,0.0,0.0,1.0,0.834,1000,83,159,0,0.0,0.0,False,0.0,0.0,0.0,168.00005435943942,0.19230766409247999,45,bicycle,0.1,0.1,weighted_crc,segformer_b2_cityscapes,cityscapes_val_half,168
,,,0.9999796764298906,782,True,0.05461847389558233,0.05461847389558233,0.076488196849823,38.992,775,83,159,7,0.0440251572327044,0.057999999999999996,False,0.06896551724137931,0.017241379310344827,0.0,168.00005435943942,0.19230766409247999,45,bicycle,0.2,0.1,weighted_crc,segformer_b2_cityscapes,cityscapes_val_half,168
,,,1.0,1000,False,0.0,0.0,1.0,0.834,1000,83,159,0,0.0,0.0,False,0.0,0.0,0.0,168.00005435943942,0.19230766409247999,45,bicycle,0.05,0.5,weighted_crc,segformer_b2_cityscapes,cityscapes_val_half,168
,,,1.0,1000,False,0.0,0.0,1.0,0.834,1000,83,159,0,0.0,0.0,False,0.0,0.0,0.0,168.00005435943942,0.19230766409247999,45,bicycle,0.1,0.5,weighted_crc,segformer_b2_cityscapes,cityscapes_val_half,168
,,,0.9999863855531753,811,True,0.06305220883534135,0.06305220883534136,0.08595724403858185,40.838,800,83,159,9,0.05660377358490566,0.07800000000000001,False,0.09195402298850575,0.017241379310344827,0.0,168.00005435943942,0.19230766409247999,45,bicycle,0.2,0.5,weighted_crc,segformer_b2_cityscapes,cityscapes_val_half,168
,,,1.0,1000,False,0.0,0.0,1.0,0.66,1000,170,334,0,0.0,0.0,False,0.0,0.0,0.0,209.00007724762844,0.1606425481316297,46,person,0.05,0.1,weighted_crc,segformer_b2_cityscapes,cityscapes_val_half,209
,,,1.0,1000,False,0.0,0.0,1.0,0.66,1000,170,334,0,0.0,0.0,False,0.0,0.0,0.0,209.00007724762844,0.1606425481316297,46,person,0.1,0.1,weighted_crc,segformer_b2_cityscapes,cityscapes_val_half,209
,,,0.9978913718500667,446,True,0.06519607843137254,0.06519607843137254,0.03149446099996567,20.462,425,170,334,16,0.04790419161676647,0.15000000000000002,True,0.05789473684210526,0.04132231404958678,0.0,209.00007724762844,0.1606425481316297,46,person,0.2,0.1,weighted_crc,segformer_b2_cityscapes,cityscapes_val_half,209
,,,1.0,1000,False,0.0,0.0,1.0,0.66,1000,170,334,0,0.0,0.0,False,0.0,0.0,0.0,209.00007724762844,0.1606425481316297,46,person,0.05,0.5,weighted_crc,segformer_b2_cityscapes,cityscapes_val_half,209
,,,1.0,1000,False,0.0,0.0,1.0,0.66,1000,170,334,0,0.0,0.0,False,0.0,0.0,0.0,209.00007724762844,0.1606425481316297,46,person,0.1,0.5,weighted_crc,segformer_b2_cityscapes,cityscapes_val_half,209
,,,0.9992518304994888,521,True,0.06960784313725489,0.06960784313725489,0.04642625153064728,27.25,500,170,334,18,0.05389221556886228,0.122,False,0.05263157894736842,0.06611570247933884,0.0,209.00007724762844,0.1606425481316297,46,person,0.2,0.5,weighted_crc,segformer_b2_cityscapes,cityscapes_val_half,209
,,,1.0,1000,False,0.0,0.0,1.0,0.944,1000,28,38,0,0.0,0.0,False,0.0,0.0,0.0,130.000011920929,0.23529410444741505,46,rider,0.05,0.1,weighted_crc,segformer_b2_cityscapes,cityscapes_val_half,130
,,,1.0,1000,False,0.0,0.0,1.0,0.944,1000,28,38,0,0.0,0.0,False,0.0,0.0,0.0,130.000011920929,0.23529410444741505,46,rider,0.1,0.1,weighted_crc,segformer_b2_cityscapes,cityscapes_val_half,130
,,,1.0,1000,False,0.0,0.0,1.0,0.944,1000,28,38,0,0.0,0.0,False,0.0,0.0,0.0,130.000011920929,0.23529410444741505,46,rider,0.2,0.1,weighted_crc,segformer_b2_cityscapes,cityscapes_val_half,130
,,,1.0,1000,False,0.0,0.0,1.0,0.944,1000,28,38,0,0.0,0.0,False,0.0,0.0,0.0,130.000011920929,0.23529410444741505,46,rider,0.05,0.5,weighted_crc,segformer_b2_cityscapes,cityscapes_val_half,130
,,,1.0,1000,False,0.0,0.0,1.0,0.944,1000,28,38,0,0.0,0.0,False,0.0,0.0,0.0,130.000011920929,0.23529410444741505,46,rider,0.1,0.5,weighted_crc,segformer_b2_cityscapes,cityscapes_val_half,130
,,,1.0,1000,False,0.0,0.0,1.0,0.944,1000,28,38,0,0.0,0.0,False,0.0,0.0,0.0,130.000011920929,0.23529410444741505,46,rider,0.2,0.5,weighted_crc,segformer_b2_cityscapes,cityscapes_val_half,130
,,,1.0,1000,False,0.0,0.0,1.0,0.834,1000,83,159,0,0.0,0.0,False,0.0,0.0,0.0,179.00007247925618,0.1826483731929943,46,bicycle,0.05,0.1,weighted_crc,segformer_b2_cityscapes,cityscapes_val_half,179
,,,1.0,1000,False,0.0,0.0,1.0,0.834,1000,83,159,0,0.0,0.0,False,0.0,0.0,0.0,179.00007247925618,0.1826483731929943,46,bicycle,0.1,0.1,weighted_crc,segformer_b2_cityscapes,cityscapes_val_half,179
,,,0.9999411156344644,705,True,0.06637980493402179,0.0663798049340218,0.0547356940805912,32.058,700,83,159,10,0.06289308176100629,0.09199999999999997,False,0.10344827586206896,0.017241379310344827,0.0,179.00007247925618,0.1826483731929943,46,bicycle,0.2,0.1,weighted_crc,segformer_b2_cityscapes,cityscapes_val_half,179
,,,1.0,1000,False,0.0,0.0,1.0,0.834,1000,83,159,0,0.0,0.0,False,0.0,0.0,0.0,179.00007247925618,0.1826483731929943,46,bicycle,0.05,0.5,weighted_crc,segformer_b2_cityscapes,cityscapes_val_half,179
,,,1.0,1000,False,0.0,0.0,1.0,0.834,1000,83,159,0,0.0,0.0,False,0.0,0.0,0.0,179.00007247925618,0.1826483731929943,46,bicycle,0.1,0.5,weighted_crc,segformer_b2_cityscapes,cityscapes_val_half,179
,,,0.9999822989104168,792,True,0.06878944348823866,0.06878944348823866,0.07968772947788239,38.992,775,83,159,11,0.06918238993710692,0.04999999999999999,False,0.11494252873563218,0.017241379310344827,0.0,179.00007247925618,0.1826483731929943,46,bicycle,0.2,0.5,weighted_crc,segformer_b2_cityscapes,cityscapes_val_half,179
,,,1.0,1000,False,0.0,0.0,1.0,0.66,1000,170,334,0,0.0,0.0,False,0.0,0.0,0.0,201.00004673004435,0.1659750879715009,47,person,0.05,0.1,weighted_crc,segformer_b2_cityscapes,cityscapes_val_half,201
,,,1.0,1000,False,0.0,0.0,1.0,0.66,1000,170,334,0,0.0,0.0,False,0.0,0.0,0.0,201.00004673004435,0.1659750879715009,47,person,0.1,0.1,weighted_crc,segformer_b2_cityscapes,cityscapes_val_half,201
,,,0.9984653830172007,469,True,0.06323529411764706,0.06323529411764706,0.03560402989387512,22.656,450,170,334,15,0.04491017964071856,0.11599999999999999,False,0.05263157894736842,0.04132231404958678,0.0,201.00004673004435,0.1659750879715009,47,person,0.2,0.1,weighted_crc,segformer_b2_cityscapes,cityscapes_val_half,201
,,,1.0,1000,False,0.0,0.0,1.0,0.66,1000,170,334,0,0.0,0.0,False,0.0,0.0,0.0,201.00004673004435,0.1659750879715009,47,person,0.05,0.5,weighted_crc,segformer_b2_cityscapes,cityscapes_val_half,201
,,,1.0,1000,False,0.0,0.0,1.0,0.66,1000,170,334,0,0.0,0.0,False,0.0,0.0,0.0,201.00004673004435,0.1659750879715009,47,person,0.1,0.5,weighted_crc,segformer_b2_cityscapes,cityscapes_val_half,201
,,,0.9993483716059391,531,True,0.06960784313725489,0.06960784313725489,0.04876994341611862,29.594,525,170,334,18,0.05389221556886228,0.09199999999999997,False,0.05263157894736842,0.06611570247933884,0.0,201.00004673004435,0.1659750879715009,47,person,0.2,0.5,weighted_crc,segformer_b2_cityscapes,cityscapes_val_half,201
,,,1.0,1000,False,0.0,0.0,1.0,0.944,1000,28,38,0,0.0,0.0,False,0.0,0.0,0.0,111.00009441378211,0.26490058863793997,47,rider,0.05,0.1,weighted_crc,segformer_b2_cityscapes,cityscapes_val_half,111
,,,1.0,1000,False,0.0,0.0,1.0,0.944,1000,28,38,0,0.0,0.0,False,0.0,0.0,0.0,111.00009441378211,0.26490058863793997,47,rider,0.1,0.1,weighted_crc,segformer_b2_cityscapes,cityscapes_val_half,111
,,,1.0,1000,False,0.0,0.0,1.0,0.944,1000,28,38,0,0.0,0.0,False,0.0,0.0,0.0,111.00009441378211,0.26490058863793997,47,rider,0.2,0.1,weighted_crc,segformer_b2_cityscapes,cityscapes_val_half,111
,,,1.0,1000,False,0.0,0.0,1.0,0.944,1000,28,38,0,0.0,0.0,False,0.0,0.0,0.0,111.00009441378211,0.26490058863793997,47,rider,0.05,0.5,weighted_crc,segformer_b2_cityscapes,cityscapes_val_half,111
,,,1.0,1000,False,0.0,0.0,1.0,0.944,1000,28,38,0,0.0,0.0,False,0.0,0.0,0.0,111.00009441378211,0.26490058863793997,47,rider,0.1,0.5,weighted_crc,segformer_b2_cityscapes,cityscapes_val_half,111
,,,1.0,1000,False,0.0,0.0,1.0,0.944,1000,28,38,0,0.0,0.0,False,0.0,0.0,0.0,111.00009441378211,0.26490058863793997,47,rider,0.2,0.5,weighted_crc,segformer_b2_cityscapes,cityscapes_val_half,111
,,,1.0,1000,False,0.0,0.0,1.0,0.834,1000,83,159,0,0.0,0.0,False,0.0,0.0,0.0,164.00007009507004,0.1960783983734433,47,bicycle,0.05,0.1,weighted_crc,segformer_b2_cityscapes,cityscapes_val_half,164
,,,1.0,1000,False,0.0,0.0,1.0,0.834,1000,83,159,0,0.0,0.0,False,0.0,0.0,0.0,164.00007009507004,0.1960783983734433,47,bicycle,0.1,0.1,weighted_crc,segformer_b2_cityscapes,cityscapes_val_half,164
,,,0.9999796764298906,782,True,0.05461847389558233,0.05461847389558233,0.076488196849823,38.992,775,83,159,7,0.0440251572327044,0.11800000000000005,False,0.06896551724137931,0.017241379310344827,0.0,164.00007009507004,0.1960783983734433,47,bicycle,0.2,0.1,weighted_crc,segformer_b2_cityscapes,cityscapes_val_half,164
,,,1.0,1000,False,0.0,0.0,1.0,0.834,1000,83,159,0,0.0,0.0,False,0.0,0.0,0.0,164.00007009507004,0.1960783983734433,47,bicycle,0.05,0.5,weighted_crc,segformer_b2_cityscapes,cityscapes_val_half,164
,,,1.0,1000,False,0.0,0.0,1.0,0.834,1000,83,159,0,0.0,0.0,False,0.0,0.0,0.0,164.00007009507004,0.1960783983734433,47,bicycle,0.1,0.5,weighted_crc,segformer_b2_cityscapes,cityscapes_val_half,164
,,,0.9999858094247831,808,True,0.06305220883534135,0.06305220883534136,0.08490268886089325,40.838,800,83,159,9,0.05660377358490566,0.13600000000000007,True,0.09195402298850575,0.017241379310344827,0.0,164.00007009507004,0.1960783983734433,47,bicycle,0.2,0.5,weighted_crc,segformer_b2_cityscapes,cityscapes_val_half,164
,,,1.0,1000,False,0.0,0.0,1.0,0.66,1000,170,334,0,0.0,0.0,False,0.0,0.0,0.0,197.00008869172078,0.16877633870899725,48,person,0.05,0.1,weighted_crc,segformer_b2_cityscapes,cityscapes_val_half,197
,,,1.0,1000,False,0.0,0.0,1.0,0.66,1000,170,334,0,0.0,0.0,False,0.0,0.0,0.0,197.00008869172078,0.16877633870899725,48,person,0.1,0.1,weighted_crc,segformer_b2_cityscapes,cityscapes_val_half,197
,,,0.9986068431970547,476,True,0.06323529411764706,0.06323529411764706,0.03694397956132889,25.124,475,170,334,15,0.04491017964071856,0.124,False,0.05263157894736842,0.04132231404958678,0.0,197.00008869172078,0.16877633870899725,48,person,0.2,0.1,weighted_crc,segformer_b2_cityscapes,cityscapes_val_half,197
,,,1.0,1000,False,0.0,0.0,1.0,0.66,1000,170,334,0,0.0,0.0,False,0.0,0.0,0.0,197.00008869172078,0.16877633870899725,48,person,0.05,0.5,weighted_crc,segformer_b2_cityscapes,cityscapes_val_half,197
,,,1.0,1000,False,0.0,0.0,1.0,0.66,1000,170,334,0,0.0,0.0,False,0.0,0.0,0.0,197.00008869172078,0.16877633870899725,48,person,0.1,0.5,weighted_crc,segformer_b2_cityscapes,cityscapes_val_half,197
,,,0.9994988127663728,550,True,0.06470588235294118,0.06470588235294118,0.05345297232270241,31.994,550,170,334,16,0.04790419161676647,0.10799999999999998,False,0.04736842105263158,0.05785123966942149,0.0,197.00008869172078,0.16877633870899725,48,person,0.2,0.5,weighted_crc,segformer_b2_cityscapes,cityscapes_val_half,197
,,,1.0,1000,False,0.0,0.0,1.0,0.944,1000,28,38,0,0.0,0.0,False,0.0,0.0,0.0,124.00006771088545,0.24390238796509786,48,rider,0.05,0.1,weighted_crc,segformer_b2_cityscapes,cityscapes_val_half,124
,,,1.0,1000,False,0.0,0.0,1.0,0.944,1000,28,38,0,0.0,0.0,False,0.0,0.0,0.0,124.00006771088545,0.24390238796509786,48,rider,0.1,0.1,weighted_crc,segformer_b2_cityscapes,cityscapes_val_half,124
,,,1.0,1000,False,0.0,0.0,1.0,0.944,1000,28,38,0,0.0,0.0,False,0.0,0.0,0.0,124.00006771088545,0.24390238796509786,48,rider,0.2,0.1,weighted_crc,segformer_b2_cityscapes,cityscapes_val_half,124
,,,1.0,1000,False,0.0,0.0,1.0,0.944,1000,28,38,0,0.0,0.0,False,0.0,0.0,0.0,124.00006771088545,0.24390238796509786,48,rider,0.05,0.5,weighted_crc,segformer_b2_cityscapes,cityscapes_val_half,124
,,,1.0,1000,False,0.0,0.0,1.0,0.944,1000,28,38,0,0.0,0.0,False,0.0,0.0,0.0,124.00006771088545,0.24390238796509786,48,rider,0.1,0.5,weighted_crc,segformer_b2_cityscapes,cityscapes_val_half,124
,,,1.0,1000,False,0.0,0.0,1.0,0.944,1000,28,38,0,0.0,0.0,False,0.0,0.0,0.0,124.00006771088545,0.24390238796509786,48,rider,0.2,0.5,weighted_crc,segformer_b2_cityscapes,cityscapes_val_half,124
,,,1.0,1000,False,0.0,0.0,1.0,0.834,1000,83,159,0,0.0,0.0,False,0.0,0.0,0.0,165.00007867814105,0.1951219149106812,48,bicycle,0.05,0.1,weighted_crc,segformer_b2_cityscapes,cityscapes_val_half,165
,,,1.0,1000,False,0.0,0.0,1.0,0.834,1000,83,159,0,0.0,0.0,False,0.0,0.0,0.0,165.00007867814105,0.1951219149106812,48,bicycle,0.1,0.1,weighted_crc,segformer_b2_cityscapes,cityscapes_val_half,165
,,,0.9999696610881581,753,True,0.06035570854847963,0.06035570854847963,0.06766963750123978,36.622,750,83,159,9,0.05660377358490566,0.09200000000000003,False,0.09195402298850575,0.017241379310344827,0.0,165.00007867814105,0.1951219149106812,48,bicycle,0.2,0.1,weighted_crc,segformer_b2_cityscapes,cityscapes_val_half,165
,,,1.0,1000,False,0.0,0.0,1.0,0.834,1000,83,159,0,0.0,0.0,False,0.0,0.0,0.0,165.00007867814105,0.1951219149106812,48,bicycle,0.05,0.5,weighted_crc,segformer_b2_cityscapes,cityscapes_val_half,165
,,,1.0,1000,False,0.0,0.0,1.0,0.834,1000,83,159,0,0.0,0.0,False,0.0,0.0,0.0,165.00007867814105,0.1951219149106812,48,bicycle,0.1,0.5,weighted_crc,segformer_b2_cityscapes,cityscapes_val_half,165
,,,0.9999884654674218,823,True,0.06305220883534135,0.06305220883534136,0.09012430161237717,40.838,800,83,159,9,0.05660377358490566,0.14199999999999996,True,0.09195402298850575,0.017241379310344827,0.0,165.00007867814105,0.1951219149106812,48,bicycle,0.2,0.5,weighted_crc,segformer_b2_cityscapes,cityscapes_val_half,165
,,,1.0,1000,False,0.0,0.0,1.0,0.66,1000,170,334,0,0.0,0.0,False,0.0,0.0,0.0,198.00009727479176,0.16806719187129857,49,person,0.05,0.1,weighted_crc,segformer_b2_cityscapes,cityscapes_val_half,198
,,,1.0,1000,False,0.0,0.0,1.0,0.66,1000,170,334,0,0.0,0.0,False,0.0,0.0,0.0,198.00009727479176,0.16806719187129857,49,person,0.1,0.1,weighted_crc,segformer_b2_cityscapes,cityscapes_val_half,198
,,,0.9975789709532639,436,True,0.07598039215686275,0.07598039215686274,0.02982080541551113,20.462,425,170,334,20,0.059880239520958084,0.17600000000000005,True,0.07368421052631578,0.049586776859504134,0.0,198.00009727479176,0.16806719187129857,49,person,0.2,0.1,weighted_crc,segformer_b2_cityscapes,cityscapes_val_half,198
,,,1.0,1000,False,0.0,0.0,1.0,0.66,1000,170,334,0,0.0,0.0,False,0.0,0.0,0.0,198.00009727479176,0.16806719187129857,49,person,0.05,0.5,weighted_crc,segformer_b2_cityscapes,cityscapes_val_half,198
,,,1.0,1000,False,0.0,0.0,1.0,0.66,1000,170,334,0,0.0,0.0,False,0.0,0.0,0.0,198.00009727479176,0.16806719187129857,49,person,0.1,0.5,weighted_crc,segformer_b2_cityscapes,cityscapes_val_half,198
,,,0.9988518463785031,490,True,0.0784313725490196,0.0784313725490196,0.03973051533102989,25.124,475,170,334,21,0.06287425149700598,0.14200000000000002,True,0.06315789473684211,0.0743801652892562,0.0,198.00009727479176,0.16806719187129857,49,person,0.2,0.5,weighted_crc,segformer_b2_cityscapes,cityscapes_val_half,198
,,,1.0,1000,False,0.0,0.0,1.0,0.944,1000,28,38,0,0.0,0.0,False,0.0,0.0,0.0,123.00005912781427,0.24539872706150415,49,rider,0.05,0.1,weighted_crc,segformer_b2_cityscapes,cityscapes_val_half,123
,,,1.0,1000,False,0.0,0.0,1.0,0.944,1000,28,38,0,0.0,0.0,False,0.0,0.0,0.0,123.00005912781427,0.24539872706150415,49,rider,0.1,0.1,weighted_crc,segformer_b2_cityscapes,cityscapes_val_half,123
,,,1.0,1000,False,0.0,0.0,1.0,0.944,1000,28,38,0,0.0,0.0,False,0.0,0.0,0.0,123.00005912781427,0.24539872706150415,49,rider,0.2,0.1,weighted_crc,segformer_b2_cityscapes,cityscapes_val_half,123
,,,1.0,1000,False,0.0,0.0,1.0,0.944,1000,28,38,0,0.0,0.0,False,0.0,0.0,0.0,123.00005912781427,0.24539872706150415,49,rider,0.05,0.5,weighted_crc,segformer_b2_cityscapes,cityscapes_val_half,123
,,,1.0,1000,False,0.0,0.0,1.0,0.944,1000,28,38,0,0.0,0.0,False,0.0,0.0,0.0,123.00005912781427,0.24539872706150415,49,rider,0.1,0.5,weighted_crc,segformer_b2_cityscapes,cityscapes_val_half,123
,,,1.0,1000,False,0.0,0.0,1.0,0.944,1000,28,38,0,0.0,0.0,False,0.0,0.0,0.0,123.00005912781427,0.24539872706150415,49,rider,0.2,0.5,weighted_crc,segformer_b2_cityscapes,cityscapes_val_half,123
,,,1.0,1000,False,0.0,0.0,1.0,0.834,1000,83,159,0,0.0,0.0,False,0.0,0.0,0.0,174.00010585786492,0.18691584120381832,49,bicycle,0.05,0.1,weighted_crc,segformer_b2_cityscapes,cityscapes_val_half,174
,,,1.0,1000,False,0.0,0.0,1.0,0.834,1000,83,159,0,0.0,0.0,False,0.0,0.0,0.0,174.00010585786492,0.18691584120381832,49,bicycle,0.1,0.1,weighted_crc,segformer_b2_cityscapes,cityscapes_val_half,174
,,,0.9999202005312732,683,True,0.07039586919104991,0.07039586919104991,0.04943525791168213,29.932,675,83,159,11,0.06918238993710692,0.08000000000000002,False,0.11494252873563218,0.017241379310344827,0.0,174.00010585786492,0.18691584120381832,49,bicycle,0.2,0.1,weighted_crc,segformer_b2_cityscapes,cityscapes_val_half,174
,,,1.0,1000,False,0.0,0.0,1.0,0.834,1000,83,159,0,0.0,0.0,False,0.0,0.0,0.0,174.00010585786492,0.18691584120381832,49,bicycle,0.05,0.5,weighted_crc,segformer_b2_cityscapes,cityscapes_val_half,174
,,,1.0,1000,False,0.0,0.0,1.0,0.834,1000,83,159,0,0.0,0.0,False,0.0,0.0,0.0,174.00010585786492,0.18691584120381832,49,bicycle,0.1,0.5,weighted_crc,segformer_b2_cityscapes,cityscapes_val_half,174
,,,0.999970077353634,754,True,0.06878944348823866,0.06878944348823866,0.06795880198478699,36.622,750,83,159,11,0.06918238993710692,0.05399999999999999,False,0.11494252873563218,0.017241379310344827,0.0,174.00010585786492,0.18691584120381832,49,bicycle,0.2,0.5,weighted_crc,segformer_b2_cityscapes,cityscapes_val_half,174
,,,1.0,1000,False,0.0,0.0,1.0,0.66,1000,170,334,0,0.0,0.0,False,0.0,0.0,0.0,197.00008869172078,0.16877633870899725,50,person,0.05,0.1,weighted_crc,segformer_b2_cityscapes,cityscapes_val_half,197
,,,1.0,1000,False,0.0,0.0,1.0,0.66,1000,170,334,0,0.0,0.0,False,0.0,0.0,0.0,197.00008869172078,0.16877633870899725,50,person,0.1,0.1,weighted_crc,segformer_b2_cityscapes,cityscapes_val_half,197
,,,0.9984864387515638,470,True,0.06323529411764706,0.06323529411764706,0.03579083830118179,22.656,450,170,334,15,0.04491017964071856,0.14200000000000002,True,0.05263157894736842,0.04132231404958678,0.0,197.00008869172078,0.16877633870899725,50,person,0.2,0.1,weighted_crc,segformer_b2_cityscapes,cityscapes_val_half,197
,,,1.0,1000,False,0.0,0.0,1.0,0.66,1000,170,334,0,0.0,0.0,False,0.0,0.0,0.0,197.00008869172078,0.16877633870899725,50,person,0.05,0.5,weighted_crc,segformer_b2_cityscapes,cityscapes_val_half,197
,,,1.0,1000,False,0.0,0.0,1.0,0.66,1000,170,334,0,0.0,0.0,False,0.0,0.0,0.0,197.00008869172078,0.16877633870899725,50,person,0.1,0.5,weighted_crc,segformer_b2_cityscapes,cityscapes_val_half,197
,,,0.9994324553945915,541,True,0.06764705882352941,0.06764705882352941,0.051193717867136,29.594,525,170,334,17,0.05089820359281437,0.11399999999999999,False,0.05263157894736842,0.05785123966942149,0.0,197.00008869172078,0.16877633870899725,50,person,0.2,0.5,weighted_crc,segformer_b2_cityscapes,cityscapes_val_half,197
,,,1.0,1000,False,0.0,0.0,1.0,0.944,1000,28,38,0,0.0,0.0,False,0.0,0.0,0.0,120.00003337860278,0.24999997019768117,50,rider,0.05,0.1,weighted_crc,segformer_b2_cityscapes,cityscapes_val_half,120
,,,1.0,1000,False,0.0,0.0,1.0,0.944,1000,28,38,0,0.0,0.0,False,0.0,0.0,0.0,120.00003337860278,0.24999997019768117,50,rider,0.1,0.1,weighted_crc,segformer_b2_cityscapes,cityscapes_val_half,120
,,,1.0,1000,False,0.0,0.0,1.0,0.944,1000,28,38,0,0.0,0.0,False,0.0,0.0,0.0,120.00003337860278,0.24999997019768117,50,rider,0.2,0.1,weighted_crc,segformer_b2_cityscapes,cityscapes_val_half,120
,,,1.0,1000,False,0.0,0.0,1.0,0.944,1000,28,38,0,0.0,0.0,False,0.0,0.0,0.0,120.00003337860278,0.24999997019768117,50,rider,0.05,0.5,weighted_crc,segformer_b2_cityscapes,cityscapes_val_half,120
,,,1.0,1000,False,0.0,0.0,1.0,0.944,1000,28,38,0,0.0,0.0,False,0.0,0.0,0.0,120.00003337860278,0.24999997019768117,50,rider,0.1,0.5,weighted_crc,segformer_b2_cityscapes,cityscapes_val_half,120
,,,1.0,1000,False,0.0,0.0,1.0,0.944,1000,28,38,0,0.0,0.0,False,0.0,0.0,0.0,120.00003337860278,0.24999997019768117,50,rider,0.2,0.5,weighted_crc,segformer_b2_cityscapes,cityscapes_val_half,120
,,,1.0,1000,False,0.0,0.0,1.0,0.834,1000,83,159,0,0.0,0.0,False,0.0,0.0,0.0,168.00005435943942,0.19230766409247999,50,bicycle,0.05,0.1,weighted_crc,segformer_b2_cityscapes,cityscapes_val_half,168
,,,1.0,1000,False,0.0,0.0,1.0,0.834,1000,83,159,0,0.0,0.0,False,0.0,0.0,0.0,168.00005435943942,0.19230766409247999,50,bicycle,0.1,0.1,weighted_crc,segformer_b2_cityscapes,cityscapes_val_half,168
,,,0.9999796764298906,782,True,0.05461847389558233,0.05461847389558233,0.076488196849823,38.992,775,83,159,7,0.0440251572327044,0.04800000000000004,False,0.06896551724137931,0.017241379310344827,0.0,168.00005435943942,0.19230766409247999,50,bicycle,0.2,0.1,weighted_crc,segformer_b2_cityscapes,cityscapes_val_half,168
,,,1.0,1000,False,0.0,0.0,1.0,0.834,1000,83,159,0,0.0,0.0,False,0.0,0.0,0.0,168.00005435943942,0.19230766409247999,50,bicycle,0.05,0.5,weighted_crc,segformer_b2_cityscapes,cityscapes_val_half,168
,,,1.0,1000,False,0.0,0.0,1.0,0.834,1000,83,159,0,0.0,0.0,False,0.0,0.0,0.0,168.00005435943942,0.19230766409247999,50,bicycle,0.1,0.5,weighted_crc,segformer_b2_cityscapes,cityscapes_val_half,168
,,,0.9999858094247831,808,True,0.06305220883534135,0.06305220883534136,0.08490268886089325,40.838,800,83,159,9,0.05660377358490566,0.07,False,0.09195402298850575,0.017241379310344827,0.0,168.00005435943942,0.19230766409247999,50,bicycle,0.2,0.5,weighted_crc,segformer_b2_cityscapes,cityscapes_val_half,168
,,,1.0,1000,False,0.0,0.0,1.0,0.66,1000,170,334,0,0.0,0.0,False,0.0,0.0,0.0,198.00009727479176,0.16806719187129857,51,person,0.05,0.1,weighted_crc,segformer_b2_cityscapes,cityscapes_val_half,198
,,,1.0,1000,False,0.0,0.0,1.0,0.66,1000,170,334,0,0.0,0.0,False,0.0,0.0,0.0,198.00009727479176,0.16806719187129857,51,person,0.1,0.1,weighted_crc,segformer_b2_cityscapes,cityscapes_val_half,198
,,,0.9984223887303006,467,True,0.06323529411764706,0.06323529411764706,0.03523048758506775,22.656,450,170,334,15,0.04491017964071856,0.11199999999999999,False,0.05263157894736842,0.04132231404958678,0.0,198.00009727479176,0.16806719187129857,51,person,0.2,0.1,weighted_crc,segformer_b2_cityscapes,cityscapes_val_half,198
,,,1.0,1000,False,0.0,0.0,1.0,0.66,1000,170,334,0,0.0,0.0,False,0.0,0.0,0.0,198.00009727479176,0.16806719187129857,51,person,0.05,0.5,weighted_crc,segformer_b2_cityscapes,cityscapes_val_half,198
,,,1.0,1000,False,0.0,0.0,1.0,0.66,1000,170,334,0,0.0,0.0,False,0.0,0.0,0.0,198.00009727479176,0.16806719187129857,51,person,0.1,0.5,weighted_crc,segformer_b2_cityscapes,cityscapes_val_half,198
,,,0.9993483716059391,531,True,0.06960784313725489,0.06960784313725489,0.04876994341611862,29.594,525,170,334,18,0.05389221556886228,0.10199999999999998,False,0.05263157894736842,0.06611570247933884,0.0,198.00009727479176,0.16806719187129857,51,person,0.2,0.5,weighted_crc,segformer_b2_cityscapes,cityscapes_val_half,198
,,,1.0,1000,False,0.0,0.0,1.0,0.944,1000,28,38,0,0.0,0.0,False,0.0,0.0,0.0,121.00004196167293,0.2484471696490408,51,rider,0.05,0.1,weighted_crc,segformer_b2_cityscapes,cityscapes_val_half,121
,,,1.0,1000,False,0.0,0.0,1.0,0.944,1000,28,38,0,0.0,0.0,False,0.0,0.0,0.0,121.00004196167293,0.2484471696490408,51,rider,0.1,0.1,weighted_crc,segformer_b2_cityscapes,cityscapes_val_half,121
,,,1.0,1000,False,0.0,0.0,1.0,0.944,1000,28,38,0,0.0,0.0,False,0.0,0.0,0.0,121.00004196167293,0.2484471696490408,51,rider,0.2,0.1,weighted_crc,segformer_b2_cityscapes,cityscapes_val_half,121
,,,1.0,1000,False,0.0,0.0,1.0,0.944,1000,28,38,0,0.0,0.0,False,0.0,0.0,0.0,121.00004196167293,0.2484471696490408,51,rider,0.05,0.5,weighted_crc,segformer_b2_cityscapes,cityscapes_val_half,121
,,,1.0,1000,False,0.0,0.0,1.0,0.944,1000,28,38,0,0.0,0.0,False,0.0,0.0,0.0,121.00004196167293,0.2484471696490408,51,rider,0.1,0.5,weighted_crc,segformer_b2_cityscapes,cityscapes_val_half,121
,,,1.0,1000,False,0.0,0.0,1.0,0.944,1000,28,38,0,0.0,0.0,False,0.0,0.0,0.0,121.00004196167293,0.2484471696490408,51,rider,0.2,0.5,weighted_crc,segformer_b2_cityscapes,cityscapes_val_half,121
,,,1.0,1000,False,0.0,0.0,1.0,0.834,1000,83,159,0,0.0,0.0,False,0.0,0.0,0.0,169.00002479553277,0.1913875458356833,51,bicycle,0.05,0.1,weighted_crc,segformer_b2_cityscapes,cityscapes_val_half,169
,,,1.0,1000,False,0.0,0.0,1.0,0.834,1000,83,159,0,0.0,0.0,False,0.0,0.0,0.0,169.00002479553277,0.1913875458356833,51,bicycle,0.1,0.1,weighted_crc,segformer_b2_cityscapes,cityscapes_val_half,169
,,,0.9999631871026358,739,True,0.06035570854847963,0.06035570854847963,0.0637095645070076,34.528,725,83,159,9,0.05660377358490566,0.08200000000000002,False,0.09195402298850575,0.017241379310344827,0.0,169.00002479553277,0.1913875458356833,51,bicycle,0.2,0.1,weighted_crc,segformer_b2_cityscapes,cityscapes_val_half,169
,,,1.0,1000,False,0.0,0.0,1.0,0.834,1000,83,159,0,0.0,0.0,False,0.0,0.0,0.0,169.00002479553277,0.1913875458356833,51,bicycle,0.05,0.5,weighted_crc,segformer_b2_cityscapes,cityscapes_val_half,169
,,,1.0,1000,False,0.0,0.0,1.0,0.834,1000,83,159,0,0.0,0.0,False,0.0,0.0,0.0,169.00002479553277,0.1913875458356833,51,bicycle,0.1,0.5,weighted_crc,segformer_b2_cityscapes,cityscapes_val_half,169
,,,0.9999863855531753,811,True,0.06305220883534135,0.06305220883534136,0.08595724403858185,40.838,800,83,159,9,0.05660377358490566,0.14999999999999997,True,0.09195402298850575,0.017241379310344827,0.0,169.00002479553277,0.1913875458356833,51,bicycle,0.2,0.5,weighted_crc,segformer_b2_cityscapes,cityscapes_val_half,169
,,,1.0,1000,False,0.0,0.0,1.0,0.66,1000,170,334,0,0.0,0.0,False,0.0,0.0,0.0,206.00012779238003,0.1626015856731171,52,person,0.05,0.1,weighted_crc,segformer_b2_cityscapes,cityscapes_val_half,206
,,,1.0,1000,False,0.0,0.0,1.0,0.66,1000,170,334,0,0.0,0.0,False,0.0,0.0,0.0,206.00012779238003,0.1626015856731171,52,person,0.1,0.1,weighted_crc,segformer_b2_cityscapes,cityscapes_val_half,206
,,,0.9984223887303006,467,True,0.06323529411764706,0.06323529411764706,0.03523048758506775,22.656,450,170,334,15,0.04491017964071856,0.11399999999999999,False,0.05263157894736842,0.04132231404958678,0.0,206.00012779238003,0.1626015856731171,52,person,0.2,0.1,weighted_crc,segformer_b2_cityscapes,cityscapes_val_half,206
,,,1.0,1000,False,0.0,0.0,1.0,0.66,1000,170,334,0,0.0,0.0,False,0.0,0.0,0.0,206.00012779238003,0.1626015856731171,52,person,0.05,0.5,weighted_crc,segformer_b2_cityscapes,cityscapes_val_half,206
,,,1.0,1000,False,0.0,0.0,1.0,0.66,1000,170,334,0,0.0,0.0,False,0.0,0.0,0.0,206.00012779238003,0.1626015856731171,52,person,0.1,0.5,weighted_crc,segformer_b2_cityscapes,cityscapes_val_half,206
,,,0.9993483716059391,531,True,0.06960784313725489,0.06960784313725489,0.04876994341611862,29.594,525,170,334,18,0.05389221556886228,0.10399999999999998,False,0.05263157894736842,0.06611570247933884,0.0,206.00012779238003,0.1626015856731171,52,person,0.2,0.5,weighted_crc,segformer_b2_cityscapes,cityscapes_val_half,206
,,,1.0,1000,False,0.0,0.0,1.0,0.944,1000,28,38,0,0.0,0.0,False,0.0,0.0,0.0,129.00002241134683,0.23668636916244154,52,rider,0.05,0.1,weighted_crc,segformer_b2_cityscapes,cityscapes_val_half,129
,,,1.0,1000,False,0.0,0.0,1.0,0.944,1000,28,38,0,0.0,0.0,False,0.0,0.0,0.0,129.00002241134683,0.23668636916244154,52,rider,0.1,0.1,weighted_crc,segformer_b2_cityscapes,cityscapes_val_half,129
,,,1.0,1000,False,0.0,0.0,1.0,0.944,1000,28,38,0,0.0,0.0,False,0.0,0.0,0.0,129.00002241134683,0.23668636916244154,52,rider,0.2,0.1,weighted_crc,segformer_b2_cityscapes,cityscapes_val_half,129
,,,1.0,1000,False,0.0,0.0,1.0,0.944,1000,28,38,0,0.0,0.0,False,0.0,0.0,0.0,129.00002241134683,0.23668636916244154,52,rider,0.05,0.5,weighted_crc,segformer_b2_cityscapes,cityscapes_val_half,129
,,,1.0,1000,False,0.0,0.0,1.0,0.944,1000,28,38,0,0.0,0.0,False,0.0,0.0,0.0,129.00002241134683,0.23668636916244154,52,rider,0.1,0.5,weighted_crc,segformer_b2_cityscapes,cityscapes_val_half,129
,,,1.0,1000,False,0.0,0.0,1.0,0.944,1000,28,38,0,0.0,0.0,False,0.0,0.0,0.0,129.00002241134683,0.23668636916244154,52,rider,0.2,0.5,weighted_crc,segformer_b2_cityscapes,cityscapes_val_half,129
,,,1.0,1000,False,0.0,0.0,1.0,0.834,1000,83,159,0,0.0,0.0,False,0.0,0.0,0.0,174.00010585786492,0.18691584120381832,52,bicycle,0.05,0.1,weighted_crc,segformer_b2_cityscapes,cityscapes_val_half,174
,,,1.0,1000,False,0.0,0.0,1.0,0.834,1000,83,159,0,0.0,0.0,False,0.0,0.0,0.0,174.00010585786492,0.18691584120381832,52,bicycle,0.1,0.1,weighted_crc,segformer_b2_cityscapes,cityscapes_val_half,174
,,,0.999868780010098,647,True,0.08244406196213425,0.08244406196213425,0.041580140590667725,25.956,625,83,159,12,0.07547169811320754,0.064,False,0.12643678160919541,0.017241379310344827,0.0,174.00010585786492,0.18691584120381832,52,bicycle,0.2,0.1,weighted_crc,segformer_b2_cityscapes,cityscapes_val_half,174
,,,1.0,1000,False,0.0,0.0,1.0,0.834,1000,83,159,0,0.0,0.0,False,0.0,0.0,0.0,174.00010585786492,0.18691584120381832,52,bicycle,0.05,0.5,weighted_crc,segformer_b2_cityscapes,cityscapes_val_half,174
,,,1.0,1000,False,0.0,0.0,1.0,0.834,1000,83,159,0,0.0,0.0,False,0.0,0.0,0.0,174.00010585786492,0.18691584120381832,52,bicycle,0.1,0.5,weighted_crc,segformer_b2_cityscapes,cityscapes_val_half,174
,,,0.9999411156344644,705,True,0.10332759609868043,0.10332759609868043,0.0547356940805912,32.058,700,83,159,16,0.10062893081761007,0.06000000000000005,False,0.16091954022988506,0.034482758620689655,0.0,174.00010585786492,0.18691584120381832,52,bicycle,0.2,0.5,weighted_crc,segformer_b2_cityscapes,cityscapes_val_half,174
,,,1.0,1000,False,0.0,0.0,1.0,0.66,1000,170,334,0,0.0,0.0,False,0.0,0.0,0.0,195.0000834465132,0.17021273832723116,53,person,0.05,0.1,weighted_crc,segformer_b2_cityscapes,cityscapes_val_half,195
,,,1.0,1000,False,0.0,0.0,1.0,0.66,1000,170,334,0,0.0,0.0,False,0.0,0.0,0.0,195.0000834465132,0.17021273832723116,53,person,0.1,0.1,weighted_crc,segformer_b2_cityscapes,cityscapes_val_half,195
,,,0.9987526164857571,484,True,0.06323529411764706,0.06323529411764706,0.03851815685629845,25.124,475,170,334,15,0.04491017964071856,0.10199999999999998,False,0.05263157894736842,0.04132231404958678,0.0,195.0000834465132,0.17021273832723116,53,person,0.2,0.1,weighted_crc,segformer_b2_cityscapes,cityscapes_val_half,195
,,,1.0,1000,False,0.0,0.0,1.0,0.66,1000,170,334,0,0.0,0.0,False,0.0,0.0,0.0,195.0000834465132,0.17021273832723116,53,person,0.05,0.5,weighted_crc,segformer_b2_cityscapes,cityscapes_val_half,195
,,,1.0,1000,False,0.0,0.0,1.0,0.66,1000,170,334,0,0.0,0.0,False,0.0,0.0,0.0,195.0000834465132,0.17021273832723116,53,person,0.1,0.5,weighted_crc,segformer_b2_cityscapes,cityscapes_val_half,195
,,,0.9994245600626629,540,True,0.06764705882352941,0.06764705882352941,0.05095503479242325,29.594,525,170,334,17,0.05089820359281437,0.08799999999999997,False,0.05263157894736842,0.05785123966942149,0.0,195.0000834465132,0.17021273832723116,53,person,0.2,0.5,weighted_crc,segformer_b2_cityscapes,cityscapes_val_half,195
,,,1.0,1000,False,0.0,0.0,1.0,0.944,1000,28,38,0,0.0,0.0,False,0.0,0.0,0.0,118.00008535386871,0.2531644927827093,53,rider,0.05,0.1,weighted_crc,segformer_b2_cityscapes,cityscapes_val_half,118
,,,1.0,1000,False,0.0,0.0,1.0,0.944,1000,28,38,0,0.0,0.0,False,0.0,0.0,0.0,118.00008535386871,0.2531644927827093,53,rider,0.1,0.1,weighted_crc,segformer_b2_cityscapes,cityscapes_val_half,118
,,,1.0,1000,False,0.0,0.0,1.0,0.944,1000,28,38,0,0.0,0.0,False,0.0,0.0,0.0,118.00008535386871,0.2531644927827093,53,rider,0.2,0.1,weighted_crc,segformer_b2_cityscapes,cityscapes_val_half,118
,,,1.0,1000,False,0.0,0.0,1.0,0.944,1000,28,38,0,0.0,0.0,False,0.0,0.0,0.0,118.00008535386871,0.2531644927827093,53,rider,0.05,0.5,weighted_crc,segformer_b2_cityscapes,cityscapes_val_half,118
,,,1.0,1000,False,0.0,0.0,1.0,0.944,1000,28,38,0,0.0,0.0,False,0.0,0.0,0.0,118.00008535386871,0.2531644927827093,53,rider,0.1,0.5,weighted_crc,segformer_b2_cityscapes,cityscapes_val_half,118
,,,1.0,1000,False,0.0,0.0,1.0,0.944,1000,28,38,0,0.0,0.0,False,0.0,0.0,0.0,118.00008535386871,0.2531644927827093,53,rider,0.2,0.5,weighted_crc,segformer_b2_cityscapes,cityscapes_val_half,118
,,,1.0,1000,False,0.0,0.0,1.0,0.834,1000,83,159,0,0.0,0.0,False,0.0,0.0,0.0,169.00002479553277,0.1913875458356833,53,bicycle,0.05,0.1,weighted_crc,segformer_b2_cityscapes,cityscapes_val_half,169
,,,1.0,1000,False,0.0,0.0,1.0,0.834,1000,83,159,0,0.0,0.0,False,0.0,0.0,0.0,169.00002479553277,0.1913875458356833,53,bicycle,0.1,0.1,weighted_crc,segformer_b2_cityscapes,cityscapes_val_half,169
,,,0.999958313061653,730,True,0.06637980493402179,0.0663798049340218,0.061229970306158066,34.528,725,83,159,10,0.06289308176100629,0.04199999999999998,False,0.10344827586206896,0.017241379310344827,0.0,169.00002479553277,0.1913875458356833,53,bicycle,0.2,0.1,weighted_crc,segformer_b2_cityscapes,cityscapes_val_half,169
,,,1.0,1000,False,0.0,0.0,1.0,0.834,1000,83,159,0,0.0,0.0,False,0.0,0.0,0.0,169.00002479553277,0.1913875458356833,53,bicycle,0.05,0.5,weighted_crc,segformer_b2_cityscapes,cityscapes_val_half,169
,,,1.0,1000,False,0.0,0.0,1.0,0.834,1000,83,159,0,0.0,0.0,False,0.0,0.0,0.0,169.00002479553277,0.1913875458356833,53,bicycle,0.1,0.5,weighted_crc,segformer_b2_cityscapes,cityscapes_val_half,169
,,,0.9999856120142174,807,True,0.06305220883534135,0.06305220883534136,0.08459604531526566,40.838,800,83,159,9,0.05660377358490566,0.10800000000000004,False,0.09195402298850575,0.017241379310344827,0.0,169.00002479553277,0.1913875458356833,53,bicycle,0.2,0.5,weighted_crc,segformer_b2_cityscapes,cityscapes_val_half,169
,,,1.0,1000,False,0.0,0.0,1.0,0.66,1000,170,334,0,0.0,0.0,False,0.0,0.0,0.0,206.00012779238003,0.1626015856731171,54,person,0.05,0.1,weighted_crc,segformer_b2_cityscapes,cityscapes_val_half,206
,,,1.0,1000,False,0.0,0.0,1.0,0.66,1000,170,334,0,0.0,0.0,False,0.0,0.0,0.0,206.00012779238003,0.1626015856731171,54,person,0.1,0.1,weighted_crc,segformer_b2_cityscapes,cityscapes_val_half,206
,,,0.997545291084315,435,True,0.07745098039215687,0.07745098039215687,0.029662659391760826,20.462,425,170,334,21,0.06287425149700598,0.17000000000000004,True,0.07368421052631578,0.05785123966942149,0.0,206.00012779238003,0.1626015856731171,54,person,0.2,0.1,weighted_crc,segformer_b2_cityscapes,cityscapes_val_half,206
,,,1.0,1000,False,0.0,0.0,1.0,0.66,1000,170,334,0,0.0,0.0,False,0.0,0.0,0.0,206.00012779238003,0.1626015856731171,54,person,0.05,0.5,weighted_crc,segformer_b2_cityscapes,cityscapes_val_half,206
,,,1.0,1000,False,0.0,0.0,1.0,0.66,1000,170,334,0,0.0,0.0,False,0.0,0.0,0.0,206.00012779238003,0.1626015856731171,54,person,0.1,0.5,weighted_crc,segformer_b2_cityscapes,cityscapes_val_half,206
,,,0.998913574376383,494,True,0.0784313725490196,0.0784313725490196,0.04054215922951698,25.124,475,170,334,21,0.06287425149700598,0.14800000000000002,True,0.06315789473684211,0.0743801652892562,0.0,206.00012779238003,0.1626015856731171,54,person,0.2,0.5,weighted_crc,segformer_b2_cityscapes,cityscapes_val_half,206
,,,1.0,1000,False,0.0,0.0,1.0,0.944,1000,28,38,0,0.0,0.0,False,0.0,0.0,0.0,122.00005054474343,0.2469135395475134,54,rider,0.05,0.1,weighted_crc,segformer_b2_cityscapes,cityscapes_val_half,122
,,,1.0,1000,False,0.0,0.0,1.0,0.944,1000,28,38,0,0.0,0.0,False,0.0,0.0,0.0,122.00005054474343,0.2469135395475134,54,rider,0.1,0.1,weighted_crc,segformer_b2_cityscapes,cityscapes_val_half,122
,,,1.0,1000,False,0.0,0.0,1.0,0.944,1000,28,38,0,0.0,0.0,False,0.0,0.0,0.0,122.00005054474343,0.2469135395475134,54,rider,0.2,0.1,weighted_crc,segformer_b2_cityscapes,cityscapes_val_half,122
,,,1.0,1000,False,0.0,0.0,1.0,0.944,1000,28,38,0,0.0,0.0,False,0.0,0.0,0.0,122.00005054474343,0.2469135395475134,54,rider,0.05,0.5,weighted_crc,segformer_b2_cityscapes,cityscapes_val_half,122
,,,1.0,1000,False,0.0,0.0,1.0,0.944,1000,28,38,0,0.0,0.0,False,0.0,0.0,0.0,122.00005054474343,0.2469135395475134,54,rider,0.1,0.5,weighted_crc,segformer_b2_cityscapes,cityscapes_val_half,122
,,,1.0,1000,False,0.0,0.0,1.0,0.944,1000,28,38,0,0.0,0.0,False,0.0,0.0,0.0,122.00005054474343,0.2469135395475134,54,rider,0.2,0.5,weighted_crc,segformer_b2_cityscapes,cityscapes_val_half,122
,,,1.0,1000,False,0.0,0.0,1.0,0.834,1000,83,159,0,0.0,0.0,False,0.0,0.0,0.0,172.00008869172214,0.18867920454222384,54,bicycle,0.05,0.1,weighted_crc,segformer_b2_cityscapes,cityscapes_val_half,172
,,,1.0,1000,False,0.0,0.0,1.0,0.834,1000,83,159,0,0.0,0.0,False,0.0,0.0,0.0,172.00008869172214,0.18867920454222384,54,bicycle,0.1,0.1,weighted_crc,segformer_b2_cityscapes,cityscapes_val_half,172
,,,0.9998903521803857,660,True,0.08244406196213425,0.08244406196213425,0.04430859535932541,27.768,650,83,159,12,0.07547169811320754,0.132,True,0.12643678160919541,0.017241379310344827,0.0,172.00008869172214,0.18867920454222384,54,bicycle,0.2,0.1,weighted_crc,segformer_b2_cityscapes,cityscapes_val_half,172
,,,1.0,1000,False,0.0,0.0,1.0,0.834,1000,83,159,0,0.0,0.0,False,0.0,0.0,0.0,172.00008869172214,0.18867920454222384,54,bicycle,0.05,0.5,weighted_crc,segformer_b2_cityscapes,cityscapes_val_half,172
,,,1.0,1000,False,0.0,0.0,1.0,0.834,1000,83,159,0,0.0,0.0,False,0.0,0.0,0.0,172.00008869172214,0.18867920454222384,54,bicycle,0.1,0.5,weighted_crc,segformer_b2_cityscapes,cityscapes_val_half,172
,,,0.9999571451479603,728,True,0.07682157200229489,0.07682157200229488,0.060706738382577896,34.528,725,83,159,13,0.08176100628930817,0.07999999999999996,False,0.13793103448275862,0.017241379310344827,0.0,172.00008869172214,0.18867920454222384,54,bicycle,0.2,0.5,weighted_crc,segformer_b2_cityscapes,cityscapes_val_half,172
,,,1.0,1000,False,0.0,0.0,1.0,0.66,1000,170,334,0,0.0,0.0,False,0.0,0.0,0.0,199.00010585786293,0.16736397933807196,55,person,0.05,0.1,weighted_crc,segformer_b2_cityscapes,cityscapes_val_half,199
,,,1.0,1000,False,0.0,0.0,1.0,0.66,1000,170,334,0,0.0,0.0,False,0.0,0.0,0.0,199.00010585786293,0.16736397933807196,55,person,0.1,0.1,weighted_crc,segformer_b2_cityscapes,cityscapes_val_half,199
,,,0.9988984606904586,493,True,0.06323529411764706,0.06323529411764706,0.040334202349185944,25.124,475,170,334,15,0.04491017964071856,0.09600000000000009,False,0.05263157894736842,0.04132231404958678,0.0,199.00010585786293,0.16736397933807196,55,person,0.2,0.1,weighted_crc,segformer_b2_cityscapes,cityscapes_val_half,199
,,,1.0,1000,False,0.0,0.0,1.0,0.66,1000,170,334,0,0.0,0.0,False,0.0,0.0,0.0,199.00010585786293,0.16736397933807196,55,person,0.05,0.5,weighted_crc,segformer_b2_cityscapes,cityscapes_val_half,199
,,,1.0,1000,False,0.0,0.0,1.0,0.66,1000,170,334,0,0.0,0.0,False,0.0,0.0,0.0,199.00010585786293,0.16736397933807196,55,person,0.1,0.5,weighted_crc,segformer_b2_cityscapes,cityscapes_val_half,199
,,,0.9996866714275684,584,True,0.061764705882352944,0.061764705882352944,0.06272507458925247,34.07,575,170,334,15,0.04491017964071856,0.08200000000000002,False,0.042105263157894736,0.05785123966942149,0.0,199.00010585786293,0.16736397933807196,55,person,0.2,0.5,weighted_crc,segformer_b2_cityscapes,cityscapes_val_half,199
,,,1.0,1000,False,0.0,0.0,1.0,0.944,1000,28,38,0,0.0,0.0,False,0.0,0.0,0.0,125.00007629395695,0.24242418637727994,55,rider,0.05,0.1,weighted_crc,segformer_b2_cityscapes,cityscapes_val_half,125
,,,1.0,1000,False,0.0,0.0,1.0,0.944,1000,28,38,0,0.0,0.0,False,0.0,0.0,0.0,125.00007629395695,0.24242418637727994,55,rider,0.1,0.1,weighted_crc,segformer_b2_cityscapes,cityscapes_val_half,125
,,,1.0,1000,False,0.0,0.0,1.0,0.944,1000,28,38,0,0.0,0.0,False,0.0,0.0,0.0,125.00007629395695,0.24242418637727994,55,rider,0.2,0.1,weighted_crc,segformer_b2_cityscapes,cityscapes_val_half,125
,,,1.0,1000,False,0.0,0.0,1.0,0.944,1000,28,38,0,0.0,0.0,False,0.0,0.0,0.0,125.00007629395695,0.24242418637727994,55,rider,0.05,0.5,weighted_crc,segformer_b2_cityscapes,cityscapes_val_half,125
,,,1.0,1000,False,0.0,0.0,1.0,0.944,1000,28,38,0,0.0,0.0,False,0.0,0.0,0.0,125.00007629395695,0.24242418637727994,55,rider,0.1,0.5,weighted_crc,segformer_b2_cityscapes,cityscapes_val_half,125
,,,1.0,1000,False,0.0,0.0,1.0,0.944,1000,28,38,0,0.0,0.0,False,0.0,0.0,0.0,125.00007629395695,0.24242418637727994,55,rider,0.2,0.5,weighted_crc,segformer_b2_cityscapes,cityscapes_val_half,125
,,,1.0,1000,False,0.0,0.0,1.0,0.834,1000,83,159,0,0.0,0.0,False,0.0,0.0,0.0,166.00008726121231,0.19417471772866304,55,bicycle,0.05,0.1,weighted_crc,segformer_b2_cityscapes,cityscapes_val_half,166
,,,1.0,1000,False,0.0,0.0,1.0,0.834,1000,83,159,0,0.0,0.0,False,0.0,0.0,0.0,166.00008726121231,0.19417471772866304,55,bicycle,0.1,0.1,weighted_crc,segformer_b2_cityscapes,cityscapes_val_half,166
,,,0.9999696610881581,753,True,0.06035570854847963,0.06035570854847963,0.06766963750123978,36.622,750,83,159,9,0.05660377358490566,0.06999999999999995,False,0.09195402298850575,0.017241379310344827,0.0,166.00008726121231,0.19417471772866304,55,bicycle,0.2,0.1,weighted_crc,segformer_b2_cityscapes,cityscapes_val_half,166
,,,1.0,1000,False,0.0,0.0,1.0,0.834,1000,83,159,0,0.0,0.0,False,0.0,0.0,0.0,166.00008726121231,0.19417471772866304,55,bicycle,0.05,0.5,weighted_crc,segformer_b2_cityscapes,cityscapes_val_half,166
,,,1.0,1000,False,0.0,0.0,1.0,0.834,1000,83,159,0,0.0,0.0,False,0.0,0.0,0.0,166.00008726121231,0.19417471772866304,55,bicycle,0.1,0.5,weighted_crc,segformer_b2_cityscapes,cityscapes_val_half,166
,,,0.9999884654674218,823,True,0.06305220883534135,0.06305220883534136,0.09012430161237717,40.838,800,83,159,9,0.05660377358490566,0.124,False,0.09195402298850575,0.017241379310344827,0.0,166.00008726121231,0.19417471772866304,55,bicycle,0.2,0.5,weighted_crc,segformer_b2_cityscapes,cityscapes_val_half,166
,,,1.0,1000,False,0.0,0.0,1.0,0.66,1000,170,334,0,0.0,0.0,False,0.0,0.0,0.0,204.00011062623676,0.16393439034819268,56,person,0.05,0.1,weighted_crc,segformer_b2_cityscapes,cityscapes_val_half,204
,,,1.0,1000,False,0.0,0.0,1.0,0.66,1000,170,334,0,0.0,0.0,False,0.0,0.0,0.0,204.00011062623676,0.16393439034819268,56,person,0.1,0.1,weighted_crc,segformer_b2_cityscapes,cityscapes_val_half,204
,,,0.9975789709532639,436,True,0.07598039215686275,0.07598039215686274,0.02982080541551113,20.462,425,170,334,20,0.059880239520958084,0.126,True,0.07368421052631578,0.049586776859504134,0.0,204.00011062623676,0.16393439034819268,56,person,0.2,0.1,weighted_crc,segformer_b2_cityscapes,cityscapes_val_half,204
,,,1.0,1000,False,0.0,0.0,1.0,0.66,1000,170,334,0,0.0,0.0,False,0.0,0.0,0.0,204.00011062623676,0.16393439034819268,56,person,0.05,0.5,weighted_crc,segformer_b2_cityscapes,cityscapes_val_half,204
,,,1.0,1000,False,0.0,0.0,1.0,0.66,1000,170,334,0,0.0,0.0,False,0.0,0.0,0.0,204.00011062623676,0.16393439034819268,56,person,0.1,0.5,weighted_crc,segformer_b2_cityscapes,cityscapes_val_half,204
,,,0.9989719837018736,498,True,0.07549019607843137,0.07549019607843137,0.04138697683811188,25.124,475,170,334,20,0.059880239520958084,0.11199999999999999,False,0.05789473684210526,0.0743801652892562,0.0,204.00011062623676,0.16393439034819268,56,person,0.2,0.5,weighted_crc,segformer_b2_cityscapes,cityscapes_val_half,204
,,,1.0,1000,False,0.0,0.0,1.0,0.944,1000,28,38,0,0.0,0.0,False,0.0,0.0,0.0,121.00004196167293,0.2484471696490408,56,rider,0.05,0.1,weighted_crc,segformer_b2_cityscapes,cityscapes_val_half,121
,,,1.0,1000,False,0.0,0.0,1.0,0.944,1000,28,38,0,0.0,0.0,False,0.0,0.0,0.0,121.00004196167293,0.2484471696490408,56,rider,0.1,0.1,weighted_crc,segformer_b2_cityscapes,cityscapes_val_half,121
,,,1.0,1000,False,0.0,0.0,1.0,0.944,1000,28,38,0,0.0,0.0,False,0.0,0.0,0.0,121.00004196167293,0.2484471696490408,56,rider,0.2,0.1,weighted_crc,segformer_b2_cityscapes,cityscapes_val_half,121
,,,1.0,1000,False,0.0,0.0,1.0,0.944,1000,28,38,0,0.0,0.0,False,0.0,0.0,0.0,121.00004196167293,0.2484471696490408,56,rider,0.05,0.5,weighted_crc,segformer_b2_cityscapes,cityscapes_val_half,121
,,,1.0,1000,False,0.0,0.0,1.0,0.944,1000,28,38,0,0.0,0.0,False,0.0,0.0,0.0,121.00004196167293,0.2484471696490408,56,rider,0.1,0.5,weighted_crc,segformer_b2_cityscapes,cityscapes_val_half,121
,,,1.0,1000,False,0.0,0.0,1.0,0.944,1000,28,38,0,0.0,0.0,False,0.0,0.0,0.0,121.00004196167293,0.2484471696490408,56,rider,0.2,0.5,weighted_crc,segformer_b2_cityscapes,cityscapes_val_half,121
,,,1.0,1000,False,0.0,0.0,1.0,0.834,1000,83,159,0,0.0,0.0,False,0.0,0.0,0.0,175.00007629395364,0.18604647861809334,56,bicycle,0.05,0.1,weighted_crc,segformer_b2_cityscapes,cityscapes_val_half,175
,,,1.0,1000,False,0.0,0.0,1.0,0.834,1000,83,159,0,0.0,0.0,False,0.0,0.0,0.0,175.00007629395364,0.18604647861809334,56,bicycle,0.1,0.1,weighted_crc,segformer_b2_cityscapes,cityscapes_val_half,175
,,,0.9999031722143739,669,True,0.08244406196213425,0.08244406196213425,0.046266041696071625,27.768,650,83,159,12,0.07547169811320754,0.08399999999999999,False,0.12643678160919541,0.017241379310344827,0.0,175.00007629395364,0.18604647861809334,56,bicycle,0.2,0.1,weighted_crc,segformer_b2_cityscapes,cityscapes_val_half,175
,,,1.0,1000,False,0.0,0.0,1.0,0.834,1000,83,159,0,0.0,0.0,False,0.0,0.0,0.0,175.00007629395364,0.18604647861809334,56,bicycle,0.05,0.5,weighted_crc,segformer_b2_cityscapes,cityscapes_val_half,175
,,,1.0,1000,False,0.0,0.0,1.0,0.834,1000,83,159,0,0.0,0.0,False,0.0,0.0,0.0,175.00007629395364,0.18604647861809334,56,bicycle,0.1,0.5,weighted_crc,segformer_b2_cityscapes,cityscapes_val_half,175
,,,0.9999571451479603,728,True,0.07682157200229489,0.07682157200229488,0.060706738382577896,34.528,725,83,159,13,0.08176100628930817,0.068,False,0.13793103448275862,0.017241379310344827,0.0,175.00007629395364,0.18604647861809334,56,bicycle,0.2,0.5,weighted_crc,segformer_b2_cityscapes,cityscapes_val_half,175
,,,1.0,1000,False,0.0,0.0,1.0,0.66,1000,170,334,0,0.0,0.0,False,0.0,0.0,0.0,197.00008869172078,0.16877633870899725,57,person,0.05,0.1,weighted_crc,segformer_b2_cityscapes,cityscapes_val_half,197
,,,1.0,1000,False,0.0,0.0,1.0,0.66,1000,170,334,0,0.0,0.0,False,0.0,0.0,0.0,197.00008869172078,0.16877633870899725,57,person,0.1,0.1,weighted_crc,segformer_b2_cityscapes,cityscapes_val_half,197
,,,0.9987526164857571,484,True,0.06323529411764706,0.06323529411764706,0.03851815685629845,25.124,475,170,334,15,0.04491017964071856,0.126,True,0.05263157894736842,0.04132231404958678,0.0,197.00008869172078,0.16877633870899725,57,person,0.2,0.1,weighted_crc,segformer_b2_cityscapes,cityscapes_val_half,197
,,,1.0,1000,False,0.0,0.0,1.0,0.66,1000,170,334,0,0.0,0.0,False,0.0,0.0,0.0,197.00008869172078,0.16877633870899725,57,person,0.05,0.5,weighted_crc,segformer_b2_cityscapes,cityscapes_val_half,197
,,,1.0,1000,False,0.0,0.0,1.0,0.66,1000,170,334,0,0.0,0.0,False,0.0,0.0,0.0,197.00008869172078,0.16877633870899725,57,person,0.1,0.5,weighted_crc,segformer_b2_cityscapes,cityscapes_val_half,197
,,,0.9995450119398499,557,True,0.06470588235294118,0.06470588235294118,0.05527915805578232,31.994,550,170,334,16,0.04790419161676647,0.09199999999999997,False,0.04736842105263158,0.05785123966942149,0.0,197.00008869172078,0.16877633870899725,57,person,0.2,0.5,weighted_crc,segformer_b2_cityscapes,cityscapes_val_half,197
,,,1.0,1000,False,0.0,0.0,1.0,0.944,1000,28,38,0,0.0,0.0,False,0.0,0.0,0.0,122.00005054474343,0.2469135395475134,57,rider,0.05,0.1,weighted_crc,segformer_b2_cityscapes,cityscapes_val_half,122
,,,1.0,1000,False,0.0,0.0,1.0,0.944,1000,28,38,0,0.0,0.0,False,0.0,0.0,0.0,122.00005054474343,0.2469135395475134,57,rider,0.1,0.1,weighted_crc,segformer_b2_cityscapes,cityscapes_val_half,122
,,,1.0,1000,False,0.0,0.0,1.0,0.944,1000,28,38,0,0.0,0.0,False,0.0,0.0,0.0,122.00005054474343,0.2469135395475134,57,rider,0.2,0.1,weighted_crc,segformer_b2_cityscapes,cityscapes_val_half,122
,,,1.0,1000,False,0.0,0.0,1.0,0.944,1000,28,38,0,0.0,0.0,False,0.0,0.0,0.0,122.00005054474343,0.2469135395475134,57,rider,0.05,0.5,weighted_crc,segformer_b2_cityscapes,cityscapes_val_half,122
,,,1.0,1000,False,0.0,0.0,1.0,0.944,1000,28,38,0,0.0,0.0,False,0.0,0.0,0.0,122.00005054474343,0.2469135395475134,57,rider,0.1,0.5,weighted_crc,segformer_b2_cityscapes,cityscapes_val_half,122
,,,1.0,1000,False,0.0,0.0,1.0,0.944,1000,28,38,0,0.0,0.0,False,0.0,0.0,0.0,122.00005054474343,0.2469135395475134,57,rider,0.2,0.5,weighted_crc,segformer_b2_cityscapes,cityscapes_val_half,122
,,,1.0,1000,False,0.0,0.0,1.0,0.834,1000,83,159,0,0.0,0.0,False,0.0,0.0,0.0,165.00007867814105,0.1951219149106812,57,bicycle,0.05,0.1,weighted_crc,segformer_b2_cityscapes,cityscapes_val_half,165
,,,1.0,1000,False,0.0,0.0,1.0,0.834,1000,83,159,0,0.0,0.0,False,0.0,0.0,0.0,165.00007867814105,0.1951219149106812,57,bicycle,0.1,0.1,weighted_crc,segformer_b2_cityscapes,cityscapes_val_half,165
,,,0.999970077353634,754,True,0.06035570854847963,0.06035570854847963,0.06795880198478699,36.622,750,83,159,9,0.05660377358490566,0.09600000000000003,False,0.09195402298850575,0.017241379310344827,0.0,165.00007867814105,0.1951219149106812,57,bicycle,0.2,0.1,weighted_crc,segformer_b2_cityscapes,cityscapes_val_half,165
,,,1.0,1000,False,0.0,0.0,1.0,0.834,1000,83,159,0,0.0,0.0,False,0.0,0.0,0.0,165.00007867814105,0.1951219149106812,57,bicycle,0.05,0.5,weighted_crc,segformer_b2_cityscapes,cityscapes_val_half,165
,,,1.0,1000,False,0.0,0.0,1.0,0.834,1000,83,159,0,0.0,0.0,False,0.0,0.0,0.0,165.00007867814105,0.1951219149106812,57,bicycle,0.1,0.5,weighted_crc,segformer_b2_cityscapes,cityscapes_val_half,165
,,,0.9999884654674218,823,True,0.06305220883534135,0.06305220883534136,0.09012430161237717,40.838,800,83,159,9,0.05660377358490566,0.13799999999999996,True,0.09195402298850575,0.017241379310344827,0.0,165.00007867814105,0.1951219149106812,57,bicycle,0.2,0.5,weighted_crc,segformer_b2_cityscapes,cityscapes_val_half,165
,,,1.0,1000,False,0.0,0.0,1.0,0.66,1000,170,334,0,0.0,0.0,False,0.0,0.0,0.0,198.00009727479176,0.16806719187129857,58,person,0.05,0.1,weighted_crc,segformer_b2_cityscapes,cityscapes_val_half,198
,,,1.0,1000,False,0.0,0.0,1.0,0.66,1000,170,334,0,0.0,0.0,False,0.0,0.0,0.0,198.00009727479176,0.16806719187129857,58,person,0.1,0.1,weighted_crc,segformer_b2_cityscapes,cityscapes_val_half,198
,,,0.9990921794698218,507,True,0.057352941176470586,0.057352941176470586,0.04330552741885185,27.25,500,170,334,13,0.038922155688622756,0.122,False,0.04736842105263158,0.03305785123966942,0.0,198.00009727479176,0.16806719187129857,58,person,0.2,0.1,weighted_crc,segformer_b2_cityscapes,cityscapes_val_half,198
,,,1.0,1000,False,0.0,0.0,1.0,0.66,1000,170,334,0,0.0,0.0,False,0.0,0.0,0.0,198.00009727479176,0.16806719187129857,58,person,0.05,0.5,weighted_crc,segformer_b2_cityscapes,cityscapes_val_half,198
,,,1.0,1000,False,0.0,0.0,1.0,0.66,1000,170,334,0,0.0,0.0,False,0.0,0.0,0.0,198.00009727479176,0.16806719187129857,58,person,0.1,0.5,weighted_crc,segformer_b2_cityscapes,cityscapes_val_half,198
,,,0.9996145216423342,569,True,0.061764705882352944,0.061764705882352944,0.05851301550865173,31.994,550,170,334,15,0.04491017964071856,0.11199999999999999,False,0.042105263157894736,0.05785123966942149,0.0,198.00009727479176,0.16806719187129857,58,person,0.2,0.5,weighted_crc,segformer_b2_cityscapes,cityscapes_val_half,198
,,,1.0,1000,False,0.0,0.0,1.0,0.944,1000,28,38,0,0.0,0.0,False,0.0,0.0,0.0,122.00005054474343,0.2469135395475134,58,rider,0.05,0.1,weighted_crc,segformer_b2_cityscapes,cityscapes_val_half,122
,,,1.0,1000,False,0.0,0.0,1.0,0.944,1000,28,38,0,0.0,0.0,False,0.0,0.0,0.0,122.00005054474343,0.2469135395475134,58,rider,0.1,0.1,weighted_crc,segformer_b2_cityscapes,cityscapes_val_half,122
,,,1.0,1000,False,0.0,0.0,1.0,0.944,1000,28,38,0,0.0,0.0,False,0.0,0.0,0.0,122.00005054474343,0.2469135395475134,58,rider,0.2,0.1,weighted_crc,segformer_b2_cityscapes,cityscapes_val_half,122
,,,1.0,1000,False,0.0,0.0,1.0,0.944,1000,28,38,0,0.0,0.0,False,0.0,0.0,0.0,122.00005054474343,0.2469135395475134,58,rider,0.05,0.5,weighted_crc,segformer_b2_cityscapes,cityscapes_val_half,122
,,,1.0,1000,False,0.0,0.0,1.0,0.944,1000,28,38,0,0.0,0.0,False,0.0,0.0,0.0,122.00005054474343,0.2469135395475134,58,rider,0.1,0.5,weighted_crc,segformer_b2_cityscapes,cityscapes_val_half,122
,,,1.0,1000,False,0.0,0.0,1.0,0.944,1000,28,38,0,0.0,0.0,False,0.0,0.0,0.0,122.00005054474343,0.2469135395475134,58,rider,0.2,0.5,weighted_crc,segformer_b2_cityscapes,cityscapes_val_half,122
,,,1.0,1000,False,0.0,0.0,1.0,0.834,1000,83,159,0,0.0,0.0,False,0.0,0.0,0.0,165.00007867814105,0.1951219149106812,58,bicycle,0.05,0.1,weighted_crc,segformer_b2_cityscapes,cityscapes_val_half,165
,,,1.0,1000,False,0.0,0.0,1.0,0.834,1000,83,159,0,0.0,0.0,False,0.0,0.0,0.0,165.00007867814105,0.1951219149106812,58,bicycle,0.1,0.1,weighted_crc,segformer_b2_cityscapes,cityscapes_val_half,165
,,,0.999985003151645,804,True,0.05461847389558233,0.05461847389558233,0.0836113765835762,40.838,800,83,159,7,0.0440251572327044,0.15799999999999997,True,0.06896551724137931,0.017241379310344827,0.0,165.00007867814105,0.1951219149106812,58,bicycle,0.2,0.1,weighted_crc,segformer_b2_cityscapes,cityscapes_val_half,165
,,,1.0,1000,False,0.0,0.0,1.0,0.834,1000,83,159,0,0.0,0.0,False,0.0,0.0,0.0,165.00007867814105,0.1951219149106812,58,bicycle,0.05,0.5,weighted_crc,segformer_b2_cityscapes,cityscapes_val_half,165
,,,1.0,1000,False,0.0,0.0,1.0,0.834,1000,83,159,0,0.0,0.0,False,0.0,0.0,0.0,165.00007867814105,0.1951219149106812,58,bicycle,0.1,0.5,weighted_crc,segformer_b2_cityscapes,cityscapes_val_half,165
,,,0.9999902276277904,835,True,0.05702811244979919,0.0570281124497992,0.09446694701910019,42.834,825,83,159,8,0.050314465408805034,0.17800000000000005,True,0.08045977011494253,0.017241379310344827,0.0,165.00007867814105,0.1951219149106812,58,bicycle,0.2,0.5,weighted_crc,segformer_b2_cityscapes,cityscapes_val_half,165
,,,1.0,1000,False,0.0,0.0,1.0,0.66,1000,170,334,0,0.0,0.0,False,0.0,0.0,0.0,205.00008106232588,0.1632652807017298,59,person,0.05,0.1,weighted_crc,segformer_b2_cityscapes,cityscapes_val_half,205
,,,1.0,1000,False,0.0,0.0,1.0,0.66,1000,170,334,0,0.0,0.0,False,0.0,0.0,0.0,205.00008106232588,0.1632652807017298,59,person,0.1,0.1,weighted_crc,segformer_b2_cityscapes,cityscapes_val_half,205
,,,0.998786611149535,486,True,0.06323529411764706,0.06323529411764706,0.03891152888536453,25.124,475,170,334,15,0.04491017964071856,0.10599999999999998,False,0.05263157894736842,0.04132231404958678,0.0,205.00008106232588,0.1632652807017298,59,person,0.2,0.1,weighted_crc,segformer_b2_cityscapes,cityscapes_val_half,205
,,,1.0,1000,False,0.0,0.0,1.0,0.66,1000,170,334,0,0.0,0.0,False,0.0,0.0,0.0,205.00008106232588,0.1632652807017298,59,person,0.05,0.5,weighted_crc,segformer_b2_cityscapes,cityscapes_val_half,205
,,,1.0,1000,False,0.0,0.0,1.0,0.66,1000,170,334,0,0.0,0.0,False,0.0,0.0,0.0,205.00008106232588,0.1632652807017298,59,person,0.1,0.5,weighted_crc,segformer_b2_cityscapes,cityscapes_val_half,205
,,,0.9995450119398499,557,True,0.06470588235294118,0.06470588235294118,0.05527915805578232,31.994,550,170,334,16,0.04790419161676647,0.08599999999999997,False,0.04736842105263158,0.05785123966942149,0.0,205.00008106232588,0.1632652807017298,59,person,0.2,0.5,weighted_crc,segformer_b2_cityscapes,cityscapes_val_half,205
,,,1.0,1000,False,0.0,0.0,1.0,0.944,1000,28,38,0,0.0,0.0,False,0.0,0.0,0.0,138.0000114440918,0.22471908667580978,59,rider,0.05,0.1,weighted_crc,segformer_b2_cityscapes,cityscapes_val_half,138
,,,1.0,1000,False,0.0,0.0,1.0,0.944,1000,28,38,0,0.0,0.0,False,0.0,0.0,0.0,138.0000114440918,0.22471908667580978,59,rider,0.1,0.1,weighted_crc,segformer_b2_cityscapes,cityscapes_val_half,138
,,,1.0,1000,False,0.0,0.0,1.0,0.944,1000,28,38,0,0.0,0.0,False,0.0,0.0,0.0,138.0000114440918,0.22471908667580978,59,rider,0.2,0.1,weighted_crc,segformer_b2_cityscapes,cityscapes_val_half,138
,,,1.0,1000,False,0.0,0.0,1.0,0.944,1000,28,38,0,0.0,0.0,False,0.0,0.0,0.0,138.0000114440918,0.22471908667580978,59,rider,0.05,0.5,weighted_crc,segformer_b2_cityscapes,cityscapes_val_half,138
,,,1.0,1000,False,0.0,0.0,1.0,0.944,1000,28,38,0,0.0,0.0,False,0.0,0.0,0.0,138.0000114440918,0.22471908667580978,59,rider,0.1,0.5,weighted_crc,segformer_b2_cityscapes,cityscapes_val_half,138
,,,1.0,1000,False,0.0,0.0,1.0,0.944,1000,28,38,0,0.0,0.0,False,0.0,0.0,0.0,138.0000114440918,0.22471908667580978,59,rider,0.2,0.5,weighted_crc,segformer_b2_cityscapes,cityscapes_val_half,138
,,,1.0,1000,False,0.0,0.0,1.0,0.834,1000,83,159,0,0.0,0.0,False,0.0,0.0,0.0,177.00005531311498,0.18433177455212252,59,bicycle,0.05,0.1,weighted_crc,segformer_b2_cityscapes,cityscapes_val_half,177
,,,1.0,1000,False,0.0,0.0,1.0,0.834,1000,83,159,0,0.0,0.0,False,0.0,0.0,0.0,177.00005531311498,0.18433177455212252,59,bicycle,0.1,0.1,weighted_crc,segformer_b2_cityscapes,cityscapes_val_half,177
,,,0.9999507960464319,718,True,0.06637980493402179,0.0663798049340218,0.05804657191038132,32.058,700,83,159,10,0.06289308176100629,0.06599999999999998,False,0.10344827586206896,0.017241379310344827,0.0,177.00005531311498,0.18433177455212252,59,bicycle,0.2,0.1,weighted_crc,segformer_b2_cityscapes,cityscapes_val_half,177
,,,1.0,1000,False,0.0,0.0,1.0,0.834,1000,83,159,0,0.0,0.0,False,0.0,0.0,0.0,177.00005531311498,0.18433177455212252,59,bicycle,0.05,0.5,weighted_crc,segformer_b2_cityscapes,cityscapes_val_half,177
,,,1.0,1000,False,0.0,0.0,1.0,0.834,1000,83,159,0,0.0,0.0,False,0.0,0.0,0.0,177.00005531311498,0.18433177455212252,59,bicycle,0.1,0.5,weighted_crc,segformer_b2_cityscapes,cityscapes_val_half,177
,,,0.9999822989104168,792,True,0.06878944348823866,0.06878944348823866,0.07968772947788239,38.992,775,83,159,11,0.06918238993710692,0.062,False,0.11494252873563218,0.017241379310344827,0.0,177.00005531311498,0.18433177455212252,59,bicycle,0.2,0.5,weighted_crc,segformer_b2_cityscapes,cityscapes_val_half,177
,,,1.0,1000,False,0.0,0.0,1.0,0.66,1000,170,334,0,0.0,0.0,False,0.0,0.0,0.0,202.00009346009426,0.1652892249324783,60,person,0.05,0.1,weighted_crc,segformer_b2_cityscapes,cityscapes_val_half,202
,,,1.0,1000,False,0.0,0.0,1.0,0.66,1000,170,334,0,0.0,0.0,False,0.0,0.0,0.0,202.00009346009426,0.1652892249324783,60,person,0.1,0.1,weighted_crc,segformer_b2_cityscapes,cityscapes_val_half,202
,,,0.9982380239535884,459,True,0.06519607843137254,0.06519607843137254,0.03377114608883858,22.656,450,170,334,16,0.04790419161676647,0.16800000000000004,True,0.05789473684210526,0.04132231404958678,0.0,202.00009346009426,0.1652892249324783,60,person,0.2,0.1,weighted_crc,segformer_b2_cityscapes,cityscapes_val_half,202
,,,1.0,1000,False,0.0,0.0,1.0,0.66,1000,170,334,0,0.0,0.0,False,0.0,0.0,0.0,202.00009346009426,0.1652892249324783,60,person,0.05,0.5,weighted_crc,segformer_b2_cityscapes,cityscapes_val_half,202
,,,1.0,1000,False,0.0,0.0,1.0,0.66,1000,170,334,0,0.0,0.0,False,0.0,0.0,0.0,202.00009346009426,0.1652892249324783,60,person,0.1,0.5,weighted_crc,segformer_b2_cityscapes,cityscapes_val_half,202
,,,0.9993017675959228,526,True,0.06960784313725489,0.06960784313725489,0.04758571460843086,29.594,525,170,334,18,0.05389221556886228,0.14800000000000002,True,0.05263157894736842,0.06611570247933884,0.0,202.00009346009426,0.1652892249324783,60,person,0.2,0.5,weighted_crc,segformer_b2_cityscapes,cityscapes_val_half,202
,,,1.0,1000,False,0.0,0.0,1.0,0.944,1000,28,38,0,0.0,0.0,False,0.0,0.0,0.0,129.00002241134683,0.23668636916244154,60,rider,0.05,0.1,weighted_crc,segformer_b2_cityscapes,cityscapes_val_half,129
,,,1.0,1000,False,0.0,0.0,1.0,0.944,1000,28,38,0,0.0,0.0,False,0.0,0.0,0.0,129.00002241134683,0.23668636916244154,60,rider,0.1,0.1,weighted_crc,segformer_b2_cityscapes,cityscapes_val_half,129
,,,1.0,1000,False,0.0,0.0,1.0,0.944,1000,28,38,0,0.0,0.0,False,0.0,0.0,0.0,129.00002241134683,0.23668636916244154,60,rider,0.2,0.1,weighted_crc,segformer_b2_cityscapes,cityscapes_val_half,129
,,,1.0,1000,False,0.0,0.0,1.0,0.944,1000,28,38,0,0.0,0.0,False,0.0,0.0,0.0,129.00002241134683,0.23668636916244154,60,rider,0.05,0.5,weighted_crc,segformer_b2_cityscapes,cityscapes_val_half,129
,,,1.0,1000,False,0.0,0.0,1.0,0.944,1000,28,38,0,0.0,0.0,False,0.0,0.0,0.0,129.00002241134683,0.23668636916244154,60,rider,0.1,0.5,weighted_crc,segformer_b2_cityscapes,cityscapes_val_half,129
,,,1.0,1000,False,0.0,0.0,1.0,0.944,1000,28,38,0,0.0,0.0,False,0.0,0.0,0.0,129.00002241134683,0.23668636916244154,60,rider,0.2,0.5,weighted_crc,segformer_b2_cityscapes,cityscapes_val_half,129
,,,1.0,1000,False,0.0,0.0,1.0,0.834,1000,83,159,0,0.0,0.0,False,0.0,0.0,0.0,178.00006389618545,0.18348621284607874,60,bicycle,0.05,0.1,weighted_crc,segformer_b2_cityscapes,cityscapes_val_half,178
,,,1.0,1000,False,0.0,0.0,1.0,0.834,1000,83,159,0,0.0,0.0,False,0.0,0.0,0.0,178.00006389618545,0.18348621284607874,60,bicycle,0.1,0.1,weighted_crc,segformer_b2_cityscapes,cityscapes_val_half,178
,,,0.9999031722143739,669,True,0.08244406196213425,0.08244406196213425,0.046266041696071625,27.768,650,83,159,12,0.07547169811320754,0.128,True,0.12643678160919541,0.017241379310344827,0.0,178.00006389618545,0.18348621284607874,60,bicycle,0.2,0.1,weighted_crc,segformer_b2_cityscapes,cityscapes_val_half,178
,,,1.0,1000,False,0.0,0.0,1.0,0.834,1000,83,159,0,0.0,0.0,False,0.0,0.0,0.0,178.00006389618545,0.18348621284607874,60,bicycle,0.05,0.5,weighted_crc,segformer_b2_cityscapes,cityscapes_val_half,178
,,,1.0,1000,False,0.0,0.0,1.0,0.834,1000,83,159,0,0.0,0.0,False,0.0,0.0,0.0,178.00006389618545,0.18348621284607874,60,bicycle,0.1,0.5,weighted_crc,segformer_b2_cityscapes,cityscapes_val_half,178
,,,0.9999712921941798,757,True,0.06878944348823866,0.06878944348823866,0.06886369735002518,36.622,750,83,159,11,0.06918238993710692,0.05600000000000005,False,0.11494252873563218,0.017241379310344827,0.0,178.00006389618545,0.18348621284607874,60,bicycle,0.2,0.5,weighted_crc,segformer_b2_cityscapes,cityscapes_val_half,178
,,,1.0,1000,False,0.0,0.0,1.0,0.66,1000,170,334,0,0.0,0.0,False,0.0,0.0,0.0,206.00012779238003,0.1626015856731171,61,person,0.05,0.1,weighted_crc,segformer_b2_cityscapes,cityscapes_val_half,206
,,,1.0,1000,False,0.0,0.0,1.0,0.66,1000,170,334,0,0.0,0.0,False,0.0,0.0,0.0,206.00012779238003,0.1626015856731171,61,person,0.1,0.1,weighted_crc,segformer_b2_cityscapes,cityscapes_val_half,206
,,,0.9984440343683949,468,True,0.06323529411764706,0.06323529411764706,0.035419922322034836,22.656,450,170,334,15,0.04491017964071856,0.13,True,0.05263157894736842,0.04132231404958678,0.0,206.00012779238003,0.1626015856731171,61,person,0.2,0.1,weighted_crc,segformer_b2_cityscapes,cityscapes_val_half,206
,,,1.0,1000,False,0.0,0.0,1.0,0.66,1000,170,334,0,0.0,0.0,False,0.0,0.0,0.0,206.00012779238003,0.1626015856731171,61,person,0.05,0.5,weighted_crc,segformer_b2_cityscapes,cityscapes_val_half,206
,,,1.0,1000,False,0.0,0.0,1.0,0.66,1000,170,334,0,0.0,0.0,False,0.0,0.0,0.0,206.00012779238003,0.1626015856731171,61,person,0.1,0.5,weighted_crc,segformer_b2_cityscapes,cityscapes_val_half,206
,,,0.9993483716059391,531,True,0.06960784313725489,0.06960784313725489,0.04876994341611862,29.594,525,170,334,18,0.05389221556886228,0.11399999999999999,False,0.05263157894736842,0.06611570247933884,0.0,206.00012779238003,0.1626015856731171,61,person,0.2,0.5,weighted_crc,segformer_b2_cityscapes,cityscapes_val_half,206
,,,1.0,1000,False,0.0,0.0,1.0,0.944,1000,28,38,0,0.0,0.0,False,0.0,0.0,0.0,128.00003290176502,0.23809520836049838,61,rider,0.05,0.1,weighted_crc,segformer_b2_cityscapes,cityscapes_val_half,128
,,,1.0,1000,False,0.0,0.0,1.0,0.944,1000,28,38,0,0.0,0.0,False,0.0,0.0,0.0,128.00003290176502,0.23809520836049838,61,rider,0.1,0.1,weighted_crc,segformer_b2_cityscapes,cityscapes_val_half,128
,,,1.0,1000,False,0.0,0.0,1.0,0.944,1000,28,38,0,0.0,0.0,False,0.0,0.0,0.0,128.00003290176502,0.23809520836049838,61,rider,0.2,0.1,weighted_crc,segformer_b2_cityscapes,cityscapes_val_half,128
,,,1.0,1000,False,0.0,0.0,1.0,0.944,1000,28,38,0,0.0,0.0,False,0.0,0.0,0.0,128.00003290176502,0.23809520836049838,61,rider,0.05,0.5,weighted_crc,segformer_b2_cityscapes,cityscapes_val_half,128
,,,1.0,1000,False,0.0,0.0,1.0,0.944,1000,28,38,0,0.0,0.0,False,0.0,0.0,0.0,128.00003290176502,0.23809520836049838,61,rider,0.1,0.5,weighted_crc,segformer_b2_cityscapes,cityscapes_val_half,128
,,,1.0,1000,False,0.0,0.0,1.0,0.944,1000,28,38,0,0.0,0.0,False,0.0,0.0,0.0,128.00003290176502,0.23809520836049838,61,rider,0.2,0.5,weighted_crc,segformer_b2_cityscapes,cityscapes_val_half,128
,,,1.0,1000,False,0.0,0.0,1.0,0.834,1000,83,159,0,0.0,0.0,False,0.0,0.0,0.0,173.00005912781234,0.18779340032394476,61,bicycle,0.05,0.1,weighted_crc,segformer_b2_cityscapes,cityscapes_val_half,173
,,,1.0,1000,False,0.0,0.0,1.0,0.834,1000,83,159,0,0.0,0.0,False,0.0,0.0,0.0,173.00005912781234,0.18779340032394476,61,bicycle,0.1,0.1,weighted_crc,segformer_b2_cityscapes,cityscapes_val_half,173
,,,0.9999631871026358,739,True,0.06035570854847963,0.06035570854847963,0.0637095645070076,34.528,725,83,159,9,0.05660377358490566,0.057999999999999996,False,0.09195402298850575,0.017241379310344827,0.0,173.00005912781234,0.18779340032394476,61,bicycle,0.2,0.1,weighted_crc,segformer_b2_cityscapes,cityscapes_val_half,173
,,,1.0,1000,False,0.0,0.0,1.0,0.834,1000,83,159,0,0.0,0.0,False,0.0,0.0,0.0,173.00005912781234,0.18779340032394476,61,bicycle,0.05,0.5,weighted_crc,segformer_b2_cityscapes,cityscapes_val_half,173
,,,1.0,1000,False,0.0,0.0,1.0,0.834,1000,83,159,0,0.0,0.0,False,0.0,0.0,0.0,173.00005912781234,0.18779340032394476,61,bicycle,0.1,0.5,weighted_crc,segformer_b2_cityscapes,cityscapes_val_half,173
,,,0.9999839305874698,799,True,0.06477337923121056,0.06477337923121056,0.0819460079073906,38.992,775,83,159,10,0.06289308176100629,0.10199999999999998,False,0.10344827586206896,0.017241379310344827,0.0,173.00005912781234,0.18779340032394476,61,bicycle,0.2,0.5,weighted_crc,segformer_b2_cityscapes,cityscapes_val_half,173
,,,1.0,1000,False,0.0,0.0,1.0,0.66,1000,170,334,0,0.0,0.0,False,0.0,0.0,0.0,206.00012779238003,0.1626015856731171,62,person,0.05,0.1,weighted_crc,segformer_b2_cityscapes,cityscapes_val_half,206
,,,1.0,1000,False,0.0,0.0,1.0,0.66,1000,170,334,0,0.0,0.0,False,0.0,0.0,0.0,206.00012779238003,0.1626015856731171,62,person,0.1,0.1,weighted_crc,segformer_b2_cityscapes,cityscapes_val_half,206
,,,0.9986068431970547,476,True,0.06323529411764706,0.06323529411764706,0.03694397956132889,25.124,475,170,334,15,0.04491017964071856,0.15200000000000002,True,0.05263157894736842,0.04132231404958678,0.0,206.00012779238003,0.1626015856731171,62,person,0.2,0.1,weighted_crc,segformer_b2_cityscapes,cityscapes_val_half,206
,,,1.0,1000,False,0.0,0.0,1.0,0.66,1000,170,334,0,0.0,0.0,False,0.0,0.0,0.0,206.00012779238003,0.1626015856731171,62,person,0.05,0.5,weighted_crc,segformer_b2_cityscapes,cityscapes_val_half,206
,,,1.0,1000,False,0.0,0.0,1.0,0.66,1000,170,334,0,0.0,0.0,False,0.0,0.0,0.0,206.00012779238003,0.1626015856731171,62,person,0.1,0.5,weighted_crc,segformer_b2_cityscapes,cityscapes_val_half,206
,,,0.9994988127663728,550,True,0.06470588235294118,0.06470588235294118,0.05345297232270241,31.994,550,170,334,16,0.04790419161676647,0.11399999999999999,False,0.04736842105263158,0.05785123966942149,0.0,206.00012779238003,0.1626015856731171,62,person,0.2,0.5,weighted_crc,segformer_b2_cityscapes,cityscapes_val_half,206
,,,1.0,1000,False,0.0,0.0,1.0,0.944,1000,28,38,0,0.0,0.0,False,0.0,0.0,0.0,134.99999761581424,0.22857142857142856,62,rider,0.05,0.1,weighted_crc,segformer_b2_cityscapes,cityscapes_val_half,135
,,,1.0,1000,False,0.0,0.0,1.0,0.944,1000,28,38,0,0.0,0.0,False,0.0,0.0,0.0,134.99999761581424,0.22857142857142856,62,rider,0.1,0.1,weighted_crc,segformer_b2_cityscapes,cityscapes_val_half,135
,,,1.0,1000,False,0.0,0.0,1.0,0.944,1000,28,38,0,0.0,0.0,False,0.0,0.0,0.0,134.99999761581424,0.22857142857142856,62,rider,0.2,0.1,weighted_crc,segformer_b2_cityscapes,cityscapes_val_half,135
,,,1.0,1000,False,0.0,0.0,1.0,0.944,1000,28,38,0,0.0,0.0,False,0.0,0.0,0.0,134.99999761581424,0.22857142857142856,62,rider,0.05,0.5,weighted_crc,segformer_b2_cityscapes,cityscapes_val_half,135
,,,1.0,1000,False,0.0,0.0,1.0,0.944,1000,28,38,0,0.0,0.0,False,0.0,0.0,0.0,134.99999761581424,0.22857142857142856,62,rider,0.1,0.5,weighted_crc,segformer_b2_cityscapes,cityscapes_val_half,135
,,,1.0,1000,False,0.0,0.0,1.0,0.944,1000,28,38,0,0.0,0.0,False,0.0,0.0,0.0,134.99999761581424,0.22857142857142856,62,rider,0.2,0.5,weighted_crc,segformer_b2_cityscapes,cityscapes_val_half,135
,,,1.0,1000,False,0.0,0.0,1.0,0.834,1000,83,159,0,0.0,0.0,False,0.0,0.0,0.0,171.00004196167205,0.1895734391516982,62,bicycle,0.05,0.1,weighted_crc,segformer_b2_cityscapes,cityscapes_val_half,171
,,,1.0,1000,False,0.0,0.0,1.0,0.834,1000,83,159,0,0.0,0.0,False,0.0,0.0,0.0,171.00004196167205,0.1895734391516982,62,bicycle,0.1,0.1,weighted_crc,segformer_b2_cityscapes,cityscapes_val_half,171
,,,0.999958313061653,730,True,0.06637980493402179,0.0663798049340218,0.061229970306158066,34.528,725,83,159,10,0.06289308176100629,0.05199999999999999,False,0.10344827586206896,0.017241379310344827,0.0,171.00004196167205,0.1895734391516982,62,bicycle,0.2,0.1,weighted_crc,segformer_b2_cityscapes,cityscapes_val_half,171
,,,1.0,1000,False,0.0,0.0,1.0,0.834,1000,83,159,0,0.0,0.0,False,0.0,0.0,0.0,171.00004196167205,0.1895734391516982,62,bicycle,0.05,0.5,weighted_crc,segformer_b2_cityscapes,cityscapes_val_half,171
,,,1.0,1000,False,0.0,0.0,1.0,0.834,1000,83,159,0,0.0,0.0,False,0.0,0.0,0.0,171.00004196167205,0.1895734391516982,62,bicycle,0.1,0.5,weighted_crc,segformer_b2_cityscapes,cityscapes_val_half,171
,,,0.9999856120142174,807,True,0.06305220883534135,0.06305220883534136,0.08459604531526566,40.838,800,83,159,9,0.05660377358490566,0.10800000000000004,False,0.09195402298850575,0.017241379310344827,0.0,171.00004196167205,0.1895734391516982,62,bicycle,0.2,0.5,weighted_crc,segformer_b2_cityscapes,cityscapes_val_half,171
,,,1.0,1000,False,0.0,0.0,1.0,0.66,1000,170,334,0,0.0,0.0,False,0.0,0.0,0.0,199.00010585786293,0.16736397933807196,63,person,0.05,0.1,weighted_crc,segformer_b2_cityscapes,cityscapes_val_half,199
,,,1.0,1000,False,0.0,0.0,1.0,0.66,1000,170,334,0,0.0,0.0,False,0.0,0.0,0.0,199.00010585786293,0.16736397933807196,63,person,0.1,0.1,weighted_crc,segformer_b2_cityscapes,cityscapes_val_half,199
,,,0.9990537628386342,504,True,0.057352941176470586,0.057352941176470586,0.04265260696411133,27.25,500,170,334,13,0.038922155688622756,0.1160000000000001,False,0.04736842105263158,0.03305785123966942,0.0,199.00010585786293,0.16736397933807196,63,person,0.2,0.1,weighted_crc,segformer_b2_cityscapes,cityscapes_val_half,199
,,,1.0,1000,False,0.0,0.0,1.0,0.66,1000,170,334,0,0.0,0.0,False,0.0,0.0,0.0,199.00010585786293,0.16736397933807196,63,person,0.05,0.5,weighted_crc,segformer_b2_cityscapes,cityscapes_val_half,199
,,,1.0,1000,False,0.0,0.0,1.0,0.66,1000,170,334,0,0.0,0.0,False,0.0,0.0,0.0,199.00010585786293,0.16736397933807196,63,person,0.1,0.5,weighted_crc,segformer_b2_cityscapes,cityscapes_val_half,199
,,,0.9996866714275684,584,True,0.061764705882352944,0.061764705882352944,0.06272507458925247,34.07,575,170,334,15,0.04491017964071856,0.096,False,0.042105263157894736,0.05785123966942149,0.0,199.00010585786293,0.16736397933807196,63,person,0.2,0.5,weighted_crc,segformer_b2_cityscapes,cityscapes_val_half,199
,,,1.0,1000,False,0.0,0.0,1.0,0.944,1000,28,38,0,0.0,0.0,False,0.0,0.0,0.0,117.00007677079651,0.2547770112546299,63,rider,0.05,0.1,weighted_crc,segformer_b2_cityscapes,cityscapes_val_half,117
,,,1.0,1000,False,0.0,0.0,1.0,0.944,1000,28,38,0,0.0,0.0,False,0.0,0.0,0.0,117.00007677079651,0.2547770112546299,63,rider,0.1,0.1,weighted_crc,segformer_b2_cityscapes,cityscapes_val_half,117
,,,1.0,1000,False,0.0,0.0,1.0,0.944,1000,28,38,0,0.0,0.0,False,0.0,0.0,0.0,117.00007677079651,0.2547770112546299,63,rider,0.2,0.1,weighted_crc,segformer_b2_cityscapes,cityscapes_val_half,117
,,,1.0,1000,False,0.0,0.0,1.0,0.944,1000,28,38,0,0.0,0.0,False,0.0,0.0,0.0,117.00007677079651,0.2547770112546299,63,rider,0.05,0.5,weighted_crc,segformer_b2_cityscapes,cityscapes_val_half,117
,,,1.0,1000,False,0.0,0.0,1.0,0.944,1000,28,38,0,0.0,0.0,False,0.0,0.0,0.0,117.00007677079651,0.2547770112546299,63,rider,0.1,0.5,weighted_crc,segformer_b2_cityscapes,cityscapes_val_half,117
,,,1.0,1000,False,0.0,0.0,1.0,0.944,1000,28,38,0,0.0,0.0,False,0.0,0.0,0.0,117.00007677079651,0.2547770112546299,63,rider,0.2,0.5,weighted_crc,segformer_b2_cityscapes,cityscapes_val_half,117
,,,1.0,1000,False,0.0,0.0,1.0,0.834,1000,83,159,0,0.0,0.0,False,0.0,0.0,0.0,167.0000958442838,0.19323667224312627,63,bicycle,0.05,0.1,weighted_crc,segformer_b2_cityscapes,cityscapes_val_half,167
,,,1.0,1000,False,0.0,0.0,1.0,0.834,1000,83,159,0,0.0,0.0,False,0.0,0.0,0.0,167.0000958442838,0.19323667224312627,63,bicycle,0.1,0.1,weighted_crc,segformer_b2_cityscapes,cityscapes_val_half,167
,,,0.9999696610881581,753,True,0.06035570854847963,0.06035570854847963,0.06766963750123978,36.622,750,83,159,9,0.05660377358490566,0.09600000000000003,False,0.09195402298850575,0.017241379310344827,0.0,167.0000958442838,0.19323667224312627,63,bicycle,0.2,0.1,weighted_crc,segformer_b2_cityscapes,cityscapes_val_half,167
,,,1.0,1000,False,0.0,0.0,1.0,0.834,1000,83,159,0,0.0,0.0,False,0.0,0.0,0.0,167.0000958442838,0.19323667224312627,63,bicycle,0.05,0.5,weighted_crc,segformer_b2_cityscapes,cityscapes_val_half,167
,,,1.0,1000,False,0.0,0.0,1.0,0.834,1000,83,159,0,0.0,0.0,False,0.0,0.0,0.0,167.0000958442838,0.19323667224312627,63,bicycle,0.1,0.5,weighted_crc,segformer_b2_cityscapes,cityscapes_val_half,167
,,,0.999985003151645,804,True,0.06477337923121056,0.06477337923121056,0.0836113765835762,40.838,800,83,159,10,0.06289308176100629,0.13599999999999995,True,0.10344827586206896,0.017241379310344827,0.0,167.0000958442838,0.19323667224312627,63,bicycle,0.2,0.5,weighted_crc,segformer_b2_cityscapes,cityscapes_val_half,167
,,,1.0,1000,False,0.0,0.0,1.0,0.66,1000,170,334,0,0.0,0.0,False,0.0,0.0,0.0,197.00008869172078,0.16877633870899725,64,person,0.05,0.1,weighted_crc,segformer_b2_cityscapes,cityscapes_val_half,197
,,,1.0,1000,False,0.0,0.0,1.0,0.66,1000,170,334,0,0.0,0.0,False,0.0,0.0,0.0,197.00008869172078,0.16877633870899725,64,person,0.1,0.1,weighted_crc,segformer_b2_cityscapes,cityscapes_val_half,197
,,,0.9977715648507297,442,True,0.07401960784313724,0.07401960784313724,0.030814308673143387,20.462,425,170,334,19,0.05688622754491018,0.15400000000000003,True,0.06842105263157895,0.049586776859504134,0.0,197.00008869172078,0.16877633870899725,64,person,0.2,0.1,weighted_crc,segformer_b2_cityscapes,cityscapes_val_half,197
,,,1.0,1000,False,0.0,0.0,1.0,0.66,1000,170,334,0,0.0,0.0,False,0.0,0.0,0.0,197.00008869172078,0.16877633870899725,64,person,0.05,0.5,weighted_crc,segformer_b2_cityscapes,cityscapes_val_half,197
,,,1.0,1000,False,0.0,0.0,1.0,0.66,1000,170,334,0,0.0,0.0,False,0.0,0.0,0.0,197.00008869172078,0.16877633870899725,64,person,0.1,0.5,weighted_crc,segformer_b2_cityscapes,cityscapes_val_half,197
,,,0.9989860886142633,499,True,0.07549019607843137,0.07549019607843137,0.041586074978113174,25.124,475,170,334,20,0.059880239520958084,0.14,True,0.05789473684210526,0.0743801652892562,0.0,197.00008869172078,0.16877633870899725,64,person,0.2,0.5,weighted_crc,segformer_b2_cityscapes,cityscapes_val_half,197
,,,1.0,1000,False,0.0,0.0,1.0,0.944,1000,28,38,0,0.0,0.0,False,0.0,0.0,0.0,126.00008487702878,0.24096379451058308,64,rider,0.05,0.1,weighted_crc,segformer_b2_cityscapes,cityscapes_val_half,126
,,,1.0,1000,False,0.0,0.0,1.0,0.944,1000,28,38,0,0.0,0.0,False,0.0,0.0,0.0,126.00008487702878,0.24096379451058308,64,rider,0.1,0.1,weighted_crc,segformer_b2_cityscapes,cityscapes_val_half,126
,,,1.0,1000,False,0.0,0.0,1.0,0.944,1000,28,38,0,0.0,0.0,False,0.0,0.0,0.0,126.00008487702878,0.24096379451058308,64,rider,0.2,0.1,weighted_crc,segformer_b2_cityscapes,cityscapes_val_half,126
,,,1.0,1000,False,0.0,0.0,1.0,0.944,1000,28,38,0,0.0,0.0,False,0.0,0.0,0.0,126.00008487702878,0.24096379451058308,64,rider,0.05,0.5,weighted_crc,segformer_b2_cityscapes,cityscapes_val_half,126
,,,1.0,1000,False,0.0,0.0,1.0,0.944,1000,28,38,0,0.0,0.0,False,0.0,0.0,0.0,126.00008487702878,0.24096379451058308,64,rider,0.1,0.5,weighted_crc,segformer_b2_cityscapes,cityscapes_val_half,126
,,,1.0,1000,False,0.0,0.0,1.0,0.944,1000,28,38,0,0.0,0.0,False,0.0,0.0,0.0,126.00008487702878,0.24096379451058308,64,rider,0.2,0.5,weighted_crc,segformer_b2_cityscapes,cityscapes_val_half,126
,,,1.0,1000,False,0.0,0.0,1.0,0.834,1000,83,159,0,0.0,0.0,False,0.0,0.0,0.0,175.00007629395364,0.18604647861809334,64,bicycle,0.05,0.1,weighted_crc,segformer_b2_cityscapes,cityscapes_val_half,175
,,,1.0,1000,False,0.0,0.0,1.0,0.834,1000,83,159,0,0.0,0.0,False,0.0,0.0,0.0,175.00007629395364,0.18604647861809334,64,bicycle,0.1,0.1,weighted_crc,segformer_b2_cityscapes,cityscapes_val_half,175
,,,0.9998270183640785,627,True,0.0948938611589214,0.09489386115892139,0.037599511444568634,25.956,625,83,159,15,0.09433962264150944,0.14400000000000002,True,0.16091954022988506,0.017241379310344827,0.0,175.00007629395364,0.18604647861809334,64,bicycle,0.2,0.1,weighted_crc,segformer_b2_cityscapes,cityscapes_val_half,175
,,,1.0,1000,False,0.0,0.0,1.0,0.834,1000,83,159,0,0.0,0.0,False,0.0,0.0,0.0,175.00007629395364,0.18604647861809334,64,bicycle,0.05,0.5,weighted_crc,segformer_b2_cityscapes,cityscapes_val_half,175
,,,1.0,1000,False,0.0,0.0,1.0,0.834,1000,83,159,0,0.0,0.0,False,0.0,0.0,0.0,175.00007629395364,0.18604647861809334,64,bicycle,0.1,0.5,weighted_crc,segformer_b2_cityscapes,cityscapes_val_half,175
,,,0.9998792186164893,653,True,0.12983362019506597,0.12983362019506597,0.04282229766249657,27.768,650,83,159,20,0.12578616352201258,0.134,True,0.1839080459770115,0.06896551724137931,0.0,175.00007629395364,0.18604647861809334,64,bicycle,0.2,0.5,weighted_crc,segformer_b2_cityscapes,cityscapes_val_half,175
,,,1.0,1000,False,0.0,0.0,1.0,0.66,1000,170,334,0,0.0,0.0,False,0.0,0.0,0.0,195.0000834465132,0.17021273832723116,65,person,0.05,0.1,weighted_crc,segformer_b2_cityscapes,cityscapes_val_half,195
,,,1.0,1000,False,0.0,0.0,1.0,0.66,1000,170,334,0,0.0,0.0,False,0.0,0.0,0.0,195.0000834465132,0.17021273832723116,65,person,0.1,0.1,weighted_crc,segformer_b2_cityscapes,cityscapes_val_half,195
,,,0.9992414224249708,520,True,0.057352941176470586,0.057352941176470586,0.04620648920536041,27.25,500,170,334,13,0.038922155688622756,0.09999999999999998,False,0.04736842105263158,0.03305785123966942,0.0,195.0000834465132,0.17021273832723116,65,person,0.2,0.1,weighted_crc,segformer_b2_cityscapes,cityscapes_val_half,195
,,,1.0,1000,False,0.0,0.0,1.0,0.66,1000,170,334,0,0.0,0.0,False,0.0,0.0,0.0,195.0000834465132,0.17021273832723116,65,person,0.05,0.5,weighted_crc,segformer_b2_cityscapes,cityscapes_val_half,195
,,,1.0,1000,False,0.0,0.0,1.0,0.66,1000,170,334,0,0.0,0.0,False,0.0,0.0,0.0,195.0000834465132,0.17021273832723116,65,person,0.1,0.5,weighted_crc,segformer_b2_cityscapes,cityscapes_val_half,195
,,,0.9997453169747414,599,True,0.05588235294117647,0.05588235294117647,0.06715314835309982,34.07,575,170,334,14,0.041916167664670656,0.098,False,0.03684210526315789,0.05785123966942149,0.0,195.0000834465132,0.17021273832723116,65,person,0.2,0.5,weighted_crc,segformer_b2_cityscapes,cityscapes_val_half,195
,,,1.0,1000,False,0.0,0.0,1.0,0.944,1000,28,38,0,0.0,0.0,False,0.0,0.0,0.0,124.00006771088545,0.24390238796509786,65,rider,0.05,0.1,weighted_crc,segformer_b2_cityscapes,cityscapes_val_half,124
,,,1.0,1000,False,0.0,0.0,1.0,0.944,1000,28,38,0,0.0,0.0,False,0.0,0.0,0.0,124.00006771088545,0.24390238796509786,65,rider,0.1,0.1,weighted_crc,segformer_b2_cityscapes,cityscapes_val_half,124
,,,1.0,1000,False,0.0,0.0,1.0,0.944,1000,28,38,0,0.0,0.0,False,0.0,0.0,0.0,124.00006771088545,0.24390238796509786,65,rider,0.2,0.1,weighted_crc,segformer_b2_cityscapes,cityscapes_val_half,124
,,,1.0,1000,False,0.0,0.0,1.0,0.944,1000,28,38,0,0.0,0.0,False,0.0,0.0,0.0,124.00006771088545,0.24390238796509786,65,rider,0.05,0.5,weighted_crc,segformer_b2_cityscapes,cityscapes_val_half,124
,,,1.0,1000,False,0.0,0.0,1.0,0.944,1000,28,38,0,0.0,0.0,False,0.0,0.0,0.0,124.00006771088545,0.24390238796509786,65,rider,0.1,0.5,weighted_crc,segformer_b2_cityscapes,cityscapes_val_half,124
,,,1.0,1000,False,0.0,0.0,1.0,0.944,1000,28,38,0,0.0,0.0,False,0.0,0.0,0.0,124.00006771088545,0.24390238796509786,65,rider,0.2,0.5,weighted_crc,segformer_b2_cityscapes,cityscapes_val_half,124
,,,1.0,1000,False,0.0,0.0,1.0,0.834,1000,83,159,0,0.0,0.0,False,0.0,0.0,0.0,171.00004196167205,0.1895734391516982,65,bicycle,0.05,0.1,weighted_crc,segformer_b2_cityscapes,cityscapes_val_half,171
,,,1.0,1000,False,0.0,0.0,1.0,0.834,1000,83,159,0,0.0,0.0,False,0.0,0.0,0.0,171.00004196167205,0.1895734391516982,65,bicycle,0.1,0.1,weighted_crc,segformer_b2_cityscapes,cityscapes_val_half,171
,,,0.9999144933287115,678,True,0.07039586919104991,0.07039586919104991,0.04828273132443428,29.932,675,83,159,11,0.06918238993710692,0.09599999999999997,False,0.11494252873563218,0.017241379310344827,0.0,171.00004196167205,0.1895734391516982,65,bicycle,0.2,0.1,weighted_crc,segformer_b2_cityscapes,cityscapes_val_half,171
,,,1.0,1000,False,0.0,0.0,1.0,0.834,1000,83,159,0,0.0,0.0,False,0.0,0.0,0.0,171.00004196167205,0.1895734391516982,65,bicycle,0.05,0.5,weighted_crc,segformer_b2_cityscapes,cityscapes_val_half,171
,,,1.0,1000,False,0.0,0.0,1.0,0.834,1000,83,159,0,0.0,0.0,False,0.0,0.0,0.0,171.00004196167205,0.1895734391516982,65,bicycle,0.1,0.5,weighted_crc,segformer_b2_cityscapes,cityscapes_val_half,171
,,,0.9999631871026358,739,True,0.07280550774526678,0.07280550774526677,0.0637095645070076,34.528,725,83,159,12,0.07547169811320754,0.045999999999999985,False,0.12643678160919541,0.017241379310344827,0.0,171.00004196167205,0.1895734391516982,65,bicycle,0.2,0.5,weighted_crc,segformer_b2_cityscapes,cityscapes_val_half,171
,,,1.0,1000,False,0.0,0.0,1.0,0.66,1000,170,334,0,0.0,0.0,False,0.0,0.0,0.0,208.00006866455777,0.1612903027331072,66,person,0.05,0.1,weighted_crc,segformer_b2_cityscapes,cityscapes_val_half,208
,,,1.0,1000,False,0.0,0.0,1.0,0.66,1000,170,334,0,0.0,0.0,False,0.0,0.0,0.0,208.00006866455777,0.1612903027331072,66,person,0.1,0.1,weighted_crc,segformer_b2_cityscapes,cityscapes_val_half,208
,,,0.9975789709532639,436,True,0.07598039215686275,0.07598039215686274,0.02982080541551113,20.462,425,170,334,20,0.059880239520958084,0.17399999999999993,True,0.07368421052631578,0.049586776859504134,0.0,208.00006866455777,0.1612903027331072,66,person,0.2,0.1,weighted_crc,segformer_b2_cityscapes,cityscapes_val_half,208
,,,1.0,1000,False,0.0,0.0,1.0,0.66,1000,170,334,0,0.0,0.0,False,0.0,0.0,0.0,208.00006866455777,0.1612903027331072,66,person,0.05,0.5,weighted_crc,segformer_b2_cityscapes,cityscapes_val_half,208
,,,1.0,1000,False,0.0,0.0,1.0,0.66,1000,170,334,0,0.0,0.0,False,0.0,0.0,0.0,208.00006866455777,0.1612903027331072,66,person,0.1,0.5,weighted_crc,segformer_b2_cityscapes,cityscapes_val_half,208
,,,0.9993017675959228,526,True,0.06960784313725489,0.06960784313725489,0.04758571460843086,29.594,525,170,334,18,0.05389221556886228,0.118,False,0.05263157894736842,0.06611570247933884,0.0,208.00006866455777,0.1612903027331072,66,person,0.2,0.5,weighted_crc,segformer_b2_cityscapes,cityscapes_val_half,208
,,,1.0,1000,False,0.0,0.0,1.0,0.944,1000,28,38,0,0.0,0.0,False,0.0,0.0,0.0,129.00002241134683,0.23668636916244154,66,rider,0.05,0.1,weighted_crc,segformer_b2_cityscapes,cityscapes_val_half,129
,,,1.0,1000,False,0.0,0.0,1.0,0.944,1000,28,38,0,0.0,0.0,False,0.0,0.0,0.0,129.00002241134683,0.23668636916244154,66,rider,0.1,0.1,weighted_crc,segformer_b2_cityscapes,cityscapes_val_half,129
,,,1.0,1000,False,0.0,0.0,1.0,0.944,1000,28,38,0,0.0,0.0,False,0.0,0.0,0.0,129.00002241134683,0.23668636916244154,66,rider,0.2,0.1,weighted_crc,segformer_b2_cityscapes,cityscapes_val_half,129
,,,1.0,1000,False,0.0,0.0,1.0,0.944,1000,28,38,0,0.0,0.0,False,0.0,0.0,0.0,129.00002241134683,0.23668636916244154,66,rider,0.05,0.5,weighted_crc,segformer_b2_cityscapes,cityscapes_val_half,129
,,,1.0,1000,False,0.0,0.0,1.0,0.944,1000,28,38,0,0.0,0.0,False,0.0,0.0,0.0,129.00002241134683,0.23668636916244154,66,rider,0.1,0.5,weighted_crc,segformer_b2_cityscapes,cityscapes_val_half,129
,,,1.0,1000,False,0.0,0.0,1.0,0.944,1000,28,38,0,0.0,0.0,False,0.0,0.0,0.0,129.00002241134683,0.23668636916244154,66,rider,0.2,0.5,weighted_crc,segformer_b2_cityscapes,cityscapes_val_half,129
,,,1.0,1000,False,0.0,0.0,1.0,0.834,1000,83,159,0,0.0,0.0,False,0.0,0.0,0.0,185.00008583070075,0.177777747636965,66,bicycle,0.05,0.1,weighted_crc,segformer_b2_cityscapes,cityscapes_val_half,185
,,,1.0,1000,False,0.0,0.0,1.0,0.834,1000,83,159,0,0.0,0.0,False,0.0,0.0,0.0,185.00008583070075,0.177777747636965,66,bicycle,0.1,0.1,weighted_crc,segformer_b2_cityscapes,cityscapes_val_half,185
,,,0.9997986275750138,616,True,0.0948938611589214,0.09489386115892139,0.03554084151983261,24.196,600,83,159,15,0.09433962264150944,0.15800000000000003,True,0.16091954022988506,0.017241379310344827,0.0,185.00008583070075,0.177777747636965,66,bicycle,0.2,0.1,weighted_crc,segformer_b2_cityscapes,cityscapes_val_half,185
,,,1.0,1000,False,0.0,0.0,1.0,0.834,1000,83,159,0,0.0,0.0,False,0.0,0.0,0.0,185.00008583070075,0.177777747636965,66,bicycle,0.05,0.5,weighted_crc,segformer_b2_cityscapes,cityscapes_val_half,185
,,,1.0,1000,False,0.0,0.0,1.0,0.834,1000,83,159,0,0.0,0.0,False,0.0,0.0,0.0,185.00008583070075,0.177777747636965,66,bicycle,0.1,0.5,weighted_crc,segformer_b2_cityscapes,cityscapes_val_half,185
,,,0.9998792186164893,653,True,0.12983362019506597,0.12983362019506597,0.04282229766249657,27.768,650,83,159,20,0.12578616352201258,0.12,False,0.1839080459770115,0.06896551724137931,0.0,185.00008583070075,0.177777747636965,66,bicycle,0.2,0.5,weighted_crc,segformer_b2_cityscapes,cityscapes_val_half,185
,,,1.0,1000,False,0.0,0.0,1.0,0.66,1000,170,334,0,0.0,0.0,False,0.0,0.0,0.0,206.00012779238003,0.1626015856731171,67,person,0.05,0.1,weighted_crc,segformer_b2_cityscapes,cityscapes_val_half,206
,,,1.0,1000,False,0.0,0.0,1.0,0.66,1000,170,334,0,0.0,0.0,False,0.0,0.0,0.0,206.00012779238003,0.1626015856731171,67,person,0.1,0.1,weighted_crc,segformer_b2_cityscapes,cityscapes_val_half,206
,,,0.9987526164857571,484,True,0.06323529411764706,0.06323529411764706,0.03851815685629845,25.124,475,170,334,15,0.04491017964071856,0.138,True,0.05263157894736842,0.04132231404958678,0.0,206.00012779238003,0.1626015856731171,67,person,0.2,0.1,weighted_crc,segformer_b2_cityscapes,cityscapes_val_half,206
,,,1.0,1000,False,0.0,0.0,1.0,0.66,1000,170,334,0,0.0,0.0,False,0.0,0.0,0.0,206.00012779238003,0.1626015856731171,67,person,0.05,0.5,weighted_crc,segformer_b2_cityscapes,cityscapes_val_half,206
,,,1.0,1000,False,0.0,0.0,1.0,0.66,1000,170,334,0,0.0,0.0,False,0.0,0.0,0.0,206.00012779238003,0.1626015856731171,67,person,0.1,0.5,weighted_crc,segformer_b2_cityscapes,cityscapes_val_half,206
,,,0.9994988127663728,550,True,0.06470588235294118,0.06470588235294118,0.05345297232270241,31.994,550,170,334,16,0.04790419161676647,0.10399999999999998,False,0.04736842105263158,0.05785123966942149,0.0,206.00012779238003,0.1626015856731171,67,person,0.2,0.5,weighted_crc,segformer_b2_cityscapes,cityscapes_val_half,206
,,,1.0,1000,False,0.0,0.0,1.0,0.944,1000,28,38,0,0.0,0.0,False,0.0,0.0,0.0,130.000011920929,0.23529410444741505,67,rider,0.05,0.1,weighted_crc,segformer_b2_cityscapes,cityscapes_val_half,130
,,,1.0,1000,False,0.0,0.0,1.0,0.944,1000,28,38,0,0.0,0.0,False,0.0,0.0,0.0,130.000011920929,0.23529410444741505,67,rider,0.1,0.1,weighted_crc,segformer_b2_cityscapes,cityscapes_val_half,130
,,,1.0,1000,False,0.0,0.0,1.0,0.944,1000,28,38,0,0.0,0.0,False,0.0,0.0,0.0,130.000011920929,0.23529410444741505,67,rider,0.2,0.1,weighted_crc,segformer_b2_cityscapes,cityscapes_val_half,130
,,,1.0,1000,False,0.0,0.0,1.0,0.944,1000,28,38,0,0.0,0.0,False,0.0,0.0,0.0,130.000011920929,0.23529410444741505,67,rider,0.05,0.5,weighted_crc,segformer_b2_cityscapes,cityscapes_val_half,130
,,,1.0,1000,False,0.0,0.0,1.0,0.944,1000,28,38,0,0.0,0.0,False,0.0,0.0,0.0,130.000011920929,0.23529410444741505,67,rider,0.1,0.5,weighted_crc,segformer_b2_cityscapes,cityscapes_val_half,130
,,,1.0,1000,False,0.0,0.0,1.0,0.944,1000,28,38,0,0.0,0.0,False,0.0,0.0,0.0,130.000011920929,0.23529410444741505,67,rider,0.2,0.5,weighted_crc,segformer_b2_cityscapes,cityscapes_val_half,130
,,,1.0,1000,False,0.0,0.0,1.0,0.834,1000,83,159,0,0.0,0.0,False,0.0,0.0,0.0,177.00005531311498,0.18433177455212252,67,bicycle,0.05,0.1,weighted_crc,segformer_b2_cityscapes,cityscapes_val_half,177
,,,1.0,1000,False,0.0,0.0,1.0,0.834,1000,83,159,0,0.0,0.0,False,0.0,0.0,0.0,177.00005531311498,0.18433177455212252,67,bicycle,0.1,0.1,weighted_crc,segformer_b2_cityscapes,cityscapes_val_half,177
,,,0.999868780010098,647,True,0.08244406196213425,0.08244406196213425,0.041580140590667725,25.956,625,83,159,12,0.07547169811320754,0.118,False,0.12643678160919541,0.017241379310344827,0.0,177.00005531311498,0.18433177455212252,67,bicycle,0.2,0.1,weighted_crc,segformer_b2_cityscapes,cityscapes_val_half,177
,,,1.0,1000,False,0.0,0.0,1.0,0.834,1000,83,159,0,0.0,0.0,False,0.0,0.0,0.0,177.00005531311498,0.18433177455212252,67,bicycle,0.05,0.5,weighted_crc,segformer_b2_cityscapes,cityscapes_val_half,177
,,,1.0,1000,False,0.0,0.0,1.0,0.834,1000,83,159,0,0.0,0.0,False,0.0,0.0,0.0,177.00005531311498,0.18433177455212252,67,bicycle,0.1,0.5,weighted_crc,segformer_b2_cityscapes,cityscapes_val_half,177
,,,0.9999394659125246,703,True,0.10332759609868043,0.10332759609868043,0.05423121526837349,32.058,700,83,159,16,0.10062893081761007,0.07199999999999995,False,0.16091954022988506,0.034482758620689655,0.0,177.00005531311498,0.18433177455212252,67,bicycle,0.2,0.5,weighted_crc,segformer_b2_cityscapes,cityscapes_val_half,177
,,,1.0,1000,False,0.0,0.0,1.0,0.66,1000,170,334,0,0.0,0.0,False,0.0,0.0,0.0,201.00004673004435,0.1659750879715009,68,person,0.05,0.1,weighted_crc,segformer_b2_cityscapes,cityscapes_val_half,201
,,,1.0,1000,False,0.0,0.0,1.0,0.66,1000,170,334,0,0.0,0.0,False,0.0,0.0,0.0,201.00004673004435,0.1659750879715009,68,person,0.1,0.1,weighted_crc,segformer_b2_cityscapes,cityscapes_val_half,201
,,,0.998085744074979,453,True,0.06519607843137254,0.06519607843137254,0.03270397335290909,22.656,450,170,334,16,0.04790419161676647,0.14800000000000002,True,0.05789473684210526,0.04132231404958678,0.0,201.00004673004435,0.1659750879715009,68,person,0.2,0.1,weighted_crc,segformer_b2_cityscapes,cityscapes_val_half,201
,,,1.0,1000,False,0.0,0.0,1.0,0.66,1000,170,334,0,0.0,0.0,False,0.0,0.0,0.0,201.00004673004435,0.1659750879715009,68,person,0.05,0.5,weighted_crc,segformer_b2_cityscapes,cityscapes_val_half,201
,,,1.0,1000,False,0.0,0.0,1.0,0.66,1000,170,334,0,0.0,0.0,False,0.0,0.0,0.0,201.00004673004435,0.1659750879715009,68,person,0.1,0.5,weighted_crc,segformer_b2_cityscapes,cityscapes_val_half,201
,,,0.9992722201954631,523,True,0.06960784313725489,0.06960784313725489,0.04688926786184311,27.25,500,170,334,18,0.05389221556886228,0.13,True,0.05263157894736842,0.06611570247933884,0.0,201.00004673004435,0.1659750879715009,68,person,0.2,0.5,weighted_crc,segformer_b2_cityscapes,cityscapes_val_half,201
,,,1.0,1000,False,0.0,0.0,1.0,0.944,1000,28,38,0,0.0,0.0,False,0.0,0.0,0.0,132.00001001358038,0.2325581292193156,68,rider,0.05,0.1,weighted_crc,segformer_b2_cityscapes,cityscapes_val_half,132
,,,1.0,1000,False,0.0,0.0,1.0,0.944,1000,28,38,0,0.0,0.0,False,0.0,0.0,0.0,132.00001001358038,0.2325581292193156,68,rider,0.1,0.1,weighted_crc,segformer_b2_cityscapes,cityscapes_val_half,132
,,,1.0,1000,False,0.0,0.0,1.0,0.944,1000,28,38,0,0.0,0.0,False,0.0,0.0,0.0,132.00001001358038,0.2325581292193156,68,rider,0.2,0.1,weighted_crc,segformer_b2_cityscapes,cityscapes_val_half,132
,,,1.0,1000,False,0.0,0.0,1.0,0.944,1000,28,38,0,0.0,0.0,False,0.0,0.0,0.0,132.00001001358038,0.2325581292193156,68,rider,0.05,0.5,weighted_crc,segformer_b2_cityscapes,cityscapes_val_half,132
,,,1.0,1000,False,0.0,0.0,1.0,0.944,1000,28,38,0,0.0,0.0,False,0.0,0.0,0.0,132.00001001358038,0.2325581292193156,68,rider,0.1,0.5,weighted_crc,segformer_b2_cityscapes,cityscapes_val_half,132
,,,1.0,1000,False,0.0,0.0,1.0,0.944,1000,28,38,0,0.0,0.0,False,0.0,0.0,0.0,132.00001001358038,0.2325581292193156,68,rider,0.2,0.5,weighted_crc,segformer_b2_cityscapes,cityscapes_val_half,132
,,,1.0,1000,False,0.0,0.0,1.0,0.834,1000,83,159,0,0.0,0.0,False,0.0,0.0,0.0,184.00003910065007,0.1785714164072162,68,bicycle,0.05,0.1,weighted_crc,segformer_b2_cityscapes,cityscapes_val_half,184
,,,1.0,1000,False,0.0,0.0,1.0,0.834,1000,83,159,0,0.0,0.0,False,0.0,0.0,0.0,184.00003910065007,0.1785714164072162,68,bicycle,0.1,0.1,weighted_crc,segformer_b2_cityscapes,cityscapes_val_half,184
,,,0.9997871860954017,612,True,0.10694205393000575,0.10694205393000572,0.03481293469667435,24.196,600,83,159,16,0.10062893081761007,0.15400000000000003,True,0.16091954022988506,0.034482758620689655,0.0,184.00003910065007,0.1785714164072162,68,bicycle,0.2,0.1,weighted_crc,segformer_b2_cityscapes,cityscapes_val_half,184
,,,1.0,1000,False,0.0,0.0,1.0,0.834,1000,83,159,0,0.0,0.0,False,0.0,0.0,0.0,184.00003910065007,0.1785714164072162,68,bicycle,0.05,0.5,weighted_crc,segformer_b2_cityscapes,cityscapes_val_half,184
,,,1.0,1000,False,0.0,0.0,1.0,0.834,1000,83,159,0,0.0,0.0,False,0.0,0.0,0.0,184.00003910065007,0.1785714164072162,68,bicycle,0.1,0.5,weighted_crc,segformer_b2_cityscapes,cityscapes_val_half,184
,,,0.9999156665242236,679,True,0.11176133103843947,0.11176133103843947,0.04851599782705307,29.932,675,83,159,18,0.11320754716981132,0.10399999999999998,False,0.1724137931034483,0.05172413793103448,0.0,184.00003910065007,0.1785714164072162,68,bicycle,0.2,0.5,weighted_crc,segformer_b2_cityscapes,cityscapes_val_half,184
,,,1.0,1000,False,0.0,0.0,1.0,0.66,1000,170,334,0,0.0,0.0,False,0.0,0.0,0.0,202.00009346009426,0.1652892249324783,69,person,0.05,0.1,weighted_crc,segformer_b2_cityscapes,cityscapes_val_half,202
,,,1.0,1000,False,0.0,0.0,1.0,0.66,1000,170,334,0,0.0,0.0,False,0.0,0.0,0.0,202.00009346009426,0.1652892249324783,69,person,0.1,0.1,weighted_crc,segformer_b2_cityscapes,cityscapes_val_half,202
,,,0.9990537628386342,504,True,0.057352941176470586,0.057352941176470586,0.04265260696411133,27.25,500,170,334,13,0.038922155688622756,0.15400000000000003,True,0.04736842105263158,0.03305785123966942,0.0,202.00009346009426,0.1652892249324783,69,person,0.2,0.1,weighted_crc,segformer_b2_cityscapes,cityscapes_val_half,202
,,,1.0,1000,False,0.0,0.0,1.0,0.66,1000,170,334,0,0.0,0.0,False,0.0,0.0,0.0,202.00009346009426,0.1652892249324783,69,person,0.05,0.5,weighted_crc,segformer_b2_cityscapes,cityscapes_val_half,202
,,,1.0,1000,False,0.0,0.0,1.0,0.66,1000,170,334,0,0.0,0.0,False,0.0,0.0,0.0,202.00009346009426,0.1652892249324783,69,person,0.1,0.5,weighted_crc,segformer_b2_cityscapes,cityscapes_val_half,202
,,,0.9995926197221959,565,True,0.061764705882352944,0.061764705882352944,0.057420503348112106,31.994,550,170,334,15,0.04491017964071856,0.122,False,0.042105263157894736,0.05785123966942149,0.0,202.00009346009426,0.1652892249324783,69,person,0.2,0.5,weighted_crc,segformer_b2_cityscapes,cityscapes_val_half,202
,,,1.0,1000,False,0.0,0.0,1.0,0.944,1000,28,38,0,0.0,0.0,False,0.0,0.0,0.0,119.00009393694123,0.25157225763378593,69,rider,0.05,0.1,weighted_crc,segformer_b2_cityscapes,cityscapes_val_half,119
,,,1.0,1000,False,0.0,0.0,1.0,0.944,1000,28,38,0,0.0,0.0,False,0.0,0.0,0.0,119.00009393694123,0.25157225763378593,69,rider,0.1,0.1,weighted_crc,segformer_b2_cityscapes,cityscapes_val_half,119
,,,1.0,1000,False,0.0,0.0,1.0,0.944,1000,28,38,0,0.0,0.0,False,0.0,0.0,0.0,119.00009393694123,0.25157225763378593,69,rider,0.2,0.1,weighted_crc,segformer_b2_cityscapes,cityscapes_val_half,119
,,,1.0,1000,False,0.0,0.0,1.0,0.944,1000,28,38,0,0.0,0.0,False,0.0,0.0,0.0,119.00009393694123,0.25157225763378593,69,rider,0.05,0.5,weighted_crc,segformer_b2_cityscapes,cityscapes_val_half,119
,,,1.0,1000,False,0.0,0.0,1.0,0.944,1000,28,38,0,0.0,0.0,False,0.0,0.0,0.0,119.00009393694123,0.25157225763378593,69,rider,0.1,0.5,weighted_crc,segformer_b2_cityscapes,cityscapes_val_half,119
,,,1.0,1000,False,0.0,0.0,1.0,0.944,1000,28,38,0,0.0,0.0,False,0.0,0.0,0.0,119.00009393694123,0.25157225763378593,69,rider,0.2,0.5,weighted_crc,segformer_b2_cityscapes,cityscapes_val_half,119
,,,1.0,1000,False,0.0,0.0,1.0,0.834,1000,83,159,0,0.0,0.0,False,0.0,0.0,0.0,165.00007867814105,0.1951219149106812,69,bicycle,0.05,0.1,weighted_crc,segformer_b2_cityscapes,cityscapes_val_half,165
,,,1.0,1000,False,0.0,0.0,1.0,0.834,1000,83,159,0,0.0,0.0,False,0.0,0.0,0.0,165.00007867814105,0.1951219149106812,69,bicycle,0.1,0.1,weighted_crc,segformer_b2_cityscapes,cityscapes_val_half,165
,,,0.999970077353634,754,True,0.06035570854847963,0.06035570854847963,0.06795880198478699,36.622,750,83,159,9,0.05660377358490566,0.09000000000000002,False,0.09195402298850575,0.017241379310344827,0.0,165.00007867814105,0.1951219149106812,69,bicycle,0.2,0.1,weighted_crc,segformer_b2_cityscapes,cityscapes_val_half,165
,,,1.0,1000,False,0.0,0.0,1.0,0.834,1000,83,159,0,0.0,0.0,False,0.0,0.0,0.0,165.00007867814105,0.1951219149106812,69,bicycle,0.05,0.5,weighted_crc,segformer_b2_cityscapes,cityscapes_val_half,165
,,,1.0,1000,False,0.0,0.0,1.0,0.834,1000,83,159,0,0.0,0.0,False,0.0,0.0,0.0,165.00007867814105,0.1951219149106812,69,bicycle,0.1,0.5,weighted_crc,segformer_b2_cityscapes,cityscapes_val_half,165
,,,0.9999884654674218,823,True,0.06305220883534135,0.06305220883534136,0.09012430161237717,40.838,800,83,159,9,0.05660377358490566,0.126,True,0.09195402298850575,0.017241379310344827,0.0,165.00007867814105,0.1951219149106812,69,bicycle,0.2,0.5,weighted_crc,segformer_b2_cityscapes,cityscapes_val_half,165
,,,1.0,1000,False,0.0,0.0,1.0,0.66,1000,170,334,0,0.0,0.0,False,0.0,0.0,0.0,202.00009346009426,0.1652892249324783,70,person,0.05,0.1,weighted_crc,segformer_b2_cityscapes,cityscapes_val_half,202
,,,1.0,1000,False,0.0,0.0,1.0,0.66,1000,170,334,0,0.0,0.0,False,0.0,0.0,0.0,202.00009346009426,0.1652892249324783,70,person,0.1,0.1,weighted_crc,segformer_b2_cityscapes,cityscapes_val_half,202
,,,0.9987526164857571,484,True,0.06323529411764706,0.06323529411764706,0.03851815685629845,25.124,475,170,334,15,0.04491017964071856,0.15400000000000003,True,0.05263157894736842,0.04132231404958678,0.0,202.00009346009426,0.1652892249324783,70,person,0.2,0.1,weighted_crc,segformer_b2_cityscapes,cityscapes_val_half,202
,,,1.0,1000,False,0.0,0.0,1.0,0.66,1000,170,334,0,0.0,0.0,False,0.0,0.0,0.0,202.00009346009426,0.1652892249324783,70,person,0.05,0.5,weighted_crc,segformer_b2_cityscapes,cityscapes_val_half,202
,,,1.0,1000,False,0.0,0.0,1.0,0.66,1000,170,334,0,0.0,0.0,False,0.0,0.0,0.0,202.00009346009426,0.1652892249324783,70,person,0.1,0.5,weighted_crc,segformer_b2_cityscapes,cityscapes_val_half,202
,,,0.9995450119398499,557,True,0.06470588235294118,0.06470588235294118,0.05527915805578232,31.994,550,170,334,16,0.04790419161676647,0.126,True,0.04736842105263158,0.05785123966942149,0.0,202.00009346009426,0.1652892249324783,70,person,0.2,0.5,weighted_crc,segformer_b2_cityscapes,cityscapes_val_half,202
,,,1.0,1000,False,0.0,0.0,1.0,0.944,1000,28,38,0,0.0,0.0,False,0.0,0.0,0.0,131.00000143051153,0.23391812343668522,70,rider,0.05,0.1,weighted_crc,segformer_b2_cityscapes,cityscapes_val_half,131
,,,1.0,1000,False,0.0,0.0,1.0,0.944,1000,28,38,0,0.0,0.0,False,0.0,0.0,0.0,131.00000143051153,0.23391812343668522,70,rider,0.1,0.1,weighted_crc,segformer_b2_cityscapes,cityscapes_val_half,131
,,,1.0,1000,False,0.0,0.0,1.0,0.944,1000,28,38,0,0.0,0.0,False,0.0,0.0,0.0,131.00000143051153,0.23391812343668522,70,rider,0.2,0.1,weighted_crc,segformer_b2_cityscapes,cityscapes_val_half,131
,,,1.0,1000,False,0.0,0.0,1.0,0.944,1000,28,38,0,0.0,0.0,False,0.0,0.0,0.0,131.00000143051153,0.23391812343668522,70,rider,0.05,0.5,weighted_crc,segformer_b2_cityscapes,cityscapes_val_half,131
,,,1.0,1000,False,0.0,0.0,1.0,0.944,1000,28,38,0,0.0,0.0,False,0.0,0.0,0.0,131.00000143051153,0.23391812343668522,70,rider,0.1,0.5,weighted_crc,segformer_b2_cityscapes,cityscapes_val_half,131
,,,1.0,1000,False,0.0,0.0,1.0,0.944,1000,28,38,0,0.0,0.0,False,0.0,0.0,0.0,131.00000143051153,0.23391812343668522,70,rider,0.2,0.5,weighted_crc,segformer_b2_cityscapes,cityscapes_val_half,131
,,,1.0,1000,False,0.0,0.0,1.0,0.834,1000,83,159,0,0.0,0.0,False,0.0,0.0,0.0,170.0000715255803,0.19047615587576805,70,bicycle,0.05,0.1,weighted_crc,segformer_b2_cityscapes,cityscapes_val_half,170
,,,1.0,1000,False,0.0,0.0,1.0,0.834,1000,83,159,0,0.0,0.0,False,0.0,0.0,0.0,170.0000715255803,0.19047615587576805,70,bicycle,0.1,0.1,weighted_crc,segformer_b2_cityscapes,cityscapes_val_half,170
,,,0.9999796764298906,782,True,0.05461847389558233,0.05461847389558233,0.076488196849823,38.992,775,83,159,7,0.0440251572327044,0.062,False,0.06896551724137931,0.017241379310344827,0.0,170.0000715255803,0.19047615587576805,70,bicycle,0.2,0.1,weighted_crc,segformer_b2_cityscapes,cityscapes_val_half,170
,,,1.0,1000,False,0.0,0.0,1.0,0.834,1000,83,159,0,0.0,0.0,False,0.0,0.0,0.0,170.0000715255803,0.19047615587576805,70,bicycle,0.05,0.5,weighted_crc,segformer_b2_cityscapes,cityscapes_val_half,170
,,,1.0,1000,False,0.0,0.0,1.0,0.834,1000,83,159,0,0.0,0.0,False,0.0,0.0,0.0,170.0000715255803,0.19047615587576805,70,bicycle,0.1,0.5,weighted_crc,segformer_b2_cityscapes,cityscapes_val_half,170
,,,0.9999863855531753,811,True,0.06305220883534135,0.06305220883534136,0.08595724403858185,40.838,800,83,159,9,0.05660377358490566,0.09000000000000002,False,0.09195402298850575,0.017241379310344827,0.0,170.0000715255803,0.19047615587576805,70,bicycle,0.2,0.5,weighted_crc,segformer_b2_cityscapes,cityscapes_val_half,170
,,,1.0,1000,False,0.0,0.0,1.0,0.66,1000,170,334,0,0.0,0.0,False,0.0,0.0,0.0,204.00011062623676,0.16393439034819268,71,person,0.05,0.1,weighted_crc,segformer_b2_cityscapes,cityscapes_val_half,204
,,,1.0,1000,False,0.0,0.0,1.0,0.66,1000,170,334,0,0.0,0.0,False,0.0,0.0,0.0,204.00011062623676,0.16393439034819268,71,person,0.1,0.1,weighted_crc,segformer_b2_cityscapes,cityscapes_val_half,204
,,,0.9985678121007264,474,True,0.06323529411764706,0.06323529411764706,0.03655869886279106,22.656,450,170,334,15,0.04491017964071856,0.16000000000000003,True,0.05263157894736842,0.04132231404958678,0.0,204.00011062623676,0.16393439034819268,71,person,0.2,0.1,weighted_crc,segformer_b2_cityscapes,cityscapes_val_half,204
,,,1.0,1000,False,0.0,0.0,1.0,0.66,1000,170,334,0,0.0,0.0,False,0.0,0.0,0.0,204.00011062623676,0.16393439034819268,71,person,0.05,0.5,weighted_crc,segformer_b2_cityscapes,cityscapes_val_half,204
,,,1.0,1000,False,0.0,0.0,1.0,0.66,1000,170,334,0,0.0,0.0,False,0.0,0.0,0.0,204.00011062623676,0.16393439034819268,71,person,0.1,0.5,weighted_crc,segformer_b2_cityscapes,cityscapes_val_half,204
,,,0.9994002089237445,537,True,0.06960784313725489,0.06960784313725489,0.05022071301937103,29.594,525,170,334,18,0.05389221556886228,0.132,True,0.05263157894736842,0.06611570247933884,0.0,204.00011062623676,0.16393439034819268,71,person,0.2,0.5,weighted_crc,segformer_b2_cityscapes,cityscapes_val_half,204
,,,1.0,1000,False,0.0,0.0,1.0,0.944,1000,28,38,0,0.0,0.0,False,0.0,0.0,0.0,127.00009346010091,0.23952089242876454,71,rider,0.05,0.1,weighted_crc,segformer_b2_cityscapes,cityscapes_val_half,127
,,,1.0,1000,False,0.0,0.0,1.0,0.944,1000,28,38,0,0.0,0.0,False,0.0,0.0,0.0,127.00009346010091,0.23952089242876454,71,rider,0.1,0.1,weighted_crc,segformer_b2_cityscapes,cityscapes_val_half,127
,,,1.0,1000,False,0.0,0.0,1.0,0.944,1000,28,38,0,0.0,0.0,False,0.0,0.0,0.0,127.00009346010091,0.23952089242876454,71,rider,0.2,0.1,weighted_crc,segformer_b2_cityscapes,cityscapes_val_half,127
,,,1.0,1000,False,0.0,0.0,1.0,0.944,1000,28,38,0,0.0,0.0,False,0.0,0.0,0.0,127.00009346010091,0.23952089242876454,71,rider,0.05,0.5,weighted_crc,segformer_b2_cityscapes,cityscapes_val_half,127
,,,1.0,1000,False,0.0,0.0,1.0,0.944,1000,28,38,0,0.0,0.0,False,0.0,0.0,0.0,127.00009346010091,0.23952089242876454,71,rider,0.1,0.5,weighted_crc,segformer_b2_cityscapes,cityscapes_val_half,127
,,,1.0,1000,False,0.0,0.0,1.0,0.944,1000,28,38,0,0.0,0.0,False,0.0,0.0,0.0,127.00009346010091,0.23952089242876454,71,rider,0.2,0.5,weighted_crc,segformer_b2_cityscapes,cityscapes_val_half,127
,,,1.0,1000,False,0.0,0.0,1.0,0.834,1000,83,159,0,0.0,0.0,False,0.0,0.0,0.0,166.00008726121231,0.19417471772866304,71,bicycle,0.05,0.1,weighted_crc,segformer_b2_cityscapes,cityscapes_val_half,166
,,,1.0,1000,False,0.0,0.0,1.0,0.834,1000,83,159,0,0.0,0.0,False,0.0,0.0,0.0,166.00008726121231,0.19417471772866304,71,bicycle,0.1,0.1,weighted_crc,segformer_b2_cityscapes,cityscapes_val_half,166
,,,0.9999791070386914,780,True,0.05461847389558233,0.05461847389558233,0.07582885771989822,38.992,775,83,159,7,0.0440251572327044,0.09400000000000003,False,0.06896551724137931,0.017241379310344827,0.0,166.00008726121231,0.19417471772866304,71,bicycle,0.2,0.1,weighted_crc,segformer_b2_cityscapes,cityscapes_val_half,166
,,,1.0,1000,False,0.0,0.0,1.0,0.834,1000,83,159,0,0.0,0.0,False,0.0,0.0,0.0,166.00008726121231,0.19417471772866304,71,bicycle,0.05,0.5,weighted_crc,segformer_b2_cityscapes,cityscapes_val_half,166
,,,1.0,1000,False,0.0,0.0,1.0,0.834,1000,83,159,0,0.0,0.0,False,0.0,0.0,0.0,166.00008726121231,0.19417471772866304,71,bicycle,0.1,0.5,weighted_crc,segformer_b2_cityscapes,cityscapes_val_half,166
,,,0.9999884654674218,823,True,0.06305220883534135,0.06305220883534136,0.09012430161237717,40.838,800,83,159,9,0.05660377358490566,0.12000000000000005,False,0.09195402298850575,0.017241379310344827,0.0,166.00008726121231,0.19417471772866304,71,bicycle,0.2,0.5,weighted_crc,segformer_b2_cityscapes,cityscapes_val_half,166
,,,1.0,1000,False,0.0,0.0,1.0,0.66,1000,170,334,0,0.0,0.0,False,0.0,0.0,0.0,194.0000748634423,0.1709401458599822,72,person,0.05,0.1,weighted_crc,segformer_b2_cityscapes,cityscapes_val_half,194
,,,1.0,1000,False,0.0,0.0,1.0,0.66,1000,170,334,0,0.0,0.0,False,0.0,0.0,0.0,194.0000748634423,0.1709401458599822,72,person,0.1,0.1,weighted_crc,segformer_b2_cityscapes,cityscapes_val_half,194
,,,0.9993207963673828,528,True,0.051470588235294115,0.051470588235294115,0.04805626720190048,29.594,525,170,334,12,0.03592814371257485,0.136,True,0.042105263157894736,0.03305785123966942,0.0,194.0000748634423,0.1709401458599822,72,person,0.2,0.1,weighted_crc,segformer_b2_cityscapes,cityscapes_val_half,194
,,,1.0,1000,False,0.0,0.0,1.0,0.66,1000,170,334,0,0.0,0.0,False,0.0,0.0,0.0,194.0000748634423,0.1709401458599822,72,person,0.05,0.5,weighted_crc,segformer_b2_cityscapes,cityscapes_val_half,194
,,,1.0,1000,False,0.0,0.0,1.0,0.66,1000,170,334,0,0.0,0.0,False,0.0,0.0,0.0,194.0000748634423,0.1709401458599822,72,person,0.1,0.5,weighted_crc,segformer_b2_cityscapes,cityscapes_val_half,194
,,,0.9998041155326494,618,True,0.052941176470588235,0.052941176470588235,0.07308061420917511,36.194,600,170,334,13,0.038922155688622756,0.09399999999999997,False,0.03684210526315789,0.049586776859504134,0.0,194.0000748634423,0.1709401458599822,72,person,0.2,0.5,weighted_crc,segformer_b2_cityscapes,cityscapes_val_half,194
,,,1.0,1000,False,0.0,0.0,1.0,0.944,1000,28,38,0,0.0,0.0,False,0.0,0.0,0.0,129.00002241134683,0.23668636916244154,72,rider,0.05,0.1,weighted_crc,segformer_b2_cityscapes,cityscapes_val_half,129
,,,1.0,1000,False,0.0,0.0,1.0,0.944,1000,28,38,0,0.0,0.0,False,0.0,0.0,0.0,129.00002241134683,0.23668636916244154,72,rider,0.1,0.1,weighted_crc,segformer_b2_cityscapes,cityscapes_val_half,129
,,,1.0,1000,False,0.0,0.0,1.0,0.944,1000,28,38,0,0.0,0.0,False,0.0,0.0,0.0,129.00002241134683,0.23668636916244154,72,rider,0.2,0.1,weighted_crc,segformer_b2_cityscapes,cityscapes_val_half,129
,,,1.0,1000,False,0.0,0.0,1.0,0.944,1000,28,38,0,0.0,0.0,False,0.0,0.0,0.0,129.00002241134683,0.23668636916244154,72,rider,0.05,0.5,weighted_crc,segformer_b2_cityscapes,cityscapes_val_half,129
,,,1.0,1000,False,0.0,0.0,1.0,0.944,1000,28,38,0,0.0,0.0,False,0.0,0.0,0.0,129.00002241134683,0.23668636916244154,72,rider,0.1,0.5,weighted_crc,segformer_b2_cityscapes,cityscapes_val_half,129
,,,1.0,1000,False,0.0,0.0,1.0,0.944,1000,28,38,0,0.0,0.0,False,0.0,0.0,0.0,129.00002241134683,0.23668636916244154,72,rider,0.2,0.5,weighted_crc,segformer_b2_cityscapes,cityscapes_val_half,129
,,,1.0,1000,False,0.0,0.0,1.0,0.834,1000,83,159,0,0.0,0.0,False,0.0,0.0,0.0,176.00004673004474,0.18518516556225895,72,bicycle,0.05,0.1,weighted_crc,segformer_b2_cityscapes,cityscapes_val_half,176
,,,1.0,1000,False,0.0,0.0,1.0,0.834,1000,83,159,0,0.0,0.0,False,0.0,0.0,0.0,176.00004673004474,0.18518516556225895,72,bicycle,0.1,0.1,weighted_crc,segformer_b2_cityscapes,cityscapes_val_half,176
,,,0.9998669545582022,646,True,0.08485370051635112,0.0848537005163511,0.04136468470096588,25.956,625,83,159,13,0.08176100628930817,0.09599999999999997,False,0.13793103448275862,0.017241379310344827,0.0,176.00004673004474,0.18518516556225895,72,bicycle,0.2,0.1,weighted_crc,segformer_b2_cityscapes,cityscapes_val_half,176
,,,1.0,1000,False,0.0,0.0,1.0,0.834,1000,83,159,0,0.0,0.0,False,0.0,0.0,0.0,176.00004673004474,0.18518516556225895,72,bicycle,0.05,0.5,weighted_crc,segformer_b2_cityscapes,cityscapes_val_half,176
,,,1.0,1000,False,0.0,0.0,1.0,0.834,1000,83,159,0,0.0,0.0,False,0.0,0.0,0.0,176.00004673004474,0.18518516556225895,72,bicycle,0.1,0.5,weighted_crc,segformer_b2_cityscapes,cityscapes_val_half,176
,,,0.9999411156344644,705,True,0.10332759609868043,0.10332759609868043,0.0547356940805912,32.058,700,83,159,16,0.10062893081761007,0.04799999999999993,False,0.16091954022988506,0.034482758620689655,0.0,176.00004673004474,0.18518516556225895,72,bicycle,0.2,0.5,weighted_crc,segformer_b2_cityscapes,cityscapes_val_half,176
,,,1.0,1000,False,0.0,0.0,1.0,0.66,1000,170,334,0,0.0,0.0,False,0.0,0.0,0.0,210.0000858306993,0.15999997558594123,73,person,0.05,0.1,weighted_crc,segformer_b2_cityscapes,cityscapes_val_half,210
,,,1.0,1000,False,0.0,0.0,1.0,0.66,1000,170,334,0,0.0,0.0,False,0.0,0.0,0.0,210.0000858306993,0.15999997558594123,73,person,0.1,0.1,weighted_crc,segformer_b2_cityscapes,cityscapes_val_half,210
,,,0.9984653830172007,469,True,0.06323529411764706,0.06323529411764706,0.03560402989387512,22.656,450,170,334,15,0.04491017964071856,0.132,True,0.05263157894736842,0.04132231404958678,0.0,210.0000858306993,0.15999997558594123,73,person,0.2,0.1,weighted_crc,segformer_b2_cityscapes,cityscapes_val_half,210
,,,1.0,1000,False,0.0,0.0,1.0,0.66,1000,170,334,0,0.0,0.0,False,0.0,0.0,0.0,210.0000858306993,0.15999997558594123,73,person,0.05,0.5,weighted_crc,segformer_b2_cityscapes,cityscapes_val_half,210
,,,1.0,1000,False,0.0,0.0,1.0,0.66,1000,170,334,0,0.0,0.0,False,0.0,0.0,0.0,210.0000858306993,0.15999997558594123,73,person,0.1,0.5,weighted_crc,segformer_b2_cityscapes,cityscapes_val_half,210
,,,0.9993483716059391,531,True,0.06960784313725489,0.06960784313725489,0.04876994341611862,29.594,525,170,334,18,0.05389221556886228,0.118,False,0.05263157894736842,0.06611570247933884,0.0,210.0000858306993,0.15999997558594123,73,person,0.2,0.5,weighted_crc,segformer_b2_cityscapes,cityscapes_val_half,210
,,,1.0,1000,False,0.0,0.0,1.0,0.944,1000,28,38,0,0.0,0.0,False,0.0,0.0,0.0,113.00004243851116,0.2614378726458506,73,rider,0.05,0.1,weighted_crc,segformer_b2_cityscapes,cityscapes_val_half,113
,,,1.0,1000,False,0.0,0.0,1.0,0.944,1000,28,38,0,0.0,0.0,False,0.0,0.0,0.0,113.00004243851116,0.2614378726458506,73,rider,0.1,0.1,weighted_crc,segformer_b2_cityscapes,cityscapes_val_half,113
,,,1.0,1000,False,0.0,0.0,1.0,0.944,1000,28,38,0,0.0,0.0,False,0.0,0.0,0.0,113.00004243851116,0.2614378726458506,73,rider,0.2,0.1,weighted_crc,segformer_b2_cityscapes,cityscapes_val_half,113
,,,1.0,1000,False,0.0,0.0,1.0,0.944,1000,28,38,0,0.0,0.0,False,0.0,0.0,0.0,113.00004243851116,0.2614378726458506,73,rider,0.05,0.5,weighted_crc,segformer_b2_cityscapes,cityscapes_val_half,113
,,,1.0,1000,False,0.0,0.0,1.0,0.944,1000,28,38,0,0.0,0.0,False,0.0,0.0,0.0,113.00004243851116,0.2614378726458506,73,rider,0.1,0.5,weighted_crc,segformer_b2_cityscapes,cityscapes_val_half,113
,,,1.0,1000,False,0.0,0.0,1.0,0.944,1000,28,38,0,0.0,0.0,False,0.0,0.0,0.0,113.00004243851116,0.2614378726458506,73,rider,0.2,0.5,weighted_crc,segformer_b2_cityscapes,cityscapes_val_half,113
,,,1.0,1000,False,0.0,0.0,1.0,0.834,1000,83,159,0,0.0,0.0,False,0.0,0.0,0.0,165.00007867814105,0.1951219149106812,73,bicycle,0.05,0.1,weighted_crc,segformer_b2_cityscapes,cityscapes_val_half,165
,,,1.0,1000,False,0.0,0.0,1.0,0.834,1000,83,159,0,0.0,0.0,False,0.0,0.0,0.0,165.00007867814105,0.1951219149106812,73,bicycle,0.1,0.1,weighted_crc,segformer_b2_cityscapes,cityscapes_val_half,165
,,,0.9999843685235736,801,True,0.05461847389558233,0.05461847389558233,0.08257895708084106,40.838,800,83,159,7,0.0440251572327044,0.11000000000000004,False,0.06896551724137931,0.017241379310344827,0.0,165.00007867814105,0.1951219149106812,73,bicycle,0.2,0.1,weighted_crc,segformer_b2_cityscapes,cityscapes_val_half,165
,,,1.0,1000,False,0.0,0.0,1.0,0.834,1000,83,159,0,0.0,0.0,False,0.0,0.0,0.0,165.00007867814105,0.1951219149106812,73,bicycle,0.05,0.5,weighted_crc,segformer_b2_cityscapes,cityscapes_val_half,165
,,,1.0,1000,False,0.0,0.0,1.0,0.834,1000,83,159,0,0.0,0.0,False,0.0,0.0,0.0,165.00007867814105,0.1951219149106812,73,bicycle,0.1,0.5,weighted_crc,segformer_b2_cityscapes,cityscapes_val_half,165
,,,0.9999902276277904,835,True,0.05702811244979919,0.0570281124497992,0.09446694701910019,42.834,825,83,159,8,0.050314465408805034,0.14399999999999996,True,0.08045977011494253,0.017241379310344827,0.0,165.00007867814105,0.1951219149106812,73,bicycle,0.2,0.5,weighted_crc,segformer_b2_cityscapes,cityscapes_val_half,165
,,,1.0,1000,False,0.0,0.0,1.0,0.66,1000,170,334,0,0.0,0.0,False,0.0,0.0,0.0,202.00009346009426,0.1652892249324783,74,person,0.05,0.1,weighted_crc,segformer_b2_cityscapes,cityscapes_val_half,202
,,,1.0,1000,False,0.0,0.0,1.0,0.66,1000,170,334,0,0.0,0.0,False,0.0,0.0,0.0,202.00009346009426,0.1652892249324783,74,person,0.1,0.1,weighted_crc,segformer_b2_cityscapes,cityscapes_val_half,202
,,,0.9986634044834536,479,True,0.06323529411764706,0.06323529411764706,0.03752510994672775,25.124,475,170,334,15,0.04491017964071856,0.14200000000000002,True,0.05263157894736842,0.04132231404958678,0.0,202.00009346009426,0.1652892249324783,74,person,0.2,0.1,weighted_crc,segformer_b2_cityscapes,cityscapes_val_half,202
,,,1.0,1000,False,0.0,0.0,1.0,0.66,1000,170,334,0,0.0,0.0,False,0.0,0.0,0.0,202.00009346009426,0.1652892249324783,74,person,0.05,0.5,weighted_crc,segformer_b2_cityscapes,cityscapes_val_half,202
,,,1.0,1000,False,0.0,0.0,1.0,0.66,1000,170,334,0,0.0,0.0,False,0.0,0.0,0.0,202.00009346009426,0.1652892249324783,74,person,0.1,0.5,weighted_crc,segformer_b2_cityscapes,cityscapes_val_half,202
,,,0.9996250269977545,571,True,0.061764705882352944,0.061764705882352944,0.059061333537101746,31.994,550,170,334,15,0.04491017964071856,0.126,True,0.042105263157894736,0.05785123966942149,0.0,202.00009346009426,0.1652892249324783,74,person,0.2,0.5,weighted_crc,segformer_b2_cityscapes,cityscapes_val_half,202
,,,1.0,1000,False,0.0,0.0,1.0,0.944,1000,28,38,0,0.0,0.0,False,0.0,0.0,0.0,131.00000143051153,0.23391812343668522,74,rider,0.05,0.1,weighted_crc,segformer_b2_cityscapes,cityscapes_val_half,131
,,,1.0,1000,False,0.0,0.0,1.0,0.944,1000,28,38,0,0.0,0.0,False,0.0,0.0,0.0,131.00000143051153,0.23391812343668522,74,rider,0.1,0.1,weighted_crc,segformer_b2_cityscapes,cityscapes_val_half,131
,,,1.0,1000,False,0.0,0.0,1.0,0.944,1000,28,38,0,0.0,0.0,False,0.0,0.0,0.0,131.00000143051153,0.23391812343668522,74,rider,0.2,0.1,weighted_crc,segformer_b2_cityscapes,cityscapes_val_half,131
,,,1.0,1000,False,0.0,0.0,1.0,0.944,1000,28,38,0,0.0,0.0,False,0.0,0.0,0.0,131.00000143051153,0.23391812343668522,74,rider,0.05,0.5,weighted_crc,segformer_b2_cityscapes,cityscapes_val_half,131
,,,1.0,1000,False,0.0,0.0,1.0,0.944,1000,28,38,0,0.0,0.0,False,0.0,0.0,0.0,131.00000143051153,0.23391812343668522,74,rider,0.1,0.5,weighted_crc,segformer_b2_cityscapes,cityscapes_val_half,131
,,,1.0,1000,False,0.0,0.0,1.0,0.944,1000,28,38,0,0.0,0.0,False,0.0,0.0,0.0,131.00000143051153,0.23391812343668522,74,rider,0.2,0.5,weighted_crc,segformer_b2_cityscapes,cityscapes_val_half,131
,,,1.0,1000,False,0.0,0.0,1.0,0.834,1000,83,159,0,0.0,0.0,False,0.0,0.0,0.0,181.0000896453983,0.18099544074719032,74,bicycle,0.05,0.1,weighted_crc,segformer_b2_cityscapes,cityscapes_val_half,181
,,,1.0,1000,False,0.0,0.0,1.0,0.834,1000,83,159,0,0.0,0.0,False,0.0,0.0,0.0,181.0000896453983,0.18099544074719032,74,bicycle,0.1,0.1,weighted_crc,segformer_b2_cityscapes,cityscapes_val_half,181
,,,0.9997871860954017,612,True,0.10694205393000575,0.10694205393000572,0.03481293469667435,24.196,600,83,159,16,0.10062893081761007,0.16400000000000003,True,0.16091954022988506,0.034482758620689655,0.0,181.0000896453983,0.18099544074719032,74,bicycle,0.2,0.1,weighted_crc,segformer_b2_cityscapes,cityscapes_val_half,181
,,,1.0,1000,False,0.0,0.0,1.0,0.834,1000,83,159,0,0.0,0.0,False,0.0,0.0,0.0,181.0000896453983,0.18099544074719032,74,bicycle,0.05,0.5,weighted_crc,segformer_b2_cityscapes,cityscapes_val_half,181
,,,1.0,1000,False,0.0,0.0,1.0,0.834,1000,83,159,0,0.0,0.0,False,0.0,0.0,0.0,181.0000896453983,0.18099544074719032,74,bicycle,0.1,0.5,weighted_crc,segformer_b2_cityscapes,cityscapes_val_half,181
,,,0.9999058110403477,671,True,0.11176133103843947,0.11176133103843947,0.046706460416316986,27.768,650,83,159,18,0.11320754716981132,0.09799999999999998,False,0.1724137931034483,0.05172413793103448,0.0,181.0000896453983,0.18099544074719032,74,bicycle,0.2,0.5,weighted_crc,segformer_b2_cityscapes,cityscapes_val_half,181
,,,1.0,1000,False,0.0,0.0,1.0,0.66,1000,170,334,0,0.0,0.0,False,0.0,0.0,0.0,210.0000858306993,0.15999997558594123,75,person,0.05,0.1,weighted_crc,segformer_b2_cityscapes,cityscapes_val_half,210
,,,1.0,1000,False,0.0,0.0,1.0,0.66,1000,170,334,0,0.0,0.0,False,0.0,0.0,0.0,210.0000858306993,0.15999997558594123,75,person,0.1,0.1,weighted_crc,segformer_b2_cityscapes,cityscapes_val_half,210
,,,0.997644950716104,438,True,0.07598039215686275,0.07598039215686274,0.030152929946780205,20.462,425,170,334,20,0.059880239520958084,0.15400000000000003,True,0.07368421052631578,0.049586776859504134,0.0,210.0000858306993,0.15999997558594123,75,person,0.2,0.1,weighted_crc,segformer_b2_cityscapes,cityscapes_val_half,210
,,,1.0,1000,False,0.0,0.0,1.0,0.66,1000,170,334,0,0.0,0.0,False,0.0,0.0,0.0,210.0000858306993,0.15999997558594123,75,person,0.05,0.5,weighted_crc,segformer_b2_cityscapes,cityscapes_val_half,210
,,,1.0,1000,False,0.0,0.0,1.0,0.66,1000,170,334,0,0.0,0.0,False,0.0,0.0,0.0,210.0000858306993,0.15999997558594123,75,person,0.1,0.5,weighted_crc,segformer_b2_cityscapes,cityscapes_val_half,210
,,,0.9992722201954631,523,True,0.06960784313725489,0.06960784313725489,0.04688926786184311,27.25,500,170,334,18,0.05389221556886228,0.10599999999999998,False,0.05263157894736842,0.06611570247933884,0.0,210.0000858306993,0.15999997558594123,75,person,0.2,0.5,weighted_crc,segformer_b2_cityscapes,cityscapes_val_half,210
,,,1.0,1000,False,0.0,0.0,1.0,0.944,1000,28,38,0,0.0,0.0,False,0.0,0.0,0.0,129.00002241134683,0.23668636916244154,75,rider,0.05,0.1,weighted_crc,segformer_b2_cityscapes,cityscapes_val_half,129
,,,1.0,1000,False,0.0,0.0,1.0,0.944,1000,28,38,0,0.0,0.0,False,0.0,0.0,0.0,129.00002241134683,0.23668636916244154,75,rider,0.1,0.1,weighted_crc,segformer_b2_cityscapes,cityscapes_val_half,129
,,,1.0,1000,False,0.0,0.0,1.0,0.944,1000,28,38,0,0.0,0.0,False,0.0,0.0,0.0,129.00002241134683,0.23668636916244154,75,rider,0.2,0.1,weighted_crc,segformer_b2_cityscapes,cityscapes_val_half,129
,,,1.0,1000,False,0.0,0.0,1.0,0.944,1000,28,38,0,0.0,0.0,False,0.0,0.0,0.0,129.00002241134683,0.23668636916244154,75,rider,0.05,0.5,weighted_crc,segformer_b2_cityscapes,cityscapes_val_half,129
,,,1.0,1000,False,0.0,0.0,1.0,0.944,1000,28,38,0,0.0,0.0,False,0.0,0.0,0.0,129.00002241134683,0.23668636916244154,75,rider,0.1,0.5,weighted_crc,segformer_b2_cityscapes,cityscapes_val_half,129
,,,1.0,1000,False,0.0,0.0,1.0,0.944,1000,28,38,0,0.0,0.0,False,0.0,0.0,0.0,129.00002241134683,0.23668636916244154,75,rider,0.2,0.5,weighted_crc,segformer_b2_cityscapes,cityscapes_val_half,129
,,,1.0,1000,False,0.0,0.0,1.0,0.834,1000,83,159,0,0.0,0.0,False,0.0,0.0,0.0,174.00010585786492,0.18691584120381832,75,bicycle,0.05,0.1,weighted_crc,segformer_b2_cityscapes,cityscapes_val_half,174
,,,1.0,1000,False,0.0,0.0,1.0,0.834,1000,83,159,0,0.0,0.0,False,0.0,0.0,0.0,174.00010585786492,0.18691584120381832,75,bicycle,0.1,0.1,weighted_crc,segformer_b2_cityscapes,cityscapes_val_half,174
,,,0.9999480004003467,714,True,0.06637980493402179,0.0663798049340218,0.05700810253620148,32.058,700,83,159,10,0.06289308176100629,0.05999999999999994,False,0.10344827586206896,0.017241379310344827,0.0,174.00010585786492,0.18691584120381832,75,bicycle,0.2,0.1,weighted_crc,segformer_b2_cityscapes,cityscapes_val_half,174
,,,1.0,1000,False,0.0,0.0,1.0,0.834,1000,83,159,0,0.0,0.0,False,0.0,0.0,0.0,174.00010585786492,0.18691584120381832,75,bicycle,0.05,0.5,weighted_crc,segformer_b2_cityscapes,cityscapes_val_half,174
,,,1.0,1000,False,0.0,0.0,1.0,0.834,1000,83,159,0,0.0,0.0,False,0.0,0.0,0.0,174.00010585786492,0.18691584120381832,75,bicycle,0.1,0.5,weighted_crc,segformer_b2_cityscapes,cityscapes_val_half,174
,,,0.9999720745615877,759,True,0.06878944348823866,0.06878944348823866,0.06944561749696732,36.622,750,83,159,11,0.06918238993710692,0.055999999999999994,False,0.11494252873563218,0.017241379310344827,0.0,174.00010585786492,0.18691584120381832,75,bicycle,0.2,0.5,weighted_crc,segformer_b2_cityscapes,cityscapes_val_half,174
,,,1.0,1000,False,0.0,0.0,1.0,0.66,1000,170,334,0,0.0,0.0,False,0.0,0.0,0.0,196.00009202958432,0.1694914952875162,76,person,0.05,0.1,weighted_crc,segformer_b2_cityscapes,cityscapes_val_half,196
,,,1.0,1000,False,0.0,0.0,1.0,0.66,1000,170,334,0,0.0,0.0,False,0.0,0.0,0.0,196.00009202958432,0.1694914952875162,76,person,0.1,0.1,weighted_crc,segformer_b2_cityscapes,cityscapes_val_half,196
,,,0.9993661302887431,533,True,0.051470588235294115,0.051470588235294115,0.04924607649445534,29.594,525,170,334,12,0.03592814371257485,0.09199999999999997,False,0.042105263157894736,0.03305785123966942,0.0,196.00009202958432,0.1694914952875162,76,person,0.2,0.1,weighted_crc,segformer_b2_cityscapes,cityscapes_val_half,196
,,,1.0,1000,False,0.0,0.0,1.0,0.66,1000,170,334,0,0.0,0.0,False,0.0,0.0,0.0,196.00009202958432,0.1694914952875162,76,person,0.05,0.5,weighted_crc,segformer_b2_cityscapes,cityscapes_val_half,196
,,,1.0,1000,False,0.0,0.0,1.0,0.66,1000,170,334,0,0.0,0.0,False,0.0,0.0,0.0,196.00009202958432,0.1694914952875162,76,person,0.1,0.5,weighted_crc,segformer_b2_cityscapes,cityscapes_val_half,196
,,,0.99977818035802,609,True,0.052941176470588235,0.052941176470588235,0.07023441046476364,36.194,600,170,334,13,0.038922155688622756,0.08800000000000002,False,0.03684210526315789,0.049586776859504134,0.0,196.00009202958432,0.1694914952875162,76,person,0.2,0.5,weighted_crc,segformer_b2_cityscapes,cityscapes_val_half,196
,,,1.0,1000,False,0.0,0.0,1.0,0.944,1000,28,38,0,0.0,0.0,False,0.0,0.0,0.0,125.00007629395695,0.24242418637727994,76,rider,0.05,0.1,weighted_crc,segformer_b2_cityscapes,cityscapes_val_half,125
,,,1.0,1000,False,0.0,0.0,1.0,0.944,1000,28,38,0,0.0,0.0,False,0.0,0.0,0.0,125.00007629395695,0.24242418637727994,76,rider,0.1,0.1,weighted_crc,segformer_b2_cityscapes,cityscapes_val_half,125
,,,1.0,1000,False,0.0,0.0,1.0,0.944,1000,28,38,0,0.0,0.0,False,0.0,0.0,0.0,125.00007629395695,0.24242418637727994,76,rider,0.2,0.1,weighted_crc,segformer_b2_cityscapes,cityscapes_val_half,125
,,,1.0,1000,False,0.0,0.0,1.0,0.944,1000,28,38,0,0.0,0.0,False,0.0,0.0,0.0,125.00007629395695,0.24242418637727994,76,rider,0.05,0.5,weighted_crc,segformer_b2_cityscapes,cityscapes_val_half,125
,,,1.0,1000,False,0.0,0.0,1.0,0.944,1000,28,38,0,0.0,0.0,False,0.0,0.0,0.0,125.00007629395695,0.24242418637727994,76,rider,0.1,0.5,weighted_crc,segformer_b2_cityscapes,cityscapes_val_half,125
,,,1.0,1000,False,0.0,0.0,1.0,0.944,1000,28,38,0,0.0,0.0,False,0.0,0.0,0.0,125.00007629395695,0.24242418637727994,76,rider,0.2,0.5,weighted_crc,segformer_b2_cityscapes,cityscapes_val_half,125
,,,1.0,1000,False,0.0,0.0,1.0,0.834,1000,83,159,0,0.0,0.0,False,0.0,0.0,0.0,171.00004196167205,0.1895734391516982,76,bicycle,0.05,0.1,weighted_crc,segformer_b2_cityscapes,cityscapes_val_half,171
,,,1.0,1000,False,0.0,0.0,1.0,0.834,1000,83,159,0,0.0,0.0,False,0.0,0.0,0.0,171.00004196167205,0.1895734391516982,76,bicycle,0.1,0.1,weighted_crc,segformer_b2_cityscapes,cityscapes_val_half,171
,,,0.9999411156344644,705,True,0.06637980493402179,0.0663798049340218,0.0547356940805912,32.058,700,83,159,10,0.06289308176100629,0.06999999999999995,False,0.10344827586206896,0.017241379310344827,0.0,171.00004196167205,0.1895734391516982,76,bicycle,0.2,0.1,weighted_crc,segformer_b2_cityscapes,cityscapes_val_half,171
,,,1.0,1000,False,0.0,0.0,1.0,0.834,1000,83,159,0,0.0,0.0,False,0.0,0.0,0.0,171.00004196167205,0.1895734391516982,76,bicycle,0.05,0.5,weighted_crc,segformer_b2_cityscapes,cityscapes_val_half,171
,,,1.0,1000,False,0.0,0.0,1.0,0.834,1000,83,159,0,0.0,0.0,False,0.0,0.0,0.0,171.00004196167205,0.1895734391516982,76,bicycle,0.1,0.5,weighted_crc,segformer_b2_cityscapes,cityscapes_val_half,171
,,,0.9999822989104168,792,True,0.06878944348823866,0.06878944348823866,0.07968772947788239,38.992,775,83,159,11,0.06918238993710692,0.07800000000000001,False,0.11494252873563218,0.017241379310344827,0.0,171.00004196167205,0.1895734391516982,76,bicycle,0.2,0.5,weighted_crc,segformer_b2_cityscapes,cityscapes_val_half,171
,,,1.0,1000,False,0.0,0.0,1.0,0.66,1000,170,334,0,0.0,0.0,False,0.0,0.0,0.0,195.0000834465132,0.17021273832723116,77,person,0.05,0.1,weighted_crc,segformer_b2_cityscapes,cityscapes_val_half,195
,,,1.0,1000,False,0.0,0.0,1.0,0.66,1000,170,334,0,0.0,0.0,False,0.0,0.0,0.0,195.0000834465132,0.17021273832723116,77,person,0.1,0.1,weighted_crc,segformer_b2_cityscapes,cityscapes_val_half,195
,,,0.9982380239535884,459,True,0.06519607843137254,0.06519607843137254,0.03377114608883858,22.656,450,170,334,16,0.04790419161676647,0.16000000000000003,True,0.05789473684210526,0.04132231404958678,0.0,195.0000834465132,0.17021273832723116,77,person,0.2,0.1,weighted_crc,segformer_b2_cityscapes,cityscapes_val_half,195
,,,1.0,1000,False,0.0,0.0,1.0,0.66,1000,170,334,0,0.0,0.0,False,0.0,0.0,0.0,195.0000834465132,0.17021273832723116,77,person,0.05,0.5,weighted_crc,segformer_b2_cityscapes,cityscapes_val_half,195
,,,1.0,1000,False,0.0,0.0,1.0,0.66,1000,170,334,0,0.0,0.0,False,0.0,0.0,0.0,195.0000834465132,0.17021273832723116,77,person,0.1,0.5,weighted_crc,segformer_b2_cityscapes,cityscapes_val_half,195
,,,0.999,500,True,0.07254901960784313,0.07254901960784313,0.04180328920483589,27.25,500,170,334,19,0.05688622754491018,0.15000000000000002,True,0.05263157894736842,0.0743801652892562,0.0,195.0000834465132,0.17021273832723116,77,person,0.2,0.5,weighted_crc,segformer_b2_cityscapes,cityscapes_val_half,195
,,,1.0,1000,False,0.0,0.0,1.0,0.944,1000,28,38,0,0.0,0.0,False,0.0,0.0,0.0,129.00002241134683,0.23668636916244154,77,rider,0.05,0.1,weighted_crc,segformer_b2_cityscapes,cityscapes_val_half,129
,,,1.0,1000,False,0.0,0.0,1.0,0.944,1000,28,38,0,0.0,0.0,False,0.0,0.0,0.0,129.00002241134683,0.23668636916244154,77,rider,0.1,0.1,weighted_crc,segformer_b2_cityscapes,cityscapes_val_half,129
,,,1.0,1000,False,0.0,0.0,1.0,0.944,1000,28,38,0,0.0,0.0,False,0.0,0.0,0.0,129.00002241134683,0.23668636916244154,77,rider,0.2,0.1,weighted_crc,segformer_b2_cityscapes,cityscapes_val_half,129
,,,1.0,1000,False,0.0,0.0,1.0,0.944,1000,28,38,0,0.0,0.0,False,0.0,0.0,0.0,129.00002241134683,0.23668636916244154,77,rider,0.05,0.5,weighted_crc,segformer_b2_cityscapes,cityscapes_val_half,129
,,,1.0,1000,False,0.0,0.0,1.0,0.944,1000,28,38,0,0.0,0.0,False,0.0,0.0,0.0,129.00002241134683,0.23668636916244154,77,rider,0.1,0.5,weighted_crc,segformer_b2_cityscapes,cityscapes_val_half,129
,,,1.0,1000,False,0.0,0.0,1.0,0.944,1000,28,38,0,0.0,0.0,False,0.0,0.0,0.0,129.00002241134683,0.23668636916244154,77,rider,0.2,0.5,weighted_crc,segformer_b2_cityscapes,cityscapes_val_half,129
,,,1.0,1000,False,0.0,0.0,1.0,0.834,1000,83,159,0,0.0,0.0,False,0.0,0.0,0.0,170.0000715255803,0.19047615587576805,77,bicycle,0.05,0.1,weighted_crc,segformer_b2_cityscapes,cityscapes_val_half,170
,,,1.0,1000,False,0.0,0.0,1.0,0.834,1000,83,159,0,0.0,0.0,False,0.0,0.0,0.0,170.0000715255803,0.19047615587576805,77,bicycle,0.1,0.1,weighted_crc,segformer_b2_cityscapes,cityscapes_val_half,170
,,,0.9999696610881581,753,True,0.06035570854847963,0.06035570854847963,0.06766963750123978,36.622,750,83,159,9,0.05660377358490566,0.07000000000000006,False,0.09195402298850575,0.017241379310344827,0.0,170.0000715255803,0.19047615587576805,77,bicycle,0.2,0.1,weighted_crc,segformer_b2_cityscapes,cityscapes_val_half,170
,,,1.0,1000,False,0.0,0.0,1.0,0.834,1000,83,159,0,0.0,0.0,False,0.0,0.0,0.0,170.0000715255803,0.19047615587576805,77,bicycle,0.05,0.5,weighted_crc,segformer_b2_cityscapes,cityscapes_val_half,170
,,,1.0,1000,False,0.0,0.0,1.0,0.834,1000,83,159,0,0.0,0.0,False,0.0,0.0,0.0,170.0000715255803,0.19047615587576805,77,bicycle,0.1,0.5,weighted_crc,segformer_b2_cityscapes,cityscapes_val_half,170
,,,0.9999839305874698,799,True,0.06477337923121056,0.06477337923121056,0.0819460079073906,38.992,775,83,159,10,0.06289308176100629,0.08200000000000002,False,0.10344827586206896,0.017241379310344827,0.0,170.0000715255803,0.19047615587576805,77,bicycle,0.2,0.5,weighted_crc,segformer_b2_cityscapes,cityscapes_val_half,170
,,,1.0,1000,False,0.0,0.0,1.0,0.66,1000,170,334,0,0.0,0.0,False,0.0,0.0,0.0,198.00009727479176,0.16806719187129857,78,person,0.05,0.1,weighted_crc,segformer_b2_cityscapes,cityscapes_val_half,198
,,,1.0,1000,False,0.0,0.0,1.0,0.66,1000,170,334,0,0.0,0.0,False,0.0,0.0,0.0,198.00009727479176,0.16806719187129857,78,person,0.1,0.1,weighted_crc,segformer_b2_cityscapes,cityscapes_val_half,198
,,,0.9987526164857571,484,True,0.06323529411764706,0.06323529411764706,0.03851815685629845,25.124,475,170,334,15,0.04491017964071856,0.134,True,0.05263157894736842,0.04132231404958678,0.0,198.00009727479176,0.16806719187129857,78,person,0.2,0.1,weighted_crc,segformer_b2_cityscapes,cityscapes_val_half,198
,,,1.0,1000,False,0.0,0.0,1.0,0.66,1000,170,334,0,0.0,0.0,False,0.0,0.0,0.0,198.00009727479176,0.16806719187129857,78,person,0.05,0.5,weighted_crc,segformer_b2_cityscapes,cityscapes_val_half,198
,,,1.0,1000,False,0.0,0.0,1.0,0.66,1000,170,334,0,0.0,0.0,False,0.0,0.0,0.0,198.00009727479176,0.16806719187129857,78,person,0.1,0.5,weighted_crc,segformer_b2_cityscapes,cityscapes_val_half,198
,,,0.9995450119398499,557,True,0.06470588235294118,0.06470588235294118,0.05527915805578232,31.994,550,170,334,16,0.04790419161676647,0.11399999999999999,False,0.04736842105263158,0.05785123966942149,0.0,198.00009727479176,0.16806719187129857,78,person,0.2,0.5,weighted_crc,segformer_b2_cityscapes,cityscapes_val_half,198
,,,1.0,1000,False,0.0,0.0,1.0,0.944,1000,28,38,0,0.0,0.0,False,0.0,0.0,0.0,124.00006771088545,0.24390238796509786,78,rider,0.05,0.1,weighted_crc,segformer_b2_cityscapes,cityscapes_val_half,124
,,,1.0,1000,False,0.0,0.0,1.0,0.944,1000,28,38,0,0.0,0.0,False,0.0,0.0,0.0,124.00006771088545,0.24390238796509786,78,rider,0.1,0.1,weighted_crc,segformer_b2_cityscapes,cityscapes_val_half,124
,,,1.0,1000,False,0.0,0.0,1.0,0.944,1000,28,38,0,0.0,0.0,False,0.0,0.0,0.0,124.00006771088545,0.24390238796509786,78,rider,0.2,0.1,weighted_crc,segformer_b2_cityscapes,cityscapes_val_half,124
,,,1.0,1000,False,0.0,0.0,1.0,0.944,1000,28,38,0,0.0,0.0,False,0.0,0.0,0.0,124.00006771088545,0.24390238796509786,78,rider,0.05,0.5,weighted_crc,segformer_b2_cityscapes,cityscapes_val_half,124
,,,1.0,1000,False,0.0,0.0,1.0,0.944,1000,28,38,0,0.0,0.0,False,0.0,0.0,0.0,124.00006771088545,0.24390238796509786,78,rider,0.1,0.5,weighted_crc,segformer_b2_cityscapes,cityscapes_val_half,124
,,,1.0,1000,False,0.0,0.0,1.0,0.944,1000,28,38,0,0.0,0.0,False,0.0,0.0,0.0,124.00006771088545,0.24390238796509786,78,rider,0.2,0.5,weighted_crc,segformer_b2_cityscapes,cityscapes_val_half,124
,,,1.0,1000,False,0.0,0.0,1.0,0.834,1000,83,159,0,0.0,0.0,False,0.0,0.0,0.0,171.00004196167205,0.1895734391516982,78,bicycle,0.05,0.1,weighted_crc,segformer_b2_cityscapes,cityscapes_val_half,171
,,,1.0,1000,False,0.0,0.0,1.0,0.834,1000,83,159,0,0.0,0.0,False,0.0,0.0,0.0,171.00004196167205,0.1895734391516982,78,bicycle,0.1,0.1,weighted_crc,segformer_b2_cityscapes,cityscapes_val_half,171
,,,0.999970077353634,754,True,0.06035570854847963,0.06035570854847963,0.06795880198478699,36.622,750,83,159,9,0.05660377358490566,0.07200000000000001,False,0.09195402298850575,0.017241379310344827,0.0,171.00004196167205,0.1895734391516982,78,bicycle,0.2,0.1,weighted_crc,segformer_b2_cityscapes,cityscapes_val_half,171
,,,1.0,1000,False,0.0,0.0,1.0,0.834,1000,83,159,0,0.0,0.0,False,0.0,0.0,0.0,171.00004196167205,0.1895734391516982,78,bicycle,0.05,0.5,weighted_crc,segformer_b2_cityscapes,cityscapes_val_half,171
,,,1.0,1000,False,0.0,0.0,1.0,0.834,1000,83,159,0,0.0,0.0,False,0.0,0.0,0.0,171.00004196167205,0.1895734391516982,78,bicycle,0.1,0.5,weighted_crc,segformer_b2_cityscapes,cityscapes_val_half,171
,,,0.9999856120142174,807,True,0.06305220883534135,0.06305220883534136,0.08459604531526566,40.838,800,83,159,9,0.05660377358490566,0.10599999999999998,False,0.09195402298850575,0.017241379310344827,0.0,171.00004196167205,0.1895734391516982,78,bicycle,0.2,0.5,weighted_crc,segformer_b2_cityscapes,cityscapes_val_half,171
,,,1.0,1000,False,0.0,0.0,1.0,0.66,1000,170,334,0,0.0,0.0,False,0.0,0.0,0.0,207.0000982284679,0.1619432898252004,79,person,0.05,0.1,weighted_crc,segformer_b2_cityscapes,cityscapes_val_half,207
,,,1.0,1000,False,0.0,0.0,1.0,0.66,1000,170,334,0,0.0,0.0,False,0.0,0.0,0.0,207.0000982284679,0.1619432898252004,79,person,0.1,0.1,weighted_crc,segformer_b2_cityscapes,cityscapes_val_half,207
,,,0.997644950716104,438,True,0.07598039215686275,0.07598039215686274,0.030152929946780205,20.462,425,170,334,20,0.059880239520958084,0.15800000000000003,True,0.07368421052631578,0.049586776859504134,0.0,207.0000982284679,0.1619432898252004,79,person,0.2,0.1,weighted_crc,segformer_b2_cityscapes,cityscapes_val_half,207
,,,1.0,1000,False,0.0,0.0,1.0,0.66,1000,170,334,0,0.0,0.0,False,0.0,0.0,0.0,207.0000982284679,0.1619432898252004,79,person,0.05,0.5,weighted_crc,segformer_b2_cityscapes,cityscapes_val_half,207
,,,1.0,1000,False,0.0,0.0,1.0,0.66,1000,170,334,0,0.0,0.0,False,0.0,0.0,0.0,207.0000982284679,0.1619432898252004,79,person,0.1,0.5,weighted_crc,segformer_b2_cityscapes,cityscapes_val_half,207
,,,0.9989576825706067,497,True,0.0784313725490196,0.0784313725490196,0.04117649793624878,25.124,475,170,334,21,0.06287425149700598,0.13,True,0.06315789473684211,0.0743801652892562,0.0,207.0000982284679,0.1619432898252004,79,person,0.2,0.5,weighted_crc,segformer_b2_cityscapes,cityscapes_val_half,207
,,,1.0,1000,False,0.0,0.0,1.0,0.944,1000,28,38,0,0.0,0.0,False,0.0,0.0,0.0,119.00009393694123,0.25157225763378593,79,rider,0.05,0.1,weighted_crc,segformer_b2_cityscapes,cityscapes_val_half,119
,,,1.0,1000,False,0.0,0.0,1.0,0.944,1000,28,38,0,0.0,0.0,False,0.0,0.0,0.0,119.00009393694123,0.25157225763378593,79,rider,0.1,0.1,weighted_crc,segformer_b2_cityscapes,cityscapes_val_half,119
,,,1.0,1000,False,0.0,0.0,1.0,0.944,1000,28,38,0,0.0,0.0,False,0.0,0.0,0.0,119.00009393694123,0.25157225763378593,79,rider,0.2,0.1,weighted_crc,segformer_b2_cityscapes,cityscapes_val_half,119
,,,1.0,1000,False,0.0,0.0,1.0,0.944,1000,28,38,0,0.0,0.0,False,0.0,0.0,0.0,119.00009393694123,0.25157225763378593,79,rider,0.05,0.5,weighted_crc,segformer_b2_cityscapes,cityscapes_val_half,119
,,,1.0,1000,False,0.0,0.0,1.0,0.944,1000,28,38,0,0.0,0.0,False,0.0,0.0,0.0,119.00009393694123,0.25157225763378593,79,rider,0.1,0.5,weighted_crc,segformer_b2_cityscapes,cityscapes_val_half,119
,,,1.0,1000,False,0.0,0.0,1.0,0.944,1000,28,38,0,0.0,0.0,False,0.0,0.0,0.0,119.00009393694123,0.25157225763378593,79,rider,0.2,0.5,weighted_crc,segformer_b2_cityscapes,cityscapes_val_half,119
,,,1.0,1000,False,0.0,0.0,1.0,0.834,1000,83,159,0,0.0,0.0,False,0.0,0.0,0.0,165.00007867814105,0.1951219149106812,79,bicycle,0.05,0.1,weighted_crc,segformer_b2_cityscapes,cityscapes_val_half,165
,,,1.0,1000,False,0.0,0.0,1.0,0.834,1000,83,159,0,0.0,0.0,False,0.0,0.0,0.0,165.00007867814105,0.1951219149106812,79,bicycle,0.1,0.1,weighted_crc,segformer_b2_cityscapes,cityscapes_val_half,165
,,,0.999970077353634,754,True,0.06035570854847963,0.06035570854847963,0.06795880198478699,36.622,750,83,159,9,0.05660377358490566,0.06,False,0.09195402298850575,0.017241379310344827,0.0,165.00007867814105,0.1951219149106812,79,bicycle,0.2,0.1,weighted_crc,segformer_b2_cityscapes,cityscapes_val_half,165
,,,1.0,1000,False,0.0,0.0,1.0,0.834,1000,83,159,0,0.0,0.0,False,0.0,0.0,0.0,165.00007867814105,0.1951219149106812,79,bicycle,0.05,0.5,weighted_crc,segformer_b2_cityscapes,cityscapes_val_half,165
,,,1.0,1000,False,0.0,0.0,1.0,0.834,1000,83,159,0,0.0,0.0,False,0.0,0.0,0.0,165.00007867814105,0.1951219149106812,79,bicycle,0.1,0.5,weighted_crc,segformer_b2_cityscapes,cityscapes_val_half,165
,,,0.9999884654674218,823,True,0.06305220883534135,0.06305220883534136,0.09012430161237717,40.838,800,83,159,9,0.05660377358490566,0.11599999999999999,False,0.09195402298850575,0.017241379310344827,0.0,165.00007867814105,0.1951219149106812,79,bicycle,0.2,0.5,weighted_crc,segformer_b2_cityscapes,cityscapes_val_half,165
,,,1.0,1000,False,0.0,0.0,1.0,0.66,1000,170,334,0,0.0,0.0,False,0.0,0.0,0.0,199.00010585786293,0.16736397933807196,80,person,0.05,0.1,weighted_crc,segformer_b2_cityscapes,cityscapes_val_half,199
,,,1.0,1000,False,0.0,0.0,1.0,0.66,1000,170,334,0,0.0,0.0,False,0.0,0.0,0.0,199.00010585786293,0.16736397933807196,80,person,0.1,0.1,weighted_crc,segformer_b2_cityscapes,cityscapes_val_half,199
,,,0.9990537628386342,504,True,0.057352941176470586,0.057352941176470586,0.04265260696411133,27.25,500,170,334,13,0.038922155688622756,0.15000000000000002,True,0.04736842105263158,0.03305785123966942,0.0,199.00010585786293,0.16736397933807196,80,person,0.2,0.1,weighted_crc,segformer_b2_cityscapes,cityscapes_val_half,199
,,,1.0,1000,False,0.0,0.0,1.0,0.66,1000,170,334,0,0.0,0.0,False,0.0,0.0,0.0,199.00010585786293,0.16736397933807196,80,person,0.05,0.5,weighted_crc,segformer_b2_cityscapes,cityscapes_val_half,199
,,,1.0,1000,False,0.0,0.0,1.0,0.66,1000,170,334,0,0.0,0.0,False,0.0,0.0,0.0,199.00010585786293,0.16736397933807196,80,person,0.1,0.5,weighted_crc,segformer_b2_cityscapes,cityscapes_val_half,199
,,,0.9997035168610475,588,True,0.061764705882352944,0.061764705882352944,0.06389112025499344,34.07,575,170,334,15,0.04491017964071856,0.1100000000000001,False,0.042105263157894736,0.05785123966942149,0.0,199.00010585786293,0.16736397933807196,80,person,0.2,0.5,weighted_crc,segformer_b2_cityscapes,cityscapes_val_half,199
,,,1.0,1000,False,0.0,0.0,1.0,0.944,1000,28,38,0,0.0,0.0,False,0.0,0.0,0.0,136.00001335144043,0.22727271003171562,80,rider,0.05,0.1,weighted_crc,segformer_b2_cityscapes,cityscapes_val_half,136
,,,1.0,1000,False,0.0,0.0,1.0,0.944,1000,28,38,0,0.0,0.0,False,0.0,0.0,0.0,136.00001335144043,0.22727271003171562,80,rider,0.1,0.1,weighted_crc,segformer_b2_cityscapes,cityscapes_val_half,136
,,,1.0,1000,False,0.0,0.0,1.0,0.944,1000,28,38,0,0.0,0.0,False,0.0,0.0,0.0,136.00001335144043,0.22727271003171562,80,rider,0.2,0.1,weighted_crc,segformer_b2_cityscapes,cityscapes_val_half,136
,,,1.0,1000,False,0.0,0.0,1.0,0.944,1000,28,38,0,0.0,0.0,False,0.0,0.0,0.0,136.00001335144043,0.22727271003171562,80,rider,0.05,0.5,weighted_crc,segformer_b2_cityscapes,cityscapes_val_half,136
,,,1.0,1000,False,0.0,0.0,1.0,0.944,1000,28,38,0,0.0,0.0,False,0.0,0.0,0.0,136.00001335144043,0.22727271003171562,80,rider,0.1,0.5,weighted_crc,segformer_b2_cityscapes,cityscapes_val_half,136
,,,1.0,1000,False,0.0,0.0,1.0,0.944,1000,28,38,0,0.0,0.0,False,0.0,0.0,0.0,136.00001335144043,0.22727271003171562,80,rider,0.2,0.5,weighted_crc,segformer_b2_cityscapes,cityscapes_val_half,136
,,,1.0,1000,False,0.0,0.0,1.0,0.834,1000,83,159,0,0.0,0.0,False,0.0,0.0,0.0,182.0000982284697,0.1801801430270613,80,bicycle,0.05,0.1,weighted_crc,segformer_b2_cityscapes,cityscapes_val_half,182
,,,1.0,1000,False,0.0,0.0,1.0,0.834,1000,83,159,0,0.0,0.0,False,0.0,0.0,0.0,182.0000982284697,0.1801801430270613,80,bicycle,0.1,0.1,weighted_crc,segformer_b2_cityscapes,cityscapes_val_half,182
,,,0.9997871860954017,612,True,0.10694205393000575,0.10694205393000572,0.03481293469667435,24.196,600,83,159,16,0.10062893081761007,0.16800000000000004,True,0.16091954022988506,0.034482758620689655,0.0,182.0000982284697,0.1801801430270613,80,bicycle,0.2,0.1,weighted_crc,segformer_b2_cityscapes,cityscapes_val_half,182
,,,1.0,1000,False,0.0,0.0,1.0,0.834,1000,83,159,0,0.0,0.0,False,0.0,0.0,0.0,182.0000982284697,0.1801801430270613,80,bicycle,0.05,0.5,weighted_crc,segformer_b2_cityscapes,cityscapes_val_half,182
,,,1.0,1000,False,0.0,0.0,1.0,0.834,1000,83,159,0,0.0,0.0,False,0.0,0.0,0.0,182.0000982284697,0.1801801430270613,80,bicycle,0.1,0.5,weighted_crc,segformer_b2_cityscapes,cityscapes_val_half,182
,,,0.9999058110403477,671,True,0.11176133103843947,0.11176133103843947,0.046706460416316986,27.768,650,83,159,18,0.11320754716981132,0.11199999999999999,False,0.1724137931034483,0.05172413793103448,0.0,182.0000982284697,0.1801801430270613,80,bicycle,0.2,0.5,weighted_crc,segformer_b2_cityscapes,cityscapes_val_half,182
,,,1.0,1000,False,0.0,0.0,1.0,0.66,1000,170,334,0,0.0,0.0,False,0.0,0.0,0.0,204.00011062623676,0.16393439034819268,81,person,0.05,0.1,weighted_crc,segformer_b2_cityscapes,cityscapes_val_half,204
,,,1.0,1000,False,0.0,0.0,1.0,0.66,1000,170,334,0,0.0,0.0,False,0.0,0.0,0.0,204.00011062623676,0.16393439034819268,81,person,0.1,0.1,weighted_crc,segformer_b2_cityscapes,cityscapes_val_half,204
,,,0.9988984606904586,493,True,0.06323529411764706,0.06323529411764706,0.040334202349185944,25.124,475,170,334,15,0.04491017964071856,0.11399999999999999,False,0.05263157894736842,0.04132231404958678,0.0,204.00011062623676,0.16393439034819268,81,person,0.2,0.1,weighted_crc,segformer_b2_cityscapes,cityscapes_val_half,204
,,,1.0,1000,False,0.0,0.0,1.0,0.66,1000,170,334,0,0.0,0.0,False,0.0,0.0,0.0,204.00011062623676,0.16393439034819268,81,person,0.05,0.5,weighted_crc,segformer_b2_cityscapes,cityscapes_val_half,204
,,,1.0,1000,False,0.0,0.0,1.0,0.66,1000,170,334,0,0.0,0.0,False,0.0,0.0,0.0,204.00011062623676,0.16393439034819268,81,person,0.1,0.5,weighted_crc,segformer_b2_cityscapes,cityscapes_val_half,204
,,,0.9996548562606642,577,True,0.061764705882352944,0.061764705882352944,0.06073551997542381,34.07,575,170,334,15,0.04491017964071856,0.08999999999999997,False,0.042105263157894736,0.05785123966942149,0.0,204.00011062623676,0.16393439034819268,81,person,0.2,0.5,weighted_crc,segformer_b2_cityscapes,cityscapes_val_half,204
,,,1.0,1000,False,0.0,0.0,1.0,0.944,1000,28,38,0,0.0,0.0,False,0.0,0.0,0.0,128.00003290176502,0.23809520836049838,81,rider,0.05,0.1,weighted_crc,segformer_b2_cityscapes,cityscapes_val_half,128
,,,1.0,1000,False,0.0,0.0,1.0,0.944,1000,28,38,0,0.0,0.0,False,0.0,0.0,0.0,128.00003290176502,0.23809520836049838,81,rider,0.1,0.1,weighted_crc,segformer_b2_cityscapes,cityscapes_val_half,128
,,,1.0,1000,False,0.0,0.0,1.0,0.944,1000,28,38,0,0.0,0.0,False,0.0,0.0,0.0,128.00003290176502,0.23809520836049838,81,rider,0.2,0.1,weighted_crc,segformer_b2_cityscapes,cityscapes_val_half,128
,,,1.0,1000,False,0.0,0.0,1.0,0.944,1000,28,38,0,0.0,0.0,False,0.0,0.0,0.0,128.00003290176502,0.23809520836049838,81,rider,0.05,0.5,weighted_crc,segformer_b2_cityscapes,cityscapes_val_half,128
,,,1.0,1000,False,0.0,0.0,1.0,0.944,1000,28,38,0,0.0,0.0,False,0.0,0.0,0.0,128.00003290176502,0.23809520836049838,81,rider,0.1,0.5,weighted_crc,segformer_b2_cityscapes,cityscapes_val_half,128
,,,1.0,1000,False,0.0,0.0,1.0,0.944,1000,28,38,0,0.0,0.0,False,0.0,0.0,0.0,128.00003290176502,0.23809520836049838,81,rider,0.2,0.5,weighted_crc,segformer_b2_cityscapes,cityscapes_val_half,128
,,,1.0,1000,False,0.0,0.0,1.0,0.834,1000,83,159,0,0.0,0.0,False,0.0,0.0,0.0,178.00006389618545,0.18348621284607874,81,bicycle,0.05,0.1,weighted_crc,segformer_b2_cityscapes,cityscapes_val_half,178
,,,1.0,1000,False,0.0,0.0,1.0,0.834,1000,83,159,0,0.0,0.0,False,0.0,0.0,0.0,178.00006389618545,0.18348621284607874,81,bicycle,0.1,0.1,weighted_crc,segformer_b2_cityscapes,cityscapes_val_half,178
,,,0.9998903521803857,660,True,0.08244406196213425,0.08244406196213425,0.04430859535932541,27.768,650,83,159,12,0.07547169811320754,0.09399999999999997,False,0.12643678160919541,0.017241379310344827,0.0,178.00006389618545,0.18348621284607874,81,bicycle,0.2,0.1,weighted_crc,segformer_b2_cityscapes,cityscapes_val_half,178
,,,1.0,1000,False,0.0,0.0,1.0,0.834,1000,83,159,0,0.0,0.0,False,0.0,0.0,0.0,178.00006389618545,0.18348621284607874,81,bicycle,0.05,0.5,weighted_crc,segformer_b2_cityscapes,cityscapes_val_half,178
,,,1.0,1000,False,0.0,0.0,1.0,0.834,1000,83,159,0,0.0,0.0,False,0.0,0.0,0.0,178.00006389618545,0.18348621284607874,81,bicycle,0.1,0.5,weighted_crc,segformer_b2_cityscapes,cityscapes_val_half,178
,,,0.9999571451479603,728,True,0.07682157200229489,0.07682157200229488,0.060706738382577896,34.528,725,83,159,13,0.08176100628930817,0.04799999999999999,False,0.13793103448275862,0.017241379310344827,0.0,178.00006389618545,0.18348621284607874,81,bicycle,0.2,0.5,weighted_crc,segformer_b2_cityscapes,cityscapes_val_half,178
,,,1.0,1000,False,0.0,0.0,1.0,0.66,1000,170,334,0,0.0,0.0,False,0.0,0.0,0.0,202.00009346009426,0.1652892249324783,82,person,0.05,0.1,weighted_crc,segformer_b2_cityscapes,cityscapes_val_half,202
,,,1.0,1000,False,0.0,0.0,1.0,0.66,1000,170,334,0,0.0,0.0,False,0.0,0.0,0.0,202.00009346009426,0.1652892249324783,82,person,0.1,0.1,weighted_crc,segformer_b2_cityscapes,cityscapes_val_half,202
,,,0.9986068431970547,476,True,0.06323529411764706,0.06323529411764706,0.03694397956132889,25.124,475,170,334,15,0.04491017964071856,0.118,False,0.05263157894736842,0.04132231404958678,0.0,202.00009346009426,0.1652892249324783,82,person,0.2,0.1,weighted_crc,segformer_b2_cityscapes,cityscapes_val_half,202
,,,1.0,1000,False,0.0,0.0,1.0,0.66,1000,170,334,0,0.0,0.0,False,0.0,0.0,0.0,202.00009346009426,0.1652892249324783,82,person,0.05,0.5,weighted_crc,segformer_b2_cityscapes,cityscapes_val_half,202
,,,1.0,1000,False,0.0,0.0,1.0,0.66,1000,170,334,0,0.0,0.0,False,0.0,0.0,0.0,202.00009346009426,0.1652892249324783,82,person,0.1,0.5,weighted_crc,segformer_b2_cityscapes,cityscapes_val_half,202
,,,0.9996037219657445,567,True,0.061764705882352944,0.061764705882352944,0.05795636773109436,31.994,550,170,334,15,0.04491017964071856,0.09199999999999997,False,0.042105263157894736,0.05785123966942149,0.0,202.00009346009426,0.1652892249324783,82,person,0.2,0.5,weighted_crc,segformer_b2_cityscapes,cityscapes_val_half,202
,,,1.0,1000,False,0.0,0.0,1.0,0.944,1000,28,38,0,0.0,0.0,False,0.0,0.0,0.0,139.00002002716082,0.2234636681017599,82,rider,0.05,0.1,weighted_crc,segformer_b2_cityscapes,cityscapes_val_half,139
,,,1.0,1000,False,0.0,0.0,1.0,0.944,1000,28,38,0,0.0,0.0,False,0.0,0.0,0.0,139.00002002716082,0.2234636681017599,82,rider,0.1,0.1,weighted_crc,segformer_b2_cityscapes,cityscapes_val_half,139
,,,1.0,1000,False,0.0,0.0,1.0,0.944,1000,28,38,0,0.0,0.0,False,0.0,0.0,0.0,139.00002002716082,0.2234636681017599,82,rider,0.2,0.1,weighted_crc,segformer_b2_cityscapes,cityscapes_val_half,139
,,,1.0,1000,False,0.0,0.0,1.0,0.944,1000,28,38,0,0.0,0.0,False,0.0,0.0,0.0,139.00002002716082,0.2234636681017599,82,rider,0.05,0.5,weighted_crc,segformer_b2_cityscapes,cityscapes_val_half,139
,,,1.0,1000,False,0.0,0.0,1.0,0.944,1000,28,38,0,0.0,0.0,False,0.0,0.0,0.0,139.00002002716082,0.2234636681017599,82,rider,0.1,0.5,weighted_crc,segformer_b2_cityscapes,cityscapes_val_half,139
,,,1.0,1000,False,0.0,0.0,1.0,0.944,1000,28,38,0,0.0,0.0,False,0.0,0.0,0.0,139.00002002716082,0.2234636681017599,82,rider,0.2,0.5,weighted_crc,segformer_b2_cityscapes,cityscapes_val_half,139
,,,1.0,1000,False,0.0,0.0,1.0,0.834,1000,83,159,0,0.0,0.0,False,0.0,0.0,0.0,179.00007247925618,0.1826483731929943,82,bicycle,0.05,0.1,weighted_crc,segformer_b2_cityscapes,cityscapes_val_half,179
,,,1.0,1000,False,0.0,0.0,1.0,0.834,1000,83,159,0,0.0,0.0,False,0.0,0.0,0.0,179.00007247925618,0.1826483731929943,82,bicycle,0.1,0.1,weighted_crc,segformer_b2_cityscapes,cityscapes_val_half,179
,,,0.9999223752883372,685,True,0.07039586919104991,0.07039586919104991,0.04989626258611679,29.932,675,83,159,11,0.06918238993710692,0.07999999999999996,False,0.11494252873563218,0.017241379310344827,0.0,179.00007247925618,0.1826483731929943,82,bicycle,0.2,0.1,weighted_crc,segformer_b2_cityscapes,cityscapes_val_half,179
,,,1.0,1000,False,0.0,0.0,1.0,0.834,1000,83,159,0,0.0,0.0,False,0.0,0.0,0.0,179.00007247925618,0.1826483731929943,82,bicycle,0.05,0.5,weighted_crc,segformer_b2_cityscapes,cityscapes_val_half,179
,,,1.0,1000,False,0.0,0.0,1.0,0.834,1000,83,159,0,0.0,0.0,False,0.0,0.0,0.0,179.00007247925618,0.1826483731929943,82,bicycle,0.1,0.5,weighted_crc,segformer_b2_cityscapes,cityscapes_val_half,179
,,,0.9999712921941798,757,True,0.06878944348823866,0.06878944348823866,0.06886369735002518,36.622,750,83,159,11,0.06918238993710692,0.07400000000000001,False,0.11494252873563218,0.017241379310344827,0.0,179.00007247925618,0.1826483731929943,82,bicycle,0.2,0.5,weighted_crc,segformer_b2_cityscapes,cityscapes_val_half,179
,,,1.0,1000,False,0.0,0.0,1.0,0.66,1000,170,334,0,0.0,0.0,False,0.0,0.0,0.0,214.0001201629847,0.1574802818489984,83,person,0.05,0.1,weighted_crc,segformer_b2_cityscapes,cityscapes_val_half,214
,,,1.0,1000,False,0.0,0.0,1.0,0.66,1000,170,334,0,0.0,0.0,False,0.0,0.0,0.0,214.0001201629847,0.1574802818489984,83,person,0.1,0.1,weighted_crc,segformer_b2_cityscapes,cityscapes_val_half,214
,,,0.9982380239535884,459,True,0.06519607843137254,0.06519607843137254,0.03377114608883858,22.656,450,170,334,16,0.04790419161676647,0.15600000000000003,True,0.05789473684210526,0.04132231404958678,0.0,214.0001201629847,0.1574802818489984,83,person,0.2,0.1,weighted_crc,segformer_b2_cityscapes,cityscapes_val_half,214
,,,1.0,1000,False,0.0,0.0,1.0,0.66,1000,170,334,0,0.0,0.0,False,0.0,0.0,0.0,214.0001201629847,0.1574802818489984,83,person,0.05,0.5,weighted_crc,segformer_b2_cityscapes,cityscapes_val_half,214
,,,1.0,1000,False,0.0,0.0,1.0,0.66,1000,170,334,0,0.0,0.0,False,0.0,0.0,0.0,214.0001201629847,0.1574802818489984,83,person,0.1,0.5,weighted_crc,segformer_b2_cityscapes,cityscapes_val_half,214
,,,0.9992620957698709,522,True,0.06960784313725489,0.06960784313725489,0.04666009172797203,27.25,500,170,334,18,0.05389221556886228,0.134,True,0.05263157894736842,0.06611570247933884,0.0,214.0001201629847,0.1574802818489984,83,person,0.2,0.5,weighted_crc,segformer_b2_cityscapes,cityscapes_val_half,214
,,,1.0,1000,False,0.0,0.0,1.0,0.944,1000,28,38,0,0.0,0.0,False,0.0,0.0,0.0,126.00008487702878,0.24096379451058308,83,rider,0.05,0.1,weighted_crc,segformer_b2_cityscapes,cityscapes_val_half,126
,,,1.0,1000,False,0.0,0.0,1.0,0.944,1000,28,38,0,0.0,0.0,False,0.0,0.0,0.0,126.00008487702878,0.24096379451058308,83,rider,0.1,0.1,weighted_crc,segformer_b2_cityscapes,cityscapes_val_half,126
,,,1.0,1000,False,0.0,0.0,1.0,0.944,1000,28,38,0,0.0,0.0,False,0.0,0.0,0.0,126.00008487702878,0.24096379451058308,83,rider,0.2,0.1,weighted_crc,segformer_b2_cityscapes,cityscapes_val_half,126
,,,1.0,1000,False,0.0,0.0,1.0,0.944,1000,28,38,0,0.0,0.0,False,0.0,0.0,0.0,126.00008487702878,0.24096379451058308,83,rider,0.05,0.5,weighted_crc,segformer_b2_cityscapes,cityscapes_val_half,126
,,,1.0,1000,False,0.0,0.0,1.0,0.944,1000,28,38,0,0.0,0.0,False,0.0,0.0,0.0,126.00008487702878,0.24096379451058308,83,rider,0.1,0.5,weighted_crc,segformer_b2_cityscapes,cityscapes_val_half,126
,,,1.0,1000,False,0.0,0.0,1.0,0.944,1000,28,38,0,0.0,0.0,False,0.0,0.0,0.0,126.00008487702878,0.24096379451058308,83,rider,0.2,0.5,weighted_crc,segformer_b2_cityscapes,cityscapes_val_half,126
,,,1.0,1000,False,0.0,0.0,1.0,0.834,1000,83,159,0,0.0,0.0,False,0.0,0.0,0.0,174.00010585786492,0.18691584120381832,83,bicycle,0.05,0.1,weighted_crc,segformer_b2_cityscapes,cityscapes_val_half,174
,,,1.0,1000,False,0.0,0.0,1.0,0.834,1000,83,159,0,0.0,0.0,False,0.0,0.0,0.0,174.00010585786492,0.18691584120381832,83,bicycle,0.1,0.1,weighted_crc,segformer_b2_cityscapes,cityscapes_val_half,174
,,,0.9999223752883372,685,True,0.07039586919104991,0.07039586919104991,0.04989626258611679,29.932,675,83,159,11,0.06918238993710692,0.10399999999999998,False,0.11494252873563218,0.017241379310344827,0.0,174.00010585786492,0.18691584120381832,83,bicycle,0.2,0.1,weighted_crc,segformer_b2_cityscapes,cityscapes_val_half,174
,,,1.0,1000,False,0.0,0.0,1.0,0.834,1000,83,159,0,0.0,0.0,False,0.0,0.0,0.0,174.00010585786492,0.18691584120381832,83,bicycle,0.05,0.5,weighted_crc,segformer_b2_cityscapes,cityscapes_val_half,174
,,,1.0,1000,False,0.0,0.0,1.0,0.834,1000,83,159,0,0.0,0.0,False,0.0,0.0,0.0,174.00010585786492,0.18691584120381832,83,bicycle,0.1,0.5,weighted_crc,segformer_b2_cityscapes,cityscapes_val_half,174
,,,0.9999799552797264,783,True,0.06878944348823866,0.06878944348823866,0.0767565593123436,38.992,775,83,159,11,0.06918238993710692,0.045999999999999985,False,0.11494252873563218,0.017241379310344827,0.0,174.00010585786492,0.18691584120381832,83,bicycle,0.2,0.5,weighted_crc,segformer_b2_cityscapes,cityscapes_val_half,174
,,,1.0,1000,False,0.0,0.0,1.0,0.66,1000,170,334,0,0.0,0.0,False,0.0,0.0,0.0,203.00006389618468,0.16460903282523037,84,person,0.05,0.1,weighted_crc,segformer_b2_cityscapes,cityscapes_val_half,203
,,,1.0,1000,False,0.0,0.0,1.0,0.66,1000,170,334,0,0.0,0.0,False,0.0,0.0,0.0,203.00006389618468,0.16460903282523037,84,person,0.1,0.1,weighted_crc,segformer_b2_cityscapes,cityscapes_val_half,203
,,,0.9988984606904586,493,True,0.06323529411764706,0.06323529411764706,0.040334202349185944,25.124,475,170,334,15,0.04491017964071856,0.11199999999999999,False,0.05263157894736842,0.04132231404958678,0.0,203.00006389618468,0.16460903282523037,84,person,0.2,0.1,weighted_crc,segformer_b2_cityscapes,cityscapes_val_half,203
,,,1.0,1000,False,0.0,0.0,1.0,0.66,1000,170,334,0,0.0,0.0,False,0.0,0.0,0.0,203.00006389618468,0.16460903282523037,84,person,0.05,0.5,weighted_crc,segformer_b2_cityscapes,cityscapes_val_half,203
,,,1.0,1000,False,0.0,0.0,1.0,0.66,1000,170,334,0,0.0,0.0,False,0.0,0.0,0.0,203.00006389618468,0.16460903282523037,84,person,0.1,0.5,weighted_crc,segformer_b2_cityscapes,cityscapes_val_half,203
,,,0.9996548562606642,577,True,0.061764705882352944,0.061764705882352944,0.06073551997542381,34.07,575,170,334,15,0.04491017964071856,0.08600000000000008,False,0.042105263157894736,0.05785123966942149,0.0,203.00006389618468,0.16460903282523037,84,person,0.2,0.5,weighted_crc,segformer_b2_cityscapes,cityscapes_val_half,203
,,,1.0,1000,False,0.0,0.0,1.0,0.944,1000,28,38,0,0.0,0.0,False,0.0,0.0,0.0,120.00003337860278,0.24999997019768117,84,rider,0.05,0.1,weighted_crc,segformer_b2_cityscapes,cityscapes_val_half,120
,,,1.0,1000,False,0.0,0.0,1.0,0.944,1000,28,38,0,0.0,0.0,False,0.0,0.0,0.0,120.00003337860278,0.24999997019768117,84,rider,0.1,0.1,weighted_crc,segformer_b2_cityscapes,cityscapes_val_half,120
,,,1.0,1000,False,0.0,0.0,1.0,0.944,1000,28,38,0,0.0,0.0,False,0.0,0.0,0.0,120.00003337860278,0.24999997019768117,84,rider,0.2,0.1,weighted_crc,segformer_b2_cityscapes,cityscapes_val_half,120
,,,1.0,1000,False,0.0,0.0,1.0,0.944,1000,28,38,0,0.0,0.0,False,0.0,0.0,0.0,120.00003337860278,0.24999997019768117,84,rider,0.05,0.5,weighted_crc,segformer_b2_cityscapes,cityscapes_val_half,120
,,,1.0,1000,False,0.0,0.0,1.0,0.944,1000,28,38,0,0.0,0.0,False,0.0,0.0,0.0,120.00003337860278,0.24999997019768117,84,rider,0.1,0.5,weighted_crc,segformer_b2_cityscapes,cityscapes_val_half,120
,,,1.0,1000,False,0.0,0.0,1.0,0.944,1000,28,38,0,0.0,0.0,False,0.0,0.0,0.0,120.00003337860278,0.24999997019768117,84,rider,0.2,0.5,weighted_crc,segformer_b2_cityscapes,cityscapes_val_half,120
,,,1.0,1000,False,0.0,0.0,1.0,0.834,1000,83,159,0,0.0,0.0,False,0.0,0.0,0.0,170.0000715255803,0.19047615587576805,84,bicycle,0.05,0.1,weighted_crc,segformer_b2_cityscapes,cityscapes_val_half,170
,,,1.0,1000,False,0.0,0.0,1.0,0.834,1000,83,159,0,0.0,0.0,False,0.0,0.0,0.0,170.0000715255803,0.19047615587576805,84,bicycle,0.1,0.1,weighted_crc,segformer_b2_cityscapes,cityscapes_val_half,170
,,,0.9999791070386914,780,True,0.05461847389558233,0.05461847389558233,0.07582885771989822,38.992,775,83,159,7,0.0440251572327044,0.09400000000000003,False,0.06896551724137931,0.017241379310344827,0.0,170.0000715255803,0.19047615587576805,84,bicycle,0.2,0.1,weighted_crc,segformer_b2_cityscapes,cityscapes_val_half,170
,,,1.0,1000,False,0.0,0.0,1.0,0.834,1000,83,159,0,0.0,0.0,False,0.0,0.0,0.0,170.0000715255803,0.19047615587576805,84,bicycle,0.05,0.5,weighted_crc,segformer_b2_cityscapes,cityscapes_val_half,170
,,,1.0,1000,False,0.0,0.0,1.0,0.834,1000,83,159,0,0.0,0.0,False,0.0,0.0,0.0,170.0000715255803,0.19047615587576805,84,bicycle,0.1,0.5,weighted_crc,segformer_b2_cityscapes,cityscapes_val_half,170
,,,0.9999856120142174,807,True,0.06305220883534135,0.06305220883534136,0.08459604531526566,40.838,800,83,159,9,0.05660377358490566,0.11000000000000004,False,0.09195402298850575,0.017241379310344827,0.0,170.0000715255803,0.19047615587576805,84,bicycle,0.2,0.5,weighted_crc,segformer_b2_cityscapes,cityscapes_val_half,170
,,,1.0,1000,False,0.0,0.0,1.0,0.66,1000,170,334,0,0.0,0.0,False,0.0,0.0,0.0,210.0000858306993,0.15999997558594123,85,person,0.05,0.1,weighted_crc,segformer_b2_cityscapes,cityscapes_val_half,210
,,,1.0,1000,False,0.0,0.0,1.0,0.66,1000,170,334,0,0.0,0.0,False,0.0,0.0,0.0,210.0000858306993,0.15999997558594123,85,person,0.1,0.1,weighted_crc,segformer_b2_cityscapes,cityscapes_val_half,210
,,,0.997644950716104,438,True,0.07598039215686275,0.07598039215686274,0.030152929946780205,20.462,425,170,334,20,0.059880239520958084,0.1519999999999999,True,0.07368421052631578,0.049586776859504134,0.0,210.0000858306993,0.15999997558594123,85,person,0.2,0.1,weighted_crc,segformer_b2_cityscapes,cityscapes_val_half,210
,,,1.0,1000,False,0.0,0.0,1.0,0.66,1000,170,334,0,0.0,0.0,False,0.0,0.0,0.0,210.0000858306993,0.15999997558594123,85,person,0.05,0.5,weighted_crc,segformer_b2_cityscapes,cityscapes_val_half,210
,,,1.0,1000,False,0.0,0.0,1.0,0.66,1000,170,334,0,0.0,0.0,False,0.0,0.0,0.0,210.0000858306993,0.15999997558594123,85,person,0.1,0.5,weighted_crc,segformer_b2_cityscapes,cityscapes_val_half,210
,,,0.9992620957698709,522,True,0.06960784313725489,0.06960784313725489,0.04666009172797203,27.25,500,170,334,18,0.05389221556886228,0.13,True,0.05263157894736842,0.06611570247933884,0.0,210.0000858306993,0.15999997558594123,85,person,0.2,0.5,weighted_crc,segformer_b2_cityscapes,cityscapes_val_half,210
,,,1.0,1000,False,0.0,0.0,1.0,0.944,1000,28,38,0,0.0,0.0,False,0.0,0.0,0.0,124.00006771088545,0.24390238796509786,85,rider,0.05,0.1,weighted_crc,segformer_b2_cityscapes,cityscapes_val_half,124
,,,1.0,1000,False,0.0,0.0,1.0,0.944,1000,28,38,0,0.0,0.0,False,0.0,0.0,0.0,124.00006771088545,0.24390238796509786,85,rider,0.1,0.1,weighted_crc,segformer_b2_cityscapes,cityscapes_val_half,124
,,,1.0,1000,False,0.0,0.0,1.0,0.944,1000,28,38,0,0.0,0.0,False,0.0,0.0,0.0,124.00006771088545,0.24390238796509786,85,rider,0.2,0.1,weighted_crc,segformer_b2_cityscapes,cityscapes_val_half,124
,,,1.0,1000,False,0.0,0.0,1.0,0.944,1000,28,38,0,0.0,0.0,False,0.0,0.0,0.0,124.00006771088545,0.24390238796509786,85,rider,0.05,0.5,weighted_crc,segformer_b2_cityscapes,cityscapes_val_half,124
,,,1.0,1000,False,0.0,0.0,1.0,0.944,1000,28,38,0,0.0,0.0,False,0.0,0.0,0.0,124.00006771088545,0.24390238796509786,85,rider,0.1,0.5,weighted_crc,segformer_b2_cityscapes,cityscapes_val_half,124
,,,1.0,1000,False,0.0,0.0,1.0,0.944,1000,28,38,0,0.0,0.0,False,0.0,0.0,0.0,124.00006771088545,0.24390238796509786,85,rider,0.2,0.5,weighted_crc,segformer_b2_cityscapes,cityscapes_val_half,124
,,,1.0,1000,False,0.0,0.0,1.0,0.834,1000,83,159,0,0.0,0.0,False,0.0,0.0,0.0,171.00004196167205,0.1895734391516982,85,bicycle,0.05,0.1,weighted_crc,segformer_b2_cityscapes,cityscapes_val_half,171
,,,1.0,1000,False,0.0,0.0,1.0,0.834,1000,83,159,0,0.0,0.0,False,0.0,0.0,0.0,171.00004196167205,0.1895734391516982,85,bicycle,0.1,0.1,weighted_crc,segformer_b2_cityscapes,cityscapes_val_half,171
,,,0.999868780010098,647,True,0.08244406196213425,0.08244406196213425,0.041580140590667725,25.956,625,83,159,12,0.07547169811320754,0.09399999999999997,False,0.12643678160919541,0.017241379310344827,0.0,171.00004196167205,0.1895734391516982,85,bicycle,0.2,0.1,weighted_crc,segformer_b2_cityscapes,cityscapes_val_half,171
,,,1.0,1000,False,0.0,0.0,1.0,0.834,1000,83,159,0,0.0,0.0,False,0.0,0.0,0.0,171.00004196167205,0.1895734391516982,85,bicycle,0.05,0.5,weighted_crc,segformer_b2_cityscapes,cityscapes_val_half,171
,,,1.0,1000,False,0.0,0.0,1.0,0.834,1000,83,159,0,0.0,0.0,False,0.0,0.0,0.0,171.00004196167205,0.1895734391516982,85,bicycle,0.1,0.5,weighted_crc,segformer_b2_cityscapes,cityscapes_val_half,171
,,,0.9999314511773547,694,True,0.1093516924842226,0.1093516924842226,0.052024319767951965,29.932,675,83,159,17,0.1069182389937107,0.062,False,0.1724137931034483,0.034482758620689655,0.0,171.00004196167205,0.1895734391516982,85,bicycle,0.2,0.5,weighted_crc,segformer_b2_cityscapes,cityscapes_val_half,171
,,,1.0,1000,False,0.0,0.0,1.0,0.66,1000,170,334,0,0.0,0.0,False,0.0,0.0,0.0,188.00007343293217,0.1754385730089458,86,person,0.05,0.1,weighted_crc,segformer_b2_cityscapes,cityscapes_val_half,188
,,,1.0,1000,False,0.0,0.0,1.0,0.66,1000,170,334,0,0.0,0.0,False,0.0,0.0,0.0,188.00007343293217,0.1754385730089458,86,person,0.1,0.1,weighted_crc,segformer_b2_cityscapes,cityscapes_val_half,188
,,,0.9990921794698218,507,True,0.057352941176470586,0.057352941176470586,0.04330552741885185,27.25,500,170,334,13,0.038922155688622756,0.10199999999999998,False,0.04736842105263158,0.03305785123966942,0.0,188.00007343293217,0.1754385730089458,86,person,0.2,0.1,weighted_crc,segformer_b2_cityscapes,cityscapes_val_half,188
,,,1.0,1000,False,0.0,0.0,1.0,0.66,1000,170,334,0,0.0,0.0,False,0.0,0.0,0.0,188.00007343293217,0.1754385730089458,86,person,0.05,0.5,weighted_crc,segformer_b2_cityscapes,cityscapes_val_half,188
,,,1.0,1000,False,0.0,0.0,1.0,0.66,1000,170,334,0,0.0,0.0,False,0.0,0.0,0.0,188.00007343293217,0.1754385730089458,86,person,0.1,0.5,weighted_crc,segformer_b2_cityscapes,cityscapes_val_half,188
,,,0.9995926197221959,565,True,0.061764705882352944,0.061764705882352944,0.057420503348112106,31.994,550,170,334,15,0.04491017964071856,0.10399999999999998,False,0.042105263157894736,0.05785123966942149,0.0,188.00007343293217,0.1754385730089458,86,person,0.2,0.5,weighted_crc,segformer_b2_cityscapes,cityscapes_val_half,188
,,,1.0,1000,False,0.0,0.0,1.0,0.944,1000,28,38,0,0.0,0.0,False,0.0,0.0,0.0,124.00006771088545,0.24390238796509786,86,rider,0.05,0.1,weighted_crc,segformer_b2_cityscapes,cityscapes_val_half,124
,,,1.0,1000,False,0.0,0.0,1.0,0.944,1000,28,38,0,0.0,0.0,False,0.0,0.0,0.0,124.00006771088545,0.24390238796509786,86,rider,0.1,0.1,weighted_crc,segformer_b2_cityscapes,cityscapes_val_half,124
,,,1.0,1000,False,0.0,0.0,1.0,0.944,1000,28,38,0,0.0,0.0,False,0.0,0.0,0.0,124.00006771088545,0.24390238796509786,86,rider,0.2,0.1,weighted_crc,segformer_b2_cityscapes,cityscapes_val_half,124
,,,1.0,1000,False,0.0,0.0,1.0,0.944,1000,28,38,0,0.0,0.0,False,0.0,0.0,0.0,124.00006771088545,0.24390238796509786,86,rider,0.05,0.5,weighted_crc,segformer_b2_cityscapes,cityscapes_val_half,124
,,,1.0,1000,False,0.0,0.0,1.0,0.944,1000,28,38,0,0.0,0.0,False,0.0,0.0,0.0,124.00006771088545,0.24390238796509786,86,rider,0.1,0.5,weighted_crc,segformer_b2_cityscapes,cityscapes_val_half,124
,,,1.0,1000,False,0.0,0.0,1.0,0.944,1000,28,38,0,0.0,0.0,False,0.0,0.0,0.0,124.00006771088545,0.24390238796509786,86,rider,0.2,0.5,weighted_crc,segformer_b2_cityscapes,cityscapes_val_half,124
,,,1.0,1000,False,0.0,0.0,1.0,0.834,1000,83,159,0,0.0,0.0,False,0.0,0.0,0.0,168.00005435943942,0.19230766409247999,86,bicycle,0.05,0.1,weighted_crc,segformer_b2_cityscapes,cityscapes_val_half,168
,,,1.0,1000,False,0.0,0.0,1.0,0.834,1000,83,159,0,0.0,0.0,False,0.0,0.0,0.0,168.00005435943942,0.19230766409247999,86,bicycle,0.1,0.1,weighted_crc,segformer_b2_cityscapes,cityscapes_val_half,168
,,,0.9999796764298906,782,True,0.05461847389558233,0.05461847389558233,0.076488196849823,38.992,775,83,159,7,0.0440251572327044,0.09400000000000003,False,0.06896551724137931,0.017241379310344827,0.0,168.00005435943942,0.19230766409247999,86,bicycle,0.2,0.1,weighted_crc,segformer_b2_cityscapes,cityscapes_val_half,168
,,,1.0,1000,False,0.0,0.0,1.0,0.834,1000,83,159,0,0.0,0.0,False,0.0,0.0,0.0,168.00005435943942,0.19230766409247999,86,bicycle,0.05,0.5,weighted_crc,segformer_b2_cityscapes,cityscapes_val_half,168
,,,1.0,1000,False,0.0,0.0,1.0,0.834,1000,83,159,0,0.0,0.0,False,0.0,0.0,0.0,168.00005435943942,0.19230766409247999,86,bicycle,0.1,0.5,weighted_crc,segformer_b2_cityscapes,cityscapes_val_half,168
,,,0.9999858094247831,808,True,0.06305220883534135,0.06305220883534136,0.08490268886089325,40.838,800,83,159,9,0.05660377358490566,0.11599999999999999,False,0.09195402298850575,0.017241379310344827,0.0,168.00005435943942,0.19230766409247999,86,bicycle,0.2,0.5,weighted_crc,segformer_b2_cityscapes,cityscapes_val_half,168
,,,1.0,1000,False,0.0,0.0,1.0,0.66,1000,170,334,0,0.0,0.0,False,0.0,0.0,0.0,201.00004673004435,0.1659750879715009,87,person,0.05,0.1,weighted_crc,segformer_b2_cityscapes,cityscapes_val_half,201
,,,1.0,1000,False,0.0,0.0,1.0,0.66,1000,170,334,0,0.0,0.0,False,0.0,0.0,0.0,201.00004673004435,0.1659750879715009,87,person,0.1,0.1,weighted_crc,segformer_b2_cityscapes,cityscapes_val_half,201
,,,0.9983327527874489,463,True,0.06323529411764706,0.06323529411764706,0.03449351713061333,22.656,450,170,334,15,0.04491017964071856,0.124,False,0.05263157894736842,0.04132231404958678,0.0,201.00004673004435,0.1659750879715009,87,person,0.2,0.1,weighted_crc,segformer_b2_cityscapes,cityscapes_val_half,201
,,,1.0,1000,False,0.0,0.0,1.0,0.66,1000,170,334,0,0.0,0.0,False,0.0,0.0,0.0,201.00004673004435,0.1659750879715009,87,person,0.05,0.5,weighted_crc,segformer_b2_cityscapes,cityscapes_val_half,201
,,,1.0,1000,False,0.0,0.0,1.0,0.66,1000,170,334,0,0.0,0.0,False,0.0,0.0,0.0,201.00004673004435,0.1659750879715009,87,person,0.1,0.5,weighted_crc,segformer_b2_cityscapes,cityscapes_val_half,201
,,,0.9993483716059391,531,True,0.06960784313725489,0.06960784313725489,0.04876994341611862,29.594,525,170,334,18,0.05389221556886228,0.11399999999999999,False,0.05263157894736842,0.06611570247933884,0.0,201.00004673004435,0.1659750879715009,87,person,0.2,0.5,weighted_crc,segformer_b2_cityscapes,cityscapes_val_half,201
,,,1.0,1000,False,0.0,0.0,1.0,0.944,1000,28,38,0,0.0,0.0,False,0.0,0.0,0.0,130.000011920929,0.23529410444741505,87,rider,0.05,0.1,weighted_crc,segformer_b2_cityscapes,cityscapes_val_half,130
,,,1.0,1000,False,0.0,0.0,1.0,0.944,1000,28,38,0,0.0,0.0,False,0.0,0.0,0.0,130.000011920929,0.23529410444741505,87,rider,0.1,0.1,weighted_crc,segformer_b2_cityscapes,cityscapes_val_half,130
,,,1.0,1000,False,0.0,0.0,1.0,0.944,1000,28,38,0,0.0,0.0,False,0.0,0.0,0.0,130.000011920929,0.23529410444741505,87,rider,0.2,0.1,weighted_crc,segformer_b2_cityscapes,cityscapes_val_half,130
,,,1.0,1000,False,0.0,0.0,1.0,0.944,1000,28,38,0,0.0,0.0,False,0.0,0.0,0.0,130.000011920929,0.23529410444741505,87,rider,0.05,0.5,weighted_crc,segformer_b2_cityscapes,cityscapes_val_half,130
,,,1.0,1000,False,0.0,0.0,1.0,0.944,1000,28,38,0,0.0,0.0,False,0.0,0.0,0.0,130.000011920929,0.23529410444741505,87,rider,0.1,0.5,weighted_crc,segformer_b2_cityscapes,cityscapes_val_half,130
,,,1.0,1000,False,0.0,0.0,1.0,0.944,1000,28,38,0,0.0,0.0,False,0.0,0.0,0.0,130.000011920929,0.23529410444741505,87,rider,0.2,0.5,weighted_crc,segformer_b2_cityscapes,cityscapes_val_half,130
,,,1.0,1000,False,0.0,0.0,1.0,0.834,1000,83,159,0,0.0,0.0,False,0.0,0.0,0.0,180.00008106232713,0.1818181502917636,87,bicycle,0.05,0.1,weighted_crc,segformer_b2_cityscapes,cityscapes_val_half,180
,,,1.0,1000,False,0.0,0.0,1.0,0.834,1000,83,159,0,0.0,0.0,False,0.0,0.0,0.0,180.00008106232713,0.1818181502917636,87,bicycle,0.1,0.1,weighted_crc,segformer_b2_cityscapes,cityscapes_val_half,180
,,,0.9998041155326494,618,True,0.0948938611589214,0.09489386115892139,0.0359085313975811,24.196,600,83,159,15,0.09433962264150944,0.14200000000000002,True,0.16091954022988506,0.017241379310344827,0.0,180.00008106232713,0.1818181502917636,87,bicycle,0.2,0.1,weighted_crc,segformer_b2_cityscapes,cityscapes_val_half,180
,,,1.0,1000,False,0.0,0.0,1.0,0.834,1000,83,159,0,0.0,0.0,False,0.0,0.0,0.0,180.00008106232713,0.1818181502917636,87,bicycle,0.05,0.5,weighted_crc,segformer_b2_cityscapes,cityscapes_val_half,180
,,,1.0,1000,False,0.0,0.0,1.0,0.834,1000,83,159,0,0.0,0.0,False,0.0,0.0,0.0,180.00008106232713,0.1818181502917636,87,bicycle,0.1,0.5,weighted_crc,segformer_b2_cityscapes,cityscapes_val_half,180
,,,0.9999202005312732,683,True,0.11176133103843947,0.11176133103843947,0.04943525791168213,29.932,675,83,159,18,0.11320754716981132,0.09399999999999997,False,0.1724137931034483,0.05172413793103448,0.0,180.00008106232713,0.1818181502917636,87,bicycle,0.2,0.5,weighted_crc,segformer_b2_cityscapes,cityscapes_val_half,180
,,,1.0,1000,False,0.0,0.0,1.0,0.66,1000,170,334,0,0.0,0.0,False,0.0,0.0,0.0,208.00006866455777,0.1612903027331072,88,person,0.05,0.1,weighted_crc,segformer_b2_cityscapes,cityscapes_val_half,208
,,,1.0,1000,False,0.0,0.0,1.0,0.66,1000,170,334,0,0.0,0.0,False,0.0,0.0,0.0,208.00006866455777,0.1612903027331072,88,person,0.1,0.1,weighted_crc,segformer_b2_cityscapes,cityscapes_val_half,208
,,,0.9978913718500667,446,True,0.06519607843137254,0.06519607843137254,0.03149446099996567,20.462,425,170,334,16,0.04790419161676647,0.17600000000000005,True,0.05789473684210526,0.04132231404958678,0.0,208.00006866455777,0.1612903027331072,88,person,0.2,0.1,weighted_crc,segformer_b2_cityscapes,cityscapes_val_half,208
,,,1.0,1000,False,0.0,0.0,1.0,0.66,1000,170,334,0,0.0,0.0,False,0.0,0.0,0.0,208.00006866455777,0.1612903027331072,88,person,0.05,0.5,weighted_crc,segformer_b2_cityscapes,cityscapes_val_half,208
,,,1.0,1000,False,0.0,0.0,1.0,0.66,1000,170,334,0,0.0,0.0,False,0.0,0.0,0.0,208.00006866455777,0.1612903027331072,88,person,0.1,0.5,weighted_crc,segformer_b2_cityscapes,cityscapes_val_half,208
,,,0.9990405993684841,503,True,0.07254901960784313,0.07254901960784313,0.042435530573129654,27.25,500,170,334,19,0.05688622754491018,0.15400000000000003,True,0.05263157894736842,0.0743801652892562,0.0,208.00006866455777,0.1612903027331072,88,person,0.2,0.5,weighted_crc,segformer_b2_cityscapes,cityscapes_val_half,208
,,,1.0,1000,False,0.0,0.0,1.0,0.944,1000,28,38,0,0.0,0.0,False,0.0,0.0,0.0,124.00006771088545,0.24390238796509786,88,rider,0.05,0.1,weighted_crc,segformer_b2_cityscapes,cityscapes_val_half,124
,,,1.0,1000,False,0.0,0.0,1.0,0.944,1000,28,38,0,0.0,0.0,False,0.0,0.0,0.0,124.00006771088545,0.24390238796509786,88,rider,0.1,0.1,weighted_crc,segformer_b2_cityscapes,cityscapes_val_half,124
,,,1.0,1000,False,0.0,0.0,1.0,0.944,1000,28,38,0,0.0,0.0,False,0.0,0.0,0.0,124.00006771088545,0.24390238796509786,88,rider,0.2,0.1,weighted_crc,segformer_b2_cityscapes,cityscapes_val_half,124
,,,1.0,1000,False,0.0,0.0,1.0,0.944,1000,28,38,0,0.0,0.0,False,0.0,0.0,0.0,124.00006771088545,0.24390238796509786,88,rider,0.05,0.5,weighted_crc,segformer_b2_cityscapes,cityscapes_val_half,124
,,,1.0,1000,False,0.0,0.0,1.0,0.944,1000,28,38,0,0.0,0.0,False,0.0,0.0,0.0,124.00006771088545,0.24390238796509786,88,rider,0.1,0.5,weighted_crc,segformer_b2_cityscapes,cityscapes_val_half,124
,,,1.0,1000,False,0.0,0.0,1.0,0.944,1000,28,38,0,0.0,0.0,False,0.0,0.0,0.0,124.00006771088545,0.24390238796509786,88,rider,0.2,0.5,weighted_crc,segformer_b2_cityscapes,cityscapes_val_half,124
,,,1.0,1000,False,0.0,0.0,1.0,0.834,1000,83,159,0,0.0,0.0,False,0.0,0.0,0.0,175.00007629395364,0.18604647861809334,88,bicycle,0.05,0.1,weighted_crc,segformer_b2_cityscapes,cityscapes_val_half,175
,,,1.0,1000,False,0.0,0.0,1.0,0.834,1000,83,159,0,0.0,0.0,False,0.0,0.0,0.0,175.00007629395364,0.18604647861809334,88,bicycle,0.1,0.1,weighted_crc,segformer_b2_cityscapes,cityscapes_val_half,175
,,,0.9998872802543824,658,True,0.08244406196213425,0.08244406196213425,0.043876778334379196,27.768,650,83,159,12,0.07547169811320754,0.10199999999999998,False,0.12643678160919541,0.017241379310344827,0.0,175.00007629395364,0.18604647861809334,88,bicycle,0.2,0.1,weighted_crc,segformer_b2_cityscapes,cityscapes_val_half,175
,,,1.0,1000,False,0.0,0.0,1.0,0.834,1000,83,159,0,0.0,0.0,False,0.0,0.0,0.0,175.00007629395364,0.18604647861809334,88,bicycle,0.05,0.5,weighted_crc,segformer_b2_cityscapes,cityscapes_val_half,175
,,,1.0,1000,False,0.0,0.0,1.0,0.834,1000,83,159,0,0.0,0.0,False,0.0,0.0,0.0,175.00007629395364,0.18604647861809334,88,bicycle,0.1,0.5,weighted_crc,segformer_b2_cityscapes,cityscapes_val_half,175
,,,0.9999435063025188,708,True,0.10332759609868043,0.10332759609868043,0.05548734962940216,32.058,700,83,159,16,0.10062893081761007,0.07399999999999995,False,0.16091954022988506,0.034482758620689655,0.0,175.00007629395364,0.18604647861809334,88,bicycle,0.2,0.5,weighted_crc,segformer_b2_cityscapes,cityscapes_val_half,175
,,,1.0,1000,False,0.0,0.0,1.0,0.66,1000,170,334,0,0.0,0.0,False,0.0,0.0,0.0,195.0000834465132,0.17021273832723116,89,person,0.05,0.1,weighted_crc,segformer_b2_cityscapes,cityscapes_val_half,195
,,,1.0,1000,False,0.0,0.0,1.0,0.66,1000,170,334,0,0.0,0.0,False,0.0,0.0,0.0,195.0000834465132,0.17021273832723116,89,person,0.1,0.1,weighted_crc,segformer_b2_cityscapes,cityscapes_val_half,195
,,,0.9990921794698218,507,True,0.057352941176470586,0.057352941176470586,0.04330552741885185,27.25,500,170,334,13,0.038922155688622756,0.10200000000000009,False,0.04736842105263158,0.03305785123966942,0.0,195.0000834465132,0.17021273832723116,89,person,0.2,0.1,weighted_crc,segformer_b2_cityscapes,cityscapes_val_half,195
,,,1.0,1000,False,0.0,0.0,1.0,0.66,1000,170,334,0,0.0,0.0,False,0.0,0.0,0.0,195.0000834465132,0.17021273832723116,89,person,0.05,0.5,weighted_crc,segformer_b2_cityscapes,cityscapes_val_half,195
,,,1.0,1000,False,0.0,0.0,1.0,0.66,1000,170,334,0,0.0,0.0,False,0.0,0.0,0.0,195.0000834465132,0.17021273832723116,89,person,0.1,0.5,weighted_crc,segformer_b2_cityscapes,cityscapes_val_half,195
,,,0.9996548562606642,577,True,0.061764705882352944,0.061764705882352944,0.06073551997542381,34.07,575,170,334,15,0.04491017964071856,0.09599999999999997,False,0.042105263157894736,0.05785123966942149,0.0,195.0000834465132,0.17021273832723116,89,person,0.2,0.5,weighted_crc,segformer_b2_cityscapes,cityscapes_val_half,195
,,,1.0,1000,False,0.0,0.0,1.0,0.944,1000,28,38,0,0.0,0.0,False,0.0,0.0,0.0,128.00003290176502,0.23809520836049838,89,rider,0.05,0.1,weighted_crc,segformer_b2_cityscapes,cityscapes_val_half,128
,,,1.0,1000,False,0.0,0.0,1.0,0.944,1000,28,38,0,0.0,0.0,False,0.0,0.0,0.0,128.00003290176502,0.23809520836049838,89,rider,0.1,0.1,weighted_crc,segformer_b2_cityscapes,cityscapes_val_half,128
,,,1.0,1000,False,0.0,0.0,1.0,0.944,1000,28,38,0,0.0,0.0,False,0.0,0.0,0.0,128.00003290176502,0.23809520836049838,89,rider,0.2,0.1,weighted_crc,segformer_b2_cityscapes,cityscapes_val_half,128
,,,1.0,1000,False,0.0,0.0,1.0,0.944,1000,28,38,0,0.0,0.0,False,0.0,0.0,0.0,128.00003290176502,0.23809520836049838,89,rider,0.05,0.5,weighted_crc,segformer_b2_cityscapes,cityscapes_val_half,128
,,,1.0,1000,False,0.0,0.0,1.0,0.944,1000,28,38,0,0.0,0.0,False,0.0,0.0,0.0,128.00003290176502,0.23809520836049838,89,rider,0.1,0.5,weighted_crc,segformer_b2_cityscapes,cityscapes_val_half,128
,,,1.0,1000,False,0.0,0.0,1.0,0.944,1000,28,38,0,0.0,0.0,False,0.0,0.0,0.0,128.00003290176502,0.23809520836049838,89,rider,0.2,0.5,weighted_crc,segformer_b2_cityscapes,cityscapes_val_half,128
,,,1.0,1000,False,0.0,0.0,1.0,0.834,1000,83,159,0,0.0,0.0,False,0.0,0.0,0.0,174.00010585786492,0.18691584120381832,89,bicycle,0.05,0.1,weighted_crc,segformer_b2_cityscapes,cityscapes_val_half,174
,,,1.0,1000,False,0.0,0.0,1.0,0.834,1000,83,159,0,0.0,0.0,False,0.0,0.0,0.0,174.00010585786492,0.18691584120381832,89,bicycle,0.1,0.1,weighted_crc,segformer_b2_cityscapes,cityscapes_val_half,174
,,,0.9998903521803857,660,True,0.08244406196213425,0.08244406196213425,0.04430859535932541,27.768,650,83,159,12,0.07547169811320754,0.06599999999999995,False,0.12643678160919541,0.017241379310344827,0.0,174.00010585786492,0.18691584120381832,89,bicycle,0.2,0.1,weighted_crc,segformer_b2_cityscapes,cityscapes_val_half,174
,,,1.0,1000,False,0.0,0.0,1.0,0.834,1000,83,159,0,0.0,0.0,False,0.0,0.0,0.0,174.00010585786492,0.18691584120381832,89,bicycle,0.05,0.5,weighted_crc,segformer_b2_cityscapes,cityscapes_val_half,174
,,,1.0,1000,False,0.0,0.0,1.0,0.834,1000,83,159,0,0.0,0.0,False,0.0,0.0,0.0,174.00010585786492,0.18691584120381832,89,bicycle,0.1,0.5,weighted_crc,segformer_b2_cityscapes,cityscapes_val_half,174
,,,0.9999571451479603,728,True,0.07682157200229489,0.07682157200229488,0.060706738382577896,34.528,725,83,159,13,0.08176100628930817,0.07,False,0.13793103448275862,0.017241379310344827,0.0,174.00010585786492,0.18691584120381832,89,bicycle,0.2,0.5,weighted_crc,segformer_b2_cityscapes,cityscapes_val_half,174
,,,1.0,1000,False,0.0,0.0,1.0,0.66,1000,170,334,0,0.0,0.0,False,0.0,0.0,0.0,199.00010585786293,0.16736397933807196,90,person,0.05,0.1,weighted_crc,segformer_b2_cityscapes,cityscapes_val_half,199
,,,1.0,1000,False,0.0,0.0,1.0,0.66,1000,170,334,0,0.0,0.0,False,0.0,0.0,0.0,199.00010585786293,0.16736397933807196,90,person,0.1,0.1,weighted_crc,segformer_b2_cityscapes,cityscapes_val_half,199
,,,0.9984653830172007,469,True,0.06323529411764706,0.06323529411764706,0.03560402989387512,22.656,450,170,334,15,0.04491017964071856,0.132,True,0.05263157894736842,0.04132231404958678,0.0,199.00010585786293,0.16736397933807196,90,person,0.2,0.1,weighted_crc,segformer_b2_cityscapes,cityscapes_val_half,199
,,,1.0,1000,False,0.0,0.0,1.0,0.66,1000,170,334,0,0.0,0.0,False,0.0,0.0,0.0,199.00010585786293,0.16736397933807196,90,person,0.05,0.5,weighted_crc,segformer_b2_cityscapes,cityscapes_val_half,199
,,,1.0,1000,False,0.0,0.0,1.0,0.66,1000,170,334,0,0.0,0.0,False,0.0,0.0,0.0,199.00010585786293,0.16736397933807196,90,person,0.1,0.5,weighted_crc,segformer_b2_cityscapes,cityscapes_val_half,199
,,,0.9993483716059391,531,True,0.06960784313725489,0.06960784313725489,0.04876994341611862,29.594,525,170,334,18,0.05389221556886228,0.10999999999999999,False,0.05263157894736842,0.06611570247933884,0.0,199.00010585786293,0.16736397933807196,90,person,0.2,0.5,weighted_crc,segformer_b2_cityscapes,cityscapes_val_half,199
,,,1.0,1000,False,0.0,0.0,1.0,0.944,1000,28,38,0,0.0,0.0,False,0.0,0.0,0.0,125.00007629395695,0.24242418637727994,90,rider,0.05,0.1,weighted_crc,segformer_b2_cityscapes,cityscapes_val_half,125
,,,1.0,1000,False,0.0,0.0,1.0,0.944,1000,28,38,0,0.0,0.0,False,0.0,0.0,0.0,125.00007629395695,0.24242418637727994,90,rider,0.1,0.1,weighted_crc,segformer_b2_cityscapes,cityscapes_val_half,125
,,,1.0,1000,False,0.0,0.0,1.0,0.944,1000,28,38,0,0.0,0.0,False,0.0,0.0,0.0,125.00007629395695,0.24242418637727994,90,rider,0.2,0.1,weighted_crc,segformer_b2_cityscapes,cityscapes_val_half,125
,,,1.0,1000,False,0.0,0.0,1.0,0.944,1000,28,38,0,0.0,0.0,False,0.0,0.0,0.0,125.00007629395695,0.24242418637727994,90,rider,0.05,0.5,weighted_crc,segformer_b2_cityscapes,cityscapes_val_half,125
,,,1.0,1000,False,0.0,0.0,1.0,0.944,1000,28,38,0,0.0,0.0,False,0.0,0.0,0.0,125.00007629395695,0.24242418637727994,90,rider,0.1,0.5,weighted_crc,segformer_b2_cityscapes,cityscapes_val_half,125
,,,1.0,1000,False,0.0,0.0,1.0,0.944,1000,28,38,0,0.0,0.0,False,0.0,0.0,0.0,125.00007629395695,0.24242418637727994,90,rider,0.2,0.5,weighted_crc,segformer_b2_cityscapes,cityscapes_val_half,125
,,,1.0,1000,False,0.0,0.0,1.0,0.834,1000,83,159,0,0.0,0.0,False,0.0,0.0,0.0,168.00005435943942,0.19230766409247999,90,bicycle,0.05,0.1,weighted_crc,segformer_b2_cityscapes,cityscapes_val_half,168
,,,1.0,1000,False,0.0,0.0,1.0,0.834,1000,83,159,0,0.0,0.0,False,0.0,0.0,0.0,168.00005435943942,0.19230766409247999,90,bicycle,0.1,0.1,weighted_crc,segformer_b2_cityscapes,cityscapes_val_half,168
,,,0.9999782229022764,777,True,0.05461847389558233,0.05461847389558233,0.0748836100101471,38.992,775,83,159,7,0.0440251572327044,0.09600000000000003,False,0.06896551724137931,0.017241379310344827,0.0,168.00005435943942,0.19230766409247999,90,bicycle,0.2,0.1,weighted_crc,segformer_b2_cityscapes,cityscapes_val_half,168
,,,1.0,1000,False,0.0,0.0,1.0,0.834,1000,83,159,0,0.0,0.0,False,0.0,0.0,0.0,168.00005435943942,0.19230766409247999,90,bicycle,0.05,0.5,weighted_crc,segformer_b2_cityscapes,cityscapes_val_half,168
,,,1.0,1000,False,0.0,0.0,1.0,0.834,1000,83,159,0,0.0,0.0,False,0.0,0.0,0.0,168.00005435943942,0.19230766409247999,90,bicycle,0.1,0.5,weighted_crc,segformer_b2_cityscapes,cityscapes_val_half,168
,,,0.9999884654674218,823,True,0.06305220883534135,0.06305220883534136,0.09012430161237717,40.838,800,83,159,9,0.05660377358490566,0.12600000000000006,True,0.09195402298850575,0.017241379310344827,0.0,168.00005435943942,0.19230766409247999,90,bicycle,0.2,0.5,weighted_crc,segformer_b2_cityscapes,cityscapes_val_half,168
,,,1.0,1000,False,0.0,0.0,1.0,0.66,1000,170,334,0,0.0,0.0,False,0.0,0.0,0.0,202.00009346009426,0.1652892249324783,91,person,0.05,0.1,weighted_crc,segformer_b2_cityscapes,cityscapes_val_half,202
,,,1.0,1000,False,0.0,0.0,1.0,0.66,1000,170,334,0,0.0,0.0,False,0.0,0.0,0.0,202.00009346009426,0.1652892249324783,91,person,0.1,0.1,weighted_crc,segformer_b2_cityscapes,cityscapes_val_half,202
,,,0.9985678121007264,474,True,0.06323529411764706,0.06323529411764706,0.03655869886279106,22.656,450,170,334,15,0.04491017964071856,0.14600000000000002,True,0.05263157894736842,0.04132231404958678,0.0,202.00009346009426,0.1652892249324783,91,person,0.2,0.1,weighted_crc,segformer_b2_cityscapes,cityscapes_val_half,202
,,,1.0,1000,False,0.0,0.0,1.0,0.66,1000,170,334,0,0.0,0.0,False,0.0,0.0,0.0,202.00009346009426,0.1652892249324783,91,person,0.05,0.5,weighted_crc,segformer_b2_cityscapes,cityscapes_val_half,202
,,,1.0,1000,False,0.0,0.0,1.0,0.66,1000,170,334,0,0.0,0.0,False,0.0,0.0,0.0,202.00009346009426,0.1652892249324783,91,person,0.1,0.5,weighted_crc,segformer_b2_cityscapes,cityscapes_val_half,202
,,,0.9994324553945915,541,True,0.06764705882352941,0.06764705882352941,0.051193717867136,29.594,525,170,334,17,0.05089820359281437,0.10999999999999999,False,0.05263157894736842,0.05785123966942149,0.0,202.00009346009426,0.1652892249324783,91,person,0.2,0.5,weighted_crc,segformer_b2_cityscapes,cityscapes_val_half,202
,,,1.0,1000,False,0.0,0.0,1.0,0.944,1000,28,38,0,0.0,0.0,False,0.0,0.0,0.0,126.00008487702878,0.24096379451058308,91,rider,0.05,0.1,weighted_crc,segformer_b2_cityscapes,cityscapes_val_half,126
,,,1.0,1000,False,0.0,0.0,1.0,0.944,1000,28,38,0,0.0,0.0,False,0.0,0.0,0.0,126.00008487702878,0.24096379451058308,91,rider,0.1,0.1,weighted_crc,segformer_b2_cityscapes,cityscapes_val_half,126
,,,1.0,1000,False,0.0,0.0,1.0,0.944,1000,28,38,0,0.0,0.0,False,0.0,0.0,0.0,126.00008487702878,0.24096379451058308,91,rider,0.2,0.1,weighted_crc,segformer_b2_cityscapes,cityscapes_val_half,126
,,,1.0,1000,False,0.0,0.0,1.0,0.944,1000,28,38,0,0.0,0.0,False,0.0,0.0,0.0,126.00008487702878,0.24096379451058308,91,rider,0.05,0.5,weighted_crc,segformer_b2_cityscapes,cityscapes_val_half,126
,,,1.0,1000,False,0.0,0.0,1.0,0.944,1000,28,38,0,0.0,0.0,False,0.0,0.0,0.0,126.00008487702878,0.24096379451058308,91,rider,0.1,0.5,weighted_crc,segformer_b2_cityscapes,cityscapes_val_half,126
,,,1.0,1000,False,0.0,0.0,1.0,0.944,1000,28,38,0,0.0,0.0,False,0.0,0.0,0.0,126.00008487702878,0.24096379451058308,91,rider,0.2,0.5,weighted_crc,segformer_b2_cityscapes,cityscapes_val_half,126
,,,1.0,1000,False,0.0,0.0,1.0,0.834,1000,83,159,0,0.0,0.0,False,0.0,0.0,0.0,174.00010585786492,0.18691584120381832,91,bicycle,0.05,0.1,weighted_crc,segformer_b2_cityscapes,cityscapes_val_half,174
,,,1.0,1000,False,0.0,0.0,1.0,0.834,1000,83,159,0,0.0,0.0,False,0.0,0.0,0.0,174.00010585786492,0.18691584120381832,91,bicycle,0.1,0.1,weighted_crc,segformer_b2_cityscapes,cityscapes_val_half,174
,,,0.9999480004003467,714,True,0.06637980493402179,0.0663798049340218,0.05700810253620148,32.058,700,83,159,10,0.06289308176100629,0.05000000000000002,False,0.10344827586206896,0.017241379310344827,0.0,174.00010585786492,0.18691584120381832,91,bicycle,0.2,0.1,weighted_crc,segformer_b2_cityscapes,cityscapes_val_half,174
,,,1.0,1000,False,0.0,0.0,1.0,0.834,1000,83,159,0,0.0,0.0,False,0.0,0.0,0.0,174.00010585786492,0.18691584120381832,91,bicycle,0.05,0.5,weighted_crc,segformer_b2_cityscapes,cityscapes_val_half,174
,,,1.0,1000,False,0.0,0.0,1.0,0.834,1000,83,159,0,0.0,0.0,False,0.0,0.0,0.0,174.00010585786492,0.18691584120381832,91,bicycle,0.1,0.5,weighted_crc,segformer_b2_cityscapes,cityscapes_val_half,174
,,,0.9999799552797264,783,True,0.06878944348823866,0.06878944348823866,0.0767565593123436,38.992,775,83,159,11,0.06918238993710692,0.09800000000000003,False,0.11494252873563218,0.017241379310344827,0.0,174.00010585786492,0.18691584120381832,91,bicycle,0.2,0.5,weighted_crc,segformer_b2_cityscapes,cityscapes_val_half,174
,,,1.0,1000,False,0.0,0.0,1.0,0.66,1000,170,334,0,0.0,0.0,False,0.0,0.0,0.0,200.0000762939526,0.16666664017571764,92,person,0.05,0.1,weighted_crc,segformer_b2_cityscapes,cityscapes_val_half,200
,,,1.0,1000,False,0.0,0.0,1.0,0.66,1000,170,334,0,0.0,0.0,False,0.0,0.0,0.0,200.0000762939526,0.16666664017571764,92,person,0.1,0.1,weighted_crc,segformer_b2_cityscapes,cityscapes_val_half,200
,,,0.9985678121007264,474,True,0.06323529411764706,0.06323529411764706,0.03655869886279106,22.656,450,170,334,15,0.04491017964071856,0.11399999999999999,False,0.05263157894736842,0.04132231404958678,0.0,200.0000762939526,0.16666664017571764,92,person,0.2,0.1,weighted_crc,segformer_b2_cityscapes,cityscapes_val_half,200
,,,1.0,1000,False,0.0,0.0,1.0,0.66,1000,170,334,0,0.0,0.0,False,0.0,0.0,0.0,200.0000762939526,0.16666664017571764,92,person,0.05,0.5,weighted_crc,segformer_b2_cityscapes,cityscapes_val_half,200
,,,1.0,1000,False,0.0,0.0,1.0,0.66,1000,170,334,0,0.0,0.0,False,0.0,0.0,0.0,200.0000762939526,0.16666664017571764,92,person,0.1,0.5,weighted_crc,segformer_b2_cityscapes,cityscapes_val_half,200
,,,0.9994245600626629,540,True,0.06764705882352941,0.06764705882352941,0.05095503479242325,29.594,525,170,334,17,0.05089820359281437,0.09799999999999998,False,0.05263157894736842,0.05785123966942149,0.0,200.0000762939526,0.16666664017571764,92,person,0.2,0.5,weighted_crc,segformer_b2_cityscapes,cityscapes_val_half,200
,,,1.0,1000,False,0.0,0.0,1.0,0.944,1000,28,38,0,0.0,0.0,False,0.0,0.0,0.0,119.00009393694123,0.25157225763378593,92,rider,0.05,0.1,weighted_crc,segformer_b2_cityscapes,cityscapes_val_half,119
,,,1.0,1000,False,0.0,0.0,1.0,0.944,1000,28,38,0,0.0,0.0,False,0.0,0.0,0.0,119.00009393694123,0.25157225763378593,92,rider,0.1,0.1,weighted_crc,segformer_b2_cityscapes,cityscapes_val_half,119
,,,1.0,1000,False,0.0,0.0,1.0,0.944,1000,28,38,0,0.0,0.0,False,0.0,0.0,0.0,119.00009393694123,0.25157225763378593,92,rider,0.2,0.1,weighted_crc,segformer_b2_cityscapes,cityscapes_val_half,119
,,,1.0,1000,False,0.0,0.0,1.0,0.944,1000,28,38,0,0.0,0.0,False,0.0,0.0,0.0,119.00009393694123,0.25157225763378593,92,rider,0.05,0.5,weighted_crc,segformer_b2_cityscapes,cityscapes_val_half,119
,,,1.0,1000,False,0.0,0.0,1.0,0.944,1000,28,38,0,0.0,0.0,False,0.0,0.0,0.0,119.00009393694123,0.25157225763378593,92,rider,0.1,0.5,weighted_crc,segformer_b2_cityscapes,cityscapes_val_half,119
,,,1.0,1000,False,0.0,0.0,1.0,0.944,1000,28,38,0,0.0,0.0,False,0.0,0.0,0.0,119.00009393694123,0.25157225763378593,92,rider,0.2,0.5,weighted_crc,segformer_b2_cityscapes,cityscapes_val_half,119
,,,1.0,1000,False,0.0,0.0,1.0,0.834,1000,83,159,0,0.0,0.0,False,0.0,0.0,0.0,168.00005435943942,0.19230766409247999,92,bicycle,0.05,0.1,weighted_crc,segformer_b2_cityscapes,cityscapes_val_half,168
,,,1.0,1000,False,0.0,0.0,1.0,0.834,1000,83,159,0,0.0,0.0,False,0.0,0.0,0.0,168.00005435943942,0.19230766409247999,92,bicycle,0.1,0.1,weighted_crc,segformer_b2_cityscapes,cityscapes_val_half,168
,,,0.9999796764298906,782,True,0.05461847389558233,0.05461847389558233,0.076488196849823,38.992,775,83,159,7,0.0440251572327044,0.08200000000000002,False,0.06896551724137931,0.017241379310344827,0.0,168.00005435943942,0.19230766409247999,92,bicycle,0.2,0.1,weighted_crc,segformer_b2_cityscapes,cityscapes_val_half,168
,,,1.0,1000,False,0.0,0.0,1.0,0.834,1000,83,159,0,0.0,0.0,False,0.0,0.0,0.0,168.00005435943942,0.19230766409247999,92,bicycle,0.05,0.5,weighted_crc,segformer_b2_cityscapes,cityscapes_val_half,168
,,,1.0,1000,False,0.0,0.0,1.0,0.834,1000,83,159,0,0.0,0.0,False,0.0,0.0,0.0,168.00005435943942,0.19230766409247999,92,bicycle,0.1,0.5,weighted_crc,segformer_b2_cityscapes,cityscapes_val_half,168
,,,0.9999839305874698,799,True,0.06477337923121056,0.06477337923121056,0.0819460079073906,38.992,775,83,159,10,0.06289308176100629,0.09999999999999998,False,0.10344827586206896,0.017241379310344827,0.0,168.00005435943942,0.19230766409247999,92,bicycle,0.2,0.5,weighted_crc,segformer_b2_cityscapes,cityscapes_val_half,168
,,,1.0,1000,False,0.0,0.0,1.0,0.66,1000,170,334,0,0.0,0.0,False,0.0,0.0,0.0,199.00010585786293,0.16736397933807196,93,person,0.05,0.1,weighted_crc,segformer_b2_cityscapes,cityscapes_val_half,199
,,,1.0,1000,False,0.0,0.0,1.0,0.66,1000,170,334,0,0.0,0.0,False,0.0,0.0,0.0,199.00010585786293,0.16736397933807196,93,person,0.1,0.1,weighted_crc,segformer_b2_cityscapes,cityscapes_val_half,199
,,,0.9987526164857571,484,True,0.06323529411764706,0.06323529411764706,0.03851815685629845,25.124,475,170,334,15,0.04491017964071856,0.12,False,0.05263157894736842,0.04132231404958678,0.0,199.00010585786293,0.16736397933807196,93,person,0.2,0.1,weighted_crc,segformer_b2_cityscapes,cityscapes_val_half,199
,,,1.0,1000,False,0.0,0.0,1.0,0.66,1000,170,334,0,0.0,0.0,False,0.0,0.0,0.0,199.00010585786293,0.16736397933807196,93,person,0.05,0.5,weighted_crc,segformer_b2_cityscapes,cityscapes_val_half,199
,,,1.0,1000,False,0.0,0.0,1.0,0.66,1000,170,334,0,0.0,0.0,False,0.0,0.0,0.0,199.00010585786293,0.16736397933807196,93,person,0.1,0.5,weighted_crc,segformer_b2_cityscapes,cityscapes_val_half,199
,,,0.9997035168610475,588,True,0.061764705882352944,0.061764705882352944,0.06389112025499344,34.07,575,170,334,15,0.04491017964071856,0.09800000000000009,False,0.042105263157894736,0.05785123966942149,0.0,199.00010585786293,0.16736397933807196,93,person,0.2,0.5,weighted_crc,segformer_b2_cityscapes,cityscapes_val_half,199
,,,1.0,1000,False,0.0,0.0,1.0,0.944,1000,28,38,0,0.0,0.0,False,0.0,0.0,0.0,130.000011920929,0.23529410444741505,93,rider,0.05,0.1,weighted_crc,segformer_b2_cityscapes,cityscapes_val_half,130
,,,1.0,1000,False,0.0,0.0,1.0,0.944,1000,28,38,0,0.0,0.0,False,0.0,0.0,0.0,130.000011920929,0.23529410444741505,93,rider,0.1,0.1,weighted_crc,segformer_b2_cityscapes,cityscapes_val_half,130
,,,1.0,1000,False,0.0,0.0,1.0,0.944,1000,28,38,0,0.0,0.0,False,0.0,0.0,0.0,130.000011920929,0.23529410444741505,93,rider,0.2,0.1,weighted_crc,segformer_b2_cityscapes,cityscapes_val_half,130
,,,1.0,1000,False,0.0,0.0,1.0,0.944,1000,28,38,0,0.0,0.0,False,0.0,0.0,0.0,130.000011920929,0.23529410444741505,93,rider,0.05,0.5,weighted_crc,segformer_b2_cityscapes,cityscapes_val_half,130
,,,1.0,1000,False,0.0,0.0,1.0,0.944,1000,28,38,0,0.0,0.0,False,0.0,0.0,0.0,130.000011920929,0.23529410444741505,93,rider,0.1,0.5,weighted_crc,segformer_b2_cityscapes,cityscapes_val_half,130
,,,1.0,1000,False,0.0,0.0,1.0,0.944,1000,28,38,0,0.0,0.0,False,0.0,0.0,0.0,130.000011920929,0.23529410444741505,93,rider,0.2,0.5,weighted_crc,segformer_b2_cityscapes,cityscapes_val_half,130
,,,1.0,1000,False,0.0,0.0,1.0,0.834,1000,83,159,0,0.0,0.0,False,0.0,0.0,0.0,162.0000529289288,0.19801977580347285,93,bicycle,0.05,0.1,weighted_crc,segformer_b2_cityscapes,cityscapes_val_half,162
,,,1.0,1000,False,0.0,0.0,1.0,0.834,1000,83,159,0,0.0,0.0,False,0.0,0.0,0.0,162.0000529289288,0.19801977580347285,93,bicycle,0.1,0.1,weighted_crc,segformer_b2_cityscapes,cityscapes_val_half,162
,,,0.9999881423125183,821,True,0.05461847389558233,0.05461847389558233,0.08947735279798508,40.838,800,83,159,7,0.0440251572327044,0.14000000000000007,True,0.06896551724137931,0.017241379310344827,0.0,162.0000529289288,0.19801977580347285,93,bicycle,0.2,0.1,weighted_crc,segformer_b2_cityscapes,cityscapes_val_half,162
,,,1.0,1000,False,0.0,0.0,1.0,0.834,1000,83,159,0,0.0,0.0,False,0.0,0.0,0.0,162.0000529289288,0.19801977580347285,93,bicycle,0.05,0.5,weighted_crc,segformer_b2_cityscapes,cityscapes_val_half,162
,,,1.0,1000,False,0.0,0.0,1.0,0.834,1000,83,159,0,0.0,0.0,False,0.0,0.0,0.0,162.0000529289288,0.19801977580347285,93,bicycle,0.1,0.5,weighted_crc,segformer_b2_cityscapes,cityscapes_val_half,162
,,,0.9999981634616566,956,True,0.03614457831325301,0.03614457831325301,0.14471840858459473,53.818,950,83,159,4,0.025157232704402517,0.248,True,0.034482758620689655,0.017241379310344827,0.0,162.0000529289288,0.19801977580347285,93,bicycle,0.2,0.5,weighted_crc,segformer_b2_cityscapes,cityscapes_val_half,162
,,,1.0,1000,False,0.0,0.0,1.0,0.66,1000,170,334,0,0.0,0.0,False,0.0,0.0,0.0,208.00006866455777,0.1612903027331072,94,person,0.05,0.1,weighted_crc,segformer_b2_cityscapes,cityscapes_val_half,208
,,,1.0,1000,False,0.0,0.0,1.0,0.66,1000,170,334,0,0.0,0.0,False,0.0,0.0,0.0,208.00006866455777,0.1612903027331072,94,person,0.1,0.1,weighted_crc,segformer_b2_cityscapes,cityscapes_val_half,208
,,,0.9984223887303006,467,True,0.06323529411764706,0.06323529411764706,0.03523048758506775,22.656,450,170,334,15,0.04491017964071856,0.14800000000000002,True,0.05263157894736842,0.04132231404958678,0.0,208.00006866455777,0.1612903027331072,94,person,0.2,0.1,weighted_crc,segformer_b2_cityscapes,cityscapes_val_half,208
,,,1.0,1000,False,0.0,0.0,1.0,0.66,1000,170,334,0,0.0,0.0,False,0.0,0.0,0.0,208.00006866455777,0.1612903027331072,94,person,0.05,0.5,weighted_crc,segformer_b2_cityscapes,cityscapes_val_half,208
,,,1.0,1000,False,0.0,0.0,1.0,0.66,1000,170,334,0,0.0,0.0,False,0.0,0.0,0.0,208.00006866455777,0.1612903027331072,94,person,0.1,0.5,weighted_crc,segformer_b2_cityscapes,cityscapes_val_half,208
,,,0.9993483716059391,531,True,0.06960784313725489,0.06960784313725489,0.04876994341611862,29.594,525,170,334,18,0.05389221556886228,0.122,False,0.05263157894736842,0.06611570247933884,0.0,208.00006866455777,0.1612903027331072,94,person,0.2,0.5,weighted_crc,segformer_b2_cityscapes,cityscapes_val_half,208
,,,1.0,1000,False,0.0,0.0,1.0,0.944,1000,28,38,0,0.0,0.0,False,0.0,0.0,0.0,125.00007629395695,0.24242418637727994,94,rider,0.05,0.1,weighted_crc,segformer_b2_cityscapes,cityscapes_val_half,125
,,,1.0,1000,False,0.0,0.0,1.0,0.944,1000,28,38,0,0.0,0.0,False,0.0,0.0,0.0,125.00007629395695,0.24242418637727994,94,rider,0.1,0.1,weighted_crc,segformer_b2_cityscapes,cityscapes_val_half,125
,,,1.0,1000,False,0.0,0.0,1.0,0.944,1000,28,38,0,0.0,0.0,False,0.0,0.0,0.0,125.00007629395695,0.24242418637727994,94,rider,0.2,0.1,weighted_crc,segformer_b2_cityscapes,cityscapes_val_half,125
,,,1.0,1000,False,0.0,0.0,1.0,0.944,1000,28,38,0,0.0,0.0,False,0.0,0.0,0.0,125.00007629395695,0.24242418637727994,94,rider,0.05,0.5,weighted_crc,segformer_b2_cityscapes,cityscapes_val_half,125
,,,1.0,1000,False,0.0,0.0,1.0,0.944,1000,28,38,0,0.0,0.0,False,0.0,0.0,0.0,125.00007629395695,0.24242418637727994,94,rider,0.1,0.5,weighted_crc,segformer_b2_cityscapes,cityscapes_val_half,125
,,,1.0,1000,False,0.0,0.0,1.0,0.944,1000,28,38,0,0.0,0.0,False,0.0,0.0,0.0,125.00007629395695,0.24242418637727994,94,rider,0.2,0.5,weighted_crc,segformer_b2_cityscapes,cityscapes_val_half,125
,,,1.0,1000,False,0.0,0.0,1.0,0.834,1000,83,159,0,0.0,0.0,False,0.0,0.0,0.0,170.0000715255803,0.19047615587576805,94,bicycle,0.05,0.1,weighted_crc,segformer_b2_cityscapes,cityscapes_val_half,170
,,,1.0,1000,False,0.0,0.0,1.0,0.834,1000,83,159,0,0.0,0.0,False,0.0,0.0,0.0,170.0000715255803,0.19047615587576805,94,bicycle,0.1,0.1,weighted_crc,segformer_b2_cityscapes,cityscapes_val_half,170
,,,0.9999696610881581,753,True,0.06035570854847963,0.06035570854847963,0.06766963750123978,36.622,750,83,159,9,0.05660377358490566,0.07200000000000001,False,0.09195402298850575,0.017241379310344827,0.0,170.0000715255803,0.19047615587576805,94,bicycle,0.2,0.1,weighted_crc,segformer_b2_cityscapes,cityscapes_val_half,170
,,,1.0,1000,False,0.0,0.0,1.0,0.834,1000,83,159,0,0.0,0.0,False,0.0,0.0,0.0,170.0000715255803,0.19047615587576805,94,bicycle,0.05,0.5,weighted_crc,segformer_b2_cityscapes,cityscapes_val_half,170
,,,1.0,1000,False,0.0,0.0,1.0,0.834,1000,83,159,0,0.0,0.0,False,0.0,0.0,0.0,170.0000715255803,0.19047615587576805,94,bicycle,0.1,0.5,weighted_crc,segformer_b2_cityscapes,cityscapes_val_half,170
,,,0.9999856120142174,807,True,0.06305220883534135,0.06305220883534136,0.08459604531526566,40.838,800,83,159,9,0.05660377358490566,0.09400000000000003,False,0.09195402298850575,0.017241379310344827,0.0,170.0000715255803,0.19047615587576805,94,bicycle,0.2,0.5,weighted_crc,segformer_b2_cityscapes,cityscapes_val_half,170
,,,1.0,1000,False,0.0,0.0,1.0,0.66,1000,170,334,0,0.0,0.0,False,0.0,0.0,0.0,208.00006866455777,0.1612903027331072,95,person,0.05,0.1,weighted_crc,segformer_b2_cityscapes,cityscapes_val_half,208
,,,1.0,1000,False,0.0,0.0,1.0,0.66,1000,170,334,0,0.0,0.0,False,0.0,0.0,0.0,208.00006866455777,0.1612903027331072,95,person,0.1,0.1,weighted_crc,segformer_b2_cityscapes,cityscapes_val_half,208
,,,0.9984653830172007,469,True,0.06323529411764706,0.06323529411764706,0.03560402989387512,22.656,450,170,334,15,0.04491017964071856,0.16400000000000003,True,0.05263157894736842,0.04132231404958678,0.0,208.00006866455777,0.1612903027331072,95,person,0.2,0.1,weighted_crc,segformer_b2_cityscapes,cityscapes_val_half,208
,,,1.0,1000,False,0.0,0.0,1.0,0.66,1000,170,334,0,0.0,0.0,False,0.0,0.0,0.0,208.00006866455777,0.1612903027331072,95,person,0.05,0.5,weighted_crc,segformer_b2_cityscapes,cityscapes_val_half,208
,,,1.0,1000,False,0.0,0.0,1.0,0.66,1000,170,334,0,0.0,0.0,False,0.0,0.0,0.0,208.00006866455777,0.1612903027331072,95,person,0.1,0.5,weighted_crc,segformer_b2_cityscapes,cityscapes_val_half,208
,,,0.9993918649987212,536,True,0.06960784313725489,0.06960784313725489,0.04997044429183006,29.594,525,170,334,18,0.05389221556886228,0.138,True,0.05263157894736842,0.06611570247933884,0.0,208.00006866455777,0.1612903027331072,95,person,0.2,0.5,weighted_crc,segformer_b2_cityscapes,cityscapes_val_half,208
,,,1.0,1000,False,0.0,0.0,1.0,0.944,1000,28,38,0,0.0,0.0,False,0.0,0.0,0.0,128.00003290176502,0.23809520836049838,95,rider,0.05,0.1,weighted_crc,segformer_b2_cityscapes,cityscapes_val_half,128
,,,1.0,1000,False,0.0,0.0,1.0,0.944,1000,28,38,0,0.0,0.0,False,0.0,0.0,0.0,128.00003290176502,0.23809520836049838,95,rider,0.1,0.1,weighted_crc,segformer_b2_cityscapes,cityscapes_val_half,128
,,,1.0,1000,False,0.0,0.0,1.0,0.944,1000,28,38,0,0.0,0.0,False,0.0,0.0,0.0,128.00003290176502,0.23809520836049838,95,rider,0.2,0.1,weighted_crc,segformer_b2_cityscapes,cityscapes_val_half,128
,,,1.0,1000,False,0.0,0.0,1.0,0.944,1000,28,38,0,0.0,0.0,False,0.0,0.0,0.0,128.00003290176502,0.23809520836049838,95,rider,0.05,0.5,weighted_crc,segformer_b2_cityscapes,cityscapes_val_half,128
,,,1.0,1000,False,0.0,0.0,1.0,0.944,1000,28,38,0,0.0,0.0,False,0.0,0.0,0.0,128.00003290176502,0.23809520836049838,95,rider,0.1,0.5,weighted_crc,segformer_b2_cityscapes,cityscapes_val_half,128
,,,1.0,1000,False,0.0,0.0,1.0,0.944,1000,28,38,0,0.0,0.0,False,0.0,0.0,0.0,128.00003290176502,0.23809520836049838,95,rider,0.2,0.5,weighted_crc,segformer_b2_cityscapes,cityscapes_val_half,128
,,,1.0,1000,False,0.0,0.0,1.0,0.834,1000,83,159,0,0.0,0.0,False,0.0,0.0,0.0,180.00008106232713,0.1818181502917636,95,bicycle,0.05,0.1,weighted_crc,segformer_b2_cityscapes,cityscapes_val_half,180
,,,1.0,1000,False,0.0,0.0,1.0,0.834,1000,83,159,0,0.0,0.0,False,0.0,0.0,0.0,180.00008106232713,0.1818181502917636,95,bicycle,0.1,0.1,weighted_crc,segformer_b2_cityscapes,cityscapes_val_half,180
,,,0.9998903521803857,660,True,0.08244406196213425,0.08244406196213425,0.04430859535932541,27.768,650,83,159,12,0.07547169811320754,0.10200000000000001,False,0.12643678160919541,0.017241379310344827,0.0,180.00008106232713,0.1818181502917636,95,bicycle,0.2,0.1,weighted_crc,segformer_b2_cityscapes,cityscapes_val_half,180
,,,1.0,1000,False,0.0,0.0,1.0,0.834,1000,83,159,0,0.0,0.0,False,0.0,0.0,0.0,180.00008106232713,0.1818181502917636,95,bicycle,0.05,0.5,weighted_crc,segformer_b2_cityscapes,cityscapes_val_half,180
,,,1.0,1000,False,0.0,0.0,1.0,0.834,1000,83,159,0,0.0,0.0,False,0.0,0.0,0.0,180.00008106232713,0.1818181502917636,95,bicycle,0.1,0.5,weighted_crc,segformer_b2_cityscapes,cityscapes_val_half,180
,,,0.9999442814251068,709,True,0.10332759609868043,0.10332759609868043,0.055739156901836395,32.058,700,83,159,16,0.10062893081761007,0.07199999999999998,False,0.16091954022988506,0.034482758620689655,0.0,180.00008106232713,0.1818181502917636,95,bicycle,0.2,0.5,weighted_crc,segformer_b2_cityscapes,cityscapes_val_half,180
,,,1.0,1000,False,0.0,0.0,1.0,0.66,1000,170,334,0,0.0,0.0,False,0.0,0.0,0.0,203.00006389618468,0.16460903282523037,96,person,0.05,0.1,weighted_crc,segformer_b2_cityscapes,cityscapes_val_half,203
,,,1.0,1000,False,0.0,0.0,1.0,0.66,1000,170,334,0,0.0,0.0,False,0.0,0.0,0.0,203.00006389618468,0.16460903282523037,96,person,0.1,0.1,weighted_crc,segformer_b2_cityscapes,cityscapes_val_half,203
,,,0.9985678121007264,474,True,0.06323529411764706,0.06323529411764706,0.03655869886279106,22.656,450,170,334,15,0.04491017964071856,0.138,True,0.05263157894736842,0.04132231404958678,0.0,203.00006389618468,0.16460903282523037,96,person,0.2,0.1,weighted_crc,segformer_b2_cityscapes,cityscapes_val_half,203
,,,1.0,1000,False,0.0,0.0,1.0,0.66,1000,170,334,0,0.0,0.0,False,0.0,0.0,0.0,203.00006389618468,0.16460903282523037,96,person,0.05,0.5,weighted_crc,segformer_b2_cityscapes,cityscapes_val_half,203
,,,1.0,1000,False,0.0,0.0,1.0,0.66,1000,170,334,0,0.0,0.0,False,0.0,0.0,0.0,203.00006389618468,0.16460903282523037,96,person,0.1,0.5,weighted_crc,segformer_b2_cityscapes,cityscapes_val_half,203
,,,0.9994002089237445,537,True,0.06960784313725489,0.06960784313725489,0.05022071301937103,29.594,525,170,334,18,0.05389221556886228,0.10999999999999999,False,0.05263157894736842,0.06611570247933884,0.0,203.00006389618468,0.16460903282523037,96,person,0.2,0.5,weighted_crc,segformer_b2_cityscapes,cityscapes_val_half,203
,,,1.0,1000,False,0.0,0.0,1.0,0.944,1000,28,38,0,0.0,0.0,False,0.0,0.0,0.0,123.00005912781427,0.24539872706150415,96,rider,0.05,0.1,weighted_crc,segformer_b2_cityscapes,cityscapes_val_half,123
,,,1.0,1000,False,0.0,0.0,1.0,0.944,1000,28,38,0,0.0,0.0,False,0.0,0.0,0.0,123.00005912781427,0.24539872706150415,96,rider,0.1,0.1,weighted_crc,segformer_b2_cityscapes,cityscapes_val_half,123
,,,1.0,1000,False,0.0,0.0,1.0,0.944,1000,28,38,0,0.0,0.0,False,0.0,0.0,0.0,123.00005912781427,0.24539872706150415,96,rider,0.2,0.1,weighted_crc,segformer_b2_cityscapes,cityscapes_val_half,123
,,,1.0,1000,False,0.0,0.0,1.0,0.944,1000,28,38,0,0.0,0.0,False,0.0,0.0,0.0,123.00005912781427,0.24539872706150415,96,rider,0.05,0.5,weighted_crc,segformer_b2_cityscapes,cityscapes_val_half,123
,,,1.0,1000,False,0.0,0.0,1.0,0.944,1000,28,38,0,0.0,0.0,False,0.0,0.0,0.0,123.00005912781427,0.24539872706150415,96,rider,0.1,0.5,weighted_crc,segformer_b2_cityscapes,cityscapes_val_half,123
,,,1.0,1000,False,0.0,0.0,1.0,0.944,1000,28,38,0,0.0,0.0,False,0.0,0.0,0.0,123.00005912781427,0.24539872706150415,96,rider,0.2,0.5,weighted_crc,segformer_b2_cityscapes,cityscapes_val_half,123
,,,1.0,1000,False,0.0,0.0,1.0,0.834,1000,83,159,0,0.0,0.0,False,0.0,0.0,0.0,166.00008726121231,0.19417471772866304,96,bicycle,0.05,0.1,weighted_crc,segformer_b2_cityscapes,cityscapes_val_half,166
,,,1.0,1000,False,0.0,0.0,1.0,0.834,1000,83,159,0,0.0,0.0,False,0.0,0.0,0.0,166.00008726121231,0.19417471772866304,96,bicycle,0.1,0.1,weighted_crc,segformer_b2_cityscapes,cityscapes_val_half,166
,,,0.9999796764298906,782,True,0.05461847389558233,0.05461847389558233,0.076488196849823,38.992,775,83,159,7,0.0440251572327044,0.10200000000000004,False,0.06896551724137931,0.017241379310344827,0.0,166.00008726121231,0.19417471772866304,96,bicycle,0.2,0.1,weighted_crc,segformer_b2_cityscapes,cityscapes_val_half,166
,,,1.0,1000,False,0.0,0.0,1.0,0.834,1000,83,159,0,0.0,0.0,False,0.0,0.0,0.0,166.00008726121231,0.19417471772866304,96,bicycle,0.05,0.5,weighted_crc,segformer_b2_cityscapes,cityscapes_val_half,166
,,,1.0,1000,False,0.0,0.0,1.0,0.834,1000,83,159,0,0.0,0.0,False,0.0,0.0,0.0,166.00008726121231,0.19417471772866304,96,bicycle,0.1,0.5,weighted_crc,segformer_b2_cityscapes,cityscapes_val_half,166
,,,0.9999858094247831,808,True,0.06305220883534135,0.06305220883534136,0.08490268886089325,40.838,800,83,159,9,0.05660377358490566,0.12400000000000005,False,0.09195402298850575,0.017241379310344827,0.0,166.00008726121231,0.19417471772866304,96,bicycle,0.2,0.5,weighted_crc,segformer_b2_cityscapes,cityscapes_val_half,166
,,,1.0,1000,False,0.0,0.0,1.0,0.66,1000,170,334,0,0.0,0.0,False,0.0,0.0,0.0,197.00008869172078,0.16877633870899725,97,person,0.05,0.1,weighted_crc,segformer_b2_cityscapes,cityscapes_val_half,197
,,,1.0,1000,False,0.0,0.0,1.0,0.66,1000,170,334,0,0.0,0.0,False,0.0,0.0,0.0,197.00008869172078,0.16877633870899725,97,person,0.1,0.1,weighted_crc,segformer_b2_cityscapes,cityscapes_val_half,197
,,,0.9986068431970547,476,True,0.06323529411764706,0.06323529411764706,0.03694397956132889,25.124,475,170,334,15,0.04491017964071856,0.15000000000000002,True,0.05263157894736842,0.04132231404958678,0.0,197.00008869172078,0.16877633870899725,97,person,0.2,0.1,weighted_crc,segformer_b2_cityscapes,cityscapes_val_half,197
,,,1.0,1000,False,0.0,0.0,1.0,0.66,1000,170,334,0,0.0,0.0,False,0.0,0.0,0.0,197.00008869172078,0.16877633870899725,97,person,0.05,0.5,weighted_crc,segformer_b2_cityscapes,cityscapes_val_half,197
,,,1.0,1000,False,0.0,0.0,1.0,0.66,1000,170,334,0,0.0,0.0,False,0.0,0.0,0.0,197.00008869172078,0.16877633870899725,97,person,0.1,0.5,weighted_crc,segformer_b2_cityscapes,cityscapes_val_half,197
,,,0.9994402423985049,542,True,0.06764705882352941,0.06764705882352941,0.051451295614242554,29.594,525,170,334,17,0.05089820359281437,0.122,False,0.05263157894736842,0.05785123966942149,0.0,197.00008869172078,0.16877633870899725,97,person,0.2,0.5,weighted_crc,segformer_b2_cityscapes,cityscapes_val_half,197
,,,1.0,1000,False,0.0,0.0,1.0,0.944,1000,28,38,0,0.0,0.0,False,0.0,0.0,0.0,128.00003290176502,0.23809520836049838,97,rider,0.05,0.1,weighted_crc,segformer_b2_cityscapes,cityscapes_val_half,128
,,,1.0,1000,False,0.0,0.0,1.0,0.944,1000,28,38,0,0.0,0.0,False,0.0,0.0,0.0,128.00003290176502,0.23809520836049838,97,rider,0.1,0.1,weighted_crc,segformer_b2_cityscapes,cityscapes_val_half,128
,,,1.0,1000,False,0.0,0.0,1.0,0.944,1000,28,38,0,0.0,0.0,False,0.0,0.0,0.0,128.00003290176502,0.23809520836049838,97,rider,0.2,0.1,weighted_crc,segformer_b2_cityscapes,cityscapes_val_half,128
,,,1.0,1000,False,0.0,0.0,1.0,0.944,1000,28,38,0,0.0,0.0,False,0.0,0.0,0.0,128.00003290176502,0.23809520836049838,97,rider,0.05,0.5,weighted_crc,segformer_b2_cityscapes,cityscapes_val_half,128
,,,1.0,1000,False,0.0,0.0,1.0,0.944,1000,28,38,0,0.0,0.0,False,0.0,0.0,0.0,128.00003290176502,0.23809520836049838,97,rider,0.1,0.5,weighted_crc,segformer_b2_cityscapes,cityscapes_val_half,128
,,,1.0,1000,False,0.0,0.0,1.0,0.944,1000,28,38,0,0.0,0.0,False,0.0,0.0,0.0,128.00003290176502,0.23809520836049838,97,rider,0.2,0.5,weighted_crc,segformer_b2_cityscapes,cityscapes_val_half,128
,,,1.0,1000,False,0.0,0.0,1.0,0.834,1000,83,159,0,0.0,0.0,False,0.0,0.0,0.0,170.0000715255803,0.19047615587576805,97,bicycle,0.05,0.1,weighted_crc,segformer_b2_cityscapes,cityscapes_val_half,170
,,,1.0,1000,False,0.0,0.0,1.0,0.834,1000,83,159,0,0.0,0.0,False,0.0,0.0,0.0,170.0000715255803,0.19047615587576805,97,bicycle,0.1,0.1,weighted_crc,segformer_b2_cityscapes,cityscapes_val_half,170
,,,0.9999386237994835,702,True,0.06637980493402179,0.0663798049340218,0.05398479476571083,32.058,700,83,159,10,0.06289308176100629,0.04199999999999998,False,0.10344827586206896,0.017241379310344827,0.0,170.0000715255803,0.19047615587576805,97,bicycle,0.2,0.1,weighted_crc,segformer_b2_cityscapes,cityscapes_val_half,170
,,,1.0,1000,False,0.0,0.0,1.0,0.834,1000,83,159,0,0.0,0.0,False,0.0,0.0,0.0,170.0000715255803,0.19047615587576805,97,bicycle,0.05,0.5,weighted_crc,segformer_b2_cityscapes,cityscapes_val_half,170
,,,1.0,1000,False,0.0,0.0,1.0,0.834,1000,83,159,0,0.0,0.0,False,0.0,0.0,0.0,170.0000715255803,0.19047615587576805,97,bicycle,0.1,0.5,weighted_crc,segformer_b2_cityscapes,cityscapes_val_half,170
,,,0.9999822989104168,792,True,0.06878944348823866,0.06878944348823866,0.07968772947788239,38.992,775,83,159,11,0.06918238993710692,0.11400000000000005,False,0.11494252873563218,0.017241379310344827,0.0,170.0000715255803,0.19047615587576805,97,bicycle,0.2,0.5,weighted_crc,segformer_b2_cityscapes,cityscapes_val_half,170
,,,1.0,1000,False,0.0,0.0,1.0,0.66,1000,170,334,0,0.0,0.0,False,0.0,0.0,0.0,200.0000762939526,0.16666664017571764,98,person,0.05,0.1,weighted_crc,segformer_b2_cityscapes,cityscapes_val_half,200
,,,1.0,1000,False,0.0,0.0,1.0,0.66,1000,170,334,0,0.0,0.0,False,0.0,0.0,0.0,200.0000762939526,0.16666664017571764,98,person,0.1,0.1,weighted_crc,segformer_b2_cityscapes,cityscapes_val_half,200
,,,0.9988196793643482,488,True,0.06323529411764706,0.06323529411764706,0.03931940346956253,25.124,475,170,334,15,0.04491017964071856,0.15000000000000002,True,0.05263157894736842,0.04132231404958678,0.0,200.0000762939526,0.16666664017571764,98,person,0.2,0.1,weighted_crc,segformer_b2_cityscapes,cityscapes_val_half,200
,,,1.0,1000,False,0.0,0.0,1.0,0.66,1000,170,334,0,0.0,0.0,False,0.0,0.0,0.0,200.0000762939526,0.16666664017571764,98,person,0.05,0.5,weighted_crc,segformer_b2_cityscapes,cityscapes_val_half,200
,,,1.0,1000,False,0.0,0.0,1.0,0.66,1000,170,334,0,0.0,0.0,False,0.0,0.0,0.0,200.0000762939526,0.16666664017571764,98,person,0.1,0.5,weighted_crc,segformer_b2_cityscapes,cityscapes_val_half,200
,,,0.9996548562606642,577,True,0.061764705882352944,0.061764705882352944,0.06073551997542381,34.07,575,170,334,15,0.04491017964071856,0.1060000000000001,False,0.042105263157894736,0.05785123966942149,0.0,200.0000762939526,0.16666664017571764,98,person,0.2,0.5,weighted_crc,segformer_b2_cityscapes,cityscapes_val_half,200
,,,1.0,1000,False,0.0,0.0,1.0,0.944,1000,28,38,0,0.0,0.0,False,0.0,0.0,0.0,134.99999761581424,0.22857142857142856,98,rider,0.05,0.1,weighted_crc,segformer_b2_cityscapes,cityscapes_val_half,135
,,,1.0,1000,False,0.0,0.0,1.0,0.944,1000,28,38,0,0.0,0.0,False,0.0,0.0,0.0,134.99999761581424,0.22857142857142856,98,rider,0.1,0.1,weighted_crc,segformer_b2_cityscapes,cityscapes_val_half,135
,,,1.0,1000,False,0.0,0.0,1.0,0.944,1000,28,38,0,0.0,0.0,False,0.0,0.0,0.0,134.99999761581424,0.22857142857142856,98,rider,0.2,0.1,weighted_crc,segformer_b2_cityscapes,cityscapes_val_half,135
,,,1.0,1000,False,0.0,0.0,1.0,0.944,1000,28,38,0,0.0,0.0,False,0.0,0.0,0.0,134.99999761581424,0.22857142857142856,98,rider,0.05,0.5,weighted_crc,segformer_b2_cityscapes,cityscapes_val_half,135
,,,1.0,1000,False,0.0,0.0,1.0,0.944,1000,28,38,0,0.0,0.0,False,0.0,0.0,0.0,134.99999761581424,0.22857142857142856,98,rider,0.1,0.5,weighted_crc,segformer_b2_cityscapes,cityscapes_val_half,135
,,,1.0,1000,False,0.0,0.0,1.0,0.944,1000,28,38,0,0.0,0.0,False,0.0,0.0,0.0,134.99999761581424,0.22857142857142856,98,rider,0.2,0.5,weighted_crc,segformer_b2_cityscapes,cityscapes_val_half,135
,,,1.0,1000,False,0.0,0.0,1.0,0.834,1000,83,159,0,0.0,0.0,False,0.0,0.0,0.0,167.0000958442838,0.19323667224312627,98,bicycle,0.05,0.1,weighted_crc,segformer_b2_cityscapes,cityscapes_val_half,167
,,,1.0,1000,False,0.0,0.0,1.0,0.834,1000,83,159,0,0.0,0.0,False,0.0,0.0,0.0,167.0000958442838,0.19323667224312627,98,bicycle,0.1,0.1,weighted_crc,segformer_b2_cityscapes,cityscapes_val_half,167
,,,0.999958313061653,730,True,0.06637980493402179,0.0663798049340218,0.061229970306158066,34.528,725,83,159,10,0.06289308176100629,0.04999999999999999,False,0.10344827586206896,0.017241379310344827,0.0,167.0000958442838,0.19323667224312627,98,bicycle,0.2,0.1,weighted_crc,segformer_b2_cityscapes,cityscapes_val_half,167
,,,1.0,1000,False,0.0,0.0,1.0,0.834,1000,83,159,0,0.0,0.0,False,0.0,0.0,0.0,167.0000958442838,0.19323667224312627,98,bicycle,0.05,0.5,weighted_crc,segformer_b2_cityscapes,cityscapes_val_half,167
,,,1.0,1000,False,0.0,0.0,1.0,0.834,1000,83,159,0,0.0,0.0,False,0.0,0.0,0.0,167.0000958442838,0.19323667224312627,98,bicycle,0.1,0.5,weighted_crc,segformer_b2_cityscapes,cityscapes_val_half,167
,,,0.9999863855531753,811,True,0.06305220883534135,0.06305220883534136,0.08595724403858185,40.838,800,83,159,9,0.05660377358490566,0.10400000000000004,False,0.09195402298850575,0.017241379310344827,0.0,167.0000958442838,0.19323667224312627,98,bicycle,0.2,0.5,weighted_crc,segformer_b2_cityscapes,cityscapes_val_half,167
,,,1.0,1000,False,0.0,0.0,1.0,0.66,1000,170,334,0,0.0,0.0,False,0.0,0.0,0.0,202.00009346009426,0.1652892249324783,99,person,0.05,0.1,weighted_crc,segformer_b2_cityscapes,cityscapes_val_half,202
,,,1.0,1000,False,0.0,0.0,1.0,0.66,1000,170,334,0,0.0,0.0,False,0.0,0.0,0.0,202.00009346009426,0.1652892249324783,99,person,0.1,0.1,weighted_crc,segformer_b2_cityscapes,cityscapes_val_half,202
,,,0.9987526164857571,484,True,0.06323529411764706,0.06323529411764706,0.03851815685629845,25.124,475,170,334,15,0.04491017964071856,0.15800000000000003,True,0.05263157894736842,0.04132231404958678,0.0,202.00009346009426,0.1652892249324783,99,person,0.2,0.1,weighted_crc,segformer_b2_cityscapes,cityscapes_val_half,202
,,,1.0,1000,False,0.0,0.0,1.0,0.66,1000,170,334,0,0.0,0.0,False,0.0,0.0,0.0,202.00009346009426,0.1652892249324783,99,person,0.05,0.5,weighted_crc,segformer_b2_cityscapes,cityscapes_val_half,202
,,,1.0,1000,False,0.0,0.0,1.0,0.66,1000,170,334,0,0.0,0.0,False,0.0,0.0,0.0,202.00009346009426,0.1652892249324783,99,person,0.1,0.5,weighted_crc,segformer_b2_cityscapes,cityscapes_val_half,202
,,,0.9995574116276373,559,True,0.061764705882352944,0.061764705882352944,0.05580802261829376,31.994,550,170,334,15,0.04491017964071856,0.126,True,0.042105263157894736,0.05785123966942149,0.0,202.00009346009426,0.1652892249324783,99,person,0.2,0.5,weighted_crc,segformer_b2_cityscapes,cityscapes_val_half,202
,,,1.0,1000,False,0.0,0.0,1.0,0.944,1000,28,38,0,0.0,0.0,False,0.0,0.0,0.0,138.0000114440918,0.22471908667580978,99,rider,0.05,0.1,weighted_crc,segformer_b2_cityscapes,cityscapes_val_half,138
,,,1.0,1000,False,0.0,0.0,1.0,0.944,1000,28,38,0,0.0,0.0,False,0.0,0.0,0.0,138.0000114440918,0.22471908667580978,99,rider,0.1,0.1,weighted_crc,segformer_b2_cityscapes,cityscapes_val_half,138
,,,1.0,1000,False,0.0,0.0,1.0,0.944,1000,28,38,0,0.0,0.0,False,0.0,0.0,0.0,138.0000114440918,0.22471908667580978,99,rider,0.2,0.1,weighted_crc,segformer_b2_cityscapes,cityscapes_val_half,138
,,,1.0,1000,False,0.0,0.0,1.0,0.944,1000,28,38,0,0.0,0.0,False,0.0,0.0,0.0,138.0000114440918,0.22471908667580978,99,rider,0.05,0.5,weighted_crc,segformer_b2_cityscapes,cityscapes_val_half,138
,,,1.0,1000,False,0.0,0.0,1.0,0.944,1000,28,38,0,0.0,0.0,False,0.0,0.0,0.0,138.0000114440918,0.22471908667580978,99,rider,0.1,0.5,weighted_crc,segformer_b2_cityscapes,cityscapes_val_half,138
,,,1.0,1000,False,0.0,0.0,1.0,0.944,1000,28,38,0,0.0,0.0,False,0.0,0.0,0.0,138.0000114440918,0.22471908667580978,99,rider,0.2,0.5,weighted_crc,segformer_b2_cityscapes,cityscapes_val_half,138
,,,1.0,1000,False,0.0,0.0,1.0,0.834,1000,83,159,0,0.0,0.0,False,0.0,0.0,0.0,181.0000896453983,0.18099544074719032,99,bicycle,0.05,0.1,weighted_crc,segformer_b2_cityscapes,cityscapes_val_half,181
,,,1.0,1000,False,0.0,0.0,1.0,0.834,1000,83,159,0,0.0,0.0,False,0.0,0.0,0.0,181.0000896453983,0.18099544074719032,99,bicycle,0.1,0.1,weighted_crc,segformer_b2_cityscapes,cityscapes_val_half,181
,,,0.9998872802543824,658,True,0.08244406196213425,0.08244406196213425,0.043876778334379196,27.768,650,83,159,12,0.07547169811320754,0.122,False,0.12643678160919541,0.017241379310344827,0.0,181.0000896453983,0.18099544074719032,99,bicycle,0.2,0.1,weighted_crc,segformer_b2_cityscapes,cityscapes_val_half,181
,,,1.0,1000,False,0.0,0.0,1.0,0.834,1000,83,159,0,0.0,0.0,False,0.0,0.0,0.0,181.0000896453983,0.18099544074719032,99,bicycle,0.05,0.5,weighted_crc,segformer_b2_cityscapes,cityscapes_val_half,181
,,,1.0,1000,False,0.0,0.0,1.0,0.834,1000,83,159,0,0.0,0.0,False,0.0,0.0,0.0,181.0000896453983,0.18099544074719032,99,bicycle,0.1,0.5,weighted_crc,segformer_b2_cityscapes,cityscapes_val_half,181
,,,0.9999442814251068,709,True,0.10332759609868043,0.10332759609868043,0.055739156901836395,32.058,700,83,159,16,0.10062893081761007,0.07599999999999996,False,0.16091954022988506,0.034482758620689655,0.0,181.0000896453983,0.18099544074719032,99,bicycle,0.2,0.5,weighted_crc,segformer_b2_cityscapes,cityscapes_val_half,181
