lam,lam_index,feasible,controlled_risk,region_fnr,marked_area_fraction,fp_components_per_image,n_test_images,n_test_components,monitor_ks,monitor_flag,fnr_stratum0,fnr_stratum1,fnr_stratum2,weight_ess,weight_p_test,seed,class_name,alpha,rho,method,model,scheme,n_cal_images,region_fnr_component_avg
1.0,1000,False,0.0,0.0,1.0,0.6652631578947369,159,313.0,0.0,False,0.0,0.0,0.0,,,0,person,0.05,0.1,region_crc,segformer_b2_cityscapes_mcdrop8,acdc_rain_targetcal25,11,
0.977,977,True,0.2277025210987475,0.2277025210987475,0.014445601962506771,15.858947368421052,159,313.0,0.12631578947368416,False,0.2752808988764045,0.09821428571428571,0.0,,,0,person,0.05,0.1,heuristic,segformer_b2_cityscapes_mcdrop8,acdc_rain_targetcal25,11,
,-1,True,,0.637095015396902,0.0018387995660305023,,475,,,False,,,,,,0,person,0.05,0.1,argmax,segformer_b2_cityscapes_mcdrop8,acdc_rain_targetcal25,11,0.5910543130990416
0.977,977,True,0.2277025210987475,0.2277025210987475,0.014445601962506771,15.858947368421052,159,313.0,0.12631578947368416,False,0.2752808988764045,0.09821428571428571,0.0,,,0,person,0.1,0.1,region_crc,segformer_b2_cityscapes_mcdrop8,acdc_rain_targetcal25,11,
0.976,976,True,0.2277025210987475,0.2277025210987475,0.014109795913100243,15.858947368421052,159,313.0,0.12210526315789472,False,0.2752808988764045,0.09821428571428571,0.0,,,0,person,0.1,0.1,heuristic,segformer_b2_cityscapes_mcdrop8,acdc_rain_targetcal25,11,
,-1,True,,0.637095015396902,0.0018387995660305023,,475,,,False,,,,,,0,person,0.1,0.1,argmax,segformer_b2_cityscapes_mcdrop8,acdc_rain_targetcal25,11,0.5910543130990416
0.976,976,True,0.2277025210987475,0.2277025210987475,0.014109795913100243,15.858947368421052,159,313.0,0.12210526315789472,False,0.2752808988764045,0.09821428571428571,0.0,,,0,person,0.2,0.1,region_crc,segformer_b2_cityscapes_mcdrop8,acdc_rain_targetcal25,11,
0.968,968,True,0.25791078243908433,0.25791078243908433,0.011956223286688328,15.858947368421052,159,313.0,0.12210526315789472,False,0.3258426966292135,0.10714285714285714,0.0,,,0,person,0.2,0.1,heuristic,segformer_b2_cityscapes_mcdrop8,acdc_rain_targetcal25,11,
,-1,True,,0.637095015396902,0.0018387995660305023,,475,,,False,,,,,,0,person,0.2,0.1,argmax,segformer_b2_cityscapes_mcdrop8,acdc_rain_targetcal25,11,0.5910543130990416
1.0,1000,False,0.0,0.0,1.0,0.6652631578947369,159,313.0,0.0,False,0.0,0.0,0.0,,,0,person,0.05,0.5,region_crc,segformer_b2_cityscapes_mcdrop8,acdc_rain_targetcal25,11,
0.986,986,True,0.27189700585927,0.27189700585927,0.018854185938835144,15.858947368421052,159,313.0,0.11999999999999988,False,0.3202247191011236,0.13392857142857142,0.0,,,0,person,0.05,0.5,heuristic,segformer_b2_cityscapes_mcdrop8,acdc_rain_targetcal25,11,
,-1,True,,0.7573955045653159,0.0018387995660305023,,475,,,False,,,,,,0,person,0.05,0.5,argmax,segformer_b2_cityscapes_mcdrop8,acdc_rain_targetcal25,11,0.6932907348242812
0.994,994,True,0.17407407407407408,0.17407407407407408,0.02859562635421753,0.6652631578947369,159,313.0,0.08631578947368423,False,0.1853932584269663,0.10714285714285714,0.0,,,0,person,0.1,0.5,region_crc,segformer_b2_cityscapes_mcdrop8,acdc_rain_targetcal25,11,
0.986,986,True,0.27189700585927,0.27189700585927,0.018854185938835144,15.858947368421052,159,313.0,0.11999999999999988,False,0.3202247191011236,0.13392857142857142,0.0,,,0,person,0.1,0.5,heuristic,segformer_b2_cityscapes_mcdrop8,acdc_rain_targetcal25,11,
,-1,True,,0.7573955045653159,0.0018387995660305023,,475,,,False,,,,,,0,person,0.1,0.5,argmax,segformer_b2_cityscapes_mcdrop8,acdc_rain_targetcal25,11,0.6932907348242812
0.986,986,True,0.27189700585927,0.27189700585927,0.018854185938835144,15.858947368421052,159,313.0,0.11999999999999988,False,0.3202247191011236,0.13392857142857142,0.0,,,0,person,0.2,0.5,region_crc,segformer_b2_cityscapes_mcdrop8,acdc_rain_targetcal25,11,
0.977,977,True,0.34669484952503815,0.34669484952503815,0.014445601962506771,15.858947368421052,159,313.0,0.12631578947368416,False,0.39325842696629215,0.20535714285714285,0.08695652173913043,,,0,person,0.2,0.5,heuristic,segformer_b2_cityscapes_mcdrop8,acdc_rain_targetcal25,11,
,-1,True,,0.7573955045653159,0.0018387995660305023,,475,,,False,,,,,,0,person,0.2,0.5,argmax,segformer_b2_cityscapes_mcdrop8,acdc_rain_targetcal25,11,0.6932907348242812
1.0,1000,False,0.0,0.0,1.0,0.9431578947368421,27,37.0,0.0,False,0.0,0.0,0.0,,,0,rider,0.05,0.1,region_crc,segformer_b2_cityscapes_mcdrop8,acdc_rain_targetcal25,1,
0.998,998,True,0.32098765432098764,0.32098765432098764,0.007472268305718899,0.9431578947368421,27,37.0,0.14315789473684204,False,0.46153846153846156,0.0,0.0,,,0,rider,0.05,0.1,heuristic,segformer_b2_cityscapes_mcdrop8,acdc_rain_targetcal25,1,
,-1,True,,0.7962962962962963,0.00024054072855506092,,475,,,False,,,,,,0,rider,0.05,0.1,argmax,segformer_b2_cityscapes_mcdrop8,acdc_rain_targetcal25,1,0.8108108108108109
1.0,1000,False,0.0,0.0,1.0,0.9431578947368421,27,37.0,0.0,False,0.0,0.0,0.0,,,0,rider,0.1,0.1,region_crc,segformer_b2_cityscapes_mcdrop8,acdc_rain_targetcal25,1,
0.998,998,True,0.32098765432098764,0.32098765432098764,0.007472268305718899,0.9431578947368421,27,37.0,0.14315789473684204,False,0.46153846153846156,0.0,0.0,,,0,rider,0.1,0.1,heuristic,segformer_b2_cityscapes_mcdrop8,acdc_rain_targetcal25,1,
,-1,True,,0.7962962962962963,0.00024054072855506092,,475,,,False,,,,,,0,rider,0.1,0.1,argmax,segformer_b2_cityscapes_mcdrop8,acdc_rain_targetcal25,1,0.8108108108108109
1.0,1000,False,0.0,0.0,1.0,0.9431578947368421,27,37.0,0.0,False,0.0,0.0,0.0,,,0,rider,0.2,0.1,region_crc,segformer_b2_cityscapes_mcdrop8,acdc_rain_targetcal25,1,
0.998,998,True,0.32098765432098764,0.32098765432098764,0.007472268305718899,0.9431578947368421,27,37.0,0.14315789473684204,False,0.46153846153846156,0.0,0.0,,,0,rider,0.2,0.1,heuristic,segformer_b2_cityscapes_mcdrop8,acdc_rain_targetcal25,1,
,-1,True,,0.7962962962962963,0.00024054072855506092,,475,,,False,,,,,,0,rider,0.2,0.1,argmax,segformer_b2_cityscapes_mcdrop8,acdc_rain_targetcal25,1,0.8108108108108109
1.0,1000,False,0.0,0.0,1.0,0.9431578947368421,27,37.0,0.0,False,0.0,0.0,0.0,,,0,rider,0.05,0.5,region_crc,segformer_b2_cityscapes_mcdrop8,acdc_rain_targetcal25,1,
1.0,1000,True,0.0,0.0,1.0,0.9431578947368421,27,37.0,0.0,False,0.0,0.0,0.0,,,0,rider,0.05,0.5,heuristic,segformer_b2_cityscapes_mcdrop8,acdc_rain_targetcal25,1,
,-1,True,,0.8518518518518519,0.00024054072855506092,,475,,,False,,,,,,0,rider,0.05,0.5,argmax,segformer_b2_cityscapes_mcdrop8,acdc_rain_targetcal25,1,0.8648648648648649
1.0,1000,False,0.0,0.0,1.0,0.9431578947368421,27,37.0,0.0,False,0.0,0.0,0.0,,,0,rider,0.1,0.5,region_crc,segformer_b2_cityscapes_mcdrop8,acdc_rain_targetcal25,1,
1.0,1000,True,0.0,0.0,1.0,0.9431578947368421,27,37.0,0.0,False,0.0,0.0,0.0,,,0,rider,0.1,0.5,heuristic,segformer_b2_cityscapes_mcdrop8,acdc_rain_targetcal25,1,
,-1,True,,0.8518518518518519,0.00024054072855506092,,475,,,False,,,,,,0,rider,0.1,0.5,argmax,segformer_b2_cityscapes_mcdrop8,acdc_rain_targetcal25,1,0.8648648648648649
1.0,1000,False,0.0,0.0,1.0,0.9431578947368421,27,37.0,0.0,False,0.0,0.0,0.0,,,0,rider,0.2,0.5,region_crc,segformer_b2_cityscapes_mcdrop8,acdc_rain_targetcal25,1,
1.0,1000,True,0.0,0.0,1.0,0.9431578947368421,27,37.0,0.0,False,0.0,0.0,0.0,,,0,rider,0.2,0.5,heuristic,segformer_b2_cityscapes_mcdrop8,acdc_rain_targetcal25,1,
,-1,True,,0.8518518518518519,0.00024054072855506092,,475,,,False,,,,,,0,rider,0.2,0.5,argmax,segformer_b2_cityscapes_mcdrop8,acdc_rain_targetcal25,1,0.8648648648648649
1.0,1000,False,0.0,0.0,1.0,0.8294736842105264,81,157.0,0.0,False,0.0,0.0,0.0,,,0,bicycle,0.05,0.1,region_crc,segformer_b2_cityscapes_mcdrop8,acdc_rain_targetcal25,2,
0.998,998,True,0.21781305114638447,0.21781305114638444,0.02059830166399479,0.8294736842105264,81,157.0,0.15368421052631576,False,0.32558139534883723,0.07017543859649122,0.0,,,0,bicycle,0.05,0.1,heuristic,segformer_b2_cityscapes_mcdrop8,acdc_rain_targetcal25,2,
,-1,True,,0.7433568489124045,0.0011223278706893325,,475,,,False,,,,,,0,bicycle,0.05,0.1,argmax,segformer_b2_cityscapes_mcdrop8,acdc_rain_targetcal25,2,0.7261146496815286
1.0,1000,False,0.0,0.0,1.0,0.8294736842105264,81,157.0,0.0,False,0.0,0.0,0.0,,,0,bicycle,0.1,0.1,region_crc,segformer_b2_cityscapes_mcdrop8,acdc_rain_targetcal25,2,
0.998,998,True,0.21781305114638447,0.21781305114638444,0.02059830166399479,0.8294736842105264,81,157.0,0.15368421052631576,False,0.32558139534883723,0.07017543859649122,0.0,,,0,bicycle,0.1,0.1,heuristic,segformer_b2_cityscapes_mcdrop8,acdc_rain_targetcal25,2,
,-1,True,,0.7433568489124045,0.0011223278706893325,,475,,,False,,,,,,0,bicycle,0.1,0.1,argmax,segformer_b2_cityscapes_mcdrop8,acdc_rain_targetcal25,2,0.7261146496815286
1.0,1000,False,0.0,0.0,1.0,0.8294736842105264,81,157.0,0.0,False,0.0,0.0,0.0,,,0,bicycle,0.2,0.1,region_crc,segformer_b2_cityscapes_mcdrop8,acdc_rain_targetcal25,2,
0.998,998,True,0.21781305114638447,0.21781305114638444,0.02059830166399479,0.8294736842105264,81,157.0,0.15368421052631576,False,0.32558139534883723,0.07017543859649122,0.0,,,0,bicycle,0.2,0.1,heuristic,segformer_b2_cityscapes_mcdrop8,acdc_rain_targetcal25,2,
,-1,True,,0.7433568489124045,0.0011223278706893325,,475,,,False,,,,,,0,bicycle,0.2,0.1,argmax,segformer_b2_cityscapes_mcdrop8,acdc_rain_targetcal25,2,0.7261146496815286
1.0,1000,False,0.0,0.0,1.0,0.8294736842105264,81,157.0,0.0,False,0.0,0.0,0.0,,,0,bicycle,0.05,0.5,region_crc,segformer_b2_cityscapes_mcdrop8,acdc_rain_targetcal25,2,
0.999,999,True,0.2260435038212816,0.2260435038212816,0.028379512950778008,0.8294736842105264,81,157.0,0.19157894736842107,False,0.3023255813953488,0.10526315789473684,0.0,,,0,bicycle,0.05,0.5,heuristic,segformer_b2_cityscapes_mcdrop8,acdc_rain_targetcal25,2,
,-1,True,,0.7684597295708406,0.0011223278706893325,,475,,,False,,,,,,0,bicycle,0.05,0.5,argmax,segformer_b2_cityscapes_mcdrop8,acdc_rain_targetcal25,2,0.7515923566878981
1.0,1000,False,0.0,0.0,1.0,0.8294736842105264,81,157.0,0.0,False,0.0,0.0,0.0,,,0,bicycle,0.1,0.5,region_crc,segformer_b2_cityscapes_mcdrop8,acdc_rain_targetcal25,2,
0.999,999,True,0.2260435038212816,0.2260435038212816,0.028379512950778008,0.8294736842105264,81,157.0,0.19157894736842107,False,0.3023255813953488,0.10526315789473684,0.0,,,0,bicycle,0.1,0.5,heuristic,segformer_b2_cityscapes_mcdrop8,acdc_rain_targetcal25,2,
,-1,True,,0.7684597295708406,0.0011223278706893325,,475,,,False,,,,,,0,bicycle,0.1,0.5,argmax,segformer_b2_cityscapes_mcdrop8,acdc_rain_targetcal25,2,0.7515923566878981
1.0,1000,False,0.0,0.0,1.0,0.8294736842105264,81,157.0,0.0,False,0.0,0.0,0.0,,,0,bicycle,0.2,0.5,region_crc,segformer_b2_cityscapes_mcdrop8,acdc_rain_targetcal25,2,
0.999,999,True,0.2260435038212816,0.2260435038212816,0.028379512950778008,0.8294736842105264,81,157.0,0.19157894736842107,False,0.3023255813953488,0.10526315789473684,0.0,,,0,bicycle,0.2,0.5,heuristic,segformer_b2_cityscapes_mcdrop8,acdc_rain_targetcal25,2,
,-1,True,,0.7684597295708406,0.0011223278706893325,,475,,,False,,,,,,0,bicycle,0.2,0.5,argmax,segformer_b2_cityscapes_mcdrop8,acdc_rain_targetcal25,2,0.7515923566878981
1.0,1000,False,0.0,0.0,1.0,0.6631578947368421,160,317.0,0.0,False,0.0,0.0,0.0,,,1,person,0.05,0.1,region_crc,segformer_b2_cityscapes_mcdrop8,acdc_rain_targetcal25,10,
0.9500000000000001,950,True,0.3298405067155067,0.3298405067155067,0.009094533510506153,10.64421052631579,160,317.0,0.09052631578947368,False,0.4,0.16521739130434782,0.0,,,1,person,0.05,0.1,heuristic,segformer_b2_cityscapes_mcdrop8,acdc_rain_targetcal25,10,
,-1,True,,0.6404048382173382,0.0018140937900170684,,475,,,False,,,,,,1,person,0.05,0.1,argmax,segformer_b2_cityscapes_mcdrop8,acdc_rain_targetcal25,10,0.5930599369085173
0.9550000000000001,955,True,0.31973634004884,0.31973634004884005,0.00971767958253622,10.64421052631579,160,317.0,0.08421052631578951,False,0.37777777777777777,0.1565217391304348,0.0,,,1,person,0.1,0.1,region_crc,segformer_b2_cityscapes_mcdrop8,acdc_rain_targetcal25,10,
0.9500000000000001,950,True,0.3298405067155067,0.3298405067155067,0.009094533510506153,10.64421052631579,160,317.0,0.09052631578947368,False,0.4,0.16521739130434782,0.0,,,1,person,0.1,0.1,heuristic,segformer_b2_cityscapes_mcdrop8,acdc_rain_targetcal25,10,
,-1,True,,0.6404048382173382,0.0018140937900170684,,475,,,False,,,,,,1,person,0.1,0.1,argmax,segformer_b2_cityscapes_mcdrop8,acdc_rain_targetcal25,10,0.5930599369085173
0.9500000000000001,950,True,0.3298405067155067,0.3298405067155067,0.009094533510506153,10.64421052631579,160,317.0,0.09052631578947368,False,0.4,0.16521739130434782,0.0,,,1,person,0.2,0.1,region_crc,segformer_b2_cityscapes_mcdrop8,acdc_rain_targetcal25,10,
0.9400000000000001,940,True,0.36911134004884005,0.36911134004884005,0.008083540014922619,10.64421052631579,160,317.0,0.10736842105263159,False,0.4388888888888889,0.1826086956521739,0.045454545454545456,,,1,person,0.2,0.1,heuristic,segformer_b2_cityscapes_mcdrop8,acdc_rain_targetcal25,10,
,-1,True,,0.6404048382173382,0.0018140937900170684,,475,,,False,,,,,,1,person,0.2,0.1,argmax,segformer_b2_cityscapes_mcdrop8,acdc_rain_targetcal25,10,0.5930599369085173
1.0,1000,False,0.0,0.0,1.0,0.6631578947368421,160,317.0,0.0,False,0.0,0.0,0.0,,,1,person,0.05,0.5,region_crc,segformer_b2_cityscapes_mcdrop8,acdc_rain_targetcal25,10,
0.972,972,True,0.39598634004884004,0.39598634004884004,0.01289152167737484,15.74736842105263,160,317.0,0.08421052631578946,False,0.45,0.21739130434782608,0.09090909090909091,,,1,person,0.05,0.5,heuristic,segformer_b2_cityscapes_mcdrop8,acdc_rain_targetcal25,10,
,-1,True,,0.7620367826617827,0.0018140937900170684,,475,,,False,,,,,,1,person,0.05,0.5,argmax,segformer_b2_cityscapes_mcdrop8,acdc_rain_targetcal25,10,0.7003154574132492
0.985,985,True,0.2992155067155068,0.2992155067155067,0.018111875280737877,15.74736842105263,160,317.0,0.12210526315789472,False,0.3388888888888889,0.14782608695652175,0.045454545454545456,,,1,person,0.1,0.5,region_crc,segformer_b2_cityscapes_mcdrop8,acdc_rain_targetcal25,10,
0.972,972,True,0.39598634004884004,0.39598634004884004,0.01289152167737484,15.74736842105263,160,317.0,0.08421052631578946,False,0.45,0.21739130434782608,0.09090909090909091,,,1,person,0.1,0.5,heuristic,segformer_b2_cityscapes_mcdrop8,acdc_rain_targetcal25,10,
,-1,True,,0.7620367826617827,0.0018140937900170684,,475,,,False,,,,,,1,person,0.1,0.5,argmax,segformer_b2_cityscapes_mcdrop8,acdc_rain_targetcal25,10,0.7003154574132492
0.972,972,True,0.39598634004884004,0.39598634004884004,0.01289152167737484,15.74736842105263,160,317.0,0.08421052631578946,False,0.45,0.21739130434782608,0.09090909090909091,,,1,person,0.2,0.5,region_crc,segformer_b2_cityscapes_mcdrop8,acdc_rain_targetcal25,10,
0.969,969,True,0.41004884004884,0.41004884004884,0.012157384306192398,15.74736842105263,160,317.0,0.08631578947368423,False,0.4722222222222222,0.21739130434782608,0.09090909090909091,,,1,person,0.2,0.5,heuristic,segformer_b2_cityscapes_mcdrop8,acdc_rain_targetcal25,10,
,-1,True,,0.7620367826617827,0.0018140937900170684,,475,,,False,,,,,,1,person,0.2,0.5,argmax,segformer_b2_cityscapes_mcdrop8,acdc_rain_targetcal25,10,0.7003154574132492
,-1,False,,,,,475,,,False,,,,,,1,rider,0.05,0.1,region_crc,segformer_b2_cityscapes_mcdrop8,acdc_rain_targetcal25,0,
,-1,False,,,,,475,,,False,,,,,,1,rider,0.05,0.1,heuristic,segformer_b2_cityscapes_mcdrop8,acdc_rain_targetcal25,0,
,-1,True,,0.8035714285714286,0.00024432767531834543,,475,,,False,,,,,,1,rider,0.05,0.1,argmax,segformer_b2_cityscapes_mcdrop8,acdc_rain_targetcal25,0,0.8157894736842105
,-1,False,,,,,475,,,False,,,,,,1,rider,0.1,0.1,region_crc,segformer_b2_cityscapes_mcdrop8,acdc_rain_targetcal25,0,
,-1,False,,,,,475,,,False,,,,,,1,rider,0.1,0.1,heuristic,segformer_b2_cityscapes_mcdrop8,acdc_rain_targetcal25,0,
,-1,True,,0.8035714285714286,0.00024432767531834543,,475,,,False,,,,,,1,rider,0.1,0.1,argmax,segformer_b2_cityscapes_mcdrop8,acdc_rain_targetcal25,0,0.8157894736842105
,-1,False,,,,,475,,,False,,,,,,1,rider,0.2,0.1,region_crc,segformer_b2_cityscapes_mcdrop8,acdc_rain_targetcal25,0,
,-1,False,,,,,475,,,False,,,,,,1,rider,0.2,0.1,heuristic,segformer_b2_cityscapes_mcdrop8,acdc_rain_targetcal25,0,
,-1,True,,0.8035714285714286,0.00024432767531834543,,475,,,False,,,,,,1,rider,0.2,0.1,argmax,segformer_b2_cityscapes_mcdrop8,acdc_rain_targetcal25,0,0.8157894736842105
,-1,False,,,,,475,,,False,,,,,,1,rider,0.05,0.5,region_crc,segformer_b2_cityscapes_mcdrop8,acdc_rain_targetcal25,0,
,-1,False,,,,,475,,,False,,,,,,1,rider,0.05,0.5,heuristic,segformer_b2_cityscapes_mcdrop8,acdc_rain_targetcal25,0,
,-1,True,,0.8571428571428571,0.00024432767531834543,,475,,,False,,,,,,1,rider,0.05,0.5,argmax,segformer_b2_cityscapes_mcdrop8,acdc_rain_targetcal25,0,0.868421052631579
,-1,False,,,,,475,,,False,,,,,,1,rider,0.1,0.5,region_crc,segformer_b2_cityscapes_mcdrop8,acdc_rain_targetcal25,0,
,-1,False,,,,,475,,,False,,,,,,1,rider,0.1,0.5,heuristic,segformer_b2_cityscapes_mcdrop8,acdc_rain_targetcal25,0,
,-1,True,,0.8571428571428571,0.00024432767531834543,,475,,,False,,,,,,1,rider,0.1,0.5,argmax,segformer_b2_cityscapes_mcdrop8,acdc_rain_targetcal25,0,0.868421052631579
,-1,False,,,,,475,,,False,,,,,,1,rider,0.2,0.5,region_crc,segformer_b2_cityscapes_mcdrop8,acdc_rain_targetcal25,0,
,-1,False,,,,,475,,,False,,,,,,1,rider,0.2,0.5,heuristic,segformer_b2_cityscapes_mcdrop8,acdc_rain_targetcal25,0,
,-1,True,,0.8571428571428571,0.00024432767531834543,,475,,,False,,,,,,1,rider,0.2,0.5,argmax,segformer_b2_cityscapes_mcdrop8,acdc_rain_targetcal25,0,0.868421052631579
1.0,1000,False,0.0,0.0,1.0,0.8357894736842105,78,152.0,0.0,False,0.0,0.0,0.0,,,1,bicycle,0.05,0.1,region_crc,segformer_b2_cityscapes_mcdrop8,acdc_rain_targetcal25,5,
0.998,998,True,0.2261904761904762,0.2261904761904762,0.02049051597714424,0.8357894736842105,78,152.0,0.10736842105263156,False,0.3373493975903614,0.07142857142857142,0.0,,,1,bicycle,0.05,0.1,heuristic,segformer_b2_cityscapes_mcdrop8,acdc_rain_targetcal25,5,
,-1,True,,0.7463064713064713,0.00111541582737118,,475,,,False,,,,,,1,bicycle,0.05,0.1,argmax,segformer_b2_cityscapes_mcdrop8,acdc_rain_targetcal25,5,0.7236842105263158
1.0,1000,False,0.0,0.0,1.0,0.8357894736842105,78,152.0,0.0,False,0.0,0.0,0.0,,,1,bicycle,0.1,0.1,region_crc,segformer_b2_cityscapes_mcdrop8,acdc_rain_targetcal25,5,
0.998,998,True,0.2261904761904762,0.2261904761904762,0.02049051597714424,0.8357894736842105,78,152.0,0.10736842105263156,False,0.3373493975903614,0.07142857142857142,0.0,,,1,bicycle,0.1,0.1,heuristic,segformer_b2_cityscapes_mcdrop8,acdc_rain_targetcal25,5,
,-1,True,,0.7463064713064713,0.00111541582737118,,475,,,False,,,,,,1,bicycle,0.1,0.1,argmax,segformer_b2_cityscapes_mcdrop8,acdc_rain_targetcal25,5,0.7236842105263158
0.998,998,True,0.2261904761904762,0.2261904761904762,0.02049051597714424,0.8357894736842105,78,152.0,0.10736842105263156,False,0.3373493975903614,0.07142857142857142,0.0,,,1,bicycle,0.2,0.1,region_crc,segformer_b2_cityscapes_mcdrop8,acdc_rain_targetcal25,5,
0.9480000000000001,948,True,0.5024420024420024,0.5024420024420024,0.003726792987436056,3.84,78,152.0,0.08210526315789474,False,0.6506024096385542,0.30357142857142855,0.0,,,1,bicycle,0.2,0.1,heuristic,segformer_b2_cityscapes_mcdrop8,acdc_rain_targetcal25,5,
,-1,True,,0.7463064713064713,0.00111541582737118,,475,,,False,,,,,,1,bicycle,0.2,0.1,argmax,segformer_b2_cityscapes_mcdrop8,acdc_rain_targetcal25,5,0.7236842105263158
1.0,1000,False,0.0,0.0,1.0,0.8357894736842105,78,152.0,0.0,False,0.0,0.0,0.0,,,1,bicycle,0.05,0.5,region_crc,segformer_b2_cityscapes_mcdrop8,acdc_rain_targetcal25,5,
1.0,1000,True,0.0,0.0,1.0,0.8357894736842105,78,152.0,0.0,False,0.0,0.0,0.0,,,1,bicycle,0.05,0.5,heuristic,segformer_b2_cityscapes_mcdrop8,acdc_rain_targetcal25,5,
,-1,True,,0.7723748473748474,0.00111541582737118,,475,,,False,,,,,,1,bicycle,0.05,0.5,argmax,segformer_b2_cityscapes_mcdrop8,acdc_rain_targetcal25,5,0.75
1.0,1000,False,0.0,0.0,1.0,0.8357894736842105,78,152.0,0.0,False,0.0,0.0,0.0,,,1,bicycle,0.1,0.5,region_crc,segformer_b2_cityscapes_mcdrop8,acdc_rain_targetcal25,5,
1.0,1000,True,0.0,0.0,1.0,0.8357894736842105,78,152.0,0.0,False,0.0,0.0,0.0,,,1,bicycle,0.1,0.5,heuristic,segformer_b2_cityscapes_mcdrop8,acdc_rain_targetcal25,5,
,-1,True,,0.7723748473748474,0.00111541582737118,,475,,,False,,,,,,1,bicycle,0.1,0.5,argmax,segformer_b2_cityscapes_mcdrop8,acdc_rain_targetcal25,5,0.75
1.0,1000,True,0.0,0.0,1.0,0.8357894736842105,78,152.0,0.0,False,0.0,0.0,0.0,,,1,bicycle,0.2,0.5,region_crc,segformer_b2_cityscapes_mcdrop8,acdc_rain_targetcal25,5,
0.986,986,True,0.4703907203907204,0.4703907203907204,0.00764605775475502,6.187368421052631,78,152.0,0.12210526315789477,False,0.6144578313253012,0.30357142857142855,0.0,,,1,bicycle,0.2,0.5,heuristic,segformer_b2_cityscapes_mcdrop8,acdc_rain_targetcal25,5,
,-1,True,,0.7723748473748474,0.00111541582737118,,475,,,False,,,,,,1,bicycle,0.2,0.5,argmax,segformer_b2_cityscapes_mcdrop8,acdc_rain_targetcal25,5,0.75
1.0,1000,False,0.0,0.0,1.0,0.6568421052631579,163,320.0,0.0,False,0.0,0.0,0.0,,,2,person,0.05,0.1,region_crc,segformer_b2_cityscapes_mcdrop8,acdc_rain_targetcal25,7,
0.988,988,True,0.14168370824812543,0.14168370824812543,0.02029641531407833,0.6568421052631579,163,320.0,0.136842105263158,False,0.15846994535519127,0.05982905982905983,0.0,,,2,person,0.05,0.1,heuristic,segformer_b2_cityscapes_mcdrop8,acdc_rain_targetcal25,7,
,-1,True,,0.64906814385342,0.0017810773570090532,,475,,,False,,,,,,2,person,0.05,0.1,argmax,segformer_b2_cityscapes_mcdrop8,acdc_rain_targetcal25,7,0.596875
1.0,1000,False,0.0,0.0,1.0,0.6568421052631579,163,320.0,0.0,False,0.0,0.0,0.0,,,2,person,0.1,0.1,region_crc,segformer_b2_cityscapes_mcdrop8,acdc_rain_targetcal25,7,
0.988,988,True,0.14168370824812543,0.14168370824812543,0.02029641531407833,0.6568421052631579,163,320.0,0.136842105263158,False,0.15846994535519127,0.05982905982905983,0.0,,,2,person,0.1,0.1,heuristic,segformer_b2_cityscapes_mcdrop8,acdc_rain_targetcal25,7,
,-1,True,,0.64906814385342,0.0017810773570090532,,475,,,False,,,,,,2,person,0.1,0.1,argmax,segformer_b2_cityscapes_mcdrop8,acdc_rain_targetcal25,7,0.596875
0.988,988,True,0.14168370824812543,0.14168370824812543,0.02029641531407833,0.6568421052631579,163,320.0,0.136842105263158,False,0.15846994535519127,0.05982905982905983,0.0,,,2,person,0.2,0.1,region_crc,segformer_b2_cityscapes_mcdrop8,acdc_rain_targetcal25,7,
0.9500000000000001,950,True,0.320702337880252,0.320702337880252,0.009030119515955448,10.663157894736843,163,320.0,0.10315789473684206,False,0.39344262295081966,0.15384615384615385,0.0,,,2,person,0.2,0.1,heuristic,segformer_b2_cityscapes_mcdrop8,acdc_rain_targetcal25,7,
,-1,True,,0.64906814385342,0.0017810773570090532,,475,,,False,,,,,,2,person,0.2,0.1,argmax,segformer_b2_cityscapes_mcdrop8,acdc_rain_targetcal25,7,0.596875
1.0,1000,False,0.0,0.0,1.0,0.6568421052631579,163,320.0,0.0,False,0.0,0.0,0.0,,,2,person,0.05,0.5,region_crc,segformer_b2_cityscapes_mcdrop8,acdc_rain_targetcal25,7,
1.0,1000,True,0.0,0.0,1.0,0.6568421052631579,163,320.0,0.0,False,0.0,0.0,0.0,,,2,person,0.05,0.5,heuristic,segformer_b2_cityscapes_mcdrop8,acdc_rain_targetcal25,7,
,-1,True,,0.7689727109972508,0.0017810773570090532,,475,,,False,,,,,,2,person,0.05,0.5,argmax,segformer_b2_cityscapes_mcdrop8,acdc_rain_targetcal25,7,0.703125
1.0,1000,False,0.0,0.0,1.0,0.6568421052631579,163,320.0,0.0,False,0.0,0.0,0.0,,,2,person,0.1,0.5,region_crc,segformer_b2_cityscapes_mcdrop8,acdc_rain_targetcal25,7,
0.995,995,True,0.15548738922972052,0.1554873892297205,0.030980147421360016,0.6568421052631579,163,320.0,0.08000000000000007,False,0.15300546448087432,0.09401709401709402,0.0,,,2,person,0.1,0.5,heuristic,segformer_b2_cityscapes_mcdrop8,acdc_rain_targetcal25,7,
,-1,True,,0.7689727109972508,0.0017810773570090532,,475,,,False,,,,,,2,person,0.1,0.5,argmax,segformer_b2_cityscapes_mcdrop8,acdc_rain_targetcal25,7,0.703125
0.995,995,True,0.15548738922972052,0.1554873892297205,0.030980147421360016,0.6568421052631579,163,320.0,0.08000000000000007,False,0.15300546448087432,0.09401709401709402,0.0,,,2,person,0.2,0.5,region_crc,segformer_b2_cityscapes_mcdrop8,acdc_rain_targetcal25,7,
0.986,986,True,0.26113470714697706,0.26113470714697706,0.018751248717308044,15.892631578947368,163,320.0,0.13473684210526327,False,0.3005464480874317,0.1282051282051282,0.0,,,2,person,0.2,0.5,heuristic,segformer_b2_cityscapes_mcdrop8,acdc_rain_targetcal25,7,
,-1,True,,0.7689727109972508,0.0017810773570090532,,475,,,False,,,,,,2,person,0.2,0.5,argmax,segformer_b2_cityscapes_mcdrop8,acdc_rain_targetcal25,7,0.703125
1.0,1000,False,0.0,0.0,1.0,0.9494736842105264,24,33.0,0.0,False,0.0,0.0,0.0,,,2,rider,0.05,0.1,region_crc,segformer_b2_cityscapes_mcdrop8,acdc_rain_targetcal25,4,
1.0,1000,True,0.0,0.0,1.0,0.9494736842105264,24,33.0,0.0,False,0.0,0.0,0.0,,,2,rider,0.05,0.1,heuristic,segformer_b2_cityscapes_mcdrop8,acdc_rain_targetcal25,4,
,-1,True,,0.8541666666666666,0.0002104511804645881,,475,,,False,,,,,,2,rider,0.05,0.1,argmax,segformer_b2_cityscapes_mcdrop8,acdc_rain_targetcal25,4,0.8484848484848485
1.0,1000,False,0.0,0.0,1.0,0.9494736842105264,24,33.0,0.0,False,0.0,0.0,0.0,,,2,rider,0.1,0.1,region_crc,segformer_b2_cityscapes_mcdrop8,acdc_rain_targetcal25,4,
1.0,1000,True,0.0,0.0,1.0,0.9494736842105264,24,33.0,0.0,False,0.0,0.0,0.0,,,2,rider,0.1,0.1,heuristic,segformer_b2_cityscapes_mcdrop8,acdc_rain_targetcal25,4,
,-1,True,,0.8541666666666666,0.0002104511804645881,,475,,,False,,,,,,2,rider,0.1,0.1,argmax,segformer_b2_cityscapes_mcdrop8,acdc_rain_targetcal25,4,0.8484848484848485
1.0,1000,True,0.0,0.0,1.0,0.9494736842105264,24,33.0,0.0,False,0.0,0.0,0.0,,,2,rider,0.2,0.1,region_crc,segformer_b2_cityscapes_mcdrop8,acdc_rain_targetcal25,4,
1.0,1000,True,0.0,0.0,1.0,0.9494736842105264,24,33.0,0.0,False,0.0,0.0,0.0,,,2,rider,0.2,0.1,heuristic,segformer_b2_cityscapes_mcdrop8,acdc_rain_targetcal25,4,
,-1,True,,0.8541666666666666,0.0002104511804645881,,475,,,False,,,,,,2,rider,0.2,0.1,argmax,segformer_b2_cityscapes_mcdrop8,acdc_rain_targetcal25,4,0.8484848484848485
1.0,1000,False,0.0,0.0,1.0,0.9494736842105264,24,33.0,0.0,False,0.0,0.0,0.0,,,2,rider,0.05,0.5,region_crc,segformer_b2_cityscapes_mcdrop8,acdc_rain_targetcal25,4,
1.0,1000,True,0.0,0.0,1.0,0.9494736842105264,24,33.0,0.0,False,0.0,0.0,0.0,,,2,rider,0.05,0.5,heuristic,segformer_b2_cityscapes_mcdrop8,acdc_rain_targetcal25,4,
,-1,True,,0.9166666666666666,0.0002104511804645881,,475,,,False,,,,,,2,rider,0.05,0.5,argmax,segformer_b2_cityscapes_mcdrop8,acdc_rain_targetcal25,4,0.9090909090909091
1.0,1000,False,0.0,0.0,1.0,0.9494736842105264,24,33.0,0.0,False,0.0,0.0,0.0,,,2,rider,0.1,0.5,region_crc,segformer_b2_cityscapes_mcdrop8,acdc_rain_targetcal25,4,
1.0,1000,True,0.0,0.0,1.0,0.9494736842105264,24,33.0,0.0,False,0.0,0.0,0.0,,,2,rider,0.1,0.5,heuristic,segformer_b2_cityscapes_mcdrop8,acdc_rain_targetcal25,4,
,-1,True,,0.9166666666666666,0.0002104511804645881,,475,,,False,,,,,,2,rider,0.1,0.5,argmax,segformer_b2_cityscapes_mcdrop8,acdc_rain_targetcal25,4,0.9090909090909091
1.0,1000,True,0.0,0.0,1.0,0.9494736842105264,24,33.0,0.0,False,0.0,0.0,0.0,,,2,rider,0.2,0.5,region_crc,segformer_b2_cityscapes_mcdrop8,acdc_rain_targetcal25,4,
1.0,1000,True,0.0,0.0,1.0,0.9494736842105264,24,33.0,0.0,False,0.0,0.0,0.0,,,2,rider,0.2,0.5,heuristic,segformer_b2_cityscapes_mcdrop8,acdc_rain_targetcal25,4,
,-1,True,,0.9166666666666666,0.0002104511804645881,,475,,,False,,,,,,2,rider,0.2,0.5,argmax,segformer_b2_cityscapes_mcdrop8,acdc_rain_targetcal25,4,0.9090909090909091
1.0,1000,False,0.0,0.0,1.0,0.84,76,145.0,0.0,False,0.0,0.0,0.0,,,2,bicycle,0.05,0.1,region_crc,segformer_b2_cityscapes_mcdrop8,acdc_rain_targetcal25,7,
1.0,1000,True,0.0,0.0,1.0,0.84,76,145.0,0.0,False,0.0,0.0,0.0,,,2,bicycle,0.05,0.1,heuristic,segformer_b2_cityscapes_mcdrop8,acdc_rain_targetcal25,7,
,-1,True,,0.7615601503759399,0.0010382584296166897,,475,,,False,,,,,,2,bicycle,0.05,0.1,argmax,segformer_b2_cityscapes_mcdrop8,acdc_rain_targetcal25,7,0.7379310344827587
1.0,1000,False,0.0,0.0,1.0,0.84,76,145.0,0.0,False,0.0,0.0,0.0,,,2,bicycle,0.1,0.1,region_crc,segformer_b2_cityscapes_mcdrop8,acdc_rain_targetcal25,7,
1.0,1000,True,0.0,0.0,1.0,0.84,76,145.0,0.0,False,0.0,0.0,0.0,,,2,bicycle,0.1,0.1,heuristic,segformer_b2_cityscapes_mcdrop8,acdc_rain_targetcal25,7,
,-1,True,,0.7615601503759399,0.0010382584296166897,,475,,,False,,,,,,2,bicycle,0.1,0.1,argmax,segformer_b2_cityscapes_mcdrop8,acdc_rain_targetcal25,7,0.7379310344827587
1.0,1000,True,0.0,0.0,1.0,0.84,76,145.0,0.0,False,0.0,0.0,0.0,,,2,bicycle,0.2,0.1,region_crc,segformer_b2_cityscapes_mcdrop8,acdc_rain_targetcal25,7,
0.988,988,True,0.3742794486215539,0.3742794486215539,0.00816288311034441,0.84,76,145.0,0.11578947368421053,False,0.5384615384615384,0.16666666666666666,0.0,,,2,bicycle,0.2,0.1,heuristic,segformer_b2_cityscapes_mcdrop8,acdc_rain_targetcal25,7,
,-1,True,,0.7615601503759399,0.0010382584296166897,,475,,,False,,,,,,2,bicycle,0.2,0.1,argmax,segformer_b2_cityscapes_mcdrop8,acdc_rain_targetcal25,7,0.7379310344827587
1.0,1000,False,0.0,0.0,1.0,0.84,76,145.0,0.0,False,0.0,0.0,0.0,,,2,bicycle,0.05,0.5,region_crc,segformer_b2_cityscapes_mcdrop8,acdc_rain_targetcal25,7,
1.0,1000,True,0.0,0.0,1.0,0.84,76,145.0,0.0,False,0.0,0.0,0.0,,,2,bicycle,0.05,0.5,heuristic,segformer_b2_cityscapes_mcdrop8,acdc_rain_targetcal25,7,
,-1,True,,0.7839285714285714,0.0010382584296166897,,475,,,False,,,,,,2,bicycle,0.05,0.5,argmax,segformer_b2_cityscapes_mcdrop8,acdc_rain_targetcal25,7,0.7586206896551724
1.0,1000,False,0.0,0.0,1.0,0.84,76,145.0,0.0,False,0.0,0.0,0.0,,,2,bicycle,0.1,0.5,region_crc,segformer_b2_cityscapes_mcdrop8,acdc_rain_targetcal25,7,
1.0,1000,True,0.0,0.0,1.0,0.84,76,145.0,0.0,False,0.0,0.0,0.0,,,2,bicycle,0.1,0.5,heuristic,segformer_b2_cityscapes_mcdrop8,acdc_rain_targetcal25,7,
,-1,True,,0.7839285714285714,0.0010382584296166897,,475,,,False,,,,,,2,bicycle,0.1,0.5,argmax,segformer_b2_cityscapes_mcdrop8,acdc_rain_targetcal25,7,0.7586206896551724
1.0,1000,True,0.0,0.0,1.0,0.84,76,145.0,0.0,False,0.0,0.0,0.0,,,2,bicycle,0.2,0.5,region_crc,segformer_b2_cityscapes_mcdrop8,acdc_rain_targetcal25,7,
0.994,994,True,0.4109022556390977,0.4109022556390977,0.011777406558394432,0.84,76,145.0,0.09473684210526317,False,0.5641025641025641,0.2222222222222222,0.0,,,2,bicycle,0.2,0.5,heuristic,segformer_b2_cityscapes_mcdrop8,acdc_rain_targetcal25,7,
,-1,True,,0.7839285714285714,0.0010382584296166897,,475,,,False,,,,,,2,bicycle,0.2,0.5,argmax,segformer_b2_cityscapes_mcdrop8,acdc_rain_targetcal25,7,0.7586206896551724
1.0,1000,False,0.0,0.0,1.0,0.6610526315789473,161,320.0,0.0,False,0.0,0.0,0.0,,,3,person,0.05,0.1,region_crc,segformer_b2_cityscapes_mcdrop8,acdc_rain_targetcal25,9,
1.0,1000,True,0.0,0.0,1.0,0.6610526315789473,161,320.0,0.0,False,0.0,0.0,0.0,,,3,person,0.05,0.1,heuristic,segformer_b2_cityscapes_mcdrop8,acdc_rain_targetcal25,9,
,-1,True,,0.6291807916031519,0.0018628003308549523,,475,,,False,,,,,,3,person,0.05,0.1,argmax,segformer_b2_cityscapes_mcdrop8,acdc_rain_targetcal25,9,0.58125
1.0,1000,True,0.0,0.0,1.0,0.6610526315789473,161,320.0,0.0,False,0.0,0.0,0.0,,,3,person,0.1,0.1,region_crc,segformer_b2_cityscapes_mcdrop8,acdc_rain_targetcal25,9,
1.0,1000,True,0.0,0.0,1.0,0.6610526315789473,161,320.0,0.0,False,0.0,0.0,0.0,,,3,person,0.1,0.1,heuristic,segformer_b2_cityscapes_mcdrop8,acdc_rain_targetcal25,9,
,-1,True,,0.6291807916031519,0.0018628003308549523,,475,,,False,,,,,,3,person,0.1,0.1,argmax,segformer_b2_cityscapes_mcdrop8,acdc_rain_targetcal25,9,0.58125
1.0,1000,True,0.0,0.0,1.0,0.6610526315789473,161,320.0,0.0,False,0.0,0.0,0.0,,,3,person,0.2,0.1,region_crc,segformer_b2_cityscapes_mcdrop8,acdc_rain_targetcal25,9,
0.989,989,True,0.13153899240855763,0.13153899240855763,0.021642612293362617,0.6610526315789473,161,320.0,0.3052631578947369,False,0.15300546448087432,0.05263157894736842,0.0,,,3,person,0.2,0.1,heuristic,segformer_b2_cityscapes_mcdrop8,acdc_rain_targetcal25,9,
,-1,True,,0.6291807916031519,0.0018628003308549523,,475,,,False,,,,,,3,person,0.2,0.1,argmax,segformer_b2_cityscapes_mcdrop8,acdc_rain_targetcal25,9,0.58125
1.0,1000,False,0.0,0.0,1.0,0.6610526315789473,161,320.0,0.0,False,0.0,0.0,0.0,,,3,person,0.05,0.5,region_crc,segformer_b2_cityscapes_mcdrop8,acdc_rain_targetcal25,9,
1.0,1000,True,0.0,0.0,1.0,0.6610526315789473,161,320.0,0.0,False,0.0,0.0,0.0,,,3,person,0.05,0.5,heuristic,segformer_b2_cityscapes_mcdrop8,acdc_rain_targetcal25,9,
,-1,True,,0.7521276515065334,0.0018628003308549523,,475,,,False,,,,,,3,person,0.05,0.5,argmax,segformer_b2_cityscapes_mcdrop8,acdc_rain_targetcal25,9,0.690625
1.0,1000,True,0.0,0.0,1.0,0.6610526315789473,161,320.0,0.0,False,0.0,0.0,0.0,,,3,person,0.1,0.5,region_crc,segformer_b2_cityscapes_mcdrop8,acdc_rain_targetcal25,9,
1.0,1000,True,0.0,0.0,1.0,0.6610526315789473,161,320.0,0.0,False,0.0,0.0,0.0,,,3,person,0.1,0.5,heuristic,segformer_b2_cityscapes_mcdrop8,acdc_rain_targetcal25,9,
,-1,True,,0.7521276515065334,0.0018628003308549523,,475,,,False,,,,,,3,person,0.1,0.5,argmax,segformer_b2_cityscapes_mcdrop8,acdc_rain_targetcal25,9,0.690625
1.0,1000,True,0.0,0.0,1.0,0.6610526315789473,161,320.0,0.0,False,0.0,0.0,0.0,,,3,person,0.2,0.5,region_crc,segformer_b2_cityscapes_mcdrop8,acdc_rain_targetcal25,9,
0.997,997,True,0.10134575569358176,0.10134575569358178,0.03952557221055031,0.6610526315789473,161,320.0,0.3157894736842105,False,0.08743169398907104,0.08771929824561403,0.0,,,3,person,0.2,0.5,heuristic,segformer_b2_cityscapes_mcdrop8,acdc_rain_targetcal25,9,
,-1,True,,0.7521276515065334,0.0018628003308549523,,475,,,False,,,,,,3,person,0.2,0.5,argmax,segformer_b2_cityscapes_mcdrop8,acdc_rain_targetcal25,9,0.690625
1.0,1000,False,0.0,0.0,1.0,0.9431578947368421,27,36.0,0.0,False,0.0,0.0,0.0,,,3,rider,0.05,0.1,region_crc,segformer_b2_cityscapes_mcdrop8,acdc_rain_targetcal25,1,
0.997,997,True,0.4074074074074074,0.4074074074074074,0.00615271832793951,0.9431578947368421,27,36.0,0.34526315789473694,True,0.5769230769230769,0.0,0.0,,,3,rider,0.05,0.1,heuristic,segformer_b2_cityscapes_mcdrop8,acdc_rain_targetcal25,1,
,-1,True,,0.7962962962962963,0.0002510822669137269,,475,,,False,,,,,,3,rider,0.05,0.1,argmax,segformer_b2_cityscapes_mcdrop8,acdc_rain_targetcal25,1,0.8055555555555556
1.0,1000,False,0.0,0.0,1.0,0.9431578947368421,27,36.0,0.0,False,0.0,0.0,0.0,,,3,rider,0.1,0.1,region_crc,segformer_b2_cityscapes_mcdrop8,acdc_rain_targetcal25,1,
0.997,997,True,0.4074074074074074,0.4074074074074074,0.00615271832793951,0.9431578947368421,27,36.0,0.34526315789473694,True,0.5769230769230769,0.0,0.0,,,3,rider,0.1,0.1,heuristic,segformer_b2_cityscapes_mcdrop8,acdc_rain_targetcal25,1,
,-1,True,,0.7962962962962963,0.0002510822669137269,,475,,,False,,,,,,3,rider,0.1,0.1,argmax,segformer_b2_cityscapes_mcdrop8,acdc_rain_targetcal25,1,0.8055555555555556
1.0,1000,False,0.0,0.0,1.0,0.9431578947368421,27,36.0,0.0,False,0.0,0.0,0.0,,,3,rider,0.2,0.1,region_crc,segformer_b2_cityscapes_mcdrop8,acdc_rain_targetcal25,1,
0.997,997,True,0.4074074074074074,0.4074074074074074,0.00615271832793951,0.9431578947368421,27,36.0,0.34526315789473694,True,0.5769230769230769,0.0,0.0,,,3,rider,0.2,0.1,heuristic,segformer_b2_cityscapes_mcdrop8,acdc_rain_targetcal25,1,
,-1,True,,0.7962962962962963,0.0002510822669137269,,475,,,False,,,,,,3,rider,0.2,0.1,argmax,segformer_b2_cityscapes_mcdrop8,acdc_rain_targetcal25,1,0.8055555555555556
1.0,1000,False,0.0,0.0,1.0,0.9431578947368421,27,36.0,0.0,False,0.0,0.0,0.0,,,3,rider,0.05,0.5,region_crc,segformer_b2_cityscapes_mcdrop8,acdc_rain_targetcal25,1,
0.999,999,True,0.38271604938271603,0.38271604938271603,0.010765280574560165,0.9431578947368421,27,36.0,0.3789473684210526,True,0.5,0.0,0.0,,,3,rider,0.05,0.5,heuristic,segformer_b2_cityscapes_mcdrop8,acdc_rain_targetcal25,1,
,-1,True,,0.8518518518518519,0.0002510822669137269,,475,,,False,,,,,,3,rider,0.05,0.5,argmax,segformer_b2_cityscapes_mcdrop8,acdc_rain_targetcal25,1,0.8611111111111112
1.0,1000,False,0.0,0.0,1.0,0.9431578947368421,27,36.0,0.0,False,0.0,0.0,0.0,,,3,rider,0.1,0.5,region_crc,segformer_b2_cityscapes_mcdrop8,acdc_rain_targetcal25,1,
0.999,999,True,0.38271604938271603,0.38271604938271603,0.010765280574560165,0.9431578947368421,27,36.0,0.3789473684210526,True,0.5,0.0,0.0,,,3,rider,0.1,0.5,heuristic,segformer_b2_cityscapes_mcdrop8,acdc_rain_targetcal25,1,
,-1,True,,0.8518518518518519,0.0002510822669137269,,475,,,False,,,,,,3,rider,0.1,0.5,argmax,segformer_b2_cityscapes_mcdrop8,acdc_rain_targetcal25,1,0.8611111111111112
1.0,1000,False,0.0,0.0,1.0,0.9431578947368421,27,36.0,0.0,False,0.0,0.0,0.0,,,3,rider,0.2,0.5,region_crc,segformer_b2_cityscapes_mcdrop8,acdc_rain_targetcal25,1,
0.999,999,True,0.38271604938271603,0.38271604938271603,0.010765280574560165,0.9431578947368421,27,36.0,0.3789473684210526,True,0.5,0.0,0.0,,,3,rider,0.2,0.5,heuristic,segformer_b2_cityscapes_mcdrop8,acdc_rain_targetcal25,1,
,-1,True,,0.8518518518518519,0.0002510822669137269,,475,,,False,,,,,,3,rider,0.2,0.5,argmax,segformer_b2_cityscapes_mcdrop8,acdc_rain_targetcal25,1,0.8611111111111112
1.0,1000,False,0.0,0.0,1.0,0.8357894736842105,78,152.0,0.0,False,0.0,0.0,0.0,,,3,bicycle,0.05,0.1,region_crc,segformer_b2_cityscapes_mcdrop8,acdc_rain_targetcal25,5,
1.0,1000,True,0.0,0.0,1.0,0.8357894736842105,78,152.0,0.0,False,0.0,0.0,0.0,,,3,bicycle,0.05,0.1,heuristic,segformer_b2_cityscapes_mcdrop8,acdc_rain_targetcal25,5,
,-1,True,,0.7334859584859584,0.0011357668554410338,,475,,,False,,,,,,3,bicycle,0.05,0.1,argmax,segformer_b2_cityscapes_mcdrop8,acdc_rain_targetcal25,5,0.7171052631578947
1.0,1000,False,0.0,0.0,1.0,0.8357894736842105,78,152.0,0.0,False,0.0,0.0,0.0,,,3,bicycle,0.1,0.1,region_crc,segformer_b2_cityscapes_mcdrop8,acdc_rain_targetcal25,5,
1.0,1000,True,0.0,0.0,1.0,0.8357894736842105,78,152.0,0.0,False,0.0,0.0,0.0,,,3,bicycle,0.1,0.1,heuristic,segformer_b2_cityscapes_mcdrop8,acdc_rain_targetcal25,5,
,-1,True,,0.7334859584859584,0.0011357668554410338,,475,,,False,,,,,,3,bicycle,0.1,0.1,argmax,segformer_b2_cityscapes_mcdrop8,acdc_rain_targetcal25,5,0.7171052631578947
1.0,1000,True,0.0,0.0,1.0,0.8357894736842105,78,152.0,0.0,False,0.0,0.0,0.0,,,3,bicycle,0.2,0.1,region_crc,segformer_b2_cityscapes_mcdrop8,acdc_rain_targetcal25,5,
0.9550000000000001,955,True,0.4742368742368742,0.4742368742368742,0.004159616772085428,3.913684210526316,78,152.0,0.25263157894736843,False,0.6265060240963856,0.2909090909090909,0.0,,,3,bicycle,0.2,0.1,heuristic,segformer_b2_cityscapes_mcdrop8,acdc_rain_targetcal25,5,
,-1,True,,0.7334859584859584,0.0011357668554410338,,475,,,False,,,,,,3,bicycle,0.2,0.1,argmax,segformer_b2_cityscapes_mcdrop8,acdc_rain_targetcal25,5,0.7171052631578947
1.0,1000,False,0.0,0.0,1.0,0.8357894736842105,78,152.0,0.0,False,0.0,0.0,0.0,,,3,bicycle,0.05,0.5,region_crc,segformer_b2_cityscapes_mcdrop8,acdc_rain_targetcal25,5,
1.0,1000,True,0.0,0.0,1.0,0.8357894736842105,78,152.0,0.0,False,0.0,0.0,0.0,,,3,bicycle,0.05,0.5,heuristic,segformer_b2_cityscapes_mcdrop8,acdc_rain_targetcal25,5,
,-1,True,,0.7595543345543345,0.0011357668554410338,,475,,,False,,,,,,3,bicycle,0.05,0.5,argmax,segformer_b2_cityscapes_mcdrop8,acdc_rain_targetcal25,5,0.743421052631579
1.0,1000,False,0.0,0.0,1.0,0.8357894736842105,78,152.0,0.0,False,0.0,0.0,0.0,,,3,bicycle,0.1,0.5,region_crc,segformer_b2_cityscapes_mcdrop8,acdc_rain_targetcal25,5,
1.0,1000,True,0.0,0.0,1.0,0.8357894736842105,78,152.0,0.0,False,0.0,0.0,0.0,,,3,bicycle,0.1,0.5,heuristic,segformer_b2_cityscapes_mcdrop8,acdc_rain_targetcal25,5,
,-1,True,,0.7595543345543345,0.0011357668554410338,,475,,,False,,,,,,3,bicycle,0.1,0.5,argmax,segformer_b2_cityscapes_mcdrop8,acdc_rain_targetcal25,5,0.743421052631579
1.0,1000,True,0.0,0.0,1.0,0.8357894736842105,78,152.0,0.0,False,0.0,0.0,0.0,,,3,bicycle,0.2,0.5,region_crc,segformer_b2_cityscapes_mcdrop8,acdc_rain_targetcal25,5,
0.993,993,True,0.42783882783882776,0.42783882783882776,0.011212262324988842,0.8357894736842105,78,152.0,0.248421052631579,False,0.5783132530120482,0.23636363636363636,0.0,,,3,bicycle,0.2,0.5,heuristic,segformer_b2_cityscapes_mcdrop8,acdc_rain_targetcal25,5,
,-1,True,,0.7595543345543345,0.0011357668554410338,,475,,,False,,,,,,3,bicycle,0.2,0.5,argmax,segformer_b2_cityscapes_mcdrop8,acdc_rain_targetcal25,5,0.743421052631579
1.0,1000,False,0.0,0.0,1.0,0.6610526315789473,161,321.0,0.0,False,0.0,0.0,0.0,,,4,person,0.05,0.1,region_crc,segformer_b2_cityscapes_mcdrop8,acdc_rain_targetcal25,9,
0.991,991,True,0.11169772256728779,0.11169772256728779,0.023533647879958153,0.6610526315789473,161,321.0,0.14315789473684215,False,0.13333333333333333,0.05042016806722689,0.0,,,4,person,0.05,0.1,heuristic,segformer_b2_cityscapes_mcdrop8,acdc_rain_targetcal25,9,
,-1,True,,0.6317687833215784,0.0018183053471148014,,475,,,False,,,,,,4,person,0.05,0.1,argmax,segformer_b2_cityscapes_mcdrop8,acdc_rain_targetcal25,9,0.5856697819314641
0.991,991,True,0.11169772256728779,0.11169772256728779,0.023533647879958153,0.6610526315789473,161,321.0,0.14315789473684215,False,0.13333333333333333,0.05042016806722689,0.0,,,4,person,0.1,0.1,region_crc,segformer_b2_cityscapes_mcdrop8,acdc_rain_targetcal25,9,
0.991,991,True,0.11169772256728779,0.11169772256728779,0.023533647879958153,0.6610526315789473,161,321.0,0.14315789473684215,False,0.13333333333333333,0.05042016806722689,0.0,,,4,person,0.1,0.1,heuristic,segformer_b2_cityscapes_mcdrop8,acdc_rain_targetcal25,9,
,-1,True,,0.6317687833215784,0.0018183053471148014,,475,,,False,,,,,,4,person,0.1,0.1,argmax,segformer_b2_cityscapes_mcdrop8,acdc_rain_targetcal25,9,0.5856697819314641
0.99,990,True,0.11238785369220153,0.1123878536922015,0.022333385422825813,0.6610526315789473,161,321.0,0.14315789473684215,False,0.1388888888888889,0.05042016806722689,0.0,,,4,person,0.2,0.1,region_crc,segformer_b2_cityscapes_mcdrop8,acdc_rain_targetcal25,9,
0.99,990,True,0.11238785369220153,0.1123878536922015,0.022333385422825813,0.6610526315789473,161,321.0,0.14315789473684215,False,0.1388888888888889,0.05042016806722689,0.0,,,4,person,0.2,0.1,heuristic,segformer_b2_cityscapes_mcdrop8,acdc_rain_targetcal25,9,
,-1,True,,0.6317687833215784,0.0018183053471148014,,475,,,False,,,,,,4,person,0.2,0.1,argmax,segformer_b2_cityscapes_mcdrop8,acdc_rain_targetcal25,9,0.5856697819314641
1.0,1000,False,0.0,0.0,1.0,0.6610526315789473,161,321.0,0.0,False,0.0,0.0,0.0,,,4,person,0.05,0.5,region_crc,segformer_b2_cityscapes_mcdrop8,acdc_rain_targetcal25,9,
0.997,997,True,0.11066252587991716,0.11066252587991718,0.03905988857150078,0.6610526315789473,161,321.0,0.1389473684210527,False,0.1,0.09243697478991597,0.0,,,4,person,0.05,0.5,heuristic,segformer_b2_cityscapes_mcdrop8,acdc_rain_targetcal25,9,
,-1,True,,0.7593740283181276,0.0018183053471148014,,475,,,False,,,,,,4,person,0.05,0.5,argmax,segformer_b2_cityscapes_mcdrop8,acdc_rain_targetcal25,9,0.6947040498442367
0.997,997,True,0.11066252587991716,0.11066252587991718,0.03905988857150078,0.6610526315789473,161,321.0,0.1389473684210527,False,0.1,0.09243697478991597,0.0,,,4,person,0.1,0.5,region_crc,segformer_b2_cityscapes_mcdrop8,acdc_rain_targetcal25,9,
0.997,997,True,0.11066252587991716,0.11066252587991718,0.03905988857150078,0.6610526315789473,161,321.0,0.1389473684210527,False,0.1,0.09243697478991597,0.0,,,4,person,0.1,0.5,heuristic,segformer_b2_cityscapes_mcdrop8,acdc_rain_targetcal25,9,
,-1,True,,0.7593740283181276,0.0018183053471148014,,475,,,False,,,,,,4,person,0.1,0.5,argmax,segformer_b2_cityscapes_mcdrop8,acdc_rain_targetcal25,9,0.6947040498442367
0.997,997,True,0.11066252587991716,0.11066252587991718,0.03905988857150078,0.6610526315789473,161,321.0,0.1389473684210527,False,0.1,0.09243697478991597,0.0,,,4,person,0.2,0.5,region_crc,segformer_b2_cityscapes_mcdrop8,acdc_rain_targetcal25,9,
0.997,997,True,0.11066252587991716,0.11066252587991718,0.03905988857150078,0.6610526315789473,161,321.0,0.1389473684210527,False,0.1,0.09243697478991597,0.0,,,4,person,0.2,0.5,heuristic,segformer_b2_cityscapes_mcdrop8,acdc_rain_targetcal25,9,
,-1,True,,0.7593740283181276,0.0018183053471148014,,475,,,False,,,,,,4,person,0.2,0.5,argmax,segformer_b2_cityscapes_mcdrop8,acdc_rain_targetcal25,9,0.6947040498442367
,-1,False,,,,,475,,,False,,,,,,4,rider,0.05,0.1,region_crc,segformer_b2_cityscapes_mcdrop8,acdc_rain_targetcal25,0,
,-1,False,,,,,475,,,False,,,,,,4,rider,0.05,0.1,heuristic,segformer_b2_cityscapes_mcdrop8,acdc_rain_targetcal25,0,
,-1,True,,0.8035714285714286,0.00024808014859445393,,475,,,False,,,,,,4,rider,0.05,0.1,argmax,segformer_b2_cityscapes_mcdrop8,acdc_rain_targetcal25,0,0.8157894736842105
,-1,False,,,,,475,,,False,,,,,,4,rider,0.1,0.1,region_crc,segformer_b2_cityscapes_mcdrop8,acdc_rain_targetcal25,0,
,-1,False,,,,,475,,,False,,,,,,4,rider,0.1,0.1,heuristic,segformer_b2_cityscapes_mcdrop8,acdc_rain_targetcal25,0,
,-1,True,,0.8035714285714286,0.00024808014859445393,,475,,,False,,,,,,4,rider,0.1,0.1,argmax,segformer_b2_cityscapes_mcdrop8,acdc_rain_targetcal25,0,0.8157894736842105
,-1,False,,,,,475,,,False,,,,,,4,rider,0.2,0.1,region_crc,segformer_b2_cityscapes_mcdrop8,acdc_rain_targetcal25,0,
,-1,False,,,,,475,,,False,,,,,,4,rider,0.2,0.1,heuristic,segformer_b2_cityscapes_mcdrop8,acdc_rain_targetcal25,0,
,-1,True,,0.8035714285714286,0.00024808014859445393,,475,,,False,,,,,,4,rider,0.2,0.1,argmax,segformer_b2_cityscapes_mcdrop8,acdc_rain_targetcal25,0,0.8157894736842105
,-1,False,,,,,475,,,False,,,,,,4,rider,0.05,0.5,region_crc,segformer_b2_cityscapes_mcdrop8,acdc_rain_targetcal25,0,
,-1,False,,,,,475,,,False,,,,,,4,rider,0.05,0.5,heuristic,segformer_b2_cityscapes_mcdrop8,acdc_rain_targetcal25,0,
,-1,True,,0.8571428571428571,0.00024808014859445393,,475,,,False,,,,,,4,rider,0.05,0.5,argmax,segformer_b2_cityscapes_mcdrop8,acdc_rain_targetcal25,0,0.868421052631579
,-1,False,,,,,475,,,False,,,,,,4,rider,0.1,0.5,region_crc,segformer_b2_cityscapes_mcdrop8,acdc_rain_targetcal25,0,
,-1,False,,,,,475,,,False,,,,,,4,rider,0.1,0.5,heuristic,segformer_b2_cityscapes_mcdrop8,acdc_rain_targetcal25,0,
,-1,True,,0.8571428571428571,0.00024808014859445393,,475,,,False,,,,,,4,rider,0.1,0.5,argmax,segformer_b2_cityscapes_mcdrop8,acdc_rain_targetcal25,0,0.868421052631579
,-1,False,,,,,475,,,False,,,,,,4,rider,0.2,0.5,region_crc,segformer_b2_cityscapes_mcdrop8,acdc_rain_targetcal25,0,
,-1,False,,,,,475,,,False,,,,,,4,rider,0.2,0.5,heuristic,segformer_b2_cityscapes_mcdrop8,acdc_rain_targetcal25,0,
,-1,True,,0.8571428571428571,0.00024808014859445393,,475,,,False,,,,,,4,rider,0.2,0.5,argmax,segformer_b2_cityscapes_mcdrop8,acdc_rain_targetcal25,0,0.868421052631579
1.0,1000,False,0.0,0.0,1.0,0.8315789473684211,80,155.0,0.0,False,0.0,0.0,0.0,,,4,bicycle,0.05,0.1,region_crc,segformer_b2_cityscapes_mcdrop8,acdc_rain_targetcal25,3,
1.0,1000,True,0.0,0.0,1.0,0.8315789473684211,80,155.0,0.0,False,0.0,0.0,0.0,,,4,bicycle,0.05,0.1,heuristic,segformer_b2_cityscapes_mcdrop8,acdc_rain_targetcal25,3,
,-1,True,,0.7588988095238095,0.0011033291229978204,,475,,,False,,,,,,4,bicycle,0.05,0.1,argmax,segformer_b2_cityscapes_mcdrop8,acdc_rain_targetcal25,3,0.7354838709677419
1.0,1000,False,0.0,0.0,1.0,0.8315789473684211,80,155.0,0.0,False,0.0,0.0,0.0,,,4,bicycle,0.1,0.1,region_crc,segformer_b2_cityscapes_mcdrop8,acdc_rain_targetcal25,3,
1.0,1000,True,0.0,0.0,1.0,0.8315789473684211,80,155.0,0.0,False,0.0,0.0,0.0,,,4,bicycle,0.1,0.1,heuristic,segformer_b2_cityscapes_mcdrop8,acdc_rain_targetcal25,3,
,-1,True,,0.7588988095238095,0.0011033291229978204,,475,,,False,,,,,,4,bicycle,0.1,0.1,argmax,segformer_b2_cityscapes_mcdrop8,acdc_rain_targetcal25,3,0.7354838709677419
1.0,1000,False,0.0,0.0,1.0,0.8315789473684211,80,155.0,0.0,False,0.0,0.0,0.0,,,4,bicycle,0.2,0.1,region_crc,segformer_b2_cityscapes_mcdrop8,acdc_rain_targetcal25,3,
0.998,998,True,0.21428571428571433,0.21428571428571427,0.020375177264213562,0.8315789473684211,80,155.0,0.12210526315789483,False,0.313953488372093,0.07142857142857142,0.0,,,4,bicycle,0.2,0.1,heuristic,segformer_b2_cityscapes_mcdrop8,acdc_rain_targetcal25,3,
,-1,True,,0.7588988095238095,0.0011033291229978204,,475,,,False,,,,,,4,bicycle,0.2,0.1,argmax,segformer_b2_cityscapes_mcdrop8,acdc_rain_targetcal25,3,0.7354838709677419
1.0,1000,False,0.0,0.0,1.0,0.8315789473684211,80,155.0,0.0,False,0.0,0.0,0.0,,,4,bicycle,0.05,0.5,region_crc,segformer_b2_cityscapes_mcdrop8,acdc_rain_targetcal25,3,
1.0,1000,True,0.0,0.0,1.0,0.8315789473684211,80,155.0,0.0,False,0.0,0.0,0.0,,,4,bicycle,0.05,0.5,heuristic,segformer_b2_cityscapes_mcdrop8,acdc_rain_targetcal25,3,
,-1,True,,0.7843154761904761,0.0011033291229978204,,475,,,False,,,,,,4,bicycle,0.05,0.5,argmax,segformer_b2_cityscapes_mcdrop8,acdc_rain_targetcal25,3,0.7612903225806451
1.0,1000,False,0.0,0.0,1.0,0.8315789473684211,80,155.0,0.0,False,0.0,0.0,0.0,,,4,bicycle,0.1,0.5,region_crc,segformer_b2_cityscapes_mcdrop8,acdc_rain_targetcal25,3,
1.0,1000,True,0.0,0.0,1.0,0.8315789473684211,80,155.0,0.0,False,0.0,0.0,0.0,,,4,bicycle,0.1,0.5,heuristic,segformer_b2_cityscapes_mcdrop8,acdc_rain_targetcal25,3,
,-1,True,,0.7843154761904761,0.0011033291229978204,,475,,,False,,,,,,4,bicycle,0.1,0.5,argmax,segformer_b2_cityscapes_mcdrop8,acdc_rain_targetcal25,3,0.7612903225806451
1.0,1000,False,0.0,0.0,1.0,0.8315789473684211,80,155.0,0.0,False,0.0,0.0,0.0,,,4,bicycle,0.2,0.5,region_crc,segformer_b2_cityscapes_mcdrop8,acdc_rain_targetcal25,3,
1.0,1000,True,0.0,0.0,1.0,0.8315789473684211,80,155.0,0.0,False,0.0,0.0,0.0,,,4,bicycle,0.2,0.5,heuristic,segformer_b2_cityscapes_mcdrop8,acdc_rain_targetcal25,3,
,-1,True,,0.7843154761904761,0.0011033291229978204,,475,,,False,,,,,,4,bicycle,0.2,0.5,argmax,segformer_b2_cityscapes_mcdrop8,acdc_rain_targetcal25,3,0.7612903225806451
1.0,1000,False,0.0,0.0,1.0,0.6526315789473685,165,320.0,0.0,False,0.0,0.0,0.0,,,5,person,0.05,0.1,region_crc,segformer_b2_cityscapes_mcdrop8,acdc_rain_targetcal25,5,
0.982,982,True,0.1841077441077441,0.1841077441077441,0.016444459557533264,15.930526315789473,165,320.0,0.12,False,0.23076923076923078,0.08620689655172414,0.0,,,5,person,0.05,0.1,heuristic,segformer_b2_cityscapes_mcdrop8,acdc_rain_targetcal25,5,
,-1,True,,0.6442309542309542,0.0018318683141842484,,475,,,False,,,,,,5,person,0.05,0.1,argmax,segformer_b2_cityscapes_mcdrop8,acdc_rain_targetcal25,5,0.6
1.0,1000,False,0.0,0.0,1.0,0.6526315789473685,165,320.0,0.0,False,0.0,0.0,0.0,,,5,person,0.1,0.1,region_crc,segformer_b2_cityscapes_mcdrop8,acdc_rain_targetcal25,5,
0.982,982,True,0.1841077441077441,0.1841077441077441,0.016444459557533264,15.930526315789473,165,320.0,0.12,False,0.23076923076923078,0.08620689655172414,0.0,,,5,person,0.1,0.1,heuristic,segformer_b2_cityscapes_mcdrop8,acdc_rain_targetcal25,5,
,-1,True,,0.6442309542309542,0.0018318683141842484,,475,,,False,,,,,,5,person,0.1,0.1,argmax,segformer_b2_cityscapes_mcdrop8,acdc_rain_targetcal25,5,0.6
0.982,982,True,0.1841077441077441,0.1841077441077441,0.016444459557533264,15.930526315789473,165,320.0,0.12,False,0.23076923076923078,0.08620689655172414,0.0,,,5,person,0.2,0.1,region_crc,segformer_b2_cityscapes_mcdrop8,acdc_rain_targetcal25,5,
0.969,969,True,0.2435205535205535,0.2435205535205535,0.012106913141906261,15.930526315789473,165,320.0,0.13684210526315788,False,0.3076923076923077,0.10344827586206896,0.0,,,5,person,0.2,0.1,heuristic,segformer_b2_cityscapes_mcdrop8,acdc_rain_targetcal25,5,
,-1,True,,0.6442309542309542,0.0018318683141842484,,475,,,False,,,,,,5,person,0.2,0.1,argmax,segformer_b2_cityscapes_mcdrop8,acdc_rain_targetcal25,5,0.6
1.0,1000,False,0.0,0.0,1.0,0.6526315789473685,165,320.0,0.0,False,0.0,0.0,0.0,,,5,person,0.05,0.5,region_crc,segformer_b2_cityscapes_mcdrop8,acdc_rain_targetcal25,5,
0.992,992,True,0.19871535871535873,0.19871535871535873,0.02485090307891369,0.6526315789473685,165,320.0,0.15157894736842104,False,0.22527472527472528,0.1206896551724138,0.0,,,5,person,0.05,0.5,heuristic,segformer_b2_cityscapes_mcdrop8,acdc_rain_targetcal25,5,
,-1,True,,0.7672275872275872,0.0018318683141842484,,475,,,False,,,,,,5,person,0.05,0.5,argmax,segformer_b2_cityscapes_mcdrop8,acdc_rain_targetcal25,5,0.70625
1.0,1000,False,0.0,0.0,1.0,0.6526315789473685,165,320.0,0.0,False,0.0,0.0,0.0,,,5,person,0.1,0.5,region_crc,segformer_b2_cityscapes_mcdrop8,acdc_rain_targetcal25,5,
0.992,992,True,0.19871535871535873,0.19871535871535873,0.02485090307891369,0.6526315789473685,165,320.0,0.15157894736842104,False,0.22527472527472528,0.1206896551724138,0.0,,,5,person,0.1,0.5,heuristic,segformer_b2_cityscapes_mcdrop8,acdc_rain_targetcal25,5,
,-1,True,,0.7672275872275872,0.0018318683141842484,,475,,,False,,,,,,5,person,0.1,0.5,argmax,segformer_b2_cityscapes_mcdrop8,acdc_rain_targetcal25,5,0.70625
0.992,992,True,0.19871535871535873,0.19871535871535873,0.02485090307891369,0.6526315789473685,165,320.0,0.15157894736842104,False,0.22527472527472528,0.1206896551724138,0.0,,,5,person,0.2,0.5,region_crc,segformer_b2_cityscapes_mcdrop8,acdc_rain_targetcal25,5,
0.989,989,True,0.2383113183113183,0.2383113183113183,0.021233560517430305,0.6526315789473685,165,320.0,0.13684210526315788,False,0.2802197802197802,0.1206896551724138,0.0,,,5,person,0.2,0.5,heuristic,segformer_b2_cityscapes_mcdrop8,acdc_rain_targetcal25,5,
,-1,True,,0.7672275872275872,0.0018318683141842484,,475,,,False,,,,,,5,person,0.2,0.5,argmax,segformer_b2_cityscapes_mcdrop8,acdc_rain_targetcal25,5,0.70625
1.0,1000,False,0.0,0.0,1.0,0.9431578947368421,27,37.0,0.0,False,0.0,0.0,0.0,,,5,rider,0.05,0.1,region_crc,segformer_b2_cityscapes_mcdrop8,acdc_rain_targetcal25,1,
0.999,999,True,0.2037037037037037,0.2037037037037037,0.010510215535759926,0.9431578947368421,27,37.0,0.10526315789473678,False,0.2692307692307692,0.0,0.0,,,5,rider,0.05,0.1,heuristic,segformer_b2_cityscapes_mcdrop8,acdc_rain_targetcal25,1,
,-1,True,,0.7962962962962963,0.00025101425126194954,,475,,,False,,,,,,5,rider,0.05,0.1,argmax,segformer_b2_cityscapes_mcdrop8,acdc_rain_targetcal25,1,0.8108108108108109
1.0,1000,False,0.0,0.0,1.0,0.9431578947368421,27,37.0,0.0,False,0.0,0.0,0.0,,,5,rider,0.1,0.1,region_crc,segformer_b2_cityscapes_mcdrop8,acdc_rain_targetcal25,1,
0.999,999,True,0.2037037037037037,0.2037037037037037,0.010510215535759926,0.9431578947368421,27,37.0,0.10526315789473678,False,0.2692307692307692,0.0,0.0,,,5,rider,0.1,0.1,heuristic,segformer_b2_cityscapes_mcdrop8,acdc_rain_targetcal25,1,
,-1,True,,0.7962962962962963,0.00025101425126194954,,475,,,False,,,,,,5,rider,0.1,0.1,argmax,segformer_b2_cityscapes_mcdrop8,acdc_rain_targetcal25,1,0.8108108108108109
1.0,1000,False,0.0,0.0,1.0,0.9431578947368421,27,37.0,0.0,False,0.0,0.0,0.0,,,5,rider,0.2,0.1,region_crc,segformer_b2_cityscapes_mcdrop8,acdc_rain_targetcal25,1,
0.999,999,True,0.2037037037037037,0.2037037037037037,0.010510215535759926,0.9431578947368421,27,37.0,0.10526315789473678,False,0.2692307692307692,0.0,0.0,,,5,rider,0.2,0.1,heuristic,segformer_b2_cityscapes_mcdrop8,acdc_rain_targetcal25,1,
,-1,True,,0.7962962962962963,0.00025101425126194954,,475,,,False,,,,,,5,rider,0.2,0.1,argmax,segformer_b2_cityscapes_mcdrop8,acdc_rain_targetcal25,1,0.8108108108108109
1.0,1000,False,0.0,0.0,1.0,0.9431578947368421,27,37.0,0.0,False,0.0,0.0,0.0,,,5,rider,0.05,0.5,region_crc,segformer_b2_cityscapes_mcdrop8,acdc_rain_targetcal25,1,
1.0,1000,True,0.0,0.0,1.0,0.9431578947368421,27,37.0,0.0,False,0.0,0.0,0.0,,,5,rider,0.05,0.5,heuristic,segformer_b2_cityscapes_mcdrop8,acdc_rain_targetcal25,1,
,-1,True,,0.8518518518518519,0.00025101425126194954,,475,,,False,,,,,,5,rider,0.05,0.5,argmax,segformer_b2_cityscapes_mcdrop8,acdc_rain_targetcal25,1,0.8648648648648649
1.0,1000,False,0.0,0.0,1.0,0.9431578947368421,27,37.0,0.0,False,0.0,0.0,0.0,,,5,rider,0.1,0.5,region_crc,segformer_b2_cityscapes_mcdrop8,acdc_rain_targetcal25,1,
1.0,1000,True,0.0,0.0,1.0,0.9431578947368421,27,37.0,0.0,False,0.0,0.0,0.0,,,5,rider,0.1,0.5,heuristic,segformer_b2_cityscapes_mcdrop8,acdc_rain_targetcal25,1,
,-1,True,,0.8518518518518519,0.00025101425126194954,,475,,,False,,,,,,5,rider,0.1,0.5,argmax,segformer_b2_cityscapes_mcdrop8,acdc_rain_targetcal25,1,0.8648648648648649
1.0,1000,False,0.0,0.0,1.0,0.9431578947368421,27,37.0,0.0,False,0.0,0.0,0.0,,,5,rider,0.2,0.5,region_crc,segformer_b2_cityscapes_mcdrop8,acdc_rain_targetcal25,1,
1.0,1000,True,0.0,0.0,1.0,0.9431578947368421,27,37.0,0.0,False,0.0,0.0,0.0,,,5,rider,0.2,0.5,heuristic,segformer_b2_cityscapes_mcdrop8,acdc_rain_targetcal25,1,
,-1,True,,0.8518518518518519,0.00025101425126194954,,475,,,False,,,,,,5,rider,0.2,0.5,argmax,segformer_b2_cityscapes_mcdrop8,acdc_rain_targetcal25,1,0.8648648648648649
1.0,1000,False,0.0,0.0,1.0,0.8336842105263158,79,147.0,0.0,False,0.0,0.0,0.0,,,5,bicycle,0.05,0.1,region_crc,segformer_b2_cityscapes_mcdrop8,acdc_rain_targetcal25,4,
1.0,1000,True,0.0,0.0,1.0,0.8336842105263158,79,147.0,0.0,False,0.0,0.0,0.0,,,5,bicycle,0.05,0.1,heuristic,segformer_b2_cityscapes_mcdrop8,acdc_rain_targetcal25,4,
,-1,True,,0.7368595539481615,0.0011233399854972959,,475,,,False,,,,,,5,bicycle,0.05,0.1,argmax,segformer_b2_cityscapes_mcdrop8,acdc_rain_targetcal25,4,0.7074829931972789
1.0,1000,False,0.0,0.0,1.0,0.8336842105263158,79,147.0,0.0,False,0.0,0.0,0.0,,,5,bicycle,0.1,0.1,region_crc,segformer_b2_cityscapes_mcdrop8,acdc_rain_targetcal25,4,
0.998,998,True,0.2191078963230862,0.2191078963230862,0.0204774197191,0.8336842105263158,79,147.0,0.09263157894736845,False,0.3333333333333333,0.07692307692307693,0.0,,,5,bicycle,0.1,0.1,heuristic,segformer_b2_cityscapes_mcdrop8,acdc_rain_targetcal25,4,
,-1,True,,0.7368595539481615,0.0011233399854972959,,475,,,False,,,,,,5,bicycle,0.1,0.1,argmax,segformer_b2_cityscapes_mcdrop8,acdc_rain_targetcal25,4,0.7074829931972789
1.0,1000,True,0.0,0.0,1.0,0.8336842105263158,79,147.0,0.0,False,0.0,0.0,0.0,,,5,bicycle,0.2,0.1,region_crc,segformer_b2_cityscapes_mcdrop8,acdc_rain_targetcal25,4,
0.998,998,True,0.2191078963230862,0.2191078963230862,0.0204774197191,0.8336842105263158,79,147.0,0.09263157894736845,False,0.3333333333333333,0.07692307692307693,0.0,,,5,bicycle,0.2,0.1,heuristic,segformer_b2_cityscapes_mcdrop8,acdc_rain_targetcal25,4,
,-1,True,,0.7368595539481615,0.0011233399854972959,,475,,,False,,,,,,5,bicycle,0.2,0.1,argmax,segformer_b2_cityscapes_mcdrop8,acdc_rain_targetcal25,4,0.7074829931972789
1.0,1000,False,0.0,0.0,1.0,0.8336842105263158,79,147.0,0.0,False,0.0,0.0,0.0,,,5,bicycle,0.05,0.5,region_crc,segformer_b2_cityscapes_mcdrop8,acdc_rain_targetcal25,4,
1.0,1000,True,0.0,0.0,1.0,0.8336842105263158,79,147.0,0.0,False,0.0,0.0,0.0,,,5,bicycle,0.05,0.5,heuristic,segformer_b2_cityscapes_mcdrop8,acdc_rain_targetcal25,4,
,-1,True,,0.7625979505726341,0.0011233399854972959,,475,,,False,,,,,,5,bicycle,0.05,0.5,argmax,segformer_b2_cityscapes_mcdrop8,acdc_rain_targetcal25,4,0.7346938775510204
1.0,1000,False,0.0,0.0,1.0,0.8336842105263158,79,147.0,0.0,False,0.0,0.0,0.0,,,5,bicycle,0.1,0.5,region_crc,segformer_b2_cityscapes_mcdrop8,acdc_rain_targetcal25,4,
0.999,999,True,0.22754671488848702,0.22754671488848702,0.028193704783916473,0.8336842105263158,79,147.0,0.09473684210526317,False,0.30864197530864196,0.11538461538461539,0.0,,,5,bicycle,0.1,0.5,heuristic,segformer_b2_cityscapes_mcdrop8,acdc_rain_targetcal25,4,
,-1,True,,0.7625979505726341,0.0011233399854972959,,475,,,False,,,,,,5,bicycle,0.1,0.5,argmax,segformer_b2_cityscapes_mcdrop8,acdc_rain_targetcal25,4,0.7346938775510204
1.0,1000,True,0.0,0.0,1.0,0.8336842105263158,79,147.0,0.0,False,0.0,0.0,0.0,,,5,bicycle,0.2,0.5,region_crc,segformer_b2_cityscapes_mcdrop8,acdc_rain_targetcal25,4,
0.999,999,True,0.22754671488848702,0.22754671488848702,0.028193704783916473,0.8336842105263158,79,147.0,0.09473684210526317,False,0.30864197530864196,0.11538461538461539,0.0,,,5,bicycle,0.2,0.5,heuristic,segformer_b2_cityscapes_mcdrop8,acdc_rain_targetcal25,4,
,-1,True,,0.7625979505726341,0.0011233399854972959,,475,,,False,,,,,,5,bicycle,0.2,0.5,argmax,segformer_b2_cityscapes_mcdrop8,acdc_rain_targetcal25,4,0.7346938775510204
1.0,1000,False,0.0,0.0,1.0,0.6652631578947369,159,310.0,0.0,False,0.0,0.0,0.0,,,6,person,0.05,0.1,region_crc,segformer_b2_cityscapes_mcdrop8,acdc_rain_targetcal25,11,
1.0,1000,True,0.0,0.0,1.0,0.6652631578947369,159,310.0,0.0,False,0.0,0.0,0.0,,,6,person,0.05,0.1,heuristic,segformer_b2_cityscapes_mcdrop8,acdc_rain_targetcal25,11,
,-1,True,,0.6559629399252039,0.0018268346320837736,,475,,,False,,,,,,6,person,0.05,0.1,argmax,segformer_b2_cityscapes_mcdrop8,acdc_rain_targetcal25,11,0.6064516129032258
1.0,1000,True,0.0,0.0,1.0,0.6652631578947369,159,310.0,0.0,False,0.0,0.0,0.0,,,6,person,0.1,0.1,region_crc,segformer_b2_cityscapes_mcdrop8,acdc_rain_targetcal25,11,
0.994,994,True,0.07117400419287212,0.07117400419287212,0.02859473042190075,0.6652631578947369,159,310.0,0.2231578947368421,False,0.08620689655172414,0.035398230088495575,0.0,,,6,person,0.1,0.1,heuristic,segformer_b2_cityscapes_mcdrop8,acdc_rain_targetcal25,11,
,-1,True,,0.6559629399252039,0.0018268346320837736,,475,,,False,,,,,,6,person,0.1,0.1,argmax,segformer_b2_cityscapes_mcdrop8,acdc_rain_targetcal25,11,0.6064516129032258
0.987,987,True,0.1473445143256464,0.1473445143256464,0.019605668261647224,15.871578947368421,159,310.0,0.19578947368421057,False,0.16666666666666666,0.07964601769911504,0.0,,,6,person,0.2,0.1,region_crc,segformer_b2_cityscapes_mcdrop8,acdc_rain_targetcal25,11,
0.987,987,True,0.1473445143256464,0.1473445143256464,0.019605668261647224,15.871578947368421,159,310.0,0.19578947368421057,False,0.16666666666666666,0.07964601769911504,0.0,,,6,person,0.2,0.1,heuristic,segformer_b2_cityscapes_mcdrop8,acdc_rain_targetcal25,11,
,-1,True,,0.6559629399252039,0.0018268346320837736,,475,,,False,,,,,,6,person,0.2,0.1,argmax,segformer_b2_cityscapes_mcdrop8,acdc_rain_targetcal25,11,0.6064516129032258
1.0,1000,False,0.0,0.0,1.0,0.6652631578947369,159,310.0,0.0,False,0.0,0.0,0.0,,,6,person,0.05,0.5,region_crc,segformer_b2_cityscapes_mcdrop8,acdc_rain_targetcal25,11,
1.0,1000,True,0.0,0.0,1.0,0.6652631578947369,159,310.0,0.0,False,0.0,0.0,0.0,,,6,person,0.05,0.5,heuristic,segformer_b2_cityscapes_mcdrop8,acdc_rain_targetcal25,11,
,-1,True,,0.7725946659908923,0.0018268346320837736,,475,,,False,,,,,,6,person,0.05,0.5,argmax,segformer_b2_cityscapes_mcdrop8,acdc_rain_targetcal25,11,0.7129032258064516
1.0,1000,True,0.0,0.0,1.0,0.6652631578947369,159,310.0,0.0,False,0.0,0.0,0.0,,,6,person,0.1,0.5,region_crc,segformer_b2_cityscapes_mcdrop8,acdc_rain_targetcal25,11,
0.999,999,True,0.04874213836477988,0.04874213836477988,0.06095689535140991,0.6652631578947369,159,310.0,0.18736842105263157,False,0.040229885057471264,0.04424778761061947,0.0,,,6,person,0.1,0.5,heuristic,segformer_b2_cityscapes_mcdrop8,acdc_rain_targetcal25,11,
,-1,True,,0.7725946659908923,0.0018268346320837736,,475,,,False,,,,,,6,person,0.1,0.5,argmax,segformer_b2_cityscapes_mcdrop8,acdc_rain_targetcal25,11,0.7129032258064516
0.991,991,True,0.21722034080524646,0.21722034080524646,0.023558935150504112,0.6652631578947369,159,310.0,0.208421052631579,False,0.23563218390804597,0.13274336283185842,0.0,,,6,person,0.2,0.5,region_crc,segformer_b2_cityscapes_mcdrop8,acdc_rain_targetcal25,11,
0.991,991,True,0.21722034080524646,0.21722034080524646,0.023558935150504112,0.6652631578947369,159,310.0,0.208421052631579,False,0.23563218390804597,0.13274336283185842,0.0,,,6,person,0.2,0.5,heuristic,segformer_b2_cityscapes_mcdrop8,acdc_rain_targetcal25,11,
,-1,True,,0.7725946659908923,0.0018268346320837736,,475,,,False,,,,,,6,person,0.2,0.5,argmax,segformer_b2_cityscapes_mcdrop8,acdc_rain_targetcal25,11,0.7129032258064516
,-1,False,,,,,475,,,False,,,,,,6,rider,0.05,0.1,region_crc,segformer_b2_cityscapes_mcdrop8,acdc_rain_targetcal25,0,
,-1,False,,,,,475,,,False,,,,,,6,rider,0.05,0.1,heuristic,segformer_b2_cityscapes_mcdrop8,acdc_rain_targetcal25,0,
,-1,True,,0.8035714285714286,0.0002435885980958119,,475,,,False,,,,,,6,rider,0.05,0.1,argmax,segformer_b2_cityscapes_mcdrop8,acdc_rain_targetcal25,0,0.8157894736842105
,-1,False,,,,,475,,,False,,,,,,6,rider,0.1,0.1,region_crc,segformer_b2_cityscapes_mcdrop8,acdc_rain_targetcal25,0,
,-1,False,,,,,475,,,False,,,,,,6,rider,0.1,0.1,heuristic,segformer_b2_cityscapes_mcdrop8,acdc_rain_targetcal25,0,
,-1,True,,0.8035714285714286,0.0002435885980958119,,475,,,False,,,,,,6,rider,0.1,0.1,argmax,segformer_b2_cityscapes_mcdrop8,acdc_rain_targetcal25,0,0.8157894736842105
,-1,False,,,,,475,,,False,,,,,,6,rider,0.2,0.1,region_crc,segformer_b2_cityscapes_mcdrop8,acdc_rain_targetcal25,0,
,-1,False,,,,,475,,,False,,,,,,6,rider,0.2,0.1,heuristic,segformer_b2_cityscapes_mcdrop8,acdc_rain_targetcal25,0,
,-1,True,,0.8035714285714286,0.0002435885980958119,,475,,,False,,,,,,6,rider,0.2,0.1,argmax,segformer_b2_cityscapes_mcdrop8,acdc_rain_targetcal25,0,0.8157894736842105
,-1,False,,,,,475,,,False,,,,,,6,rider,0.05,0.5,region_crc,segformer_b2_cityscapes_mcdrop8,acdc_rain_targetcal25,0,
,-1,False,,,,,475,,,False,,,,,,6,rider,0.05,0.5,heuristic,segformer_b2_cityscapes_mcdrop8,acdc_rain_targetcal25,0,
,-1,True,,0.8571428571428571,0.0002435885980958119,,475,,,False,,,,,,6,rider,0.05,0.5,argmax,segformer_b2_cityscapes_mcdrop8,acdc_rain_targetcal25,0,0.868421052631579
,-1,False,,,,,475,,,False,,,,,,6,rider,0.1,0.5,region_crc,segformer_b2_cityscapes_mcdrop8,acdc_rain_targetcal25,0,
,-1,False,,,,,475,,,False,,,,,,6,rider,0.1,0.5,heuristic,segformer_b2_cityscapes_mcdrop8,acdc_rain_targetcal25,0,
,-1,True,,0.8571428571428571,0.0002435885980958119,,475,,,False,,,,,,6,rider,0.1,0.5,argmax,segformer_b2_cityscapes_mcdrop8,acdc_rain_targetcal25,0,0.868421052631579
,-1,False,,,,,475,,,False,,,,,,6,rider,0.2,0.5,region_crc,segformer_b2_cityscapes_mcdrop8,acdc_rain_targetcal25,0,
,-1,False,,,,,475,,,False,,,,,,6,rider,0.2,0.5,heuristic,segformer_b2_cityscapes_mcdrop8,acdc_rain_targetcal25,0,
,-1,True,,0.8571428571428571,0.0002435885980958119,,475,,,False,,,,,,6,rider,0.2,0.5,argmax,segformer_b2_cityscapes_mcdrop8,acdc_rain_targetcal25,0,0.868421052631579
1.0,1000,False,0.0,0.0,1.0,0.8336842105263158,79,149.0,0.0,False,0.0,0.0,0.0,,,6,bicycle,0.05,0.1,region_crc,segformer_b2_cityscapes_mcdrop8,acdc_rain_targetcal25,4,
1.0,1000,True,0.0,0.0,1.0,0.8336842105263158,79,149.0,0.0,False,0.0,0.0,0.0,,,6,bicycle,0.05,0.1,heuristic,segformer_b2_cityscapes_mcdrop8,acdc_rain_targetcal25,4,
,-1,True,,0.7567510548523206,0.0010942007647827268,,475,,,False,,,,,,6,bicycle,0.05,0.1,argmax,segformer_b2_cityscapes_mcdrop8,acdc_rain_targetcal25,4,0.7449664429530202
1.0,1000,False,0.0,0.0,1.0,0.8336842105263158,79,149.0,0.0,False,0.0,0.0,0.0,,,6,bicycle,0.1,0.1,region_crc,segformer_b2_cityscapes_mcdrop8,acdc_rain_targetcal25,4,
1.0,1000,True,0.0,0.0,1.0,0.8336842105263158,79,149.0,0.0,False,0.0,0.0,0.0,,,6,bicycle,0.1,0.1,heuristic,segformer_b2_cityscapes_mcdrop8,acdc_rain_targetcal25,4,
,-1,True,,0.7567510548523206,0.0010942007647827268,,475,,,False,,,,,,6,bicycle,0.1,0.1,argmax,segformer_b2_cityscapes_mcdrop8,acdc_rain_targetcal25,4,0.7449664429530202
1.0,1000,True,0.0,0.0,1.0,0.8336842105263158,79,149.0,0.0,False,0.0,0.0,0.0,,,6,bicycle,0.2,0.1,region_crc,segformer_b2_cityscapes_mcdrop8,acdc_rain_targetcal25,4,
1.0,1000,True,0.0,0.0,1.0,0.8336842105263158,79,149.0,0.0,False,0.0,0.0,0.0,,,6,bicycle,0.2,0.1,heuristic,segformer_b2_cityscapes_mcdrop8,acdc_rain_targetcal25,4,
,-1,True,,0.7567510548523206,0.0010942007647827268,,475,,,False,,,,,,6,bicycle,0.2,0.1,argmax,segformer_b2_cityscapes_mcdrop8,acdc_rain_targetcal25,4,0.7449664429530202
1.0,1000,False,0.0,0.0,1.0,0.8336842105263158,79,149.0,0.0,False,0.0,0.0,0.0,,,6,bicycle,0.05,0.5,region_crc,segformer_b2_cityscapes_mcdrop8,acdc_rain_targetcal25,4,
1.0,1000,True,0.0,0.0,1.0,0.8336842105263158,79,149.0,0.0,False,0.0,0.0,0.0,,,6,bicycle,0.05,0.5,heuristic,segformer_b2_cityscapes_mcdrop8,acdc_rain_targetcal25,4,
,-1,True,,0.7824894514767932,0.0010942007647827268,,475,,,False,,,,,,6,bicycle,0.05,0.5,argmax,segformer_b2_cityscapes_mcdrop8,acdc_rain_targetcal25,4,0.7718120805369127
1.0,1000,False,0.0,0.0,1.0,0.8336842105263158,79,149.0,0.0,False,0.0,0.0,0.0,,,6,bicycle,0.1,0.5,region_crc,segformer_b2_cityscapes_mcdrop8,acdc_rain_targetcal25,4,
1.0,1000,True,0.0,0.0,1.0,0.8336842105263158,79,149.0,0.0,False,0.0,0.0,0.0,,,6,bicycle,0.1,0.5,heuristic,segformer_b2_cityscapes_mcdrop8,acdc_rain_targetcal25,4,
,-1,True,,0.7824894514767932,0.0010942007647827268,,475,,,False,,,,,,6,bicycle,0.1,0.5,argmax,segformer_b2_cityscapes_mcdrop8,acdc_rain_targetcal25,4,0.7718120805369127
1.0,1000,True,0.0,0.0,1.0,0.8336842105263158,79,149.0,0.0,False,0.0,0.0,0.0,,,6,bicycle,0.2,0.5,region_crc,segformer_b2_cityscapes_mcdrop8,acdc_rain_targetcal25,4,
1.0,1000,True,0.0,0.0,1.0,0.8336842105263158,79,149.0,0.0,False,0.0,0.0,0.0,,,6,bicycle,0.2,0.5,heuristic,segformer_b2_cityscapes_mcdrop8,acdc_rain_targetcal25,4,
,-1,True,,0.7824894514767932,0.0010942007647827268,,475,,,False,,,,,,6,bicycle,0.2,0.5,argmax,segformer_b2_cityscapes_mcdrop8,acdc_rain_targetcal25,4,0.7718120805369127
1.0,1000,False,0.0,0.0,1.0,0.6568421052631579,163,322.0,0.0,False,0.0,0.0,0.0,,,7,person,0.05,0.1,region_crc,segformer_b2_cityscapes_mcdrop8,acdc_rain_targetcal25,7,
0.997,997,True,0.055725971370143144,0.05572597137014315,0.03901892527937889,0.6568421052631579,163,322.0,0.19789473684210526,False,0.053763440860215055,0.02654867256637168,0.0,,,7,person,0.05,0.1,heuristic,segformer_b2_cityscapes_mcdrop8,acdc_rain_targetcal25,7,
,-1,True,,0.6398656898656898,0.0018554285634309053,,475,,,False,,,,,,7,person,0.05,0.1,argmax,segformer_b2_cityscapes_mcdrop8,acdc_rain_targetcal25,7,0.593167701863354
1.0,1000,False,0.0,0.0,1.0,0.6568421052631579,163,322.0,0.0,False,0.0,0.0,0.0,,,7,person,0.1,0.1,region_crc,segformer_b2_cityscapes_mcdrop8,acdc_rain_targetcal25,7,
0.976,976,True,0.22518221383252057,0.22518221383252057,0.014143376611173153,15.856842105263159,163,322.0,0.14947368421052631,False,0.26344086021505375,0.09734513274336283,0.0,,,7,person,0.1,0.1,heuristic,segformer_b2_cityscapes_mcdrop8,acdc_rain_targetcal25,7,
,-1,True,,0.6398656898656898,0.0018554285634309053,,475,,,False,,,,,,7,person,0.1,0.1,argmax,segformer_b2_cityscapes_mcdrop8,acdc_rain_targetcal25,7,0.593167701863354
0.976,976,True,0.22518221383252057,0.22518221383252057,0.014143376611173153,15.856842105263159,163,322.0,0.14947368421052631,False,0.26344086021505375,0.09734513274336283,0.0,,,7,person,0.2,0.1,region_crc,segformer_b2_cityscapes_mcdrop8,acdc_rain_targetcal25,7,
0.961,961,True,0.2918679820520311,0.2918679820520311,0.010656476020812988,10.696842105263158,163,322.0,0.1389473684210526,False,0.34408602150537637,0.13274336283185842,0.0,,,7,person,0.2,0.1,heuristic,segformer_b2_cityscapes_mcdrop8,acdc_rain_targetcal25,7,
,-1,True,,0.6398656898656898,0.0018554285634309053,,475,,,False,,,,,,7,person,0.2,0.1,argmax,segformer_b2_cityscapes_mcdrop8,acdc_rain_targetcal25,7,0.593167701863354
1.0,1000,False,0.0,0.0,1.0,0.6568421052631579,163,322.0,0.0,False,0.0,0.0,0.0,,,7,person,0.05,0.5,region_crc,segformer_b2_cityscapes_mcdrop8,acdc_rain_targetcal25,7,
0.999,999,True,0.05368098159509203,0.05368098159509203,0.0609835721552372,0.6568421052631579,163,322.0,0.18526315789473685,False,0.043010752688172046,0.04424778761061947,0.0,,,7,person,0.05,0.5,heuristic,segformer_b2_cityscapes_mcdrop8,acdc_rain_targetcal25,7,
,-1,True,,0.7561915249031814,0.0018554285634309053,,475,,,False,,,,,,7,person,0.05,0.5,argmax,segformer_b2_cityscapes_mcdrop8,acdc_rain_targetcal25,7,0.6925465838509317
1.0,1000,False,0.0,0.0,1.0,0.6568421052631579,163,322.0,0.0,False,0.0,0.0,0.0,,,7,person,0.1,0.5,region_crc,segformer_b2_cityscapes_mcdrop8,acdc_rain_targetcal25,7,
0.994,994,True,0.1667348329925017,0.1667348329925017,0.02860875241458416,0.6568421052631579,163,322.0,0.18526315789473685,False,0.17204301075268819,0.10619469026548672,0.0,,,7,person,0.1,0.5,heuristic,segformer_b2_cityscapes_mcdrop8,acdc_rain_targetcal25,7,
,-1,True,,0.7561915249031814,0.0018554285634309053,,475,,,False,,,,,,7,person,0.1,0.5,argmax,segformer_b2_cityscapes_mcdrop8,acdc_rain_targetcal25,7,0.6925465838509317
0.994,994,True,0.1667348329925017,0.1667348329925017,0.02860875241458416,0.6568421052631579,163,322.0,0.18526315789473685,False,0.17204301075268819,0.10619469026548672,0.0,,,7,person,0.2,0.5,region_crc,segformer_b2_cityscapes_mcdrop8,acdc_rain_targetcal25,7,
0.977,977,True,0.3432994748945669,0.3432994748945669,0.014479550532996655,15.856842105263159,163,322.0,0.14947368421052631,False,0.3817204301075269,0.21238938053097345,0.08695652173913043,,,7,person,0.2,0.5,heuristic,segformer_b2_cityscapes_mcdrop8,acdc_rain_targetcal25,7,
,-1,True,,0.7561915249031814,0.0018554285634309053,,475,,,False,,,,,,7,person,0.2,0.5,argmax,segformer_b2_cityscapes_mcdrop8,acdc_rain_targetcal25,7,0.6925465838509317
1.0,1000,False,0.0,0.0,1.0,0.9452631578947368,26,36.0,0.0,False,0.0,0.0,0.0,,,7,rider,0.05,0.1,region_crc,segformer_b2_cityscapes_mcdrop8,acdc_rain_targetcal25,2,
1.0,1000,True,0.0,0.0,1.0,0.9452631578947368,26,36.0,0.0,False,0.0,0.0,0.0,,,7,rider,0.05,0.1,heuristic,segformer_b2_cityscapes_mcdrop8,acdc_rain_targetcal25,2,
,-1,True,,0.7884615384615384,0.0002475724904797971,,475,,,False,,,,,,7,rider,0.05,0.1,argmax,segformer_b2_cityscapes_mcdrop8,acdc_rain_targetcal25,2,0.8055555555555556
1.0,1000,False,0.0,0.0,1.0,0.9452631578947368,26,36.0,0.0,False,0.0,0.0,0.0,,,7,rider,0.1,0.1,region_crc,segformer_b2_cityscapes_mcdrop8,acdc_rain_targetcal25,2,
1.0,1000,True,0.0,0.0,1.0,0.9452631578947368,26,36.0,0.0,False,0.0,0.0,0.0,,,7,rider,0.1,0.1,heuristic,segformer_b2_cityscapes_mcdrop8,acdc_rain_targetcal25,2,
,-1,True,,0.7884615384615384,0.0002475724904797971,,475,,,False,,,,,,7,rider,0.1,0.1,argmax,segformer_b2_cityscapes_mcdrop8,acdc_rain_targetcal25,2,0.8055555555555556
1.0,1000,False,0.0,0.0,1.0,0.9452631578947368,26,36.0,0.0,False,0.0,0.0,0.0,,,7,rider,0.2,0.1,region_crc,segformer_b2_cityscapes_mcdrop8,acdc_rain_targetcal25,2,
1.0,1000,True,0.0,0.0,1.0,0.9452631578947368,26,36.0,0.0,False,0.0,0.0,0.0,,,7,rider,0.2,0.1,heuristic,segformer_b2_cityscapes_mcdrop8,acdc_rain_targetcal25,2,
,-1,True,,0.7884615384615384,0.0002475724904797971,,475,,,False,,,,,,7,rider,0.2,0.1,argmax,segformer_b2_cityscapes_mcdrop8,acdc_rain_targetcal25,2,0.8055555555555556
1.0,1000,False,0.0,0.0,1.0,0.9452631578947368,26,36.0,0.0,False,0.0,0.0,0.0,,,7,rider,0.05,0.5,region_crc,segformer_b2_cityscapes_mcdrop8,acdc_rain_targetcal25,2,
1.0,1000,True,0.0,0.0,1.0,0.9452631578947368,26,36.0,0.0,False,0.0,0.0,0.0,,,7,rider,0.05,0.5,heuristic,segformer_b2_cityscapes_mcdrop8,acdc_rain_targetcal25,2,
,-1,True,,0.8461538461538461,0.0002475724904797971,,475,,,False,,,,,,7,rider,0.05,0.5,argmax,segformer_b2_cityscapes_mcdrop8,acdc_rain_targetcal25,2,0.8611111111111112
1.0,1000,False,0.0,0.0,1.0,0.9452631578947368,26,36.0,0.0,False,0.0,0.0,0.0,,,7,rider,0.1,0.5,region_crc,segformer_b2_cityscapes_mcdrop8,acdc_rain_targetcal25,2,
1.0,1000,True,0.0,0.0,1.0,0.9452631578947368,26,36.0,0.0,False,0.0,0.0,0.0,,,7,rider,0.1,0.5,heuristic,segformer_b2_cityscapes_mcdrop8,acdc_rain_targetcal25,2,
,-1,True,,0.8461538461538461,0.0002475724904797971,,475,,,False,,,,,,7,rider,0.1,0.5,argmax,segformer_b2_cityscapes_mcdrop8,acdc_rain_targetcal25,2,0.8611111111111112
1.0,1000,False,0.0,0.0,1.0,0.9452631578947368,26,36.0,0.0,False,0.0,0.0,0.0,,,7,rider,0.2,0.5,region_crc,segformer_b2_cityscapes_mcdrop8,acdc_rain_targetcal25,2,
1.0,1000,True,0.0,0.0,1.0,0.9452631578947368,26,36.0,0.0,False,0.0,0.0,0.0,,,7,rider,0.2,0.5,heuristic,segformer_b2_cityscapes_mcdrop8,acdc_rain_targetcal25,2,
,-1,True,,0.8461538461538461,0.0002475724904797971,,475,,,False,,,,,,7,rider,0.2,0.5,argmax,segformer_b2_cityscapes_mcdrop8,acdc_rain_targetcal25,2,0.8611111111111112
1.0,1000,False,0.0,0.0,1.0,0.8357894736842105,78,151.0,0.0,False,0.0,0.0,0.0,,,7,bicycle,0.05,0.1,region_crc,segformer_b2_cityscapes_mcdrop8,acdc_rain_targetcal25,5,
1.0,1000,True,0.0,0.0,1.0,0.8357894736842105,78,151.0,0.0,False,0.0,0.0,0.0,,,7,bicycle,0.05,0.1,heuristic,segformer_b2_cityscapes_mcdrop8,acdc_rain_targetcal25,5,
,-1,True,,0.7398962148962149,0.001110839075408876,,475,,,False,,,,,,7,bicycle,0.05,0.1,argmax,segformer_b2_cityscapes_mcdrop8,acdc_rain_targetcal25,5,0.7218543046357616
1.0,1000,False,0.0,0.0,1.0,0.8357894736842105,78,151.0,0.0,False,0.0,0.0,0.0,,,7,bicycle,0.1,0.1,region_crc,segformer_b2_cityscapes_mcdrop8,acdc_rain_targetcal25,5,
1.0,1000,True,0.0,0.0,1.0,0.8357894736842105,78,151.0,0.0,False,0.0,0.0,0.0,,,7,bicycle,0.1,0.1,heuristic,segformer_b2_cityscapes_mcdrop8,acdc_rain_targetcal25,5,
,-1,True,,0.7398962148962149,0.001110839075408876,,475,,,False,,,,,,7,bicycle,0.1,0.1,argmax,segformer_b2_cityscapes_mcdrop8,acdc_rain_targetcal25,5,0.7218543046357616
1.0,1000,True,0.0,0.0,1.0,0.8357894736842105,78,151.0,0.0,False,0.0,0.0,0.0,,,7,bicycle,0.2,0.1,region_crc,segformer_b2_cityscapes_mcdrop8,acdc_rain_targetcal25,5,
1.0,1000,True,0.0,0.0,1.0,0.8357894736842105,78,151.0,0.0,False,0.0,0.0,0.0,,,7,bicycle,0.2,0.1,heuristic,segformer_b2_cityscapes_mcdrop8,acdc_rain_targetcal25,5,
,-1,True,,0.7398962148962149,0.001110839075408876,,475,,,False,,,,,,7,bicycle,0.2,0.1,argmax,segformer_b2_cityscapes_mcdrop8,acdc_rain_targetcal25,5,0.7218543046357616
1.0,1000,False,0.0,0.0,1.0,0.8357894736842105,78,151.0,0.0,False,0.0,0.0,0.0,,,7,bicycle,0.05,0.5,region_crc,segformer_b2_cityscapes_mcdrop8,acdc_rain_targetcal25,5,
1.0,1000,True,0.0,0.0,1.0,0.8357894736842105,78,151.0,0.0,False,0.0,0.0,0.0,,,7,bicycle,0.05,0.5,heuristic,segformer_b2_cityscapes_mcdrop8,acdc_rain_targetcal25,5,
,-1,True,,0.7659645909645909,0.001110839075408876,,475,,,False,,,,,,7,bicycle,0.05,0.5,argmax,segformer_b2_cityscapes_mcdrop8,acdc_rain_targetcal25,5,0.7483443708609272
1.0,1000,False,0.0,0.0,1.0,0.8357894736842105,78,151.0,0.0,False,0.0,0.0,0.0,,,7,bicycle,0.1,0.5,region_crc,segformer_b2_cityscapes_mcdrop8,acdc_rain_targetcal25,5,
1.0,1000,True,0.0,0.0,1.0,0.8357894736842105,78,151.0,0.0,False,0.0,0.0,0.0,,,7,bicycle,0.1,0.5,heuristic,segformer_b2_cityscapes_mcdrop8,acdc_rain_targetcal25,5,
,-1,True,,0.7659645909645909,0.001110839075408876,,475,,,False,,,,,,7,bicycle,0.1,0.5,argmax,segformer_b2_cityscapes_mcdrop8,acdc_rain_targetcal25,5,0.7483443708609272
1.0,1000,True,0.0,0.0,1.0,0.8357894736842105,78,151.0,0.0,False,0.0,0.0,0.0,,,7,bicycle,0.2,0.5,region_crc,segformer_b2_cityscapes_mcdrop8,acdc_rain_targetcal25,5,
1.0,1000,True,0.0,0.0,1.0,0.8357894736842105,78,151.0,0.0,False,0.0,0.0,0.0,,,7,bicycle,0.2,0.5,heuristic,segformer_b2_cityscapes_mcdrop8,acdc_rain_targetcal25,5,
,-1,True,,0.7659645909645909,0.001110839075408876,,475,,,False,,,,,,7,bicycle,0.2,0.5,argmax,segformer_b2_cityscapes_mcdrop8,acdc_rain_targetcal25,5,0.7483443708609272
1.0,1000,False,0.0,0.0,1.0,0.6505263157894737,166,328.0,0.0,False,0.0,0.0,0.0,,,8,person,0.05,0.1,region_crc,segformer_b2_cityscapes_mcdrop8,acdc_rain_targetcal25,4,
0.999,999,True,0.03162650602409638,0.03162650602409638,0.06103895604610443,0.6505263157894737,166,328.0,0.1536842105263158,False,0.021621621621621623,0.025,0.0,,,8,person,0.05,0.1,heuristic,segformer_b2_cityscapes_mcdrop8,acdc_rain_targetcal25,4,
,-1,True,,0.6403500448681171,0.0018710190197452903,,475,,,False,,,,,,8,person,0.05,0.1,argmax,segformer_b2_cityscapes_mcdrop8,acdc_rain_targetcal25,4,0.5914634146341463
1.0,1000,False,0.0,0.0,1.0,0.6505263157894737,166,328.0,0.0,False,0.0,0.0,0.0,,,8,person,0.1,0.1,region_crc,segformer_b2_cityscapes_mcdrop8,acdc_rain_targetcal25,4,
0.999,999,True,0.03162650602409638,0.03162650602409638,0.06103895604610443,0.6505263157894737,166,328.0,0.1536842105263158,False,0.021621621621621623,0.025,0.0,,,8,person,0.1,0.1,heuristic,segformer_b2_cityscapes_mcdrop8,acdc_rain_targetcal25,4,
,-1,True,,0.6403500448681171,0.0018710190197452903,,475,,,False,,,,,,8,person,0.1,0.1,argmax,segformer_b2_cityscapes_mcdrop8,acdc_rain_targetcal25,4,0.5914634146341463
0.999,999,True,0.03162650602409638,0.03162650602409638,0.06103895604610443,0.6505263157894737,166,328.0,0.1536842105263158,False,0.021621621621621623,0.025,0.0,,,8,person,0.2,0.1,region_crc,segformer_b2_cityscapes_mcdrop8,acdc_rain_targetcal25,4,
0.999,999,True,0.03162650602409638,0.03162650602409638,0.06103895604610443,0.6505263157894737,166,328.0,0.1536842105263158,False,0.021621621621621623,0.025,0.0,,,8,person,0.2,0.1,heuristic,segformer_b2_cityscapes_mcdrop8,acdc_rain_targetcal25,4,
,-1,True,,0.6403500448681171,0.0018710190197452903,,475,,,False,,,,,,8,person,0.2,0.1,argmax,segformer_b2_cityscapes_mcdrop8,acdc_rain_targetcal25,4,0.5914634146341463
1.0,1000,False,0.0,0.0,1.0,0.6505263157894737,166,328.0,0.0,False,0.0,0.0,0.0,,,8,person,0.05,0.5,region_crc,segformer_b2_cityscapes_mcdrop8,acdc_rain_targetcal25,4,
1.0,1000,True,0.0,0.0,1.0,0.6505263157894737,166,328.0,0.0,False,0.0,0.0,0.0,,,8,person,0.05,0.5,heuristic,segformer_b2_cityscapes_mcdrop8,acdc_rain_targetcal25,4,
,-1,True,,0.7656177824852524,0.0018710190197452903,,475,,,False,,,,,,8,person,0.05,0.5,argmax,segformer_b2_cityscapes_mcdrop8,acdc_rain_targetcal25,4,0.7012195121951219
1.0,1000,False,0.0,0.0,1.0,0.6505263157894737,166,328.0,0.0,False,0.0,0.0,0.0,,,8,person,0.1,0.5,region_crc,segformer_b2_cityscapes_mcdrop8,acdc_rain_targetcal25,4,
1.0,1000,True,0.0,0.0,1.0,0.6505263157894737,166,328.0,0.0,False,0.0,0.0,0.0,,,8,person,0.1,0.5,heuristic,segformer_b2_cityscapes_mcdrop8,acdc_rain_targetcal25,4,
,-1,True,,0.7656177824852524,0.0018710190197452903,,475,,,False,,,,,,8,person,0.1,0.5,argmax,segformer_b2_cityscapes_mcdrop8,acdc_rain_targetcal25,4,0.7012195121951219
1.0,1000,True,0.0,0.0,1.0,0.6505263157894737,166,328.0,0.0,False,0.0,0.0,0.0,,,8,person,0.2,0.5,region_crc,segformer_b2_cityscapes_mcdrop8,acdc_rain_targetcal25,4,
1.0,1000,True,0.0,0.0,1.0,0.6505263157894737,166,328.0,0.0,False,0.0,0.0,0.0,,,8,person,0.2,0.5,heuristic,segformer_b2_cityscapes_mcdrop8,acdc_rain_targetcal25,4,
,-1,True,,0.7656177824852524,0.0018710190197452903,,475,,,False,,,,,,8,person,0.2,0.5,argmax,segformer_b2_cityscapes_mcdrop8,acdc_rain_targetcal25,4,0.7012195121951219
,-1,False,,,,,475,,,False,,,,,,8,rider,0.05,0.1,region_crc,segformer_b2_cityscapes_mcdrop8,acdc_rain_targetcal25,0,
,-1,False,,,,,475,,,False,,,,,,8,rider,0.05,0.1,heuristic,segformer_b2_cityscapes_mcdrop8,acdc_rain_targetcal25,0,
,-1,True,,0.8035714285714286,0.0002510822669137269,,475,,,False,,,,,,8,rider,0.05,0.1,argmax,segformer_b2_cityscapes_mcdrop8,acdc_rain_targetcal25,0,0.8157894736842105
,-1,False,,,,,475,,,False,,,,,,8,rider,0.1,0.1,region_crc,segformer_b2_cityscapes_mcdrop8,acdc_rain_targetcal25,0,
,-1,False,,,,,475,,,False,,,,,,8,rider,0.1,0.1,heuristic,segformer_b2_cityscapes_mcdrop8,acdc_rain_targetcal25,0,
,-1,True,,0.8035714285714286,0.0002510822669137269,,475,,,False,,,,,,8,rider,0.1,0.1,argmax,segformer_b2_cityscapes_mcdrop8,acdc_rain_targetcal25,0,0.8157894736842105
,-1,False,,,,,475,,,False,,,,,,8,rider,0.2,0.1,region_crc,segformer_b2_cityscapes_mcdrop8,acdc_rain_targetcal25,0,
,-1,False,,,,,475,,,False,,,,,,8,rider,0.2,0.1,heuristic,segformer_b2_cityscapes_mcdrop8,acdc_rain_targetcal25,0,
,-1,True,,0.8035714285714286,0.0002510822669137269,,475,,,False,,,,,,8,rider,0.2,0.1,argmax,segformer_b2_cityscapes_mcdrop8,acdc_rain_targetcal25,0,0.8157894736842105
,-1,False,,,,,475,,,False,,,,,,8,rider,0.05,0.5,region_crc,segformer_b2_cityscapes_mcdrop8,acdc_rain_targetcal25,0,
,-1,False,,,,,475,,,False,,,,,,8,rider,0.05,0.5,heuristic,segformer_b2_cityscapes_mcdrop8,acdc_rain_targetcal25,0,
,-1,True,,0.8571428571428571,0.0002510822669137269,,475,,,False,,,,,,8,rider,0.05,0.5,argmax,segformer_b2_cityscapes_mcdrop8,acdc_rain_targetcal25,0,0.868421052631579
,-1,False,,,,,475,,,False,,,,,,8,rider,0.1,0.5,region_crc,segformer_b2_cityscapes_mcdrop8,acdc_rain_targetcal25,0,
,-1,False,,,,,475,,,False,,,,,,8,rider,0.1,0.5,heuristic,segformer_b2_cityscapes_mcdrop8,acdc_rain_targetcal25,0,
,-1,True,,0.8571428571428571,0.0002510822669137269,,475,,,False,,,,,,8,rider,0.1,0.5,argmax,segformer_b2_cityscapes_mcdrop8,acdc_rain_targetcal25,0,0.868421052631579
,-1,False,,,,,475,,,False,,,,,,8,rider,0.2,0.5,region_crc,segformer_b2_cityscapes_mcdrop8,acdc_rain_targetcal25,0,
,-1,False,,,,,475,,,False,,,,,,8,rider,0.2,0.5,heuristic,segformer_b2_cityscapes_mcdrop8,acdc_rain_targetcal25,0,
,-1,True,,0.8571428571428571,0.0002510822669137269,,475,,,False,,,,,,8,rider,0.2,0.5,argmax,segformer_b2_cityscapes_mcdrop8,acdc_rain_targetcal25,0,0.868421052631579
1.0,1000,False,0.0,0.0,1.0,0.8294736842105264,81,155.0,0.0,False,0.0,0.0,0.0,,,8,bicycle,0.05,0.1,region_crc,segformer_b2_cityscapes_mcdrop8,acdc_rain_targetcal25,2,
1.0,1000,True,0.0,0.0,1.0,0.8294736842105264,81,155.0,0.0,False,0.0,0.0,0.0,,,8,bicycle,0.05,0.1,heuristic,segformer_b2_cityscapes_mcdrop8,acdc_rain_targetcal25,2,
,-1,True,,0.7433568489124045,0.0011272153351455927,,475,,,False,,,,,,8,bicycle,0.05,0.1,argmax,segformer_b2_cityscapes_mcdrop8,acdc_rain_targetcal25,2,0.7225806451612903
1.0,1000,False,0.0,0.0,1.0,0.8294736842105264,81,155.0,0.0,False,0.0,0.0,0.0,,,8,bicycle,0.1,0.1,region_crc,segformer_b2_cityscapes_mcdrop8,acdc_rain_targetcal25,2,
1.0,1000,True,0.0,0.0,1.0,0.8294736842105264,81,155.0,0.0,False,0.0,0.0,0.0,,,8,bicycle,0.1,0.1,heuristic,segformer_b2_cityscapes_mcdrop8,acdc_rain_targetcal25,2,
,-1,True,,0.7433568489124045,0.0011272153351455927,,475,,,False,,,,,,8,bicycle,0.1,0.1,argmax,segformer_b2_cityscapes_mcdrop8,acdc_rain_targetcal25,2,0.7225806451612903
1.0,1000,False,0.0,0.0,1.0,0.8294736842105264,81,155.0,0.0,False,0.0,0.0,0.0,,,8,bicycle,0.2,0.1,region_crc,segformer_b2_cityscapes_mcdrop8,acdc_rain_targetcal25,2,
1.0,1000,True,0.0,0.0,1.0,0.8294736842105264,81,155.0,0.0,False,0.0,0.0,0.0,,,8,bicycle,0.2,0.1,heuristic,segformer_b2_cityscapes_mcdrop8,acdc_rain_targetcal25,2,
,-1,True,,0.7433568489124045,0.0011272153351455927,,475,,,False,,,,,,8,bicycle,0.2,0.1,argmax,segformer_b2_cityscapes_mcdrop8,acdc_rain_targetcal25,2,0.7225806451612903
1.0,1000,False,0.0,0.0,1.0,0.8294736842105264,81,155.0,0.0,False,0.0,0.0,0.0,,,8,bicycle,0.05,0.5,region_crc,segformer_b2_cityscapes_mcdrop8,acdc_rain_targetcal25,2,
1.0,1000,True,0.0,0.0,1.0,0.8294736842105264,81,155.0,0.0,False,0.0,0.0,0.0,,,8,bicycle,0.05,0.5,heuristic,segformer_b2_cityscapes_mcdrop8,acdc_rain_targetcal25,2,
,-1,True,,0.7684597295708406,0.0011272153351455927,,475,,,False,,,,,,8,bicycle,0.05,0.5,argmax,segformer_b2_cityscapes_mcdrop8,acdc_rain_targetcal25,2,0.7483870967741936
1.0,1000,False,0.0,0.0,1.0,0.8294736842105264,81,155.0,0.0,False,0.0,0.0,0.0,,,8,bicycle,0.1,0.5,region_crc,segformer_b2_cityscapes_mcdrop8,acdc_rain_targetcal25,2,
1.0,1000,True,0.0,0.0,1.0,0.8294736842105264,81,155.0,0.0,False,0.0,0.0,0.0,,,8,bicycle,0.1,0.5,heuristic,segformer_b2_cityscapes_mcdrop8,acdc_rain_targetcal25,2,
,-1,True,,0.7684597295708406,0.0011272153351455927,,475,,,False,,,,,,8,bicycle,0.1,0.5,argmax,segformer_b2_cityscapes_mcdrop8,acdc_rain_targetcal25,2,0.7483870967741936
1.0,1000,False,0.0,0.0,1.0,0.8294736842105264,81,155.0,0.0,False,0.0,0.0,0.0,,,8,bicycle,0.2,0.5,region_crc,segformer_b2_cityscapes_mcdrop8,acdc_rain_targetcal25,2,
1.0,1000,True,0.0,0.0,1.0,0.8294736842105264,81,155.0,0.0,False,0.0,0.0,0.0,,,8,bicycle,0.2,0.5,heuristic,segformer_b2_cityscapes_mcdrop8,acdc_rain_targetcal25,2,
,-1,True,,0.7684597295708406,0.0011272153351455927,,475,,,False,,,,,,8,bicycle,0.2,0.5,argmax,segformer_b2_cityscapes_mcdrop8,acdc_rain_targetcal25,2,0.7483870967741936
1.0,1000,False,0.0,0.0,1.0,0.6484210526315789,167,328.0,0.0,False,0.0,0.0,0.0,,,9,person,0.05,0.1,region_crc,segformer_b2_cityscapes_mcdrop8,acdc_rain_targetcal25,3,
0.93,930,True,0.4069330204060742,0.4069330204060743,0.00732114864513278,7.976842105263158,167,328.0,0.10526315789473684,False,0.4919786096256685,0.19491525423728814,0.043478260869565216,,,9,person,0.05,0.1,heuristic,segformer_b2_cityscapes_mcdrop8,acdc_rain_targetcal25,3,
,-1,True,,0.641505633421801,0.0018614938016980886,,475,,,False,,,,,,9,person,0.05,0.1,argmax,segformer_b2_cityscapes_mcdrop8,acdc_rain_targetcal25,3,0.5945121951219512
1.0,1000,False,0.0,0.0,1.0,0.6484210526315789,167,328.0,0.0,False,0.0,0.0,0.0,,,9,person,0.1,0.1,region_crc,segformer_b2_cityscapes_mcdrop8,acdc_rain_targetcal25,3,
0.93,930,True,0.4069330204060742,0.4069330204060743,0.00732114864513278,7.976842105263158,167,328.0,0.10526315789473684,False,0.4919786096256685,0.19491525423728814,0.043478260869565216,,,9,person,0.1,0.1,heuristic,segformer_b2_cityscapes_mcdrop8,acdc_rain_targetcal25,3,
,-1,True,,0.641505633421801,0.0018614938016980886,,475,,,False,,,,,,9,person,0.1,0.1,argmax,segformer_b2_cityscapes_mcdrop8,acdc_rain_targetcal25,3,0.5945121951219512
1.0,1000,False,0.0,0.0,1.0,0.6484210526315789,167,328.0,0.0,False,0.0,0.0,0.0,,,9,person,0.2,0.1,region_crc,segformer_b2_cityscapes_mcdrop8,acdc_rain_targetcal25,3,
0.93,930,True,0.4069330204060742,0.4069330204060743,0.00732114864513278,7.976842105263158,167,328.0,0.10526315789473684,False,0.4919786096256685,0.19491525423728814,0.043478260869565216,,,9,person,0.2,0.1,heuristic,segformer_b2_cityscapes_mcdrop8,acdc_rain_targetcal25,3,
,-1,True,,0.641505633421801,0.0018614938016980886,,475,,,False,,,,,,9,person,0.2,0.1,argmax,segformer_b2_cityscapes_mcdrop8,acdc_rain_targetcal25,3,0.5945121951219512
1.0,1000,False,0.0,0.0,1.0,0.6484210526315789,167,328.0,0.0,False,0.0,0.0,0.0,,,9,person,0.05,0.5,region_crc,segformer_b2_cityscapes_mcdrop8,acdc_rain_targetcal25,3,
0.983,983,True,0.297352182082721,0.297352182082721,0.017022548243403435,15.863157894736842,167,328.0,0.13052631578947368,False,0.33689839572192515,0.16101694915254236,0.043478260869565216,,,9,person,0.05,0.5,heuristic,segformer_b2_cityscapes_mcdrop8,acdc_rain_targetcal25,3,
,-1,True,,0.7630292528496121,0.0018614938016980886,,475,,,False,,,,,,9,person,0.05,0.5,argmax,segformer_b2_cityscapes_mcdrop8,acdc_rain_targetcal25,3,0.7012195121951219
1.0,1000,False,0.0,0.0,1.0,0.6484210526315789,167,328.0,0.0,False,0.0,0.0,0.0,,,9,person,0.1,0.5,region_crc,segformer_b2_cityscapes_mcdrop8,acdc_rain_targetcal25,3,
0.983,983,True,0.297352182082721,0.297352182082721,0.017022548243403435,15.863157894736842,167,328.0,0.13052631578947368,False,0.33689839572192515,0.16101694915254236,0.043478260869565216,,,9,person,0.1,0.5,heuristic,segformer_b2_cityscapes_mcdrop8,acdc_rain_targetcal25,3,
,-1,True,,0.7630292528496121,0.0018614938016980886,,475,,,False,,,,,,9,person,0.1,0.5,argmax,segformer_b2_cityscapes_mcdrop8,acdc_rain_targetcal25,3,0.7012195121951219
1.0,1000,False,0.0,0.0,1.0,0.6484210526315789,167,328.0,0.0,False,0.0,0.0,0.0,,,9,person,0.2,0.5,region_crc,segformer_b2_cityscapes_mcdrop8,acdc_rain_targetcal25,3,
0.983,983,True,0.297352182082721,0.297352182082721,0.017022548243403435,15.863157894736842,167,328.0,0.13052631578947368,False,0.33689839572192515,0.16101694915254236,0.043478260869565216,,,9,person,0.2,0.5,heuristic,segformer_b2_cityscapes_mcdrop8,acdc_rain_targetcal25,3,
,-1,True,,0.7630292528496121,0.0018614938016980886,,475,,,False,,,,,,9,person,0.2,0.5,argmax,segformer_b2_cityscapes_mcdrop8,acdc_rain_targetcal25,3,0.7012195121951219
1.0,1000,False,0.0,0.0,1.0,0.9452631578947368,26,35.0,0.0,False,0.0,0.0,0.0,,,9,rider,0.05,0.1,region_crc,segformer_b2_cityscapes_mcdrop8,acdc_rain_targetcal25,2,
1.0,1000,True,0.0,0.0,1.0,0.9452631578947368,26,35.0,0.0,False,0.0,0.0,0.0,,,9,rider,0.05,0.1,heuristic,segformer_b2_cityscapes_mcdrop8,acdc_rain_targetcal25,2,
,-1,True,,0.8269230769230769,0.0002492892963346094,,475,,,False,,,,,,9,rider,0.05,0.1,argmax,segformer_b2_cityscapes_mcdrop8,acdc_rain_targetcal25,2,0.8285714285714286
1.0,1000,False,0.0,0.0,1.0,0.9452631578947368,26,35.0,0.0,False,0.0,0.0,0.0,,,9,rider,0.1,0.1,region_crc,segformer_b2_cityscapes_mcdrop8,acdc_rain_targetcal25,2,
1.0,1000,True,0.0,0.0,1.0,0.9452631578947368,26,35.0,0.0,False,0.0,0.0,0.0,,,9,rider,0.1,0.1,heuristic,segformer_b2_cityscapes_mcdrop8,acdc_rain_targetcal25,2,
,-1,True,,0.8269230769230769,0.0002492892963346094,,475,,,False,,,,,,9,rider,0.1,0.1,argmax,segformer_b2_cityscapes_mcdrop8,acdc_rain_targetcal25,2,0.8285714285714286
1.0,1000,False,0.0,0.0,1.0,0.9452631578947368,26,35.0,0.0,False,0.0,0.0,0.0,,,9,rider,0.2,0.1,region_crc,segformer_b2_cityscapes_mcdrop8,acdc_rain_targetcal25,2,
1.0,1000,True,0.0,0.0,1.0,0.9452631578947368,26,35.0,0.0,False,0.0,0.0,0.0,,,9,rider,0.2,0.1,heuristic,segformer_b2_cityscapes_mcdrop8,acdc_rain_targetcal25,2,
,-1,True,,0.8269230769230769,0.0002492892963346094,,475,,,False,,,,,,9,rider,0.2,0.1,argmax,segformer_b2_cityscapes_mcdrop8,acdc_rain_targetcal25,2,0.8285714285714286
1.0,1000,False,0.0,0.0,1.0,0.9452631578947368,26,35.0,0.0,False,0.0,0.0,0.0,,,9,rider,0.05,0.5,region_crc,segformer_b2_cityscapes_mcdrop8,acdc_rain_targetcal25,2,
1.0,1000,True,0.0,0.0,1.0,0.9452631578947368,26,35.0,0.0,False,0.0,0.0,0.0,,,9,rider,0.05,0.5,heuristic,segformer_b2_cityscapes_mcdrop8,acdc_rain_targetcal25,2,
,-1,True,,0.8461538461538461,0.0002492892963346094,,475,,,False,,,,,,9,rider,0.05,0.5,argmax,segformer_b2_cityscapes_mcdrop8,acdc_rain_targetcal25,2,0.8571428571428571
1.0,1000,False,0.0,0.0,1.0,0.9452631578947368,26,35.0,0.0,False,0.0,0.0,0.0,,,9,rider,0.1,0.5,region_crc,segformer_b2_cityscapes_mcdrop8,acdc_rain_targetcal25,2,
1.0,1000,True,0.0,0.0,1.0,0.9452631578947368,26,35.0,0.0,False,0.0,0.0,0.0,,,9,rider,0.1,0.5,heuristic,segformer_b2_cityscapes_mcdrop8,acdc_rain_targetcal25,2,
,-1,True,,0.8461538461538461,0.0002492892963346094,,475,,,False,,,,,,9,rider,0.1,0.5,argmax,segformer_b2_cityscapes_mcdrop8,acdc_rain_targetcal25,2,0.8571428571428571
1.0,1000,False,0.0,0.0,1.0,0.9452631578947368,26,35.0,0.0,False,0.0,0.0,0.0,,,9,rider,0.2,0.5,region_crc,segformer_b2_cityscapes_mcdrop8,acdc_rain_targetcal25,2,
1.0,1000,True,0.0,0.0,1.0,0.9452631578947368,26,35.0,0.0,False,0.0,0.0,0.0,,,9,rider,0.2,0.5,heuristic,segformer_b2_cityscapes_mcdrop8,acdc_rain_targetcal25,2,
,-1,True,,0.8461538461538461,0.0002492892963346094,,475,,,False,,,,,,9,rider,0.2,0.5,argmax,segformer_b2_cityscapes_mcdrop8,acdc_rain_targetcal25,2,0.8571428571428571
1.0,1000,False,0.0,0.0,1.0,0.8315789473684211,80,152.0,0.0,False,0.0,0.0,0.0,,,9,bicycle,0.05,0.1,region_crc,segformer_b2_cityscapes_mcdrop8,acdc_rain_targetcal25,3,
0.8140000000000001,814,True,0.6941964285714285,0.6941964285714286,0.0016707921167835593,1.0357894736842106,80,152.0,0.10526315789473673,False,0.8554216867469879,0.5636363636363636,0.0,,,9,bicycle,0.05,0.1,heuristic,segformer_b2_cityscapes_mcdrop8,acdc_rain_targetcal25,3,
,-1,True,,0.7651488095238095,0.001073026447556913,,475,,,False,,,,,,9,bicycle,0.05,0.1,argmax,segformer_b2_cityscapes_mcdrop8,acdc_rain_targetcal25,3,0.743421052631579
1.0,1000,False,0.0,0.0,1.0,0.8315789473684211,80,152.0,0.0,False,0.0,0.0,0.0,,,9,bicycle,0.1,0.1,region_crc,segformer_b2_cityscapes_mcdrop8,acdc_rain_targetcal25,3,
0.8140000000000001,814,True,0.6941964285714285,0.6941964285714286,0.0016707921167835593,1.0357894736842106,80,152.0,0.10526315789473673,False,0.8554216867469879,0.5636363636363636,0.0,,,9,bicycle,0.1,0.1,heuristic,segformer_b2_cityscapes_mcdrop8,acdc_rain_targetcal25,3,
,-1,True,,0.7651488095238095,0.001073026447556913,,475,,,False,,,,,,9,bicycle,0.1,0.1,argmax,segformer_b2_cityscapes_mcdrop8,acdc_rain_targetcal25,3,0.743421052631579
1.0,1000,False,0.0,0.0,1.0,0.8315789473684211,80,152.0,0.0,False,0.0,0.0,0.0,,,9,bicycle,0.2,0.1,region_crc,segformer_b2_cityscapes_mcdrop8,acdc_rain_targetcal25,3,
0.758,758,True,0.7358630952380951,0.7358630952380952,0.0014134935336187482,0.7073684210526315,80,152.0,0.103157894736842,False,0.8795180722891566,0.6181818181818182,0.0,,,9,bicycle,0.2,0.1,heuristic,segformer_b2_cityscapes_mcdrop8,acdc_rain_targetcal25,3,
,-1,True,,0.7651488095238095,0.001073026447556913,,475,,,False,,,,,,9,bicycle,0.2,0.1,argmax,segformer_b2_cityscapes_mcdrop8,acdc_rain_targetcal25,3,0.743421052631579
1.0,1000,False,0.0,0.0,1.0,0.8315789473684211,80,152.0,0.0,False,0.0,0.0,0.0,,,9,bicycle,0.05,0.5,region_crc,segformer_b2_cityscapes_mcdrop8,acdc_rain_targetcal25,3,
0.834,834,True,0.7483630952380952,0.7483630952380953,0.001792876049876213,1.0357894736842106,80,152.0,0.10526315789473673,False,0.8795180722891566,0.6363636363636364,0.0,,,9,bicycle,0.05,0.5,heuristic,segformer_b2_cityscapes_mcdrop8,acdc_rain_targetcal25,3,
,-1,True,,0.7905654761904761,0.001073026447556913,,475,,,False,,,,,,9,bicycle,0.05,0.5,argmax,segformer_b2_cityscapes_mcdrop8,acdc_rain_targetcal25,3,0.7697368421052632
1.0,1000,False,0.0,0.0,1.0,0.8315789473684211,80,152.0,0.0,False,0.0,0.0,0.0,,,9,bicycle,0.1,0.5,region_crc,segformer_b2_cityscapes_mcdrop8,acdc_rain_targetcal25,3,
0.834,834,True,0.7483630952380952,0.7483630952380953,0.001792876049876213,1.0357894736842106,80,152.0,0.10526315789473673,False,0.8795180722891566,0.6363636363636364,0.0,,,9,bicycle,0.1,0.5,heuristic,segformer_b2_cityscapes_mcdrop8,acdc_rain_targetcal25,3,
,-1,True,,0.7905654761904761,0.001073026447556913,,475,,,False,,,,,,9,bicycle,0.1,0.5,argmax,segformer_b2_cityscapes_mcdrop8,acdc_rain_targetcal25,3,0.7697368421052632
1.0,1000,False,0.0,0.0,1.0,0.8315789473684211,80,152.0,0.0,False,0.0,0.0,0.0,,,9,bicycle,0.2,0.5,region_crc,segformer_b2_cityscapes_mcdrop8,acdc_rain_targetcal25,3,
0.8140000000000001,814,True,0.7525297619047618,0.7525297619047618,0.0016707921167835593,1.0357894736842106,80,152.0,0.10526315789473673,False,0.8795180722891566,0.6545454545454545,0.0,,,9,bicycle,0.2,0.5,heuristic,segformer_b2_cityscapes_mcdrop8,acdc_rain_targetcal25,3,
,-1,True,,0.7905654761904761,0.001073026447556913,,475,,,False,,,,,,9,bicycle,0.2,0.5,argmax,segformer_b2_cityscapes_mcdrop8,acdc_rain_targetcal25,3,0.7697368421052632
1.0,1000,False,0.0,0.0,1.0,0.6526315789473685,165,327.0,0.0,False,0.0,0.0,0.0,,,10,person,0.05,0.1,region_crc,segformer_b2_cityscapes_mcdrop8,acdc_rain_targetcal25,5,
0.999,999,True,0.031818181818181815,0.031818181818181815,0.06083443760871887,0.6526315789473685,165,327.0,0.13894736842105265,False,0.021739130434782608,0.025,0.0,,,10,person,0.05,0.1,heuristic,segformer_b2_cityscapes_mcdrop8,acdc_rain_targetcal25,5,
,-1,True,,0.6300895400895401,0.0018725013360381126,,475,,,False,,,,,,10,person,0.05,0.1,argmax,segformer_b2_cityscapes_mcdrop8,acdc_rain_targetcal25,5,0.5840978593272171
1.0,1000,False,0.0,0.0,1.0,0.6526315789473685,165,327.0,0.0,False,0.0,0.0,0.0,,,10,person,0.1,0.1,region_crc,segformer_b2_cityscapes_mcdrop8,acdc_rain_targetcal25,5,
0.98,980,True,0.1966951566951567,0.1966951566951567,0.015656035393476486,15.816842105263158,165,327.0,0.13473684210526315,False,0.2391304347826087,0.09166666666666666,0.0,,,10,person,0.1,0.1,heuristic,segformer_b2_cityscapes_mcdrop8,acdc_rain_targetcal25,5,
,-1,True,,0.6300895400895401,0.0018725013360381126,,475,,,False,,,,,,10,person,0.1,0.1,argmax,segformer_b2_cityscapes_mcdrop8,acdc_rain_targetcal25,5,0.5840978593272171
0.999,999,True,0.031818181818181815,0.031818181818181815,0.06083443760871887,0.6526315789473685,165,327.0,0.13894736842105265,False,0.021739130434782608,0.025,0.0,,,10,person,0.2,0.1,region_crc,segformer_b2_cityscapes_mcdrop8,acdc_rain_targetcal25,5,
0.98,980,True,0.1966951566951567,0.1966951566951567,0.015656035393476486,15.816842105263158,165,327.0,0.13473684210526315,False,0.2391304347826087,0.09166666666666666,0.0,,,10,person,0.2,0.1,heuristic,segformer_b2_cityscapes_mcdrop8,acdc_rain_targetcal25,5,
,-1,True,,0.6300895400895401,0.0018725013360381126,,475,,,False,,,,,,10,person,0.2,0.1,argmax,segformer_b2_cityscapes_mcdrop8,acdc_rain_targetcal25,5,0.5840978593272171
1.0,1000,False,0.0,0.0,1.0,0.6526315789473685,165,327.0,0.0,False,0.0,0.0,0.0,,,10,person,0.05,0.5,region_crc,segformer_b2_cityscapes_mcdrop8,acdc_rain_targetcal25,5,
1.0,1000,True,0.0,0.0,1.0,0.6526315789473685,165,327.0,0.0,False,0.0,0.0,0.0,,,10,person,0.05,0.5,heuristic,segformer_b2_cityscapes_mcdrop8,acdc_rain_targetcal25,5,
,-1,True,,0.7561164761164761,0.0018725013360381126,,475,,,False,,,,,,10,person,0.05,0.5,argmax,segformer_b2_cityscapes_mcdrop8,acdc_rain_targetcal25,5,0.6941896024464832
1.0,1000,False,0.0,0.0,1.0,0.6526315789473685,165,327.0,0.0,False,0.0,0.0,0.0,,,10,person,0.1,0.5,region_crc,segformer_b2_cityscapes_mcdrop8,acdc_rain_targetcal25,5,
0.998,998,True,0.07696969696969697,0.07696969696969697,0.046226877719163895,0.6526315789473685,165,327.0,0.09473684210526317,False,0.07065217391304347,0.05,0.0,,,10,person,0.1,0.5,heuristic,segformer_b2_cityscapes_mcdrop8,acdc_rain_targetcal25,5,
,-1,True,,0.7561164761164761,0.0018725013360381126,,475,,,False,,,,,,10,person,0.1,0.5,argmax,segformer_b2_cityscapes_mcdrop8,acdc_rain_targetcal25,5,0.6941896024464832
1.0,1000,True,0.0,0.0,1.0,0.6526315789473685,165,327.0,0.0,False,0.0,0.0,0.0,,,10,person,0.2,0.5,region_crc,segformer_b2_cityscapes_mcdrop8,acdc_rain_targetcal25,5,
0.991,991,True,0.21083657083657084,0.21083657083657084,0.023556791245937347,0.6526315789473685,165,327.0,0.13263157894736843,False,0.22826086956521738,0.11666666666666667,0.0,,,10,person,0.2,0.5,heuristic,segformer_b2_cityscapes_mcdrop8,acdc_rain_targetcal25,5,
,-1,True,,0.7561164761164761,0.0018725013360381126,,475,,,False,,,,,,10,person,0.2,0.5,argmax,segformer_b2_cityscapes_mcdrop8,acdc_rain_targetcal25,5,0.6941896024464832
1.0,1000,False,0.0,0.0,1.0,0.9431578947368421,27,36.0,0.0,False,0.0,0.0,0.0,,,10,rider,0.05,0.1,region_crc,segformer_b2_cityscapes_mcdrop8,acdc_rain_targetcal25,1,
1.0,1000,True,0.0,0.0,1.0,0.9431578947368421,27,36.0,0.0,False,0.0,0.0,0.0,,,10,rider,0.05,0.1,heuristic,segformer_b2_cityscapes_mcdrop8,acdc_rain_targetcal25,1,
,-1,True,,0.7962962962962963,0.0002510822669137269,,475,,,False,,,,,,10,rider,0.05,0.1,argmax,segformer_b2_cityscapes_mcdrop8,acdc_rain_targetcal25,1,0.8055555555555556
1.0,1000,False,0.0,0.0,1.0,0.9431578947368421,27,36.0,0.0,False,0.0,0.0,0.0,,,10,rider,0.1,0.1,region_crc,segformer_b2_cityscapes_mcdrop8,acdc_rain_targetcal25,1,
1.0,1000,True,0.0,0.0,1.0,0.9431578947368421,27,36.0,0.0,False,0.0,0.0,0.0,,,10,rider,0.1,0.1,heuristic,segformer_b2_cityscapes_mcdrop8,acdc_rain_targetcal25,1,
,-1,True,,0.7962962962962963,0.0002510822669137269,,475,,,False,,,,,,10,rider,0.1,0.1,argmax,segformer_b2_cityscapes_mcdrop8,acdc_rain_targetcal25,1,0.8055555555555556
1.0,1000,False,0.0,0.0,1.0,0.9431578947368421,27,36.0,0.0,False,0.0,0.0,0.0,,,10,rider,0.2,0.1,region_crc,segformer_b2_cityscapes_mcdrop8,acdc_rain_targetcal25,1,
1.0,1000,True,0.0,0.0,1.0,0.9431578947368421,27,36.0,0.0,False,0.0,0.0,0.0,,,10,rider,0.2,0.1,heuristic,segformer_b2_cityscapes_mcdrop8,acdc_rain_targetcal25,1,
,-1,True,,0.7962962962962963,0.0002510822669137269,,475,,,False,,,,,,10,rider,0.2,0.1,argmax,segformer_b2_cityscapes_mcdrop8,acdc_rain_targetcal25,1,0.8055555555555556
1.0,1000,False,0.0,0.0,1.0,0.9431578947368421,27,36.0,0.0,False,0.0,0.0,0.0,,,10,rider,0.05,0.5,region_crc,segformer_b2_cityscapes_mcdrop8,acdc_rain_targetcal25,1,
1.0,1000,True,0.0,0.0,1.0,0.9431578947368421,27,36.0,0.0,False,0.0,0.0,0.0,,,10,rider,0.05,0.5,heuristic,segformer_b2_cityscapes_mcdrop8,acdc_rain_targetcal25,1,
,-1,True,,0.8518518518518519,0.0002510822669137269,,475,,,False,,,,,,10,rider,0.05,0.5,argmax,segformer_b2_cityscapes_mcdrop8,acdc_rain_targetcal25,1,0.8611111111111112
1.0,1000,False,0.0,0.0,1.0,0.9431578947368421,27,36.0,0.0,False,0.0,0.0,0.0,,,10,rider,0.1,0.5,region_crc,segformer_b2_cityscapes_mcdrop8,acdc_rain_targetcal25,1,
1.0,1000,True,0.0,0.0,1.0,0.9431578947368421,27,36.0,0.0,False,0.0,0.0,0.0,,,10,rider,0.1,0.5,heuristic,segformer_b2_cityscapes_mcdrop8,acdc_rain_targetcal25,1,
,-1,True,,0.8518518518518519,0.0002510822669137269,,475,,,False,,,,,,10,rider,0.1,0.5,argmax,segformer_b2_cityscapes_mcdrop8,acdc_rain_targetcal25,1,0.8611111111111112
1.0,1000,False,0.0,0.0,1.0,0.9431578947368421,27,36.0,0.0,False,0.0,0.0,0.0,,,10,rider,0.2,0.5,region_crc,segformer_b2_cityscapes_mcdrop8,acdc_rain_targetcal25,1,
1.0,1000,True,0.0,0.0,1.0,0.9431578947368421,27,36.0,0.0,False,0.0,0.0,0.0,,,10,rider,0.2,0.5,heuristic,segformer_b2_cityscapes_mcdrop8,acdc_rain_targetcal25,1,
,-1,True,,0.8518518518518519,0.0002510822669137269,,475,,,False,,,,,,10,rider,0.2,0.5,argmax,segformer_b2_cityscapes_mcdrop8,acdc_rain_targetcal25,1,0.8611111111111112
1.0,1000,False,0.0,0.0,1.0,0.8315789473684211,80,151.0,0.0,False,0.0,0.0,0.0,,,10,bicycle,0.05,0.1,region_crc,segformer_b2_cityscapes_mcdrop8,acdc_rain_targetcal25,3,
0.997,997,True,0.26845238095238094,0.26845238095238094,0.016709759831428528,0.8315789473684211,80,151.0,0.14526315789473684,False,0.38095238095238093,0.09433962264150944,0.0,,,10,bicycle,0.05,0.1,heuristic,segformer_b2_cityscapes_mcdrop8,acdc_rain_targetcal25,3,
,-1,True,,0.7526488095238095,0.000993990688584745,,475,,,False,,,,,,10,bicycle,0.05,0.1,argmax,segformer_b2_cityscapes_mcdrop8,acdc_rain_targetcal25,3,0.7218543046357616
1.0,1000,False,0.0,0.0,1.0,0.8315789473684211,80,151.0,0.0,False,0.0,0.0,0.0,,,10,bicycle,0.1,0.1,region_crc,segformer_b2_cityscapes_mcdrop8,acdc_rain_targetcal25,3,
0.997,997,True,0.26845238095238094,0.26845238095238094,0.016709759831428528,0.8315789473684211,80,151.0,0.14526315789473684,False,0.38095238095238093,0.09433962264150944,0.0,,,10,bicycle,0.1,0.1,heuristic,segformer_b2_cityscapes_mcdrop8,acdc_rain_targetcal25,3,
,-1,True,,0.7526488095238095,0.000993990688584745,,475,,,False,,,,,,10,bicycle,0.1,0.1,argmax,segformer_b2_cityscapes_mcdrop8,acdc_rain_targetcal25,3,0.7218543046357616
1.0,1000,False,0.0,0.0,1.0,0.8315789473684211,80,151.0,0.0,False,0.0,0.0,0.0,,,10,bicycle,0.2,0.1,region_crc,segformer_b2_cityscapes_mcdrop8,acdc_rain_targetcal25,3,
0.996,996,True,0.27595238095238095,0.27595238095238095,0.014455584809184074,0.8315789473684211,80,151.0,0.15368421052631576,False,0.40476190476190477,0.11320754716981132,0.0,,,10,bicycle,0.2,0.1,heuristic,segformer_b2_cityscapes_mcdrop8,acdc_rain_targetcal25,3,
,-1,True,,0.7526488095238095,0.000993990688584745,,475,,,False,,,,,,10,bicycle,0.2,0.1,argmax,segformer_b2_cityscapes_mcdrop8,acdc_rain_targetcal25,3,0.7218543046357616
1.0,1000,False,0.0,0.0,1.0,0.8315789473684211,80,151.0,0.0,False,0.0,0.0,0.0,,,10,bicycle,0.05,0.5,region_crc,segformer_b2_cityscapes_mcdrop8,acdc_rain_targetcal25,3,
0.999,999,True,0.22886904761904764,0.22886904761904764,0.028079772368073463,0.8315789473684211,80,151.0,0.13263157894736843,False,0.30952380952380953,0.11320754716981132,0.0,,,10,bicycle,0.05,0.5,heuristic,segformer_b2_cityscapes_mcdrop8,acdc_rain_targetcal25,3,
,-1,True,,0.7780654761904762,0.000993990688584745,,475,,,False,,,,,,10,bicycle,0.05,0.5,argmax,segformer_b2_cityscapes_mcdrop8,acdc_rain_targetcal25,3,0.7483443708609272
1.0,1000,False,0.0,0.0,1.0,0.8315789473684211,80,151.0,0.0,False,0.0,0.0,0.0,,,10,bicycle,0.1,0.5,region_crc,segformer_b2_cityscapes_mcdrop8,acdc_rain_targetcal25,3,
0.998,998,True,0.30607142857142855,0.3060714285714286,0.020360207185149193,0.8315789473684211,80,151.0,0.13894736842105265,False,0.4166666666666667,0.1320754716981132,0.0,,,10,bicycle,0.1,0.5,heuristic,segformer_b2_cityscapes_mcdrop8,acdc_rain_targetcal25,3,
,-1,True,,0.7780654761904762,0.000993990688584745,,475,,,False,,,,,,10,bicycle,0.1,0.5,argmax,segformer_b2_cityscapes_mcdrop8,acdc_rain_targetcal25,3,0.7483443708609272
1.0,1000,False,0.0,0.0,1.0,0.8315789473684211,80,151.0,0.0,False,0.0,0.0,0.0,,,10,bicycle,0.2,0.5,region_crc,segformer_b2_cityscapes_mcdrop8,acdc_rain_targetcal25,3,
0.998,998,True,0.30607142857142855,0.3060714285714286,0.020360207185149193,0.8315789473684211,80,151.0,0.13894736842105265,False,0.4166666666666667,0.1320754716981132,0.0,,,10,bicycle,0.2,0.5,heuristic,segformer_b2_cityscapes_mcdrop8,acdc_rain_targetcal25,3,
,-1,True,,0.7780654761904762,0.000993990688584745,,475,,,False,,,,,,10,bicycle,0.2,0.5,argmax,segformer_b2_cityscapes_mcdrop8,acdc_rain_targetcal25,3,0.7483443708609272
1.0,1000,False,0.0,0.0,1.0,0.6610526315789473,161,309.0,0.0,False,0.0,0.0,0.0,,,11,person,0.05,0.1,region_crc,segformer_b2_cityscapes_mcdrop8,acdc_rain_targetcal25,9,
0.993,993,True,0.08488612836438923,0.08488612836438923,0.02630290761590004,0.6610526315789473,161,309.0,0.14105263157894737,False,0.08379888268156424,0.05405405405405406,0.0,,,11,person,0.05,0.1,heuristic,segformer_b2_cityscapes_mcdrop8,acdc_rain_targetcal25,9,
,-1,True,,0.6423622960890041,0.0017446120036765933,,475,,,False,,,,,,11,person,0.05,0.1,argmax,segformer_b2_cityscapes_mcdrop8,acdc_rain_targetcal25,9,0.6051779935275081
0.997,997,True,0.05641821946169771,0.05641821946169771,0.03857269138097763,0.6610526315789473,161,309.0,0.18105263157894735,False,0.055865921787709494,0.02702702702702703,0.0,,,11,person,0.1,0.1,region_crc,segformer_b2_cityscapes_mcdrop8,acdc_rain_targetcal25,9,
0.991,991,True,0.10610766045548653,0.10610766045548653,0.023311102762818336,0.6610526315789473,161,309.0,0.1368421052631579,False,0.11731843575418995,0.05405405405405406,0.0,,,11,person,0.1,0.1,heuristic,segformer_b2_cityscapes_mcdrop8,acdc_rain_targetcal25,9,
,-1,True,,0.6423622960890041,0.0017446120036765933,,475,,,False,,,,,,11,person,0.1,0.1,argmax,segformer_b2_cityscapes_mcdrop8,acdc_rain_targetcal25,9,0.6051779935275081
0.991,991,True,0.10610766045548653,0.10610766045548653,0.023311102762818336,0.6610526315789473,161,309.0,0.1368421052631579,False,0.11731843575418995,0.05405405405405406,0.0,,,11,person,0.2,0.1,region_crc,segformer_b2_cityscapes_mcdrop8,acdc_rain_targetcal25,9,
0.977,977,True,0.21859372511546424,0.21859372511546424,0.014311362989246845,15.75578947368421,161,309.0,0.12842105263157894,False,0.25139664804469275,0.0990990990990991,0.0,,,11,person,0.2,0.1,heuristic,segformer_b2_cityscapes_mcdrop8,acdc_rain_targetcal25,9,
,-1,True,,0.6423622960890041,0.0017446120036765933,,475,,,False,,,,,,11,person,0.2,0.1,argmax,segformer_b2_cityscapes_mcdrop8,acdc_rain_targetcal25,9,0.6051779935275081
1.0,1000,False,0.0,0.0,1.0,0.6610526315789473,161,309.0,0.0,False,0.0,0.0,0.0,,,11,person,0.05,0.5,region_crc,segformer_b2_cityscapes_mcdrop8,acdc_rain_targetcal25,9,
0.998,998,True,0.08074534161490683,0.08074534161490683,0.04579045996069908,0.6610526315789473,161,309.0,0.1852631578947368,False,0.07262569832402235,0.05405405405405406,0.0,,,11,person,0.05,0.5,heuristic,segformer_b2_cityscapes_mcdrop8,acdc_rain_targetcal25,9,
,-1,True,,0.7687598116169544,0.0017446120036765933,,475,,,False,,,,,,11,person,0.05,0.5,argmax,segformer_b2_cityscapes_mcdrop8,acdc_rain_targetcal25,9,0.7152103559870551
0.999,999,True,0.05434782608695652,0.05434782608695652,0.06034211069345474,0.6610526315789473,161,309.0,0.1663157894736842,False,0.0446927374301676,0.04504504504504504,0.0,,,11,person,0.1,0.5,region_crc,segformer_b2_cityscapes_mcdrop8,acdc_rain_targetcal25,9,
0.996,996,True,0.12163561076604554,0.12163561076604554,0.03401065245270729,0.6610526315789473,161,309.0,0.1768421052631579,False,0.1005586592178771,0.10810810810810811,0.0,,,11,person,0.1,0.5,heuristic,segformer_b2_cityscapes_mcdrop8,acdc_rain_targetcal25,9,
,-1,True,,0.7687598116169544,0.0017446120036765933,,475,,,False,,,,,,11,person,0.1,0.5,argmax,segformer_b2_cityscapes_mcdrop8,acdc_rain_targetcal25,9,0.7152103559870551
0.996,996,True,0.12163561076604554,0.12163561076604554,0.03401065245270729,0.6610526315789473,161,309.0,0.1768421052631579,False,0.1005586592178771,0.10810810810810811,0.0,,,11,person,0.2,0.5,region_crc,segformer_b2_cityscapes_mcdrop8,acdc_rain_targetcal25,9,
0.986,986,True,0.26534480012740885,0.2653448001274088,0.01867327094078064,15.75578947368421,161,309.0,0.12421052631578944,False,0.29608938547486036,0.14414414414414414,0.0,,,11,person,0.2,0.5,heuristic,segformer_b2_cityscapes_mcdrop8,acdc_rain_targetcal25,9,
,-1,True,,0.7687598116169544,0.0017446120036765933,,475,,,False,,,,,,11,person,0.2,0.5,argmax,segformer_b2_cityscapes_mcdrop8,acdc_rain_targetcal25,9,0.7152103559870551
1.0,1000,False,0.0,0.0,1.0,0.9473684210526315,25,34.0,0.0,False,0.0,0.0,0.0,,,11,rider,0.05,0.1,region_crc,segformer_b2_cityscapes_mcdrop8,acdc_rain_targetcal25,3,
1.0,1000,True,0.0,0.0,1.0,0.9473684210526315,25,34.0,0.0,False,0.0,0.0,0.0,,,11,rider,0.05,0.1,heuristic,segformer_b2_cityscapes_mcdrop8,acdc_rain_targetcal25,3,
,-1,True,,0.78,0.000251071120146662,,475,,,False,,,,,,11,rider,0.05,0.1,argmax,segformer_b2_cityscapes_mcdrop8,acdc_rain_targetcal25,3,0.7941176470588235
1.0,1000,False,0.0,0.0,1.0,0.9473684210526315,25,34.0,0.0,False,0.0,0.0,0.0,,,11,rider,0.1,0.1,region_crc,segformer_b2_cityscapes_mcdrop8,acdc_rain_targetcal25,3,
1.0,1000,True,0.0,0.0,1.0,0.9473684210526315,25,34.0,0.0,False,0.0,0.0,0.0,,,11,rider,0.1,0.1,heuristic,segformer_b2_cityscapes_mcdrop8,acdc_rain_targetcal25,3,
,-1,True,,0.78,0.000251071120146662,,475,,,False,,,,,,11,rider,0.1,0.1,argmax,segformer_b2_cityscapes_mcdrop8,acdc_rain_targetcal25,3,0.7941176470588235
1.0,1000,False,0.0,0.0,1.0,0.9473684210526315,25,34.0,0.0,False,0.0,0.0,0.0,,,11,rider,0.2,0.1,region_crc,segformer_b2_cityscapes_mcdrop8,acdc_rain_targetcal25,3,
1.0,1000,True,0.0,0.0,1.0,0.9473684210526315,25,34.0,0.0,False,0.0,0.0,0.0,,,11,rider,0.2,0.1,heuristic,segformer_b2_cityscapes_mcdrop8,acdc_rain_targetcal25,3,
,-1,True,,0.78,0.000251071120146662,,475,,,False,,,,,,11,rider,0.2,0.1,argmax,segformer_b2_cityscapes_mcdrop8,acdc_rain_targetcal25,3,0.7941176470588235
1.0,1000,False,0.0,0.0,1.0,0.9473684210526315,25,34.0,0.0,False,0.0,0.0,0.0,,,11,rider,0.05,0.5,region_crc,segformer_b2_cityscapes_mcdrop8,acdc_rain_targetcal25,3,
1.0,1000,True,0.0,0.0,1.0,0.9473684210526315,25,34.0,0.0,False,0.0,0.0,0.0,,,11,rider,0.05,0.5,heuristic,segformer_b2_cityscapes_mcdrop8,acdc_rain_targetcal25,3,
,-1,True,,0.84,0.000251071120146662,,475,,,False,,,,,,11,rider,0.05,0.5,argmax,segformer_b2_cityscapes_mcdrop8,acdc_rain_targetcal25,3,0.8529411764705882
1.0,1000,False,0.0,0.0,1.0,0.9473684210526315,25,34.0,0.0,False,0.0,0.0,0.0,,,11,rider,0.1,0.5,region_crc,segformer_b2_cityscapes_mcdrop8,acdc_rain_targetcal25,3,
1.0,1000,True,0.0,0.0,1.0,0.9473684210526315,25,34.0,0.0,False,0.0,0.0,0.0,,,11,rider,0.1,0.5,heuristic,segformer_b2_cityscapes_mcdrop8,acdc_rain_targetcal25,3,
,-1,True,,0.84,0.000251071120146662,,475,,,False,,,,,,11,rider,0.1,0.5,argmax,segformer_b2_cityscapes_mcdrop8,acdc_rain_targetcal25,3,0.8529411764705882
1.0,1000,False,0.0,0.0,1.0,0.9473684210526315,25,34.0,0.0,False,0.0,0.0,0.0,,,11,rider,0.2,0.5,region_crc,segformer_b2_cityscapes_mcdrop8,acdc_rain_targetcal25,3,
1.0,1000,True,0.0,0.0,1.0,0.9473684210526315,25,34.0,0.0,False,0.0,0.0,0.0,,,11,rider,0.2,0.5,heuristic,segformer_b2_cityscapes_mcdrop8,acdc_rain_targetcal25,3,
,-1,True,,0.84,0.000251071120146662,,475,,,False,,,,,,11,rider,0.2,0.5,argmax,segformer_b2_cityscapes_mcdrop8,acdc_rain_targetcal25,3,0.8529411764705882
1.0,1000,False,0.0,0.0,1.0,0.8336842105263158,79,154.0,0.0,False,0.0,0.0,0.0,,,11,bicycle,0.05,0.1,region_crc,segformer_b2_cityscapes_mcdrop8,acdc_rain_targetcal25,4,
1.0,1000,True,0.0,0.0,1.0,0.8336842105263158,79,154.0,0.0,False,0.0,0.0,0.0,,,11,bicycle,0.05,0.1,heuristic,segformer_b2_cityscapes_mcdrop8,acdc_rain_targetcal25,4,
,-1,True,,0.762176009644364,0.0011134877568110824,,475,,,False,,,,,,11,bicycle,0.05,0.1,argmax,segformer_b2_cityscapes_mcdrop8,acdc_rain_targetcal25,4,0.7337662337662337
1.0,1000,False,0.0,0.0,1.0,0.8336842105263158,79,154.0,0.0,False,0.0,0.0,0.0,,,11,bicycle,0.1,0.1,region_crc,segformer_b2_cityscapes_mcdrop8,acdc_rain_targetcal25,4,
1.0,1000,True,0.0,0.0,1.0,0.8336842105263158,79,154.0,0.0,False,0.0,0.0,0.0,,,11,bicycle,0.1,0.1,heuristic,segformer_b2_cityscapes_mcdrop8,acdc_rain_targetcal25,4,
,-1,True,,0.762176009644364,0.0011134877568110824,,475,,,False,,,,,,11,bicycle,0.1,0.1,argmax,segformer_b2_cityscapes_mcdrop8,acdc_rain_targetcal25,4,0.7337662337662337
1.0,1000,True,0.0,0.0,1.0,0.8336842105263158,79,154.0,0.0,False,0.0,0.0,0.0,,,11,bicycle,0.2,0.1,region_crc,segformer_b2_cityscapes_mcdrop8,acdc_rain_targetcal25,4,
0.999,999,True,0.15328511151295962,0.1532851115129596,0.028148481622338295,0.8336842105263158,79,154.0,0.08210526315789468,False,0.23809523809523808,0.05263157894736842,0.0,,,11,bicycle,0.2,0.1,heuristic,segformer_b2_cityscapes_mcdrop8,acdc_rain_targetcal25,4,
,-1,True,,0.762176009644364,0.0011134877568110824,,475,,,False,,,,,,11,bicycle,0.2,0.1,argmax,segformer_b2_cityscapes_mcdrop8,acdc_rain_targetcal25,4,0.7337662337662337
1.0,1000,False,0.0,0.0,1.0,0.8336842105263158,79,154.0,0.0,False,0.0,0.0,0.0,,,11,bicycle,0.05,0.5,region_crc,segformer_b2_cityscapes_mcdrop8,acdc_rain_targetcal25,4,
1.0,1000,True,0.0,0.0,1.0,0.8336842105263158,79,154.0,0.0,False,0.0,0.0,0.0,,,11,bicycle,0.05,0.5,heuristic,segformer_b2_cityscapes_mcdrop8,acdc_rain_targetcal25,4,
,-1,True,,0.7879144062688366,0.0011134877568110824,,475,,,False,,,,,,11,bicycle,0.05,0.5,argmax,segformer_b2_cityscapes_mcdrop8,acdc_rain_targetcal25,4,0.7597402597402597
1.0,1000,False,0.0,0.0,1.0,0.8336842105263158,79,154.0,0.0,False,0.0,0.0,0.0,,,11,bicycle,0.1,0.5,region_crc,segformer_b2_cityscapes_mcdrop8,acdc_rain_targetcal25,4,
1.0,1000,True,0.0,0.0,1.0,0.8336842105263158,79,154.0,0.0,False,0.0,0.0,0.0,,,11,bicycle,0.1,0.5,heuristic,segformer_b2_cityscapes_mcdrop8,acdc_rain_targetcal25,4,
,-1,True,,0.7879144062688366,0.0011134877568110824,,475,,,False,,,,,,11,bicycle,0.1,0.5,argmax,segformer_b2_cityscapes_mcdrop8,acdc_rain_targetcal25,4,0.7597402597402597
1.0,1000,True,0.0,0.0,1.0,0.8336842105263158,79,154.0,0.0,False,0.0,0.0,0.0,,,11,bicycle,0.2,0.5,region_crc,segformer_b2_cityscapes_mcdrop8,acdc_rain_targetcal25,4,
1.0,1000,True,0.0,0.0,1.0,0.8336842105263158,79,154.0,0.0,False,0.0,0.0,0.0,,,11,bicycle,0.2,0.5,heuristic,segformer_b2_cityscapes_mcdrop8,acdc_rain_targetcal25,4,
,-1,True,,0.7879144062688366,0.0011134877568110824,,475,,,False,,,,,,11,bicycle,0.2,0.5,argmax,segformer_b2_cityscapes_mcdrop8,acdc_rain_targetcal25,4,0.7597402597402597
1.0,1000,False,0.0,0.0,1.0,0.6568421052631579,163,320.0,0.0,False,0.0,0.0,0.0,,,12,person,0.05,0.1,region_crc,segformer_b2_cityscapes_mcdrop8,acdc_rain_targetcal25,7,
0.981,981,True,0.19863667348329922,0.19863667348329928,0.015981469303369522,15.66736842105263,163,320.0,0.18105263157894735,False,0.23497267759562843,0.09565217391304348,0.0,,,12,person,0.05,0.1,heuristic,segformer_b2_cityscapes_mcdrop8,acdc_rain_targetcal25,7,
,-1,True,,0.651113133628471,0.001826528925448656,,475,,,False,,,,,,12,person,0.05,0.1,argmax,segformer_b2_cityscapes_mcdrop8,acdc_rain_targetcal25,7,0.603125
1.0,1000,False,0.0,0.0,1.0,0.6568421052631579,163,320.0,0.0,False,0.0,0.0,0.0,,,12,person,0.1,0.1,region_crc,segformer_b2_cityscapes_mcdrop8,acdc_rain_targetcal25,7,
0.966,966,True,0.27223608021154033,0.27223608021154033,0.011493588797748089,15.66736842105263,163,320.0,0.18947368421052635,False,0.32786885245901637,0.13043478260869565,0.0,,,12,person,0.1,0.1,heuristic,segformer_b2_cityscapes_mcdrop8,acdc_rain_targetcal25,7,
,-1,True,,0.651113133628471,0.001826528925448656,,475,,,False,,,,,,12,person,0.1,0.1,argmax,segformer_b2_cityscapes_mcdrop8,acdc_rain_targetcal25,7,0.603125
0.966,966,True,0.27223608021154033,0.27223608021154033,0.011493588797748089,15.66736842105263,163,320.0,0.18947368421052635,False,0.32786885245901637,0.13043478260869565,0.0,,,12,person,0.2,0.1,region_crc,segformer_b2_cityscapes_mcdrop8,acdc_rain_targetcal25,7,
0.9400000000000001,940,True,0.36436286957759345,0.3643628695775935,0.008072206750512123,10.572631578947368,163,320.0,0.18736842105263152,False,0.43169398907103823,0.1826086956521739,0.045454545454545456,,,12,person,0.2,0.1,heuristic,segformer_b2_cityscapes_mcdrop8,acdc_rain_targetcal25,7,
,-1,True,,0.651113133628471,0.001826528925448656,,475,,,False,,,,,,12,person,0.2,0.1,argmax,segformer_b2_cityscapes_mcdrop8,acdc_rain_targetcal25,7,0.603125
1.0,1000,False,0.0,0.0,1.0,0.6568421052631579,163,320.0,0.0,False,0.0,0.0,0.0,,,12,person,0.05,0.5,region_crc,segformer_b2_cityscapes_mcdrop8,acdc_rain_targetcal25,7,
0.983,983,True,0.30464916814610066,0.30464916814610066,0.016965532675385475,15.66736842105263,163,320.0,0.18105263157894735,False,0.3442622950819672,0.16521739130434782,0.045454545454545456,,,12,person,0.05,0.5,heuristic,segformer_b2_cityscapes_mcdrop8,acdc_rain_targetcal25,7,
,-1,True,,0.7766414226536926,0.001826528925448656,,475,,,False,,,,,,12,person,0.05,0.5,argmax,segformer_b2_cityscapes_mcdrop8,acdc_rain_targetcal25,7,0.7125
1.0,1000,False,0.0,0.0,1.0,0.6568421052631579,163,320.0,0.0,False,0.0,0.0,0.0,,,12,person,0.1,0.5,region_crc,segformer_b2_cityscapes_mcdrop8,acdc_rain_targetcal25,7,
0.978,978,True,0.3432994748945669,0.3432994748945669,0.014752480201423168,15.66736842105263,163,320.0,0.18947368421052635,False,0.3825136612021858,0.21739130434782608,0.09090909090909091,,,12,person,0.1,0.5,heuristic,segformer_b2_cityscapes_mcdrop8,acdc_rain_targetcal25,7,
,-1,True,,0.7766414226536926,0.001826528925448656,,475,,,False,,,,,,12,person,0.1,0.5,argmax,segformer_b2_cityscapes_mcdrop8,acdc_rain_targetcal25,7,0.7125
0.978,978,True,0.3432994748945669,0.3432994748945669,0.014752480201423168,15.66736842105263,163,320.0,0.18947368421052635,False,0.3825136612021858,0.21739130434782608,0.09090909090909091,,,12,person,0.2,0.5,region_crc,segformer_b2_cityscapes_mcdrop8,acdc_rain_targetcal25,7,
0.969,969,True,0.40454691865734815,0.40454691865734815,0.012138916179537773,15.66736842105263,163,320.0,0.18736842105263152,False,0.4644808743169399,0.21739130434782608,0.09090909090909091,,,12,person,0.2,0.5,heuristic,segformer_b2_cityscapes_mcdrop8,acdc_rain_targetcal25,7,
,-1,True,,0.7766414226536926,0.001826528925448656,,475,,,False,,,,,,12,person,0.2,0.5,argmax,segformer_b2_cityscapes_mcdrop8,acdc_rain_targetcal25,7,0.7125
1.0,1000,False,0.0,0.0,1.0,0.9452631578947368,26,36.0,0.0,False,0.0,0.0,0.0,,,12,rider,0.05,0.1,region_crc,segformer_b2_cityscapes_mcdrop8,acdc_rain_targetcal25,2,
0.998,998,True,0.3333333333333333,0.3333333333333333,0.007532073650509119,0.9452631578947368,26,36.0,0.14947368421052631,False,0.48,0.0,0.0,,,12,rider,0.05,0.1,heuristic,segformer_b2_cityscapes_mcdrop8,acdc_rain_targetcal25,2,
,-1,True,,0.7884615384615384,0.0002510822669137269,,475,,,False,,,,,,12,rider,0.05,0.1,argmax,segformer_b2_cityscapes_mcdrop8,acdc_rain_targetcal25,2,0.8055555555555556
1.0,1000,False,0.0,0.0,1.0,0.9452631578947368,26,36.0,0.0,False,0.0,0.0,0.0,,,12,rider,0.1,0.1,region_crc,segformer_b2_cityscapes_mcdrop8,acdc_rain_targetcal25,2,
0.998,998,True,0.3333333333333333,0.3333333333333333,0.007532073650509119,0.9452631578947368,26,36.0,0.14947368421052631,False,0.48,0.0,0.0,,,12,rider,0.1,0.1,heuristic,segformer_b2_cityscapes_mcdrop8,acdc_rain_targetcal25,2,
,-1,True,,0.7884615384615384,0.0002510822669137269,,475,,,False,,,,,,12,rider,0.1,0.1,argmax,segformer_b2_cityscapes_mcdrop8,acdc_rain_targetcal25,2,0.8055555555555556
1.0,1000,False,0.0,0.0,1.0,0.9452631578947368,26,36.0,0.0,False,0.0,0.0,0.0,,,12,rider,0.2,0.1,region_crc,segformer_b2_cityscapes_mcdrop8,acdc_rain_targetcal25,2,
0.998,998,True,0.3333333333333333,0.3333333333333333,0.007532073650509119,0.9452631578947368,26,36.0,0.14947368421052631,False,0.48,0.0,0.0,,,12,rider,0.2,0.1,heuristic,segformer_b2_cityscapes_mcdrop8,acdc_rain_targetcal25,2,
,-1,True,,0.7884615384615384,0.0002510822669137269,,475,,,False,,,,,,12,rider,0.2,0.1,argmax,segformer_b2_cityscapes_mcdrop8,acdc_rain_targetcal25,2,0.8055555555555556
1.0,1000,False,0.0,0.0,1.0,0.9452631578947368,26,36.0,0.0,False,0.0,0.0,0.0,,,12,rider,0.05,0.5,region_crc,segformer_b2_cityscapes_mcdrop8,acdc_rain_targetcal25,2,
1.0,1000,True,0.0,0.0,1.0,0.9452631578947368,26,36.0,0.0,False,0.0,0.0,0.0,,,12,rider,0.05,0.5,heuristic,segformer_b2_cityscapes_mcdrop8,acdc_rain_targetcal25,2,
,-1,True,,0.8461538461538461,0.0002510822669137269,,475,,,False,,,,,,12,rider,0.05,0.5,argmax,segformer_b2_cityscapes_mcdrop8,acdc_rain_targetcal25,2,0.8611111111111112
1.0,1000,False,0.0,0.0,1.0,0.9452631578947368,26,36.0,0.0,False,0.0,0.0,0.0,,,12,rider,0.1,0.5,region_crc,segformer_b2_cityscapes_mcdrop8,acdc_rain_targetcal25,2,
1.0,1000,True,0.0,0.0,1.0,0.9452631578947368,26,36.0,0.0,False,0.0,0.0,0.0,,,12,rider,0.1,0.5,heuristic,segformer_b2_cityscapes_mcdrop8,acdc_rain_targetcal25,2,
,-1,True,,0.8461538461538461,0.0002510822669137269,,475,,,False,,,,,,12,rider,0.1,0.5,argmax,segformer_b2_cityscapes_mcdrop8,acdc_rain_targetcal25,2,0.8611111111111112
1.0,1000,False,0.0,0.0,1.0,0.9452631578947368,26,36.0,0.0,False,0.0,0.0,0.0,,,12,rider,0.2,0.5,region_crc,segformer_b2_cityscapes_mcdrop8,acdc_rain_targetcal25,2,
1.0,1000,True,0.0,0.0,1.0,0.9452631578947368,26,36.0,0.0,False,0.0,0.0,0.0,,,12,rider,0.2,0.5,heuristic,segformer_b2_cityscapes_mcdrop8,acdc_rain_targetcal25,2,
,-1,True,,0.8461538461538461,0.0002510822669137269,,475,,,False,,,,,,12,rider,0.2,0.5,argmax,segformer_b2_cityscapes_mcdrop8,acdc_rain_targetcal25,2,0.8611111111111112
1.0,1000,False,0.0,0.0,1.0,0.8315789473684211,80,155.0,0.0,False,0.0,0.0,0.0,,,12,bicycle,0.05,0.1,region_crc,segformer_b2_cityscapes_mcdrop8,acdc_rain_targetcal25,3,
1.0,1000,True,0.0,0.0,1.0,0.8315789473684211,80,155.0,0.0,False,0.0,0.0,0.0,,,12,bicycle,0.05,0.1,heuristic,segformer_b2_cityscapes_mcdrop8,acdc_rain_targetcal25,3,
,-1,True,,0.7401488095238096,0.0010910768760368228,,475,,,False,,,,,,12,bicycle,0.05,0.1,argmax,segformer_b2_cityscapes_mcdrop8,acdc_rain_targetcal25,3,0.7225806451612903
1.0,1000,False,0.0,0.0,1.0,0.8315789473684211,80,155.0,0.0,False,0.0,0.0,0.0,,,12,bicycle,0.1,0.1,region_crc,segformer_b2_cityscapes_mcdrop8,acdc_rain_targetcal25,3,
1.0,1000,True,0.0,0.0,1.0,0.8315789473684211,80,155.0,0.0,False,0.0,0.0,0.0,,,12,bicycle,0.1,0.1,heuristic,segformer_b2_cityscapes_mcdrop8,acdc_rain_targetcal25,3,
,-1,True,,0.7401488095238096,0.0010910768760368228,,475,,,False,,,,,,12,bicycle,0.1,0.1,argmax,segformer_b2_cityscapes_mcdrop8,acdc_rain_targetcal25,3,0.7225806451612903
1.0,1000,False,0.0,0.0,1.0,0.8315789473684211,80,155.0,0.0,False,0.0,0.0,0.0,,,12,bicycle,0.2,0.1,region_crc,segformer_b2_cityscapes_mcdrop8,acdc_rain_targetcal25,3,
0.999,999,True,0.15136904761904763,0.15136904761904763,0.028541183099150658,0.8315789473684211,80,155.0,0.2021052631578948,False,0.23809523809523808,0.05263157894736842,0.0,,,12,bicycle,0.2,0.1,heuristic,segformer_b2_cityscapes_mcdrop8,acdc_rain_targetcal25,3,
,-1,True,,0.7401488095238096,0.0010910768760368228,,475,,,False,,,,,,12,bicycle,0.2,0.1,argmax,segformer_b2_cityscapes_mcdrop8,acdc_rain_targetcal25,3,0.7225806451612903
1.0,1000,False,0.0,0.0,1.0,0.8315789473684211,80,155.0,0.0,False,0.0,0.0,0.0,,,12,bicycle,0.05,0.5,region_crc,segformer_b2_cityscapes_mcdrop8,acdc_rain_targetcal25,3,
1.0,1000,True,0.0,0.0,1.0,0.8315789473684211,80,155.0,0.0,False,0.0,0.0,0.0,,,12,bicycle,0.05,0.5,heuristic,segformer_b2_cityscapes_mcdrop8,acdc_rain_targetcal25,3,
,-1,True,,0.7655654761904762,0.0010910768760368228,,475,,,False,,,,,,12,bicycle,0.05,0.5,argmax,segformer_b2_cityscapes_mcdrop8,acdc_rain_targetcal25,3,0.7483870967741936
1.0,1000,False,0.0,0.0,1.0,0.8315789473684211,80,155.0,0.0,False,0.0,0.0,0.0,,,12,bicycle,0.1,0.5,region_crc,segformer_b2_cityscapes_mcdrop8,acdc_rain_targetcal25,3,
1.0,1000,True,0.0,0.0,1.0,0.8315789473684211,80,155.0,0.0,False,0.0,0.0,0.0,,,12,bicycle,0.1,0.5,heuristic,segformer_b2_cityscapes_mcdrop8,acdc_rain_targetcal25,3,
,-1,True,,0.7655654761904762,0.0010910768760368228,,475,,,False,,,,,,12,bicycle,0.1,0.5,argmax,segformer_b2_cityscapes_mcdrop8,acdc_rain_targetcal25,3,0.7483870967741936
1.0,1000,False,0.0,0.0,1.0,0.8315789473684211,80,155.0,0.0,False,0.0,0.0,0.0,,,12,bicycle,0.2,0.5,region_crc,segformer_b2_cityscapes_mcdrop8,acdc_rain_targetcal25,3,
1.0,1000,True,0.0,0.0,1.0,0.8315789473684211,80,155.0,0.0,False,0.0,0.0,0.0,,,12,bicycle,0.2,0.5,heuristic,segformer_b2_cityscapes_mcdrop8,acdc_rain_targetcal25,3,
,-1,True,,0.7655654761904762,0.0010910768760368228,,475,,,False,,,,,,12,bicycle,0.2,0.5,argmax,segformer_b2_cityscapes_mcdrop8,acdc_rain_targetcal25,3,0.7483870967741936
1.0,1000,False,0.0,0.0,1.0,0.6652631578947369,159,312.0,0.0,False,0.0,0.0,0.0,,,13,person,0.05,0.1,region_crc,segformer_b2_cityscapes_mcdrop8,acdc_rain_targetcal25,11,
0.994,994,True,0.07431865828092243,0.07431865828092243,0.028239119797945023,0.6652631578947369,159,312.0,0.1663157894736842,False,0.0893854748603352,0.02702702702702703,0.0,,,13,person,0.05,0.1,heuristic,segformer_b2_cityscapes_mcdrop8,acdc_rain_targetcal25,11,
,-1,True,,0.6375143026086422,0.0017883486580103636,,475,,,False,,,,,,13,person,0.05,0.1,argmax,segformer_b2_cityscapes_mcdrop8,acdc_rain_targetcal25,11,0.592948717948718
0.997,997,True,0.0571278825995807,0.0571278825995807,0.03857816010713577,0.6652631578947369,159,312.0,0.17894736842105263,False,0.055865921787709494,0.02702702702702703,0.0,,,13,person,0.1,0.1,region_crc,segformer_b2_cityscapes_mcdrop8,acdc_rain_targetcal25,11,
0.994,994,True,0.07431865828092243,0.07431865828092243,0.028239119797945023,0.6652631578947369,159,312.0,0.1663157894736842,False,0.0893854748603352,0.02702702702702703,0.0,,,13,person,0.1,0.1,heuristic,segformer_b2_cityscapes_mcdrop8,acdc_rain_targetcal25,11,
,-1,True,,0.6375143026086422,0.0017883486580103636,,475,,,False,,,,,,13,person,0.1,0.1,argmax,segformer_b2_cityscapes_mcdrop8,acdc_rain_targetcal25,11,0.592948717948718
0.994,994,True,0.07431865828092243,0.07431865828092243,0.028239119797945023,0.6652631578947369,159,312.0,0.1663157894736842,False,0.0893854748603352,0.02702702702702703,0.0,,,13,person,0.2,0.1,region_crc,segformer_b2_cityscapes_mcdrop8,acdc_rain_targetcal25,11,
0.968,968,True,0.254766128351034,0.254766128351034,0.011746864765882492,15.797894736842105,159,312.0,0.1578947368421053,False,0.3240223463687151,0.0990990990990991,0.0,,,13,person,0.2,0.1,heuristic,segformer_b2_cityscapes_mcdrop8,acdc_rain_targetcal25,11,
,-1,True,,0.6375143026086422,0.0017883486580103636,,475,,,False,,,,,,13,person,0.2,0.1,argmax,segformer_b2_cityscapes_mcdrop8,acdc_rain_targetcal25,11,0.592948717948718
1.0,1000,False,0.0,0.0,1.0,0.6652631578947369,159,312.0,0.0,False,0.0,0.0,0.0,,,13,person,0.05,0.5,region_crc,segformer_b2_cityscapes_mcdrop8,acdc_rain_targetcal25,11,
0.999,999,True,0.05188679245283019,0.05188679245283019,0.06042909994721413,0.6652631578947369,159,312.0,0.18526315789473685,False,0.0446927374301676,0.036036036036036036,0.0,,,13,person,0.05,0.5,heuristic,segformer_b2_cityscapes_mcdrop8,acdc_rain_targetcal25,11,
,-1,True,,0.7620076638944563,0.0017883486580103636,,475,,,False,,,,,,13,person,0.05,0.5,argmax,segformer_b2_cityscapes_mcdrop8,acdc_rain_targetcal25,11,0.7051282051282052
1.0,1000,True,0.0,0.0,1.0,0.6652631578947369,159,312.0,0.0,False,0.0,0.0,0.0,,,13,person,0.1,0.5,region_crc,segformer_b2_cityscapes_mcdrop8,acdc_rain_targetcal25,11,
0.999,999,True,0.05188679245283019,0.05188679245283019,0.06042909994721413,0.6652631578947369,159,312.0,0.18526315789473685,False,0.0446927374301676,0.036036036036036036,0.0,,,13,person,0.1,0.5,heuristic,segformer_b2_cityscapes_mcdrop8,acdc_rain_targetcal25,11,
,-1,True,,0.7620076638944563,0.0017883486580103636,,475,,,False,,,,,,13,person,0.1,0.5,argmax,segformer_b2_cityscapes_mcdrop8,acdc_rain_targetcal25,11,0.7051282051282052
0.999,999,True,0.05188679245283019,0.05188679245283019,0.06042909994721413,0.6652631578947369,159,312.0,0.18526315789473685,False,0.0446927374301676,0.036036036036036036,0.0,,,13,person,0.2,0.5,region_crc,segformer_b2_cityscapes_mcdrop8,acdc_rain_targetcal25,11,
0.986,986,True,0.26246304359511907,0.26246304359511907,0.01858515664935112,15.797894736842105,159,312.0,0.18105263157894735,False,0.3128491620111732,0.12612612612612611,0.0,,,13,person,0.2,0.5,heuristic,segformer_b2_cityscapes_mcdrop8,acdc_rain_targetcal25,11,
,-1,True,,0.7620076638944563,0.0017883486580103636,,475,,,False,,,,,,13,person,0.2,0.5,argmax,segformer_b2_cityscapes_mcdrop8,acdc_rain_targetcal25,11,0.7051282051282052
1.0,1000,False,0.0,0.0,1.0,0.9431578947368421,27,36.0,0.0,False,0.0,0.0,0.0,,,13,rider,0.05,0.1,region_crc,segformer_b2_cityscapes_mcdrop8,acdc_rain_targetcal25,1,
0.999,999,True,0.2037037037037037,0.2037037037037037,0.010399583727121353,0.9431578947368421,27,36.0,0.17894736842105263,False,0.2692307692307692,0.0,0.0,,,13,rider,0.05,0.1,heuristic,segformer_b2_cityscapes_mcdrop8,acdc_rain_targetcal25,1,
,-1,True,,0.8148148148148148,0.000229665165534243,,475,,,False,,,,,,13,rider,0.05,0.1,argmax,segformer_b2_cityscapes_mcdrop8,acdc_rain_targetcal25,1,0.8333333333333334
1.0,1000,False,0.0,0.0,1.0,0.9431578947368421,27,36.0,0.0,False,0.0,0.0,0.0,,,13,rider,0.1,0.1,region_crc,segformer_b2_cityscapes_mcdrop8,acdc_rain_targetcal25,1,
0.999,999,True,0.2037037037037037,0.2037037037037037,0.010399583727121353,0.9431578947368421,27,36.0,0.17894736842105263,False,0.2692307692307692,0.0,0.0,,,13,rider,0.1,0.1,heuristic,segformer_b2_cityscapes_mcdrop8,acdc_rain_targetcal25,1,
,-1,True,,0.8148148148148148,0.000229665165534243,,475,,,False,,,,,,13,rider,0.1,0.1,argmax,segformer_b2_cityscapes_mcdrop8,acdc_rain_targetcal25,1,0.8333333333333334
1.0,1000,False,0.0,0.0,1.0,0.9431578947368421,27,36.0,0.0,False,0.0,0.0,0.0,,,13,rider,0.2,0.1,region_crc,segformer_b2_cityscapes_mcdrop8,acdc_rain_targetcal25,1,
0.999,999,True,0.2037037037037037,0.2037037037037037,0.010399583727121353,0.9431578947368421,27,36.0,0.17894736842105263,False,0.2692307692307692,0.0,0.0,,,13,rider,0.2,0.1,heuristic,segformer_b2_cityscapes_mcdrop8,acdc_rain_targetcal25,1,
,-1,True,,0.8148148148148148,0.000229665165534243,,475,,,False,,,,,,13,rider,0.2,0.1,argmax,segformer_b2_cityscapes_mcdrop8,acdc_rain_targetcal25,1,0.8333333333333334
1.0,1000,False,0.0,0.0,1.0,0.9431578947368421,27,36.0,0.0,False,0.0,0.0,0.0,,,13,rider,0.05,0.5,region_crc,segformer_b2_cityscapes_mcdrop8,acdc_rain_targetcal25,1,
1.0,1000,True,0.0,0.0,1.0,0.9431578947368421,27,36.0,0.0,False,0.0,0.0,0.0,,,13,rider,0.05,0.5,heuristic,segformer_b2_cityscapes_mcdrop8,acdc_rain_targetcal25,1,
,-1,True,,0.8703703703703703,0.000229665165534243,,475,,,False,,,,,,13,rider,0.05,0.5,argmax,segformer_b2_cityscapes_mcdrop8,acdc_rain_targetcal25,1,0.8888888888888888
1.0,1000,False,0.0,0.0,1.0,0.9431578947368421,27,36.0,0.0,False,0.0,0.0,0.0,,,13,rider,0.1,0.5,region_crc,segformer_b2_cityscapes_mcdrop8,acdc_rain_targetcal25,1,
1.0,1000,True,0.0,0.0,1.0,0.9431578947368421,27,36.0,0.0,False,0.0,0.0,0.0,,,13,rider,0.1,0.5,heuristic,segformer_b2_cityscapes_mcdrop8,acdc_rain_targetcal25,1,
,-1,True,,0.8703703703703703,0.000229665165534243,,475,,,False,,,,,,13,rider,0.1,0.5,argmax,segformer_b2_cityscapes_mcdrop8,acdc_rain_targetcal25,1,0.8888888888888888
1.0,1000,False,0.0,0.0,1.0,0.9431578947368421,27,36.0,0.0,False,0.0,0.0,0.0,,,13,rider,0.2,0.5,region_crc,segformer_b2_cityscapes_mcdrop8,acdc_rain_targetcal25,1,
1.0,1000,True,0.0,0.0,1.0,0.9431578947368421,27,36.0,0.0,False,0.0,0.0,0.0,,,13,rider,0.2,0.5,heuristic,segformer_b2_cityscapes_mcdrop8,acdc_rain_targetcal25,1,
,-1,True,,0.8703703703703703,0.000229665165534243,,475,,,False,,,,,,13,rider,0.2,0.5,argmax,segformer_b2_cityscapes_mcdrop8,acdc_rain_targetcal25,1,0.8888888888888888
1.0,1000,False,0.0,0.0,1.0,0.8357894736842105,78,151.0,0.0,False,0.0,0.0,0.0,,,13,bicycle,0.05,0.1,region_crc,segformer_b2_cityscapes_mcdrop8,acdc_rain_targetcal25,5,
1.0,1000,True,0.0,0.0,1.0,0.8357894736842105,78,151.0,0.0,False,0.0,0.0,0.0,,,13,bicycle,0.05,0.1,heuristic,segformer_b2_cityscapes_mcdrop8,acdc_rain_targetcal25,5,
,-1,True,,0.7463064713064713,0.0009653184097260237,,475,,,False,,,,,,13,bicycle,0.05,0.1,argmax,segformer_b2_cityscapes_mcdrop8,acdc_rain_targetcal25,5,0.7284768211920529
1.0,1000,False,0.0,0.0,1.0,0.8357894736842105,78,151.0,0.0,False,0.0,0.0,0.0,,,13,bicycle,0.1,0.1,region_crc,segformer_b2_cityscapes_mcdrop8,acdc_rain_targetcal25,5,
0.999,999,True,0.15738705738705738,0.15738705738705738,0.027630165219306946,0.8357894736842105,78,151.0,0.21473684210526311,False,0.23809523809523808,0.05660377358490566,0.0,,,13,bicycle,0.1,0.1,heuristic,segformer_b2_cityscapes_mcdrop8,acdc_rain_targetcal25,5,
,-1,True,,0.7463064713064713,0.0009653184097260237,,475,,,False,,,,,,13,bicycle,0.1,0.1,argmax,segformer_b2_cityscapes_mcdrop8,acdc_rain_targetcal25,5,0.7284768211920529
1.0,1000,True,0.0,0.0,1.0,0.8357894736842105,78,151.0,0.0,False,0.0,0.0,0.0,,,13,bicycle,0.2,0.1,region_crc,segformer_b2_cityscapes_mcdrop8,acdc_rain_targetcal25,5,
0.998,998,True,0.21764346764346762,0.21764346764346762,0.019929664209485054,0.8357894736842105,78,151.0,0.2168421052631579,False,0.30952380952380953,0.07547169811320754,0.0,,,13,bicycle,0.2,0.1,heuristic,segformer_b2_cityscapes_mcdrop8,acdc_rain_targetcal25,5,
,-1,True,,0.7463064713064713,0.0009653184097260237,,475,,,False,,,,,,13,bicycle,0.2,0.1,argmax,segformer_b2_cityscapes_mcdrop8,acdc_rain_targetcal25,5,0.7284768211920529
1.0,1000,False,0.0,0.0,1.0,0.8357894736842105,78,151.0,0.0,False,0.0,0.0,0.0,,,13,bicycle,0.05,0.5,region_crc,segformer_b2_cityscapes_mcdrop8,acdc_rain_targetcal25,5,
1.0,1000,True,0.0,0.0,1.0,0.8357894736842105,78,151.0,0.0,False,0.0,0.0,0.0,,,13,bicycle,0.05,0.5,heuristic,segformer_b2_cityscapes_mcdrop8,acdc_rain_targetcal25,5,
,-1,True,,0.7723748473748474,0.0009653184097260237,,475,,,False,,,,,,13,bicycle,0.05,0.5,argmax,segformer_b2_cityscapes_mcdrop8,acdc_rain_targetcal25,5,0.7549668874172185
1.0,1000,False,0.0,0.0,1.0,0.8357894736842105,78,151.0,0.0,False,0.0,0.0,0.0,,,13,bicycle,0.1,0.5,region_crc,segformer_b2_cityscapes_mcdrop8,acdc_rain_targetcal25,5,
1.0,1000,True,0.0,0.0,1.0,0.8357894736842105,78,151.0,0.0,False,0.0,0.0,0.0,,,13,bicycle,0.1,0.5,heuristic,segformer_b2_cityscapes_mcdrop8,acdc_rain_targetcal25,5,
,-1,True,,0.7723748473748474,0.0009653184097260237,,475,,,False,,,,,,13,bicycle,0.1,0.5,argmax,segformer_b2_cityscapes_mcdrop8,acdc_rain_targetcal25,5,0.7549668874172185
1.0,1000,True,0.0,0.0,1.0,0.8357894736842105,78,151.0,0.0,False,0.0,0.0,0.0,,,13,bicycle,0.2,0.5,region_crc,segformer_b2_cityscapes_mcdrop8,acdc_rain_targetcal25,5,
1.0,1000,True,0.0,0.0,1.0,0.8357894736842105,78,151.0,0.0,False,0.0,0.0,0.0,,,13,bicycle,0.2,0.5,heuristic,segformer_b2_cityscapes_mcdrop8,acdc_rain_targetcal25,5,
,-1,True,,0.7723748473748474,0.0009653184097260237,,475,,,False,,,,,,13,bicycle,0.2,0.5,argmax,segformer_b2_cityscapes_mcdrop8,acdc_rain_targetcal25,5,0.7549668874172185
1.0,1000,False,0.0,0.0,1.0,0.6631578947368421,160,322.0,0.0,False,0.0,0.0,0.0,,,14,person,0.05,0.1,region_crc,segformer_b2_cityscapes_mcdrop8,acdc_rain_targetcal25,10,
0.994,994,True,0.07697916666666667,0.07697916666666667,0.02874460257589817,0.6631578947368421,160,322.0,0.20631578947368423,False,0.08791208791208792,0.03418803418803419,0.0,,,14,person,0.05,0.1,heuristic,segformer_b2_cityscapes_mcdrop8,acdc_rain_targetcal25,10,
,-1,True,,0.6185298382173382,0.0018945399206131697,,475,,,False,,,,,,14,person,0.05,0.1,argmax,segformer_b2_cityscapes_mcdrop8,acdc_rain_targetcal25,10,0.577639751552795
0.994,994,True,0.07697916666666667,0.07697916666666667,0.02874460257589817,0.6631578947368421,160,322.0,0.20631578947368423,False,0.08791208791208792,0.03418803418803419,0.0,,,14,person,0.1,0.1,region_crc,segformer_b2_cityscapes_mcdrop8,acdc_rain_targetcal25,10,
0.989,989,True,0.13392361111111112,0.13392361111111112,0.021517623215913773,0.6631578947368421,160,322.0,0.21684210526315784,False,0.16483516483516483,0.042735042735042736,0.0,,,14,person,0.1,0.1,heuristic,segformer_b2_cityscapes_mcdrop8,acdc_rain_targetcal25,10,
,-1,True,,0.6185298382173382,0.0018945399206131697,,475,,,False,,,,,,14,person,0.1,0.1,argmax,segformer_b2_cityscapes_mcdrop8,acdc_rain_targetcal25,10,0.577639751552795
0.989,989,True,0.13392361111111112,0.13392361111111112,0.021517623215913773,0.6631578947368421,160,322.0,0.21684210526315784,False,0.16483516483516483,0.042735042735042736,0.0,,,14,person,0.2,0.1,region_crc,segformer_b2_cityscapes_mcdrop8,acdc_rain_targetcal25,10,
0.982,982,True,0.1773611111111111,0.1773611111111111,0.016732409596443176,15.825263157894737,160,322.0,0.21473684210526311,False,0.23076923076923078,0.06837606837606838,0.0,,,14,person,0.2,0.1,heuristic,segformer_b2_cityscapes_mcdrop8,acdc_rain_targetcal25,10,
,-1,True,,0.6185298382173382,0.0018945399206131697,,475,,,False,,,,,,14,person,0.2,0.1,argmax,segformer_b2_cityscapes_mcdrop8,acdc_rain_targetcal25,10,0.577639751552795
1.0,1000,False,0.0,0.0,1.0,0.6631578947368421,160,322.0,0.0,False,0.0,0.0,0.0,,,14,person,0.05,0.5,region_crc,segformer_b2_cityscapes_mcdrop8,acdc_rain_targetcal25,10,
0.999,999,True,0.0546875,0.0546875,0.060982417315244675,0.6631578947368421,160,322.0,0.1852631578947368,False,0.04395604395604396,0.042735042735042736,0.0,,,14,person,0.05,0.5,heuristic,segformer_b2_cityscapes_mcdrop8,acdc_rain_targetcal25,10,
,-1,True,,0.748495115995116,0.0018945399206131697,,475,,,False,,,,,,14,person,0.05,0.5,argmax,segformer_b2_cityscapes_mcdrop8,acdc_rain_targetcal25,10,0.6894409937888198
0.999,999,True,0.0546875,0.0546875,0.060982417315244675,0.6631578947368421,160,322.0,0.1852631578947368,False,0.04395604395604396,0.042735042735042736,0.0,,,14,person,0.1,0.5,region_crc,segformer_b2_cityscapes_mcdrop8,acdc_rain_targetcal25,10,
0.997,997,True,0.10510416666666667,0.10510416666666667,0.03910576179623604,0.6631578947368421,160,322.0,0.19789473684210523,False,0.0989010989010989,0.08547008547008547,0.0,,,14,person,0.1,0.5,heuristic,segformer_b2_cityscapes_mcdrop8,acdc_rain_targetcal25,10,
,-1,True,,0.748495115995116,0.0018945399206131697,,475,,,False,,,,,,14,person,0.1,0.5,argmax,segformer_b2_cityscapes_mcdrop8,acdc_rain_targetcal25,10,0.6894409937888198
0.997,997,True,0.10510416666666667,0.10510416666666667,0.03910576179623604,0.6631578947368421,160,322.0,0.19789473684210523,False,0.0989010989010989,0.08547008547008547,0.0,,,14,person,0.2,0.5,region_crc,segformer_b2_cityscapes_mcdrop8,acdc_rain_targetcal25,10,
0.996,996,True,0.11552083333333334,0.11552083333333334,0.03450955078005791,0.6631578947368421,160,322.0,0.19999999999999996,False,0.11538461538461539,0.08547008547008547,0.0,,,14,person,0.2,0.5,heuristic,segformer_b2_cityscapes_mcdrop8,acdc_rain_targetcal25,10,
,-1,True,,0.748495115995116,0.0018945399206131697,,475,,,False,,,,,,14,person,0.2,0.5,argmax,segformer_b2_cityscapes_mcdrop8,acdc_rain_targetcal25,10,0.6894409937888198
,-1,False,,,,,475,,,False,,,,,,14,rider,0.05,0.1,region_crc,segformer_b2_cityscapes_mcdrop8,acdc_rain_targetcal25,0,
,-1,False,,,,,475,,,False,,,,,,14,rider,0.05,0.1,heuristic,segformer_b2_cityscapes_mcdrop8,acdc_rain_targetcal25,0,
,-1,True,,0.8035714285714286,0.0002449388848617673,,475,,,False,,,,,,14,rider,0.05,0.1,argmax,segformer_b2_cityscapes_mcdrop8,acdc_rain_targetcal25,0,0.8157894736842105
,-1,False,,,,,475,,,False,,,,,,14,rider,0.1,0.1,region_crc,segformer_b2_cityscapes_mcdrop8,acdc_rain_targetcal25,0,
,-1,False,,,,,475,,,False,,,,,,14,rider,0.1,0.1,heuristic,segformer_b2_cityscapes_mcdrop8,acdc_rain_targetcal25,0,
,-1,True,,0.8035714285714286,0.0002449388848617673,,475,,,False,,,,,,14,rider,0.1,0.1,argmax,segformer_b2_cityscapes_mcdrop8,acdc_rain_targetcal25,0,0.8157894736842105
,-1,False,,,,,475,,,False,,,,,,14,rider,0.2,0.1,region_crc,segformer_b2_cityscapes_mcdrop8,acdc_rain_targetcal25,0,
,-1,False,,,,,475,,,False,,,,,,14,rider,0.2,0.1,heuristic,segformer_b2_cityscapes_mcdrop8,acdc_rain_targetcal25,0,
,-1,True,,0.8035714285714286,0.0002449388848617673,,475,,,False,,,,,,14,rider,0.2,0.1,argmax,segformer_b2_cityscapes_mcdrop8,acdc_rain_targetcal25,0,0.8157894736842105
,-1,False,,,,,475,,,False,,,,,,14,rider,0.05,0.5,region_crc,segformer_b2_cityscapes_mcdrop8,acdc_rain_targetcal25,0,
,-1,False,,,,,475,,,False,,,,,,14,rider,0.05,0.5,heuristic,segformer_b2_cityscapes_mcdrop8,acdc_rain_targetcal25,0,
,-1,True,,0.8571428571428571,0.0002449388848617673,,475,,,False,,,,,,14,rider,0.05,0.5,argmax,segformer_b2_cityscapes_mcdrop8,acdc_rain_targetcal25,0,0.868421052631579
,-1,False,,,,,475,,,False,,,,,,14,rider,0.1,0.5,region_crc,segformer_b2_cityscapes_mcdrop8,acdc_rain_targetcal25,0,
,-1,False,,,,,475,,,False,,,,,,14,rider,0.1,0.5,heuristic,segformer_b2_cityscapes_mcdrop8,acdc_rain_targetcal25,0,
,-1,True,,0.8571428571428571,0.0002449388848617673,,475,,,False,,,,,,14,rider,0.1,0.5,argmax,segformer_b2_cityscapes_mcdrop8,acdc_rain_targetcal25,0,0.868421052631579
,-1,False,,,,,475,,,False,,,,,,14,rider,0.2,0.5,region_crc,segformer_b2_cityscapes_mcdrop8,acdc_rain_targetcal25,0,
,-1,False,,,,,475,,,False,,,,,,14,rider,0.2,0.5,heuristic,segformer_b2_cityscapes_mcdrop8,acdc_rain_targetcal25,0,
,-1,True,,0.8571428571428571,0.0002449388848617673,,475,,,False,,,,,,14,rider,0.2,0.5,argmax,segformer_b2_cityscapes_mcdrop8,acdc_rain_targetcal25,0,0.868421052631579
1.0,1000,False,0.0,0.0,1.0,0.8273684210526315,82,156.0,0.0,False,0.0,0.0,0.0,,,14,bicycle,0.05,0.1,region_crc,segformer_b2_cityscapes_mcdrop8,acdc_rain_targetcal25,1,
1.0,1000,True,0.0,0.0,1.0,0.8273684210526315,82,156.0,0.0,False,0.0,0.0,0.0,,,14,bicycle,0.05,0.1,heuristic,segformer_b2_cityscapes_mcdrop8,acdc_rain_targetcal25,1,
,-1,True,,0.746486643437863,0.0010905965464189649,,475,,,False,,,,,,14,bicycle,0.05,0.1,argmax,segformer_b2_cityscapes_mcdrop8,acdc_rain_targetcal25,1,0.7243589743589743
1.0,1000,False,0.0,0.0,1.0,0.8273684210526315,82,156.0,0.0,False,0.0,0.0,0.0,,,14,bicycle,0.1,0.1,region_crc,segformer_b2_cityscapes_mcdrop8,acdc_rain_targetcal25,1,
1.0,1000,True,0.0,0.0,1.0,0.8273684210526315,82,156.0,0.0,False,0.0,0.0,0.0,,,14,bicycle,0.1,0.1,heuristic,segformer_b2_cityscapes_mcdrop8,acdc_rain_targetcal25,1,
,-1,True,,0.746486643437863,0.0010905965464189649,,475,,,False,,,,,,14,bicycle,0.1,0.1,argmax,segformer_b2_cityscapes_mcdrop8,acdc_rain_targetcal25,1,0.7243589743589743
1.0,1000,False,0.0,0.0,1.0,0.8273684210526315,82,156.0,0.0,False,0.0,0.0,0.0,,,14,bicycle,0.2,0.1,region_crc,segformer_b2_cityscapes_mcdrop8,acdc_rain_targetcal25,1,
1.0,1000,True,0.0,0.0,1.0,0.8273684210526315,82,156.0,0.0,False,0.0,0.0,0.0,,,14,bicycle,0.2,0.1,heuristic,segformer_b2_cityscapes_mcdrop8,acdc_rain_targetcal25,1,
,-1,True,,0.746486643437863,0.0010905965464189649,,475,,,False,,,,,,14,bicycle,0.2,0.1,argmax,segformer_b2_cityscapes_mcdrop8,acdc_rain_targetcal25,1,0.7243589743589743
1.0,1000,False,0.0,0.0,1.0,0.8273684210526315,82,156.0,0.0,False,0.0,0.0,0.0,,,14,bicycle,0.05,0.5,region_crc,segformer_b2_cityscapes_mcdrop8,acdc_rain_targetcal25,1,
1.0,1000,True,0.0,0.0,1.0,0.8273684210526315,82,156.0,0.0,False,0.0,0.0,0.0,,,14,bicycle,0.05,0.5,heuristic,segformer_b2_cityscapes_mcdrop8,acdc_rain_targetcal25,1,
,-1,True,,0.7712833914053426,0.0010905965464189649,,475,,,False,,,,,,14,bicycle,0.05,0.5,argmax,segformer_b2_cityscapes_mcdrop8,acdc_rain_targetcal25,1,0.75
1.0,1000,False,0.0,0.0,1.0,0.8273684210526315,82,156.0,0.0,False,0.0,0.0,0.0,,,14,bicycle,0.1,0.5,region_crc,segformer_b2_cityscapes_mcdrop8,acdc_rain_targetcal25,1,
1.0,1000,True,0.0,0.0,1.0,0.8273684210526315,82,156.0,0.0,False,0.0,0.0,0.0,,,14,bicycle,0.1,0.5,heuristic,segformer_b2_cityscapes_mcdrop8,acdc_rain_targetcal25,1,
,-1,True,,0.7712833914053426,0.0010905965464189649,,475,,,False,,,,,,14,bicycle,0.1,0.5,argmax,segformer_b2_cityscapes_mcdrop8,acdc_rain_targetcal25,1,0.75
1.0,1000,False,0.0,0.0,1.0,0.8273684210526315,82,156.0,0.0,False,0.0,0.0,0.0,,,14,bicycle,0.2,0.5,region_crc,segformer_b2_cityscapes_mcdrop8,acdc_rain_targetcal25,1,
1.0,1000,True,0.0,0.0,1.0,0.8273684210526315,82,156.0,0.0,False,0.0,0.0,0.0,,,14,bicycle,0.2,0.5,heuristic,segformer_b2_cityscapes_mcdrop8,acdc_rain_targetcal25,1,
,-1,True,,0.7712833914053426,0.0010905965464189649,,475,,,False,,,,,,14,bicycle,0.2,0.5,argmax,segformer_b2_cityscapes_mcdrop8,acdc_rain_targetcal25,1,0.75
1.0,1000,False,0.0,0.0,1.0,0.6568421052631579,163,316.0,0.0,False,0.0,0.0,0.0,,,15,person,0.05,0.1,region_crc,segformer_b2_cityscapes_mcdrop8,acdc_rain_targetcal25,7,
0.988,988,True,0.1421949556918882,0.1421949556918882,0.02038898691534996,0.6568421052631579,163,316.0,0.16000000000000003,False,0.16477272727272727,0.05982905982905983,0.0,,,15,person,0.05,0.1,heuristic,segformer_b2_cityscapes_mcdrop8,acdc_rain_targetcal25,7,
,-1,True,,0.6332194730967737,0.0018565962091088295,,475,,,False,,,,,,15,person,0.05,0.1,argmax,segformer_b2_cityscapes_mcdrop8,acdc_rain_targetcal25,7,0.5822784810126582
1.0,1000,False,0.0,0.0,1.0,0.6568421052631579,163,316.0,0.0,False,0.0,0.0,0.0,,,15,person,0.1,0.1,region_crc,segformer_b2_cityscapes_mcdrop8,acdc_rain_targetcal25,7,
0.98,980,True,0.19910859420061874,0.19910859420061874,0.01558738388121128,15.869473684210526,163,316.0,0.16000000000000003,False,0.25,0.08547008547008547,0.0,,,15,person,0.1,0.1,heuristic,segformer_b2_cityscapes_mcdrop8,acdc_rain_targetcal25,7,
,-1,True,,0.6332194730967737,0.0018565962091088295,,475,,,False,,,,,,15,person,0.1,0.1,argmax,segformer_b2_cityscapes_mcdrop8,acdc_rain_targetcal25,7,0.5822784810126582
0.98,980,True,0.19910859420061874,0.19910859420061874,0.01558738388121128,15.869473684210526,163,316.0,0.16000000000000003,False,0.25,0.08547008547008547,0.0,,,15,person,0.2,0.1,region_crc,segformer_b2_cityscapes_mcdrop8,acdc_rain_targetcal25,7,
0.926,926,True,0.41661235833014976,0.4166123583301497,0.007015905808657408,8.054736842105264,163,316.0,0.16210526315789475,False,0.5113636363636364,0.19658119658119658,0.043478260869565216,,,15,person,0.2,0.1,heuristic,segformer_b2_cityscapes_mcdrop8,acdc_rain_targetcal25,7,
,-1,True,,0.6332194730967737,0.0018565962091088295,,475,,,False,,,,,,15,person,0.2,0.1,argmax,segformer_b2_cityscapes_mcdrop8,acdc_rain_targetcal25,7,0.5822784810126582
1.0,1000,False,0.0,0.0,1.0,0.6568421052631579,163,316.0,0.0,False,0.0,0.0,0.0,,,15,person,0.05,0.5,region_crc,segformer_b2_cityscapes_mcdrop8,acdc_rain_targetcal25,7,
0.998,998,True,0.0794478527607362,0.0794478527607362,0.04634026065468788,0.6568421052631579,163,316.0,0.15789473684210525,False,0.07386363636363637,0.05128205128205128,0.0,,,15,person,0.05,0.5,heuristic,segformer_b2_cityscapes_mcdrop8,acdc_rain_targetcal25,7,
,-1,True,,0.7561915249031814,0.0018565962091088295,,475,,,False,,,,,,15,person,0.05,0.5,argmax,segformer_b2_cityscapes_mcdrop8,acdc_rain_targetcal25,7,0.689873417721519
1.0,1000,False,0.0,0.0,1.0,0.6568421052631579,163,316.0,0.0,False,0.0,0.0,0.0,,,15,person,0.1,0.5,region_crc,segformer_b2_cityscapes_mcdrop8,acdc_rain_targetcal25,7,
0.989,989,True,0.2443028682292486,0.2443028682292486,0.021302513778209686,0.6568421052631579,163,316.0,0.1536842105263158,False,0.2840909090909091,0.11965811965811966,0.0,,,15,person,0.1,0.5,heuristic,segformer_b2_cityscapes_mcdrop8,acdc_rain_targetcal25,7,
,-1,True,,0.7561915249031814,0.0018565962091088295,,475,,,False,,,,,,15,person,0.1,0.5,argmax,segformer_b2_cityscapes_mcdrop8,acdc_rain_targetcal25,7,0.689873417721519
0.989,989,True,0.2443028682292486,0.2443028682292486,0.021302513778209686,0.6568421052631579,163,316.0,0.1536842105263158,False,0.2840909090909091,0.11965811965811966,0.0,,,15,person,0.2,0.5,region_crc,segformer_b2_cityscapes_mcdrop8,acdc_rain_targetcal25,7,
0.961,961,True,0.4374712540356712,0.4374712540356712,0.010614936240017414,10.696842105263158,163,316.0,0.1557894736842106,False,0.5113636363636364,0.23076923076923078,0.08695652173913043,,,15,person,0.2,0.5,heuristic,segformer_b2_cityscapes_mcdrop8,acdc_rain_targetcal25,7,
,-1,True,,0.7561915249031814,0.0018565962091088295,,475,,,False,,,,,,15,person,0.2,0.5,argmax,segformer_b2_cityscapes_mcdrop8,acdc_rain_targetcal25,7,0.689873417721519
,-1,False,,,,,475,,,False,,,,,,15,rider,0.05,0.1,region_crc,segformer_b2_cityscapes_mcdrop8,acdc_rain_targetcal25,0,
,-1,False,,,,,475,,,False,,,,,,15,rider,0.05,0.1,heuristic,segformer_b2_cityscapes_mcdrop8,acdc_rain_targetcal25,0,
,-1,True,,0.8035714285714286,0.000249327888013795,,475,,,False,,,,,,15,rider,0.05,0.1,argmax,segformer_b2_cityscapes_mcdrop8,acdc_rain_targetcal25,0,0.8157894736842105
,-1,False,,,,,475,,,False,,,,,,15,rider,0.1,0.1,region_crc,segformer_b2_cityscapes_mcdrop8,acdc_rain_targetcal25,0,
,-1,False,,,,,475,,,False,,,,,,15,rider,0.1,0.1,heuristic,segformer_b2_cityscapes_mcdrop8,acdc_rain_targetcal25,0,
,-1,True,,0.8035714285714286,0.000249327888013795,,475,,,False,,,,,,15,rider,0.1,0.1,argmax,segformer_b2_cityscapes_mcdrop8,acdc_rain_targetcal25,0,0.8157894736842105
,-1,False,,,,,475,,,False,,,,,,15,rider,0.2,0.1,region_crc,segformer_b2_cityscapes_mcdrop8,acdc_rain_targetcal25,0,
,-1,False,,,,,475,,,False,,,,,,15,rider,0.2,0.1,heuristic,segformer_b2_cityscapes_mcdrop8,acdc_rain_targetcal25,0,
,-1,True,,0.8035714285714286,0.000249327888013795,,475,,,False,,,,,,15,rider,0.2,0.1,argmax,segformer_b2_cityscapes_mcdrop8,acdc_rain_targetcal25,0,0.8157894736842105
,-1,False,,,,,475,,,False,,,,,,15,rider,0.05,0.5,region_crc,segformer_b2_cityscapes_mcdrop8,acdc_rain_targetcal25,0,
,-1,False,,,,,475,,,False,,,,,,15,rider,0.05,0.5,heuristic,segformer_b2_cityscapes_mcdrop8,acdc_rain_targetcal25,0,
,-1,True,,0.8571428571428571,0.000249327888013795,,475,,,False,,,,,,15,rider,0.05,0.5,argmax,segformer_b2_cityscapes_mcdrop8,acdc_rain_targetcal25,0,0.868421052631579
,-1,False,,,,,475,,,False,,,,,,15,rider,0.1,0.5,region_crc,segformer_b2_cityscapes_mcdrop8,acdc_rain_targetcal25,0,
,-1,False,,,,,475,,,False,,,,,,15,rider,0.1,0.5,heuristic,segformer_b2_cityscapes_mcdrop8,acdc_rain_targetcal25,0,
,-1,True,,0.8571428571428571,0.000249327888013795,,475,,,False,,,,,,15,rider,0.1,0.5,argmax,segformer_b2_cityscapes_mcdrop8,acdc_rain_targetcal25,0,0.868421052631579
,-1,False,,,,,475,,,False,,,,,,15,rider,0.2,0.5,region_crc,segformer_b2_cityscapes_mcdrop8,acdc_rain_targetcal25,0,
,-1,False,,,,,475,,,False,,,,,,15,rider,0.2,0.5,heuristic,segformer_b2_cityscapes_mcdrop8,acdc_rain_targetcal25,0,
,-1,True,,0.8571428571428571,0.000249327888013795,,475,,,False,,,,,,15,rider,0.2,0.5,argmax,segformer_b2_cityscapes_mcdrop8,acdc_rain_targetcal25,0,0.868421052631579
1.0,1000,False,0.0,0.0,1.0,0.8315789473684211,80,152.0,0.0,False,0.0,0.0,0.0,,,15,bicycle,0.05,0.1,region_crc,segformer_b2_cityscapes_mcdrop8,acdc_rain_targetcal25,3,
1.0,1000,True,0.0,0.0,1.0,0.8315789473684211,80,152.0,0.0,False,0.0,0.0,0.0,,,15,bicycle,0.05,0.1,heuristic,segformer_b2_cityscapes_mcdrop8,acdc_rain_targetcal25,3,
,-1,True,,0.7401488095238096,0.0011049372842535377,,475,,,False,,,,,,15,bicycle,0.05,0.1,argmax,segformer_b2_cityscapes_mcdrop8,acdc_rain_targetcal25,3,0.7171052631578947
1.0,1000,False,0.0,0.0,1.0,0.8315789473684211,80,152.0,0.0,False,0.0,0.0,0.0,,,15,bicycle,0.1,0.1,region_crc,segformer_b2_cityscapes_mcdrop8,acdc_rain_targetcal25,3,
1.0,1000,True,0.0,0.0,1.0,0.8315789473684211,80,152.0,0.0,False,0.0,0.0,0.0,,,15,bicycle,0.1,0.1,heuristic,segformer_b2_cityscapes_mcdrop8,acdc_rain_targetcal25,3,
,-1,True,,0.7401488095238096,0.0011049372842535377,,475,,,False,,,,,,15,bicycle,0.1,0.1,argmax,segformer_b2_cityscapes_mcdrop8,acdc_rain_targetcal25,3,0.7171052631578947
1.0,1000,False,0.0,0.0,1.0,0.8315789473684211,80,152.0,0.0,False,0.0,0.0,0.0,,,15,bicycle,0.2,0.1,region_crc,segformer_b2_cityscapes_mcdrop8,acdc_rain_targetcal25,3,
0.999,999,True,0.15345238095238095,0.15345238095238095,0.028123393654823303,0.8315789473684211,80,152.0,0.12,False,0.24390243902439024,0.05357142857142857,0.0,,,15,bicycle,0.2,0.1,heuristic,segformer_b2_cityscapes_mcdrop8,acdc_rain_targetcal25,3,
,-1,True,,0.7401488095238096,0.0011049372842535377,,475,,,False,,,,,,15,bicycle,0.2,0.1,argmax,segformer_b2_cityscapes_mcdrop8,acdc_rain_targetcal25,3,0.7171052631578947
1.0,1000,False,0.0,0.0,1.0,0.8315789473684211,80,152.0,0.0,False,0.0,0.0,0.0,,,15,bicycle,0.05,0.5,region_crc,segformer_b2_cityscapes_mcdrop8,acdc_rain_targetcal25,3,
1.0,1000,True,0.0,0.0,1.0,0.8315789473684211,80,152.0,0.0,False,0.0,0.0,0.0,,,15,bicycle,0.05,0.5,heuristic,segformer_b2_cityscapes_mcdrop8,acdc_rain_targetcal25,3,
,-1,True,,0.7655654761904762,0.0011049372842535377,,475,,,False,,,,,,15,bicycle,0.05,0.5,argmax,segformer_b2_cityscapes_mcdrop8,acdc_rain_targetcal25,3,0.743421052631579
1.0,1000,False,0.0,0.0,1.0,0.8315789473684211,80,152.0,0.0,False,0.0,0.0,0.0,,,15,bicycle,0.1,0.5,region_crc,segformer_b2_cityscapes_mcdrop8,acdc_rain_targetcal25,3,
1.0,1000,True,0.0,0.0,1.0,0.8315789473684211,80,152.0,0.0,False,0.0,0.0,0.0,,,15,bicycle,0.1,0.5,heuristic,segformer_b2_cityscapes_mcdrop8,acdc_rain_targetcal25,3,
,-1,True,,0.7655654761904762,0.0011049372842535377,,475,,,False,,,,,,15,bicycle,0.1,0.5,argmax,segformer_b2_cityscapes_mcdrop8,acdc_rain_targetcal25,3,0.743421052631579
1.0,1000,False,0.0,0.0,1.0,0.8315789473684211,80,152.0,0.0,False,0.0,0.0,0.0,,,15,bicycle,0.2,0.5,region_crc,segformer_b2_cityscapes_mcdrop8,acdc_rain_targetcal25,3,
0.999,999,True,0.22470238095238093,0.22470238095238093,0.028123393654823303,0.8315789473684211,80,152.0,0.12,False,0.3048780487804878,0.10714285714285714,0.0,,,15,bicycle,0.2,0.5,heuristic,segformer_b2_cityscapes_mcdrop8,acdc_rain_targetcal25,3,
,-1,True,,0.7655654761904762,0.0011049372842535377,,475,,,False,,,,,,15,bicycle,0.2,0.5,argmax,segformer_b2_cityscapes_mcdrop8,acdc_rain_targetcal25,3,0.743421052631579
1.0,1000,False,0.0,0.0,1.0,0.6652631578947369,159,319.0,0.0,False,0.0,0.0,0.0,,,16,person,0.05,0.1,region_crc,segformer_b2_cityscapes_mcdrop8,acdc_rain_targetcal25,11,
0.999,999,True,0.029874213836477988,0.029874213836477988,0.06139528751373291,0.6652631578947369,159,319.0,0.1978947368421053,False,0.016574585635359115,0.02586206896551724,0.0,,,16,person,0.05,0.1,heuristic,segformer_b2_cityscapes_mcdrop8,acdc_rain_targetcal25,11,
,-1,True,,0.625564617074051,0.0018606745870783925,,475,,,False,,,,,,16,person,0.05,0.1,argmax,segformer_b2_cityscapes_mcdrop8,acdc_rain_targetcal25,11,0.5799373040752351
1.0,1000,True,0.0,0.0,1.0,0.6652631578947369,159,319.0,0.0,False,0.0,0.0,0.0,,,16,person,0.1,0.1,region_crc,segformer_b2_cityscapes_mcdrop8,acdc_rain_targetcal25,11,
0.994,994,True,0.07117400419287212,0.07117400419287212,0.02887464500963688,0.6652631578947369,159,319.0,0.21473684210526317,False,0.07734806629834254,0.034482758620689655,0.0,,,16,person,0.1,0.1,heuristic,segformer_b2_cityscapes_mcdrop8,acdc_rain_targetcal25,11,
,-1,True,,0.625564617074051,0.0018606745870783925,,475,,,False,,,,,,16,person,0.1,0.1,argmax,segformer_b2_cityscapes_mcdrop8,acdc_rain_targetcal25,11,0.5799373040752351
0.994,994,True,0.07117400419287212,0.07117400419287212,0.02887464500963688,0.6652631578947369,159,319.0,0.21473684210526317,False,0.07734806629834254,0.034482758620689655,0.0,,,16,person,0.2,0.1,region_crc,segformer_b2_cityscapes_mcdrop8,acdc_rain_targetcal25,11,
0.99,990,True,0.11065688329839274,0.11065688329839274,0.02258683368563652,0.6652631578947369,159,319.0,0.19578947368421057,False,0.13259668508287292,0.04310344827586207,0.0,,,16,person,0.2,0.1,heuristic,segformer_b2_cityscapes_mcdrop8,acdc_rain_targetcal25,11,
,-1,True,,0.625564617074051,0.0018606745870783925,,475,,,False,,,,,,16,person,0.2,0.1,argmax,segformer_b2_cityscapes_mcdrop8,acdc_rain_targetcal25,11,0.5799373040752351
1.0,1000,False,0.0,0.0,1.0,0.6652631578947369,159,319.0,0.0,False,0.0,0.0,0.0,,,16,person,0.05,0.5,region_crc,segformer_b2_cityscapes_mcdrop8,acdc_rain_targetcal25,11,
1.0,1000,True,0.0,0.0,1.0,0.6652631578947369,159,319.0,0.0,False,0.0,0.0,0.0,,,16,person,0.05,0.5,heuristic,segformer_b2_cityscapes_mcdrop8,acdc_rain_targetcal25,11,
,-1,True,,0.7469133242718148,0.0018606745870783925,,475,,,False,,,,,,16,person,0.05,0.5,argmax,segformer_b2_cityscapes_mcdrop8,acdc_rain_targetcal25,11,0.6865203761755486
1.0,1000,True,0.0,0.0,1.0,0.6652631578947369,159,319.0,0.0,False,0.0,0.0,0.0,,,16,person,0.1,0.5,region_crc,segformer_b2_cityscapes_mcdrop8,acdc_rain_targetcal25,11,
0.998,998,True,0.07672955974842767,0.07672955974842767,0.04666551202535629,0.6652631578947369,159,319.0,0.21052631578947373,False,0.06629834254143646,0.05172413793103448,0.0,,,16,person,0.1,0.5,heuristic,segformer_b2_cityscapes_mcdrop8,acdc_rain_targetcal25,11,
,-1,True,,0.7469133242718148,0.0018606745870783925,,475,,,False,,,,,,16,person,0.1,0.5,argmax,segformer_b2_cityscapes_mcdrop8,acdc_rain_targetcal25,11,0.6865203761755486
0.998,998,True,0.07672955974842767,0.07672955974842767,0.04666551202535629,0.6652631578947369,159,319.0,0.21052631578947373,False,0.06629834254143646,0.05172413793103448,0.0,,,16,person,0.2,0.5,region_crc,segformer_b2_cityscapes_mcdrop8,acdc_rain_targetcal25,11,
0.997,997,True,0.10262054507337526,0.10262054507337526,0.03934615105390549,0.6652631578947369,159,319.0,0.1852631578947369,False,0.08839779005524862,0.08620689655172414,0.0,,,16,person,0.2,0.5,heuristic,segformer_b2_cityscapes_mcdrop8,acdc_rain_targetcal25,11,
,-1,True,,0.7469133242718148,0.0018606745870783925,,475,,,False,,,,,,16,person,0.2,0.5,argmax,segformer_b2_cityscapes_mcdrop8,acdc_rain_targetcal25,11,0.6865203761755486
1.0,1000,False,0.0,0.0,1.0,0.9494736842105264,24,33.0,0.0,False,0.0,0.0,0.0,,,16,rider,0.05,0.1,region_crc,segformer_b2_cityscapes_mcdrop8,acdc_rain_targetcal25,4,
0.998,998,True,0.3611111111111111,0.3611111111111111,0.007339895702898502,0.9494736842105264,24,33.0,0.12210526315789472,False,0.5217391304347826,0.0,0.0,,,16,rider,0.05,0.1,heuristic,segformer_b2_cityscapes_mcdrop8,acdc_rain_targetcal25,4,
,-1,True,,0.7708333333333334,0.00023595373204443604,,475,,,False,,,,,,16,rider,0.05,0.1,argmax,segformer_b2_cityscapes_mcdrop8,acdc_rain_targetcal25,4,0.7878787878787878
1.0,1000,False,0.0,0.0,1.0,0.9494736842105264,24,33.0,0.0,False,0.0,0.0,0.0,,,16,rider,0.1,0.1,region_crc,segformer_b2_cityscapes_mcdrop8,acdc_rain_targetcal25,4,
0.998,998,True,0.3611111111111111,0.3611111111111111,0.007339895702898502,0.9494736842105264,24,33.0,0.12210526315789472,False,0.5217391304347826,0.0,0.0,,,16,rider,0.1,0.1,heuristic,segformer_b2_cityscapes_mcdrop8,acdc_rain_targetcal25,4,
,-1,True,,0.7708333333333334,0.00023595373204443604,,475,,,False,,,,,,16,rider,0.1,0.1,argmax,segformer_b2_cityscapes_mcdrop8,acdc_rain_targetcal25,4,0.7878787878787878
0.998,998,True,0.3611111111111111,0.3611111111111111,0.007339895702898502,0.9494736842105264,24,33.0,0.12210526315789472,False,0.5217391304347826,0.0,0.0,,,16,rider,0.2,0.1,region_crc,segformer_b2_cityscapes_mcdrop8,acdc_rain_targetcal25,4,
0.998,998,True,0.3611111111111111,0.3611111111111111,0.007339895702898502,0.9494736842105264,24,33.0,0.12210526315789472,False,0.5217391304347826,0.0,0.0,,,16,rider,0.2,0.1,heuristic,segformer_b2_cityscapes_mcdrop8,acdc_rain_targetcal25,4,
,-1,True,,0.7708333333333334,0.00023595373204443604,,475,,,False,,,,,,16,rider,0.2,0.1,argmax,segformer_b2_cityscapes_mcdrop8,acdc_rain_targetcal25,4,0.7878787878787878
1.0,1000,False,0.0,0.0,1.0,0.9494736842105264,24,33.0,0.0,False,0.0,0.0,0.0,,,16,rider,0.05,0.5,region_crc,segformer_b2_cityscapes_mcdrop8,acdc_rain_targetcal25,4,
1.0,1000,True,0.0,0.0,1.0,0.9494736842105264,24,33.0,0.0,False,0.0,0.0,0.0,,,16,rider,0.05,0.5,heuristic,segformer_b2_cityscapes_mcdrop8,acdc_rain_targetcal25,4,
,-1,True,,0.8333333333333334,0.00023595373204443604,,475,,,False,,,,,,16,rider,0.05,0.5,argmax,segformer_b2_cityscapes_mcdrop8,acdc_rain_targetcal25,4,0.8484848484848485
1.0,1000,False,0.0,0.0,1.0,0.9494736842105264,24,33.0,0.0,False,0.0,0.0,0.0,,,16,rider,0.1,0.5,region_crc,segformer_b2_cityscapes_mcdrop8,acdc_rain_targetcal25,4,
1.0,1000,True,0.0,0.0,1.0,0.9494736842105264,24,33.0,0.0,False,0.0,0.0,0.0,,,16,rider,0.1,0.5,heuristic,segformer_b2_cityscapes_mcdrop8,acdc_rain_targetcal25,4,
,-1,True,,0.8333333333333334,0.00023595373204443604,,475,,,False,,,,,,16,rider,0.1,0.5,argmax,segformer_b2_cityscapes_mcdrop8,acdc_rain_targetcal25,4,0.8484848484848485
1.0,1000,True,0.0,0.0,1.0,0.9494736842105264,24,33.0,0.0,False,0.0,0.0,0.0,,,16,rider,0.2,0.5,region_crc,segformer_b2_cityscapes_mcdrop8,acdc_rain_targetcal25,4,
1.0,1000,True,0.0,0.0,1.0,0.9494736842105264,24,33.0,0.0,False,0.0,0.0,0.0,,,16,rider,0.2,0.5,heuristic,segformer_b2_cityscapes_mcdrop8,acdc_rain_targetcal25,4,
,-1,True,,0.8333333333333334,0.00023595373204443604,,475,,,False,,,,,,16,rider,0.2,0.5,argmax,segformer_b2_cityscapes_mcdrop8,acdc_rain_targetcal25,4,0.8484848484848485
1.0,1000,False,0.0,0.0,1.0,0.8357894736842105,78,154.0,0.0,False,0.0,0.0,0.0,,,16,bicycle,0.05,0.1,region_crc,segformer_b2_cityscapes_mcdrop8,acdc_rain_targetcal25,5,
1.0,1000,True,0.0,0.0,1.0,0.8357894736842105,78,154.0,0.0,False,0.0,0.0,0.0,,,16,bicycle,0.05,0.1,heuristic,segformer_b2_cityscapes_mcdrop8,acdc_rain_targetcal25,5,
,-1,True,,0.7591269841269841,0.0011030355235561728,,475,,,False,,,,,,16,bicycle,0.05,0.1,argmax,segformer_b2_cityscapes_mcdrop8,acdc_rain_targetcal25,5,0.7337662337662337
1.0,1000,False,0.0,0.0,1.0,0.8357894736842105,78,154.0,0.0,False,0.0,0.0,0.0,,,16,bicycle,0.1,0.1,region_crc,segformer_b2_cityscapes_mcdrop8,acdc_rain_targetcal25,5,
1.0,1000,True,0.0,0.0,1.0,0.8357894736842105,78,154.0,0.0,False,0.0,0.0,0.0,,,16,bicycle,0.1,0.1,heuristic,segformer_b2_cityscapes_mcdrop8,acdc_rain_targetcal25,5,
,-1,True,,0.7591269841269841,0.0011030355235561728,,475,,,False,,,,,,16,bicycle,0.1,0.1,argmax,segformer_b2_cityscapes_mcdrop8,acdc_rain_targetcal25,5,0.7337662337662337
1.0,1000,True,0.0,0.0,1.0,0.8357894736842105,78,154.0,0.0,False,0.0,0.0,0.0,,,16,bicycle,0.2,0.1,region_crc,segformer_b2_cityscapes_mcdrop8,acdc_rain_targetcal25,5,
0.998,998,True,0.21336996336996336,0.21336996336996336,0.02049895003437996,0.8357894736842105,78,154.0,0.15157894736842104,False,0.3176470588235294,0.07142857142857142,0.0,,,16,bicycle,0.2,0.1,heuristic,segformer_b2_cityscapes_mcdrop8,acdc_rain_targetcal25,5,
,-1,True,,0.7591269841269841,0.0011030355235561728,,475,,,False,,,,,,16,bicycle,0.2,0.1,argmax,segformer_b2_cityscapes_mcdrop8,acdc_rain_targetcal25,5,0.7337662337662337
1.0,1000,False,0.0,0.0,1.0,0.8357894736842105,78,154.0,0.0,False,0.0,0.0,0.0,,,16,bicycle,0.05,0.5,region_crc,segformer_b2_cityscapes_mcdrop8,acdc_rain_targetcal25,5,
1.0,1000,True,0.0,0.0,1.0,0.8357894736842105,78,154.0,0.0,False,0.0,0.0,0.0,,,16,bicycle,0.05,0.5,heuristic,segformer_b2_cityscapes_mcdrop8,acdc_rain_targetcal25,5,
,-1,True,,0.7851953601953602,0.0011030355235561728,,475,,,False,,,,,,16,bicycle,0.05,0.5,argmax,segformer_b2_cityscapes_mcdrop8,acdc_rain_targetcal25,5,0.7597402597402597
1.0,1000,False,0.0,0.0,1.0,0.8357894736842105,78,154.0,0.0,False,0.0,0.0,0.0,,,16,bicycle,0.1,0.5,region_crc,segformer_b2_cityscapes_mcdrop8,acdc_rain_targetcal25,5,
1.0,1000,True,0.0,0.0,1.0,0.8357894736842105,78,154.0,0.0,False,0.0,0.0,0.0,,,16,bicycle,0.1,0.5,heuristic,segformer_b2_cityscapes_mcdrop8,acdc_rain_targetcal25,5,
,-1,True,,0.7851953601953602,0.0011030355235561728,,475,,,False,,,,,,16,bicycle,0.1,0.5,argmax,segformer_b2_cityscapes_mcdrop8,acdc_rain_targetcal25,5,0.7597402597402597
1.0,1000,True,0.0,0.0,1.0,0.8357894736842105,78,154.0,0.0,False,0.0,0.0,0.0,,,16,bicycle,0.2,0.5,region_crc,segformer_b2_cityscapes_mcdrop8,acdc_rain_targetcal25,5,
0.999,999,True,0.22191697191697193,0.22191697191697193,0.028229080140590668,0.8357894736842105,78,154.0,0.14526315789473676,False,0.29411764705882354,0.10714285714285714,0.0,,,16,bicycle,0.2,0.5,heuristic,segformer_b2_cityscapes_mcdrop8,acdc_rain_targetcal25,5,
,-1,True,,0.7851953601953602,0.0011030355235561728,,475,,,False,,,,,,16,bicycle,0.2,0.5,argmax,segformer_b2_cityscapes_mcdrop8,acdc_rain_targetcal25,5,0.7597402597402597
1.0,1000,False,0.0,0.0,1.0,0.6547368421052632,164,325.0,0.0,False,0.0,0.0,0.0,,,17,person,0.05,0.1,region_crc,segformer_b2_cityscapes_mcdrop8,acdc_rain_targetcal25,6,
1.0,1000,True,0.0,0.0,1.0,0.6547368421052632,164,325.0,0.0,False,0.0,0.0,0.0,,,17,person,0.05,0.1,heuristic,segformer_b2_cityscapes_mcdrop8,acdc_rain_targetcal25,6,
,-1,True,,0.6369803299681348,0.0018369050230830908,,475,,,False,,,,,,17,person,0.05,0.1,argmax,segformer_b2_cityscapes_mcdrop8,acdc_rain_targetcal25,6,0.5907692307692308
1.0,1000,False,0.0,0.0,1.0,0.6547368421052632,164,325.0,0.0,False,0.0,0.0,0.0,,,17,person,0.1,0.1,region_crc,segformer_b2_cityscapes_mcdrop8,acdc_rain_targetcal25,6,
1.0,1000,True,0.0,0.0,1.0,0.6547368421052632,164,325.0,0.0,False,0.0,0.0,0.0,,,17,person,0.1,0.1,heuristic,segformer_b2_cityscapes_mcdrop8,acdc_rain_targetcal25,6,
,-1,True,,0.6369803299681348,0.0018369050230830908,,475,,,False,,,,,,17,person,0.1,0.1,argmax,segformer_b2_cityscapes_mcdrop8,acdc_rain_targetcal25,6,0.5907692307692308
1.0,1000,True,0.0,0.0,1.0,0.6547368421052632,164,325.0,0.0,False,0.0,0.0,0.0,,,17,person,0.2,0.1,region_crc,segformer_b2_cityscapes_mcdrop8,acdc_rain_targetcal25,6,
0.993,993,True,0.07967479674796747,0.07967479674796747,0.026327040046453476,0.6547368421052632,164,325.0,0.2,False,0.09239130434782608,0.04201680672268908,0.0,,,17,person,0.2,0.1,heuristic,segformer_b2_cityscapes_mcdrop8,acdc_rain_targetcal25,6,
,-1,True,,0.6369803299681348,0.0018369050230830908,,475,,,False,,,,,,17,person,0.2,0.1,argmax,segformer_b2_cityscapes_mcdrop8,acdc_rain_targetcal25,6,0.5907692307692308
1.0,1000,False,0.0,0.0,1.0,0.6547368421052632,164,325.0,0.0,False,0.0,0.0,0.0,,,17,person,0.05,0.5,region_crc,segformer_b2_cityscapes_mcdrop8,acdc_rain_targetcal25,6,
1.0,1000,True,0.0,0.0,1.0,0.6547368421052632,164,325.0,0.0,False,0.0,0.0,0.0,,,17,person,0.05,0.5,heuristic,segformer_b2_cityscapes_mcdrop8,acdc_rain_targetcal25,6,
,-1,True,,0.7576781619464547,0.0018369050230830908,,475,,,False,,,,,,17,person,0.05,0.5,argmax,segformer_b2_cityscapes_mcdrop8,acdc_rain_targetcal25,6,0.6984615384615385
1.0,1000,False,0.0,0.0,1.0,0.6547368421052632,164,325.0,0.0,False,0.0,0.0,0.0,,,17,person,0.1,0.5,region_crc,segformer_b2_cityscapes_mcdrop8,acdc_rain_targetcal25,6,
1.0,1000,True,0.0,0.0,1.0,0.6547368421052632,164,325.0,0.0,False,0.0,0.0,0.0,,,17,person,0.1,0.5,heuristic,segformer_b2_cityscapes_mcdrop8,acdc_rain_targetcal25,6,
,-1,True,,0.7576781619464547,0.0018369050230830908,,475,,,False,,,,,,17,person,0.1,0.5,argmax,segformer_b2_cityscapes_mcdrop8,acdc_rain_targetcal25,6,0.6984615384615385
1.0,1000,True,0.0,0.0,1.0,0.6547368421052632,164,325.0,0.0,False,0.0,0.0,0.0,,,17,person,0.2,0.5,region_crc,segformer_b2_cityscapes_mcdrop8,acdc_rain_targetcal25,6,
0.998,998,True,0.07439024390243902,0.07439024390243902,0.04590294137597084,0.6547368421052632,164,325.0,0.20210526315789473,False,0.07608695652173914,0.04201680672268908,0.0,,,17,person,0.2,0.5,heuristic,segformer_b2_cityscapes_mcdrop8,acdc_rain_targetcal25,6,
,-1,True,,0.7576781619464547,0.0018369050230830908,,475,,,False,,,,,,17,person,0.2,0.5,argmax,segformer_b2_cityscapes_mcdrop8,acdc_rain_targetcal25,6,0.6984615384615385
1.0,1000,False,0.0,0.0,1.0,0.9452631578947368,26,36.0,0.0,False,0.0,0.0,0.0,,,17,rider,0.05,0.1,region_crc,segformer_b2_cityscapes_mcdrop8,acdc_rain_targetcal25,2,
1.0,1000,True,0.0,0.0,1.0,0.9452631578947368,26,36.0,0.0,False,0.0,0.0,0.0,,,17,rider,0.05,0.1,heuristic,segformer_b2_cityscapes_mcdrop8,acdc_rain_targetcal25,2,
,-1,True,,0.7884615384615384,0.00023541870177723467,,475,,,False,,,,,,17,rider,0.05,0.1,argmax,segformer_b2_cityscapes_mcdrop8,acdc_rain_targetcal25,2,0.8055555555555556
1.0,1000,False,0.0,0.0,1.0,0.9452631578947368,26,36.0,0.0,False,0.0,0.0,0.0,,,17,rider,0.1,0.1,region_crc,segformer_b2_cityscapes_mcdrop8,acdc_rain_targetcal25,2,
1.0,1000,True,0.0,0.0,1.0,0.9452631578947368,26,36.0,0.0,False,0.0,0.0,0.0,,,17,rider,0.1,0.1,heuristic,segformer_b2_cityscapes_mcdrop8,acdc_rain_targetcal25,2,
,-1,True,,0.7884615384615384,0.00023541870177723467,,475,,,False,,,,,,17,rider,0.1,0.1,argmax,segformer_b2_cityscapes_mcdrop8,acdc_rain_targetcal25,2,0.8055555555555556
1.0,1000,False,0.0,0.0,1.0,0.9452631578947368,26,36.0,0.0,False,0.0,0.0,0.0,,,17,rider,0.2,0.1,region_crc,segformer_b2_cityscapes_mcdrop8,acdc_rain_targetcal25,2,
1.0,1000,True,0.0,0.0,1.0,0.9452631578947368,26,36.0,0.0,False,0.0,0.0,0.0,,,17,rider,0.2,0.1,heuristic,segformer_b2_cityscapes_mcdrop8,acdc_rain_targetcal25,2,
,-1,True,,0.7884615384615384,0.00023541870177723467,,475,,,False,,,,,,17,rider,0.2,0.1,argmax,segformer_b2_cityscapes_mcdrop8,acdc_rain_targetcal25,2,0.8055555555555556
1.0,1000,False,0.0,0.0,1.0,0.9452631578947368,26,36.0,0.0,False,0.0,0.0,0.0,,,17,rider,0.05,0.5,region_crc,segformer_b2_cityscapes_mcdrop8,acdc_rain_targetcal25,2,
1.0,1000,True,0.0,0.0,1.0,0.9452631578947368,26,36.0,0.0,False,0.0,0.0,0.0,,,17,rider,0.05,0.5,heuristic,segformer_b2_cityscapes_mcdrop8,acdc_rain_targetcal25,2,
,-1,True,,0.8461538461538461,0.00023541870177723467,,475,,,False,,,,,,17,rider,0.05,0.5,argmax,segformer_b2_cityscapes_mcdrop8,acdc_rain_targetcal25,2,0.8611111111111112
1.0,1000,False,0.0,0.0,1.0,0.9452631578947368,26,36.0,0.0,False,0.0,0.0,0.0,,,17,rider,0.1,0.5,region_crc,segformer_b2_cityscapes_mcdrop8,acdc_rain_targetcal25,2,
1.0,1000,True,0.0,0.0,1.0,0.9452631578947368,26,36.0,0.0,False,0.0,0.0,0.0,,,17,rider,0.1,0.5,heuristic,segformer_b2_cityscapes_mcdrop8,acdc_rain_targetcal25,2,
,-1,True,,0.8461538461538461,0.00023541870177723467,,475,,,False,,,,,,17,rider,0.1,0.5,argmax,segformer_b2_cityscapes_mcdrop8,acdc_rain_targetcal25,2,0.8611111111111112
1.0,1000,False,0.0,0.0,1.0,0.9452631578947368,26,36.0,0.0,False,0.0,0.0,0.0,,,17,rider,0.2,0.5,region_crc,segformer_b2_cityscapes_mcdrop8,acdc_rain_targetcal25,2,
1.0,1000,True,0.0,0.0,1.0,0.9452631578947368,26,36.0,0.0,False,0.0,0.0,0.0,,,17,rider,0.2,0.5,heuristic,segformer_b2_cityscapes_mcdrop8,acdc_rain_targetcal25,2,
,-1,True,,0.8461538461538461,0.00023541870177723467,,475,,,False,,,,,,17,rider,0.2,0.5,argmax,segformer_b2_cityscapes_mcdrop8,acdc_rain_targetcal25,2,0.8611111111111112
1.0,1000,False,0.0,0.0,1.0,0.8357894736842105,78,154.0,0.0,False,0.0,0.0,0.0,,,17,bicycle,0.05,0.1,region_crc,segformer_b2_cityscapes_mcdrop8,acdc_rain_targetcal25,5,
0.999,999,True,0.16166056166056167,0.16166056166056167,0.02806001342833042,0.8357894736842105,78,154.0,0.18315789473684208,False,0.25,0.05263157894736842,0.0,,,17,bicycle,0.05,0.1,heuristic,segformer_b2_cityscapes_mcdrop8,acdc_rain_targetcal25,5,
,-1,True,,0.7463064713064713,0.0010567210847511888,,475,,,False,,,,,,17,bicycle,0.05,0.1,argmax,segformer_b2_cityscapes_mcdrop8,acdc_rain_targetcal25,5,0.7272727272727273
1.0,1000,False,0.0,0.0,1.0,0.8357894736842105,78,154.0,0.0,False,0.0,0.0,0.0,,,17,bicycle,0.1,0.1,region_crc,segformer_b2_cityscapes_mcdrop8,acdc_rain_targetcal25,5,
0.999,999,True,0.16166056166056167,0.16166056166056167,0.02806001342833042,0.8357894736842105,78,154.0,0.18315789473684208,False,0.25,0.05263157894736842,0.0,,,17,bicycle,0.1,0.1,heuristic,segformer_b2_cityscapes_mcdrop8,acdc_rain_targetcal25,5,
,-1,True,,0.7463064713064713,0.0010567210847511888,,475,,,False,,,,,,17,bicycle,0.1,0.1,argmax,segformer_b2_cityscapes_mcdrop8,acdc_rain_targetcal25,5,0.7272727272727273
0.999,999,True,0.16166056166056167,0.16166056166056167,0.02806001342833042,0.8357894736842105,78,154.0,0.18315789473684208,False,0.25,0.05263157894736842,0.0,,,17,bicycle,0.2,0.1,region_crc,segformer_b2_cityscapes_mcdrop8,acdc_rain_targetcal25,5,
0.998,998,True,0.21336996336996336,0.2133699633699633,0.02037283219397068,0.8357894736842105,78,154.0,0.15999999999999992,False,0.32142857142857145,0.07017543859649122,0.0,,,17,bicycle,0.2,0.1,heuristic,segformer_b2_cityscapes_mcdrop8,acdc_rain_targetcal25,5,
,-1,True,,0.7463064713064713,0.0010567210847511888,,475,,,False,,,,,,17,bicycle,0.2,0.1,argmax,segformer_b2_cityscapes_mcdrop8,acdc_rain_targetcal25,5,0.7272727272727273
1.0,1000,False,0.0,0.0,1.0,0.8357894736842105,78,154.0,0.0,False,0.0,0.0,0.0,,,17,bicycle,0.05,0.5,region_crc,segformer_b2_cityscapes_mcdrop8,acdc_rain_targetcal25,5,
1.0,1000,True,0.0,0.0,1.0,0.8357894736842105,78,154.0,0.0,False,0.0,0.0,0.0,,,17,bicycle,0.05,0.5,heuristic,segformer_b2_cityscapes_mcdrop8,acdc_rain_targetcal25,5,
,-1,True,,0.7723748473748474,0.0010567210847511888,,475,,,False,,,,,,17,bicycle,0.05,0.5,argmax,segformer_b2_cityscapes_mcdrop8,acdc_rain_targetcal25,5,0.7532467532467533
1.0,1000,False,0.0,0.0,1.0,0.8357894736842105,78,154.0,0.0,False,0.0,0.0,0.0,,,17,bicycle,0.1,0.5,region_crc,segformer_b2_cityscapes_mcdrop8,acdc_rain_targetcal25,5,
1.0,1000,True,0.0,0.0,1.0,0.8357894736842105,78,154.0,0.0,False,0.0,0.0,0.0,,,17,bicycle,0.1,0.5,heuristic,segformer_b2_cityscapes_mcdrop8,acdc_rain_targetcal25,5,
,-1,True,,0.7723748473748474,0.0010567210847511888,,475,,,False,,,,,,17,bicycle,0.1,0.5,argmax,segformer_b2_cityscapes_mcdrop8,acdc_rain_targetcal25,5,0.7532467532467533
1.0,1000,True,0.0,0.0,1.0,0.8357894736842105,78,154.0,0.0,False,0.0,0.0,0.0,,,17,bicycle,0.2,0.5,region_crc,segformer_b2_cityscapes_mcdrop8,acdc_rain_targetcal25,5,
0.999,999,True,0.22191697191697193,0.22191697191697193,0.02806001342833042,0.8357894736842105,78,154.0,0.18315789473684208,False,0.30952380952380953,0.08771929824561403,0.0,,,17,bicycle,0.2,0.5,heuristic,segformer_b2_cityscapes_mcdrop8,acdc_rain_targetcal25,5,
,-1,True,,0.7723748473748474,0.0010567210847511888,,475,,,False,,,,,,17,bicycle,0.2,0.5,argmax,segformer_b2_cityscapes_mcdrop8,acdc_rain_targetcal25,5,0.7532467532467533
1.0,1000,False,0.0,0.0,1.0,0.6631578947368421,160,315.0,0.0,False,0.0,0.0,0.0,,,18,person,0.05,0.1,region_crc,segformer_b2_cityscapes_mcdrop8,acdc_rain_targetcal25,10,
0.996,996,True,0.0715625,0.0715625,0.03445809707045555,0.6631578947368421,160,315.0,0.14526315789473687,False,0.07471264367816093,0.03389830508474576,0.0,,,18,person,0.05,0.1,heuristic,segformer_b2_cityscapes_mcdrop8,acdc_rain_targetcal25,10,
,-1,True,,0.6341548382173382,0.0018398442771285772,,475,,,False,,,,,,18,person,0.05,0.1,argmax,segformer_b2_cityscapes_mcdrop8,acdc_rain_targetcal25,10,0.580952380952381
0.998,998,True,0.0484375,0.0484375,0.0463777594268322,0.6631578947368421,160,315.0,0.18105263157894746,False,0.04597701149425287,0.025423728813559324,0.0,,,18,person,0.1,0.1,region_crc,segformer_b2_cityscapes_mcdrop8,acdc_rain_targetcal25,10,
0.99,990,True,0.11361111111111111,0.11361111111111111,0.02241954207420349,0.6631578947368421,160,315.0,0.136842105263158,False,0.13218390804597702,0.05084745762711865,0.0,,,18,person,0.1,0.1,heuristic,segformer_b2_cityscapes_mcdrop8,acdc_rain_targetcal25,10,
,-1,True,,0.6341548382173382,0.0018398442771285772,,475,,,False,,,,,,18,person,0.1,0.1,argmax,segformer_b2_cityscapes_mcdrop8,acdc_rain_targetcal25,10,0.580952380952381
0.99,990,True,0.11361111111111111,0.11361111111111111,0.02241954207420349,0.6631578947368421,160,315.0,0.136842105263158,False,0.13218390804597702,0.05084745762711865,0.0,,,18,person,0.2,0.1,region_crc,segformer_b2_cityscapes_mcdrop8,acdc_rain_targetcal25,10,
0.989,989,True,0.12819444444444444,0.12819444444444444,0.02138245850801468,0.6631578947368421,160,315.0,0.13263157894736843,False,0.14942528735632185,0.05084745762711865,0.0,,,18,person,0.2,0.1,heuristic,segformer_b2_cityscapes_mcdrop8,acdc_rain_targetcal25,10,
,-1,True,,0.6341548382173382,0.0018398442771285772,,475,,,False,,,,,,18,person,0.2,0.1,argmax,segformer_b2_cityscapes_mcdrop8,acdc_rain_targetcal25,10,0.580952380952381
1.0,1000,False,0.0,0.0,1.0,0.6631578947368421,160,315.0,0.0,False,0.0,0.0,0.0,,,18,person,0.05,0.5,region_crc,segformer_b2_cityscapes_mcdrop8,acdc_rain_targetcal25,10,
0.997,997,True,0.10927083333333334,0.10927083333333334,0.03908004239201546,0.6631578947368421,160,315.0,0.16842105263157903,False,0.09770114942528736,0.09322033898305085,0.0,,,18,person,0.05,0.5,heuristic,segformer_b2_cityscapes_mcdrop8,acdc_rain_targetcal25,10,
,-1,True,,0.7609951159951159,0.0018398442771285772,,475,,,False,,,,,,18,person,0.05,0.5,argmax,segformer_b2_cityscapes_mcdrop8,acdc_rain_targetcal25,10,0.692063492063492
0.998,998,True,0.08249999999999999,0.08249999999999999,0.0463777594268322,0.6631578947368421,160,315.0,0.18105263157894746,False,0.08045977011494253,0.05084745762711865,0.0,,,18,person,0.1,0.5,region_crc,segformer_b2_cityscapes_mcdrop8,acdc_rain_targetcal25,10,
0.997,997,True,0.10927083333333334,0.10927083333333334,0.03908004239201546,0.6631578947368421,160,315.0,0.16842105263157903,False,0.09770114942528736,0.09322033898305085,0.0,,,18,person,0.1,0.5,heuristic,segformer_b2_cityscapes_mcdrop8,acdc_rain_targetcal25,10,
,-1,True,,0.7609951159951159,0.0018398442771285772,,475,,,False,,,,,,18,person,0.1,0.5,argmax,segformer_b2_cityscapes_mcdrop8,acdc_rain_targetcal25,10,0.692063492063492
0.997,997,True,0.10927083333333334,0.10927083333333334,0.03908004239201546,0.6631578947368421,160,315.0,0.16842105263157903,False,0.09770114942528736,0.09322033898305085,0.0,,,18,person,0.2,0.5,region_crc,segformer_b2_cityscapes_mcdrop8,acdc_rain_targetcal25,10,
0.997,997,True,0.10927083333333334,0.10927083333333334,0.03908004239201546,0.6631578947368421,160,315.0,0.16842105263157903,False,0.09770114942528736,0.09322033898305085,0.0,,,18,person,0.2,0.5,heuristic,segformer_b2_cityscapes_mcdrop8,acdc_rain_targetcal25,10,
,-1,True,,0.7609951159951159,0.0018398442771285772,,475,,,False,,,,,,18,person,0.2,0.5,argmax,segformer_b2_cityscapes_mcdrop8,acdc_rain_targetcal25,10,0.692063492063492
1.0,1000,False,0.0,0.0,1.0,0.9431578947368421,27,37.0,0.0,False,0.0,0.0,0.0,,,18,rider,0.05,0.1,region_crc,segformer_b2_cityscapes_mcdrop8,acdc_rain_targetcal25,1,
0.991,991,True,0.5555555555555556,0.5555555555555556,0.0033387881703674793,0.9431578947368421,27,37.0,0.1852631578947368,False,0.7307692307692307,0.16666666666666666,0.0,,,18,rider,0.05,0.1,heuristic,segformer_b2_cityscapes_mcdrop8,acdc_rain_targetcal25,1,
,-1,True,,0.7962962962962963,0.0002504081348888576,,475,,,False,,,,,,18,rider,0.05,0.1,argmax,segformer_b2_cityscapes_mcdrop8,acdc_rain_targetcal25,1,0.8108108108108109
1.0,1000,False,0.0,0.0,1.0,0.9431578947368421,27,37.0,0.0,False,0.0,0.0,0.0,,,18,rider,0.1,0.1,region_crc,segformer_b2_cityscapes_mcdrop8,acdc_rain_targetcal25,1,
0.991,991,True,0.5555555555555556,0.5555555555555556,0.0033387881703674793,0.9431578947368421,27,37.0,0.1852631578947368,False,0.7307692307692307,0.16666666666666666,0.0,,,18,rider,0.1,0.1,heuristic,segformer_b2_cityscapes_mcdrop8,acdc_rain_targetcal25,1,
,-1,True,,0.7962962962962963,0.0002504081348888576,,475,,,False,,,,,,18,rider,0.1,0.1,argmax,segformer_b2_cityscapes_mcdrop8,acdc_rain_targetcal25,1,0.8108108108108109
1.0,1000,False,0.0,0.0,1.0,0.9431578947368421,27,37.0,0.0,False,0.0,0.0,0.0,,,18,rider,0.2,0.1,region_crc,segformer_b2_cityscapes_mcdrop8,acdc_rain_targetcal25,1,
0.991,991,True,0.5555555555555556,0.5555555555555556,0.0033387881703674793,0.9431578947368421,27,37.0,0.1852631578947368,False,0.7307692307692307,0.16666666666666666,0.0,,,18,rider,0.2,0.1,heuristic,segformer_b2_cityscapes_mcdrop8,acdc_rain_targetcal25,1,
,-1,True,,0.7962962962962963,0.0002504081348888576,,475,,,False,,,,,,18,rider,0.2,0.1,argmax,segformer_b2_cityscapes_mcdrop8,acdc_rain_targetcal25,1,0.8108108108108109
1.0,1000,False,0.0,0.0,1.0,0.9431578947368421,27,37.0,0.0,False,0.0,0.0,0.0,,,18,rider,0.05,0.5,region_crc,segformer_b2_cityscapes_mcdrop8,acdc_rain_targetcal25,1,
0.997,997,True,0.5740740740740741,0.5740740740740741,0.006080580409616232,0.9431578947368421,27,37.0,0.13263157894736843,False,0.6923076923076923,0.16666666666666666,0.2,,,18,rider,0.05,0.5,heuristic,segformer_b2_cityscapes_mcdrop8,acdc_rain_targetcal25,1,
,-1,True,,0.8518518518518519,0.0002504081348888576,,475,,,False,,,,,,18,rider,0.05,0.5,argmax,segformer_b2_cityscapes_mcdrop8,acdc_rain_targetcal25,1,0.8648648648648649
1.0,1000,False,0.0,0.0,1.0,0.9431578947368421,27,37.0,0.0,False,0.0,0.0,0.0,,,18,rider,0.1,0.5,region_crc,segformer_b2_cityscapes_mcdrop8,acdc_rain_targetcal25,1,
0.997,997,True,0.5740740740740741,0.5740740740740741,0.006080580409616232,0.9431578947368421,27,37.0,0.13263157894736843,False,0.6923076923076923,0.16666666666666666,0.2,,,18,rider,0.1,0.5,heuristic,segformer_b2_cityscapes_mcdrop8,acdc_rain_targetcal25,1,
,-1,True,,0.8518518518518519,0.0002504081348888576,,475,,,False,,,,,,18,rider,0.1,0.5,argmax,segformer_b2_cityscapes_mcdrop8,acdc_rain_targetcal25,1,0.8648648648648649
1.0,1000,False,0.0,0.0,1.0,0.9431578947368421,27,37.0,0.0,False,0.0,0.0,0.0,,,18,rider,0.2,0.5,region_crc,segformer_b2_cityscapes_mcdrop8,acdc_rain_targetcal25,1,
0.997,997,True,0.5740740740740741,0.5740740740740741,0.006080580409616232,0.9431578947368421,27,37.0,0.13263157894736843,False,0.6923076923076923,0.16666666666666666,0.2,,,18,rider,0.2,0.5,heuristic,segformer_b2_cityscapes_mcdrop8,acdc_rain_targetcal25,1,
,-1,True,,0.8518518518518519,0.0002504081348888576,,475,,,False,,,,,,18,rider,0.2,0.5,argmax,segformer_b2_cityscapes_mcdrop8,acdc_rain_targetcal25,1,0.8648648648648649
1.0,1000,False,0.0,0.0,1.0,0.8336842105263158,79,151.0,0.0,False,0.0,0.0,0.0,,,18,bicycle,0.05,0.1,region_crc,segformer_b2_cityscapes_mcdrop8,acdc_rain_targetcal25,4,
1.0,1000,True,0.0,0.0,1.0,0.8336842105263158,79,151.0,0.0,False,0.0,0.0,0.0,,,18,bicycle,0.05,0.1,heuristic,segformer_b2_cityscapes_mcdrop8,acdc_rain_targetcal25,4,
,-1,True,,0.7463532248342375,0.0009870502399280667,,475,,,False,,,,,,18,bicycle,0.05,0.1,argmax,segformer_b2_cityscapes_mcdrop8,acdc_rain_targetcal25,4,0.7350993377483444
1.0,1000,False,0.0,0.0,1.0,0.8336842105263158,79,151.0,0.0,False,0.0,0.0,0.0,,,18,bicycle,0.1,0.1,region_crc,segformer_b2_cityscapes_mcdrop8,acdc_rain_targetcal25,4,
1.0,1000,True,0.0,0.0,1.0,0.8336842105263158,79,151.0,0.0,False,0.0,0.0,0.0,,,18,bicycle,0.1,0.1,heuristic,segformer_b2_cityscapes_mcdrop8,acdc_rain_targetcal25,4,
,-1,True,,0.7463532248342375,0.0009870502399280667,,475,,,False,,,,,,18,bicycle,0.1,0.1,argmax,segformer_b2_cityscapes_mcdrop8,acdc_rain_targetcal25,4,0.7350993377483444
1.0,1000,True,0.0,0.0,1.0,0.8336842105263158,79,151.0,0.0,False,0.0,0.0,0.0,,,18,bicycle,0.2,0.1,region_crc,segformer_b2_cityscapes_mcdrop8,acdc_rain_targetcal25,4,
1.0,1000,True,0.0,0.0,1.0,0.8336842105263158,79,151.0,0.0,False,0.0,0.0,0.0,,,18,bicycle,0.2,0.1,heuristic,segformer_b2_cityscapes_mcdrop8,acdc_rain_targetcal25,4,
,-1,True,,0.7463532248342375,0.0009870502399280667,,475,,,False,,,,,,18,bicycle,0.2,0.1,argmax,segformer_b2_cityscapes_mcdrop8,acdc_rain_targetcal25,4,0.7350993377483444
1.0,1000,False,0.0,0.0,1.0,0.8336842105263158,79,151.0,0.0,False,0.0,0.0,0.0,,,18,bicycle,0.05,0.5,region_crc,segformer_b2_cityscapes_mcdrop8,acdc_rain_targetcal25,4,
1.0,1000,True,0.0,0.0,1.0,0.8336842105263158,79,151.0,0.0,False,0.0,0.0,0.0,,,18,bicycle,0.05,0.5,heuristic,segformer_b2_cityscapes_mcdrop8,acdc_rain_targetcal25,4,
,-1,True,,0.77209162145871,0.0009870502399280667,,475,,,False,,,,,,18,bicycle,0.05,0.5,argmax,segformer_b2_cityscapes_mcdrop8,acdc_rain_targetcal25,4,0.7615894039735099
1.0,1000,False,0.0,0.0,1.0,0.8336842105263158,79,151.0,0.0,False,0.0,0.0,0.0,,,18,bicycle,0.1,0.5,region_crc,segformer_b2_cityscapes_mcdrop8,acdc_rain_targetcal25,4,
1.0,1000,True,0.0,0.0,1.0,0.8336842105263158,79,151.0,0.0,False,0.0,0.0,0.0,,,18,bicycle,0.1,0.5,heuristic,segformer_b2_cityscapes_mcdrop8,acdc_rain_targetcal25,4,
,-1,True,,0.77209162145871,0.0009870502399280667,,475,,,False,,,,,,18,bicycle,0.1,0.5,argmax,segformer_b2_cityscapes_mcdrop8,acdc_rain_targetcal25,4,0.7615894039735099
1.0,1000,True,0.0,0.0,1.0,0.8336842105263158,79,151.0,0.0,False,0.0,0.0,0.0,,,18,bicycle,0.2,0.5,region_crc,segformer_b2_cityscapes_mcdrop8,acdc_rain_targetcal25,4,
1.0,1000,True,0.0,0.0,1.0,0.8336842105263158,79,151.0,0.0,False,0.0,0.0,0.0,,,18,bicycle,0.2,0.5,heuristic,segformer_b2_cityscapes_mcdrop8,acdc_rain_targetcal25,4,
,-1,True,,0.77209162145871,0.0009870502399280667,,475,,,False,,,,,,18,bicycle,0.2,0.5,argmax,segformer_b2_cityscapes_mcdrop8,acdc_rain_targetcal25,4,0.7615894039735099
1.0,1000,False,0.0,0.0,1.0,0.6610526315789473,161,315.0,0.0,False,0.0,0.0,0.0,,,19,person,0.05,0.1,region_crc,segformer_b2_cityscapes_mcdrop8,acdc_rain_targetcal25,9,
0.994,994,True,0.07650103519668737,0.07650103519668737,0.028470603749155998,0.6610526315789473,161,315.0,0.14105263157894732,False,0.08743169398907104,0.03636363636363636,0.0,,,19,person,0.05,0.1,heuristic,segformer_b2_cityscapes_mcdrop8,acdc_rain_targetcal25,9,
,-1,True,,0.6253357753357753,0.0018544701160863042,,475,,,False,,,,,,19,person,0.05,0.1,argmax,segformer_b2_cityscapes_mcdrop8,acdc_rain_targetcal25,9,0.5841269841269842
0.994,994,True,0.07650103519668737,0.07650103519668737,0.028470603749155998,0.6610526315789473,161,315.0,0.14105263157894732,False,0.08743169398907104,0.03636363636363636,0.0,,,19,person,0.1,0.1,region_crc,segformer_b2_cityscapes_mcdrop8,acdc_rain_targetcal25,9,
0.993,993,True,0.08426501035196687,0.08426501035196687,0.026465967297554016,0.6610526315789473,161,315.0,0.15157894736842104,False,0.09289617486338798,0.045454545454545456,0.0,,,19,person,0.1,0.1,heuristic,segformer_b2_cityscapes_mcdrop8,acdc_rain_targetcal25,9,
,-1,True,,0.6253357753357753,0.0018544701160863042,,475,,,False,,,,,,19,person,0.1,0.1,argmax,segformer_b2_cityscapes_mcdrop8,acdc_rain_targetcal25,9,0.5841269841269842
0.993,993,True,0.08426501035196687,0.08426501035196687,0.026465967297554016,0.6610526315789473,161,315.0,0.15157894736842104,False,0.09289617486338798,0.045454545454545456,0.0,,,19,person,0.2,0.1,region_crc,segformer_b2_cityscapes_mcdrop8,acdc_rain_targetcal25,9,
0.985,985,True,0.16155969634230502,0.16155969634230502,0.01812494918704033,15.850526315789473,161,315.0,0.14105263157894732,False,0.19672131147540983,0.07272727272727272,0.0,,,19,person,0.2,0.1,heuristic,segformer_b2_cityscapes_mcdrop8,acdc_rain_targetcal25,9,
,-1,True,,0.6253357753357753,0.0018544701160863042,,475,,,False,,,,,,19,person,0.2,0.1,argmax,segformer_b2_cityscapes_mcdrop8,acdc_rain_targetcal25,9,0.5841269841269842
1.0,1000,False,0.0,0.0,1.0,0.6610526315789473,161,315.0,0.0,False,0.0,0.0,0.0,,,19,person,0.05,0.5,region_crc,segformer_b2_cityscapes_mcdrop8,acdc_rain_targetcal25,9,
0.998,998,True,0.08198757763975155,0.08198757763975155,0.046180129051208496,0.6610526315789473,161,315.0,0.11789473684210527,False,0.07650273224043716,0.05454545454545454,0.0,,,19,person,0.05,0.5,heuristic,segformer_b2_cityscapes_mcdrop8,acdc_rain_targetcal25,9,
,-1,True,,0.7544938153633806,0.0018544701160863042,,475,,,False,,,,,,19,person,0.05,0.5,argmax,segformer_b2_cityscapes_mcdrop8,acdc_rain_targetcal25,9,0.6984126984126984
0.998,998,True,0.08198757763975155,0.08198757763975155,0.046180129051208496,0.6610526315789473,161,315.0,0.11789473684210527,False,0.07650273224043716,0.05454545454545454,0.0,,,19,person,0.1,0.5,region_crc,segformer_b2_cityscapes_mcdrop8,acdc_rain_targetcal25,9,
0.998,998,True,0.08198757763975155,0.08198757763975155,0.046180129051208496,0.6610526315789473,161,315.0,0.11789473684210527,False,0.07650273224043716,0.05454545454545454,0.0,,,19,person,0.1,0.5,heuristic,segformer_b2_cityscapes_mcdrop8,acdc_rain_targetcal25,9,
,-1,True,,0.7544938153633806,0.0018544701160863042,,475,,,False,,,,,,19,person,0.1,0.5,argmax,segformer_b2_cityscapes_mcdrop8,acdc_rain_targetcal25,9,0.6984126984126984
0.998,998,True,0.08198757763975155,0.08198757763975155,0.046180129051208496,0.6610526315789473,161,315.0,0.11789473684210527,False,0.07650273224043716,0.05454545454545454,0.0,,,19,person,0.2,0.5,region_crc,segformer_b2_cityscapes_mcdrop8,acdc_rain_targetcal25,9,
0.998,998,True,0.08198757763975155,0.08198757763975155,0.046180129051208496,0.6610526315789473,161,315.0,0.11789473684210527,False,0.07650273224043716,0.05454545454545454,0.0,,,19,person,0.2,0.5,heuristic,segformer_b2_cityscapes_mcdrop8,acdc_rain_targetcal25,9,
,-1,True,,0.7544938153633806,0.0018544701160863042,,475,,,False,,,,,,19,person,0.2,0.5,argmax,segformer_b2_cityscapes_mcdrop8,acdc_rain_targetcal25,9,0.6984126984126984
1.0,1000,False,0.0,0.0,1.0,0.9431578947368421,27,36.0,0.0,False,0.0,0.0,0.0,,,19,rider,0.05,0.1,region_crc,segformer_b2_cityscapes_mcdrop8,acdc_rain_targetcal25,1,
0.27,270,True,0.9074074074074074,0.9074074074074074,5.841355596203357e-05,0.023157894736842106,27,36.0,0.040000000000000036,False,1.0,1.0,0.25,,,19,rider,0.05,0.1,heuristic,segformer_b2_cityscapes_mcdrop8,acdc_rain_targetcal25,1,
,-1,True,,0.8333333333333334,0.00020536365627776831,,475,,,False,,,,,,19,rider,0.05,0.1,argmax,segformer_b2_cityscapes_mcdrop8,acdc_rain_targetcal25,1,0.8611111111111112
1.0,1000,False,0.0,0.0,1.0,0.9431578947368421,27,36.0,0.0,False,0.0,0.0,0.0,,,19,rider,0.1,0.1,region_crc,segformer_b2_cityscapes_mcdrop8,acdc_rain_targetcal25,1,
0.27,270,True,0.9074074074074074,0.9074074074074074,5.841355596203357e-05,0.023157894736842106,27,36.0,0.040000000000000036,False,1.0,1.0,0.25,,,19,rider,0.1,0.1,heuristic,segformer_b2_cityscapes_mcdrop8,acdc_rain_targetcal25,1,
,-1,True,,0.8333333333333334,0.00020536365627776831,,475,,,False,,,,,,19,rider,0.1,0.1,argmax,segformer_b2_cityscapes_mcdrop8,acdc_rain_targetcal25,1,0.8611111111111112
1.0,1000,False,0.0,0.0,1.0,0.9431578947368421,27,36.0,0.0,False,0.0,0.0,0.0,,,19,rider,0.2,0.1,region_crc,segformer_b2_cityscapes_mcdrop8,acdc_rain_targetcal25,1,
0.27,270,True,0.9074074074074074,0.9074074074074074,5.841355596203357e-05,0.023157894736842106,27,36.0,0.040000000000000036,False,1.0,1.0,0.25,,,19,rider,0.2,0.1,heuristic,segformer_b2_cityscapes_mcdrop8,acdc_rain_targetcal25,1,
,-1,True,,0.8333333333333334,0.00020536365627776831,,475,,,False,,,,,,19,rider,0.2,0.1,argmax,segformer_b2_cityscapes_mcdrop8,acdc_rain_targetcal25,1,0.8611111111111112
1.0,1000,False,0.0,0.0,1.0,0.9431578947368421,27,36.0,0.0,False,0.0,0.0,0.0,,,19,rider,0.05,0.5,region_crc,segformer_b2_cityscapes_mcdrop8,acdc_rain_targetcal25,1,
0.627,627,True,0.8703703703703703,0.8703703703703703,0.00020146997121628374,0.13263157894736843,27,36.0,0.09052631578947368,False,1.0,0.8,0.25,,,19,rider,0.05,0.5,heuristic,segformer_b2_cityscapes_mcdrop8,acdc_rain_targetcal25,1,
,-1,True,,0.8703703703703703,0.00020536365627776831,,475,,,False,,,,,,19,rider,0.05,0.5,argmax,segformer_b2_cityscapes_mcdrop8,acdc_rain_targetcal25,1,0.8888888888888888
1.0,1000,False,0.0,0.0,1.0,0.9431578947368421,27,36.0,0.0,False,0.0,0.0,0.0,,,19,rider,0.1,0.5,region_crc,segformer_b2_cityscapes_mcdrop8,acdc_rain_targetcal25,1,
0.627,627,True,0.8703703703703703,0.8703703703703703,0.00020146997121628374,0.13263157894736843,27,36.0,0.09052631578947368,False,1.0,0.8,0.25,,,19,rider,0.1,0.5,heuristic,segformer_b2_cityscapes_mcdrop8,acdc_rain_targetcal25,1,
,-1,True,,0.8703703703703703,0.00020536365627776831,,475,,,False,,,,,,19,rider,0.1,0.5,argmax,segformer_b2_cityscapes_mcdrop8,acdc_rain_targetcal25,1,0.8888888888888888
1.0,1000,False,0.0,0.0,1.0,0.9431578947368421,27,36.0,0.0,False,0.0,0.0,0.0,,,19,rider,0.2,0.5,region_crc,segformer_b2_cityscapes_mcdrop8,acdc_rain_targetcal25,1,
0.627,627,True,0.8703703703703703,0.8703703703703703,0.00020146997121628374,0.13263157894736843,27,36.0,0.09052631578947368,False,1.0,0.8,0.25,,,19,rider,0.2,0.5,heuristic,segformer_b2_cityscapes_mcdrop8,acdc_rain_targetcal25,1,
,-1,True,,0.8703703703703703,0.00020536365627776831,,475,,,False,,,,,,19,rider,0.2,0.5,argmax,segformer_b2_cityscapes_mcdrop8,acdc_rain_targetcal25,1,0.8888888888888888
1.0,1000,False,0.0,0.0,1.0,0.8336842105263158,79,151.0,0.0,False,0.0,0.0,0.0,,,19,bicycle,0.05,0.1,region_crc,segformer_b2_cityscapes_mcdrop8,acdc_rain_targetcal25,4,
0.842,842,True,0.674291742013261,0.674291742013261,0.0018322342075407505,1.2252631578947368,79,151.0,0.23368421052631572,False,0.7951807228915663,0.5263157894736842,0.0,,,19,bicycle,0.05,0.1,heuristic,segformer_b2_cityscapes_mcdrop8,acdc_rain_targetcal25,4,
,-1,True,,0.7697709463532248,0.0010448647662997246,,475,,,False,,,,,,19,bicycle,0.05,0.1,argmax,segformer_b2_cityscapes_mcdrop8,acdc_rain_targetcal25,4,0.7483443708609272
1.0,1000,False,0.0,0.0,1.0,0.8336842105263158,79,151.0,0.0,False,0.0,0.0,0.0,,,19,bicycle,0.1,0.1,region_crc,segformer_b2_cityscapes_mcdrop8,acdc_rain_targetcal25,4,
0.841,841,True,0.674291742013261,0.674291742013261,0.001824708771891892,1.2252631578947368,79,151.0,0.23368421052631572,False,0.7951807228915663,0.5263157894736842,0.0,,,19,bicycle,0.1,0.1,heuristic,segformer_b2_cityscapes_mcdrop8,acdc_rain_targetcal25,4,
,-1,True,,0.7697709463532248,0.0010448647662997246,,475,,,False,,,,,,19,bicycle,0.1,0.1,argmax,segformer_b2_cityscapes_mcdrop8,acdc_rain_targetcal25,4,0.7483443708609272
0.855,855,True,0.674291742013261,0.674291742013261,0.001937778783030808,1.2252631578947368,79,151.0,0.22105263157894728,False,0.7951807228915663,0.5263157894736842,0.0,,,19,bicycle,0.2,0.1,region_crc,segformer_b2_cityscapes_mcdrop8,acdc_rain_targetcal25,4,
0.841,841,True,0.674291742013261,0.674291742013261,0.001824708771891892,1.2252631578947368,79,151.0,0.23368421052631572,False,0.7951807228915663,0.5263157894736842,0.0,,,19,bicycle,0.2,0.1,heuristic,segformer_b2_cityscapes_mcdrop8,acdc_rain_targetcal25,4,
,-1,True,,0.7697709463532248,0.0010448647662997246,,475,,,False,,,,,,19,bicycle,0.2,0.1,argmax,segformer_b2_cityscapes_mcdrop8,acdc_rain_targetcal25,4,0.7483443708609272
1.0,1000,False,0.0,0.0,1.0,0.8336842105263158,79,151.0,0.0,False,0.0,0.0,0.0,,,19,bicycle,0.05,0.5,region_crc,segformer_b2_cityscapes_mcdrop8,acdc_rain_targetcal25,4,
0.928,928,True,0.6489752863170585,0.6489752863170584,0.0029887049458920956,2.5957894736842104,79,151.0,0.1936842105263158,False,0.7469879518072289,0.5263157894736842,0.0,,,19,bicycle,0.05,0.5,heuristic,segformer_b2_cityscapes_mcdrop8,acdc_rain_targetcal25,4,
,-1,True,,0.7929776974080772,0.0010448647662997246,,475,,,False,,,,,,19,bicycle,0.05,0.5,argmax,segformer_b2_cityscapes_mcdrop8,acdc_rain_targetcal25,4,0.7682119205298014
1.0,1000,False,0.0,0.0,1.0,0.8336842105263158,79,151.0,0.0,False,0.0,0.0,0.0,,,19,bicycle,0.1,0.5,region_crc,segformer_b2_cityscapes_mcdrop8,acdc_rain_targetcal25,4,
0.928,928,True,0.6489752863170585,0.6489752863170584,0.0029887049458920956,2.5957894736842104,79,151.0,0.1936842105263158,False,0.7469879518072289,0.5263157894736842,0.0,,,19,bicycle,0.1,0.5,heuristic,segformer_b2_cityscapes_mcdrop8,acdc_rain_targetcal25,4,
,-1,True,,0.7929776974080772,0.0010448647662997246,,475,,,False,,,,,,19,bicycle,0.1,0.5,argmax,segformer_b2_cityscapes_mcdrop8,acdc_rain_targetcal25,4,0.7682119205298014
0.928,928,True,0.6489752863170585,0.6489752863170584,0.0029887049458920956,2.5957894736842104,79,151.0,0.1936842105263158,False,0.7469879518072289,0.5263157894736842,0.0,,,19,bicycle,0.2,0.5,region_crc,segformer_b2_cityscapes_mcdrop8,acdc_rain_targetcal25,4,
0.928,928,True,0.6489752863170585,0.6489752863170584,0.0029887049458920956,2.5957894736842104,79,151.0,0.1936842105263158,False,0.7469879518072289,0.5263157894736842,0.0,,,19,bicycle,0.2,0.5,heuristic,segformer_b2_cityscapes_mcdrop8,acdc_rain_targetcal25,4,
,-1,True,,0.7929776974080772,0.0010448647662997246,,475,,,False,,,,,,19,bicycle,0.2,0.5,argmax,segformer_b2_cityscapes_mcdrop8,acdc_rain_targetcal25,4,0.7682119205298014
1.0,1000,False,0.0,0.0,1.0,0.6631578947368421,160,316.0,0.0,False,0.0,0.0,0.0,,,20,person,0.05,0.1,region_crc,segformer_b2_cityscapes_mcdrop8,acdc_rain_targetcal25,10,
0.99,990,True,0.11934027777777775,0.11934027777777775,0.022178104147315025,0.6631578947368421,160,316.0,0.13894736842105265,False,0.14606741573033707,0.05217391304347826,0.0,,,20,person,0.05,0.1,heuristic,segformer_b2_cityscapes_mcdrop8,acdc_rain_targetcal25,10,
,-1,True,,0.6393631715506716,0.0017949407920241356,,475,,,False,,,,,,20,person,0.05,0.1,argmax,segformer_b2_cityscapes_mcdrop8,acdc_rain_targetcal25,10,0.5917721518987342
0.99,990,True,0.11934027777777775,0.11934027777777775,0.022178104147315025,0.6631578947368421,160,316.0,0.13894736842105265,False,0.14606741573033707,0.05217391304347826,0.0,,,20,person,0.1,0.1,region_crc,segformer_b2_cityscapes_mcdrop8,acdc_rain_targetcal25,10,
0.987,987,True,0.1479861111111111,0.1479861111111111,0.01942683570086956,15.82736842105263,160,316.0,0.13473684210526315,False,0.16853932584269662,0.0782608695652174,0.0,,,20,person,0.1,0.1,heuristic,segformer_b2_cityscapes_mcdrop8,acdc_rain_targetcal25,10,
,-1,True,,0.6393631715506716,0.0017949407920241356,,475,,,False,,,,,,20,person,0.1,0.1,argmax,segformer_b2_cityscapes_mcdrop8,acdc_rain_targetcal25,10,0.5917721518987342
0.987,987,True,0.1479861111111111,0.1479861111111111,0.01942683570086956,15.82736842105263,160,316.0,0.13473684210526315,False,0.16853932584269662,0.0782608695652174,0.0,,,20,person,0.2,0.1,region_crc,segformer_b2_cityscapes_mcdrop8,acdc_rain_targetcal25,10,
0.973,973,True,0.2334222374847375,0.2334222374847375,0.013059563934803009,15.82736842105263,160,316.0,0.1242105263157895,False,0.28651685393258425,0.10434782608695652,0.0,,,20,person,0.2,0.1,heuristic,segformer_b2_cityscapes_mcdrop8,acdc_rain_targetcal25,10,
,-1,True,,0.6393631715506716,0.0017949407920241356,,475,,,False,,,,,,20,person,0.2,0.1,argmax,segformer_b2_cityscapes_mcdrop8,acdc_rain_targetcal25,10,0.5917721518987342
1.0,1000,False,0.0,0.0,1.0,0.6631578947368421,160,316.0,0.0,False,0.0,0.0,0.0,,,20,person,0.05,0.5,region_crc,segformer_b2_cityscapes_mcdrop8,acdc_rain_targetcal25,10,
0.993,993,True,0.1789236111111111,0.1789236111111111,0.026386011391878128,0.6631578947368421,160,316.0,0.13894736842105265,False,0.19662921348314608,0.11304347826086956,0.0,,,20,person,0.05,0.5,heuristic,segformer_b2_cityscapes_mcdrop8,acdc_rain_targetcal25,10,
,-1,True,,0.7547451159951161,0.0017949407920241356,,475,,,False,,,,,,20,person,0.05,0.5,argmax,segformer_b2_cityscapes_mcdrop8,acdc_rain_targetcal25,10,0.6930379746835443
0.993,993,True,0.1789236111111111,0.1789236111111111,0.026386011391878128,0.6631578947368421,160,316.0,0.13894736842105265,False,0.19662921348314608,0.11304347826086956,0.0,,,20,person,0.1,0.5,region_crc,segformer_b2_cityscapes_mcdrop8,acdc_rain_targetcal25,10,
0.991,991,True,0.21742521367521367,0.21742521367521367,0.023369383066892624,0.6631578947368421,160,316.0,0.13473684210526315,False,0.23595505617977527,0.13043478260869565,0.0,,,20,person,0.1,0.5,heuristic,segformer_b2_cityscapes_mcdrop8,acdc_rain_targetcal25,10,
,-1,True,,0.7547451159951161,0.0017949407920241356,,475,,,False,,,,,,20,person,0.1,0.5,argmax,segformer_b2_cityscapes_mcdrop8,acdc_rain_targetcal25,10,0.6930379746835443
0.991,991,True,0.21742521367521367,0.21742521367521367,0.023369383066892624,0.6631578947368421,160,316.0,0.13473684210526315,False,0.23595505617977527,0.13043478260869565,0.0,,,20,person,0.2,0.5,region_crc,segformer_b2_cityscapes_mcdrop8,acdc_rain_targetcal25,10,
0.986,986,True,0.2618643162393163,0.2618643162393162,0.018692879006266594,15.82736842105263,160,316.0,0.13473684210526315,False,0.30337078651685395,0.1391304347826087,0.0,,,20,person,0.2,0.5,heuristic,segformer_b2_cityscapes_mcdrop8,acdc_rain_targetcal25,10,
,-1,True,,0.7547451159951161,0.0017949407920241356,,475,,,False,,,,,,20,person,0.2,0.5,argmax,segformer_b2_cityscapes_mcdrop8,acdc_rain_targetcal25,10,0.6930379746835443
1.0,1000,False,0.0,0.0,1.0,0.9431578947368421,27,37.0,0.0,False,0.0,0.0,0.0,,,20,rider,0.05,0.1,region_crc,segformer_b2_cityscapes_mcdrop8,acdc_rain_targetcal25,1,
1.0,1000,True,0.0,0.0,1.0,0.9431578947368421,27,37.0,0.0,False,0.0,0.0,0.0,,,20,rider,0.05,0.1,heuristic,segformer_b2_cityscapes_mcdrop8,acdc_rain_targetcal25,1,
,-1,True,,0.7962962962962963,0.0002493583597242832,,475,,,False,,,,,,20,rider,0.05,0.1,argmax,segformer_b2_cityscapes_mcdrop8,acdc_rain_targetcal25,1,0.8108108108108109
1.0,1000,False,0.0,0.0,1.0,0.9431578947368421,27,37.0,0.0,False,0.0,0.0,0.0,,,20,rider,0.1,0.1,region_crc,segformer_b2_cityscapes_mcdrop8,acdc_rain_targetcal25,1,
1.0,1000,True,0.0,0.0,1.0,0.9431578947368421,27,37.0,0.0,False,0.0,0.0,0.0,,,20,rider,0.1,0.1,heuristic,segformer_b2_cityscapes_mcdrop8,acdc_rain_targetcal25,1,
,-1,True,,0.7962962962962963,0.0002493583597242832,,475,,,False,,,,,,20,rider,0.1,0.1,argmax,segformer_b2_cityscapes_mcdrop8,acdc_rain_targetcal25,1,0.8108108108108109
1.0,1000,False,0.0,0.0,1.0,0.9431578947368421,27,37.0,0.0,False,0.0,0.0,0.0,,,20,rider,0.2,0.1,region_crc,segformer_b2_cityscapes_mcdrop8,acdc_rain_targetcal25,1,
1.0,1000,True,0.0,0.0,1.0,0.9431578947368421,27,37.0,0.0,False,0.0,0.0,0.0,,,20,rider,0.2,0.1,heuristic,segformer_b2_cityscapes_mcdrop8,acdc_rain_targetcal25,1,
,-1,True,,0.7962962962962963,0.0002493583597242832,,475,,,False,,,,,,20,rider,0.2,0.1,argmax,segformer_b2_cityscapes_mcdrop8,acdc_rain_targetcal25,1,0.8108108108108109
1.0,1000,False,0.0,0.0,1.0,0.9431578947368421,27,37.0,0.0,False,0.0,0.0,0.0,,,20,rider,0.05,0.5,region_crc,segformer_b2_cityscapes_mcdrop8,acdc_rain_targetcal25,1,
1.0,1000,True,0.0,0.0,1.0,0.9431578947368421,27,37.0,0.0,False,0.0,0.0,0.0,,,20,rider,0.05,0.5,heuristic,segformer_b2_cityscapes_mcdrop8,acdc_rain_targetcal25,1,
,-1,True,,0.8518518518518519,0.0002493583597242832,,475,,,False,,,,,,20,rider,0.05,0.5,argmax,segformer_b2_cityscapes_mcdrop8,acdc_rain_targetcal25,1,0.8648648648648649
1.0,1000,False,0.0,0.0,1.0,0.9431578947368421,27,37.0,0.0,False,0.0,0.0,0.0,,,20,rider,0.1,0.5,region_crc,segformer_b2_cityscapes_mcdrop8,acdc_rain_targetcal25,1,
1.0,1000,True,0.0,0.0,1.0,0.9431578947368421,27,37.0,0.0,False,0.0,0.0,0.0,,,20,rider,0.1,0.5,heuristic,segformer_b2_cityscapes_mcdrop8,acdc_rain_targetcal25,1,
,-1,True,,0.8518518518518519,0.0002493583597242832,,475,,,False,,,,,,20,rider,0.1,0.5,argmax,segformer_b2_cityscapes_mcdrop8,acdc_rain_targetcal25,1,0.8648648648648649
1.0,1000,False,0.0,0.0,1.0,0.9431578947368421,27,37.0,0.0,False,0.0,0.0,0.0,,,20,rider,0.2,0.5,region_crc,segformer_b2_cityscapes_mcdrop8,acdc_rain_targetcal25,1,
1.0,1000,True,0.0,0.0,1.0,0.9431578947368421,27,37.0,0.0,False,0.0,0.0,0.0,,,20,rider,0.2,0.5,heuristic,segformer_b2_cityscapes_mcdrop8,acdc_rain_targetcal25,1,
,-1,True,,0.8518518518518519,0.0002493583597242832,,475,,,False,,,,,,20,rider,0.2,0.5,argmax,segformer_b2_cityscapes_mcdrop8,acdc_rain_targetcal25,1,0.8648648648648649
1.0,1000,False,0.0,0.0,1.0,0.8378947368421052,77,142.0,0.0,False,0.0,0.0,0.0,,,20,bicycle,0.05,0.1,region_crc,segformer_b2_cityscapes_mcdrop8,acdc_rain_targetcal25,6,
1.0,1000,True,0.0,0.0,1.0,0.8378947368421052,77,142.0,0.0,False,0.0,0.0,0.0,,,20,bicycle,0.05,0.1,heuristic,segformer_b2_cityscapes_mcdrop8,acdc_rain_targetcal25,6,
,-1,True,,0.7430117501546073,0.0010070347925648093,,475,,,False,,,,,,20,bicycle,0.05,0.1,argmax,segformer_b2_cityscapes_mcdrop8,acdc_rain_targetcal25,6,0.704225352112676
1.0,1000,False,0.0,0.0,1.0,0.8378947368421052,77,142.0,0.0,False,0.0,0.0,0.0,,,20,bicycle,0.1,0.1,region_crc,segformer_b2_cityscapes_mcdrop8,acdc_rain_targetcal25,6,
1.0,1000,True,0.0,0.0,1.0,0.8378947368421052,77,142.0,0.0,False,0.0,0.0,0.0,,,20,bicycle,0.1,0.1,heuristic,segformer_b2_cityscapes_mcdrop8,acdc_rain_targetcal25,6,
,-1,True,,0.7430117501546073,0.0010070347925648093,,475,,,False,,,,,,20,bicycle,0.1,0.1,argmax,segformer_b2_cityscapes_mcdrop8,acdc_rain_targetcal25,6,0.704225352112676
1.0,1000,True,0.0,0.0,1.0,0.8378947368421052,77,142.0,0.0,False,0.0,0.0,0.0,,,20,bicycle,0.2,0.1,region_crc,segformer_b2_cityscapes_mcdrop8,acdc_rain_targetcal25,6,
0.996,996,True,0.27804576376004947,0.27804576376004947,0.014353422448039055,0.8378947368421052,77,142.0,0.2084210526315789,False,0.4230769230769231,0.12,0.0,,,20,bicycle,0.2,0.1,heuristic,segformer_b2_cityscapes_mcdrop8,acdc_rain_targetcal25,6,
,-1,True,,0.7430117501546073,0.0010070347925648093,,475,,,False,,,,,,20,bicycle,0.2,0.1,argmax,segformer_b2_cityscapes_mcdrop8,acdc_rain_targetcal25,6,0.704225352112676
1.0,1000,False,0.0,0.0,1.0,0.8378947368421052,77,142.0,0.0,False,0.0,0.0,0.0,,,20,bicycle,0.05,0.5,region_crc,segformer_b2_cityscapes_mcdrop8,acdc_rain_targetcal25,6,
1.0,1000,True,0.0,0.0,1.0,0.8378947368421052,77,142.0,0.0,False,0.0,0.0,0.0,,,20,bicycle,0.05,0.5,heuristic,segformer_b2_cityscapes_mcdrop8,acdc_rain_targetcal25,6,
,-1,True,,0.7694186765615337,0.0010070347925648093,,475,,,False,,,,,,20,bicycle,0.05,0.5,argmax,segformer_b2_cityscapes_mcdrop8,acdc_rain_targetcal25,6,0.7323943661971831
1.0,1000,False,0.0,0.0,1.0,0.8378947368421052,77,142.0,0.0,False,0.0,0.0,0.0,,,20,bicycle,0.1,0.5,region_crc,segformer_b2_cityscapes_mcdrop8,acdc_rain_targetcal25,6,
1.0,1000,True,0.0,0.0,1.0,0.8378947368421052,77,142.0,0.0,False,0.0,0.0,0.0,,,20,bicycle,0.1,0.5,heuristic,segformer_b2_cityscapes_mcdrop8,acdc_rain_targetcal25,6,
,-1,True,,0.7694186765615337,0.0010070347925648093,,475,,,False,,,,,,20,bicycle,0.1,0.5,argmax,segformer_b2_cityscapes_mcdrop8,acdc_rain_targetcal25,6,0.7323943661971831
1.0,1000,True,0.0,0.0,1.0,0.8378947368421052,77,142.0,0.0,False,0.0,0.0,0.0,,,20,bicycle,0.2,0.5,region_crc,segformer_b2_cityscapes_mcdrop8,acdc_rain_targetcal25,6,
0.999,999,True,0.22696351267779838,0.22696351267779838,0.027823081240057945,0.8378947368421052,77,142.0,0.25473684210526315,False,0.3076923076923077,0.12,0.0,,,20,bicycle,0.2,0.5,heuristic,segformer_b2_cityscapes_mcdrop8,acdc_rain_targetcal25,6,
,-1,True,,0.7694186765615337,0.0010070347925648093,,475,,,False,,,,,,20,bicycle,0.2,0.5,argmax,segformer_b2_cityscapes_mcdrop8,acdc_rain_targetcal25,6,0.7323943661971831
1.0,1000,False,0.0,0.0,1.0,0.6631578947368421,160,317.0,0.0,False,0.0,0.0,0.0,,,21,person,0.05,0.1,region_crc,segformer_b2_cityscapes_mcdrop8,acdc_rain_targetcal25,10,
1.0,1000,True,0.0,0.0,1.0,0.6631578947368421,160,317.0,0.0,False,0.0,0.0,0.0,,,21,person,0.05,0.1,heuristic,segformer_b2_cityscapes_mcdrop8,acdc_rain_targetcal25,10,
,-1,True,,0.6409256715506715,0.0018007825128734112,,475,,,False,,,,,,21,person,0.05,0.1,argmax,segformer_b2_cityscapes_mcdrop8,acdc_rain_targetcal25,10,0.5867507886435331
1.0,1000,True,0.0,0.0,1.0,0.6631578947368421,160,317.0,0.0,False,0.0,0.0,0.0,,,21,person,0.1,0.1,region_crc,segformer_b2_cityscapes_mcdrop8,acdc_rain_targetcal25,10,
1.0,1000,True,0.0,0.0,1.0,0.6631578947368421,160,317.0,0.0,False,0.0,0.0,0.0,,,21,person,0.1,0.1,heuristic,segformer_b2_cityscapes_mcdrop8,acdc_rain_targetcal25,10,
,-1,True,,0.6409256715506715,0.0018007825128734112,,475,,,False,,,,,,21,person,0.1,0.1,argmax,segformer_b2_cityscapes_mcdrop8,acdc_rain_targetcal25,10,0.5867507886435331
1.0,1000,True,0.0,0.0,1.0,0.6631578947368421,160,317.0,0.0,False,0.0,0.0,0.0,,,21,person,0.2,0.1,region_crc,segformer_b2_cityscapes_mcdrop8,acdc_rain_targetcal25,10,
0.998,998,True,0.0359375,0.0359375,0.0458526536822319,0.6631578947368421,160,317.0,0.18947368421052632,False,0.03910614525139665,0.017241379310344827,0.0,,,21,person,0.2,0.1,heuristic,segformer_b2_cityscapes_mcdrop8,acdc_rain_targetcal25,10,
,-1,True,,0.6409256715506715,0.0018007825128734112,,475,,,False,,,,,,21,person,0.2,0.1,argmax,segformer_b2_cityscapes_mcdrop8,acdc_rain_targetcal25,10,0.5867507886435331
1.0,1000,False,0.0,0.0,1.0,0.6631578947368421,160,317.0,0.0,False,0.0,0.0,0.0,,,21,person,0.05,0.5,region_crc,segformer_b2_cityscapes_mcdrop8,acdc_rain_targetcal25,10,
1.0,1000,True,0.0,0.0,1.0,0.6631578947368421,160,317.0,0.0,False,0.0,0.0,0.0,,,21,person,0.05,0.5,heuristic,segformer_b2_cityscapes_mcdrop8,acdc_rain_targetcal25,10,
,-1,True,,0.7708909493284494,0.0018007825128734112,,475,,,False,,,,,,21,person,0.05,0.5,argmax,segformer_b2_cityscapes_mcdrop8,acdc_rain_targetcal25,10,0.7003154574132492
1.0,1000,True,0.0,0.0,1.0,0.6631578947368421,160,317.0,0.0,False,0.0,0.0,0.0,,,21,person,0.1,0.5,region_crc,segformer_b2_cityscapes_mcdrop8,acdc_rain_targetcal25,10,
1.0,1000,True,0.0,0.0,1.0,0.6631578947368421,160,317.0,0.0,False,0.0,0.0,0.0,,,21,person,0.1,0.5,heuristic,segformer_b2_cityscapes_mcdrop8,acdc_rain_targetcal25,10,
,-1,True,,0.7708909493284494,0.0018007825128734112,,475,,,False,,,,,,21,person,0.1,0.5,argmax,segformer_b2_cityscapes_mcdrop8,acdc_rain_targetcal25,10,0.7003154574132492
1.0,1000,True,0.0,0.0,1.0,0.6631578947368421,160,317.0,0.0,False,0.0,0.0,0.0,,,21,person,0.2,0.5,region_crc,segformer_b2_cityscapes_mcdrop8,acdc_rain_targetcal25,10,
0.998,998,True,0.06999999999999999,0.06999999999999999,0.0458526536822319,0.6631578947368421,160,317.0,0.18947368421052632,False,0.07262569832402235,0.04310344827586207,0.0,,,21,person,0.2,0.5,heuristic,segformer_b2_cityscapes_mcdrop8,acdc_rain_targetcal25,10,
,-1,True,,0.7708909493284494,0.0018007825128734112,,475,,,False,,,,,,21,person,0.2,0.5,argmax,segformer_b2_cityscapes_mcdrop8,acdc_rain_targetcal25,10,0.7003154574132492
1.0,1000,False,0.0,0.0,1.0,0.9431578947368421,27,36.0,0.0,False,0.0,0.0,0.0,,,21,rider,0.05,0.1,region_crc,segformer_b2_cityscapes_mcdrop8,acdc_rain_targetcal25,1,
0.997,997,True,0.4074074074074074,0.4074074074074074,0.0056896209716796875,0.9431578947368421,27,36.0,0.14947368421052631,False,0.5769230769230769,0.0,0.0,,,21,rider,0.05,0.1,heuristic,segformer_b2_cityscapes_mcdrop8,acdc_rain_targetcal25,1,
,-1,True,,0.7962962962962963,0.00022122522932477295,,475,,,False,,,,,,21,rider,0.05,0.1,argmax,segformer_b2_cityscapes_mcdrop8,acdc_rain_targetcal25,1,0.8055555555555556
1.0,1000,False,0.0,0.0,1.0,0.9431578947368421,27,36.0,0.0,False,0.0,0.0,0.0,,,21,rider,0.1,0.1,region_crc,segformer_b2_cityscapes_mcdrop8,acdc_rain_targetcal25,1,
0.997,997,True,0.4074074074074074,0.4074074074074074,0.0056896209716796875,0.9431578947368421,27,36.0,0.14947368421052631,False,0.5769230769230769,0.0,0.0,,,21,rider,0.1,0.1,heuristic,segformer_b2_cityscapes_mcdrop8,acdc_rain_targetcal25,1,
,-1,True,,0.7962962962962963,0.00022122522932477295,,475,,,False,,,,,,21,rider,0.1,0.1,argmax,segformer_b2_cityscapes_mcdrop8,acdc_rain_targetcal25,1,0.8055555555555556
1.0,1000,False,0.0,0.0,1.0,0.9431578947368421,27,36.0,0.0,False,0.0,0.0,0.0,,,21,rider,0.2,0.1,region_crc,segformer_b2_cityscapes_mcdrop8,acdc_rain_targetcal25,1,
0.997,997,True,0.4074074074074074,0.4074074074074074,0.0056896209716796875,0.9431578947368421,27,36.0,0.14947368421052631,False,0.5769230769230769,0.0,0.0,,,21,rider,0.2,0.1,heuristic,segformer_b2_cityscapes_mcdrop8,acdc_rain_targetcal25,1,
,-1,True,,0.7962962962962963,0.00022122522932477295,,475,,,False,,,,,,21,rider,0.2,0.1,argmax,segformer_b2_cityscapes_mcdrop8,acdc_rain_targetcal25,1,0.8055555555555556
1.0,1000,False,0.0,0.0,1.0,0.9431578947368421,27,36.0,0.0,False,0.0,0.0,0.0,,,21,rider,0.05,0.5,region_crc,segformer_b2_cityscapes_mcdrop8,acdc_rain_targetcal25,1,
0.999,999,True,0.38271604938271603,0.38271604938271603,0.010171365924179554,0.9431578947368421,27,36.0,0.16210526315789475,False,0.5,0.0,0.0,,,21,rider,0.05,0.5,heuristic,segformer_b2_cityscapes_mcdrop8,acdc_rain_targetcal25,1,
,-1,True,,0.8518518518518519,0.00022122522932477295,,475,,,False,,,,,,21,rider,0.05,0.5,argmax,segformer_b2_cityscapes_mcdrop8,acdc_rain_targetcal25,1,0.8611111111111112
1.0,1000,False,0.0,0.0,1.0,0.9431578947368421,27,36.0,0.0,False,0.0,0.0,0.0,,,21,rider,0.1,0.5,region_crc,segformer_b2_cityscapes_mcdrop8,acdc_rain_targetcal25,1,
0.999,999,True,0.38271604938271603,0.38271604938271603,0.010171365924179554,0.9431578947368421,27,36.0,0.16210526315789475,False,0.5,0.0,0.0,,,21,rider,0.1,0.5,heuristic,segformer_b2_cityscapes_mcdrop8,acdc_rain_targetcal25,1,
,-1,True,,0.8518518518518519,0.00022122522932477295,,475,,,False,,,,,,21,rider,0.1,0.5,argmax,segformer_b2_cityscapes_mcdrop8,acdc_rain_targetcal25,1,0.8611111111111112
1.0,1000,False,0.0,0.0,1.0,0.9431578947368421,27,36.0,0.0,False,0.0,0.0,0.0,,,21,rider,0.2,0.5,region_crc,segformer_b2_cityscapes_mcdrop8,acdc_rain_targetcal25,1,
0.999,999,True,0.38271604938271603,0.38271604938271603,0.010171365924179554,0.9431578947368421,27,36.0,0.16210526315789475,False,0.5,0.0,0.0,,,21,rider,0.2,0.5,heuristic,segformer_b2_cityscapes_mcdrop8,acdc_rain_targetcal25,1,
,-1,True,,0.8518518518518519,0.00022122522932477295,,475,,,False,,,,,,21,rider,0.2,0.5,argmax,segformer_b2_cityscapes_mcdrop8,acdc_rain_targetcal25,1,0.8611111111111112
1.0,1000,False,0.0,0.0,1.0,0.8336842105263158,79,153.0,0.0,False,0.0,0.0,0.0,,,21,bicycle,0.05,0.1,region_crc,segformer_b2_cityscapes_mcdrop8,acdc_rain_targetcal25,4,
1.0,1000,True,0.0,0.0,1.0,0.8336842105263158,79,153.0,0.0,False,0.0,0.0,0.0,,,21,bicycle,0.05,0.1,heuristic,segformer_b2_cityscapes_mcdrop8,acdc_rain_targetcal25,4,
,-1,True,,0.7368595539481615,0.0011228538351133466,,475,,,False,,,,,,21,bicycle,0.05,0.1,argmax,segformer_b2_cityscapes_mcdrop8,acdc_rain_targetcal25,4,0.7189542483660131
1.0,1000,False,0.0,0.0,1.0,0.8336842105263158,79,153.0,0.0,False,0.0,0.0,0.0,,,21,bicycle,0.1,0.1,region_crc,segformer_b2_cityscapes_mcdrop8,acdc_rain_targetcal25,4,
1.0,1000,True,0.0,0.0,1.0,0.8336842105263158,79,153.0,0.0,False,0.0,0.0,0.0,,,21,bicycle,0.1,0.1,heuristic,segformer_b2_cityscapes_mcdrop8,acdc_rain_targetcal25,4,
,-1,True,,0.7368595539481615,0.0011228538351133466,,475,,,False,,,,,,21,bicycle,0.1,0.1,argmax,segformer_b2_cityscapes_mcdrop8,acdc_rain_targetcal25,4,0.7189542483660131
1.0,1000,True,0.0,0.0,1.0,0.8336842105263158,79,153.0,0.0,False,0.0,0.0,0.0,,,21,bicycle,0.2,0.1,region_crc,segformer_b2_cityscapes_mcdrop8,acdc_rain_targetcal25,4,
1.0,1000,True,0.0,0.0,1.0,0.8336842105263158,79,153.0,0.0,False,0.0,0.0,0.0,,,21,bicycle,0.2,0.1,heuristic,segformer_b2_cityscapes_mcdrop8,acdc_rain_targetcal25,4,
,-1,True,,0.7368595539481615,0.0011228538351133466,,475,,,False,,,,,,21,bicycle,0.2,0.1,argmax,segformer_b2_cityscapes_mcdrop8,acdc_rain_targetcal25,4,0.7189542483660131
1.0,1000,False,0.0,0.0,1.0,0.8336842105263158,79,153.0,0.0,False,0.0,0.0,0.0,,,21,bicycle,0.05,0.5,region_crc,segformer_b2_cityscapes_mcdrop8,acdc_rain_targetcal25,4,
1.0,1000,True,0.0,0.0,1.0,0.8336842105263158,79,153.0,0.0,False,0.0,0.0,0.0,,,21,bicycle,0.05,0.5,heuristic,segformer_b2_cityscapes_mcdrop8,acdc_rain_targetcal25,4,
,-1,True,,0.7625979505726341,0.0011228538351133466,,475,,,False,,,,,,21,bicycle,0.05,0.5,argmax,segformer_b2_cityscapes_mcdrop8,acdc_rain_targetcal25,4,0.7450980392156863
1.0,1000,False,0.0,0.0,1.0,0.8336842105263158,79,153.0,0.0,False,0.0,0.0,0.0,,,21,bicycle,0.1,0.5,region_crc,segformer_b2_cityscapes_mcdrop8,acdc_rain_targetcal25,4,
1.0,1000,True,0.0,0.0,1.0,0.8336842105263158,79,153.0,0.0,False,0.0,0.0,0.0,,,21,bicycle,0.1,0.5,heuristic,segformer_b2_cityscapes_mcdrop8,acdc_rain_targetcal25,4,
,-1,True,,0.7625979505726341,0.0011228538351133466,,475,,,False,,,,,,21,bicycle,0.1,0.5,argmax,segformer_b2_cityscapes_mcdrop8,acdc_rain_targetcal25,4,0.7450980392156863
1.0,1000,True,0.0,0.0,1.0,0.8336842105263158,79,153.0,0.0,False,0.0,0.0,0.0,,,21,bicycle,0.2,0.5,region_crc,segformer_b2_cityscapes_mcdrop8,acdc_rain_targetcal25,4,
1.0,1000,True,0.0,0.0,1.0,0.8336842105263158,79,153.0,0.0,False,0.0,0.0,0.0,,,21,bicycle,0.2,0.5,heuristic,segformer_b2_cityscapes_mcdrop8,acdc_rain_targetcal25,4,
,-1,True,,0.7625979505726341,0.0011228538351133466,,475,,,False,,,,,,21,bicycle,0.2,0.5,argmax,segformer_b2_cityscapes_mcdrop8,acdc_rain_targetcal25,4,0.7450980392156863
1.0,1000,False,0.0,0.0,1.0,0.6652631578947369,159,318.0,0.0,False,0.0,0.0,0.0,,,22,person,0.05,0.1,region_crc,segformer_b2_cityscapes_mcdrop8,acdc_rain_targetcal25,11,
1.0,1000,True,0.0,0.0,1.0,0.6652631578947369,159,318.0,0.0,False,0.0,0.0,0.0,,,22,person,0.05,0.1,heuristic,segformer_b2_cityscapes_mcdrop8,acdc_rain_targetcal25,11,
,-1,True,,0.6381432334262523,0.0018282936653122306,,475,,,False,,,,,,22,person,0.05,0.1,argmax,segformer_b2_cityscapes_mcdrop8,acdc_rain_targetcal25,11,0.5974842767295597
1.0,1000,True,0.0,0.0,1.0,0.6652631578947369,159,318.0,0.0,False,0.0,0.0,0.0,,,22,person,0.1,0.1,region_crc,segformer_b2_cityscapes_mcdrop8,acdc_rain_targetcal25,11,
0.999,999,True,0.026729559748427674,0.026729559748427674,0.06043006479740143,0.6652631578947369,159,318.0,0.16210526315789475,False,0.016483516483516484,0.02608695652173913,0.0,,,22,person,0.1,0.1,heuristic,segformer_b2_cityscapes_mcdrop8,acdc_rain_targetcal25,11,
,-1,True,,0.6381432334262523,0.0018282936653122306,,475,,,False,,,,,,22,person,0.1,0.1,argmax,segformer_b2_cityscapes_mcdrop8,acdc_rain_targetcal25,11,0.5974842767295597
0.999,999,True,0.026729559748427674,0.026729559748427674,0.06043006479740143,0.6652631578947369,159,318.0,0.16210526315789475,False,0.016483516483516484,0.02608695652173913,0.0,,,22,person,0.2,0.1,region_crc,segformer_b2_cityscapes_mcdrop8,acdc_rain_targetcal25,11,
0.937,937,True,0.38820428348730235,0.38820428348730235,0.007716326043009758,7.901052631578947,159,318.0,0.21052631578947362,False,0.45054945054945056,0.19130434782608696,0.047619047619047616,,,22,person,0.2,0.1,heuristic,segformer_b2_cityscapes_mcdrop8,acdc_rain_targetcal25,11,
,-1,True,,0.6381432334262523,0.0018282936653122306,,475,,,False,,,,,,22,person,0.2,0.1,argmax,segformer_b2_cityscapes_mcdrop8,acdc_rain_targetcal25,11,0.5974842767295597
1.0,1000,False,0.0,0.0,1.0,0.6652631578947369,159,318.0,0.0,False,0.0,0.0,0.0,,,22,person,0.05,0.5,region_crc,segformer_b2_cityscapes_mcdrop8,acdc_rain_targetcal25,11,
1.0,1000,True,0.0,0.0,1.0,0.6652631578947369,159,318.0,0.0,False,0.0,0.0,0.0,,,22,person,0.05,0.5,heuristic,segformer_b2_cityscapes_mcdrop8,acdc_rain_targetcal25,11,
,-1,True,,0.7657812488001168,0.0018282936653122306,,475,,,False,,,,,,22,person,0.05,0.5,argmax,segformer_b2_cityscapes_mcdrop8,acdc_rain_targetcal25,11,0.7075471698113207
1.0,1000,True,0.0,0.0,1.0,0.6652631578947369,159,318.0,0.0,False,0.0,0.0,0.0,,,22,person,0.1,0.5,region_crc,segformer_b2_cityscapes_mcdrop8,acdc_rain_targetcal25,11,
1.0,1000,True,0.0,0.0,1.0,0.6652631578947369,159,318.0,0.0,False,0.0,0.0,0.0,,,22,person,0.1,0.5,heuristic,segformer_b2_cityscapes_mcdrop8,acdc_rain_targetcal25,11,
,-1,True,,0.7657812488001168,0.0018282936653122306,,475,,,False,,,,,,22,person,0.1,0.5,argmax,segformer_b2_cityscapes_mcdrop8,acdc_rain_targetcal25,11,0.7075471698113207
1.0,1000,True,0.0,0.0,1.0,0.6652631578947369,159,318.0,0.0,False,0.0,0.0,0.0,,,22,person,0.2,0.5,region_crc,segformer_b2_cityscapes_mcdrop8,acdc_rain_targetcal25,11,
0.976,976,True,0.35948310948310946,0.35948310948310946,0.013889522291719913,15.797894736842105,159,318.0,0.1852631578947368,False,0.4010989010989011,0.21739130434782608,0.09523809523809523,,,22,person,0.2,0.5,heuristic,segformer_b2_cityscapes_mcdrop8,acdc_rain_targetcal25,11,
,-1,True,,0.7657812488001168,0.0018282936653122306,,475,,,False,,,,,,22,person,0.2,0.5,argmax,segformer_b2_cityscapes_mcdrop8,acdc_rain_targetcal25,11,0.7075471698113207
1.0,1000,False,0.0,0.0,1.0,0.9473684210526315,25,35.0,0.0,False,0.0,0.0,0.0,,,22,rider,0.05,0.1,region_crc,segformer_b2_cityscapes_mcdrop8,acdc_rain_targetcal25,3,
1.0,1000,True,0.0,0.0,1.0,0.9473684210526315,25,35.0,0.0,False,0.0,0.0,0.0,,,22,rider,0.05,0.1,heuristic,segformer_b2_cityscapes_mcdrop8,acdc_rain_targetcal25,3,
,-1,True,,0.82,0.00022136028565000743,,475,,,False,,,,,,22,rider,0.05,0.1,argmax,segformer_b2_cityscapes_mcdrop8,acdc_rain_targetcal25,3,0.8285714285714286
1.0,1000,False,0.0,0.0,1.0,0.9473684210526315,25,35.0,0.0,False,0.0,0.0,0.0,,,22,rider,0.1,0.1,region_crc,segformer_b2_cityscapes_mcdrop8,acdc_rain_targetcal25,3,
1.0,1000,True,0.0,0.0,1.0,0.9473684210526315,25,35.0,0.0,False,0.0,0.0,0.0,,,22,rider,0.1,0.1,heuristic,segformer_b2_cityscapes_mcdrop8,acdc_rain_targetcal25,3,
,-1,True,,0.82,0.00022136028565000743,,475,,,False,,,,,,22,rider,0.1,0.1,argmax,segformer_b2_cityscapes_mcdrop8,acdc_rain_targetcal25,3,0.8285714285714286
1.0,1000,False,0.0,0.0,1.0,0.9473684210526315,25,35.0,0.0,False,0.0,0.0,0.0,,,22,rider,0.2,0.1,region_crc,segformer_b2_cityscapes_mcdrop8,acdc_rain_targetcal25,3,
1.0,1000,True,0.0,0.0,1.0,0.9473684210526315,25,35.0,0.0,False,0.0,0.0,0.0,,,22,rider,0.2,0.1,heuristic,segformer_b2_cityscapes_mcdrop8,acdc_rain_targetcal25,3,
,-1,True,,0.82,0.00022136028565000743,,475,,,False,,,,,,22,rider,0.2,0.1,argmax,segformer_b2_cityscapes_mcdrop8,acdc_rain_targetcal25,3,0.8285714285714286
1.0,1000,False,0.0,0.0,1.0,0.9473684210526315,25,35.0,0.0,False,0.0,0.0,0.0,,,22,rider,0.05,0.5,region_crc,segformer_b2_cityscapes_mcdrop8,acdc_rain_targetcal25,3,
1.0,1000,True,0.0,0.0,1.0,0.9473684210526315,25,35.0,0.0,False,0.0,0.0,0.0,,,22,rider,0.05,0.5,heuristic,segformer_b2_cityscapes_mcdrop8,acdc_rain_targetcal25,3,
,-1,True,,0.88,0.00022136028565000743,,475,,,False,,,,,,22,rider,0.05,0.5,argmax,segformer_b2_cityscapes_mcdrop8,acdc_rain_targetcal25,3,0.8857142857142857
1.0,1000,False,0.0,0.0,1.0,0.9473684210526315,25,35.0,0.0,False,0.0,0.0,0.0,,,22,rider,0.1,0.5,region_crc,segformer_b2_cityscapes_mcdrop8,acdc_rain_targetcal25,3,
1.0,1000,True,0.0,0.0,1.0,0.9473684210526315,25,35.0,0.0,False,0.0,0.0,0.0,,,22,rider,0.1,0.5,heuristic,segformer_b2_cityscapes_mcdrop8,acdc_rain_targetcal25,3,
,-1,True,,0.88,0.00022136028565000743,,475,,,False,,,,,,22,rider,0.1,0.5,argmax,segformer_b2_cityscapes_mcdrop8,acdc_rain_targetcal25,3,0.8857142857142857
1.0,1000,False,0.0,0.0,1.0,0.9473684210526315,25,35.0,0.0,False,0.0,0.0,0.0,,,22,rider,0.2,0.5,region_crc,segformer_b2_cityscapes_mcdrop8,acdc_rain_targetcal25,3,
1.0,1000,True,0.0,0.0,1.0,0.9473684210526315,25,35.0,0.0,False,0.0,0.0,0.0,,,22,rider,0.2,0.5,heuristic,segformer_b2_cityscapes_mcdrop8,acdc_rain_targetcal25,3,
,-1,True,,0.88,0.00022136028565000743,,475,,,False,,,,,,22,rider,0.2,0.5,argmax,segformer_b2_cityscapes_mcdrop8,acdc_rain_targetcal25,3,0.8857142857142857
1.0,1000,False,0.0,0.0,1.0,0.8421052631578947,75,145.0,0.0,False,0.0,0.0,0.0,,,22,bicycle,0.05,0.1,region_crc,segformer_b2_cityscapes_mcdrop8,acdc_rain_targetcal25,8,
1.0,1000,True,0.0,0.0,1.0,0.8421052631578947,75,145.0,0.0,False,0.0,0.0,0.0,,,22,bicycle,0.05,0.1,heuristic,segformer_b2_cityscapes_mcdrop8,acdc_rain_targetcal25,8,
,-1,True,,0.7628253968253969,0.0010512742446735501,,475,,,False,,,,,,22,bicycle,0.05,0.1,argmax,segformer_b2_cityscapes_mcdrop8,acdc_rain_targetcal25,8,0.7448275862068966
1.0,1000,False,0.0,0.0,1.0,0.8421052631578947,75,145.0,0.0,False,0.0,0.0,0.0,,,22,bicycle,0.1,0.1,region_crc,segformer_b2_cityscapes_mcdrop8,acdc_rain_targetcal25,8,
0.999,999,True,0.16146031746031744,0.16146031746031747,0.027739234268665314,0.8421052631578947,75,145.0,0.19999999999999996,False,0.24691358024691357,0.058823529411764705,0.0,,,22,bicycle,0.1,0.1,heuristic,segformer_b2_cityscapes_mcdrop8,acdc_rain_targetcal25,8,
,-1,True,,0.7628253968253969,0.0010512742446735501,,475,,,False,,,,,,22,bicycle,0.1,0.1,argmax,segformer_b2_cityscapes_mcdrop8,acdc_rain_targetcal25,8,0.7448275862068966
0.999,999,True,0.16146031746031744,0.16146031746031747,0.027739234268665314,0.8421052631578947,75,145.0,0.19999999999999996,False,0.24691358024691357,0.058823529411764705,0.0,,,22,bicycle,0.2,0.1,region_crc,segformer_b2_cityscapes_mcdrop8,acdc_rain_targetcal25,8,
0.994,994,True,0.3440317460317461,0.344031746031746,0.011578801088035107,0.8421052631578947,75,145.0,0.21684210526315784,False,0.5185185185185185,0.11764705882352941,0.0,,,22,bicycle,0.2,0.1,heuristic,segformer_b2_cityscapes_mcdrop8,acdc_rain_targetcal25,8,
,-1,True,,0.7628253968253969,0.0010512742446735501,,475,,,False,,,,,,22,bicycle,0.2,0.1,argmax,segformer_b2_cityscapes_mcdrop8,acdc_rain_targetcal25,8,0.7448275862068966
1.0,1000,False,0.0,0.0,1.0,0.8421052631578947,75,145.0,0.0,False,0.0,0.0,0.0,,,22,bicycle,0.05,0.5,region_crc,segformer_b2_cityscapes_mcdrop8,acdc_rain_targetcal25,8,
1.0,1000,True,0.0,0.0,1.0,0.8421052631578947,75,145.0,0.0,False,0.0,0.0,0.0,,,22,bicycle,0.05,0.5,heuristic,segformer_b2_cityscapes_mcdrop8,acdc_rain_targetcal25,8,
,-1,True,,0.7899365079365079,0.0010512742446735501,,475,,,False,,,,,,22,bicycle,0.05,0.5,argmax,segformer_b2_cityscapes_mcdrop8,acdc_rain_targetcal25,8,0.7724137931034483
1.0,1000,False,0.0,0.0,1.0,0.8421052631578947,75,145.0,0.0,False,0.0,0.0,0.0,,,22,bicycle,0.1,0.5,region_crc,segformer_b2_cityscapes_mcdrop8,acdc_rain_targetcal25,8,
1.0,1000,True,0.0,0.0,1.0,0.8421052631578947,75,145.0,0.0,False,0.0,0.0,0.0,,,22,bicycle,0.1,0.5,heuristic,segformer_b2_cityscapes_mcdrop8,acdc_rain_targetcal25,8,
,-1,True,,0.7899365079365079,0.0010512742446735501,,475,,,False,,,,,,22,bicycle,0.1,0.5,argmax,segformer_b2_cityscapes_mcdrop8,acdc_rain_targetcal25,8,0.7724137931034483
1.0,1000,True,0.0,0.0,1.0,0.8421052631578947,75,145.0,0.0,False,0.0,0.0,0.0,,,22,bicycle,0.2,0.5,region_crc,segformer_b2_cityscapes_mcdrop8,acdc_rain_targetcal25,8,
0.999,999,True,0.22412698412698415,0.22412698412698415,0.027739234268665314,0.8421052631578947,75,145.0,0.19999999999999996,False,0.30864197530864196,0.09803921568627451,0.0,,,22,bicycle,0.2,0.5,heuristic,segformer_b2_cityscapes_mcdrop8,acdc_rain_targetcal25,8,
,-1,True,,0.7899365079365079,0.0010512742446735501,,475,,,False,,,,,,22,bicycle,0.2,0.5,argmax,segformer_b2_cityscapes_mcdrop8,acdc_rain_targetcal25,8,0.7724137931034483
1.0,1000,False,0.0,0.0,1.0,0.6610526315789473,161,317.0,0.0,False,0.0,0.0,0.0,,,23,person,0.05,0.1,region_crc,segformer_b2_cityscapes_mcdrop8,acdc_rain_targetcal25,9,
0.997,997,True,0.05486542443064182,0.05486542443064182,0.03927451744675636,0.6610526315789473,161,317.0,0.2968421052631579,False,0.05056179775280899,0.02564102564102564,0.0,,,23,person,0.05,0.1,heuristic,segformer_b2_cityscapes_mcdrop8,acdc_rain_targetcal25,9,
,-1,True,,0.6353919717273754,0.001831109868362546,,475,,,False,,,,,,23,person,0.05,0.1,argmax,segformer_b2_cityscapes_mcdrop8,acdc_rain_targetcal25,9,0.583596214511041
1.0,1000,True,0.0,0.0,1.0,0.6610526315789473,161,317.0,0.0,False,0.0,0.0,0.0,,,23,person,0.1,0.1,region_crc,segformer_b2_cityscapes_mcdrop8,acdc_rain_targetcal25,9,
0.99,990,True,0.1139406487232574,0.11394064872325742,0.022523831576108932,0.6610526315789473,161,317.0,0.2673684210526316,False,0.1348314606741573,0.05128205128205128,0.0,,,23,person,0.1,0.1,heuristic,segformer_b2_cityscapes_mcdrop8,acdc_rain_targetcal25,9,
,-1,True,,0.6353919717273754,0.001831109868362546,,475,,,False,,,,,,23,person,0.1,0.1,argmax,segformer_b2_cityscapes_mcdrop8,acdc_rain_targetcal25,9,0.583596214511041
0.99,990,True,0.1139406487232574,0.11394064872325742,0.022523831576108932,0.6610526315789473,161,317.0,0.2673684210526316,False,0.1348314606741573,0.05128205128205128,0.0,,,23,person,0.2,0.1,region_crc,segformer_b2_cityscapes_mcdrop8,acdc_rain_targetcal25,9,
0.969,969,True,0.2459475652022236,0.2459475652022236,0.012287336401641369,15.953684210526315,161,317.0,0.20631578947368423,False,0.29213483146067415,0.10256410256410256,0.0,,,23,person,0.2,0.1,heuristic,segformer_b2_cityscapes_mcdrop8,acdc_rain_targetcal25,9,
,-1,True,,0.6353919717273754,0.001831109868362546,,475,,,False,,,,,,23,person,0.2,0.1,argmax,segformer_b2_cityscapes_mcdrop8,acdc_rain_targetcal25,9,0.583596214511041
1.0,1000,False,0.0,0.0,1.0,0.6610526315789473,161,317.0,0.0,False,0.0,0.0,0.0,,,23,person,0.05,0.5,region_crc,segformer_b2_cityscapes_mcdrop8,acdc_rain_targetcal25,9,
0.999,999,True,0.052795031055900624,0.052795031055900624,0.06135522946715355,0.6610526315789473,161,317.0,0.3157894736842105,False,0.03932584269662921,0.042735042735042736,0.0,,,23,person,0.05,0.5,heuristic,segformer_b2_cityscapes_mcdrop8,acdc_rain_targetcal25,9,
,-1,True,,0.7645500117549807,0.001831109868362546,,475,,,False,,,,,,23,person,0.05,0.5,argmax,segformer_b2_cityscapes_mcdrop8,acdc_rain_targetcal25,9,0.6971608832807571
1.0,1000,True,0.0,0.0,1.0,0.6610526315789473,161,317.0,0.0,False,0.0,0.0,0.0,,,23,person,0.1,0.5,region_crc,segformer_b2_cityscapes_mcdrop8,acdc_rain_targetcal25,9,
0.998,998,True,0.07732919254658385,0.07732919254658385,0.046608734875917435,0.6610526315789473,161,317.0,0.3052631578947369,False,0.06741573033707865,0.05128205128205128,0.0,,,23,person,0.1,0.5,heuristic,segformer_b2_cityscapes_mcdrop8,acdc_rain_targetcal25,9,
,-1,True,,0.7645500117549807,0.001831109868362546,,475,,,False,,,,,,23,person,0.1,0.5,argmax,segformer_b2_cityscapes_mcdrop8,acdc_rain_targetcal25,9,0.6971608832807571
0.995,995,True,0.15431331953071084,0.15431331953071084,0.031326137483119965,0.6610526315789473,161,317.0,0.29263157894736846,False,0.14606741573033707,0.09401709401709402,0.0,,,23,person,0.2,0.5,region_crc,segformer_b2_cityscapes_mcdrop8,acdc_rain_targetcal25,9,
0.989,989,True,0.24009130965652706,0.24009130965652706,0.021482214331626892,0.6610526315789473,161,317.0,0.2610526315789474,False,0.2640449438202247,0.11965811965811966,0.0,,,23,person,0.2,0.5,heuristic,segformer_b2_cityscapes_mcdrop8,acdc_rain_targetcal25,9,
,-1,True,,0.7645500117549807,0.001831109868362546,,475,,,False,,,,,,23,person,0.2,0.5,argmax,segformer_b2_cityscapes_mcdrop8,acdc_rain_targetcal25,9,0.6971608832807571
1.0,1000,False,0.0,0.0,1.0,0.9431578947368421,27,37.0,0.0,False,0.0,0.0,0.0,,,23,rider,0.05,0.1,region_crc,segformer_b2_cityscapes_mcdrop8,acdc_rain_targetcal25,1,
0.999,999,True,0.2037037037037037,0.2037037037037037,0.010632328689098358,0.9431578947368421,27,37.0,0.16000000000000003,False,0.2692307692307692,0.0,0.0,,,23,rider,0.05,0.1,heuristic,segformer_b2_cityscapes_mcdrop8,acdc_rain_targetcal25,1,
,-1,True,,0.7962962962962963,0.0002489298931322992,,475,,,False,,,,,,23,rider,0.05,0.1,argmax,segformer_b2_cityscapes_mcdrop8,acdc_rain_targetcal25,1,0.8108108108108109
1.0,1000,False,0.0,0.0,1.0,0.9431578947368421,27,37.0,0.0,False,0.0,0.0,0.0,,,23,rider,0.1,0.1,region_crc,segformer_b2_cityscapes_mcdrop8,acdc_rain_targetcal25,1,
0.999,999,True,0.2037037037037037,0.2037037037037037,0.010632328689098358,0.9431578947368421,27,37.0,0.16000000000000003,False,0.2692307692307692,0.0,0.0,,,23,rider,0.1,0.1,heuristic,segformer_b2_cityscapes_mcdrop8,acdc_rain_targetcal25,1,
,-1,True,,0.7962962962962963,0.0002489298931322992,,475,,,False,,,,,,23,rider,0.1,0.1,argmax,segformer_b2_cityscapes_mcdrop8,acdc_rain_targetcal25,1,0.8108108108108109
1.0,1000,False,0.0,0.0,1.0,0.9431578947368421,27,37.0,0.0,False,0.0,0.0,0.0,,,23,rider,0.2,0.1,region_crc,segformer_b2_cityscapes_mcdrop8,acdc_rain_targetcal25,1,
0.999,999,True,0.2037037037037037,0.2037037037037037,0.010632328689098358,0.9431578947368421,27,37.0,0.16000000000000003,False,0.2692307692307692,0.0,0.0,,,23,rider,0.2,0.1,heuristic,segformer_b2_cityscapes_mcdrop8,acdc_rain_targetcal25,1,
,-1,True,,0.7962962962962963,0.0002489298931322992,,475,,,False,,,,,,23,rider,0.2,0.1,argmax,segformer_b2_cityscapes_mcdrop8,acdc_rain_targetcal25,1,0.8108108108108109
1.0,1000,False,0.0,0.0,1.0,0.9431578947368421,27,37.0,0.0,False,0.0,0.0,0.0,,,23,rider,0.05,0.5,region_crc,segformer_b2_cityscapes_mcdrop8,acdc_rain_targetcal25,1,
1.0,1000,True,0.0,0.0,1.0,0.9431578947368421,27,37.0,0.0,False,0.0,0.0,0.0,,,23,rider,0.05,0.5,heuristic,segformer_b2_cityscapes_mcdrop8,acdc_rain_targetcal25,1,
,-1,True,,0.8518518518518519,0.0002489298931322992,,475,,,False,,,,,,23,rider,0.05,0.5,argmax,segformer_b2_cityscapes_mcdrop8,acdc_rain_targetcal25,1,0.8648648648648649
1.0,1000,False,0.0,0.0,1.0,0.9431578947368421,27,37.0,0.0,False,0.0,0.0,0.0,,,23,rider,0.1,0.5,region_crc,segformer_b2_cityscapes_mcdrop8,acdc_rain_targetcal25,1,
1.0,1000,True,0.0,0.0,1.0,0.9431578947368421,27,37.0,0.0,False,0.0,0.0,0.0,,,23,rider,0.1,0.5,heuristic,segformer_b2_cityscapes_mcdrop8,acdc_rain_targetcal25,1,
,-1,True,,0.8518518518518519,0.0002489298931322992,,475,,,False,,,,,,23,rider,0.1,0.5,argmax,segformer_b2_cityscapes_mcdrop8,acdc_rain_targetcal25,1,0.8648648648648649
1.0,1000,False,0.0,0.0,1.0,0.9431578947368421,27,37.0,0.0,False,0.0,0.0,0.0,,,23,rider,0.2,0.5,region_crc,segformer_b2_cityscapes_mcdrop8,acdc_rain_targetcal25,1,
1.0,1000,True,0.0,0.0,1.0,0.9431578947368421,27,37.0,0.0,False,0.0,0.0,0.0,,,23,rider,0.2,0.5,heuristic,segformer_b2_cityscapes_mcdrop8,acdc_rain_targetcal25,1,
,-1,True,,0.8518518518518519,0.0002489298931322992,,475,,,False,,,,,,23,rider,0.2,0.5,argmax,segformer_b2_cityscapes_mcdrop8,acdc_rain_targetcal25,1,0.8648648648648649
1.0,1000,False,0.0,0.0,1.0,0.8336842105263158,79,148.0,0.0,False,0.0,0.0,0.0,,,23,bicycle,0.05,0.1,region_crc,segformer_b2_cityscapes_mcdrop8,acdc_rain_targetcal25,4,
1.0,1000,True,0.0,0.0,1.0,0.8336842105263158,79,148.0,0.0,False,0.0,0.0,0.0,,,23,bicycle,0.05,0.1,heuristic,segformer_b2_cityscapes_mcdrop8,acdc_rain_targetcal25,4,
,-1,True,,0.7410789632308619,0.0011350642889738083,,475,,,False,,,,,,23,bicycle,0.05,0.1,argmax,segformer_b2_cityscapes_mcdrop8,acdc_rain_targetcal25,4,0.7162162162162162
1.0,1000,False,0.0,0.0,1.0,0.8336842105263158,79,148.0,0.0,False,0.0,0.0,0.0,,,23,bicycle,0.1,0.1,region_crc,segformer_b2_cityscapes_mcdrop8,acdc_rain_targetcal25,4,
1.0,1000,True,0.0,0.0,1.0,0.8336842105263158,79,148.0,0.0,False,0.0,0.0,0.0,,,23,bicycle,0.1,0.1,heuristic,segformer_b2_cityscapes_mcdrop8,acdc_rain_targetcal25,4,
,-1,True,,0.7410789632308619,0.0011350642889738083,,475,,,False,,,,,,23,bicycle,0.1,0.1,argmax,segformer_b2_cityscapes_mcdrop8,acdc_rain_targetcal25,4,0.7162162162162162
1.0,1000,True,0.0,0.0,1.0,0.8336842105263158,79,148.0,0.0,False,0.0,0.0,0.0,,,23,bicycle,0.2,0.1,region_crc,segformer_b2_cityscapes_mcdrop8,acdc_rain_targetcal25,4,
1.0,1000,True,0.0,0.0,1.0,0.8336842105263158,79,148.0,0.0,False,0.0,0.0,0.0,,,23,bicycle,0.2,0.1,heuristic,segformer_b2_cityscapes_mcdrop8,acdc_rain_targetcal25,4,
,-1,True,,0.7410789632308619,0.0011350642889738083,,475,,,False,,,,,,23,bicycle,0.2,0.1,argmax,segformer_b2_cityscapes_mcdrop8,acdc_rain_targetcal25,4,0.7162162162162162
1.0,1000,False,0.0,0.0,1.0,0.8336842105263158,79,148.0,0.0,False,0.0,0.0,0.0,,,23,bicycle,0.05,0.5,region_crc,segformer_b2_cityscapes_mcdrop8,acdc_rain_targetcal25,4,
1.0,1000,True,0.0,0.0,1.0,0.8336842105263158,79,148.0,0.0,False,0.0,0.0,0.0,,,23,bicycle,0.05,0.5,heuristic,segformer_b2_cityscapes_mcdrop8,acdc_rain_targetcal25,4,
,-1,True,,0.7625979505726341,0.0011350642889738083,,475,,,False,,,,,,23,bicycle,0.05,0.5,argmax,segformer_b2_cityscapes_mcdrop8,acdc_rain_targetcal25,4,0.7364864864864865
1.0,1000,False,0.0,0.0,1.0,0.8336842105263158,79,148.0,0.0,False,0.0,0.0,0.0,,,23,bicycle,0.1,0.5,region_crc,segformer_b2_cityscapes_mcdrop8,acdc_rain_targetcal25,4,
1.0,1000,True,0.0,0.0,1.0,0.8336842105263158,79,148.0,0.0,False,0.0,0.0,0.0,,,23,bicycle,0.1,0.5,heuristic,segformer_b2_cityscapes_mcdrop8,acdc_rain_targetcal25,4,
,-1,True,,0.7625979505726341,0.0011350642889738083,,475,,,False,,,,,,23,bicycle,0.1,0.5,argmax,segformer_b2_cityscapes_mcdrop8,acdc_rain_targetcal25,4,0.7364864864864865
1.0,1000,True,0.0,0.0,1.0,0.8336842105263158,79,148.0,0.0,False,0.0,0.0,0.0,,,23,bicycle,0.2,0.5,region_crc,segformer_b2_cityscapes_mcdrop8,acdc_rain_targetcal25,4,
1.0,1000,True,0.0,0.0,1.0,0.8336842105263158,79,148.0,0.0,False,0.0,0.0,0.0,,,23,bicycle,0.2,0.5,heuristic,segformer_b2_cityscapes_mcdrop8,acdc_rain_targetcal25,4,
,-1,True,,0.7625979505726341,0.0011350642889738083,,475,,,False,,,,,,23,bicycle,0.2,0.5,argmax,segformer_b2_cityscapes_mcdrop8,acdc_rain_targetcal25,4,0.7364864864864865
1.0,1000,False,0.0,0.0,1.0,0.671578947368421,156,302.0,0.0,False,0.0,0.0,0.0,,,24,person,0.05,0.1,region_crc,segformer_b2_cityscapes_mcdrop8,acdc_rain_targetcal25,14,
1.0,1000,True,0.0,0.0,1.0,0.671578947368421,156,302.0,0.0,False,0.0,0.0,0.0,,,24,person,0.05,0.1,heuristic,segformer_b2_cityscapes_mcdrop8,acdc_rain_targetcal25,14,
,-1,True,,0.6447446072446072,0.001778049860149622,,475,,,False,,,,,,24,person,0.05,0.1,argmax,segformer_b2_cityscapes_mcdrop8,acdc_rain_targetcal25,14,0.6026490066225165
1.0,1000,True,0.0,0.0,1.0,0.671578947368421,156,302.0,0.0,False,0.0,0.0,0.0,,,24,person,0.1,0.1,region_crc,segformer_b2_cityscapes_mcdrop8,acdc_rain_targetcal25,14,
0.99,990,True,0.1159900284900285,0.11599002849002847,0.02212543599307537,0.671578947368421,156,302.0,0.14526315789473693,False,0.13966480446927373,0.0594059405940594,0.0,,,24,person,0.1,0.1,heuristic,segformer_b2_cityscapes_mcdrop8,acdc_rain_targetcal25,14,
,-1,True,,0.6447446072446072,0.001778049860149622,,475,,,False,,,,,,24,person,0.1,0.1,argmax,segformer_b2_cityscapes_mcdrop8,acdc_rain_targetcal25,14,0.6026490066225165
0.985,985,True,0.16353276353276353,0.16353276353276355,0.017985818907618523,15.8,156,302.0,0.15368421052631587,False,0.19553072625698323,0.0891089108910891,0.0,,,24,person,0.2,0.1,region_crc,segformer_b2_cityscapes_mcdrop8,acdc_rain_targetcal25,14,
0.982,982,True,0.17977207977207976,0.17977207977207976,0.016331542283296585,15.8,156,302.0,0.16421052631578953,False,0.22346368715083798,0.0891089108910891,0.0,,,24,person,0.2,0.1,heuristic,segformer_b2_cityscapes_mcdrop8,acdc_rain_targetcal25,14,
,-1,True,,0.6447446072446072,0.001778049860149622,,475,,,False,,,,,,24,person,0.2,0.1,argmax,segformer_b2_cityscapes_mcdrop8,acdc_rain_targetcal25,14,0.6026490066225165
1.0,1000,False,0.0,0.0,1.0,0.671578947368421,156,302.0,0.0,False,0.0,0.0,0.0,,,24,person,0.05,0.5,region_crc,segformer_b2_cityscapes_mcdrop8,acdc_rain_targetcal25,14,
1.0,1000,True,0.0,0.0,1.0,0.671578947368421,156,302.0,0.0,False,0.0,0.0,0.0,,,24,person,0.05,0.5,heuristic,segformer_b2_cityscapes_mcdrop8,acdc_rain_targetcal25,14,
,-1,True,,0.7652218152218152,0.001778049860149622,,475,,,False,,,,,,24,person,0.05,0.5,argmax,segformer_b2_cityscapes_mcdrop8,acdc_rain_targetcal25,14,0.7119205298013245
1.0,1000,True,0.0,0.0,1.0,0.671578947368421,156,302.0,0.0,False,0.0,0.0,0.0,,,24,person,0.1,0.5,region_crc,segformer_b2_cityscapes_mcdrop8,acdc_rain_targetcal25,14,
0.998,998,True,0.0782051282051282,0.0782051282051282,0.04605451971292496,0.671578947368421,156,302.0,0.1831578947368422,False,0.07262569832402235,0.0594059405940594,0.0,,,24,person,0.1,0.5,heuristic,segformer_b2_cityscapes_mcdrop8,acdc_rain_targetcal25,14,
,-1,True,,0.7652218152218152,0.001778049860149622,,475,,,False,,,,,,24,person,0.1,0.5,argmax,segformer_b2_cityscapes_mcdrop8,acdc_rain_targetcal25,14,0.7119205298013245
0.998,998,True,0.0782051282051282,0.0782051282051282,0.04605451971292496,0.671578947368421,156,302.0,0.1831578947368422,False,0.07262569832402235,0.0594059405940594,0.0,,,24,person,0.2,0.5,region_crc,segformer_b2_cityscapes_mcdrop8,acdc_rain_targetcal25,14,
0.997,997,True,0.09925213675213675,0.09925213675213676,0.038767024874687195,0.671578947368421,156,302.0,0.1305263157894737,False,0.09497206703910614,0.0891089108910891,0.0,,,24,person,0.2,0.5,heuristic,segformer_b2_cityscapes_mcdrop8,acdc_rain_targetcal25,14,
,-1,True,,0.7652218152218152,0.001778049860149622,,475,,,False,,,,,,24,person,0.2,0.5,argmax,segformer_b2_cityscapes_mcdrop8,acdc_rain_targetcal25,14,0.7119205298013245
1.0,1000,False,0.0,0.0,1.0,0.9452631578947368,26,35.0,0.0,False,0.0,0.0,0.0,,,24,rider,0.05,0.1,region_crc,segformer_b2_cityscapes_mcdrop8,acdc_rain_targetcal25,2,
0.997,997,True,0.4230769230769231,0.4230769230769231,0.005768829956650734,0.9452631578947368,26,35.0,0.23789473684210527,False,0.5769230769230769,0.0,0.0,,,24,rider,0.05,0.1,heuristic,segformer_b2_cityscapes_mcdrop8,acdc_rain_targetcal25,2,
,-1,True,,0.8269230769230769,0.00022402332979254425,,475,,,False,,,,,,24,rider,0.05,0.1,argmax,segformer_b2_cityscapes_mcdrop8,acdc_rain_targetcal25,2,0.8285714285714286
1.0,1000,False,0.0,0.0,1.0,0.9452631578947368,26,35.0,0.0,False,0.0,0.0,0.0,,,24,rider,0.1,0.1,region_crc,segformer_b2_cityscapes_mcdrop8,acdc_rain_targetcal25,2,
0.997,997,True,0.4230769230769231,0.4230769230769231,0.005768829956650734,0.9452631578947368,26,35.0,0.23789473684210527,False,0.5769230769230769,0.0,0.0,,,24,rider,0.1,0.1,heuristic,segformer_b2_cityscapes_mcdrop8,acdc_rain_targetcal25,2,
,-1,True,,0.8269230769230769,0.00022402332979254425,,475,,,False,,,,,,24,rider,0.1,0.1,argmax,segformer_b2_cityscapes_mcdrop8,acdc_rain_targetcal25,2,0.8285714285714286
1.0,1000,False,0.0,0.0,1.0,0.9452631578947368,26,35.0,0.0,False,0.0,0.0,0.0,,,24,rider,0.2,0.1,region_crc,segformer_b2_cityscapes_mcdrop8,acdc_rain_targetcal25,2,
0.997,997,True,0.4230769230769231,0.4230769230769231,0.005768829956650734,0.9452631578947368,26,35.0,0.23789473684210527,False,0.5769230769230769,0.0,0.0,,,24,rider,0.2,0.1,heuristic,segformer_b2_cityscapes_mcdrop8,acdc_rain_targetcal25,2,
,-1,True,,0.8269230769230769,0.00022402332979254425,,475,,,False,,,,,,24,rider,0.2,0.1,argmax,segformer_b2_cityscapes_mcdrop8,acdc_rain_targetcal25,2,0.8285714285714286
1.0,1000,False,0.0,0.0,1.0,0.9452631578947368,26,35.0,0.0,False,0.0,0.0,0.0,,,24,rider,0.05,0.5,region_crc,segformer_b2_cityscapes_mcdrop8,acdc_rain_targetcal25,2,
0.999,999,True,0.3974358974358974,0.3974358974358974,0.010215243324637413,0.9452631578947368,26,35.0,0.26315789473684204,False,0.5,0.0,0.0,,,24,rider,0.05,0.5,heuristic,segformer_b2_cityscapes_mcdrop8,acdc_rain_targetcal25,2,
,-1,True,,0.8846153846153846,0.00022402332979254425,,475,,,False,,,,,,24,rider,0.05,0.5,argmax,segformer_b2_cityscapes_mcdrop8,acdc_rain_targetcal25,2,0.8857142857142857
1.0,1000,False,0.0,0.0,1.0,0.9452631578947368,26,35.0,0.0,False,0.0,0.0,0.0,,,24,rider,0.1,0.5,region_crc,segformer_b2_cityscapes_mcdrop8,acdc_rain_targetcal25,2,
0.999,999,True,0.3974358974358974,0.3974358974358974,0.010215243324637413,0.9452631578947368,26,35.0,0.26315789473684204,False,0.5,0.0,0.0,,,24,rider,0.1,0.5,heuristic,segformer_b2_cityscapes_mcdrop8,acdc_rain_targetcal25,2,
,-1,True,,0.8846153846153846,0.00022402332979254425,,475,,,False,,,,,,24,rider,0.1,0.5,argmax,segformer_b2_cityscapes_mcdrop8,acdc_rain_targetcal25,2,0.8857142857142857
1.0,1000,False,0.0,0.0,1.0,0.9452631578947368,26,35.0,0.0,False,0.0,0.0,0.0,,,24,rider,0.2,0.5,region_crc,segformer_b2_cityscapes_mcdrop8,acdc_rain_targetcal25,2,
0.999,999,True,0.3974358974358974,0.3974358974358974,0.010215243324637413,0.9452631578947368,26,35.0,0.26315789473684204,False,0.5,0.0,0.0,,,24,rider,0.2,0.5,heuristic,segformer_b2_cityscapes_mcdrop8,acdc_rain_targetcal25,2,
,-1,True,,0.8846153846153846,0.00022402332979254425,,475,,,False,,,,,,24,rider,0.2,0.5,argmax,segformer_b2_cityscapes_mcdrop8,acdc_rain_targetcal25,2,0.8857142857142857
1.0,1000,False,0.0,0.0,1.0,0.84,76,146.0,0.0,False,0.0,0.0,0.0,,,24,bicycle,0.05,0.1,region_crc,segformer_b2_cityscapes_mcdrop8,acdc_rain_targetcal25,7,
1.0,1000,True,0.0,0.0,1.0,0.84,76,146.0,0.0,False,0.0,0.0,0.0,,,24,bicycle,0.05,0.1,heuristic,segformer_b2_cityscapes_mcdrop8,acdc_rain_targetcal25,7,
,-1,True,,0.7791040100250627,0.0010605760617181659,,475,,,False,,,,,,24,bicycle,0.05,0.1,argmax,segformer_b2_cityscapes_mcdrop8,acdc_rain_targetcal25,7,0.773972602739726
1.0,1000,False,0.0,0.0,1.0,0.84,76,146.0,0.0,False,0.0,0.0,0.0,,,24,bicycle,0.1,0.1,region_crc,segformer_b2_cityscapes_mcdrop8,acdc_rain_targetcal25,7,
1.0,1000,True,0.0,0.0,1.0,0.84,76,146.0,0.0,False,0.0,0.0,0.0,,,24,bicycle,0.1,0.1,heuristic,segformer_b2_cityscapes_mcdrop8,acdc_rain_targetcal25,7,
,-1,True,,0.7791040100250627,0.0010605760617181659,,475,,,False,,,,,,24,bicycle,0.1,0.1,argmax,segformer_b2_cityscapes_mcdrop8,acdc_rain_targetcal25,7,0.773972602739726
1.0,1000,True,0.0,0.0,1.0,0.84,76,146.0,0.0,False,0.0,0.0,0.0,,,24,bicycle,0.2,0.1,region_crc,segformer_b2_cityscapes_mcdrop8,acdc_rain_targetcal25,7,
0.983,983,True,0.4130952380952381,0.41309523809523807,0.006663687061518431,6.136842105263158,76,146.0,0.2547368421052631,False,0.5925925925925926,0.19607843137254902,0.0,,,24,bicycle,0.2,0.1,heuristic,segformer_b2_cityscapes_mcdrop8,acdc_rain_targetcal25,7,
,-1,True,,0.7791040100250627,0.0010605760617181659,,475,,,False,,,,,,24,bicycle,0.2,0.1,argmax,segformer_b2_cityscapes_mcdrop8,acdc_rain_targetcal25,7,0.773972602739726
1.0,1000,False,0.0,0.0,1.0,0.84,76,146.0,0.0,False,0.0,0.0,0.0,,,24,bicycle,0.05,0.5,region_crc,segformer_b2_cityscapes_mcdrop8,acdc_rain_targetcal25,7,
1.0,1000,True,0.0,0.0,1.0,0.84,76,146.0,0.0,False,0.0,0.0,0.0,,,24,bicycle,0.05,0.5,heuristic,segformer_b2_cityscapes_mcdrop8,acdc_rain_targetcal25,7,
,-1,True,,0.8058583959899749,0.0010605760617181659,,475,,,False,,,,,,24,bicycle,0.05,0.5,argmax,segformer_b2_cityscapes_mcdrop8,acdc_rain_targetcal25,7,0.8013698630136986
1.0,1000,False,0.0,0.0,1.0,0.84,76,146.0,0.0,False,0.0,0.0,0.0,,,24,bicycle,0.1,0.5,region_crc,segformer_b2_cityscapes_mcdrop8,acdc_rain_targetcal25,7,
1.0,1000,True,0.0,0.0,1.0,0.84,76,146.0,0.0,False,0.0,0.0,0.0,,,24,bicycle,0.1,0.5,heuristic,segformer_b2_cityscapes_mcdrop8,acdc_rain_targetcal25,7,
,-1,True,,0.8058583959899749,0.0010605760617181659,,475,,,False,,,,,,24,bicycle,0.1,0.5,argmax,segformer_b2_cityscapes_mcdrop8,acdc_rain_targetcal25,7,0.8013698630136986
1.0,1000,True,0.0,0.0,1.0,0.84,76,146.0,0.0,False,0.0,0.0,0.0,,,24,bicycle,0.2,0.5,region_crc,segformer_b2_cityscapes_mcdrop8,acdc_rain_targetcal25,7,
0.994,994,True,0.4109022556390977,0.4109022556390977,0.011611665599048138,0.84,76,146.0,0.2631578947368421,False,0.5802469135802469,0.21568627450980393,0.0,,,24,bicycle,0.2,0.5,heuristic,segformer_b2_cityscapes_mcdrop8,acdc_rain_targetcal25,7,
,-1,True,,0.8058583959899749,0.0010605760617181659,,475,,,False,,,,,,24,bicycle,0.2,0.5,argmax,segformer_b2_cityscapes_mcdrop8,acdc_rain_targetcal25,7,0.8013698630136986
1.0,1000,False,0.0,0.0,1.0,0.6610526315789473,161,320.0,0.0,False,0.0,0.0,0.0,,,25,person,0.05,0.1,region_crc,segformer_b2_cityscapes_mcdrop8,acdc_rain_targetcal25,9,
0.99,990,True,0.11859903381642513,0.11859903381642513,0.022166194394230843,0.6610526315789473,161,320.0,0.16842105263157892,False,0.14207650273224043,0.05217391304347826,0.0,,,25,person,0.05,0.1,heuristic,segformer_b2_cityscapes_mcdrop8,acdc_rain_targetcal25,9,
,-1,True,,0.6488495286631932,0.001797108561731875,,475,,,False,,,,,,25,person,0.05,0.1,argmax,segformer_b2_cityscapes_mcdrop8,acdc_rain_targetcal25,9,0.603125
0.99,990,True,0.11859903381642513,0.11859903381642513,0.022166194394230843,0.6610526315789473,161,320.0,0.16842105263157892,False,0.14207650273224043,0.05217391304347826,0.0,,,25,person,0.1,0.1,region_crc,segformer_b2_cityscapes_mcdrop8,acdc_rain_targetcal25,9,
0.99,990,True,0.11859903381642513,0.11859903381642513,0.022166194394230843,0.6610526315789473,161,320.0,0.16842105263157892,False,0.14207650273224043,0.05217391304347826,0.0,,,25,person,0.1,0.1,heuristic,segformer_b2_cityscapes_mcdrop8,acdc_rain_targetcal25,9,
,-1,True,,0.6488495286631932,0.001797108561731875,,475,,,False,,,,,,25,person,0.1,0.1,argmax,segformer_b2_cityscapes_mcdrop8,acdc_rain_targetcal25,9,0.603125
0.981,981,True,0.19489302967563837,0.19489302967563837,0.015908977016806602,15.797894736842105,161,320.0,0.13052631578947366,False,0.22950819672131148,0.09565217391304348,0.0,,,25,person,0.2,0.1,region_crc,segformer_b2_cityscapes_mcdrop8,acdc_rain_targetcal25,9,
0.977,977,True,0.21555714816584381,0.21555714816584381,0.01432160846889019,15.797894736842105,161,320.0,0.1347368421052631,False,0.2568306010928962,0.09565217391304348,0.0,,,25,person,0.2,0.1,heuristic,segformer_b2_cityscapes_mcdrop8,acdc_rain_targetcal25,9,
,-1,True,,0.6488495286631932,0.001797108561731875,,475,,,False,,,,,,25,person,0.2,0.1,argmax,segformer_b2_cityscapes_mcdrop8,acdc_rain_targetcal25,9,0.603125
1.0,1000,False,0.0,0.0,1.0,0.6610526315789473,161,320.0,0.0,False,0.0,0.0,0.0,,,25,person,0.05,0.5,region_crc,segformer_b2_cityscapes_mcdrop8,acdc_rain_targetcal25,9,
0.993,993,True,0.17781228433402346,0.17781228433402346,0.026363983750343323,0.6610526315789473,161,320.0,0.1389473684210526,False,0.1912568306010929,0.11304347826086956,0.0,,,25,person,0.05,0.5,heuristic,segformer_b2_cityscapes_mcdrop8,acdc_rain_targetcal25,9,
,-1,True,,0.7702435935355191,0.001797108561731875,,475,,,False,,,,,,25,person,0.05,0.5,argmax,segformer_b2_cityscapes_mcdrop8,acdc_rain_targetcal25,9,0.709375
0.993,993,True,0.17781228433402346,0.17781228433402346,0.026363983750343323,0.6610526315789473,161,320.0,0.1389473684210526,False,0.1912568306010929,0.11304347826086956,0.0,,,25,person,0.1,0.5,region_crc,segformer_b2_cityscapes_mcdrop8,acdc_rain_targetcal25,9,
0.993,993,True,0.17781228433402346,0.17781228433402346,0.026363983750343323,0.6610526315789473,161,320.0,0.1389473684210526,False,0.1912568306010929,0.11304347826086956,0.0,,,25,person,0.1,0.5,heuristic,segformer_b2_cityscapes_mcdrop8,acdc_rain_targetcal25,9,
,-1,True,,0.7702435935355191,0.001797108561731875,,475,,,False,,,,,,25,person,0.1,0.5,argmax,segformer_b2_cityscapes_mcdrop8,acdc_rain_targetcal25,9,0.709375
0.986,986,True,0.26541381323990015,0.26541381323990015,0.0186991598457098,15.797894736842105,161,320.0,0.128421052631579,False,0.30601092896174864,0.1391304347826087,0.0,,,25,person,0.2,0.5,region_crc,segformer_b2_cityscapes_mcdrop8,acdc_rain_targetcal25,9,
0.986,986,True,0.26541381323990015,0.26541381323990015,0.0186991598457098,15.797894736842105,161,320.0,0.128421052631579,False,0.30601092896174864,0.1391304347826087,0.0,,,25,person,0.2,0.5,heuristic,segformer_b2_cityscapes_mcdrop8,acdc_rain_targetcal25,9,
,-1,True,,0.7702435935355191,0.001797108561731875,,475,,,False,,,,,,25,person,0.2,0.5,argmax,segformer_b2_cityscapes_mcdrop8,acdc_rain_targetcal25,9,0.709375
,-1,False,,,,,475,,,False,,,,,,25,rider,0.05,0.1,region_crc,segformer_b2_cityscapes_mcdrop8,acdc_rain_targetcal25,0,
,-1,False,,,,,475,,,False,,,,,,25,rider,0.05,0.1,heuristic,segformer_b2_cityscapes_mcdrop8,acdc_rain_targetcal25,0,
,-1,True,,0.8035714285714286,0.0002510822669137269,,475,,,False,,,,,,25,rider,0.05,0.1,argmax,segformer_b2_cityscapes_mcdrop8,acdc_rain_targetcal25,0,0.8157894736842105
,-1,False,,,,,475,,,False,,,,,,25,rider,0.1,0.1,region_crc,segformer_b2_cityscapes_mcdrop8,acdc_rain_targetcal25,0,
,-1,False,,,,,475,,,False,,,,,,25,rider,0.1,0.1,heuristic,segformer_b2_cityscapes_mcdrop8,acdc_rain_targetcal25,0,
,-1,True,,0.8035714285714286,0.0002510822669137269,,475,,,False,,,,,,25,rider,0.1,0.1,argmax,segformer_b2_cityscapes_mcdrop8,acdc_rain_targetcal25,0,0.8157894736842105
,-1,False,,,,,475,,,False,,,,,,25,rider,0.2,0.1,region_crc,segformer_b2_cityscapes_mcdrop8,acdc_rain_targetcal25,0,
,-1,False,,,,,475,,,False,,,,,,25,rider,0.2,0.1,heuristic,segformer_b2_cityscapes_mcdrop8,acdc_rain_targetcal25,0,
,-1,True,,0.8035714285714286,0.0002510822669137269,,475,,,False,,,,,,25,rider,0.2,0.1,argmax,segformer_b2_cityscapes_mcdrop8,acdc_rain_targetcal25,0,0.8157894736842105
,-1,False,,,,,475,,,False,,,,,,25,rider,0.05,0.5,region_crc,segformer_b2_cityscapes_mcdrop8,acdc_rain_targetcal25,0,
,-1,False,,,,,475,,,False,,,,,,25,rider,0.05,0.5,heuristic,segformer_b2_cityscapes_mcdrop8,acdc_rain_targetcal25,0,
,-1,True,,0.8571428571428571,0.0002510822669137269,,475,,,False,,,,,,25,rider,0.05,0.5,argmax,segformer_b2_cityscapes_mcdrop8,acdc_rain_targetcal25,0,0.868421052631579
,-1,False,,,,,475,,,False,,,,,,25,rider,0.1,0.5,region_crc,segformer_b2_cityscapes_mcdrop8,acdc_rain_targetcal25,0,
,-1,False,,,,,475,,,False,,,,,,25,rider,0.1,0.5,heuristic,segformer_b2_cityscapes_mcdrop8,acdc_rain_targetcal25,0,
,-1,True,,0.8571428571428571,0.0002510822669137269,,475,,,False,,,,,,25,rider,0.1,0.5,argmax,segformer_b2_cityscapes_mcdrop8,acdc_rain_targetcal25,0,0.868421052631579
,-1,False,,,,,475,,,False,,,,,,25,rider,0.2,0.5,region_crc,segformer_b2_cityscapes_mcdrop8,acdc_rain_targetcal25,0,
,-1,False,,,,,475,,,False,,,,,,25,rider,0.2,0.5,heuristic,segformer_b2_cityscapes_mcdrop8,acdc_rain_targetcal25,0,
,-1,True,,0.8571428571428571,0.0002510822669137269,,475,,,False,,,,,,25,rider,0.2,0.5,argmax,segformer_b2_cityscapes_mcdrop8,acdc_rain_targetcal25,0,0.868421052631579
1.0,1000,False,0.0,0.0,1.0,0.8315789473684211,80,151.0,0.0,False,0.0,0.0,0.0,,,25,bicycle,0.05,0.1,region_crc,segformer_b2_cityscapes_mcdrop8,acdc_rain_targetcal25,3,
1.0,1000,True,0.0,0.0,1.0,0.8315789473684211,80,151.0,0.0,False,0.0,0.0,0.0,,,25,bicycle,0.05,0.1,heuristic,segformer_b2_cityscapes_mcdrop8,acdc_rain_targetcal25,3,
,-1,True,,0.7401488095238096,0.0011372907320037484,,475,,,False,,,,,,25,bicycle,0.05,0.1,argmax,segformer_b2_cityscapes_mcdrop8,acdc_rain_targetcal25,3,0.7152317880794702
1.0,1000,False,0.0,0.0,1.0,0.8315789473684211,80,151.0,0.0,False,0.0,0.0,0.0,,,25,bicycle,0.1,0.1,region_crc,segformer_b2_cityscapes_mcdrop8,acdc_rain_targetcal25,3,
1.0,1000,True,0.0,0.0,1.0,0.8315789473684211,80,151.0,0.0,False,0.0,0.0,0.0,,,25,bicycle,0.1,0.1,heuristic,segformer_b2_cityscapes_mcdrop8,acdc_rain_targetcal25,3,
,-1,True,,0.7401488095238096,0.0011372907320037484,,475,,,False,,,,,,25,bicycle,0.1,0.1,argmax,segformer_b2_cityscapes_mcdrop8,acdc_rain_targetcal25,3,0.7152317880794702
1.0,1000,False,0.0,0.0,1.0,0.8315789473684211,80,151.0,0.0,False,0.0,0.0,0.0,,,25,bicycle,0.2,0.1,region_crc,segformer_b2_cityscapes_mcdrop8,acdc_rain_targetcal25,3,
1.0,1000,True,0.0,0.0,1.0,0.8315789473684211,80,151.0,0.0,False,0.0,0.0,0.0,,,25,bicycle,0.2,0.1,heuristic,segformer_b2_cityscapes_mcdrop8,acdc_rain_targetcal25,3,
,-1,True,,0.7401488095238096,0.0011372907320037484,,475,,,False,,,,,,25,bicycle,0.2,0.1,argmax,segformer_b2_cityscapes_mcdrop8,acdc_rain_targetcal25,3,0.7152317880794702
1.0,1000,False,0.0,0.0,1.0,0.8315789473684211,80,151.0,0.0,False,0.0,0.0,0.0,,,25,bicycle,0.05,0.5,region_crc,segformer_b2_cityscapes_mcdrop8,acdc_rain_targetcal25,3,
1.0,1000,True,0.0,0.0,1.0,0.8315789473684211,80,151.0,0.0,False,0.0,0.0,0.0,,,25,bicycle,0.05,0.5,heuristic,segformer_b2_cityscapes_mcdrop8,acdc_rain_targetcal25,3,
,-1,True,,0.7655654761904762,0.0011372907320037484,,475,,,False,,,,,,25,bicycle,0.05,0.5,argmax,segformer_b2_cityscapes_mcdrop8,acdc_rain_targetcal25,3,0.7417218543046358
1.0,1000,False,0.0,0.0,1.0,0.8315789473684211,80,151.0,0.0,False,0.0,0.0,0.0,,,25,bicycle,0.1,0.5,region_crc,segformer_b2_cityscapes_mcdrop8,acdc_rain_targetcal25,3,
1.0,1000,True,0.0,0.0,1.0,0.8315789473684211,80,151.0,0.0,False,0.0,0.0,0.0,,,25,bicycle,0.1,0.5,heuristic,segformer_b2_cityscapes_mcdrop8,acdc_rain_targetcal25,3,
,-1,True,,0.7655654761904762,0.0011372907320037484,,475,,,False,,,,,,25,bicycle,0.1,0.5,argmax,segformer_b2_cityscapes_mcdrop8,acdc_rain_targetcal25,3,0.7417218543046358
1.0,1000,False,0.0,0.0,1.0,0.8315789473684211,80,151.0,0.0,False,0.0,0.0,0.0,,,25,bicycle,0.2,0.5,region_crc,segformer_b2_cityscapes_mcdrop8,acdc_rain_targetcal25,3,
1.0,1000,True,0.0,0.0,1.0,0.8315789473684211,80,151.0,0.0,False,0.0,0.0,0.0,,,25,bicycle,0.2,0.5,heuristic,segformer_b2_cityscapes_mcdrop8,acdc_rain_targetcal25,3,
,-1,True,,0.7655654761904762,0.0011372907320037484,,475,,,False,,,,,,25,bicycle,0.2,0.5,argmax,segformer_b2_cityscapes_mcdrop8,acdc_rain_targetcal25,3,0.7417218543046358
1.0,1000,False,0.0,0.0,1.0,0.6631578947368421,160,315.0,0.0,False,0.0,0.0,0.0,,,26,person,0.05,0.1,region_crc,segformer_b2_cityscapes_mcdrop8,acdc_rain_targetcal25,10,
0.993,993,True,0.08635416666666666,0.08635416666666666,0.026634834706783295,0.6631578947368421,160,315.0,0.1242105263157895,False,0.09142857142857143,0.05128205128205128,0.0,,,26,person,0.05,0.1,heuristic,segformer_b2_cityscapes_mcdrop8,acdc_rain_targetcal25,10,
,-1,True,,0.6362381715506716,0.0018419773550704122,,475,,,False,,,,,,26,person,0.05,0.1,argmax,segformer_b2_cityscapes_mcdrop8,acdc_rain_targetcal25,10,0.580952380952381
1.0,1000,True,0.0,0.0,1.0,0.6631578947368421,160,315.0,0.0,False,0.0,0.0,0.0,,,26,person,0.1,0.1,region_crc,segformer_b2_cityscapes_mcdrop8,acdc_rain_targetcal25,10,
0.988,988,True,0.14173611111111112,0.14173611111111112,0.020445123314857483,0.6631578947368421,160,315.0,0.09894736842105264,False,0.16,0.05982905982905983,0.0,,,26,person,0.1,0.1,heuristic,segformer_b2_cityscapes_mcdrop8,acdc_rain_targetcal25,10,
,-1,True,,0.6362381715506716,0.0018419773550704122,,475,,,False,,,,,,26,person,0.1,0.1,argmax,segformer_b2_cityscapes_mcdrop8,acdc_rain_targetcal25,10,0.580952380952381
0.988,988,True,0.14173611111111112,0.14173611111111112,0.020445123314857483,0.6631578947368421,160,315.0,0.09894736842105264,False,0.16,0.05982905982905983,0.0,,,26,person,0.2,0.1,region_crc,segformer_b2_cityscapes_mcdrop8,acdc_rain_targetcal25,10,
0.98,980,True,0.19346688034188034,0.19346688034188034,0.01563972420990467,15.837894736842106,160,315.0,0.08631578947368423,False,0.2342857142857143,0.08547008547008547,0.0,,,26,person,0.2,0.1,heuristic,segformer_b2_cityscapes_mcdrop8,acdc_rain_targetcal25,10,
,-1,True,,0.6362381715506716,0.0018419773550704122,,475,,,False,,,,,,26,person,0.2,0.1,argmax,segformer_b2_cityscapes_mcdrop8,acdc_rain_targetcal25,10,0.580952380952381
1.0,1000,False,0.0,0.0,1.0,0.6631578947368421,160,315.0,0.0,False,0.0,0.0,0.0,,,26,person,0.05,0.5,region_crc,segformer_b2_cityscapes_mcdrop8,acdc_rain_targetcal25,10,
0.995,995,True,0.15840277777777778,0.15840277777777778,0.031171124428510666,0.6631578947368421,160,315.0,0.14105263157894737,False,0.15428571428571428,0.09401709401709402,0.0,,,26,person,0.05,0.5,heuristic,segformer_b2_cityscapes_mcdrop8,acdc_rain_targetcal25,10,
,-1,True,,0.7568284493284494,0.0018419773550704122,,475,,,False,,,,,,26,person,0.05,0.5,argmax,segformer_b2_cityscapes_mcdrop8,acdc_rain_targetcal25,10,0.6888888888888889
1.0,1000,True,0.0,0.0,1.0,0.6631578947368421,160,315.0,0.0,False,0.0,0.0,0.0,,,26,person,0.1,0.5,region_crc,segformer_b2_cityscapes_mcdrop8,acdc_rain_targetcal25,10,
0.993,993,True,0.1726736111111111,0.1726736111111111,0.026634834706783295,0.6631578947368421,160,315.0,0.1242105263157895,False,0.18857142857142858,0.10256410256410256,0.0,,,26,person,0.1,0.5,heuristic,segformer_b2_cityscapes_mcdrop8,acdc_rain_targetcal25,10,
,-1,True,,0.7568284493284494,0.0018419773550704122,,475,,,False,,,,,,26,person,0.1,0.5,argmax,segformer_b2_cityscapes_mcdrop8,acdc_rain_targetcal25,10,0.6888888888888889
0.993,993,True,0.1726736111111111,0.1726736111111111,0.026634834706783295,0.6631578947368421,160,315.0,0.1242105263157895,False,0.18857142857142858,0.10256410256410256,0.0,,,26,person,0.2,0.5,region_crc,segformer_b2_cityscapes_mcdrop8,acdc_rain_targetcal25,10,
0.989,989,True,0.239508547008547,0.239508547008547,0.021360015496611595,0.6631578947368421,160,315.0,0.10947368421052639,False,0.26857142857142857,0.11965811965811966,0.0,,,26,person,0.2,0.5,heuristic,segformer_b2_cityscapes_mcdrop8,acdc_rain_targetcal25,10,
,-1,True,,0.7568284493284494,0.0018419773550704122,,475,,,False,,,,,,26,person,0.2,0.5,argmax,segformer_b2_cityscapes_mcdrop8,acdc_rain_targetcal25,10,0.6888888888888889
,-1,False,,,,,475,,,False,,,,,,26,rider,0.05,0.1,region_crc,segformer_b2_cityscapes_mcdrop8,acdc_rain_targetcal25,0,
,-1,False,,,,,475,,,False,,,,,,26,rider,0.05,0.1,heuristic,segformer_b2_cityscapes_mcdrop8,acdc_rain_targetcal25,0,
,-1,True,,0.8035714285714286,0.0002504081348888576,,475,,,False,,,,,,26,rider,0.05,0.1,argmax,segformer_b2_cityscapes_mcdrop8,acdc_rain_targetcal25,0,0.8157894736842105
,-1,False,,,,,475,,,False,,,,,,26,rider,0.1,0.1,region_crc,segformer_b2_cityscapes_mcdrop8,acdc_rain_targetcal25,0,
,-1,False,,,,,475,,,False,,,,,,26,rider,0.1,0.1,heuristic,segformer_b2_cityscapes_mcdrop8,acdc_rain_targetcal25,0,
,-1,True,,0.8035714285714286,0.0002504081348888576,,475,,,False,,,,,,26,rider,0.1,0.1,argmax,segformer_b2_cityscapes_mcdrop8,acdc_rain_targetcal25,0,0.8157894736842105
,-1,False,,,,,475,,,False,,,,,,26,rider,0.2,0.1,region_crc,segformer_b2_cityscapes_mcdrop8,acdc_rain_targetcal25,0,
,-1,False,,,,,475,,,False,,,,,,26,rider,0.2,0.1,heuristic,segformer_b2_cityscapes_mcdrop8,acdc_rain_targetcal25,0,
,-1,True,,0.8035714285714286,0.0002504081348888576,,475,,,False,,,,,,26,rider,0.2,0.1,argmax,segformer_b2_cityscapes_mcdrop8,acdc_rain_targetcal25,0,0.8157894736842105
,-1,False,,,,,475,,,False,,,,,,26,rider,0.05,0.5,region_crc,segformer_b2_cityscapes_mcdrop8,acdc_rain_targetcal25,0,
,-1,False,,,,,475,,,False,,,,,,26,rider,0.05,0.5,heuristic,segformer_b2_cityscapes_mcdrop8,acdc_rain_targetcal25,0,
,-1,True,,0.8571428571428571,0.0002504081348888576,,475,,,False,,,,,,26,rider,0.05,0.5,argmax,segformer_b2_cityscapes_mcdrop8,acdc_rain_targetcal25,0,0.868421052631579
,-1,False,,,,,475,,,False,,,,,,26,rider,0.1,0.5,region_crc,segformer_b2_cityscapes_mcdrop8,acdc_rain_targetcal25,0,
,-1,False,,,,,475,,,False,,,,,,26,rider,0.1,0.5,heuristic,segformer_b2_cityscapes_mcdrop8,acdc_rain_targetcal25,0,
,-1,True,,0.8571428571428571,0.0002504081348888576,,475,,,False,,,,,,26,rider,0.1,0.5,argmax,segformer_b2_cityscapes_mcdrop8,acdc_rain_targetcal25,0,0.868421052631579
,-1,False,,,,,475,,,False,,,,,,26,rider,0.2,0.5,region_crc,segformer_b2_cityscapes_mcdrop8,acdc_rain_targetcal25,0,
,-1,False,,,,,475,,,False,,,,,,26,rider,0.2,0.5,heuristic,segformer_b2_cityscapes_mcdrop8,acdc_rain_targetcal25,0,
,-1,True,,0.8571428571428571,0.0002504081348888576,,475,,,False,,,,,,26,rider,0.2,0.5,argmax,segformer_b2_cityscapes_mcdrop8,acdc_rain_targetcal25,0,0.868421052631579
1.0,1000,False,0.0,0.0,1.0,0.8294736842105264,81,156.0,0.0,False,0.0,0.0,0.0,,,26,bicycle,0.05,0.1,region_crc,segformer_b2_cityscapes_mcdrop8,acdc_rain_targetcal25,2,
1.0,1000,True,0.0,0.0,1.0,0.8294736842105264,81,156.0,0.0,False,0.0,0.0,0.0,,,26,bicycle,0.05,0.1,heuristic,segformer_b2_cityscapes_mcdrop8,acdc_rain_targetcal25,2,
,-1,True,,0.7433568489124045,0.0011276620207354426,,475,,,False,,,,,,26,bicycle,0.05,0.1,argmax,segformer_b2_cityscapes_mcdrop8,acdc_rain_targetcal25,2,0.7243589743589743
1.0,1000,False,0.0,0.0,1.0,0.8294736842105264,81,156.0,0.0,False,0.0,0.0,0.0,,,26,bicycle,0.1,0.1,region_crc,segformer_b2_cityscapes_mcdrop8,acdc_rain_targetcal25,2,
1.0,1000,True,0.0,0.0,1.0,0.8294736842105264,81,156.0,0.0,False,0.0,0.0,0.0,,,26,bicycle,0.1,0.1,heuristic,segformer_b2_cityscapes_mcdrop8,acdc_rain_targetcal25,2,
,-1,True,,0.7433568489124045,0.0011276620207354426,,475,,,False,,,,,,26,bicycle,0.1,0.1,argmax,segformer_b2_cityscapes_mcdrop8,acdc_rain_targetcal25,2,0.7243589743589743
1.0,1000,False,0.0,0.0,1.0,0.8294736842105264,81,156.0,0.0,False,0.0,0.0,0.0,,,26,bicycle,0.2,0.1,region_crc,segformer_b2_cityscapes_mcdrop8,acdc_rain_targetcal25,2,
1.0,1000,True,0.0,0.0,1.0,0.8294736842105264,81,156.0,0.0,False,0.0,0.0,0.0,,,26,bicycle,0.2,0.1,heuristic,segformer_b2_cityscapes_mcdrop8,acdc_rain_targetcal25,2,
,-1,True,,0.7433568489124045,0.0011276620207354426,,475,,,False,,,,,,26,bicycle,0.2,0.1,argmax,segformer_b2_cityscapes_mcdrop8,acdc_rain_targetcal25,2,0.7243589743589743
1.0,1000,False,0.0,0.0,1.0,0.8294736842105264,81,156.0,0.0,False,0.0,0.0,0.0,,,26,bicycle,0.05,0.5,region_crc,segformer_b2_cityscapes_mcdrop8,acdc_rain_targetcal25,2,
1.0,1000,True,0.0,0.0,1.0,0.8294736842105264,81,156.0,0.0,False,0.0,0.0,0.0,,,26,bicycle,0.05,0.5,heuristic,segformer_b2_cityscapes_mcdrop8,acdc_rain_targetcal25,2,
,-1,True,,0.7684597295708406,0.0011276620207354426,,475,,,False,,,,,,26,bicycle,0.05,0.5,argmax,segformer_b2_cityscapes_mcdrop8,acdc_rain_targetcal25,2,0.75
1.0,1000,False,0.0,0.0,1.0,0.8294736842105264,81,156.0,0.0,False,0.0,0.0,0.0,,,26,bicycle,0.1,0.5,region_crc,segformer_b2_cityscapes_mcdrop8,acdc_rain_targetcal25,2,
1.0,1000,True,0.0,0.0,1.0,0.8294736842105264,81,156.0,0.0,False,0.0,0.0,0.0,,,26,bicycle,0.1,0.5,heuristic,segformer_b2_cityscapes_mcdrop8,acdc_rain_targetcal25,2,
,-1,True,,0.7684597295708406,0.0011276620207354426,,475,,,False,,,,,,26,bicycle,0.1,0.5,argmax,segformer_b2_cityscapes_mcdrop8,acdc_rain_targetcal25,2,0.75
1.0,1000,False,0.0,0.0,1.0,0.8294736842105264,81,156.0,0.0,False,0.0,0.0,0.0,,,26,bicycle,0.2,0.5,region_crc,segformer_b2_cityscapes_mcdrop8,acdc_rain_targetcal25,2,
1.0,1000,True,0.0,0.0,1.0,0.8294736842105264,81,156.0,0.0,False,0.0,0.0,0.0,,,26,bicycle,0.2,0.5,heuristic,segformer_b2_cityscapes_mcdrop8,acdc_rain_targetcal25,2,
,-1,True,,0.7684597295708406,0.0011276620207354426,,475,,,False,,,,,,26,bicycle,0.2,0.5,argmax,segformer_b2_cityscapes_mcdrop8,acdc_rain_targetcal25,2,0.75
1.0,1000,False,0.0,0.0,1.0,0.6589473684210526,162,317.0,0.0,False,0.0,0.0,0.0,,,27,person,0.05,0.1,region_crc,segformer_b2_cityscapes_mcdrop8,acdc_rain_targetcal25,8,
0.994,994,True,0.07448559670781893,0.07448559670781893,0.028513673692941666,0.6589473684210526,162,317.0,0.12210526315789472,False,0.08287292817679558,0.034782608695652174,0.0,,,27,person,0.05,0.1,heuristic,segformer_b2_cityscapes_mcdrop8,acdc_rain_targetcal25,8,
,-1,True,,0.6314697990623918,0.001829001004807651,,475,,,False,,,,,,27,person,0.05,0.1,argmax,segformer_b2_cityscapes_mcdrop8,acdc_rain_targetcal25,8,0.5867507886435331
1.0,1000,False,0.0,0.0,1.0,0.6589473684210526,162,317.0,0.0,False,0.0,0.0,0.0,,,27,person,0.1,0.1,region_crc,segformer_b2_cityscapes_mcdrop8,acdc_rain_targetcal25,8,
0.994,994,True,0.07448559670781893,0.07448559670781893,0.028513673692941666,0.6589473684210526,162,317.0,0.12210526315789472,False,0.08287292817679558,0.034782608695652174,0.0,,,27,person,0.1,0.1,heuristic,segformer_b2_cityscapes_mcdrop8,acdc_rain_targetcal25,8,
,-1,True,,0.6314697990623918,0.001829001004807651,,475,,,False,,,,,,27,person,0.1,0.1,argmax,segformer_b2_cityscapes_mcdrop8,acdc_rain_targetcal25,8,0.5867507886435331
0.994,994,True,0.07448559670781893,0.07448559670781893,0.028513673692941666,0.6589473684210526,162,317.0,0.12210526315789472,False,0.08287292817679558,0.034782608695652174,0.0,,,27,person,0.2,0.1,region_crc,segformer_b2_cityscapes_mcdrop8,acdc_rain_targetcal25,8,
0.988,988,True,0.13484224965706448,0.13484224965706448,0.020354004576802254,0.6589473684210526,162,317.0,0.09052631578947368,False,0.15469613259668508,0.05217391304347826,0.0,,,27,person,0.2,0.1,heuristic,segformer_b2_cityscapes_mcdrop8,acdc_rain_targetcal25,8,
,-1,True,,0.6314697990623918,0.001829001004807651,,475,,,False,,,,,,27,person,0.2,0.1,argmax,segformer_b2_cityscapes_mcdrop8,acdc_rain_targetcal25,8,0.5867507886435331
1.0,1000,False,0.0,0.0,1.0,0.6589473684210526,162,317.0,0.0,False,0.0,0.0,0.0,,,27,person,0.05,0.5,region_crc,segformer_b2_cityscapes_mcdrop8,acdc_rain_targetcal25,8,
0.999,999,True,0.05246913580246913,0.05246913580246913,0.06084054335951805,0.6589473684210526,162,317.0,0.1663157894736842,False,0.03867403314917127,0.043478260869565216,0.0,,,27,person,0.05,0.5,heuristic,segformer_b2_cityscapes_mcdrop8,acdc_rain_targetcal25,8,
,-1,True,,0.7582873573614315,0.001829001004807651,,475,,,False,,,,,,27,person,0.05,0.5,argmax,segformer_b2_cityscapes_mcdrop8,acdc_rain_targetcal25,8,0.6971608832807571
1.0,1000,False,0.0,0.0,1.0,0.6589473684210526,162,317.0,0.0,False,0.0,0.0,0.0,,,27,person,0.1,0.5,region_crc,segformer_b2_cityscapes_mcdrop8,acdc_rain_targetcal25,8,
0.999,999,True,0.05246913580246913,0.05246913580246913,0.06084054335951805,0.6589473684210526,162,317.0,0.1663157894736842,False,0.03867403314917127,0.043478260869565216,0.0,,,27,person,0.1,0.5,heuristic,segformer_b2_cityscapes_mcdrop8,acdc_rain_targetcal25,8,
,-1,True,,0.7582873573614315,0.001829001004807651,,475,,,False,,,,,,27,person,0.1,0.5,argmax,segformer_b2_cityscapes_mcdrop8,acdc_rain_targetcal25,8,0.6971608832807571
0.999,999,True,0.05246913580246913,0.05246913580246913,0.06084054335951805,0.6589473684210526,162,317.0,0.1663157894736842,False,0.03867403314917127,0.043478260869565216,0.0,,,27,person,0.2,0.5,region_crc,segformer_b2_cityscapes_mcdrop8,acdc_rain_targetcal25,8,
0.995,995,True,0.15027434842249657,0.15027434842249657,0.031020058318972588,0.6589473684210526,162,317.0,0.13473684210526315,False,0.14917127071823205,0.08695652173913043,0.0,,,27,person,0.2,0.5,heuristic,segformer_b2_cityscapes_mcdrop8,acdc_rain_targetcal25,8,
,-1,True,,0.7582873573614315,0.001829001004807651,,475,,,False,,,,,,27,person,0.2,0.5,argmax,segformer_b2_cityscapes_mcdrop8,acdc_rain_targetcal25,8,0.6971608832807571
1.0,1000,False,0.0,0.0,1.0,0.9431578947368421,27,37.0,0.0,False,0.0,0.0,0.0,,,27,rider,0.05,0.1,region_crc,segformer_b2_cityscapes_mcdrop8,acdc_rain_targetcal25,1,
0.745,745,True,0.7962962962962963,0.7962962962962963,0.0003518168523442,0.17894736842105263,27,37.0,0.054736842105263084,False,1.0,0.5,0.2,,,27,rider,0.05,0.1,heuristic,segformer_b2_cityscapes_mcdrop8,acdc_rain_targetcal25,1,
,-1,True,,0.7962962962962963,0.00023724415223114192,,475,,,False,,,,,,27,rider,0.05,0.1,argmax,segformer_b2_cityscapes_mcdrop8,acdc_rain_targetcal25,1,0.8108108108108109
1.0,1000,False,0.0,0.0,1.0,0.9431578947368421,27,37.0,0.0,False,0.0,0.0,0.0,,,27,rider,0.1,0.1,region_crc,segformer_b2_cityscapes_mcdrop8,acdc_rain_targetcal25,1,
0.745,745,True,0.7962962962962963,0.7962962962962963,0.0003518168523442,0.17894736842105263,27,37.0,0.054736842105263084,False,1.0,0.5,0.2,,,27,rider,0.1,0.1,heuristic,segformer_b2_cityscapes_mcdrop8,acdc_rain_targetcal25,1,
,-1,True,,0.7962962962962963,0.00023724415223114192,,475,,,False,,,,,,27,rider,0.1,0.1,argmax,segformer_b2_cityscapes_mcdrop8,acdc_rain_targetcal25,1,0.8108108108108109
1.0,1000,False,0.0,0.0,1.0,0.9431578947368421,27,37.0,0.0,False,0.0,0.0,0.0,,,27,rider,0.2,0.1,region_crc,segformer_b2_cityscapes_mcdrop8,acdc_rain_targetcal25,1,
0.745,745,True,0.7962962962962963,0.7962962962962963,0.0003518168523442,0.17894736842105263,27,37.0,0.054736842105263084,False,1.0,0.5,0.2,,,27,rider,0.2,0.1,heuristic,segformer_b2_cityscapes_mcdrop8,acdc_rain_targetcal25,1,
,-1,True,,0.7962962962962963,0.00023724415223114192,,475,,,False,,,,,,27,rider,0.2,0.1,argmax,segformer_b2_cityscapes_mcdrop8,acdc_rain_targetcal25,1,0.8108108108108109
1.0,1000,False,0.0,0.0,1.0,0.9431578947368421,27,37.0,0.0,False,0.0,0.0,0.0,,,27,rider,0.05,0.5,region_crc,segformer_b2_cityscapes_mcdrop8,acdc_rain_targetcal25,1,
0.786,786,True,0.8333333333333334,0.8333333333333334,0.00040272535989061,0.20421052631578948,27,37.0,0.058947368421052526,False,1.0,0.6666666666666666,0.2,,,27,rider,0.05,0.5,heuristic,segformer_b2_cityscapes_mcdrop8,acdc_rain_targetcal25,1,
,-1,True,,0.8518518518518519,0.00023724415223114192,,475,,,False,,,,,,27,rider,0.05,0.5,argmax,segformer_b2_cityscapes_mcdrop8,acdc_rain_targetcal25,1,0.8648648648648649
1.0,1000,False,0.0,0.0,1.0,0.9431578947368421,27,37.0,0.0,False,0.0,0.0,0.0,,,27,rider,0.1,0.5,region_crc,segformer_b2_cityscapes_mcdrop8,acdc_rain_targetcal25,1,
0.786,786,True,0.8333333333333334,0.8333333333333334,0.00040272535989061,0.20421052631578948,27,37.0,0.058947368421052526,False,1.0,0.6666666666666666,0.2,,,27,rider,0.1,0.5,heuristic,segformer_b2_cityscapes_mcdrop8,acdc_rain_targetcal25,1,
,-1,True,,0.8518518518518519,0.00023724415223114192,,475,,,False,,,,,,27,rider,0.1,0.5,argmax,segformer_b2_cityscapes_mcdrop8,acdc_rain_targetcal25,1,0.8648648648648649
1.0,1000,False,0.0,0.0,1.0,0.9431578947368421,27,37.0,0.0,False,0.0,0.0,0.0,,,27,rider,0.2,0.5,region_crc,segformer_b2_cityscapes_mcdrop8,acdc_rain_targetcal25,1,
0.786,786,True,0.8333333333333334,0.8333333333333334,0.00040272535989061,0.20421052631578948,27,37.0,0.058947368421052526,False,1.0,0.6666666666666666,0.2,,,27,rider,0.2,0.5,heuristic,segformer_b2_cityscapes_mcdrop8,acdc_rain_targetcal25,1,
,-1,True,,0.8518518518518519,0.00023724415223114192,,475,,,False,,,,,,27,rider,0.2,0.5,argmax,segformer_b2_cityscapes_mcdrop8,acdc_rain_targetcal25,1,0.8648648648648649
1.0,1000,False,0.0,0.0,1.0,0.8378947368421052,77,151.0,0.0,False,0.0,0.0,0.0,,,27,bicycle,0.05,0.1,region_crc,segformer_b2_cityscapes_mcdrop8,acdc_rain_targetcal25,6,
1.0,1000,True,0.0,0.0,1.0,0.8378947368421052,77,151.0,0.0,False,0.0,0.0,0.0,,,27,bicycle,0.05,0.1,heuristic,segformer_b2_cityscapes_mcdrop8,acdc_rain_targetcal25,6,
,-1,True,,0.7430117501546073,0.0010938383638858795,,475,,,False,,,,,,27,bicycle,0.05,0.1,argmax,segformer_b2_cityscapes_mcdrop8,acdc_rain_targetcal25,6,0.7218543046357616
1.0,1000,False,0.0,0.0,1.0,0.8378947368421052,77,151.0,0.0,False,0.0,0.0,0.0,,,27,bicycle,0.1,0.1,region_crc,segformer_b2_cityscapes_mcdrop8,acdc_rain_targetcal25,6,
1.0,1000,True,0.0,0.0,1.0,0.8378947368421052,77,151.0,0.0,False,0.0,0.0,0.0,,,27,bicycle,0.1,0.1,heuristic,segformer_b2_cityscapes_mcdrop8,acdc_rain_targetcal25,6,
,-1,True,,0.7430117501546073,0.0010938383638858795,,475,,,False,,,,,,27,bicycle,0.1,0.1,argmax,segformer_b2_cityscapes_mcdrop8,acdc_rain_targetcal25,6,0.7218543046357616
1.0,1000,True,0.0,0.0,1.0,0.8378947368421052,77,151.0,0.0,False,0.0,0.0,0.0,,,27,bicycle,0.2,0.1,region_crc,segformer_b2_cityscapes_mcdrop8,acdc_rain_targetcal25,6,
1.0,1000,True,0.0,0.0,1.0,0.8378947368421052,77,151.0,0.0,False,0.0,0.0,0.0,,,27,bicycle,0.2,0.1,heuristic,segformer_b2_cityscapes_mcdrop8,acdc_rain_targetcal25,6,
,-1,True,,0.7430117501546073,0.0010938383638858795,,475,,,False,,,,,,27,bicycle,0.2,0.1,argmax,segformer_b2_cityscapes_mcdrop8,acdc_rain_targetcal25,6,0.7218543046357616
1.0,1000,False,0.0,0.0,1.0,0.8378947368421052,77,151.0,0.0,False,0.0,0.0,0.0,,,27,bicycle,0.05,0.5,region_crc,segformer_b2_cityscapes_mcdrop8,acdc_rain_targetcal25,6,
1.0,1000,True,0.0,0.0,1.0,0.8378947368421052,77,151.0,0.0,False,0.0,0.0,0.0,,,27,bicycle,0.05,0.5,heuristic,segformer_b2_cityscapes_mcdrop8,acdc_rain_targetcal25,6,
,-1,True,,0.7694186765615337,0.0010938383638858795,,475,,,False,,,,,,27,bicycle,0.05,0.5,argmax,segformer_b2_cityscapes_mcdrop8,acdc_rain_targetcal25,6,0.7483443708609272
1.0,1000,False,0.0,0.0,1.0,0.8378947368421052,77,151.0,0.0,False,0.0,0.0,0.0,,,27,bicycle,0.1,0.5,region_crc,segformer_b2_cityscapes_mcdrop8,acdc_rain_targetcal25,6,
1.0,1000,True,0.0,0.0,1.0,0.8378947368421052,77,151.0,0.0,False,0.0,0.0,0.0,,,27,bicycle,0.1,0.5,heuristic,segformer_b2_cityscapes_mcdrop8,acdc_rain_targetcal25,6,
,-1,True,,0.7694186765615337,0.0010938383638858795,,475,,,False,,,,,,27,bicycle,0.1,0.5,argmax,segformer_b2_cityscapes_mcdrop8,acdc_rain_targetcal25,6,0.7483443708609272
1.0,1000,True,0.0,0.0,1.0,0.8378947368421052,77,151.0,0.0,False,0.0,0.0,0.0,,,27,bicycle,0.2,0.5,region_crc,segformer_b2_cityscapes_mcdrop8,acdc_rain_targetcal25,6,
1.0,1000,True,0.0,0.0,1.0,0.8378947368421052,77,151.0,0.0,False,0.0,0.0,0.0,,,27,bicycle,0.2,0.5,heuristic,segformer_b2_cityscapes_mcdrop8,acdc_rain_targetcal25,6,
,-1,True,,0.7694186765615337,0.0010938383638858795,,475,,,False,,,,,,27,bicycle,0.2,0.5,argmax,segformer_b2_cityscapes_mcdrop8,acdc_rain_targetcal25,6,0.7483443708609272
1.0,1000,False,0.0,0.0,1.0,0.6547368421052632,164,321.0,0.0,False,0.0,0.0,0.0,,,28,person,0.05,0.1,region_crc,segformer_b2_cityscapes_mcdrop8,acdc_rain_targetcal25,6,
0.982,982,True,0.18523035230352303,0.18523035230352303,0.016438500955700874,15.888421052631578,164,321.0,0.12842105263157888,False,0.22950819672131148,0.08547008547008547,0.0,,,28,person,0.05,0.1,heuristic,segformer_b2_cityscapes_mcdrop8,acdc_rain_targetcal25,6,
,-1,True,,0.6506998421632568,0.0017309108516201377,,475,,,False,,,,,,28,person,0.05,0.1,argmax,segformer_b2_cityscapes_mcdrop8,acdc_rain_targetcal25,6,0.6074766355140186
1.0,1000,False,0.0,0.0,1.0,0.6547368421052632,164,321.0,0.0,False,0.0,0.0,0.0,,,28,person,0.1,0.1,region_crc,segformer_b2_cityscapes_mcdrop8,acdc_rain_targetcal25,6,
0.982,982,True,0.18523035230352303,0.18523035230352303,0.016438500955700874,15.888421052631578,164,321.0,0.12842105263157888,False,0.22950819672131148,0.08547008547008547,0.0,,,28,person,0.1,0.1,heuristic,segformer_b2_cityscapes_mcdrop8,acdc_rain_targetcal25,6,
,-1,True,,0.6506998421632568,0.0017309108516201377,,475,,,False,,,,,,28,person,0.1,0.1,argmax,segformer_b2_cityscapes_mcdrop8,acdc_rain_targetcal25,6,0.6074766355140186
0.982,982,True,0.18523035230352303,0.18523035230352303,0.016438500955700874,15.888421052631578,164,321.0,0.12842105263157888,False,0.22950819672131148,0.08547008547008547,0.0,,,28,person,0.2,0.1,region_crc,segformer_b2_cityscapes_mcdrop8,acdc_rain_targetcal25,6,
0.98,980,True,0.19484573691890764,0.19484573691890764,0.015521228313446045,15.888421052631578,164,321.0,0.12631578947368416,False,0.2459016393442623,0.08547008547008547,0.0,,,28,person,0.2,0.1,heuristic,segformer_b2_cityscapes_mcdrop8,acdc_rain_targetcal25,6,
,-1,True,,0.6506998421632568,0.0017309108516201377,,475,,,False,,,,,,28,person,0.2,0.1,argmax,segformer_b2_cityscapes_mcdrop8,acdc_rain_targetcal25,6,0.6074766355140186
1.0,1000,False,0.0,0.0,1.0,0.6547368421052632,164,321.0,0.0,False,0.0,0.0,0.0,,,28,person,0.05,0.5,region_crc,segformer_b2_cityscapes_mcdrop8,acdc_rain_targetcal25,6,
0.992,992,True,0.19992703773191578,0.19992703773191578,0.02482231706380844,0.6547368421052632,164,321.0,0.11578947368421055,False,0.22404371584699453,0.11965811965811966,0.0,,,28,person,0.05,0.5,heuristic,segformer_b2_cityscapes_mcdrop8,acdc_rain_targetcal25,6,
,-1,True,,0.7701781619464546,0.0017309108516201377,,475,,,False,,,,,,28,person,0.05,0.5,argmax,segformer_b2_cityscapes_mcdrop8,acdc_rain_targetcal25,6,0.7133956386292835
1.0,1000,False,0.0,0.0,1.0,0.6547368421052632,164,321.0,0.0,False,0.0,0.0,0.0,,,28,person,0.1,0.5,region_crc,segformer_b2_cityscapes_mcdrop8,acdc_rain_targetcal25,6,
0.992,992,True,0.19992703773191578,0.19992703773191578,0.02482231706380844,0.6547368421052632,164,321.0,0.11578947368421055,False,0.22404371584699453,0.11965811965811966,0.0,,,28,person,0.1,0.5,heuristic,segformer_b2_cityscapes_mcdrop8,acdc_rain_targetcal25,6,
,-1,True,,0.7701781619464546,0.0017309108516201377,,475,,,False,,,,,,28,person,0.1,0.5,argmax,segformer_b2_cityscapes_mcdrop8,acdc_rain_targetcal25,6,0.7133956386292835
0.992,992,True,0.19992703773191578,0.19992703773191578,0.02482231706380844,0.6547368421052632,164,321.0,0.11578947368421055,False,0.22404371584699453,0.11965811965811966,0.0,,,28,person,0.2,0.5,region_crc,segformer_b2_cityscapes_mcdrop8,acdc_rain_targetcal25,6,
0.991,991,True,0.2121221596831353,0.2121221596831353,0.0234413743019104,0.6547368421052632,164,321.0,0.13263157894736843,False,0.23497267759562843,0.11965811965811966,0.0,,,28,person,0.2,0.5,heuristic,segformer_b2_cityscapes_mcdrop8,acdc_rain_targetcal25,6,
,-1,True,,0.7701781619464546,0.0017309108516201377,,475,,,False,,,,,,28,person,0.2,0.5,argmax,segformer_b2_cityscapes_mcdrop8,acdc_rain_targetcal25,6,0.7133956386292835
,-1,False,,,,,475,,,False,,,,,,28,rider,0.05,0.1,region_crc,segformer_b2_cityscapes_mcdrop8,acdc_rain_targetcal25,0,
,-1,False,,,,,475,,,False,,,,,,28,rider,0.05,0.1,heuristic,segformer_b2_cityscapes_mcdrop8,acdc_rain_targetcal25,0,
,-1,True,,0.8035714285714286,0.00025105688837356865,,475,,,False,,,,,,28,rider,0.05,0.1,argmax,segformer_b2_cityscapes_mcdrop8,acdc_rain_targetcal25,0,0.8157894736842105
,-1,False,,,,,475,,,False,,,,,,28,rider,0.1,0.1,region_crc,segformer_b2_cityscapes_mcdrop8,acdc_rain_targetcal25,0,
,-1,False,,,,,475,,,False,,,,,,28,rider,0.1,0.1,heuristic,segformer_b2_cityscapes_mcdrop8,acdc_rain_targetcal25,0,
,-1,True,,0.8035714285714286,0.00025105688837356865,,475,,,False,,,,,,28,rider,0.1,0.1,argmax,segformer_b2_cityscapes_mcdrop8,acdc_rain_targetcal25,0,0.8157894736842105
,-1,False,,,,,475,,,False,,,,,,28,rider,0.2,0.1,region_crc,segformer_b2_cityscapes_mcdrop8,acdc_rain_targetcal25,0,
,-1,False,,,,,475,,,False,,,,,,28,rider,0.2,0.1,heuristic,segformer_b2_cityscapes_mcdrop8,acdc_rain_targetcal25,0,
,-1,True,,0.8035714285714286,0.00025105688837356865,,475,,,False,,,,,,28,rider,0.2,0.1,argmax,segformer_b2_cityscapes_mcdrop8,acdc_rain_targetcal25,0,0.8157894736842105
,-1,False,,,,,475,,,False,,,,,,28,rider,0.05,0.5,region_crc,segformer_b2_cityscapes_mcdrop8,acdc_rain_targetcal25,0,
,-1,False,,,,,475,,,False,,,,,,28,rider,0.05,0.5,heuristic,segformer_b2_cityscapes_mcdrop8,acdc_rain_targetcal25,0,
,-1,True,,0.8571428571428571,0.00025105688837356865,,475,,,False,,,,,,28,rider,0.05,0.5,argmax,segformer_b2_cityscapes_mcdrop8,acdc_rain_targetcal25,0,0.868421052631579
,-1,False,,,,,475,,,False,,,,,,28,rider,0.1,0.5,region_crc,segformer_b2_cityscapes_mcdrop8,acdc_rain_targetcal25,0,
,-1,False,,,,,475,,,False,,,,,,28,rider,0.1,0.5,heuristic,segformer_b2_cityscapes_mcdrop8,acdc_rain_targetcal25,0,
,-1,True,,0.8571428571428571,0.00025105688837356865,,475,,,False,,,,,,28,rider,0.1,0.5,argmax,segformer_b2_cityscapes_mcdrop8,acdc_rain_targetcal25,0,0.868421052631579
,-1,False,,,,,475,,,False,,,,,,28,rider,0.2,0.5,region_crc,segformer_b2_cityscapes_mcdrop8,acdc_rain_targetcal25,0,
,-1,False,,,,,475,,,False,,,,,,28,rider,0.2,0.5,heuristic,segformer_b2_cityscapes_mcdrop8,acdc_rain_targetcal25,0,
,-1,True,,0.8571428571428571,0.00025105688837356865,,475,,,False,,,,,,28,rider,0.2,0.5,argmax,segformer_b2_cityscapes_mcdrop8,acdc_rain_targetcal25,0,0.868421052631579
1.0,1000,False,0.0,0.0,1.0,0.8294736842105264,81,157.0,0.0,False,0.0,0.0,0.0,,,28,bicycle,0.05,0.1,region_crc,segformer_b2_cityscapes_mcdrop8,acdc_rain_targetcal25,2,
0.998,998,True,0.21781305114638447,0.21781305114638444,0.020480118691921234,0.8294736842105264,81,157.0,0.12210526315789474,False,0.32558139534883723,0.07017543859649122,0.0,,,28,bicycle,0.05,0.1,heuristic,segformer_b2_cityscapes_mcdrop8,acdc_rain_targetcal25,2,
,-1,True,,0.7433568489124045,0.0010731826769188046,,475,,,False,,,,,,28,bicycle,0.05,0.1,argmax,segformer_b2_cityscapes_mcdrop8,acdc_rain_targetcal25,2,0.7261146496815286
1.0,1000,False,0.0,0.0,1.0,0.8294736842105264,81,157.0,0.0,False,0.0,0.0,0.0,,,28,bicycle,0.1,0.1,region_crc,segformer_b2_cityscapes_mcdrop8,acdc_rain_targetcal25,2,
0.998,998,True,0.21781305114638447,0.21781305114638444,0.020480118691921234,0.8294736842105264,81,157.0,0.12210526315789474,False,0.32558139534883723,0.07017543859649122,0.0,,,28,bicycle,0.1,0.1,heuristic,segformer_b2_cityscapes_mcdrop8,acdc_rain_targetcal25,2,
,-1,True,,0.7433568489124045,0.0010731826769188046,,475,,,False,,,,,,28,bicycle,0.1,0.1,argmax,segformer_b2_cityscapes_mcdrop8,acdc_rain_targetcal25,2,0.7261146496815286
1.0,1000,False,0.0,0.0,1.0,0.8294736842105264,81,157.0,0.0,False,0.0,0.0,0.0,,,28,bicycle,0.2,0.1,region_crc,segformer_b2_cityscapes_mcdrop8,acdc_rain_targetcal25,2,
0.998,998,True,0.21781305114638447,0.21781305114638444,0.020480118691921234,0.8294736842105264,81,157.0,0.12210526315789474,False,0.32558139534883723,0.07017543859649122,0.0,,,28,bicycle,0.2,0.1,heuristic,segformer_b2_cityscapes_mcdrop8,acdc_rain_targetcal25,2,
,-1,True,,0.7433568489124045,0.0010731826769188046,,475,,,False,,,,,,28,bicycle,0.2,0.1,argmax,segformer_b2_cityscapes_mcdrop8,acdc_rain_targetcal25,2,0.7261146496815286
1.0,1000,False,0.0,0.0,1.0,0.8294736842105264,81,157.0,0.0,False,0.0,0.0,0.0,,,28,bicycle,0.05,0.5,region_crc,segformer_b2_cityscapes_mcdrop8,acdc_rain_targetcal25,2,
1.0,1000,True,0.0,0.0,1.0,0.8294736842105264,81,157.0,0.0,False,0.0,0.0,0.0,,,28,bicycle,0.05,0.5,heuristic,segformer_b2_cityscapes_mcdrop8,acdc_rain_targetcal25,2,
,-1,True,,0.7684597295708406,0.0010731826769188046,,475,,,False,,,,,,28,bicycle,0.05,0.5,argmax,segformer_b2_cityscapes_mcdrop8,acdc_rain_targetcal25,2,0.7515923566878981
1.0,1000,False,0.0,0.0,1.0,0.8294736842105264,81,157.0,0.0,False,0.0,0.0,0.0,,,28,bicycle,0.1,0.5,region_crc,segformer_b2_cityscapes_mcdrop8,acdc_rain_targetcal25,2,
1.0,1000,True,0.0,0.0,1.0,0.8294736842105264,81,157.0,0.0,False,0.0,0.0,0.0,,,28,bicycle,0.1,0.5,heuristic,segformer_b2_cityscapes_mcdrop8,acdc_rain_targetcal25,2,
,-1,True,,0.7684597295708406,0.0010731826769188046,,475,,,False,,,,,,28,bicycle,0.1,0.5,argmax,segformer_b2_cityscapes_mcdrop8,acdc_rain_targetcal25,2,0.7515923566878981
1.0,1000,False,0.0,0.0,1.0,0.8294736842105264,81,157.0,0.0,False,0.0,0.0,0.0,,,28,bicycle,0.2,0.5,region_crc,segformer_b2_cityscapes_mcdrop8,acdc_rain_targetcal25,2,
1.0,1000,True,0.0,0.0,1.0,0.8294736842105264,81,157.0,0.0,False,0.0,0.0,0.0,,,28,bicycle,0.2,0.5,heuristic,segformer_b2_cityscapes_mcdrop8,acdc_rain_targetcal25,2,
,-1,True,,0.7684597295708406,0.0010731826769188046,,475,,,False,,,,,,28,bicycle,0.2,0.5,argmax,segformer_b2_cityscapes_mcdrop8,acdc_rain_targetcal25,2,0.7515923566878981
1.0,1000,False,0.0,0.0,1.0,0.6631578947368421,160,309.0,0.0,False,0.0,0.0,0.0,,,29,person,0.05,0.1,region_crc,segformer_b2_cityscapes_mcdrop8,acdc_rain_targetcal25,10,
0.987,987,True,0.1511111111111111,0.1511111111111111,0.019458197057247162,16.0,160,309.0,0.1536842105263158,False,0.1694915254237288,0.07339449541284404,0.0,,,29,person,0.05,0.1,heuristic,segformer_b2_cityscapes_mcdrop8,acdc_rain_targetcal25,10,
,-1,True,,0.6378006715506715,0.001804398256354034,,475,,,False,,,,,,29,person,0.05,0.1,argmax,segformer_b2_cityscapes_mcdrop8,acdc_rain_targetcal25,10,0.5825242718446602
1.0,1000,True,0.0,0.0,1.0,0.6631578947368421,160,309.0,0.0,False,0.0,0.0,0.0,,,29,person,0.1,0.1,region_crc,segformer_b2_cityscapes_mcdrop8,acdc_rain_targetcal25,10,
0.987,987,True,0.1511111111111111,0.1511111111111111,0.019458197057247162,16.0,160,309.0,0.1536842105263158,False,0.1694915254237288,0.07339449541284404,0.0,,,29,person,0.1,0.1,heuristic,segformer_b2_cityscapes_mcdrop8,acdc_rain_targetcal25,10,
,-1,True,,0.6378006715506715,0.001804398256354034,,475,,,False,,,,,,29,person,0.1,0.1,argmax,segformer_b2_cityscapes_mcdrop8,acdc_rain_targetcal25,10,0.5825242718446602
0.987,987,True,0.1511111111111111,0.1511111111111111,0.019458197057247162,16.0,160,309.0,0.1536842105263158,False,0.1694915254237288,0.07339449541284404,0.0,,,29,person,0.2,0.1,region_crc,segformer_b2_cityscapes_mcdrop8,acdc_rain_targetcal25,10,
0.9450000000000001,945,True,0.3465071733821734,0.3465071733821734,0.008422904647886753,10.76421052631579,160,309.0,0.18736842105263163,False,0.4180790960451977,0.1651376146788991,0.043478260869565216,,,29,person,0.2,0.1,heuristic,segformer_b2_cityscapes_mcdrop8,acdc_rain_targetcal25,10,
,-1,True,,0.6378006715506715,0.001804398256354034,,475,,,False,,,,,,29,person,0.2,0.1,argmax,segformer_b2_cityscapes_mcdrop8,acdc_rain_targetcal25,10,0.5825242718446602
1.0,1000,False,0.0,0.0,1.0,0.6631578947368421,160,309.0,0.0,False,0.0,0.0,0.0,,,29,person,0.05,0.5,region_crc,segformer_b2_cityscapes_mcdrop8,acdc_rain_targetcal25,10,
0.998,998,True,0.0809375,0.0809375,0.046207934617996216,0.6631578947368421,160,309.0,0.18315789473684208,False,0.07344632768361582,0.05504587155963303,0.0,,,29,person,0.05,0.5,heuristic,segformer_b2_cityscapes_mcdrop8,acdc_rain_targetcal25,10,
,-1,True,,0.7573492826617827,0.001804398256354034,,475,,,False,,,,,,29,person,0.05,0.5,argmax,segformer_b2_cityscapes_mcdrop8,acdc_rain_targetcal25,10,0.6893203883495146
1.0,1000,True,0.0,0.0,1.0,0.6631578947368421,160,309.0,0.0,False,0.0,0.0,0.0,,,29,person,0.1,0.5,region_crc,segformer_b2_cityscapes_mcdrop8,acdc_rain_targetcal25,10,
0.998,998,True,0.0809375,0.0809375,0.046207934617996216,0.6631578947368421,160,309.0,0.18315789473684208,False,0.07344632768361582,0.05504587155963303,0.0,,,29,person,0.1,0.5,heuristic,segformer_b2_cityscapes_mcdrop8,acdc_rain_targetcal25,10,
,-1,True,,0.7573492826617827,0.001804398256354034,,475,,,False,,,,,,29,person,0.1,0.5,argmax,segformer_b2_cityscapes_mcdrop8,acdc_rain_targetcal25,10,0.6893203883495146
0.998,998,True,0.0809375,0.0809375,0.046207934617996216,0.6631578947368421,160,309.0,0.18315789473684208,False,0.07344632768361582,0.05504587155963303,0.0,,,29,person,0.2,0.5,region_crc,segformer_b2_cityscapes_mcdrop8,acdc_rain_targetcal25,10,
0.991,991,True,0.21430021367521368,0.21430021367521368,0.023429827764630318,0.6631578947368421,160,309.0,0.18105263157894735,False,0.23728813559322035,0.11926605504587157,0.0,,,29,person,0.2,0.5,heuristic,segformer_b2_cityscapes_mcdrop8,acdc_rain_targetcal25,10,
,-1,True,,0.7573492826617827,0.001804398256354034,,475,,,False,,,,,,29,person,0.2,0.5,argmax,segformer_b2_cityscapes_mcdrop8,acdc_rain_targetcal25,10,0.6893203883495146
,-1,False,,,,,475,,,False,,,,,,29,rider,0.05,0.1,region_crc,segformer_b2_cityscapes_mcdrop8,acdc_rain_targetcal25,0,
,-1,False,,,,,475,,,False,,,,,,29,rider,0.05,0.1,heuristic,segformer_b2_cityscapes_mcdrop8,acdc_rain_targetcal25,0,
,-1,True,,0.8035714285714286,0.0002502741408534348,,475,,,False,,,,,,29,rider,0.05,0.1,argmax,segformer_b2_cityscapes_mcdrop8,acdc_rain_targetcal25,0,0.8157894736842105
,-1,False,,,,,475,,,False,,,,,,29,rider,0.1,0.1,region_crc,segformer_b2_cityscapes_mcdrop8,acdc_rain_targetcal25,0,
,-1,False,,,,,475,,,False,,,,,,29,rider,0.1,0.1,heuristic,segformer_b2_cityscapes_mcdrop8,acdc_rain_targetcal25,0,
,-1,True,,0.8035714285714286,0.0002502741408534348,,475,,,False,,,,,,29,rider,0.1,0.1,argmax,segformer_b2_cityscapes_mcdrop8,acdc_rain_targetcal25,0,0.8157894736842105
,-1,False,,,,,475,,,False,,,,,,29,rider,0.2,0.1,region_crc,segformer_b2_cityscapes_mcdrop8,acdc_rain_targetcal25,0,
,-1,False,,,,,475,,,False,,,,,,29,rider,0.2,0.1,heuristic,segformer_b2_cityscapes_mcdrop8,acdc_rain_targetcal25,0,
,-1,True,,0.8035714285714286,0.0002502741408534348,,475,,,False,,,,,,29,rider,0.2,0.1,argmax,segformer_b2_cityscapes_mcdrop8,acdc_rain_targetcal25,0,0.8157894736842105
,-1,False,,,,,475,,,False,,,,,,29,rider,0.05,0.5,region_crc,segformer_b2_cityscapes_mcdrop8,acdc_rain_targetcal25,0,
,-1,False,,,,,475,,,False,,,,,,29,rider,0.05,0.5,heuristic,segformer_b2_cityscapes_mcdrop8,acdc_rain_targetcal25,0,
,-1,True,,0.8571428571428571,0.0002502741408534348,,475,,,False,,,,,,29,rider,0.05,0.5,argmax,segformer_b2_cityscapes_mcdrop8,acdc_rain_targetcal25,0,0.868421052631579
,-1,False,,,,,475,,,False,,,,,,29,rider,0.1,0.5,region_crc,segformer_b2_cityscapes_mcdrop8,acdc_rain_targetcal25,0,
,-1,False,,,,,475,,,False,,,,,,29,rider,0.1,0.5,heuristic,segformer_b2_cityscapes_mcdrop8,acdc_rain_targetcal25,0,
,-1,True,,0.8571428571428571,0.0002502741408534348,,475,,,False,,,,,,29,rider,0.1,0.5,argmax,segformer_b2_cityscapes_mcdrop8,acdc_rain_targetcal25,0,0.868421052631579
,-1,False,,,,,475,,,False,,,,,,29,rider,0.2,0.5,region_crc,segformer_b2_cityscapes_mcdrop8,acdc_rain_targetcal25,0,
,-1,False,,,,,475,,,False,,,,,,29,rider,0.2,0.5,heuristic,segformer_b2_cityscapes_mcdrop8,acdc_rain_targetcal25,0,
,-1,True,,0.8571428571428571,0.0002502741408534348,,475,,,False,,,,,,29,rider,0.2,0.5,argmax,segformer_b2_cityscapes_mcdrop8,acdc_rain_targetcal25,0,0.868421052631579
1.0,1000,False,0.0,0.0,1.0,0.8294736842105264,81,156.0,0.0,False,0.0,0.0,0.0,,,29,bicycle,0.05,0.1,region_crc,segformer_b2_cityscapes_mcdrop8,acdc_rain_targetcal25,2,
1.0,1000,True,0.0,0.0,1.0,0.8294736842105264,81,156.0,0.0,False,0.0,0.0,0.0,,,29,bicycle,0.05,0.1,heuristic,segformer_b2_cityscapes_mcdrop8,acdc_rain_targetcal25,2,
,-1,True,,0.7495296884185773,0.0011165773030370474,,475,,,False,,,,,,29,bicycle,0.05,0.1,argmax,segformer_b2_cityscapes_mcdrop8,acdc_rain_targetcal25,2,0.7307692307692307
1.0,1000,False,0.0,0.0,1.0,0.8294736842105264,81,156.0,0.0,False,0.0,0.0,0.0,,,29,bicycle,0.1,0.1,region_crc,segformer_b2_cityscapes_mcdrop8,acdc_rain_targetcal25,2,
1.0,1000,True,0.0,0.0,1.0,0.8294736842105264,81,156.0,0.0,False,0.0,0.0,0.0,,,29,bicycle,0.1,0.1,heuristic,segformer_b2_cityscapes_mcdrop8,acdc_rain_targetcal25,2,
,-1,True,,0.7495296884185773,0.0011165773030370474,,475,,,False,,,,,,29,bicycle,0.1,0.1,argmax,segformer_b2_cityscapes_mcdrop8,acdc_rain_targetcal25,2,0.7307692307692307
1.0,1000,False,0.0,0.0,1.0,0.8294736842105264,81,156.0,0.0,False,0.0,0.0,0.0,,,29,bicycle,0.2,0.1,region_crc,segformer_b2_cityscapes_mcdrop8,acdc_rain_targetcal25,2,
1.0,1000,True,0.0,0.0,1.0,0.8294736842105264,81,156.0,0.0,False,0.0,0.0,0.0,,,29,bicycle,0.2,0.1,heuristic,segformer_b2_cityscapes_mcdrop8,acdc_rain_targetcal25,2,
,-1,True,,0.7495296884185773,0.0011165773030370474,,475,,,False,,,,,,29,bicycle,0.2,0.1,argmax,segformer_b2_cityscapes_mcdrop8,acdc_rain_targetcal25,2,0.7307692307692307
1.0,1000,False,0.0,0.0,1.0,0.8294736842105264,81,156.0,0.0,False,0.0,0.0,0.0,,,29,bicycle,0.05,0.5,region_crc,segformer_b2_cityscapes_mcdrop8,acdc_rain_targetcal25,2,
1.0,1000,True,0.0,0.0,1.0,0.8294736842105264,81,156.0,0.0,False,0.0,0.0,0.0,,,29,bicycle,0.05,0.5,heuristic,segformer_b2_cityscapes_mcdrop8,acdc_rain_targetcal25,2,
,-1,True,,0.7746325690770135,0.0011165773030370474,,475,,,False,,,,,,29,bicycle,0.05,0.5,argmax,segformer_b2_cityscapes_mcdrop8,acdc_rain_targetcal25,2,0.7564102564102564
1.0,1000,False,0.0,0.0,1.0,0.8294736842105264,81,156.0,0.0,False,0.0,0.0,0.0,,,29,bicycle,0.1,0.5,region_crc,segformer_b2_cityscapes_mcdrop8,acdc_rain_targetcal25,2,
1.0,1000,True,0.0,0.0,1.0,0.8294736842105264,81,156.0,0.0,False,0.0,0.0,0.0,,,29,bicycle,0.1,0.5,heuristic,segformer_b2_cityscapes_mcdrop8,acdc_rain_targetcal25,2,
,-1,True,,0.7746325690770135,0.0011165773030370474,,475,,,False,,,,,,29,bicycle,0.1,0.5,argmax,segformer_b2_cityscapes_mcdrop8,acdc_rain_targetcal25,2,0.7564102564102564
1.0,1000,False,0.0,0.0,1.0,0.8294736842105264,81,156.0,0.0,False,0.0,0.0,0.0,,,29,bicycle,0.2,0.5,region_crc,segformer_b2_cityscapes_mcdrop8,acdc_rain_targetcal25,2,
1.0,1000,True,0.0,0.0,1.0,0.8294736842105264,81,156.0,0.0,False,0.0,0.0,0.0,,,29,bicycle,0.2,0.5,heuristic,segformer_b2_cityscapes_mcdrop8,acdc_rain_targetcal25,2,
,-1,True,,0.7746325690770135,0.0011165773030370474,,475,,,False,,,,,,29,bicycle,0.2,0.5,argmax,segformer_b2_cityscapes_mcdrop8,acdc_rain_targetcal25,2,0.7564102564102564
1.0,1000,False,0.0,0.0,1.0,0.6547368421052632,164,315.0,0.0,False,0.0,0.0,0.0,,,30,person,0.05,0.1,region_crc,segformer_b2_cityscapes_mcdrop8,acdc_rain_targetcal25,6,
0.975,975,True,0.23030874951606659,0.23030874951606659,0.013806469738483429,15.92842105263158,164,315.0,0.23157894736842105,False,0.27472527472527475,0.10810810810810811,0.0,,,30,person,0.05,0.1,heuristic,segformer_b2_cityscapes_mcdrop8,acdc_rain_targetcal25,6,
,-1,True,,0.6468302361595044,0.001775332959368825,,475,,,False,,,,,,30,person,0.05,0.1,argmax,segformer_b2_cityscapes_mcdrop8,acdc_rain_targetcal25,6,0.6031746031746031
1.0,1000,False,0.0,0.0,1.0,0.6547368421052632,164,315.0,0.0,False,0.0,0.0,0.0,,,30,person,0.1,0.1,region_crc,segformer_b2_cityscapes_mcdrop8,acdc_rain_targetcal25,6,
0.969,969,True,0.24758517228029422,0.2475851722802942,0.012191706337034702,15.92842105263158,164,315.0,0.21263157894736845,False,0.2967032967032967,0.11711711711711711,0.0,,,30,person,0.1,0.1,heuristic,segformer_b2_cityscapes_mcdrop8,acdc_rain_targetcal25,6,
,-1,True,,0.6468302361595044,0.001775332959368825,,475,,,False,,,,,,30,person,0.1,0.1,argmax,segformer_b2_cityscapes_mcdrop8,acdc_rain_targetcal25,6,0.6031746031746031
0.975,975,True,0.23030874951606659,0.23030874951606659,0.013806469738483429,15.92842105263158,164,315.0,0.23157894736842105,False,0.27472527472527475,0.10810810810810811,0.0,,,30,person,0.2,0.1,region_crc,segformer_b2_cityscapes_mcdrop8,acdc_rain_targetcal25,6,
0.9500000000000001,950,True,0.31984126984126987,0.31984126984126987,0.00909397006034851,10.802105263157895,164,315.0,0.1747368421052632,False,0.38461538461538464,0.17117117117117117,0.0,,,30,person,0.2,0.1,heuristic,segformer_b2_cityscapes_mcdrop8,acdc_rain_targetcal25,6,
,-1,True,,0.6468302361595044,0.001775332959368825,,475,,,False,,,,,,30,person,0.2,0.1,argmax,segformer_b2_cityscapes_mcdrop8,acdc_rain_targetcal25,6,0.6031746031746031
1.0,1000,False,0.0,0.0,1.0,0.6547368421052632,164,315.0,0.0,False,0.0,0.0,0.0,,,30,person,0.05,0.5,region_crc,segformer_b2_cityscapes_mcdrop8,acdc_rain_targetcal25,6,
0.99,990,True,0.23929539295392954,0.23929539295392954,0.022426577284932137,0.6547368421052632,164,315.0,0.3136842105263158,False,0.26373626373626374,0.13513513513513514,0.0,,,30,person,0.05,0.5,heuristic,segformer_b2_cityscapes_mcdrop8,acdc_rain_targetcal25,6,
,-1,True,,0.773625629113434,0.001775332959368825,,475,,,False,,,,,,30,person,0.05,0.5,argmax,segformer_b2_cityscapes_mcdrop8,acdc_rain_targetcal25,6,0.7174603174603175
1.0,1000,False,0.0,0.0,1.0,0.6547368421052632,164,315.0,0.0,False,0.0,0.0,0.0,,,30,person,0.1,0.5,region_crc,segformer_b2_cityscapes_mcdrop8,acdc_rain_targetcal25,6,
0.989,989,True,0.24234417344173442,0.24234417344173442,0.021383851766586304,0.6547368421052632,164,315.0,0.31789473684210523,False,0.2692307692307692,0.13513513513513514,0.0,,,30,person,0.1,0.5,heuristic,segformer_b2_cityscapes_mcdrop8,acdc_rain_targetcal25,6,
,-1,True,,0.773625629113434,0.001775332959368825,,475,,,False,,,,,,30,person,0.1,0.5,argmax,segformer_b2_cityscapes_mcdrop8,acdc_rain_targetcal25,6,0.7174603174603175
0.99,990,True,0.23929539295392954,0.23929539295392954,0.022426577284932137,0.6547368421052632,164,315.0,0.3136842105263158,False,0.26373626373626374,0.13513513513513514,0.0,,,30,person,0.2,0.5,region_crc,segformer_b2_cityscapes_mcdrop8,acdc_rain_targetcal25,6,
0.972,972,True,0.38437379016647305,0.38437379016647305,0.012936672195792198,15.92842105263158,164,315.0,0.2273684210526316,False,0.4340659340659341,0.22522522522522523,0.09090909090909091,,,30,person,0.2,0.5,heuristic,segformer_b2_cityscapes_mcdrop8,acdc_rain_targetcal25,6,
,-1,True,,0.773625629113434,0.001775332959368825,,475,,,False,,,,,,30,person,0.2,0.5,argmax,segformer_b2_cityscapes_mcdrop8,acdc_rain_targetcal25,6,0.7174603174603175
1.0,1000,False,0.0,0.0,1.0,0.9431578947368421,27,37.0,0.0,False,0.0,0.0,0.0,,,30,rider,0.05,0.1,region_crc,segformer_b2_cityscapes_mcdrop8,acdc_rain_targetcal25,1,
0.998,998,True,0.32098765432098764,0.32098765432098764,0.007426877040416002,0.9431578947368421,27,37.0,0.17263157894736847,False,0.46153846153846156,0.0,0.0,,,30,rider,0.05,0.1,heuristic,segformer_b2_cityscapes_mcdrop8,acdc_rain_targetcal25,1,
,-1,True,,0.7962962962962963,0.0002510386402718723,,475,,,False,,,,,,30,rider,0.05,0.1,argmax,segformer_b2_cityscapes_mcdrop8,acdc_rain_targetcal25,1,0.8108108108108109
1.0,1000,False,0.0,0.0,1.0,0.9431578947368421,27,37.0,0.0,False,0.0,0.0,0.0,,,30,rider,0.1,0.1,region_crc,segformer_b2_cityscapes_mcdrop8,acdc_rain_targetcal25,1,
0.998,998,True,0.32098765432098764,0.32098765432098764,0.007426877040416002,0.9431578947368421,27,37.0,0.17263157894736847,False,0.46153846153846156,0.0,0.0,,,30,rider,0.1,0.1,heuristic,segformer_b2_cityscapes_mcdrop8,acdc_rain_targetcal25,1,
,-1,True,,0.7962962962962963,0.0002510386402718723,,475,,,False,,,,,,30,rider,0.1,0.1,argmax,segformer_b2_cityscapes_mcdrop8,acdc_rain_targetcal25,1,0.8108108108108109
1.0,1000,False,0.0,0.0,1.0,0.9431578947368421,27,37.0,0.0,False,0.0,0.0,0.0,,,30,rider,0.2,0.1,region_crc,segformer_b2_cityscapes_mcdrop8,acdc_rain_targetcal25,1,
0.998,998,True,0.32098765432098764,0.32098765432098764,0.007426877040416002,0.9431578947368421,27,37.0,0.17263157894736847,False,0.46153846153846156,0.0,0.0,,,30,rider,0.2,0.1,heuristic,segformer_b2_cityscapes_mcdrop8,acdc_rain_targetcal25,1,
,-1,True,,0.7962962962962963,0.0002510386402718723,,475,,,False,,,,,,30,rider,0.2,0.1,argmax,segformer_b2_cityscapes_mcdrop8,acdc_rain_targetcal25,1,0.8108108108108109
1.0,1000,False,0.0,0.0,1.0,0.9431578947368421,27,37.0,0.0,False,0.0,0.0,0.0,,,30,rider,0.05,0.5,region_crc,segformer_b2_cityscapes_mcdrop8,acdc_rain_targetcal25,1,
1.0,1000,True,0.0,0.0,1.0,0.9431578947368421,27,37.0,0.0,False,0.0,0.0,0.0,,,30,rider,0.05,0.5,heuristic,segformer_b2_cityscapes_mcdrop8,acdc_rain_targetcal25,1,
,-1,True,,0.8518518518518519,0.0002510386402718723,,475,,,False,,,,,,30,rider,0.05,0.5,argmax,segformer_b2_cityscapes_mcdrop8,acdc_rain_targetcal25,1,0.8648648648648649
1.0,1000,False,0.0,0.0,1.0,0.9431578947368421,27,37.0,0.0,False,0.0,0.0,0.0,,,30,rider,0.1,0.5,region_crc,segformer_b2_cityscapes_mcdrop8,acdc_rain_targetcal25,1,
1.0,1000,True,0.0,0.0,1.0,0.9431578947368421,27,37.0,0.0,False,0.0,0.0,0.0,,,30,rider,0.1,0.5,heuristic,segformer_b2_cityscapes_mcdrop8,acdc_rain_targetcal25,1,
,-1,True,,0.8518518518518519,0.0002510386402718723,,475,,,False,,,,,,30,rider,0.1,0.5,argmax,segformer_b2_cityscapes_mcdrop8,acdc_rain_targetcal25,1,0.8648648648648649
1.0,1000,False,0.0,0.0,1.0,0.9431578947368421,27,37.0,0.0,False,0.0,0.0,0.0,,,30,rider,0.2,0.5,region_crc,segformer_b2_cityscapes_mcdrop8,acdc_rain_targetcal25,1,
1.0,1000,True,0.0,0.0,1.0,0.9431578947368421,27,37.0,0.0,False,0.0,0.0,0.0,,,30,rider,0.2,0.5,heuristic,segformer_b2_cityscapes_mcdrop8,acdc_rain_targetcal25,1,
,-1,True,,0.8518518518518519,0.0002510386402718723,,475,,,False,,,,,,30,rider,0.2,0.5,argmax,segformer_b2_cityscapes_mcdrop8,acdc_rain_targetcal25,1,0.8648648648648649
1.0,1000,False,0.0,0.0,1.0,0.8294736842105264,81,154.0,0.0,False,0.0,0.0,0.0,,,30,bicycle,0.05,0.1,region_crc,segformer_b2_cityscapes_mcdrop8,acdc_rain_targetcal25,2,
0.998,998,True,0.21781305114638447,0.21781305114638444,0.02052498608827591,0.8294736842105264,81,154.0,0.24210526315789482,False,0.3373493975903614,0.07017543859649122,0.0,,,30,bicycle,0.05,0.1,heuristic,segformer_b2_cityscapes_mcdrop8,acdc_rain_targetcal25,2,
,-1,True,,0.7557025279247501,0.0010423428611829877,,475,,,False,,,,,,30,bicycle,0.05,0.1,argmax,segformer_b2_cityscapes_mcdrop8,acdc_rain_targetcal25,2,0.7467532467532467
1.0,1000,False,0.0,0.0,1.0,0.8294736842105264,81,154.0,0.0,False,0.0,0.0,0.0,,,30,bicycle,0.1,0.1,region_crc,segformer_b2_cityscapes_mcdrop8,acdc_rain_targetcal25,2,
0.998,998,True,0.21781305114638447,0.21781305114638444,0.02052498608827591,0.8294736842105264,81,154.0,0.24210526315789482,False,0.3373493975903614,0.07017543859649122,0.0,,,30,bicycle,0.1,0.1,heuristic,segformer_b2_cityscapes_mcdrop8,acdc_rain_targetcal25,2,
,-1,True,,0.7557025279247501,0.0010423428611829877,,475,,,False,,,,,,30,bicycle,0.1,0.1,argmax,segformer_b2_cityscapes_mcdrop8,acdc_rain_targetcal25,2,0.7467532467532467
1.0,1000,False,0.0,0.0,1.0,0.8294736842105264,81,154.0,0.0,False,0.0,0.0,0.0,,,30,bicycle,0.2,0.1,region_crc,segformer_b2_cityscapes_mcdrop8,acdc_rain_targetcal25,2,
0.998,998,True,0.21781305114638447,0.21781305114638444,0.02052498608827591,0.8294736842105264,81,154.0,0.24210526315789482,False,0.3373493975903614,0.07017543859649122,0.0,,,30,bicycle,0.2,0.1,heuristic,segformer_b2_cityscapes_mcdrop8,acdc_rain_targetcal25,2,
,-1,True,,0.7557025279247501,0.0010423428611829877,,475,,,False,,,,,,30,bicycle,0.2,0.1,argmax,segformer_b2_cityscapes_mcdrop8,acdc_rain_targetcal25,2,0.7467532467532467
1.0,1000,False,0.0,0.0,1.0,0.8294736842105264,81,154.0,0.0,False,0.0,0.0,0.0,,,30,bicycle,0.05,0.5,region_crc,segformer_b2_cityscapes_mcdrop8,acdc_rain_targetcal25,2,
0.999,999,True,0.2260435038212816,0.2260435038212816,0.028260400518774986,0.8294736842105264,81,154.0,0.2463157894736842,False,0.3132530120481928,0.10526315789473684,0.0,,,30,bicycle,0.05,0.5,heuristic,segformer_b2_cityscapes_mcdrop8,acdc_rain_targetcal25,2,
,-1,True,,0.7808054085831864,0.0010423428611829877,,475,,,False,,,,,,30,bicycle,0.05,0.5,argmax,segformer_b2_cityscapes_mcdrop8,acdc_rain_targetcal25,2,0.7727272727272727
1.0,1000,False,0.0,0.0,1.0,0.8294736842105264,81,154.0,0.0,False,0.0,0.0,0.0,,,30,bicycle,0.1,0.5,region_crc,segformer_b2_cityscapes_mcdrop8,acdc_rain_targetcal25,2,
0.999,999,True,0.2260435038212816,0.2260435038212816,0.028260400518774986,0.8294736842105264,81,154.0,0.2463157894736842,False,0.3132530120481928,0.10526315789473684,0.0,,,30,bicycle,0.1,0.5,heuristic,segformer_b2_cityscapes_mcdrop8,acdc_rain_targetcal25,2,
,-1,True,,0.7808054085831864,0.0010423428611829877,,475,,,False,,,,,,30,bicycle,0.1,0.5,argmax,segformer_b2_cityscapes_mcdrop8,acdc_rain_targetcal25,2,0.7727272727272727
1.0,1000,False,0.0,0.0,1.0,0.8294736842105264,81,154.0,0.0,False,0.0,0.0,0.0,,,30,bicycle,0.2,0.5,region_crc,segformer_b2_cityscapes_mcdrop8,acdc_rain_targetcal25,2,
0.999,999,True,0.2260435038212816,0.2260435038212816,0.028260400518774986,0.8294736842105264,81,154.0,0.2463157894736842,False,0.3132530120481928,0.10526315789473684,0.0,,,30,bicycle,0.2,0.5,heuristic,segformer_b2_cityscapes_mcdrop8,acdc_rain_targetcal25,2,
,-1,True,,0.7808054085831864,0.0010423428611829877,,475,,,False,,,,,,30,bicycle,0.2,0.5,argmax,segformer_b2_cityscapes_mcdrop8,acdc_rain_targetcal25,2,0.7727272727272727
1.0,1000,False,0.0,0.0,1.0,0.6631578947368421,160,317.0,0.0,False,0.0,0.0,0.0,,,31,person,0.05,0.1,region_crc,segformer_b2_cityscapes_mcdrop8,acdc_rain_targetcal25,10,
1.0,1000,True,0.0,0.0,1.0,0.6631578947368421,160,317.0,0.0,False,0.0,0.0,0.0,,,31,person,0.05,0.1,heuristic,segformer_b2_cityscapes_mcdrop8,acdc_rain_targetcal25,10,
,-1,True,,0.6508215048840048,0.0017814500024542212,,475,,,False,,,,,,31,person,0.05,0.1,argmax,segformer_b2_cityscapes_mcdrop8,acdc_rain_targetcal25,10,0.6025236593059937
1.0,1000,True,0.0,0.0,1.0,0.6631578947368421,160,317.0,0.0,False,0.0,0.0,0.0,,,31,person,0.1,0.1,region_crc,segformer_b2_cityscapes_mcdrop8,acdc_rain_targetcal25,10,
0.997,997,True,0.05052083333333333,0.05052083333333333,0.03845716640353203,0.6631578947368421,160,317.0,0.19368421052631574,False,0.05434782608695652,0.018018018018018018,0.0,,,31,person,0.1,0.1,heuristic,segformer_b2_cityscapes_mcdrop8,acdc_rain_targetcal25,10,
,-1,True,,0.6508215048840048,0.0017814500024542212,,475,,,False,,,,,,31,person,0.1,0.1,argmax,segformer_b2_cityscapes_mcdrop8,acdc_rain_targetcal25,10,0.6025236593059937
0.997,997,True,0.05052083333333333,0.05052083333333333,0.03845716640353203,0.6631578947368421,160,317.0,0.19368421052631574,False,0.05434782608695652,0.018018018018018018,0.0,,,31,person,0.2,0.1,region_crc,segformer_b2_cityscapes_mcdrop8,acdc_rain_targetcal25,10,
0.99,990,True,0.10996527777777779,0.10996527777777779,0.02196790650486946,0.6631578947368421,160,317.0,0.1768421052631578,False,0.1358695652173913,0.04504504504504504,0.0,,,31,person,0.2,0.1,heuristic,segformer_b2_cityscapes_mcdrop8,acdc_rain_targetcal25,10,
,-1,True,,0.6508215048840048,0.0017814500024542212,,475,,,False,,,,,,31,person,0.2,0.1,argmax,segformer_b2_cityscapes_mcdrop8,acdc_rain_targetcal25,10,0.6025236593059937
1.0,1000,False,0.0,0.0,1.0,0.6631578947368421,160,317.0,0.0,False,0.0,0.0,0.0,,,31,person,0.05,0.5,region_crc,segformer_b2_cityscapes_mcdrop8,acdc_rain_targetcal25,10,
1.0,1000,True,0.0,0.0,1.0,0.6631578947368421,160,317.0,0.0,False,0.0,0.0,0.0,,,31,person,0.05,0.5,heuristic,segformer_b2_cityscapes_mcdrop8,acdc_rain_targetcal25,10,
,-1,True,,0.7714117826617827,0.0017814500024542212,,475,,,False,,,,,,31,person,0.05,0.5,argmax,segformer_b2_cityscapes_mcdrop8,acdc_rain_targetcal25,10,0.7097791798107256
1.0,1000,True,0.0,0.0,1.0,0.6631578947368421,160,317.0,0.0,False,0.0,0.0,0.0,,,31,person,0.1,0.5,region_crc,segformer_b2_cityscapes_mcdrop8,acdc_rain_targetcal25,10,
0.999,999,True,0.0484375,0.0484375,0.060288768261671066,0.6631578947368421,160,317.0,0.1663157894736842,False,0.043478260869565216,0.036036036036036036,0.0,,,31,person,0.1,0.5,heuristic,segformer_b2_cityscapes_mcdrop8,acdc_rain_targetcal25,10,
,-1,True,,0.7714117826617827,0.0017814500024542212,,475,,,False,,,,,,31,person,0.1,0.5,argmax,segformer_b2_cityscapes_mcdrop8,acdc_rain_targetcal25,10,0.7097791798107256
0.999,999,True,0.0484375,0.0484375,0.060288768261671066,0.6631578947368421,160,317.0,0.1663157894736842,False,0.043478260869565216,0.036036036036036036,0.0,,,31,person,0.2,0.5,region_crc,segformer_b2_cityscapes_mcdrop8,acdc_rain_targetcal25,10,
0.996,996,True,0.11864583333333334,0.11864583333333334,0.03387521207332611,0.6631578947368421,160,317.0,0.16421052631578945,False,0.10869565217391304,0.0990990990990991,0.0,,,31,person,0.2,0.5,heuristic,segformer_b2_cityscapes_mcdrop8,acdc_rain_targetcal25,10,
,-1,True,,0.7714117826617827,0.0017814500024542212,,475,,,False,,,,,,31,person,0.2,0.5,argmax,segformer_b2_cityscapes_mcdrop8,acdc_rain_targetcal25,10,0.7097791798107256
1.0,1000,False,0.0,0.0,1.0,0.9473684210526315,25,32.0,0.0,False,0.0,0.0,0.0,,,31,rider,0.05,0.1,region_crc,segformer_b2_cityscapes_mcdrop8,acdc_rain_targetcal25,3,
1.0,1000,True,0.0,0.0,1.0,0.9473684210526315,25,32.0,0.0,False,0.0,0.0,0.0,,,31,rider,0.05,0.1,heuristic,segformer_b2_cityscapes_mcdrop8,acdc_rain_targetcal25,3,
,-1,True,,0.78,0.00020054825290571898,,475,,,False,,,,,,31,rider,0.05,0.1,argmax,segformer_b2_cityscapes_mcdrop8,acdc_rain_targetcal25,3,0.78125
1.0,1000,False,0.0,0.0,1.0,0.9473684210526315,25,32.0,0.0,False,0.0,0.0,0.0,,,31,rider,0.1,0.1,region_crc,segformer_b2_cityscapes_mcdrop8,acdc_rain_targetcal25,3,
1.0,1000,True,0.0,0.0,1.0,0.9473684210526315,25,32.0,0.0,False,0.0,0.0,0.0,,,31,rider,0.1,0.1,heuristic,segformer_b2_cityscapes_mcdrop8,acdc_rain_targetcal25,3,
,-1,True,,0.78,0.00020054825290571898,,475,,,False,,,,,,31,rider,0.1,0.1,argmax,segformer_b2_cityscapes_mcdrop8,acdc_rain_targetcal25,3,0.78125
1.0,1000,False,0.0,0.0,1.0,0.9473684210526315,25,32.0,0.0,False,0.0,0.0,0.0,,,31,rider,0.2,0.1,region_crc,segformer_b2_cityscapes_mcdrop8,acdc_rain_targetcal25,3,
1.0,1000,True,0.0,0.0,1.0,0.9473684210526315,25,32.0,0.0,False,0.0,0.0,0.0,,,31,rider,0.2,0.1,heuristic,segformer_b2_cityscapes_mcdrop8,acdc_rain_targetcal25,3,
,-1,True,,0.78,0.00020054825290571898,,475,,,False,,,,,,31,rider,0.2,0.1,argmax,segformer_b2_cityscapes_mcdrop8,acdc_rain_targetcal25,3,0.78125
1.0,1000,False,0.0,0.0,1.0,0.9473684210526315,25,32.0,0.0,False,0.0,0.0,0.0,,,31,rider,0.05,0.5,region_crc,segformer_b2_cityscapes_mcdrop8,acdc_rain_targetcal25,3,
1.0,1000,True,0.0,0.0,1.0,0.9473684210526315,25,32.0,0.0,False,0.0,0.0,0.0,,,31,rider,0.05,0.5,heuristic,segformer_b2_cityscapes_mcdrop8,acdc_rain_targetcal25,3,
,-1,True,,0.84,0.00020054825290571898,,475,,,False,,,,,,31,rider,0.05,0.5,argmax,segformer_b2_cityscapes_mcdrop8,acdc_rain_targetcal25,3,0.84375
1.0,1000,False,0.0,0.0,1.0,0.9473684210526315,25,32.0,0.0,False,0.0,0.0,0.0,,,31,rider,0.1,0.5,region_crc,segformer_b2_cityscapes_mcdrop8,acdc_rain_targetcal25,3,
1.0,1000,True,0.0,0.0,1.0,0.9473684210526315,25,32.0,0.0,False,0.0,0.0,0.0,,,31,rider,0.1,0.5,heuristic,segformer_b2_cityscapes_mcdrop8,acdc_rain_targetcal25,3,
,-1,True,,0.84,0.00020054825290571898,,475,,,False,,,,,,31,rider,0.1,0.5,argmax,segformer_b2_cityscapes_mcdrop8,acdc_rain_targetcal25,3,0.84375
1.0,1000,False,0.0,0.0,1.0,0.9473684210526315,25,32.0,0.0,False,0.0,0.0,0.0,,,31,rider,0.2,0.5,region_crc,segformer_b2_cityscapes_mcdrop8,acdc_rain_targetcal25,3,
1.0,1000,True,0.0,0.0,1.0,0.9473684210526315,25,32.0,0.0,False,0.0,0.0,0.0,,,31,rider,0.2,0.5,heuristic,segformer_b2_cityscapes_mcdrop8,acdc_rain_targetcal25,3,
,-1,True,,0.84,0.00020054825290571898,,475,,,False,,,,,,31,rider,0.2,0.5,argmax,segformer_b2_cityscapes_mcdrop8,acdc_rain_targetcal25,3,0.84375
1.0,1000,False,0.0,0.0,1.0,0.8315789473684211,80,152.0,0.0,False,0.0,0.0,0.0,,,31,bicycle,0.05,0.1,region_crc,segformer_b2_cityscapes_mcdrop8,acdc_rain_targetcal25,3,
0.999,999,True,0.1576190476190476,0.1576190476190476,0.028214240446686745,0.8315789473684211,80,152.0,0.16421052631578953,False,0.2625,0.05172413793103448,0.0,,,31,bicycle,0.05,0.1,heuristic,segformer_b2_cityscapes_mcdrop8,acdc_rain_targetcal25,3,
,-1,True,,0.7401488095238096,0.0011190789518877864,,475,,,False,,,,,,31,bicycle,0.05,0.1,argmax,segformer_b2_cityscapes_mcdrop8,acdc_rain_targetcal25,3,0.7171052631578947
1.0,1000,False,0.0,0.0,1.0,0.8315789473684211,80,152.0,0.0,False,0.0,0.0,0.0,,,31,bicycle,0.1,0.1,region_crc,segformer_b2_cityscapes_mcdrop8,acdc_rain_targetcal25,3,
0.999,999,True,0.1576190476190476,0.1576190476190476,0.028214240446686745,0.8315789473684211,80,152.0,0.16421052631578953,False,0.2625,0.05172413793103448,0.0,,,31,bicycle,0.1,0.1,heuristic,segformer_b2_cityscapes_mcdrop8,acdc_rain_targetcal25,3,
,-1,True,,0.7401488095238096,0.0011190789518877864,,475,,,False,,,,,,31,bicycle,0.1,0.1,argmax,segformer_b2_cityscapes_mcdrop8,acdc_rain_targetcal25,3,0.7171052631578947
1.0,1000,False,0.0,0.0,1.0,0.8315789473684211,80,152.0,0.0,False,0.0,0.0,0.0,,,31,bicycle,0.2,0.1,region_crc,segformer_b2_cityscapes_mcdrop8,acdc_rain_targetcal25,3,
0.999,999,True,0.1576190476190476,0.1576190476190476,0.028214240446686745,0.8315789473684211,80,152.0,0.16421052631578953,False,0.2625,0.05172413793103448,0.0,,,31,bicycle,0.2,0.1,heuristic,segformer_b2_cityscapes_mcdrop8,acdc_rain_targetcal25,3,
,-1,True,,0.7401488095238096,0.0011190789518877864,,475,,,False,,,,,,31,bicycle,0.2,0.1,argmax,segformer_b2_cityscapes_mcdrop8,acdc_rain_targetcal25,3,0.7171052631578947
1.0,1000,False,0.0,0.0,1.0,0.8315789473684211,80,152.0,0.0,False,0.0,0.0,0.0,,,31,bicycle,0.05,0.5,region_crc,segformer_b2_cityscapes_mcdrop8,acdc_rain_targetcal25,3,
1.0,1000,True,0.0,0.0,1.0,0.8315789473684211,80,152.0,0.0,False,0.0,0.0,0.0,,,31,bicycle,0.05,0.5,heuristic,segformer_b2_cityscapes_mcdrop8,acdc_rain_targetcal25,3,
,-1,True,,0.7655654761904762,0.0011190789518877864,,475,,,False,,,,,,31,bicycle,0.05,0.5,argmax,segformer_b2_cityscapes_mcdrop8,acdc_rain_targetcal25,3,0.743421052631579
1.0,1000,False,0.0,0.0,1.0,0.8315789473684211,80,152.0,0.0,False,0.0,0.0,0.0,,,31,bicycle,0.1,0.5,region_crc,segformer_b2_cityscapes_mcdrop8,acdc_rain_targetcal25,3,
0.999,999,True,0.22636904761904758,0.22636904761904758,0.028214240446686745,0.8315789473684211,80,152.0,0.16421052631578953,False,0.3125,0.10344827586206896,0.0,,,31,bicycle,0.1,0.5,heuristic,segformer_b2_cityscapes_mcdrop8,acdc_rain_targetcal25,3,
,-1,True,,0.7655654761904762,0.0011190789518877864,,475,,,False,,,,,,31,bicycle,0.1,0.5,argmax,segformer_b2_cityscapes_mcdrop8,acdc_rain_targetcal25,3,0.743421052631579
1.0,1000,False,0.0,0.0,1.0,0.8315789473684211,80,152.0,0.0,False,0.0,0.0,0.0,,,31,bicycle,0.2,0.5,region_crc,segformer_b2_cityscapes_mcdrop8,acdc_rain_targetcal25,3,
0.999,999,True,0.22636904761904758,0.22636904761904758,0.028214240446686745,0.8315789473684211,80,152.0,0.16421052631578953,False,0.3125,0.10344827586206896,0.0,,,31,bicycle,0.2,0.5,heuristic,segformer_b2_cityscapes_mcdrop8,acdc_rain_targetcal25,3,
,-1,True,,0.7655654761904762,0.0011190789518877864,,475,,,False,,,,,,31,bicycle,0.2,0.5,argmax,segformer_b2_cityscapes_mcdrop8,acdc_rain_targetcal25,3,0.743421052631579
1.0,1000,False,0.0,0.0,1.0,0.6589473684210526,162,319.0,0.0,False,0.0,0.0,0.0,,,32,person,0.05,0.1,region_crc,segformer_b2_cityscapes_mcdrop8,acdc_rain_targetcal25,8,
0.997,997,True,0.05606995884773662,0.05606995884773662,0.03892296925187111,0.6589473684210526,162,319.0,0.20842105263157895,False,0.05555555555555555,0.02586206896551724,0.0,,,32,person,0.05,0.1,heuristic,segformer_b2_cityscapes_mcdrop8,acdc_rain_targetcal25,8,
,-1,True,,0.6380541612023094,0.0018609344260767102,,475,,,False,,,,,,32,person,0.05,0.1,argmax,segformer_b2_cityscapes_mcdrop8,acdc_rain_targetcal25,8,0.5862068965517241
1.0,1000,False,0.0,0.0,1.0,0.6589473684210526,162,319.0,0.0,False,0.0,0.0,0.0,,,32,person,0.1,0.1,region_crc,segformer_b2_cityscapes_mcdrop8,acdc_rain_targetcal25,8,
0.993,993,True,0.08374485596707819,0.08374485596707819,0.02657090499997139,0.6589473684210526,162,319.0,0.16000000000000003,False,0.09444444444444444,0.04310344827586207,0.0,,,32,person,0.1,0.1,heuristic,segformer_b2_cityscapes_mcdrop8,acdc_rain_targetcal25,8,
,-1,True,,0.6380541612023094,0.0018609344260767102,,475,,,False,,,,,,32,person,0.1,0.1,argmax,segformer_b2_cityscapes_mcdrop8,acdc_rain_targetcal25,8,0.5862068965517241
0.993,993,True,0.08374485596707819,0.08374485596707819,0.02657090499997139,0.6589473684210526,162,319.0,0.16000000000000003,False,0.09444444444444444,0.04310344827586207,0.0,,,32,person,0.2,0.1,region_crc,segformer_b2_cityscapes_mcdrop8,acdc_rain_targetcal25,8,
0.9390000000000001,939,True,0.3696984428465909,0.369698442846591,0.008068462833762169,10.621052631578948,162,319.0,0.13263157894736843,False,0.4388888888888889,0.1810344827586207,0.043478260869565216,,,32,person,0.2,0.1,heuristic,segformer_b2_cityscapes_mcdrop8,acdc_rain_targetcal25,8,
,-1,True,,0.6380541612023094,0.0018609344260767102,,475,,,False,,,,,,32,person,0.2,0.1,argmax,segformer_b2_cityscapes_mcdrop8,acdc_rain_targetcal25,8,0.5862068965517241
1.0,1000,False,0.0,0.0,1.0,0.6589473684210526,162,319.0,0.0,False,0.0,0.0,0.0,,,32,person,0.05,0.5,region_crc,segformer_b2_cityscapes_mcdrop8,acdc_rain_targetcal25,8,
1.0,1000,True,0.0,0.0,1.0,0.6589473684210526,162,319.0,0.0,False,0.0,0.0,0.0,,,32,person,0.05,0.5,heuristic,segformer_b2_cityscapes_mcdrop8,acdc_rain_targetcal25,8,
,-1,True,,0.7540692503655466,0.0018609344260767102,,475,,,False,,,,,,32,person,0.05,0.5,argmax,segformer_b2_cityscapes_mcdrop8,acdc_rain_targetcal25,8,0.6927899686520376
1.0,1000,False,0.0,0.0,1.0,0.6589473684210526,162,319.0,0.0,False,0.0,0.0,0.0,,,32,person,0.1,0.5,region_crc,segformer_b2_cityscapes_mcdrop8,acdc_rain_targetcal25,8,
0.995,995,True,0.1564471879286694,0.1564471879286694,0.031066032126545906,0.6589473684210526,162,319.0,0.17263157894736836,False,0.15555555555555556,0.09482758620689655,0.0,,,32,person,0.1,0.5,heuristic,segformer_b2_cityscapes_mcdrop8,acdc_rain_targetcal25,8,
,-1,True,,0.7540692503655466,0.0018609344260767102,,475,,,False,,,,,,32,person,0.1,0.5,argmax,segformer_b2_cityscapes_mcdrop8,acdc_rain_targetcal25,8,0.6927899686520376
0.995,995,True,0.1564471879286694,0.1564471879286694,0.031066032126545906,0.6589473684210526,162,319.0,0.17263157894736836,False,0.15555555555555556,0.09482758620689655,0.0,,,32,person,0.2,0.5,region_crc,segformer_b2_cityscapes_mcdrop8,acdc_rain_targetcal25,8,
0.983,983,True,0.3003568790605828,0.3003568790605828,0.017078999429941177,15.76,162,319.0,0.14315789473684204,False,0.34444444444444444,0.15517241379310345,0.043478260869565216,,,32,person,0.2,0.5,heuristic,segformer_b2_cityscapes_mcdrop8,acdc_rain_targetcal25,8,
,-1,True,,0.7540692503655466,0.0018609344260767102,,475,,,False,,,,,,32,person,0.2,0.5,argmax,segformer_b2_cityscapes_mcdrop8,acdc_rain_targetcal25,8,0.6927899686520376
1.0,1000,False,0.0,0.0,1.0,0.9452631578947368,26,36.0,0.0,False,0.0,0.0,0.0,,,32,rider,0.05,0.1,region_crc,segformer_b2_cityscapes_mcdrop8,acdc_rain_targetcal25,2,
0.997,997,True,0.4230769230769231,0.4230769230769231,0.005907358601689339,0.9452631578947368,26,36.0,0.21684210526315784,False,0.5769230769230769,0.0,0.0,,,32,rider,0.05,0.1,heuristic,segformer_b2_cityscapes_mcdrop8,acdc_rain_targetcal25,2,
,-1,True,,0.7884615384615384,0.00025045991060324013,,475,,,False,,,,,,32,rider,0.05,0.1,argmax,segformer_b2_cityscapes_mcdrop8,acdc_rain_targetcal25,2,0.8055555555555556
1.0,1000,False,0.0,0.0,1.0,0.9452631578947368,26,36.0,0.0,False,0.0,0.0,0.0,,,32,rider,0.1,0.1,region_crc,segformer_b2_cityscapes_mcdrop8,acdc_rain_targetcal25,2,
0.997,997,True,0.4230769230769231,0.4230769230769231,0.005907358601689339,0.9452631578947368,26,36.0,0.21684210526315784,False,0.5769230769230769,0.0,0.0,,,32,rider,0.1,0.1,heuristic,segformer_b2_cityscapes_mcdrop8,acdc_rain_targetcal25,2,
,-1,True,,0.7884615384615384,0.00025045991060324013,,475,,,False,,,,,,32,rider,0.1,0.1,argmax,segformer_b2_cityscapes_mcdrop8,acdc_rain_targetcal25,2,0.8055555555555556
1.0,1000,False,0.0,0.0,1.0,0.9452631578947368,26,36.0,0.0,False,0.0,0.0,0.0,,,32,rider,0.2,0.1,region_crc,segformer_b2_cityscapes_mcdrop8,acdc_rain_targetcal25,2,
0.997,997,True,0.4230769230769231,0.4230769230769231,0.005907358601689339,0.9452631578947368,26,36.0,0.21684210526315784,False,0.5769230769230769,0.0,0.0,,,32,rider,0.2,0.1,heuristic,segformer_b2_cityscapes_mcdrop8,acdc_rain_targetcal25,2,
,-1,True,,0.7884615384615384,0.00025045991060324013,,475,,,False,,,,,,32,rider,0.2,0.1,argmax,segformer_b2_cityscapes_mcdrop8,acdc_rain_targetcal25,2,0.8055555555555556
1.0,1000,False,0.0,0.0,1.0,0.9452631578947368,26,36.0,0.0,False,0.0,0.0,0.0,,,32,rider,0.05,0.5,region_crc,segformer_b2_cityscapes_mcdrop8,acdc_rain_targetcal25,2,
0.999,999,True,0.3974358974358974,0.39743589743589747,0.010407752357423306,0.9452631578947368,26,36.0,0.16842105263157892,False,0.5,0.0,0.0,,,32,rider,0.05,0.5,heuristic,segformer_b2_cityscapes_mcdrop8,acdc_rain_targetcal25,2,
,-1,True,,0.8461538461538461,0.00025045991060324013,,475,,,False,,,,,,32,rider,0.05,0.5,argmax,segformer_b2_cityscapes_mcdrop8,acdc_rain_targetcal25,2,0.8611111111111112
1.0,1000,False,0.0,0.0,1.0,0.9452631578947368,26,36.0,0.0,False,0.0,0.0,0.0,,,32,rider,0.1,0.5,region_crc,segformer_b2_cityscapes_mcdrop8,acdc_rain_targetcal25,2,
0.999,999,True,0.3974358974358974,0.39743589743589747,0.010407752357423306,0.9452631578947368,26,36.0,0.16842105263157892,False,0.5,0.0,0.0,,,32,rider,0.1,0.5,heuristic,segformer_b2_cityscapes_mcdrop8,acdc_rain_targetcal25,2,
,-1,True,,0.8461538461538461,0.00025045991060324013,,475,,,False,,,,,,32,rider,0.1,0.5,argmax,segformer_b2_cityscapes_mcdrop8,acdc_rain_targetcal25,2,0.8611111111111112
1.0,1000,False,0.0,0.0,1.0,0.9452631578947368,26,36.0,0.0,False,0.0,0.0,0.0,,,32,rider,0.2,0.5,region_crc,segformer_b2_cityscapes_mcdrop8,acdc_rain_targetcal25,2,
0.999,999,True,0.3974358974358974,0.39743589743589747,0.010407752357423306,0.9452631578947368,26,36.0,0.16842105263157892,False,0.5,0.0,0.0,,,32,rider,0.2,0.5,heuristic,segformer_b2_cityscapes_mcdrop8,acdc_rain_targetcal25,2,
,-1,True,,0.8461538461538461,0.00025045991060324013,,475,,,False,,,,,,32,rider,0.2,0.5,argmax,segformer_b2_cityscapes_mcdrop8,acdc_rain_targetcal25,2,0.8611111111111112
1.0,1000,False,0.0,0.0,1.0,0.8357894736842105,78,148.0,0.0,False,0.0,0.0,0.0,,,32,bicycle,0.05,0.1,region_crc,segformer_b2_cityscapes_mcdrop8,acdc_rain_targetcal25,5,
1.0,1000,True,0.0,0.0,1.0,0.8357894736842105,78,148.0,0.0,False,0.0,0.0,0.0,,,32,bicycle,0.05,0.1,heuristic,segformer_b2_cityscapes_mcdrop8,acdc_rain_targetcal25,5,
,-1,True,,0.7424603174603175,0.0011230061063542962,,475,,,False,,,,,,32,bicycle,0.05,0.1,argmax,segformer_b2_cityscapes_mcdrop8,acdc_rain_targetcal25,5,0.722972972972973
1.0,1000,False,0.0,0.0,1.0,0.8357894736842105,78,148.0,0.0,False,0.0,0.0,0.0,,,32,bicycle,0.1,0.1,region_crc,segformer_b2_cityscapes_mcdrop8,acdc_rain_targetcal25,5,
1.0,1000,True,0.0,0.0,1.0,0.8357894736842105,78,148.0,0.0,False,0.0,0.0,0.0,,,32,bicycle,0.1,0.1,heuristic,segformer_b2_cityscapes_mcdrop8,acdc_rain_targetcal25,5,
,-1,True,,0.7424603174603175,0.0011230061063542962,,475,,,False,,,,,,32,bicycle,0.1,0.1,argmax,segformer_b2_cityscapes_mcdrop8,acdc_rain_targetcal25,5,0.722972972972973
1.0,1000,True,0.0,0.0,1.0,0.8357894736842105,78,148.0,0.0,False,0.0,0.0,0.0,,,32,bicycle,0.2,0.1,region_crc,segformer_b2_cityscapes_mcdrop8,acdc_rain_targetcal25,5,
0.999,999,True,0.14884004884004884,0.14884004884004884,0.028085995465517044,0.8357894736842105,78,148.0,0.2357894736842105,False,0.2289156626506024,0.058823529411764705,0.0,,,32,bicycle,0.2,0.1,heuristic,segformer_b2_cityscapes_mcdrop8,acdc_rain_targetcal25,5,
,-1,True,,0.7424603174603175,0.0011230061063542962,,475,,,False,,,,,,32,bicycle,0.2,0.1,argmax,segformer_b2_cityscapes_mcdrop8,acdc_rain_targetcal25,5,0.722972972972973
1.0,1000,False,0.0,0.0,1.0,0.8357894736842105,78,148.0,0.0,False,0.0,0.0,0.0,,,32,bicycle,0.05,0.5,region_crc,segformer_b2_cityscapes_mcdrop8,acdc_rain_targetcal25,5,
1.0,1000,True,0.0,0.0,1.0,0.8357894736842105,78,148.0,0.0,False,0.0,0.0,0.0,,,32,bicycle,0.05,0.5,heuristic,segformer_b2_cityscapes_mcdrop8,acdc_rain_targetcal25,5,
,-1,True,,0.7685286935286936,0.0011230061063542962,,475,,,False,,,,,,32,bicycle,0.05,0.5,argmax,segformer_b2_cityscapes_mcdrop8,acdc_rain_targetcal25,5,0.75
1.0,1000,False,0.0,0.0,1.0,0.8357894736842105,78,148.0,0.0,False,0.0,0.0,0.0,,,32,bicycle,0.1,0.5,region_crc,segformer_b2_cityscapes_mcdrop8,acdc_rain_targetcal25,5,
1.0,1000,True,0.0,0.0,1.0,0.8357894736842105,78,148.0,0.0,False,0.0,0.0,0.0,,,32,bicycle,0.1,0.5,heuristic,segformer_b2_cityscapes_mcdrop8,acdc_rain_targetcal25,5,
,-1,True,,0.7685286935286936,0.0011230061063542962,,475,,,False,,,,,,32,bicycle,0.1,0.5,argmax,segformer_b2_cityscapes_mcdrop8,acdc_rain_targetcal25,5,0.75
1.0,1000,True,0.0,0.0,1.0,0.8357894736842105,78,148.0,0.0,False,0.0,0.0,0.0,,,32,bicycle,0.2,0.5,region_crc,segformer_b2_cityscapes_mcdrop8,acdc_rain_targetcal25,5,
1.0,1000,True,0.0,0.0,1.0,0.8357894736842105,78,148.0,0.0,False,0.0,0.0,0.0,,,32,bicycle,0.2,0.5,heuristic,segformer_b2_cityscapes_mcdrop8,acdc_rain_targetcal25,5,
,-1,True,,0.7685286935286936,0.0011230061063542962,,475,,,False,,,,,,32,bicycle,0.2,0.5,argmax,segformer_b2_cityscapes_mcdrop8,acdc_rain_targetcal25,5,0.75
1.0,1000,False,0.0,0.0,1.0,0.6673684210526316,158,314.0,0.0,False,0.0,0.0,0.0,,,33,person,0.05,0.1,region_crc,segformer_b2_cityscapes_mcdrop8,acdc_rain_targetcal25,12,
1.0,1000,True,0.0,0.0,1.0,0.6673684210526316,158,314.0,0.0,False,0.0,0.0,0.0,,,33,person,0.05,0.1,heuristic,segformer_b2_cityscapes_mcdrop8,acdc_rain_targetcal25,12,
,-1,True,,0.6428150260428741,0.0018497389974072576,,475,,,False,,,,,,33,person,0.05,0.1,argmax,segformer_b2_cityscapes_mcdrop8,acdc_rain_targetcal25,12,0.5955414012738853
1.0,1000,True,0.0,0.0,1.0,0.6673684210526316,158,314.0,0.0,False,0.0,0.0,0.0,,,33,person,0.1,0.1,region_crc,segformer_b2_cityscapes_mcdrop8,acdc_rain_targetcal25,12,
0.999,999,True,0.02689873417721519,0.02689873417721519,0.06089447811245918,0.6673684210526316,158,314.0,0.11578947368421053,False,0.0223463687150838,0.017543859649122806,0.0,,,33,person,0.1,0.1,heuristic,segformer_b2_cityscapes_mcdrop8,acdc_rain_targetcal25,12,
,-1,True,,0.6428150260428741,0.0018497389974072576,,475,,,False,,,,,,33,person,0.1,0.1,argmax,segformer_b2_cityscapes_mcdrop8,acdc_rain_targetcal25,12,0.5955414012738853
0.994,994,True,0.06845991561181435,0.06845991561181435,0.028674349188804626,0.6673684210526316,158,314.0,0.1768421052631579,False,0.08379888268156424,0.02631578947368421,0.0,,,33,person,0.2,0.1,region_crc,segformer_b2_cityscapes_mcdrop8,acdc_rain_targetcal25,12,
0.994,994,True,0.06845991561181435,0.06845991561181435,0.028674349188804626,0.6673684210526316,158,314.0,0.1768421052631579,False,0.08379888268156424,0.02631578947368421,0.0,,,33,person,0.2,0.1,heuristic,segformer_b2_cityscapes_mcdrop8,acdc_rain_targetcal25,12,
,-1,True,,0.6428150260428741,0.0018497389974072576,,475,,,False,,,,,,33,person,0.2,0.1,argmax,segformer_b2_cityscapes_mcdrop8,acdc_rain_targetcal25,12,0.5955414012738853
1.0,1000,False,0.0,0.0,1.0,0.6673684210526316,158,314.0,0.0,False,0.0,0.0,0.0,,,33,person,0.05,0.5,region_crc,segformer_b2_cityscapes_mcdrop8,acdc_rain_targetcal25,12,
1.0,1000,True,0.0,0.0,1.0,0.6673684210526316,158,314.0,0.0,False,0.0,0.0,0.0,,,33,person,0.05,0.5,heuristic,segformer_b2_cityscapes_mcdrop8,acdc_rain_targetcal25,12,
,-1,True,,0.7529064465773326,0.0018497389974072576,,475,,,False,,,,,,33,person,0.05,0.5,argmax,segformer_b2_cityscapes_mcdrop8,acdc_rain_targetcal25,12,0.6942675159235668
1.0,1000,True,0.0,0.0,1.0,0.6673684210526316,158,314.0,0.0,False,0.0,0.0,0.0,,,33,person,0.1,0.5,region_crc,segformer_b2_cityscapes_mcdrop8,acdc_rain_targetcal25,12,
1.0,1000,True,0.0,0.0,1.0,0.6673684210526316,158,314.0,0.0,False,0.0,0.0,0.0,,,33,person,0.1,0.5,heuristic,segformer_b2_cityscapes_mcdrop8,acdc_rain_targetcal25,12,
,-1,True,,0.7529064465773326,0.0018497389974072576,,475,,,False,,,,,,33,person,0.1,0.5,argmax,segformer_b2_cityscapes_mcdrop8,acdc_rain_targetcal25,12,0.6942675159235668
0.999,999,True,0.04588607594936709,0.04588607594936709,0.06089447811245918,0.6673684210526316,158,314.0,0.11578947368421053,False,0.03910614525139665,0.03508771929824561,0.0,,,33,person,0.2,0.5,region_crc,segformer_b2_cityscapes_mcdrop8,acdc_rain_targetcal25,12,
0.999,999,True,0.04588607594936709,0.04588607594936709,0.06089447811245918,0.6673684210526316,158,314.0,0.11578947368421053,False,0.03910614525139665,0.03508771929824561,0.0,,,33,person,0.2,0.5,heuristic,segformer_b2_cityscapes_mcdrop8,acdc_rain_targetcal25,12,
,-1,True,,0.7529064465773326,0.0018497389974072576,,475,,,False,,,,,,33,person,0.2,0.5,argmax,segformer_b2_cityscapes_mcdrop8,acdc_rain_targetcal25,12,0.6942675159235668
1.0,1000,False,0.0,0.0,1.0,0.9473684210526315,25,34.0,0.0,False,0.0,0.0,0.0,,,33,rider,0.05,0.1,region_crc,segformer_b2_cityscapes_mcdrop8,acdc_rain_targetcal25,3,
1.0,1000,True,0.0,0.0,1.0,0.9473684210526315,25,34.0,0.0,False,0.0,0.0,0.0,,,33,rider,0.05,0.1,heuristic,segformer_b2_cityscapes_mcdrop8,acdc_rain_targetcal25,3,
,-1,True,,0.8,0.0002222191687906161,,475,,,False,,,,,,33,rider,0.05,0.1,argmax,segformer_b2_cityscapes_mcdrop8,acdc_rain_targetcal25,3,0.8235294117647058
1.0,1000,False,0.0,0.0,1.0,0.9473684210526315,25,34.0,0.0,False,0.0,0.0,0.0,,,33,rider,0.1,0.1,region_crc,segformer_b2_cityscapes_mcdrop8,acdc_rain_targetcal25,3,
1.0,1000,True,0.0,0.0,1.0,0.9473684210526315,25,34.0,0.0,False,0.0,0.0,0.0,,,33,rider,0.1,0.1,heuristic,segformer_b2_cityscapes_mcdrop8,acdc_rain_targetcal25,3,
,-1,True,,0.8,0.0002222191687906161,,475,,,False,,,,,,33,rider,0.1,0.1,argmax,segformer_b2_cityscapes_mcdrop8,acdc_rain_targetcal25,3,0.8235294117647058
1.0,1000,False,0.0,0.0,1.0,0.9473684210526315,25,34.0,0.0,False,0.0,0.0,0.0,,,33,rider,0.2,0.1,region_crc,segformer_b2_cityscapes_mcdrop8,acdc_rain_targetcal25,3,
1.0,1000,True,0.0,0.0,1.0,0.9473684210526315,25,34.0,0.0,False,0.0,0.0,0.0,,,33,rider,0.2,0.1,heuristic,segformer_b2_cityscapes_mcdrop8,acdc_rain_targetcal25,3,
,-1,True,,0.8,0.0002222191687906161,,475,,,False,,,,,,33,rider,0.2,0.1,argmax,segformer_b2_cityscapes_mcdrop8,acdc_rain_targetcal25,3,0.8235294117647058
1.0,1000,False,0.0,0.0,1.0,0.9473684210526315,25,34.0,0.0,False,0.0,0.0,0.0,,,33,rider,0.05,0.5,region_crc,segformer_b2_cityscapes_mcdrop8,acdc_rain_targetcal25,3,
1.0,1000,True,0.0,0.0,1.0,0.9473684210526315,25,34.0,0.0,False,0.0,0.0,0.0,,,33,rider,0.05,0.5,heuristic,segformer_b2_cityscapes_mcdrop8,acdc_rain_targetcal25,3,
,-1,True,,0.86,0.0002222191687906161,,475,,,False,,,,,,33,rider,0.05,0.5,argmax,segformer_b2_cityscapes_mcdrop8,acdc_rain_targetcal25,3,0.8823529411764706
1.0,1000,False,0.0,0.0,1.0,0.9473684210526315,25,34.0,0.0,False,0.0,0.0,0.0,,,33,rider,0.1,0.5,region_crc,segformer_b2_cityscapes_mcdrop8,acdc_rain_targetcal25,3,
1.0,1000,True,0.0,0.0,1.0,0.9473684210526315,25,34.0,0.0,False,0.0,0.0,0.0,,,33,rider,0.1,0.5,heuristic,segformer_b2_cityscapes_mcdrop8,acdc_rain_targetcal25,3,
,-1,True,,0.86,0.0002222191687906161,,475,,,False,,,,,,33,rider,0.1,0.5,argmax,segformer_b2_cityscapes_mcdrop8,acdc_rain_targetcal25,3,0.8823529411764706
1.0,1000,False,0.0,0.0,1.0,0.9473684210526315,25,34.0,0.0,False,0.0,0.0,0.0,,,33,rider,0.2,0.5,region_crc,segformer_b2_cityscapes_mcdrop8,acdc_rain_targetcal25,3,
1.0,1000,True,0.0,0.0,1.0,0.9473684210526315,25,34.0,0.0,False,0.0,0.0,0.0,,,33,rider,0.2,0.5,heuristic,segformer_b2_cityscapes_mcdrop8,acdc_rain_targetcal25,3,
,-1,True,,0.86,0.0002222191687906161,,475,,,False,,,,,,33,rider,0.2,0.5,argmax,segformer_b2_cityscapes_mcdrop8,acdc_rain_targetcal25,3,0.8823529411764706
1.0,1000,False,0.0,0.0,1.0,0.8378947368421052,77,149.0,0.0,False,0.0,0.0,0.0,,,33,bicycle,0.05,0.1,region_crc,segformer_b2_cityscapes_mcdrop8,acdc_rain_targetcal25,6,
0.999,999,True,0.16376004947433517,0.16376004947433517,0.02818695455789566,0.8378947368421052,77,149.0,0.10947368421052633,False,0.25609756097560976,0.05660377358490566,0.0,,,33,bicycle,0.05,0.1,heuristic,segformer_b2_cityscapes_mcdrop8,acdc_rain_targetcal25,6,
,-1,True,,0.7559987631416203,0.001101579749956727,,475,,,False,,,,,,33,bicycle,0.05,0.1,argmax,segformer_b2_cityscapes_mcdrop8,acdc_rain_targetcal25,6,0.7315436241610739
1.0,1000,False,0.0,0.0,1.0,0.8378947368421052,77,149.0,0.0,False,0.0,0.0,0.0,,,33,bicycle,0.1,0.1,region_crc,segformer_b2_cityscapes_mcdrop8,acdc_rain_targetcal25,6,
0.999,999,True,0.16376004947433517,0.16376004947433517,0.02818695455789566,0.8378947368421052,77,149.0,0.10947368421052633,False,0.25609756097560976,0.05660377358490566,0.0,,,33,bicycle,0.1,0.1,heuristic,segformer_b2_cityscapes_mcdrop8,acdc_rain_targetcal25,6,
,-1,True,,0.7559987631416203,0.001101579749956727,,475,,,False,,,,,,33,bicycle,0.1,0.1,argmax,segformer_b2_cityscapes_mcdrop8,acdc_rain_targetcal25,6,0.7315436241610739
0.999,999,True,0.16376004947433517,0.16376004947433517,0.02818695455789566,0.8378947368421052,77,149.0,0.10947368421052633,False,0.25609756097560976,0.05660377358490566,0.0,,,33,bicycle,0.2,0.1,region_crc,segformer_b2_cityscapes_mcdrop8,acdc_rain_targetcal25,6,
0.999,999,True,0.16376004947433517,0.16376004947433517,0.02818695455789566,0.8378947368421052,77,149.0,0.10947368421052633,False,0.25609756097560976,0.05660377358490566,0.0,,,33,bicycle,0.2,0.1,heuristic,segformer_b2_cityscapes_mcdrop8,acdc_rain_targetcal25,6,
,-1,True,,0.7559987631416203,0.001101579749956727,,475,,,False,,,,,,33,bicycle,0.2,0.1,argmax,segformer_b2_cityscapes_mcdrop8,acdc_rain_targetcal25,6,0.7315436241610739
1.0,1000,False,0.0,0.0,1.0,0.8378947368421052,77,149.0,0.0,False,0.0,0.0,0.0,,,33,bicycle,0.05,0.5,region_crc,segformer_b2_cityscapes_mcdrop8,acdc_rain_targetcal25,6,
1.0,1000,True,0.0,0.0,1.0,0.8378947368421052,77,149.0,0.0,False,0.0,0.0,0.0,,,33,bicycle,0.05,0.5,heuristic,segformer_b2_cityscapes_mcdrop8,acdc_rain_targetcal25,6,
,-1,True,,0.7824056895485467,0.001101579749956727,,475,,,False,,,,,,33,bicycle,0.05,0.5,argmax,segformer_b2_cityscapes_mcdrop8,acdc_rain_targetcal25,6,0.7583892617449665
1.0,1000,False,0.0,0.0,1.0,0.8378947368421052,77,149.0,0.0,False,0.0,0.0,0.0,,,33,bicycle,0.1,0.5,region_crc,segformer_b2_cityscapes_mcdrop8,acdc_rain_targetcal25,6,
1.0,1000,True,0.0,0.0,1.0,0.8378947368421052,77,149.0,0.0,False,0.0,0.0,0.0,,,33,bicycle,0.1,0.5,heuristic,segformer_b2_cityscapes_mcdrop8,acdc_rain_targetcal25,6,
,-1,True,,0.7824056895485467,0.001101579749956727,,475,,,False,,,,,,33,bicycle,0.1,0.5,argmax,segformer_b2_cityscapes_mcdrop8,acdc_rain_targetcal25,6,0.7583892617449665
1.0,1000,True,0.0,0.0,1.0,0.8378947368421052,77,149.0,0.0,False,0.0,0.0,0.0,,,33,bicycle,0.2,0.5,region_crc,segformer_b2_cityscapes_mcdrop8,acdc_rain_targetcal25,6,
0.999,999,True,0.22479901051329623,0.22479901051329623,0.02818695455789566,0.8378947368421052,77,149.0,0.10947368421052633,False,0.3048780487804878,0.11320754716981132,0.0,,,33,bicycle,0.2,0.5,heuristic,segformer_b2_cityscapes_mcdrop8,acdc_rain_targetcal25,6,
,-1,True,,0.7824056895485467,0.001101579749956727,,475,,,False,,,,,,33,bicycle,0.2,0.5,argmax,segformer_b2_cityscapes_mcdrop8,acdc_rain_targetcal25,6,0.7583892617449665
1.0,1000,False,0.0,0.0,1.0,0.6631578947368421,160,309.0,0.0,False,0.0,0.0,0.0,,,34,person,0.05,0.1,region_crc,segformer_b2_cityscapes_mcdrop8,acdc_rain_targetcal25,10,
0.997,997,True,0.0546875,0.0546875,0.03868628293275833,0.6631578947368421,160,309.0,0.2421052631578947,False,0.05172413793103448,0.02654867256637168,0.0,,,34,person,0.05,0.1,heuristic,segformer_b2_cityscapes_mcdrop8,acdc_rain_targetcal25,10,
,-1,True,,0.6469673382173382,0.00175818323623389,,475,,,False,,,,,,34,person,0.05,0.1,argmax,segformer_b2_cityscapes_mcdrop8,acdc_rain_targetcal25,10,0.5889967637540453
0.998,998,True,0.0484375,0.0484375,0.045966483652591705,0.6631578947368421,160,309.0,0.2231578947368421,False,0.04597701149425287,0.02654867256637168,0.0,,,34,person,0.1,0.1,region_crc,segformer_b2_cityscapes_mcdrop8,acdc_rain_targetcal25,10,
0.996,996,True,0.0703125,0.0703125,0.034075211733579636,0.6631578947368421,160,309.0,0.2421052631578947,False,0.06896551724137931,0.035398230088495575,0.0,,,34,person,0.1,0.1,heuristic,segformer_b2_cityscapes_mcdrop8,acdc_rain_targetcal25,10,
,-1,True,,0.6469673382173382,0.00175818323623389,,475,,,False,,,,,,34,person,0.1,0.1,argmax,segformer_b2_cityscapes_mcdrop8,acdc_rain_targetcal25,10,0.5889967637540453
0.965,965,True,0.27692384004884,0.27692384004884,0.011130216531455517,15.781052631578948,160,309.0,0.22947368421052627,False,0.3333333333333333,0.13274336283185842,0.0,,,34,person,0.2,0.1,region_crc,segformer_b2_cityscapes_mcdrop8,acdc_rain_targetcal25,10,
0.9410000000000001,941,True,0.3580696733821734,0.3580696733821734,0.007990216836333275,10.64421052631579,160,309.0,0.2231578947368421,False,0.42528735632183906,0.168141592920354,0.045454545454545456,,,34,person,0.2,0.1,heuristic,segformer_b2_cityscapes_mcdrop8,acdc_rain_targetcal25,10,
,-1,True,,0.6469673382173382,0.00175818323623389,,475,,,False,,,,,,34,person,0.2,0.1,argmax,segformer_b2_cityscapes_mcdrop8,acdc_rain_targetcal25,10,0.5889967637540453
1.0,1000,False,0.0,0.0,1.0,0.6631578947368421,160,309.0,0.0,False,0.0,0.0,0.0,,,34,person,0.05,0.5,region_crc,segformer_b2_cityscapes_mcdrop8,acdc_rain_targetcal25,10,
0.998,998,True,0.08125,0.08125,0.045966483652591705,0.6631578947368421,160,309.0,0.2231578947368421,False,0.07471264367816093,0.05309734513274336,0.0,,,34,person,0.05,0.5,heuristic,segformer_b2_cityscapes_mcdrop8,acdc_rain_targetcal25,10,
,-1,True,,0.776932615995116,0.00175818323623389,,475,,,False,,,,,,34,person,0.05,0.5,argmax,segformer_b2_cityscapes_mcdrop8,acdc_rain_targetcal25,10,0.7055016181229773
0.999,999,True,0.0546875,0.0546875,0.06061528995633125,0.6631578947368421,160,309.0,0.1894736842105263,False,0.04597701149425287,0.04424778761061947,0.0,,,34,person,0.1,0.5,region_crc,segformer_b2_cityscapes_mcdrop8,acdc_rain_targetcal25,10,
0.997,997,True,0.10677083333333334,0.10677083333333333,0.03868628293275833,0.6631578947368421,160,309.0,0.2421052631578947,False,0.08620689655172414,0.09734513274336283,0.0,,,34,person,0.1,0.5,heuristic,segformer_b2_cityscapes_mcdrop8,acdc_rain_targetcal25,10,
,-1,True,,0.776932615995116,0.00175818323623389,,475,,,False,,,,,,34,person,0.1,0.5,argmax,segformer_b2_cityscapes_mcdrop8,acdc_rain_targetcal25,10,0.7055016181229773
0.988,988,True,0.26144764957264954,0.26144764957264954,0.020141448825597763,0.6631578947368421,160,309.0,0.2863157894736842,False,0.29310344827586204,0.1415929203539823,0.0,,,34,person,0.2,0.5,region_crc,segformer_b2_cityscapes_mcdrop8,acdc_rain_targetcal25,10,
0.972,972,True,0.3865071733821734,0.3865071733821734,0.012701922096312046,15.781052631578948,160,309.0,0.2526315789473684,False,0.4367816091954023,0.21238938053097345,0.09090909090909091,,,34,person,0.2,0.5,heuristic,segformer_b2_cityscapes_mcdrop8,acdc_rain_targetcal25,10,
,-1,True,,0.776932615995116,0.00175818323623389,,475,,,False,,,,,,34,person,0.2,0.5,argmax,segformer_b2_cityscapes_mcdrop8,acdc_rain_targetcal25,10,0.7055016181229773
1.0,1000,False,0.0,0.0,1.0,0.9431578947368421,27,35.0,0.0,False,0.0,0.0,0.0,,,34,rider,0.05,0.1,region_crc,segformer_b2_cityscapes_mcdrop8,acdc_rain_targetcal25,1,
0.972,972,True,0.6481481481481481,0.6481481481481481,0.0017410662258043885,1.9810526315789474,27,35.0,0.14947368421052631,False,0.9166666666666666,0.3333333333333333,0.0,,,34,rider,0.05,0.1,heuristic,segformer_b2_cityscapes_mcdrop8,acdc_rain_targetcal25,1,
,-1,True,,0.7962962962962963,0.0002510822669137269,,475,,,False,,,,,,34,rider,0.05,0.1,argmax,segformer_b2_cityscapes_mcdrop8,acdc_rain_targetcal25,1,0.8
1.0,1000,False,0.0,0.0,1.0,0.9431578947368421,27,35.0,0.0,False,0.0,0.0,0.0,,,34,rider,0.1,0.1,region_crc,segformer_b2_cityscapes_mcdrop8,acdc_rain_targetcal25,1,
0.972,972,True,0.6481481481481481,0.6481481481481481,0.0017410662258043885,1.9810526315789474,27,35.0,0.14947368421052631,False,0.9166666666666666,0.3333333333333333,0.0,,,34,rider,0.1,0.1,heuristic,segformer_b2_cityscapes_mcdrop8,acdc_rain_targetcal25,1,
,-1,True,,0.7962962962962963,0.0002510822669137269,,475,,,False,,,,,,34,rider,0.1,0.1,argmax,segformer_b2_cityscapes_mcdrop8,acdc_rain_targetcal25,1,0.8
1.0,1000,False,0.0,0.0,1.0,0.9431578947368421,27,35.0,0.0,False,0.0,0.0,0.0,,,34,rider,0.2,0.1,region_crc,segformer_b2_cityscapes_mcdrop8,acdc_rain_targetcal25,1,
0.972,972,True,0.6481481481481481,0.6481481481481481,0.0017410662258043885,1.9810526315789474,27,35.0,0.14947368421052631,False,0.9166666666666666,0.3333333333333333,0.0,,,34,rider,0.2,0.1,heuristic,segformer_b2_cityscapes_mcdrop8,acdc_rain_targetcal25,1,
,-1,True,,0.7962962962962963,0.0002510822669137269,,475,,,False,,,,,,34,rider,0.2,0.1,argmax,segformer_b2_cityscapes_mcdrop8,acdc_rain_targetcal25,1,0.8
1.0,1000,False,0.0,0.0,1.0,0.9431578947368421,27,35.0,0.0,False,0.0,0.0,0.0,,,34,rider,0.05,0.5,region_crc,segformer_b2_cityscapes_mcdrop8,acdc_rain_targetcal25,1,
0.975,975,True,0.7222222222222222,0.7222222222222222,0.001860016374848783,1.9810526315789474,27,35.0,0.14105263157894743,False,0.9583333333333334,0.3333333333333333,0.2,,,34,rider,0.05,0.5,heuristic,segformer_b2_cityscapes_mcdrop8,acdc_rain_targetcal25,1,
,-1,True,,0.8518518518518519,0.0002510822669137269,,475,,,False,,,,,,34,rider,0.05,0.5,argmax,segformer_b2_cityscapes_mcdrop8,acdc_rain_targetcal25,1,0.8571428571428571
1.0,1000,False,0.0,0.0,1.0,0.9431578947368421,27,35.0,0.0,False,0.0,0.0,0.0,,,34,rider,0.1,0.5,region_crc,segformer_b2_cityscapes_mcdrop8,acdc_rain_targetcal25,1,
0.975,975,True,0.7222222222222222,0.7222222222222222,0.001860016374848783,1.9810526315789474,27,35.0,0.14105263157894743,False,0.9583333333333334,0.3333333333333333,0.2,,,34,rider,0.1,0.5,heuristic,segformer_b2_cityscapes_mcdrop8,acdc_rain_targetcal25,1,
,-1,True,,0.8518518518518519,0.0002510822669137269,,475,,,False,,,,,,34,rider,0.1,0.5,argmax,segformer_b2_cityscapes_mcdrop8,acdc_rain_targetcal25,1,0.8571428571428571
1.0,1000,False,0.0,0.0,1.0,0.9431578947368421,27,35.0,0.0,False,0.0,0.0,0.0,,,34,rider,0.2,0.5,region_crc,segformer_b2_cityscapes_mcdrop8,acdc_rain_targetcal25,1,
0.975,975,True,0.7222222222222222,0.7222222222222222,0.001860016374848783,1.9810526315789474,27,35.0,0.14105263157894743,False,0.9583333333333334,0.3333333333333333,0.2,,,34,rider,0.2,0.5,heuristic,segformer_b2_cityscapes_mcdrop8,acdc_rain_targetcal25,1,
,-1,True,,0.8518518518518519,0.0002510822669137269,,475,,,False,,,,,,34,rider,0.2,0.5,argmax,segformer_b2_cityscapes_mcdrop8,acdc_rain_targetcal25,1,0.8571428571428571
1.0,1000,False,0.0,0.0,1.0,0.8421052631578947,75,147.0,0.0,False,0.0,0.0,0.0,,,34,bicycle,0.05,0.1,region_crc,segformer_b2_cityscapes_mcdrop8,acdc_rain_targetcal25,8,
1.0,1000,True,0.0,0.0,1.0,0.8421052631578947,75,147.0,0.0,False,0.0,0.0,0.0,,,34,bicycle,0.05,0.1,heuristic,segformer_b2_cityscapes_mcdrop8,acdc_rain_targetcal25,8,
,-1,True,,0.7406031746031746,0.0011328065302222967,,475,,,False,,,,,,34,bicycle,0.05,0.1,argmax,segformer_b2_cityscapes_mcdrop8,acdc_rain_targetcal25,8,0.7210884353741497
1.0,1000,False,0.0,0.0,1.0,0.8421052631578947,75,147.0,0.0,False,0.0,0.0,0.0,,,34,bicycle,0.1,0.1,region_crc,segformer_b2_cityscapes_mcdrop8,acdc_rain_targetcal25,8,
1.0,1000,True,0.0,0.0,1.0,0.8421052631578947,75,147.0,0.0,False,0.0,0.0,0.0,,,34,bicycle,0.1,0.1,heuristic,segformer_b2_cityscapes_mcdrop8,acdc_rain_targetcal25,8,
,-1,True,,0.7406031746031746,0.0011328065302222967,,475,,,False,,,,,,34,bicycle,0.1,0.1,argmax,segformer_b2_cityscapes_mcdrop8,acdc_rain_targetcal25,8,0.7210884353741497
1.0,1000,True,0.0,0.0,1.0,0.8421052631578947,75,147.0,0.0,False,0.0,0.0,0.0,,,34,bicycle,0.2,0.1,region_crc,segformer_b2_cityscapes_mcdrop8,acdc_rain_targetcal25,8,
1.0,1000,True,0.0,0.0,1.0,0.8421052631578947,75,147.0,0.0,False,0.0,0.0,0.0,,,34,bicycle,0.2,0.1,heuristic,segformer_b2_cityscapes_mcdrop8,acdc_rain_targetcal25,8,
,-1,True,,0.7406031746031746,0.0011328065302222967,,475,,,False,,,,,,34,bicycle,0.2,0.1,argmax,segformer_b2_cityscapes_mcdrop8,acdc_rain_targetcal25,8,0.7210884353741497
1.0,1000,False,0.0,0.0,1.0,0.8421052631578947,75,147.0,0.0,False,0.0,0.0,0.0,,,34,bicycle,0.05,0.5,region_crc,segformer_b2_cityscapes_mcdrop8,acdc_rain_targetcal25,8,
1.0,1000,True,0.0,0.0,1.0,0.8421052631578947,75,147.0,0.0,False,0.0,0.0,0.0,,,34,bicycle,0.05,0.5,heuristic,segformer_b2_cityscapes_mcdrop8,acdc_rain_targetcal25,8,
,-1,True,,0.7632698412698412,0.0011328065302222967,,475,,,False,,,,,,34,bicycle,0.05,0.5,argmax,segformer_b2_cityscapes_mcdrop8,acdc_rain_targetcal25,8,0.7414965986394558
1.0,1000,False,0.0,0.0,1.0,0.8421052631578947,75,147.0,0.0,False,0.0,0.0,0.0,,,34,bicycle,0.1,0.5,region_crc,segformer_b2_cityscapes_mcdrop8,acdc_rain_targetcal25,8,
1.0,1000,True,0.0,0.0,1.0,0.8421052631578947,75,147.0,0.0,False,0.0,0.0,0.0,,,34,bicycle,0.1,0.5,heuristic,segformer_b2_cityscapes_mcdrop8,acdc_rain_targetcal25,8,
,-1,True,,0.7632698412698412,0.0011328065302222967,,475,,,False,,,,,,34,bicycle,0.1,0.5,argmax,segformer_b2_cityscapes_mcdrop8,acdc_rain_targetcal25,8,0.7414965986394558
1.0,1000,True,0.0,0.0,1.0,0.8421052631578947,75,147.0,0.0,False,0.0,0.0,0.0,,,34,bicycle,0.2,0.5,region_crc,segformer_b2_cityscapes_mcdrop8,acdc_rain_targetcal25,8,
1.0,1000,True,0.0,0.0,1.0,0.8421052631578947,75,147.0,0.0,False,0.0,0.0,0.0,,,34,bicycle,0.2,0.5,heuristic,segformer_b2_cityscapes_mcdrop8,acdc_rain_targetcal25,8,
,-1,True,,0.7632698412698412,0.0011328065302222967,,475,,,False,,,,,,34,bicycle,0.2,0.5,argmax,segformer_b2_cityscapes_mcdrop8,acdc_rain_targetcal25,8,0.7414965986394558
1.0,1000,False,0.0,0.0,1.0,0.6652631578947369,159,313.0,0.0,False,0.0,0.0,0.0,,,35,person,0.05,0.1,region_crc,segformer_b2_cityscapes_mcdrop8,acdc_rain_targetcal25,11,
1.0,1000,True,0.0,0.0,1.0,0.6652631578947369,159,313.0,0.0,False,0.0,0.0,0.0,,,35,person,0.05,0.1,heuristic,segformer_b2_cityscapes_mcdrop8,acdc_rain_targetcal25,11,
,-1,True,,0.6287092711621013,0.0018747166031971574,,475,,,False,,,,,,35,person,0.05,0.1,argmax,segformer_b2_cityscapes_mcdrop8,acdc_rain_targetcal25,11,0.5750798722044729
1.0,1000,True,0.0,0.0,1.0,0.6652631578947369,159,313.0,0.0,False,0.0,0.0,0.0,,,35,person,0.1,0.1,region_crc,segformer_b2_cityscapes_mcdrop8,acdc_rain_targetcal25,11,
0.999,999,True,0.026729559748427674,0.026729559748427674,0.06071023270487785,0.6652631578947369,159,313.0,0.14526315789473687,False,0.016853932584269662,0.017543859649122806,0.0,,,35,person,0.1,0.1,heuristic,segformer_b2_cityscapes_mcdrop8,acdc_rain_targetcal25,11,
,-1,True,,0.6287092711621013,0.0018747166031971574,,475,,,False,,,,,,35,person,0.1,0.1,argmax,segformer_b2_cityscapes_mcdrop8,acdc_rain_targetcal25,11,0.5750798722044729
0.999,999,True,0.026729559748427674,0.026729559748427674,0.06071023270487785,0.6652631578947369,159,313.0,0.14526315789473687,False,0.016853932584269662,0.017543859649122806,0.0,,,35,person,0.2,0.1,region_crc,segformer_b2_cityscapes_mcdrop8,acdc_rain_targetcal25,11,
0.999,999,True,0.026729559748427674,0.026729559748427674,0.06071023270487785,0.6652631578947369,159,313.0,0.14526315789473687,False,0.016853932584269662,0.017543859649122806,0.0,,,35,person,0.2,0.1,heuristic,segformer_b2_cityscapes_mcdrop8,acdc_rain_targetcal25,11,
,-1,True,,0.6287092711621013,0.0018747166031971574,,475,,,False,,,,,,35,person,0.2,0.1,argmax,segformer_b2_cityscapes_mcdrop8,acdc_rain_targetcal25,11,0.5750798722044729
1.0,1000,False,0.0,0.0,1.0,0.6652631578947369,159,313.0,0.0,False,0.0,0.0,0.0,,,35,person,0.05,0.5,region_crc,segformer_b2_cityscapes_mcdrop8,acdc_rain_targetcal25,11,
1.0,1000,True,0.0,0.0,1.0,0.6652631578947369,159,313.0,0.0,False,0.0,0.0,0.0,,,35,person,0.05,0.5,heuristic,segformer_b2_cityscapes_mcdrop8,acdc_rain_targetcal25,11,
,-1,True,,0.7563472865359658,0.0018747166031971574,,475,,,False,,,,,,35,person,0.05,0.5,argmax,segformer_b2_cityscapes_mcdrop8,acdc_rain_targetcal25,11,0.6869009584664537
1.0,1000,True,0.0,0.0,1.0,0.6652631578947369,159,313.0,0.0,False,0.0,0.0,0.0,,,35,person,0.1,0.5,region_crc,segformer_b2_cityscapes_mcdrop8,acdc_rain_targetcal25,11,
1.0,1000,True,0.0,0.0,1.0,0.6652631578947369,159,313.0,0.0,False,0.0,0.0,0.0,,,35,person,0.1,0.5,heuristic,segformer_b2_cityscapes_mcdrop8,acdc_rain_targetcal25,11,
,-1,True,,0.7563472865359658,0.0018747166031971574,,475,,,False,,,,,,35,person,0.1,0.5,argmax,segformer_b2_cityscapes_mcdrop8,acdc_rain_targetcal25,11,0.6869009584664537
1.0,1000,True,0.0,0.0,1.0,0.6652631578947369,159,313.0,0.0,False,0.0,0.0,0.0,,,35,person,0.2,0.5,region_crc,segformer_b2_cityscapes_mcdrop8,acdc_rain_targetcal25,11,
1.0,1000,True,0.0,0.0,1.0,0.6652631578947369,159,313.0,0.0,False,0.0,0.0,0.0,,,35,person,0.2,0.5,heuristic,segformer_b2_cityscapes_mcdrop8,acdc_rain_targetcal25,11,
,-1,True,,0.7563472865359658,0.0018747166031971574,,475,,,False,,,,,,35,person,0.2,0.5,argmax,segformer_b2_cityscapes_mcdrop8,acdc_rain_targetcal25,11,0.6869009584664537
1.0,1000,False,0.0,0.0,1.0,0.9431578947368421,27,37.0,0.0,False,0.0,0.0,0.0,,,35,rider,0.05,0.1,region_crc,segformer_b2_cityscapes_mcdrop8,acdc_rain_targetcal25,1,
0.991,991,True,0.5555555555555556,0.5555555555555556,0.003327535232529044,0.9431578947368421,27,37.0,0.1473684210526316,False,0.7307692307692307,0.16666666666666666,0.0,,,35,rider,0.05,0.1,heuristic,segformer_b2_cityscapes_mcdrop8,acdc_rain_targetcal25,1,
,-1,True,,0.7962962962962963,0.0002510822669137269,,475,,,False,,,,,,35,rider,0.05,0.1,argmax,segformer_b2_cityscapes_mcdrop8,acdc_rain_targetcal25,1,0.8108108108108109
1.0,1000,False,0.0,0.0,1.0,0.9431578947368421,27,37.0,0.0,False,0.0,0.0,0.0,,,35,rider,0.1,0.1,region_crc,segformer_b2_cityscapes_mcdrop8,acdc_rain_targetcal25,1,
0.991,991,True,0.5555555555555556,0.5555555555555556,0.003327535232529044,0.9431578947368421,27,37.0,0.1473684210526316,False,0.7307692307692307,0.16666666666666666,0.0,,,35,rider,0.1,0.1,heuristic,segformer_b2_cityscapes_mcdrop8,acdc_rain_targetcal25,1,
,-1,True,,0.7962962962962963,0.0002510822669137269,,475,,,False,,,,,,35,rider,0.1,0.1,argmax,segformer_b2_cityscapes_mcdrop8,acdc_rain_targetcal25,1,0.8108108108108109
1.0,1000,False,0.0,0.0,1.0,0.9431578947368421,27,37.0,0.0,False,0.0,0.0,0.0,,,35,rider,0.2,0.1,region_crc,segformer_b2_cityscapes_mcdrop8,acdc_rain_targetcal25,1,
0.991,991,True,0.5555555555555556,0.5555555555555556,0.003327535232529044,0.9431578947368421,27,37.0,0.1473684210526316,False,0.7307692307692307,0.16666666666666666,0.0,,,35,rider,0.2,0.1,heuristic,segformer_b2_cityscapes_mcdrop8,acdc_rain_targetcal25,1,
,-1,True,,0.7962962962962963,0.0002510822669137269,,475,,,False,,,,,,35,rider,0.2,0.1,argmax,segformer_b2_cityscapes_mcdrop8,acdc_rain_targetcal25,1,0.8108108108108109
1.0,1000,False,0.0,0.0,1.0,0.9431578947368421,27,37.0,0.0,False,0.0,0.0,0.0,,,35,rider,0.05,0.5,region_crc,segformer_b2_cityscapes_mcdrop8,acdc_rain_targetcal25,1,
0.997,997,True,0.5740740740740741,0.5740740740740741,0.006059985142201185,0.9431578947368421,27,37.0,0.17052631578947364,False,0.6923076923076923,0.16666666666666666,0.2,,,35,rider,0.05,0.5,heuristic,segformer_b2_cityscapes_mcdrop8,acdc_rain_targetcal25,1,
,-1,True,,0.8518518518518519,0.0002510822669137269,,475,,,False,,,,,,35,rider,0.05,0.5,argmax,segformer_b2_cityscapes_mcdrop8,acdc_rain_targetcal25,1,0.8648648648648649
1.0,1000,False,0.0,0.0,1.0,0.9431578947368421,27,37.0,0.0,False,0.0,0.0,0.0,,,35,rider,0.1,0.5,region_crc,segformer_b2_cityscapes_mcdrop8,acdc_rain_targetcal25,1,
0.997,997,True,0.5740740740740741,0.5740740740740741,0.006059985142201185,0.9431578947368421,27,37.0,0.17052631578947364,False,0.6923076923076923,0.16666666666666666,0.2,,,35,rider,0.1,0.5,heuristic,segformer_b2_cityscapes_mcdrop8,acdc_rain_targetcal25,1,
,-1,True,,0.8518518518518519,0.0002510822669137269,,475,,,False,,,,,,35,rider,0.1,0.5,argmax,segformer_b2_cityscapes_mcdrop8,acdc_rain_targetcal25,1,0.8648648648648649
1.0,1000,False,0.0,0.0,1.0,0.9431578947368421,27,37.0,0.0,False,0.0,0.0,0.0,,,35,rider,0.2,0.5,region_crc,segformer_b2_cityscapes_mcdrop8,acdc_rain_targetcal25,1,
0.997,997,True,0.5740740740740741,0.5740740740740741,0.006059985142201185,0.9431578947368421,27,37.0,0.17052631578947364,False,0.6923076923076923,0.16666666666666666,0.2,,,35,rider,0.2,0.5,heuristic,segformer_b2_cityscapes_mcdrop8,acdc_rain_targetcal25,1,
,-1,True,,0.8518518518518519,0.0002510822669137269,,475,,,False,,,,,,35,rider,0.2,0.5,argmax,segformer_b2_cityscapes_mcdrop8,acdc_rain_targetcal25,1,0.8648648648648649
1.0,1000,False,0.0,0.0,1.0,0.8336842105263158,79,152.0,0.0,False,0.0,0.0,0.0,,,35,bicycle,0.05,0.1,region_crc,segformer_b2_cityscapes_mcdrop8,acdc_rain_targetcal25,4,
0.999,999,True,0.15961422543701026,0.15961422543701023,0.027998216450214386,0.8336842105263158,79,152.0,0.15368421052631576,False,0.25301204819277107,0.05454545454545454,0.0,,,35,bicycle,0.05,0.1,heuristic,segformer_b2_cityscapes_mcdrop8,acdc_rain_targetcal25,4,
,-1,True,,0.7368595539481615,0.0011128726182505488,,475,,,False,,,,,,35,bicycle,0.05,0.1,argmax,segformer_b2_cityscapes_mcdrop8,acdc_rain_targetcal25,4,0.7171052631578947
1.0,1000,False,0.0,0.0,1.0,0.8336842105263158,79,152.0,0.0,False,0.0,0.0,0.0,,,35,bicycle,0.1,0.1,region_crc,segformer_b2_cityscapes_mcdrop8,acdc_rain_targetcal25,4,
0.999,999,True,0.15961422543701026,0.15961422543701023,0.027998216450214386,0.8336842105263158,79,152.0,0.15368421052631576,False,0.25301204819277107,0.05454545454545454,0.0,,,35,bicycle,0.1,0.1,heuristic,segformer_b2_cityscapes_mcdrop8,acdc_rain_targetcal25,4,
,-1,True,,0.7368595539481615,0.0011128726182505488,,475,,,False,,,,,,35,bicycle,0.1,0.1,argmax,segformer_b2_cityscapes_mcdrop8,acdc_rain_targetcal25,4,0.7171052631578947
0.999,999,True,0.15961422543701026,0.15961422543701023,0.027998216450214386,0.8336842105263158,79,152.0,0.15368421052631576,False,0.25301204819277107,0.05454545454545454,0.0,,,35,bicycle,0.2,0.1,region_crc,segformer_b2_cityscapes_mcdrop8,acdc_rain_targetcal25,4,
0.999,999,True,0.15961422543701026,0.15961422543701023,0.027998216450214386,0.8336842105263158,79,152.0,0.15368421052631576,False,0.25301204819277107,0.05454545454545454,0.0,,,35,bicycle,0.2,0.1,heuristic,segformer_b2_cityscapes_mcdrop8,acdc_rain_targetcal25,4,
,-1,True,,0.7368595539481615,0.0011128726182505488,,475,,,False,,,,,,35,bicycle,0.2,0.1,argmax,segformer_b2_cityscapes_mcdrop8,acdc_rain_targetcal25,4,0.7171052631578947
1.0,1000,False,0.0,0.0,1.0,0.8336842105263158,79,152.0,0.0,False,0.0,0.0,0.0,,,35,bicycle,0.05,0.5,region_crc,segformer_b2_cityscapes_mcdrop8,acdc_rain_targetcal25,4,
1.0,1000,True,0.0,0.0,1.0,0.8336842105263158,79,152.0,0.0,False,0.0,0.0,0.0,,,35,bicycle,0.05,0.5,heuristic,segformer_b2_cityscapes_mcdrop8,acdc_rain_targetcal25,4,
,-1,True,,0.7625979505726341,0.0011128726182505488,,475,,,False,,,,,,35,bicycle,0.05,0.5,argmax,segformer_b2_cityscapes_mcdrop8,acdc_rain_targetcal25,4,0.743421052631579
1.0,1000,False,0.0,0.0,1.0,0.8336842105263158,79,152.0,0.0,False,0.0,0.0,0.0,,,35,bicycle,0.1,0.5,region_crc,segformer_b2_cityscapes_mcdrop8,acdc_rain_targetcal25,4,
1.0,1000,True,0.0,0.0,1.0,0.8336842105263158,79,152.0,0.0,False,0.0,0.0,0.0,,,35,bicycle,0.1,0.5,heuristic,segformer_b2_cityscapes_mcdrop8,acdc_rain_targetcal25,4,
,-1,True,,0.7625979505726341,0.0011128726182505488,,475,,,False,,,,,,35,bicycle,0.1,0.5,argmax,segformer_b2_cityscapes_mcdrop8,acdc_rain_targetcal25,4,0.743421052631579
1.0,1000,True,0.0,0.0,1.0,0.8336842105263158,79,152.0,0.0,False,0.0,0.0,0.0,,,35,bicycle,0.2,0.5,region_crc,segformer_b2_cityscapes_mcdrop8,acdc_rain_targetcal25,4,
1.0,1000,True,0.0,0.0,1.0,0.8336842105263158,79,152.0,0.0,False,0.0,0.0,0.0,,,35,bicycle,0.2,0.5,heuristic,segformer_b2_cityscapes_mcdrop8,acdc_rain_targetcal25,4,
,-1,True,,0.7625979505726341,0.0011128726182505488,,475,,,False,,,,,,35,bicycle,0.2,0.5,argmax,segformer_b2_cityscapes_mcdrop8,acdc_rain_targetcal25,4,0.743421052631579
1.0,1000,False,0.0,0.0,1.0,0.6568421052631579,163,319.0,0.0,False,0.0,0.0,0.0,,,36,person,0.05,0.1,region_crc,segformer_b2_cityscapes_mcdrop8,acdc_rain_targetcal25,7,
0.993,993,True,0.08629856850715746,0.08629856850715746,0.026304170489311218,0.6568421052631579,163,319.0,0.12631578947368421,False,0.09392265193370165,0.05217391304347826,0.0,,,36,person,0.05,0.1,heuristic,segformer_b2_cityscapes_mcdrop8,acdc_rain_targetcal25,7,
,-1,True,,0.6531581234035222,0.0017930027097463608,,475,,,False,,,,,,36,person,0.05,0.1,argmax,segformer_b2_cityscapes_mcdrop8,acdc_rain_targetcal25,7,0.6050156739811913
1.0,1000,False,0.0,0.0,1.0,0.6568421052631579,163,319.0,0.0,False,0.0,0.0,0.0,,,36,person,0.1,0.1,region_crc,segformer_b2_cityscapes_mcdrop8,acdc_rain_targetcal25,7,
0.987,987,True,0.14832992501704156,0.14832992501704156,0.019341398030519485,15.856842105263159,163,319.0,0.1305263157894737,False,0.16574585635359115,0.0782608695652174,0.0,,,36,person,0.1,0.1,heuristic,segformer_b2_cityscapes_mcdrop8,acdc_rain_targetcal25,7,
,-1,True,,0.6531581234035222,0.0017930027097463608,,475,,,False,,,,,,36,person,0.1,0.1,argmax,segformer_b2_cityscapes_mcdrop8,acdc_rain_targetcal25,7,0.6050156739811913
0.987,987,True,0.14832992501704156,0.14832992501704156,0.019341398030519485,15.856842105263159,163,319.0,0.1305263157894737,False,0.16574585635359115,0.0782608695652174,0.0,,,36,person,0.2,0.1,region_crc,segformer_b2_cityscapes_mcdrop8,acdc_rain_targetcal25,7,
0.973,973,True,0.23526109200955828,0.23526109200955828,0.012995288707315922,15.856842105263159,163,319.0,0.13263157894736843,False,0.287292817679558,0.10434782608695652,0.0,,,36,person,0.2,0.1,heuristic,segformer_b2_cityscapes_mcdrop8,acdc_rain_targetcal25,7,
,-1,True,,0.6531581234035222,0.0017930027097463608,,475,,,False,,,,,,36,person,0.2,0.1,argmax,segformer_b2_cityscapes_mcdrop8,acdc_rain_targetcal25,7,0.6050156739811913
1.0,1000,False,0.0,0.0,1.0,0.6568421052631579,163,319.0,0.0,False,0.0,0.0,0.0,,,36,person,0.05,0.5,region_crc,segformer_b2_cityscapes_mcdrop8,acdc_rain_targetcal25,7,
0.995,995,True,0.15855487389229722,0.1585548738922972,0.030809134244918823,0.6568421052631579,163,319.0,0.11368421052631583,False,0.15469613259668508,0.10434782608695652,0.0,,,36,person,0.05,0.5,heuristic,segformer_b2_cityscapes_mcdrop8,acdc_rain_targetcal25,7,
,-1,True,,0.7807314022037949,0.0017930027097463608,,475,,,False,,,,,,36,person,0.05,0.5,argmax,segformer_b2_cityscapes_mcdrop8,acdc_rain_targetcal25,7,0.7178683385579937
1.0,1000,False,0.0,0.0,1.0,0.6568421052631579,163,319.0,0.0,False,0.0,0.0,0.0,,,36,person,0.1,0.5,region_crc,segformer_b2_cityscapes_mcdrop8,acdc_rain_targetcal25,7,
0.991,991,True,0.2164910072885533,0.2164910072885533,0.023285290226340294,0.6568421052631579,163,319.0,0.12210526315789472,False,0.23204419889502761,0.13043478260869565,0.0,,,36,person,0.1,0.5,heuristic,segformer_b2_cityscapes_mcdrop8,acdc_rain_targetcal25,7,
,-1,True,,0.7807314022037949,0.0017930027097463608,,475,,,False,,,,,,36,person,0.1,0.5,argmax,segformer_b2_cityscapes_mcdrop8,acdc_rain_targetcal25,7,0.7178683385579937
0.991,991,True,0.2164910072885533,0.2164910072885533,0.023285290226340294,0.6568421052631579,163,319.0,0.12210526315789472,False,0.23204419889502761,0.13043478260869565,0.0,,,36,person,0.2,0.5,region_crc,segformer_b2_cityscapes_mcdrop8,acdc_rain_targetcal25,7,
0.986,986,True,0.26215720203450266,0.26215720203450266,0.01860846020281315,15.856842105263159,163,319.0,0.13263157894736843,False,0.30386740331491713,0.1391304347826087,0.0,,,36,person,0.2,0.5,heuristic,segformer_b2_cityscapes_mcdrop8,acdc_rain_targetcal25,7,
,-1,True,,0.7807314022037949,0.0017930027097463608,,475,,,False,,,,,,36,person,0.2,0.5,argmax,segformer_b2_cityscapes_mcdrop8,acdc_rain_targetcal25,7,0.7178683385579937
,-1,False,,,,,475,,,False,,,,,,36,rider,0.05,0.1,region_crc,segformer_b2_cityscapes_mcdrop8,acdc_rain_targetcal25,0,
,-1,False,,,,,475,,,False,,,,,,36,rider,0.05,0.1,heuristic,segformer_b2_cityscapes_mcdrop8,acdc_rain_targetcal25,0,
,-1,True,,0.8035714285714286,0.0002506182936485857,,475,,,False,,,,,,36,rider,0.05,0.1,argmax,segformer_b2_cityscapes_mcdrop8,acdc_rain_targetcal25,0,0.8157894736842105
,-1,False,,,,,475,,,False,,,,,,36,rider,0.1,0.1,region_crc,segformer_b2_cityscapes_mcdrop8,acdc_rain_targetcal25,0,
,-1,False,,,,,475,,,False,,,,,,36,rider,0.1,0.1,heuristic,segformer_b2_cityscapes_mcdrop8,acdc_rain_targetcal25,0,
,-1,True,,0.8035714285714286,0.0002506182936485857,,475,,,False,,,,,,36,rider,0.1,0.1,argmax,segformer_b2_cityscapes_mcdrop8,acdc_rain_targetcal25,0,0.8157894736842105
,-1,False,,,,,475,,,False,,,,,,36,rider,0.2,0.1,region_crc,segformer_b2_cityscapes_mcdrop8,acdc_rain_targetcal25,0,
,-1,False,,,,,475,,,False,,,,,,36,rider,0.2,0.1,heuristic,segformer_b2_cityscapes_mcdrop8,acdc_rain_targetcal25,0,
,-1,True,,0.8035714285714286,0.0002506182936485857,,475,,,False,,,,,,36,rider,0.2,0.1,argmax,segformer_b2_cityscapes_mcdrop8,acdc_rain_targetcal25,0,0.8157894736842105
,-1,False,,,,,475,,,False,,,,,,36,rider,0.05,0.5,region_crc,segformer_b2_cityscapes_mcdrop8,acdc_rain_targetcal25,0,
,-1,False,,,,,475,,,False,,,,,,36,rider,0.05,0.5,heuristic,segformer_b2_cityscapes_mcdrop8,acdc_rain_targetcal25,0,
,-1,True,,0.8571428571428571,0.0002506182936485857,,475,,,False,,,,,,36,rider,0.05,0.5,argmax,segformer_b2_cityscapes_mcdrop8,acdc_rain_targetcal25,0,0.868421052631579
,-1,False,,,,,475,,,False,,,,,,36,rider,0.1,0.5,region_crc,segformer_b2_cityscapes_mcdrop8,acdc_rain_targetcal25,0,
,-1,False,,,,,475,,,False,,,,,,36,rider,0.1,0.5,heuristic,segformer_b2_cityscapes_mcdrop8,acdc_rain_targetcal25,0,
,-1,True,,0.8571428571428571,0.0002506182936485857,,475,,,False,,,,,,36,rider,0.1,0.5,argmax,segformer_b2_cityscapes_mcdrop8,acdc_rain_targetcal25,0,0.868421052631579
,-1,False,,,,,475,,,False,,,,,,36,rider,0.2,0.5,region_crc,segformer_b2_cityscapes_mcdrop8,acdc_rain_targetcal25,0,
,-1,False,,,,,475,,,False,,,,,,36,rider,0.2,0.5,heuristic,segformer_b2_cityscapes_mcdrop8,acdc_rain_targetcal25,0,
,-1,True,,0.8571428571428571,0.0002506182936485857,,475,,,False,,,,,,36,rider,0.2,0.5,argmax,segformer_b2_cityscapes_mcdrop8,acdc_rain_targetcal25,0,0.868421052631579
1.0,1000,False,0.0,0.0,1.0,0.8294736842105264,81,152.0,0.0,False,0.0,0.0,0.0,,,36,bicycle,0.05,0.1,region_crc,segformer_b2_cityscapes_mcdrop8,acdc_rain_targetcal25,2,
0.965,965,True,0.4649029982363316,0.4649029982363316,0.004608318209648132,6.237894736842105,81,152.0,0.15578947368421053,False,0.6235294117647059,0.2777777777777778,0.0,,,36,bicycle,0.05,0.1,heuristic,segformer_b2_cityscapes_mcdrop8,acdc_rain_targetcal25,2,
,-1,True,,0.7557025279247501,0.0010933743324130774,,475,,,False,,,,,,36,bicycle,0.05,0.1,argmax,segformer_b2_cityscapes_mcdrop8,acdc_rain_targetcal25,2,0.743421052631579
1.0,1000,False,0.0,0.0,1.0,0.8294736842105264,81,152.0,0.0,False,0.0,0.0,0.0,,,36,bicycle,0.1,0.1,region_crc,segformer_b2_cityscapes_mcdrop8,acdc_rain_targetcal25,2,
0.965,965,True,0.4649029982363316,0.4649029982363316,0.004608318209648132,6.237894736842105,81,152.0,0.15578947368421053,False,0.6235294117647059,0.2777777777777778,0.0,,,36,bicycle,0.1,0.1,heuristic,segformer_b2_cityscapes_mcdrop8,acdc_rain_targetcal25,2,
,-1,True,,0.7557025279247501,0.0010933743324130774,,475,,,False,,,,,,36,bicycle,0.1,0.1,argmax,segformer_b2_cityscapes_mcdrop8,acdc_rain_targetcal25,2,0.743421052631579
1.0,1000,False,0.0,0.0,1.0,0.8294736842105264,81,152.0,0.0,False,0.0,0.0,0.0,,,36,bicycle,0.2,0.1,region_crc,segformer_b2_cityscapes_mcdrop8,acdc_rain_targetcal25,2,
0.921,921,True,0.5981481481481481,0.5981481481481482,0.0028393338434398174,2.6336842105263156,81,152.0,0.12631578947368421,False,0.6941176470588235,0.46296296296296297,0.0,,,36,bicycle,0.2,0.1,heuristic,segformer_b2_cityscapes_mcdrop8,acdc_rain_targetcal25,2,
,-1,True,,0.7557025279247501,0.0010933743324130774,,475,,,False,,,,,,36,bicycle,0.2,0.1,argmax,segformer_b2_cityscapes_mcdrop8,acdc_rain_targetcal25,2,0.743421052631579
1.0,1000,False,0.0,0.0,1.0,0.8294736842105264,81,152.0,0.0,False,0.0,0.0,0.0,,,36,bicycle,0.05,0.5,region_crc,segformer_b2_cityscapes_mcdrop8,acdc_rain_targetcal25,2,
0.995,995,True,0.369077013521458,0.369077013521458,0.013004349544644356,0.8294736842105264,81,152.0,0.10315789473684209,False,0.5294117647058824,0.2037037037037037,0.0,,,36,bicycle,0.05,0.5,heuristic,segformer_b2_cityscapes_mcdrop8,acdc_rain_targetcal25,2,
,-1,True,,0.7808054085831864,0.0010933743324130774,,475,,,False,,,,,,36,bicycle,0.05,0.5,argmax,segformer_b2_cityscapes_mcdrop8,acdc_rain_targetcal25,2,0.7697368421052632
1.0,1000,False,0.0,0.0,1.0,0.8294736842105264,81,152.0,0.0,False,0.0,0.0,0.0,,,36,bicycle,0.1,0.5,region_crc,segformer_b2_cityscapes_mcdrop8,acdc_rain_targetcal25,2,
0.995,995,True,0.369077013521458,0.369077013521458,0.013004349544644356,0.8294736842105264,81,152.0,0.10315789473684209,False,0.5294117647058824,0.2037037037037037,0.0,,,36,bicycle,0.1,0.5,heuristic,segformer_b2_cityscapes_mcdrop8,acdc_rain_targetcal25,2,
,-1,True,,0.7808054085831864,0.0010933743324130774,,475,,,False,,,,,,36,bicycle,0.1,0.5,argmax,segformer_b2_cityscapes_mcdrop8,acdc_rain_targetcal25,2,0.7697368421052632
1.0,1000,False,0.0,0.0,1.0,0.8294736842105264,81,152.0,0.0,False,0.0,0.0,0.0,,,36,bicycle,0.2,0.5,region_crc,segformer_b2_cityscapes_mcdrop8,acdc_rain_targetcal25,2,
0.982,982,True,0.5109935332157555,0.5109935332157555,0.006624210625886917,6.237894736842105,81,152.0,0.09894736842105267,False,0.6235294117647059,0.3888888888888889,0.0,,,36,bicycle,0.2,0.5,heuristic,segformer_b2_cityscapes_mcdrop8,acdc_rain_targetcal25,2,
,-1,True,,0.7808054085831864,0.0010933743324130774,,475,,,False,,,,,,36,bicycle,0.2,0.5,argmax,segformer_b2_cityscapes_mcdrop8,acdc_rain_targetcal25,2,0.7697368421052632
1.0,1000,False,0.0,0.0,1.0,0.6610526315789473,161,320.0,0.0,False,0.0,0.0,0.0,,,37,person,0.05,0.1,region_crc,segformer_b2_cityscapes_mcdrop8,acdc_rain_targetcal25,9,
0.99,990,True,0.1185990338164251,0.1185990338164251,0.022048404440283775,0.6610526315789473,161,320.0,0.22947368421052633,False,0.14054054054054055,0.05263157894736842,0.0,,,37,person,0.05,0.1,heuristic,segformer_b2_cityscapes_mcdrop8,acdc_rain_targetcal25,9,
,-1,True,,0.6519551187253051,0.0017901681130751967,,475,,,False,,,,,,37,person,0.05,0.1,argmax,segformer_b2_cityscapes_mcdrop8,acdc_rain_targetcal25,9,0.60625
0.99,990,True,0.1185990338164251,0.1185990338164251,0.022048404440283775,0.6610526315789473,161,320.0,0.22947368421052633,False,0.14054054054054055,0.05263157894736842,0.0,,,37,person,0.1,0.1,region_crc,segformer_b2_cityscapes_mcdrop8,acdc_rain_targetcal25,9,
0.99,990,True,0.1185990338164251,0.1185990338164251,0.022048404440283775,0.6610526315789473,161,320.0,0.22947368421052633,False,0.14054054054054055,0.05263157894736842,0.0,,,37,person,0.1,0.1,heuristic,segformer_b2_cityscapes_mcdrop8,acdc_rain_targetcal25,9,
,-1,True,,0.6519551187253051,0.0017901681130751967,,475,,,False,,,,,,37,person,0.1,0.1,argmax,segformer_b2_cityscapes_mcdrop8,acdc_rain_targetcal25,9,0.60625
0.9500000000000001,950,True,0.3236510211665491,0.3236510211665491,0.008897674269974232,10.690526315789473,161,320.0,0.2315789473684211,False,0.3891891891891892,0.16666666666666666,0.0,,,37,person,0.2,0.1,region_crc,segformer_b2_cityscapes_mcdrop8,acdc_rain_targetcal25,9,
0.9500000000000001,950,True,0.3236510211665491,0.3236510211665491,0.008897674269974232,10.690526315789473,161,320.0,0.2315789473684211,False,0.3891891891891892,0.16666666666666666,0.0,,,37,person,0.2,0.1,heuristic,segformer_b2_cityscapes_mcdrop8,acdc_rain_targetcal25,9,
,-1,True,,0.6519551187253051,0.0017901681130751967,,475,,,False,,,,,,37,person,0.2,0.1,argmax,segformer_b2_cityscapes_mcdrop8,acdc_rain_targetcal25,9,0.60625
1.0,1000,False,0.0,0.0,1.0,0.6610526315789473,161,320.0,0.0,False,0.0,0.0,0.0,,,37,person,0.05,0.5,region_crc,segformer_b2_cityscapes_mcdrop8,acdc_rain_targetcal25,9,
0.993,993,True,0.17781228433402346,0.1778122843340235,0.02626052126288414,0.6610526315789473,161,320.0,0.22105263157894733,False,0.1891891891891892,0.11403508771929824,0.0,,,37,person,0.05,0.5,heuristic,segformer_b2_cityscapes_mcdrop8,acdc_rain_targetcal25,9,
,-1,True,,0.7697259951918338,0.0017901681130751967,,475,,,False,,,,,,37,person,0.05,0.5,argmax,segformer_b2_cityscapes_mcdrop8,acdc_rain_targetcal25,9,0.709375
0.993,993,True,0.17781228433402346,0.1778122843340235,0.02626052126288414,0.6610526315789473,161,320.0,0.22105263157894733,False,0.1891891891891892,0.11403508771929824,0.0,,,37,person,0.1,0.5,region_crc,segformer_b2_cityscapes_mcdrop8,acdc_rain_targetcal25,9,
0.993,993,True,0.17781228433402346,0.1778122843340235,0.02626052126288414,0.6610526315789473,161,320.0,0.22105263157894733,False,0.1891891891891892,0.11403508771929824,0.0,,,37,person,0.1,0.5,heuristic,segformer_b2_cityscapes_mcdrop8,acdc_rain_targetcal25,9,
,-1,True,,0.7697259951918338,0.0017901681130751967,,475,,,False,,,,,,37,person,0.1,0.5,argmax,segformer_b2_cityscapes_mcdrop8,acdc_rain_targetcal25,9,0.709375
0.986,986,True,0.26541381323990015,0.26541381323990015,0.018564151600003242,15.890526315789474,161,320.0,0.2021052631578948,False,0.3027027027027027,0.14035087719298245,0.0,,,37,person,0.2,0.5,region_crc,segformer_b2_cityscapes_mcdrop8,acdc_rain_targetcal25,9,
0.986,986,True,0.26541381323990015,0.26541381323990015,0.018564151600003242,15.890526315789474,161,320.0,0.2021052631578948,False,0.3027027027027027,0.14035087719298245,0.0,,,37,person,0.2,0.5,heuristic,segformer_b2_cityscapes_mcdrop8,acdc_rain_targetcal25,9,
,-1,True,,0.7697259951918338,0.0017901681130751967,,475,,,False,,,,,,37,person,0.2,0.5,argmax,segformer_b2_cityscapes_mcdrop8,acdc_rain_targetcal25,9,0.709375
,-1,False,,,,,475,,,False,,,,,,37,rider,0.05,0.1,region_crc,segformer_b2_cityscapes_mcdrop8,acdc_rain_targetcal25,0,
,-1,False,,,,,475,,,False,,,,,,37,rider,0.05,0.1,heuristic,segformer_b2_cityscapes_mcdrop8,acdc_rain_targetcal25,0,
,-1,True,,0.8035714285714286,0.0002510822669137269,,475,,,False,,,,,,37,rider,0.05,0.1,argmax,segformer_b2_cityscapes_mcdrop8,acdc_rain_targetcal25,0,0.8157894736842105
,-1,False,,,,,475,,,False,,,,,,37,rider,0.1,0.1,region_crc,segformer_b2_cityscapes_mcdrop8,acdc_rain_targetcal25,0,
,-1,False,,,,,475,,,False,,,,,,37,rider,0.1,0.1,heuristic,segformer_b2_cityscapes_mcdrop8,acdc_rain_targetcal25,0,
,-1,True,,0.8035714285714286,0.0002510822669137269,,475,,,False,,,,,,37,rider,0.1,0.1,argmax,segformer_b2_cityscapes_mcdrop8,acdc_rain_targetcal25,0,0.8157894736842105
,-1,False,,,,,475,,,False,,,,,,37,rider,0.2,0.1,region_crc,segformer_b2_cityscapes_mcdrop8,acdc_rain_targetcal25,0,
,-1,False,,,,,475,,,False,,,,,,37,rider,0.2,0.1,heuristic,segformer_b2_cityscapes_mcdrop8,acdc_rain_targetcal25,0,
,-1,True,,0.8035714285714286,0.0002510822669137269,,475,,,False,,,,,,37,rider,0.2,0.1,argmax,segformer_b2_cityscapes_mcdrop8,acdc_rain_targetcal25,0,0.8157894736842105
,-1,False,,,,,475,,,False,,,,,,37,rider,0.05,0.5,region_crc,segformer_b2_cityscapes_mcdrop8,acdc_rain_targetcal25,0,
,-1,False,,,,,475,,,False,,,,,,37,rider,0.05,0.5,heuristic,segformer_b2_cityscapes_mcdrop8,acdc_rain_targetcal25,0,
,-1,True,,0.8571428571428571,0.0002510822669137269,,475,,,False,,,,,,37,rider,0.05,0.5,argmax,segformer_b2_cityscapes_mcdrop8,acdc_rain_targetcal25,0,0.868421052631579
,-1,False,,,,,475,,,False,,,,,,37,rider,0.1,0.5,region_crc,segformer_b2_cityscapes_mcdrop8,acdc_rain_targetcal25,0,
,-1,False,,,,,475,,,False,,,,,,37,rider,0.1,0.5,heuristic,segformer_b2_cityscapes_mcdrop8,acdc_rain_targetcal25,0,
,-1,True,,0.8571428571428571,0.0002510822669137269,,475,,,False,,,,,,37,rider,0.1,0.5,argmax,segformer_b2_cityscapes_mcdrop8,acdc_rain_targetcal25,0,0.868421052631579
,-1,False,,,,,475,,,False,,,,,,37,rider,0.2,0.5,region_crc,segformer_b2_cityscapes_mcdrop8,acdc_rain_targetcal25,0,
,-1,False,,,,,475,,,False,,,,,,37,rider,0.2,0.5,heuristic,segformer_b2_cityscapes_mcdrop8,acdc_rain_targetcal25,0,
,-1,True,,0.8571428571428571,0.0002510822669137269,,475,,,False,,,,,,37,rider,0.2,0.5,argmax,segformer_b2_cityscapes_mcdrop8,acdc_rain_targetcal25,0,0.868421052631579
1.0,1000,False,0.0,0.0,1.0,0.84,76,150.0,0.0,False,0.0,0.0,0.0,,,37,bicycle,0.05,0.1,region_crc,segformer_b2_cityscapes_mcdrop8,acdc_rain_targetcal25,7,
1.0,1000,True,0.0,0.0,1.0,0.84,76,150.0,0.0,False,0.0,0.0,0.0,,,37,bicycle,0.05,0.1,heuristic,segformer_b2_cityscapes_mcdrop8,acdc_rain_targetcal25,7,
,-1,True,,0.7330513784461153,0.0010431093396618962,,475,,,False,,,,,,37,bicycle,0.05,0.1,argmax,segformer_b2_cityscapes_mcdrop8,acdc_rain_targetcal25,7,0.72
1.0,1000,False,0.0,0.0,1.0,0.84,76,150.0,0.0,False,0.0,0.0,0.0,,,37,bicycle,0.1,0.1,region_crc,segformer_b2_cityscapes_mcdrop8,acdc_rain_targetcal25,7,
0.998,998,True,0.22556390977443608,0.22556390977443608,0.020314039662480354,0.84,76,150.0,0.14526315789473682,False,0.32926829268292684,0.07407407407407407,0.0,,,37,bicycle,0.1,0.1,heuristic,segformer_b2_cityscapes_mcdrop8,acdc_rain_targetcal25,7,
,-1,True,,0.7330513784461153,0.0010431093396618962,,475,,,False,,,,,,37,bicycle,0.1,0.1,argmax,segformer_b2_cityscapes_mcdrop8,acdc_rain_targetcal25,7,0.72
0.998,998,True,0.22556390977443608,0.22556390977443608,0.020314039662480354,0.84,76,150.0,0.14526315789473682,False,0.32926829268292684,0.07407407407407407,0.0,,,37,bicycle,0.2,0.1,region_crc,segformer_b2_cityscapes_mcdrop8,acdc_rain_targetcal25,7,
0.998,998,True,0.22556390977443608,0.22556390977443608,0.020314039662480354,0.84,76,150.0,0.14526315789473682,False,0.32926829268292684,0.07407407407407407,0.0,,,37,bicycle,0.2,0.1,heuristic,segformer_b2_cityscapes_mcdrop8,acdc_rain_targetcal25,7,
,-1,True,,0.7330513784461153,0.0010431093396618962,,475,,,False,,,,,,37,bicycle,0.2,0.1,argmax,segformer_b2_cityscapes_mcdrop8,acdc_rain_targetcal25,7,0.72
1.0,1000,False,0.0,0.0,1.0,0.84,76,150.0,0.0,False,0.0,0.0,0.0,,,37,bicycle,0.05,0.5,region_crc,segformer_b2_cityscapes_mcdrop8,acdc_rain_targetcal25,7,
1.0,1000,True,0.0,0.0,1.0,0.84,76,150.0,0.0,False,0.0,0.0,0.0,,,37,bicycle,0.05,0.5,heuristic,segformer_b2_cityscapes_mcdrop8,acdc_rain_targetcal25,7,
,-1,True,,0.7598057644110275,0.0010431093396618962,,475,,,False,,,,,,37,bicycle,0.05,0.5,argmax,segformer_b2_cityscapes_mcdrop8,acdc_rain_targetcal25,7,0.7466666666666667
1.0,1000,False,0.0,0.0,1.0,0.84,76,150.0,0.0,False,0.0,0.0,0.0,,,37,bicycle,0.1,0.5,region_crc,segformer_b2_cityscapes_mcdrop8,acdc_rain_targetcal25,7,
1.0,1000,True,0.0,0.0,1.0,0.84,76,150.0,0.0,False,0.0,0.0,0.0,,,37,bicycle,0.1,0.5,heuristic,segformer_b2_cityscapes_mcdrop8,acdc_rain_targetcal25,7,
,-1,True,,0.7598057644110275,0.0010431093396618962,,475,,,False,,,,,,37,bicycle,0.1,0.5,argmax,segformer_b2_cityscapes_mcdrop8,acdc_rain_targetcal25,7,0.7466666666666667
1.0,1000,True,0.0,0.0,1.0,0.84,76,150.0,0.0,False,0.0,0.0,0.0,,,37,bicycle,0.2,0.5,region_crc,segformer_b2_cityscapes_mcdrop8,acdc_rain_targetcal25,7,
1.0,1000,True,0.0,0.0,1.0,0.84,76,150.0,0.0,False,0.0,0.0,0.0,,,37,bicycle,0.2,0.5,heuristic,segformer_b2_cityscapes_mcdrop8,acdc_rain_targetcal25,7,
,-1,True,,0.7598057644110275,0.0010431093396618962,,475,,,False,,,,,,37,bicycle,0.2,0.5,argmax,segformer_b2_cityscapes_mcdrop8,acdc_rain_targetcal25,7,0.7466666666666667
1.0,1000,False,0.0,0.0,1.0,0.6673684210526316,158,308.0,0.0,False,0.0,0.0,0.0,,,38,person,0.05,0.1,region_crc,segformer_b2_cityscapes_mcdrop8,acdc_rain_targetcal25,12,
0.988,988,True,0.14669479606188465,0.14669479606188465,0.020148849114775658,0.6673684210526316,158,308.0,0.1789473684210526,False,0.1676300578034682,0.06086956521739131,0.0,,,38,person,0.05,0.1,heuristic,segformer_b2_cityscapes_mcdrop8,acdc_rain_targetcal25,12,
,-1,True,,0.6522032116968826,0.001700487220659852,,475,,,False,,,,,,38,person,0.05,0.1,argmax,segformer_b2_cityscapes_mcdrop8,acdc_rain_targetcal25,12,0.6006493506493507
0.988,988,True,0.14669479606188465,0.14669479606188465,0.020148849114775658,0.6673684210526316,158,308.0,0.1789473684210526,False,0.1676300578034682,0.06086956521739131,0.0,,,38,person,0.1,0.1,region_crc,segformer_b2_cityscapes_mcdrop8,acdc_rain_targetcal25,12,
0.982,982,True,0.18540787623066105,0.18540787623066105,0.016297083348035812,15.732631578947368,158,308.0,0.20421052631578945,False,0.23121387283236994,0.0782608695652174,0.0,,,38,person,0.1,0.1,heuristic,segformer_b2_cityscapes_mcdrop8,acdc_rain_targetcal25,12,
,-1,True,,0.6522032116968826,0.001700487220659852,,475,,,False,,,,,,38,person,0.1,0.1,argmax,segformer_b2_cityscapes_mcdrop8,acdc_rain_targetcal25,12,0.6006493506493507
0.982,982,True,0.18540787623066105,0.18540787623066105,0.016297083348035812,15.732631578947368,158,308.0,0.20421052631578945,False,0.23121387283236994,0.0782608695652174,0.0,,,38,person,0.2,0.1,region_crc,segformer_b2_cityscapes_mcdrop8,acdc_rain_targetcal25,12,
0.973,973,True,0.23584952319129535,0.23584952319129535,0.013003171421587467,15.732631578947368,158,308.0,0.18526315789473685,False,0.2947976878612717,0.09565217391304348,0.0,,,38,person,0.2,0.1,heuristic,segformer_b2_cityscapes_mcdrop8,acdc_rain_targetcal25,12,
,-1,True,,0.6522032116968826,0.001700487220659852,,475,,,False,,,,,,38,person,0.2,0.1,argmax,segformer_b2_cityscapes_mcdrop8,acdc_rain_targetcal25,12,0.6006493506493507
1.0,1000,False,0.0,0.0,1.0,0.6673684210526316,158,308.0,0.0,False,0.0,0.0,0.0,,,38,person,0.05,0.5,region_crc,segformer_b2_cityscapes_mcdrop8,acdc_rain_targetcal25,12,
0.999,999,True,0.05221518987341772,0.05221518987341772,0.06065791845321655,0.6673684210526316,158,308.0,0.16842105263157897,False,0.046242774566473986,0.034782608695652174,0.0,,,38,person,0.05,0.5,heuristic,segformer_b2_cityscapes_mcdrop8,acdc_rain_targetcal25,12,
,-1,True,,0.7588136195731132,0.001700487220659852,,475,,,False,,,,,,38,person,0.05,0.5,argmax,segformer_b2_cityscapes_mcdrop8,acdc_rain_targetcal25,12,0.698051948051948
1.0,1000,True,0.0,0.0,1.0,0.6673684210526316,158,308.0,0.0,False,0.0,0.0,0.0,,,38,person,0.1,0.5,region_crc,segformer_b2_cityscapes_mcdrop8,acdc_rain_targetcal25,12,
0.992,992,True,0.20066266363734717,0.20066266363734717,0.024649908766150475,0.6673684210526316,158,308.0,0.19578947368421054,False,0.2254335260115607,0.11304347826086956,0.0,,,38,person,0.1,0.5,heuristic,segformer_b2_cityscapes_mcdrop8,acdc_rain_targetcal25,12,
,-1,True,,0.7588136195731132,0.001700487220659852,,475,,,False,,,,,,38,person,0.1,0.5,argmax,segformer_b2_cityscapes_mcdrop8,acdc_rain_targetcal25,12,0.698051948051948
0.992,992,True,0.20066266363734717,0.20066266363734717,0.024649908766150475,0.6673684210526316,158,308.0,0.19578947368421054,False,0.2254335260115607,0.11304347826086956,0.0,,,38,person,0.2,0.5,region_crc,segformer_b2_cityscapes_mcdrop8,acdc_rain_targetcal25,12,
0.986,986,True,0.2635967759385481,0.2635967759385481,0.018612679094076157,15.732631578947368,158,308.0,0.1789473684210526,False,0.31213872832369943,0.13043478260869565,0.0,,,38,person,0.2,0.5,heuristic,segformer_b2_cityscapes_mcdrop8,acdc_rain_targetcal25,12,
,-1,True,,0.7588136195731132,0.001700487220659852,,475,,,False,,,,,,38,person,0.2,0.5,argmax,segformer_b2_cityscapes_mcdrop8,acdc_rain_targetcal25,12,0.698051948051948
1.0,1000,False,0.0,0.0,1.0,0.9452631578947368,26,35.0,0.0,False,0.0,0.0,0.0,,,38,rider,0.05,0.1,region_crc,segformer_b2_cityscapes_mcdrop8,acdc_rain_targetcal25,2,
0.999,999,True,0.21153846153846154,0.21153846153846154,0.01045785192400217,0.9452631578947368,26,35.0,0.27999999999999997,False,0.2916666666666667,0.0,0.0,,,38,rider,0.05,0.1,heuristic,segformer_b2_cityscapes_mcdrop8,acdc_rain_targetcal25,2,
,-1,True,,0.7884615384615384,0.00024525055778212845,,475,,,False,,,,,,38,rider,0.05,0.1,argmax,segformer_b2_cityscapes_mcdrop8,acdc_rain_targetcal25,2,0.8
1.0,1000,False,0.0,0.0,1.0,0.9452631578947368,26,35.0,0.0,False,0.0,0.0,0.0,,,38,rider,0.1,0.1,region_crc,segformer_b2_cityscapes_mcdrop8,acdc_rain_targetcal25,2,
0.999,999,True,0.21153846153846154,0.21153846153846154,0.01045785192400217,0.9452631578947368,26,35.0,0.27999999999999997,False,0.2916666666666667,0.0,0.0,,,38,rider,0.1,0.1,heuristic,segformer_b2_cityscapes_mcdrop8,acdc_rain_targetcal25,2,
,-1,True,,0.7884615384615384,0.00024525055778212845,,475,,,False,,,,,,38,rider,0.1,0.1,argmax,segformer_b2_cityscapes_mcdrop8,acdc_rain_targetcal25,2,0.8
1.0,1000,False,0.0,0.0,1.0,0.9452631578947368,26,35.0,0.0,False,0.0,0.0,0.0,,,38,rider,0.2,0.1,region_crc,segformer_b2_cityscapes_mcdrop8,acdc_rain_targetcal25,2,
0.999,999,True,0.21153846153846154,0.21153846153846154,0.01045785192400217,0.9452631578947368,26,35.0,0.27999999999999997,False,0.2916666666666667,0.0,0.0,,,38,rider,0.2,0.1,heuristic,segformer_b2_cityscapes_mcdrop8,acdc_rain_targetcal25,2,
,-1,True,,0.7884615384615384,0.00024525055778212845,,475,,,False,,,,,,38,rider,0.2,0.1,argmax,segformer_b2_cityscapes_mcdrop8,acdc_rain_targetcal25,2,0.8
1.0,1000,False,0.0,0.0,1.0,0.9452631578947368,26,35.0,0.0,False,0.0,0.0,0.0,,,38,rider,0.05,0.5,region_crc,segformer_b2_cityscapes_mcdrop8,acdc_rain_targetcal25,2,
1.0,1000,True,0.0,0.0,1.0,0.9452631578947368,26,35.0,0.0,False,0.0,0.0,0.0,,,38,rider,0.05,0.5,heuristic,segformer_b2_cityscapes_mcdrop8,acdc_rain_targetcal25,2,
,-1,True,,0.8461538461538461,0.00024525055778212845,,475,,,False,,,,,,38,rider,0.05,0.5,argmax,segformer_b2_cityscapes_mcdrop8,acdc_rain_targetcal25,2,0.8571428571428571
1.0,1000,False,0.0,0.0,1.0,0.9452631578947368,26,35.0,0.0,False,0.0,0.0,0.0,,,38,rider,0.1,0.5,region_crc,segformer_b2_cityscapes_mcdrop8,acdc_rain_targetcal25,2,
1.0,1000,True,0.0,0.0,1.0,0.9452631578947368,26,35.0,0.0,False,0.0,0.0,0.0,,,38,rider,0.1,0.5,heuristic,segformer_b2_cityscapes_mcdrop8,acdc_rain_targetcal25,2,
,-1,True,,0.8461538461538461,0.00024525055778212845,,475,,,False,,,,,,38,rider,0.1,0.5,argmax,segformer_b2_cityscapes_mcdrop8,acdc_rain_targetcal25,2,0.8571428571428571
1.0,1000,False,0.0,0.0,1.0,0.9452631578947368,26,35.0,0.0,False,0.0,0.0,0.0,,,38,rider,0.2,0.5,region_crc,segformer_b2_cityscapes_mcdrop8,acdc_rain_targetcal25,2,
1.0,1000,True,0.0,0.0,1.0,0.9452631578947368,26,35.0,0.0,False,0.0,0.0,0.0,,,38,rider,0.2,0.5,heuristic,segformer_b2_cityscapes_mcdrop8,acdc_rain_targetcal25,2,
,-1,True,,0.8461538461538461,0.00024525055778212845,,475,,,False,,,,,,38,rider,0.2,0.5,argmax,segformer_b2_cityscapes_mcdrop8,acdc_rain_targetcal25,2,0.8571428571428571
1.0,1000,False,0.0,0.0,1.0,0.84,76,150.0,0.0,False,0.0,0.0,0.0,,,38,bicycle,0.05,0.1,region_crc,segformer_b2_cityscapes_mcdrop8,acdc_rain_targetcal25,7,
1.0,1000,True,0.0,0.0,1.0,0.84,76,150.0,0.0,False,0.0,0.0,0.0,,,38,bicycle,0.05,0.1,heuristic,segformer_b2_cityscapes_mcdrop8,acdc_rain_targetcal25,7,
,-1,True,,0.7527882205513784,0.0011105507146567106,,475,,,False,,,,,,38,bicycle,0.05,0.1,argmax,segformer_b2_cityscapes_mcdrop8,acdc_rain_targetcal25,7,0.7266666666666667
1.0,1000,False,0.0,0.0,1.0,0.84,76,150.0,0.0,False,0.0,0.0,0.0,,,38,bicycle,0.1,0.1,region_crc,segformer_b2_cityscapes_mcdrop8,acdc_rain_targetcal25,7,
1.0,1000,True,0.0,0.0,1.0,0.84,76,150.0,0.0,False,0.0,0.0,0.0,,,38,bicycle,0.1,0.1,heuristic,segformer_b2_cityscapes_mcdrop8,acdc_rain_targetcal25,7,
,-1,True,,0.7527882205513784,0.0011105507146567106,,475,,,False,,,,,,38,bicycle,0.1,0.1,argmax,segformer_b2_cityscapes_mcdrop8,acdc_rain_targetcal25,7,0.7266666666666667
1.0,1000,True,0.0,0.0,1.0,0.84,76,150.0,0.0,False,0.0,0.0,0.0,,,38,bicycle,0.2,0.1,region_crc,segformer_b2_cityscapes_mcdrop8,acdc_rain_targetcal25,7,
0.998,998,True,0.21459899749373434,0.21459899749373434,0.020611116662621498,0.84,76,150.0,0.18315789473684208,False,0.3375,0.05263157894736842,0.0,,,38,bicycle,0.2,0.1,heuristic,segformer_b2_cityscapes_mcdrop8,acdc_rain_targetcal25,7,
,-1,True,,0.7527882205513784,0.0011105507146567106,,475,,,False,,,,,,38,bicycle,0.2,0.1,argmax,segformer_b2_cityscapes_mcdrop8,acdc_rain_targetcal25,7,0.7266666666666667
1.0,1000,False,0.0,0.0,1.0,0.84,76,150.0,0.0,False,0.0,0.0,0.0,,,38,bicycle,0.05,0.5,region_crc,segformer_b2_cityscapes_mcdrop8,acdc_rain_targetcal25,7,
1.0,1000,True,0.0,0.0,1.0,0.84,76,150.0,0.0,False,0.0,0.0,0.0,,,38,bicycle,0.05,0.5,heuristic,segformer_b2_cityscapes_mcdrop8,acdc_rain_targetcal25,7,
,-1,True,,0.7795426065162907,0.0011105507146567106,,475,,,False,,,,,,38,bicycle,0.05,0.5,argmax,segformer_b2_cityscapes_mcdrop8,acdc_rain_targetcal25,7,0.7533333333333333
1.0,1000,False,0.0,0.0,1.0,0.84,76,150.0,0.0,False,0.0,0.0,0.0,,,38,bicycle,0.1,0.5,region_crc,segformer_b2_cityscapes_mcdrop8,acdc_rain_targetcal25,7,
1.0,1000,True,0.0,0.0,1.0,0.84,76,150.0,0.0,False,0.0,0.0,0.0,,,38,bicycle,0.1,0.5,heuristic,segformer_b2_cityscapes_mcdrop8,acdc_rain_targetcal25,7,
,-1,True,,0.7795426065162907,0.0011105507146567106,,475,,,False,,,,,,38,bicycle,0.1,0.5,argmax,segformer_b2_cityscapes_mcdrop8,acdc_rain_targetcal25,7,0.7533333333333333
1.0,1000,True,0.0,0.0,1.0,0.84,76,150.0,0.0,False,0.0,0.0,0.0,,,38,bicycle,0.2,0.5,region_crc,segformer_b2_cityscapes_mcdrop8,acdc_rain_targetcal25,7,
0.998,998,True,0.30792606516290727,0.30792606516290727,0.020611116662621498,0.84,76,150.0,0.18315789473684208,False,0.4375,0.10526315789473684,0.0,,,38,bicycle,0.2,0.5,heuristic,segformer_b2_cityscapes_mcdrop8,acdc_rain_targetcal25,7,
,-1,True,,0.7795426065162907,0.0011105507146567106,,475,,,False,,,,,,38,bicycle,0.2,0.5,argmax,segformer_b2_cityscapes_mcdrop8,acdc_rain_targetcal25,7,0.7533333333333333
1.0,1000,False,0.0,0.0,1.0,0.6505263157894737,166,326.0,0.0,False,0.0,0.0,0.0,,,39,person,0.05,0.1,region_crc,segformer_b2_cityscapes_mcdrop8,acdc_rain_targetcal25,4,
0.997,997,True,0.054718875502008026,0.054718875502008026,0.03910120204091072,0.6505263157894737,166,326.0,0.19578947368421054,False,0.05405405405405406,0.025423728813559324,0.0,,,39,person,0.05,0.1,heuristic,segformer_b2_cityscapes_mcdrop8,acdc_rain_targetcal25,4,
,-1,True,,0.6413540609323742,0.0018309992738068104,,475,,,False,,,,,,39,person,0.05,0.1,argmax,segformer_b2_cityscapes_mcdrop8,acdc_rain_targetcal25,4,0.588957055214724
1.0,1000,False,0.0,0.0,1.0,0.6505263157894737,166,326.0,0.0,False,0.0,0.0,0.0,,,39,person,0.1,0.1,region_crc,segformer_b2_cityscapes_mcdrop8,acdc_rain_targetcal25,4,
0.997,997,True,0.054718875502008026,0.054718875502008026,0.03910120204091072,0.6505263157894737,166,326.0,0.19578947368421054,False,0.05405405405405406,0.025423728813559324,0.0,,,39,person,0.1,0.1,heuristic,segformer_b2_cityscapes_mcdrop8,acdc_rain_targetcal25,4,
,-1,True,,0.6413540609323742,0.0018309992738068104,,475,,,False,,,,,,39,person,0.1,0.1,argmax,segformer_b2_cityscapes_mcdrop8,acdc_rain_targetcal25,4,0.588957055214724
0.997,997,True,0.054718875502008026,0.054718875502008026,0.03910120204091072,0.6505263157894737,166,326.0,0.19578947368421054,False,0.05405405405405406,0.025423728813559324,0.0,,,39,person,0.2,0.1,region_crc,segformer_b2_cityscapes_mcdrop8,acdc_rain_targetcal25,4,
0.9510000000000001,951,True,0.31490651249687396,0.31490651249687396,0.009255856275558472,10.690526315789473,166,326.0,0.19789473684210535,False,0.3891891891891892,0.15254237288135594,0.0,,,39,person,0.2,0.1,heuristic,segformer_b2_cityscapes_mcdrop8,acdc_rain_targetcal25,4,
,-1,True,,0.6413540609323742,0.0018309992738068104,,475,,,False,,,,,,39,person,0.2,0.1,argmax,segformer_b2_cityscapes_mcdrop8,acdc_rain_targetcal25,4,0.588957055214724
1.0,1000,False,0.0,0.0,1.0,0.6505263157894737,166,326.0,0.0,False,0.0,0.0,0.0,,,39,person,0.05,0.5,region_crc,segformer_b2_cityscapes_mcdrop8,acdc_rain_targetcal25,4,
1.0,1000,True,0.0,0.0,1.0,0.6505263157894737,166,326.0,0.0,False,0.0,0.0,0.0,,,39,person,0.05,0.5,heuristic,segformer_b2_cityscapes_mcdrop8,acdc_rain_targetcal25,4,
,-1,True,,0.7605977021639673,0.0018309992738068104,,475,,,False,,,,,,39,person,0.05,0.5,argmax,segformer_b2_cityscapes_mcdrop8,acdc_rain_targetcal25,4,0.696319018404908
1.0,1000,False,0.0,0.0,1.0,0.6505263157894737,166,326.0,0.0,False,0.0,0.0,0.0,,,39,person,0.1,0.5,region_crc,segformer_b2_cityscapes_mcdrop8,acdc_rain_targetcal25,4,
1.0,1000,True,0.0,0.0,1.0,0.6505263157894737,166,326.0,0.0,False,0.0,0.0,0.0,,,39,person,0.1,0.5,heuristic,segformer_b2_cityscapes_mcdrop8,acdc_rain_targetcal25,4,
,-1,True,,0.7605977021639673,0.0018309992738068104,,475,,,False,,,,,,39,person,0.1,0.5,argmax,segformer_b2_cityscapes_mcdrop8,acdc_rain_targetcal25,4,0.696319018404908
1.0,1000,True,0.0,0.0,1.0,0.6505263157894737,166,326.0,0.0,False,0.0,0.0,0.0,,,39,person,0.2,0.5,region_crc,segformer_b2_cityscapes_mcdrop8,acdc_rain_targetcal25,4,
0.966,966,True,0.40777799844064905,0.407777998440649,0.011568175628781319,15.941052631578948,166,326.0,0.18947368421052635,False,0.4756756756756757,0.211864406779661,0.08695652173913043,,,39,person,0.2,0.5,heuristic,segformer_b2_cityscapes_mcdrop8,acdc_rain_targetcal25,4,
,-1,True,,0.7605977021639673,0.0018309992738068104,,475,,,False,,,,,,39,person,0.2,0.5,argmax,segformer_b2_cityscapes_mcdrop8,acdc_rain_targetcal25,4,0.696319018404908
,-1,False,,,,,475,,,False,,,,,,39,rider,0.05,0.1,region_crc,segformer_b2_cityscapes_mcdrop8,acdc_rain_targetcal25,0,
,-1,False,,,,,475,,,False,,,,,,39,rider,0.05,0.1,heuristic,segformer_b2_cityscapes_mcdrop8,acdc_rain_targetcal25,0,
,-1,True,,0.8035714285714286,0.0002510822669137269,,475,,,False,,,,,,39,rider,0.05,0.1,argmax,segformer_b2_cityscapes_mcdrop8,acdc_rain_targetcal25,0,0.8157894736842105
,-1,False,,,,,475,,,False,,,,,,39,rider,0.1,0.1,region_crc,segformer_b2_cityscapes_mcdrop8,acdc_rain_targetcal25,0,
,-1,False,,,,,475,,,False,,,,,,39,rider,0.1,0.1,heuristic,segformer_b2_cityscapes_mcdrop8,acdc_rain_targetcal25,0,
,-1,True,,0.8035714285714286,0.0002510822669137269,,475,,,False,,,,,,39,rider,0.1,0.1,argmax,segformer_b2_cityscapes_mcdrop8,acdc_rain_targetcal25,0,0.8157894736842105
,-1,False,,,,,475,,,False,,,,,,39,rider,0.2,0.1,region_crc,segformer_b2_cityscapes_mcdrop8,acdc_rain_targetcal25,0,
,-1,False,,,,,475,,,False,,,,,,39,rider,0.2,0.1,heuristic,segformer_b2_cityscapes_mcdrop8,acdc_rain_targetcal25,0,
,-1,True,,0.8035714285714286,0.0002510822669137269,,475,,,False,,,,,,39,rider,0.2,0.1,argmax,segformer_b2_cityscapes_mcdrop8,acdc_rain_targetcal25,0,0.8157894736842105
,-1,False,,,,,475,,,False,,,,,,39,rider,0.05,0.5,region_crc,segformer_b2_cityscapes_mcdrop8,acdc_rain_targetcal25,0,
,-1,False,,,,,475,,,False,,,,,,39,rider,0.05,0.5,heuristic,segformer_b2_cityscapes_mcdrop8,acdc_rain_targetcal25,0,
,-1,True,,0.8571428571428571,0.0002510822669137269,,475,,,False,,,,,,39,rider,0.05,0.5,argmax,segformer_b2_cityscapes_mcdrop8,acdc_rain_targetcal25,0,0.868421052631579
,-1,False,,,,,475,,,False,,,,,,39,rider,0.1,0.5,region_crc,segformer_b2_cityscapes_mcdrop8,acdc_rain_targetcal25,0,
,-1,False,,,,,475,,,False,,,,,,39,rider,0.1,0.5,heuristic,segformer_b2_cityscapes_mcdrop8,acdc_rain_targetcal25,0,
,-1,True,,0.8571428571428571,0.0002510822669137269,,475,,,False,,,,,,39,rider,0.1,0.5,argmax,segformer_b2_cityscapes_mcdrop8,acdc_rain_targetcal25,0,0.868421052631579
,-1,False,,,,,475,,,False,,,,,,39,rider,0.2,0.5,region_crc,segformer_b2_cityscapes_mcdrop8,acdc_rain_targetcal25,0,
,-1,False,,,,,475,,,False,,,,,,39,rider,0.2,0.5,heuristic,segformer_b2_cityscapes_mcdrop8,acdc_rain_targetcal25,0,
,-1,True,,0.8571428571428571,0.0002510822669137269,,475,,,False,,,,,,39,rider,0.2,0.5,argmax,segformer_b2_cityscapes_mcdrop8,acdc_rain_targetcal25,0,0.868421052631579
1.0,1000,False,0.0,0.0,1.0,0.8273684210526315,82,156.0,0.0,False,0.0,0.0,0.0,,,39,bicycle,0.05,0.1,region_crc,segformer_b2_cityscapes_mcdrop8,acdc_rain_targetcal25,1,
0.967,967,True,0.45342624854819974,0.4534262485481998,0.004934406373649836,6.336842105263158,82,156.0,0.31157894736842107,False,0.6046511627906976,0.25,0.0,,,39,bicycle,0.05,0.1,heuristic,segformer_b2_cityscapes_mcdrop8,acdc_rain_targetcal25,1,
,-1,True,,0.746486643437863,0.00113683904055506,,475,,,False,,,,,,39,bicycle,0.05,0.1,argmax,segformer_b2_cityscapes_mcdrop8,acdc_rain_targetcal25,1,0.7243589743589743
1.0,1000,False,0.0,0.0,1.0,0.8273684210526315,82,156.0,0.0,False,0.0,0.0,0.0,,,39,bicycle,0.1,0.1,region_crc,segformer_b2_cityscapes_mcdrop8,acdc_rain_targetcal25,1,
0.967,967,True,0.45342624854819974,0.4534262485481998,0.004934406373649836,6.336842105263158,82,156.0,0.31157894736842107,False,0.6046511627906976,0.25,0.0,,,39,bicycle,0.1,0.1,heuristic,segformer_b2_cityscapes_mcdrop8,acdc_rain_targetcal25,1,
,-1,True,,0.746486643437863,0.00113683904055506,,475,,,False,,,,,,39,bicycle,0.1,0.1,argmax,segformer_b2_cityscapes_mcdrop8,acdc_rain_targetcal25,1,0.7243589743589743
1.0,1000,False,0.0,0.0,1.0,0.8273684210526315,82,156.0,0.0,False,0.0,0.0,0.0,,,39,bicycle,0.2,0.1,region_crc,segformer_b2_cityscapes_mcdrop8,acdc_rain_targetcal25,1,
0.967,967,True,0.45342624854819974,0.4534262485481998,0.004934406373649836,6.336842105263158,82,156.0,0.31157894736842107,False,0.6046511627906976,0.25,0.0,,,39,bicycle,0.2,0.1,heuristic,segformer_b2_cityscapes_mcdrop8,acdc_rain_targetcal25,1,
,-1,True,,0.746486643437863,0.00113683904055506,,475,,,False,,,,,,39,bicycle,0.2,0.1,argmax,segformer_b2_cityscapes_mcdrop8,acdc_rain_targetcal25,1,0.7243589743589743
1.0,1000,False,0.0,0.0,1.0,0.8273684210526315,82,156.0,0.0,False,0.0,0.0,0.0,,,39,bicycle,0.05,0.5,region_crc,segformer_b2_cityscapes_mcdrop8,acdc_rain_targetcal25,1,
0.992,992,True,0.43310104529616733,0.43310104529616733,0.010473704896867275,0.8273684210526315,82,156.0,0.29263157894736846,False,0.5813953488372093,0.25,0.0,,,39,bicycle,0.05,0.5,heuristic,segformer_b2_cityscapes_mcdrop8,acdc_rain_targetcal25,1,
,-1,True,,0.7712833914053426,0.00113683904055506,,475,,,False,,,,,,39,bicycle,0.05,0.5,argmax,segformer_b2_cityscapes_mcdrop8,acdc_rain_targetcal25,1,0.75
1.0,1000,False,0.0,0.0,1.0,0.8273684210526315,82,156.0,0.0,False,0.0,0.0,0.0,,,39,bicycle,0.1,0.5,region_crc,segformer_b2_cityscapes_mcdrop8,acdc_rain_targetcal25,1,
0.992,992,True,0.43310104529616733,0.43310104529616733,0.010473704896867275,0.8273684210526315,82,156.0,0.29263157894736846,False,0.5813953488372093,0.25,0.0,,,39,bicycle,0.1,0.5,heuristic,segformer_b2_cityscapes_mcdrop8,acdc_rain_targetcal25,1,
,-1,True,,0.7712833914053426,0.00113683904055506,,475,,,False,,,,,,39,bicycle,0.1,0.5,argmax,segformer_b2_cityscapes_mcdrop8,acdc_rain_targetcal25,1,0.75
1.0,1000,False,0.0,0.0,1.0,0.8273684210526315,82,156.0,0.0,False,0.0,0.0,0.0,,,39,bicycle,0.2,0.5,region_crc,segformer_b2_cityscapes_mcdrop8,acdc_rain_targetcal25,1,
0.992,992,True,0.43310104529616733,0.43310104529616733,0.010473704896867275,0.8273684210526315,82,156.0,0.29263157894736846,False,0.5813953488372093,0.25,0.0,,,39,bicycle,0.2,0.5,heuristic,segformer_b2_cityscapes_mcdrop8,acdc_rain_targetcal25,1,
,-1,True,,0.7712833914053426,0.00113683904055506,,475,,,False,,,,,,39,bicycle,0.2,0.5,argmax,segformer_b2_cityscapes_mcdrop8,acdc_rain_targetcal25,1,0.75
1.0,1000,False,0.0,0.0,1.0,0.6589473684210526,162,321.0,0.0,False,0.0,0.0,0.0,,,40,person,0.05,0.1,region_crc,segformer_b2_cityscapes_mcdrop8,acdc_rain_targetcal25,8,
0.993,993,True,0.08683127572016461,0.08683127572016461,0.02632187306880951,0.6589473684210526,162,321.0,0.25263157894736843,False,0.09497206703910614,0.05042016806722689,0.0,,,40,person,0.05,0.1,heuristic,segformer_b2_cityscapes_mcdrop8,acdc_rain_targetcal25,8,
,-1,True,,0.6252969595562189,0.0018616958986967802,,475,,,False,,,,,,40,person,0.05,0.1,argmax,segformer_b2_cityscapes_mcdrop8,acdc_rain_targetcal25,8,0.5794392523364486
1.0,1000,False,0.0,0.0,1.0,0.6589473684210526,162,321.0,0.0,False,0.0,0.0,0.0,,,40,person,0.1,0.1,region_crc,segformer_b2_cityscapes_mcdrop8,acdc_rain_targetcal25,8,
0.993,993,True,0.08683127572016461,0.08683127572016461,0.02632187306880951,0.6589473684210526,162,321.0,0.25263157894736843,False,0.09497206703910614,0.05042016806722689,0.0,,,40,person,0.1,0.1,heuristic,segformer_b2_cityscapes_mcdrop8,acdc_rain_targetcal25,8,
,-1,True,,0.6252969595562189,0.0018616958986967802,,475,,,False,,,,,,40,person,0.1,0.1,argmax,segformer_b2_cityscapes_mcdrop8,acdc_rain_targetcal25,8,0.5794392523364486
0.993,993,True,0.08683127572016461,0.08683127572016461,0.02632187306880951,0.6589473684210526,162,321.0,0.25263157894736843,False,0.09497206703910614,0.05042016806722689,0.0,,,40,person,0.2,0.1,region_crc,segformer_b2_cityscapes_mcdrop8,acdc_rain_targetcal25,8,
0.985,985,True,0.16056241426611795,0.16056241426611798,0.018022671341896057,15.734736842105264,162,321.0,0.21473684210526311,False,0.18994413407821228,0.07563025210084033,0.0,,,40,person,0.2,0.1,heuristic,segformer_b2_cityscapes_mcdrop8,acdc_rain_targetcal25,8,
,-1,True,,0.6252969595562189,0.0018616958986967802,,475,,,False,,,,,,40,person,0.2,0.1,argmax,segformer_b2_cityscapes_mcdrop8,acdc_rain_targetcal25,8,0.5794392523364486
1.0,1000,False,0.0,0.0,1.0,0.6589473684210526,162,321.0,0.0,False,0.0,0.0,0.0,,,40,person,0.05,0.5,region_crc,segformer_b2_cityscapes_mcdrop8,acdc_rain_targetcal25,8,
0.998,998,True,0.08148148148148147,0.08148148148148147,0.04591810703277588,0.6589473684210526,162,321.0,0.2042105263157895,False,0.0782122905027933,0.05042016806722689,0.0,,,40,person,0.05,0.5,heuristic,segformer_b2_cityscapes_mcdrop8,acdc_rain_targetcal25,8,
,-1,True,,0.7536577277318018,0.0018616958986967802,,475,,,False,,,,,,40,person,0.05,0.5,argmax,segformer_b2_cityscapes_mcdrop8,acdc_rain_targetcal25,8,0.6915887850467289
1.0,1000,False,0.0,0.0,1.0,0.6589473684210526,162,321.0,0.0,False,0.0,0.0,0.0,,,40,person,0.1,0.5,region_crc,segformer_b2_cityscapes_mcdrop8,acdc_rain_targetcal25,8,
0.998,998,True,0.08148148148148147,0.08148148148148147,0.04591810703277588,0.6589473684210526,162,321.0,0.2042105263157895,False,0.0782122905027933,0.05042016806722689,0.0,,,40,person,0.1,0.5,heuristic,segformer_b2_cityscapes_mcdrop8,acdc_rain_targetcal25,8,
,-1,True,,0.7536577277318018,0.0018616958986967802,,475,,,False,,,,,,40,person,0.1,0.5,argmax,segformer_b2_cityscapes_mcdrop8,acdc_rain_targetcal25,8,0.6915887850467289
0.998,998,True,0.08148148148148147,0.08148148148148147,0.04591810703277588,0.6589473684210526,162,321.0,0.2042105263157895,False,0.0782122905027933,0.05042016806722689,0.0,,,40,person,0.2,0.5,region_crc,segformer_b2_cityscapes_mcdrop8,acdc_rain_targetcal25,8,
0.993,993,True,0.1674554183813443,0.1674554183813443,0.02632187306880951,0.6589473684210526,162,321.0,0.25263157894736843,False,0.1787709497206704,0.1092436974789916,0.0,,,40,person,0.2,0.5,heuristic,segformer_b2_cityscapes_mcdrop8,acdc_rain_targetcal25,8,
,-1,True,,0.7536577277318018,0.0018616958986967802,,475,,,False,,,,,,40,person,0.2,0.5,argmax,segformer_b2_cityscapes_mcdrop8,acdc_rain_targetcal25,8,0.6915887850467289
,-1,False,,,,,475,,,False,,,,,,40,rider,0.05,0.1,region_crc,segformer_b2_cityscapes_mcdrop8,acdc_rain_targetcal25,0,
,-1,False,,,,,475,,,False,,,,,,40,rider,0.05,0.1,heuristic,segformer_b2_cityscapes_mcdrop8,acdc_rain_targetcal25,0,
,-1,True,,0.8035714285714286,0.00025095941964536905,,475,,,False,,,,,,40,rider,0.05,0.1,argmax,segformer_b2_cityscapes_mcdrop8,acdc_rain_targetcal25,0,0.8157894736842105
,-1,False,,,,,475,,,False,,,,,,40,rider,0.1,0.1,region_crc,segformer_b2_cityscapes_mcdrop8,acdc_rain_targetcal25,0,
,-1,False,,,,,475,,,False,,,,,,40,rider,0.1,0.1,heuristic,segformer_b2_cityscapes_mcdrop8,acdc_rain_targetcal25,0,
,-1,True,,0.8035714285714286,0.00025095941964536905,,475,,,False,,,,,,40,rider,0.1,0.1,argmax,segformer_b2_cityscapes_mcdrop8,acdc_rain_targetcal25,0,0.8157894736842105
,-1,False,,,,,475,,,False,,,,,,40,rider,0.2,0.1,region_crc,segformer_b2_cityscapes_mcdrop8,acdc_rain_targetcal25,0,
,-1,False,,,,,475,,,False,,,,,,40,rider,0.2,0.1,heuristic,segformer_b2_cityscapes_mcdrop8,acdc_rain_targetcal25,0,
,-1,True,,0.8035714285714286,0.00025095941964536905,,475,,,False,,,,,,40,rider,0.2,0.1,argmax,segformer_b2_cityscapes_mcdrop8,acdc_rain_targetcal25,0,0.8157894736842105
,-1,False,,,,,475,,,False,,,,,,40,rider,0.05,0.5,region_crc,segformer_b2_cityscapes_mcdrop8,acdc_rain_targetcal25,0,
,-1,False,,,,,475,,,False,,,,,,40,rider,0.05,0.5,heuristic,segformer_b2_cityscapes_mcdrop8,acdc_rain_targetcal25,0,
,-1,True,,0.8571428571428571,0.00025095941964536905,,475,,,False,,,,,,40,rider,0.05,0.5,argmax,segformer_b2_cityscapes_mcdrop8,acdc_rain_targetcal25,0,0.868421052631579
,-1,False,,,,,475,,,False,,,,,,40,rider,0.1,0.5,region_crc,segformer_b2_cityscapes_mcdrop8,acdc_rain_targetcal25,0,
,-1,False,,,,,475,,,False,,,,,,40,rider,0.1,0.5,heuristic,segformer_b2_cityscapes_mcdrop8,acdc_rain_targetcal25,0,
,-1,True,,0.8571428571428571,0.00025095941964536905,,475,,,False,,,,,,40,rider,0.1,0.5,argmax,segformer_b2_cityscapes_mcdrop8,acdc_rain_targetcal25,0,0.868421052631579
,-1,False,,,,,475,,,False,,,,,,40,rider,0.2,0.5,region_crc,segformer_b2_cityscapes_mcdrop8,acdc_rain_targetcal25,0,
,-1,False,,,,,475,,,False,,,,,,40,rider,0.2,0.5,heuristic,segformer_b2_cityscapes_mcdrop8,acdc_rain_targetcal25,0,
,-1,True,,0.8571428571428571,0.00025095941964536905,,475,,,False,,,,,,40,rider,0.2,0.5,argmax,segformer_b2_cityscapes_mcdrop8,acdc_rain_targetcal25,0,0.868421052631579
1.0,1000,False,0.0,0.0,1.0,0.8315789473684211,80,153.0,0.0,False,0.0,0.0,0.0,,,40,bicycle,0.05,0.1,region_crc,segformer_b2_cityscapes_mcdrop8,acdc_rain_targetcal25,3,
0.983,983,True,0.40494047619047624,0.40494047619047624,0.006813261657953262,6.174736842105263,80,153.0,0.13263157894736832,False,0.5581395348837209,0.19642857142857142,0.0,,,40,bicycle,0.05,0.1,heuristic,segformer_b2_cityscapes_mcdrop8,acdc_rain_targetcal25,3,
,-1,True,,0.7620238095238095,0.0010587394936010242,,475,,,False,,,,,,40,bicycle,0.05,0.1,argmax,segformer_b2_cityscapes_mcdrop8,acdc_rain_targetcal25,3,0.7450980392156863
1.0,1000,False,0.0,0.0,1.0,0.8315789473684211,80,153.0,0.0,False,0.0,0.0,0.0,,,40,bicycle,0.1,0.1,region_crc,segformer_b2_cityscapes_mcdrop8,acdc_rain_targetcal25,3,
0.983,983,True,0.40494047619047624,0.40494047619047624,0.006813261657953262,6.174736842105263,80,153.0,0.13263157894736832,False,0.5581395348837209,0.19642857142857142,0.0,,,40,bicycle,0.1,0.1,heuristic,segformer_b2_cityscapes_mcdrop8,acdc_rain_targetcal25,3,
,-1,True,,0.7620238095238095,0.0010587394936010242,,475,,,False,,,,,,40,bicycle,0.1,0.1,argmax,segformer_b2_cityscapes_mcdrop8,acdc_rain_targetcal25,3,0.7450980392156863
1.0,1000,False,0.0,0.0,1.0,0.8315789473684211,80,153.0,0.0,False,0.0,0.0,0.0,,,40,bicycle,0.2,0.1,region_crc,segformer_b2_cityscapes_mcdrop8,acdc_rain_targetcal25,3,
0.983,983,True,0.40494047619047624,0.40494047619047624,0.006813261657953262,6.174736842105263,80,153.0,0.13263157894736832,False,0.5581395348837209,0.19642857142857142,0.0,,,40,bicycle,0.2,0.1,heuristic,segformer_b2_cityscapes_mcdrop8,acdc_rain_targetcal25,3,
,-1,True,,0.7620238095238095,0.0010587394936010242,,475,,,False,,,,,,40,bicycle,0.2,0.1,argmax,segformer_b2_cityscapes_mcdrop8,acdc_rain_targetcal25,3,0.7450980392156863
1.0,1000,False,0.0,0.0,1.0,0.8315789473684211,80,153.0,0.0,False,0.0,0.0,0.0,,,40,bicycle,0.05,0.5,region_crc,segformer_b2_cityscapes_mcdrop8,acdc_rain_targetcal25,3,
0.994,994,True,0.40285714285714286,0.40285714285714286,0.011818650178611279,0.8315789473684211,80,153.0,0.14526315789473676,False,0.5465116279069767,0.21428571428571427,0.0,,,40,bicycle,0.05,0.5,heuristic,segformer_b2_cityscapes_mcdrop8,acdc_rain_targetcal25,3,
,-1,True,,0.7874404761904762,0.0010587394936010242,,475,,,False,,,,,,40,bicycle,0.05,0.5,argmax,segformer_b2_cityscapes_mcdrop8,acdc_rain_targetcal25,3,0.7712418300653595
1.0,1000,False,0.0,0.0,1.0,0.8315789473684211,80,153.0,0.0,False,0.0,0.0,0.0,,,40,bicycle,0.1,0.5,region_crc,segformer_b2_cityscapes_mcdrop8,acdc_rain_targetcal25,3,
0.994,994,True,0.40285714285714286,0.40285714285714286,0.011818650178611279,0.8315789473684211,80,153.0,0.14526315789473676,False,0.5465116279069767,0.21428571428571427,0.0,,,40,bicycle,0.1,0.5,heuristic,segformer_b2_cityscapes_mcdrop8,acdc_rain_targetcal25,3,
,-1,True,,0.7874404761904762,0.0010587394936010242,,475,,,False,,,,,,40,bicycle,0.1,0.5,argmax,segformer_b2_cityscapes_mcdrop8,acdc_rain_targetcal25,3,0.7712418300653595
1.0,1000,False,0.0,0.0,1.0,0.8315789473684211,80,153.0,0.0,False,0.0,0.0,0.0,,,40,bicycle,0.2,0.5,region_crc,segformer_b2_cityscapes_mcdrop8,acdc_rain_targetcal25,3,
0.994,994,True,0.40285714285714286,0.40285714285714286,0.011818650178611279,0.8315789473684211,80,153.0,0.14526315789473676,False,0.5465116279069767,0.21428571428571427,0.0,,,40,bicycle,0.2,0.5,heuristic,segformer_b2_cityscapes_mcdrop8,acdc_rain_targetcal25,3,
,-1,True,,0.7874404761904762,0.0010587394936010242,,475,,,False,,,,,,40,bicycle,0.2,0.5,argmax,segformer_b2_cityscapes_mcdrop8,acdc_rain_targetcal25,3,0.7712418300653595
1.0,1000,False,0.0,0.0,1.0,0.6589473684210526,162,320.0,0.0,False,0.0,0.0,0.0,,,41,person,0.05,0.1,region_crc,segformer_b2_cityscapes_mcdrop8,acdc_rain_targetcal25,8,
0.996,996,True,0.07067901234567901,0.07067901234567901,0.03444336727261543,0.6589473684210526,162,320.0,0.15368421052631576,False,0.07303370786516854,0.03361344537815126,0.0,,,41,person,0.05,0.1,heuristic,segformer_b2_cityscapes_mcdrop8,acdc_rain_targetcal25,8,
,-1,True,,0.6294121858936674,0.0018774183699861169,,475,,,False,,,,,,41,person,0.05,0.1,argmax,segformer_b2_cityscapes_mcdrop8,acdc_rain_targetcal25,8,0.578125
1.0,1000,False,0.0,0.0,1.0,0.6589473684210526,162,320.0,0.0,False,0.0,0.0,0.0,,,41,person,0.1,0.1,region_crc,segformer_b2_cityscapes_mcdrop8,acdc_rain_targetcal25,8,
0.992,992,True,0.10123456790123456,0.10123456790123456,0.02501191943883896,0.6589473684210526,162,320.0,0.13473684210526318,False,0.10674157303370786,0.05042016806722689,0.0,,,41,person,0.1,0.1,heuristic,segformer_b2_cityscapes_mcdrop8,acdc_rain_targetcal25,8,
,-1,True,,0.6294121858936674,0.0018774183699861169,,475,,,False,,,,,,41,person,0.1,0.1,argmax,segformer_b2_cityscapes_mcdrop8,acdc_rain_targetcal25,8,0.578125
0.992,992,True,0.10123456790123456,0.10123456790123456,0.02501191943883896,0.6589473684210526,162,320.0,0.13473684210526318,False,0.10674157303370786,0.05042016806722689,0.0,,,41,person,0.2,0.1,region_crc,segformer_b2_cityscapes_mcdrop8,acdc_rain_targetcal25,8,
0.988,988,True,0.13638545953360767,0.13638545953360767,0.020485972985625267,0.6589473684210526,162,320.0,0.1768421052631579,False,0.14606741573033707,0.058823529411764705,0.0,,,41,person,0.2,0.1,heuristic,segformer_b2_cityscapes_mcdrop8,acdc_rain_targetcal25,8,
,-1,True,,0.6294121858936674,0.0018774183699861169,,475,,,False,,,,,,41,person,0.2,0.1,argmax,segformer_b2_cityscapes_mcdrop8,acdc_rain_targetcal25,8,0.578125
1.0,1000,False,0.0,0.0,1.0,0.6589473684210526,162,320.0,0.0,False,0.0,0.0,0.0,,,41,person,0.05,0.5,region_crc,segformer_b2_cityscapes_mcdrop8,acdc_rain_targetcal25,8,
0.997,997,True,0.10792181069958848,0.10792181069958848,0.039052341133356094,0.6589473684210526,162,320.0,0.16421052631578947,False,0.09550561797752809,0.09243697478991597,0.0,,,41,person,0.05,0.5,heuristic,segformer_b2_cityscapes_mcdrop8,acdc_rain_targetcal25,8,
,-1,True,,0.7577729540692504,0.0018774183699861169,,475,,,False,,,,,,41,person,0.05,0.5,argmax,segformer_b2_cityscapes_mcdrop8,acdc_rain_targetcal25,8,0.690625
1.0,1000,False,0.0,0.0,1.0,0.6589473684210526,162,320.0,0.0,False,0.0,0.0,0.0,,,41,person,0.1,0.5,region_crc,segformer_b2_cityscapes_mcdrop8,acdc_rain_targetcal25,8,
0.997,997,True,0.10792181069958848,0.10792181069958848,0.039052341133356094,0.6589473684210526,162,320.0,0.16421052631578947,False,0.09550561797752809,0.09243697478991597,0.0,,,41,person,0.1,0.5,heuristic,segformer_b2_cityscapes_mcdrop8,acdc_rain_targetcal25,8,
,-1,True,,0.7577729540692504,0.0018774183699861169,,475,,,False,,,,,,41,person,0.1,0.5,argmax,segformer_b2_cityscapes_mcdrop8,acdc_rain_targetcal25,8,0.690625
0.997,997,True,0.10792181069958848,0.10792181069958848,0.039052341133356094,0.6589473684210526,162,320.0,0.16421052631578947,False,0.09550561797752809,0.09243697478991597,0.0,,,41,person,0.2,0.5,region_crc,segformer_b2_cityscapes_mcdrop8,acdc_rain_targetcal25,8,
0.995,995,True,0.15336076817558297,0.153360768175583,0.03116820938885212,0.6589473684210526,162,320.0,0.13263157894736843,False,0.1404494382022472,0.10084033613445378,0.0,,,41,person,0.2,0.5,heuristic,segformer_b2_cityscapes_mcdrop8,acdc_rain_targetcal25,8,
,-1,True,,0.7577729540692504,0.0018774183699861169,,475,,,False,,,,,,41,person,0.2,0.5,argmax,segformer_b2_cityscapes_mcdrop8,acdc_rain_targetcal25,8,0.690625
1.0,1000,False,0.0,0.0,1.0,0.9494736842105264,24,33.0,0.0,False,0.0,0.0,0.0,,,41,rider,0.05,0.1,region_crc,segformer_b2_cityscapes_mcdrop8,acdc_rain_targetcal25,4,
0.997,997,True,0.4583333333333333,0.4583333333333333,0.005929030943661928,0.9494736842105264,24,33.0,0.18736842105263163,False,0.5769230769230769,0.0,0.0,,,41,rider,0.05,0.1,heuristic,segformer_b2_cityscapes_mcdrop8,acdc_rain_targetcal25,4,
,-1,True,,0.8541666666666666,0.00018312317843083292,,475,,,False,,,,,,41,rider,0.05,0.1,argmax,segformer_b2_cityscapes_mcdrop8,acdc_rain_targetcal25,4,0.8787878787878788
1.0,1000,False,0.0,0.0,1.0,0.9494736842105264,24,33.0,0.0,False,0.0,0.0,0.0,,,41,rider,0.1,0.1,region_crc,segformer_b2_cityscapes_mcdrop8,acdc_rain_targetcal25,4,
0.997,997,True,0.4583333333333333,0.4583333333333333,0.005929030943661928,0.9494736842105264,24,33.0,0.18736842105263163,False,0.5769230769230769,0.0,0.0,,,41,rider,0.1,0.1,heuristic,segformer_b2_cityscapes_mcdrop8,acdc_rain_targetcal25,4,
,-1,True,,0.8541666666666666,0.00018312317843083292,,475,,,False,,,,,,41,rider,0.1,0.1,argmax,segformer_b2_cityscapes_mcdrop8,acdc_rain_targetcal25,4,0.8787878787878788
0.997,997,True,0.4583333333333333,0.4583333333333333,0.005929030943661928,0.9494736842105264,24,33.0,0.18736842105263163,False,0.5769230769230769,0.0,0.0,,,41,rider,0.2,0.1,region_crc,segformer_b2_cityscapes_mcdrop8,acdc_rain_targetcal25,4,
0.997,997,True,0.4583333333333333,0.4583333333333333,0.005929030943661928,0.9494736842105264,24,33.0,0.18736842105263163,False,0.5769230769230769,0.0,0.0,,,41,rider,0.2,0.1,heuristic,segformer_b2_cityscapes_mcdrop8,acdc_rain_targetcal25,4,
,-1,True,,0.8541666666666666,0.00018312317843083292,,475,,,False,,,,,,41,rider,0.2,0.1,argmax,segformer_b2_cityscapes_mcdrop8,acdc_rain_targetcal25,4,0.8787878787878788
1.0,1000,False,0.0,0.0,1.0,0.9494736842105264,24,33.0,0.0,False,0.0,0.0,0.0,,,41,rider,0.05,0.5,region_crc,segformer_b2_cityscapes_mcdrop8,acdc_rain_targetcal25,4,
0.999,999,True,0.4305555555555555,0.4305555555555555,0.010458935983479023,0.9494736842105264,24,33.0,0.2,False,0.5,0.0,0.0,,,41,rider,0.05,0.5,heuristic,segformer_b2_cityscapes_mcdrop8,acdc_rain_targetcal25,4,
,-1,True,,0.8958333333333334,0.00018312317843083292,,475,,,False,,,,,,41,rider,0.05,0.5,argmax,segformer_b2_cityscapes_mcdrop8,acdc_rain_targetcal25,4,0.9090909090909091
1.0,1000,False,0.0,0.0,1.0,0.9494736842105264,24,33.0,0.0,False,0.0,0.0,0.0,,,41,rider,0.1,0.5,region_crc,segformer_b2_cityscapes_mcdrop8,acdc_rain_targetcal25,4,
0.999,999,True,0.4305555555555555,0.4305555555555555,0.010458935983479023,0.9494736842105264,24,33.0,0.2,False,0.5,0.0,0.0,,,41,rider,0.1,0.5,heuristic,segformer_b2_cityscapes_mcdrop8,acdc_rain_targetcal25,4,
,-1,True,,0.8958333333333334,0.00018312317843083292,,475,,,False,,,,,,41,rider,0.1,0.5,argmax,segformer_b2_cityscapes_mcdrop8,acdc_rain_targetcal25,4,0.9090909090909091
0.999,999,True,0.4305555555555555,0.4305555555555555,0.010458935983479023,0.9494736842105264,24,33.0,0.2,False,0.5,0.0,0.0,,,41,rider,0.2,0.5,region_crc,segformer_b2_cityscapes_mcdrop8,acdc_rain_targetcal25,4,
0.999,999,True,0.4305555555555555,0.4305555555555555,0.010458935983479023,0.9494736842105264,24,33.0,0.2,False,0.5,0.0,0.0,,,41,rider,0.2,0.5,heuristic,segformer_b2_cityscapes_mcdrop8,acdc_rain_targetcal25,4,
,-1,True,,0.8958333333333334,0.00018312317843083292,,475,,,False,,,,,,41,rider,0.2,0.5,argmax,segformer_b2_cityscapes_mcdrop8,acdc_rain_targetcal25,4,0.9090909090909091
1.0,1000,False,0.0,0.0,1.0,0.8378947368421052,77,137.0,0.0,False,0.0,0.0,0.0,,,41,bicycle,0.05,0.1,region_crc,segformer_b2_cityscapes_mcdrop8,acdc_rain_targetcal25,6,
1.0,1000,True,0.0,0.0,1.0,0.8378947368421052,77,137.0,0.0,False,0.0,0.0,0.0,,,41,bicycle,0.05,0.1,heuristic,segformer_b2_cityscapes_mcdrop8,acdc_rain_targetcal25,6,
,-1,True,,0.7534013605442177,0.0010473044821992517,,475,,,False,,,,,,41,bicycle,0.05,0.1,argmax,segformer_b2_cityscapes_mcdrop8,acdc_rain_targetcal25,6,0.7299270072992701
1.0,1000,False,0.0,0.0,1.0,0.8378947368421052,77,137.0,0.0,False,0.0,0.0,0.0,,,41,bicycle,0.1,0.1,region_crc,segformer_b2_cityscapes_mcdrop8,acdc_rain_targetcal25,6,
1.0,1000,True,0.0,0.0,1.0,0.8378947368421052,77,137.0,0.0,False,0.0,0.0,0.0,,,41,bicycle,0.1,0.1,heuristic,segformer_b2_cityscapes_mcdrop8,acdc_rain_targetcal25,6,
,-1,True,,0.7534013605442177,0.0010473044821992517,,475,,,False,,,,,,41,bicycle,0.1,0.1,argmax,segformer_b2_cityscapes_mcdrop8,acdc_rain_targetcal25,6,0.7299270072992701
1.0,1000,True,0.0,0.0,1.0,0.8378947368421052,77,137.0,0.0,False,0.0,0.0,0.0,,,41,bicycle,0.2,0.1,region_crc,segformer_b2_cityscapes_mcdrop8,acdc_rain_targetcal25,6,
1.0,1000,True,0.0,0.0,1.0,0.8378947368421052,77,137.0,0.0,False,0.0,0.0,0.0,,,41,bicycle,0.2,0.1,heuristic,segformer_b2_cityscapes_mcdrop8,acdc_rain_targetcal25,6,
,-1,True,,0.7534013605442177,0.0010473044821992517,,475,,,False,,,,,,41,bicycle,0.2,0.1,argmax,segformer_b2_cityscapes_mcdrop8,acdc_rain_targetcal25,6,0.7299270072992701
1.0,1000,False,0.0,0.0,1.0,0.8378947368421052,77,137.0,0.0,False,0.0,0.0,0.0,,,41,bicycle,0.05,0.5,region_crc,segformer_b2_cityscapes_mcdrop8,acdc_rain_targetcal25,6,
1.0,1000,True,0.0,0.0,1.0,0.8378947368421052,77,137.0,0.0,False,0.0,0.0,0.0,,,41,bicycle,0.05,0.5,heuristic,segformer_b2_cityscapes_mcdrop8,acdc_rain_targetcal25,6,
,-1,True,,0.7772108843537415,0.0010473044821992517,,475,,,False,,,,,,41,bicycle,0.05,0.5,argmax,segformer_b2_cityscapes_mcdrop8,acdc_rain_targetcal25,6,0.7518248175182481
1.0,1000,False,0.0,0.0,1.0,0.8378947368421052,77,137.0,0.0,False,0.0,0.0,0.0,,,41,bicycle,0.1,0.5,region_crc,segformer_b2_cityscapes_mcdrop8,acdc_rain_targetcal25,6,
1.0,1000,True,0.0,0.0,1.0,0.8378947368421052,77,137.0,0.0,False,0.0,0.0,0.0,,,41,bicycle,0.1,0.5,heuristic,segformer_b2_cityscapes_mcdrop8,acdc_rain_targetcal25,6,
,-1,True,,0.7772108843537415,0.0010473044821992517,,475,,,False,,,,,,41,bicycle,0.1,0.5,argmax,segformer_b2_cityscapes_mcdrop8,acdc_rain_targetcal25,6,0.7518248175182481
1.0,1000,True,0.0,0.0,1.0,0.8378947368421052,77,137.0,0.0,False,0.0,0.0,0.0,,,41,bicycle,0.2,0.5,region_crc,segformer_b2_cityscapes_mcdrop8,acdc_rain_targetcal25,6,
1.0,1000,True,0.0,0.0,1.0,0.8378947368421052,77,137.0,0.0,False,0.0,0.0,0.0,,,41,bicycle,0.2,0.5,heuristic,segformer_b2_cityscapes_mcdrop8,acdc_rain_targetcal25,6,
,-1,True,,0.7772108843537415,0.0010473044821992517,,475,,,False,,,,,,41,bicycle,0.2,0.5,argmax,segformer_b2_cityscapes_mcdrop8,acdc_rain_targetcal25,6,0.7518248175182481
1.0,1000,False,0.0,0.0,1.0,0.6673684210526316,158,313.0,0.0,False,0.0,0.0,0.0,,,42,person,0.05,0.1,region_crc,segformer_b2_cityscapes_mcdrop8,acdc_rain_targetcal25,12,
1.0,1000,True,0.0,0.0,1.0,0.6673684210526316,158,313.0,0.0,False,0.0,0.0,0.0,,,42,person,0.05,0.1,heuristic,segformer_b2_cityscapes_mcdrop8,acdc_rain_targetcal25,12,
,-1,True,,0.6347981484057432,0.0017976020462810993,,475,,,False,,,,,,42,person,0.05,0.1,argmax,segformer_b2_cityscapes_mcdrop8,acdc_rain_targetcal25,12,0.5814696485623003
1.0,1000,True,0.0,0.0,1.0,0.6673684210526316,158,313.0,0.0,False,0.0,0.0,0.0,,,42,person,0.1,0.1,region_crc,segformer_b2_cityscapes_mcdrop8,acdc_rain_targetcal25,12,
1.0,1000,True,0.0,0.0,1.0,0.6673684210526316,158,313.0,0.0,False,0.0,0.0,0.0,,,42,person,0.1,0.1,heuristic,segformer_b2_cityscapes_mcdrop8,acdc_rain_targetcal25,12,
,-1,True,,0.6347981484057432,0.0017976020462810993,,475,,,False,,,,,,42,person,0.1,0.1,argmax,segformer_b2_cityscapes_mcdrop8,acdc_rain_targetcal25,12,0.5814696485623003
0.999,999,True,0.023734177215189875,0.023734177215189875,0.06063389033079147,0.6673684210526316,158,313.0,0.2231578947368421,False,0.017045454545454544,0.017391304347826087,0.0,,,42,person,0.2,0.1,region_crc,segformer_b2_cityscapes_mcdrop8,acdc_rain_targetcal25,12,
0.996,996,True,0.059810126582278474,0.059810126582278474,0.03414001315832138,0.6673684210526316,158,313.0,0.17473684210526313,False,0.0625,0.02608695652173913,0.0,,,42,person,0.2,0.1,heuristic,segformer_b2_cityscapes_mcdrop8,acdc_rain_targetcal25,12,
,-1,True,,0.6347981484057432,0.0017976020462810993,,475,,,False,,,,,,42,person,0.2,0.1,argmax,segformer_b2_cityscapes_mcdrop8,acdc_rain_targetcal25,12,0.5814696485623003
1.0,1000,False,0.0,0.0,1.0,0.6673684210526316,158,313.0,0.0,False,0.0,0.0,0.0,,,42,person,0.05,0.5,region_crc,segformer_b2_cityscapes_mcdrop8,acdc_rain_targetcal25,12,
1.0,1000,True,0.0,0.0,1.0,0.6673684210526316,158,313.0,0.0,False,0.0,0.0,0.0,,,42,person,0.05,0.5,heuristic,segformer_b2_cityscapes_mcdrop8,acdc_rain_targetcal25,12,
,-1,True,,0.7569148853958981,0.0017976020462810993,,475,,,False,,,,,,42,person,0.05,0.5,argmax,segformer_b2_cityscapes_mcdrop8,acdc_rain_targetcal25,12,0.6900958466453674
1.0,1000,True,0.0,0.0,1.0,0.6673684210526316,158,313.0,0.0,False,0.0,0.0,0.0,,,42,person,0.1,0.5,region_crc,segformer_b2_cityscapes_mcdrop8,acdc_rain_targetcal25,12,
1.0,1000,True,0.0,0.0,1.0,0.6673684210526316,158,313.0,0.0,False,0.0,0.0,0.0,,,42,person,0.1,0.5,heuristic,segformer_b2_cityscapes_mcdrop8,acdc_rain_targetcal25,12,
,-1,True,,0.7569148853958981,0.0017976020462810993,,475,,,False,,,,,,42,person,0.1,0.5,argmax,segformer_b2_cityscapes_mcdrop8,acdc_rain_targetcal25,12,0.6900958466453674
1.0,1000,True,0.0,0.0,1.0,0.6673684210526316,158,313.0,0.0,False,0.0,0.0,0.0,,,42,person,0.2,0.5,region_crc,segformer_b2_cityscapes_mcdrop8,acdc_rain_targetcal25,12,
0.997,997,True,0.0979957805907173,0.0979957805907173,0.03873928636312485,0.6673684210526316,158,313.0,0.1663157894736842,False,0.08522727272727272,0.08695652173913043,0.0,,,42,person,0.2,0.5,heuristic,segformer_b2_cityscapes_mcdrop8,acdc_rain_targetcal25,12,
,-1,True,,0.7569148853958981,0.0017976020462810993,,475,,,False,,,,,,42,person,0.2,0.5,argmax,segformer_b2_cityscapes_mcdrop8,acdc_rain_targetcal25,12,0.6900958466453674
1.0,1000,False,0.0,0.0,1.0,0.9452631578947368,26,35.0,0.0,False,0.0,0.0,0.0,,,42,rider,0.05,0.1,region_crc,segformer_b2_cityscapes_mcdrop8,acdc_rain_targetcal25,2,
1.0,1000,True,0.0,0.0,1.0,0.9452631578947368,26,35.0,0.0,False,0.0,0.0,0.0,,,42,rider,0.05,0.1,heuristic,segformer_b2_cityscapes_mcdrop8,acdc_rain_targetcal25,2,
,-1,True,,0.8076923076923077,0.0002279381878906861,,475,,,False,,,,,,42,rider,0.05,0.1,argmax,segformer_b2_cityscapes_mcdrop8,acdc_rain_targetcal25,2,0.8285714285714286
1.0,1000,False,0.0,0.0,1.0,0.9452631578947368,26,35.0,0.0,False,0.0,0.0,0.0,,,42,rider,0.1,0.1,region_crc,segformer_b2_cityscapes_mcdrop8,acdc_rain_targetcal25,2,
1.0,1000,True,0.0,0.0,1.0,0.9452631578947368,26,35.0,0.0,False,0.0,0.0,0.0,,,42,rider,0.1,0.1,heuristic,segformer_b2_cityscapes_mcdrop8,acdc_rain_targetcal25,2,
,-1,True,,0.8076923076923077,0.0002279381878906861,,475,,,False,,,,,,42,rider,0.1,0.1,argmax,segformer_b2_cityscapes_mcdrop8,acdc_rain_targetcal25,2,0.8285714285714286
1.0,1000,False,0.0,0.0,1.0,0.9452631578947368,26,35.0,0.0,False,0.0,0.0,0.0,,,42,rider,0.2,0.1,region_crc,segformer_b2_cityscapes_mcdrop8,acdc_rain_targetcal25,2,
1.0,1000,True,0.0,0.0,1.0,0.9452631578947368,26,35.0,0.0,False,0.0,0.0,0.0,,,42,rider,0.2,0.1,heuristic,segformer_b2_cityscapes_mcdrop8,acdc_rain_targetcal25,2,
,-1,True,,0.8076923076923077,0.0002279381878906861,,475,,,False,,,,,,42,rider,0.2,0.1,argmax,segformer_b2_cityscapes_mcdrop8,acdc_rain_targetcal25,2,0.8285714285714286
1.0,1000,False,0.0,0.0,1.0,0.9452631578947368,26,35.0,0.0,False,0.0,0.0,0.0,,,42,rider,0.05,0.5,region_crc,segformer_b2_cityscapes_mcdrop8,acdc_rain_targetcal25,2,
1.0,1000,True,0.0,0.0,1.0,0.9452631578947368,26,35.0,0.0,False,0.0,0.0,0.0,,,42,rider,0.05,0.5,heuristic,segformer_b2_cityscapes_mcdrop8,acdc_rain_targetcal25,2,
,-1,True,,0.8653846153846154,0.0002279381878906861,,475,,,False,,,,,,42,rider,0.05,0.5,argmax,segformer_b2_cityscapes_mcdrop8,acdc_rain_targetcal25,2,0.8857142857142857
1.0,1000,False,0.0,0.0,1.0,0.9452631578947368,26,35.0,0.0,False,0.0,0.0,0.0,,,42,rider,0.1,0.5,region_crc,segformer_b2_cityscapes_mcdrop8,acdc_rain_targetcal25,2,
1.0,1000,True,0.0,0.0,1.0,0.9452631578947368,26,35.0,0.0,False,0.0,0.0,0.0,,,42,rider,0.1,0.5,heuristic,segformer_b2_cityscapes_mcdrop8,acdc_rain_targetcal25,2,
,-1,True,,0.8653846153846154,0.0002279381878906861,,475,,,False,,,,,,42,rider,0.1,0.5,argmax,segformer_b2_cityscapes_mcdrop8,acdc_rain_targetcal25,2,0.8857142857142857
1.0,1000,False,0.0,0.0,1.0,0.9452631578947368,26,35.0,0.0,False,0.0,0.0,0.0,,,42,rider,0.2,0.5,region_crc,segformer_b2_cityscapes_mcdrop8,acdc_rain_targetcal25,2,
1.0,1000,True,0.0,0.0,1.0,0.9452631578947368,26,35.0,0.0,False,0.0,0.0,0.0,,,42,rider,0.2,0.5,heuristic,segformer_b2_cityscapes_mcdrop8,acdc_rain_targetcal25,2,
,-1,True,,0.8653846153846154,0.0002279381878906861,,475,,,False,,,,,,42,rider,0.2,0.5,argmax,segformer_b2_cityscapes_mcdrop8,acdc_rain_targetcal25,2,0.8857142857142857
1.0,1000,False,0.0,0.0,1.0,0.8378947368421052,77,150.0,0.0,False,0.0,0.0,0.0,,,42,bicycle,0.05,0.1,region_crc,segformer_b2_cityscapes_mcdrop8,acdc_rain_targetcal25,6,
1.0,1000,True,0.0,0.0,1.0,0.8378947368421052,77,150.0,0.0,False,0.0,0.0,0.0,,,42,bicycle,0.05,0.1,heuristic,segformer_b2_cityscapes_mcdrop8,acdc_rain_targetcal25,6,
,-1,True,,0.7473407544836116,0.0011023462284356356,,475,,,False,,,,,,42,bicycle,0.05,0.1,argmax,segformer_b2_cityscapes_mcdrop8,acdc_rain_targetcal25,6,0.7333333333333333
1.0,1000,False,0.0,0.0,1.0,0.8378947368421052,77,150.0,0.0,False,0.0,0.0,0.0,,,42,bicycle,0.1,0.1,region_crc,segformer_b2_cityscapes_mcdrop8,acdc_rain_targetcal25,6,
1.0,1000,True,0.0,0.0,1.0,0.8378947368421052,77,150.0,0.0,False,0.0,0.0,0.0,,,42,bicycle,0.1,0.1,heuristic,segformer_b2_cityscapes_mcdrop8,acdc_rain_targetcal25,6,
,-1,True,,0.7473407544836116,0.0011023462284356356,,475,,,False,,,,,,42,bicycle,0.1,0.1,argmax,segformer_b2_cityscapes_mcdrop8,acdc_rain_targetcal25,6,0.7333333333333333
1.0,1000,True,0.0,0.0,1.0,0.8378947368421052,77,150.0,0.0,False,0.0,0.0,0.0,,,42,bicycle,0.2,0.1,region_crc,segformer_b2_cityscapes_mcdrop8,acdc_rain_targetcal25,6,
0.999,999,True,0.1507730364873222,0.1507730364873222,0.02807622030377388,0.8378947368421052,77,150.0,0.21052631578947367,False,0.25609756097560976,0.037037037037037035,0.0,,,42,bicycle,0.2,0.1,heuristic,segformer_b2_cityscapes_mcdrop8,acdc_rain_targetcal25,6,
,-1,True,,0.7473407544836116,0.0011023462284356356,,475,,,False,,,,,,42,bicycle,0.2,0.1,argmax,segformer_b2_cityscapes_mcdrop8,acdc_rain_targetcal25,6,0.7333333333333333
1.0,1000,False,0.0,0.0,1.0,0.8378947368421052,77,150.0,0.0,False,0.0,0.0,0.0,,,42,bicycle,0.05,0.5,region_crc,segformer_b2_cityscapes_mcdrop8,acdc_rain_targetcal25,6,
1.0,1000,True,0.0,0.0,1.0,0.8378947368421052,77,150.0,0.0,False,0.0,0.0,0.0,,,42,bicycle,0.05,0.5,heuristic,segformer_b2_cityscapes_mcdrop8,acdc_rain_targetcal25,6,
,-1,True,,0.7694186765615337,0.0011023462284356356,,475,,,False,,,,,,42,bicycle,0.05,0.5,argmax,segformer_b2_cityscapes_mcdrop8,acdc_rain_targetcal25,6,0.7533333333333333
1.0,1000,False,0.0,0.0,1.0,0.8378947368421052,77,150.0,0.0,False,0.0,0.0,0.0,,,42,bicycle,0.1,0.5,region_crc,segformer_b2_cityscapes_mcdrop8,acdc_rain_targetcal25,6,
1.0,1000,True,0.0,0.0,1.0,0.8378947368421052,77,150.0,0.0,False,0.0,0.0,0.0,,,42,bicycle,0.1,0.5,heuristic,segformer_b2_cityscapes_mcdrop8,acdc_rain_targetcal25,6,
,-1,True,,0.7694186765615337,0.0011023462284356356,,475,,,False,,,,,,42,bicycle,0.1,0.5,argmax,segformer_b2_cityscapes_mcdrop8,acdc_rain_targetcal25,6,0.7533333333333333
1.0,1000,True,0.0,0.0,1.0,0.8378947368421052,77,150.0,0.0,False,0.0,0.0,0.0,,,42,bicycle,0.2,0.5,region_crc,segformer_b2_cityscapes_mcdrop8,acdc_rain_targetcal25,6,
1.0,1000,True,0.0,0.0,1.0,0.8378947368421052,77,150.0,0.0,False,0.0,0.0,0.0,,,42,bicycle,0.2,0.5,heuristic,segformer_b2_cityscapes_mcdrop8,acdc_rain_targetcal25,6,
,-1,True,,0.7694186765615337,0.0011023462284356356,,475,,,False,,,,,,42,bicycle,0.2,0.5,argmax,segformer_b2_cityscapes_mcdrop8,acdc_rain_targetcal25,6,0.7533333333333333
1.0,1000,False,0.0,0.0,1.0,0.6568421052631579,163,318.0,0.0,False,0.0,0.0,0.0,,,43,person,0.05,0.1,region_crc,segformer_b2_cityscapes_mcdrop8,acdc_rain_targetcal25,7,
0.991,991,True,0.10879345603271984,0.10879345603271984,0.023214519023895264,0.6568421052631579,163,318.0,0.17894736842105263,False,0.12777777777777777,0.05172413793103448,0.0,,,43,person,0.05,0.1,heuristic,segformer_b2_cityscapes_mcdrop8,acdc_rain_targetcal25,7,
,-1,True,,0.6374117021356286,0.0018163732020184398,,475,,,False,,,,,,43,person,0.05,0.1,argmax,segformer_b2_cityscapes_mcdrop8,acdc_rain_targetcal25,7,0.5880503144654088
1.0,1000,False,0.0,0.0,1.0,0.6568421052631579,163,318.0,0.0,False,0.0,0.0,0.0,,,43,person,0.1,0.1,region_crc,segformer_b2_cityscapes_mcdrop8,acdc_rain_targetcal25,7,
0.991,991,True,0.10879345603271984,0.10879345603271984,0.023214519023895264,0.6568421052631579,163,318.0,0.17894736842105263,False,0.12777777777777777,0.05172413793103448,0.0,,,43,person,0.1,0.1,heuristic,segformer_b2_cityscapes_mcdrop8,acdc_rain_targetcal25,7,
,-1,True,,0.6374117021356286,0.0018163732020184398,,475,,,False,,,,,,43,person,0.1,0.1,argmax,segformer_b2_cityscapes_mcdrop8,acdc_rain_targetcal25,7,0.5880503144654088
0.991,991,True,0.10879345603271984,0.10879345603271984,0.023214519023895264,0.6568421052631579,163,318.0,0.17894736842105263,False,0.12777777777777777,0.05172413793103448,0.0,,,43,person,0.2,0.1,region_crc,segformer_b2_cityscapes_mcdrop8,acdc_rain_targetcal25,7,
0.987,987,True,0.14372869802317656,0.14372869802317656,0.01929568313062191,15.8,163,318.0,0.18315789473684208,False,0.16111111111111112,0.07758620689655173,0.0,,,43,person,0.2,0.1,heuristic,segformer_b2_cityscapes_mcdrop8,acdc_rain_targetcal25,7,
,-1,True,,0.6374117021356286,0.0018163732020184398,,475,,,False,,,,,,43,person,0.2,0.1,argmax,segformer_b2_cityscapes_mcdrop8,acdc_rain_targetcal25,7,0.5880503144654088
1.0,1000,False,0.0,0.0,1.0,0.6568421052631579,163,318.0,0.0,False,0.0,0.0,0.0,,,43,person,0.05,0.5,region_crc,segformer_b2_cityscapes_mcdrop8,acdc_rain_targetcal25,7,
0.996,996,True,0.12566462167689163,0.12566462167689163,0.033950164914131165,0.6568421052631579,163,318.0,0.15999999999999992,False,0.11666666666666667,0.10344827586206896,0.0,,,43,person,0.05,0.5,heuristic,segformer_b2_cityscapes_mcdrop8,acdc_rain_targetcal25,7,
,-1,True,,0.7604860034307888,0.0018163732020184398,,475,,,False,,,,,,43,person,0.05,0.5,argmax,segformer_b2_cityscapes_mcdrop8,acdc_rain_targetcal25,7,0.6918238993710691
1.0,1000,False,0.0,0.0,1.0,0.6568421052631579,163,318.0,0.0,False,0.0,0.0,0.0,,,43,person,0.1,0.5,region_crc,segformer_b2_cityscapes_mcdrop8,acdc_rain_targetcal25,7,
0.996,996,True,0.12566462167689163,0.12566462167689163,0.033950164914131165,0.6568421052631579,163,318.0,0.15999999999999992,False,0.11666666666666667,0.10344827586206896,0.0,,,43,person,0.1,0.5,heuristic,segformer_b2_cityscapes_mcdrop8,acdc_rain_targetcal25,7,
,-1,True,,0.7604860034307888,0.0018163732020184398,,475,,,False,,,,,,43,person,0.1,0.5,argmax,segformer_b2_cityscapes_mcdrop8,acdc_rain_targetcal25,7,0.6918238993710691
0.996,996,True,0.12566462167689163,0.12566462167689163,0.033950164914131165,0.6568421052631579,163,318.0,0.15999999999999992,False,0.11666666666666667,0.10344827586206896,0.0,,,43,person,0.2,0.5,region_crc,segformer_b2_cityscapes_mcdrop8,acdc_rain_targetcal25,7,
0.994,994,True,0.16213360599863666,0.16213360599863666,0.028204044327139854,0.6568421052631579,163,318.0,0.16421052631578947,False,0.17222222222222222,0.10344827586206896,0.0,,,43,person,0.2,0.5,heuristic,segformer_b2_cityscapes_mcdrop8,acdc_rain_targetcal25,7,
,-1,True,,0.7604860034307888,0.0018163732020184398,,475,,,False,,,,,,43,person,0.2,0.5,argmax,segformer_b2_cityscapes_mcdrop8,acdc_rain_targetcal25,7,0.6918238993710691
1.0,1000,False,0.0,0.0,1.0,0.9494736842105264,24,34.0,0.0,False,0.0,0.0,0.0,,,43,rider,0.05,0.1,region_crc,segformer_b2_cityscapes_mcdrop8,acdc_rain_targetcal25,4,
1.0,1000,True,0.0,0.0,1.0,0.9494736842105264,24,34.0,0.0,False,0.0,0.0,0.0,,,43,rider,0.05,0.1,heuristic,segformer_b2_cityscapes_mcdrop8,acdc_rain_targetcal25,4,
,-1,True,,0.8125,0.00025060103507712483,,475,,,False,,,,,,43,rider,0.05,0.1,argmax,segformer_b2_cityscapes_mcdrop8,acdc_rain_targetcal25,4,0.8235294117647058
1.0,1000,False,0.0,0.0,1.0,0.9494736842105264,24,34.0,0.0,False,0.0,0.0,0.0,,,43,rider,0.1,0.1,region_crc,segformer_b2_cityscapes_mcdrop8,acdc_rain_targetcal25,4,
1.0,1000,True,0.0,0.0,1.0,0.9494736842105264,24,34.0,0.0,False,0.0,0.0,0.0,,,43,rider,0.1,0.1,heuristic,segformer_b2_cityscapes_mcdrop8,acdc_rain_targetcal25,4,
,-1,True,,0.8125,0.00025060103507712483,,475,,,False,,,,,,43,rider,0.1,0.1,argmax,segformer_b2_cityscapes_mcdrop8,acdc_rain_targetcal25,4,0.8235294117647058
1.0,1000,True,0.0,0.0,1.0,0.9494736842105264,24,34.0,0.0,False,0.0,0.0,0.0,,,43,rider,0.2,0.1,region_crc,segformer_b2_cityscapes_mcdrop8,acdc_rain_targetcal25,4,
1.0,1000,True,0.0,0.0,1.0,0.9494736842105264,24,34.0,0.0,False,0.0,0.0,0.0,,,43,rider,0.2,0.1,heuristic,segformer_b2_cityscapes_mcdrop8,acdc_rain_targetcal25,4,
,-1,True,,0.8125,0.00025060103507712483,,475,,,False,,,,,,43,rider,0.2,0.1,argmax,segformer_b2_cityscapes_mcdrop8,acdc_rain_targetcal25,4,0.8235294117647058
1.0,1000,False,0.0,0.0,1.0,0.9494736842105264,24,34.0,0.0,False,0.0,0.0,0.0,,,43,rider,0.05,0.5,region_crc,segformer_b2_cityscapes_mcdrop8,acdc_rain_targetcal25,4,
1.0,1000,True,0.0,0.0,1.0,0.9494736842105264,24,34.0,0.0,False,0.0,0.0,0.0,,,43,rider,0.05,0.5,heuristic,segformer_b2_cityscapes_mcdrop8,acdc_rain_targetcal25,4,
,-1,True,,0.8333333333333334,0.00025060103507712483,,475,,,False,,,,,,43,rider,0.05,0.5,argmax,segformer_b2_cityscapes_mcdrop8,acdc_rain_targetcal25,4,0.8529411764705882
1.0,1000,False,0.0,0.0,1.0,0.9494736842105264,24,34.0,0.0,False,0.0,0.0,0.0,,,43,rider,0.1,0.5,region_crc,segformer_b2_cityscapes_mcdrop8,acdc_rain_targetcal25,4,
1.0,1000,True,0.0,0.0,1.0,0.9494736842105264,24,34.0,0.0,False,0.0,0.0,0.0,,,43,rider,0.1,0.5,heuristic,segformer_b2_cityscapes_mcdrop8,acdc_rain_targetcal25,4,
,-1,True,,0.8333333333333334,0.00025060103507712483,,475,,,False,,,,,,43,rider,0.1,0.5,argmax,segformer_b2_cityscapes_mcdrop8,acdc_rain_targetcal25,4,0.8529411764705882
1.0,1000,True,0.0,0.0,1.0,0.9494736842105264,24,34.0,0.0,False,0.0,0.0,0.0,,,43,rider,0.2,0.5,region_crc,segformer_b2_cityscapes_mcdrop8,acdc_rain_targetcal25,4,
1.0,1000,True,0.0,0.0,1.0,0.9494736842105264,24,34.0,0.0,False,0.0,0.0,0.0,,,43,rider,0.2,0.5,heuristic,segformer_b2_cityscapes_mcdrop8,acdc_rain_targetcal25,4,
,-1,True,,0.8333333333333334,0.00025060103507712483,,475,,,False,,,,,,43,rider,0.2,0.5,argmax,segformer_b2_cityscapes_mcdrop8,acdc_rain_targetcal25,4,0.8529411764705882
1.0,1000,False,0.0,0.0,1.0,0.8336842105263158,79,150.0,0.0,False,0.0,0.0,0.0,,,43,bicycle,0.05,0.1,region_crc,segformer_b2_cityscapes_mcdrop8,acdc_rain_targetcal25,4,
1.0,1000,True,0.0,0.0,1.0,0.8336842105263158,79,150.0,0.0,False,0.0,0.0,0.0,,,43,bicycle,0.05,0.1,heuristic,segformer_b2_cityscapes_mcdrop8,acdc_rain_targetcal25,4,
,-1,True,,0.7463532248342375,0.0010542935924604535,,475,,,False,,,,,,43,bicycle,0.05,0.1,argmax,segformer_b2_cityscapes_mcdrop8,acdc_rain_targetcal25,4,0.7333333333333333
1.0,1000,False,0.0,0.0,1.0,0.8336842105263158,79,150.0,0.0,False,0.0,0.0,0.0,,,43,bicycle,0.1,0.1,region_crc,segformer_b2_cityscapes_mcdrop8,acdc_rain_targetcal25,4,
1.0,1000,True,0.0,0.0,1.0,0.8336842105263158,79,150.0,0.0,False,0.0,0.0,0.0,,,43,bicycle,0.1,0.1,heuristic,segformer_b2_cityscapes_mcdrop8,acdc_rain_targetcal25,4,
,-1,True,,0.7463532248342375,0.0010542935924604535,,475,,,False,,,,,,43,bicycle,0.1,0.1,argmax,segformer_b2_cityscapes_mcdrop8,acdc_rain_targetcal25,4,0.7333333333333333
1.0,1000,True,0.0,0.0,1.0,0.8336842105263158,79,150.0,0.0,False,0.0,0.0,0.0,,,43,bicycle,0.2,0.1,region_crc,segformer_b2_cityscapes_mcdrop8,acdc_rain_targetcal25,4,
1.0,1000,True,0.0,0.0,1.0,0.8336842105263158,79,150.0,0.0,False,0.0,0.0,0.0,,,43,bicycle,0.2,0.1,heuristic,segformer_b2_cityscapes_mcdrop8,acdc_rain_targetcal25,4,
,-1,True,,0.7463532248342375,0.0010542935924604535,,475,,,False,,,,,,43,bicycle,0.2,0.1,argmax,segformer_b2_cityscapes_mcdrop8,acdc_rain_targetcal25,4,0.7333333333333333
1.0,1000,False,0.0,0.0,1.0,0.8336842105263158,79,150.0,0.0,False,0.0,0.0,0.0,,,43,bicycle,0.05,0.5,region_crc,segformer_b2_cityscapes_mcdrop8,acdc_rain_targetcal25,4,
1.0,1000,True,0.0,0.0,1.0,0.8336842105263158,79,150.0,0.0,False,0.0,0.0,0.0,,,43,bicycle,0.05,0.5,heuristic,segformer_b2_cityscapes_mcdrop8,acdc_rain_targetcal25,4,
,-1,True,,0.77209162145871,0.0010542935924604535,,475,,,False,,,,,,43,bicycle,0.05,0.5,argmax,segformer_b2_cityscapes_mcdrop8,acdc_rain_targetcal25,4,0.76
1.0,1000,False,0.0,0.0,1.0,0.8336842105263158,79,150.0,0.0,False,0.0,0.0,0.0,,,43,bicycle,0.1,0.5,region_crc,segformer_b2_cityscapes_mcdrop8,acdc_rain_targetcal25,4,
1.0,1000,True,0.0,0.0,1.0,0.8336842105263158,79,150.0,0.0,False,0.0,0.0,0.0,,,43,bicycle,0.1,0.5,heuristic,segformer_b2_cityscapes_mcdrop8,acdc_rain_targetcal25,4,
,-1,True,,0.77209162145871,0.0010542935924604535,,475,,,False,,,,,,43,bicycle,0.1,0.5,argmax,segformer_b2_cityscapes_mcdrop8,acdc_rain_targetcal25,4,0.76
1.0,1000,True,0.0,0.0,1.0,0.8336842105263158,79,150.0,0.0,False,0.0,0.0,0.0,,,43,bicycle,0.2,0.5,region_crc,segformer_b2_cityscapes_mcdrop8,acdc_rain_targetcal25,4,
1.0,1000,True,0.0,0.0,1.0,0.8336842105263158,79,150.0,0.0,False,0.0,0.0,0.0,,,43,bicycle,0.2,0.5,heuristic,segformer_b2_cityscapes_mcdrop8,acdc_rain_targetcal25,4,
,-1,True,,0.77209162145871,0.0010542935924604535,,475,,,False,,,,,,43,bicycle,0.2,0.5,argmax,segformer_b2_cityscapes_mcdrop8,acdc_rain_targetcal25,4,0.76
1.0,1000,False,0.0,0.0,1.0,0.6568421052631579,163,320.0,0.0,False,0.0,0.0,0.0,,,44,person,0.05,0.1,region_crc,segformer_b2_cityscapes_mcdrop8,acdc_rain_targetcal25,7,
0.999,999,True,0.032208588957055216,0.032208588957055216,0.06149543449282646,0.6568421052631579,163,320.0,0.29052631578947363,False,0.0223463687150838,0.025423728813559324,0.0,,,44,person,0.05,0.1,heuristic,segformer_b2_cityscapes_mcdrop8,acdc_rain_targetcal25,7,
,-1,True,,0.6361847082705978,0.0018169000977650285,,475,,,False,,,,,,44,person,0.05,0.1,argmax,segformer_b2_cityscapes_mcdrop8,acdc_rain_targetcal25,7,0.590625
1.0,1000,False,0.0,0.0,1.0,0.6568421052631579,163,320.0,0.0,False,0.0,0.0,0.0,,,44,person,0.1,0.1,region_crc,segformer_b2_cityscapes_mcdrop8,acdc_rain_targetcal25,7,
0.999,999,True,0.032208588957055216,0.032208588957055216,0.06149543449282646,0.6568421052631579,163,320.0,0.29052631578947363,False,0.0223463687150838,0.025423728813559324,0.0,,,44,person,0.1,0.1,heuristic,segformer_b2_cityscapes_mcdrop8,acdc_rain_targetcal25,7,
,-1,True,,0.6361847082705978,0.0018169000977650285,,475,,,False,,,,,,44,person,0.1,0.1,argmax,segformer_b2_cityscapes_mcdrop8,acdc_rain_targetcal25,7,0.590625
0.999,999,True,0.032208588957055216,0.032208588957055216,0.06149543449282646,0.6568421052631579,163,320.0,0.29052631578947363,False,0.0223463687150838,0.025423728813559324,0.0,,,44,person,0.2,0.1,region_crc,segformer_b2_cityscapes_mcdrop8,acdc_rain_targetcal25,7,
0.99,990,True,0.11100886162235855,0.11100886162235855,0.022472888231277466,0.6568421052631579,163,320.0,0.2042105263157895,False,0.13966480446927373,0.05084745762711865,0.0,,,44,person,0.2,0.1,heuristic,segformer_b2_cityscapes_mcdrop8,acdc_rain_targetcal25,7,
,-1,True,,0.6361847082705978,0.0018169000977650285,,475,,,False,,,,,,44,person,0.2,0.1,argmax,segformer_b2_cityscapes_mcdrop8,acdc_rain_targetcal25,7,0.590625
1.0,1000,False,0.0,0.0,1.0,0.6568421052631579,163,320.0,0.0,False,0.0,0.0,0.0,,,44,person,0.05,0.5,region_crc,segformer_b2_cityscapes_mcdrop8,acdc_rain_targetcal25,7,
1.0,1000,True,0.0,0.0,1.0,0.6568421052631579,163,320.0,0.0,False,0.0,0.0,0.0,,,44,person,0.05,0.5,heuristic,segformer_b2_cityscapes_mcdrop8,acdc_rain_targetcal25,7,
,-1,True,,0.7637579870708705,0.0018169000977650285,,475,,,False,,,,,,44,person,0.05,0.5,argmax,segformer_b2_cityscapes_mcdrop8,acdc_rain_targetcal25,7,0.703125
1.0,1000,False,0.0,0.0,1.0,0.6568421052631579,163,320.0,0.0,False,0.0,0.0,0.0,,,44,person,0.1,0.5,region_crc,segformer_b2_cityscapes_mcdrop8,acdc_rain_targetcal25,7,
1.0,1000,True,0.0,0.0,1.0,0.6568421052631579,163,320.0,0.0,False,0.0,0.0,0.0,,,44,person,0.1,0.5,heuristic,segformer_b2_cityscapes_mcdrop8,acdc_rain_targetcal25,7,
,-1,True,,0.7637579870708705,0.0018169000977650285,,475,,,False,,,,,,44,person,0.1,0.5,argmax,segformer_b2_cityscapes_mcdrop8,acdc_rain_targetcal25,7,0.703125
1.0,1000,True,0.0,0.0,1.0,0.6568421052631579,163,320.0,0.0,False,0.0,0.0,0.0,,,44,person,0.2,0.5,region_crc,segformer_b2_cityscapes_mcdrop8,acdc_rain_targetcal25,7,
0.995,995,True,0.15241990456714383,0.15241990456714383,0.031311605125665665,0.6568421052631579,163,320.0,0.21684210526315784,False,0.15083798882681565,0.1016949152542373,0.0,,,44,person,0.2,0.5,heuristic,segformer_b2_cityscapes_mcdrop8,acdc_rain_targetcal25,7,
,-1,True,,0.7637579870708705,0.0018169000977650285,,475,,,False,,,,,,44,person,0.2,0.5,argmax,segformer_b2_cityscapes_mcdrop8,acdc_rain_targetcal25,7,0.703125
1.0,1000,False,0.0,0.0,1.0,0.9431578947368421,27,37.0,0.0,False,0.0,0.0,0.0,,,44,rider,0.05,0.1,region_crc,segformer_b2_cityscapes_mcdrop8,acdc_rain_targetcal25,1,
0.55,550,True,0.8333333333333334,0.8333333333333334,0.00018752562755253166,0.1031578947368421,27,37.0,0.040000000000000036,False,1.0,0.6,0.2,,,44,rider,0.05,0.1,heuristic,segformer_b2_cityscapes_mcdrop8,acdc_rain_targetcal25,1,
,-1,True,,0.8333333333333334,0.00025060103507712483,,475,,,False,,,,,,44,rider,0.05,0.1,argmax,segformer_b2_cityscapes_mcdrop8,acdc_rain_targetcal25,1,0.8378378378378378
1.0,1000,False,0.0,0.0,1.0,0.9431578947368421,27,37.0,0.0,False,0.0,0.0,0.0,,,44,rider,0.1,0.1,region_crc,segformer_b2_cityscapes_mcdrop8,acdc_rain_targetcal25,1,
0.55,550,True,0.8333333333333334,0.8333333333333334,0.00018752562755253166,0.1031578947368421,27,37.0,0.040000000000000036,False,1.0,0.6,0.2,,,44,rider,0.1,0.1,heuristic,segformer_b2_cityscapes_mcdrop8,acdc_rain_targetcal25,1,
,-1,True,,0.8333333333333334,0.00025060103507712483,,475,,,False,,,,,,44,rider,0.1,0.1,argmax,segformer_b2_cityscapes_mcdrop8,acdc_rain_targetcal25,1,0.8378378378378378
1.0,1000,False,0.0,0.0,1.0,0.9431578947368421,27,37.0,0.0,False,0.0,0.0,0.0,,,44,rider,0.2,0.1,region_crc,segformer_b2_cityscapes_mcdrop8,acdc_rain_targetcal25,1,
0.55,550,True,0.8333333333333334,0.8333333333333334,0.00018752562755253166,0.1031578947368421,27,37.0,0.040000000000000036,False,1.0,0.6,0.2,,,44,rider,0.2,0.1,heuristic,segformer_b2_cityscapes_mcdrop8,acdc_rain_targetcal25,1,
,-1,True,,0.8333333333333334,0.00025060103507712483,,475,,,False,,,,,,44,rider,0.2,0.1,argmax,segformer_b2_cityscapes_mcdrop8,acdc_rain_targetcal25,1,0.8378378378378378
1.0,1000,False,0.0,0.0,1.0,0.9431578947368421,27,37.0,0.0,False,0.0,0.0,0.0,,,44,rider,0.05,0.5,region_crc,segformer_b2_cityscapes_mcdrop8,acdc_rain_targetcal25,1,
0.8220000000000001,822,True,0.7962962962962963,0.7962962962962963,0.0004962426610291004,0.31157894736842107,27,37.0,0.08842105263157896,False,0.9629629629629629,0.6,0.2,,,44,rider,0.05,0.5,heuristic,segformer_b2_cityscapes_mcdrop8,acdc_rain_targetcal25,1,
,-1,True,,0.8518518518518519,0.00025060103507712483,,475,,,False,,,,,,44,rider,0.05,0.5,argmax,segformer_b2_cityscapes_mcdrop8,acdc_rain_targetcal25,1,0.8648648648648649
1.0,1000,False,0.0,0.0,1.0,0.9431578947368421,27,37.0,0.0,False,0.0,0.0,0.0,,,44,rider,0.1,0.5,region_crc,segformer_b2_cityscapes_mcdrop8,acdc_rain_targetcal25,1,
0.8220000000000001,822,True,0.7962962962962963,0.7962962962962963,0.0004962426610291004,0.31157894736842107,27,37.0,0.08842105263157896,False,0.9629629629629629,0.6,0.2,,,44,rider,0.1,0.5,heuristic,segformer_b2_cityscapes_mcdrop8,acdc_rain_targetcal25,1,
,-1,True,,0.8518518518518519,0.00025060103507712483,,475,,,False,,,,,,44,rider,0.1,0.5,argmax,segformer_b2_cityscapes_mcdrop8,acdc_rain_targetcal25,1,0.8648648648648649
1.0,1000,False,0.0,0.0,1.0,0.9431578947368421,27,37.0,0.0,False,0.0,0.0,0.0,,,44,rider,0.2,0.5,region_crc,segformer_b2_cityscapes_mcdrop8,acdc_rain_targetcal25,1,
0.8220000000000001,822,True,0.7962962962962963,0.7962962962962963,0.0004962426610291004,0.31157894736842107,27,37.0,0.08842105263157896,False,0.9629629629629629,0.6,0.2,,,44,rider,0.2,0.5,heuristic,segformer_b2_cityscapes_mcdrop8,acdc_rain_targetcal25,1,
,-1,True,,0.8518518518518519,0.00025060103507712483,,475,,,False,,,,,,44,rider,0.2,0.5,argmax,segformer_b2_cityscapes_mcdrop8,acdc_rain_targetcal25,1,0.8648648648648649
1.0,1000,False,0.0,0.0,1.0,0.8315789473684211,80,154.0,0.0,False,0.0,0.0,0.0,,,44,bicycle,0.05,0.1,region_crc,segformer_b2_cityscapes_mcdrop8,acdc_rain_targetcal25,3,
0.936,936,True,0.5458333333333334,0.5458333333333333,0.003272942965850234,2.591578947368421,80,154.0,0.1663157894736842,False,0.6547619047619048,0.39285714285714285,0.0,,,44,bicycle,0.05,0.1,heuristic,segformer_b2_cityscapes_mcdrop8,acdc_rain_targetcal25,3,
,-1,True,,0.7401488095238096,0.0011198677821084857,,475,,,False,,,,,,44,bicycle,0.05,0.1,argmax,segformer_b2_cityscapes_mcdrop8,acdc_rain_targetcal25,3,0.7207792207792207
1.0,1000,False,0.0,0.0,1.0,0.8315789473684211,80,154.0,0.0,False,0.0,0.0,0.0,,,44,bicycle,0.1,0.1,region_crc,segformer_b2_cityscapes_mcdrop8,acdc_rain_targetcal25,3,
0.936,936,True,0.5458333333333334,0.5458333333333333,0.003272942965850234,2.591578947368421,80,154.0,0.1663157894736842,False,0.6547619047619048,0.39285714285714285,0.0,,,44,bicycle,0.1,0.1,heuristic,segformer_b2_cityscapes_mcdrop8,acdc_rain_targetcal25,3,
,-1,True,,0.7401488095238096,0.0011198677821084857,,475,,,False,,,,,,44,bicycle,0.1,0.1,argmax,segformer_b2_cityscapes_mcdrop8,acdc_rain_targetcal25,3,0.7207792207792207
1.0,1000,False,0.0,0.0,1.0,0.8315789473684211,80,154.0,0.0,False,0.0,0.0,0.0,,,44,bicycle,0.2,0.1,region_crc,segformer_b2_cityscapes_mcdrop8,acdc_rain_targetcal25,3,
0.936,936,True,0.5458333333333334,0.5458333333333333,0.003272942965850234,2.591578947368421,80,154.0,0.1663157894736842,False,0.6547619047619048,0.39285714285714285,0.0,,,44,bicycle,0.2,0.1,heuristic,segformer_b2_cityscapes_mcdrop8,acdc_rain_targetcal25,3,
,-1,True,,0.7401488095238096,0.0011198677821084857,,475,,,False,,,,,,44,bicycle,0.2,0.1,argmax,segformer_b2_cityscapes_mcdrop8,acdc_rain_targetcal25,3,0.7207792207792207
1.0,1000,False,0.0,0.0,1.0,0.8315789473684211,80,154.0,0.0,False,0.0,0.0,0.0,,,44,bicycle,0.05,0.5,region_crc,segformer_b2_cityscapes_mcdrop8,acdc_rain_targetcal25,3,
0.985,985,True,0.4836309523809524,0.4836309523809524,0.007310794200748205,6.248421052631579,80,154.0,0.12842105263157894,False,0.6190476190476191,0.32142857142857145,0.0,,,44,bicycle,0.05,0.5,heuristic,segformer_b2_cityscapes_mcdrop8,acdc_rain_targetcal25,3,
,-1,True,,0.7655654761904762,0.0011198677821084857,,475,,,False,,,,,,44,bicycle,0.05,0.5,argmax,segformer_b2_cityscapes_mcdrop8,acdc_rain_targetcal25,3,0.7467532467532467
1.0,1000,False,0.0,0.0,1.0,0.8315789473684211,80,154.0,0.0,False,0.0,0.0,0.0,,,44,bicycle,0.1,0.5,region_crc,segformer_b2_cityscapes_mcdrop8,acdc_rain_targetcal25,3,
0.985,985,True,0.4836309523809524,0.4836309523809524,0.007310794200748205,6.248421052631579,80,154.0,0.12842105263157894,False,0.6190476190476191,0.32142857142857145,0.0,,,44,bicycle,0.1,0.5,heuristic,segformer_b2_cityscapes_mcdrop8,acdc_rain_targetcal25,3,
,-1,True,,0.7655654761904762,0.0011198677821084857,,475,,,False,,,,,,44,bicycle,0.1,0.5,argmax,segformer_b2_cityscapes_mcdrop8,acdc_rain_targetcal25,3,0.7467532467532467
1.0,1000,False,0.0,0.0,1.0,0.8315789473684211,80,154.0,0.0,False,0.0,0.0,0.0,,,44,bicycle,0.2,0.5,region_crc,segformer_b2_cityscapes_mcdrop8,acdc_rain_targetcal25,3,
0.985,985,True,0.4836309523809524,0.4836309523809524,0.007310794200748205,6.248421052631579,80,154.0,0.12842105263157894,False,0.6190476190476191,0.32142857142857145,0.0,,,44,bicycle,0.2,0.5,heuristic,segformer_b2_cityscapes_mcdrop8,acdc_rain_targetcal25,3,
,-1,True,,0.7655654761904762,0.0011198677821084857,,475,,,False,,,,,,44,bicycle,0.2,0.5,argmax,segformer_b2_cityscapes_mcdrop8,acdc_rain_targetcal25,3,0.7467532467532467
1.0,1000,False,0.0,0.0,1.0,0.6631578947368421,160,320.0,0.0,False,0.0,0.0,0.0,,,45,person,0.05,0.1,region_crc,segformer_b2_cityscapes_mcdrop8,acdc_rain_targetcal25,10,
1.0,1000,True,0.0,0.0,1.0,0.6631578947368421,160,320.0,0.0,False,0.0,0.0,0.0,,,45,person,0.05,0.1,heuristic,segformer_b2_cityscapes_mcdrop8,acdc_rain_targetcal25,10,
,-1,True,,0.6435298382173382,0.0017951481277123094,,475,,,False,,,,,,45,person,0.05,0.1,argmax,segformer_b2_cityscapes_mcdrop8,acdc_rain_targetcal25,10,0.590625
1.0,1000,True,0.0,0.0,1.0,0.6631578947368421,160,320.0,0.0,False,0.0,0.0,0.0,,,45,person,0.1,0.1,region_crc,segformer_b2_cityscapes_mcdrop8,acdc_rain_targetcal25,10,
0.997,997,True,0.05052083333333333,0.05052083333333333,0.03880788013339043,0.6631578947368421,160,320.0,0.11368421052631572,False,0.05027932960893855,0.025423728813559324,0.0,,,45,person,0.1,0.1,heuristic,segformer_b2_cityscapes_mcdrop8,acdc_rain_targetcal25,10,
,-1,True,,0.6435298382173382,0.0017951481277123094,,475,,,False,,,,,,45,person,0.1,0.1,argmax,segformer_b2_cityscapes_mcdrop8,acdc_rain_targetcal25,10,0.590625
0.997,997,True,0.05052083333333333,0.05052083333333333,0.03880788013339043,0.6631578947368421,160,320.0,0.11368421052631572,False,0.05027932960893855,0.025423728813559324,0.0,,,45,person,0.2,0.1,region_crc,segformer_b2_cityscapes_mcdrop8,acdc_rain_targetcal25,10,
0.986,986,True,0.15475694444444443,0.15475694444444446,0.018691254779696465,15.867368421052632,160,320.0,0.08421052631578951,False,0.1787709497206704,0.07627118644067797,0.0,,,45,person,0.2,0.1,heuristic,segformer_b2_cityscapes_mcdrop8,acdc_rain_targetcal25,10,
,-1,True,,0.6435298382173382,0.0017951481277123094,,475,,,False,,,,,,45,person,0.2,0.1,argmax,segformer_b2_cityscapes_mcdrop8,acdc_rain_targetcal25,10,0.590625
1.0,1000,False,0.0,0.0,1.0,0.6631578947368421,160,320.0,0.0,False,0.0,0.0,0.0,,,45,person,0.05,0.5,region_crc,segformer_b2_cityscapes_mcdrop8,acdc_rain_targetcal25,10,
1.0,1000,True,0.0,0.0,1.0,0.6631578947368421,160,320.0,0.0,False,0.0,0.0,0.0,,,45,person,0.05,0.5,heuristic,segformer_b2_cityscapes_mcdrop8,acdc_rain_targetcal25,10,
,-1,True,,0.764120115995116,0.0017951481277123094,,475,,,False,,,,,,45,person,0.05,0.5,argmax,segformer_b2_cityscapes_mcdrop8,acdc_rain_targetcal25,10,0.696875
1.0,1000,True,0.0,0.0,1.0,0.6631578947368421,160,320.0,0.0,False,0.0,0.0,0.0,,,45,person,0.1,0.5,region_crc,segformer_b2_cityscapes_mcdrop8,acdc_rain_targetcal25,10,
0.999,999,True,0.0484375,0.0484375,0.060761261731386185,0.6631578947368421,160,320.0,0.1010526315789474,False,0.03910614525139665,0.0423728813559322,0.0,,,45,person,0.1,0.5,heuristic,segformer_b2_cityscapes_mcdrop8,acdc_rain_targetcal25,10,
,-1,True,,0.764120115995116,0.0017951481277123094,,475,,,False,,,,,,45,person,0.1,0.5,argmax,segformer_b2_cityscapes_mcdrop8,acdc_rain_targetcal25,10,0.696875
0.999,999,True,0.0484375,0.0484375,0.060761261731386185,0.6631578947368421,160,320.0,0.1010526315789474,False,0.03910614525139665,0.0423728813559322,0.0,,,45,person,0.2,0.5,region_crc,segformer_b2_cityscapes_mcdrop8,acdc_rain_targetcal25,10,
0.99,990,True,0.233258547008547,0.233258547008547,0.02217864617705345,0.6631578947368421,160,320.0,0.0926315789473684,False,0.2569832402234637,0.1271186440677966,0.0,,,45,person,0.2,0.5,heuristic,segformer_b2_cityscapes_mcdrop8,acdc_rain_targetcal25,10,
,-1,True,,0.764120115995116,0.0017951481277123094,,475,,,False,,,,,,45,person,0.2,0.5,argmax,segformer_b2_cityscapes_mcdrop8,acdc_rain_targetcal25,10,0.696875
1.0,1000,False,0.0,0.0,1.0,0.9452631578947368,26,36.0,0.0,False,0.0,0.0,0.0,,,45,rider,0.05,0.1,region_crc,segformer_b2_cityscapes_mcdrop8,acdc_rain_targetcal25,2,
1.0,1000,True,0.0,0.0,1.0,0.9452631578947368,26,36.0,0.0,False,0.0,0.0,0.0,,,45,rider,0.05,0.1,heuristic,segformer_b2_cityscapes_mcdrop8,acdc_rain_targetcal25,2,
,-1,True,,0.7884615384615384,0.0002492872881703079,,475,,,False,,,,,,45,rider,0.05,0.1,argmax,segformer_b2_cityscapes_mcdrop8,acdc_rain_targetcal25,2,0.8055555555555556
1.0,1000,False,0.0,0.0,1.0,0.9452631578947368,26,36.0,0.0,False,0.0,0.0,0.0,,,45,rider,0.1,0.1,region_crc,segformer_b2_cityscapes_mcdrop8,acdc_rain_targetcal25,2,
1.0,1000,True,0.0,0.0,1.0,0.9452631578947368,26,36.0,0.0,False,0.0,0.0,0.0,,,45,rider,0.1,0.1,heuristic,segformer_b2_cityscapes_mcdrop8,acdc_rain_targetcal25,2,
,-1,True,,0.7884615384615384,0.0002492872881703079,,475,,,False,,,,,,45,rider,0.1,0.1,argmax,segformer_b2_cityscapes_mcdrop8,acdc_rain_targetcal25,2,0.8055555555555556
1.0,1000,False,0.0,0.0,1.0,0.9452631578947368,26,36.0,0.0,False,0.0,0.0,0.0,,,45,rider,0.2,0.1,region_crc,segformer_b2_cityscapes_mcdrop8,acdc_rain_targetcal25,2,
1.0,1000,True,0.0,0.0,1.0,0.9452631578947368,26,36.0,0.0,False,0.0,0.0,0.0,,,45,rider,0.2,0.1,heuristic,segformer_b2_cityscapes_mcdrop8,acdc_rain_targetcal25,2,
,-1,True,,0.7884615384615384,0.0002492872881703079,,475,,,False,,,,,,45,rider,0.2,0.1,argmax,segformer_b2_cityscapes_mcdrop8,acdc_rain_targetcal25,2,0.8055555555555556
1.0,1000,False,0.0,0.0,1.0,0.9452631578947368,26,36.0,0.0,False,0.0,0.0,0.0,,,45,rider,0.05,0.5,region_crc,segformer_b2_cityscapes_mcdrop8,acdc_rain_targetcal25,2,
1.0,1000,True,0.0,0.0,1.0,0.9452631578947368,26,36.0,0.0,False,0.0,0.0,0.0,,,45,rider,0.05,0.5,heuristic,segformer_b2_cityscapes_mcdrop8,acdc_rain_targetcal25,2,
,-1,True,,0.8461538461538461,0.0002492872881703079,,475,,,False,,,,,,45,rider,0.05,0.5,argmax,segformer_b2_cityscapes_mcdrop8,acdc_rain_targetcal25,2,0.8611111111111112
1.0,1000,False,0.0,0.0,1.0,0.9452631578947368,26,36.0,0.0,False,0.0,0.0,0.0,,,45,rider,0.1,0.5,region_crc,segformer_b2_cityscapes_mcdrop8,acdc_rain_targetcal25,2,
1.0,1000,True,0.0,0.0,1.0,0.9452631578947368,26,36.0,0.0,False,0.0,0.0,0.0,,,45,rider,0.1,0.5,heuristic,segformer_b2_cityscapes_mcdrop8,acdc_rain_targetcal25,2,
,-1,True,,0.8461538461538461,0.0002492872881703079,,475,,,False,,,,,,45,rider,0.1,0.5,argmax,segformer_b2_cityscapes_mcdrop8,acdc_rain_targetcal25,2,0.8611111111111112
1.0,1000,False,0.0,0.0,1.0,0.9452631578947368,26,36.0,0.0,False,0.0,0.0,0.0,,,45,rider,0.2,0.5,region_crc,segformer_b2_cityscapes_mcdrop8,acdc_rain_targetcal25,2,
1.0,1000,True,0.0,0.0,1.0,0.9452631578947368,26,36.0,0.0,False,0.0,0.0,0.0,,,45,rider,0.2,0.5,heuristic,segformer_b2_cityscapes_mcdrop8,acdc_rain_targetcal25,2,
,-1,True,,0.8461538461538461,0.0002492872881703079,,475,,,False,,,,,,45,rider,0.2,0.5,argmax,segformer_b2_cityscapes_mcdrop8,acdc_rain_targetcal25,2,0.8611111111111112
1.0,1000,False,0.0,0.0,1.0,0.8357894736842105,78,153.0,0.0,False,0.0,0.0,0.0,,,45,bicycle,0.05,0.1,region_crc,segformer_b2_cityscapes_mcdrop8,acdc_rain_targetcal25,5,
1.0,1000,True,0.0,0.0,1.0,0.8357894736842105,78,153.0,0.0,False,0.0,0.0,0.0,,,45,bicycle,0.05,0.1,heuristic,segformer_b2_cityscapes_mcdrop8,acdc_rain_targetcal25,5,
,-1,True,,0.7463064713064713,0.0011095505906268954,,475,,,False,,,,,,45,bicycle,0.05,0.1,argmax,segformer_b2_cityscapes_mcdrop8,acdc_rain_targetcal25,5,0.7254901960784313
1.0,1000,False,0.0,0.0,1.0,0.8357894736842105,78,153.0,0.0,False,0.0,0.0,0.0,,,45,bicycle,0.1,0.1,region_crc,segformer_b2_cityscapes_mcdrop8,acdc_rain_targetcal25,5,
1.0,1000,True,0.0,0.0,1.0,0.8357894736842105,78,153.0,0.0,False,0.0,0.0,0.0,,,45,bicycle,0.1,0.1,heuristic,segformer_b2_cityscapes_mcdrop8,acdc_rain_targetcal25,5,
,-1,True,,0.7463064713064713,0.0011095505906268954,,475,,,False,,,,,,45,bicycle,0.1,0.1,argmax,segformer_b2_cityscapes_mcdrop8,acdc_rain_targetcal25,5,0.7254901960784313
1.0,1000,True,0.0,0.0,1.0,0.8357894736842105,78,153.0,0.0,False,0.0,0.0,0.0,,,45,bicycle,0.2,0.1,region_crc,segformer_b2_cityscapes_mcdrop8,acdc_rain_targetcal25,5,
1.0,1000,True,0.0,0.0,1.0,0.8357894736842105,78,153.0,0.0,False,0.0,0.0,0.0,,,45,bicycle,0.2,0.1,heuristic,segformer_b2_cityscapes_mcdrop8,acdc_rain_targetcal25,5,
,-1,True,,0.7463064713064713,0.0011095505906268954,,475,,,False,,,,,,45,bicycle,0.2,0.1,argmax,segformer_b2_cityscapes_mcdrop8,acdc_rain_targetcal25,5,0.7254901960784313
1.0,1000,False,0.0,0.0,1.0,0.8357894736842105,78,153.0,0.0,False,0.0,0.0,0.0,,,45,bicycle,0.05,0.5,region_crc,segformer_b2_cityscapes_mcdrop8,acdc_rain_targetcal25,5,
1.0,1000,True,0.0,0.0,1.0,0.8357894736842105,78,153.0,0.0,False,0.0,0.0,0.0,,,45,bicycle,0.05,0.5,heuristic,segformer_b2_cityscapes_mcdrop8,acdc_rain_targetcal25,5,
,-1,True,,0.7723748473748474,0.0011095505906268954,,475,,,False,,,,,,45,bicycle,0.05,0.5,argmax,segformer_b2_cityscapes_mcdrop8,acdc_rain_targetcal25,5,0.7516339869281046
1.0,1000,False,0.0,0.0,1.0,0.8357894736842105,78,153.0,0.0,False,0.0,0.0,0.0,,,45,bicycle,0.1,0.5,region_crc,segformer_b2_cityscapes_mcdrop8,acdc_rain_targetcal25,5,
1.0,1000,True,0.0,0.0,1.0,0.8357894736842105,78,153.0,0.0,False,0.0,0.0,0.0,,,45,bicycle,0.1,0.5,heuristic,segformer_b2_cityscapes_mcdrop8,acdc_rain_targetcal25,5,
,-1,True,,0.7723748473748474,0.0011095505906268954,,475,,,False,,,,,,45,bicycle,0.1,0.5,argmax,segformer_b2_cityscapes_mcdrop8,acdc_rain_targetcal25,5,0.7516339869281046
1.0,1000,True,0.0,0.0,1.0,0.8357894736842105,78,153.0,0.0,False,0.0,0.0,0.0,,,45,bicycle,0.2,0.5,region_crc,segformer_b2_cityscapes_mcdrop8,acdc_rain_targetcal25,5,
1.0,1000,True,0.0,0.0,1.0,0.8357894736842105,78,153.0,0.0,False,0.0,0.0,0.0,,,45,bicycle,0.2,0.5,heuristic,segformer_b2_cityscapes_mcdrop8,acdc_rain_targetcal25,5,
,-1,True,,0.7723748473748474,0.0011095505906268954,,475,,,False,,,,,,45,bicycle,0.2,0.5,argmax,segformer_b2_cityscapes_mcdrop8,acdc_rain_targetcal25,5,0.7516339869281046
1.0,1000,False,0.0,0.0,1.0,0.6505263157894737,166,326.0,0.0,False,0.0,0.0,0.0,,,46,person,0.05,0.1,region_crc,segformer_b2_cityscapes_mcdrop8,acdc_rain_targetcal25,4,
0.997,997,True,0.054718875502008026,0.054718875502008026,0.03935711458325386,0.6505263157894737,166,326.0,0.248421052631579,False,0.05405405405405406,0.025423728813559324,0.0,,,46,person,0.05,0.1,heuristic,segformer_b2_cityscapes_mcdrop8,acdc_rain_targetcal25,4,
,-1,True,,0.6428600850287597,0.001853375812061131,,475,,,False,,,,,,46,person,0.05,0.1,argmax,segformer_b2_cityscapes_mcdrop8,acdc_rain_targetcal25,4,0.5920245398773006
1.0,1000,False,0.0,0.0,1.0,0.6505263157894737,166,326.0,0.0,False,0.0,0.0,0.0,,,46,person,0.1,0.1,region_crc,segformer_b2_cityscapes_mcdrop8,acdc_rain_targetcal25,4,
0.997,997,True,0.054718875502008026,0.054718875502008026,0.03935711458325386,0.6505263157894737,166,326.0,0.248421052631579,False,0.05405405405405406,0.025423728813559324,0.0,,,46,person,0.1,0.1,heuristic,segformer_b2_cityscapes_mcdrop8,acdc_rain_targetcal25,4,
,-1,True,,0.6428600850287597,0.001853375812061131,,475,,,False,,,,,,46,person,0.1,0.1,argmax,segformer_b2_cityscapes_mcdrop8,acdc_rain_targetcal25,4,0.5920245398773006
0.997,997,True,0.054718875502008026,0.054718875502008026,0.03935711458325386,0.6505263157894737,166,326.0,0.248421052631579,False,0.05405405405405406,0.025423728813559324,0.0,,,46,person,0.2,0.1,region_crc,segformer_b2_cityscapes_mcdrop8,acdc_rain_targetcal25,4,
0.982,982,True,0.17998661311914324,0.17998661311914324,0.016625886783003807,16.03578947368421,166,326.0,0.23368421052631583,False,0.22162162162162163,0.0847457627118644,0.0,,,46,person,0.2,0.1,heuristic,segformer_b2_cityscapes_mcdrop8,acdc_rain_targetcal25,4,
,-1,True,,0.6428600850287597,0.001853375812061131,,475,,,False,,,,,,46,person,0.2,0.1,argmax,segformer_b2_cityscapes_mcdrop8,acdc_rain_targetcal25,4,0.5920245398773006
1.0,1000,False,0.0,0.0,1.0,0.6505263157894737,166,326.0,0.0,False,0.0,0.0,0.0,,,46,person,0.05,0.5,region_crc,segformer_b2_cityscapes_mcdrop8,acdc_rain_targetcal25,4,
0.999,999,True,0.05271084337349398,0.05271084337349398,0.0615081787109375,0.6505263157894737,166,326.0,0.27999999999999997,False,0.043243243243243246,0.0423728813559322,0.0,,,46,person,0.05,0.5,heuristic,segformer_b2_cityscapes_mcdrop8,acdc_rain_targetcal25,4,
,-1,True,,0.765115774453124,0.001853375812061131,,475,,,False,,,,,,46,person,0.05,0.5,argmax,segformer_b2_cityscapes_mcdrop8,acdc_rain_targetcal25,4,0.6993865030674846
1.0,1000,False,0.0,0.0,1.0,0.6505263157894737,166,326.0,0.0,False,0.0,0.0,0.0,,,46,person,0.1,0.5,region_crc,segformer_b2_cityscapes_mcdrop8,acdc_rain_targetcal25,4,
0.999,999,True,0.05271084337349398,0.05271084337349398,0.0615081787109375,0.6505263157894737,166,326.0,0.27999999999999997,False,0.043243243243243246,0.0423728813559322,0.0,,,46,person,0.1,0.5,heuristic,segformer_b2_cityscapes_mcdrop8,acdc_rain_targetcal25,4,
,-1,True,,0.765115774453124,0.001853375812061131,,475,,,False,,,,,,46,person,0.1,0.5,argmax,segformer_b2_cityscapes_mcdrop8,acdc_rain_targetcal25,4,0.6993865030674846
0.999,999,True,0.05271084337349398,0.05271084337349398,0.0615081787109375,0.6505263157894737,166,326.0,0.27999999999999997,False,0.043243243243243246,0.0423728813559322,0.0,,,46,person,0.2,0.5,region_crc,segformer_b2_cityscapes_mcdrop8,acdc_rain_targetcal25,4,
0.992,992,True,0.19450623004839873,0.19450623004839873,0.025128422304987907,0.6505263157894737,166,326.0,0.2694736842105264,False,0.21621621621621623,0.11864406779661017,0.0,,,46,person,0.2,0.5,heuristic,segformer_b2_cityscapes_mcdrop8,acdc_rain_targetcal25,4,
,-1,True,,0.765115774453124,0.001853375812061131,,475,,,False,,,,,,46,person,0.2,0.5,argmax,segformer_b2_cityscapes_mcdrop8,acdc_rain_targetcal25,4,0.6993865030674846
1.0,1000,False,0.0,0.0,1.0,0.9452631578947368,26,36.0,0.0,False,0.0,0.0,0.0,,,46,rider,0.05,0.1,region_crc,segformer_b2_cityscapes_mcdrop8,acdc_rain_targetcal25,2,
1.0,1000,True,0.0,0.0,1.0,0.9452631578947368,26,36.0,0.0,False,0.0,0.0,0.0,,,46,rider,0.05,0.1,heuristic,segformer_b2_cityscapes_mcdrop8,acdc_rain_targetcal25,2,
,-1,True,,0.7884615384615384,0.00025020813336595893,,475,,,False,,,,,,46,rider,0.05,0.1,argmax,segformer_b2_cityscapes_mcdrop8,acdc_rain_targetcal25,2,0.8055555555555556
1.0,1000,False,0.0,0.0,1.0,0.9452631578947368,26,36.0,0.0,False,0.0,0.0,0.0,,,46,rider,0.1,0.1,region_crc,segformer_b2_cityscapes_mcdrop8,acdc_rain_targetcal25,2,
1.0,1000,True,0.0,0.0,1.0,0.9452631578947368,26,36.0,0.0,False,0.0,0.0,0.0,,,46,rider,0.1,0.1,heuristic,segformer_b2_cityscapes_mcdrop8,acdc_rain_targetcal25,2,
,-1,True,,0.7884615384615384,0.00025020813336595893,,475,,,False,,,,,,46,rider,0.1,0.1,argmax,segformer_b2_cityscapes_mcdrop8,acdc_rain_targetcal25,2,0.8055555555555556
1.0,1000,False,0.0,0.0,1.0,0.9452631578947368,26,36.0,0.0,False,0.0,0.0,0.0,,,46,rider,0.2,0.1,region_crc,segformer_b2_cityscapes_mcdrop8,acdc_rain_targetcal25,2,
1.0,1000,True,0.0,0.0,1.0,0.9452631578947368,26,36.0,0.0,False,0.0,0.0,0.0,,,46,rider,0.2,0.1,heuristic,segformer_b2_cityscapes_mcdrop8,acdc_rain_targetcal25,2,
,-1,True,,0.7884615384615384,0.00025020813336595893,,475,,,False,,,,,,46,rider,0.2,0.1,argmax,segformer_b2_cityscapes_mcdrop8,acdc_rain_targetcal25,2,0.8055555555555556
1.0,1000,False,0.0,0.0,1.0,0.9452631578947368,26,36.0,0.0,False,0.0,0.0,0.0,,,46,rider,0.05,0.5,region_crc,segformer_b2_cityscapes_mcdrop8,acdc_rain_targetcal25,2,
1.0,1000,True,0.0,0.0,1.0,0.9452631578947368,26,36.0,0.0,False,0.0,0.0,0.0,,,46,rider,0.05,0.5,heuristic,segformer_b2_cityscapes_mcdrop8,acdc_rain_targetcal25,2,
,-1,True,,0.8461538461538461,0.00025020813336595893,,475,,,False,,,,,,46,rider,0.05,0.5,argmax,segformer_b2_cityscapes_mcdrop8,acdc_rain_targetcal25,2,0.8611111111111112
1.0,1000,False,0.0,0.0,1.0,0.9452631578947368,26,36.0,0.0,False,0.0,0.0,0.0,,,46,rider,0.1,0.5,region_crc,segformer_b2_cityscapes_mcdrop8,acdc_rain_targetcal25,2,
1.0,1000,True,0.0,0.0,1.0,0.9452631578947368,26,36.0,0.0,False,0.0,0.0,0.0,,,46,rider,0.1,0.5,heuristic,segformer_b2_cityscapes_mcdrop8,acdc_rain_targetcal25,2,
,-1,True,,0.8461538461538461,0.00025020813336595893,,475,,,False,,,,,,46,rider,0.1,0.5,argmax,segformer_b2_cityscapes_mcdrop8,acdc_rain_targetcal25,2,0.8611111111111112
1.0,1000,False,0.0,0.0,1.0,0.9452631578947368,26,36.0,0.0,False,0.0,0.0,0.0,,,46,rider,0.2,0.5,region_crc,segformer_b2_cityscapes_mcdrop8,acdc_rain_targetcal25,2,
1.0,1000,True,0.0,0.0,1.0,0.9452631578947368,26,36.0,0.0,False,0.0,0.0,0.0,,,46,rider,0.2,0.5,heuristic,segformer_b2_cityscapes_mcdrop8,acdc_rain_targetcal25,2,
,-1,True,,0.8461538461538461,0.00025020813336595893,,475,,,False,,,,,,46,rider,0.2,0.5,argmax,segformer_b2_cityscapes_mcdrop8,acdc_rain_targetcal25,2,0.8611111111111112
1.0,1000,False,0.0,0.0,1.0,0.8315789473684211,80,156.0,0.0,False,0.0,0.0,0.0,,,46,bicycle,0.05,0.1,region_crc,segformer_b2_cityscapes_mcdrop8,acdc_rain_targetcal25,3,
1.0,1000,True,0.0,0.0,1.0,0.8315789473684211,80,156.0,0.0,False,0.0,0.0,0.0,,,46,bicycle,0.05,0.1,heuristic,segformer_b2_cityscapes_mcdrop8,acdc_rain_targetcal25,3,
,-1,True,,0.7401488095238096,0.0009464912000112236,,475,,,False,,,,,,46,bicycle,0.05,0.1,argmax,segformer_b2_cityscapes_mcdrop8,acdc_rain_targetcal25,3,0.7243589743589743
1.0,1000,False,0.0,0.0,1.0,0.8315789473684211,80,156.0,0.0,False,0.0,0.0,0.0,,,46,bicycle,0.1,0.1,region_crc,segformer_b2_cityscapes_mcdrop8,acdc_rain_targetcal25,3,
1.0,1000,True,0.0,0.0,1.0,0.8315789473684211,80,156.0,0.0,False,0.0,0.0,0.0,,,46,bicycle,0.1,0.1,heuristic,segformer_b2_cityscapes_mcdrop8,acdc_rain_targetcal25,3,
,-1,True,,0.7401488095238096,0.0009464912000112236,,475,,,False,,,,,,46,bicycle,0.1,0.1,argmax,segformer_b2_cityscapes_mcdrop8,acdc_rain_targetcal25,3,0.7243589743589743
1.0,1000,False,0.0,0.0,1.0,0.8315789473684211,80,156.0,0.0,False,0.0,0.0,0.0,,,46,bicycle,0.2,0.1,region_crc,segformer_b2_cityscapes_mcdrop8,acdc_rain_targetcal25,3,
1.0,1000,True,0.0,0.0,1.0,0.8315789473684211,80,156.0,0.0,False,0.0,0.0,0.0,,,46,bicycle,0.2,0.1,heuristic,segformer_b2_cityscapes_mcdrop8,acdc_rain_targetcal25,3,
,-1,True,,0.7401488095238096,0.0009464912000112236,,475,,,False,,,,,,46,bicycle,0.2,0.1,argmax,segformer_b2_cityscapes_mcdrop8,acdc_rain_targetcal25,3,0.7243589743589743
1.0,1000,False,0.0,0.0,1.0,0.8315789473684211,80,156.0,0.0,False,0.0,0.0,0.0,,,46,bicycle,0.05,0.5,region_crc,segformer_b2_cityscapes_mcdrop8,acdc_rain_targetcal25,3,
1.0,1000,True,0.0,0.0,1.0,0.8315789473684211,80,156.0,0.0,False,0.0,0.0,0.0,,,46,bicycle,0.05,0.5,heuristic,segformer_b2_cityscapes_mcdrop8,acdc_rain_targetcal25,3,
,-1,True,,0.7655654761904762,0.0009464912000112236,,475,,,False,,,,,,46,bicycle,0.05,0.5,argmax,segformer_b2_cityscapes_mcdrop8,acdc_rain_targetcal25,3,0.75
1.0,1000,False,0.0,0.0,1.0,0.8315789473684211,80,156.0,0.0,False,0.0,0.0,0.0,,,46,bicycle,0.1,0.5,region_crc,segformer_b2_cityscapes_mcdrop8,acdc_rain_targetcal25,3,
1.0,1000,True,0.0,0.0,1.0,0.8315789473684211,80,156.0,0.0,False,0.0,0.0,0.0,,,46,bicycle,0.1,0.5,heuristic,segformer_b2_cityscapes_mcdrop8,acdc_rain_targetcal25,3,
,-1,True,,0.7655654761904762,0.0009464912000112236,,475,,,False,,,,,,46,bicycle,0.1,0.5,argmax,segformer_b2_cityscapes_mcdrop8,acdc_rain_targetcal25,3,0.75
1.0,1000,False,0.0,0.0,1.0,0.8315789473684211,80,156.0,0.0,False,0.0,0.0,0.0,,,46,bicycle,0.2,0.5,region_crc,segformer_b2_cityscapes_mcdrop8,acdc_rain_targetcal25,3,
1.0,1000,True,0.0,0.0,1.0,0.8315789473684211,80,156.0,0.0,False,0.0,0.0,0.0,,,46,bicycle,0.2,0.5,heuristic,segformer_b2_cityscapes_mcdrop8,acdc_rain_targetcal25,3,
,-1,True,,0.7655654761904762,0.0009464912000112236,,475,,,False,,,,,,46,bicycle,0.2,0.5,argmax,segformer_b2_cityscapes_mcdrop8,acdc_rain_targetcal25,3,0.75
1.0,1000,False,0.0,0.0,1.0,0.6589473684210526,162,312.0,0.0,False,0.0,0.0,0.0,,,47,person,0.05,0.1,region_crc,segformer_b2_cityscapes_mcdrop8,acdc_rain_targetcal25,8,
0.9500000000000001,950,True,0.32694418064788433,0.32694418064788433,0.00877445563673973,10.623157894736842,162,312.0,0.2610526315789473,False,0.4044943820224719,0.168141592920354,0.0,,,47,person,0.05,0.1,heuristic,segformer_b2_cityscapes_mcdrop8,acdc_rain_targetcal25,8,
,-1,True,,0.6369077767225916,0.0016796195413917303,,475,,,False,,,,,,47,person,0.05,0.1,argmax,segformer_b2_cityscapes_mcdrop8,acdc_rain_targetcal25,8,0.6025641025641025
1.0,1000,False,0.0,0.0,1.0,0.6589473684210526,162,312.0,0.0,False,0.0,0.0,0.0,,,47,person,0.1,0.1,region_crc,segformer_b2_cityscapes_mcdrop8,acdc_rain_targetcal25,8,
0.9500000000000001,950,True,0.32694418064788433,0.32694418064788433,0.00877445563673973,10.623157894736842,162,312.0,0.2610526315789473,False,0.4044943820224719,0.168141592920354,0.0,,,47,person,0.1,0.1,heuristic,segformer_b2_cityscapes_mcdrop8,acdc_rain_targetcal25,8,
,-1,True,,0.6369077767225916,0.0016796195413917303,,475,,,False,,,,,,47,person,0.1,0.1,argmax,segformer_b2_cityscapes_mcdrop8,acdc_rain_targetcal25,8,0.6025641025641025
0.9500000000000001,950,True,0.32694418064788433,0.32694418064788433,0.00877445563673973,10.623157894736842,162,312.0,0.2610526315789473,False,0.4044943820224719,0.168141592920354,0.0,,,47,person,0.2,0.1,region_crc,segformer_b2_cityscapes_mcdrop8,acdc_rain_targetcal25,8,
0.926,926,True,0.41984541521578556,0.41984541521578567,0.006716771051287651,7.9115789473684215,162,312.0,0.2505263157894737,False,0.5112359550561798,0.21238938053097345,0.047619047619047616,,,47,person,0.2,0.1,heuristic,segformer_b2_cityscapes_mcdrop8,acdc_rain_targetcal25,8,
,-1,True,,0.6369077767225916,0.0016796195413917303,,475,,,False,,,,,,47,person,0.2,0.1,argmax,segformer_b2_cityscapes_mcdrop8,acdc_rain_targetcal25,8,0.6025641025641025
1.0,1000,False,0.0,0.0,1.0,0.6589473684210526,162,312.0,0.0,False,0.0,0.0,0.0,,,47,person,0.05,0.5,region_crc,segformer_b2_cityscapes_mcdrop8,acdc_rain_targetcal25,8,
0.981,981,True,0.32107998311702013,0.32107998311702013,0.01562884822487831,15.854736842105263,162,312.0,0.25473684210526315,False,0.3707865168539326,0.17699115044247787,0.047619047619047616,,,47,person,0.05,0.5,heuristic,segformer_b2_cityscapes_mcdrop8,acdc_rain_targetcal25,8,
,-1,True,,0.76403397699694,0.0016796195413917303,,475,,,False,,,,,,47,person,0.05,0.5,argmax,segformer_b2_cityscapes_mcdrop8,acdc_rain_targetcal25,8,0.7147435897435898
1.0,1000,False,0.0,0.0,1.0,0.6589473684210526,162,312.0,0.0,False,0.0,0.0,0.0,,,47,person,0.1,0.5,region_crc,segformer_b2_cityscapes_mcdrop8,acdc_rain_targetcal25,8,
0.981,981,True,0.32107998311702013,0.32107998311702013,0.01562884822487831,15.854736842105263,162,312.0,0.25473684210526315,False,0.3707865168539326,0.17699115044247787,0.047619047619047616,,,47,person,0.1,0.5,heuristic,segformer_b2_cityscapes_mcdrop8,acdc_rain_targetcal25,8,
,-1,True,,0.76403397699694,0.0016796195413917303,,475,,,False,,,,,,47,person,0.1,0.5,argmax,segformer_b2_cityscapes_mcdrop8,acdc_rain_targetcal25,8,0.7147435897435898
0.981,981,True,0.32107998311702013,0.32107998311702013,0.01562884822487831,15.854736842105263,162,312.0,0.25473684210526315,False,0.3707865168539326,0.17699115044247787,0.047619047619047616,,,47,person,0.2,0.5,region_crc,segformer_b2_cityscapes_mcdrop8,acdc_rain_targetcal25,8,
0.961,961,True,0.44083306953677315,0.44083306953677326,0.010276495479047298,10.623157894736842,162,312.0,0.2568421052631579,False,0.5112359550561798,0.24778761061946902,0.09523809523809523,,,47,person,0.2,0.5,heuristic,segformer_b2_cityscapes_mcdrop8,acdc_rain_targetcal25,8,
,-1,True,,0.76403397699694,0.0016796195413917303,,475,,,False,,,,,,47,person,0.2,0.5,argmax,segformer_b2_cityscapes_mcdrop8,acdc_rain_targetcal25,8,0.7147435897435898
,-1,False,,,,,475,,,False,,,,,,47,rider,0.05,0.1,region_crc,segformer_b2_cityscapes_mcdrop8,acdc_rain_targetcal25,0,
,-1,False,,,,,475,,,False,,,,,,47,rider,0.05,0.1,heuristic,segformer_b2_cityscapes_mcdrop8,acdc_rain_targetcal25,0,
,-1,True,,0.8035714285714286,0.00023303483612835407,,475,,,False,,,,,,47,rider,0.05,0.1,argmax,segformer_b2_cityscapes_mcdrop8,acdc_rain_targetcal25,0,0.8157894736842105
,-1,False,,,,,475,,,False,,,,,,47,rider,0.1,0.1,region_crc,segformer_b2_cityscapes_mcdrop8,acdc_rain_targetcal25,0,
,-1,False,,,,,475,,,False,,,,,,47,rider,0.1,0.1,heuristic,segformer_b2_cityscapes_mcdrop8,acdc_rain_targetcal25,0,
,-1,True,,0.8035714285714286,0.00023303483612835407,,475,,,False,,,,,,47,rider,0.1,0.1,argmax,segformer_b2_cityscapes_mcdrop8,acdc_rain_targetcal25,0,0.8157894736842105
,-1,False,,,,,475,,,False,,,,,,47,rider,0.2,0.1,region_crc,segformer_b2_cityscapes_mcdrop8,acdc_rain_targetcal25,0,
,-1,False,,,,,475,,,False,,,,,,47,rider,0.2,0.1,heuristic,segformer_b2_cityscapes_mcdrop8,acdc_rain_targetcal25,0,
,-1,True,,0.8035714285714286,0.00023303483612835407,,475,,,False,,,,,,47,rider,0.2,0.1,argmax,segformer_b2_cityscapes_mcdrop8,acdc_rain_targetcal25,0,0.8157894736842105
,-1,False,,,,,475,,,False,,,,,,47,rider,0.05,0.5,region_crc,segformer_b2_cityscapes_mcdrop8,acdc_rain_targetcal25,0,
,-1,False,,,,,475,,,False,,,,,,47,rider,0.05,0.5,heuristic,segformer_b2_cityscapes_mcdrop8,acdc_rain_targetcal25,0,
,-1,True,,0.8571428571428571,0.00023303483612835407,,475,,,False,,,,,,47,rider,0.05,0.5,argmax,segformer_b2_cityscapes_mcdrop8,acdc_rain_targetcal25,0,0.868421052631579
,-1,False,,,,,475,,,False,,,,,,47,rider,0.1,0.5,region_crc,segformer_b2_cityscapes_mcdrop8,acdc_rain_targetcal25,0,
,-1,False,,,,,475,,,False,,,,,,47,rider,0.1,0.5,heuristic,segformer_b2_cityscapes_mcdrop8,acdc_rain_targetcal25,0,
,-1,True,,0.8571428571428571,0.00023303483612835407,,475,,,False,,,,,,47,rider,0.1,0.5,argmax,segformer_b2_cityscapes_mcdrop8,acdc_rain_targetcal25,0,0.868421052631579
,-1,False,,,,,475,,,False,,,,,,47,rider,0.2,0.5,region_crc,segformer_b2_cityscapes_mcdrop8,acdc_rain_targetcal25,0,
,-1,False,,,,,475,,,False,,,,,,47,rider,0.2,0.5,heuristic,segformer_b2_cityscapes_mcdrop8,acdc_rain_targetcal25,0,
,-1,True,,0.8571428571428571,0.00023303483612835407,,475,,,False,,,,,,47,rider,0.2,0.5,argmax,segformer_b2_cityscapes_mcdrop8,acdc_rain_targetcal25,0,0.868421052631579
1.0,1000,False,0.0,0.0,1.0,0.8378947368421052,77,153.0,0.0,False,0.0,0.0,0.0,,,47,bicycle,0.05,0.1,region_crc,segformer_b2_cityscapes_mcdrop8,acdc_rain_targetcal25,6,
1.0,1000,True,0.0,0.0,1.0,0.8378947368421052,77,153.0,0.0,False,0.0,0.0,0.0,,,47,bicycle,0.05,0.1,heuristic,segformer_b2_cityscapes_mcdrop8,acdc_rain_targetcal25,6,
,-1,True,,0.7430117501546073,0.0010333454702049494,,475,,,False,,,,,,47,bicycle,0.05,0.1,argmax,segformer_b2_cityscapes_mcdrop8,acdc_rain_targetcal25,6,0.7254901960784313
1.0,1000,False,0.0,0.0,1.0,0.8378947368421052,77,153.0,0.0,False,0.0,0.0,0.0,,,47,bicycle,0.1,0.1,region_crc,segformer_b2_cityscapes_mcdrop8,acdc_rain_targetcal25,6,
1.0,1000,True,0.0,0.0,1.0,0.8378947368421052,77,153.0,0.0,False,0.0,0.0,0.0,,,47,bicycle,0.1,0.1,heuristic,segformer_b2_cityscapes_mcdrop8,acdc_rain_targetcal25,6,
,-1,True,,0.7430117501546073,0.0010333454702049494,,475,,,False,,,,,,47,bicycle,0.1,0.1,argmax,segformer_b2_cityscapes_mcdrop8,acdc_rain_targetcal25,6,0.7254901960784313
1.0,1000,True,0.0,0.0,1.0,0.8378947368421052,77,153.0,0.0,False,0.0,0.0,0.0,,,47,bicycle,0.2,0.1,region_crc,segformer_b2_cityscapes_mcdrop8,acdc_rain_targetcal25,6,
0.999,999,True,0.1507730364873222,0.1507730364873222,0.027923038229346275,0.8378947368421052,77,153.0,0.2210526315789474,False,0.24096385542168675,0.05357142857142857,0.0,,,47,bicycle,0.2,0.1,heuristic,segformer_b2_cityscapes_mcdrop8,acdc_rain_targetcal25,6,
,-1,True,,0.7430117501546073,0.0010333454702049494,,475,,,False,,,,,,47,bicycle,0.2,0.1,argmax,segformer_b2_cityscapes_mcdrop8,acdc_rain_targetcal25,6,0.7254901960784313
1.0,1000,False,0.0,0.0,1.0,0.8378947368421052,77,153.0,0.0,False,0.0,0.0,0.0,,,47,bicycle,0.05,0.5,region_crc,segformer_b2_cityscapes_mcdrop8,acdc_rain_targetcal25,6,
1.0,1000,True,0.0,0.0,1.0,0.8378947368421052,77,153.0,0.0,False,0.0,0.0,0.0,,,47,bicycle,0.05,0.5,heuristic,segformer_b2_cityscapes_mcdrop8,acdc_rain_targetcal25,6,
,-1,True,,0.7694186765615337,0.0010333454702049494,,475,,,False,,,,,,47,bicycle,0.05,0.5,argmax,segformer_b2_cityscapes_mcdrop8,acdc_rain_targetcal25,6,0.7516339869281046
1.0,1000,False,0.0,0.0,1.0,0.8378947368421052,77,153.0,0.0,False,0.0,0.0,0.0,,,47,bicycle,0.1,0.5,region_crc,segformer_b2_cityscapes_mcdrop8,acdc_rain_targetcal25,6,
1.0,1000,True,0.0,0.0,1.0,0.8378947368421052,77,153.0,0.0,False,0.0,0.0,0.0,,,47,bicycle,0.1,0.5,heuristic,segformer_b2_cityscapes_mcdrop8,acdc_rain_targetcal25,6,
,-1,True,,0.7694186765615337,0.0010333454702049494,,475,,,False,,,,,,47,bicycle,0.1,0.5,argmax,segformer_b2_cityscapes_mcdrop8,acdc_rain_targetcal25,6,0.7516339869281046
1.0,1000,True,0.0,0.0,1.0,0.8378947368421052,77,153.0,0.0,False,0.0,0.0,0.0,,,47,bicycle,0.2,0.5,region_crc,segformer_b2_cityscapes_mcdrop8,acdc_rain_targetcal25,6,
1.0,1000,True,0.0,0.0,1.0,0.8378947368421052,77,153.0,0.0,False,0.0,0.0,0.0,,,47,bicycle,0.2,0.5,heuristic,segformer_b2_cityscapes_mcdrop8,acdc_rain_targetcal25,6,
,-1,True,,0.7694186765615337,0.0010333454702049494,,475,,,False,,,,,,47,bicycle,0.2,0.5,argmax,segformer_b2_cityscapes_mcdrop8,acdc_rain_targetcal25,6,0.7516339869281046
1.0,1000,False,0.0,0.0,1.0,0.6547368421052632,164,323.0,0.0,False,0.0,0.0,0.0,,,48,person,0.05,0.1,region_crc,segformer_b2_cityscapes_mcdrop8,acdc_rain_targetcal25,6,
0.997,997,True,0.055386178861788614,0.055386178861788614,0.03868337348103523,0.6547368421052632,164,323.0,0.08842105263157896,False,0.0546448087431694,0.02564102564102564,0.0,,,48,person,0.05,0.1,heuristic,segformer_b2_cityscapes_mcdrop8,acdc_rain_targetcal25,6,
,-1,True,,0.6476510616754519,0.0018200535560026765,,475,,,False,,,,,,48,person,0.05,0.1,argmax,segformer_b2_cityscapes_mcdrop8,acdc_rain_targetcal25,6,0.5975232198142415
1.0,1000,False,0.0,0.0,1.0,0.6547368421052632,164,323.0,0.0,False,0.0,0.0,0.0,,,48,person,0.1,0.1,region_crc,segformer_b2_cityscapes_mcdrop8,acdc_rain_targetcal25,6,
0.997,997,True,0.055386178861788614,0.055386178861788614,0.03868337348103523,0.6547368421052632,164,323.0,0.08842105263157896,False,0.0546448087431694,0.02564102564102564,0.0,,,48,person,0.1,0.1,heuristic,segformer_b2_cityscapes_mcdrop8,acdc_rain_targetcal25,6,
,-1,True,,0.6476510616754519,0.0018200535560026765,,475,,,False,,,,,,48,person,0.1,0.1,argmax,segformer_b2_cityscapes_mcdrop8,acdc_rain_targetcal25,6,0.5975232198142415
0.997,997,True,0.055386178861788614,0.055386178861788614,0.03868337348103523,0.6547368421052632,164,323.0,0.08842105263157896,False,0.0546448087431694,0.02564102564102564,0.0,,,48,person,0.2,0.1,region_crc,segformer_b2_cityscapes_mcdrop8,acdc_rain_targetcal25,6,
0.872,872,True,0.4982418326930522,0.49824183269305217,0.004627540707588196,5.456842105263158,164,323.0,0.10526315789473695,False,0.6174863387978142,0.2222222222222222,0.08695652173913043,,,48,person,0.2,0.1,heuristic,segformer_b2_cityscapes_mcdrop8,acdc_rain_targetcal25,6,
,-1,True,,0.6476510616754519,0.0018200535560026765,,475,,,False,,,,,,48,person,0.2,0.1,argmax,segformer_b2_cityscapes_mcdrop8,acdc_rain_targetcal25,6,0.5975232198142415
1.0,1000,False,0.0,0.0,1.0,0.6547368421052632,164,323.0,0.0,False,0.0,0.0,0.0,,,48,person,0.05,0.5,region_crc,segformer_b2_cityscapes_mcdrop8,acdc_rain_targetcal25,6,
0.999,999,True,0.053353658536585365,0.053353658536585365,0.06056582182645798,0.6547368421052632,164,323.0,0.111578947368421,False,0.04371584699453552,0.042735042735042736,0.0,,,48,person,0.05,0.5,heuristic,segformer_b2_cityscapes_mcdrop8,acdc_rain_targetcal25,6,
,-1,True,,0.7683488936537718,0.0018200535560026765,,475,,,False,,,,,,48,person,0.05,0.5,argmax,segformer_b2_cityscapes_mcdrop8,acdc_rain_targetcal25,6,0.7058823529411765
1.0,1000,False,0.0,0.0,1.0,0.6547368421052632,164,323.0,0.0,False,0.0,0.0,0.0,,,48,person,0.1,0.5,region_crc,segformer_b2_cityscapes_mcdrop8,acdc_rain_targetcal25,6,
0.999,999,True,0.053353658536585365,0.053353658536585365,0.06056582182645798,0.6547368421052632,164,323.0,0.111578947368421,False,0.04371584699453552,0.042735042735042736,0.0,,,48,person,0.1,0.5,heuristic,segformer_b2_cityscapes_mcdrop8,acdc_rain_targetcal25,6,
,-1,True,,0.7683488936537718,0.0018200535560026765,,475,,,False,,,,,,48,person,0.1,0.5,argmax,segformer_b2_cityscapes_mcdrop8,acdc_rain_targetcal25,6,0.7058823529411765
0.999,999,True,0.053353658536585365,0.053353658536585365,0.06056582182645798,0.6547368421052632,164,323.0,0.111578947368421,False,0.04371584699453552,0.042735042735042736,0.0,,,48,person,0.2,0.5,region_crc,segformer_b2_cityscapes_mcdrop8,acdc_rain_targetcal25,6,
0.9460000000000001,946,True,0.48043382768992526,0.48043382768992526,0.008632459677755833,10.648421052631578,164,323.0,0.12421052631578955,False,0.5683060109289617,0.2564102564102564,0.08695652173913043,,,48,person,0.2,0.5,heuristic,segformer_b2_cityscapes_mcdrop8,acdc_rain_targetcal25,6,
,-1,True,,0.7683488936537718,0.0018200535560026765,,475,,,False,,,,,,48,person,0.2,0.5,argmax,segformer_b2_cityscapes_mcdrop8,acdc_rain_targetcal25,6,0.7058823529411765
1.0,1000,False,0.0,0.0,1.0,0.9452631578947368,26,36.0,0.0,False,0.0,0.0,0.0,,,48,rider,0.05,0.1,region_crc,segformer_b2_cityscapes_mcdrop8,acdc_rain_targetcal25,2,
1.0,1000,True,0.0,0.0,1.0,0.9452631578947368,26,36.0,0.0,False,0.0,0.0,0.0,,,48,rider,0.05,0.1,heuristic,segformer_b2_cityscapes_mcdrop8,acdc_rain_targetcal25,2,
,-1,True,,0.7884615384615384,0.00024313679023180157,,475,,,False,,,,,,48,rider,0.05,0.1,argmax,segformer_b2_cityscapes_mcdrop8,acdc_rain_targetcal25,2,0.8055555555555556
1.0,1000,False,0.0,0.0,1.0,0.9452631578947368,26,36.0,0.0,False,0.0,0.0,0.0,,,48,rider,0.1,0.1,region_crc,segformer_b2_cityscapes_mcdrop8,acdc_rain_targetcal25,2,
1.0,1000,True,0.0,0.0,1.0,0.9452631578947368,26,36.0,0.0,False,0.0,0.0,0.0,,,48,rider,0.1,0.1,heuristic,segformer_b2_cityscapes_mcdrop8,acdc_rain_targetcal25,2,
,-1,True,,0.7884615384615384,0.00024313679023180157,,475,,,False,,,,,,48,rider,0.1,0.1,argmax,segformer_b2_cityscapes_mcdrop8,acdc_rain_targetcal25,2,0.8055555555555556
1.0,1000,False,0.0,0.0,1.0,0.9452631578947368,26,36.0,0.0,False,0.0,0.0,0.0,,,48,rider,0.2,0.1,region_crc,segformer_b2_cityscapes_mcdrop8,acdc_rain_targetcal25,2,
1.0,1000,True,0.0,0.0,1.0,0.9452631578947368,26,36.0,0.0,False,0.0,0.0,0.0,,,48,rider,0.2,0.1,heuristic,segformer_b2_cityscapes_mcdrop8,acdc_rain_targetcal25,2,
,-1,True,,0.7884615384615384,0.00024313679023180157,,475,,,False,,,,,,48,rider,0.2,0.1,argmax,segformer_b2_cityscapes_mcdrop8,acdc_rain_targetcal25,2,0.8055555555555556
1.0,1000,False,0.0,0.0,1.0,0.9452631578947368,26,36.0,0.0,False,0.0,0.0,0.0,,,48,rider,0.05,0.5,region_crc,segformer_b2_cityscapes_mcdrop8,acdc_rain_targetcal25,2,
1.0,1000,True,0.0,0.0,1.0,0.9452631578947368,26,36.0,0.0,False,0.0,0.0,0.0,,,48,rider,0.05,0.5,heuristic,segformer_b2_cityscapes_mcdrop8,acdc_rain_targetcal25,2,
,-1,True,,0.8461538461538461,0.00024313679023180157,,475,,,False,,,,,,48,rider,0.05,0.5,argmax,segformer_b2_cityscapes_mcdrop8,acdc_rain_targetcal25,2,0.8611111111111112
1.0,1000,False,0.0,0.0,1.0,0.9452631578947368,26,36.0,0.0,False,0.0,0.0,0.0,,,48,rider,0.1,0.5,region_crc,segformer_b2_cityscapes_mcdrop8,acdc_rain_targetcal25,2,
1.0,1000,True,0.0,0.0,1.0,0.9452631578947368,26,36.0,0.0,False,0.0,0.0,0.0,,,48,rider,0.1,0.5,heuristic,segformer_b2_cityscapes_mcdrop8,acdc_rain_targetcal25,2,
,-1,True,,0.8461538461538461,0.00024313679023180157,,475,,,False,,,,,,48,rider,0.1,0.5,argmax,segformer_b2_cityscapes_mcdrop8,acdc_rain_targetcal25,2,0.8611111111111112
1.0,1000,False,0.0,0.0,1.0,0.9452631578947368,26,36.0,0.0,False,0.0,0.0,0.0,,,48,rider,0.2,0.5,region_crc,segformer_b2_cityscapes_mcdrop8,acdc_rain_targetcal25,2,
1.0,1000,True,0.0,0.0,1.0,0.9452631578947368,26,36.0,0.0,False,0.0,0.0,0.0,,,48,rider,0.2,0.5,heuristic,segformer_b2_cityscapes_mcdrop8,acdc_rain_targetcal25,2,
,-1,True,,0.8461538461538461,0.00024313679023180157,,475,,,False,,,,,,48,rider,0.2,0.5,argmax,segformer_b2_cityscapes_mcdrop8,acdc_rain_targetcal25,2,0.8611111111111112
1.0,1000,False,0.0,0.0,1.0,0.84,76,148.0,0.0,False,0.0,0.0,0.0,,,48,bicycle,0.05,0.1,region_crc,segformer_b2_cityscapes_mcdrop8,acdc_rain_targetcal25,7,
1.0,1000,True,0.0,0.0,1.0,0.84,76,148.0,0.0,False,0.0,0.0,0.0,,,48,bicycle,0.05,0.1,heuristic,segformer_b2_cityscapes_mcdrop8,acdc_rain_targetcal25,7,
,-1,True,,0.7396303258145364,0.0010683601722121239,,475,,,False,,,,,,48,bicycle,0.05,0.1,argmax,segformer_b2_cityscapes_mcdrop8,acdc_rain_targetcal25,7,0.7162162162162162
1.0,1000,False,0.0,0.0,1.0,0.84,76,148.0,0.0,False,0.0,0.0,0.0,,,48,bicycle,0.1,0.1,region_crc,segformer_b2_cityscapes_mcdrop8,acdc_rain_targetcal25,7,
1.0,1000,True,0.0,0.0,1.0,0.84,76,148.0,0.0,False,0.0,0.0,0.0,,,48,bicycle,0.1,0.1,heuristic,segformer_b2_cityscapes_mcdrop8,acdc_rain_targetcal25,7,
,-1,True,,0.7396303258145364,0.0010683601722121239,,475,,,False,,,,,,48,bicycle,0.1,0.1,argmax,segformer_b2_cityscapes_mcdrop8,acdc_rain_targetcal25,7,0.7162162162162162
1.0,1000,True,0.0,0.0,1.0,0.84,76,148.0,0.0,False,0.0,0.0,0.0,,,48,bicycle,0.2,0.1,region_crc,segformer_b2_cityscapes_mcdrop8,acdc_rain_targetcal25,7,
1.0,1000,True,0.0,0.0,1.0,0.84,76,148.0,0.0,False,0.0,0.0,0.0,,,48,bicycle,0.2,0.1,heuristic,segformer_b2_cityscapes_mcdrop8,acdc_rain_targetcal25,7,
,-1,True,,0.7396303258145364,0.0010683601722121239,,475,,,False,,,,,,48,bicycle,0.2,0.1,argmax,segformer_b2_cityscapes_mcdrop8,acdc_rain_targetcal25,7,0.7162162162162162
1.0,1000,False,0.0,0.0,1.0,0.84,76,148.0,0.0,False,0.0,0.0,0.0,,,48,bicycle,0.05,0.5,region_crc,segformer_b2_cityscapes_mcdrop8,acdc_rain_targetcal25,7,
1.0,1000,True,0.0,0.0,1.0,0.84,76,148.0,0.0,False,0.0,0.0,0.0,,,48,bicycle,0.05,0.5,heuristic,segformer_b2_cityscapes_mcdrop8,acdc_rain_targetcal25,7,
,-1,True,,0.7663847117794486,0.0010683601722121239,,475,,,False,,,,,,48,bicycle,0.05,0.5,argmax,segformer_b2_cityscapes_mcdrop8,acdc_rain_targetcal25,7,0.7432432432432432
1.0,1000,False,0.0,0.0,1.0,0.84,76,148.0,0.0,False,0.0,0.0,0.0,,,48,bicycle,0.1,0.5,region_crc,segformer_b2_cityscapes_mcdrop8,acdc_rain_targetcal25,7,
1.0,1000,True,0.0,0.0,1.0,0.84,76,148.0,0.0,False,0.0,0.0,0.0,,,48,bicycle,0.1,0.5,heuristic,segformer_b2_cityscapes_mcdrop8,acdc_rain_targetcal25,7,
,-1,True,,0.7663847117794486,0.0010683601722121239,,475,,,False,,,,,,48,bicycle,0.1,0.5,argmax,segformer_b2_cityscapes_mcdrop8,acdc_rain_targetcal25,7,0.7432432432432432
1.0,1000,True,0.0,0.0,1.0,0.84,76,148.0,0.0,False,0.0,0.0,0.0,,,48,bicycle,0.2,0.5,region_crc,segformer_b2_cityscapes_mcdrop8,acdc_rain_targetcal25,7,
1.0,1000,True,0.0,0.0,1.0,0.84,76,148.0,0.0,False,0.0,0.0,0.0,,,48,bicycle,0.2,0.5,heuristic,segformer_b2_cityscapes_mcdrop8,acdc_rain_targetcal25,7,
,-1,True,,0.7663847117794486,0.0010683601722121239,,475,,,False,,,,,,48,bicycle,0.2,0.5,argmax,segformer_b2_cityscapes_mcdrop8,acdc_rain_targetcal25,7,0.7432432432432432
1.0,1000,False,0.0,0.0,1.0,0.6568421052631579,163,322.0,0.0,False,0.0,0.0,0.0,,,49,person,0.05,0.1,region_crc,segformer_b2_cityscapes_mcdrop8,acdc_rain_targetcal25,7,
0.99,990,True,0.11714383094751193,0.11714383094751193,0.02223292738199234,0.6568421052631579,163,322.0,0.23368421052631577,False,0.14054054054054055,0.05263157894736842,0.0,,,49,person,0.05,0.1,heuristic,segformer_b2_cityscapes_mcdrop8,acdc_rain_targetcal25,7,
,-1,True,,0.6439556694157921,0.0018042082665488124,,475,,,False,,,,,,49,person,0.05,0.1,argmax,segformer_b2_cityscapes_mcdrop8,acdc_rain_targetcal25,7,0.6024844720496895
1.0,1000,False,0.0,0.0,1.0,0.6568421052631579,163,322.0,0.0,False,0.0,0.0,0.0,,,49,person,0.1,0.1,region_crc,segformer_b2_cityscapes_mcdrop8,acdc_rain_targetcal25,7,
0.99,990,True,0.11714383094751193,0.11714383094751193,0.02223292738199234,0.6568421052631579,163,322.0,0.23368421052631577,False,0.14054054054054055,0.05263157894736842,0.0,,,49,person,0.1,0.1,heuristic,segformer_b2_cityscapes_mcdrop8,acdc_rain_targetcal25,7,
,-1,True,,0.6439556694157921,0.0018042082665488124,,475,,,False,,,,,,49,person,0.1,0.1,argmax,segformer_b2_cityscapes_mcdrop8,acdc_rain_targetcal25,7,0.6024844720496895
0.99,990,True,0.11714383094751193,0.11714383094751193,0.02223292738199234,0.6568421052631579,163,322.0,0.23368421052631577,False,0.14054054054054055,0.05263157894736842,0.0,,,49,person,0.2,0.1,region_crc,segformer_b2_cityscapes_mcdrop8,acdc_rain_targetcal25,7,
0.968,968,True,0.25464916814610067,0.25464916814610067,0.011824967339634895,15.968421052631578,163,322.0,0.20842105263157895,False,0.31351351351351353,0.11403508771929824,0.0,,,49,person,0.2,0.1,heuristic,segformer_b2_cityscapes_mcdrop8,acdc_rain_targetcal25,7,
,-1,True,,0.6439556694157921,0.0018042082665488124,,475,,,False,,,,,,49,person,0.2,0.1,argmax,segformer_b2_cityscapes_mcdrop8,acdc_rain_targetcal25,7,0.6024844720496895
1.0,1000,False,0.0,0.0,1.0,0.6568421052631579,163,322.0,0.0,False,0.0,0.0,0.0,,,49,person,0.05,0.5,region_crc,segformer_b2_cityscapes_mcdrop8,acdc_rain_targetcal25,7,
0.997,997,True,0.10930470347648259,0.10930470347648259,0.038918089121580124,0.6568421052631579,163,322.0,0.16210526315789475,False,0.0972972972972973,0.09649122807017543,0.0,,,49,person,0.05,0.5,heuristic,segformer_b2_cityscapes_mcdrop8,acdc_rain_targetcal25,7,
,-1,True,,0.7715289482160649,0.0018042082665488124,,475,,,False,,,,,,49,person,0.05,0.5,argmax,segformer_b2_cityscapes_mcdrop8,acdc_rain_targetcal25,7,0.7142857142857143
1.0,1000,False,0.0,0.0,1.0,0.6568421052631579,163,322.0,0.0,False,0.0,0.0,0.0,,,49,person,0.1,0.5,region_crc,segformer_b2_cityscapes_mcdrop8,acdc_rain_targetcal25,7,
0.997,997,True,0.10930470347648259,0.10930470347648259,0.038918089121580124,0.6568421052631579,163,322.0,0.16210526315789475,False,0.0972972972972973,0.09649122807017543,0.0,,,49,person,0.1,0.5,heuristic,segformer_b2_cityscapes_mcdrop8,acdc_rain_targetcal25,7,
,-1,True,,0.7715289482160649,0.0018042082665488124,,475,,,False,,,,,,49,person,0.1,0.5,argmax,segformer_b2_cityscapes_mcdrop8,acdc_rain_targetcal25,7,0.7142857142857143
0.997,997,True,0.10930470347648259,0.10930470347648259,0.038918089121580124,0.6568421052631579,163,322.0,0.16210526315789475,False,0.0972972972972973,0.09649122807017543,0.0,,,49,person,0.2,0.5,region_crc,segformer_b2_cityscapes_mcdrop8,acdc_rain_targetcal25,7,
0.989,989,True,0.2412353835666719,0.2412353835666719,0.021194128319621086,0.6568421052631579,163,322.0,0.22105263157894736,False,0.2702702702702703,0.13157894736842105,0.0,,,49,person,0.2,0.5,heuristic,segformer_b2_cityscapes_mcdrop8,acdc_rain_targetcal25,7,
,-1,True,,0.7715289482160649,0.0018042082665488124,,475,,,False,,,,,,49,person,0.2,0.5,argmax,segformer_b2_cityscapes_mcdrop8,acdc_rain_targetcal25,7,0.7142857142857143
1.0,1000,False,0.0,0.0,1.0,0.9473684210526315,25,33.0,0.0,False,0.0,0.0,0.0,,,49,rider,0.05,0.1,region_crc,segformer_b2_cityscapes_mcdrop8,acdc_rain_targetcal25,3,
1.0,1000,True,0.0,0.0,1.0,0.9473684210526315,25,33.0,0.0,False,0.0,0.0,0.0,,,49,rider,0.05,0.1,heuristic,segformer_b2_cityscapes_mcdrop8,acdc_rain_targetcal25,3,
,-1,True,,0.82,0.00024979087174870074,,475,,,False,,,,,,49,rider,0.05,0.1,argmax,segformer_b2_cityscapes_mcdrop8,acdc_rain_targetcal25,3,0.8181818181818182
1.0,1000,False,0.0,0.0,1.0,0.9473684210526315,25,33.0,0.0,False,0.0,0.0,0.0,,,49,rider,0.1,0.1,region_crc,segformer_b2_cityscapes_mcdrop8,acdc_rain_targetcal25,3,
1.0,1000,True,0.0,0.0,1.0,0.9473684210526315,25,33.0,0.0,False,0.0,0.0,0.0,,,49,rider,0.1,0.1,heuristic,segformer_b2_cityscapes_mcdrop8,acdc_rain_targetcal25,3,
,-1,True,,0.82,0.00024979087174870074,,475,,,False,,,,,,49,rider,0.1,0.1,argmax,segformer_b2_cityscapes_mcdrop8,acdc_rain_targetcal25,3,0.8181818181818182
1.0,1000,False,0.0,0.0,1.0,0.9473684210526315,25,33.0,0.0,False,0.0,0.0,0.0,,,49,rider,0.2,0.1,region_crc,segformer_b2_cityscapes_mcdrop8,acdc_rain_targetcal25,3,
0.997,997,True,0.42,0.42,0.005972653161734343,0.9473684210526315,25,33.0,0.13473684210526315,False,0.5833333333333334,0.0,0.0,,,49,rider,0.2,0.1,heuristic,segformer_b2_cityscapes_mcdrop8,acdc_rain_targetcal25,3,
,-1,True,,0.82,0.00024979087174870074,,475,,,False,,,,,,49,rider,0.2,0.1,argmax,segformer_b2_cityscapes_mcdrop8,acdc_rain_targetcal25,3,0.8181818181818182
1.0,1000,False,0.0,0.0,1.0,0.9473684210526315,25,33.0,0.0,False,0.0,0.0,0.0,,,49,rider,0.05,0.5,region_crc,segformer_b2_cityscapes_mcdrop8,acdc_rain_targetcal25,3,
1.0,1000,True,0.0,0.0,1.0,0.9473684210526315,25,33.0,0.0,False,0.0,0.0,0.0,,,49,rider,0.05,0.5,heuristic,segformer_b2_cityscapes_mcdrop8,acdc_rain_targetcal25,3,
,-1,True,,0.88,0.00024979087174870074,,475,,,False,,,,,,49,rider,0.05,0.5,argmax,segformer_b2_cityscapes_mcdrop8,acdc_rain_targetcal25,3,0.8787878787878788
1.0,1000,False,0.0,0.0,1.0,0.9473684210526315,25,33.0,0.0,False,0.0,0.0,0.0,,,49,rider,0.1,0.5,region_crc,segformer_b2_cityscapes_mcdrop8,acdc_rain_targetcal25,3,
1.0,1000,True,0.0,0.0,1.0,0.9473684210526315,25,33.0,0.0,False,0.0,0.0,0.0,,,49,rider,0.1,0.5,heuristic,segformer_b2_cityscapes_mcdrop8,acdc_rain_targetcal25,3,
,-1,True,,0.88,0.00024979087174870074,,475,,,False,,,,,,49,rider,0.1,0.5,argmax,segformer_b2_cityscapes_mcdrop8,acdc_rain_targetcal25,3,0.8787878787878788
1.0,1000,False,0.0,0.0,1.0,0.9473684210526315,25,33.0,0.0,False,0.0,0.0,0.0,,,49,rider,0.2,0.5,region_crc,segformer_b2_cityscapes_mcdrop8,acdc_rain_targetcal25,3,
0.999,999,True,0.39333333333333337,0.39333333333333337,0.01049850694835186,0.9473684210526315,25,33.0,0.1578947368421053,False,0.5,0.0,0.0,,,49,rider,0.2,0.5,heuristic,segformer_b2_cityscapes_mcdrop8,acdc_rain_targetcal25,3,
,-1,True,,0.88,0.00024979087174870074,,475,,,False,,,,,,49,rider,0.2,0.5,argmax,segformer_b2_cityscapes_mcdrop8,acdc_rain_targetcal25,3,0.8787878787878788
1.0,1000,False,0.0,0.0,1.0,0.8294736842105264,81,157.0,0.0,False,0.0,0.0,0.0,,,49,bicycle,0.05,0.1,region_crc,segformer_b2_cityscapes_mcdrop8,acdc_rain_targetcal25,2,
0.995,995,True,0.3020870076425632,0.30208700764256313,0.013200509361922741,0.8294736842105264,81,157.0,0.2631578947368421,False,0.46511627906976744,0.10526315789473684,0.0,,,49,bicycle,0.05,0.1,heuristic,segformer_b2_cityscapes_mcdrop8,acdc_rain_targetcal25,2,
,-1,True,,0.7433568489124045,0.0011304195504635572,,475,,,False,,,,,,49,bicycle,0.05,0.1,argmax,segformer_b2_cityscapes_mcdrop8,acdc_rain_targetcal25,2,0.7261146496815286
1.0,1000,False,0.0,0.0,1.0,0.8294736842105264,81,157.0,0.0,False,0.0,0.0,0.0,,,49,bicycle,0.1,0.1,region_crc,segformer_b2_cityscapes_mcdrop8,acdc_rain_targetcal25,2,
0.995,995,True,0.3020870076425632,0.30208700764256313,0.013200509361922741,0.8294736842105264,81,157.0,0.2631578947368421,False,0.46511627906976744,0.10526315789473684,0.0,,,49,bicycle,0.1,0.1,heuristic,segformer_b2_cityscapes_mcdrop8,acdc_rain_targetcal25,2,
,-1,True,,0.7433568489124045,0.0011304195504635572,,475,,,False,,,,,,49,bicycle,0.1,0.1,argmax,segformer_b2_cityscapes_mcdrop8,acdc_rain_targetcal25,2,0.7261146496815286
1.0,1000,False,0.0,0.0,1.0,0.8294736842105264,81,157.0,0.0,False,0.0,0.0,0.0,,,49,bicycle,0.2,0.1,region_crc,segformer_b2_cityscapes_mcdrop8,acdc_rain_targetcal25,2,
0.995,995,True,0.3020870076425632,0.30208700764256313,0.013200509361922741,0.8294736842105264,81,157.0,0.2631578947368421,False,0.46511627906976744,0.10526315789473684,0.0,,,49,bicycle,0.2,0.1,heuristic,segformer_b2_cityscapes_mcdrop8,acdc_rain_targetcal25,2,
,-1,True,,0.7433568489124045,0.0011304195504635572,,475,,,False,,,,,,49,bicycle,0.2,0.1,argmax,segformer_b2_cityscapes_mcdrop8,acdc_rain_targetcal25,2,0.7261146496815286
1.0,1000,False,0.0,0.0,1.0,0.8294736842105264,81,157.0,0.0,False,0.0,0.0,0.0,,,49,bicycle,0.05,0.5,region_crc,segformer_b2_cityscapes_mcdrop8,acdc_rain_targetcal25,2,
0.997,997,True,0.32854203409758964,0.32854203409758964,0.017037689685821533,0.8294736842105264,81,157.0,0.2631578947368421,False,0.47674418604651164,0.15789473684210525,0.0,,,49,bicycle,0.05,0.5,heuristic,segformer_b2_cityscapes_mcdrop8,acdc_rain_targetcal25,2,
,-1,True,,0.7684597295708406,0.0011304195504635572,,475,,,False,,,,,,49,bicycle,0.05,0.5,argmax,segformer_b2_cityscapes_mcdrop8,acdc_rain_targetcal25,2,0.7515923566878981
1.0,1000,False,0.0,0.0,1.0,0.8294736842105264,81,157.0,0.0,False,0.0,0.0,0.0,,,49,bicycle,0.1,0.5,region_crc,segformer_b2_cityscapes_mcdrop8,acdc_rain_targetcal25,2,
0.997,997,True,0.32854203409758964,0.32854203409758964,0.017037689685821533,0.8294736842105264,81,157.0,0.2631578947368421,False,0.47674418604651164,0.15789473684210525,0.0,,,49,bicycle,0.1,0.5,heuristic,segformer_b2_cityscapes_mcdrop8,acdc_rain_targetcal25,2,
,-1,True,,0.7684597295708406,0.0011304195504635572,,475,,,False,,,,,,49,bicycle,0.1,0.5,argmax,segformer_b2_cityscapes_mcdrop8,acdc_rain_targetcal25,2,0.7515923566878981
1.0,1000,False,0.0,0.0,1.0,0.8294736842105264,81,157.0,0.0,False,0.0,0.0,0.0,,,49,bicycle,0.2,0.5,region_crc,segformer_b2_cityscapes_mcdrop8,acdc_rain_targetcal25,2,
0.997,997,True,0.32854203409758964,0.32854203409758964,0.017037689685821533,0.8294736842105264,81,157.0,0.2631578947368421,False,0.47674418604651164,0.15789473684210525,0.0,,,49,bicycle,0.2,0.5,heuristic,segformer_b2_cityscapes_mcdrop8,acdc_rain_targetcal25,2,
,-1,True,,0.7684597295708406,0.0011304195504635572,,475,,,False,,,,,,49,bicycle,0.2,0.5,argmax,segformer_b2_cityscapes_mcdrop8,acdc_rain_targetcal25,2,0.7515923566878981
1.0,1000,False,0.0,0.0,1.0,0.6652631578947369,159,314.0,0.0,False,0.0,0.0,0.0,,,50,person,0.05,0.1,region_crc,segformer_b2_cityscapes_mcdrop8,acdc_rain_targetcal25,11,
0.994,994,True,0.07746331236897275,0.07746331236897275,0.028149019926786423,0.6652631578947369,159,314.0,0.1305263157894736,False,0.0903954802259887,0.03508771929824561,0.0,,,50,person,0.05,0.1,heuristic,segformer_b2_cityscapes_mcdrop8,acdc_rain_targetcal25,11,
,-1,True,,0.6585834849985793,0.0017948251916095614,,475,,,False,,,,,,50,person,0.05,0.1,argmax,segformer_b2_cityscapes_mcdrop8,acdc_rain_targetcal25,11,0.6050955414012739
0.994,994,True,0.07746331236897275,0.07746331236897275,0.028149019926786423,0.6652631578947369,159,314.0,0.1305263157894736,False,0.0903954802259887,0.03508771929824561,0.0,,,50,person,0.1,0.1,region_crc,segformer_b2_cityscapes_mcdrop8,acdc_rain_targetcal25,11,
0.9380000000000001,938,True,0.38820428348730235,0.38820428348730235,0.007773530203849077,10.557894736842105,159,314.0,0.13473684210526315,False,0.4689265536723164,0.18421052631578946,0.043478260869565216,,,50,person,0.1,0.1,heuristic,segformer_b2_cityscapes_mcdrop8,acdc_rain_targetcal25,11,
,-1,True,,0.6585834849985793,0.0017948251916095614,,475,,,False,,,,,,50,person,0.1,0.1,argmax,segformer_b2_cityscapes_mcdrop8,acdc_rain_targetcal25,11,0.6050955414012739
0.9380000000000001,938,True,0.38820428348730235,0.38820428348730235,0.007773530203849077,10.557894736842105,159,314.0,0.13473684210526315,False,0.4689265536723164,0.18421052631578946,0.043478260869565216,,,50,person,0.2,0.1,region_crc,segformer_b2_cityscapes_mcdrop8,acdc_rain_targetcal25,11,
0.899,899,True,0.4786251833421645,0.4786251833421645,0.005491249728947878,6.473684210526316,159,314.0,0.14315789473684215,False,0.576271186440678,0.21929824561403508,0.043478260869565216,,,50,person,0.2,0.1,heuristic,segformer_b2_cityscapes_mcdrop8,acdc_rain_targetcal25,11,
,-1,True,,0.6585834849985793,0.0017948251916095614,,475,,,False,,,,,,50,person,0.2,0.1,argmax,segformer_b2_cityscapes_mcdrop8,acdc_rain_targetcal25,11,0.6050955414012739
1.0,1000,False,0.0,0.0,1.0,0.6652631578947369,159,314.0,0.0,False,0.0,0.0,0.0,,,50,person,0.05,0.5,region_crc,segformer_b2_cityscapes_mcdrop8,acdc_rain_targetcal25,11,
0.999,999,True,0.055031446540880505,0.055031446540880505,0.06029196456074715,0.6652631578947369,159,314.0,0.14315789473684204,False,0.04519774011299435,0.043859649122807015,0.0,,,50,person,0.05,0.5,heuristic,segformer_b2_cityscapes_mcdrop8,acdc_rain_targetcal25,11,
,-1,True,,0.7815045192403683,0.0017948251916095614,,475,,,False,,,,,,50,person,0.05,0.5,argmax,segformer_b2_cityscapes_mcdrop8,acdc_rain_targetcal25,11,0.7133757961783439
0.999,999,True,0.055031446540880505,0.055031446540880505,0.06029196456074715,0.6652631578947369,159,314.0,0.14315789473684204,False,0.04519774011299435,0.043859649122807015,0.0,,,50,person,0.1,0.5,region_crc,segformer_b2_cityscapes_mcdrop8,acdc_rain_targetcal25,11,
0.977,977,True,0.3519359396717887,0.3519359396717887,0.014196529053151608,15.696842105263158,159,314.0,0.12421052631578944,False,0.4067796610169492,0.21052631578947367,0.08695652173913043,,,50,person,0.1,0.5,heuristic,segformer_b2_cityscapes_mcdrop8,acdc_rain_targetcal25,11,
,-1,True,,0.7815045192403683,0.0017948251916095614,,475,,,False,,,,,,50,person,0.1,0.5,argmax,segformer_b2_cityscapes_mcdrop8,acdc_rain_targetcal25,11,0.7133757961783439
0.977,977,True,0.3519359396717887,0.3519359396717887,0.014196529053151608,15.696842105263158,159,314.0,0.12421052631578944,False,0.4067796610169492,0.21052631578947367,0.08695652173913043,,,50,person,0.2,0.5,region_crc,segformer_b2_cityscapes_mcdrop8,acdc_rain_targetcal25,11,
0.974,974,True,0.37835103401141135,0.37835103401141135,0.01325420755892992,15.696842105263158,159,314.0,0.13473684210526304,False,0.4350282485875706,0.21052631578947367,0.08695652173913043,,,50,person,0.2,0.5,heuristic,segformer_b2_cityscapes_mcdrop8,acdc_rain_targetcal25,11,
,-1,True,,0.7815045192403683,0.0017948251916095614,,475,,,False,,,,,,50,person,0.2,0.5,argmax,segformer_b2_cityscapes_mcdrop8,acdc_rain_targetcal25,11,0.7133757961783439
1.0,1000,False,0.0,0.0,1.0,0.9431578947368421,27,37.0,0.0,False,0.0,0.0,0.0,,,50,rider,0.05,0.1,region_crc,segformer_b2_cityscapes_mcdrop8,acdc_rain_targetcal25,1,
0.967,967,True,0.7222222222222222,0.7222222222222222,0.0015436699613928795,1.9178947368421053,27,37.0,0.14315789473684215,False,0.9629629629629629,0.3333333333333333,0.0,,,50,rider,0.05,0.1,heuristic,segformer_b2_cityscapes_mcdrop8,acdc_rain_targetcal25,1,
,-1,True,,0.7962962962962963,0.00024958880385383964,,475,,,False,,,,,,50,rider,0.05,0.1,argmax,segformer_b2_cityscapes_mcdrop8,acdc_rain_targetcal25,1,0.8108108108108109
1.0,1000,False,0.0,0.0,1.0,0.9431578947368421,27,37.0,0.0,False,0.0,0.0,0.0,,,50,rider,0.1,0.1,region_crc,segformer_b2_cityscapes_mcdrop8,acdc_rain_targetcal25,1,
0.967,967,True,0.7222222222222222,0.7222222222222222,0.0015436699613928795,1.9178947368421053,27,37.0,0.14315789473684215,False,0.9629629629629629,0.3333333333333333,0.0,,,50,rider,0.1,0.1,heuristic,segformer_b2_cityscapes_mcdrop8,acdc_rain_targetcal25,1,
,-1,True,,0.7962962962962963,0.00024958880385383964,,475,,,False,,,,,,50,rider,0.1,0.1,argmax,segformer_b2_cityscapes_mcdrop8,acdc_rain_targetcal25,1,0.8108108108108109
1.0,1000,False,0.0,0.0,1.0,0.9431578947368421,27,37.0,0.0,False,0.0,0.0,0.0,,,50,rider,0.2,0.1,region_crc,segformer_b2_cityscapes_mcdrop8,acdc_rain_targetcal25,1,
0.967,967,True,0.7222222222222222,0.7222222222222222,0.0015436699613928795,1.9178947368421053,27,37.0,0.14315789473684215,False,0.9629629629629629,0.3333333333333333,0.0,,,50,rider,0.2,0.1,heuristic,segformer_b2_cityscapes_mcdrop8,acdc_rain_targetcal25,1,
,-1,True,,0.7962962962962963,0.00024958880385383964,,475,,,False,,,,,,50,rider,0.2,0.1,argmax,segformer_b2_cityscapes_mcdrop8,acdc_rain_targetcal25,1,0.8108108108108109
1.0,1000,False,0.0,0.0,1.0,0.9431578947368421,27,37.0,0.0,False,0.0,0.0,0.0,,,50,rider,0.05,0.5,region_crc,segformer_b2_cityscapes_mcdrop8,acdc_rain_targetcal25,1,
0.998,998,True,0.5246913580246914,0.5246913580246914,0.007297264412045479,0.9431578947368421,27,37.0,0.1347368421052632,False,0.6296296296296297,0.16666666666666666,0.0,,,50,rider,0.05,0.5,heuristic,segformer_b2_cityscapes_mcdrop8,acdc_rain_targetcal25,1,
,-1,True,,0.8518518518518519,0.00024958880385383964,,475,,,False,,,,,,50,rider,0.05,0.5,argmax,segformer_b2_cityscapes_mcdrop8,acdc_rain_targetcal25,1,0.8648648648648649
1.0,1000,False,0.0,0.0,1.0,0.9431578947368421,27,37.0,0.0,False,0.0,0.0,0.0,,,50,rider,0.1,0.5,region_crc,segformer_b2_cityscapes_mcdrop8,acdc_rain_targetcal25,1,
0.998,998,True,0.5246913580246914,0.5246913580246914,0.007297264412045479,0.9431578947368421,27,37.0,0.1347368421052632,False,0.6296296296296297,0.16666666666666666,0.0,,,50,rider,0.1,0.5,heuristic,segformer_b2_cityscapes_mcdrop8,acdc_rain_targetcal25,1,
,-1,True,,0.8518518518518519,0.00024958880385383964,,475,,,False,,,,,,50,rider,0.1,0.5,argmax,segformer_b2_cityscapes_mcdrop8,acdc_rain_targetcal25,1,0.8648648648648649
1.0,1000,False,0.0,0.0,1.0,0.9431578947368421,27,37.0,0.0,False,0.0,0.0,0.0,,,50,rider,0.2,0.5,region_crc,segformer_b2_cityscapes_mcdrop8,acdc_rain_targetcal25,1,
0.998,998,True,0.5246913580246914,0.5246913580246914,0.007297264412045479,0.9431578947368421,27,37.0,0.1347368421052632,False,0.6296296296296297,0.16666666666666666,0.0,,,50,rider,0.2,0.5,heuristic,segformer_b2_cityscapes_mcdrop8,acdc_rain_targetcal25,1,
,-1,True,,0.8518518518518519,0.00024958880385383964,,475,,,False,,,,,,50,rider,0.2,0.5,argmax,segformer_b2_cityscapes_mcdrop8,acdc_rain_targetcal25,1,0.8648648648648649
1.0,1000,False,0.0,0.0,1.0,0.8336842105263158,79,152.0,0.0,False,0.0,0.0,0.0,,,50,bicycle,0.05,0.1,region_crc,segformer_b2_cityscapes_mcdrop8,acdc_rain_targetcal25,4,
1.0,1000,True,0.0,0.0,1.0,0.8336842105263158,79,152.0,0.0,False,0.0,0.0,0.0,,,50,bicycle,0.05,0.1,heuristic,segformer_b2_cityscapes_mcdrop8,acdc_rain_targetcal25,4,
,-1,True,,0.7558468957203135,0.0010743553284555674,,475,,,False,,,,,,50,bicycle,0.05,0.1,argmax,segformer_b2_cityscapes_mcdrop8,acdc_rain_targetcal25,4,0.7302631578947368
1.0,1000,False,0.0,0.0,1.0,0.8336842105263158,79,152.0,0.0,False,0.0,0.0,0.0,,,50,bicycle,0.1,0.1,region_crc,segformer_b2_cityscapes_mcdrop8,acdc_rain_targetcal25,4,
1.0,1000,True,0.0,0.0,1.0,0.8336842105263158,79,152.0,0.0,False,0.0,0.0,0.0,,,50,bicycle,0.1,0.1,heuristic,segformer_b2_cityscapes_mcdrop8,acdc_rain_targetcal25,4,
,-1,True,,0.7558468957203135,0.0010743553284555674,,475,,,False,,,,,,50,bicycle,0.1,0.1,argmax,segformer_b2_cityscapes_mcdrop8,acdc_rain_targetcal25,4,0.7302631578947368
1.0,1000,True,0.0,0.0,1.0,0.8336842105263158,79,152.0,0.0,False,0.0,0.0,0.0,,,50,bicycle,0.2,0.1,region_crc,segformer_b2_cityscapes_mcdrop8,acdc_rain_targetcal25,4,
1.0,1000,True,0.0,0.0,1.0,0.8336842105263158,79,152.0,0.0,False,0.0,0.0,0.0,,,50,bicycle,0.2,0.1,heuristic,segformer_b2_cityscapes_mcdrop8,acdc_rain_targetcal25,4,
,-1,True,,0.7558468957203135,0.0010743553284555674,,475,,,False,,,,,,50,bicycle,0.2,0.1,argmax,segformer_b2_cityscapes_mcdrop8,acdc_rain_targetcal25,4,0.7302631578947368
1.0,1000,False,0.0,0.0,1.0,0.8336842105263158,79,152.0,0.0,False,0.0,0.0,0.0,,,50,bicycle,0.05,0.5,region_crc,segformer_b2_cityscapes_mcdrop8,acdc_rain_targetcal25,4,
1.0,1000,True,0.0,0.0,1.0,0.8336842105263158,79,152.0,0.0,False,0.0,0.0,0.0,,,50,bicycle,0.05,0.5,heuristic,segformer_b2_cityscapes_mcdrop8,acdc_rain_targetcal25,4,
,-1,True,,0.781585292344786,0.0010743553284555674,,475,,,False,,,,,,50,bicycle,0.05,0.5,argmax,segformer_b2_cityscapes_mcdrop8,acdc_rain_targetcal25,4,0.756578947368421
1.0,1000,False,0.0,0.0,1.0,0.8336842105263158,79,152.0,0.0,False,0.0,0.0,0.0,,,50,bicycle,0.1,0.5,region_crc,segformer_b2_cityscapes_mcdrop8,acdc_rain_targetcal25,4,
1.0,1000,True,0.0,0.0,1.0,0.8336842105263158,79,152.0,0.0,False,0.0,0.0,0.0,,,50,bicycle,0.1,0.5,heuristic,segformer_b2_cityscapes_mcdrop8,acdc_rain_targetcal25,4,
,-1,True,,0.781585292344786,0.0010743553284555674,,475,,,False,,,,,,50,bicycle,0.1,0.5,argmax,segformer_b2_cityscapes_mcdrop8,acdc_rain_targetcal25,4,0.756578947368421
1.0,1000,True,0.0,0.0,1.0,0.8336842105263158,79,152.0,0.0,False,0.0,0.0,0.0,,,50,bicycle,0.2,0.5,region_crc,segformer_b2_cityscapes_mcdrop8,acdc_rain_targetcal25,4,
1.0,1000,True,0.0,0.0,1.0,0.8336842105263158,79,152.0,0.0,False,0.0,0.0,0.0,,,50,bicycle,0.2,0.5,heuristic,segformer_b2_cityscapes_mcdrop8,acdc_rain_targetcal25,4,
,-1,True,,0.781585292344786,0.0010743553284555674,,475,,,False,,,,,,50,bicycle,0.2,0.5,argmax,segformer_b2_cityscapes_mcdrop8,acdc_rain_targetcal25,4,0.756578947368421
1.0,1000,False,0.0,0.0,1.0,0.6610526315789473,161,316.0,0.0,False,0.0,0.0,0.0,,,51,person,0.05,0.1,region_crc,segformer_b2_cityscapes_mcdrop8,acdc_rain_targetcal25,9,
0.999,999,True,0.03260869565217391,0.03260869565217391,0.06002362072467804,0.6610526315789473,161,316.0,0.17894736842105263,False,0.021739130434782608,0.027522935779816515,0.0,,,51,person,0.05,0.1,heuristic,segformer_b2_cityscapes_mcdrop8,acdc_rain_targetcal25,9,
,-1,True,,0.6346525455221108,0.0017776548629626632,,475,,,False,,,,,,51,person,0.05,0.1,argmax,segformer_b2_cityscapes_mcdrop8,acdc_rain_targetcal25,9,0.5949367088607594
0.999,999,True,0.03260869565217391,0.03260869565217391,0.06002362072467804,0.6610526315789473,161,316.0,0.17894736842105263,False,0.021739130434782608,0.027522935779816515,0.0,,,51,person,0.1,0.1,region_crc,segformer_b2_cityscapes_mcdrop8,acdc_rain_targetcal25,9,
0.997,997,True,0.05331262939958591,0.05331262939958591,0.03817848488688469,0.6610526315789473,161,316.0,0.18526315789473685,False,0.04891304347826087,0.027522935779816515,0.0,,,51,person,0.1,0.1,heuristic,segformer_b2_cityscapes_mcdrop8,acdc_rain_targetcal25,9,
,-1,True,,0.6346525455221108,0.0017776548629626632,,475,,,False,,,,,,51,person,0.1,0.1,argmax,segformer_b2_cityscapes_mcdrop8,acdc_rain_targetcal25,9,0.5949367088607594
0.997,997,True,0.05331262939958591,0.05331262939958591,0.03817848488688469,0.6610526315789473,161,316.0,0.18526315789473685,False,0.04891304347826087,0.027522935779816515,0.0,,,51,person,0.2,0.1,region_crc,segformer_b2_cityscapes_mcdrop8,acdc_rain_targetcal25,9,
0.975,975,True,0.2248739183521792,0.2248739183521792,0.013363298960030079,15.701052631578948,161,316.0,0.2168421052631579,False,0.2608695652173913,0.11009174311926606,0.0,,,51,person,0.2,0.1,heuristic,segformer_b2_cityscapes_mcdrop8,acdc_rain_targetcal25,9,
,-1,True,,0.6346525455221108,0.0017776548629626632,,475,,,False,,,,,,51,person,0.2,0.1,argmax,segformer_b2_cityscapes_mcdrop8,acdc_rain_targetcal25,9,0.5949367088607594
1.0,1000,False,0.0,0.0,1.0,0.6610526315789473,161,316.0,0.0,False,0.0,0.0,0.0,,,51,person,0.05,0.5,region_crc,segformer_b2_cityscapes_mcdrop8,acdc_rain_targetcal25,9,
1.0,1000,True,0.0,0.0,1.0,0.6610526315789473,161,316.0,0.0,False,0.0,0.0,0.0,,,51,person,0.05,0.5,heuristic,segformer_b2_cityscapes_mcdrop8,acdc_rain_targetcal25,9,
,-1,True,,0.763810585549716,0.0017776548629626632,,475,,,False,,,,,,51,person,0.05,0.5,argmax,segformer_b2_cityscapes_mcdrop8,acdc_rain_targetcal25,9,0.7088607594936709
1.0,1000,True,0.0,0.0,1.0,0.6610526315789473,161,316.0,0.0,False,0.0,0.0,0.0,,,51,person,0.1,0.5,region_crc,segformer_b2_cityscapes_mcdrop8,acdc_rain_targetcal25,9,
0.999,999,True,0.05124223602484472,0.05124223602484472,0.06002362072467804,0.6610526315789473,161,316.0,0.17894736842105263,False,0.03804347826086957,0.045871559633027525,0.0,,,51,person,0.1,0.5,heuristic,segformer_b2_cityscapes_mcdrop8,acdc_rain_targetcal25,9,
,-1,True,,0.763810585549716,0.0017776548629626632,,475,,,False,,,,,,51,person,0.1,0.5,argmax,segformer_b2_cityscapes_mcdrop8,acdc_rain_targetcal25,9,0.7088607594936709
0.999,999,True,0.05124223602484472,0.05124223602484472,0.06002362072467804,0.6610526315789473,161,316.0,0.17894736842105263,False,0.03804347826086957,0.045871559633027525,0.0,,,51,person,0.2,0.5,region_crc,segformer_b2_cityscapes_mcdrop8,acdc_rain_targetcal25,9,
0.998,998,True,0.07267080745341614,0.07267080745341614,0.04541267827153206,0.6610526315789473,161,316.0,0.1894736842105263,False,0.06521739130434782,0.05504587155963303,0.0,,,51,person,0.2,0.5,heuristic,segformer_b2_cityscapes_mcdrop8,acdc_rain_targetcal25,9,
,-1,True,,0.763810585549716,0.0017776548629626632,,475,,,False,,,,,,51,person,0.2,0.5,argmax,segformer_b2_cityscapes_mcdrop8,acdc_rain_targetcal25,9,0.7088607594936709
1.0,1000,False,0.0,0.0,1.0,0.9431578947368421,27,37.0,0.0,False,0.0,0.0,0.0,,,51,rider,0.05,0.1,region_crc,segformer_b2_cityscapes_mcdrop8,acdc_rain_targetcal25,1,
0.998,998,True,0.32098765432098764,0.32098765432098764,0.007039542775601149,0.9431578947368421,27,37.0,0.2126315789473684,False,0.46153846153846156,0.0,0.0,,,51,rider,0.05,0.1,heuristic,segformer_b2_cityscapes_mcdrop8,acdc_rain_targetcal25,1,
,-1,True,,0.7962962962962963,0.00021226142416708171,,475,,,False,,,,,,51,rider,0.05,0.1,argmax,segformer_b2_cityscapes_mcdrop8,acdc_rain_targetcal25,1,0.8108108108108109
1.0,1000,False,0.0,0.0,1.0,0.9431578947368421,27,37.0,0.0,False,0.0,0.0,0.0,,,51,rider,0.1,0.1,region_crc,segformer_b2_cityscapes_mcdrop8,acdc_rain_targetcal25,1,
0.998,998,True,0.32098765432098764,0.32098765432098764,0.007039542775601149,0.9431578947368421,27,37.0,0.2126315789473684,False,0.46153846153846156,0.0,0.0,,,51,rider,0.1,0.1,heuristic,segformer_b2_cityscapes_mcdrop8,acdc_rain_targetcal25,1,
,-1,True,,0.7962962962962963,0.00021226142416708171,,475,,,False,,,,,,51,rider,0.1,0.1,argmax,segformer_b2_cityscapes_mcdrop8,acdc_rain_targetcal25,1,0.8108108108108109
1.0,1000,False,0.0,0.0,1.0,0.9431578947368421,27,37.0,0.0,False,0.0,0.0,0.0,,,51,rider,0.2,0.1,region_crc,segformer_b2_cityscapes_mcdrop8,acdc_rain_targetcal25,1,
0.998,998,True,0.32098765432098764,0.32098765432098764,0.007039542775601149,0.9431578947368421,27,37.0,0.2126315789473684,False,0.46153846153846156,0.0,0.0,,,51,rider,0.2,0.1,heuristic,segformer_b2_cityscapes_mcdrop8,acdc_rain_targetcal25,1,
,-1,True,,0.7962962962962963,0.00021226142416708171,,475,,,False,,,,,,51,rider,0.2,0.1,argmax,segformer_b2_cityscapes_mcdrop8,acdc_rain_targetcal25,1,0.8108108108108109
1.0,1000,False,0.0,0.0,1.0,0.9431578947368421,27,37.0,0.0,False,0.0,0.0,0.0,,,51,rider,0.05,0.5,region_crc,segformer_b2_cityscapes_mcdrop8,acdc_rain_targetcal25,1,
1.0,1000,True,0.0,0.0,1.0,0.9431578947368421,27,37.0,0.0,False,0.0,0.0,0.0,,,51,rider,0.05,0.5,heuristic,segformer_b2_cityscapes_mcdrop8,acdc_rain_targetcal25,1,
,-1,True,,0.8518518518518519,0.00021226142416708171,,475,,,False,,,,,,51,rider,0.05,0.5,argmax,segformer_b2_cityscapes_mcdrop8,acdc_rain_targetcal25,1,0.8648648648648649
1.0,1000,False,0.0,0.0,1.0,0.9431578947368421,27,37.0,0.0,False,0.0,0.0,0.0,,,51,rider,0.1,0.5,region_crc,segformer_b2_cityscapes_mcdrop8,acdc_rain_targetcal25,1,
1.0,1000,True,0.0,0.0,1.0,0.9431578947368421,27,37.0,0.0,False,0.0,0.0,0.0,,,51,rider,0.1,0.5,heuristic,segformer_b2_cityscapes_mcdrop8,acdc_rain_targetcal25,1,
,-1,True,,0.8518518518518519,0.00021226142416708171,,475,,,False,,,,,,51,rider,0.1,0.5,argmax,segformer_b2_cityscapes_mcdrop8,acdc_rain_targetcal25,1,0.8648648648648649
1.0,1000,False,0.0,0.0,1.0,0.9431578947368421,27,37.0,0.0,False,0.0,0.0,0.0,,,51,rider,0.2,0.5,region_crc,segformer_b2_cityscapes_mcdrop8,acdc_rain_targetcal25,1,
1.0,1000,True,0.0,0.0,1.0,0.9431578947368421,27,37.0,0.0,False,0.0,0.0,0.0,,,51,rider,0.2,0.5,heuristic,segformer_b2_cityscapes_mcdrop8,acdc_rain_targetcal25,1,
,-1,True,,0.8518518518518519,0.00021226142416708171,,475,,,False,,,,,,51,rider,0.2,0.5,argmax,segformer_b2_cityscapes_mcdrop8,acdc_rain_targetcal25,1,0.8648648648648649
1.0,1000,False,0.0,0.0,1.0,0.8378947368421052,77,146.0,0.0,False,0.0,0.0,0.0,,,51,bicycle,0.05,0.1,region_crc,segformer_b2_cityscapes_mcdrop8,acdc_rain_targetcal25,6,
1.0,1000,True,0.0,0.0,1.0,0.8378947368421052,77,146.0,0.0,False,0.0,0.0,0.0,,,51,bicycle,0.05,0.1,heuristic,segformer_b2_cityscapes_mcdrop8,acdc_rain_targetcal25,6,
,-1,True,,0.7689857761286333,0.0009874380193650723,,475,,,False,,,,,,51,bicycle,0.05,0.1,argmax,segformer_b2_cityscapes_mcdrop8,acdc_rain_targetcal25,6,0.7397260273972602
1.0,1000,False,0.0,0.0,1.0,0.8378947368421052,77,146.0,0.0,False,0.0,0.0,0.0,,,51,bicycle,0.1,0.1,region_crc,segformer_b2_cityscapes_mcdrop8,acdc_rain_targetcal25,6,
1.0,1000,True,0.0,0.0,1.0,0.8378947368421052,77,146.0,0.0,False,0.0,0.0,0.0,,,51,bicycle,0.1,0.1,heuristic,segformer_b2_cityscapes_mcdrop8,acdc_rain_targetcal25,6,
,-1,True,,0.7689857761286333,0.0009874380193650723,,475,,,False,,,,,,51,bicycle,0.1,0.1,argmax,segformer_b2_cityscapes_mcdrop8,acdc_rain_targetcal25,6,0.7397260273972602
1.0,1000,True,0.0,0.0,1.0,0.8378947368421052,77,146.0,0.0,False,0.0,0.0,0.0,,,51,bicycle,0.2,0.1,region_crc,segformer_b2_cityscapes_mcdrop8,acdc_rain_targetcal25,6,
0.998,998,True,0.21614100185528756,0.21614100185528756,0.019647862762212753,0.8378947368421052,77,146.0,0.2778947368421053,False,0.3291139240506329,0.07272727272727272,0.0,,,51,bicycle,0.2,0.1,heuristic,segformer_b2_cityscapes_mcdrop8,acdc_rain_targetcal25,6,
,-1,True,,0.7689857761286333,0.0009874380193650723,,475,,,False,,,,,,51,bicycle,0.2,0.1,argmax,segformer_b2_cityscapes_mcdrop8,acdc_rain_targetcal25,6,0.7397260273972602
1.0,1000,False,0.0,0.0,1.0,0.8378947368421052,77,146.0,0.0,False,0.0,0.0,0.0,,,51,bicycle,0.05,0.5,region_crc,segformer_b2_cityscapes_mcdrop8,acdc_rain_targetcal25,6,
1.0,1000,True,0.0,0.0,1.0,0.8378947368421052,77,146.0,0.0,False,0.0,0.0,0.0,,,51,bicycle,0.05,0.5,heuristic,segformer_b2_cityscapes_mcdrop8,acdc_rain_targetcal25,6,
,-1,True,,0.7953927025355596,0.0009874380193650723,,475,,,False,,,,,,51,bicycle,0.05,0.5,argmax,segformer_b2_cityscapes_mcdrop8,acdc_rain_targetcal25,6,0.7671232876712328
1.0,1000,False,0.0,0.0,1.0,0.8378947368421052,77,146.0,0.0,False,0.0,0.0,0.0,,,51,bicycle,0.1,0.5,region_crc,segformer_b2_cityscapes_mcdrop8,acdc_rain_targetcal25,6,
1.0,1000,True,0.0,0.0,1.0,0.8378947368421052,77,146.0,0.0,False,0.0,0.0,0.0,,,51,bicycle,0.1,0.5,heuristic,segformer_b2_cityscapes_mcdrop8,acdc_rain_targetcal25,6,
,-1,True,,0.7953927025355596,0.0009874380193650723,,475,,,False,,,,,,51,bicycle,0.1,0.5,argmax,segformer_b2_cityscapes_mcdrop8,acdc_rain_targetcal25,6,0.7671232876712328
1.0,1000,True,0.0,0.0,1.0,0.8378947368421052,77,146.0,0.0,False,0.0,0.0,0.0,,,51,bicycle,0.2,0.5,region_crc,segformer_b2_cityscapes_mcdrop8,acdc_rain_targetcal25,6,
0.999,999,True,0.22479901051329623,0.22479901051329623,0.02720797061920166,0.8378947368421052,77,146.0,0.2673684210526316,False,0.3037974683544304,0.10909090909090909,0.0,,,51,bicycle,0.2,0.5,heuristic,segformer_b2_cityscapes_mcdrop8,acdc_rain_targetcal25,6,
,-1,True,,0.7953927025355596,0.0009874380193650723,,475,,,False,,,,,,51,bicycle,0.2,0.5,argmax,segformer_b2_cityscapes_mcdrop8,acdc_rain_targetcal25,6,0.7671232876712328
1.0,1000,False,0.0,0.0,1.0,0.6568421052631579,163,326.0,0.0,False,0.0,0.0,0.0,,,52,person,0.05,0.1,region_crc,segformer_b2_cityscapes_mcdrop8,acdc_rain_targetcal25,7,
1.0,1000,True,0.0,0.0,1.0,0.6568421052631579,163,326.0,0.0,False,0.0,0.0,0.0,,,52,person,0.05,0.1,heuristic,segformer_b2_cityscapes_mcdrop8,acdc_rain_targetcal25,7,
,-1,True,,0.6316857307654854,0.001877583796158433,,475,,,False,,,,,,52,person,0.05,0.1,argmax,segformer_b2_cityscapes_mcdrop8,acdc_rain_targetcal25,7,0.5858895705521472
1.0,1000,False,0.0,0.0,1.0,0.6568421052631579,163,326.0,0.0,False,0.0,0.0,0.0,,,52,person,0.1,0.1,region_crc,segformer_b2_cityscapes_mcdrop8,acdc_rain_targetcal25,7,
1.0,1000,True,0.0,0.0,1.0,0.6568421052631579,163,326.0,0.0,False,0.0,0.0,0.0,,,52,person,0.1,0.1,heuristic,segformer_b2_cityscapes_mcdrop8,acdc_rain_targetcal25,7,
,-1,True,,0.6316857307654854,0.001877583796158433,,475,,,False,,,,,,52,person,0.1,0.1,argmax,segformer_b2_cityscapes_mcdrop8,acdc_rain_targetcal25,7,0.5858895705521472
1.0,1000,True,0.0,0.0,1.0,0.6568421052631579,163,326.0,0.0,False,0.0,0.0,0.0,,,52,person,0.2,0.1,region_crc,segformer_b2_cityscapes_mcdrop8,acdc_rain_targetcal25,7,
0.993,993,True,0.0801635991820041,0.0801635991820041,0.02663022093474865,0.6568421052631579,163,326.0,0.16842105263157892,False,0.0918918918918919,0.0423728813559322,0.0,,,52,person,0.2,0.1,heuristic,segformer_b2_cityscapes_mcdrop8,acdc_rain_targetcal25,7,
,-1,True,,0.6316857307654854,0.001877583796158433,,475,,,False,,,,,,52,person,0.2,0.1,argmax,segformer_b2_cityscapes_mcdrop8,acdc_rain_targetcal25,7,0.5858895705521472
1.0,1000,False,0.0,0.0,1.0,0.6568421052631579,163,326.0,0.0,False,0.0,0.0,0.0,,,52,person,0.05,0.5,region_crc,segformer_b2_cityscapes_mcdrop8,acdc_rain_targetcal25,7,
1.0,1000,True,0.0,0.0,1.0,0.6568421052631579,163,326.0,0.0,False,0.0,0.0,0.0,,,52,person,0.05,0.5,heuristic,segformer_b2_cityscapes_mcdrop8,acdc_rain_targetcal25,7,
,-1,True,,0.7592590095657581,0.001877583796158433,,475,,,False,,,,,,52,person,0.05,0.5,argmax,segformer_b2_cityscapes_mcdrop8,acdc_rain_targetcal25,7,0.696319018404908
1.0,1000,False,0.0,0.0,1.0,0.6568421052631579,163,326.0,0.0,False,0.0,0.0,0.0,,,52,person,0.1,0.5,region_crc,segformer_b2_cityscapes_mcdrop8,acdc_rain_targetcal25,7,
1.0,1000,True,0.0,0.0,1.0,0.6568421052631579,163,326.0,0.0,False,0.0,0.0,0.0,,,52,person,0.1,0.5,heuristic,segformer_b2_cityscapes_mcdrop8,acdc_rain_targetcal25,7,
,-1,True,,0.7592590095657581,0.001877583796158433,,475,,,False,,,,,,52,person,0.1,0.5,argmax,segformer_b2_cityscapes_mcdrop8,acdc_rain_targetcal25,7,0.696319018404908
1.0,1000,True,0.0,0.0,1.0,0.6568421052631579,163,326.0,0.0,False,0.0,0.0,0.0,,,52,person,0.2,0.5,region_crc,segformer_b2_cityscapes_mcdrop8,acdc_rain_targetcal25,7,
0.997,997,True,0.10316973415132923,0.10316973415132924,0.039044734090566635,0.6568421052631579,163,326.0,0.13263157894736843,False,0.0972972972972973,0.0847457627118644,0.0,,,52,person,0.2,0.5,heuristic,segformer_b2_cityscapes_mcdrop8,acdc_rain_targetcal25,7,
,-1,True,,0.7592590095657581,0.001877583796158433,,475,,,False,,,,,,52,person,0.2,0.5,argmax,segformer_b2_cityscapes_mcdrop8,acdc_rain_targetcal25,7,0.696319018404908
1.0,1000,False,0.0,0.0,1.0,0.9452631578947368,26,36.0,0.0,False,0.0,0.0,0.0,,,52,rider,0.05,0.1,region_crc,segformer_b2_cityscapes_mcdrop8,acdc_rain_targetcal25,2,
0.998,998,True,0.3333333333333333,0.3333333333333333,0.0075119249522686005,0.9452631578947368,26,36.0,0.16631578947368425,False,0.46153846153846156,0.0,0.0,,,52,rider,0.05,0.1,heuristic,segformer_b2_cityscapes_mcdrop8,acdc_rain_targetcal25,2,
,-1,True,,0.8269230769230769,0.0002333617740077898,,475,,,False,,,,,,52,rider,0.05,0.1,argmax,segformer_b2_cityscapes_mcdrop8,acdc_rain_targetcal25,2,0.8333333333333334
1.0,1000,False,0.0,0.0,1.0,0.9452631578947368,26,36.0,0.0,False,0.0,0.0,0.0,,,52,rider,0.1,0.1,region_crc,segformer_b2_cityscapes_mcdrop8,acdc_rain_targetcal25,2,
0.998,998,True,0.3333333333333333,0.3333333333333333,0.0075119249522686005,0.9452631578947368,26,36.0,0.16631578947368425,False,0.46153846153846156,0.0,0.0,,,52,rider,0.1,0.1,heuristic,segformer_b2_cityscapes_mcdrop8,acdc_rain_targetcal25,2,
,-1,True,,0.8269230769230769,0.0002333617740077898,,475,,,False,,,,,,52,rider,0.1,0.1,argmax,segformer_b2_cityscapes_mcdrop8,acdc_rain_targetcal25,2,0.8333333333333334
1.0,1000,False,0.0,0.0,1.0,0.9452631578947368,26,36.0,0.0,False,0.0,0.0,0.0,,,52,rider,0.2,0.1,region_crc,segformer_b2_cityscapes_mcdrop8,acdc_rain_targetcal25,2,
0.998,998,True,0.3333333333333333,0.3333333333333333,0.0075119249522686005,0.9452631578947368,26,36.0,0.16631578947368425,False,0.46153846153846156,0.0,0.0,,,52,rider,0.2,0.1,heuristic,segformer_b2_cityscapes_mcdrop8,acdc_rain_targetcal25,2,
,-1,True,,0.8269230769230769,0.0002333617740077898,,475,,,False,,,,,,52,rider,0.2,0.1,argmax,segformer_b2_cityscapes_mcdrop8,acdc_rain_targetcal25,2,0.8333333333333334
1.0,1000,False,0.0,0.0,1.0,0.9452631578947368,26,36.0,0.0,False,0.0,0.0,0.0,,,52,rider,0.05,0.5,region_crc,segformer_b2_cityscapes_mcdrop8,acdc_rain_targetcal25,2,
1.0,1000,True,0.0,0.0,1.0,0.9452631578947368,26,36.0,0.0,False,0.0,0.0,0.0,,,52,rider,0.05,0.5,heuristic,segformer_b2_cityscapes_mcdrop8,acdc_rain_targetcal25,2,
,-1,True,,0.8846153846153846,0.0002333617740077898,,475,,,False,,,,,,52,rider,0.05,0.5,argmax,segformer_b2_cityscapes_mcdrop8,acdc_rain_targetcal25,2,0.8888888888888888
1.0,1000,False,0.0,0.0,1.0,0.9452631578947368,26,36.0,0.0,False,0.0,0.0,0.0,,,52,rider,0.1,0.5,region_crc,segformer_b2_cityscapes_mcdrop8,acdc_rain_targetcal25,2,
1.0,1000,True,0.0,0.0,1.0,0.9452631578947368,26,36.0,0.0,False,0.0,0.0,0.0,,,52,rider,0.1,0.5,heuristic,segformer_b2_cityscapes_mcdrop8,acdc_rain_targetcal25,2,
,-1,True,,0.8846153846153846,0.0002333617740077898,,475,,,False,,,,,,52,rider,0.1,0.5,argmax,segformer_b2_cityscapes_mcdrop8,acdc_rain_targetcal25,2,0.8888888888888888
1.0,1000,False,0.0,0.0,1.0,0.9452631578947368,26,36.0,0.0,False,0.0,0.0,0.0,,,52,rider,0.2,0.5,region_crc,segformer_b2_cityscapes_mcdrop8,acdc_rain_targetcal25,2,
1.0,1000,True,0.0,0.0,1.0,0.9452631578947368,26,36.0,0.0,False,0.0,0.0,0.0,,,52,rider,0.2,0.5,heuristic,segformer_b2_cityscapes_mcdrop8,acdc_rain_targetcal25,2,
,-1,True,,0.8846153846153846,0.0002333617740077898,,475,,,False,,,,,,52,rider,0.2,0.5,argmax,segformer_b2_cityscapes_mcdrop8,acdc_rain_targetcal25,2,0.8888888888888888
1.0,1000,False,0.0,0.0,1.0,0.84,76,143.0,0.0,False,0.0,0.0,0.0,,,52,bicycle,0.05,0.1,region_crc,segformer_b2_cityscapes_mcdrop8,acdc_rain_targetcal25,7,
1.0,1000,True,0.0,0.0,1.0,0.84,76,143.0,0.0,False,0.0,0.0,0.0,,,52,bicycle,0.05,0.1,heuristic,segformer_b2_cityscapes_mcdrop8,acdc_rain_targetcal25,7,
,-1,True,,0.7527882205513784,0.0010960475774481893,,475,,,False,,,,,,52,bicycle,0.05,0.1,argmax,segformer_b2_cityscapes_mcdrop8,acdc_rain_targetcal25,7,0.7202797202797203
1.0,1000,False,0.0,0.0,1.0,0.84,76,143.0,0.0,False,0.0,0.0,0.0,,,52,bicycle,0.1,0.1,region_crc,segformer_b2_cityscapes_mcdrop8,acdc_rain_targetcal25,7,
1.0,1000,True,0.0,0.0,1.0,0.84,76,143.0,0.0,False,0.0,0.0,0.0,,,52,bicycle,0.1,0.1,heuristic,segformer_b2_cityscapes_mcdrop8,acdc_rain_targetcal25,7,
,-1,True,,0.7527882205513784,0.0010960475774481893,,475,,,False,,,,,,52,bicycle,0.1,0.1,argmax,segformer_b2_cityscapes_mcdrop8,acdc_rain_targetcal25,7,0.7202797202797203
1.0,1000,True,0.0,0.0,1.0,0.84,76,143.0,0.0,False,0.0,0.0,0.0,,,52,bicycle,0.2,0.1,region_crc,segformer_b2_cityscapes_mcdrop8,acdc_rain_targetcal25,7,
1.0,1000,True,0.0,0.0,1.0,0.84,76,143.0,0.0,False,0.0,0.0,0.0,,,52,bicycle,0.2,0.1,heuristic,segformer_b2_cityscapes_mcdrop8,acdc_rain_targetcal25,7,
,-1,True,,0.7527882205513784,0.0010960475774481893,,475,,,False,,,,,,52,bicycle,0.2,0.1,argmax,segformer_b2_cityscapes_mcdrop8,acdc_rain_targetcal25,7,0.7202797202797203
1.0,1000,False,0.0,0.0,1.0,0.84,76,143.0,0.0,False,0.0,0.0,0.0,,,52,bicycle,0.05,0.5,region_crc,segformer_b2_cityscapes_mcdrop8,acdc_rain_targetcal25,7,
1.0,1000,True,0.0,0.0,1.0,0.84,76,143.0,0.0,False,0.0,0.0,0.0,,,52,bicycle,0.05,0.5,heuristic,segformer_b2_cityscapes_mcdrop8,acdc_rain_targetcal25,7,
,-1,True,,0.7663847117794486,0.0010960475774481893,,475,,,False,,,,,,52,bicycle,0.05,0.5,argmax,segformer_b2_cityscapes_mcdrop8,acdc_rain_targetcal25,7,0.7412587412587412
1.0,1000,False,0.0,0.0,1.0,0.84,76,143.0,0.0,False,0.0,0.0,0.0,,,52,bicycle,0.1,0.5,region_crc,segformer_b2_cityscapes_mcdrop8,acdc_rain_targetcal25,7,
1.0,1000,True,0.0,0.0,1.0,0.84,76,143.0,0.0,False,0.0,0.0,0.0,,,52,bicycle,0.1,0.5,heuristic,segformer_b2_cityscapes_mcdrop8,acdc_rain_targetcal25,7,
,-1,True,,0.7663847117794486,0.0010960475774481893,,475,,,False,,,,,,52,bicycle,0.1,0.5,argmax,segformer_b2_cityscapes_mcdrop8,acdc_rain_targetcal25,7,0.7412587412587412
1.0,1000,True,0.0,0.0,1.0,0.84,76,143.0,0.0,False,0.0,0.0,0.0,,,52,bicycle,0.2,0.5,region_crc,segformer_b2_cityscapes_mcdrop8,acdc_rain_targetcal25,7,
1.0,1000,True,0.0,0.0,1.0,0.84,76,143.0,0.0,False,0.0,0.0,0.0,,,52,bicycle,0.2,0.5,heuristic,segformer_b2_cityscapes_mcdrop8,acdc_rain_targetcal25,7,
,-1,True,,0.7663847117794486,0.0010960475774481893,,475,,,False,,,,,,52,bicycle,0.2,0.5,argmax,segformer_b2_cityscapes_mcdrop8,acdc_rain_targetcal25,7,0.7412587412587412
1.0,1000,False,0.0,0.0,1.0,0.6631578947368421,160,316.0,0.0,False,0.0,0.0,0.0,,,53,person,0.05,0.1,region_crc,segformer_b2_cityscapes_mcdrop8,acdc_rain_targetcal25,10,
0.99,990,True,0.11934027777777778,0.11934027777777778,0.022491708397865295,0.6631578947368421,160,316.0,0.16421052631578947,False,0.1452513966480447,0.05263157894736842,0.0,,,53,person,0.05,0.1,heuristic,segformer_b2_cityscapes_mcdrop8,acdc_rain_targetcal25,10,
,-1,True,,0.6268631715506715,0.0018551158718764782,,475,,,False,,,,,,53,person,0.05,0.1,argmax,segformer_b2_cityscapes_mcdrop8,acdc_rain_targetcal25,10,0.5791139240506329
0.99,990,True,0.11934027777777778,0.11934027777777778,0.022491708397865295,0.6631578947368421,160,316.0,0.16421052631578947,False,0.1452513966480447,0.05263157894736842,0.0,,,53,person,0.1,0.1,region_crc,segformer_b2_cityscapes_mcdrop8,acdc_rain_targetcal25,10,
0.99,990,True,0.11934027777777778,0.11934027777777778,0.022491708397865295,0.6631578947368421,160,316.0,0.16421052631578947,False,0.1452513966480447,0.05263157894736842,0.0,,,53,person,0.1,0.1,heuristic,segformer_b2_cityscapes_mcdrop8,acdc_rain_targetcal25,10,
,-1,True,,0.6268631715506715,0.0018551158718764782,,475,,,False,,,,,,53,person,0.1,0.1,argmax,segformer_b2_cityscapes_mcdrop8,acdc_rain_targetcal25,10,0.5791139240506329
0.99,990,True,0.11934027777777778,0.11934027777777778,0.022491708397865295,0.6631578947368421,160,316.0,0.16421052631578947,False,0.1452513966480447,0.05263157894736842,0.0,,,53,person,0.2,0.1,region_crc,segformer_b2_cityscapes_mcdrop8,acdc_rain_targetcal25,10,
0.982,982,True,0.17736111111111114,0.17736111111111114,0.01663239672780037,15.922105263157894,160,316.0,0.14526315789473687,False,0.22346368715083798,0.08771929824561403,0.0,,,53,person,0.2,0.1,heuristic,segformer_b2_cityscapes_mcdrop8,acdc_rain_targetcal25,10,
,-1,True,,0.6268631715506715,0.0018551158718764782,,475,,,False,,,,,,53,person,0.2,0.1,argmax,segformer_b2_cityscapes_mcdrop8,acdc_rain_targetcal25,10,0.5791139240506329
1.0,1000,False,0.0,0.0,1.0,0.6631578947368421,160,316.0,0.0,False,0.0,0.0,0.0,,,53,person,0.05,0.5,region_crc,segformer_b2_cityscapes_mcdrop8,acdc_rain_targetcal25,10,
0.997,997,True,0.11135416666666667,0.11135416666666667,0.0391882099211216,0.6631578947368421,160,316.0,0.17263157894736847,False,0.1005586592178771,0.09649122807017543,0.0,,,53,person,0.05,0.5,heuristic,segformer_b2_cityscapes_mcdrop8,acdc_rain_targetcal25,10,
,-1,True,,0.7568284493284493,0.0018551158718764782,,475,,,False,,,,,,53,person,0.05,0.5,argmax,segformer_b2_cityscapes_mcdrop8,acdc_rain_targetcal25,10,0.6930379746835443
0.997,997,True,0.11135416666666667,0.11135416666666667,0.0391882099211216,0.6631578947368421,160,316.0,0.17263157894736847,False,0.1005586592178771,0.09649122807017543,0.0,,,53,person,0.1,0.5,region_crc,segformer_b2_cityscapes_mcdrop8,acdc_rain_targetcal25,10,
0.993,993,True,0.17267361111111112,0.17267361111111112,0.026736589148640633,0.6631578947368421,160,316.0,0.17263157894736836,False,0.18994413407821228,0.11403508771929824,0.0,,,53,person,0.1,0.5,heuristic,segformer_b2_cityscapes_mcdrop8,acdc_rain_targetcal25,10,
,-1,True,,0.7568284493284493,0.0018551158718764782,,475,,,False,,,,,,53,person,0.1,0.5,argmax,segformer_b2_cityscapes_mcdrop8,acdc_rain_targetcal25,10,0.6930379746835443
0.993,993,True,0.17267361111111112,0.17267361111111112,0.026736589148640633,0.6631578947368421,160,316.0,0.17263157894736836,False,0.18994413407821228,0.11403508771929824,0.0,,,53,person,0.2,0.5,region_crc,segformer_b2_cityscapes_mcdrop8,acdc_rain_targetcal25,10,
0.992,992,True,0.19242521367521367,0.19242521367521367,0.025085648521780968,0.6631578947368421,160,316.0,0.17263157894736836,False,0.21787709497206703,0.12280701754385964,0.0,,,53,person,0.2,0.5,heuristic,segformer_b2_cityscapes_mcdrop8,acdc_rain_targetcal25,10,
,-1,True,,0.7568284493284493,0.0018551158718764782,,475,,,False,,,,,,53,person,0.2,0.5,argmax,segformer_b2_cityscapes_mcdrop8,acdc_rain_targetcal25,10,0.6930379746835443
1.0,1000,False,0.0,0.0,1.0,0.9494736842105264,24,33.0,0.0,False,0.0,0.0,0.0,,,53,rider,0.05,0.1,region_crc,segformer_b2_cityscapes_mcdrop8,acdc_rain_targetcal25,4,
0.998,998,True,0.3611111111111111,0.3611111111111111,0.00739987613633275,0.9494736842105264,24,33.0,0.11157894736842106,False,0.5217391304347826,0.0,0.0,,,53,rider,0.05,0.1,heuristic,segformer_b2_cityscapes_mcdrop8,acdc_rain_targetcal25,4,
,-1,True,,0.7708333333333334,0.00023863812384661287,,475,,,False,,,,,,53,rider,0.05,0.1,argmax,segformer_b2_cityscapes_mcdrop8,acdc_rain_targetcal25,4,0.7878787878787878
1.0,1000,False,0.0,0.0,1.0,0.9494736842105264,24,33.0,0.0,False,0.0,0.0,0.0,,,53,rider,0.1,0.1,region_crc,segformer_b2_cityscapes_mcdrop8,acdc_rain_targetcal25,4,
0.998,998,True,0.3611111111111111,0.3611111111111111,0.00739987613633275,0.9494736842105264,24,33.0,0.11157894736842106,False,0.5217391304347826,0.0,0.0,,,53,rider,0.1,0.1,heuristic,segformer_b2_cityscapes_mcdrop8,acdc_rain_targetcal25,4,
,-1,True,,0.7708333333333334,0.00023863812384661287,,475,,,False,,,,,,53,rider,0.1,0.1,argmax,segformer_b2_cityscapes_mcdrop8,acdc_rain_targetcal25,4,0.7878787878787878
0.998,998,True,0.3611111111111111,0.3611111111111111,0.00739987613633275,0.9494736842105264,24,33.0,0.11157894736842106,False,0.5217391304347826,0.0,0.0,,,53,rider,0.2,0.1,region_crc,segformer_b2_cityscapes_mcdrop8,acdc_rain_targetcal25,4,
0.998,998,True,0.3611111111111111,0.3611111111111111,0.00739987613633275,0.9494736842105264,24,33.0,0.11157894736842106,False,0.5217391304347826,0.0,0.0,,,53,rider,0.2,0.1,heuristic,segformer_b2_cityscapes_mcdrop8,acdc_rain_targetcal25,4,
,-1,True,,0.7708333333333334,0.00023863812384661287,,475,,,False,,,,,,53,rider,0.2,0.1,argmax,segformer_b2_cityscapes_mcdrop8,acdc_rain_targetcal25,4,0.7878787878787878
1.0,1000,False,0.0,0.0,1.0,0.9494736842105264,24,33.0,0.0,False,0.0,0.0,0.0,,,53,rider,0.05,0.5,region_crc,segformer_b2_cityscapes_mcdrop8,acdc_rain_targetcal25,4,
1.0,1000,True,0.0,0.0,1.0,0.9494736842105264,24,33.0,0.0,False,0.0,0.0,0.0,,,53,rider,0.05,0.5,heuristic,segformer_b2_cityscapes_mcdrop8,acdc_rain_targetcal25,4,
,-1,True,,0.8333333333333334,0.00023863812384661287,,475,,,False,,,,,,53,rider,0.05,0.5,argmax,segformer_b2_cityscapes_mcdrop8,acdc_rain_targetcal25,4,0.8484848484848485
1.0,1000,False,0.0,0.0,1.0,0.9494736842105264,24,33.0,0.0,False,0.0,0.0,0.0,,,53,rider,0.1,0.5,region_crc,segformer_b2_cityscapes_mcdrop8,acdc_rain_targetcal25,4,
1.0,1000,True,0.0,0.0,1.0,0.9494736842105264,24,33.0,0.0,False,0.0,0.0,0.0,,,53,rider,0.1,0.5,heuristic,segformer_b2_cityscapes_mcdrop8,acdc_rain_targetcal25,4,
,-1,True,,0.8333333333333334,0.00023863812384661287,,475,,,False,,,,,,53,rider,0.1,0.5,argmax,segformer_b2_cityscapes_mcdrop8,acdc_rain_targetcal25,4,0.8484848484848485
1.0,1000,True,0.0,0.0,1.0,0.9494736842105264,24,33.0,0.0,False,0.0,0.0,0.0,,,53,rider,0.2,0.5,region_crc,segformer_b2_cityscapes_mcdrop8,acdc_rain_targetcal25,4,
1.0,1000,True,0.0,0.0,1.0,0.9494736842105264,24,33.0,0.0,False,0.0,0.0,0.0,,,53,rider,0.2,0.5,heuristic,segformer_b2_cityscapes_mcdrop8,acdc_rain_targetcal25,4,
,-1,True,,0.8333333333333334,0.00023863812384661287,,475,,,False,,,,,,53,rider,0.2,0.5,argmax,segformer_b2_cityscapes_mcdrop8,acdc_rain_targetcal25,4,0.8484848484848485
1.0,1000,False,0.0,0.0,1.0,0.8421052631578947,75,147.0,0.0,False,0.0,0.0,0.0,,,53,bicycle,0.05,0.1,region_crc,segformer_b2_cityscapes_mcdrop8,acdc_rain_targetcal25,8,
1.0,1000,True,0.0,0.0,1.0,0.8421052631578947,75,147.0,0.0,False,0.0,0.0,0.0,,,53,bicycle,0.05,0.1,heuristic,segformer_b2_cityscapes_mcdrop8,acdc_rain_targetcal25,8,
,-1,True,,0.7561587301587301,0.0010900635970756412,,475,,,False,,,,,,53,bicycle,0.05,0.1,argmax,segformer_b2_cityscapes_mcdrop8,acdc_rain_targetcal25,8,0.7414965986394558
1.0,1000,False,0.0,0.0,1.0,0.8421052631578947,75,147.0,0.0,False,0.0,0.0,0.0,,,53,bicycle,0.1,0.1,region_crc,segformer_b2_cityscapes_mcdrop8,acdc_rain_targetcal25,8,
1.0,1000,True,0.0,0.0,1.0,0.8421052631578947,75,147.0,0.0,False,0.0,0.0,0.0,,,53,bicycle,0.1,0.1,heuristic,segformer_b2_cityscapes_mcdrop8,acdc_rain_targetcal25,8,
,-1,True,,0.7561587301587301,0.0010900635970756412,,475,,,False,,,,,,53,bicycle,0.1,0.1,argmax,segformer_b2_cityscapes_mcdrop8,acdc_rain_targetcal25,8,0.7414965986394558
1.0,1000,True,0.0,0.0,1.0,0.8421052631578947,75,147.0,0.0,False,0.0,0.0,0.0,,,53,bicycle,0.2,0.1,region_crc,segformer_b2_cityscapes_mcdrop8,acdc_rain_targetcal25,8,
0.998,998,True,0.21523809523809523,0.21523809523809523,0.02054508775472641,0.8421052631578947,75,147.0,0.13473684210526315,False,0.3125,0.07407407407407407,0.0,,,53,bicycle,0.2,0.1,heuristic,segformer_b2_cityscapes_mcdrop8,acdc_rain_targetcal25,8,
,-1,True,,0.7561587301587301,0.0010900635970756412,,475,,,False,,,,,,53,bicycle,0.2,0.1,argmax,segformer_b2_cityscapes_mcdrop8,acdc_rain_targetcal25,8,0.7414965986394558
1.0,1000,False,0.0,0.0,1.0,0.8421052631578947,75,147.0,0.0,False,0.0,0.0,0.0,,,53,bicycle,0.05,0.5,region_crc,segformer_b2_cityscapes_mcdrop8,acdc_rain_targetcal25,8,
1.0,1000,True,0.0,0.0,1.0,0.8421052631578947,75,147.0,0.0,False,0.0,0.0,0.0,,,53,bicycle,0.05,0.5,heuristic,segformer_b2_cityscapes_mcdrop8,acdc_rain_targetcal25,8,
,-1,True,,0.7832698412698412,0.0010900635970756412,,475,,,False,,,,,,53,bicycle,0.05,0.5,argmax,segformer_b2_cityscapes_mcdrop8,acdc_rain_targetcal25,8,0.7687074829931972
1.0,1000,False,0.0,0.0,1.0,0.8421052631578947,75,147.0,0.0,False,0.0,0.0,0.0,,,53,bicycle,0.1,0.5,region_crc,segformer_b2_cityscapes_mcdrop8,acdc_rain_targetcal25,8,
1.0,1000,True,0.0,0.0,1.0,0.8421052631578947,75,147.0,0.0,False,0.0,0.0,0.0,,,53,bicycle,0.1,0.5,heuristic,segformer_b2_cityscapes_mcdrop8,acdc_rain_targetcal25,8,
,-1,True,,0.7832698412698412,0.0010900635970756412,,475,,,False,,,,,,53,bicycle,0.1,0.5,argmax,segformer_b2_cityscapes_mcdrop8,acdc_rain_targetcal25,8,0.7687074829931972
1.0,1000,True,0.0,0.0,1.0,0.8421052631578947,75,147.0,0.0,False,0.0,0.0,0.0,,,53,bicycle,0.2,0.5,region_crc,segformer_b2_cityscapes_mcdrop8,acdc_rain_targetcal25,8,
0.999,999,True,0.22412698412698415,0.22412698412698415,0.02832806296646595,0.8421052631578947,75,147.0,0.14105263157894737,False,0.2875,0.1111111111111111,0.0,,,53,bicycle,0.2,0.5,heuristic,segformer_b2_cityscapes_mcdrop8,acdc_rain_targetcal25,8,
,-1,True,,0.7832698412698412,0.0010900635970756412,,475,,,False,,,,,,53,bicycle,0.2,0.5,argmax,segformer_b2_cityscapes_mcdrop8,acdc_rain_targetcal25,8,0.7687074829931972
1.0,1000,False,0.0,0.0,1.0,0.6526315789473685,165,320.0,0.0,False,0.0,0.0,0.0,,,54,person,0.05,0.1,region_crc,segformer_b2_cityscapes_mcdrop8,acdc_rain_targetcal25,5,
0.9500000000000001,950,True,0.320999740999741,0.320999740999741,0.009095442481338978,10.673684210526316,165,320.0,0.14315789473684215,False,0.39344262295081966,0.16666666666666666,0.0,,,54,person,0.05,0.1,heuristic,segformer_b2_cityscapes_mcdrop8,acdc_rain_targetcal25,5,
,-1,True,,0.6384589484589485,0.001841333694756031,,475,,,False,,,,,,54,person,0.05,0.1,argmax,segformer_b2_cityscapes_mcdrop8,acdc_rain_targetcal25,5,0.596875
1.0,1000,False,0.0,0.0,1.0,0.6526315789473685,165,320.0,0.0,False,0.0,0.0,0.0,,,54,person,0.1,0.1,region_crc,segformer_b2_cityscapes_mcdrop8,acdc_rain_targetcal25,5,
0.9500000000000001,950,True,0.320999740999741,0.320999740999741,0.009095442481338978,10.673684210526316,165,320.0,0.14315789473684215,False,0.39344262295081966,0.16666666666666666,0.0,,,54,person,0.1,0.1,heuristic,segformer_b2_cityscapes_mcdrop8,acdc_rain_targetcal25,5,
,-1,True,,0.6384589484589485,0.001841333694756031,,475,,,False,,,,,,54,person,0.1,0.1,argmax,segformer_b2_cityscapes_mcdrop8,acdc_rain_targetcal25,5,0.596875
0.9500000000000001,950,True,0.320999740999741,0.320999740999741,0.009095442481338978,10.673684210526316,165,320.0,0.14315789473684215,False,0.39344262295081966,0.16666666666666666,0.0,,,54,person,0.2,0.1,region_crc,segformer_b2_cityscapes_mcdrop8,acdc_rain_targetcal25,5,
0.9500000000000001,950,True,0.320999740999741,0.320999740999741,0.009095442481338978,10.673684210526316,165,320.0,0.14315789473684215,False,0.39344262295081966,0.16666666666666666,0.0,,,54,person,0.2,0.1,heuristic,segformer_b2_cityscapes_mcdrop8,acdc_rain_targetcal25,5,
,-1,True,,0.6384589484589485,0.001841333694756031,,475,,,False,,,,,,54,person,0.2,0.1,argmax,segformer_b2_cityscapes_mcdrop8,acdc_rain_targetcal25,5,0.596875
1.0,1000,False,0.0,0.0,1.0,0.6526315789473685,165,320.0,0.0,False,0.0,0.0,0.0,,,54,person,0.05,0.5,region_crc,segformer_b2_cityscapes_mcdrop8,acdc_rain_targetcal25,5,
0.981,981,True,0.3152421652421652,0.3152421652421652,0.015974674373865128,15.890526315789474,165,320.0,0.13894736842105262,False,0.36065573770491804,0.17543859649122806,0.043478260869565216,,,54,person,0.05,0.5,heuristic,segformer_b2_cityscapes_mcdrop8,acdc_rain_targetcal25,5,
,-1,True,,0.7624656824656825,0.001841333694756031,,475,,,False,,,,,,54,person,0.05,0.5,argmax,segformer_b2_cityscapes_mcdrop8,acdc_rain_targetcal25,5,0.70625
1.0,1000,False,0.0,0.0,1.0,0.6526315789473685,165,320.0,0.0,False,0.0,0.0,0.0,,,54,person,0.1,0.5,region_crc,segformer_b2_cityscapes_mcdrop8,acdc_rain_targetcal25,5,
0.981,981,True,0.3152421652421652,0.3152421652421652,0.015974674373865128,15.890526315789474,165,320.0,0.13894736842105262,False,0.36065573770491804,0.17543859649122806,0.043478260869565216,,,54,person,0.1,0.5,heuristic,segformer_b2_cityscapes_mcdrop8,acdc_rain_targetcal25,5,
,-1,True,,0.7624656824656825,0.001841333694756031,,475,,,False,,,,,,54,person,0.1,0.5,argmax,segformer_b2_cityscapes_mcdrop8,acdc_rain_targetcal25,5,0.70625
0.981,981,True,0.3152421652421652,0.3152421652421652,0.015974674373865128,15.890526315789474,165,320.0,0.13894736842105262,False,0.36065573770491804,0.17543859649122806,0.043478260869565216,,,54,person,0.2,0.5,region_crc,segformer_b2_cityscapes_mcdrop8,acdc_rain_targetcal25,5,
0.981,981,True,0.3152421652421652,0.3152421652421652,0.015974674373865128,15.890526315789474,165,320.0,0.13894736842105262,False,0.36065573770491804,0.17543859649122806,0.043478260869565216,,,54,person,0.2,0.5,heuristic,segformer_b2_cityscapes_mcdrop8,acdc_rain_targetcal25,5,
,-1,True,,0.7624656824656825,0.001841333694756031,,475,,,False,,,,,,54,person,0.2,0.5,argmax,segformer_b2_cityscapes_mcdrop8,acdc_rain_targetcal25,5,0.70625
1.0,1000,False,0.0,0.0,1.0,0.9431578947368421,27,35.0,0.0,False,0.0,0.0,0.0,,,54,rider,0.05,0.1,region_crc,segformer_b2_cityscapes_mcdrop8,acdc_rain_targetcal25,1,
0.972,972,True,0.6481481481481481,0.6481481481481481,0.001547507243230939,1.9747368421052631,27,35.0,0.10736842105263167,False,0.9166666666666666,0.3333333333333333,0.0,,,54,rider,0.05,0.1,heuristic,segformer_b2_cityscapes_mcdrop8,acdc_rain_targetcal25,1,
,-1,True,,0.7962962962962963,0.0002121751313097775,,475,,,False,,,,,,54,rider,0.05,0.1,argmax,segformer_b2_cityscapes_mcdrop8,acdc_rain_targetcal25,1,0.8
1.0,1000,False,0.0,0.0,1.0,0.9431578947368421,27,35.0,0.0,False,0.0,0.0,0.0,,,54,rider,0.1,0.1,region_crc,segformer_b2_cityscapes_mcdrop8,acdc_rain_targetcal25,1,
0.972,972,True,0.6481481481481481,0.6481481481481481,0.001547507243230939,1.9747368421052631,27,35.0,0.10736842105263167,False,0.9166666666666666,0.3333333333333333,0.0,,,54,rider,0.1,0.1,heuristic,segformer_b2_cityscapes_mcdrop8,acdc_rain_targetcal25,1,
,-1,True,,0.7962962962962963,0.0002121751313097775,,475,,,False,,,,,,54,rider,0.1,0.1,argmax,segformer_b2_cityscapes_mcdrop8,acdc_rain_targetcal25,1,0.8
1.0,1000,False,0.0,0.0,1.0,0.9431578947368421,27,35.0,0.0,False,0.0,0.0,0.0,,,54,rider,0.2,0.1,region_crc,segformer_b2_cityscapes_mcdrop8,acdc_rain_targetcal25,1,
0.972,972,True,0.6481481481481481,0.6481481481481481,0.001547507243230939,1.9747368421052631,27,35.0,0.10736842105263167,False,0.9166666666666666,0.3333333333333333,0.0,,,54,rider,0.2,0.1,heuristic,segformer_b2_cityscapes_mcdrop8,acdc_rain_targetcal25,1,
,-1,True,,0.7962962962962963,0.0002121751313097775,,475,,,False,,,,,,54,rider,0.2,0.1,argmax,segformer_b2_cityscapes_mcdrop8,acdc_rain_targetcal25,1,0.8
1.0,1000,False,0.0,0.0,1.0,0.9431578947368421,27,35.0,0.0,False,0.0,0.0,0.0,,,54,rider,0.05,0.5,region_crc,segformer_b2_cityscapes_mcdrop8,acdc_rain_targetcal25,1,
0.975,975,True,0.7222222222222222,0.7222222222222222,0.001660071313381195,1.9747368421052631,27,35.0,0.09473684210526312,False,0.9583333333333334,0.3333333333333333,0.2,,,54,rider,0.05,0.5,heuristic,segformer_b2_cityscapes_mcdrop8,acdc_rain_targetcal25,1,
,-1,True,,0.8518518518518519,0.0002121751313097775,,475,,,False,,,,,,54,rider,0.05,0.5,argmax,segformer_b2_cityscapes_mcdrop8,acdc_rain_targetcal25,1,0.8571428571428571
1.0,1000,False,0.0,0.0,1.0,0.9431578947368421,27,35.0,0.0,False,0.0,0.0,0.0,,,54,rider,0.1,0.5,region_crc,segformer_b2_cityscapes_mcdrop8,acdc_rain_targetcal25,1,
0.975,975,True,0.7222222222222222,0.7222222222222222,0.001660071313381195,1.9747368421052631,27,35.0,0.09473684210526312,False,0.9583333333333334,0.3333333333333333,0.2,,,54,rider,0.1,0.5,heuristic,segformer_b2_cityscapes_mcdrop8,acdc_rain_targetcal25,1,
,-1,True,,0.8518518518518519,0.0002121751313097775,,475,,,False,,,,,,54,rider,0.1,0.5,argmax,segformer_b2_cityscapes_mcdrop8,acdc_rain_targetcal25,1,0.8571428571428571
1.0,1000,False,0.0,0.0,1.0,0.9431578947368421,27,35.0,0.0,False,0.0,0.0,0.0,,,54,rider,0.2,0.5,region_crc,segformer_b2_cityscapes_mcdrop8,acdc_rain_targetcal25,1,
0.975,975,True,0.7222222222222222,0.7222222222222222,0.001660071313381195,1.9747368421052631,27,35.0,0.09473684210526312,False,0.9583333333333334,0.3333333333333333,0.2,,,54,rider,0.2,0.5,heuristic,segformer_b2_cityscapes_mcdrop8,acdc_rain_targetcal25,1,
,-1,True,,0.8518518518518519,0.0002121751313097775,,475,,,False,,,,,,54,rider,0.2,0.5,argmax,segformer_b2_cityscapes_mcdrop8,acdc_rain_targetcal25,1,0.8571428571428571
1.0,1000,False,0.0,0.0,1.0,0.8273684210526315,82,158.0,0.0,False,0.0,0.0,0.0,,,54,bicycle,0.05,0.1,region_crc,segformer_b2_cityscapes_mcdrop8,acdc_rain_targetcal25,1,
0.9530000000000001,953,True,0.47793263646922185,0.47793263646922185,0.0039923605509102345,3.869473684210526,82,158.0,0.14526315789473693,False,0.6162790697674418,0.3103448275862069,0.0,,,54,bicycle,0.05,0.1,heuristic,segformer_b2_cityscapes_mcdrop8,acdc_rain_targetcal25,1,
,-1,True,,0.746486643437863,0.0011353434529155493,,475,,,False,,,,,,54,bicycle,0.05,0.1,argmax,segformer_b2_cityscapes_mcdrop8,acdc_rain_targetcal25,1,0.7278481012658228
1.0,1000,False,0.0,0.0,1.0,0.8273684210526315,82,158.0,0.0,False,0.0,0.0,0.0,,,54,bicycle,0.1,0.1,region_crc,segformer_b2_cityscapes_mcdrop8,acdc_rain_targetcal25,1,
0.9530000000000001,953,True,0.47793263646922185,0.47793263646922185,0.0039923605509102345,3.869473684210526,82,158.0,0.14526315789473693,False,0.6162790697674418,0.3103448275862069,0.0,,,54,bicycle,0.1,0.1,heuristic,segformer_b2_cityscapes_mcdrop8,acdc_rain_targetcal25,1,
,-1,True,,0.746486643437863,0.0011353434529155493,,475,,,False,,,,,,54,bicycle,0.1,0.1,argmax,segformer_b2_cityscapes_mcdrop8,acdc_rain_targetcal25,1,0.7278481012658228
1.0,1000,False,0.0,0.0,1.0,0.8273684210526315,82,158.0,0.0,False,0.0,0.0,0.0,,,54,bicycle,0.2,0.1,region_crc,segformer_b2_cityscapes_mcdrop8,acdc_rain_targetcal25,1,
0.9530000000000001,953,True,0.47793263646922185,0.47793263646922185,0.0039923605509102345,3.869473684210526,82,158.0,0.14526315789473693,False,0.6162790697674418,0.3103448275862069,0.0,,,54,bicycle,0.2,0.1,heuristic,segformer_b2_cityscapes_mcdrop8,acdc_rain_targetcal25,1,
,-1,True,,0.746486643437863,0.0011353434529155493,,475,,,False,,,,,,54,bicycle,0.2,0.1,argmax,segformer_b2_cityscapes_mcdrop8,acdc_rain_targetcal25,1,0.7278481012658228
1.0,1000,False,0.0,0.0,1.0,0.8273684210526315,82,158.0,0.0,False,0.0,0.0,0.0,,,54,bicycle,0.05,0.5,region_crc,segformer_b2_cityscapes_mcdrop8,acdc_rain_targetcal25,1,
0.979,979,True,0.5128919860627178,0.5128919860627178,0.00620930315926671,6.24421052631579,82,158.0,0.16000000000000003,False,0.6162790697674418,0.39655172413793105,0.0,,,54,bicycle,0.05,0.5,heuristic,segformer_b2_cityscapes_mcdrop8,acdc_rain_targetcal25,1,
,-1,True,,0.7712833914053426,0.0011353434529155493,,475,,,False,,,,,,54,bicycle,0.05,0.5,argmax,segformer_b2_cityscapes_mcdrop8,acdc_rain_targetcal25,1,0.7531645569620253
1.0,1000,False,0.0,0.0,1.0,0.8273684210526315,82,158.0,0.0,False,0.0,0.0,0.0,,,54,bicycle,0.1,0.5,region_crc,segformer_b2_cityscapes_mcdrop8,acdc_rain_targetcal25,1,
0.979,979,True,0.5128919860627178,0.5128919860627178,0.00620930315926671,6.24421052631579,82,158.0,0.16000000000000003,False,0.6162790697674418,0.39655172413793105,0.0,,,54,bicycle,0.1,0.5,heuristic,segformer_b2_cityscapes_mcdrop8,acdc_rain_targetcal25,1,
,-1,True,,0.7712833914053426,0.0011353434529155493,,475,,,False,,,,,,54,bicycle,0.1,0.5,argmax,segformer_b2_cityscapes_mcdrop8,acdc_rain_targetcal25,1,0.7531645569620253
1.0,1000,False,0.0,0.0,1.0,0.8273684210526315,82,158.0,0.0,False,0.0,0.0,0.0,,,54,bicycle,0.2,0.5,region_crc,segformer_b2_cityscapes_mcdrop8,acdc_rain_targetcal25,1,
0.979,979,True,0.5128919860627178,0.5128919860627178,0.00620930315926671,6.24421052631579,82,158.0,0.16000000000000003,False,0.6162790697674418,0.39655172413793105,0.0,,,54,bicycle,0.2,0.5,heuristic,segformer_b2_cityscapes_mcdrop8,acdc_rain_targetcal25,1,
,-1,True,,0.7712833914053426,0.0011353434529155493,,475,,,False,,,,,,54,bicycle,0.2,0.5,argmax,segformer_b2_cityscapes_mcdrop8,acdc_rain_targetcal25,1,0.7531645569620253
1.0,1000,False,0.0,0.0,1.0,0.6631578947368421,160,320.0,0.0,False,0.0,0.0,0.0,,,55,person,0.05,0.1,region_crc,segformer_b2_cityscapes_mcdrop8,acdc_rain_targetcal25,10,
0.99,990,True,0.11777777777777779,0.11777777777777779,0.022447405382990837,0.6631578947368421,160,320.0,0.1936842105263158,False,0.1404494382022472,0.05042016806722689,0.0,,,55,person,0.05,0.1,heuristic,segformer_b2_cityscapes_mcdrop8,acdc_rain_targetcal25,10,
,-1,True,,0.6279048382173382,0.0018495421390980482,,475,,,False,,,,,,55,person,0.05,0.1,argmax,segformer_b2_cityscapes_mcdrop8,acdc_rain_targetcal25,10,0.58125
0.992,992,True,0.10666666666666666,0.10666666666666666,0.02502317912876606,0.6631578947368421,160,320.0,0.18947368421052635,False,0.11797752808988764,0.05042016806722689,0.0,,,55,person,0.1,0.1,region_crc,segformer_b2_cityscapes_mcdrop8,acdc_rain_targetcal25,10,
0.99,990,True,0.11777777777777779,0.11777777777777779,0.022447405382990837,0.6631578947368421,160,320.0,0.1936842105263158,False,0.1404494382022472,0.05042016806722689,0.0,,,55,person,0.1,0.1,heuristic,segformer_b2_cityscapes_mcdrop8,acdc_rain_targetcal25,10,
,-1,True,,0.6279048382173382,0.0018495421390980482,,475,,,False,,,,,,55,person,0.1,0.1,argmax,segformer_b2_cityscapes_mcdrop8,acdc_rain_targetcal25,10,0.58125
0.99,990,True,0.11777777777777779,0.11777777777777779,0.022447405382990837,0.6631578947368421,160,320.0,0.1936842105263158,False,0.1404494382022472,0.05042016806722689,0.0,,,55,person,0.2,0.1,region_crc,segformer_b2_cityscapes_mcdrop8,acdc_rain_targetcal25,10,
0.98,980,True,0.19659188034188033,0.19659188034188033,0.01569846272468567,15.846315789473683,160,320.0,0.17894736842105263,False,0.23595505617977527,0.09243697478991597,0.0,,,55,person,0.2,0.1,heuristic,segformer_b2_cityscapes_mcdrop8,acdc_rain_targetcal25,10,
,-1,True,,0.6279048382173382,0.0018495421390980482,,475,,,False,,,,,,55,person,0.2,0.1,argmax,segformer_b2_cityscapes_mcdrop8,acdc_rain_targetcal25,10,0.58125
1.0,1000,False,0.0,0.0,1.0,0.6631578947368421,160,320.0,0.0,False,0.0,0.0,0.0,,,55,person,0.05,0.5,region_crc,segformer_b2_cityscapes_mcdrop8,acdc_rain_targetcal25,10,
0.993,993,True,0.1757986111111111,0.1757986111111111,0.026663104072213173,0.6631578947368421,160,320.0,0.18736842105263163,False,0.1853932584269663,0.1092436974789916,0.0,,,55,person,0.05,0.5,heuristic,segformer_b2_cityscapes_mcdrop8,acdc_rain_targetcal25,10,
,-1,True,,0.757870115995116,0.0018495421390980482,,475,,,False,,,,,,55,person,0.05,0.5,argmax,segformer_b2_cityscapes_mcdrop8,acdc_rain_targetcal25,10,0.69375
0.996,996,True,0.12802083333333333,0.12802083333333333,0.03444410488009453,0.6631578947368421,160,320.0,0.18736842105263163,False,0.11797752808988764,0.10084033613445378,0.0,,,55,person,0.1,0.5,region_crc,segformer_b2_cityscapes_mcdrop8,acdc_rain_targetcal25,10,
0.993,993,True,0.1757986111111111,0.1757986111111111,0.026663104072213173,0.6631578947368421,160,320.0,0.18736842105263163,False,0.1853932584269663,0.1092436974789916,0.0,,,55,person,0.1,0.5,heuristic,segformer_b2_cityscapes_mcdrop8,acdc_rain_targetcal25,10,
,-1,True,,0.757870115995116,0.0018495421390980482,,475,,,False,,,,,,55,person,0.1,0.5,argmax,segformer_b2_cityscapes_mcdrop8,acdc_rain_targetcal25,10,0.69375
0.993,993,True,0.1757986111111111,0.1757986111111111,0.026663104072213173,0.6631578947368421,160,320.0,0.18736842105263163,False,0.1853932584269663,0.1092436974789916,0.0,,,55,person,0.2,0.5,region_crc,segformer_b2_cityscapes_mcdrop8,acdc_rain_targetcal25,10,
0.991,991,True,0.21430021367521368,0.21430021367521368,0.023641014471650124,0.6631578947368421,160,320.0,0.19157894736842107,False,0.2247191011235955,0.12605042016806722,0.0,,,55,person,0.2,0.5,heuristic,segformer_b2_cityscapes_mcdrop8,acdc_rain_targetcal25,10,
,-1,True,,0.757870115995116,0.0018495421390980482,,475,,,False,,,,,,55,person,0.2,0.5,argmax,segformer_b2_cityscapes_mcdrop8,acdc_rain_targetcal25,10,0.69375
1.0,1000,False,0.0,0.0,1.0,0.9431578947368421,27,37.0,0.0,False,0.0,0.0,0.0,,,55,rider,0.05,0.1,region_crc,segformer_b2_cityscapes_mcdrop8,acdc_rain_targetcal25,1,
0.318,318,True,0.8703703703703703,0.8703703703703703,9.63243655860424e-05,0.04,27,37.0,0.023157894736842155,False,1.0,0.8,0.2,,,55,rider,0.05,0.1,heuristic,segformer_b2_cityscapes_mcdrop8,acdc_rain_targetcal25,1,
,-1,True,,0.8333333333333334,0.0002498111571185291,,475,,,False,,,,,,55,rider,0.05,0.1,argmax,segformer_b2_cityscapes_mcdrop8,acdc_rain_targetcal25,1,0.8378378378378378
1.0,1000,False,0.0,0.0,1.0,0.9431578947368421,27,37.0,0.0,False,0.0,0.0,0.0,,,55,rider,0.1,0.1,region_crc,segformer_b2_cityscapes_mcdrop8,acdc_rain_targetcal25,1,
0.318,318,True,0.8703703703703703,0.8703703703703703,9.63243655860424e-05,0.04,27,37.0,0.023157894736842155,False,1.0,0.8,0.2,,,55,rider,0.1,0.1,heuristic,segformer_b2_cityscapes_mcdrop8,acdc_rain_targetcal25,1,
,-1,True,,0.8333333333333334,0.0002498111571185291,,475,,,False,,,,,,55,rider,0.1,0.1,argmax,segformer_b2_cityscapes_mcdrop8,acdc_rain_targetcal25,1,0.8378378378378378
1.0,1000,False,0.0,0.0,1.0,0.9431578947368421,27,37.0,0.0,False,0.0,0.0,0.0,,,55,rider,0.2,0.1,region_crc,segformer_b2_cityscapes_mcdrop8,acdc_rain_targetcal25,1,
0.318,318,True,0.8703703703703703,0.8703703703703703,9.63243655860424e-05,0.04,27,37.0,0.023157894736842155,False,1.0,0.8,0.2,,,55,rider,0.2,0.1,heuristic,segformer_b2_cityscapes_mcdrop8,acdc_rain_targetcal25,1,
,-1,True,,0.8333333333333334,0.0002498111571185291,,475,,,False,,,,,,55,rider,0.2,0.1,argmax,segformer_b2_cityscapes_mcdrop8,acdc_rain_targetcal25,1,0.8378378378378378
1.0,1000,False,0.0,0.0,1.0,0.9431578947368421,27,37.0,0.0,False,0.0,0.0,0.0,,,55,rider,0.05,0.5,region_crc,segformer_b2_cityscapes_mcdrop8,acdc_rain_targetcal25,1,
0.518,518,True,0.8888888888888888,0.8888888888888888,0.00016830633103381842,0.08842105263157894,27,37.0,0.027368421052631597,False,1.0,1.0,0.2,,,55,rider,0.05,0.5,heuristic,segformer_b2_cityscapes_mcdrop8,acdc_rain_targetcal25,1,
,-1,True,,0.8888888888888888,0.0002498111571185291,,475,,,False,,,,,,55,rider,0.05,0.5,argmax,segformer_b2_cityscapes_mcdrop8,acdc_rain_targetcal25,1,0.8918918918918919
1.0,1000,False,0.0,0.0,1.0,0.9431578947368421,27,37.0,0.0,False,0.0,0.0,0.0,,,55,rider,0.1,0.5,region_crc,segformer_b2_cityscapes_mcdrop8,acdc_rain_targetcal25,1,
0.518,518,True,0.8888888888888888,0.8888888888888888,0.00016830633103381842,0.08842105263157894,27,37.0,0.027368421052631597,False,1.0,1.0,0.2,,,55,rider,0.1,0.5,heuristic,segformer_b2_cityscapes_mcdrop8,acdc_rain_targetcal25,1,
,-1,True,,0.8888888888888888,0.0002498111571185291,,475,,,False,,,,,,55,rider,0.1,0.5,argmax,segformer_b2_cityscapes_mcdrop8,acdc_rain_targetcal25,1,0.8918918918918919
1.0,1000,False,0.0,0.0,1.0,0.9431578947368421,27,37.0,0.0,False,0.0,0.0,0.0,,,55,rider,0.2,0.5,region_crc,segformer_b2_cityscapes_mcdrop8,acdc_rain_targetcal25,1,
0.518,518,True,0.8888888888888888,0.8888888888888888,0.00016830633103381842,0.08842105263157894,27,37.0,0.027368421052631597,False,1.0,1.0,0.2,,,55,rider,0.2,0.5,heuristic,segformer_b2_cityscapes_mcdrop8,acdc_rain_targetcal25,1,
,-1,True,,0.8888888888888888,0.0002498111571185291,,475,,,False,,,,,,55,rider,0.2,0.5,argmax,segformer_b2_cityscapes_mcdrop8,acdc_rain_targetcal25,1,0.8918918918918919
1.0,1000,False,0.0,0.0,1.0,0.8315789473684211,80,151.0,0.0,False,0.0,0.0,0.0,,,55,bicycle,0.05,0.1,region_crc,segformer_b2_cityscapes_mcdrop8,acdc_rain_targetcal25,3,
0.983,983,True,0.40494047619047624,0.40494047619047624,0.006847641430795193,6.191578947368421,80,151.0,0.11789473684210527,False,0.5714285714285714,0.2,0.0,,,55,bicycle,0.05,0.1,heuristic,segformer_b2_cityscapes_mcdrop8,acdc_rain_targetcal25,3,
,-1,True,,0.7495238095238095,0.0010874158469960093,,475,,,False,,,,,,55,bicycle,0.05,0.1,argmax,segformer_b2_cityscapes_mcdrop8,acdc_rain_targetcal25,3,0.7350993377483444
1.0,1000,False,0.0,0.0,1.0,0.8315789473684211,80,151.0,0.0,False,0.0,0.0,0.0,,,55,bicycle,0.1,0.1,region_crc,segformer_b2_cityscapes_mcdrop8,acdc_rain_targetcal25,3,
0.983,983,True,0.40494047619047624,0.40494047619047624,0.006847641430795193,6.191578947368421,80,151.0,0.11789473684210527,False,0.5714285714285714,0.2,0.0,,,55,bicycle,0.1,0.1,heuristic,segformer_b2_cityscapes_mcdrop8,acdc_rain_targetcal25,3,
,-1,True,,0.7495238095238095,0.0010874158469960093,,475,,,False,,,,,,55,bicycle,0.1,0.1,argmax,segformer_b2_cityscapes_mcdrop8,acdc_rain_targetcal25,3,0.7350993377483444
1.0,1000,False,0.0,0.0,1.0,0.8315789473684211,80,151.0,0.0,False,0.0,0.0,0.0,,,55,bicycle,0.2,0.1,region_crc,segformer_b2_cityscapes_mcdrop8,acdc_rain_targetcal25,3,
0.983,983,True,0.40494047619047624,0.40494047619047624,0.006847641430795193,6.191578947368421,80,151.0,0.11789473684210527,False,0.5714285714285714,0.2,0.0,,,55,bicycle,0.2,0.1,heuristic,segformer_b2_cityscapes_mcdrop8,acdc_rain_targetcal25,3,
,-1,True,,0.7495238095238095,0.0010874158469960093,,475,,,False,,,,,,55,bicycle,0.2,0.1,argmax,segformer_b2_cityscapes_mcdrop8,acdc_rain_targetcal25,3,0.7350993377483444
1.0,1000,False,0.0,0.0,1.0,0.8315789473684211,80,151.0,0.0,False,0.0,0.0,0.0,,,55,bicycle,0.05,0.5,region_crc,segformer_b2_cityscapes_mcdrop8,acdc_rain_targetcal25,3,
0.994,994,True,0.40285714285714286,0.40285714285714286,0.011853205040097237,0.8315789473684211,80,151.0,0.10105263157894734,False,0.5595238095238095,0.21818181818181817,0.0,,,55,bicycle,0.05,0.5,heuristic,segformer_b2_cityscapes_mcdrop8,acdc_rain_targetcal25,3,
,-1,True,,0.7749404761904761,0.0010874158469960093,,475,,,False,,,,,,55,bicycle,0.05,0.5,argmax,segformer_b2_cityscapes_mcdrop8,acdc_rain_targetcal25,3,0.7615894039735099
1.0,1000,False,0.0,0.0,1.0,0.8315789473684211,80,151.0,0.0,False,0.0,0.0,0.0,,,55,bicycle,0.1,0.5,region_crc,segformer_b2_cityscapes_mcdrop8,acdc_rain_targetcal25,3,
0.994,994,True,0.40285714285714286,0.40285714285714286,0.011853205040097237,0.8315789473684211,80,151.0,0.10105263157894734,False,0.5595238095238095,0.21818181818181817,0.0,,,55,bicycle,0.1,0.5,heuristic,segformer_b2_cityscapes_mcdrop8,acdc_rain_targetcal25,3,
,-1,True,,0.7749404761904761,0.0010874158469960093,,475,,,False,,,,,,55,bicycle,0.1,0.5,argmax,segformer_b2_cityscapes_mcdrop8,acdc_rain_targetcal25,3,0.7615894039735099
1.0,1000,False,0.0,0.0,1.0,0.8315789473684211,80,151.0,0.0,False,0.0,0.0,0.0,,,55,bicycle,0.2,0.5,region_crc,segformer_b2_cityscapes_mcdrop8,acdc_rain_targetcal25,3,
0.994,994,True,0.40285714285714286,0.40285714285714286,0.011853205040097237,0.8315789473684211,80,151.0,0.10105263157894734,False,0.5595238095238095,0.21818181818181817,0.0,,,55,bicycle,0.2,0.5,heuristic,segformer_b2_cityscapes_mcdrop8,acdc_rain_targetcal25,3,
,-1,True,,0.7749404761904761,0.0010874158469960093,,475,,,False,,,,,,55,bicycle,0.2,0.5,argmax,segformer_b2_cityscapes_mcdrop8,acdc_rain_targetcal25,3,0.7615894039735099
1.0,1000,False,0.0,0.0,1.0,0.6631578947368421,160,304.0,0.0,False,0.0,0.0,0.0,,,56,person,0.05,0.1,region_crc,segformer_b2_cityscapes_mcdrop8,acdc_rain_targetcal25,10,
0.999,999,True,0.0296875,0.0296875,0.060082051903009415,0.6631578947368421,160,304.0,0.1431578947368421,False,0.017341040462427744,0.027522935779816515,0.0,,,56,person,0.05,0.1,heuristic,segformer_b2_cityscapes_mcdrop8,acdc_rain_targetcal25,10,
,-1,True,,0.6494593253968255,0.0017522071721032262,,475,,,False,,,,,,56,person,0.05,0.1,argmax,segformer_b2_cityscapes_mcdrop8,acdc_rain_targetcal25,10,0.6052631578947368
1.0,1000,True,0.0,0.0,1.0,0.6631578947368421,160,304.0,0.0,False,0.0,0.0,0.0,,,56,person,0.1,0.1,region_crc,segformer_b2_cityscapes_mcdrop8,acdc_rain_targetcal25,10,
0.993,993,True,0.08166666666666667,0.08166666666666667,0.025912830606102943,0.6631578947368421,160,304.0,0.14947368421052631,False,0.08670520231213873,0.05504587155963303,0.0,,,56,person,0.1,0.1,heuristic,segformer_b2_cityscapes_mcdrop8,acdc_rain_targetcal25,10,
,-1,True,,0.6494593253968255,0.0017522071721032262,,475,,,False,,,,,,56,person,0.1,0.1,argmax,segformer_b2_cityscapes_mcdrop8,acdc_rain_targetcal25,10,0.6052631578947368
0.993,993,True,0.08166666666666667,0.08166666666666667,0.025912830606102943,0.6631578947368421,160,304.0,0.14947368421052631,False,0.08670520231213873,0.05504587155963303,0.0,,,56,person,0.2,0.1,region_crc,segformer_b2_cityscapes_mcdrop8,acdc_rain_targetcal25,10,
0.981,981,True,0.1898611111111111,0.18986111111111112,0.015522437170147896,15.698947368421052,160,304.0,0.13473684210526315,False,0.23121387283236994,0.10091743119266056,0.0,,,56,person,0.2,0.1,heuristic,segformer_b2_cityscapes_mcdrop8,acdc_rain_targetcal25,10,
,-1,True,,0.6494593253968255,0.0017522071721032262,,475,,,False,,,,,,56,person,0.2,0.1,argmax,segformer_b2_cityscapes_mcdrop8,acdc_rain_targetcal25,10,0.6052631578947368
1.0,1000,False,0.0,0.0,1.0,0.6631578947368421,160,304.0,0.0,False,0.0,0.0,0.0,,,56,person,0.05,0.5,region_crc,segformer_b2_cityscapes_mcdrop8,acdc_rain_targetcal25,10,
1.0,1000,True,0.0,0.0,1.0,0.6631578947368421,160,304.0,0.0,False,0.0,0.0,0.0,,,56,person,0.05,0.5,heuristic,segformer_b2_cityscapes_mcdrop8,acdc_rain_targetcal25,10,
,-1,True,,0.7700496031746031,0.0017522071721032262,,475,,,False,,,,,,56,person,0.05,0.5,argmax,segformer_b2_cityscapes_mcdrop8,acdc_rain_targetcal25,10,0.7171052631578947
1.0,1000,True,0.0,0.0,1.0,0.6631578947368421,160,304.0,0.0,False,0.0,0.0,0.0,,,56,person,0.1,0.5,region_crc,segformer_b2_cityscapes_mcdrop8,acdc_rain_targetcal25,10,
0.998,998,True,0.07625,0.07625,0.04548729211091995,0.6631578947368421,160,304.0,0.15999999999999992,False,0.06936416184971098,0.05504587155963303,0.0,,,56,person,0.1,0.5,heuristic,segformer_b2_cityscapes_mcdrop8,acdc_rain_targetcal25,10,
,-1,True,,0.7700496031746031,0.0017522071721032262,,475,,,False,,,,,,56,person,0.1,0.5,argmax,segformer_b2_cityscapes_mcdrop8,acdc_rain_targetcal25,10,0.7171052631578947
0.998,998,True,0.07625,0.07625,0.04548729211091995,0.6631578947368421,160,304.0,0.15999999999999992,False,0.06936416184971098,0.05504587155963303,0.0,,,56,person,0.2,0.5,region_crc,segformer_b2_cityscapes_mcdrop8,acdc_rain_targetcal25,10,
0.993,993,True,0.1664236111111111,0.16642361111111112,0.025912830606102943,0.6631578947368421,160,304.0,0.14947368421052631,False,0.18497109826589594,0.11926605504587157,0.0,,,56,person,0.2,0.5,heuristic,segformer_b2_cityscapes_mcdrop8,acdc_rain_targetcal25,10,
,-1,True,,0.7700496031746031,0.0017522071721032262,,475,,,False,,,,,,56,person,0.2,0.5,argmax,segformer_b2_cityscapes_mcdrop8,acdc_rain_targetcal25,10,0.7171052631578947
1.0,1000,False,0.0,0.0,1.0,0.9431578947368421,27,37.0,0.0,False,0.0,0.0,0.0,,,56,rider,0.05,0.1,region_crc,segformer_b2_cityscapes_mcdrop8,acdc_rain_targetcal25,1,
0.997,997,True,0.4074074074074074,0.4074074074074074,0.0055120037868618965,0.9431578947368421,27,37.0,0.23789473684210516,False,0.5769230769230769,0.0,0.0,,,56,rider,0.05,0.1,heuristic,segformer_b2_cityscapes_mcdrop8,acdc_rain_targetcal25,1,
,-1,True,,0.7962962962962963,0.00022071454441174865,,475,,,False,,,,,,56,rider,0.05,0.1,argmax,segformer_b2_cityscapes_mcdrop8,acdc_rain_targetcal25,1,0.8108108108108109
1.0,1000,False,0.0,0.0,1.0,0.9431578947368421,27,37.0,0.0,False,0.0,0.0,0.0,,,56,rider,0.1,0.1,region_crc,segformer_b2_cityscapes_mcdrop8,acdc_rain_targetcal25,1,
0.997,997,True,0.4074074074074074,0.4074074074074074,0.0055120037868618965,0.9431578947368421,27,37.0,0.23789473684210516,False,0.5769230769230769,0.0,0.0,,,56,rider,0.1,0.1,heuristic,segformer_b2_cityscapes_mcdrop8,acdc_rain_targetcal25,1,
,-1,True,,0.7962962962962963,0.00022071454441174865,,475,,,False,,,,,,56,rider,0.1,0.1,argmax,segformer_b2_cityscapes_mcdrop8,acdc_rain_targetcal25,1,0.8108108108108109
1.0,1000,False,0.0,0.0,1.0,0.9431578947368421,27,37.0,0.0,False,0.0,0.0,0.0,,,56,rider,0.2,0.1,region_crc,segformer_b2_cityscapes_mcdrop8,acdc_rain_targetcal25,1,
0.997,997,True,0.4074074074074074,0.4074074074074074,0.0055120037868618965,0.9431578947368421,27,37.0,0.23789473684210516,False,0.5769230769230769,0.0,0.0,,,56,rider,0.2,0.1,heuristic,segformer_b2_cityscapes_mcdrop8,acdc_rain_targetcal25,1,
,-1,True,,0.7962962962962963,0.00022071454441174865,,475,,,False,,,,,,56,rider,0.2,0.1,argmax,segformer_b2_cityscapes_mcdrop8,acdc_rain_targetcal25,1,0.8108108108108109
1.0,1000,False,0.0,0.0,1.0,0.9431578947368421,27,37.0,0.0,False,0.0,0.0,0.0,,,56,rider,0.05,0.5,region_crc,segformer_b2_cityscapes_mcdrop8,acdc_rain_targetcal25,1,
0.999,999,True,0.3827160493827161,0.38271604938271603,0.00994742102921009,0.9431578947368421,27,37.0,0.22526315789473683,False,0.5,0.0,0.0,,,56,rider,0.05,0.5,heuristic,segformer_b2_cityscapes_mcdrop8,acdc_rain_targetcal25,1,
,-1,True,,0.8518518518518519,0.00022071454441174865,,475,,,False,,,,,,56,rider,0.05,0.5,argmax,segformer_b2_cityscapes_mcdrop8,acdc_rain_targetcal25,1,0.8648648648648649
1.0,1000,False,0.0,0.0,1.0,0.9431578947368421,27,37.0,0.0,False,0.0,0.0,0.0,,,56,rider,0.1,0.5,region_crc,segformer_b2_cityscapes_mcdrop8,acdc_rain_targetcal25,1,
0.999,999,True,0.3827160493827161,0.38271604938271603,0.00994742102921009,0.9431578947368421,27,37.0,0.22526315789473683,False,0.5,0.0,0.0,,,56,rider,0.1,0.5,heuristic,segformer_b2_cityscapes_mcdrop8,acdc_rain_targetcal25,1,
,-1,True,,0.8518518518518519,0.00022071454441174865,,475,,,False,,,,,,56,rider,0.1,0.5,argmax,segformer_b2_cityscapes_mcdrop8,acdc_rain_targetcal25,1,0.8648648648648649
1.0,1000,False,0.0,0.0,1.0,0.9431578947368421,27,37.0,0.0,False,0.0,0.0,0.0,,,56,rider,0.2,0.5,region_crc,segformer_b2_cityscapes_mcdrop8,acdc_rain_targetcal25,1,
0.999,999,True,0.3827160493827161,0.38271604938271603,0.00994742102921009,0.9431578947368421,27,37.0,0.22526315789473683,False,0.5,0.0,0.0,,,56,rider,0.2,0.5,heuristic,segformer_b2_cityscapes_mcdrop8,acdc_rain_targetcal25,1,
,-1,True,,0.8518518518518519,0.00022071454441174865,,475,,,False,,,,,,56,rider,0.2,0.5,argmax,segformer_b2_cityscapes_mcdrop8,acdc_rain_targetcal25,1,0.8648648648648649
1.0,1000,False,0.0,0.0,1.0,0.8378947368421052,77,143.0,0.0,False,0.0,0.0,0.0,,,56,bicycle,0.05,0.1,region_crc,segformer_b2_cityscapes_mcdrop8,acdc_rain_targetcal25,6,
1.0,1000,True,0.0,0.0,1.0,0.8378947368421052,77,143.0,0.0,False,0.0,0.0,0.0,,,56,bicycle,0.05,0.1,heuristic,segformer_b2_cityscapes_mcdrop8,acdc_rain_targetcal25,6,
,-1,True,,0.7559987631416203,0.0010912850266322494,,475,,,False,,,,,,56,bicycle,0.05,0.1,argmax,segformer_b2_cityscapes_mcdrop8,acdc_rain_targetcal25,6,0.7342657342657343
1.0,1000,False,0.0,0.0,1.0,0.8378947368421052,77,143.0,0.0,False,0.0,0.0,0.0,,,56,bicycle,0.1,0.1,region_crc,segformer_b2_cityscapes_mcdrop8,acdc_rain_targetcal25,6,
1.0,1000,True,0.0,0.0,1.0,0.8378947368421052,77,143.0,0.0,False,0.0,0.0,0.0,,,56,bicycle,0.1,0.1,heuristic,segformer_b2_cityscapes_mcdrop8,acdc_rain_targetcal25,6,
,-1,True,,0.7559987631416203,0.0010912850266322494,,475,,,False,,,,,,56,bicycle,0.1,0.1,argmax,segformer_b2_cityscapes_mcdrop8,acdc_rain_targetcal25,6,0.7342657342657343
1.0,1000,True,0.0,0.0,1.0,0.8378947368421052,77,143.0,0.0,False,0.0,0.0,0.0,,,56,bicycle,0.2,0.1,region_crc,segformer_b2_cityscapes_mcdrop8,acdc_rain_targetcal25,6,
0.999,999,True,0.15337043908472478,0.15337043908472478,0.028203429654240608,0.8378947368421052,77,143.0,0.12000000000000001,False,0.23684210526315788,0.037037037037037035,0.0,,,56,bicycle,0.2,0.1,heuristic,segformer_b2_cityscapes_mcdrop8,acdc_rain_targetcal25,6,
,-1,True,,0.7559987631416203,0.0010912850266322494,,475,,,False,,,,,,56,bicycle,0.2,0.1,argmax,segformer_b2_cityscapes_mcdrop8,acdc_rain_targetcal25,6,0.7342657342657343
1.0,1000,False,0.0,0.0,1.0,0.8378947368421052,77,143.0,0.0,False,0.0,0.0,0.0,,,56,bicycle,0.05,0.5,region_crc,segformer_b2_cityscapes_mcdrop8,acdc_rain_targetcal25,6,
1.0,1000,True,0.0,0.0,1.0,0.8378947368421052,77,143.0,0.0,False,0.0,0.0,0.0,,,56,bicycle,0.05,0.5,heuristic,segformer_b2_cityscapes_mcdrop8,acdc_rain_targetcal25,6,
,-1,True,,0.7824056895485467,0.0010912850266322494,,475,,,False,,,,,,56,bicycle,0.05,0.5,argmax,segformer_b2_cityscapes_mcdrop8,acdc_rain_targetcal25,6,0.7622377622377622
1.0,1000,False,0.0,0.0,1.0,0.8378947368421052,77,143.0,0.0,False,0.0,0.0,0.0,,,56,bicycle,0.1,0.5,region_crc,segformer_b2_cityscapes_mcdrop8,acdc_rain_targetcal25,6,
1.0,1000,True,0.0,0.0,1.0,0.8378947368421052,77,143.0,0.0,False,0.0,0.0,0.0,,,56,bicycle,0.1,0.5,heuristic,segformer_b2_cityscapes_mcdrop8,acdc_rain_targetcal25,6,
,-1,True,,0.7824056895485467,0.0010912850266322494,,475,,,False,,,,,,56,bicycle,0.1,0.5,argmax,segformer_b2_cityscapes_mcdrop8,acdc_rain_targetcal25,6,0.7622377622377622
1.0,1000,True,0.0,0.0,1.0,0.8378947368421052,77,143.0,0.0,False,0.0,0.0,0.0,,,56,bicycle,0.2,0.5,region_crc,segformer_b2_cityscapes_mcdrop8,acdc_rain_targetcal25,6,
1.0,1000,True,0.0,0.0,1.0,0.8378947368421052,77,143.0,0.0,False,0.0,0.0,0.0,,,56,bicycle,0.2,0.5,heuristic,segformer_b2_cityscapes_mcdrop8,acdc_rain_targetcal25,6,
,-1,True,,0.7824056895485467,0.0010912850266322494,,475,,,False,,,,,,56,bicycle,0.2,0.5,argmax,segformer_b2_cityscapes_mcdrop8,acdc_rain_targetcal25,6,0.7622377622377622
1.0,1000,False,0.0,0.0,1.0,0.6631578947368421,160,311.0,0.0,False,0.0,0.0,0.0,,,57,person,0.05,0.1,region_crc,segformer_b2_cityscapes_mcdrop8,acdc_rain_targetcal25,10,
0.997,997,True,0.056770833333333326,0.056770833333333326,0.038177281618118286,0.6631578947368421,160,311.0,0.14526315789473676,False,0.055865921787709494,0.02727272727272727,0.0,,,57,person,0.05,0.1,heuristic,segformer_b2_cityscapes_mcdrop8,acdc_rain_targetcal25,10,
,-1,True,,0.6348759920634921,0.0017462230753153563,,475,,,False,,,,,,57,person,0.05,0.1,argmax,segformer_b2_cityscapes_mcdrop8,acdc_rain_targetcal25,10,0.594855305466238
0.997,997,True,0.056770833333333326,0.056770833333333326,0.038177281618118286,0.6631578947368421,160,311.0,0.14526315789473676,False,0.055865921787709494,0.02727272727272727,0.0,,,57,person,0.1,0.1,region_crc,segformer_b2_cityscapes_mcdrop8,acdc_rain_targetcal25,10,
0.99,990,True,0.11309027777777778,0.11309027777777778,0.021698595955967903,0.6631578947368421,160,311.0,0.1768421052631578,False,0.13966480446927373,0.05454545454545454,0.0,,,57,person,0.1,0.1,heuristic,segformer_b2_cityscapes_mcdrop8,acdc_rain_targetcal25,10,
,-1,True,,0.6348759920634921,0.0017462230753153563,,475,,,False,,,,,,57,person,0.1,0.1,argmax,segformer_b2_cityscapes_mcdrop8,acdc_rain_targetcal25,10,0.594855305466238
0.99,990,True,0.11309027777777778,0.11309027777777778,0.021698595955967903,0.6631578947368421,160,311.0,0.1768421052631578,False,0.13966480446927373,0.05454545454545454,0.0,,,57,person,0.2,0.1,region_crc,segformer_b2_cityscapes_mcdrop8,acdc_rain_targetcal25,10,
0.984,984,True,0.1698611111111111,0.1698611111111111,0.01700986921787262,15.757894736842106,160,311.0,0.17473684210526308,False,0.20670391061452514,0.09090909090909091,0.0,,,57,person,0.2,0.1,heuristic,segformer_b2_cityscapes_mcdrop8,acdc_rain_targetcal25,10,
,-1,True,,0.6348759920634921,0.0017462230753153563,,475,,,False,,,,,,57,person,0.2,0.1,argmax,segformer_b2_cityscapes_mcdrop8,acdc_rain_targetcal25,10,0.594855305466238
1.0,1000,False,0.0,0.0,1.0,0.6631578947368421,160,311.0,0.0,False,0.0,0.0,0.0,,,57,person,0.05,0.5,region_crc,segformer_b2_cityscapes_mcdrop8,acdc_rain_targetcal25,10,
0.999,999,True,0.0546875,0.0546875,0.059980910271406174,0.6631578947368421,160,311.0,0.17894736842105263,False,0.0446927374301676,0.045454545454545456,0.0,,,57,person,0.05,0.5,heuristic,segformer_b2_cityscapes_mcdrop8,acdc_rain_targetcal25,10,
,-1,True,,0.7523412698412699,0.0017462230753153563,,475,,,False,,,,,,57,person,0.05,0.5,argmax,segformer_b2_cityscapes_mcdrop8,acdc_rain_targetcal25,10,0.7041800643086816
0.999,999,True,0.0546875,0.0546875,0.059980910271406174,0.6631578947368421,160,311.0,0.17894736842105263,False,0.0446927374301676,0.045454545454545456,0.0,,,57,person,0.1,0.5,region_crc,segformer_b2_cityscapes_mcdrop8,acdc_rain_targetcal25,10,
0.996,996,True,0.12177083333333334,0.12177083333333334,0.0336068831384182,0.6631578947368421,160,311.0,0.15368421052631576,False,0.11173184357541899,0.10909090909090909,0.0,,,57,person,0.1,0.5,heuristic,segformer_b2_cityscapes_mcdrop8,acdc_rain_targetcal25,10,
,-1,True,,0.7523412698412699,0.0017462230753153563,,475,,,False,,,,,,57,person,0.1,0.5,argmax,segformer_b2_cityscapes_mcdrop8,acdc_rain_targetcal25,10,0.7041800643086816
0.996,996,True,0.12177083333333334,0.12177083333333334,0.0336068831384182,0.6631578947368421,160,311.0,0.15368421052631576,False,0.11173184357541899,0.10909090909090909,0.0,,,57,person,0.2,0.5,region_crc,segformer_b2_cityscapes_mcdrop8,acdc_rain_targetcal25,10,
0.993,993,True,0.1664236111111111,0.1664236111111111,0.025877365842461586,0.6631578947368421,160,311.0,0.1663157894736842,False,0.18435754189944134,0.11818181818181818,0.0,,,57,person,0.2,0.5,heuristic,segformer_b2_cityscapes_mcdrop8,acdc_rain_targetcal25,10,
,-1,True,,0.7523412698412699,0.0017462230753153563,,475,,,False,,,,,,57,person,0.2,0.5,argmax,segformer_b2_cityscapes_mcdrop8,acdc_rain_targetcal25,10,0.7041800643086816
1.0,1000,False,0.0,0.0,1.0,0.9452631578947368,26,34.0,0.0,False,0.0,0.0,0.0,,,57,rider,0.05,0.1,region_crc,segformer_b2_cityscapes_mcdrop8,acdc_rain_targetcal25,2,
0.999,999,True,0.21153846153846154,0.21153846153846154,0.01034414954483509,0.9452631578947368,26,34.0,0.08842105263157896,False,0.30434782608695654,0.0,0.0,,,57,rider,0.05,0.1,heuristic,segformer_b2_cityscapes_mcdrop8,acdc_rain_targetcal25,2,
,-1,True,,0.7884615384615384,0.0002510822669137269,,475,,,False,,,,,,57,rider,0.05,0.1,argmax,segformer_b2_cityscapes_mcdrop8,acdc_rain_targetcal25,2,0.7941176470588235
1.0,1000,False,0.0,0.0,1.0,0.9452631578947368,26,34.0,0.0,False,0.0,0.0,0.0,,,57,rider,0.1,0.1,region_crc,segformer_b2_cityscapes_mcdrop8,acdc_rain_targetcal25,2,
0.999,999,True,0.21153846153846154,0.21153846153846154,0.01034414954483509,0.9452631578947368,26,34.0,0.08842105263157896,False,0.30434782608695654,0.0,0.0,,,57,rider,0.1,0.1,heuristic,segformer_b2_cityscapes_mcdrop8,acdc_rain_targetcal25,2,
,-1,True,,0.7884615384615384,0.0002510822669137269,,475,,,False,,,,,,57,rider,0.1,0.1,argmax,segformer_b2_cityscapes_mcdrop8,acdc_rain_targetcal25,2,0.7941176470588235
1.0,1000,False,0.0,0.0,1.0,0.9452631578947368,26,34.0,0.0,False,0.0,0.0,0.0,,,57,rider,0.2,0.1,region_crc,segformer_b2_cityscapes_mcdrop8,acdc_rain_targetcal25,2,
0.999,999,True,0.21153846153846154,0.21153846153846154,0.01034414954483509,0.9452631578947368,26,34.0,0.08842105263157896,False,0.30434782608695654,0.0,0.0,,,57,rider,0.2,0.1,heuristic,segformer_b2_cityscapes_mcdrop8,acdc_rain_targetcal25,2,
,-1,True,,0.7884615384615384,0.0002510822669137269,,475,,,False,,,,,,57,rider,0.2,0.1,argmax,segformer_b2_cityscapes_mcdrop8,acdc_rain_targetcal25,2,0.7941176470588235
1.0,1000,False,0.0,0.0,1.0,0.9452631578947368,26,34.0,0.0,False,0.0,0.0,0.0,,,57,rider,0.05,0.5,region_crc,segformer_b2_cityscapes_mcdrop8,acdc_rain_targetcal25,2,
1.0,1000,True,0.0,0.0,1.0,0.9452631578947368,26,34.0,0.0,False,0.0,0.0,0.0,,,57,rider,0.05,0.5,heuristic,segformer_b2_cityscapes_mcdrop8,acdc_rain_targetcal25,2,
,-1,True,,0.8461538461538461,0.0002510822669137269,,475,,,False,,,,,,57,rider,0.05,0.5,argmax,segformer_b2_cityscapes_mcdrop8,acdc_rain_targetcal25,2,0.8529411764705882
1.0,1000,False,0.0,0.0,1.0,0.9452631578947368,26,34.0,0.0,False,0.0,0.0,0.0,,,57,rider,0.1,0.5,region_crc,segformer_b2_cityscapes_mcdrop8,acdc_rain_targetcal25,2,
1.0,1000,True,0.0,0.0,1.0,0.9452631578947368,26,34.0,0.0,False,0.0,0.0,0.0,,,57,rider,0.1,0.5,heuristic,segformer_b2_cityscapes_mcdrop8,acdc_rain_targetcal25,2,
,-1,True,,0.8461538461538461,0.0002510822669137269,,475,,,False,,,,,,57,rider,0.1,0.5,argmax,segformer_b2_cityscapes_mcdrop8,acdc_rain_targetcal25,2,0.8529411764705882
1.0,1000,False,0.0,0.0,1.0,0.9452631578947368,26,34.0,0.0,False,0.0,0.0,0.0,,,57,rider,0.2,0.5,region_crc,segformer_b2_cityscapes_mcdrop8,acdc_rain_targetcal25,2,
1.0,1000,True,0.0,0.0,1.0,0.9452631578947368,26,34.0,0.0,False,0.0,0.0,0.0,,,57,rider,0.2,0.5,heuristic,segformer_b2_cityscapes_mcdrop8,acdc_rain_targetcal25,2,
,-1,True,,0.8461538461538461,0.0002510822669137269,,475,,,False,,,,,,57,rider,0.2,0.5,argmax,segformer_b2_cityscapes_mcdrop8,acdc_rain_targetcal25,2,0.8529411764705882
1.0,1000,False,0.0,0.0,1.0,0.8357894736842105,78,137.0,0.0,False,0.0,0.0,0.0,,,57,bicycle,0.05,0.1,region_crc,segformer_b2_cityscapes_mcdrop8,acdc_rain_targetcal25,5,
1.0,1000,True,0.0,0.0,1.0,0.8357894736842105,78,137.0,0.0,False,0.0,0.0,0.0,,,57,bicycle,0.05,0.1,heuristic,segformer_b2_cityscapes_mcdrop8,acdc_rain_targetcal25,5,
,-1,True,,0.7664529914529914,0.0010070673888549209,,475,,,False,,,,,,57,bicycle,0.05,0.1,argmax,segformer_b2_cityscapes_mcdrop8,acdc_rain_targetcal25,5,0.7518248175182481
1.0,1000,False,0.0,0.0,1.0,0.8357894736842105,78,137.0,0.0,False,0.0,0.0,0.0,,,57,bicycle,0.1,0.1,region_crc,segformer_b2_cityscapes_mcdrop8,acdc_rain_targetcal25,5,
1.0,1000,True,0.0,0.0,1.0,0.8357894736842105,78,137.0,0.0,False,0.0,0.0,0.0,,,57,bicycle,0.1,0.1,heuristic,segformer_b2_cityscapes_mcdrop8,acdc_rain_targetcal25,5,
,-1,True,,0.7664529914529914,0.0010070673888549209,,475,,,False,,,,,,57,bicycle,0.1,0.1,argmax,segformer_b2_cityscapes_mcdrop8,acdc_rain_targetcal25,5,0.7518248175182481
1.0,1000,True,0.0,0.0,1.0,0.8357894736842105,78,137.0,0.0,False,0.0,0.0,0.0,,,57,bicycle,0.2,0.1,region_crc,segformer_b2_cityscapes_mcdrop8,acdc_rain_targetcal25,5,
0.999,999,True,0.14957264957264957,0.14957264957264957,0.027588283643126488,0.8357894736842105,78,137.0,0.15578947368421048,False,0.22666666666666666,0.04,0.0,,,57,bicycle,0.2,0.1,heuristic,segformer_b2_cityscapes_mcdrop8,acdc_rain_targetcal25,5,
,-1,True,,0.7664529914529914,0.0010070673888549209,,475,,,False,,,,,,57,bicycle,0.2,0.1,argmax,segformer_b2_cityscapes_mcdrop8,acdc_rain_targetcal25,5,0.7518248175182481
1.0,1000,False,0.0,0.0,1.0,0.8357894736842105,78,137.0,0.0,False,0.0,0.0,0.0,,,57,bicycle,0.05,0.5,region_crc,segformer_b2_cityscapes_mcdrop8,acdc_rain_targetcal25,5,
1.0,1000,True,0.0,0.0,1.0,0.8357894736842105,78,137.0,0.0,False,0.0,0.0,0.0,,,57,bicycle,0.05,0.5,heuristic,segformer_b2_cityscapes_mcdrop8,acdc_rain_targetcal25,5,
,-1,True,,0.7925213675213675,0.0010070673888549209,,475,,,False,,,,,,57,bicycle,0.05,0.5,argmax,segformer_b2_cityscapes_mcdrop8,acdc_rain_targetcal25,5,0.781021897810219
1.0,1000,False,0.0,0.0,1.0,0.8357894736842105,78,137.0,0.0,False,0.0,0.0,0.0,,,57,bicycle,0.1,0.5,region_crc,segformer_b2_cityscapes_mcdrop8,acdc_rain_targetcal25,5,
1.0,1000,True,0.0,0.0,1.0,0.8357894736842105,78,137.0,0.0,False,0.0,0.0,0.0,,,57,bicycle,0.1,0.5,heuristic,segformer_b2_cityscapes_mcdrop8,acdc_rain_targetcal25,5,
,-1,True,,0.7925213675213675,0.0010070673888549209,,475,,,False,,,,,,57,bicycle,0.1,0.5,argmax,segformer_b2_cityscapes_mcdrop8,acdc_rain_targetcal25,5,0.781021897810219
1.0,1000,True,0.0,0.0,1.0,0.8357894736842105,78,137.0,0.0,False,0.0,0.0,0.0,,,57,bicycle,0.2,0.5,region_crc,segformer_b2_cityscapes_mcdrop8,acdc_rain_targetcal25,5,
1.0,1000,True,0.0,0.0,1.0,0.8357894736842105,78,137.0,0.0,False,0.0,0.0,0.0,,,57,bicycle,0.2,0.5,heuristic,segformer_b2_cityscapes_mcdrop8,acdc_rain_targetcal25,5,
,-1,True,,0.7925213675213675,0.0010070673888549209,,475,,,False,,,,,,57,bicycle,0.2,0.5,argmax,segformer_b2_cityscapes_mcdrop8,acdc_rain_targetcal25,5,0.781021897810219
1.0,1000,False,0.0,0.0,1.0,0.6505263157894737,166,325.0,0.0,False,0.0,0.0,0.0,,,58,person,0.05,0.1,region_crc,segformer_b2_cityscapes_mcdrop8,acdc_rain_targetcal25,4,
0.992,992,True,0.10281124497991968,0.10281124497991968,0.02501569874584675,0.6505263157894737,166,325.0,0.2021052631578948,False,0.11538461538461539,0.05,0.0,,,58,person,0.05,0.1,heuristic,segformer_b2_cityscapes_mcdrop8,acdc_rain_targetcal25,4,
,-1,True,,0.6383420127396031,0.0018352643819525838,,475,,,False,,,,,,58,person,0.05,0.1,argmax,segformer_b2_cityscapes_mcdrop8,acdc_rain_targetcal25,4,0.5876923076923077
1.0,1000,False,0.0,0.0,1.0,0.6505263157894737,166,325.0,0.0,False,0.0,0.0,0.0,,,58,person,0.1,0.1,region_crc,segformer_b2_cityscapes_mcdrop8,acdc_rain_targetcal25,4,
0.992,992,True,0.10281124497991968,0.10281124497991968,0.02501569874584675,0.6505263157894737,166,325.0,0.2021052631578948,False,0.11538461538461539,0.05,0.0,,,58,person,0.1,0.1,heuristic,segformer_b2_cityscapes_mcdrop8,acdc_rain_targetcal25,4,
,-1,True,,0.6383420127396031,0.0018352643819525838,,475,,,False,,,,,,58,person,0.1,0.1,argmax,segformer_b2_cityscapes_mcdrop8,acdc_rain_targetcal25,4,0.5876923076923077
0.992,992,True,0.10281124497991968,0.10281124497991968,0.02501569874584675,0.6505263157894737,166,325.0,0.2021052631578948,False,0.11538461538461539,0.05,0.0,,,58,person,0.2,0.1,region_crc,segformer_b2_cityscapes_mcdrop8,acdc_rain_targetcal25,4,
0.99,990,True,0.1110107095046854,0.1110107095046854,0.022421032190322876,0.6505263157894737,166,325.0,0.2126315789473684,False,0.13186813186813187,0.05,0.0,,,58,person,0.2,0.1,heuristic,segformer_b2_cityscapes_mcdrop8,acdc_rain_targetcal25,4,
,-1,True,,0.6383420127396031,0.0018352643819525838,,475,,,False,,,,,,58,person,0.2,0.1,argmax,segformer_b2_cityscapes_mcdrop8,acdc_rain_targetcal25,4,0.5876923076923077
1.0,1000,False,0.0,0.0,1.0,0.6505263157894737,166,325.0,0.0,False,0.0,0.0,0.0,,,58,person,0.05,0.5,region_crc,segformer_b2_cityscapes_mcdrop8,acdc_rain_targetcal25,4,
0.997,997,True,0.10732931726907628,0.10732931726907631,0.0391407310962677,0.6505263157894737,166,325.0,0.20842105263157895,False,0.0989010989010989,0.09166666666666666,0.0,,,58,person,0.05,0.5,heuristic,segformer_b2_cityscapes_mcdrop8,acdc_rain_targetcal25,4,
,-1,True,,0.7636097503567384,0.0018352643819525838,,475,,,False,,,,,,58,person,0.05,0.5,argmax,segformer_b2_cityscapes_mcdrop8,acdc_rain_targetcal25,4,0.6984615384615385
1.0,1000,False,0.0,0.0,1.0,0.6505263157894737,166,325.0,0.0,False,0.0,0.0,0.0,,,58,person,0.1,0.5,region_crc,segformer_b2_cityscapes_mcdrop8,acdc_rain_targetcal25,4,
0.996,996,True,0.12138554216867468,0.12138554216867468,0.03450414538383484,0.6505263157894737,166,325.0,0.19789473684210523,False,0.10989010989010989,0.1,0.0,,,58,person,0.1,0.5,heuristic,segformer_b2_cityscapes_mcdrop8,acdc_rain_targetcal25,4,
,-1,True,,0.7636097503567384,0.0018352643819525838,,475,,,False,,,,,,58,person,0.1,0.5,argmax,segformer_b2_cityscapes_mcdrop8,acdc_rain_targetcal25,4,0.6984615384615385
0.997,997,True,0.10732931726907628,0.10732931726907631,0.0391407310962677,0.6505263157894737,166,325.0,0.20842105263157895,False,0.0989010989010989,0.09166666666666666,0.0,,,58,person,0.2,0.5,region_crc,segformer_b2_cityscapes_mcdrop8,acdc_rain_targetcal25,4,
0.996,996,True,0.12138554216867468,0.12138554216867468,0.03450414538383484,0.6505263157894737,166,325.0,0.19789473684210523,False,0.10989010989010989,0.1,0.0,,,58,person,0.2,0.5,heuristic,segformer_b2_cityscapes_mcdrop8,acdc_rain_targetcal25,4,
,-1,True,,0.7636097503567384,0.0018352643819525838,,475,,,False,,,,,,58,person,0.2,0.5,argmax,segformer_b2_cityscapes_mcdrop8,acdc_rain_targetcal25,4,0.6984615384615385
1.0,1000,False,0.0,0.0,1.0,0.9473684210526315,25,34.0,0.0,False,0.0,0.0,0.0,,,58,rider,0.05,0.1,region_crc,segformer_b2_cityscapes_mcdrop8,acdc_rain_targetcal25,3,
0.998,998,True,0.3466666666666666,0.3466666666666666,0.007495760452002287,0.9473684210526315,25,34.0,0.29684210526315785,False,0.5217391304347826,0.0,0.0,,,58,rider,0.05,0.1,heuristic,segformer_b2_cityscapes_mcdrop8,acdc_rain_targetcal25,3,
,-1,True,,0.78,0.00023314754071179777,,475,,,False,,,,,,58,rider,0.05,0.1,argmax,segformer_b2_cityscapes_mcdrop8,acdc_rain_targetcal25,3,0.7941176470588235
1.0,1000,False,0.0,0.0,1.0,0.9473684210526315,25,34.0,0.0,False,0.0,0.0,0.0,,,58,rider,0.1,0.1,region_crc,segformer_b2_cityscapes_mcdrop8,acdc_rain_targetcal25,3,
0.998,998,True,0.3466666666666666,0.3466666666666666,0.007495760452002287,0.9473684210526315,25,34.0,0.29684210526315785,False,0.5217391304347826,0.0,0.0,,,58,rider,0.1,0.1,heuristic,segformer_b2_cityscapes_mcdrop8,acdc_rain_targetcal25,3,
,-1,True,,0.78,0.00023314754071179777,,475,,,False,,,,,,58,rider,0.1,0.1,argmax,segformer_b2_cityscapes_mcdrop8,acdc_rain_targetcal25,3,0.7941176470588235
1.0,1000,False,0.0,0.0,1.0,0.9473684210526315,25,34.0,0.0,False,0.0,0.0,0.0,,,58,rider,0.2,0.1,region_crc,segformer_b2_cityscapes_mcdrop8,acdc_rain_targetcal25,3,
0.998,998,True,0.3466666666666666,0.3466666666666666,0.007495760452002287,0.9473684210526315,25,34.0,0.29684210526315785,False,0.5217391304347826,0.0,0.0,,,58,rider,0.2,0.1,heuristic,segformer_b2_cityscapes_mcdrop8,acdc_rain_targetcal25,3,
,-1,True,,0.78,0.00023314754071179777,,475,,,False,,,,,,58,rider,0.2,0.1,argmax,segformer_b2_cityscapes_mcdrop8,acdc_rain_targetcal25,3,0.7941176470588235
1.0,1000,False,0.0,0.0,1.0,0.9473684210526315,25,34.0,0.0,False,0.0,0.0,0.0,,,58,rider,0.05,0.5,region_crc,segformer_b2_cityscapes_mcdrop8,acdc_rain_targetcal25,3,
1.0,1000,True,0.0,0.0,1.0,0.9473684210526315,25,34.0,0.0,False,0.0,0.0,0.0,,,58,rider,0.05,0.5,heuristic,segformer_b2_cityscapes_mcdrop8,acdc_rain_targetcal25,3,
,-1,True,,0.84,0.00023314754071179777,,475,,,False,,,,,,58,rider,0.05,0.5,argmax,segformer_b2_cityscapes_mcdrop8,acdc_rain_targetcal25,3,0.8529411764705882
1.0,1000,False,0.0,0.0,1.0,0.9473684210526315,25,34.0,0.0,False,0.0,0.0,0.0,,,58,rider,0.1,0.5,region_crc,segformer_b2_cityscapes_mcdrop8,acdc_rain_targetcal25,3,
1.0,1000,True,0.0,0.0,1.0,0.9473684210526315,25,34.0,0.0,False,0.0,0.0,0.0,,,58,rider,0.1,0.5,heuristic,segformer_b2_cityscapes_mcdrop8,acdc_rain_targetcal25,3,
,-1,True,,0.84,0.00023314754071179777,,475,,,False,,,,,,58,rider,0.1,0.5,argmax,segformer_b2_cityscapes_mcdrop8,acdc_rain_targetcal25,3,0.8529411764705882
1.0,1000,False,0.0,0.0,1.0,0.9473684210526315,25,34.0,0.0,False,0.0,0.0,0.0,,,58,rider,0.2,0.5,region_crc,segformer_b2_cityscapes_mcdrop8,acdc_rain_targetcal25,3,
1.0,1000,True,0.0,0.0,1.0,0.9473684210526315,25,34.0,0.0,False,0.0,0.0,0.0,,,58,rider,0.2,0.5,heuristic,segformer_b2_cityscapes_mcdrop8,acdc_rain_targetcal25,3,
,-1,True,,0.84,0.00023314754071179777,,475,,,False,,,,,,58,rider,0.2,0.5,argmax,segformer_b2_cityscapes_mcdrop8,acdc_rain_targetcal25,3,0.8529411764705882
1.0,1000,False,0.0,0.0,1.0,0.8357894736842105,78,143.0,0.0,False,0.0,0.0,0.0,,,58,bicycle,0.05,0.1,region_crc,segformer_b2_cityscapes_mcdrop8,acdc_rain_targetcal25,5,
1.0,1000,True,0.0,0.0,1.0,0.8357894736842105,78,143.0,0.0,False,0.0,0.0,0.0,,,58,bicycle,0.05,0.1,heuristic,segformer_b2_cityscapes_mcdrop8,acdc_rain_targetcal25,5,
,-1,True,,0.7334859584859584,0.0011377740884199739,,475,,,False,,,,,,58,bicycle,0.05,0.1,argmax,segformer_b2_cityscapes_mcdrop8,acdc_rain_targetcal25,5,0.6993006993006993
1.0,1000,False,0.0,0.0,1.0,0.8357894736842105,78,143.0,0.0,False,0.0,0.0,0.0,,,58,bicycle,0.1,0.1,region_crc,segformer_b2_cityscapes_mcdrop8,acdc_rain_targetcal25,5,
0.996,996,True,0.283028083028083,0.283028083028083,0.014781233854591846,0.8357894736842105,78,143.0,0.17894736842105263,False,0.43209876543209874,0.125,0.0,,,58,bicycle,0.1,0.1,heuristic,segformer_b2_cityscapes_mcdrop8,acdc_rain_targetcal25,5,
,-1,True,,0.7334859584859584,0.0011377740884199739,,475,,,False,,,,,,58,bicycle,0.1,0.1,argmax,segformer_b2_cityscapes_mcdrop8,acdc_rain_targetcal25,5,0.6993006993006993
1.0,1000,True,0.0,0.0,1.0,0.8357894736842105,78,143.0,0.0,False,0.0,0.0,0.0,,,58,bicycle,0.2,0.1,region_crc,segformer_b2_cityscapes_mcdrop8,acdc_rain_targetcal25,5,
0.995,995,True,0.30546398046398043,0.30546398046398043,0.01321079209446907,0.8357894736842105,78,143.0,0.1578947368421052,False,0.4691358024691358,0.125,0.0,,,58,bicycle,0.2,0.1,heuristic,segformer_b2_cityscapes_mcdrop8,acdc_rain_targetcal25,5,
,-1,True,,0.7334859584859584,0.0011377740884199739,,475,,,False,,,,,,58,bicycle,0.2,0.1,argmax,segformer_b2_cityscapes_mcdrop8,acdc_rain_targetcal25,5,0.6993006993006993
1.0,1000,False,0.0,0.0,1.0,0.8357894736842105,78,143.0,0.0,False,0.0,0.0,0.0,,,58,bicycle,0.05,0.5,region_crc,segformer_b2_cityscapes_mcdrop8,acdc_rain_targetcal25,5,
1.0,1000,True,0.0,0.0,1.0,0.8357894736842105,78,143.0,0.0,False,0.0,0.0,0.0,,,58,bicycle,0.05,0.5,heuristic,segformer_b2_cityscapes_mcdrop8,acdc_rain_targetcal25,5,
,-1,True,,0.7595543345543345,0.0011377740884199739,,475,,,False,,,,,,58,bicycle,0.05,0.5,argmax,segformer_b2_cityscapes_mcdrop8,acdc_rain_targetcal25,5,0.7272727272727273
1.0,1000,False,0.0,0.0,1.0,0.8357894736842105,78,143.0,0.0,False,0.0,0.0,0.0,,,58,bicycle,0.1,0.5,region_crc,segformer_b2_cityscapes_mcdrop8,acdc_rain_targetcal25,5,
0.999,999,True,0.22832722832722835,0.22832722832722835,0.028416840359568596,0.8357894736842105,78,143.0,0.17263157894736847,False,0.30864197530864196,0.125,0.0,,,58,bicycle,0.1,0.5,heuristic,segformer_b2_cityscapes_mcdrop8,acdc_rain_targetcal25,5,
,-1,True,,0.7595543345543345,0.0011377740884199739,,475,,,False,,,,,,58,bicycle,0.1,0.5,argmax,segformer_b2_cityscapes_mcdrop8,acdc_rain_targetcal25,5,0.7272727272727273
1.0,1000,True,0.0,0.0,1.0,0.8357894736842105,78,143.0,0.0,False,0.0,0.0,0.0,,,58,bicycle,0.2,0.5,region_crc,segformer_b2_cityscapes_mcdrop8,acdc_rain_targetcal25,5,
0.997,997,True,0.3329365079365079,0.3329365079365079,0.017039408907294273,0.8357894736842105,78,143.0,0.15157894736842106,False,0.48148148148148145,0.1875,0.0,,,58,bicycle,0.2,0.5,heuristic,segformer_b2_cityscapes_mcdrop8,acdc_rain_targetcal25,5,
,-1,True,,0.7595543345543345,0.0011377740884199739,,475,,,False,,,,,,58,bicycle,0.2,0.5,argmax,segformer_b2_cityscapes_mcdrop8,acdc_rain_targetcal25,5,0.7272727272727273
1.0,1000,False,0.0,0.0,1.0,0.6694736842105263,157,311.0,0.0,False,0.0,0.0,0.0,,,59,person,0.05,0.1,region_crc,segformer_b2_cityscapes_mcdrop8,acdc_rain_targetcal25,13,
1.0,1000,True,0.0,0.0,1.0,0.6694736842105263,157,311.0,0.0,False,0.0,0.0,0.0,,,59,person,0.05,0.1,heuristic,segformer_b2_cityscapes_mcdrop8,acdc_rain_targetcal25,13,
,-1,True,,0.619733168459283,0.0018552966648712754,,475,,,False,,,,,,59,person,0.05,0.1,argmax,segformer_b2_cityscapes_mcdrop8,acdc_rain_targetcal25,13,0.572347266881029
1.0,1000,True,0.0,0.0,1.0,0.6694736842105263,157,311.0,0.0,False,0.0,0.0,0.0,,,59,person,0.1,0.1,region_crc,segformer_b2_cityscapes_mcdrop8,acdc_rain_targetcal25,13,
1.0,1000,True,0.0,0.0,1.0,0.6694736842105263,157,311.0,0.0,False,0.0,0.0,0.0,,,59,person,0.1,0.1,heuristic,segformer_b2_cityscapes_mcdrop8,acdc_rain_targetcal25,13,
,-1,True,,0.619733168459283,0.0018552966648712754,,475,,,False,,,,,,59,person,0.1,0.1,argmax,segformer_b2_cityscapes_mcdrop8,acdc_rain_targetcal25,13,0.572347266881029
0.999,999,True,0.022292993630573247,0.022292993630573247,0.06108982115983963,0.6694736842105263,157,311.0,0.2021052631578948,False,0.005681818181818182,0.02631578947368421,0.0,,,59,person,0.2,0.1,region_crc,segformer_b2_cityscapes_mcdrop8,acdc_rain_targetcal25,13,
0.989,989,True,0.12852087756546354,0.12852087756546354,0.02147851698100567,0.6694736842105263,157,311.0,0.21894736842105267,False,0.14772727272727273,0.05263157894736842,0.0,,,59,person,0.2,0.1,heuristic,segformer_b2_cityscapes_mcdrop8,acdc_rain_targetcal25,13,
,-1,True,,0.619733168459283,0.0018552966648712754,,475,,,False,,,,,,59,person,0.2,0.1,argmax,segformer_b2_cityscapes_mcdrop8,acdc_rain_targetcal25,13,0.572347266881029
1.0,1000,False,0.0,0.0,1.0,0.6694736842105263,157,311.0,0.0,False,0.0,0.0,0.0,,,59,person,0.05,0.5,region_crc,segformer_b2_cityscapes_mcdrop8,acdc_rain_targetcal25,13,
1.0,1000,True,0.0,0.0,1.0,0.6694736842105263,157,311.0,0.0,False,0.0,0.0,0.0,,,59,person,0.05,0.5,heuristic,segformer_b2_cityscapes_mcdrop8,acdc_rain_targetcal25,13,
,-1,True,,0.7468740035619017,0.0018552966648712754,,475,,,False,,,,,,59,person,0.05,0.5,argmax,segformer_b2_cityscapes_mcdrop8,acdc_rain_targetcal25,13,0.6816720257234726
1.0,1000,True,0.0,0.0,1.0,0.6694736842105263,157,311.0,0.0,False,0.0,0.0,0.0,,,59,person,0.1,0.5,region_crc,segformer_b2_cityscapes_mcdrop8,acdc_rain_targetcal25,13,
1.0,1000,True,0.0,0.0,1.0,0.6694736842105263,157,311.0,0.0,False,0.0,0.0,0.0,,,59,person,0.1,0.5,heuristic,segformer_b2_cityscapes_mcdrop8,acdc_rain_targetcal25,13,
,-1,True,,0.7468740035619017,0.0018552966648712754,,475,,,False,,,,,,59,person,0.1,0.5,argmax,segformer_b2_cityscapes_mcdrop8,acdc_rain_targetcal25,13,0.6816720257234726
1.0,1000,True,0.0,0.0,1.0,0.6694736842105263,157,311.0,0.0,False,0.0,0.0,0.0,,,59,person,0.2,0.5,region_crc,segformer_b2_cityscapes_mcdrop8,acdc_rain_targetcal25,13,
0.997,997,True,0.09755838641188959,0.09755838641188959,0.039150215685367584,0.6694736842105263,157,311.0,0.21684210526315784,False,0.07954545454545454,0.08771929824561403,0.0,,,59,person,0.2,0.5,heuristic,segformer_b2_cityscapes_mcdrop8,acdc_rain_targetcal25,13,
,-1,True,,0.7468740035619017,0.0018552966648712754,,475,,,False,,,,,,59,person,0.2,0.5,argmax,segformer_b2_cityscapes_mcdrop8,acdc_rain_targetcal25,13,0.6816720257234726
,-1,False,,,,,475,,,False,,,,,,59,rider,0.05,0.1,region_crc,segformer_b2_cityscapes_mcdrop8,acdc_rain_targetcal25,0,
,-1,False,,,,,475,,,False,,,,,,59,rider,0.05,0.1,heuristic,segformer_b2_cityscapes_mcdrop8,acdc_rain_targetcal25,0,
,-1,True,,0.8035714285714286,0.0002489298931322992,,475,,,False,,,,,,59,rider,0.05,0.1,argmax,segformer_b2_cityscapes_mcdrop8,acdc_rain_targetcal25,0,0.8157894736842105
,-1,False,,,,,475,,,False,,,,,,59,rider,0.1,0.1,region_crc,segformer_b2_cityscapes_mcdrop8,acdc_rain_targetcal25,0,
,-1,False,,,,,475,,,False,,,,,,59,rider,0.1,0.1,heuristic,segformer_b2_cityscapes_mcdrop8,acdc_rain_targetcal25,0,
,-1,True,,0.8035714285714286,0.0002489298931322992,,475,,,False,,,,,,59,rider,0.1,0.1,argmax,segformer_b2_cityscapes_mcdrop8,acdc_rain_targetcal25,0,0.8157894736842105
,-1,False,,,,,475,,,False,,,,,,59,rider,0.2,0.1,region_crc,segformer_b2_cityscapes_mcdrop8,acdc_rain_targetcal25,0,
,-1,False,,,,,475,,,False,,,,,,59,rider,0.2,0.1,heuristic,segformer_b2_cityscapes_mcdrop8,acdc_rain_targetcal25,0,
,-1,True,,0.8035714285714286,0.0002489298931322992,,475,,,False,,,,,,59,rider,0.2,0.1,argmax,segformer_b2_cityscapes_mcdrop8,acdc_rain_targetcal25,0,0.8157894736842105
,-1,False,,,,,475,,,False,,,,,,59,rider,0.05,0.5,region_crc,segformer_b2_cityscapes_mcdrop8,acdc_rain_targetcal25,0,
,-1,False,,,,,475,,,False,,,,,,59,rider,0.05,0.5,heuristic,segformer_b2_cityscapes_mcdrop8,acdc_rain_targetcal25,0,
,-1,True,,0.8571428571428571,0.0002489298931322992,,475,,,False,,,,,,59,rider,0.05,0.5,argmax,segformer_b2_cityscapes_mcdrop8,acdc_rain_targetcal25,0,0.868421052631579
,-1,False,,,,,475,,,False,,,,,,59,rider,0.1,0.5,region_crc,segformer_b2_cityscapes_mcdrop8,acdc_rain_targetcal25,0,
,-1,False,,,,,475,,,False,,,,,,59,rider,0.1,0.5,heuristic,segformer_b2_cityscapes_mcdrop8,acdc_rain_targetcal25,0,
,-1,True,,0.8571428571428571,0.0002489298931322992,,475,,,False,,,,,,59,rider,0.1,0.5,argmax,segformer_b2_cityscapes_mcdrop8,acdc_rain_targetcal25,0,0.868421052631579
,-1,False,,,,,475,,,False,,,,,,59,rider,0.2,0.5,region_crc,segformer_b2_cityscapes_mcdrop8,acdc_rain_targetcal25,0,
,-1,False,,,,,475,,,False,,,,,,59,rider,0.2,0.5,heuristic,segformer_b2_cityscapes_mcdrop8,acdc_rain_targetcal25,0,
,-1,True,,0.8571428571428571,0.0002489298931322992,,475,,,False,,,,,,59,rider,0.2,0.5,argmax,segformer_b2_cityscapes_mcdrop8,acdc_rain_targetcal25,0,0.868421052631579
1.0,1000,False,0.0,0.0,1.0,0.8336842105263158,79,151.0,0.0,False,0.0,0.0,0.0,,,59,bicycle,0.05,0.1,region_crc,segformer_b2_cityscapes_mcdrop8,acdc_rain_targetcal25,4,
1.0,1000,True,0.0,0.0,1.0,0.8336842105263158,79,151.0,0.0,False,0.0,0.0,0.0,,,59,bicycle,0.05,0.1,heuristic,segformer_b2_cityscapes_mcdrop8,acdc_rain_targetcal25,4,
,-1,True,,0.7431886678722122,0.001047437428496778,,475,,,False,,,,,,59,bicycle,0.05,0.1,argmax,segformer_b2_cityscapes_mcdrop8,acdc_rain_targetcal25,4,0.7218543046357616
1.0,1000,False,0.0,0.0,1.0,0.8336842105263158,79,151.0,0.0,False,0.0,0.0,0.0,,,59,bicycle,0.1,0.1,region_crc,segformer_b2_cityscapes_mcdrop8,acdc_rain_targetcal25,4,
1.0,1000,True,0.0,0.0,1.0,0.8336842105263158,79,151.0,0.0,False,0.0,0.0,0.0,,,59,bicycle,0.1,0.1,heuristic,segformer_b2_cityscapes_mcdrop8,acdc_rain_targetcal25,4,
,-1,True,,0.7431886678722122,0.001047437428496778,,475,,,False,,,,,,59,bicycle,0.1,0.1,argmax,segformer_b2_cityscapes_mcdrop8,acdc_rain_targetcal25,4,0.7218543046357616
1.0,1000,True,0.0,0.0,1.0,0.8336842105263158,79,151.0,0.0,False,0.0,0.0,0.0,,,59,bicycle,0.2,0.1,region_crc,segformer_b2_cityscapes_mcdrop8,acdc_rain_targetcal25,4,
0.996,996,True,0.27944544906570223,0.27944544906570223,0.014661397784948349,0.8336842105263158,79,151.0,0.128421052631579,False,0.42168674698795183,0.1111111111111111,0.0,,,59,bicycle,0.2,0.1,heuristic,segformer_b2_cityscapes_mcdrop8,acdc_rain_targetcal25,4,
,-1,True,,0.7431886678722122,0.001047437428496778,,475,,,False,,,,,,59,bicycle,0.2,0.1,argmax,segformer_b2_cityscapes_mcdrop8,acdc_rain_targetcal25,4,0.7218543046357616
1.0,1000,False,0.0,0.0,1.0,0.8336842105263158,79,151.0,0.0,False,0.0,0.0,0.0,,,59,bicycle,0.05,0.5,region_crc,segformer_b2_cityscapes_mcdrop8,acdc_rain_targetcal25,4,
1.0,1000,True,0.0,0.0,1.0,0.8336842105263158,79,151.0,0.0,False,0.0,0.0,0.0,,,59,bicycle,0.05,0.5,heuristic,segformer_b2_cityscapes_mcdrop8,acdc_rain_targetcal25,4,
,-1,True,,0.7689270644966847,0.001047437428496778,,475,,,False,,,,,,59,bicycle,0.05,0.5,argmax,segformer_b2_cityscapes_mcdrop8,acdc_rain_targetcal25,4,0.7483443708609272
1.0,1000,False,0.0,0.0,1.0,0.8336842105263158,79,151.0,0.0,False,0.0,0.0,0.0,,,59,bicycle,0.1,0.5,region_crc,segformer_b2_cityscapes_mcdrop8,acdc_rain_targetcal25,4,
1.0,1000,True,0.0,0.0,1.0,0.8336842105263158,79,151.0,0.0,False,0.0,0.0,0.0,,,59,bicycle,0.1,0.5,heuristic,segformer_b2_cityscapes_mcdrop8,acdc_rain_targetcal25,4,
,-1,True,,0.7689270644966847,0.001047437428496778,,475,,,False,,,,,,59,bicycle,0.1,0.5,argmax,segformer_b2_cityscapes_mcdrop8,acdc_rain_targetcal25,4,0.7483443708609272
1.0,1000,True,0.0,0.0,1.0,0.8336842105263158,79,151.0,0.0,False,0.0,0.0,0.0,,,59,bicycle,0.2,0.5,region_crc,segformer_b2_cityscapes_mcdrop8,acdc_rain_targetcal25,4,
0.999,999,True,0.22543701024713683,0.22543701024713683,0.02834731712937355,0.8336842105263158,79,151.0,0.1389473684210527,False,0.30120481927710846,0.1111111111111111,0.0,,,59,bicycle,0.2,0.5,heuristic,segformer_b2_cityscapes_mcdrop8,acdc_rain_targetcal25,4,
,-1,True,,0.7689270644966847,0.001047437428496778,,475,,,False,,,,,,59,bicycle,0.2,0.5,argmax,segformer_b2_cityscapes_mcdrop8,acdc_rain_targetcal25,4,0.7483443708609272
1.0,1000,False,0.0,0.0,1.0,0.6505263157894737,166,318.0,0.0,False,0.0,0.0,0.0,,,60,person,0.05,0.1,region_crc,segformer_b2_cityscapes_mcdrop8,acdc_rain_targetcal25,4,
0.935,935,True,0.39321976550892224,0.3932197655089221,0.0075653851963579655,7.997894736842105,166,318.0,0.08631578947368423,False,0.46994535519125685,0.19298245614035087,0.047619047619047616,,,60,person,0.05,0.1,heuristic,segformer_b2_cityscapes_mcdrop8,acdc_rain_targetcal25,4,
,-1,True,,0.6413540609323741,0.0017474029446020722,,475,,,False,,,,,,60,person,0.05,0.1,argmax,segformer_b2_cityscapes_mcdrop8,acdc_rain_targetcal25,4,0.5943396226415094
1.0,1000,False,0.0,0.0,1.0,0.6505263157894737,166,318.0,0.0,False,0.0,0.0,0.0,,,60,person,0.1,0.1,region_crc,segformer_b2_cityscapes_mcdrop8,acdc_rain_targetcal25,4,
0.872,872,True,0.4958533768774733,0.4958533768774733,0.004542098846286535,5.465263157894737,166,318.0,0.08210526315789474,False,0.6174863387978142,0.21929824561403508,0.09523809523809523,,,60,person,0.1,0.1,heuristic,segformer_b2_cityscapes_mcdrop8,acdc_rain_targetcal25,4,
,-1,True,,0.6413540609323741,0.0017474029446020722,,475,,,False,,,,,,60,person,0.1,0.1,argmax,segformer_b2_cityscapes_mcdrop8,acdc_rain_targetcal25,4,0.5943396226415094
0.9450000000000001,945,True,0.3460310104888418,0.34603101048884183,0.008456575684249401,10.696842105263158,166,318.0,0.08210526315789474,False,0.4207650273224044,0.17543859649122806,0.047619047619047616,,,60,person,0.2,0.1,region_crc,segformer_b2_cityscapes_mcdrop8,acdc_rain_targetcal25,4,
0.864,864,True,0.5129216499698427,0.5129216499698427,0.00431993929669261,5.465263157894737,166,318.0,0.09894736842105267,False,0.6338797814207651,0.22807017543859648,0.09523809523809523,,,60,person,0.2,0.1,heuristic,segformer_b2_cityscapes_mcdrop8,acdc_rain_targetcal25,4,
,-1,True,,0.6413540609323741,0.0017474029446020722,,475,,,False,,,,,,60,person,0.2,0.1,argmax,segformer_b2_cityscapes_mcdrop8,acdc_rain_targetcal25,4,0.5943396226415094
1.0,1000,False,0.0,0.0,1.0,0.6505263157894737,166,318.0,0.0,False,0.0,0.0,0.0,,,60,person,0.05,0.5,region_crc,segformer_b2_cityscapes_mcdrop8,acdc_rain_targetcal25,4,
0.977,977,True,0.341914544625388,0.341914544625388,0.014330632984638214,15.913684210526316,166,318.0,0.0736842105263158,False,0.39344262295081966,0.21052631578947367,0.09523809523809523,,,60,person,0.05,0.5,heuristic,segformer_b2_cityscapes_mcdrop8,acdc_rain_targetcal25,4,
,-1,True,,0.7639109551760155,0.0017474029446020722,,475,,,False,,,,,,60,person,0.05,0.5,argmax,segformer_b2_cityscapes_mcdrop8,acdc_rain_targetcal25,4,0.7012578616352201
1.0,1000,False,0.0,0.0,1.0,0.6505263157894737,166,318.0,0.0,False,0.0,0.0,0.0,,,60,person,0.1,0.5,region_crc,segformer_b2_cityscapes_mcdrop8,acdc_rain_targetcal25,4,
0.974,974,True,0.36902297836032777,0.36902297836032777,0.0133717842400074,15.913684210526316,166,318.0,0.07157894736842108,False,0.4207650273224044,0.21052631578947367,0.09523809523809523,,,60,person,0.1,0.5,heuristic,segformer_b2_cityscapes_mcdrop8,acdc_rain_targetcal25,4,
,-1,True,,0.7639109551760155,0.0017474029446020722,,475,,,False,,,,,,60,person,0.1,0.5,argmax,segformer_b2_cityscapes_mcdrop8,acdc_rain_targetcal25,4,0.7012578616352201
0.985,985,True,0.28840048840048843,0.28840048840048843,0.01807878538966179,15.913684210526316,166,318.0,0.10736842105263161,False,0.3333333333333333,0.14912280701754385,0.047619047619047616,,,60,person,0.2,0.5,region_crc,segformer_b2_cityscapes_mcdrop8,acdc_rain_targetcal25,4,
0.934,934,True,0.4977610073995617,0.4977610073995617,0.0074834069237113,7.997894736842105,166,318.0,0.08631578947368423,False,0.6065573770491803,0.2631578947368421,0.09523809523809523,,,60,person,0.2,0.5,heuristic,segformer_b2_cityscapes_mcdrop8,acdc_rain_targetcal25,4,
,-1,True,,0.7639109551760155,0.0017474029446020722,,475,,,False,,,,,,60,person,0.2,0.5,argmax,segformer_b2_cityscapes_mcdrop8,acdc_rain_targetcal25,4,0.7012578616352201
1.0,1000,False,0.0,0.0,1.0,0.9431578947368421,27,37.0,0.0,False,0.0,0.0,0.0,,,60,rider,0.05,0.1,region_crc,segformer_b2_cityscapes_mcdrop8,acdc_rain_targetcal25,1,
0.002,2,True,0.9814814814814815,0.9814814814814815,6.195871264935704e-06,0.0,27,37.0,0.037894736842105314,False,1.0,1.0,0.75,,,60,rider,0.05,0.1,heuristic,segformer_b2_cityscapes_mcdrop8,acdc_rain_targetcal25,1,
,-1,True,,0.8333333333333334,0.00022528527188114822,,475,,,False,,,,,,60,rider,0.05,0.1,argmax,segformer_b2_cityscapes_mcdrop8,acdc_rain_targetcal25,1,0.8378378378378378
1.0,1000,False,0.0,0.0,1.0,0.9431578947368421,27,37.0,0.0,False,0.0,0.0,0.0,,,60,rider,0.1,0.1,region_crc,segformer_b2_cityscapes_mcdrop8,acdc_rain_targetcal25,1,
0.002,2,True,0.9814814814814815,0.9814814814814815,6.195871264935704e-06,0.0,27,37.0,0.037894736842105314,False,1.0,1.0,0.75,,,60,rider,0.1,0.1,heuristic,segformer_b2_cityscapes_mcdrop8,acdc_rain_targetcal25,1,
,-1,True,,0.8333333333333334,0.00022528527188114822,,475,,,False,,,,,,60,rider,0.1,0.1,argmax,segformer_b2_cityscapes_mcdrop8,acdc_rain_targetcal25,1,0.8378378378378378
1.0,1000,False,0.0,0.0,1.0,0.9431578947368421,27,37.0,0.0,False,0.0,0.0,0.0,,,60,rider,0.2,0.1,region_crc,segformer_b2_cityscapes_mcdrop8,acdc_rain_targetcal25,1,
0.002,2,True,0.9814814814814815,0.9814814814814815,6.195871264935704e-06,0.0,27,37.0,0.037894736842105314,False,1.0,1.0,0.75,,,60,rider,0.2,0.1,heuristic,segformer_b2_cityscapes_mcdrop8,acdc_rain_targetcal25,1,
,-1,True,,0.8333333333333334,0.00022528527188114822,,475,,,False,,,,,,60,rider,0.2,0.1,argmax,segformer_b2_cityscapes_mcdrop8,acdc_rain_targetcal25,1,0.8378378378378378
1.0,1000,False,0.0,0.0,1.0,0.9431578947368421,27,37.0,0.0,False,0.0,0.0,0.0,,,60,rider,0.05,0.5,region_crc,segformer_b2_cityscapes_mcdrop8,acdc_rain_targetcal25,1,
0.047,47,True,0.9629629629629629,0.9629629629629629,3.4908996894955635e-05,0.002105263157894737,27,37.0,0.03578947368421059,False,1.0,1.0,0.5,,,60,rider,0.05,0.5,heuristic,segformer_b2_cityscapes_mcdrop8,acdc_rain_targetcal25,1,
,-1,True,,0.8888888888888888,0.00022528527188114822,,475,,,False,,,,,,60,rider,0.05,0.5,argmax,segformer_b2_cityscapes_mcdrop8,acdc_rain_targetcal25,1,0.8918918918918919
1.0,1000,False,0.0,0.0,1.0,0.9431578947368421,27,37.0,0.0,False,0.0,0.0,0.0,,,60,rider,0.1,0.5,region_crc,segformer_b2_cityscapes_mcdrop8,acdc_rain_targetcal25,1,
0.047,47,True,0.9629629629629629,0.9629629629629629,3.4908996894955635e-05,0.002105263157894737,27,37.0,0.03578947368421059,False,1.0,1.0,0.5,,,60,rider,0.1,0.5,heuristic,segformer_b2_cityscapes_mcdrop8,acdc_rain_targetcal25,1,
,-1,True,,0.8888888888888888,0.00022528527188114822,,475,,,False,,,,,,60,rider,0.1,0.5,argmax,segformer_b2_cityscapes_mcdrop8,acdc_rain_targetcal25,1,0.8918918918918919
1.0,1000,False,0.0,0.0,1.0,0.9431578947368421,27,37.0,0.0,False,0.0,0.0,0.0,,,60,rider,0.2,0.5,region_crc,segformer_b2_cityscapes_mcdrop8,acdc_rain_targetcal25,1,
0.047,47,True,0.9629629629629629,0.9629629629629629,3.4908996894955635e-05,0.002105263157894737,27,37.0,0.03578947368421059,False,1.0,1.0,0.5,,,60,rider,0.2,0.5,heuristic,segformer_b2_cityscapes_mcdrop8,acdc_rain_targetcal25,1,
,-1,True,,0.8888888888888888,0.00022528527188114822,,475,,,False,,,,,,60,rider,0.2,0.5,argmax,segformer_b2_cityscapes_mcdrop8,acdc_rain_targetcal25,1,0.8918918918918919
1.0,1000,False,0.0,0.0,1.0,0.8315789473684211,80,151.0,0.0,False,0.0,0.0,0.0,,,60,bicycle,0.05,0.1,region_crc,segformer_b2_cityscapes_mcdrop8,acdc_rain_targetcal25,3,
0.933,933,True,0.5864583333333334,0.5864583333333333,0.003113829530775547,2.6,80,151.0,0.18947368421052624,False,0.6867469879518072,0.42105263157894735,0.0,,,60,bicycle,0.05,0.1,heuristic,segformer_b2_cityscapes_mcdrop8,acdc_rain_targetcal25,3,
,-1,True,,0.7693154761904762,0.001059764763340354,,475,,,False,,,,,,60,bicycle,0.05,0.1,argmax,segformer_b2_cityscapes_mcdrop8,acdc_rain_targetcal25,3,0.7549668874172185
1.0,1000,False,0.0,0.0,1.0,0.8315789473684211,80,151.0,0.0,False,0.0,0.0,0.0,,,60,bicycle,0.1,0.1,region_crc,segformer_b2_cityscapes_mcdrop8,acdc_rain_targetcal25,3,
0.933,933,True,0.5864583333333334,0.5864583333333333,0.003113829530775547,2.6,80,151.0,0.18947368421052624,False,0.6867469879518072,0.42105263157894735,0.0,,,60,bicycle,0.1,0.1,heuristic,segformer_b2_cityscapes_mcdrop8,acdc_rain_targetcal25,3,
,-1,True,,0.7693154761904762,0.001059764763340354,,475,,,False,,,,,,60,bicycle,0.1,0.1,argmax,segformer_b2_cityscapes_mcdrop8,acdc_rain_targetcal25,3,0.7549668874172185
1.0,1000,False,0.0,0.0,1.0,0.8315789473684211,80,151.0,0.0,False,0.0,0.0,0.0,,,60,bicycle,0.2,0.1,region_crc,segformer_b2_cityscapes_mcdrop8,acdc_rain_targetcal25,3,
0.885,885,True,0.6307440476190476,0.6307440476190476,0.0022502965293824673,1.3705263157894736,80,151.0,0.16421052631578936,False,0.7349397590361446,0.49122807017543857,0.0,,,60,bicycle,0.2,0.1,heuristic,segformer_b2_cityscapes_mcdrop8,acdc_rain_targetcal25,3,
,-1,True,,0.7693154761904762,0.001059764763340354,,475,,,False,,,,,,60,bicycle,0.2,0.1,argmax,segformer_b2_cityscapes_mcdrop8,acdc_rain_targetcal25,3,0.7549668874172185
1.0,1000,False,0.0,0.0,1.0,0.8315789473684211,80,151.0,0.0,False,0.0,0.0,0.0,,,60,bicycle,0.05,0.5,region_crc,segformer_b2_cityscapes_mcdrop8,acdc_rain_targetcal25,3,
0.9480000000000001,948,True,0.6241964285714285,0.6241964285714285,0.0036257959436625242,3.867368421052632,80,151.0,0.1768421052631578,False,0.7108433734939759,0.5087719298245614,0.0,,,60,bicycle,0.05,0.5,heuristic,segformer_b2_cityscapes_mcdrop8,acdc_rain_targetcal25,3,
,-1,True,,0.7947321428571428,0.001059764763340354,,475,,,False,,,,,,60,bicycle,0.05,0.5,argmax,segformer_b2_cityscapes_mcdrop8,acdc_rain_targetcal25,3,0.7814569536423841
1.0,1000,False,0.0,0.0,1.0,0.8315789473684211,80,151.0,0.0,False,0.0,0.0,0.0,,,60,bicycle,0.1,0.5,region_crc,segformer_b2_cityscapes_mcdrop8,acdc_rain_targetcal25,3,
0.9480000000000001,948,True,0.6241964285714285,0.6241964285714285,0.0036257959436625242,3.867368421052632,80,151.0,0.1768421052631578,False,0.7108433734939759,0.5087719298245614,0.0,,,60,bicycle,0.1,0.5,heuristic,segformer_b2_cityscapes_mcdrop8,acdc_rain_targetcal25,3,
,-1,True,,0.7947321428571428,0.001059764763340354,,475,,,False,,,,,,60,bicycle,0.1,0.5,argmax,segformer_b2_cityscapes_mcdrop8,acdc_rain_targetcal25,3,0.7814569536423841
1.0,1000,False,0.0,0.0,1.0,0.8315789473684211,80,151.0,0.0,False,0.0,0.0,0.0,,,60,bicycle,0.2,0.5,region_crc,segformer_b2_cityscapes_mcdrop8,acdc_rain_targetcal25,3,
0.905,905,True,0.6971130952380952,0.6971130952380952,0.0025269933976233006,1.88,80,151.0,0.14315789473684204,False,0.7951807228915663,0.5789473684210527,0.0,,,60,bicycle,0.2,0.5,heuristic,segformer_b2_cityscapes_mcdrop8,acdc_rain_targetcal25,3,
,-1,True,,0.7947321428571428,0.001059764763340354,,475,,,False,,,,,,60,bicycle,0.2,0.5,argmax,segformer_b2_cityscapes_mcdrop8,acdc_rain_targetcal25,3,0.7814569536423841
1.0,1000,False,0.0,0.0,1.0,0.6631578947368421,160,312.0,0.0,False,0.0,0.0,0.0,,,61,person,0.05,0.1,region_crc,segformer_b2_cityscapes_mcdrop8,acdc_rain_targetcal25,10,
0.999,999,True,0.0328125,0.0328125,0.060286663472652435,0.6631578947368421,160,312.0,0.1852631578947368,False,0.022857142857142857,0.02586206896551724,0.0,,,61,person,0.05,0.1,heuristic,segformer_b2_cityscapes_mcdrop8,acdc_rain_targetcal25,10,
,-1,True,,0.6325923382173382,0.0018345699645578861,,475,,,False,,,,,,61,person,0.05,0.1,argmax,segformer_b2_cityscapes_mcdrop8,acdc_rain_targetcal25,10,0.5833333333333334
0.999,999,True,0.0328125,0.0328125,0.060286663472652435,0.6631578947368421,160,312.0,0.1852631578947368,False,0.022857142857142857,0.02586206896551724,0.0,,,61,person,0.1,0.1,region_crc,segformer_b2_cityscapes_mcdrop8,acdc_rain_targetcal25,10,
0.994,994,True,0.07072916666666666,0.07072916666666666,0.028144877403974533,0.6631578947368421,160,312.0,0.19157894736842107,False,0.08571428571428572,0.034482758620689655,0.0,,,61,person,0.1,0.1,heuristic,segformer_b2_cityscapes_mcdrop8,acdc_rain_targetcal25,10,
,-1,True,,0.6325923382173382,0.0018345699645578861,,475,,,False,,,,,,61,person,0.1,0.1,argmax,segformer_b2_cityscapes_mcdrop8,acdc_rain_targetcal25,10,0.5833333333333334
0.994,994,True,0.07072916666666666,0.07072916666666666,0.028144877403974533,0.6631578947368421,160,312.0,0.19157894736842107,False,0.08571428571428572,0.034482758620689655,0.0,,,61,person,0.2,0.1,region_crc,segformer_b2_cityscapes_mcdrop8,acdc_rain_targetcal25,10,
0.98,980,True,0.19815438034188032,0.19815438034188035,0.015363814309239388,15.696842105263158,160,312.0,0.1494736842105262,False,0.24571428571428572,0.09482758620689655,0.0,,,61,person,0.2,0.1,heuristic,segformer_b2_cityscapes_mcdrop8,acdc_rain_targetcal25,10,
,-1,True,,0.6325923382173382,0.0018345699645578861,,475,,,False,,,,,,61,person,0.2,0.1,argmax,segformer_b2_cityscapes_mcdrop8,acdc_rain_targetcal25,10,0.5833333333333334
1.0,1000,False,0.0,0.0,1.0,0.6631578947368421,160,312.0,0.0,False,0.0,0.0,0.0,,,61,person,0.05,0.5,region_crc,segformer_b2_cityscapes_mcdrop8,acdc_rain_targetcal25,10,
1.0,1000,True,0.0,0.0,1.0,0.6631578947368421,160,312.0,0.0,False,0.0,0.0,0.0,,,61,person,0.05,0.5,heuristic,segformer_b2_cityscapes_mcdrop8,acdc_rain_targetcal25,10,
,-1,True,,0.760995115995116,0.0018345699645578861,,475,,,False,,,,,,61,person,0.05,0.5,argmax,segformer_b2_cityscapes_mcdrop8,acdc_rain_targetcal25,10,0.6955128205128205
1.0,1000,True,0.0,0.0,1.0,0.6631578947368421,160,312.0,0.0,False,0.0,0.0,0.0,,,61,person,0.1,0.5,region_crc,segformer_b2_cityscapes_mcdrop8,acdc_rain_targetcal25,10,
0.999,999,True,0.0484375,0.0484375,0.060286663472652435,0.6631578947368421,160,312.0,0.1852631578947368,False,0.04,0.04310344827586207,0.0,,,61,person,0.1,0.5,heuristic,segformer_b2_cityscapes_mcdrop8,acdc_rain_targetcal25,10,
,-1,True,,0.760995115995116,0.0018345699645578861,,475,,,False,,,,,,61,person,0.1,0.5,argmax,segformer_b2_cityscapes_mcdrop8,acdc_rain_targetcal25,10,0.6955128205128205
0.999,999,True,0.0484375,0.0484375,0.060286663472652435,0.6631578947368421,160,312.0,0.1852631578947368,False,0.04,0.04310344827586207,0.0,,,61,person,0.2,0.5,region_crc,segformer_b2_cityscapes_mcdrop8,acdc_rain_targetcal25,10,
0.996,996,True,0.12020833333333333,0.12020833333333332,0.03387629613280296,0.6631578947368421,160,312.0,0.1957894736842105,False,0.10857142857142857,0.10344827586206896,0.0,,,61,person,0.2,0.5,heuristic,segformer_b2_cityscapes_mcdrop8,acdc_rain_targetcal25,10,
,-1,True,,0.760995115995116,0.0018345699645578861,,475,,,False,,,,,,61,person,0.2,0.5,argmax,segformer_b2_cityscapes_mcdrop8,acdc_rain_targetcal25,10,0.6955128205128205
1.0,1000,False,0.0,0.0,1.0,0.9452631578947368,26,35.0,0.0,False,0.0,0.0,0.0,,,61,rider,0.05,0.1,region_crc,segformer_b2_cityscapes_mcdrop8,acdc_rain_targetcal25,2,
0.994,994,True,0.5576923076923077,0.5576923076923077,0.003977712243795395,0.9452631578947368,26,35.0,0.15578947368421048,False,0.75,0.16666666666666666,0.0,,,61,rider,0.05,0.1,heuristic,segformer_b2_cityscapes_mcdrop8,acdc_rain_targetcal25,2,
,-1,True,,0.7884615384615384,0.00023778731701895595,,475,,,False,,,,,,61,rider,0.05,0.1,argmax,segformer_b2_cityscapes_mcdrop8,acdc_rain_targetcal25,2,0.8
1.0,1000,False,0.0,0.0,1.0,0.9452631578947368,26,35.0,0.0,False,0.0,0.0,0.0,,,61,rider,0.1,0.1,region_crc,segformer_b2_cityscapes_mcdrop8,acdc_rain_targetcal25,2,
0.994,994,True,0.5576923076923077,0.5576923076923077,0.003977712243795395,0.9452631578947368,26,35.0,0.15578947368421048,False,0.75,0.16666666666666666,0.0,,,61,rider,0.1,0.1,heuristic,segformer_b2_cityscapes_mcdrop8,acdc_rain_targetcal25,2,
,-1,True,,0.7884615384615384,0.00023778731701895595,,475,,,False,,,,,,61,rider,0.1,0.1,argmax,segformer_b2_cityscapes_mcdrop8,acdc_rain_targetcal25,2,0.8
1.0,1000,False,0.0,0.0,1.0,0.9452631578947368,26,35.0,0.0,False,0.0,0.0,0.0,,,61,rider,0.2,0.1,region_crc,segformer_b2_cityscapes_mcdrop8,acdc_rain_targetcal25,2,
0.994,994,True,0.5576923076923077,0.5576923076923077,0.003977712243795395,0.9452631578947368,26,35.0,0.15578947368421048,False,0.75,0.16666666666666666,0.0,,,61,rider,0.2,0.1,heuristic,segformer_b2_cityscapes_mcdrop8,acdc_rain_targetcal25,2,
,-1,True,,0.7884615384615384,0.00023778731701895595,,475,,,False,,,,,,61,rider,0.2,0.1,argmax,segformer_b2_cityscapes_mcdrop8,acdc_rain_targetcal25,2,0.8
1.0,1000,False,0.0,0.0,1.0,0.9452631578947368,26,35.0,0.0,False,0.0,0.0,0.0,,,61,rider,0.05,0.5,region_crc,segformer_b2_cityscapes_mcdrop8,acdc_rain_targetcal25,2,
0.997,997,True,0.5961538461538461,0.5961538461538461,0.005813355091959238,0.9452631578947368,26,35.0,0.12,False,0.75,0.16666666666666666,0.2,,,61,rider,0.05,0.5,heuristic,segformer_b2_cityscapes_mcdrop8,acdc_rain_targetcal25,2,
,-1,True,,0.8461538461538461,0.00023778731701895595,,475,,,False,,,,,,61,rider,0.05,0.5,argmax,segformer_b2_cityscapes_mcdrop8,acdc_rain_targetcal25,2,0.8571428571428571
1.0,1000,False,0.0,0.0,1.0,0.9452631578947368,26,35.0,0.0,False,0.0,0.0,0.0,,,61,rider,0.1,0.5,region_crc,segformer_b2_cityscapes_mcdrop8,acdc_rain_targetcal25,2,
0.997,997,True,0.5961538461538461,0.5961538461538461,0.005813355091959238,0.9452631578947368,26,35.0,0.12,False,0.75,0.16666666666666666,0.2,,,61,rider,0.1,0.5,heuristic,segformer_b2_cityscapes_mcdrop8,acdc_rain_targetcal25,2,
,-1,True,,0.8461538461538461,0.00023778731701895595,,475,,,False,,,,,,61,rider,0.1,0.5,argmax,segformer_b2_cityscapes_mcdrop8,acdc_rain_targetcal25,2,0.8571428571428571
1.0,1000,False,0.0,0.0,1.0,0.9452631578947368,26,35.0,0.0,False,0.0,0.0,0.0,,,61,rider,0.2,0.5,region_crc,segformer_b2_cityscapes_mcdrop8,acdc_rain_targetcal25,2,
0.997,997,True,0.5961538461538461,0.5961538461538461,0.005813355091959238,0.9452631578947368,26,35.0,0.12,False,0.75,0.16666666666666666,0.2,,,61,rider,0.2,0.5,heuristic,segformer_b2_cityscapes_mcdrop8,acdc_rain_targetcal25,2,
,-1,True,,0.8461538461538461,0.00023778731701895595,,475,,,False,,,,,,61,rider,0.2,0.5,argmax,segformer_b2_cityscapes_mcdrop8,acdc_rain_targetcal25,2,0.8571428571428571
1.0,1000,False,0.0,0.0,1.0,0.8336842105263158,79,155.0,0.0,False,0.0,0.0,0.0,,,61,bicycle,0.05,0.1,region_crc,segformer_b2_cityscapes_mcdrop8,acdc_rain_targetcal25,4,
1.0,1000,True,0.0,0.0,1.0,0.8336842105263158,79,155.0,0.0,False,0.0,0.0,0.0,,,61,bicycle,0.05,0.1,heuristic,segformer_b2_cityscapes_mcdrop8,acdc_rain_targetcal25,4,
,-1,True,,0.762176009644364,0.0010867984965443611,,475,,,False,,,,,,61,bicycle,0.05,0.1,argmax,segformer_b2_cityscapes_mcdrop8,acdc_rain_targetcal25,4,0.7354838709677419
1.0,1000,False,0.0,0.0,1.0,0.8336842105263158,79,155.0,0.0,False,0.0,0.0,0.0,,,61,bicycle,0.1,0.1,region_crc,segformer_b2_cityscapes_mcdrop8,acdc_rain_targetcal25,4,
1.0,1000,True,0.0,0.0,1.0,0.8336842105263158,79,155.0,0.0,False,0.0,0.0,0.0,,,61,bicycle,0.1,0.1,heuristic,segformer_b2_cityscapes_mcdrop8,acdc_rain_targetcal25,4,
,-1,True,,0.762176009644364,0.0010867984965443611,,475,,,False,,,,,,61,bicycle,0.1,0.1,argmax,segformer_b2_cityscapes_mcdrop8,acdc_rain_targetcal25,4,0.7354838709677419
1.0,1000,True,0.0,0.0,1.0,0.8336842105263158,79,155.0,0.0,False,0.0,0.0,0.0,,,61,bicycle,0.2,0.1,region_crc,segformer_b2_cityscapes_mcdrop8,acdc_rain_targetcal25,4,
1.0,1000,True,0.0,0.0,1.0,0.8336842105263158,79,155.0,0.0,False,0.0,0.0,0.0,,,61,bicycle,0.2,0.1,heuristic,segformer_b2_cityscapes_mcdrop8,acdc_rain_targetcal25,4,
,-1,True,,0.762176009644364,0.0010867984965443611,,475,,,False,,,,,,61,bicycle,0.2,0.1,argmax,segformer_b2_cityscapes_mcdrop8,acdc_rain_targetcal25,4,0.7354838709677419
1.0,1000,False,0.0,0.0,1.0,0.8336842105263158,79,155.0,0.0,False,0.0,0.0,0.0,,,61,bicycle,0.05,0.5,region_crc,segformer_b2_cityscapes_mcdrop8,acdc_rain_targetcal25,4,
1.0,1000,True,0.0,0.0,1.0,0.8336842105263158,79,155.0,0.0,False,0.0,0.0,0.0,,,61,bicycle,0.05,0.5,heuristic,segformer_b2_cityscapes_mcdrop8,acdc_rain_targetcal25,4,
,-1,True,,0.7879144062688366,0.0010867984965443611,,475,,,False,,,,,,61,bicycle,0.05,0.5,argmax,segformer_b2_cityscapes_mcdrop8,acdc_rain_targetcal25,4,0.7612903225806451
1.0,1000,False,0.0,0.0,1.0,0.8336842105263158,79,155.0,0.0,False,0.0,0.0,0.0,,,61,bicycle,0.1,0.5,region_crc,segformer_b2_cityscapes_mcdrop8,acdc_rain_targetcal25,4,
1.0,1000,True,0.0,0.0,1.0,0.8336842105263158,79,155.0,0.0,False,0.0,0.0,0.0,,,61,bicycle,0.1,0.5,heuristic,segformer_b2_cityscapes_mcdrop8,acdc_rain_targetcal25,4,
,-1,True,,0.7879144062688366,0.0010867984965443611,,475,,,False,,,,,,61,bicycle,0.1,0.5,argmax,segformer_b2_cityscapes_mcdrop8,acdc_rain_targetcal25,4,0.7612903225806451
1.0,1000,True,0.0,0.0,1.0,0.8336842105263158,79,155.0,0.0,False,0.0,0.0,0.0,,,61,bicycle,0.2,0.5,region_crc,segformer_b2_cityscapes_mcdrop8,acdc_rain_targetcal25,4,
1.0,1000,True,0.0,0.0,1.0,0.8336842105263158,79,155.0,0.0,False,0.0,0.0,0.0,,,61,bicycle,0.2,0.5,heuristic,segformer_b2_cityscapes_mcdrop8,acdc_rain_targetcal25,4,
,-1,True,,0.7879144062688366,0.0010867984965443611,,475,,,False,,,,,,61,bicycle,0.2,0.5,argmax,segformer_b2_cityscapes_mcdrop8,acdc_rain_targetcal25,4,0.7612903225806451
1.0,1000,False,0.0,0.0,1.0,0.6589473684210526,162,322.0,0.0,False,0.0,0.0,0.0,,,62,person,0.05,0.1,region_crc,segformer_b2_cityscapes_mcdrop8,acdc_rain_targetcal25,8,
0.975,975,True,0.2336269012194938,0.2336269012194938,0.013706534169614315,15.778947368421052,162,322.0,0.15368421052631576,False,0.2802197802197802,0.1016949152542373,0.0,,,62,person,0.05,0.1,heuristic,segformer_b2_cityscapes_mcdrop8,acdc_rain_targetcal25,8,
,-1,True,,0.655646753794902,0.0018213733565062284,,475,,,False,,,,,,62,person,0.05,0.1,argmax,segformer_b2_cityscapes_mcdrop8,acdc_rain_targetcal25,8,0.6024844720496895
1.0,1000,False,0.0,0.0,1.0,0.6589473684210526,162,322.0,0.0,False,0.0,0.0,0.0,,,62,person,0.1,0.1,region_crc,segformer_b2_cityscapes_mcdrop8,acdc_rain_targetcal25,8,
0.937,937,True,0.38718815478074736,0.38718815478074736,0.00778981251642108,7.987368421052632,162,322.0,0.12842105263157888,False,0.45604395604395603,0.1864406779661017,0.045454545454545456,,,62,person,0.1,0.1,heuristic,segformer_b2_cityscapes_mcdrop8,acdc_rain_targetcal25,8,
,-1,True,,0.655646753794902,0.0018213733565062284,,475,,,False,,,,,,62,person,0.1,0.1,argmax,segformer_b2_cityscapes_mcdrop8,acdc_rain_targetcal25,8,0.6024844720496895
0.937,937,True,0.38718815478074736,0.38718815478074736,0.00778981251642108,7.987368421052632,162,322.0,0.12842105263157888,False,0.45604395604395603,0.1864406779661017,0.045454545454545456,,,62,person,0.2,0.1,region_crc,segformer_b2_cityscapes_mcdrop8,acdc_rain_targetcal25,8,
0.837,837,True,0.5500719787756825,0.5500719787756825,0.003790506860241294,4.037894736842105,162,322.0,0.14947368421052631,False,0.6813186813186813,0.2542372881355932,0.09090909090909091,,,62,person,0.2,0.1,heuristic,segformer_b2_cityscapes_mcdrop8,acdc_rain_targetcal25,8,
,-1,True,,0.655646753794902,0.0018213733565062284,,475,,,False,,,,,,62,person,0.2,0.1,argmax,segformer_b2_cityscapes_mcdrop8,acdc_rain_targetcal25,8,0.6024844720496895
1.0,1000,False,0.0,0.0,1.0,0.6589473684210526,162,322.0,0.0,False,0.0,0.0,0.0,,,62,person,0.05,0.5,region_crc,segformer_b2_cityscapes_mcdrop8,acdc_rain_targetcal25,8,
0.986,986,True,0.2699482958742218,0.2699482958742218,0.018745791167020798,15.778947368421052,162,322.0,0.13684210526315788,False,0.3131868131868132,0.13559322033898305,0.0,,,62,person,0.05,0.5,heuristic,segformer_b2_cityscapes_mcdrop8,acdc_rain_targetcal25,8,
,-1,True,,0.7685754232050529,0.0018213733565062284,,475,,,False,,,,,,62,person,0.05,0.5,argmax,segformer_b2_cityscapes_mcdrop8,acdc_rain_targetcal25,8,0.7049689440993789
1.0,1000,False,0.0,0.0,1.0,0.6589473684210526,162,322.0,0.0,False,0.0,0.0,0.0,,,62,person,0.1,0.5,region_crc,segformer_b2_cityscapes_mcdrop8,acdc_rain_targetcal25,8,
0.965,965,True,0.4260770436696363,0.4260770436696363,0.01127829309552908,15.778947368421052,162,322.0,0.15368421052631576,False,0.489010989010989,0.22033898305084745,0.09090909090909091,,,62,person,0.1,0.5,heuristic,segformer_b2_cityscapes_mcdrop8,acdc_rain_targetcal25,8,
,-1,True,,0.7685754232050529,0.0018213733565062284,,475,,,False,,,,,,62,person,0.1,0.5,argmax,segformer_b2_cityscapes_mcdrop8,acdc_rain_targetcal25,8,0.7049689440993789
0.965,965,True,0.4260770436696363,0.4260770436696363,0.01127829309552908,15.778947368421052,162,322.0,0.15368421052631576,False,0.489010989010989,0.22033898305084745,0.09090909090909091,,,62,person,0.2,0.5,region_crc,segformer_b2_cityscapes_mcdrop8,acdc_rain_targetcal25,8,
0.9460000000000001,946,True,0.48327868976017124,0.48327868976017124,0.008620982989668846,10.64,162,322.0,0.14526315789473676,False,0.5659340659340659,0.2542372881355932,0.09090909090909091,,,62,person,0.2,0.5,heuristic,segformer_b2_cityscapes_mcdrop8,acdc_rain_targetcal25,8,
,-1,True,,0.7685754232050529,0.0018213733565062284,,475,,,False,,,,,,62,person,0.2,0.5,argmax,segformer_b2_cityscapes_mcdrop8,acdc_rain_targetcal25,8,0.7049689440993789
1.0,1000,False,0.0,0.0,1.0,0.9431578947368421,27,37.0,0.0,False,0.0,0.0,0.0,,,62,rider,0.05,0.1,region_crc,segformer_b2_cityscapes_mcdrop8,acdc_rain_targetcal25,1,
0.997,997,True,0.4074074074074074,0.4074074074074074,0.005993987433612347,0.9431578947368421,27,37.0,0.13684210526315793,False,0.5769230769230769,0.0,0.0,,,62,rider,0.05,0.1,heuristic,segformer_b2_cityscapes_mcdrop8,acdc_rain_targetcal25,1,
,-1,True,,0.7962962962962963,0.00024940198636613786,,475,,,False,,,,,,62,rider,0.05,0.1,argmax,segformer_b2_cityscapes_mcdrop8,acdc_rain_targetcal25,1,0.8108108108108109
1.0,1000,False,0.0,0.0,1.0,0.9431578947368421,27,37.0,0.0,False,0.0,0.0,0.0,,,62,rider,0.1,0.1,region_crc,segformer_b2_cityscapes_mcdrop8,acdc_rain_targetcal25,1,
0.997,997,True,0.4074074074074074,0.4074074074074074,0.005993987433612347,0.9431578947368421,27,37.0,0.13684210526315793,False,0.5769230769230769,0.0,0.0,,,62,rider,0.1,0.1,heuristic,segformer_b2_cityscapes_mcdrop8,acdc_rain_targetcal25,1,
,-1,True,,0.7962962962962963,0.00024940198636613786,,475,,,False,,,,,,62,rider,0.1,0.1,argmax,segformer_b2_cityscapes_mcdrop8,acdc_rain_targetcal25,1,0.8108108108108109
1.0,1000,False,0.0,0.0,1.0,0.9431578947368421,27,37.0,0.0,False,0.0,0.0,0.0,,,62,rider,0.2,0.1,region_crc,segformer_b2_cityscapes_mcdrop8,acdc_rain_targetcal25,1,
0.997,997,True,0.4074074074074074,0.4074074074074074,0.005993987433612347,0.9431578947368421,27,37.0,0.13684210526315793,False,0.5769230769230769,0.0,0.0,,,62,rider,0.2,0.1,heuristic,segformer_b2_cityscapes_mcdrop8,acdc_rain_targetcal25,1,
,-1,True,,0.7962962962962963,0.00024940198636613786,,475,,,False,,,,,,62,rider,0.2,0.1,argmax,segformer_b2_cityscapes_mcdrop8,acdc_rain_targetcal25,1,0.8108108108108109
1.0,1000,False,0.0,0.0,1.0,0.9431578947368421,27,37.0,0.0,False,0.0,0.0,0.0,,,62,rider,0.05,0.5,region_crc,segformer_b2_cityscapes_mcdrop8,acdc_rain_targetcal25,1,
0.999,999,True,0.38271604938271603,0.38271604938271603,0.01049477607011795,0.9431578947368421,27,37.0,0.11368421052631578,False,0.5,0.0,0.0,,,62,rider,0.05,0.5,heuristic,segformer_b2_cityscapes_mcdrop8,acdc_rain_targetcal25,1,
,-1,True,,0.8518518518518519,0.00024940198636613786,,475,,,False,,,,,,62,rider,0.05,0.5,argmax,segformer_b2_cityscapes_mcdrop8,acdc_rain_targetcal25,1,0.8648648648648649
1.0,1000,False,0.0,0.0,1.0,0.9431578947368421,27,37.0,0.0,False,0.0,0.0,0.0,,,62,rider,0.1,0.5,region_crc,segformer_b2_cityscapes_mcdrop8,acdc_rain_targetcal25,1,
0.999,999,True,0.38271604938271603,0.38271604938271603,0.01049477607011795,0.9431578947368421,27,37.0,0.11368421052631578,False,0.5,0.0,0.0,,,62,rider,0.1,0.5,heuristic,segformer_b2_cityscapes_mcdrop8,acdc_rain_targetcal25,1,
,-1,True,,0.8518518518518519,0.00024940198636613786,,475,,,False,,,,,,62,rider,0.1,0.5,argmax,segformer_b2_cityscapes_mcdrop8,acdc_rain_targetcal25,1,0.8648648648648649
1.0,1000,False,0.0,0.0,1.0,0.9431578947368421,27,37.0,0.0,False,0.0,0.0,0.0,,,62,rider,0.2,0.5,region_crc,segformer_b2_cityscapes_mcdrop8,acdc_rain_targetcal25,1,
0.999,999,True,0.38271604938271603,0.38271604938271603,0.01049477607011795,0.9431578947368421,27,37.0,0.11368421052631578,False,0.5,0.0,0.0,,,62,rider,0.2,0.5,heuristic,segformer_b2_cityscapes_mcdrop8,acdc_rain_targetcal25,1,
,-1,True,,0.8518518518518519,0.00024940198636613786,,475,,,False,,,,,,62,rider,0.2,0.5,argmax,segformer_b2_cityscapes_mcdrop8,acdc_rain_targetcal25,1,0.8648648648648649
1.0,1000,False,0.0,0.0,1.0,0.8294736842105264,81,150.0,0.0,False,0.0,0.0,0.0,,,62,bicycle,0.05,0.1,region_crc,segformer_b2_cityscapes_mcdrop8,acdc_rain_targetcal25,2,
1.0,1000,True,0.0,0.0,1.0,0.8294736842105264,81,150.0,0.0,False,0.0,0.0,0.0,,,62,bicycle,0.05,0.1,heuristic,segformer_b2_cityscapes_mcdrop8,acdc_rain_targetcal25,2,
,-1,True,,0.7433568489124045,0.001088567078113556,,475,,,False,,,,,,62,bicycle,0.05,0.1,argmax,segformer_b2_cityscapes_mcdrop8,acdc_rain_targetcal25,2,0.7133333333333334
1.0,1000,False,0.0,0.0,1.0,0.8294736842105264,81,150.0,0.0,False,0.0,0.0,0.0,,,62,bicycle,0.1,0.1,region_crc,segformer_b2_cityscapes_mcdrop8,acdc_rain_targetcal25,2,
1.0,1000,True,0.0,0.0,1.0,0.8294736842105264,81,150.0,0.0,False,0.0,0.0,0.0,,,62,bicycle,0.1,0.1,heuristic,segformer_b2_cityscapes_mcdrop8,acdc_rain_targetcal25,2,
,-1,True,,0.7433568489124045,0.001088567078113556,,475,,,False,,,,,,62,bicycle,0.1,0.1,argmax,segformer_b2_cityscapes_mcdrop8,acdc_rain_targetcal25,2,0.7133333333333334
1.0,1000,False,0.0,0.0,1.0,0.8294736842105264,81,150.0,0.0,False,0.0,0.0,0.0,,,62,bicycle,0.2,0.1,region_crc,segformer_b2_cityscapes_mcdrop8,acdc_rain_targetcal25,2,
1.0,1000,True,0.0,0.0,1.0,0.8294736842105264,81,150.0,0.0,False,0.0,0.0,0.0,,,62,bicycle,0.2,0.1,heuristic,segformer_b2_cityscapes_mcdrop8,acdc_rain_targetcal25,2,
,-1,True,,0.7433568489124045,0.001088567078113556,,475,,,False,,,,,,62,bicycle,0.2,0.1,argmax,segformer_b2_cityscapes_mcdrop8,acdc_rain_targetcal25,2,0.7133333333333334
1.0,1000,False,0.0,0.0,1.0,0.8294736842105264,81,150.0,0.0,False,0.0,0.0,0.0,,,62,bicycle,0.05,0.5,region_crc,segformer_b2_cityscapes_mcdrop8,acdc_rain_targetcal25,2,
1.0,1000,True,0.0,0.0,1.0,0.8294736842105264,81,150.0,0.0,False,0.0,0.0,0.0,,,62,bicycle,0.05,0.5,heuristic,segformer_b2_cityscapes_mcdrop8,acdc_rain_targetcal25,2,
,-1,True,,0.7684597295708406,0.001088567078113556,,475,,,False,,,,,,62,bicycle,0.05,0.5,argmax,segformer_b2_cityscapes_mcdrop8,acdc_rain_targetcal25,2,0.74
1.0,1000,False,0.0,0.0,1.0,0.8294736842105264,81,150.0,0.0,False,0.0,0.0,0.0,,,62,bicycle,0.1,0.5,region_crc,segformer_b2_cityscapes_mcdrop8,acdc_rain_targetcal25,2,
1.0,1000,True,0.0,0.0,1.0,0.8294736842105264,81,150.0,0.0,False,0.0,0.0,0.0,,,62,bicycle,0.1,0.5,heuristic,segformer_b2_cityscapes_mcdrop8,acdc_rain_targetcal25,2,
,-1,True,,0.7684597295708406,0.001088567078113556,,475,,,False,,,,,,62,bicycle,0.1,0.5,argmax,segformer_b2_cityscapes_mcdrop8,acdc_rain_targetcal25,2,0.74
1.0,1000,False,0.0,0.0,1.0,0.8294736842105264,81,150.0,0.0,False,0.0,0.0,0.0,,,62,bicycle,0.2,0.5,region_crc,segformer_b2_cityscapes_mcdrop8,acdc_rain_targetcal25,2,
1.0,1000,True,0.0,0.0,1.0,0.8294736842105264,81,150.0,0.0,False,0.0,0.0,0.0,,,62,bicycle,0.2,0.5,heuristic,segformer_b2_cityscapes_mcdrop8,acdc_rain_targetcal25,2,
,-1,True,,0.7684597295708406,0.001088567078113556,,475,,,False,,,,,,62,bicycle,0.2,0.5,argmax,segformer_b2_cityscapes_mcdrop8,acdc_rain_targetcal25,2,0.74
1.0,1000,False,0.0,0.0,1.0,0.6673684210526316,158,311.0,0.0,False,0.0,0.0,0.0,,,63,person,0.05,0.1,region_crc,segformer_b2_cityscapes_mcdrop8,acdc_rain_targetcal25,12,
1.0,1000,True,0.0,0.0,1.0,0.6673684210526316,158,311.0,0.0,False,0.0,0.0,0.0,,,63,person,0.05,0.1,heuristic,segformer_b2_cityscapes_mcdrop8,acdc_rain_targetcal25,12,
,-1,True,,0.6443973045238868,0.0018046509940177202,,475,,,False,,,,,,63,person,0.05,0.1,argmax,segformer_b2_cityscapes_mcdrop8,acdc_rain_targetcal25,12,0.5916398713826366
1.0,1000,True,0.0,0.0,1.0,0.6673684210526316,158,311.0,0.0,False,0.0,0.0,0.0,,,63,person,0.1,0.1,region_crc,segformer_b2_cityscapes_mcdrop8,acdc_rain_targetcal25,12,
0.999,999,True,0.02689873417721519,0.02689873417721519,0.06050995737314224,0.6673684210526316,158,311.0,0.17263157894736836,False,0.017241379310344827,0.02586206896551724,0.0,,,63,person,0.1,0.1,heuristic,segformer_b2_cityscapes_mcdrop8,acdc_rain_targetcal25,12,
,-1,True,,0.6443973045238868,0.0018046509940177202,,475,,,False,,,,,,63,person,0.1,0.1,argmax,segformer_b2_cityscapes_mcdrop8,acdc_rain_targetcal25,12,0.5916398713826366
0.994,994,True,0.06845991561181435,0.06845991561181435,0.028271211311221123,0.6673684210526316,158,311.0,0.18105263157894735,False,0.08045977011494253,0.034482758620689655,0.0,,,63,person,0.2,0.1,region_crc,segformer_b2_cityscapes_mcdrop8,acdc_rain_targetcal25,12,
0.968,968,True,0.2579608506823697,0.2579608506823697,0.011795340105891228,15.808421052631578,158,311.0,0.22526315789473683,False,0.3218390804597701,0.11206896551724138,0.0,,,63,person,0.2,0.1,heuristic,segformer_b2_cityscapes_mcdrop8,acdc_rain_targetcal25,12,
,-1,True,,0.6443973045238868,0.0018046509940177202,,475,,,False,,,,,,63,person,0.2,0.1,argmax,segformer_b2_cityscapes_mcdrop8,acdc_rain_targetcal25,12,0.5916398713826366
1.0,1000,False,0.0,0.0,1.0,0.6673684210526316,158,311.0,0.0,False,0.0,0.0,0.0,,,63,person,0.05,0.5,region_crc,segformer_b2_cityscapes_mcdrop8,acdc_rain_targetcal25,12,
1.0,1000,True,0.0,0.0,1.0,0.6673684210526316,158,311.0,0.0,False,0.0,0.0,0.0,,,63,person,0.05,0.5,heuristic,segformer_b2_cityscapes_mcdrop8,acdc_rain_targetcal25,12,
,-1,True,,0.7624001174634086,0.0018046509940177202,,475,,,False,,,,,,63,person,0.05,0.5,argmax,segformer_b2_cityscapes_mcdrop8,acdc_rain_targetcal25,12,0.6913183279742765
1.0,1000,True,0.0,0.0,1.0,0.6673684210526316,158,311.0,0.0,False,0.0,0.0,0.0,,,63,person,0.1,0.5,region_crc,segformer_b2_cityscapes_mcdrop8,acdc_rain_targetcal25,12,
1.0,1000,True,0.0,0.0,1.0,0.6673684210526316,158,311.0,0.0,False,0.0,0.0,0.0,,,63,person,0.1,0.5,heuristic,segformer_b2_cityscapes_mcdrop8,acdc_rain_targetcal25,12,
,-1,True,,0.7624001174634086,0.0018046509940177202,,475,,,False,,,,,,63,person,0.1,0.5,argmax,segformer_b2_cityscapes_mcdrop8,acdc_rain_targetcal25,12,0.6913183279742765
0.999,999,True,0.04588607594936709,0.04588607594936709,0.06050995737314224,0.6673684210526316,158,311.0,0.17263157894736836,False,0.034482758620689655,0.04310344827586207,0.0,,,63,person,0.2,0.5,region_crc,segformer_b2_cityscapes_mcdrop8,acdc_rain_targetcal25,12,
0.989,989,True,0.24412257924916153,0.24412257924916153,0.021056680008769035,0.6673684210526316,158,311.0,0.18315789473684213,False,0.27586206896551724,0.12931034482758622,0.0,,,63,person,0.2,0.5,heuristic,segformer_b2_cityscapes_mcdrop8,acdc_rain_targetcal25,12,
,-1,True,,0.7624001174634086,0.0018046509940177202,,475,,,False,,,,,,63,person,0.2,0.5,argmax,segformer_b2_cityscapes_mcdrop8,acdc_rain_targetcal25,12,0.6913183279742765
1.0,1000,False,0.0,0.0,1.0,0.9473684210526315,25,33.0,0.0,False,0.0,0.0,0.0,,,63,rider,0.05,0.1,region_crc,segformer_b2_cityscapes_mcdrop8,acdc_rain_targetcal25,3,
1.0,1000,True,0.0,0.0,1.0,0.9473684210526315,25,33.0,0.0,False,0.0,0.0,0.0,,,63,rider,0.05,0.1,heuristic,segformer_b2_cityscapes_mcdrop8,acdc_rain_targetcal25,3,
,-1,True,,0.78,0.00024492767988704145,,475,,,False,,,,,,63,rider,0.05,0.1,argmax,segformer_b2_cityscapes_mcdrop8,acdc_rain_targetcal25,3,0.7878787878787878
1.0,1000,False,0.0,0.0,1.0,0.9473684210526315,25,33.0,0.0,False,0.0,0.0,0.0,,,63,rider,0.1,0.1,region_crc,segformer_b2_cityscapes_mcdrop8,acdc_rain_targetcal25,3,
1.0,1000,True,0.0,0.0,1.0,0.9473684210526315,25,33.0,0.0,False,0.0,0.0,0.0,,,63,rider,0.1,0.1,heuristic,segformer_b2_cityscapes_mcdrop8,acdc_rain_targetcal25,3,
,-1,True,,0.78,0.00024492767988704145,,475,,,False,,,,,,63,rider,0.1,0.1,argmax,segformer_b2_cityscapes_mcdrop8,acdc_rain_targetcal25,3,0.7878787878787878
1.0,1000,False,0.0,0.0,1.0,0.9473684210526315,25,33.0,0.0,False,0.0,0.0,0.0,,,63,rider,0.2,0.1,region_crc,segformer_b2_cityscapes_mcdrop8,acdc_rain_targetcal25,3,
1.0,1000,True,0.0,0.0,1.0,0.9473684210526315,25,33.0,0.0,False,0.0,0.0,0.0,,,63,rider,0.2,0.1,heuristic,segformer_b2_cityscapes_mcdrop8,acdc_rain_targetcal25,3,
,-1,True,,0.78,0.00024492767988704145,,475,,,False,,,,,,63,rider,0.2,0.1,argmax,segformer_b2_cityscapes_mcdrop8,acdc_rain_targetcal25,3,0.7878787878787878
1.0,1000,False,0.0,0.0,1.0,0.9473684210526315,25,33.0,0.0,False,0.0,0.0,0.0,,,63,rider,0.05,0.5,region_crc,segformer_b2_cityscapes_mcdrop8,acdc_rain_targetcal25,3,
1.0,1000,True,0.0,0.0,1.0,0.9473684210526315,25,33.0,0.0,False,0.0,0.0,0.0,,,63,rider,0.05,0.5,heuristic,segformer_b2_cityscapes_mcdrop8,acdc_rain_targetcal25,3,
,-1,True,,0.84,0.00024492767988704145,,475,,,False,,,,,,63,rider,0.05,0.5,argmax,segformer_b2_cityscapes_mcdrop8,acdc_rain_targetcal25,3,0.8484848484848485
1.0,1000,False,0.0,0.0,1.0,0.9473684210526315,25,33.0,0.0,False,0.0,0.0,0.0,,,63,rider,0.1,0.5,region_crc,segformer_b2_cityscapes_mcdrop8,acdc_rain_targetcal25,3,
1.0,1000,True,0.0,0.0,1.0,0.9473684210526315,25,33.0,0.0,False,0.0,0.0,0.0,,,63,rider,0.1,0.5,heuristic,segformer_b2_cityscapes_mcdrop8,acdc_rain_targetcal25,3,
,-1,True,,0.84,0.00024492767988704145,,475,,,False,,,,,,63,rider,0.1,0.5,argmax,segformer_b2_cityscapes_mcdrop8,acdc_rain_targetcal25,3,0.8484848484848485
1.0,1000,False,0.0,0.0,1.0,0.9473684210526315,25,33.0,0.0,False,0.0,0.0,0.0,,,63,rider,0.2,0.5,region_crc,segformer_b2_cityscapes_mcdrop8,acdc_rain_targetcal25,3,
1.0,1000,True,0.0,0.0,1.0,0.9473684210526315,25,33.0,0.0,False,0.0,0.0,0.0,,,63,rider,0.2,0.5,heuristic,segformer_b2_cityscapes_mcdrop8,acdc_rain_targetcal25,3,
,-1,True,,0.84,0.00024492767988704145,,475,,,False,,,,,,63,rider,0.2,0.5,argmax,segformer_b2_cityscapes_mcdrop8,acdc_rain_targetcal25,3,0.8484848484848485
1.0,1000,False,0.0,0.0,1.0,0.8378947368421052,77,153.0,0.0,False,0.0,0.0,0.0,,,63,bicycle,0.05,0.1,region_crc,segformer_b2_cityscapes_mcdrop8,acdc_rain_targetcal25,6,
0.999,999,True,0.16376004947433517,0.16376004947433517,0.02810138836503029,0.8378947368421052,77,153.0,0.19157894736842102,False,0.24705882352941178,0.05555555555555555,0.0,,,63,bicycle,0.05,0.1,heuristic,segformer_b2_cityscapes_mcdrop8,acdc_rain_targetcal25,6,
,-1,True,,0.7689857761286333,0.001098418259061873,,475,,,False,,,,,,63,bicycle,0.05,0.1,argmax,segformer_b2_cityscapes_mcdrop8,acdc_rain_targetcal25,6,0.738562091503268
1.0,1000,False,0.0,0.0,1.0,0.8378947368421052,77,153.0,0.0,False,0.0,0.0,0.0,,,63,bicycle,0.1,0.1,region_crc,segformer_b2_cityscapes_mcdrop8,acdc_rain_targetcal25,6,
0.999,999,True,0.16376004947433517,0.16376004947433517,0.02810138836503029,0.8378947368421052,77,153.0,0.19157894736842102,False,0.24705882352941178,0.05555555555555555,0.0,,,63,bicycle,0.1,0.1,heuristic,segformer_b2_cityscapes_mcdrop8,acdc_rain_targetcal25,6,
,-1,True,,0.7689857761286333,0.001098418259061873,,475,,,False,,,,,,63,bicycle,0.1,0.1,argmax,segformer_b2_cityscapes_mcdrop8,acdc_rain_targetcal25,6,0.738562091503268
0.999,999,True,0.16376004947433517,0.16376004947433517,0.02810138836503029,0.8378947368421052,77,153.0,0.19157894736842102,False,0.24705882352941178,0.05555555555555555,0.0,,,63,bicycle,0.2,0.1,region_crc,segformer_b2_cityscapes_mcdrop8,acdc_rain_targetcal25,6,
0.9550000000000001,955,True,0.48039579468150895,0.48039579468150895,0.004002298694103956,3.8063157894736843,77,153.0,0.2189473684210526,False,0.6235294117647059,0.2777777777777778,0.0,,,63,bicycle,0.2,0.1,heuristic,segformer_b2_cityscapes_mcdrop8,acdc_rain_targetcal25,6,
,-1,True,,0.7689857761286333,0.001098418259061873,,475,,,False,,,,,,63,bicycle,0.2,0.1,argmax,segformer_b2_cityscapes_mcdrop8,acdc_rain_targetcal25,6,0.738562091503268
1.0,1000,False,0.0,0.0,1.0,0.8378947368421052,77,153.0,0.0,False,0.0,0.0,0.0,,,63,bicycle,0.05,0.5,region_crc,segformer_b2_cityscapes_mcdrop8,acdc_rain_targetcal25,6,
1.0,1000,True,0.0,0.0,1.0,0.8378947368421052,77,153.0,0.0,False,0.0,0.0,0.0,,,63,bicycle,0.05,0.5,heuristic,segformer_b2_cityscapes_mcdrop8,acdc_rain_targetcal25,6,
,-1,True,,0.7953927025355596,0.001098418259061873,,475,,,False,,,,,,63,bicycle,0.05,0.5,argmax,segformer_b2_cityscapes_mcdrop8,acdc_rain_targetcal25,6,0.7647058823529411
1.0,1000,False,0.0,0.0,1.0,0.8378947368421052,77,153.0,0.0,False,0.0,0.0,0.0,,,63,bicycle,0.1,0.5,region_crc,segformer_b2_cityscapes_mcdrop8,acdc_rain_targetcal25,6,
1.0,1000,True,0.0,0.0,1.0,0.8378947368421052,77,153.0,0.0,False,0.0,0.0,0.0,,,63,bicycle,0.1,0.5,heuristic,segformer_b2_cityscapes_mcdrop8,acdc_rain_targetcal25,6,
,-1,True,,0.7953927025355596,0.001098418259061873,,475,,,False,,,,,,63,bicycle,0.1,0.5,argmax,segformer_b2_cityscapes_mcdrop8,acdc_rain_targetcal25,6,0.7647058823529411
1.0,1000,True,0.0,0.0,1.0,0.8378947368421052,77,153.0,0.0,False,0.0,0.0,0.0,,,63,bicycle,0.2,0.5,region_crc,segformer_b2_cityscapes_mcdrop8,acdc_rain_targetcal25,6,
0.993,993,True,0.43339517625231905,0.43339517625231916,0.010874711908400059,0.8378947368421052,77,153.0,0.17473684210526308,False,0.5764705882352941,0.2222222222222222,0.0,,,63,bicycle,0.2,0.5,heuristic,segformer_b2_cityscapes_mcdrop8,acdc_rain_targetcal25,6,
,-1,True,,0.7953927025355596,0.001098418259061873,,475,,,False,,,,,,63,bicycle,0.2,0.5,argmax,segformer_b2_cityscapes_mcdrop8,acdc_rain_targetcal25,6,0.7647058823529411
1.0,1000,False,0.0,0.0,1.0,0.6673684210526316,158,307.0,0.0,False,0.0,0.0,0.0,,,64,person,0.05,0.1,region_crc,segformer_b2_cityscapes_mcdrop8,acdc_rain_targetcal25,12,
0.993,993,True,0.0890295358649789,0.0890295358649789,0.025806082412600517,0.6673684210526316,158,307.0,0.3789473684210526,True,0.09941520467836257,0.05309734513274336,0.0,,,64,person,0.05,0.1,heuristic,segformer_b2_cityscapes_mcdrop8,acdc_rain_targetcal25,12,
,-1,True,,0.6305787391230429,0.0017419427167624235,,475,,,False,,,,,,64,person,0.05,0.1,argmax,segformer_b2_cityscapes_mcdrop8,acdc_rain_targetcal25,12,0.5732899022801303
0.993,993,True,0.0890295358649789,0.0890295358649789,0.025806082412600517,0.6673684210526316,158,307.0,0.3789473684210526,True,0.09941520467836257,0.05309734513274336,0.0,,,64,person,0.1,0.1,region_crc,segformer_b2_cityscapes_mcdrop8,acdc_rain_targetcal25,12,
0.985,985,True,0.16779184247538675,0.16779184247538675,0.01758962869644165,15.709473684210526,158,307.0,0.3557894736842105,True,0.21052631578947367,0.07964601769911504,0.0,,,64,person,0.1,0.1,heuristic,segformer_b2_cityscapes_mcdrop8,acdc_rain_targetcal25,12,
,-1,True,,0.6305787391230429,0.0017419427167624235,,475,,,False,,,,,,64,person,0.1,0.1,argmax,segformer_b2_cityscapes_mcdrop8,acdc_rain_targetcal25,12,0.5732899022801303
0.982,982,True,0.18382559774964838,0.18382559774964838,0.0159587524831295,15.709473684210526,158,307.0,0.35999999999999993,True,0.23391812865497075,0.08849557522123894,0.0,,,64,person,0.2,0.1,region_crc,segformer_b2_cityscapes_mcdrop8,acdc_rain_targetcal25,12,
0.978,978,True,0.2080466298820729,0.2080466298820729,0.01428610272705555,15.709473684210526,158,307.0,0.3578947368421052,True,0.26900584795321636,0.08849557522123894,0.0,,,64,person,0.2,0.1,heuristic,segformer_b2_cityscapes_mcdrop8,acdc_rain_targetcal25,12,
,-1,True,,0.6305787391230429,0.0017419427167624235,,475,,,False,,,,,,64,person,0.2,0.1,argmax,segformer_b2_cityscapes_mcdrop8,acdc_rain_targetcal25,12,0.5732899022801303
1.0,1000,False,0.0,0.0,1.0,0.6673684210526316,158,307.0,0.0,False,0.0,0.0,0.0,,,64,person,0.05,0.5,region_crc,segformer_b2_cityscapes_mcdrop8,acdc_rain_targetcal25,12,
0.996,996,True,0.12964135021097048,0.12964135021097048,0.033464498817920685,0.6673684210526316,158,307.0,0.40210526315789474,True,0.12280701754385964,0.10619469026548672,0.0,,,64,person,0.05,0.5,heuristic,segformer_b2_cityscapes_mcdrop8,acdc_rain_targetcal25,12,
,-1,True,,0.7548051807545478,0.0017419427167624235,,475,,,False,,,,,,64,person,0.05,0.5,argmax,segformer_b2_cityscapes_mcdrop8,acdc_rain_targetcal25,12,0.6840390879478827
0.996,996,True,0.12964135021097048,0.12964135021097048,0.033464498817920685,0.6673684210526316,158,307.0,0.40210526315789474,True,0.12280701754385964,0.10619469026548672,0.0,,,64,person,0.1,0.5,region_crc,segformer_b2_cityscapes_mcdrop8,acdc_rain_targetcal25,12,
0.996,996,True,0.12964135021097048,0.12964135021097048,0.033464498817920685,0.6673684210526316,158,307.0,0.40210526315789474,True,0.12280701754385964,0.10619469026548672,0.0,,,64,person,0.1,0.5,heuristic,segformer_b2_cityscapes_mcdrop8,acdc_rain_targetcal25,12,
,-1,True,,0.7548051807545478,0.0017419427167624235,,475,,,False,,,,,,64,person,0.1,0.5,argmax,segformer_b2_cityscapes_mcdrop8,acdc_rain_targetcal25,12,0.6840390879478827
0.996,996,True,0.12964135021097048,0.12964135021097048,0.033464498817920685,0.6673684210526316,158,307.0,0.40210526315789474,True,0.12280701754385964,0.10619469026548672,0.0,,,64,person,0.2,0.5,region_crc,segformer_b2_cityscapes_mcdrop8,acdc_rain_targetcal25,12,
0.992,992,True,0.1927512712322839,0.1927512712322839,0.02419157512485981,0.6673684210526316,158,307.0,0.38526315789473675,True,0.2222222222222222,0.12389380530973451,0.0,,,64,person,0.2,0.5,heuristic,segformer_b2_cityscapes_mcdrop8,acdc_rain_targetcal25,12,
,-1,True,,0.7548051807545478,0.0017419427167624235,,475,,,False,,,,,,64,person,0.2,0.5,argmax,segformer_b2_cityscapes_mcdrop8,acdc_rain_targetcal25,12,0.6840390879478827
1.0,1000,False,0.0,0.0,1.0,0.9473684210526315,25,33.0,0.0,False,0.0,0.0,0.0,,,64,rider,0.05,0.1,region_crc,segformer_b2_cityscapes_mcdrop8,acdc_rain_targetcal25,3,
0.997,997,True,0.44,0.44,0.00584428571164608,0.9473684210526315,25,33.0,0.38947368421052625,True,0.625,0.0,0.0,,,64,rider,0.05,0.1,heuristic,segformer_b2_cityscapes_mcdrop8,acdc_rain_targetcal25,3,
,-1,True,,0.78,0.00024977256543934345,,475,,,False,,,,,,64,rider,0.05,0.1,argmax,segformer_b2_cityscapes_mcdrop8,acdc_rain_targetcal25,3,0.7878787878787878
1.0,1000,False,0.0,0.0,1.0,0.9473684210526315,25,33.0,0.0,False,0.0,0.0,0.0,,,64,rider,0.1,0.1,region_crc,segformer_b2_cityscapes_mcdrop8,acdc_rain_targetcal25,3,
0.997,997,True,0.44,0.44,0.00584428571164608,0.9473684210526315,25,33.0,0.38947368421052625,True,0.625,0.0,0.0,,,64,rider,0.1,0.1,heuristic,segformer_b2_cityscapes_mcdrop8,acdc_rain_targetcal25,3,
,-1,True,,0.78,0.00024977256543934345,,475,,,False,,,,,,64,rider,0.1,0.1,argmax,segformer_b2_cityscapes_mcdrop8,acdc_rain_targetcal25,3,0.7878787878787878
1.0,1000,False,0.0,0.0,1.0,0.9473684210526315,25,33.0,0.0,False,0.0,0.0,0.0,,,64,rider,0.2,0.1,region_crc,segformer_b2_cityscapes_mcdrop8,acdc_rain_targetcal25,3,
0.994,994,True,0.56,0.56,0.004027857910841703,0.9473684210526315,25,33.0,0.34947368421052627,True,0.7083333333333334,0.2,0.0,,,64,rider,0.2,0.1,heuristic,segformer_b2_cityscapes_mcdrop8,acdc_rain_targetcal25,3,
,-1,True,,0.78,0.00024977256543934345,,475,,,False,,,,,,64,rider,0.2,0.1,argmax,segformer_b2_cityscapes_mcdrop8,acdc_rain_targetcal25,3,0.7878787878787878
1.0,1000,False,0.0,0.0,1.0,0.9473684210526315,25,33.0,0.0,False,0.0,0.0,0.0,,,64,rider,0.05,0.5,region_crc,segformer_b2_cityscapes_mcdrop8,acdc_rain_targetcal25,3,
0.999,999,True,0.4133333333333333,0.4133333333333333,0.010211850516498089,0.9473684210526315,25,33.0,0.3789473684210526,True,0.5416666666666666,0.0,0.0,,,64,rider,0.05,0.5,heuristic,segformer_b2_cityscapes_mcdrop8,acdc_rain_targetcal25,3,
,-1,True,,0.84,0.00024977256543934345,,475,,,False,,,,,,64,rider,0.05,0.5,argmax,segformer_b2_cityscapes_mcdrop8,acdc_rain_targetcal25,3,0.8484848484848485
1.0,1000,False,0.0,0.0,1.0,0.9473684210526315,25,33.0,0.0,False,0.0,0.0,0.0,,,64,rider,0.1,0.5,region_crc,segformer_b2_cityscapes_mcdrop8,acdc_rain_targetcal25,3,
0.999,999,True,0.4133333333333333,0.4133333333333333,0.010211850516498089,0.9473684210526315,25,33.0,0.3789473684210526,True,0.5416666666666666,0.0,0.0,,,64,rider,0.1,0.5,heuristic,segformer_b2_cityscapes_mcdrop8,acdc_rain_targetcal25,3,
,-1,True,,0.84,0.00024977256543934345,,475,,,False,,,,,,64,rider,0.1,0.5,argmax,segformer_b2_cityscapes_mcdrop8,acdc_rain_targetcal25,3,0.8484848484848485
1.0,1000,False,0.0,0.0,1.0,0.9473684210526315,25,33.0,0.0,False,0.0,0.0,0.0,,,64,rider,0.2,0.5,region_crc,segformer_b2_cityscapes_mcdrop8,acdc_rain_targetcal25,3,
0.998,998,True,0.5466666666666666,0.5466666666666666,0.007232381030917168,0.9473684210526315,25,33.0,0.3810526315789473,True,0.6666666666666666,0.2,0.0,,,64,rider,0.2,0.5,heuristic,segformer_b2_cityscapes_mcdrop8,acdc_rain_targetcal25,3,
,-1,True,,0.84,0.00024977256543934345,,475,,,False,,,,,,64,rider,0.2,0.5,argmax,segformer_b2_cityscapes_mcdrop8,acdc_rain_targetcal25,3,0.8484848484848485
1.0,1000,False,0.0,0.0,1.0,0.8378947368421052,77,153.0,0.0,False,0.0,0.0,0.0,,,64,bicycle,0.05,0.1,region_crc,segformer_b2_cityscapes_mcdrop8,acdc_rain_targetcal25,6,
1.0,1000,True,0.0,0.0,1.0,0.8378947368421052,77,153.0,0.0,False,0.0,0.0,0.0,,,64,bicycle,0.05,0.1,heuristic,segformer_b2_cityscapes_mcdrop8,acdc_rain_targetcal25,6,
,-1,True,,0.7559987631416203,0.0010866480879485607,,475,,,False,,,,,,64,bicycle,0.05,0.1,argmax,segformer_b2_cityscapes_mcdrop8,acdc_rain_targetcal25,6,0.7320261437908496
1.0,1000,False,0.0,0.0,1.0,0.8378947368421052,77,153.0,0.0,False,0.0,0.0,0.0,,,64,bicycle,0.1,0.1,region_crc,segformer_b2_cityscapes_mcdrop8,acdc_rain_targetcal25,6,
1.0,1000,True,0.0,0.0,1.0,0.8378947368421052,77,153.0,0.0,False,0.0,0.0,0.0,,,64,bicycle,0.1,0.1,heuristic,segformer_b2_cityscapes_mcdrop8,acdc_rain_targetcal25,6,
,-1,True,,0.7559987631416203,0.0010866480879485607,,475,,,False,,,,,,64,bicycle,0.1,0.1,argmax,segformer_b2_cityscapes_mcdrop8,acdc_rain_targetcal25,6,0.7320261437908496
1.0,1000,True,0.0,0.0,1.0,0.8378947368421052,77,153.0,0.0,False,0.0,0.0,0.0,,,64,bicycle,0.2,0.1,region_crc,segformer_b2_cityscapes_mcdrop8,acdc_rain_targetcal25,6,
0.9550000000000001,955,True,0.48039579468150895,0.48039579468150895,0.0037410107906907797,3.728421052631579,77,153.0,0.34947368421052627,True,0.611764705882353,0.2962962962962963,0.0,,,64,bicycle,0.2,0.1,heuristic,segformer_b2_cityscapes_mcdrop8,acdc_rain_targetcal25,6,
,-1,True,,0.7559987631416203,0.0010866480879485607,,475,,,False,,,,,,64,bicycle,0.2,0.1,argmax,segformer_b2_cityscapes_mcdrop8,acdc_rain_targetcal25,6,0.7320261437908496
1.0,1000,False,0.0,0.0,1.0,0.8378947368421052,77,153.0,0.0,False,0.0,0.0,0.0,,,64,bicycle,0.05,0.5,region_crc,segformer_b2_cityscapes_mcdrop8,acdc_rain_targetcal25,6,
1.0,1000,True,0.0,0.0,1.0,0.8378947368421052,77,153.0,0.0,False,0.0,0.0,0.0,,,64,bicycle,0.05,0.5,heuristic,segformer_b2_cityscapes_mcdrop8,acdc_rain_targetcal25,6,
,-1,True,,0.7694186765615337,0.0010866480879485607,,475,,,False,,,,,,64,bicycle,0.05,0.5,argmax,segformer_b2_cityscapes_mcdrop8,acdc_rain_targetcal25,6,0.7516339869281046
1.0,1000,False,0.0,0.0,1.0,0.8378947368421052,77,153.0,0.0,False,0.0,0.0,0.0,,,64,bicycle,0.1,0.5,region_crc,segformer_b2_cityscapes_mcdrop8,acdc_rain_targetcal25,6,
1.0,1000,True,0.0,0.0,1.0,0.8378947368421052,77,153.0,0.0,False,0.0,0.0,0.0,,,64,bicycle,0.1,0.5,heuristic,segformer_b2_cityscapes_mcdrop8,acdc_rain_targetcal25,6,
,-1,True,,0.7694186765615337,0.0010866480879485607,,475,,,False,,,,,,64,bicycle,0.1,0.5,argmax,segformer_b2_cityscapes_mcdrop8,acdc_rain_targetcal25,6,0.7516339869281046
1.0,1000,True,0.0,0.0,1.0,0.8378947368421052,77,153.0,0.0,False,0.0,0.0,0.0,,,64,bicycle,0.2,0.5,region_crc,segformer_b2_cityscapes_mcdrop8,acdc_rain_targetcal25,6,
0.993,993,True,0.43339517625231905,0.43339517625231905,0.010398203507065773,0.8378947368421052,77,153.0,0.31789473684210523,False,0.5647058823529412,0.24074074074074073,0.0,,,64,bicycle,0.2,0.5,heuristic,segformer_b2_cityscapes_mcdrop8,acdc_rain_targetcal25,6,
,-1,True,,0.7694186765615337,0.0010866480879485607,,475,,,False,,,,,,64,bicycle,0.2,0.5,argmax,segformer_b2_cityscapes_mcdrop8,acdc_rain_targetcal25,6,0.7516339869281046
1.0,1000,False,0.0,0.0,1.0,0.6589473684210526,162,323.0,0.0,False,0.0,0.0,0.0,,,65,person,0.05,0.1,region_crc,segformer_b2_cityscapes_mcdrop8,acdc_rain_targetcal25,8,
0.997,997,True,0.05606995884773662,0.05606995884773662,0.03854117915034294,0.6589473684210526,162,323.0,0.14947368421052631,False,0.0546448087431694,0.02564102564102564,0.0,,,65,person,0.05,0.1,heuristic,segformer_b2_cityscapes_mcdrop8,acdc_rain_targetcal25,8,
,-1,True,,0.6355850253998402,0.0018187337554991245,,475,,,False,,,,,,65,person,0.05,0.1,argmax,segformer_b2_cityscapes_mcdrop8,acdc_rain_targetcal25,8,0.5882352941176471
1.0,1000,False,0.0,0.0,1.0,0.6589473684210526,162,323.0,0.0,False,0.0,0.0,0.0,,,65,person,0.1,0.1,region_crc,segformer_b2_cityscapes_mcdrop8,acdc_rain_targetcal25,8,
0.99,990,True,0.11478052126200275,0.11478052126200275,0.022035952657461166,0.6589473684210526,162,323.0,0.1494736842105262,False,0.1366120218579235,0.05128205128205128,0.0,,,65,person,0.1,0.1,heuristic,segformer_b2_cityscapes_mcdrop8,acdc_rain_targetcal25,8,
,-1,True,,0.6355850253998402,0.0018187337554991245,,475,,,False,,,,,,65,person,0.1,0.1,argmax,segformer_b2_cityscapes_mcdrop8,acdc_rain_targetcal25,8,0.5882352941176471
0.99,990,True,0.11478052126200275,0.11478052126200275,0.022035952657461166,0.6589473684210526,162,323.0,0.1494736842105262,False,0.1366120218579235,0.05128205128205128,0.0,,,65,person,0.2,0.1,region_crc,segformer_b2_cityscapes_mcdrop8,acdc_rain_targetcal25,8,
0.988,988,True,0.13535665294924554,0.13535665294924554,0.02011095918715,0.6589473684210526,162,323.0,0.14526315789473684,False,0.15300546448087432,0.05982905982905983,0.0,,,65,person,0.2,0.1,heuristic,segformer_b2_cityscapes_mcdrop8,acdc_rain_targetcal25,8,
,-1,True,,0.6355850253998402,0.0018187337554991245,,475,,,False,,,,,,65,person,0.2,0.1,argmax,segformer_b2_cityscapes_mcdrop8,acdc_rain_targetcal25,8,0.5882352941176471
1.0,1000,False,0.0,0.0,1.0,0.6589473684210526,162,323.0,0.0,False,0.0,0.0,0.0,,,65,person,0.05,0.5,region_crc,segformer_b2_cityscapes_mcdrop8,acdc_rain_targetcal25,8,
0.999,999,True,0.05401234567901234,0.05401234567901234,0.06041181832551956,0.6589473684210526,162,323.0,0.1389473684210526,False,0.04371584699453552,0.042735042735042736,0.0,,,65,person,0.05,0.5,heuristic,segformer_b2_cityscapes_mcdrop8,acdc_rain_targetcal25,8,
,-1,True,,0.754686534316164,0.0018187337554991245,,475,,,False,,,,,,65,person,0.05,0.5,argmax,segformer_b2_cityscapes_mcdrop8,acdc_rain_targetcal25,8,0.6934984520123839
1.0,1000,False,0.0,0.0,1.0,0.6589473684210526,162,323.0,0.0,False,0.0,0.0,0.0,,,65,person,0.1,0.5,region_crc,segformer_b2_cityscapes_mcdrop8,acdc_rain_targetcal25,8,
0.993,993,True,0.17362825788751715,0.17362825788751715,0.026214679703116417,0.6589473684210526,162,323.0,0.15578947368421048,False,0.18579234972677597,0.1111111111111111,0.0,,,65,person,0.1,0.5,heuristic,segformer_b2_cityscapes_mcdrop8,acdc_rain_targetcal25,8,
,-1,True,,0.754686534316164,0.0018187337554991245,,475,,,False,,,,,,65,person,0.1,0.5,argmax,segformer_b2_cityscapes_mcdrop8,acdc_rain_targetcal25,8,0.6934984520123839
0.993,993,True,0.17362825788751715,0.17362825788751715,0.026214679703116417,0.6589473684210526,162,323.0,0.15578947368421048,False,0.18579234972677597,0.1111111111111111,0.0,,,65,person,0.2,0.5,region_crc,segformer_b2_cityscapes_mcdrop8,acdc_rain_targetcal25,8,
0.993,993,True,0.17362825788751715,0.17362825788751715,0.026214679703116417,0.6589473684210526,162,323.0,0.15578947368421048,False,0.18579234972677597,0.1111111111111111,0.0,,,65,person,0.2,0.5,heuristic,segformer_b2_cityscapes_mcdrop8,acdc_rain_targetcal25,8,
,-1,True,,0.754686534316164,0.0018187337554991245,,475,,,False,,,,,,65,person,0.2,0.5,argmax,segformer_b2_cityscapes_mcdrop8,acdc_rain_targetcal25,8,0.6934984520123839
1.0,1000,False,0.0,0.0,1.0,0.9431578947368421,27,36.0,0.0,False,0.0,0.0,0.0,,,65,rider,0.05,0.1,region_crc,segformer_b2_cityscapes_mcdrop8,acdc_rain_targetcal25,1,
0.27,270,True,0.9074074074074074,0.9074074074074074,5.8332367188995704e-05,0.021052631578947368,27,36.0,0.0652631578947368,False,1.0,1.0,0.25,,,65,rider,0.05,0.1,heuristic,segformer_b2_cityscapes_mcdrop8,acdc_rain_targetcal25,1,
,-1,True,,0.8333333333333334,0.00019003513443749398,,475,,,False,,,,,,65,rider,0.05,0.1,argmax,segformer_b2_cityscapes_mcdrop8,acdc_rain_targetcal25,1,0.8611111111111112
1.0,1000,False,0.0,0.0,1.0,0.9431578947368421,27,36.0,0.0,False,0.0,0.0,0.0,,,65,rider,0.1,0.1,region_crc,segformer_b2_cityscapes_mcdrop8,acdc_rain_targetcal25,1,
0.27,270,True,0.9074074074074074,0.9074074074074074,5.8332367188995704e-05,0.021052631578947368,27,36.0,0.0652631578947368,False,1.0,1.0,0.25,,,65,rider,0.1,0.1,heuristic,segformer_b2_cityscapes_mcdrop8,acdc_rain_targetcal25,1,
,-1,True,,0.8333333333333334,0.00019003513443749398,,475,,,False,,,,,,65,rider,0.1,0.1,argmax,segformer_b2_cityscapes_mcdrop8,acdc_rain_targetcal25,1,0.8611111111111112
1.0,1000,False,0.0,0.0,1.0,0.9431578947368421,27,36.0,0.0,False,0.0,0.0,0.0,,,65,rider,0.2,0.1,region_crc,segformer_b2_cityscapes_mcdrop8,acdc_rain_targetcal25,1,
0.27,270,True,0.9074074074074074,0.9074074074074074,5.8332367188995704e-05,0.021052631578947368,27,36.0,0.0652631578947368,False,1.0,1.0,0.25,,,65,rider,0.2,0.1,heuristic,segformer_b2_cityscapes_mcdrop8,acdc_rain_targetcal25,1,
,-1,True,,0.8333333333333334,0.00019003513443749398,,475,,,False,,,,,,65,rider,0.2,0.1,argmax,segformer_b2_cityscapes_mcdrop8,acdc_rain_targetcal25,1,0.8611111111111112
1.0,1000,False,0.0,0.0,1.0,0.9431578947368421,27,36.0,0.0,False,0.0,0.0,0.0,,,65,rider,0.05,0.5,region_crc,segformer_b2_cityscapes_mcdrop8,acdc_rain_targetcal25,1,
0.627,627,True,0.8703703703703703,0.8703703703703703,0.00018905388424172997,0.13263157894736843,27,36.0,0.07578947368421052,False,1.0,0.8,0.25,,,65,rider,0.05,0.5,heuristic,segformer_b2_cityscapes_mcdrop8,acdc_rain_targetcal25,1,
,-1,True,,0.8703703703703703,0.00019003513443749398,,475,,,False,,,,,,65,rider,0.05,0.5,argmax,segformer_b2_cityscapes_mcdrop8,acdc_rain_targetcal25,1,0.8888888888888888
1.0,1000,False,0.0,0.0,1.0,0.9431578947368421,27,36.0,0.0,False,0.0,0.0,0.0,,,65,rider,0.1,0.5,region_crc,segformer_b2_cityscapes_mcdrop8,acdc_rain_targetcal25,1,
0.627,627,True,0.8703703703703703,0.8703703703703703,0.00018905388424172997,0.13263157894736843,27,36.0,0.07578947368421052,False,1.0,0.8,0.25,,,65,rider,0.1,0.5,heuristic,segformer_b2_cityscapes_mcdrop8,acdc_rain_targetcal25,1,
,-1,True,,0.8703703703703703,0.00019003513443749398,,475,,,False,,,,,,65,rider,0.1,0.5,argmax,segformer_b2_cityscapes_mcdrop8,acdc_rain_targetcal25,1,0.8888888888888888
1.0,1000,False,0.0,0.0,1.0,0.9431578947368421,27,36.0,0.0,False,0.0,0.0,0.0,,,65,rider,0.2,0.5,region_crc,segformer_b2_cityscapes_mcdrop8,acdc_rain_targetcal25,1,
0.627,627,True,0.8703703703703703,0.8703703703703703,0.00018905388424172997,0.13263157894736843,27,36.0,0.07578947368421052,False,1.0,0.8,0.25,,,65,rider,0.2,0.5,heuristic,segformer_b2_cityscapes_mcdrop8,acdc_rain_targetcal25,1,
,-1,True,,0.8703703703703703,0.00019003513443749398,,475,,,False,,,,,,65,rider,0.2,0.5,argmax,segformer_b2_cityscapes_mcdrop8,acdc_rain_targetcal25,1,0.8888888888888888
1.0,1000,False,0.0,0.0,1.0,0.8357894736842105,78,149.0,0.0,False,0.0,0.0,0.0,,,65,bicycle,0.05,0.1,region_crc,segformer_b2_cityscapes_mcdrop8,acdc_rain_targetcal25,5,
1.0,1000,True,0.0,0.0,1.0,0.8357894736842105,78,149.0,0.0,False,0.0,0.0,0.0,,,65,bicycle,0.05,0.1,heuristic,segformer_b2_cityscapes_mcdrop8,acdc_rain_targetcal25,5,
,-1,True,,0.7411782661782662,0.0010483969235792756,,475,,,False,,,,,,65,bicycle,0.05,0.1,argmax,segformer_b2_cityscapes_mcdrop8,acdc_rain_targetcal25,5,0.7315436241610739
1.0,1000,False,0.0,0.0,1.0,0.8357894736842105,78,149.0,0.0,False,0.0,0.0,0.0,,,65,bicycle,0.1,0.1,region_crc,segformer_b2_cityscapes_mcdrop8,acdc_rain_targetcal25,5,
1.0,1000,True,0.0,0.0,1.0,0.8357894736842105,78,149.0,0.0,False,0.0,0.0,0.0,,,65,bicycle,0.1,0.1,heuristic,segformer_b2_cityscapes_mcdrop8,acdc_rain_targetcal25,5,
,-1,True,,0.7411782661782662,0.0010483969235792756,,475,,,False,,,,,,65,bicycle,0.1,0.1,argmax,segformer_b2_cityscapes_mcdrop8,acdc_rain_targetcal25,5,0.7315436241610739
1.0,1000,True,0.0,0.0,1.0,0.8357894736842105,78,149.0,0.0,False,0.0,0.0,0.0,,,65,bicycle,0.2,0.1,region_crc,segformer_b2_cityscapes_mcdrop8,acdc_rain_targetcal25,5,
0.993,993,True,0.3436202686202686,0.3436202686202686,0.010610111989080906,0.8357894736842105,78,149.0,0.20421052631578945,False,0.525,0.12280701754385964,0.0,,,65,bicycle,0.2,0.1,heuristic,segformer_b2_cityscapes_mcdrop8,acdc_rain_targetcal25,5,
,-1,True,,0.7411782661782662,0.0010483969235792756,,475,,,False,,,,,,65,bicycle,0.2,0.1,argmax,segformer_b2_cityscapes_mcdrop8,acdc_rain_targetcal25,5,0.7315436241610739
1.0,1000,False,0.0,0.0,1.0,0.8357894736842105,78,149.0,0.0,False,0.0,0.0,0.0,,,65,bicycle,0.05,0.5,region_crc,segformer_b2_cityscapes_mcdrop8,acdc_rain_targetcal25,5,
1.0,1000,True,0.0,0.0,1.0,0.8357894736842105,78,149.0,0.0,False,0.0,0.0,0.0,,,65,bicycle,0.05,0.5,heuristic,segformer_b2_cityscapes_mcdrop8,acdc_rain_targetcal25,5,
,-1,True,,0.7646825396825397,0.0010483969235792756,,475,,,False,,,,,,65,bicycle,0.05,0.5,argmax,segformer_b2_cityscapes_mcdrop8,acdc_rain_targetcal25,5,0.7516778523489933
1.0,1000,False,0.0,0.0,1.0,0.8357894736842105,78,149.0,0.0,False,0.0,0.0,0.0,,,65,bicycle,0.1,0.5,region_crc,segformer_b2_cityscapes_mcdrop8,acdc_rain_targetcal25,5,
1.0,1000,True,0.0,0.0,1.0,0.8357894736842105,78,149.0,0.0,False,0.0,0.0,0.0,,,65,bicycle,0.1,0.5,heuristic,segformer_b2_cityscapes_mcdrop8,acdc_rain_targetcal25,5,
,-1,True,,0.7646825396825397,0.0010483969235792756,,475,,,False,,,,,,65,bicycle,0.1,0.5,argmax,segformer_b2_cityscapes_mcdrop8,acdc_rain_targetcal25,5,0.7516778523489933
1.0,1000,True,0.0,0.0,1.0,0.8357894736842105,78,149.0,0.0,False,0.0,0.0,0.0,,,65,bicycle,0.2,0.5,region_crc,segformer_b2_cityscapes_mcdrop8,acdc_rain_targetcal25,5,
0.997,997,True,0.32835775335775336,0.32835775335775336,0.016402030363678932,0.8357894736842105,78,149.0,0.20421052631578945,False,0.4875,0.15789473684210525,0.0,,,65,bicycle,0.2,0.5,heuristic,segformer_b2_cityscapes_mcdrop8,acdc_rain_targetcal25,5,
,-1,True,,0.7646825396825397,0.0010483969235792756,,475,,,False,,,,,,65,bicycle,0.2,0.5,argmax,segformer_b2_cityscapes_mcdrop8,acdc_rain_targetcal25,5,0.7516778523489933
1.0,1000,False,0.0,0.0,1.0,0.6589473684210526,162,324.0,0.0,False,0.0,0.0,0.0,,,66,person,0.05,0.1,region_crc,segformer_b2_cityscapes_mcdrop8,acdc_rain_targetcal25,8,
0.984,984,True,0.18010973936899863,0.18010973936899863,0.017511969432234764,15.88,162,324.0,0.3010526315789474,False,0.20967741935483872,0.08695652173913043,0.0,,,66,person,0.05,0.1,heuristic,segformer_b2_cityscapes_mcdrop8,acdc_rain_targetcal25,8,
,-1,True,,0.6479307044121859,0.0018371336627751589,,475,,,False,,,,,,66,person,0.05,0.1,argmax,segformer_b2_cityscapes_mcdrop8,acdc_rain_targetcal25,8,0.595679012345679
1.0,1000,False,0.0,0.0,1.0,0.6589473684210526,162,324.0,0.0,False,0.0,0.0,0.0,,,66,person,0.1,0.1,region_crc,segformer_b2_cityscapes_mcdrop8,acdc_rain_targetcal25,8,
0.976,976,True,0.22657222749815342,0.22657222749815342,0.0140371797606349,15.88,162,324.0,0.2778947368421053,False,0.26344086021505375,0.09565217391304348,0.0,,,66,person,0.1,0.1,heuristic,segformer_b2_cityscapes_mcdrop8,acdc_rain_targetcal25,8,
,-1,True,,0.6479307044121859,0.0018371336627751589,,475,,,False,,,,,,66,person,0.1,0.1,argmax,segformer_b2_cityscapes_mcdrop8,acdc_rain_targetcal25,8,0.595679012345679
0.976,976,True,0.22657222749815342,0.22657222749815342,0.0140371797606349,15.88,162,324.0,0.2778947368421053,False,0.26344086021505375,0.09565217391304348,0.0,,,66,person,0.2,0.1,region_crc,segformer_b2_cityscapes_mcdrop8,acdc_rain_targetcal25,8,
0.9410000000000001,941,True,0.35889597371078846,0.35889597371078846,0.008131490088999271,10.749473684210527,162,324.0,0.24631578947368427,False,0.42473118279569894,0.16521739130434782,0.043478260869565216,,,66,person,0.2,0.1,heuristic,segformer_b2_cityscapes_mcdrop8,acdc_rain_targetcal25,8,
,-1,True,,0.6479307044121859,0.0018371336627751589,,475,,,False,,,,,,66,person,0.2,0.1,argmax,segformer_b2_cityscapes_mcdrop8,acdc_rain_targetcal25,8,0.595679012345679
1.0,1000,False,0.0,0.0,1.0,0.6589473684210526,162,324.0,0.0,False,0.0,0.0,0.0,,,66,person,0.05,0.5,region_crc,segformer_b2_cityscapes_mcdrop8,acdc_rain_targetcal25,8,
0.998,998,True,0.08148148148148147,0.08148148148148147,0.04626186192035675,0.6589473684210526,162,324.0,0.2821052631578948,False,0.07526881720430108,0.05217391304347826,0.0,,,66,person,0.05,0.5,heuristic,segformer_b2_cityscapes_mcdrop8,acdc_rain_targetcal25,8,
,-1,True,,0.7732050528346825,0.0018371336627751589,,475,,,False,,,,,,66,person,0.05,0.5,argmax,segformer_b2_cityscapes_mcdrop8,acdc_rain_targetcal25,8,0.7037037037037037
1.0,1000,False,0.0,0.0,1.0,0.6589473684210526,162,324.0,0.0,False,0.0,0.0,0.0,,,66,person,0.1,0.5,region_crc,segformer_b2_cityscapes_mcdrop8,acdc_rain_targetcal25,8,
0.998,998,True,0.08148148148148147,0.08148148148148147,0.04626186192035675,0.6589473684210526,162,324.0,0.2821052631578948,False,0.07526881720430108,0.05217391304347826,0.0,,,66,person,0.1,0.5,heuristic,segformer_b2_cityscapes_mcdrop8,acdc_rain_targetcal25,8,
,-1,True,,0.7732050528346825,0.0018371336627751589,,475,,,False,,,,,,66,person,0.1,0.5,argmax,segformer_b2_cityscapes_mcdrop8,acdc_rain_targetcal25,8,0.7037037037037037
0.998,998,True,0.08148148148148147,0.08148148148148147,0.04626186192035675,0.6589473684210526,162,324.0,0.2821052631578948,False,0.07526881720430108,0.05217391304347826,0.0,,,66,person,0.2,0.5,region_crc,segformer_b2_cityscapes_mcdrop8,acdc_rain_targetcal25,8,
0.988,988,True,0.25554500369315186,0.25554500369315186,0.020323140546679497,0.6589473684210526,162,324.0,0.3221052631578948,False,0.2956989247311828,0.12173913043478261,0.0,,,66,person,0.2,0.5,heuristic,segformer_b2_cityscapes_mcdrop8,acdc_rain_targetcal25,8,
,-1,True,,0.7732050528346825,0.0018371336627751589,,475,,,False,,,,,,66,person,0.2,0.5,argmax,segformer_b2_cityscapes_mcdrop8,acdc_rain_targetcal25,8,0.7037037037037037
1.0,1000,False,0.0,0.0,1.0,0.9452631578947368,26,36.0,0.0,False,0.0,0.0,0.0,,,66,rider,0.05,0.1,region_crc,segformer_b2_cityscapes_mcdrop8,acdc_rain_targetcal25,2,
0.999,999,True,0.21153846153846154,0.21153846153846154,0.010485600680112839,0.9452631578947368,26,36.0,0.3305263157894738,True,0.28,0.0,0.0,,,66,rider,0.05,0.1,heuristic,segformer_b2_cityscapes_mcdrop8,acdc_rain_targetcal25,2,
,-1,True,,0.7884615384615384,0.00022129325952846557,,475,,,False,,,,,,66,rider,0.05,0.1,argmax,segformer_b2_cityscapes_mcdrop8,acdc_rain_targetcal25,2,0.8055555555555556
1.0,1000,False,0.0,0.0,1.0,0.9452631578947368,26,36.0,0.0,False,0.0,0.0,0.0,,,66,rider,0.1,0.1,region_crc,segformer_b2_cityscapes_mcdrop8,acdc_rain_targetcal25,2,
0.999,999,True,0.21153846153846154,0.21153846153846154,0.010485600680112839,0.9452631578947368,26,36.0,0.3305263157894738,True,0.28,0.0,0.0,,,66,rider,0.1,0.1,heuristic,segformer_b2_cityscapes_mcdrop8,acdc_rain_targetcal25,2,
,-1,True,,0.7884615384615384,0.00022129325952846557,,475,,,False,,,,,,66,rider,0.1,0.1,argmax,segformer_b2_cityscapes_mcdrop8,acdc_rain_targetcal25,2,0.8055555555555556
1.0,1000,False,0.0,0.0,1.0,0.9452631578947368,26,36.0,0.0,False,0.0,0.0,0.0,,,66,rider,0.2,0.1,region_crc,segformer_b2_cityscapes_mcdrop8,acdc_rain_targetcal25,2,
0.999,999,True,0.21153846153846154,0.21153846153846154,0.010485600680112839,0.9452631578947368,26,36.0,0.3305263157894738,True,0.28,0.0,0.0,,,66,rider,0.2,0.1,heuristic,segformer_b2_cityscapes_mcdrop8,acdc_rain_targetcal25,2,
,-1,True,,0.7884615384615384,0.00022129325952846557,,475,,,False,,,,,,66,rider,0.2,0.1,argmax,segformer_b2_cityscapes_mcdrop8,acdc_rain_targetcal25,2,0.8055555555555556
1.0,1000,False,0.0,0.0,1.0,0.9452631578947368,26,36.0,0.0,False,0.0,0.0,0.0,,,66,rider,0.05,0.5,region_crc,segformer_b2_cityscapes_mcdrop8,acdc_rain_targetcal25,2,
1.0,1000,True,0.0,0.0,1.0,0.9452631578947368,26,36.0,0.0,False,0.0,0.0,0.0,,,66,rider,0.05,0.5,heuristic,segformer_b2_cityscapes_mcdrop8,acdc_rain_targetcal25,2,
,-1,True,,0.8461538461538461,0.00022129325952846557,,475,,,False,,,,,,66,rider,0.05,0.5,argmax,segformer_b2_cityscapes_mcdrop8,acdc_rain_targetcal25,2,0.8611111111111112
1.0,1000,False,0.0,0.0,1.0,0.9452631578947368,26,36.0,0.0,False,0.0,0.0,0.0,,,66,rider,0.1,0.5,region_crc,segformer_b2_cityscapes_mcdrop8,acdc_rain_targetcal25,2,
1.0,1000,True,0.0,0.0,1.0,0.9452631578947368,26,36.0,0.0,False,0.0,0.0,0.0,,,66,rider,0.1,0.5,heuristic,segformer_b2_cityscapes_mcdrop8,acdc_rain_targetcal25,2,
,-1,True,,0.8461538461538461,0.00022129325952846557,,475,,,False,,,,,,66,rider,0.1,0.5,argmax,segformer_b2_cityscapes_mcdrop8,acdc_rain_targetcal25,2,0.8611111111111112
1.0,1000,False,0.0,0.0,1.0,0.9452631578947368,26,36.0,0.0,False,0.0,0.0,0.0,,,66,rider,0.2,0.5,region_crc,segformer_b2_cityscapes_mcdrop8,acdc_rain_targetcal25,2,
1.0,1000,True,0.0,0.0,1.0,0.9452631578947368,26,36.0,0.0,False,0.0,0.0,0.0,,,66,rider,0.2,0.5,heuristic,segformer_b2_cityscapes_mcdrop8,acdc_rain_targetcal25,2,
,-1,True,,0.8461538461538461,0.00022129325952846557,,475,,,False,,,,,,66,rider,0.2,0.5,argmax,segformer_b2_cityscapes_mcdrop8,acdc_rain_targetcal25,2,0.8611111111111112
1.0,1000,False,0.0,0.0,1.0,0.8336842105263158,79,152.0,0.0,False,0.0,0.0,0.0,,,66,bicycle,0.05,0.1,region_crc,segformer_b2_cityscapes_mcdrop8,acdc_rain_targetcal25,4,
1.0,1000,True,0.0,0.0,1.0,0.8336842105263158,79,152.0,0.0,False,0.0,0.0,0.0,,,66,bicycle,0.05,0.1,heuristic,segformer_b2_cityscapes_mcdrop8,acdc_rain_targetcal25,4,
,-1,True,,0.7368595539481615,0.001123048597946763,,475,,,False,,,,,,66,bicycle,0.05,0.1,argmax,segformer_b2_cityscapes_mcdrop8,acdc_rain_targetcal25,4,0.7171052631578947
1.0,1000,False,0.0,0.0,1.0,0.8336842105263158,79,152.0,0.0,False,0.0,0.0,0.0,,,66,bicycle,0.1,0.1,region_crc,segformer_b2_cityscapes_mcdrop8,acdc_rain_targetcal25,4,
0.999,999,True,0.1553948161543098,0.15539481615430983,0.028649473562836647,0.8336842105263158,79,152.0,0.23157894736842105,False,0.24691358024691357,0.05263157894736842,0.0,,,66,bicycle,0.1,0.1,heuristic,segformer_b2_cityscapes_mcdrop8,acdc_rain_targetcal25,4,
,-1,True,,0.7368595539481615,0.001123048597946763,,475,,,False,,,,,,66,bicycle,0.1,0.1,argmax,segformer_b2_cityscapes_mcdrop8,acdc_rain_targetcal25,4,0.7171052631578947
1.0,1000,True,0.0,0.0,1.0,0.8336842105263158,79,152.0,0.0,False,0.0,0.0,0.0,,,66,bicycle,0.2,0.1,region_crc,segformer_b2_cityscapes_mcdrop8,acdc_rain_targetcal25,4,
0.999,999,True,0.1553948161543098,0.15539481615430983,0.028649473562836647,0.8336842105263158,79,152.0,0.23157894736842105,False,0.24691358024691357,0.05263157894736842,0.0,,,66,bicycle,0.2,0.1,heuristic,segformer_b2_cityscapes_mcdrop8,acdc_rain_targetcal25,4,
,-1,True,,0.7368595539481615,0.001123048597946763,,475,,,False,,,,,,66,bicycle,0.2,0.1,argmax,segformer_b2_cityscapes_mcdrop8,acdc_rain_targetcal25,4,0.7171052631578947
1.0,1000,False,0.0,0.0,1.0,0.8336842105263158,79,152.0,0.0,False,0.0,0.0,0.0,,,66,bicycle,0.05,0.5,region_crc,segformer_b2_cityscapes_mcdrop8,acdc_rain_targetcal25,4,
1.0,1000,True,0.0,0.0,1.0,0.8336842105263158,79,152.0,0.0,False,0.0,0.0,0.0,,,66,bicycle,0.05,0.5,heuristic,segformer_b2_cityscapes_mcdrop8,acdc_rain_targetcal25,4,
,-1,True,,0.7625979505726341,0.001123048597946763,,475,,,False,,,,,,66,bicycle,0.05,0.5,argmax,segformer_b2_cityscapes_mcdrop8,acdc_rain_targetcal25,4,0.743421052631579
1.0,1000,False,0.0,0.0,1.0,0.8336842105263158,79,152.0,0.0,False,0.0,0.0,0.0,,,66,bicycle,0.1,0.5,region_crc,segformer_b2_cityscapes_mcdrop8,acdc_rain_targetcal25,4,
1.0,1000,True,0.0,0.0,1.0,0.8336842105263158,79,152.0,0.0,False,0.0,0.0,0.0,,,66,bicycle,0.1,0.5,heuristic,segformer_b2_cityscapes_mcdrop8,acdc_rain_targetcal25,4,
,-1,True,,0.7625979505726341,0.001123048597946763,,475,,,False,,,,,,66,bicycle,0.1,0.5,argmax,segformer_b2_cityscapes_mcdrop8,acdc_rain_targetcal25,4,0.743421052631579
1.0,1000,True,0.0,0.0,1.0,0.8336842105263158,79,152.0,0.0,False,0.0,0.0,0.0,,,66,bicycle,0.2,0.5,region_crc,segformer_b2_cityscapes_mcdrop8,acdc_rain_targetcal25,4,
1.0,1000,True,0.0,0.0,1.0,0.8336842105263158,79,152.0,0.0,False,0.0,0.0,0.0,,,66,bicycle,0.2,0.5,heuristic,segformer_b2_cityscapes_mcdrop8,acdc_rain_targetcal25,4,
,-1,True,,0.7625979505726341,0.001123048597946763,,475,,,False,,,,,,66,bicycle,0.2,0.5,argmax,segformer_b2_cityscapes_mcdrop8,acdc_rain_targetcal25,4,0.743421052631579
1.0,1000,False,0.0,0.0,1.0,0.6652631578947369,159,315.0,0.0,False,0.0,0.0,0.0,,,67,person,0.05,0.1,region_crc,segformer_b2_cityscapes_mcdrop8,acdc_rain_targetcal25,11,
0.985,985,True,0.16988120195667367,0.16988120195667367,0.017922664061188698,15.846315789473683,159,315.0,0.29263157894736835,False,0.20224719101123595,0.0782608695652174,0.0,,,67,person,0.05,0.1,heuristic,segformer_b2_cityscapes_mcdrop8,acdc_rain_targetcal25,11,
,-1,True,,0.6408686003025625,0.0017920149257406592,,475,,,False,,,,,,67,person,0.05,0.1,argmax,segformer_b2_cityscapes_mcdrop8,acdc_rain_targetcal25,11,0.5904761904761905
0.993,993,True,0.08846960167714885,0.08846960167714885,0.02628215029835701,0.6652631578947369,159,315.0,0.26315789473684204,False,0.09550561797752809,0.05217391304347826,0.0,,,67,person,0.1,0.1,region_crc,segformer_b2_cityscapes_mcdrop8,acdc_rain_targetcal25,11,
0.98,980,True,0.20202117937966993,0.20202117937966993,0.015349111519753933,15.846315789473683,159,315.0,0.29263157894736835,False,0.24157303370786518,0.09565217391304348,0.0,,,67,person,0.1,0.1,heuristic,segformer_b2_cityscapes_mcdrop8,acdc_rain_targetcal25,11,
,-1,True,,0.6408686003025625,0.0017920149257406592,,475,,,False,,,,,,67,person,0.1,0.1,argmax,segformer_b2_cityscapes_mcdrop8,acdc_rain_targetcal25,11,0.5904761904761905
0.98,980,True,0.20202117937966993,0.20202117937966993,0.015349111519753933,15.846315789473683,159,315.0,0.29263157894736835,False,0.24157303370786518,0.09565217391304348,0.0,,,67,person,0.2,0.1,region_crc,segformer_b2_cityscapes_mcdrop8,acdc_rain_targetcal25,11,
0.975,975,True,0.2265045576366331,0.2265045576366331,0.013546967878937721,15.846315789473683,159,315.0,0.30105263157894735,False,0.2696629213483146,0.10434782608695652,0.0,,,67,person,0.2,0.1,heuristic,segformer_b2_cityscapes_mcdrop8,acdc_rain_targetcal25,11,
,-1,True,,0.6408686003025625,0.0017920149257406592,,475,,,False,,,,,,67,person,0.2,0.1,argmax,segformer_b2_cityscapes_mcdrop8,acdc_rain_targetcal25,11,0.5904761904761905
1.0,1000,False,0.0,0.0,1.0,0.6652631578947369,159,315.0,0.0,False,0.0,0.0,0.0,,,67,person,0.05,0.5,region_crc,segformer_b2_cityscapes_mcdrop8,acdc_rain_targetcal25,11,
0.993,993,True,0.17690426275331936,0.17690426275331936,0.02628215029835701,0.6652631578947369,159,315.0,0.26315789473684204,False,0.19101123595505617,0.11304347826086956,0.0,,,67,person,0.05,0.5,heuristic,segformer_b2_cityscapes_mcdrop8,acdc_rain_targetcal25,11,
,-1,True,,0.7628462383179365,0.0017920149257406592,,475,,,False,,,,,,67,person,0.05,0.5,argmax,segformer_b2_cityscapes_mcdrop8,acdc_rain_targetcal25,11,0.6952380952380952
0.998,998,True,0.0830188679245283,0.0830188679245283,0.04598525911569595,0.6652631578947369,159,315.0,0.18526315789473685,False,0.07865168539325842,0.05217391304347826,0.0,,,67,person,0.1,0.5,region_crc,segformer_b2_cityscapes_mcdrop8,acdc_rain_targetcal25,11,
0.991,991,True,0.21984088587862172,0.21984088587862172,0.023259533569216728,0.6652631578947369,159,315.0,0.26526315789473676,False,0.2303370786516854,0.13043478260869565,0.0,,,67,person,0.1,0.5,heuristic,segformer_b2_cityscapes_mcdrop8,acdc_rain_targetcal25,11,
,-1,True,,0.7628462383179365,0.0017920149257406592,,475,,,False,,,,,,67,person,0.1,0.5,argmax,segformer_b2_cityscapes_mcdrop8,acdc_rain_targetcal25,11,0.6952380952380952
0.991,991,True,0.21984088587862172,0.21984088587862172,0.023259533569216728,0.6652631578947369,159,315.0,0.26526315789473676,False,0.2303370786516854,0.13043478260869565,0.0,,,67,person,0.2,0.5,region_crc,segformer_b2_cityscapes_mcdrop8,acdc_rain_targetcal25,11,
0.982,982,True,0.3133615161917049,0.3133615161917048,0.016260772943496704,15.846315789473683,159,315.0,0.2947368421052631,False,0.3539325842696629,0.17391304347826086,0.045454545454545456,,,67,person,0.2,0.5,heuristic,segformer_b2_cityscapes_mcdrop8,acdc_rain_targetcal25,11,
,-1,True,,0.7628462383179365,0.0017920149257406592,,475,,,False,,,,,,67,person,0.2,0.5,argmax,segformer_b2_cityscapes_mcdrop8,acdc_rain_targetcal25,11,0.6952380952380952
1.0,1000,False,0.0,0.0,1.0,0.9494736842105264,24,31.0,0.0,False,0.0,0.0,0.0,,,67,rider,0.05,0.1,region_crc,segformer_b2_cityscapes_mcdrop8,acdc_rain_targetcal25,4,
1.0,1000,True,0.0,0.0,1.0,0.9494736842105264,24,31.0,0.0,False,0.0,0.0,0.0,,,67,rider,0.05,0.1,heuristic,segformer_b2_cityscapes_mcdrop8,acdc_rain_targetcal25,4,
,-1,True,,0.8125,0.00018397803069092333,,475,,,False,,,,,,67,rider,0.05,0.1,argmax,segformer_b2_cityscapes_mcdrop8,acdc_rain_targetcal25,4,0.8387096774193549
1.0,1000,False,0.0,0.0,1.0,0.9494736842105264,24,31.0,0.0,False,0.0,0.0,0.0,,,67,rider,0.1,0.1,region_crc,segformer_b2_cityscapes_mcdrop8,acdc_rain_targetcal25,4,
1.0,1000,True,0.0,0.0,1.0,0.9494736842105264,24,31.0,0.0,False,0.0,0.0,0.0,,,67,rider,0.1,0.1,heuristic,segformer_b2_cityscapes_mcdrop8,acdc_rain_targetcal25,4,
,-1,True,,0.8125,0.00018397803069092333,,475,,,False,,,,,,67,rider,0.1,0.1,argmax,segformer_b2_cityscapes_mcdrop8,acdc_rain_targetcal25,4,0.8387096774193549
1.0,1000,True,0.0,0.0,1.0,0.9494736842105264,24,31.0,0.0,False,0.0,0.0,0.0,,,67,rider,0.2,0.1,region_crc,segformer_b2_cityscapes_mcdrop8,acdc_rain_targetcal25,4,
1.0,1000,True,0.0,0.0,1.0,0.9494736842105264,24,31.0,0.0,False,0.0,0.0,0.0,,,67,rider,0.2,0.1,heuristic,segformer_b2_cityscapes_mcdrop8,acdc_rain_targetcal25,4,
,-1,True,,0.8125,0.00018397803069092333,,475,,,False,,,,,,67,rider,0.2,0.1,argmax,segformer_b2_cityscapes_mcdrop8,acdc_rain_targetcal25,4,0.8387096774193549
1.0,1000,False,0.0,0.0,1.0,0.9494736842105264,24,31.0,0.0,False,0.0,0.0,0.0,,,67,rider,0.05,0.5,region_crc,segformer_b2_cityscapes_mcdrop8,acdc_rain_targetcal25,4,
1.0,1000,True,0.0,0.0,1.0,0.9494736842105264,24,31.0,0.0,False,0.0,0.0,0.0,,,67,rider,0.05,0.5,heuristic,segformer_b2_cityscapes_mcdrop8,acdc_rain_targetcal25,4,
,-1,True,,0.8541666666666666,0.00018397803069092333,,475,,,False,,,,,,67,rider,0.05,0.5,argmax,segformer_b2_cityscapes_mcdrop8,acdc_rain_targetcal25,4,0.8709677419354839
1.0,1000,False,0.0,0.0,1.0,0.9494736842105264,24,31.0,0.0,False,0.0,0.0,0.0,,,67,rider,0.1,0.5,region_crc,segformer_b2_cityscapes_mcdrop8,acdc_rain_targetcal25,4,
1.0,1000,True,0.0,0.0,1.0,0.9494736842105264,24,31.0,0.0,False,0.0,0.0,0.0,,,67,rider,0.1,0.5,heuristic,segformer_b2_cityscapes_mcdrop8,acdc_rain_targetcal25,4,
,-1,True,,0.8541666666666666,0.00018397803069092333,,475,,,False,,,,,,67,rider,0.1,0.5,argmax,segformer_b2_cityscapes_mcdrop8,acdc_rain_targetcal25,4,0.8709677419354839
1.0,1000,True,0.0,0.0,1.0,0.9494736842105264,24,31.0,0.0,False,0.0,0.0,0.0,,,67,rider,0.2,0.5,region_crc,segformer_b2_cityscapes_mcdrop8,acdc_rain_targetcal25,4,
1.0,1000,True,0.0,0.0,1.0,0.9494736842105264,24,31.0,0.0,False,0.0,0.0,0.0,,,67,rider,0.2,0.5,heuristic,segformer_b2_cityscapes_mcdrop8,acdc_rain_targetcal25,4,
,-1,True,,0.8541666666666666,0.00018397803069092333,,475,,,False,,,,,,67,rider,0.2,0.5,argmax,segformer_b2_cityscapes_mcdrop8,acdc_rain_targetcal25,4,0.8709677419354839
1.0,1000,False,0.0,0.0,1.0,0.8315789473684211,80,148.0,0.0,False,0.0,0.0,0.0,,,67,bicycle,0.05,0.1,region_crc,segformer_b2_cityscapes_mcdrop8,acdc_rain_targetcal25,3,
0.999,999,True,0.1576190476190476,0.1576190476190476,0.028417695313692093,0.8315789473684211,80,148.0,0.1473684210526316,False,0.26582278481012656,0.05263157894736842,0.0,,,67,bicycle,0.05,0.1,heuristic,segformer_b2_cityscapes_mcdrop8,acdc_rain_targetcal25,3,
,-1,True,,0.7476488095238095,0.00107830879278481,,475,,,False,,,,,,67,bicycle,0.05,0.1,argmax,segformer_b2_cityscapes_mcdrop8,acdc_rain_targetcal25,3,0.7297297297297297
1.0,1000,False,0.0,0.0,1.0,0.8315789473684211,80,148.0,0.0,False,0.0,0.0,0.0,,,67,bicycle,0.1,0.1,region_crc,segformer_b2_cityscapes_mcdrop8,acdc_rain_targetcal25,3,
0.997,997,True,0.26595238095238094,0.26595238095238094,0.016966279596090317,0.8315789473684211,80,148.0,0.1305263157894737,False,0.3924050632911392,0.08771929824561403,0.0,,,67,bicycle,0.1,0.1,heuristic,segformer_b2_cityscapes_mcdrop8,acdc_rain_targetcal25,3,
,-1,True,,0.7476488095238095,0.00107830879278481,,475,,,False,,,,,,67,bicycle,0.1,0.1,argmax,segformer_b2_cityscapes_mcdrop8,acdc_rain_targetcal25,3,0.7297297297297297
1.0,1000,False,0.0,0.0,1.0,0.8315789473684211,80,148.0,0.0,False,0.0,0.0,0.0,,,67,bicycle,0.2,0.1,region_crc,segformer_b2_cityscapes_mcdrop8,acdc_rain_targetcal25,3,
0.928,928,True,0.585625,0.5856250000000001,0.00302607542835176,2.6315789473684212,80,148.0,0.12631578947368427,False,0.6962025316455697,0.43859649122807015,0.0,,,67,bicycle,0.2,0.1,heuristic,segformer_b2_cityscapes_mcdrop8,acdc_rain_targetcal25,3,
,-1,True,,0.7476488095238095,0.00107830879278481,,475,,,False,,,,,,67,bicycle,0.2,0.1,argmax,segformer_b2_cityscapes_mcdrop8,acdc_rain_targetcal25,3,0.7297297297297297
1.0,1000,False,0.0,0.0,1.0,0.8315789473684211,80,148.0,0.0,False,0.0,0.0,0.0,,,67,bicycle,0.05,0.5,region_crc,segformer_b2_cityscapes_mcdrop8,acdc_rain_targetcal25,3,
1.0,1000,True,0.0,0.0,1.0,0.8315789473684211,80,148.0,0.0,False,0.0,0.0,0.0,,,67,bicycle,0.05,0.5,heuristic,segformer_b2_cityscapes_mcdrop8,acdc_rain_targetcal25,3,
,-1,True,,0.7705654761904762,0.00107830879278481,,475,,,False,,,,,,67,bicycle,0.05,0.5,argmax,segformer_b2_cityscapes_mcdrop8,acdc_rain_targetcal25,3,0.75
1.0,1000,False,0.0,0.0,1.0,0.8315789473684211,80,148.0,0.0,False,0.0,0.0,0.0,,,67,bicycle,0.1,0.5,region_crc,segformer_b2_cityscapes_mcdrop8,acdc_rain_targetcal25,3,
0.998,998,True,0.30669642857142854,0.30669642857142854,0.02064940147101879,0.8315789473684211,80,148.0,0.1431578947368421,False,0.4430379746835443,0.12280701754385964,0.0,,,67,bicycle,0.1,0.5,heuristic,segformer_b2_cityscapes_mcdrop8,acdc_rain_targetcal25,3,
,-1,True,,0.7705654761904762,0.00107830879278481,,475,,,False,,,,,,67,bicycle,0.1,0.5,argmax,segformer_b2_cityscapes_mcdrop8,acdc_rain_targetcal25,3,0.75
1.0,1000,False,0.0,0.0,1.0,0.8315789473684211,80,148.0,0.0,False,0.0,0.0,0.0,,,67,bicycle,0.2,0.5,region_crc,segformer_b2_cityscapes_mcdrop8,acdc_rain_targetcal25,3,
0.976,976,True,0.5432142857142856,0.5432142857142856,0.00569812161847949,6.24421052631579,80,148.0,0.0926315789473684,False,0.6582278481012658,0.40350877192982454,0.0,,,67,bicycle,0.2,0.5,heuristic,segformer_b2_cityscapes_mcdrop8,acdc_rain_targetcal25,3,
,-1,True,,0.7705654761904762,0.00107830879278481,,475,,,False,,,,,,67,bicycle,0.2,0.5,argmax,segformer_b2_cityscapes_mcdrop8,acdc_rain_targetcal25,3,0.75
1.0,1000,False,0.0,0.0,1.0,0.6568421052631579,163,319.0,0.0,False,0.0,0.0,0.0,,,68,person,0.05,0.1,region_crc,segformer_b2_cityscapes_mcdrop8,acdc_rain_targetcal25,7,
0.994,994,True,0.07556237218813906,0.07556237218813906,0.028358332812786102,0.6568421052631579,163,319.0,0.14736842105263157,False,0.08839779005524862,0.034482758620689655,0.0,,,68,person,0.05,0.1,heuristic,segformer_b2_cityscapes_mcdrop8,acdc_rain_targetcal25,7,
,-1,True,,0.6398656898656898,0.0017991237109526992,,475,,,False,,,,,,68,person,0.05,0.1,argmax,segformer_b2_cityscapes_mcdrop8,acdc_rain_targetcal25,7,0.5830721003134797
1.0,1000,False,0.0,0.0,1.0,0.6568421052631579,163,319.0,0.0,False,0.0,0.0,0.0,,,68,person,0.1,0.1,region_crc,segformer_b2_cityscapes_mcdrop8,acdc_rain_targetcal25,7,
0.987,987,True,0.14832992501704156,0.14832992501704156,0.019444018602371216,15.76421052631579,163,319.0,0.1368421052631579,False,0.1712707182320442,0.06896551724137931,0.0,,,68,person,0.1,0.1,heuristic,segformer_b2_cityscapes_mcdrop8,acdc_rain_targetcal25,7,
,-1,True,,0.6398656898656898,0.0017991237109526992,,475,,,False,,,,,,68,person,0.1,0.1,argmax,segformer_b2_cityscapes_mcdrop8,acdc_rain_targetcal25,7,0.5830721003134797
0.987,987,True,0.14832992501704156,0.14832992501704156,0.019444018602371216,15.76421052631579,163,319.0,0.1368421052631579,False,0.1712707182320442,0.06896551724137931,0.0,,,68,person,0.2,0.1,region_crc,segformer_b2_cityscapes_mcdrop8,acdc_rain_targetcal25,7,
0.987,987,True,0.14832992501704156,0.14832992501704156,0.019444018602371216,15.76421052631579,163,319.0,0.1368421052631579,False,0.1712707182320442,0.06896551724137931,0.0,,,68,person,0.2,0.1,heuristic,segformer_b2_cityscapes_mcdrop8,acdc_rain_targetcal25,7,
,-1,True,,0.6398656898656898,0.0017991237109526992,,475,,,False,,,,,,68,person,0.2,0.1,argmax,segformer_b2_cityscapes_mcdrop8,acdc_rain_targetcal25,7,0.5830721003134797
1.0,1000,False,0.0,0.0,1.0,0.6568421052631579,163,319.0,0.0,False,0.0,0.0,0.0,,,68,person,0.05,0.5,region_crc,segformer_b2_cityscapes_mcdrop8,acdc_rain_targetcal25,7,
0.998,998,True,0.08098159509202453,0.08098159509202453,0.04591929540038109,0.6568421052631579,163,319.0,0.14315789473684215,False,0.07734806629834254,0.05172413793103448,0.0,,,68,person,0.05,0.5,heuristic,segformer_b2_cityscapes_mcdrop8,acdc_rain_targetcal25,7,
,-1,True,,0.7613039993408093,0.0017991237109526992,,475,,,False,,,,,,68,person,0.05,0.5,argmax,segformer_b2_cityscapes_mcdrop8,acdc_rain_targetcal25,7,0.6927899686520376
1.0,1000,False,0.0,0.0,1.0,0.6568421052631579,163,319.0,0.0,False,0.0,0.0,0.0,,,68,person,0.1,0.5,region_crc,segformer_b2_cityscapes_mcdrop8,acdc_rain_targetcal25,7,
0.991,991,True,0.2164910072885533,0.2164910072885533,0.023363180458545685,0.6568421052631579,163,319.0,0.12842105263157896,False,0.23756906077348067,0.1206896551724138,0.0,,,68,person,0.1,0.5,heuristic,segformer_b2_cityscapes_mcdrop8,acdc_rain_targetcal25,7,
,-1,True,,0.7613039993408093,0.0017991237109526992,,475,,,False,,,,,,68,person,0.1,0.5,argmax,segformer_b2_cityscapes_mcdrop8,acdc_rain_targetcal25,7,0.6927899686520376
0.991,991,True,0.2164910072885533,0.2164910072885533,0.023363180458545685,0.6568421052631579,163,319.0,0.12842105263157896,False,0.23756906077348067,0.1206896551724138,0.0,,,68,person,0.2,0.5,region_crc,segformer_b2_cityscapes_mcdrop8,acdc_rain_targetcal25,7,
0.991,991,True,0.2164910072885533,0.2164910072885533,0.023363180458545685,0.6568421052631579,163,319.0,0.12842105263157896,False,0.23756906077348067,0.1206896551724138,0.0,,,68,person,0.2,0.5,heuristic,segformer_b2_cityscapes_mcdrop8,acdc_rain_targetcal25,7,
,-1,True,,0.7613039993408093,0.0017991237109526992,,475,,,False,,,,,,68,person,0.2,0.5,argmax,segformer_b2_cityscapes_mcdrop8,acdc_rain_targetcal25,7,0.6927899686520376
1.0,1000,False,0.0,0.0,1.0,0.9431578947368421,27,37.0,0.0,False,0.0,0.0,0.0,,,68,rider,0.05,0.1,region_crc,segformer_b2_cityscapes_mcdrop8,acdc_rain_targetcal25,1,
0.967,967,True,0.7222222222222222,0.7222222222222222,0.001542670070193708,1.9557894736842105,27,37.0,0.09052631578947368,False,0.9629629629629629,0.3333333333333333,0.0,,,68,rider,0.05,0.1,heuristic,segformer_b2_cityscapes_mcdrop8,acdc_rain_targetcal25,1,
,-1,True,,0.7962962962962963,0.000251071120146662,,475,,,False,,,,,,68,rider,0.05,0.1,argmax,segformer_b2_cityscapes_mcdrop8,acdc_rain_targetcal25,1,0.8108108108108109
1.0,1000,False,0.0,0.0,1.0,0.9431578947368421,27,37.0,0.0,False,0.0,0.0,0.0,,,68,rider,0.1,0.1,region_crc,segformer_b2_cityscapes_mcdrop8,acdc_rain_targetcal25,1,
0.967,967,True,0.7222222222222222,0.7222222222222222,0.001542670070193708,1.9557894736842105,27,37.0,0.09052631578947368,False,0.9629629629629629,0.3333333333333333,0.0,,,68,rider,0.1,0.1,heuristic,segformer_b2_cityscapes_mcdrop8,acdc_rain_targetcal25,1,
,-1,True,,0.7962962962962963,0.000251071120146662,,475,,,False,,,,,,68,rider,0.1,0.1,argmax,segformer_b2_cityscapes_mcdrop8,acdc_rain_targetcal25,1,0.8108108108108109
1.0,1000,False,0.0,0.0,1.0,0.9431578947368421,27,37.0,0.0,False,0.0,0.0,0.0,,,68,rider,0.2,0.1,region_crc,segformer_b2_cityscapes_mcdrop8,acdc_rain_targetcal25,1,
0.967,967,True,0.7222222222222222,0.7222222222222222,0.001542670070193708,1.9557894736842105,27,37.0,0.09052631578947368,False,0.9629629629629629,0.3333333333333333,0.0,,,68,rider,0.2,0.1,heuristic,segformer_b2_cityscapes_mcdrop8,acdc_rain_targetcal25,1,
,-1,True,,0.7962962962962963,0.000251071120146662,,475,,,False,,,,,,68,rider,0.2,0.1,argmax,segformer_b2_cityscapes_mcdrop8,acdc_rain_targetcal25,1,0.8108108108108109
1.0,1000,False,0.0,0.0,1.0,0.9431578947368421,27,37.0,0.0,False,0.0,0.0,0.0,,,68,rider,0.05,0.5,region_crc,segformer_b2_cityscapes_mcdrop8,acdc_rain_targetcal25,1,
0.998,998,True,0.5246913580246914,0.5246913580246914,0.007348789367824793,0.9431578947368421,27,37.0,0.17263157894736847,False,0.6296296296296297,0.16666666666666666,0.0,,,68,rider,0.05,0.5,heuristic,segformer_b2_cityscapes_mcdrop8,acdc_rain_targetcal25,1,
,-1,True,,0.8518518518518519,0.000251071120146662,,475,,,False,,,,,,68,rider,0.05,0.5,argmax,segformer_b2_cityscapes_mcdrop8,acdc_rain_targetcal25,1,0.8648648648648649
1.0,1000,False,0.0,0.0,1.0,0.9431578947368421,27,37.0,0.0,False,0.0,0.0,0.0,,,68,rider,0.1,0.5,region_crc,segformer_b2_cityscapes_mcdrop8,acdc_rain_targetcal25,1,
0.998,998,True,0.5246913580246914,0.5246913580246914,0.007348789367824793,0.9431578947368421,27,37.0,0.17263157894736847,False,0.6296296296296297,0.16666666666666666,0.0,,,68,rider,0.1,0.5,heuristic,segformer_b2_cityscapes_mcdrop8,acdc_rain_targetcal25,1,
,-1,True,,0.8518518518518519,0.000251071120146662,,475,,,False,,,,,,68,rider,0.1,0.5,argmax,segformer_b2_cityscapes_mcdrop8,acdc_rain_targetcal25,1,0.8648648648648649
1.0,1000,False,0.0,0.0,1.0,0.9431578947368421,27,37.0,0.0,False,0.0,0.0,0.0,,,68,rider,0.2,0.5,region_crc,segformer_b2_cityscapes_mcdrop8,acdc_rain_targetcal25,1,
0.998,998,True,0.5246913580246914,0.5246913580246914,0.007348789367824793,0.9431578947368421,27,37.0,0.17263157894736847,False,0.6296296296296297,0.16666666666666666,0.0,,,68,rider,0.2,0.5,heuristic,segformer_b2_cityscapes_mcdrop8,acdc_rain_targetcal25,1,
,-1,True,,0.8518518518518519,0.000251071120146662,,475,,,False,,,,,,68,rider,0.2,0.5,argmax,segformer_b2_cityscapes_mcdrop8,acdc_rain_targetcal25,1,0.8648648648648649
1.0,1000,False,0.0,0.0,1.0,0.8315789473684211,80,155.0,0.0,False,0.0,0.0,0.0,,,68,bicycle,0.05,0.1,region_crc,segformer_b2_cityscapes_mcdrop8,acdc_rain_targetcal25,3,
1.0,1000,True,0.0,0.0,1.0,0.8315789473684211,80,155.0,0.0,False,0.0,0.0,0.0,,,68,bicycle,0.05,0.1,heuristic,segformer_b2_cityscapes_mcdrop8,acdc_rain_targetcal25,3,
,-1,True,,0.7463988095238095,0.0011273158015683293,,475,,,False,,,,,,68,bicycle,0.05,0.1,argmax,segformer_b2_cityscapes_mcdrop8,acdc_rain_targetcal25,3,0.7290322580645161
1.0,1000,False,0.0,0.0,1.0,0.8315789473684211,80,155.0,0.0,False,0.0,0.0,0.0,,,68,bicycle,0.1,0.1,region_crc,segformer_b2_cityscapes_mcdrop8,acdc_rain_targetcal25,3,
1.0,1000,True,0.0,0.0,1.0,0.8315789473684211,80,155.0,0.0,False,0.0,0.0,0.0,,,68,bicycle,0.1,0.1,heuristic,segformer_b2_cityscapes_mcdrop8,acdc_rain_targetcal25,3,
,-1,True,,0.7463988095238095,0.0011273158015683293,,475,,,False,,,,,,68,bicycle,0.1,0.1,argmax,segformer_b2_cityscapes_mcdrop8,acdc_rain_targetcal25,3,0.7290322580645161
1.0,1000,False,0.0,0.0,1.0,0.8315789473684211,80,155.0,0.0,False,0.0,0.0,0.0,,,68,bicycle,0.2,0.1,region_crc,segformer_b2_cityscapes_mcdrop8,acdc_rain_targetcal25,3,
1.0,1000,True,0.0,0.0,1.0,0.8315789473684211,80,155.0,0.0,False,0.0,0.0,0.0,,,68,bicycle,0.2,0.1,heuristic,segformer_b2_cityscapes_mcdrop8,acdc_rain_targetcal25,3,
,-1,True,,0.7463988095238095,0.0011273158015683293,,475,,,False,,,,,,68,bicycle,0.2,0.1,argmax,segformer_b2_cityscapes_mcdrop8,acdc_rain_targetcal25,3,0.7290322580645161
1.0,1000,False,0.0,0.0,1.0,0.8315789473684211,80,155.0,0.0,False,0.0,0.0,0.0,,,68,bicycle,0.05,0.5,region_crc,segformer_b2_cityscapes_mcdrop8,acdc_rain_targetcal25,3,
1.0,1000,True,0.0,0.0,1.0,0.8315789473684211,80,155.0,0.0,False,0.0,0.0,0.0,,,68,bicycle,0.05,0.5,heuristic,segformer_b2_cityscapes_mcdrop8,acdc_rain_targetcal25,3,
,-1,True,,0.7718154761904762,0.0011273158015683293,,475,,,False,,,,,,68,bicycle,0.05,0.5,argmax,segformer_b2_cityscapes_mcdrop8,acdc_rain_targetcal25,3,0.7548387096774194
1.0,1000,False,0.0,0.0,1.0,0.8315789473684211,80,155.0,0.0,False,0.0,0.0,0.0,,,68,bicycle,0.1,0.5,region_crc,segformer_b2_cityscapes_mcdrop8,acdc_rain_targetcal25,3,
1.0,1000,True,0.0,0.0,1.0,0.8315789473684211,80,155.0,0.0,False,0.0,0.0,0.0,,,68,bicycle,0.1,0.5,heuristic,segformer_b2_cityscapes_mcdrop8,acdc_rain_targetcal25,3,
,-1,True,,0.7718154761904762,0.0011273158015683293,,475,,,False,,,,,,68,bicycle,0.1,0.5,argmax,segformer_b2_cityscapes_mcdrop8,acdc_rain_targetcal25,3,0.7548387096774194
1.0,1000,False,0.0,0.0,1.0,0.8315789473684211,80,155.0,0.0,False,0.0,0.0,0.0,,,68,bicycle,0.2,0.5,region_crc,segformer_b2_cityscapes_mcdrop8,acdc_rain_targetcal25,3,
1.0,1000,True,0.0,0.0,1.0,0.8315789473684211,80,155.0,0.0,False,0.0,0.0,0.0,,,68,bicycle,0.2,0.5,heuristic,segformer_b2_cityscapes_mcdrop8,acdc_rain_targetcal25,3,
,-1,True,,0.7718154761904762,0.0011273158015683293,,475,,,False,,,,,,68,bicycle,0.2,0.5,argmax,segformer_b2_cityscapes_mcdrop8,acdc_rain_targetcal25,3,0.7548387096774194
1.0,1000,False,0.0,0.0,1.0,0.6568421052631579,163,320.0,0.0,False,0.0,0.0,0.0,,,69,person,0.05,0.1,region_crc,segformer_b2_cityscapes_mcdrop8,acdc_rain_targetcal25,7,
0.997,997,True,0.05572597137014315,0.055725971370143144,0.03899222984910011,0.6568421052631579,163,320.0,0.19999999999999996,False,0.055865921787709494,0.025210084033613446,0.0,,,69,person,0.05,0.1,heuristic,segformer_b2_cityscapes_mcdrop8,acdc_rain_targetcal25,7,
,-1,True,,0.6384341970231541,0.0018562631448730826,,475,,,False,,,,,,69,person,0.05,0.1,argmax,segformer_b2_cityscapes_mcdrop8,acdc_rain_targetcal25,7,0.590625
1.0,1000,False,0.0,0.0,1.0,0.6568421052631579,163,320.0,0.0,False,0.0,0.0,0.0,,,69,person,0.1,0.1,region_crc,segformer_b2_cityscapes_mcdrop8,acdc_rain_targetcal25,7,
0.993,993,True,0.08323108384458078,0.08323108384458078,0.02659805305302143,0.6568421052631579,163,320.0,0.20842105263157895,False,0.0893854748603352,0.05042016806722689,0.0,,,69,person,0.1,0.1,heuristic,segformer_b2_cityscapes_mcdrop8,acdc_rain_targetcal25,7,
,-1,True,,0.6384341970231541,0.0018562631448730826,,475,,,False,,,,,,69,person,0.1,0.1,argmax,segformer_b2_cityscapes_mcdrop8,acdc_rain_targetcal25,7,0.590625
0.993,993,True,0.08323108384458078,0.08323108384458078,0.02659805305302143,0.6568421052631579,163,320.0,0.20842105263157895,False,0.0893854748603352,0.05042016806722689,0.0,,,69,person,0.2,0.1,region_crc,segformer_b2_cityscapes_mcdrop8,acdc_rain_targetcal25,7,
0.972,972,True,0.24037356644718605,0.24037356644718605,0.012955219484865665,15.804210526315789,163,320.0,0.16000000000000003,False,0.29608938547486036,0.1092436974789916,0.0,,,69,person,0.2,0.1,heuristic,segformer_b2_cityscapes_mcdrop8,acdc_rain_targetcal25,7,
,-1,True,,0.6384341970231541,0.0018562631448730826,,475,,,False,,,,,,69,person,0.2,0.1,argmax,segformer_b2_cityscapes_mcdrop8,acdc_rain_targetcal25,7,0.590625
1.0,1000,False,0.0,0.0,1.0,0.6568421052631579,163,320.0,0.0,False,0.0,0.0,0.0,,,69,person,0.05,0.5,region_crc,segformer_b2_cityscapes_mcdrop8,acdc_rain_targetcal25,7,
0.999,999,True,0.05368098159509203,0.05368098159509203,0.06087266653776169,0.6568421052631579,163,320.0,0.25052631578947365,False,0.0446927374301676,0.04201680672268908,0.0,,,69,person,0.05,0.5,heuristic,segformer_b2_cityscapes_mcdrop8,acdc_rain_targetcal25,7,
,-1,True,,0.7604860034307886,0.0018562631448730826,,475,,,False,,,,,,69,person,0.05,0.5,argmax,segformer_b2_cityscapes_mcdrop8,acdc_rain_targetcal25,7,0.69375
1.0,1000,False,0.0,0.0,1.0,0.6568421052631579,163,320.0,0.0,False,0.0,0.0,0.0,,,69,person,0.1,0.5,region_crc,segformer_b2_cityscapes_mcdrop8,acdc_rain_targetcal25,7,
0.996,996,True,0.12259713701431493,0.12259713701431493,0.034381601959466934,0.6568421052631579,163,320.0,0.1894736842105263,False,0.11173184357541899,0.10084033613445378,0.0,,,69,person,0.1,0.5,heuristic,segformer_b2_cityscapes_mcdrop8,acdc_rain_targetcal25,7,
,-1,True,,0.7604860034307886,0.0018562631448730826,,475,,,False,,,,,,69,person,0.1,0.5,argmax,segformer_b2_cityscapes_mcdrop8,acdc_rain_targetcal25,7,0.69375
0.996,996,True,0.12259713701431493,0.12259713701431493,0.034381601959466934,0.6568421052631579,163,320.0,0.1894736842105263,False,0.11173184357541899,0.10084033613445378,0.0,,,69,person,0.2,0.5,region_crc,segformer_b2_cityscapes_mcdrop8,acdc_rain_targetcal25,7,
0.996,996,True,0.12259713701431493,0.12259713701431493,0.034381601959466934,0.6568421052631579,163,320.0,0.1894736842105263,False,0.11173184357541899,0.10084033613445378,0.0,,,69,person,0.2,0.5,heuristic,segformer_b2_cityscapes_mcdrop8,acdc_rain_targetcal25,7,
,-1,True,,0.7604860034307886,0.0018562631448730826,,475,,,False,,,,,,69,person,0.2,0.5,argmax,segformer_b2_cityscapes_mcdrop8,acdc_rain_targetcal25,7,0.69375
1.0,1000,False,0.0,0.0,1.0,0.9452631578947368,26,36.0,0.0,False,0.0,0.0,0.0,,,69,rider,0.05,0.1,region_crc,segformer_b2_cityscapes_mcdrop8,acdc_rain_targetcal25,2,
1.0,1000,True,0.0,0.0,1.0,0.9452631578947368,26,36.0,0.0,False,0.0,0.0,0.0,,,69,rider,0.05,0.1,heuristic,segformer_b2_cityscapes_mcdrop8,acdc_rain_targetcal25,2,
,-1,True,,0.7884615384615384,0.0002510822669137269,,475,,,False,,,,,,69,rider,0.05,0.1,argmax,segformer_b2_cityscapes_mcdrop8,acdc_rain_targetcal25,2,0.8055555555555556
1.0,1000,False,0.0,0.0,1.0,0.9452631578947368,26,36.0,0.0,False,0.0,0.0,0.0,,,69,rider,0.1,0.1,region_crc,segformer_b2_cityscapes_mcdrop8,acdc_rain_targetcal25,2,
1.0,1000,True,0.0,0.0,1.0,0.9452631578947368,26,36.0,0.0,False,0.0,0.0,0.0,,,69,rider,0.1,0.1,heuristic,segformer_b2_cityscapes_mcdrop8,acdc_rain_targetcal25,2,
,-1,True,,0.7884615384615384,0.0002510822669137269,,475,,,False,,,,,,69,rider,0.1,0.1,argmax,segformer_b2_cityscapes_mcdrop8,acdc_rain_targetcal25,2,0.8055555555555556
1.0,1000,False,0.0,0.0,1.0,0.9452631578947368,26,36.0,0.0,False,0.0,0.0,0.0,,,69,rider,0.2,0.1,region_crc,segformer_b2_cityscapes_mcdrop8,acdc_rain_targetcal25,2,
1.0,1000,True,0.0,0.0,1.0,0.9452631578947368,26,36.0,0.0,False,0.0,0.0,0.0,,,69,rider,0.2,0.1,heuristic,segformer_b2_cityscapes_mcdrop8,acdc_rain_targetcal25,2,
,-1,True,,0.7884615384615384,0.0002510822669137269,,475,,,False,,,,,,69,rider,0.2,0.1,argmax,segformer_b2_cityscapes_mcdrop8,acdc_rain_targetcal25,2,0.8055555555555556
1.0,1000,False,0.0,0.0,1.0,0.9452631578947368,26,36.0,0.0,False,0.0,0.0,0.0,,,69,rider,0.05,0.5,region_crc,segformer_b2_cityscapes_mcdrop8,acdc_rain_targetcal25,2,
1.0,1000,True,0.0,0.0,1.0,0.9452631578947368,26,36.0,0.0,False,0.0,0.0,0.0,,,69,rider,0.05,0.5,heuristic,segformer_b2_cityscapes_mcdrop8,acdc_rain_targetcal25,2,
,-1,True,,0.8461538461538461,0.0002510822669137269,,475,,,False,,,,,,69,rider,0.05,0.5,argmax,segformer_b2_cityscapes_mcdrop8,acdc_rain_targetcal25,2,0.8611111111111112
1.0,1000,False,0.0,0.0,1.0,0.9452631578947368,26,36.0,0.0,False,0.0,0.0,0.0,,,69,rider,0.1,0.5,region_crc,segformer_b2_cityscapes_mcdrop8,acdc_rain_targetcal25,2,
1.0,1000,True,0.0,0.0,1.0,0.9452631578947368,26,36.0,0.0,False,0.0,0.0,0.0,,,69,rider,0.1,0.5,heuristic,segformer_b2_cityscapes_mcdrop8,acdc_rain_targetcal25,2,
,-1,True,,0.8461538461538461,0.0002510822669137269,,475,,,False,,,,,,69,rider,0.1,0.5,argmax,segformer_b2_cityscapes_mcdrop8,acdc_rain_targetcal25,2,0.8611111111111112
1.0,1000,False,0.0,0.0,1.0,0.9452631578947368,26,36.0,0.0,False,0.0,0.0,0.0,,,69,rider,0.2,0.5,region_crc,segformer_b2_cityscapes_mcdrop8,acdc_rain_targetcal25,2,
1.0,1000,True,0.0,0.0,1.0,0.9452631578947368,26,36.0,0.0,False,0.0,0.0,0.0,,,69,rider,0.2,0.5,heuristic,segformer_b2_cityscapes_mcdrop8,acdc_rain_targetcal25,2,
,-1,True,,0.8461538461538461,0.0002510822669137269,,475,,,False,,,,,,69,rider,0.2,0.5,argmax,segformer_b2_cityscapes_mcdrop8,acdc_rain_targetcal25,2,0.8611111111111112
1.0,1000,False,0.0,0.0,1.0,0.8273684210526315,82,157.0,0.0,False,0.0,0.0,0.0,,,69,bicycle,0.05,0.1,region_crc,segformer_b2_cityscapes_mcdrop8,acdc_rain_targetcal25,1,
0.784,784,True,0.6935249709639953,0.6935249709639953,0.0015899228164926171,0.791578947368421,82,157.0,0.10947368421052628,False,0.8372093023255814,0.5614035087719298,0.0,,,69,bicycle,0.05,0.1,heuristic,segformer_b2_cityscapes_mcdrop8,acdc_rain_targetcal25,1,
,-1,True,,0.746486643437863,0.0011256224242970347,,475,,,False,,,,,,69,bicycle,0.05,0.1,argmax,segformer_b2_cityscapes_mcdrop8,acdc_rain_targetcal25,1,0.7261146496815286
1.0,1000,False,0.0,0.0,1.0,0.8273684210526315,82,157.0,0.0,False,0.0,0.0,0.0,,,69,bicycle,0.1,0.1,region_crc,segformer_b2_cityscapes_mcdrop8,acdc_rain_targetcal25,1,
0.784,784,True,0.6935249709639953,0.6935249709639953,0.0015899228164926171,0.791578947368421,82,157.0,0.10947368421052628,False,0.8372093023255814,0.5614035087719298,0.0,,,69,bicycle,0.1,0.1,heuristic,segformer_b2_cityscapes_mcdrop8,acdc_rain_targetcal25,1,
,-1,True,,0.746486643437863,0.0011256224242970347,,475,,,False,,,,,,69,bicycle,0.1,0.1,argmax,segformer_b2_cityscapes_mcdrop8,acdc_rain_targetcal25,1,0.7261146496815286
1.0,1000,False,0.0,0.0,1.0,0.8273684210526315,82,157.0,0.0,False,0.0,0.0,0.0,,,69,bicycle,0.2,0.1,region_crc,segformer_b2_cityscapes_mcdrop8,acdc_rain_targetcal25,1,
0.784,784,True,0.6935249709639953,0.6935249709639953,0.0015899228164926171,0.791578947368421,82,157.0,0.10947368421052628,False,0.8372093023255814,0.5614035087719298,0.0,,,69,bicycle,0.2,0.1,heuristic,segformer_b2_cityscapes_mcdrop8,acdc_rain_targetcal25,1,
,-1,True,,0.746486643437863,0.0011256224242970347,,475,,,False,,,,,,69,bicycle,0.2,0.1,argmax,segformer_b2_cityscapes_mcdrop8,acdc_rain_targetcal25,1,0.7261146496815286
1.0,1000,False,0.0,0.0,1.0,0.8273684210526315,82,157.0,0.0,False,0.0,0.0,0.0,,,69,bicycle,0.05,0.5,region_crc,segformer_b2_cityscapes_mcdrop8,acdc_rain_targetcal25,1,
0.915,915,True,0.6740127758420441,0.6740127758420441,0.002805266994982958,2.6126315789473686,82,157.0,0.18315789473684208,False,0.7674418604651163,0.5614035087719298,0.0,,,69,bicycle,0.05,0.5,heuristic,segformer_b2_cityscapes_mcdrop8,acdc_rain_targetcal25,1,
,-1,True,,0.7712833914053426,0.0011256224242970347,,475,,,False,,,,,,69,bicycle,0.05,0.5,argmax,segformer_b2_cityscapes_mcdrop8,acdc_rain_targetcal25,1,0.7515923566878981
1.0,1000,False,0.0,0.0,1.0,0.8273684210526315,82,157.0,0.0,False,0.0,0.0,0.0,,,69,bicycle,0.1,0.5,region_crc,segformer_b2_cityscapes_mcdrop8,acdc_rain_targetcal25,1,
0.915,915,True,0.6740127758420441,0.6740127758420441,0.002805266994982958,2.6126315789473686,82,157.0,0.18315789473684208,False,0.7674418604651163,0.5614035087719298,0.0,,,69,bicycle,0.1,0.5,heuristic,segformer_b2_cityscapes_mcdrop8,acdc_rain_targetcal25,1,
,-1,True,,0.7712833914053426,0.0011256224242970347,,475,,,False,,,,,,69,bicycle,0.1,0.5,argmax,segformer_b2_cityscapes_mcdrop8,acdc_rain_targetcal25,1,0.7515923566878981
1.0,1000,False,0.0,0.0,1.0,0.8273684210526315,82,157.0,0.0,False,0.0,0.0,0.0,,,69,bicycle,0.2,0.5,region_crc,segformer_b2_cityscapes_mcdrop8,acdc_rain_targetcal25,1,
0.915,915,True,0.6740127758420441,0.6740127758420441,0.002805266994982958,2.6126315789473686,82,157.0,0.18315789473684208,False,0.7674418604651163,0.5614035087719298,0.0,,,69,bicycle,0.2,0.5,heuristic,segformer_b2_cityscapes_mcdrop8,acdc_rain_targetcal25,1,
,-1,True,,0.7712833914053426,0.0011256224242970347,,475,,,False,,,,,,69,bicycle,0.2,0.5,argmax,segformer_b2_cityscapes_mcdrop8,acdc_rain_targetcal25,1,0.7515923566878981
1.0,1000,False,0.0,0.0,1.0,0.6568421052631579,163,324.0,0.0,False,0.0,0.0,0.0,,,70,person,0.05,0.1,region_crc,segformer_b2_cityscapes_mcdrop8,acdc_rain_targetcal25,7,
0.993,993,True,0.08629856850715746,0.08629856850715746,0.026517832651734352,0.6568421052631579,163,324.0,0.09894736842105267,False,0.09239130434782608,0.05042016806722689,0.0,,,70,person,0.05,0.1,heuristic,segformer_b2_cityscapes_mcdrop8,acdc_rain_targetcal25,7,
,-1,True,,0.6286182461029087,0.001824824488721788,,475,,,False,,,,,,70,person,0.05,0.1,argmax,segformer_b2_cityscapes_mcdrop8,acdc_rain_targetcal25,7,0.5833333333333334
1.0,1000,False,0.0,0.0,1.0,0.6568421052631579,163,324.0,0.0,False,0.0,0.0,0.0,,,70,person,0.1,0.1,region_crc,segformer_b2_cityscapes_mcdrop8,acdc_rain_targetcal25,7,
0.977,977,True,0.2190472445073672,0.2190472445073672,0.014400647021830082,15.930526315789473,163,324.0,0.10947368421052633,False,0.2608695652173913,0.09243697478991597,0.0,,,70,person,0.1,0.1,heuristic,segformer_b2_cityscapes_mcdrop8,acdc_rain_targetcal25,7,
,-1,True,,0.6286182461029087,0.001824824488721788,,475,,,False,,,,,,70,person,0.1,0.1,argmax,segformer_b2_cityscapes_mcdrop8,acdc_rain_targetcal25,7,0.5833333333333334
0.977,977,True,0.2190472445073672,0.2190472445073672,0.014400647021830082,15.930526315789473,163,324.0,0.10947368421052633,False,0.2608695652173913,0.09243697478991597,0.0,,,70,person,0.2,0.1,region_crc,segformer_b2_cityscapes_mcdrop8,acdc_rain_targetcal25,7,
0.977,977,True,0.2190472445073672,0.2190472445073672,0.014400647021830082,15.930526315789473,163,324.0,0.10947368421052633,False,0.2608695652173913,0.09243697478991597,0.0,,,70,person,0.2,0.1,heuristic,segformer_b2_cityscapes_mcdrop8,acdc_rain_targetcal25,7,
,-1,True,,0.6286182461029087,0.001824824488721788,,475,,,False,,,,,,70,person,0.2,0.1,argmax,segformer_b2_cityscapes_mcdrop8,acdc_rain_targetcal25,7,0.5833333333333334
1.0,1000,False,0.0,0.0,1.0,0.6568421052631579,163,324.0,0.0,False,0.0,0.0,0.0,,,70,person,0.05,0.5,region_crc,segformer_b2_cityscapes_mcdrop8,acdc_rain_targetcal25,7,
0.998,998,True,0.08098159509202453,0.08098159509202453,0.046185046434402466,0.6568421052631579,163,324.0,0.06736842105263163,False,0.07608695652173914,0.05042016806722689,0.0,,,70,person,0.05,0.5,heuristic,segformer_b2_cityscapes_mcdrop8,acdc_rain_targetcal25,7,
,-1,True,,0.7561915249031814,0.001824824488721788,,475,,,False,,,,,,70,person,0.05,0.5,argmax,segformer_b2_cityscapes_mcdrop8,acdc_rain_targetcal25,7,0.6944444444444444
1.0,1000,False,0.0,0.0,1.0,0.6568421052631579,163,324.0,0.0,False,0.0,0.0,0.0,,,70,person,0.1,0.5,region_crc,segformer_b2_cityscapes_mcdrop8,acdc_rain_targetcal25,7,
0.986,986,True,0.2652246866970793,0.2652246866970793,0.018808476626873016,15.930526315789473,163,324.0,0.11157894736842106,False,0.30434782608695654,0.13445378151260504,0.0,,,70,person,0.1,0.5,heuristic,segformer_b2_cityscapes_mcdrop8,acdc_rain_targetcal25,7,
,-1,True,,0.7561915249031814,0.001824824488721788,,475,,,False,,,,,,70,person,0.1,0.5,argmax,segformer_b2_cityscapes_mcdrop8,acdc_rain_targetcal25,7,0.6944444444444444
0.986,986,True,0.2652246866970793,0.2652246866970793,0.018808476626873016,15.930526315789473,163,324.0,0.11157894736842106,False,0.30434782608695654,0.13445378151260504,0.0,,,70,person,0.2,0.5,region_crc,segformer_b2_cityscapes_mcdrop8,acdc_rain_targetcal25,7,
0.986,986,True,0.2652246866970793,0.2652246866970793,0.018808476626873016,15.930526315789473,163,324.0,0.11157894736842106,False,0.30434782608695654,0.13445378151260504,0.0,,,70,person,0.2,0.5,heuristic,segformer_b2_cityscapes_mcdrop8,acdc_rain_targetcal25,7,
,-1,True,,0.7561915249031814,0.001824824488721788,,475,,,False,,,,,,70,person,0.2,0.5,argmax,segformer_b2_cityscapes_mcdrop8,acdc_rain_targetcal25,7,0.6944444444444444
1.0,1000,False,0.0,0.0,1.0,0.9452631578947368,26,36.0,0.0,False,0.0,0.0,0.0,,,70,rider,0.05,0.1,region_crc,segformer_b2_cityscapes_mcdrop8,acdc_rain_targetcal25,2,
1.0,1000,True,0.0,0.0,1.0,0.9452631578947368,26,36.0,0.0,False,0.0,0.0,0.0,,,70,rider,0.05,0.1,heuristic,segformer_b2_cityscapes_mcdrop8,acdc_rain_targetcal25,2,
,-1,True,,0.7884615384615384,0.00023225411132443696,,475,,,False,,,,,,70,rider,0.05,0.1,argmax,segformer_b2_cityscapes_mcdrop8,acdc_rain_targetcal25,2,0.8055555555555556
1.0,1000,False,0.0,0.0,1.0,0.9452631578947368,26,36.0,0.0,False,0.0,0.0,0.0,,,70,rider,0.1,0.1,region_crc,segformer_b2_cityscapes_mcdrop8,acdc_rain_targetcal25,2,
1.0,1000,True,0.0,0.0,1.0,0.9452631578947368,26,36.0,0.0,False,0.0,0.0,0.0,,,70,rider,0.1,0.1,heuristic,segformer_b2_cityscapes_mcdrop8,acdc_rain_targetcal25,2,
,-1,True,,0.7884615384615384,0.00023225411132443696,,475,,,False,,,,,,70,rider,0.1,0.1,argmax,segformer_b2_cityscapes_mcdrop8,acdc_rain_targetcal25,2,0.8055555555555556
1.0,1000,False,0.0,0.0,1.0,0.9452631578947368,26,36.0,0.0,False,0.0,0.0,0.0,,,70,rider,0.2,0.1,region_crc,segformer_b2_cityscapes_mcdrop8,acdc_rain_targetcal25,2,
1.0,1000,True,0.0,0.0,1.0,0.9452631578947368,26,36.0,0.0,False,0.0,0.0,0.0,,,70,rider,0.2,0.1,heuristic,segformer_b2_cityscapes_mcdrop8,acdc_rain_targetcal25,2,
,-1,True,,0.7884615384615384,0.00023225411132443696,,475,,,False,,,,,,70,rider,0.2,0.1,argmax,segformer_b2_cityscapes_mcdrop8,acdc_rain_targetcal25,2,0.8055555555555556
1.0,1000,False,0.0,0.0,1.0,0.9452631578947368,26,36.0,0.0,False,0.0,0.0,0.0,,,70,rider,0.05,0.5,region_crc,segformer_b2_cityscapes_mcdrop8,acdc_rain_targetcal25,2,
1.0,1000,True,0.0,0.0,1.0,0.9452631578947368,26,36.0,0.0,False,0.0,0.0,0.0,,,70,rider,0.05,0.5,heuristic,segformer_b2_cityscapes_mcdrop8,acdc_rain_targetcal25,2,
,-1,True,,0.8461538461538461,0.00023225411132443696,,475,,,False,,,,,,70,rider,0.05,0.5,argmax,segformer_b2_cityscapes_mcdrop8,acdc_rain_targetcal25,2,0.8611111111111112
1.0,1000,False,0.0,0.0,1.0,0.9452631578947368,26,36.0,0.0,False,0.0,0.0,0.0,,,70,rider,0.1,0.5,region_crc,segformer_b2_cityscapes_mcdrop8,acdc_rain_targetcal25,2,
1.0,1000,True,0.0,0.0,1.0,0.9452631578947368,26,36.0,0.0,False,0.0,0.0,0.0,,,70,rider,0.1,0.5,heuristic,segformer_b2_cityscapes_mcdrop8,acdc_rain_targetcal25,2,
,-1,True,,0.8461538461538461,0.00023225411132443696,,475,,,False,,,,,,70,rider,0.1,0.5,argmax,segformer_b2_cityscapes_mcdrop8,acdc_rain_targetcal25,2,0.8611111111111112
1.0,1000,False,0.0,0.0,1.0,0.9452631578947368,26,36.0,0.0,False,0.0,0.0,0.0,,,70,rider,0.2,0.5,region_crc,segformer_b2_cityscapes_mcdrop8,acdc_rain_targetcal25,2,
1.0,1000,True,0.0,0.0,1.0,0.9452631578947368,26,36.0,0.0,False,0.0,0.0,0.0,,,70,rider,0.2,0.5,heuristic,segformer_b2_cityscapes_mcdrop8,acdc_rain_targetcal25,2,
,-1,True,,0.8461538461538461,0.00023225411132443696,,475,,,False,,,,,,70,rider,0.2,0.5,argmax,segformer_b2_cityscapes_mcdrop8,acdc_rain_targetcal25,2,0.8611111111111112
1.0,1000,False,0.0,0.0,1.0,0.8378947368421052,77,147.0,0.0,False,0.0,0.0,0.0,,,70,bicycle,0.05,0.1,region_crc,segformer_b2_cityscapes_mcdrop8,acdc_rain_targetcal25,6,
1.0,1000,True,0.0,0.0,1.0,0.8378947368421052,77,147.0,0.0,False,0.0,0.0,0.0,,,70,bicycle,0.05,0.1,heuristic,segformer_b2_cityscapes_mcdrop8,acdc_rain_targetcal25,6,
,-1,True,,0.753834260977118,0.0011011268943548203,,475,,,False,,,,,,70,bicycle,0.05,0.1,argmax,segformer_b2_cityscapes_mcdrop8,acdc_rain_targetcal25,6,0.7278911564625851
1.0,1000,False,0.0,0.0,1.0,0.8378947368421052,77,147.0,0.0,False,0.0,0.0,0.0,,,70,bicycle,0.1,0.1,region_crc,segformer_b2_cityscapes_mcdrop8,acdc_rain_targetcal25,6,
1.0,1000,True,0.0,0.0,1.0,0.8378947368421052,77,147.0,0.0,False,0.0,0.0,0.0,,,70,bicycle,0.1,0.1,heuristic,segformer_b2_cityscapes_mcdrop8,acdc_rain_targetcal25,6,
,-1,True,,0.753834260977118,0.0011011268943548203,,475,,,False,,,,,,70,bicycle,0.1,0.1,argmax,segformer_b2_cityscapes_mcdrop8,acdc_rain_targetcal25,6,0.7278911564625851
1.0,1000,True,0.0,0.0,1.0,0.8378947368421052,77,147.0,0.0,False,0.0,0.0,0.0,,,70,bicycle,0.2,0.1,region_crc,segformer_b2_cityscapes_mcdrop8,acdc_rain_targetcal25,6,
0.994,994,True,0.34158936301793447,0.3415893630179344,0.011918807402253151,0.8378947368421052,77,147.0,0.10947368421052633,False,0.5061728395061729,0.1320754716981132,0.0,,,70,bicycle,0.2,0.1,heuristic,segformer_b2_cityscapes_mcdrop8,acdc_rain_targetcal25,6,
,-1,True,,0.753834260977118,0.0011011268943548203,,475,,,False,,,,,,70,bicycle,0.2,0.1,argmax,segformer_b2_cityscapes_mcdrop8,acdc_rain_targetcal25,6,0.7278911564625851
1.0,1000,False,0.0,0.0,1.0,0.8378947368421052,77,147.0,0.0,False,0.0,0.0,0.0,,,70,bicycle,0.05,0.5,region_crc,segformer_b2_cityscapes_mcdrop8,acdc_rain_targetcal25,6,
1.0,1000,True,0.0,0.0,1.0,0.8378947368421052,77,147.0,0.0,False,0.0,0.0,0.0,,,70,bicycle,0.05,0.5,heuristic,segformer_b2_cityscapes_mcdrop8,acdc_rain_targetcal25,6,
,-1,True,,0.7759121830550402,0.0011011268943548203,,475,,,False,,,,,,70,bicycle,0.05,0.5,argmax,segformer_b2_cityscapes_mcdrop8,acdc_rain_targetcal25,6,0.7482993197278912
1.0,1000,False,0.0,0.0,1.0,0.8378947368421052,77,147.0,0.0,False,0.0,0.0,0.0,,,70,bicycle,0.1,0.5,region_crc,segformer_b2_cityscapes_mcdrop8,acdc_rain_targetcal25,6,
1.0,1000,True,0.0,0.0,1.0,0.8378947368421052,77,147.0,0.0,False,0.0,0.0,0.0,,,70,bicycle,0.1,0.5,heuristic,segformer_b2_cityscapes_mcdrop8,acdc_rain_targetcal25,6,
,-1,True,,0.7759121830550402,0.0011011268943548203,,475,,,False,,,,,,70,bicycle,0.1,0.5,argmax,segformer_b2_cityscapes_mcdrop8,acdc_rain_targetcal25,6,0.7482993197278912
1.0,1000,True,0.0,0.0,1.0,0.8378947368421052,77,147.0,0.0,False,0.0,0.0,0.0,,,70,bicycle,0.2,0.5,region_crc,segformer_b2_cityscapes_mcdrop8,acdc_rain_targetcal25,6,
0.999,999,True,0.22479901051329623,0.22479901051329623,0.028404854238033295,0.8378947368421052,77,147.0,0.14526315789473687,False,0.2962962962962963,0.11320754716981132,0.0,,,70,bicycle,0.2,0.5,heuristic,segformer_b2_cityscapes_mcdrop8,acdc_rain_targetcal25,6,
,-1,True,,0.7759121830550402,0.0011011268943548203,,475,,,False,,,,,,70,bicycle,0.2,0.5,argmax,segformer_b2_cityscapes_mcdrop8,acdc_rain_targetcal25,6,0.7482993197278912
1.0,1000,False,0.0,0.0,1.0,0.6610526315789473,161,311.0,0.0,False,0.0,0.0,0.0,,,71,person,0.05,0.1,region_crc,segformer_b2_cityscapes_mcdrop8,acdc_rain_targetcal25,9,
0.988,988,True,0.14396135265700483,0.14396135265700483,0.01994219794869423,0.6610526315789473,161,311.0,0.20210526315789468,False,0.16022099447513813,0.06422018348623854,0.0,,,71,person,0.05,0.1,heuristic,segformer_b2_cityscapes_mcdrop8,acdc_rain_targetcal25,9,
,-1,True,,0.6463650566135037,0.0017353333532810211,,475,,,False,,,,,,71,person,0.05,0.1,argmax,segformer_b2_cityscapes_mcdrop8,acdc_rain_targetcal25,9,0.6045016077170418
1.0,1000,True,0.0,0.0,1.0,0.6610526315789473,161,311.0,0.0,False,0.0,0.0,0.0,,,71,person,0.1,0.1,region_crc,segformer_b2_cityscapes_mcdrop8,acdc_rain_targetcal25,9,
0.961,961,True,0.2970464663011247,0.2970464663011247,0.010327349416911602,10.618947368421052,161,311.0,0.21684210526315795,False,0.34806629834254144,0.13761467889908258,0.0,,,71,person,0.1,0.1,heuristic,segformer_b2_cityscapes_mcdrop8,acdc_rain_targetcal25,9,
,-1,True,,0.6463650566135037,0.0017353333532810211,,475,,,False,,,,,,71,person,0.1,0.1,argmax,segformer_b2_cityscapes_mcdrop8,acdc_rain_targetcal25,9,0.6045016077170418
0.961,961,True,0.2970464663011247,0.2970464663011247,0.010327349416911602,10.618947368421052,161,311.0,0.21684210526315795,False,0.34806629834254144,0.13761467889908258,0.0,,,71,person,0.2,0.1,region_crc,segformer_b2_cityscapes_mcdrop8,acdc_rain_targetcal25,9,
0.9550000000000001,955,True,0.3068808348311453,0.30688083483114537,0.00944601371884346,10.618947368421052,161,311.0,0.22736842105263155,False,0.35911602209944754,0.1559633027522936,0.0,,,71,person,0.2,0.1,heuristic,segformer_b2_cityscapes_mcdrop8,acdc_rain_targetcal25,9,
,-1,True,,0.6463650566135037,0.0017353333532810211,,475,,,False,,,,,,71,person,0.2,0.1,argmax,segformer_b2_cityscapes_mcdrop8,acdc_rain_targetcal25,9,0.6045016077170418
1.0,1000,False,0.0,0.0,1.0,0.6610526315789473,161,311.0,0.0,False,0.0,0.0,0.0,,,71,person,0.05,0.5,region_crc,segformer_b2_cityscapes_mcdrop8,acdc_rain_targetcal25,9,
0.998,998,True,0.08043478260869565,0.08043478260869565,0.04557689651846886,0.6610526315789473,161,311.0,0.1726315789473684,False,0.0718232044198895,0.05504587155963303,0.0,,,71,person,0.05,0.5,heuristic,segformer_b2_cityscapes_mcdrop8,acdc_rain_targetcal25,9,
,-1,True,,0.7694154361856226,0.0017353333532810211,,475,,,False,,,,,,71,person,0.05,0.5,argmax,segformer_b2_cityscapes_mcdrop8,acdc_rain_targetcal25,9,0.707395498392283
1.0,1000,True,0.0,0.0,1.0,0.6610526315789473,161,311.0,0.0,False,0.0,0.0,0.0,,,71,person,0.1,0.5,region_crc,segformer_b2_cityscapes_mcdrop8,acdc_rain_targetcal25,9,
0.98,980,True,0.3277918079160315,0.3277918079160315,0.015221514739096165,15.690526315789473,161,311.0,0.21684210526315784,False,0.3701657458563536,0.1834862385321101,0.047619047619047616,,,71,person,0.1,0.5,heuristic,segformer_b2_cityscapes_mcdrop8,acdc_rain_targetcal25,9,
,-1,True,,0.7694154361856226,0.0017353333532810211,,475,,,False,,,,,,71,person,0.1,0.5,argmax,segformer_b2_cityscapes_mcdrop8,acdc_rain_targetcal25,9,0.707395498392283
0.979,979,True,0.3342100273777292,0.3342100273777292,0.014813050627708435,15.690526315789473,161,311.0,0.21684210526315784,False,0.3812154696132597,0.1926605504587156,0.047619047619047616,,,71,person,0.2,0.5,region_crc,segformer_b2_cityscapes_mcdrop8,acdc_rain_targetcal25,9,
0.977,977,True,0.34663238762617643,0.34663238762617643,0.01407874096184969,15.690526315789473,161,311.0,0.22105263157894728,False,0.3867403314917127,0.2018348623853211,0.09523809523809523,,,71,person,0.2,0.5,heuristic,segformer_b2_cityscapes_mcdrop8,acdc_rain_targetcal25,9,
,-1,True,,0.7694154361856226,0.0017353333532810211,,475,,,False,,,,,,71,person,0.2,0.5,argmax,segformer_b2_cityscapes_mcdrop8,acdc_rain_targetcal25,9,0.707395498392283
1.0,1000,False,0.0,0.0,1.0,0.9431578947368421,27,37.0,0.0,False,0.0,0.0,0.0,,,71,rider,0.05,0.1,region_crc,segformer_b2_cityscapes_mcdrop8,acdc_rain_targetcal25,1,
1.0,1000,True,0.0,0.0,1.0,0.9431578947368421,27,37.0,0.0,False,0.0,0.0,0.0,,,71,rider,0.05,0.1,heuristic,segformer_b2_cityscapes_mcdrop8,acdc_rain_targetcal25,1,
,-1,True,,0.7962962962962963,0.00020587231847457588,,475,,,False,,,,,,71,rider,0.05,0.1,argmax,segformer_b2_cityscapes_mcdrop8,acdc_rain_targetcal25,1,0.8108108108108109
1.0,1000,False,0.0,0.0,1.0,0.9431578947368421,27,37.0,0.0,False,0.0,0.0,0.0,,,71,rider,0.1,0.1,region_crc,segformer_b2_cityscapes_mcdrop8,acdc_rain_targetcal25,1,
1.0,1000,True,0.0,0.0,1.0,0.9431578947368421,27,37.0,0.0,False,0.0,0.0,0.0,,,71,rider,0.1,0.1,heuristic,segformer_b2_cityscapes_mcdrop8,acdc_rain_targetcal25,1,
,-1,True,,0.7962962962962963,0.00020587231847457588,,475,,,False,,,,,,71,rider,0.1,0.1,argmax,segformer_b2_cityscapes_mcdrop8,acdc_rain_targetcal25,1,0.8108108108108109
1.0,1000,False,0.0,0.0,1.0,0.9431578947368421,27,37.0,0.0,False,0.0,0.0,0.0,,,71,rider,0.2,0.1,region_crc,segformer_b2_cityscapes_mcdrop8,acdc_rain_targetcal25,1,
1.0,1000,True,0.0,0.0,1.0,0.9431578947368421,27,37.0,0.0,False,0.0,0.0,0.0,,,71,rider,0.2,0.1,heuristic,segformer_b2_cityscapes_mcdrop8,acdc_rain_targetcal25,1,
,-1,True,,0.7962962962962963,0.00020587231847457588,,475,,,False,,,,,,71,rider,0.2,0.1,argmax,segformer_b2_cityscapes_mcdrop8,acdc_rain_targetcal25,1,0.8108108108108109
1.0,1000,False,0.0,0.0,1.0,0.9431578947368421,27,37.0,0.0,False,0.0,0.0,0.0,,,71,rider,0.05,0.5,region_crc,segformer_b2_cityscapes_mcdrop8,acdc_rain_targetcal25,1,
1.0,1000,True,0.0,0.0,1.0,0.9431578947368421,27,37.0,0.0,False,0.0,0.0,0.0,,,71,rider,0.05,0.5,heuristic,segformer_b2_cityscapes_mcdrop8,acdc_rain_targetcal25,1,
,-1,True,,0.8518518518518519,0.00020587231847457588,,475,,,False,,,,,,71,rider,0.05,0.5,argmax,segformer_b2_cityscapes_mcdrop8,acdc_rain_targetcal25,1,0.8648648648648649
1.0,1000,False,0.0,0.0,1.0,0.9431578947368421,27,37.0,0.0,False,0.0,0.0,0.0,,,71,rider,0.1,0.5,region_crc,segformer_b2_cityscapes_mcdrop8,acdc_rain_targetcal25,1,
1.0,1000,True,0.0,0.0,1.0,0.9431578947368421,27,37.0,0.0,False,0.0,0.0,0.0,,,71,rider,0.1,0.5,heuristic,segformer_b2_cityscapes_mcdrop8,acdc_rain_targetcal25,1,
,-1,True,,0.8518518518518519,0.00020587231847457588,,475,,,False,,,,,,71,rider,0.1,0.5,argmax,segformer_b2_cityscapes_mcdrop8,acdc_rain_targetcal25,1,0.8648648648648649
1.0,1000,False,0.0,0.0,1.0,0.9431578947368421,27,37.0,0.0,False,0.0,0.0,0.0,,,71,rider,0.2,0.5,region_crc,segformer_b2_cityscapes_mcdrop8,acdc_rain_targetcal25,1,
1.0,1000,True,0.0,0.0,1.0,0.9431578947368421,27,37.0,0.0,False,0.0,0.0,0.0,,,71,rider,0.2,0.5,heuristic,segformer_b2_cityscapes_mcdrop8,acdc_rain_targetcal25,1,
,-1,True,,0.8518518518518519,0.00020587231847457588,,475,,,False,,,,,,71,rider,0.2,0.5,argmax,segformer_b2_cityscapes_mcdrop8,acdc_rain_targetcal25,1,0.8648648648648649
1.0,1000,False,0.0,0.0,1.0,0.8315789473684211,80,153.0,0.0,False,0.0,0.0,0.0,,,71,bicycle,0.05,0.1,region_crc,segformer_b2_cityscapes_mcdrop8,acdc_rain_targetcal25,3,
0.982,982,True,0.41744047619047614,0.41744047619047625,0.00658125476911664,6.132631578947368,80,153.0,0.10947368421052628,False,0.5903614457831325,0.19642857142857142,0.0,,,71,bicycle,0.05,0.1,heuristic,segformer_b2_cityscapes_mcdrop8,acdc_rain_targetcal25,3,
,-1,True,,0.7401488095238096,0.0010979551589116454,,475,,,False,,,,,,71,bicycle,0.05,0.1,argmax,segformer_b2_cityscapes_mcdrop8,acdc_rain_targetcal25,3,0.7189542483660131
1.0,1000,False,0.0,0.0,1.0,0.8315789473684211,80,153.0,0.0,False,0.0,0.0,0.0,,,71,bicycle,0.1,0.1,region_crc,segformer_b2_cityscapes_mcdrop8,acdc_rain_targetcal25,3,
0.982,982,True,0.41744047619047614,0.41744047619047625,0.00658125476911664,6.132631578947368,80,153.0,0.10947368421052628,False,0.5903614457831325,0.19642857142857142,0.0,,,71,bicycle,0.1,0.1,heuristic,segformer_b2_cityscapes_mcdrop8,acdc_rain_targetcal25,3,
,-1,True,,0.7401488095238096,0.0010979551589116454,,475,,,False,,,,,,71,bicycle,0.1,0.1,argmax,segformer_b2_cityscapes_mcdrop8,acdc_rain_targetcal25,3,0.7189542483660131
1.0,1000,False,0.0,0.0,1.0,0.8315789473684211,80,153.0,0.0,False,0.0,0.0,0.0,,,71,bicycle,0.2,0.1,region_crc,segformer_b2_cityscapes_mcdrop8,acdc_rain_targetcal25,3,
0.982,982,True,0.41744047619047614,0.41744047619047625,0.00658125476911664,6.132631578947368,80,153.0,0.10947368421052628,False,0.5903614457831325,0.19642857142857142,0.0,,,71,bicycle,0.2,0.1,heuristic,segformer_b2_cityscapes_mcdrop8,acdc_rain_targetcal25,3,
,-1,True,,0.7401488095238096,0.0010979551589116454,,475,,,False,,,,,,71,bicycle,0.2,0.1,argmax,segformer_b2_cityscapes_mcdrop8,acdc_rain_targetcal25,3,0.7189542483660131
1.0,1000,False,0.0,0.0,1.0,0.8315789473684211,80,153.0,0.0,False,0.0,0.0,0.0,,,71,bicycle,0.05,0.5,region_crc,segformer_b2_cityscapes_mcdrop8,acdc_rain_targetcal25,3,
0.995,995,True,0.37369047619047613,0.3736904761904762,0.012922226451337337,0.8315789473684211,80,153.0,0.12421052631578944,False,0.5421686746987951,0.19642857142857142,0.0,,,71,bicycle,0.05,0.5,heuristic,segformer_b2_cityscapes_mcdrop8,acdc_rain_targetcal25,3,
,-1,True,,0.7655654761904762,0.0010979551589116454,,475,,,False,,,,,,71,bicycle,0.05,0.5,argmax,segformer_b2_cityscapes_mcdrop8,acdc_rain_targetcal25,3,0.7450980392156863
1.0,1000,False,0.0,0.0,1.0,0.8315789473684211,80,153.0,0.0,False,0.0,0.0,0.0,,,71,bicycle,0.1,0.5,region_crc,segformer_b2_cityscapes_mcdrop8,acdc_rain_targetcal25,3,
0.995,995,True,0.37369047619047613,0.3736904761904762,0.012922226451337337,0.8315789473684211,80,153.0,0.12421052631578944,False,0.5421686746987951,0.19642857142857142,0.0,,,71,bicycle,0.1,0.5,heuristic,segformer_b2_cityscapes_mcdrop8,acdc_rain_targetcal25,3,
,-1,True,,0.7655654761904762,0.0010979551589116454,,475,,,False,,,,,,71,bicycle,0.1,0.5,argmax,segformer_b2_cityscapes_mcdrop8,acdc_rain_targetcal25,3,0.7450980392156863
1.0,1000,False,0.0,0.0,1.0,0.8315789473684211,80,153.0,0.0,False,0.0,0.0,0.0,,,71,bicycle,0.2,0.5,region_crc,segformer_b2_cityscapes_mcdrop8,acdc_rain_targetcal25,3,
0.995,995,True,0.37369047619047613,0.3736904761904762,0.012922226451337337,0.8315789473684211,80,153.0,0.12421052631578944,False,0.5421686746987951,0.19642857142857142,0.0,,,71,bicycle,0.2,0.5,heuristic,segformer_b2_cityscapes_mcdrop8,acdc_rain_targetcal25,3,
,-1,True,,0.7655654761904762,0.0010979551589116454,,475,,,False,,,,,,71,bicycle,0.2,0.5,argmax,segformer_b2_cityscapes_mcdrop8,acdc_rain_targetcal25,3,0.7450980392156863
1.0,1000,False,0.0,0.0,1.0,0.6568421052631579,163,322.0,0.0,False,0.0,0.0,0.0,,,72,person,0.05,0.1,region_crc,segformer_b2_cityscapes_mcdrop8,acdc_rain_targetcal25,7,
1.0,1000,True,0.0,0.0,1.0,0.6568421052631579,163,322.0,0.0,False,0.0,0.0,0.0,,,72,person,0.05,0.1,heuristic,segformer_b2_cityscapes_mcdrop8,acdc_rain_targetcal25,7,
,-1,True,,0.6500906387409455,0.0017419559881091118,,475,,,False,,,,,,72,person,0.05,0.1,argmax,segformer_b2_cityscapes_mcdrop8,acdc_rain_targetcal25,7,0.6055900621118012
1.0,1000,False,0.0,0.0,1.0,0.6568421052631579,163,322.0,0.0,False,0.0,0.0,0.0,,,72,person,0.1,0.1,region_crc,segformer_b2_cityscapes_mcdrop8,acdc_rain_targetcal25,7,
1.0,1000,True,0.0,0.0,1.0,0.6568421052631579,163,322.0,0.0,False,0.0,0.0,0.0,,,72,person,0.1,0.1,heuristic,segformer_b2_cityscapes_mcdrop8,acdc_rain_targetcal25,7,
,-1,True,,0.6500906387409455,0.0017419559881091118,,475,,,False,,,,,,72,person,0.1,0.1,argmax,segformer_b2_cityscapes_mcdrop8,acdc_rain_targetcal25,7,0.6055900621118012
1.0,1000,True,0.0,0.0,1.0,0.6568421052631579,163,322.0,0.0,False,0.0,0.0,0.0,,,72,person,0.2,0.1,region_crc,segformer_b2_cityscapes_mcdrop8,acdc_rain_targetcal25,7,
0.993,993,True,0.0801635991820041,0.0801635991820041,0.026522060856223106,0.6568421052631579,163,322.0,0.1473684210526316,False,0.08602150537634409,0.05217391304347826,0.0,,,72,person,0.2,0.1,heuristic,segformer_b2_cityscapes_mcdrop8,acdc_rain_targetcal25,7,
,-1,True,,0.6500906387409455,0.0017419559881091118,,475,,,False,,,,,,72,person,0.2,0.1,argmax,segformer_b2_cityscapes_mcdrop8,acdc_rain_targetcal25,7,0.6055900621118012
1.0,1000,False,0.0,0.0,1.0,0.6568421052631579,163,322.0,0.0,False,0.0,0.0,0.0,,,72,person,0.05,0.5,region_crc,segformer_b2_cityscapes_mcdrop8,acdc_rain_targetcal25,7,
1.0,1000,True,0.0,0.0,1.0,0.6568421052631579,163,322.0,0.0,False,0.0,0.0,0.0,,,72,person,0.05,0.5,heuristic,segformer_b2_cityscapes_mcdrop8,acdc_rain_targetcal25,7,
,-1,True,,0.7733694390136109,0.0017419559881091118,,475,,,False,,,,,,72,person,0.05,0.5,argmax,segformer_b2_cityscapes_mcdrop8,acdc_rain_targetcal25,7,0.7111801242236024
1.0,1000,False,0.0,0.0,1.0,0.6568421052631579,163,322.0,0.0,False,0.0,0.0,0.0,,,72,person,0.1,0.5,region_crc,segformer_b2_cityscapes_mcdrop8,acdc_rain_targetcal25,7,
1.0,1000,True,0.0,0.0,1.0,0.6568421052631579,163,322.0,0.0,False,0.0,0.0,0.0,,,72,person,0.1,0.5,heuristic,segformer_b2_cityscapes_mcdrop8,acdc_rain_targetcal25,7,
,-1,True,,0.7733694390136109,0.0017419559881091118,,475,,,False,,,,,,72,person,0.1,0.5,argmax,segformer_b2_cityscapes_mcdrop8,acdc_rain_targetcal25,7,0.7111801242236024
1.0,1000,True,0.0,0.0,1.0,0.6568421052631579,163,322.0,0.0,False,0.0,0.0,0.0,,,72,person,0.2,0.5,region_crc,segformer_b2_cityscapes_mcdrop8,acdc_rain_targetcal25,7,
0.996,996,True,0.11952965235173825,0.11952965235173825,0.034329045563936234,0.6568421052631579,163,322.0,0.13473684210526315,False,0.10752688172043011,0.10434782608695652,0.0,,,72,person,0.2,0.5,heuristic,segformer_b2_cityscapes_mcdrop8,acdc_rain_targetcal25,7,
,-1,True,,0.7733694390136109,0.0017419559881091118,,475,,,False,,,,,,72,person,0.2,0.5,argmax,segformer_b2_cityscapes_mcdrop8,acdc_rain_targetcal25,7,0.7111801242236024
,-1,False,,,,,475,,,False,,,,,,72,rider,0.05,0.1,region_crc,segformer_b2_cityscapes_mcdrop8,acdc_rain_targetcal25,0,
,-1,False,,,,,475,,,False,,,,,,72,rider,0.05,0.1,heuristic,segformer_b2_cityscapes_mcdrop8,acdc_rain_targetcal25,0,
,-1,True,,0.8035714285714286,0.00021426455350592732,,475,,,False,,,,,,72,rider,0.05,0.1,argmax,segformer_b2_cityscapes_mcdrop8,acdc_rain_targetcal25,0,0.8157894736842105
,-1,False,,,,,475,,,False,,,,,,72,rider,0.1,0.1,region_crc,segformer_b2_cityscapes_mcdrop8,acdc_rain_targetcal25,0,
,-1,False,,,,,475,,,False,,,,,,72,rider,0.1,0.1,heuristic,segformer_b2_cityscapes_mcdrop8,acdc_rain_targetcal25,0,
,-1,True,,0.8035714285714286,0.00021426455350592732,,475,,,False,,,,,,72,rider,0.1,0.1,argmax,segformer_b2_cityscapes_mcdrop8,acdc_rain_targetcal25,0,0.8157894736842105
,-1,False,,,,,475,,,False,,,,,,72,rider,0.2,0.1,region_crc,segformer_b2_cityscapes_mcdrop8,acdc_rain_targetcal25,0,
,-1,False,,,,,475,,,False,,,,,,72,rider,0.2,0.1,heuristic,segformer_b2_cityscapes_mcdrop8,acdc_rain_targetcal25,0,
,-1,True,,0.8035714285714286,0.00021426455350592732,,475,,,False,,,,,,72,rider,0.2,0.1,argmax,segformer_b2_cityscapes_mcdrop8,acdc_rain_targetcal25,0,0.8157894736842105
,-1,False,,,,,475,,,False,,,,,,72,rider,0.05,0.5,region_crc,segformer_b2_cityscapes_mcdrop8,acdc_rain_targetcal25,0,
,-1,False,,,,,475,,,False,,,,,,72,rider,0.05,0.5,heuristic,segformer_b2_cityscapes_mcdrop8,acdc_rain_targetcal25,0,
,-1,True,,0.8571428571428571,0.00021426455350592732,,475,,,False,,,,,,72,rider,0.05,0.5,argmax,segformer_b2_cityscapes_mcdrop8,acdc_rain_targetcal25,0,0.868421052631579
,-1,False,,,,,475,,,False,,,,,,72,rider,0.1,0.5,region_crc,segformer_b2_cityscapes_mcdrop8,acdc_rain_targetcal25,0,
,-1,False,,,,,475,,,False,,,,,,72,rider,0.1,0.5,heuristic,segformer_b2_cityscapes_mcdrop8,acdc_rain_targetcal25,0,
,-1,True,,0.8571428571428571,0.00021426455350592732,,475,,,False,,,,,,72,rider,0.1,0.5,argmax,segformer_b2_cityscapes_mcdrop8,acdc_rain_targetcal25,0,0.868421052631579
,-1,False,,,,,475,,,False,,,,,,72,rider,0.2,0.5,region_crc,segformer_b2_cityscapes_mcdrop8,acdc_rain_targetcal25,0,
,-1,False,,,,,475,,,False,,,,,,72,rider,0.2,0.5,heuristic,segformer_b2_cityscapes_mcdrop8,acdc_rain_targetcal25,0,
,-1,True,,0.8571428571428571,0.00021426455350592732,,475,,,False,,,,,,72,rider,0.2,0.5,argmax,segformer_b2_cityscapes_mcdrop8,acdc_rain_targetcal25,0,0.868421052631579
1.0,1000,False,0.0,0.0,1.0,0.8336842105263158,79,151.0,0.0,False,0.0,0.0,0.0,,,72,bicycle,0.05,0.1,region_crc,segformer_b2_cityscapes_mcdrop8,acdc_rain_targetcal25,4,
1.0,1000,True,0.0,0.0,1.0,0.8336842105263158,79,151.0,0.0,False,0.0,0.0,0.0,,,72,bicycle,0.05,0.1,heuristic,segformer_b2_cityscapes_mcdrop8,acdc_rain_targetcal25,4,
,-1,True,,0.7495177817962628,0.0011335262097418308,,475,,,False,,,,,,72,bicycle,0.05,0.1,argmax,segformer_b2_cityscapes_mcdrop8,acdc_rain_targetcal25,4,0.7218543046357616
1.0,1000,False,0.0,0.0,1.0,0.8336842105263158,79,151.0,0.0,False,0.0,0.0,0.0,,,72,bicycle,0.1,0.1,region_crc,segformer_b2_cityscapes_mcdrop8,acdc_rain_targetcal25,4,
1.0,1000,True,0.0,0.0,1.0,0.8336842105263158,79,151.0,0.0,False,0.0,0.0,0.0,,,72,bicycle,0.1,0.1,heuristic,segformer_b2_cityscapes_mcdrop8,acdc_rain_targetcal25,4,
,-1,True,,0.7495177817962628,0.0011335262097418308,,475,,,False,,,,,,72,bicycle,0.1,0.1,argmax,segformer_b2_cityscapes_mcdrop8,acdc_rain_targetcal25,4,0.7218543046357616
1.0,1000,True,0.0,0.0,1.0,0.8336842105263158,79,151.0,0.0,False,0.0,0.0,0.0,,,72,bicycle,0.2,0.1,region_crc,segformer_b2_cityscapes_mcdrop8,acdc_rain_targetcal25,4,
1.0,1000,True,0.0,0.0,1.0,0.8336842105263158,79,151.0,0.0,False,0.0,0.0,0.0,,,72,bicycle,0.2,0.1,heuristic,segformer_b2_cityscapes_mcdrop8,acdc_rain_targetcal25,4,
,-1,True,,0.7495177817962628,0.0011335262097418308,,475,,,False,,,,,,72,bicycle,0.2,0.1,argmax,segformer_b2_cityscapes_mcdrop8,acdc_rain_targetcal25,4,0.7218543046357616
1.0,1000,False,0.0,0.0,1.0,0.8336842105263158,79,151.0,0.0,False,0.0,0.0,0.0,,,72,bicycle,0.05,0.5,region_crc,segformer_b2_cityscapes_mcdrop8,acdc_rain_targetcal25,4,
1.0,1000,True,0.0,0.0,1.0,0.8336842105263158,79,151.0,0.0,False,0.0,0.0,0.0,,,72,bicycle,0.05,0.5,heuristic,segformer_b2_cityscapes_mcdrop8,acdc_rain_targetcal25,4,
,-1,True,,0.7625979505726341,0.0011335262097418308,,475,,,False,,,,,,72,bicycle,0.05,0.5,argmax,segformer_b2_cityscapes_mcdrop8,acdc_rain_targetcal25,4,0.7417218543046358
1.0,1000,False,0.0,0.0,1.0,0.8336842105263158,79,151.0,0.0,False,0.0,0.0,0.0,,,72,bicycle,0.1,0.5,region_crc,segformer_b2_cityscapes_mcdrop8,acdc_rain_targetcal25,4,
1.0,1000,True,0.0,0.0,1.0,0.8336842105263158,79,151.0,0.0,False,0.0,0.0,0.0,,,72,bicycle,0.1,0.5,heuristic,segformer_b2_cityscapes_mcdrop8,acdc_rain_targetcal25,4,
,-1,True,,0.7625979505726341,0.0011335262097418308,,475,,,False,,,,,,72,bicycle,0.1,0.5,argmax,segformer_b2_cityscapes_mcdrop8,acdc_rain_targetcal25,4,0.7417218543046358
1.0,1000,True,0.0,0.0,1.0,0.8336842105263158,79,151.0,0.0,False,0.0,0.0,0.0,,,72,bicycle,0.2,0.5,region_crc,segformer_b2_cityscapes_mcdrop8,acdc_rain_targetcal25,4,
1.0,1000,True,0.0,0.0,1.0,0.8336842105263158,79,151.0,0.0,False,0.0,0.0,0.0,,,72,bicycle,0.2,0.5,heuristic,segformer_b2_cityscapes_mcdrop8,acdc_rain_targetcal25,4,
,-1,True,,0.7625979505726341,0.0011335262097418308,,475,,,False,,,,,,72,bicycle,0.2,0.5,argmax,segformer_b2_cityscapes_mcdrop8,acdc_rain_targetcal25,4,0.7417218543046358
1.0,1000,False,0.0,0.0,1.0,0.6568421052631579,163,317.0,0.0,False,0.0,0.0,0.0,,,73,person,0.05,0.1,region_crc,segformer_b2_cityscapes_mcdrop8,acdc_rain_targetcal25,7,
0.99,990,True,0.11561008861622359,0.11561008861622359,0.02245764061808586,0.6568421052631579,163,317.0,0.17894736842105263,False,0.14204545454545456,0.05,0.0,,,73,person,0.05,0.1,heuristic,segformer_b2_cityscapes_mcdrop8,acdc_rain_targetcal25,7,
,-1,True,,0.6413994321969781,0.0018409223994240165,,475,,,False,,,,,,73,person,0.05,0.1,argmax,segformer_b2_cityscapes_mcdrop8,acdc_rain_targetcal25,7,0.5867507886435331
1.0,1000,False,0.0,0.0,1.0,0.6568421052631579,163,317.0,0.0,False,0.0,0.0,0.0,,,73,person,0.1,0.1,region_crc,segformer_b2_cityscapes_mcdrop8,acdc_rain_targetcal25,7,
0.984,984,True,0.175426039536469,0.175426039536469,0.017680896446108818,15.947368421052632,163,317.0,0.17052631578947364,False,0.21022727272727273,0.08333333333333333,0.0,,,73,person,0.1,0.1,heuristic,segformer_b2_cityscapes_mcdrop8,acdc_rain_targetcal25,7,
,-1,True,,0.6413994321969781,0.0018409223994240165,,475,,,False,,,,,,73,person,0.1,0.1,argmax,segformer_b2_cityscapes_mcdrop8,acdc_rain_targetcal25,7,0.5867507886435331
0.984,984,True,0.175426039536469,0.175426039536469,0.017680896446108818,15.947368421052632,163,317.0,0.17052631578947364,False,0.21022727272727273,0.08333333333333333,0.0,,,73,person,0.2,0.1,region_crc,segformer_b2_cityscapes_mcdrop8,acdc_rain_targetcal25,7,
0.98,980,True,0.19737035289182528,0.19737035289182528,0.015684910118579865,15.947368421052632,163,317.0,0.16421052631578947,False,0.23863636363636365,0.09166666666666666,0.0,,,73,person,0.2,0.1,heuristic,segformer_b2_cityscapes_mcdrop8,acdc_rain_targetcal25,7,
,-1,True,,0.6413994321969781,0.0018409223994240165,,475,,,False,,,,,,73,person,0.2,0.1,argmax,segformer_b2_cityscapes_mcdrop8,acdc_rain_targetcal25,7,0.5867507886435331
1.0,1000,False,0.0,0.0,1.0,0.6568421052631579,163,317.0,0.0,False,0.0,0.0,0.0,,,73,person,0.05,0.5,region_crc,segformer_b2_cityscapes_mcdrop8,acdc_rain_targetcal25,7,
0.995,995,True,0.15702113156100886,0.15702113156100886,0.031220819801092148,0.6568421052631579,163,317.0,0.17052631578947372,False,0.1534090909090909,0.1,0.0,,,73,person,0.05,0.5,heuristic,segformer_b2_cityscapes_mcdrop8,acdc_rain_targetcal25,7,
,-1,True,,0.7613039993408091,0.0018409223994240165,,475,,,False,,,,,,73,person,0.05,0.5,argmax,segformer_b2_cityscapes_mcdrop8,acdc_rain_targetcal25,7,0.694006309148265
1.0,1000,False,0.0,0.0,1.0,0.6568421052631579,163,317.0,0.0,False,0.0,0.0,0.0,,,73,person,0.1,0.5,region_crc,segformer_b2_cityscapes_mcdrop8,acdc_rain_targetcal25,7,
0.995,995,True,0.15702113156100886,0.15702113156100886,0.031220819801092148,0.6568421052631579,163,317.0,0.17052631578947372,False,0.1534090909090909,0.1,0.0,,,73,person,0.1,0.5,heuristic,segformer_b2_cityscapes_mcdrop8,acdc_rain_targetcal25,7,
,-1,True,,0.7613039993408091,0.0018409223994240165,,475,,,False,,,,,,73,person,0.1,0.5,argmax,segformer_b2_cityscapes_mcdrop8,acdc_rain_targetcal25,7,0.694006309148265
0.995,995,True,0.15702113156100886,0.15702113156100886,0.031220819801092148,0.6568421052631579,163,317.0,0.17052631578947372,False,0.1534090909090909,0.1,0.0,,,73,person,0.2,0.5,region_crc,segformer_b2_cityscapes_mcdrop8,acdc_rain_targetcal25,7,
0.992,992,True,0.1943028682292486,0.1943028682292486,0.025044148787856102,0.6568421052631579,163,317.0,0.1852631578947368,False,0.21022727272727273,0.11666666666666667,0.0,,,73,person,0.2,0.5,heuristic,segformer_b2_cityscapes_mcdrop8,acdc_rain_targetcal25,7,
,-1,True,,0.7613039993408091,0.0018409223994240165,,475,,,False,,,,,,73,person,0.2,0.5,argmax,segformer_b2_cityscapes_mcdrop8,acdc_rain_targetcal25,7,0.694006309148265
1.0,1000,False,0.0,0.0,1.0,0.9431578947368421,27,37.0,0.0,False,0.0,0.0,0.0,,,73,rider,0.05,0.1,region_crc,segformer_b2_cityscapes_mcdrop8,acdc_rain_targetcal25,1,
0.318,318,True,0.8703703703703703,0.8703703703703703,9.288310684496537e-05,0.037894736842105266,27,37.0,0.058947368421052526,False,1.0,0.8,0.2,,,73,rider,0.05,0.1,heuristic,segformer_b2_cityscapes_mcdrop8,acdc_rain_targetcal25,1,
,-1,True,,0.8333333333333334,0.0002441023098072037,,475,,,False,,,,,,73,rider,0.05,0.1,argmax,segformer_b2_cityscapes_mcdrop8,acdc_rain_targetcal25,1,0.8378378378378378
1.0,1000,False,0.0,0.0,1.0,0.9431578947368421,27,37.0,0.0,False,0.0,0.0,0.0,,,73,rider,0.1,0.1,region_crc,segformer_b2_cityscapes_mcdrop8,acdc_rain_targetcal25,1,
0.318,318,True,0.8703703703703703,0.8703703703703703,9.288310684496537e-05,0.037894736842105266,27,37.0,0.058947368421052526,False,1.0,0.8,0.2,,,73,rider,0.1,0.1,heuristic,segformer_b2_cityscapes_mcdrop8,acdc_rain_targetcal25,1,
,-1,True,,0.8333333333333334,0.0002441023098072037,,475,,,False,,,,,,73,rider,0.1,0.1,argmax,segformer_b2_cityscapes_mcdrop8,acdc_rain_targetcal25,1,0.8378378378378378
1.0,1000,False,0.0,0.0,1.0,0.9431578947368421,27,37.0,0.0,False,0.0,0.0,0.0,,,73,rider,0.2,0.1,region_crc,segformer_b2_cityscapes_mcdrop8,acdc_rain_targetcal25,1,
0.318,318,True,0.8703703703703703,0.8703703703703703,9.288310684496537e-05,0.037894736842105266,27,37.0,0.058947368421052526,False,1.0,0.8,0.2,,,73,rider,0.2,0.1,heuristic,segformer_b2_cityscapes_mcdrop8,acdc_rain_targetcal25,1,
,-1,True,,0.8333333333333334,0.0002441023098072037,,475,,,False,,,,,,73,rider,0.2,0.1,argmax,segformer_b2_cityscapes_mcdrop8,acdc_rain_targetcal25,1,0.8378378378378378
1.0,1000,False,0.0,0.0,1.0,0.9431578947368421,27,37.0,0.0,False,0.0,0.0,0.0,,,73,rider,0.05,0.5,region_crc,segformer_b2_cityscapes_mcdrop8,acdc_rain_targetcal25,1,
0.518,518,True,0.8888888888888888,0.8888888888888888,0.00016323478484991938,0.0863157894736842,27,37.0,0.054736842105263084,False,1.0,1.0,0.2,,,73,rider,0.05,0.5,heuristic,segformer_b2_cityscapes_mcdrop8,acdc_rain_targetcal25,1,
,-1,True,,0.8888888888888888,0.0002441023098072037,,475,,,False,,,,,,73,rider,0.05,0.5,argmax,segformer_b2_cityscapes_mcdrop8,acdc_rain_targetcal25,1,0.8918918918918919
1.0,1000,False,0.0,0.0,1.0,0.9431578947368421,27,37.0,0.0,False,0.0,0.0,0.0,,,73,rider,0.1,0.5,region_crc,segformer_b2_cityscapes_mcdrop8,acdc_rain_targetcal25,1,
0.518,518,True,0.8888888888888888,0.8888888888888888,0.00016323478484991938,0.0863157894736842,27,37.0,0.054736842105263084,False,1.0,1.0,0.2,,,73,rider,0.1,0.5,heuristic,segformer_b2_cityscapes_mcdrop8,acdc_rain_targetcal25,1,
,-1,True,,0.8888888888888888,0.0002441023098072037,,475,,,False,,,,,,73,rider,0.1,0.5,argmax,segformer_b2_cityscapes_mcdrop8,acdc_rain_targetcal25,1,0.8918918918918919
1.0,1000,False,0.0,0.0,1.0,0.9431578947368421,27,37.0,0.0,False,0.0,0.0,0.0,,,73,rider,0.2,0.5,region_crc,segformer_b2_cityscapes_mcdrop8,acdc_rain_targetcal25,1,
0.518,518,True,0.8888888888888888,0.8888888888888888,0.00016323478484991938,0.0863157894736842,27,37.0,0.054736842105263084,False,1.0,1.0,0.2,,,73,rider,0.2,0.5,heuristic,segformer_b2_cityscapes_mcdrop8,acdc_rain_targetcal25,1,
,-1,True,,0.8888888888888888,0.0002441023098072037,,475,,,False,,,,,,73,rider,0.2,0.5,argmax,segformer_b2_cityscapes_mcdrop8,acdc_rain_targetcal25,1,0.8918918918918919
1.0,1000,False,0.0,0.0,1.0,0.8294736842105264,81,156.0,0.0,False,0.0,0.0,0.0,,,73,bicycle,0.05,0.1,region_crc,segformer_b2_cityscapes_mcdrop8,acdc_rain_targetcal25,2,
0.619,619,True,0.7529100529100529,0.7529100529100529,0.000951029360294342,0.3684210526315789,81,156.0,0.13684210526315788,False,0.9176470588235294,0.6206896551724138,0.0,,,73,bicycle,0.05,0.1,heuristic,segformer_b2_cityscapes_mcdrop8,acdc_rain_targetcal25,2,
,-1,True,,0.7680482069370959,0.0009783097775653005,,475,,,False,,,,,,73,bicycle,0.05,0.1,argmax,segformer_b2_cityscapes_mcdrop8,acdc_rain_targetcal25,2,0.7435897435897436
1.0,1000,False,0.0,0.0,1.0,0.8294736842105264,81,156.0,0.0,False,0.0,0.0,0.0,,,73,bicycle,0.1,0.1,region_crc,segformer_b2_cityscapes_mcdrop8,acdc_rain_targetcal25,2,
0.619,619,True,0.7529100529100529,0.7529100529100529,0.000951029360294342,0.3684210526315789,81,156.0,0.13684210526315788,False,0.9176470588235294,0.6206896551724138,0.0,,,73,bicycle,0.1,0.1,heuristic,segformer_b2_cityscapes_mcdrop8,acdc_rain_targetcal25,2,
,-1,True,,0.7680482069370959,0.0009783097775653005,,475,,,False,,,,,,73,bicycle,0.1,0.1,argmax,segformer_b2_cityscapes_mcdrop8,acdc_rain_targetcal25,2,0.7435897435897436
1.0,1000,False,0.0,0.0,1.0,0.8294736842105264,81,156.0,0.0,False,0.0,0.0,0.0,,,73,bicycle,0.2,0.1,region_crc,segformer_b2_cityscapes_mcdrop8,acdc_rain_targetcal25,2,
0.619,619,True,0.7529100529100529,0.7529100529100529,0.000951029360294342,0.3684210526315789,81,156.0,0.13684210526315788,False,0.9176470588235294,0.6206896551724138,0.0,,,73,bicycle,0.2,0.1,heuristic,segformer_b2_cityscapes_mcdrop8,acdc_rain_targetcal25,2,
,-1,True,,0.7680482069370959,0.0009783097775653005,,475,,,False,,,,,,73,bicycle,0.2,0.1,argmax,segformer_b2_cityscapes_mcdrop8,acdc_rain_targetcal25,2,0.7435897435897436
1.0,1000,False,0.0,0.0,1.0,0.8294736842105264,81,156.0,0.0,False,0.0,0.0,0.0,,,73,bicycle,0.05,0.5,region_crc,segformer_b2_cityscapes_mcdrop8,acdc_rain_targetcal25,2,
0.763,763,True,0.7646384479717813,0.7646384479717813,0.0013243906432762742,0.7536842105263157,81,156.0,0.11368421052631572,False,0.9058823529411765,0.6551724137931034,0.0,,,73,bicycle,0.05,0.5,heuristic,segformer_b2_cityscapes_mcdrop8,acdc_rain_targetcal25,2,
,-1,True,,0.7869782480893592,0.0009783097775653005,,475,,,False,,,,,,73,bicycle,0.05,0.5,argmax,segformer_b2_cityscapes_mcdrop8,acdc_rain_targetcal25,2,0.7628205128205128
1.0,1000,False,0.0,0.0,1.0,0.8294736842105264,81,156.0,0.0,False,0.0,0.0,0.0,,,73,bicycle,0.1,0.5,region_crc,segformer_b2_cityscapes_mcdrop8,acdc_rain_targetcal25,2,
0.763,763,True,0.7646384479717813,0.7646384479717813,0.0013243906432762742,0.7536842105263157,81,156.0,0.11368421052631572,False,0.9058823529411765,0.6551724137931034,0.0,,,73,bicycle,0.1,0.5,heuristic,segformer_b2_cityscapes_mcdrop8,acdc_rain_targetcal25,2,
,-1,True,,0.7869782480893592,0.0009783097775653005,,475,,,False,,,,,,73,bicycle,0.1,0.5,argmax,segformer_b2_cityscapes_mcdrop8,acdc_rain_targetcal25,2,0.7628205128205128
1.0,1000,False,0.0,0.0,1.0,0.8294736842105264,81,156.0,0.0,False,0.0,0.0,0.0,,,73,bicycle,0.2,0.5,region_crc,segformer_b2_cityscapes_mcdrop8,acdc_rain_targetcal25,2,
0.763,763,True,0.7646384479717813,0.7646384479717813,0.0013243906432762742,0.7536842105263157,81,156.0,0.11368421052631572,False,0.9058823529411765,0.6551724137931034,0.0,,,73,bicycle,0.2,0.5,heuristic,segformer_b2_cityscapes_mcdrop8,acdc_rain_targetcal25,2,
,-1,True,,0.7869782480893592,0.0009783097775653005,,475,,,False,,,,,,73,bicycle,0.2,0.5,argmax,segformer_b2_cityscapes_mcdrop8,acdc_rain_targetcal25,2,0.7628205128205128
1.0,1000,False,0.0,0.0,1.0,0.6631578947368421,160,319.0,0.0,False,0.0,0.0,0.0,,,74,person,0.05,0.1,region_crc,segformer_b2_cityscapes_mcdrop8,acdc_rain_targetcal25,10,
0.99,990,True,0.11621527777777776,0.11621527777777778,0.02248179353773594,0.6631578947368421,160,319.0,0.14947368421052637,False,0.13966480446927373,0.05128205128205128,0.0,,,74,person,0.05,0.1,heuristic,segformer_b2_cityscapes_mcdrop8,acdc_rain_targetcal25,10,
,-1,True,,0.6435298382173382,0.0018681600922718644,,475,,,False,,,,,,74,person,0.05,0.1,argmax,segformer_b2_cityscapes_mcdrop8,acdc_rain_targetcal25,10,0.5924764890282131
0.999,999,True,0.0328125,0.0328125,0.06107424199581146,0.6631578947368421,160,319.0,0.1831578947368422,False,0.0223463687150838,0.02564102564102564,0.0,,,74,person,0.1,0.1,region_crc,segformer_b2_cityscapes_mcdrop8,acdc_rain_targetcal25,10,
0.99,990,True,0.11621527777777776,0.11621527777777778,0.02248179353773594,0.6631578947368421,160,319.0,0.14947368421052637,False,0.13966480446927373,0.05128205128205128,0.0,,,74,person,0.1,0.1,heuristic,segformer_b2_cityscapes_mcdrop8,acdc_rain_targetcal25,10,
,-1,True,,0.6435298382173382,0.0018681600922718644,,475,,,False,,,,,,74,person,0.1,0.1,argmax,segformer_b2_cityscapes_mcdrop8,acdc_rain_targetcal25,10,0.5924764890282131
0.99,990,True,0.11621527777777776,0.11621527777777778,0.02248179353773594,0.6631578947368421,160,319.0,0.14947368421052637,False,0.13966480446927373,0.05128205128205128,0.0,,,74,person,0.2,0.1,region_crc,segformer_b2_cityscapes_mcdrop8,acdc_rain_targetcal25,10,
0.975,975,True,0.22404723748473748,0.22404723748473748,0.013898389413952827,15.84842105263158,160,319.0,0.16421052631578947,False,0.2681564245810056,0.10256410256410256,0.0,,,74,person,0.2,0.1,heuristic,segformer_b2_cityscapes_mcdrop8,acdc_rain_targetcal25,10,
,-1,True,,0.6435298382173382,0.0018681600922718644,,475,,,False,,,,,,74,person,0.2,0.1,argmax,segformer_b2_cityscapes_mcdrop8,acdc_rain_targetcal25,10,0.5924764890282131
1.0,1000,False,0.0,0.0,1.0,0.6631578947368421,160,319.0,0.0,False,0.0,0.0,0.0,,,74,person,0.05,0.5,region_crc,segformer_b2_cityscapes_mcdrop8,acdc_rain_targetcal25,10,
0.998,998,True,0.079375,0.079375,0.04642368480563164,0.6631578947368421,160,319.0,0.14526315789473687,False,0.07262569832402235,0.05128205128205128,0.0,,,74,person,0.05,0.5,heuristic,segformer_b2_cityscapes_mcdrop8,acdc_rain_targetcal25,10,
,-1,True,,0.764120115995116,0.0018681600922718644,,475,,,False,,,,,,74,person,0.05,0.5,argmax,segformer_b2_cityscapes_mcdrop8,acdc_rain_targetcal25,10,0.6990595611285266
1.0,1000,True,0.0,0.0,1.0,0.6631578947368421,160,319.0,0.0,False,0.0,0.0,0.0,,,74,person,0.1,0.5,region_crc,segformer_b2_cityscapes_mcdrop8,acdc_rain_targetcal25,10,
0.996,996,True,0.12177083333333334,0.12177083333333334,0.03452271223068237,0.6631578947368421,160,319.0,0.14947368421052631,False,0.11173184357541899,0.09401709401709402,0.0,,,74,person,0.1,0.5,heuristic,segformer_b2_cityscapes_mcdrop8,acdc_rain_targetcal25,10,
,-1,True,,0.764120115995116,0.0018681600922718644,,475,,,False,,,,,,74,person,0.1,0.5,argmax,segformer_b2_cityscapes_mcdrop8,acdc_rain_targetcal25,10,0.6990595611285266
0.996,996,True,0.12177083333333334,0.12177083333333334,0.03452271223068237,0.6631578947368421,160,319.0,0.14947368421052631,False,0.11173184357541899,0.09401709401709402,0.0,,,74,person,0.2,0.5,region_crc,segformer_b2_cityscapes_mcdrop8,acdc_rain_targetcal25,10,
0.989,989,True,0.239508547008547,0.239508547008547,0.021443761885166168,0.6631578947368421,160,319.0,0.1600000000000001,False,0.2737430167597765,0.11965811965811966,0.0,,,74,person,0.2,0.5,heuristic,segformer_b2_cityscapes_mcdrop8,acdc_rain_targetcal25,10,
,-1,True,,0.764120115995116,0.0018681600922718644,,475,,,False,,,,,,74,person,0.2,0.5,argmax,segformer_b2_cityscapes_mcdrop8,acdc_rain_targetcal25,10,0.6990595611285266
1.0,1000,False,0.0,0.0,1.0,0.9431578947368421,27,37.0,0.0,False,0.0,0.0,0.0,,,74,rider,0.05,0.1,region_crc,segformer_b2_cityscapes_mcdrop8,acdc_rain_targetcal25,1,
0.997,997,True,0.4074074074074074,0.4074074074074074,0.0060454620979726315,0.9431578947368421,27,37.0,0.10736842105263156,False,0.5769230769230769,0.0,0.0,,,74,rider,0.05,0.1,heuristic,segformer_b2_cityscapes_mcdrop8,acdc_rain_targetcal25,1,
,-1,True,,0.7962962962962963,0.00024741716333664954,,475,,,False,,,,,,74,rider,0.05,0.1,argmax,segformer_b2_cityscapes_mcdrop8,acdc_rain_targetcal25,1,0.8108108108108109
1.0,1000,False,0.0,0.0,1.0,0.9431578947368421,27,37.0,0.0,False,0.0,0.0,0.0,,,74,rider,0.1,0.1,region_crc,segformer_b2_cityscapes_mcdrop8,acdc_rain_targetcal25,1,
0.997,997,True,0.4074074074074074,0.4074074074074074,0.0060454620979726315,0.9431578947368421,27,37.0,0.10736842105263156,False,0.5769230769230769,0.0,0.0,,,74,rider,0.1,0.1,heuristic,segformer_b2_cityscapes_mcdrop8,acdc_rain_targetcal25,1,
,-1,True,,0.7962962962962963,0.00024741716333664954,,475,,,False,,,,,,74,rider,0.1,0.1,argmax,segformer_b2_cityscapes_mcdrop8,acdc_rain_targetcal25,1,0.8108108108108109
1.0,1000,False,0.0,0.0,1.0,0.9431578947368421,27,37.0,0.0,False,0.0,0.0,0.0,,,74,rider,0.2,0.1,region_crc,segformer_b2_cityscapes_mcdrop8,acdc_rain_targetcal25,1,
0.997,997,True,0.4074074074074074,0.4074074074074074,0.0060454620979726315,0.9431578947368421,27,37.0,0.10736842105263156,False,0.5769230769230769,0.0,0.0,,,74,rider,0.2,0.1,heuristic,segformer_b2_cityscapes_mcdrop8,acdc_rain_targetcal25,1,
,-1,True,,0.7962962962962963,0.00024741716333664954,,475,,,False,,,,,,74,rider,0.2,0.1,argmax,segformer_b2_cityscapes_mcdrop8,acdc_rain_targetcal25,1,0.8108108108108109
1.0,1000,False,0.0,0.0,1.0,0.9431578947368421,27,37.0,0.0,False,0.0,0.0,0.0,,,74,rider,0.05,0.5,region_crc,segformer_b2_cityscapes_mcdrop8,acdc_rain_targetcal25,1,
0.999,999,True,0.38271604938271603,0.38271604938271603,0.010552976280450821,0.9431578947368421,27,37.0,0.10736842105263156,False,0.5,0.0,0.0,,,74,rider,0.05,0.5,heuristic,segformer_b2_cityscapes_mcdrop8,acdc_rain_targetcal25,1,
,-1,True,,0.8518518518518519,0.00024741716333664954,,475,,,False,,,,,,74,rider,0.05,0.5,argmax,segformer_b2_cityscapes_mcdrop8,acdc_rain_targetcal25,1,0.8648648648648649
1.0,1000,False,0.0,0.0,1.0,0.9431578947368421,27,37.0,0.0,False,0.0,0.0,0.0,,,74,rider,0.1,0.5,region_crc,segformer_b2_cityscapes_mcdrop8,acdc_rain_targetcal25,1,
0.999,999,True,0.38271604938271603,0.38271604938271603,0.010552976280450821,0.9431578947368421,27,37.0,0.10736842105263156,False,0.5,0.0,0.0,,,74,rider,0.1,0.5,heuristic,segformer_b2_cityscapes_mcdrop8,acdc_rain_targetcal25,1,
,-1,True,,0.8518518518518519,0.00024741716333664954,,475,,,False,,,,,,74,rider,0.1,0.5,argmax,segformer_b2_cityscapes_mcdrop8,acdc_rain_targetcal25,1,0.8648648648648649
1.0,1000,False,0.0,0.0,1.0,0.9431578947368421,27,37.0,0.0,False,0.0,0.0,0.0,,,74,rider,0.2,0.5,region_crc,segformer_b2_cityscapes_mcdrop8,acdc_rain_targetcal25,1,
0.999,999,True,0.38271604938271603,0.38271604938271603,0.010552976280450821,0.9431578947368421,27,37.0,0.10736842105263156,False,0.5,0.0,0.0,,,74,rider,0.2,0.5,heuristic,segformer_b2_cityscapes_mcdrop8,acdc_rain_targetcal25,1,
,-1,True,,0.8518518518518519,0.00024741716333664954,,475,,,False,,,,,,74,rider,0.2,0.5,argmax,segformer_b2_cityscapes_mcdrop8,acdc_rain_targetcal25,1,0.8648648648648649
1.0,1000,False,0.0,0.0,1.0,0.8294736842105264,81,152.0,0.0,False,0.0,0.0,0.0,,,74,bicycle,0.05,0.1,region_crc,segformer_b2_cityscapes_mcdrop8,acdc_rain_targetcal25,2,
1.0,1000,True,0.0,0.0,1.0,0.8294736842105264,81,152.0,0.0,False,0.0,0.0,0.0,,,74,bicycle,0.05,0.1,heuristic,segformer_b2_cityscapes_mcdrop8,acdc_rain_targetcal25,2,
,-1,True,,0.7433568489124045,0.0011249136878177524,,475,,,False,,,,,,74,bicycle,0.05,0.1,argmax,segformer_b2_cityscapes_mcdrop8,acdc_rain_targetcal25,2,0.7171052631578947
1.0,1000,False,0.0,0.0,1.0,0.8294736842105264,81,152.0,0.0,False,0.0,0.0,0.0,,,74,bicycle,0.1,0.1,region_crc,segformer_b2_cityscapes_mcdrop8,acdc_rain_targetcal25,2,
1.0,1000,True,0.0,0.0,1.0,0.8294736842105264,81,152.0,0.0,False,0.0,0.0,0.0,,,74,bicycle,0.1,0.1,heuristic,segformer_b2_cityscapes_mcdrop8,acdc_rain_targetcal25,2,
,-1,True,,0.7433568489124045,0.0011249136878177524,,475,,,False,,,,,,74,bicycle,0.1,0.1,argmax,segformer_b2_cityscapes_mcdrop8,acdc_rain_targetcal25,2,0.7171052631578947
1.0,1000,False,0.0,0.0,1.0,0.8294736842105264,81,152.0,0.0,False,0.0,0.0,0.0,,,74,bicycle,0.2,0.1,region_crc,segformer_b2_cityscapes_mcdrop8,acdc_rain_targetcal25,2,
1.0,1000,True,0.0,0.0,1.0,0.8294736842105264,81,152.0,0.0,False,0.0,0.0,0.0,,,74,bicycle,0.2,0.1,heuristic,segformer_b2_cityscapes_mcdrop8,acdc_rain_targetcal25,2,
,-1,True,,0.7433568489124045,0.0011249136878177524,,475,,,False,,,,,,74,bicycle,0.2,0.1,argmax,segformer_b2_cityscapes_mcdrop8,acdc_rain_targetcal25,2,0.7171052631578947
1.0,1000,False,0.0,0.0,1.0,0.8294736842105264,81,152.0,0.0,False,0.0,0.0,0.0,,,74,bicycle,0.05,0.5,region_crc,segformer_b2_cityscapes_mcdrop8,acdc_rain_targetcal25,2,
1.0,1000,True,0.0,0.0,1.0,0.8294736842105264,81,152.0,0.0,False,0.0,0.0,0.0,,,74,bicycle,0.05,0.5,heuristic,segformer_b2_cityscapes_mcdrop8,acdc_rain_targetcal25,2,
,-1,True,,0.7684597295708406,0.0011249136878177524,,475,,,False,,,,,,74,bicycle,0.05,0.5,argmax,segformer_b2_cityscapes_mcdrop8,acdc_rain_targetcal25,2,0.743421052631579
1.0,1000,False,0.0,0.0,1.0,0.8294736842105264,81,152.0,0.0,False,0.0,0.0,0.0,,,74,bicycle,0.1,0.5,region_crc,segformer_b2_cityscapes_mcdrop8,acdc_rain_targetcal25,2,
1.0,1000,True,0.0,0.0,1.0,0.8294736842105264,81,152.0,0.0,False,0.0,0.0,0.0,,,74,bicycle,0.1,0.5,heuristic,segformer_b2_cityscapes_mcdrop8,acdc_rain_targetcal25,2,
,-1,True,,0.7684597295708406,0.0011249136878177524,,475,,,False,,,,,,74,bicycle,0.1,0.5,argmax,segformer_b2_cityscapes_mcdrop8,acdc_rain_targetcal25,2,0.743421052631579
1.0,1000,False,0.0,0.0,1.0,0.8294736842105264,81,152.0,0.0,False,0.0,0.0,0.0,,,74,bicycle,0.2,0.5,region_crc,segformer_b2_cityscapes_mcdrop8,acdc_rain_targetcal25,2,
1.0,1000,True,0.0,0.0,1.0,0.8294736842105264,81,152.0,0.0,False,0.0,0.0,0.0,,,74,bicycle,0.2,0.5,heuristic,segformer_b2_cityscapes_mcdrop8,acdc_rain_targetcal25,2,
,-1,True,,0.7684597295708406,0.0011249136878177524,,475,,,False,,,,,,74,bicycle,0.2,0.5,argmax,segformer_b2_cityscapes_mcdrop8,acdc_rain_targetcal25,2,0.743421052631579
1.0,1000,False,0.0,0.0,1.0,0.6694736842105263,157,309.0,0.0,False,0.0,0.0,0.0,,,75,person,0.05,0.1,region_crc,segformer_b2_cityscapes_mcdrop8,acdc_rain_targetcal25,13,
0.998,998,True,0.04777070063694268,0.04777070063694268,0.04608471691608429,0.6694736842105263,157,309.0,0.22526315789473683,False,0.03932584269662921,0.027522935779816515,0.0,,,75,person,0.05,0.1,heuristic,segformer_b2_cityscapes_mcdrop8,acdc_rain_targetcal25,13,
,-1,True,,0.6452108754656526,0.0017895264318212867,,475,,,False,,,,,,75,person,0.05,0.1,argmax,segformer_b2_cityscapes_mcdrop8,acdc_rain_targetcal25,13,0.5922330097087378
0.998,998,True,0.04777070063694268,0.04777070063694268,0.04608471691608429,0.6694736842105263,157,309.0,0.22526315789473683,False,0.03932584269662921,0.027522935779816515,0.0,,,75,person,0.1,0.1,region_crc,segformer_b2_cityscapes_mcdrop8,acdc_rain_targetcal25,13,
0.997,997,True,0.04989384288747346,0.04989384288747346,0.03882433846592903,0.6694736842105263,157,309.0,0.20842105263157895,False,0.0449438202247191,0.027522935779816515,0.0,,,75,person,0.1,0.1,heuristic,segformer_b2_cityscapes_mcdrop8,acdc_rain_targetcal25,13,
,-1,True,,0.6452108754656526,0.0017895264318212867,,475,,,False,,,,,,75,person,0.1,0.1,argmax,segformer_b2_cityscapes_mcdrop8,acdc_rain_targetcal25,13,0.5922330097087378
0.997,997,True,0.04989384288747346,0.04989384288747346,0.03882433846592903,0.6694736842105263,157,309.0,0.20842105263157895,False,0.0449438202247191,0.027522935779816515,0.0,,,75,person,0.2,0.1,region_crc,segformer_b2_cityscapes_mcdrop8,acdc_rain_targetcal25,13,
0.988,988,True,0.1348903043170559,0.1348903043170559,0.020290642976760864,0.6694736842105263,157,309.0,0.24,False,0.15168539325842698,0.05504587155963303,0.0,,,75,person,0.2,0.1,heuristic,segformer_b2_cityscapes_mcdrop8,acdc_rain_targetcal25,13,
,-1,True,,0.6452108754656526,0.0017895264318212867,,475,,,False,,,,,,75,person,0.2,0.1,argmax,segformer_b2_cityscapes_mcdrop8,acdc_rain_targetcal25,13,0.5922330097087378
1.0,1000,False,0.0,0.0,1.0,0.6694736842105263,157,309.0,0.0,False,0.0,0.0,0.0,,,75,person,0.05,0.5,region_crc,segformer_b2_cityscapes_mcdrop8,acdc_rain_targetcal25,13,
1.0,1000,True,0.0,0.0,1.0,0.6694736842105263,157,309.0,0.0,False,0.0,0.0,0.0,,,75,person,0.05,0.5,heuristic,segformer_b2_cityscapes_mcdrop8,acdc_rain_targetcal25,13,
,-1,True,,0.7596128570650864,0.0017895264318212867,,475,,,False,,,,,,75,person,0.05,0.5,argmax,segformer_b2_cityscapes_mcdrop8,acdc_rain_targetcal25,13,0.6957928802588996
1.0,1000,True,0.0,0.0,1.0,0.6694736842105263,157,309.0,0.0,False,0.0,0.0,0.0,,,75,person,0.1,0.5,region_crc,segformer_b2_cityscapes_mcdrop8,acdc_rain_targetcal25,13,
0.999,999,True,0.04777070063694268,0.04777070063694268,0.060700658708810806,0.6694736842105263,157,309.0,0.23368421052631572,False,0.03932584269662921,0.027522935779816515,0.0,,,75,person,0.1,0.5,heuristic,segformer_b2_cityscapes_mcdrop8,acdc_rain_targetcal25,13,
,-1,True,,0.7596128570650864,0.0017895264318212867,,475,,,False,,,,,,75,person,0.1,0.5,argmax,segformer_b2_cityscapes_mcdrop8,acdc_rain_targetcal25,13,0.6957928802588996
0.999,999,True,0.04777070063694268,0.04777070063694268,0.060700658708810806,0.6694736842105263,157,309.0,0.23368421052631572,False,0.03932584269662921,0.027522935779816515,0.0,,,75,person,0.2,0.5,region_crc,segformer_b2_cityscapes_mcdrop8,acdc_rain_targetcal25,13,
0.999,999,True,0.04777070063694268,0.04777070063694268,0.060700658708810806,0.6694736842105263,157,309.0,0.23368421052631572,False,0.03932584269662921,0.027522935779816515,0.0,,,75,person,0.2,0.5,heuristic,segformer_b2_cityscapes_mcdrop8,acdc_rain_targetcal25,13,
,-1,True,,0.7596128570650864,0.0017895264318212867,,475,,,False,,,,,,75,person,0.2,0.5,argmax,segformer_b2_cityscapes_mcdrop8,acdc_rain_targetcal25,13,0.6957928802588996
1.0,1000,False,0.0,0.0,1.0,0.9431578947368421,27,36.0,0.0,False,0.0,0.0,0.0,,,75,rider,0.05,0.1,region_crc,segformer_b2_cityscapes_mcdrop8,acdc_rain_targetcal25,1,
0.997,997,True,0.4074074074074074,0.4074074074074074,0.006040517240762711,0.9431578947368421,27,36.0,0.15789473684210525,False,0.5769230769230769,0.0,0.0,,,75,rider,0.05,0.1,heuristic,segformer_b2_cityscapes_mcdrop8,acdc_rain_targetcal25,1,
,-1,True,,0.7962962962962963,0.00025103456573560834,,475,,,False,,,,,,75,rider,0.05,0.1,argmax,segformer_b2_cityscapes_mcdrop8,acdc_rain_targetcal25,1,0.8055555555555556
1.0,1000,False,0.0,0.0,1.0,0.9431578947368421,27,36.0,0.0,False,0.0,0.0,0.0,,,75,rider,0.1,0.1,region_crc,segformer_b2_cityscapes_mcdrop8,acdc_rain_targetcal25,1,
0.997,997,True,0.4074074074074074,0.4074074074074074,0.006040517240762711,0.9431578947368421,27,36.0,0.15789473684210525,False,0.5769230769230769,0.0,0.0,,,75,rider,0.1,0.1,heuristic,segformer_b2_cityscapes_mcdrop8,acdc_rain_targetcal25,1,
,-1,True,,0.7962962962962963,0.00025103456573560834,,475,,,False,,,,,,75,rider,0.1,0.1,argmax,segformer_b2_cityscapes_mcdrop8,acdc_rain_targetcal25,1,0.8055555555555556
1.0,1000,False,0.0,0.0,1.0,0.9431578947368421,27,36.0,0.0,False,0.0,0.0,0.0,,,75,rider,0.2,0.1,region_crc,segformer_b2_cityscapes_mcdrop8,acdc_rain_targetcal25,1,
0.997,997,True,0.4074074074074074,0.4074074074074074,0.006040517240762711,0.9431578947368421,27,36.0,0.15789473684210525,False,0.5769230769230769,0.0,0.0,,,75,rider,0.2,0.1,heuristic,segformer_b2_cityscapes_mcdrop8,acdc_rain_targetcal25,1,
,-1,True,,0.7962962962962963,0.00025103456573560834,,475,,,False,,,,,,75,rider,0.2,0.1,argmax,segformer_b2_cityscapes_mcdrop8,acdc_rain_targetcal25,1,0.8055555555555556
1.0,1000,False,0.0,0.0,1.0,0.9431578947368421,27,36.0,0.0,False,0.0,0.0,0.0,,,75,rider,0.05,0.5,region_crc,segformer_b2_cityscapes_mcdrop8,acdc_rain_targetcal25,1,
0.999,999,True,0.38271604938271603,0.38271604938271603,0.010596840642392635,0.9431578947368421,27,36.0,0.18526315789473685,False,0.5,0.0,0.0,,,75,rider,0.05,0.5,heuristic,segformer_b2_cityscapes_mcdrop8,acdc_rain_targetcal25,1,
,-1,True,,0.8518518518518519,0.00025103456573560834,,475,,,False,,,,,,75,rider,0.05,0.5,argmax,segformer_b2_cityscapes_mcdrop8,acdc_rain_targetcal25,1,0.8611111111111112
1.0,1000,False,0.0,0.0,1.0,0.9431578947368421,27,36.0,0.0,False,0.0,0.0,0.0,,,75,rider,0.1,0.5,region_crc,segformer_b2_cityscapes_mcdrop8,acdc_rain_targetcal25,1,
0.999,999,True,0.38271604938271603,0.38271604938271603,0.010596840642392635,0.9431578947368421,27,36.0,0.18526315789473685,False,0.5,0.0,0.0,,,75,rider,0.1,0.5,heuristic,segformer_b2_cityscapes_mcdrop8,acdc_rain_targetcal25,1,
,-1,True,,0.8518518518518519,0.00025103456573560834,,475,,,False,,,,,,75,rider,0.1,0.5,argmax,segformer_b2_cityscapes_mcdrop8,acdc_rain_targetcal25,1,0.8611111111111112
1.0,1000,False,0.0,0.0,1.0,0.9431578947368421,27,36.0,0.0,False,0.0,0.0,0.0,,,75,rider,0.2,0.5,region_crc,segformer_b2_cityscapes_mcdrop8,acdc_rain_targetcal25,1,
0.999,999,True,0.38271604938271603,0.38271604938271603,0.010596840642392635,0.9431578947368421,27,36.0,0.18526315789473685,False,0.5,0.0,0.0,,,75,rider,0.2,0.5,heuristic,segformer_b2_cityscapes_mcdrop8,acdc_rain_targetcal25,1,
,-1,True,,0.8518518518518519,0.00025103456573560834,,475,,,False,,,,,,75,rider,0.2,0.5,argmax,segformer_b2_cityscapes_mcdrop8,acdc_rain_targetcal25,1,0.8611111111111112
1.0,1000,False,0.0,0.0,1.0,0.8378947368421052,77,147.0,0.0,False,0.0,0.0,0.0,,,75,bicycle,0.05,0.1,region_crc,segformer_b2_cityscapes_mcdrop8,acdc_rain_targetcal25,6,
1.0,1000,True,0.0,0.0,1.0,0.8378947368421052,77,147.0,0.0,False,0.0,0.0,0.0,,,75,bicycle,0.05,0.1,heuristic,segformer_b2_cityscapes_mcdrop8,acdc_rain_targetcal25,6,
,-1,True,,0.7365182436611009,0.0010366939241066575,,475,,,False,,,,,,75,bicycle,0.05,0.1,argmax,segformer_b2_cityscapes_mcdrop8,acdc_rain_targetcal25,6,0.7142857142857143
1.0,1000,False,0.0,0.0,1.0,0.8378947368421052,77,147.0,0.0,False,0.0,0.0,0.0,,,75,bicycle,0.1,0.1,region_crc,segformer_b2_cityscapes_mcdrop8,acdc_rain_targetcal25,6,
1.0,1000,True,0.0,0.0,1.0,0.8378947368421052,77,147.0,0.0,False,0.0,0.0,0.0,,,75,bicycle,0.1,0.1,heuristic,segformer_b2_cityscapes_mcdrop8,acdc_rain_targetcal25,6,
,-1,True,,0.7365182436611009,0.0010366939241066575,,475,,,False,,,,,,75,bicycle,0.1,0.1,argmax,segformer_b2_cityscapes_mcdrop8,acdc_rain_targetcal25,6,0.7142857142857143
1.0,1000,True,0.0,0.0,1.0,0.8378947368421052,77,147.0,0.0,False,0.0,0.0,0.0,,,75,bicycle,0.2,0.1,region_crc,segformer_b2_cityscapes_mcdrop8,acdc_rain_targetcal25,6,
1.0,1000,True,0.0,0.0,1.0,0.8378947368421052,77,147.0,0.0,False,0.0,0.0,0.0,,,75,bicycle,0.2,0.1,heuristic,segformer_b2_cityscapes_mcdrop8,acdc_rain_targetcal25,6,
,-1,True,,0.7365182436611009,0.0010366939241066575,,475,,,False,,,,,,75,bicycle,0.2,0.1,argmax,segformer_b2_cityscapes_mcdrop8,acdc_rain_targetcal25,6,0.7142857142857143
1.0,1000,False,0.0,0.0,1.0,0.8378947368421052,77,147.0,0.0,False,0.0,0.0,0.0,,,75,bicycle,0.05,0.5,region_crc,segformer_b2_cityscapes_mcdrop8,acdc_rain_targetcal25,6,
1.0,1000,True,0.0,0.0,1.0,0.8378947368421052,77,147.0,0.0,False,0.0,0.0,0.0,,,75,bicycle,0.05,0.5,heuristic,segformer_b2_cityscapes_mcdrop8,acdc_rain_targetcal25,6,
,-1,True,,0.7629251700680272,0.0010366939241066575,,475,,,False,,,,,,75,bicycle,0.05,0.5,argmax,segformer_b2_cityscapes_mcdrop8,acdc_rain_targetcal25,6,0.7414965986394558
1.0,1000,False,0.0,0.0,1.0,0.8378947368421052,77,147.0,0.0,False,0.0,0.0,0.0,,,75,bicycle,0.1,0.5,region_crc,segformer_b2_cityscapes_mcdrop8,acdc_rain_targetcal25,6,
1.0,1000,True,0.0,0.0,1.0,0.8378947368421052,77,147.0,0.0,False,0.0,0.0,0.0,,,75,bicycle,0.1,0.5,heuristic,segformer_b2_cityscapes_mcdrop8,acdc_rain_targetcal25,6,
,-1,True,,0.7629251700680272,0.0010366939241066575,,475,,,False,,,,,,75,bicycle,0.1,0.5,argmax,segformer_b2_cityscapes_mcdrop8,acdc_rain_targetcal25,6,0.7414965986394558
1.0,1000,True,0.0,0.0,1.0,0.8378947368421052,77,147.0,0.0,False,0.0,0.0,0.0,,,75,bicycle,0.2,0.5,region_crc,segformer_b2_cityscapes_mcdrop8,acdc_rain_targetcal25,6,
1.0,1000,True,0.0,0.0,1.0,0.8378947368421052,77,147.0,0.0,False,0.0,0.0,0.0,,,75,bicycle,0.2,0.5,heuristic,segformer_b2_cityscapes_mcdrop8,acdc_rain_targetcal25,6,
,-1,True,,0.7629251700680272,0.0010366939241066575,,475,,,False,,,,,,75,bicycle,0.2,0.5,argmax,segformer_b2_cityscapes_mcdrop8,acdc_rain_targetcal25,6,0.7414965986394558
1.0,1000,False,0.0,0.0,1.0,0.6505263157894737,166,329.0,0.0,False,0.0,0.0,0.0,,,76,person,0.05,0.1,region_crc,segformer_b2_cityscapes_mcdrop8,acdc_rain_targetcal25,4,
0.988,988,True,0.14113119143239625,0.14113119143239625,0.02019328437745571,0.6505263157894737,166,329.0,0.13473684210526315,False,0.15873015873015872,0.059322033898305086,0.0,,,76,person,0.05,0.1,heuristic,segformer_b2_cityscapes_mcdrop8,acdc_rain_targetcal25,4,
,-1,True,,0.6413540609323742,0.0018150117248296738,,475,,,False,,,,,,76,person,0.05,0.1,argmax,segformer_b2_cityscapes_mcdrop8,acdc_rain_targetcal25,4,0.5927051671732523
1.0,1000,False,0.0,0.0,1.0,0.6505263157894737,166,329.0,0.0,False,0.0,0.0,0.0,,,76,person,0.1,0.1,region_crc,segformer_b2_cityscapes_mcdrop8,acdc_rain_targetcal25,4,
0.988,988,True,0.14113119143239625,0.14113119143239625,0.02019328437745571,0.6505263157894737,166,329.0,0.13473684210526315,False,0.15873015873015872,0.059322033898305086,0.0,,,76,person,0.1,0.1,heuristic,segformer_b2_cityscapes_mcdrop8,acdc_rain_targetcal25,4,
,-1,True,,0.6413540609323742,0.0018150117248296738,,475,,,False,,,,,,76,person,0.1,0.1,argmax,segformer_b2_cityscapes_mcdrop8,acdc_rain_targetcal25,4,0.5927051671732523
0.988,988,True,0.14113119143239625,0.14113119143239625,0.02019328437745571,0.6505263157894737,166,329.0,0.13473684210526315,False,0.15873015873015872,0.059322033898305086,0.0,,,76,person,0.2,0.1,region_crc,segformer_b2_cityscapes_mcdrop8,acdc_rain_targetcal25,4,
0.982,982,True,0.17998661311914324,0.17998661311914324,0.016342399641871452,15.781052631578948,166,329.0,0.11368421052631578,False,0.2222222222222222,0.07627118644067797,0.0,,,76,person,0.2,0.1,heuristic,segformer_b2_cityscapes_mcdrop8,acdc_rain_targetcal25,4,
,-1,True,,0.6413540609323742,0.0018150117248296738,,475,,,False,,,,,,76,person,0.2,0.1,argmax,segformer_b2_cityscapes_mcdrop8,acdc_rain_targetcal25,4,0.5927051671732523
1.0,1000,False,0.0,0.0,1.0,0.6505263157894737,166,329.0,0.0,False,0.0,0.0,0.0,,,76,person,0.05,0.5,region_crc,segformer_b2_cityscapes_mcdrop8,acdc_rain_targetcal25,4,
1.0,1000,True,0.0,0.0,1.0,0.6505263157894737,166,329.0,0.0,False,0.0,0.0,0.0,,,76,person,0.05,0.5,heuristic,segformer_b2_cityscapes_mcdrop8,acdc_rain_targetcal25,4,
,-1,True,,0.7666217985495094,0.0018150117248296738,,475,,,False,,,,,,76,person,0.05,0.5,argmax,segformer_b2_cityscapes_mcdrop8,acdc_rain_targetcal25,4,0.7021276595744681
1.0,1000,False,0.0,0.0,1.0,0.6505263157894737,166,329.0,0.0,False,0.0,0.0,0.0,,,76,person,0.1,0.5,region_crc,segformer_b2_cityscapes_mcdrop8,acdc_rain_targetcal25,4,
1.0,1000,True,0.0,0.0,1.0,0.6505263157894737,166,329.0,0.0,False,0.0,0.0,0.0,,,76,person,0.1,0.5,heuristic,segformer_b2_cityscapes_mcdrop8,acdc_rain_targetcal25,4,
,-1,True,,0.7666217985495094,0.0018150117248296738,,475,,,False,,,,,,76,person,0.1,0.5,argmax,segformer_b2_cityscapes_mcdrop8,acdc_rain_targetcal25,4,0.7021276595744681
1.0,1000,True,0.0,0.0,1.0,0.6505263157894737,166,329.0,0.0,False,0.0,0.0,0.0,,,76,person,0.2,0.5,region_crc,segformer_b2_cityscapes_mcdrop8,acdc_rain_targetcal25,4,
0.992,992,True,0.19450623004839873,0.19450623004839873,0.024700110778212547,0.6505263157894737,166,329.0,0.12631578947368421,False,0.21693121693121692,0.11016949152542373,0.0,,,76,person,0.2,0.5,heuristic,segformer_b2_cityscapes_mcdrop8,acdc_rain_targetcal25,4,
,-1,True,,0.7666217985495094,0.0018150117248296738,,475,,,False,,,,,,76,person,0.2,0.5,argmax,segformer_b2_cityscapes_mcdrop8,acdc_rain_targetcal25,4,0.7021276595744681
1.0,1000,False,0.0,0.0,1.0,0.9473684210526315,25,34.0,0.0,False,0.0,0.0,0.0,,,76,rider,0.05,0.1,region_crc,segformer_b2_cityscapes_mcdrop8,acdc_rain_targetcal25,3,
0.991,991,True,0.6,0.6,0.0032232089433819056,0.9473684210526315,25,34.0,0.09473684210526315,False,0.7307692307692307,0.25,0.0,,,76,rider,0.05,0.1,heuristic,segformer_b2_cityscapes_mcdrop8,acdc_rain_targetcal25,3,
,-1,True,,0.82,0.00020662769384216517,,475,,,False,,,,,,76,rider,0.05,0.1,argmax,segformer_b2_cityscapes_mcdrop8,acdc_rain_targetcal25,3,0.8529411764705882
1.0,1000,False,0.0,0.0,1.0,0.9473684210526315,25,34.0,0.0,False,0.0,0.0,0.0,,,76,rider,0.1,0.1,region_crc,segformer_b2_cityscapes_mcdrop8,acdc_rain_targetcal25,3,
0.991,991,True,0.6,0.6,0.0032232089433819056,0.9473684210526315,25,34.0,0.09473684210526315,False,0.7307692307692307,0.25,0.0,,,76,rider,0.1,0.1,heuristic,segformer_b2_cityscapes_mcdrop8,acdc_rain_targetcal25,3,
,-1,True,,0.82,0.00020662769384216517,,475,,,False,,,,,,76,rider,0.1,0.1,argmax,segformer_b2_cityscapes_mcdrop8,acdc_rain_targetcal25,3,0.8529411764705882
1.0,1000,False,0.0,0.0,1.0,0.9473684210526315,25,34.0,0.0,False,0.0,0.0,0.0,,,76,rider,0.2,0.1,region_crc,segformer_b2_cityscapes_mcdrop8,acdc_rain_targetcal25,3,
0.991,991,True,0.6,0.6,0.0032232089433819056,0.9473684210526315,25,34.0,0.09473684210526315,False,0.7307692307692307,0.25,0.0,,,76,rider,0.2,0.1,heuristic,segformer_b2_cityscapes_mcdrop8,acdc_rain_targetcal25,3,
,-1,True,,0.82,0.00020662769384216517,,475,,,False,,,,,,76,rider,0.2,0.1,argmax,segformer_b2_cityscapes_mcdrop8,acdc_rain_targetcal25,3,0.8529411764705882
1.0,1000,False,0.0,0.0,1.0,0.9473684210526315,25,34.0,0.0,False,0.0,0.0,0.0,,,76,rider,0.05,0.5,region_crc,segformer_b2_cityscapes_mcdrop8,acdc_rain_targetcal25,3,
0.997,997,True,0.62,0.62,0.005930003244429827,0.9473684210526315,25,34.0,0.13473684210526315,False,0.6923076923076923,0.25,0.25,,,76,rider,0.05,0.5,heuristic,segformer_b2_cityscapes_mcdrop8,acdc_rain_targetcal25,3,
,-1,True,,0.86,0.00020662769384216517,,475,,,False,,,,,,76,rider,0.05,0.5,argmax,segformer_b2_cityscapes_mcdrop8,acdc_rain_targetcal25,3,0.8823529411764706
1.0,1000,False,0.0,0.0,1.0,0.9473684210526315,25,34.0,0.0,False,0.0,0.0,0.0,,,76,rider,0.1,0.5,region_crc,segformer_b2_cityscapes_mcdrop8,acdc_rain_targetcal25,3,
0.997,997,True,0.62,0.62,0.005930003244429827,0.9473684210526315,25,34.0,0.13473684210526315,False,0.6923076923076923,0.25,0.25,,,76,rider,0.1,0.5,heuristic,segformer_b2_cityscapes_mcdrop8,acdc_rain_targetcal25,3,
,-1,True,,0.86,0.00020662769384216517,,475,,,False,,,,,,76,rider,0.1,0.5,argmax,segformer_b2_cityscapes_mcdrop8,acdc_rain_targetcal25,3,0.8823529411764706
1.0,1000,False,0.0,0.0,1.0,0.9473684210526315,25,34.0,0.0,False,0.0,0.0,0.0,,,76,rider,0.2,0.5,region_crc,segformer_b2_cityscapes_mcdrop8,acdc_rain_targetcal25,3,
0.997,997,True,0.62,0.62,0.005930003244429827,0.9473684210526315,25,34.0,0.13473684210526315,False,0.6923076923076923,0.25,0.25,,,76,rider,0.2,0.5,heuristic,segformer_b2_cityscapes_mcdrop8,acdc_rain_targetcal25,3,
,-1,True,,0.86,0.00020662769384216517,,475,,,False,,,,,,76,rider,0.2,0.5,argmax,segformer_b2_cityscapes_mcdrop8,acdc_rain_targetcal25,3,0.8823529411764706
1.0,1000,False,0.0,0.0,1.0,0.8336842105263158,79,147.0,0.0,False,0.0,0.0,0.0,,,76,bicycle,0.05,0.1,region_crc,segformer_b2_cityscapes_mcdrop8,acdc_rain_targetcal25,4,
1.0,1000,True,0.0,0.0,1.0,0.8336842105263158,79,147.0,0.0,False,0.0,0.0,0.0,,,76,bicycle,0.05,0.1,heuristic,segformer_b2_cityscapes_mcdrop8,acdc_rain_targetcal25,4,
,-1,True,,0.7469861362266426,0.0010496467584744096,,475,,,False,,,,,,76,bicycle,0.05,0.1,argmax,segformer_b2_cityscapes_mcdrop8,acdc_rain_targetcal25,4,0.7346938775510204
1.0,1000,False,0.0,0.0,1.0,0.8336842105263158,79,147.0,0.0,False,0.0,0.0,0.0,,,76,bicycle,0.1,0.1,region_crc,segformer_b2_cityscapes_mcdrop8,acdc_rain_targetcal25,4,
1.0,1000,True,0.0,0.0,1.0,0.8336842105263158,79,147.0,0.0,False,0.0,0.0,0.0,,,76,bicycle,0.1,0.1,heuristic,segformer_b2_cityscapes_mcdrop8,acdc_rain_targetcal25,4,
,-1,True,,0.7469861362266426,0.0010496467584744096,,475,,,False,,,,,,76,bicycle,0.1,0.1,argmax,segformer_b2_cityscapes_mcdrop8,acdc_rain_targetcal25,4,0.7346938775510204
1.0,1000,True,0.0,0.0,1.0,0.8336842105263158,79,147.0,0.0,False,0.0,0.0,0.0,,,76,bicycle,0.2,0.1,region_crc,segformer_b2_cityscapes_mcdrop8,acdc_rain_targetcal25,4,
1.0,1000,True,0.0,0.0,1.0,0.8336842105263158,79,147.0,0.0,False,0.0,0.0,0.0,,,76,bicycle,0.2,0.1,heuristic,segformer_b2_cityscapes_mcdrop8,acdc_rain_targetcal25,4,
,-1,True,,0.7469861362266426,0.0010496467584744096,,475,,,False,,,,,,76,bicycle,0.2,0.1,argmax,segformer_b2_cityscapes_mcdrop8,acdc_rain_targetcal25,4,0.7346938775510204
1.0,1000,False,0.0,0.0,1.0,0.8336842105263158,79,147.0,0.0,False,0.0,0.0,0.0,,,76,bicycle,0.05,0.5,region_crc,segformer_b2_cityscapes_mcdrop8,acdc_rain_targetcal25,4,
1.0,1000,True,0.0,0.0,1.0,0.8336842105263158,79,147.0,0.0,False,0.0,0.0,0.0,,,76,bicycle,0.05,0.5,heuristic,segformer_b2_cityscapes_mcdrop8,acdc_rain_targetcal25,4,
,-1,True,,0.7701928872814948,0.0010496467584744096,,475,,,False,,,,,,76,bicycle,0.05,0.5,argmax,segformer_b2_cityscapes_mcdrop8,acdc_rain_targetcal25,4,0.7551020408163265
1.0,1000,False,0.0,0.0,1.0,0.8336842105263158,79,147.0,0.0,False,0.0,0.0,0.0,,,76,bicycle,0.1,0.5,region_crc,segformer_b2_cityscapes_mcdrop8,acdc_rain_targetcal25,4,
1.0,1000,True,0.0,0.0,1.0,0.8336842105263158,79,147.0,0.0,False,0.0,0.0,0.0,,,76,bicycle,0.1,0.5,heuristic,segformer_b2_cityscapes_mcdrop8,acdc_rain_targetcal25,4,
,-1,True,,0.7701928872814948,0.0010496467584744096,,475,,,False,,,,,,76,bicycle,0.1,0.5,argmax,segformer_b2_cityscapes_mcdrop8,acdc_rain_targetcal25,4,0.7551020408163265
1.0,1000,True,0.0,0.0,1.0,0.8336842105263158,79,147.0,0.0,False,0.0,0.0,0.0,,,76,bicycle,0.2,0.5,region_crc,segformer_b2_cityscapes_mcdrop8,acdc_rain_targetcal25,4,
1.0,1000,True,0.0,0.0,1.0,0.8336842105263158,79,147.0,0.0,False,0.0,0.0,0.0,,,76,bicycle,0.2,0.5,heuristic,segformer_b2_cityscapes_mcdrop8,acdc_rain_targetcal25,4,
,-1,True,,0.7701928872814948,0.0010496467584744096,,475,,,False,,,,,,76,bicycle,0.2,0.5,argmax,segformer_b2_cityscapes_mcdrop8,acdc_rain_targetcal25,4,0.7551020408163265
1.0,1000,False,0.0,0.0,1.0,0.6652631578947369,159,303.0,0.0,False,0.0,0.0,0.0,,,77,person,0.05,0.1,region_crc,segformer_b2_cityscapes_mcdrop8,acdc_rain_targetcal25,11,
0.99,990,True,0.11687631027253668,0.11687631027253668,0.022104568779468536,0.6652631578947369,159,303.0,0.12631578947368421,False,0.13218390804597702,0.05357142857142857,0.0,,,77,person,0.05,0.1,heuristic,segformer_b2_cityscapes_mcdrop8,acdc_rain_targetcal25,11,
,-1,True,,0.642056580735826,0.0016617232467979193,,475,,,False,,,,,,77,person,0.05,0.1,argmax,segformer_b2_cityscapes_mcdrop8,acdc_rain_targetcal25,11,0.6039603960396039
0.996,996,True,0.07285115303983228,0.07285115303983228,0.03408823907375336,0.6652631578947369,159,303.0,0.12210526315789473,False,0.07471264367816093,0.03571428571428571,0.0,,,77,person,0.1,0.1,region_crc,segformer_b2_cityscapes_mcdrop8,acdc_rain_targetcal25,11,
0.99,990,True,0.11687631027253668,0.11687631027253668,0.022104568779468536,0.6652631578947369,159,303.0,0.12631578947368421,False,0.13218390804597702,0.05357142857142857,0.0,,,77,person,0.1,0.1,heuristic,segformer_b2_cityscapes_mcdrop8,acdc_rain_targetcal25,11,
,-1,True,,0.642056580735826,0.0016617232467979193,,475,,,False,,,,,,77,person,0.1,0.1,argmax,segformer_b2_cityscapes_mcdrop8,acdc_rain_targetcal25,11,0.6039603960396039
0.99,990,True,0.11687631027253668,0.11687631027253668,0.022104568779468536,0.6652631578947369,159,303.0,0.12631578947368421,False,0.13218390804597702,0.05357142857142857,0.0,,,77,person,0.2,0.1,region_crc,segformer_b2_cityscapes_mcdrop8,acdc_rain_targetcal25,11,
0.988,988,True,0.13574423480083855,0.13574423480083858,0.020159108564257622,0.6652631578947369,159,303.0,0.1347368421052632,False,0.14367816091954022,0.0625,0.0,,,77,person,0.2,0.1,heuristic,segformer_b2_cityscapes_mcdrop8,acdc_rain_targetcal25,11,
,-1,True,,0.642056580735826,0.0016617232467979193,,475,,,False,,,,,,77,person,0.2,0.1,argmax,segformer_b2_cityscapes_mcdrop8,acdc_rain_targetcal25,11,0.6039603960396039
1.0,1000,False,0.0,0.0,1.0,0.6652631578947369,159,303.0,0.0,False,0.0,0.0,0.0,,,77,person,0.05,0.5,region_crc,segformer_b2_cityscapes_mcdrop8,acdc_rain_targetcal25,11,
0.999,999,True,0.05188679245283019,0.05188679245283019,0.06059771776199341,0.6652631578947369,159,303.0,0.11789473684210526,False,0.04597701149425287,0.03571428571428571,0.0,,,77,person,0.05,0.5,heuristic,segformer_b2_cityscapes_mcdrop8,acdc_rain_targetcal25,11,
,-1,True,,0.7705681111341489,0.0016617232467979193,,475,,,False,,,,,,77,person,0.05,0.5,argmax,segformer_b2_cityscapes_mcdrop8,acdc_rain_targetcal25,11,0.7161716171617162
1.0,1000,True,0.0,0.0,1.0,0.6652631578947369,159,303.0,0.0,False,0.0,0.0,0.0,,,77,person,0.1,0.5,region_crc,segformer_b2_cityscapes_mcdrop8,acdc_rain_targetcal25,11,
0.996,996,True,0.12316561844863731,0.12316561844863733,0.03408823907375336,0.6652631578947369,159,303.0,0.12210526315789473,False,0.10919540229885058,0.09821428571428571,0.0,,,77,person,0.1,0.5,heuristic,segformer_b2_cityscapes_mcdrop8,acdc_rain_targetcal25,11,
,-1,True,,0.7705681111341489,0.0016617232467979193,,475,,,False,,,,,,77,person,0.1,0.5,argmax,segformer_b2_cityscapes_mcdrop8,acdc_rain_targetcal25,11,0.7161716171617162
0.996,996,True,0.12316561844863731,0.12316561844863733,0.03408823907375336,0.6652631578947369,159,303.0,0.12210526315789473,False,0.10919540229885058,0.09821428571428571,0.0,,,77,person,0.2,0.5,region_crc,segformer_b2_cityscapes_mcdrop8,acdc_rain_targetcal25,11,
0.996,996,True,0.12316561844863731,0.12316561844863733,0.03408823907375336,0.6652631578947369,159,303.0,0.12210526315789473,False,0.10919540229885058,0.09821428571428571,0.0,,,77,person,0.2,0.5,heuristic,segformer_b2_cityscapes_mcdrop8,acdc_rain_targetcal25,11,
,-1,True,,0.7705681111341489,0.0016617232467979193,,475,,,False,,,,,,77,person,0.2,0.5,argmax,segformer_b2_cityscapes_mcdrop8,acdc_rain_targetcal25,11,0.7161716171617162
1.0,1000,False,0.0,0.0,1.0,0.9473684210526315,25,34.0,0.0,False,0.0,0.0,0.0,,,77,rider,0.05,0.1,region_crc,segformer_b2_cityscapes_mcdrop8,acdc_rain_targetcal25,3,
0.997,997,True,0.44,0.44,0.005814511328935623,0.9473684210526315,25,34.0,0.2168421052631579,False,0.5769230769230769,0.0,0.0,,,77,rider,0.05,0.1,heuristic,segformer_b2_cityscapes_mcdrop8,acdc_rain_targetcal25,3,
,-1,True,,0.82,0.00022501827334053814,,475,,,False,,,,,,77,rider,0.05,0.1,argmax,segformer_b2_cityscapes_mcdrop8,acdc_rain_targetcal25,3,0.8235294117647058
1.0,1000,False,0.0,0.0,1.0,0.9473684210526315,25,34.0,0.0,False,0.0,0.0,0.0,,,77,rider,0.1,0.1,region_crc,segformer_b2_cityscapes_mcdrop8,acdc_rain_targetcal25,3,
0.997,997,True,0.44,0.44,0.005814511328935623,0.9473684210526315,25,34.0,0.2168421052631579,False,0.5769230769230769,0.0,0.0,,,77,rider,0.1,0.1,heuristic,segformer_b2_cityscapes_mcdrop8,acdc_rain_targetcal25,3,
,-1,True,,0.82,0.00022501827334053814,,475,,,False,,,,,,77,rider,0.1,0.1,argmax,segformer_b2_cityscapes_mcdrop8,acdc_rain_targetcal25,3,0.8235294117647058
1.0,1000,False,0.0,0.0,1.0,0.9473684210526315,25,34.0,0.0,False,0.0,0.0,0.0,,,77,rider,0.2,0.1,region_crc,segformer_b2_cityscapes_mcdrop8,acdc_rain_targetcal25,3,
0.996,996,True,0.52,0.52,0.00497058779001236,0.9473684210526315,25,34.0,0.22947368421052627,False,0.6538461538461539,0.0,0.0,,,77,rider,0.2,0.1,heuristic,segformer_b2_cityscapes_mcdrop8,acdc_rain_targetcal25,3,
,-1,True,,0.82,0.00022501827334053814,,475,,,False,,,,,,77,rider,0.2,0.1,argmax,segformer_b2_cityscapes_mcdrop8,acdc_rain_targetcal25,3,0.8235294117647058
1.0,1000,False,0.0,0.0,1.0,0.9473684210526315,25,34.0,0.0,False,0.0,0.0,0.0,,,77,rider,0.05,0.5,region_crc,segformer_b2_cityscapes_mcdrop8,acdc_rain_targetcal25,3,
0.999,999,True,0.4133333333333333,0.4133333333333333,0.010259782895445824,0.9473684210526315,25,34.0,0.231578947368421,False,0.5,0.0,0.0,,,77,rider,0.05,0.5,heuristic,segformer_b2_cityscapes_mcdrop8,acdc_rain_targetcal25,3,
,-1,True,,0.88,0.00022501827334053814,,475,,,False,,,,,,77,rider,0.05,0.5,argmax,segformer_b2_cityscapes_mcdrop8,acdc_rain_targetcal25,3,0.8823529411764706
1.0,1000,False,0.0,0.0,1.0,0.9473684210526315,25,34.0,0.0,False,0.0,0.0,0.0,,,77,rider,0.1,0.5,region_crc,segformer_b2_cityscapes_mcdrop8,acdc_rain_targetcal25,3,
0.999,999,True,0.4133333333333333,0.4133333333333333,0.010259782895445824,0.9473684210526315,25,34.0,0.231578947368421,False,0.5,0.0,0.0,,,77,rider,0.1,0.5,heuristic,segformer_b2_cityscapes_mcdrop8,acdc_rain_targetcal25,3,
,-1,True,,0.88,0.00022501827334053814,,475,,,False,,,,,,77,rider,0.1,0.5,argmax,segformer_b2_cityscapes_mcdrop8,acdc_rain_targetcal25,3,0.8823529411764706
1.0,1000,False,0.0,0.0,1.0,0.9473684210526315,25,34.0,0.0,False,0.0,0.0,0.0,,,77,rider,0.2,0.5,region_crc,segformer_b2_cityscapes_mcdrop8,acdc_rain_targetcal25,3,
0.999,999,True,0.4133333333333333,0.4133333333333333,0.010259782895445824,0.9473684210526315,25,34.0,0.231578947368421,False,0.5,0.0,0.0,,,77,rider,0.2,0.5,heuristic,segformer_b2_cityscapes_mcdrop8,acdc_rain_targetcal25,3,
,-1,True,,0.88,0.00022501827334053814,,475,,,False,,,,,,77,rider,0.2,0.5,argmax,segformer_b2_cityscapes_mcdrop8,acdc_rain_targetcal25,3,0.8823529411764706
1.0,1000,False,0.0,0.0,1.0,0.8378947368421052,77,148.0,0.0,False,0.0,0.0,0.0,,,77,bicycle,0.05,0.1,region_crc,segformer_b2_cityscapes_mcdrop8,acdc_rain_targetcal25,6,
1.0,1000,True,0.0,0.0,1.0,0.8378947368421052,77,148.0,0.0,False,0.0,0.0,0.0,,,77,bicycle,0.05,0.1,heuristic,segformer_b2_cityscapes_mcdrop8,acdc_rain_targetcal25,6,
,-1,True,,0.753834260977118,0.0010523372329771519,,475,,,False,,,,,,77,bicycle,0.05,0.1,argmax,segformer_b2_cityscapes_mcdrop8,acdc_rain_targetcal25,6,0.7432432432432432
1.0,1000,False,0.0,0.0,1.0,0.8378947368421052,77,148.0,0.0,False,0.0,0.0,0.0,,,77,bicycle,0.1,0.1,region_crc,segformer_b2_cityscapes_mcdrop8,acdc_rain_targetcal25,6,
0.9550000000000001,955,True,0.4868893011750154,0.4868893011750154,0.003982724621891975,3.8547368421052632,77,148.0,0.09684210526315784,False,0.6341463414634146,0.2962962962962963,0.0,,,77,bicycle,0.1,0.1,heuristic,segformer_b2_cityscapes_mcdrop8,acdc_rain_targetcal25,6,
,-1,True,,0.753834260977118,0.0010523372329771519,,475,,,False,,,,,,77,bicycle,0.1,0.1,argmax,segformer_b2_cityscapes_mcdrop8,acdc_rain_targetcal25,6,0.7432432432432432
1.0,1000,True,0.0,0.0,1.0,0.8378947368421052,77,148.0,0.0,False,0.0,0.0,0.0,,,77,bicycle,0.2,0.1,region_crc,segformer_b2_cityscapes_mcdrop8,acdc_rain_targetcal25,6,
0.9550000000000001,955,True,0.4868893011750154,0.4868893011750154,0.003982724621891975,3.8547368421052632,77,148.0,0.09684210526315784,False,0.6341463414634146,0.2962962962962963,0.0,,,77,bicycle,0.2,0.1,heuristic,segformer_b2_cityscapes_mcdrop8,acdc_rain_targetcal25,6,
,-1,True,,0.753834260977118,0.0010523372329771519,,475,,,False,,,,,,77,bicycle,0.2,0.1,argmax,segformer_b2_cityscapes_mcdrop8,acdc_rain_targetcal25,6,0.7432432432432432
1.0,1000,False,0.0,0.0,1.0,0.8378947368421052,77,148.0,0.0,False,0.0,0.0,0.0,,,77,bicycle,0.05,0.5,region_crc,segformer_b2_cityscapes_mcdrop8,acdc_rain_targetcal25,6,
1.0,1000,True,0.0,0.0,1.0,0.8378947368421052,77,148.0,0.0,False,0.0,0.0,0.0,,,77,bicycle,0.05,0.5,heuristic,segformer_b2_cityscapes_mcdrop8,acdc_rain_targetcal25,6,
,-1,True,,0.7802411873840446,0.0010523372329771519,,475,,,False,,,,,,77,bicycle,0.05,0.5,argmax,segformer_b2_cityscapes_mcdrop8,acdc_rain_targetcal25,6,0.7702702702702703
1.0,1000,False,0.0,0.0,1.0,0.8378947368421052,77,148.0,0.0,False,0.0,0.0,0.0,,,77,bicycle,0.1,0.5,region_crc,segformer_b2_cityscapes_mcdrop8,acdc_rain_targetcal25,6,
0.993,993,True,0.43988868274582554,0.43988868274582554,0.010903637856245041,0.8378947368421052,77,148.0,0.1305263157894736,False,0.5853658536585366,0.24074074074074073,0.0,,,77,bicycle,0.1,0.5,heuristic,segformer_b2_cityscapes_mcdrop8,acdc_rain_targetcal25,6,
,-1,True,,0.7802411873840446,0.0010523372329771519,,475,,,False,,,,,,77,bicycle,0.1,0.5,argmax,segformer_b2_cityscapes_mcdrop8,acdc_rain_targetcal25,6,0.7702702702702703
1.0,1000,True,0.0,0.0,1.0,0.8378947368421052,77,148.0,0.0,False,0.0,0.0,0.0,,,77,bicycle,0.2,0.5,region_crc,segformer_b2_cityscapes_mcdrop8,acdc_rain_targetcal25,6,
0.993,993,True,0.43988868274582554,0.43988868274582554,0.010903637856245041,0.8378947368421052,77,148.0,0.1305263157894736,False,0.5853658536585366,0.24074074074074073,0.0,,,77,bicycle,0.2,0.5,heuristic,segformer_b2_cityscapes_mcdrop8,acdc_rain_targetcal25,6,
,-1,True,,0.7802411873840446,0.0010523372329771519,,475,,,False,,,,,,77,bicycle,0.2,0.5,argmax,segformer_b2_cityscapes_mcdrop8,acdc_rain_targetcal25,6,0.7702702702702703
1.0,1000,False,0.0,0.0,1.0,0.6589473684210526,162,319.0,0.0,False,0.0,0.0,0.0,,,78,person,0.05,0.1,region_crc,segformer_b2_cityscapes_mcdrop8,acdc_rain_targetcal25,8,
1.0,1000,True,0.0,0.0,1.0,0.6589473684210526,162,319.0,0.0,False,0.0,0.0,0.0,,,78,person,0.05,0.1,heuristic,segformer_b2_cityscapes_mcdrop8,acdc_rain_targetcal25,8,
,-1,True,,0.641757864906013,0.0018488222267478704,,475,,,False,,,,,,78,person,0.05,0.1,argmax,segformer_b2_cityscapes_mcdrop8,acdc_rain_targetcal25,8,0.5862068965517241
1.0,1000,False,0.0,0.0,1.0,0.6589473684210526,162,319.0,0.0,False,0.0,0.0,0.0,,,78,person,0.1,0.1,region_crc,segformer_b2_cityscapes_mcdrop8,acdc_rain_targetcal25,8,
0.994,994,True,0.07294238683127571,0.07294238683127571,0.02902286686003208,0.6589473684210526,162,319.0,0.38315789473684214,True,0.08743169398907104,0.02631578947368421,0.0,,,78,person,0.1,0.1,heuristic,segformer_b2_cityscapes_mcdrop8,acdc_rain_targetcal25,8,
,-1,True,,0.641757864906013,0.0018488222267478704,,475,,,False,,,,,,78,person,0.1,0.1,argmax,segformer_b2_cityscapes_mcdrop8,acdc_rain_targetcal25,8,0.5862068965517241
0.994,994,True,0.07294238683127571,0.07294238683127571,0.02902286686003208,0.6589473684210526,162,319.0,0.38315789473684214,True,0.08743169398907104,0.02631578947368421,0.0,,,78,person,0.2,0.1,region_crc,segformer_b2_cityscapes_mcdrop8,acdc_rain_targetcal25,8,
0.992,992,True,0.09609053497942387,0.09609053497942387,0.025325141847133636,0.6589473684210526,162,319.0,0.3578947368421053,True,0.1092896174863388,0.03508771929824561,0.0,,,78,person,0.2,0.1,heuristic,segformer_b2_cityscapes_mcdrop8,acdc_rain_targetcal25,8,
,-1,True,,0.641757864906013,0.0018488222267478704,,475,,,False,,,,,,78,person,0.2,0.1,argmax,segformer_b2_cityscapes_mcdrop8,acdc_rain_targetcal25,8,0.5862068965517241
1.0,1000,False,0.0,0.0,1.0,0.6589473684210526,162,319.0,0.0,False,0.0,0.0,0.0,,,78,person,0.05,0.5,region_crc,segformer_b2_cityscapes_mcdrop8,acdc_rain_targetcal25,8,
1.0,1000,True,0.0,0.0,1.0,0.6589473684210526,162,319.0,0.0,False,0.0,0.0,0.0,,,78,person,0.05,0.5,heuristic,segformer_b2_cityscapes_mcdrop8,acdc_rain_targetcal25,8,
,-1,True,,0.7670322133285097,0.0018488222267478704,,475,,,False,,,,,,78,person,0.05,0.5,argmax,segformer_b2_cityscapes_mcdrop8,acdc_rain_targetcal25,8,0.6959247648902821
1.0,1000,False,0.0,0.0,1.0,0.6589473684210526,162,319.0,0.0,False,0.0,0.0,0.0,,,78,person,0.1,0.5,region_crc,segformer_b2_cityscapes_mcdrop8,acdc_rain_targetcal25,8,
0.998,998,True,0.07839506172839505,0.07839506172839505,0.046881303191185,0.6589473684210526,162,319.0,0.40421052631578946,True,0.07650273224043716,0.043859649122807015,0.0,,,78,person,0.1,0.5,heuristic,segformer_b2_cityscapes_mcdrop8,acdc_rain_targetcal25,8,
,-1,True,,0.7670322133285097,0.0018488222267478704,,475,,,False,,,,,,78,person,0.1,0.5,argmax,segformer_b2_cityscapes_mcdrop8,acdc_rain_targetcal25,8,0.6959247648902821
0.998,998,True,0.07839506172839505,0.07839506172839505,0.046881303191185,0.6589473684210526,162,319.0,0.40421052631578946,True,0.07650273224043716,0.043859649122807015,0.0,,,78,person,0.2,0.5,region_crc,segformer_b2_cityscapes_mcdrop8,acdc_rain_targetcal25,8,
0.995,995,True,0.15181755829903978,0.15181755829903978,0.0315621979534626,0.6589473684210526,162,319.0,0.3852631578947369,True,0.14754098360655737,0.08771929824561403,0.0,,,78,person,0.2,0.5,heuristic,segformer_b2_cityscapes_mcdrop8,acdc_rain_targetcal25,8,
,-1,True,,0.7670322133285097,0.0018488222267478704,,475,,,False,,,,,,78,person,0.2,0.5,argmax,segformer_b2_cityscapes_mcdrop8,acdc_rain_targetcal25,8,0.6959247648902821
1.0,1000,False,0.0,0.0,1.0,0.9431578947368421,27,36.0,0.0,False,0.0,0.0,0.0,,,78,rider,0.05,0.1,region_crc,segformer_b2_cityscapes_mcdrop8,acdc_rain_targetcal25,1,
0.997,997,True,0.4074074074074074,0.4074074074074074,0.006063812877982855,0.9431578947368421,27,36.0,0.17052631578947375,False,0.5769230769230769,0.0,0.0,,,78,rider,0.05,0.1,heuristic,segformer_b2_cityscapes_mcdrop8,acdc_rain_targetcal25,1,
,-1,True,,0.7962962962962963,0.0002494020154699683,,475,,,False,,,,,,78,rider,0.05,0.1,argmax,segformer_b2_cityscapes_mcdrop8,acdc_rain_targetcal25,1,0.8055555555555556
1.0,1000,False,0.0,0.0,1.0,0.9431578947368421,27,36.0,0.0,False,0.0,0.0,0.0,,,78,rider,0.1,0.1,region_crc,segformer_b2_cityscapes_mcdrop8,acdc_rain_targetcal25,1,
0.997,997,True,0.4074074074074074,0.4074074074074074,0.006063812877982855,0.9431578947368421,27,36.0,0.17052631578947375,False,0.5769230769230769,0.0,0.0,,,78,rider,0.1,0.1,heuristic,segformer_b2_cityscapes_mcdrop8,acdc_rain_targetcal25,1,
,-1,True,,0.7962962962962963,0.0002494020154699683,,475,,,False,,,,,,78,rider,0.1,0.1,argmax,segformer_b2_cityscapes_mcdrop8,acdc_rain_targetcal25,1,0.8055555555555556
1.0,1000,False,0.0,0.0,1.0,0.9431578947368421,27,36.0,0.0,False,0.0,0.0,0.0,,,78,rider,0.2,0.1,region_crc,segformer_b2_cityscapes_mcdrop8,acdc_rain_targetcal25,1,
0.997,997,True,0.4074074074074074,0.4074074074074074,0.006063812877982855,0.9431578947368421,27,36.0,0.17052631578947375,False,0.5769230769230769,0.0,0.0,,,78,rider,0.2,0.1,heuristic,segformer_b2_cityscapes_mcdrop8,acdc_rain_targetcal25,1,
,-1,True,,0.7962962962962963,0.0002494020154699683,,475,,,False,,,,,,78,rider,0.2,0.1,argmax,segformer_b2_cityscapes_mcdrop8,acdc_rain_targetcal25,1,0.8055555555555556
1.0,1000,False,0.0,0.0,1.0,0.9431578947368421,27,36.0,0.0,False,0.0,0.0,0.0,,,78,rider,0.05,0.5,region_crc,segformer_b2_cityscapes_mcdrop8,acdc_rain_targetcal25,1,
0.999,999,True,0.38271604938271603,0.38271604938271603,0.010610814206302166,0.9431578947368421,27,36.0,0.1557894736842106,False,0.5,0.0,0.0,,,78,rider,0.05,0.5,heuristic,segformer_b2_cityscapes_mcdrop8,acdc_rain_targetcal25,1,
,-1,True,,0.8518518518518519,0.0002494020154699683,,475,,,False,,,,,,78,rider,0.05,0.5,argmax,segformer_b2_cityscapes_mcdrop8,acdc_rain_targetcal25,1,0.8611111111111112
1.0,1000,False,0.0,0.0,1.0,0.9431578947368421,27,36.0,0.0,False,0.0,0.0,0.0,,,78,rider,0.1,0.5,region_crc,segformer_b2_cityscapes_mcdrop8,acdc_rain_targetcal25,1,
0.999,999,True,0.38271604938271603,0.38271604938271603,0.010610814206302166,0.9431578947368421,27,36.0,0.1557894736842106,False,0.5,0.0,0.0,,,78,rider,0.1,0.5,heuristic,segformer_b2_cityscapes_mcdrop8,acdc_rain_targetcal25,1,
,-1,True,,0.8518518518518519,0.0002494020154699683,,475,,,False,,,,,,78,rider,0.1,0.5,argmax,segformer_b2_cityscapes_mcdrop8,acdc_rain_targetcal25,1,0.8611111111111112
1.0,1000,False,0.0,0.0,1.0,0.9431578947368421,27,36.0,0.0,False,0.0,0.0,0.0,,,78,rider,0.2,0.5,region_crc,segformer_b2_cityscapes_mcdrop8,acdc_rain_targetcal25,1,
0.999,999,True,0.38271604938271603,0.38271604938271603,0.010610814206302166,0.9431578947368421,27,36.0,0.1557894736842106,False,0.5,0.0,0.0,,,78,rider,0.2,0.5,heuristic,segformer_b2_cityscapes_mcdrop8,acdc_rain_targetcal25,1,
,-1,True,,0.8518518518518519,0.0002494020154699683,,475,,,False,,,,,,78,rider,0.2,0.5,argmax,segformer_b2_cityscapes_mcdrop8,acdc_rain_targetcal25,1,0.8611111111111112
1.0,1000,False,0.0,0.0,1.0,0.8315789473684211,80,153.0,0.0,False,0.0,0.0,0.0,,,78,bicycle,0.05,0.1,region_crc,segformer_b2_cityscapes_mcdrop8,acdc_rain_targetcal25,3,
0.995,995,True,0.30586309523809524,0.30586309523809524,0.013207362964749336,0.8315789473684211,80,153.0,0.16842105263157903,False,0.45977011494252873,0.1111111111111111,0.0,,,78,bicycle,0.05,0.1,heuristic,segformer_b2_cityscapes_mcdrop8,acdc_rain_targetcal25,3,
,-1,True,,0.7495238095238095,0.0010875832522287965,,475,,,False,,,,,,78,bicycle,0.05,0.1,argmax,segformer_b2_cityscapes_mcdrop8,acdc_rain_targetcal25,3,0.738562091503268
1.0,1000,False,0.0,0.0,1.0,0.8315789473684211,80,153.0,0.0,False,0.0,0.0,0.0,,,78,bicycle,0.1,0.1,region_crc,segformer_b2_cityscapes_mcdrop8,acdc_rain_targetcal25,3,
0.995,995,True,0.30586309523809524,0.30586309523809524,0.013207362964749336,0.8315789473684211,80,153.0,0.16842105263157903,False,0.45977011494252873,0.1111111111111111,0.0,,,78,bicycle,0.1,0.1,heuristic,segformer_b2_cityscapes_mcdrop8,acdc_rain_targetcal25,3,
,-1,True,,0.7495238095238095,0.0010875832522287965,,475,,,False,,,,,,78,bicycle,0.1,0.1,argmax,segformer_b2_cityscapes_mcdrop8,acdc_rain_targetcal25,3,0.738562091503268
1.0,1000,False,0.0,0.0,1.0,0.8315789473684211,80,153.0,0.0,False,0.0,0.0,0.0,,,78,bicycle,0.2,0.1,region_crc,segformer_b2_cityscapes_mcdrop8,acdc_rain_targetcal25,3,
0.995,995,True,0.30586309523809524,0.30586309523809524,0.013207362964749336,0.8315789473684211,80,153.0,0.16842105263157903,False,0.45977011494252873,0.1111111111111111,0.0,,,78,bicycle,0.2,0.1,heuristic,segformer_b2_cityscapes_mcdrop8,acdc_rain_targetcal25,3,
,-1,True,,0.7495238095238095,0.0010875832522287965,,475,,,False,,,,,,78,bicycle,0.2,0.1,argmax,segformer_b2_cityscapes_mcdrop8,acdc_rain_targetcal25,3,0.738562091503268
1.0,1000,False,0.0,0.0,1.0,0.8315789473684211,80,153.0,0.0,False,0.0,0.0,0.0,,,78,bicycle,0.05,0.5,region_crc,segformer_b2_cityscapes_mcdrop8,acdc_rain_targetcal25,3,
1.0,1000,True,0.0,0.0,1.0,0.8315789473684211,80,153.0,0.0,False,0.0,0.0,0.0,,,78,bicycle,0.05,0.5,heuristic,segformer_b2_cityscapes_mcdrop8,acdc_rain_targetcal25,3,
,-1,True,,0.7749404761904761,0.0010875832522287965,,475,,,False,,,,,,78,bicycle,0.05,0.5,argmax,segformer_b2_cityscapes_mcdrop8,acdc_rain_targetcal25,3,0.7647058823529411
1.0,1000,False,0.0,0.0,1.0,0.8315789473684211,80,153.0,0.0,False,0.0,0.0,0.0,,,78,bicycle,0.1,0.5,region_crc,segformer_b2_cityscapes_mcdrop8,acdc_rain_targetcal25,3,
1.0,1000,True,0.0,0.0,1.0,0.8315789473684211,80,153.0,0.0,False,0.0,0.0,0.0,,,78,bicycle,0.1,0.5,heuristic,segformer_b2_cityscapes_mcdrop8,acdc_rain_targetcal25,3,
,-1,True,,0.7749404761904761,0.0010875832522287965,,475,,,False,,,,,,78,bicycle,0.1,0.5,argmax,segformer_b2_cityscapes_mcdrop8,acdc_rain_targetcal25,3,0.7647058823529411
1.0,1000,False,0.0,0.0,1.0,0.8315789473684211,80,153.0,0.0,False,0.0,0.0,0.0,,,78,bicycle,0.2,0.5,region_crc,segformer_b2_cityscapes_mcdrop8,acdc_rain_targetcal25,3,
1.0,1000,True,0.0,0.0,1.0,0.8315789473684211,80,153.0,0.0,False,0.0,0.0,0.0,,,78,bicycle,0.2,0.5,heuristic,segformer_b2_cityscapes_mcdrop8,acdc_rain_targetcal25,3,
,-1,True,,0.7749404761904761,0.0010875832522287965,,475,,,False,,,,,,78,bicycle,0.2,0.5,argmax,segformer_b2_cityscapes_mcdrop8,acdc_rain_targetcal25,3,0.7647058823529411
1.0,1000,False,0.0,0.0,1.0,0.6526315789473685,165,327.0,0.0,False,0.0,0.0,0.0,,,79,person,0.05,0.1,region_crc,segformer_b2_cityscapes_mcdrop8,acdc_rain_targetcal25,5,
0.984,984,True,0.17683501683501684,0.17683501683501684,0.017551036551594734,15.869473684210526,165,327.0,0.1663157894736842,False,0.21081081081081082,0.08403361344537816,0.0,,,79,person,0.05,0.1,heuristic,segformer_b2_cityscapes_mcdrop8,acdc_rain_targetcal25,5,
,-1,True,,0.6422107522107522,0.0018441275460645556,,475,,,False,,,,,,79,person,0.05,0.1,argmax,segformer_b2_cityscapes_mcdrop8,acdc_rain_targetcal25,5,0.5932721712538226
1.0,1000,False,0.0,0.0,1.0,0.6526315789473685,165,327.0,0.0,False,0.0,0.0,0.0,,,79,person,0.1,0.1,region_crc,segformer_b2_cityscapes_mcdrop8,acdc_rain_targetcal25,5,
0.98,980,True,0.1966951566951567,0.1966951566951567,0.015575097873806953,15.869473684210526,165,327.0,0.16210526315789475,False,0.23783783783783785,0.09243697478991597,0.0,,,79,person,0.1,0.1,heuristic,segformer_b2_cityscapes_mcdrop8,acdc_rain_targetcal25,5,
,-1,True,,0.6422107522107522,0.0018441275460645556,,475,,,False,,,,,,79,person,0.1,0.1,argmax,segformer_b2_cityscapes_mcdrop8,acdc_rain_targetcal25,5,0.5932721712538226
0.984,984,True,0.17683501683501684,0.17683501683501684,0.017551036551594734,15.869473684210526,165,327.0,0.1663157894736842,False,0.21081081081081082,0.08403361344537816,0.0,,,79,person,0.2,0.1,region_crc,segformer_b2_cityscapes_mcdrop8,acdc_rain_targetcal25,5,
0.98,980,True,0.1966951566951567,0.1966951566951567,0.015575097873806953,15.869473684210526,165,327.0,0.16210526315789475,False,0.23783783783783785,0.09243697478991597,0.0,,,79,person,0.2,0.1,heuristic,segformer_b2_cityscapes_mcdrop8,acdc_rain_targetcal25,5,
,-1,True,,0.6422107522107522,0.0018441275460645556,,475,,,False,,,,,,79,person,0.2,0.1,argmax,segformer_b2_cityscapes_mcdrop8,acdc_rain_targetcal25,5,0.5932721712538226
1.0,1000,False,0.0,0.0,1.0,0.6526315789473685,165,327.0,0.0,False,0.0,0.0,0.0,,,79,person,0.05,0.5,region_crc,segformer_b2_cityscapes_mcdrop8,acdc_rain_targetcal25,5,
0.991,991,True,0.2168971768971769,0.2168971768971769,0.023470217362046242,0.6526315789473685,165,327.0,0.14105263157894732,False,0.23243243243243245,0.12605042016806722,0.0,,,79,person,0.05,0.5,heuristic,segformer_b2_cityscapes_mcdrop8,acdc_rain_targetcal25,5,
,-1,True,,0.7652073852073853,0.0018441275460645556,,475,,,False,,,,,,79,person,0.05,0.5,argmax,segformer_b2_cityscapes_mcdrop8,acdc_rain_targetcal25,5,0.7003058103975535
1.0,1000,False,0.0,0.0,1.0,0.6526315789473685,165,327.0,0.0,False,0.0,0.0,0.0,,,79,person,0.1,0.5,region_crc,segformer_b2_cityscapes_mcdrop8,acdc_rain_targetcal25,5,
0.991,991,True,0.2168971768971769,0.2168971768971769,0.023470217362046242,0.6526315789473685,165,327.0,0.14105263157894732,False,0.23243243243243245,0.12605042016806722,0.0,,,79,person,0.1,0.5,heuristic,segformer_b2_cityscapes_mcdrop8,acdc_rain_targetcal25,5,
,-1,True,,0.7652073852073853,0.0018441275460645556,,475,,,False,,,,,,79,person,0.1,0.5,argmax,segformer_b2_cityscapes_mcdrop8,acdc_rain_targetcal25,5,0.7003058103975535
0.991,991,True,0.2168971768971769,0.2168971768971769,0.023470217362046242,0.6526315789473685,165,327.0,0.14105263157894732,False,0.23243243243243245,0.12605042016806722,0.0,,,79,person,0.2,0.5,region_crc,segformer_b2_cityscapes_mcdrop8,acdc_rain_targetcal25,5,
0.988,988,True,0.25392903392903393,0.25392903392903393,0.020346639677882195,0.6526315789473685,165,327.0,0.15368421052631576,False,0.2918918918918919,0.13445378151260504,0.0,,,79,person,0.2,0.5,heuristic,segformer_b2_cityscapes_mcdrop8,acdc_rain_targetcal25,5,
,-1,True,,0.7652073852073853,0.0018441275460645556,,475,,,False,,,,,,79,person,0.2,0.5,argmax,segformer_b2_cityscapes_mcdrop8,acdc_rain_targetcal25,5,0.7003058103975535
,-1,False,,,,,475,,,False,,,,,,79,rider,0.05,0.1,region_crc,segformer_b2_cityscapes_mcdrop8,acdc_rain_targetcal25,0,
,-1,False,,,,,475,,,False,,,,,,79,rider,0.05,0.1,heuristic,segformer_b2_cityscapes_mcdrop8,acdc_rain_targetcal25,0,
,-1,True,,0.8035714285714286,0.0002497614186722785,,475,,,False,,,,,,79,rider,0.05,0.1,argmax,segformer_b2_cityscapes_mcdrop8,acdc_rain_targetcal25,0,0.8157894736842105
,-1,False,,,,,475,,,False,,,,,,79,rider,0.1,0.1,region_crc,segformer_b2_cityscapes_mcdrop8,acdc_rain_targetcal25,0,
,-1,False,,,,,475,,,False,,,,,,79,rider,0.1,0.1,heuristic,segformer_b2_cityscapes_mcdrop8,acdc_rain_targetcal25,0,
,-1,True,,0.8035714285714286,0.0002497614186722785,,475,,,False,,,,,,79,rider,0.1,0.1,argmax,segformer_b2_cityscapes_mcdrop8,acdc_rain_targetcal25,0,0.8157894736842105
,-1,False,,,,,475,,,False,,,,,,79,rider,0.2,0.1,region_crc,segformer_b2_cityscapes_mcdrop8,acdc_rain_targetcal25,0,
,-1,False,,,,,475,,,False,,,,,,79,rider,0.2,0.1,heuristic,segformer_b2_cityscapes_mcdrop8,acdc_rain_targetcal25,0,
,-1,True,,0.8035714285714286,0.0002497614186722785,,475,,,False,,,,,,79,rider,0.2,0.1,argmax,segformer_b2_cityscapes_mcdrop8,acdc_rain_targetcal25,0,0.8157894736842105
,-1,False,,,,,475,,,False,,,,,,79,rider,0.05,0.5,region_crc,segformer_b2_cityscapes_mcdrop8,acdc_rain_targetcal25,0,
,-1,False,,,,,475,,,False,,,,,,79,rider,0.05,0.5,heuristic,segformer_b2_cityscapes_mcdrop8,acdc_rain_targetcal25,0,
,-1,True,,0.8571428571428571,0.0002497614186722785,,475,,,False,,,,,,79,rider,0.05,0.5,argmax,segformer_b2_cityscapes_mcdrop8,acdc_rain_targetcal25,0,0.868421052631579
,-1,False,,,,,475,,,False,,,,,,79,rider,0.1,0.5,region_crc,segformer_b2_cityscapes_mcdrop8,acdc_rain_targetcal25,0,
,-1,False,,,,,475,,,False,,,,,,79,rider,0.1,0.5,heuristic,segformer_b2_cityscapes_mcdrop8,acdc_rain_targetcal25,0,
,-1,True,,0.8571428571428571,0.0002497614186722785,,475,,,False,,,,,,79,rider,0.1,0.5,argmax,segformer_b2_cityscapes_mcdrop8,acdc_rain_targetcal25,0,0.868421052631579
,-1,False,,,,,475,,,False,,,,,,79,rider,0.2,0.5,region_crc,segformer_b2_cityscapes_mcdrop8,acdc_rain_targetcal25,0,
,-1,False,,,,,475,,,False,,,,,,79,rider,0.2,0.5,heuristic,segformer_b2_cityscapes_mcdrop8,acdc_rain_targetcal25,0,
,-1,True,,0.8571428571428571,0.0002497614186722785,,475,,,False,,,,,,79,rider,0.2,0.5,argmax,segformer_b2_cityscapes_mcdrop8,acdc_rain_targetcal25,0,0.868421052631579
1.0,1000,False,0.0,0.0,1.0,0.8273684210526315,82,158.0,0.0,False,0.0,0.0,0.0,,,79,bicycle,0.05,0.1,region_crc,segformer_b2_cityscapes_mcdrop8,acdc_rain_targetcal25,1,
1.0,1000,True,0.0,0.0,1.0,0.8273684210526315,82,158.0,0.0,False,0.0,0.0,0.0,,,79,bicycle,0.05,0.1,heuristic,segformer_b2_cityscapes_mcdrop8,acdc_rain_targetcal25,1,
,-1,True,,0.746486643437863,0.0010645559523254633,,475,,,False,,,,,,79,bicycle,0.05,0.1,argmax,segformer_b2_cityscapes_mcdrop8,acdc_rain_targetcal25,1,0.7278481012658228
1.0,1000,False,0.0,0.0,1.0,0.8273684210526315,82,158.0,0.0,False,0.0,0.0,0.0,,,79,bicycle,0.1,0.1,region_crc,segformer_b2_cityscapes_mcdrop8,acdc_rain_targetcal25,1,
1.0,1000,True,0.0,0.0,1.0,0.8273684210526315,82,158.0,0.0,False,0.0,0.0,0.0,,,79,bicycle,0.1,0.1,heuristic,segformer_b2_cityscapes_mcdrop8,acdc_rain_targetcal25,1,
,-1,True,,0.746486643437863,0.0010645559523254633,,475,,,False,,,,,,79,bicycle,0.1,0.1,argmax,segformer_b2_cityscapes_mcdrop8,acdc_rain_targetcal25,1,0.7278481012658228
1.0,1000,False,0.0,0.0,1.0,0.8273684210526315,82,158.0,0.0,False,0.0,0.0,0.0,,,79,bicycle,0.2,0.1,region_crc,segformer_b2_cityscapes_mcdrop8,acdc_rain_targetcal25,1,
1.0,1000,True,0.0,0.0,1.0,0.8273684210526315,82,158.0,0.0,False,0.0,0.0,0.0,,,79,bicycle,0.2,0.1,heuristic,segformer_b2_cityscapes_mcdrop8,acdc_rain_targetcal25,1,
,-1,True,,0.746486643437863,0.0010645559523254633,,475,,,False,,,,,,79,bicycle,0.2,0.1,argmax,segformer_b2_cityscapes_mcdrop8,acdc_rain_targetcal25,1,0.7278481012658228
1.0,1000,False,0.0,0.0,1.0,0.8273684210526315,82,158.0,0.0,False,0.0,0.0,0.0,,,79,bicycle,0.05,0.5,region_crc,segformer_b2_cityscapes_mcdrop8,acdc_rain_targetcal25,1,
1.0,1000,True,0.0,0.0,1.0,0.8273684210526315,82,158.0,0.0,False,0.0,0.0,0.0,,,79,bicycle,0.05,0.5,heuristic,segformer_b2_cityscapes_mcdrop8,acdc_rain_targetcal25,1,
,-1,True,,0.7712833914053426,0.0010645559523254633,,475,,,False,,,,,,79,bicycle,0.05,0.5,argmax,segformer_b2_cityscapes_mcdrop8,acdc_rain_targetcal25,1,0.7531645569620253
1.0,1000,False,0.0,0.0,1.0,0.8273684210526315,82,158.0,0.0,False,0.0,0.0,0.0,,,79,bicycle,0.1,0.5,region_crc,segformer_b2_cityscapes_mcdrop8,acdc_rain_targetcal25,1,
1.0,1000,True,0.0,0.0,1.0,0.8273684210526315,82,158.0,0.0,False,0.0,0.0,0.0,,,79,bicycle,0.1,0.5,heuristic,segformer_b2_cityscapes_mcdrop8,acdc_rain_targetcal25,1,
,-1,True,,0.7712833914053426,0.0010645559523254633,,475,,,False,,,,,,79,bicycle,0.1,0.5,argmax,segformer_b2_cityscapes_mcdrop8,acdc_rain_targetcal25,1,0.7531645569620253
1.0,1000,False,0.0,0.0,1.0,0.8273684210526315,82,158.0,0.0,False,0.0,0.0,0.0,,,79,bicycle,0.2,0.5,region_crc,segformer_b2_cityscapes_mcdrop8,acdc_rain_targetcal25,1,
1.0,1000,True,0.0,0.0,1.0,0.8273684210526315,82,158.0,0.0,False,0.0,0.0,0.0,,,79,bicycle,0.2,0.5,heuristic,segformer_b2_cityscapes_mcdrop8,acdc_rain_targetcal25,1,
,-1,True,,0.7712833914053426,0.0010645559523254633,,475,,,False,,,,,,79,bicycle,0.2,0.5,argmax,segformer_b2_cityscapes_mcdrop8,acdc_rain_targetcal25,1,0.7531645569620253
1.0,1000,False,0.0,0.0,1.0,0.6610526315789473,161,321.0,0.0,False,0.0,0.0,0.0,,,80,person,0.05,0.1,region_crc,segformer_b2_cityscapes_mcdrop8,acdc_rain_targetcal25,9,
0.999,999,True,0.03260869565217391,0.03260869565217391,0.06061260774731636,0.6610526315789473,161,321.0,0.13263157894736843,False,0.021739130434782608,0.02608695652173913,0.0,,,80,person,0.05,0.1,heuristic,segformer_b2_cityscapes_mcdrop8,acdc_rain_targetcal25,9,
,-1,True,,0.6395327584768579,0.0018355801003053784,,475,,,False,,,,,,80,person,0.05,0.1,argmax,segformer_b2_cityscapes_mcdrop8,acdc_rain_targetcal25,9,0.5887850467289719
0.999,999,True,0.03260869565217391,0.03260869565217391,0.06061260774731636,0.6610526315789473,161,321.0,0.13263157894736843,False,0.021739130434782608,0.02608695652173913,0.0,,,80,person,0.1,0.1,region_crc,segformer_b2_cityscapes_mcdrop8,acdc_rain_targetcal25,9,
0.999,999,True,0.03260869565217391,0.03260869565217391,0.06061260774731636,0.6610526315789473,161,321.0,0.13263157894736843,False,0.021739130434782608,0.02608695652173913,0.0,,,80,person,0.1,0.1,heuristic,segformer_b2_cityscapes_mcdrop8,acdc_rain_targetcal25,9,
,-1,True,,0.6395327584768579,0.0018355801003053784,,475,,,False,,,,,,80,person,0.1,0.1,argmax,segformer_b2_cityscapes_mcdrop8,acdc_rain_targetcal25,9,0.5887850467289719
0.975,975,True,0.2288668198606087,0.2288668198606087,0.01359338779002428,15.837894736842106,161,321.0,0.10736842105263161,False,0.266304347826087,0.10434782608695652,0.0,,,80,person,0.2,0.1,region_crc,segformer_b2_cityscapes_mcdrop8,acdc_rain_targetcal25,9,
0.972,972,True,0.24025398342168527,0.24025398342168527,0.012742334045469761,15.837894736842106,161,321.0,0.09473684210526317,False,0.2826086956521739,0.11304347826086956,0.0,,,80,person,0.2,0.1,heuristic,segformer_b2_cityscapes_mcdrop8,acdc_rain_targetcal25,9,
,-1,True,,0.6395327584768579,0.0018355801003053784,,475,,,False,,,,,,80,person,0.2,0.1,argmax,segformer_b2_cityscapes_mcdrop8,acdc_rain_targetcal25,9,0.5887850467289719
1.0,1000,False,0.0,0.0,1.0,0.6610526315789473,161,321.0,0.0,False,0.0,0.0,0.0,,,80,person,0.05,0.5,region_crc,segformer_b2_cityscapes_mcdrop8,acdc_rain_targetcal25,9,
1.0,1000,True,0.0,0.0,1.0,0.6610526315789473,161,321.0,0.0,False,0.0,0.0,0.0,,,80,person,0.05,0.5,heuristic,segformer_b2_cityscapes_mcdrop8,acdc_rain_targetcal25,9,
,-1,True,,0.7655852084423512,0.0018355801003053784,,475,,,False,,,,,,80,person,0.05,0.5,argmax,segformer_b2_cityscapes_mcdrop8,acdc_rain_targetcal25,9,0.6978193146417445
1.0,1000,True,0.0,0.0,1.0,0.6610526315789473,161,321.0,0.0,False,0.0,0.0,0.0,,,80,person,0.1,0.5,region_crc,segformer_b2_cityscapes_mcdrop8,acdc_rain_targetcal25,9,
1.0,1000,True,0.0,0.0,1.0,0.6610526315789473,161,321.0,0.0,False,0.0,0.0,0.0,,,80,person,0.1,0.5,heuristic,segformer_b2_cityscapes_mcdrop8,acdc_rain_targetcal25,9,
,-1,True,,0.7655852084423512,0.0018355801003053784,,475,,,False,,,,,,80,person,0.1,0.5,argmax,segformer_b2_cityscapes_mcdrop8,acdc_rain_targetcal25,9,0.6978193146417445
0.998,998,True,0.07577639751552795,0.07577639751552795,0.04593278467655182,0.6610526315789473,161,321.0,0.12,False,0.06521739130434782,0.05217391304347826,0.0,,,80,person,0.2,0.5,region_crc,segformer_b2_cityscapes_mcdrop8,acdc_rain_targetcal25,9,
0.996,996,True,0.1179089026915114,0.1179089026915114,0.034044455736875534,0.6610526315789473,161,321.0,0.12210526315789473,False,0.10326086956521739,0.09565217391304348,0.0,,,80,person,0.2,0.5,heuristic,segformer_b2_cityscapes_mcdrop8,acdc_rain_targetcal25,9,
,-1,True,,0.7655852084423512,0.0018355801003053784,,475,,,False,,,,,,80,person,0.2,0.5,argmax,segformer_b2_cityscapes_mcdrop8,acdc_rain_targetcal25,9,0.6978193146417445
,-1,False,,,,,475,,,False,,,,,,80,rider,0.05,0.1,region_crc,segformer_b2_cityscapes_mcdrop8,acdc_rain_targetcal25,0,
,-1,False,,,,,475,,,False,,,,,,80,rider,0.05,0.1,heuristic,segformer_b2_cityscapes_mcdrop8,acdc_rain_targetcal25,0,
,-1,True,,0.8035714285714286,0.00022129325952846557,,475,,,False,,,,,,80,rider,0.05,0.1,argmax,segformer_b2_cityscapes_mcdrop8,acdc_rain_targetcal25,0,0.8157894736842105
,-1,False,,,,,475,,,False,,,,,,80,rider,0.1,0.1,region_crc,segformer_b2_cityscapes_mcdrop8,acdc_rain_targetcal25,0,
,-1,False,,,,,475,,,False,,,,,,80,rider,0.1,0.1,heuristic,segformer_b2_cityscapes_mcdrop8,acdc_rain_targetcal25,0,
,-1,True,,0.8035714285714286,0.00022129325952846557,,475,,,False,,,,,,80,rider,0.1,0.1,argmax,segformer_b2_cityscapes_mcdrop8,acdc_rain_targetcal25,0,0.8157894736842105
,-1,False,,,,,475,,,False,,,,,,80,rider,0.2,0.1,region_crc,segformer_b2_cityscapes_mcdrop8,acdc_rain_targetcal25,0,
,-1,False,,,,,475,,,False,,,,,,80,rider,0.2,0.1,heuristic,segformer_b2_cityscapes_mcdrop8,acdc_rain_targetcal25,0,
,-1,True,,0.8035714285714286,0.00022129325952846557,,475,,,False,,,,,,80,rider,0.2,0.1,argmax,segformer_b2_cityscapes_mcdrop8,acdc_rain_targetcal25,0,0.8157894736842105
,-1,False,,,,,475,,,False,,,,,,80,rider,0.05,0.5,region_crc,segformer_b2_cityscapes_mcdrop8,acdc_rain_targetcal25,0,
,-1,False,,,,,475,,,False,,,,,,80,rider,0.05,0.5,heuristic,segformer_b2_cityscapes_mcdrop8,acdc_rain_targetcal25,0,
,-1,True,,0.8571428571428571,0.00022129325952846557,,475,,,False,,,,,,80,rider,0.05,0.5,argmax,segformer_b2_cityscapes_mcdrop8,acdc_rain_targetcal25,0,0.868421052631579
,-1,False,,,,,475,,,False,,,,,,80,rider,0.1,0.5,region_crc,segformer_b2_cityscapes_mcdrop8,acdc_rain_targetcal25,0,
,-1,False,,,,,475,,,False,,,,,,80,rider,0.1,0.5,heuristic,segformer_b2_cityscapes_mcdrop8,acdc_rain_targetcal25,0,
,-1,True,,0.8571428571428571,0.00022129325952846557,,475,,,False,,,,,,80,rider,0.1,0.5,argmax,segformer_b2_cityscapes_mcdrop8,acdc_rain_targetcal25,0,0.868421052631579
,-1,False,,,,,475,,,False,,,,,,80,rider,0.2,0.5,region_crc,segformer_b2_cityscapes_mcdrop8,acdc_rain_targetcal25,0,
,-1,False,,,,,475,,,False,,,,,,80,rider,0.2,0.5,heuristic,segformer_b2_cityscapes_mcdrop8,acdc_rain_targetcal25,0,
,-1,True,,0.8571428571428571,0.00022129325952846557,,475,,,False,,,,,,80,rider,0.2,0.5,argmax,segformer_b2_cityscapes_mcdrop8,acdc_rain_targetcal25,0,0.868421052631579
1.0,1000,False,0.0,0.0,1.0,0.8357894736842105,78,150.0,0.0,False,0.0,0.0,0.0,,,80,bicycle,0.05,0.1,region_crc,segformer_b2_cityscapes_mcdrop8,acdc_rain_targetcal25,5,
0.999,999,True,0.16166056166056167,0.16166056166056167,0.027960563078522682,0.8357894736842105,78,150.0,0.17894736842105252,False,0.25609756097560976,0.05555555555555555,0.0,,,80,bicycle,0.05,0.1,heuristic,segformer_b2_cityscapes_mcdrop8,acdc_rain_targetcal25,5,
,-1,True,,0.7334859584859584,0.001134163816459477,,475,,,False,,,,,,80,bicycle,0.05,0.1,argmax,segformer_b2_cityscapes_mcdrop8,acdc_rain_targetcal25,5,0.7133333333333334
1.0,1000,False,0.0,0.0,1.0,0.8357894736842105,78,150.0,0.0,False,0.0,0.0,0.0,,,80,bicycle,0.1,0.1,region_crc,segformer_b2_cityscapes_mcdrop8,acdc_rain_targetcal25,5,
0.999,999,True,0.16166056166056167,0.16166056166056167,0.027960563078522682,0.8357894736842105,78,150.0,0.17894736842105252,False,0.25609756097560976,0.05555555555555555,0.0,,,80,bicycle,0.1,0.1,heuristic,segformer_b2_cityscapes_mcdrop8,acdc_rain_targetcal25,5,
,-1,True,,0.7334859584859584,0.001134163816459477,,475,,,False,,,,,,80,bicycle,0.1,0.1,argmax,segformer_b2_cityscapes_mcdrop8,acdc_rain_targetcal25,5,0.7133333333333334
0.999,999,True,0.16166056166056167,0.16166056166056167,0.027960563078522682,0.8357894736842105,78,150.0,0.17894736842105252,False,0.25609756097560976,0.05555555555555555,0.0,,,80,bicycle,0.2,0.1,region_crc,segformer_b2_cityscapes_mcdrop8,acdc_rain_targetcal25,5,
0.999,999,True,0.16166056166056167,0.16166056166056167,0.027960563078522682,0.8357894736842105,78,150.0,0.17894736842105252,False,0.25609756097560976,0.05555555555555555,0.0,,,80,bicycle,0.2,0.1,heuristic,segformer_b2_cityscapes_mcdrop8,acdc_rain_targetcal25,5,
,-1,True,,0.7334859584859584,0.001134163816459477,,475,,,False,,,,,,80,bicycle,0.2,0.1,argmax,segformer_b2_cityscapes_mcdrop8,acdc_rain_targetcal25,5,0.7133333333333334
1.0,1000,False,0.0,0.0,1.0,0.8357894736842105,78,150.0,0.0,False,0.0,0.0,0.0,,,80,bicycle,0.05,0.5,region_crc,segformer_b2_cityscapes_mcdrop8,acdc_rain_targetcal25,5,
1.0,1000,True,0.0,0.0,1.0,0.8357894736842105,78,150.0,0.0,False,0.0,0.0,0.0,,,80,bicycle,0.05,0.5,heuristic,segformer_b2_cityscapes_mcdrop8,acdc_rain_targetcal25,5,
,-1,True,,0.7595543345543345,0.001134163816459477,,475,,,False,,,,,,80,bicycle,0.05,0.5,argmax,segformer_b2_cityscapes_mcdrop8,acdc_rain_targetcal25,5,0.74
1.0,1000,False,0.0,0.0,1.0,0.8357894736842105,78,150.0,0.0,False,0.0,0.0,0.0,,,80,bicycle,0.1,0.5,region_crc,segformer_b2_cityscapes_mcdrop8,acdc_rain_targetcal25,5,
1.0,1000,True,0.0,0.0,1.0,0.8357894736842105,78,150.0,0.0,False,0.0,0.0,0.0,,,80,bicycle,0.1,0.5,heuristic,segformer_b2_cityscapes_mcdrop8,acdc_rain_targetcal25,5,
,-1,True,,0.7595543345543345,0.001134163816459477,,475,,,False,,,,,,80,bicycle,0.1,0.5,argmax,segformer_b2_cityscapes_mcdrop8,acdc_rain_targetcal25,5,0.74
1.0,1000,True,0.0,0.0,1.0,0.8357894736842105,78,150.0,0.0,False,0.0,0.0,0.0,,,80,bicycle,0.2,0.5,region_crc,segformer_b2_cityscapes_mcdrop8,acdc_rain_targetcal25,5,
1.0,1000,True,0.0,0.0,1.0,0.8357894736842105,78,150.0,0.0,False,0.0,0.0,0.0,,,80,bicycle,0.2,0.5,heuristic,segformer_b2_cityscapes_mcdrop8,acdc_rain_targetcal25,5,
,-1,True,,0.7595543345543345,0.001134163816459477,,475,,,False,,,,,,80,bicycle,0.2,0.5,argmax,segformer_b2_cityscapes_mcdrop8,acdc_rain_targetcal25,5,0.74
1.0,1000,False,0.0,0.0,1.0,0.6547368421052632,164,325.0,0.0,False,0.0,0.0,0.0,,,81,person,0.05,0.1,region_crc,segformer_b2_cityscapes_mcdrop8,acdc_rain_targetcal25,6,
0.993,993,True,0.08577235772357723,0.08577235772357723,0.02652413211762905,0.6547368421052632,164,325.0,0.1010526315789474,False,0.0918918918918919,0.05128205128205128,0.0,,,81,person,0.05,0.1,heuristic,segformer_b2_cityscapes_mcdrop8,acdc_rain_targetcal25,6,
,-1,True,,0.6349478096429315,0.0018210189882665873,,475,,,False,,,,,,81,person,0.05,0.1,argmax,segformer_b2_cityscapes_mcdrop8,acdc_rain_targetcal25,6,0.5907692307692308
1.0,1000,False,0.0,0.0,1.0,0.6547368421052632,164,325.0,0.0,False,0.0,0.0,0.0,,,81,person,0.1,0.1,region_crc,segformer_b2_cityscapes_mcdrop8,acdc_rain_targetcal25,6,
0.993,993,True,0.08577235772357723,0.08577235772357723,0.02652413211762905,0.6547368421052632,164,325.0,0.1010526315789474,False,0.0918918918918919,0.05128205128205128,0.0,,,81,person,0.1,0.1,heuristic,segformer_b2_cityscapes_mcdrop8,acdc_rain_targetcal25,6,
,-1,True,,0.6349478096429315,0.0018210189882665873,,475,,,False,,,,,,81,person,0.1,0.1,argmax,segformer_b2_cityscapes_mcdrop8,acdc_rain_targetcal25,6,0.5907692307692308
0.993,993,True,0.08577235772357723,0.08577235772357723,0.02652413211762905,0.6547368421052632,164,325.0,0.1010526315789474,False,0.0918918918918919,0.05128205128205128,0.0,,,81,person,0.2,0.1,region_crc,segformer_b2_cityscapes_mcdrop8,acdc_rain_targetcal25,6,
0.982,982,True,0.17913279132791324,0.17913279132791327,0.0165176372975111,15.736842105263158,164,325.0,0.13473684210526315,False,0.22162162162162163,0.08547008547008547,0.0,,,81,person,0.2,0.1,heuristic,segformer_b2_cityscapes_mcdrop8,acdc_rain_targetcal25,6,
,-1,True,,0.6349478096429315,0.0018210189882665873,,475,,,False,,,,,,81,person,0.2,0.1,argmax,segformer_b2_cityscapes_mcdrop8,acdc_rain_targetcal25,6,0.5907692307692308
1.0,1000,False,0.0,0.0,1.0,0.6547368421052632,164,325.0,0.0,False,0.0,0.0,0.0,,,81,person,0.05,0.5,region_crc,segformer_b2_cityscapes_mcdrop8,acdc_rain_targetcal25,6,
0.996,996,True,0.12489837398373985,0.12489837398373985,0.03430765122175217,0.6547368421052632,164,325.0,0.08210526315789474,False,0.11351351351351352,0.10256410256410256,0.0,,,81,person,0.05,0.5,heuristic,segformer_b2_cityscapes_mcdrop8,acdc_rain_targetcal25,6,
,-1,True,,0.7597106822716579,0.0018210189882665873,,475,,,False,,,,,,81,person,0.05,0.5,argmax,segformer_b2_cityscapes_mcdrop8,acdc_rain_targetcal25,6,0.6984615384615385
1.0,1000,False,0.0,0.0,1.0,0.6547368421052632,164,325.0,0.0,False,0.0,0.0,0.0,,,81,person,0.1,0.5,region_crc,segformer_b2_cityscapes_mcdrop8,acdc_rain_targetcal25,6,
0.996,996,True,0.12489837398373985,0.12489837398373985,0.03430765122175217,0.6547368421052632,164,325.0,0.08210526315789474,False,0.11351351351351352,0.10256410256410256,0.0,,,81,person,0.1,0.5,heuristic,segformer_b2_cityscapes_mcdrop8,acdc_rain_targetcal25,6,
,-1,True,,0.7597106822716579,0.0018210189882665873,,475,,,False,,,,,,81,person,0.1,0.5,argmax,segformer_b2_cityscapes_mcdrop8,acdc_rain_targetcal25,6,0.6984615384615385
0.996,996,True,0.12489837398373985,0.12489837398373985,0.03430765122175217,0.6547368421052632,164,325.0,0.08210526315789474,False,0.11351351351351352,0.10256410256410256,0.0,,,81,person,0.2,0.5,region_crc,segformer_b2_cityscapes_mcdrop8,acdc_rain_targetcal25,6,
0.992,992,True,0.19382947675630602,0.19382947675630602,0.024885468184947968,0.6547368421052632,164,325.0,0.10947368421052628,False,0.21621621621621623,0.11965811965811966,0.0,,,81,person,0.2,0.5,heuristic,segformer_b2_cityscapes_mcdrop8,acdc_rain_targetcal25,6,
,-1,True,,0.7597106822716579,0.0018210189882665873,,475,,,False,,,,,,81,person,0.2,0.5,argmax,segformer_b2_cityscapes_mcdrop8,acdc_rain_targetcal25,6,0.6984615384615385
1.0,1000,False,0.0,0.0,1.0,0.9473684210526315,25,35.0,0.0,False,0.0,0.0,0.0,,,81,rider,0.05,0.1,region_crc,segformer_b2_cityscapes_mcdrop8,acdc_rain_targetcal25,3,
0.998,998,True,0.3466666666666666,0.3466666666666666,0.007495744153857231,0.9473684210526315,25,35.0,0.19789473684210523,False,0.5,0.0,0.0,,,81,rider,0.05,0.1,heuristic,segformer_b2_cityscapes_mcdrop8,acdc_rain_targetcal25,3,
,-1,True,,0.78,0.0002510822669137269,,475,,,False,,,,,,81,rider,0.05,0.1,argmax,segformer_b2_cityscapes_mcdrop8,acdc_rain_targetcal25,3,0.8
1.0,1000,False,0.0,0.0,1.0,0.9473684210526315,25,35.0,0.0,False,0.0,0.0,0.0,,,81,rider,0.1,0.1,region_crc,segformer_b2_cityscapes_mcdrop8,acdc_rain_targetcal25,3,
0.998,998,True,0.3466666666666666,0.3466666666666666,0.007495744153857231,0.9473684210526315,25,35.0,0.19789473684210523,False,0.5,0.0,0.0,,,81,rider,0.1,0.1,heuristic,segformer_b2_cityscapes_mcdrop8,acdc_rain_targetcal25,3,
,-1,True,,0.78,0.0002510822669137269,,475,,,False,,,,,,81,rider,0.1,0.1,argmax,segformer_b2_cityscapes_mcdrop8,acdc_rain_targetcal25,3,0.8
1.0,1000,False,0.0,0.0,1.0,0.9473684210526315,25,35.0,0.0,False,0.0,0.0,0.0,,,81,rider,0.2,0.1,region_crc,segformer_b2_cityscapes_mcdrop8,acdc_rain_targetcal25,3,
0.998,998,True,0.3466666666666666,0.3466666666666666,0.007495744153857231,0.9473684210526315,25,35.0,0.19789473684210523,False,0.5,0.0,0.0,,,81,rider,0.2,0.1,heuristic,segformer_b2_cityscapes_mcdrop8,acdc_rain_targetcal25,3,
,-1,True,,0.78,0.0002510822669137269,,475,,,False,,,,,,81,rider,0.2,0.1,argmax,segformer_b2_cityscapes_mcdrop8,acdc_rain_targetcal25,3,0.8
1.0,1000,False,0.0,0.0,1.0,0.9473684210526315,25,35.0,0.0,False,0.0,0.0,0.0,,,81,rider,0.05,0.5,region_crc,segformer_b2_cityscapes_mcdrop8,acdc_rain_targetcal25,3,
1.0,1000,True,0.0,0.0,1.0,0.9473684210526315,25,35.0,0.0,False,0.0,0.0,0.0,,,81,rider,0.05,0.5,heuristic,segformer_b2_cityscapes_mcdrop8,acdc_rain_targetcal25,3,
,-1,True,,0.84,0.0002510822669137269,,475,,,False,,,,,,81,rider,0.05,0.5,argmax,segformer_b2_cityscapes_mcdrop8,acdc_rain_targetcal25,3,0.8571428571428571
1.0,1000,False,0.0,0.0,1.0,0.9473684210526315,25,35.0,0.0,False,0.0,0.0,0.0,,,81,rider,0.1,0.5,region_crc,segformer_b2_cityscapes_mcdrop8,acdc_rain_targetcal25,3,
1.0,1000,True,0.0,0.0,1.0,0.9473684210526315,25,35.0,0.0,False,0.0,0.0,0.0,,,81,rider,0.1,0.5,heuristic,segformer_b2_cityscapes_mcdrop8,acdc_rain_targetcal25,3,
,-1,True,,0.84,0.0002510822669137269,,475,,,False,,,,,,81,rider,0.1,0.5,argmax,segformer_b2_cityscapes_mcdrop8,acdc_rain_targetcal25,3,0.8571428571428571
1.0,1000,False,0.0,0.0,1.0,0.9473684210526315,25,35.0,0.0,False,0.0,0.0,0.0,,,81,rider,0.2,0.5,region_crc,segformer_b2_cityscapes_mcdrop8,acdc_rain_targetcal25,3,
1.0,1000,True,0.0,0.0,1.0,0.9473684210526315,25,35.0,0.0,False,0.0,0.0,0.0,,,81,rider,0.2,0.5,heuristic,segformer_b2_cityscapes_mcdrop8,acdc_rain_targetcal25,3,
,-1,True,,0.84,0.0002510822669137269,,475,,,False,,,,,,81,rider,0.2,0.5,argmax,segformer_b2_cityscapes_mcdrop8,acdc_rain_targetcal25,3,0.8571428571428571
1.0,1000,False,0.0,0.0,1.0,0.8357894736842105,78,151.0,0.0,False,0.0,0.0,0.0,,,81,bicycle,0.05,0.1,region_crc,segformer_b2_cityscapes_mcdrop8,acdc_rain_targetcal25,5,
1.0,1000,True,0.0,0.0,1.0,0.8357894736842105,78,151.0,0.0,False,0.0,0.0,0.0,,,81,bicycle,0.05,0.1,heuristic,segformer_b2_cityscapes_mcdrop8,acdc_rain_targetcal25,5,
,-1,True,,0.7463064713064713,0.0011251511750742793,,475,,,False,,,,,,81,bicycle,0.05,0.1,argmax,segformer_b2_cityscapes_mcdrop8,acdc_rain_targetcal25,5,0.7218543046357616
1.0,1000,False,0.0,0.0,1.0,0.8357894736842105,78,151.0,0.0,False,0.0,0.0,0.0,,,81,bicycle,0.1,0.1,region_crc,segformer_b2_cityscapes_mcdrop8,acdc_rain_targetcal25,5,
1.0,1000,True,0.0,0.0,1.0,0.8357894736842105,78,151.0,0.0,False,0.0,0.0,0.0,,,81,bicycle,0.1,0.1,heuristic,segformer_b2_cityscapes_mcdrop8,acdc_rain_targetcal25,5,
,-1,True,,0.7463064713064713,0.0011251511750742793,,475,,,False,,,,,,81,bicycle,0.1,0.1,argmax,segformer_b2_cityscapes_mcdrop8,acdc_rain_targetcal25,5,0.7218543046357616
1.0,1000,True,0.0,0.0,1.0,0.8357894736842105,78,151.0,0.0,False,0.0,0.0,0.0,,,81,bicycle,0.2,0.1,region_crc,segformer_b2_cityscapes_mcdrop8,acdc_rain_targetcal25,5,
0.999,999,True,0.14884004884004884,0.14884004884004884,0.028160978108644485,0.8357894736842105,78,151.0,0.16842105263157894,False,0.2345679012345679,0.05357142857142857,0.0,,,81,bicycle,0.2,0.1,heuristic,segformer_b2_cityscapes_mcdrop8,acdc_rain_targetcal25,5,
,-1,True,,0.7463064713064713,0.0011251511750742793,,475,,,False,,,,,,81,bicycle,0.2,0.1,argmax,segformer_b2_cityscapes_mcdrop8,acdc_rain_targetcal25,5,0.7218543046357616
1.0,1000,False,0.0,0.0,1.0,0.8357894736842105,78,151.0,0.0,False,0.0,0.0,0.0,,,81,bicycle,0.05,0.5,region_crc,segformer_b2_cityscapes_mcdrop8,acdc_rain_targetcal25,5,
1.0,1000,True,0.0,0.0,1.0,0.8357894736842105,78,151.0,0.0,False,0.0,0.0,0.0,,,81,bicycle,0.05,0.5,heuristic,segformer_b2_cityscapes_mcdrop8,acdc_rain_targetcal25,5,
,-1,True,,0.7595543345543345,0.0011251511750742793,,475,,,False,,,,,,81,bicycle,0.05,0.5,argmax,segformer_b2_cityscapes_mcdrop8,acdc_rain_targetcal25,5,0.7417218543046358
1.0,1000,False,0.0,0.0,1.0,0.8357894736842105,78,151.0,0.0,False,0.0,0.0,0.0,,,81,bicycle,0.1,0.5,region_crc,segformer_b2_cityscapes_mcdrop8,acdc_rain_targetcal25,5,
1.0,1000,True,0.0,0.0,1.0,0.8357894736842105,78,151.0,0.0,False,0.0,0.0,0.0,,,81,bicycle,0.1,0.5,heuristic,segformer_b2_cityscapes_mcdrop8,acdc_rain_targetcal25,5,
,-1,True,,0.7595543345543345,0.0011251511750742793,,475,,,False,,,,,,81,bicycle,0.1,0.5,argmax,segformer_b2_cityscapes_mcdrop8,acdc_rain_targetcal25,5,0.7417218543046358
1.0,1000,True,0.0,0.0,1.0,0.8357894736842105,78,151.0,0.0,False,0.0,0.0,0.0,,,81,bicycle,0.2,0.5,region_crc,segformer_b2_cityscapes_mcdrop8,acdc_rain_targetcal25,5,
1.0,1000,True,0.0,0.0,1.0,0.8357894736842105,78,151.0,0.0,False,0.0,0.0,0.0,,,81,bicycle,0.2,0.5,heuristic,segformer_b2_cityscapes_mcdrop8,acdc_rain_targetcal25,5,
,-1,True,,0.7595543345543345,0.0011251511750742793,,475,,,False,,,,,,81,bicycle,0.2,0.5,argmax,segformer_b2_cityscapes_mcdrop8,acdc_rain_targetcal25,5,0.7417218543046358
1.0,1000,False,0.0,0.0,1.0,0.6568421052631579,163,319.0,0.0,False,0.0,0.0,0.0,,,82,person,0.05,0.1,region_crc,segformer_b2_cityscapes_mcdrop8,acdc_rain_targetcal25,7,
0.989,989,True,0.13759372869802317,0.13759372869802317,0.021151158958673477,0.6568421052631579,163,319.0,0.15157894736842104,False,0.16393442622950818,0.05309734513274336,0.0,,,82,person,0.05,0.1,heuristic,segformer_b2_cityscapes_mcdrop8,acdc_rain_targetcal25,7,
,-1,True,,0.6504996366959557,0.001813332550227642,,475,,,False,,,,,,82,person,0.05,0.1,argmax,segformer_b2_cityscapes_mcdrop8,acdc_rain_targetcal25,7,0.5956112852664577
1.0,1000,False,0.0,0.0,1.0,0.6568421052631579,163,319.0,0.0,False,0.0,0.0,0.0,,,82,person,0.1,0.1,region_crc,segformer_b2_cityscapes_mcdrop8,acdc_rain_targetcal25,7,
0.989,989,True,0.13759372869802317,0.13759372869802317,0.021151158958673477,0.6568421052631579,163,319.0,0.15157894736842104,False,0.16393442622950818,0.05309734513274336,0.0,,,82,person,0.1,0.1,heuristic,segformer_b2_cityscapes_mcdrop8,acdc_rain_targetcal25,7,
,-1,True,,0.6504996366959557,0.001813332550227642,,475,,,False,,,,,,82,person,0.1,0.1,argmax,segformer_b2_cityscapes_mcdrop8,acdc_rain_targetcal25,7,0.5956112852664577
0.989,989,True,0.13759372869802317,0.13759372869802317,0.021151158958673477,0.6568421052631579,163,319.0,0.15157894736842104,False,0.16393442622950818,0.05309734513274336,0.0,,,82,person,0.2,0.1,region_crc,segformer_b2_cityscapes_mcdrop8,acdc_rain_targetcal25,7,
0.928,928,True,0.41487411702135635,0.41487411702135635,0.007095999550074339,7.987368421052632,163,319.0,0.1663157894736842,False,0.4972677595628415,0.20353982300884957,0.043478260869565216,,,82,person,0.2,0.1,heuristic,segformer_b2_cityscapes_mcdrop8,acdc_rain_targetcal25,7,
,-1,True,,0.6504996366959557,0.001813332550227642,,475,,,False,,,,,,82,person,0.2,0.1,argmax,segformer_b2_cityscapes_mcdrop8,acdc_rain_targetcal25,7,0.5956112852664577
1.0,1000,False,0.0,0.0,1.0,0.6568421052631579,163,319.0,0.0,False,0.0,0.0,0.0,,,82,person,0.05,0.5,region_crc,segformer_b2_cityscapes_mcdrop8,acdc_rain_targetcal25,7,
0.997,997,True,0.10930470347648262,0.10930470347648263,0.038770582526922226,0.6568421052631579,163,319.0,0.09263157894736845,False,0.09836065573770492,0.09734513274336283,0.0,,,82,person,0.05,0.5,heuristic,segformer_b2_cityscapes_mcdrop8,acdc_rain_targetcal25,7,
,-1,True,,0.7698929563960238,0.001813332550227642,,475,,,False,,,,,,82,person,0.05,0.5,argmax,segformer_b2_cityscapes_mcdrop8,acdc_rain_targetcal25,7,0.7021943573667712
1.0,1000,False,0.0,0.0,1.0,0.6568421052631579,163,319.0,0.0,False,0.0,0.0,0.0,,,82,person,0.1,0.5,region_crc,segformer_b2_cityscapes_mcdrop8,acdc_rain_targetcal25,7,
0.997,997,True,0.10930470347648262,0.10930470347648263,0.038770582526922226,0.6568421052631579,163,319.0,0.09263157894736845,False,0.09836065573770492,0.09734513274336283,0.0,,,82,person,0.1,0.5,heuristic,segformer_b2_cityscapes_mcdrop8,acdc_rain_targetcal25,7,
,-1,True,,0.7698929563960238,0.001813332550227642,,475,,,False,,,,,,82,person,0.1,0.5,argmax,segformer_b2_cityscapes_mcdrop8,acdc_rain_targetcal25,7,0.7021943573667712
0.997,997,True,0.10930470347648262,0.10930470347648263,0.038770582526922226,0.6568421052631579,163,319.0,0.09263157894736845,False,0.09836065573770492,0.09734513274336283,0.0,,,82,person,0.2,0.5,region_crc,segformer_b2_cityscapes_mcdrop8,acdc_rain_targetcal25,7,
0.964,964,True,0.43062053828924995,0.43062053828924995,0.011061746627092361,15.770526315789473,163,319.0,0.15999999999999998,False,0.4972677595628415,0.22123893805309736,0.08695652173913043,,,82,person,0.2,0.5,heuristic,segformer_b2_cityscapes_mcdrop8,acdc_rain_targetcal25,7,
,-1,True,,0.7698929563960238,0.001813332550227642,,475,,,False,,,,,,82,person,0.2,0.5,argmax,segformer_b2_cityscapes_mcdrop8,acdc_rain_targetcal25,7,0.7021943573667712
,-1,False,,,,,475,,,False,,,,,,82,rider,0.05,0.1,region_crc,segformer_b2_cityscapes_mcdrop8,acdc_rain_targetcal25,0,
,-1,False,,,,,475,,,False,,,,,,82,rider,0.05,0.1,heuristic,segformer_b2_cityscapes_mcdrop8,acdc_rain_targetcal25,0,
,-1,True,,0.8035714285714286,0.00025056753656826913,,475,,,False,,,,,,82,rider,0.05,0.1,argmax,segformer_b2_cityscapes_mcdrop8,acdc_rain_targetcal25,0,0.8157894736842105
,-1,False,,,,,475,,,False,,,,,,82,rider,0.1,0.1,region_crc,segformer_b2_cityscapes_mcdrop8,acdc_rain_targetcal25,0,
,-1,False,,,,,475,,,False,,,,,,82,rider,0.1,0.1,heuristic,segformer_b2_cityscapes_mcdrop8,acdc_rain_targetcal25,0,
,-1,True,,0.8035714285714286,0.00025056753656826913,,475,,,False,,,,,,82,rider,0.1,0.1,argmax,segformer_b2_cityscapes_mcdrop8,acdc_rain_targetcal25,0,0.8157894736842105
,-1,False,,,,,475,,,False,,,,,,82,rider,0.2,0.1,region_crc,segformer_b2_cityscapes_mcdrop8,acdc_rain_targetcal25,0,
,-1,False,,,,,475,,,False,,,,,,82,rider,0.2,0.1,heuristic,segformer_b2_cityscapes_mcdrop8,acdc_rain_targetcal25,0,
,-1,True,,0.8035714285714286,0.00025056753656826913,,475,,,False,,,,,,82,rider,0.2,0.1,argmax,segformer_b2_cityscapes_mcdrop8,acdc_rain_targetcal25,0,0.8157894736842105
,-1,False,,,,,475,,,False,,,,,,82,rider,0.05,0.5,region_crc,segformer_b2_cityscapes_mcdrop8,acdc_rain_targetcal25,0,
,-1,False,,,,,475,,,False,,,,,,82,rider,0.05,0.5,heuristic,segformer_b2_cityscapes_mcdrop8,acdc_rain_targetcal25,0,
,-1,True,,0.8571428571428571,0.00025056753656826913,,475,,,False,,,,,,82,rider,0.05,0.5,argmax,segformer_b2_cityscapes_mcdrop8,acdc_rain_targetcal25,0,0.868421052631579
,-1,False,,,,,475,,,False,,,,,,82,rider,0.1,0.5,region_crc,segformer_b2_cityscapes_mcdrop8,acdc_rain_targetcal25,0,
,-1,False,,,,,475,,,False,,,,,,82,rider,0.1,0.5,heuristic,segformer_b2_cityscapes_mcdrop8,acdc_rain_targetcal25,0,
,-1,True,,0.8571428571428571,0.00025056753656826913,,475,,,False,,,,,,82,rider,0.1,0.5,argmax,segformer_b2_cityscapes_mcdrop8,acdc_rain_targetcal25,0,0.868421052631579
,-1,False,,,,,475,,,False,,,,,,82,rider,0.2,0.5,region_crc,segformer_b2_cityscapes_mcdrop8,acdc_rain_targetcal25,0,
,-1,False,,,,,475,,,False,,,,,,82,rider,0.2,0.5,heuristic,segformer_b2_cityscapes_mcdrop8,acdc_rain_targetcal25,0,
,-1,True,,0.8571428571428571,0.00025056753656826913,,475,,,False,,,,,,82,rider,0.2,0.5,argmax,segformer_b2_cityscapes_mcdrop8,acdc_rain_targetcal25,0,0.868421052631579
1.0,1000,False,0.0,0.0,1.0,0.8357894736842105,78,148.0,0.0,False,0.0,0.0,0.0,,,82,bicycle,0.05,0.1,region_crc,segformer_b2_cityscapes_mcdrop8,acdc_rain_targetcal25,5,
1.0,1000,True,0.0,0.0,1.0,0.8357894736842105,78,148.0,0.0,False,0.0,0.0,0.0,,,82,bicycle,0.05,0.1,heuristic,segformer_b2_cityscapes_mcdrop8,acdc_rain_targetcal25,5,
,-1,True,,0.7408119658119657,0.0010735858231782913,,475,,,False,,,,,,82,bicycle,0.05,0.1,argmax,segformer_b2_cityscapes_mcdrop8,acdc_rain_targetcal25,5,0.7364864864864865
1.0,1000,False,0.0,0.0,1.0,0.8357894736842105,78,148.0,0.0,False,0.0,0.0,0.0,,,82,bicycle,0.1,0.1,region_crc,segformer_b2_cityscapes_mcdrop8,acdc_rain_targetcal25,5,
1.0,1000,True,0.0,0.0,1.0,0.8357894736842105,78,148.0,0.0,False,0.0,0.0,0.0,,,82,bicycle,0.1,0.1,heuristic,segformer_b2_cityscapes_mcdrop8,acdc_rain_targetcal25,5,
,-1,True,,0.7408119658119657,0.0010735858231782913,,475,,,False,,,,,,82,bicycle,0.1,0.1,argmax,segformer_b2_cityscapes_mcdrop8,acdc_rain_targetcal25,5,0.7364864864864865
1.0,1000,True,0.0,0.0,1.0,0.8357894736842105,78,148.0,0.0,False,0.0,0.0,0.0,,,82,bicycle,0.2,0.1,region_crc,segformer_b2_cityscapes_mcdrop8,acdc_rain_targetcal25,5,
1.0,1000,True,0.0,0.0,1.0,0.8357894736842105,78,148.0,0.0,False,0.0,0.0,0.0,,,82,bicycle,0.2,0.1,heuristic,segformer_b2_cityscapes_mcdrop8,acdc_rain_targetcal25,5,
,-1,True,,0.7408119658119657,0.0010735858231782913,,475,,,False,,,,,,82,bicycle,0.2,0.1,argmax,segformer_b2_cityscapes_mcdrop8,acdc_rain_targetcal25,5,0.7364864864864865
1.0,1000,False,0.0,0.0,1.0,0.8357894736842105,78,148.0,0.0,False,0.0,0.0,0.0,,,82,bicycle,0.05,0.5,region_crc,segformer_b2_cityscapes_mcdrop8,acdc_rain_targetcal25,5,
1.0,1000,True,0.0,0.0,1.0,0.8357894736842105,78,148.0,0.0,False,0.0,0.0,0.0,,,82,bicycle,0.05,0.5,heuristic,segformer_b2_cityscapes_mcdrop8,acdc_rain_targetcal25,5,
,-1,True,,0.7668803418803418,0.0010735858231782913,,475,,,False,,,,,,82,bicycle,0.05,0.5,argmax,segformer_b2_cityscapes_mcdrop8,acdc_rain_targetcal25,5,0.7635135135135135
1.0,1000,False,0.0,0.0,1.0,0.8357894736842105,78,148.0,0.0,False,0.0,0.0,0.0,,,82,bicycle,0.1,0.5,region_crc,segformer_b2_cityscapes_mcdrop8,acdc_rain_targetcal25,5,
1.0,1000,True,0.0,0.0,1.0,0.8357894736842105,78,148.0,0.0,False,0.0,0.0,0.0,,,82,bicycle,0.1,0.5,heuristic,segformer_b2_cityscapes_mcdrop8,acdc_rain_targetcal25,5,
,-1,True,,0.7668803418803418,0.0010735858231782913,,475,,,False,,,,,,82,bicycle,0.1,0.5,argmax,segformer_b2_cityscapes_mcdrop8,acdc_rain_targetcal25,5,0.7635135135135135
1.0,1000,True,0.0,0.0,1.0,0.8357894736842105,78,148.0,0.0,False,0.0,0.0,0.0,,,82,bicycle,0.2,0.5,region_crc,segformer_b2_cityscapes_mcdrop8,acdc_rain_targetcal25,5,
1.0,1000,True,0.0,0.0,1.0,0.8357894736842105,78,148.0,0.0,False,0.0,0.0,0.0,,,82,bicycle,0.2,0.5,heuristic,segformer_b2_cityscapes_mcdrop8,acdc_rain_targetcal25,5,
,-1,True,,0.7668803418803418,0.0010735858231782913,,475,,,False,,,,,,82,bicycle,0.2,0.5,argmax,segformer_b2_cityscapes_mcdrop8,acdc_rain_targetcal25,5,0.7635135135135135
1.0,1000,False,0.0,0.0,1.0,0.6568421052631579,163,323.0,0.0,False,0.0,0.0,0.0,,,83,person,0.05,0.1,region_crc,segformer_b2_cityscapes_mcdrop8,acdc_rain_targetcal25,7,
0.997,997,True,0.055725971370143144,0.055725971370143144,0.03878258913755417,0.6568421052631579,163,323.0,0.1431578947368421,False,0.0546448087431694,0.02564102564102564,0.0,,,83,person,0.05,0.1,heuristic,segformer_b2_cityscapes_mcdrop8,acdc_rain_targetcal25,7,
,-1,True,,0.6347532154280621,0.001832320005632937,,475,,,False,,,,,,83,person,0.05,0.1,argmax,segformer_b2_cityscapes_mcdrop8,acdc_rain_targetcal25,7,0.5882352941176471
1.0,1000,False,0.0,0.0,1.0,0.6568421052631579,163,323.0,0.0,False,0.0,0.0,0.0,,,83,person,0.1,0.1,region_crc,segformer_b2_cityscapes_mcdrop8,acdc_rain_targetcal25,7,
0.991,991,True,0.1072597137014315,0.1072597137014315,0.023376911878585815,0.6568421052631579,163,323.0,0.12842105263157894,False,0.12568306010928962,0.05128205128205128,0.0,,,83,person,0.1,0.1,heuristic,segformer_b2_cityscapes_mcdrop8,acdc_rain_targetcal25,7,
,-1,True,,0.6347532154280621,0.001832320005632937,,475,,,False,,,,,,83,person,0.1,0.1,argmax,segformer_b2_cityscapes_mcdrop8,acdc_rain_targetcal25,7,0.5882352941176471
0.991,991,True,0.1072597137014315,0.1072597137014315,0.023376911878585815,0.6568421052631579,163,323.0,0.12842105263157894,False,0.12568306010928962,0.05128205128205128,0.0,,,83,person,0.2,0.1,region_crc,segformer_b2_cityscapes_mcdrop8,acdc_rain_targetcal25,7,
0.991,991,True,0.1072597137014315,0.1072597137014315,0.023376911878585815,0.6568421052631579,163,323.0,0.12842105263157894,False,0.12568306010928962,0.05128205128205128,0.0,,,83,person,0.2,0.1,heuristic,segformer_b2_cityscapes_mcdrop8,acdc_rain_targetcal25,7,
,-1,True,,0.6347532154280621,0.001832320005632937,,475,,,False,,,,,,83,person,0.2,0.1,argmax,segformer_b2_cityscapes_mcdrop8,acdc_rain_targetcal25,7,0.5882352941176471
1.0,1000,False,0.0,0.0,1.0,0.6568421052631579,163,323.0,0.0,False,0.0,0.0,0.0,,,83,person,0.05,0.5,region_crc,segformer_b2_cityscapes_mcdrop8,acdc_rain_targetcal25,7,
0.999,999,True,0.05368098159509203,0.05368098159509203,0.060677867382764816,0.6568421052631579,163,323.0,0.10105263157894737,False,0.04371584699453552,0.042735042735042736,0.0,,,83,person,0.05,0.5,heuristic,segformer_b2_cityscapes_mcdrop8,acdc_rain_targetcal25,7,
,-1,True,,0.7623264942283348,0.001832320005632937,,475,,,False,,,,,,83,person,0.05,0.5,argmax,segformer_b2_cityscapes_mcdrop8,acdc_rain_targetcal25,7,0.6996904024767802
1.0,1000,False,0.0,0.0,1.0,0.6568421052631579,163,323.0,0.0,False,0.0,0.0,0.0,,,83,person,0.1,0.5,region_crc,segformer_b2_cityscapes_mcdrop8,acdc_rain_targetcal25,7,
0.996,996,True,0.12259713701431493,0.12259713701431493,0.03418005630373955,0.6568421052631579,163,323.0,0.13894736842105262,False,0.1092896174863388,0.10256410256410256,0.0,,,83,person,0.1,0.5,heuristic,segformer_b2_cityscapes_mcdrop8,acdc_rain_targetcal25,7,
,-1,True,,0.7623264942283348,0.001832320005632937,,475,,,False,,,,,,83,person,0.1,0.5,argmax,segformer_b2_cityscapes_mcdrop8,acdc_rain_targetcal25,7,0.6996904024767802
0.996,996,True,0.12259713701431493,0.12259713701431493,0.03418005630373955,0.6568421052631579,163,323.0,0.13894736842105262,False,0.1092896174863388,0.10256410256410256,0.0,,,83,person,0.2,0.5,region_crc,segformer_b2_cityscapes_mcdrop8,acdc_rain_targetcal25,7,
0.996,996,True,0.12259713701431493,0.12259713701431493,0.03418005630373955,0.6568421052631579,163,323.0,0.13894736842105262,False,0.1092896174863388,0.10256410256410256,0.0,,,83,person,0.2,0.5,heuristic,segformer_b2_cityscapes_mcdrop8,acdc_rain_targetcal25,7,
,-1,True,,0.7623264942283348,0.001832320005632937,,475,,,False,,,,,,83,person,0.2,0.5,argmax,segformer_b2_cityscapes_mcdrop8,acdc_rain_targetcal25,7,0.6996904024767802
1.0,1000,False,0.0,0.0,1.0,0.9452631578947368,26,34.0,0.0,False,0.0,0.0,0.0,,,83,rider,0.05,0.1,region_crc,segformer_b2_cityscapes_mcdrop8,acdc_rain_targetcal25,2,
0.999,999,True,0.21153846153846154,0.21153846153846154,0.010426533408463001,0.9452631578947368,26,34.0,0.18947368421052632,False,0.30434782608695654,0.0,0.0,,,83,rider,0.05,0.1,heuristic,segformer_b2_cityscapes_mcdrop8,acdc_rain_targetcal25,2,
,-1,True,,0.7884615384615384,0.0002489298931322992,,475,,,False,,,,,,83,rider,0.05,0.1,argmax,segformer_b2_cityscapes_mcdrop8,acdc_rain_targetcal25,2,0.7941176470588235
1.0,1000,False,0.0,0.0,1.0,0.9452631578947368,26,34.0,0.0,False,0.0,0.0,0.0,,,83,rider,0.1,0.1,region_crc,segformer_b2_cityscapes_mcdrop8,acdc_rain_targetcal25,2,
0.999,999,True,0.21153846153846154,0.21153846153846154,0.010426533408463001,0.9452631578947368,26,34.0,0.18947368421052632,False,0.30434782608695654,0.0,0.0,,,83,rider,0.1,0.1,heuristic,segformer_b2_cityscapes_mcdrop8,acdc_rain_targetcal25,2,
,-1,True,,0.7884615384615384,0.0002489298931322992,,475,,,False,,,,,,83,rider,0.1,0.1,argmax,segformer_b2_cityscapes_mcdrop8,acdc_rain_targetcal25,2,0.7941176470588235
1.0,1000,False,0.0,0.0,1.0,0.9452631578947368,26,34.0,0.0,False,0.0,0.0,0.0,,,83,rider,0.2,0.1,region_crc,segformer_b2_cityscapes_mcdrop8,acdc_rain_targetcal25,2,
0.999,999,True,0.21153846153846154,0.21153846153846154,0.010426533408463001,0.9452631578947368,26,34.0,0.18947368421052632,False,0.30434782608695654,0.0,0.0,,,83,rider,0.2,0.1,heuristic,segformer_b2_cityscapes_mcdrop8,acdc_rain_targetcal25,2,
,-1,True,,0.7884615384615384,0.0002489298931322992,,475,,,False,,,,,,83,rider,0.2,0.1,argmax,segformer_b2_cityscapes_mcdrop8,acdc_rain_targetcal25,2,0.7941176470588235
1.0,1000,False,0.0,0.0,1.0,0.9452631578947368,26,34.0,0.0,False,0.0,0.0,0.0,,,83,rider,0.05,0.5,region_crc,segformer_b2_cityscapes_mcdrop8,acdc_rain_targetcal25,2,
1.0,1000,True,0.0,0.0,1.0,0.9452631578947368,26,34.0,0.0,False,0.0,0.0,0.0,,,83,rider,0.05,0.5,heuristic,segformer_b2_cityscapes_mcdrop8,acdc_rain_targetcal25,2,
,-1,True,,0.8461538461538461,0.0002489298931322992,,475,,,False,,,,,,83,rider,0.05,0.5,argmax,segformer_b2_cityscapes_mcdrop8,acdc_rain_targetcal25,2,0.8529411764705882
1.0,1000,False,0.0,0.0,1.0,0.9452631578947368,26,34.0,0.0,False,0.0,0.0,0.0,,,83,rider,0.1,0.5,region_crc,segformer_b2_cityscapes_mcdrop8,acdc_rain_targetcal25,2,
1.0,1000,True,0.0,0.0,1.0,0.9452631578947368,26,34.0,0.0,False,0.0,0.0,0.0,,,83,rider,0.1,0.5,heuristic,segformer_b2_cityscapes_mcdrop8,acdc_rain_targetcal25,2,
,-1,True,,0.8461538461538461,0.0002489298931322992,,475,,,False,,,,,,83,rider,0.1,0.5,argmax,segformer_b2_cityscapes_mcdrop8,acdc_rain_targetcal25,2,0.8529411764705882
1.0,1000,False,0.0,0.0,1.0,0.9452631578947368,26,34.0,0.0,False,0.0,0.0,0.0,,,83,rider,0.2,0.5,region_crc,segformer_b2_cityscapes_mcdrop8,acdc_rain_targetcal25,2,
0.999,999,True,0.38461538461538464,0.38461538461538464,0.010426533408463001,0.9452631578947368,26,34.0,0.18947368421052632,False,0.5217391304347826,0.0,0.0,,,83,rider,0.2,0.5,heuristic,segformer_b2_cityscapes_mcdrop8,acdc_rain_targetcal25,2,
,-1,True,,0.8461538461538461,0.0002489298931322992,,475,,,False,,,,,,83,rider,0.2,0.5,argmax,segformer_b2_cityscapes_mcdrop8,acdc_rain_targetcal25,2,0.8529411764705882
1.0,1000,False,0.0,0.0,1.0,0.8357894736842105,78,146.0,0.0,False,0.0,0.0,0.0,,,83,bicycle,0.05,0.1,region_crc,segformer_b2_cityscapes_mcdrop8,acdc_rain_targetcal25,5,
0.997,997,True,0.27277167277167275,0.27277167277167275,0.016930188983678818,0.8357894736842105,78,146.0,0.1305263157894737,False,0.3974358974358974,0.09090909090909091,0.0,,,83,bicycle,0.05,0.1,heuristic,segformer_b2_cityscapes_mcdrop8,acdc_rain_targetcal25,5,
,-1,True,,0.7463064713064713,0.001090157893486321,,475,,,False,,,,,,83,bicycle,0.05,0.1,argmax,segformer_b2_cityscapes_mcdrop8,acdc_rain_targetcal25,5,0.7328767123287672
1.0,1000,False,0.0,0.0,1.0,0.8357894736842105,78,146.0,0.0,False,0.0,0.0,0.0,,,83,bicycle,0.1,0.1,region_crc,segformer_b2_cityscapes_mcdrop8,acdc_rain_targetcal25,5,
0.997,997,True,0.27277167277167275,0.27277167277167275,0.016930188983678818,0.8357894736842105,78,146.0,0.1305263157894737,False,0.3974358974358974,0.09090909090909091,0.0,,,83,bicycle,0.1,0.1,heuristic,segformer_b2_cityscapes_mcdrop8,acdc_rain_targetcal25,5,
,-1,True,,0.7463064713064713,0.001090157893486321,,475,,,False,,,,,,83,bicycle,0.1,0.1,argmax,segformer_b2_cityscapes_mcdrop8,acdc_rain_targetcal25,5,0.7328767123287672
0.997,997,True,0.27277167277167275,0.27277167277167275,0.016930188983678818,0.8357894736842105,78,146.0,0.1305263157894737,False,0.3974358974358974,0.09090909090909091,0.0,,,83,bicycle,0.2,0.1,region_crc,segformer_b2_cityscapes_mcdrop8,acdc_rain_targetcal25,5,
0.996,996,True,0.28174603174603174,0.28174603174603174,0.014662160538136959,0.8357894736842105,78,146.0,0.13263157894736843,False,0.4230769230769231,0.10909090909090909,0.0,,,83,bicycle,0.2,0.1,heuristic,segformer_b2_cityscapes_mcdrop8,acdc_rain_targetcal25,5,
,-1,True,,0.7463064713064713,0.001090157893486321,,475,,,False,,,,,,83,bicycle,0.2,0.1,argmax,segformer_b2_cityscapes_mcdrop8,acdc_rain_targetcal25,5,0.7328767123287672
1.0,1000,False,0.0,0.0,1.0,0.8357894736842105,78,146.0,0.0,False,0.0,0.0,0.0,,,83,bicycle,0.05,0.5,region_crc,segformer_b2_cityscapes_mcdrop8,acdc_rain_targetcal25,5,
0.999,999,True,0.23217338217338215,0.23217338217338215,0.028333699330687523,0.8357894736842105,78,146.0,0.17473684210526313,False,0.32051282051282054,0.10909090909090909,0.0,,,83,bicycle,0.05,0.5,heuristic,segformer_b2_cityscapes_mcdrop8,acdc_rain_targetcal25,5,
,-1,True,,0.7723748473748474,0.001090157893486321,,475,,,False,,,,,,83,bicycle,0.05,0.5,argmax,segformer_b2_cityscapes_mcdrop8,acdc_rain_targetcal25,5,0.7602739726027398
1.0,1000,False,0.0,0.0,1.0,0.8357894736842105,78,146.0,0.0,False,0.0,0.0,0.0,,,83,bicycle,0.1,0.5,region_crc,segformer_b2_cityscapes_mcdrop8,acdc_rain_targetcal25,5,
0.999,999,True,0.23217338217338215,0.23217338217338215,0.028333699330687523,0.8357894736842105,78,146.0,0.17473684210526313,False,0.32051282051282054,0.10909090909090909,0.0,,,83,bicycle,0.1,0.5,heuristic,segformer_b2_cityscapes_mcdrop8,acdc_rain_targetcal25,5,
,-1,True,,0.7723748473748474,0.001090157893486321,,475,,,False,,,,,,83,bicycle,0.1,0.5,argmax,segformer_b2_cityscapes_mcdrop8,acdc_rain_targetcal25,5,0.7602739726027398
0.999,999,True,0.23217338217338215,0.23217338217338215,0.028333699330687523,0.8357894736842105,78,146.0,0.17473684210526313,False,0.32051282051282054,0.10909090909090909,0.0,,,83,bicycle,0.2,0.5,region_crc,segformer_b2_cityscapes_mcdrop8,acdc_rain_targetcal25,5,
0.998,998,True,0.3081501831501831,0.3081501831501831,0.020597057417035103,0.8357894736842105,78,146.0,0.1473684210526316,False,0.4358974358974359,0.12727272727272726,0.0,,,83,bicycle,0.2,0.5,heuristic,segformer_b2_cityscapes_mcdrop8,acdc_rain_targetcal25,5,
,-1,True,,0.7723748473748474,0.001090157893486321,,475,,,False,,,,,,83,bicycle,0.2,0.5,argmax,segformer_b2_cityscapes_mcdrop8,acdc_rain_targetcal25,5,0.7602739726027398
1.0,1000,False,0.0,0.0,1.0,0.6568421052631579,163,326.0,0.0,False,0.0,0.0,0.0,,,84,person,0.05,0.1,region_crc,segformer_b2_cityscapes_mcdrop8,acdc_rain_targetcal25,7,
0.993,993,True,0.08629856850715746,0.08629856850715746,0.0263537485152483,0.6568421052631579,163,326.0,0.20842105263157895,False,0.0913978494623656,0.05042016806722689,0.0,,,84,person,0.05,0.1,heuristic,segformer_b2_cityscapes_mcdrop8,acdc_rain_targetcal25,7,
,-1,True,,0.6286182461029087,0.0017753653228282928,,475,,,False,,,,,,84,person,0.05,0.1,argmax,segformer_b2_cityscapes_mcdrop8,acdc_rain_targetcal25,7,0.5858895705521472
1.0,1000,False,0.0,0.0,1.0,0.6568421052631579,163,326.0,0.0,False,0.0,0.0,0.0,,,84,person,0.1,0.1,region_crc,segformer_b2_cityscapes_mcdrop8,acdc_rain_targetcal25,7,
0.993,993,True,0.08629856850715746,0.08629856850715746,0.0263537485152483,0.6568421052631579,163,326.0,0.20842105263157895,False,0.0913978494623656,0.05042016806722689,0.0,,,84,person,0.1,0.1,heuristic,segformer_b2_cityscapes_mcdrop8,acdc_rain_targetcal25,7,
,-1,True,,0.6286182461029087,0.0017753653228282928,,475,,,False,,,,,,84,person,0.1,0.1,argmax,segformer_b2_cityscapes_mcdrop8,acdc_rain_targetcal25,7,0.5858895705521472
0.993,993,True,0.08629856850715746,0.08629856850715746,0.0263537485152483,0.6568421052631579,163,326.0,0.20842105263157895,False,0.0913978494623656,0.05042016806722689,0.0,,,84,person,0.2,0.1,region_crc,segformer_b2_cityscapes_mcdrop8,acdc_rain_targetcal25,7,
0.99,990,True,0.11100886162235855,0.11100886162235855,0.02213362790644169,0.6568421052631579,163,326.0,0.21894736842105256,False,0.13440860215053763,0.05042016806722689,0.0,,,84,person,0.2,0.1,heuristic,segformer_b2_cityscapes_mcdrop8,acdc_rain_targetcal25,7,
,-1,True,,0.6286182461029087,0.0017753653228282928,,475,,,False,,,,,,84,person,0.2,0.1,argmax,segformer_b2_cityscapes_mcdrop8,acdc_rain_targetcal25,7,0.5858895705521472
1.0,1000,False,0.0,0.0,1.0,0.6568421052631579,163,326.0,0.0,False,0.0,0.0,0.0,,,84,person,0.05,0.5,region_crc,segformer_b2_cityscapes_mcdrop8,acdc_rain_targetcal25,7,
0.998,998,True,0.08098159509202453,0.08098159509202453,0.046038828790187836,0.6568421052631579,163,326.0,0.15368421052631576,False,0.07526881720430108,0.05042016806722689,0.0,,,84,person,0.05,0.5,heuristic,segformer_b2_cityscapes_mcdrop8,acdc_rain_targetcal25,7,
,-1,True,,0.7561915249031814,0.0017753653228282928,,475,,,False,,,,,,84,person,0.05,0.5,argmax,segformer_b2_cityscapes_mcdrop8,acdc_rain_targetcal25,7,0.696319018404908
1.0,1000,False,0.0,0.0,1.0,0.6568421052631579,163,326.0,0.0,False,0.0,0.0,0.0,,,84,person,0.1,0.5,region_crc,segformer_b2_cityscapes_mcdrop8,acdc_rain_targetcal25,7,
0.998,998,True,0.08098159509202453,0.08098159509202453,0.046038828790187836,0.6568421052631579,163,326.0,0.15368421052631576,False,0.07526881720430108,0.05042016806722689,0.0,,,84,person,0.1,0.5,heuristic,segformer_b2_cityscapes_mcdrop8,acdc_rain_targetcal25,7,
,-1,True,,0.7561915249031814,0.0017753653228282928,,475,,,False,,,,,,84,person,0.1,0.5,argmax,segformer_b2_cityscapes_mcdrop8,acdc_rain_targetcal25,7,0.696319018404908
0.998,998,True,0.08098159509202453,0.08098159509202453,0.046038828790187836,0.6568421052631579,163,326.0,0.15368421052631576,False,0.07526881720430108,0.05042016806722689,0.0,,,84,person,0.2,0.5,region_crc,segformer_b2_cityscapes_mcdrop8,acdc_rain_targetcal25,7,
0.997,997,True,0.10316973415132923,0.10316973415132924,0.038763392716646194,0.6568421052631579,163,326.0,0.16210526315789464,False,0.0913978494623656,0.09243697478991597,0.0,,,84,person,0.2,0.5,heuristic,segformer_b2_cityscapes_mcdrop8,acdc_rain_targetcal25,7,
,-1,True,,0.7561915249031814,0.0017753653228282928,,475,,,False,,,,,,84,person,0.2,0.5,argmax,segformer_b2_cityscapes_mcdrop8,acdc_rain_targetcal25,7,0.696319018404908
1.0,1000,False,0.0,0.0,1.0,0.9473684210526315,25,33.0,0.0,False,0.0,0.0,0.0,,,84,rider,0.05,0.1,region_crc,segformer_b2_cityscapes_mcdrop8,acdc_rain_targetcal25,3,
1.0,1000,True,0.0,0.0,1.0,0.9473684210526315,25,33.0,0.0,False,0.0,0.0,0.0,,,84,rider,0.05,0.1,heuristic,segformer_b2_cityscapes_mcdrop8,acdc_rain_targetcal25,3,
,-1,True,,0.78,0.00023781877825967968,,475,,,False,,,,,,84,rider,0.05,0.1,argmax,segformer_b2_cityscapes_mcdrop8,acdc_rain_targetcal25,3,0.7878787878787878
1.0,1000,False,0.0,0.0,1.0,0.9473684210526315,25,33.0,0.0,False,0.0,0.0,0.0,,,84,rider,0.1,0.1,region_crc,segformer_b2_cityscapes_mcdrop8,acdc_rain_targetcal25,3,
1.0,1000,True,0.0,0.0,1.0,0.9473684210526315,25,33.0,0.0,False,0.0,0.0,0.0,,,84,rider,0.1,0.1,heuristic,segformer_b2_cityscapes_mcdrop8,acdc_rain_targetcal25,3,
,-1,True,,0.78,0.00023781877825967968,,475,,,False,,,,,,84,rider,0.1,0.1,argmax,segformer_b2_cityscapes_mcdrop8,acdc_rain_targetcal25,3,0.7878787878787878
1.0,1000,False,0.0,0.0,1.0,0.9473684210526315,25,33.0,0.0,False,0.0,0.0,0.0,,,84,rider,0.2,0.1,region_crc,segformer_b2_cityscapes_mcdrop8,acdc_rain_targetcal25,3,
1.0,1000,True,0.0,0.0,1.0,0.9473684210526315,25,33.0,0.0,False,0.0,0.0,0.0,,,84,rider,0.2,0.1,heuristic,segformer_b2_cityscapes_mcdrop8,acdc_rain_targetcal25,3,
,-1,True,,0.78,0.00023781877825967968,,475,,,False,,,,,,84,rider,0.2,0.1,argmax,segformer_b2_cityscapes_mcdrop8,acdc_rain_targetcal25,3,0.7878787878787878
1.0,1000,False,0.0,0.0,1.0,0.9473684210526315,25,33.0,0.0,False,0.0,0.0,0.0,,,84,rider,0.05,0.5,region_crc,segformer_b2_cityscapes_mcdrop8,acdc_rain_targetcal25,3,
1.0,1000,True,0.0,0.0,1.0,0.9473684210526315,25,33.0,0.0,False,0.0,0.0,0.0,,,84,rider,0.05,0.5,heuristic,segformer_b2_cityscapes_mcdrop8,acdc_rain_targetcal25,3,
,-1,True,,0.84,0.00023781877825967968,,475,,,False,,,,,,84,rider,0.05,0.5,argmax,segformer_b2_cityscapes_mcdrop8,acdc_rain_targetcal25,3,0.8484848484848485
1.0,1000,False,0.0,0.0,1.0,0.9473684210526315,25,33.0,0.0,False,0.0,0.0,0.0,,,84,rider,0.1,0.5,region_crc,segformer_b2_cityscapes_mcdrop8,acdc_rain_targetcal25,3,
1.0,1000,True,0.0,0.0,1.0,0.9473684210526315,25,33.0,0.0,False,0.0,0.0,0.0,,,84,rider,0.1,0.5,heuristic,segformer_b2_cityscapes_mcdrop8,acdc_rain_targetcal25,3,
,-1,True,,0.84,0.00023781877825967968,,475,,,False,,,,,,84,rider,0.1,0.5,argmax,segformer_b2_cityscapes_mcdrop8,acdc_rain_targetcal25,3,0.8484848484848485
1.0,1000,False,0.0,0.0,1.0,0.9473684210526315,25,33.0,0.0,False,0.0,0.0,0.0,,,84,rider,0.2,0.5,region_crc,segformer_b2_cityscapes_mcdrop8,acdc_rain_targetcal25,3,
1.0,1000,True,0.0,0.0,1.0,0.9473684210526315,25,33.0,0.0,False,0.0,0.0,0.0,,,84,rider,0.2,0.5,heuristic,segformer_b2_cityscapes_mcdrop8,acdc_rain_targetcal25,3,
,-1,True,,0.84,0.00023781877825967968,,475,,,False,,,,,,84,rider,0.2,0.5,argmax,segformer_b2_cityscapes_mcdrop8,acdc_rain_targetcal25,3,0.8484848484848485
1.0,1000,False,0.0,0.0,1.0,0.8421052631578947,75,145.0,0.0,False,0.0,0.0,0.0,,,84,bicycle,0.05,0.1,region_crc,segformer_b2_cityscapes_mcdrop8,acdc_rain_targetcal25,8,
0.9550000000000001,955,True,0.5065396825396825,0.5065396825396825,0.003808136098086834,3.8547368421052632,75,145.0,0.19789473684210523,False,0.654320987654321,0.3018867924528302,0.0,,,84,bicycle,0.05,0.1,heuristic,segformer_b2_cityscapes_mcdrop8,acdc_rain_targetcal25,8,
,-1,True,,0.7939365079365078,0.0010122887324541807,,475,,,False,,,,,,84,bicycle,0.05,0.1,argmax,segformer_b2_cityscapes_mcdrop8,acdc_rain_targetcal25,8,0.7586206896551724
1.0,1000,False,0.0,0.0,1.0,0.8421052631578947,75,145.0,0.0,False,0.0,0.0,0.0,,,84,bicycle,0.1,0.1,region_crc,segformer_b2_cityscapes_mcdrop8,acdc_rain_targetcal25,8,
0.9550000000000001,955,True,0.5065396825396825,0.5065396825396825,0.003808136098086834,3.8547368421052632,75,145.0,0.19789473684210523,False,0.654320987654321,0.3018867924528302,0.0,,,84,bicycle,0.1,0.1,heuristic,segformer_b2_cityscapes_mcdrop8,acdc_rain_targetcal25,8,
,-1,True,,0.7939365079365078,0.0010122887324541807,,475,,,False,,,,,,84,bicycle,0.1,0.1,argmax,segformer_b2_cityscapes_mcdrop8,acdc_rain_targetcal25,8,0.7586206896551724
0.9550000000000001,955,True,0.5065396825396825,0.5065396825396825,0.003808136098086834,3.8547368421052632,75,145.0,0.19789473684210523,False,0.654320987654321,0.3018867924528302,0.0,,,84,bicycle,0.2,0.1,region_crc,segformer_b2_cityscapes_mcdrop8,acdc_rain_targetcal25,8,
0.883,883,True,0.6639047619047619,0.6639047619047619,0.002092220587655902,1.3789473684210527,75,145.0,0.23999999999999988,False,0.7777777777777778,0.49056603773584906,0.0,,,84,bicycle,0.2,0.1,heuristic,segformer_b2_cityscapes_mcdrop8,acdc_rain_targetcal25,8,
,-1,True,,0.7939365079365078,0.0010122887324541807,,475,,,False,,,,,,84,bicycle,0.2,0.1,argmax,segformer_b2_cityscapes_mcdrop8,acdc_rain_targetcal25,8,0.7586206896551724
1.0,1000,False,0.0,0.0,1.0,0.8421052631578947,75,145.0,0.0,False,0.0,0.0,0.0,,,84,bicycle,0.05,0.5,region_crc,segformer_b2_cityscapes_mcdrop8,acdc_rain_targetcal25,8,
0.993,993,True,0.45828571428571424,0.45828571428571424,0.010693940334022045,0.8421052631578947,75,145.0,0.22315789473684206,False,0.6049382716049383,0.24528301886792453,0.0,,,84,bicycle,0.05,0.5,heuristic,segformer_b2_cityscapes_mcdrop8,acdc_rain_targetcal25,8,
,-1,True,,0.8166031746031746,0.0010122887324541807,,475,,,False,,,,,,84,bicycle,0.05,0.5,argmax,segformer_b2_cityscapes_mcdrop8,acdc_rain_targetcal25,8,0.7793103448275862
1.0,1000,False,0.0,0.0,1.0,0.8421052631578947,75,145.0,0.0,False,0.0,0.0,0.0,,,84,bicycle,0.1,0.5,region_crc,segformer_b2_cityscapes_mcdrop8,acdc_rain_targetcal25,8,
0.993,993,True,0.45828571428571424,0.45828571428571424,0.010693940334022045,0.8421052631578947,75,145.0,0.22315789473684206,False,0.6049382716049383,0.24528301886792453,0.0,,,84,bicycle,0.1,0.5,heuristic,segformer_b2_cityscapes_mcdrop8,acdc_rain_targetcal25,8,
,-1,True,,0.8166031746031746,0.0010122887324541807,,475,,,False,,,,,,84,bicycle,0.1,0.5,argmax,segformer_b2_cityscapes_mcdrop8,acdc_rain_targetcal25,8,0.7793103448275862
0.993,993,True,0.45828571428571424,0.45828571428571424,0.010693940334022045,0.8421052631578947,75,145.0,0.22315789473684206,False,0.6049382716049383,0.24528301886792453,0.0,,,84,bicycle,0.2,0.5,region_crc,segformer_b2_cityscapes_mcdrop8,acdc_rain_targetcal25,8,
0.932,932,True,0.6613650793650794,0.6613650793650794,0.0029479502700269222,2.5894736842105264,75,145.0,0.22526315789473672,False,0.7530864197530864,0.5283018867924528,0.0,,,84,bicycle,0.2,0.5,heuristic,segformer_b2_cityscapes_mcdrop8,acdc_rain_targetcal25,8,
,-1,True,,0.8166031746031746,0.0010122887324541807,,475,,,False,,,,,,84,bicycle,0.2,0.5,argmax,segformer_b2_cityscapes_mcdrop8,acdc_rain_targetcal25,8,0.7793103448275862
1.0,1000,False,0.0,0.0,1.0,0.6589473684210526,162,314.0,0.0,False,0.0,0.0,0.0,,,85,person,0.05,0.1,region_crc,segformer_b2_cityscapes_mcdrop8,acdc_rain_targetcal25,8,
0.99,990,True,0.11632373113854595,0.11632373113854595,0.0224409569054842,0.6589473684210526,162,314.0,0.17263157894736836,False,0.1388888888888889,0.05357142857142857,0.0,,,85,person,0.05,0.1,heuristic,segformer_b2_cityscapes_mcdrop8,acdc_rain_targetcal25,8,
,-1,True,,0.6284862599677414,0.0018218060722574592,,475,,,False,,,,,,85,person,0.05,0.1,argmax,segformer_b2_cityscapes_mcdrop8,acdc_rain_targetcal25,8,0.5796178343949044
1.0,1000,False,0.0,0.0,1.0,0.6589473684210526,162,314.0,0.0,False,0.0,0.0,0.0,,,85,person,0.1,0.1,region_crc,segformer_b2_cityscapes_mcdrop8,acdc_rain_targetcal25,8,
0.99,990,True,0.11632373113854595,0.11632373113854595,0.0224409569054842,0.6589473684210526,162,314.0,0.17263157894736836,False,0.1388888888888889,0.05357142857142857,0.0,,,85,person,0.1,0.1,heuristic,segformer_b2_cityscapes_mcdrop8,acdc_rain_targetcal25,8,
,-1,True,,0.6284862599677414,0.0018218060722574592,,475,,,False,,,,,,85,person,0.1,0.1,argmax,segformer_b2_cityscapes_mcdrop8,acdc_rain_targetcal25,8,0.5796178343949044
0.99,990,True,0.11632373113854595,0.11632373113854595,0.0224409569054842,0.6589473684210526,162,314.0,0.17263157894736836,False,0.1388888888888889,0.05357142857142857,0.0,,,85,person,0.2,0.1,region_crc,segformer_b2_cityscapes_mcdrop8,acdc_rain_targetcal25,8,
0.985,985,True,0.16056241426611795,0.16056241426611795,0.018260188400745392,15.92842105263158,162,314.0,0.15368421052631576,False,0.19444444444444445,0.07142857142857142,0.0,,,85,person,0.2,0.1,heuristic,segformer_b2_cityscapes_mcdrop8,acdc_rain_targetcal25,8,
,-1,True,,0.6284862599677414,0.0018218060722574592,,475,,,False,,,,,,85,person,0.2,0.1,argmax,segformer_b2_cityscapes_mcdrop8,acdc_rain_targetcal25,8,0.5796178343949044
1.0,1000,False,0.0,0.0,1.0,0.6589473684210526,162,314.0,0.0,False,0.0,0.0,0.0,,,85,person,0.05,0.5,region_crc,segformer_b2_cityscapes_mcdrop8,acdc_rain_targetcal25,8,
0.998,998,True,0.07993827160493827,0.07993827160493827,0.046430349349975586,0.6589473684210526,162,314.0,0.22947368421052639,False,0.07222222222222222,0.05357142857142857,0.0,,,85,person,0.05,0.5,heuristic,segformer_b2_cityscapes_mcdrop8,acdc_rain_targetcal25,8,
,-1,True,,0.7543778923408553,0.0018218060722574592,,475,,,False,,,,,,85,person,0.05,0.5,argmax,segformer_b2_cityscapes_mcdrop8,acdc_rain_targetcal25,8,0.6878980891719745
1.0,1000,False,0.0,0.0,1.0,0.6589473684210526,162,314.0,0.0,False,0.0,0.0,0.0,,,85,person,0.1,0.5,region_crc,segformer_b2_cityscapes_mcdrop8,acdc_rain_targetcal25,8,
0.998,998,True,0.07993827160493827,0.07993827160493827,0.046430349349975586,0.6589473684210526,162,314.0,0.22947368421052639,False,0.07222222222222222,0.05357142857142857,0.0,,,85,person,0.1,0.5,heuristic,segformer_b2_cityscapes_mcdrop8,acdc_rain_targetcal25,8,
,-1,True,,0.7543778923408553,0.0018218060722574592,,475,,,False,,,,,,85,person,0.1,0.5,argmax,segformer_b2_cityscapes_mcdrop8,acdc_rain_targetcal25,8,0.6878980891719745
0.998,998,True,0.07993827160493827,0.07993827160493827,0.046430349349975586,0.6589473684210526,162,314.0,0.22947368421052639,False,0.07222222222222222,0.05357142857142857,0.0,,,85,person,0.2,0.5,region_crc,segformer_b2_cityscapes_mcdrop8,acdc_rain_targetcal25,8,
0.997,997,True,0.10483539094650206,0.10483539094650206,0.03912905976176262,0.6589473684210526,162,314.0,0.2126315789473684,False,0.09444444444444444,0.08035714285714286,0.0,,,85,person,0.2,0.5,heuristic,segformer_b2_cityscapes_mcdrop8,acdc_rain_targetcal25,8,
,-1,True,,0.7543778923408553,0.0018218060722574592,,475,,,False,,,,,,85,person,0.2,0.5,argmax,segformer_b2_cityscapes_mcdrop8,acdc_rain_targetcal25,8,0.6878980891719745
1.0,1000,False,0.0,0.0,1.0,0.9494736842105264,24,34.0,0.0,False,0.0,0.0,0.0,,,85,rider,0.05,0.1,region_crc,segformer_b2_cityscapes_mcdrop8,acdc_rain_targetcal25,4,
1.0,1000,True,0.0,0.0,1.0,0.9494736842105264,24,34.0,0.0,False,0.0,0.0,0.0,,,85,rider,0.05,0.1,heuristic,segformer_b2_cityscapes_mcdrop8,acdc_rain_targetcal25,4,
,-1,True,,0.8125,0.0002501654962543398,,475,,,False,,,,,,85,rider,0.05,0.1,argmax,segformer_b2_cityscapes_mcdrop8,acdc_rain_targetcal25,4,0.8235294117647058
1.0,1000,False,0.0,0.0,1.0,0.9494736842105264,24,34.0,0.0,False,0.0,0.0,0.0,,,85,rider,0.1,0.1,region_crc,segformer_b2_cityscapes_mcdrop8,acdc_rain_targetcal25,4,
1.0,1000,True,0.0,0.0,1.0,0.9494736842105264,24,34.0,0.0,False,0.0,0.0,0.0,,,85,rider,0.1,0.1,heuristic,segformer_b2_cityscapes_mcdrop8,acdc_rain_targetcal25,4,
,-1,True,,0.8125,0.0002501654962543398,,475,,,False,,,,,,85,rider,0.1,0.1,argmax,segformer_b2_cityscapes_mcdrop8,acdc_rain_targetcal25,4,0.8235294117647058
1.0,1000,True,0.0,0.0,1.0,0.9494736842105264,24,34.0,0.0,False,0.0,0.0,0.0,,,85,rider,0.2,0.1,region_crc,segformer_b2_cityscapes_mcdrop8,acdc_rain_targetcal25,4,
1.0,1000,True,0.0,0.0,1.0,0.9494736842105264,24,34.0,0.0,False,0.0,0.0,0.0,,,85,rider,0.2,0.1,heuristic,segformer_b2_cityscapes_mcdrop8,acdc_rain_targetcal25,4,
,-1,True,,0.8125,0.0002501654962543398,,475,,,False,,,,,,85,rider,0.2,0.1,argmax,segformer_b2_cityscapes_mcdrop8,acdc_rain_targetcal25,4,0.8235294117647058
1.0,1000,False,0.0,0.0,1.0,0.9494736842105264,24,34.0,0.0,False,0.0,0.0,0.0,,,85,rider,0.05,0.5,region_crc,segformer_b2_cityscapes_mcdrop8,acdc_rain_targetcal25,4,
1.0,1000,True,0.0,0.0,1.0,0.9494736842105264,24,34.0,0.0,False,0.0,0.0,0.0,,,85,rider,0.05,0.5,heuristic,segformer_b2_cityscapes_mcdrop8,acdc_rain_targetcal25,4,
,-1,True,,0.8333333333333334,0.0002501654962543398,,475,,,False,,,,,,85,rider,0.05,0.5,argmax,segformer_b2_cityscapes_mcdrop8,acdc_rain_targetcal25,4,0.8529411764705882
1.0,1000,False,0.0,0.0,1.0,0.9494736842105264,24,34.0,0.0,False,0.0,0.0,0.0,,,85,rider,0.1,0.5,region_crc,segformer_b2_cityscapes_mcdrop8,acdc_rain_targetcal25,4,
1.0,1000,True,0.0,0.0,1.0,0.9494736842105264,24,34.0,0.0,False,0.0,0.0,0.0,,,85,rider,0.1,0.5,heuristic,segformer_b2_cityscapes_mcdrop8,acdc_rain_targetcal25,4,
,-1,True,,0.8333333333333334,0.0002501654962543398,,475,,,False,,,,,,85,rider,0.1,0.5,argmax,segformer_b2_cityscapes_mcdrop8,acdc_rain_targetcal25,4,0.8529411764705882
1.0,1000,True,0.0,0.0,1.0,0.9494736842105264,24,34.0,0.0,False,0.0,0.0,0.0,,,85,rider,0.2,0.5,region_crc,segformer_b2_cityscapes_mcdrop8,acdc_rain_targetcal25,4,
1.0,1000,True,0.0,0.0,1.0,0.9494736842105264,24,34.0,0.0,False,0.0,0.0,0.0,,,85,rider,0.2,0.5,heuristic,segformer_b2_cityscapes_mcdrop8,acdc_rain_targetcal25,4,
,-1,True,,0.8333333333333334,0.0002501654962543398,,475,,,False,,,,,,85,rider,0.2,0.5,argmax,segformer_b2_cityscapes_mcdrop8,acdc_rain_targetcal25,4,0.8529411764705882
1.0,1000,False,0.0,0.0,1.0,0.8336842105263158,79,152.0,0.0,False,0.0,0.0,0.0,,,85,bicycle,0.05,0.1,region_crc,segformer_b2_cityscapes_mcdrop8,acdc_rain_targetcal25,4,
1.0,1000,True,0.0,0.0,1.0,0.8336842105263158,79,152.0,0.0,False,0.0,0.0,0.0,,,85,bicycle,0.05,0.1,heuristic,segformer_b2_cityscapes_mcdrop8,acdc_rain_targetcal25,4,
,-1,True,,0.7495177817962628,0.0011292549315840006,,475,,,False,,,,,,85,bicycle,0.05,0.1,argmax,segformer_b2_cityscapes_mcdrop8,acdc_rain_targetcal25,4,0.7236842105263158
1.0,1000,False,0.0,0.0,1.0,0.8336842105263158,79,152.0,0.0,False,0.0,0.0,0.0,,,85,bicycle,0.1,0.1,region_crc,segformer_b2_cityscapes_mcdrop8,acdc_rain_targetcal25,4,
1.0,1000,True,0.0,0.0,1.0,0.8336842105263158,79,152.0,0.0,False,0.0,0.0,0.0,,,85,bicycle,0.1,0.1,heuristic,segformer_b2_cityscapes_mcdrop8,acdc_rain_targetcal25,4,
,-1,True,,0.7495177817962628,0.0011292549315840006,,475,,,False,,,,,,85,bicycle,0.1,0.1,argmax,segformer_b2_cityscapes_mcdrop8,acdc_rain_targetcal25,4,0.7236842105263158
1.0,1000,True,0.0,0.0,1.0,0.8336842105263158,79,152.0,0.0,False,0.0,0.0,0.0,,,85,bicycle,0.2,0.1,region_crc,segformer_b2_cityscapes_mcdrop8,acdc_rain_targetcal25,4,
0.994,994,True,0.3392706449668475,0.3392706449668475,0.012067170813679695,0.8336842105263158,79,152.0,0.21263157894736842,False,0.5185185185185185,0.12280701754385964,0.0,,,85,bicycle,0.2,0.1,heuristic,segformer_b2_cityscapes_mcdrop8,acdc_rain_targetcal25,4,
,-1,True,,0.7495177817962628,0.0011292549315840006,,475,,,False,,,,,,85,bicycle,0.2,0.1,argmax,segformer_b2_cityscapes_mcdrop8,acdc_rain_targetcal25,4,0.7236842105263158
1.0,1000,False,0.0,0.0,1.0,0.8336842105263158,79,152.0,0.0,False,0.0,0.0,0.0,,,85,bicycle,0.05,0.5,region_crc,segformer_b2_cityscapes_mcdrop8,acdc_rain_targetcal25,4,
1.0,1000,True,0.0,0.0,1.0,0.8336842105263158,79,152.0,0.0,False,0.0,0.0,0.0,,,85,bicycle,0.05,0.5,heuristic,segformer_b2_cityscapes_mcdrop8,acdc_rain_targetcal25,4,
,-1,True,,0.7752561784207354,0.0011292549315840006,,475,,,False,,,,,,85,bicycle,0.05,0.5,argmax,segformer_b2_cityscapes_mcdrop8,acdc_rain_targetcal25,4,0.75
1.0,1000,False,0.0,0.0,1.0,0.8336842105263158,79,152.0,0.0,False,0.0,0.0,0.0,,,85,bicycle,0.1,0.5,region_crc,segformer_b2_cityscapes_mcdrop8,acdc_rain_targetcal25,4,
1.0,1000,True,0.0,0.0,1.0,0.8336842105263158,79,152.0,0.0,False,0.0,0.0,0.0,,,85,bicycle,0.1,0.5,heuristic,segformer_b2_cityscapes_mcdrop8,acdc_rain_targetcal25,4,
,-1,True,,0.7752561784207354,0.0011292549315840006,,475,,,False,,,,,,85,bicycle,0.1,0.5,argmax,segformer_b2_cityscapes_mcdrop8,acdc_rain_targetcal25,4,0.75
1.0,1000,True,0.0,0.0,1.0,0.8336842105263158,79,152.0,0.0,False,0.0,0.0,0.0,,,85,bicycle,0.2,0.5,region_crc,segformer_b2_cityscapes_mcdrop8,acdc_rain_targetcal25,4,
0.999,999,True,0.22543701024713683,0.22543701024713683,0.02853563241660595,0.8336842105263158,79,152.0,0.21473684210526317,False,0.30864197530864196,0.10526315789473684,0.0,,,85,bicycle,0.2,0.5,heuristic,segformer_b2_cityscapes_mcdrop8,acdc_rain_targetcal25,4,
,-1,True,,0.7752561784207354,0.0011292549315840006,,475,,,False,,,,,,85,bicycle,0.2,0.5,argmax,segformer_b2_cityscapes_mcdrop8,acdc_rain_targetcal25,4,0.75
1.0,1000,False,0.0,0.0,1.0,0.6589473684210526,162,318.0,0.0,False,0.0,0.0,0.0,,,86,person,0.05,0.1,region_crc,segformer_b2_cityscapes_mcdrop8,acdc_rain_targetcal25,8,
1.0,1000,True,0.0,0.0,1.0,0.6589473684210526,162,318.0,0.0,False,0.0,0.0,0.0,,,86,person,0.05,0.1,heuristic,segformer_b2_cityscapes_mcdrop8,acdc_rain_targetcal25,8,
,-1,True,,0.6314697990623918,0.0018711125012487173,,475,,,False,,,,,,86,person,0.05,0.1,argmax,segformer_b2_cityscapes_mcdrop8,acdc_rain_targetcal25,8,0.5817610062893082
1.0,1000,False,0.0,0.0,1.0,0.6589473684210526,162,318.0,0.0,False,0.0,0.0,0.0,,,86,person,0.1,0.1,region_crc,segformer_b2_cityscapes_mcdrop8,acdc_rain_targetcal25,8,
0.997,997,True,0.0529835390946502,0.0529835390946502,0.03874316066503525,0.6589473684210526,162,318.0,0.11789473684210527,False,0.055865921787709494,0.017241379310344827,0.0,,,86,person,0.1,0.1,heuristic,segformer_b2_cityscapes_mcdrop8,acdc_rain_targetcal25,8,
,-1,True,,0.6314697990623918,0.0018711125012487173,,475,,,False,,,,,,86,person,0.1,0.1,argmax,segformer_b2_cityscapes_mcdrop8,acdc_rain_targetcal25,8,0.5817610062893082
0.997,997,True,0.0529835390946502,0.0529835390946502,0.03874316066503525,0.6589473684210526,162,318.0,0.11789473684210527,False,0.055865921787709494,0.017241379310344827,0.0,,,86,person,0.2,0.1,region_crc,segformer_b2_cityscapes_mcdrop8,acdc_rain_targetcal25,8,
0.992,992,True,0.09917695473251029,0.09917695473251029,0.024756373837590218,0.6589473684210526,162,318.0,0.10526315789473685,False,0.11173184357541899,0.04310344827586207,0.0,,,86,person,0.2,0.1,heuristic,segformer_b2_cityscapes_mcdrop8,acdc_rain_targetcal25,8,
,-1,True,,0.6314697990623918,0.0018711125012487173,,475,,,False,,,,,,86,person,0.2,0.1,argmax,segformer_b2_cityscapes_mcdrop8,acdc_rain_targetcal25,8,0.5817610062893082
1.0,1000,False,0.0,0.0,1.0,0.6589473684210526,162,318.0,0.0,False,0.0,0.0,0.0,,,86,person,0.05,0.5,region_crc,segformer_b2_cityscapes_mcdrop8,acdc_rain_targetcal25,8,
1.0,1000,True,0.0,0.0,1.0,0.6589473684210526,162,318.0,0.0,False,0.0,0.0,0.0,,,86,person,0.05,0.5,heuristic,segformer_b2_cityscapes_mcdrop8,acdc_rain_targetcal25,8,
,-1,True,,0.7577729540692504,0.0018711125012487173,,475,,,False,,,,,,86,person,0.05,0.5,argmax,segformer_b2_cityscapes_mcdrop8,acdc_rain_targetcal25,8,0.6918238993710691
1.0,1000,False,0.0,0.0,1.0,0.6589473684210526,162,318.0,0.0,False,0.0,0.0,0.0,,,86,person,0.1,0.5,region_crc,segformer_b2_cityscapes_mcdrop8,acdc_rain_targetcal25,8,
0.999,999,True,0.05092592592592592,0.05092592592592592,0.06055187061429024,0.6589473684210526,162,318.0,0.13684210526315788,False,0.0446927374301676,0.034482758620689655,0.0,,,86,person,0.1,0.5,heuristic,segformer_b2_cityscapes_mcdrop8,acdc_rain_targetcal25,8,
,-1,True,,0.7577729540692504,0.0018711125012487173,,475,,,False,,,,,,86,person,0.1,0.5,argmax,segformer_b2_cityscapes_mcdrop8,acdc_rain_targetcal25,8,0.6918238993710691
0.999,999,True,0.05092592592592592,0.05092592592592592,0.06055187061429024,0.6589473684210526,162,318.0,0.13684210526315788,False,0.0446927374301676,0.034482758620689655,0.0,,,86,person,0.2,0.5,region_crc,segformer_b2_cityscapes_mcdrop8,acdc_rain_targetcal25,8,
0.995,995,True,0.1513031550068587,0.1513031550068587,0.03088684007525444,0.6589473684210526,162,318.0,0.11578947368421055,False,0.1452513966480447,0.09482758620689655,0.0,,,86,person,0.2,0.5,heuristic,segformer_b2_cityscapes_mcdrop8,acdc_rain_targetcal25,8,
,-1,True,,0.7577729540692504,0.0018711125012487173,,475,,,False,,,,,,86,person,0.2,0.5,argmax,segformer_b2_cityscapes_mcdrop8,acdc_rain_targetcal25,8,0.6918238993710691
,-1,False,,,,,475,,,False,,,,,,86,rider,0.05,0.1,region_crc,segformer_b2_cityscapes_mcdrop8,acdc_rain_targetcal25,0,
,-1,False,,,,,475,,,False,,,,,,86,rider,0.05,0.1,heuristic,segformer_b2_cityscapes_mcdrop8,acdc_rain_targetcal25,0,
,-1,True,,0.8035714285714286,0.0002134472451871261,,475,,,False,,,,,,86,rider,0.05,0.1,argmax,segformer_b2_cityscapes_mcdrop8,acdc_rain_targetcal25,0,0.8157894736842105
,-1,False,,,,,475,,,False,,,,,,86,rider,0.1,0.1,region_crc,segformer_b2_cityscapes_mcdrop8,acdc_rain_targetcal25,0,
,-1,False,,,,,475,,,False,,,,,,86,rider,0.1,0.1,heuristic,segformer_b2_cityscapes_mcdrop8,acdc_rain_targetcal25,0,
,-1,True,,0.8035714285714286,0.0002134472451871261,,475,,,False,,,,,,86,rider,0.1,0.1,argmax,segformer_b2_cityscapes_mcdrop8,acdc_rain_targetcal25,0,0.8157894736842105
,-1,False,,,,,475,,,False,,,,,,86,rider,0.2,0.1,region_crc,segformer_b2_cityscapes_mcdrop8,acdc_rain_targetcal25,0,
,-1,False,,,,,475,,,False,,,,,,86,rider,0.2,0.1,heuristic,segformer_b2_cityscapes_mcdrop8,acdc_rain_targetcal25,0,
,-1,True,,0.8035714285714286,0.0002134472451871261,,475,,,False,,,,,,86,rider,0.2,0.1,argmax,segformer_b2_cityscapes_mcdrop8,acdc_rain_targetcal25,0,0.8157894736842105
,-1,False,,,,,475,,,False,,,,,,86,rider,0.05,0.5,region_crc,segformer_b2_cityscapes_mcdrop8,acdc_rain_targetcal25,0,
,-1,False,,,,,475,,,False,,,,,,86,rider,0.05,0.5,heuristic,segformer_b2_cityscapes_mcdrop8,acdc_rain_targetcal25,0,
,-1,True,,0.8571428571428571,0.0002134472451871261,,475,,,False,,,,,,86,rider,0.05,0.5,argmax,segformer_b2_cityscapes_mcdrop8,acdc_rain_targetcal25,0,0.868421052631579
,-1,False,,,,,475,,,False,,,,,,86,rider,0.1,0.5,region_crc,segformer_b2_cityscapes_mcdrop8,acdc_rain_targetcal25,0,
,-1,False,,,,,475,,,False,,,,,,86,rider,0.1,0.5,heuristic,segformer_b2_cityscapes_mcdrop8,acdc_rain_targetcal25,0,
,-1,True,,0.8571428571428571,0.0002134472451871261,,475,,,False,,,,,,86,rider,0.1,0.5,argmax,segformer_b2_cityscapes_mcdrop8,acdc_rain_targetcal25,0,0.868421052631579
,-1,False,,,,,475,,,False,,,,,,86,rider,0.2,0.5,region_crc,segformer_b2_cityscapes_mcdrop8,acdc_rain_targetcal25,0,
,-1,False,,,,,475,,,False,,,,,,86,rider,0.2,0.5,heuristic,segformer_b2_cityscapes_mcdrop8,acdc_rain_targetcal25,0,
,-1,True,,0.8571428571428571,0.0002134472451871261,,475,,,False,,,,,,86,rider,0.2,0.5,argmax,segformer_b2_cityscapes_mcdrop8,acdc_rain_targetcal25,0,0.868421052631579
1.0,1000,False,0.0,0.0,1.0,0.8315789473684211,80,154.0,0.0,False,0.0,0.0,0.0,,,86,bicycle,0.05,0.1,region_crc,segformer_b2_cityscapes_mcdrop8,acdc_rain_targetcal25,3,
0.993,993,True,0.3475297619047619,0.34752976190476187,0.010902316309511662,0.8315789473684211,80,154.0,0.14526315789473682,False,0.5301204819277109,0.12280701754385964,0.0,,,86,bicycle,0.05,0.1,heuristic,segformer_b2_cityscapes_mcdrop8,acdc_rain_targetcal25,3,
,-1,True,,0.7401488095238096,0.0011284712236374617,,475,,,False,,,,,,86,bicycle,0.05,0.1,argmax,segformer_b2_cityscapes_mcdrop8,acdc_rain_targetcal25,3,0.7207792207792207
1.0,1000,False,0.0,0.0,1.0,0.8315789473684211,80,154.0,0.0,False,0.0,0.0,0.0,,,86,bicycle,0.1,0.1,region_crc,segformer_b2_cityscapes_mcdrop8,acdc_rain_targetcal25,3,
0.993,993,True,0.3475297619047619,0.34752976190476187,0.010902316309511662,0.8315789473684211,80,154.0,0.14526315789473682,False,0.5301204819277109,0.12280701754385964,0.0,,,86,bicycle,0.1,0.1,heuristic,segformer_b2_cityscapes_mcdrop8,acdc_rain_targetcal25,3,
,-1,True,,0.7401488095238096,0.0011284712236374617,,475,,,False,,,,,,86,bicycle,0.1,0.1,argmax,segformer_b2_cityscapes_mcdrop8,acdc_rain_targetcal25,3,0.7207792207792207
1.0,1000,False,0.0,0.0,1.0,0.8315789473684211,80,154.0,0.0,False,0.0,0.0,0.0,,,86,bicycle,0.2,0.1,region_crc,segformer_b2_cityscapes_mcdrop8,acdc_rain_targetcal25,3,
0.993,993,True,0.3475297619047619,0.34752976190476187,0.010902316309511662,0.8315789473684211,80,154.0,0.14526315789473682,False,0.5301204819277109,0.12280701754385964,0.0,,,86,bicycle,0.2,0.1,heuristic,segformer_b2_cityscapes_mcdrop8,acdc_rain_targetcal25,3,
,-1,True,,0.7401488095238096,0.0011284712236374617,,475,,,False,,,,,,86,bicycle,0.2,0.1,argmax,segformer_b2_cityscapes_mcdrop8,acdc_rain_targetcal25,3,0.7207792207792207
1.0,1000,False,0.0,0.0,1.0,0.8315789473684211,80,154.0,0.0,False,0.0,0.0,0.0,,,86,bicycle,0.05,0.5,region_crc,segformer_b2_cityscapes_mcdrop8,acdc_rain_targetcal25,3,
0.997,997,True,0.3326488095238095,0.3326488095238095,0.01673578843474388,0.8315789473684211,80,154.0,0.14947368421052631,False,0.4939759036144578,0.15789473684210525,0.0,,,86,bicycle,0.05,0.5,heuristic,segformer_b2_cityscapes_mcdrop8,acdc_rain_targetcal25,3,
,-1,True,,0.7655654761904762,0.0011284712236374617,,475,,,False,,,,,,86,bicycle,0.05,0.5,argmax,segformer_b2_cityscapes_mcdrop8,acdc_rain_targetcal25,3,0.7467532467532467
1.0,1000,False,0.0,0.0,1.0,0.8315789473684211,80,154.0,0.0,False,0.0,0.0,0.0,,,86,bicycle,0.1,0.5,region_crc,segformer_b2_cityscapes_mcdrop8,acdc_rain_targetcal25,3,
0.997,997,True,0.3326488095238095,0.3326488095238095,0.01673578843474388,0.8315789473684211,80,154.0,0.14947368421052631,False,0.4939759036144578,0.15789473684210525,0.0,,,86,bicycle,0.1,0.5,heuristic,segformer_b2_cityscapes_mcdrop8,acdc_rain_targetcal25,3,
,-1,True,,0.7655654761904762,0.0011284712236374617,,475,,,False,,,,,,86,bicycle,0.1,0.5,argmax,segformer_b2_cityscapes_mcdrop8,acdc_rain_targetcal25,3,0.7467532467532467
1.0,1000,False,0.0,0.0,1.0,0.8315789473684211,80,154.0,0.0,False,0.0,0.0,0.0,,,86,bicycle,0.2,0.5,region_crc,segformer_b2_cityscapes_mcdrop8,acdc_rain_targetcal25,3,
0.997,997,True,0.3326488095238095,0.3326488095238095,0.01673578843474388,0.8315789473684211,80,154.0,0.14947368421052631,False,0.4939759036144578,0.15789473684210525,0.0,,,86,bicycle,0.2,0.5,heuristic,segformer_b2_cityscapes_mcdrop8,acdc_rain_targetcal25,3,
,-1,True,,0.7655654761904762,0.0011284712236374617,,475,,,False,,,,,,86,bicycle,0.2,0.5,argmax,segformer_b2_cityscapes_mcdrop8,acdc_rain_targetcal25,3,0.7467532467532467
1.0,1000,False,0.0,0.0,1.0,0.6568421052631579,163,323.0,0.0,False,0.0,0.0,0.0,,,87,person,0.05,0.1,region_crc,segformer_b2_cityscapes_mcdrop8,acdc_rain_targetcal25,7,
0.993,993,True,0.08629856850715746,0.08629856850715746,0.0266040600836277,0.6568421052631579,163,323.0,0.23789473684210527,False,0.0913978494623656,0.05263157894736842,0.0,,,87,person,0.05,0.1,heuristic,segformer_b2_cityscapes_mcdrop8,acdc_rain_targetcal25,7,
,-1,True,,0.6500906387409455,0.0018446525791659951,,475,,,False,,,,,,87,person,0.05,0.1,argmax,segformer_b2_cityscapes_mcdrop8,acdc_rain_targetcal25,7,0.6006191950464397
1.0,1000,False,0.0,0.0,1.0,0.6568421052631579,163,323.0,0.0,False,0.0,0.0,0.0,,,87,person,0.1,0.1,region_crc,segformer_b2_cityscapes_mcdrop8,acdc_rain_targetcal25,7,
0.993,993,True,0.08629856850715746,0.08629856850715746,0.0266040600836277,0.6568421052631579,163,323.0,0.23789473684210527,False,0.0913978494623656,0.05263157894736842,0.0,,,87,person,0.1,0.1,heuristic,segformer_b2_cityscapes_mcdrop8,acdc_rain_targetcal25,7,
,-1,True,,0.6500906387409455,0.0018446525791659951,,475,,,False,,,,,,87,person,0.1,0.1,argmax,segformer_b2_cityscapes_mcdrop8,acdc_rain_targetcal25,7,0.6006191950464397
0.993,993,True,0.08629856850715746,0.08629856850715746,0.0266040600836277,0.6568421052631579,163,323.0,0.23789473684210527,False,0.0913978494623656,0.05263157894736842,0.0,,,87,person,0.2,0.1,region_crc,segformer_b2_cityscapes_mcdrop8,acdc_rain_targetcal25,7,
0.989,989,True,0.1314587593728698,0.1314587593728698,0.02134569175541401,0.6568421052631579,163,323.0,0.20210526315789468,False,0.15591397849462366,0.05263157894736842,0.0,,,87,person,0.2,0.1,heuristic,segformer_b2_cityscapes_mcdrop8,acdc_rain_targetcal25,7,
,-1,True,,0.6500906387409455,0.0018446525791659951,,475,,,False,,,,,,87,person,0.2,0.1,argmax,segformer_b2_cityscapes_mcdrop8,acdc_rain_targetcal25,7,0.6006191950464397
1.0,1000,False,0.0,0.0,1.0,0.6568421052631579,163,323.0,0.0,False,0.0,0.0,0.0,,,87,person,0.05,0.5,region_crc,segformer_b2_cityscapes_mcdrop8,acdc_rain_targetcal25,7,
0.997,997,True,0.10930470347648259,0.10930470347648262,0.039064403623342514,0.6568421052631579,163,323.0,0.21894736842105267,False,0.0967741935483871,0.09649122807017543,0.0,,,87,person,0.05,0.5,heuristic,segformer_b2_cityscapes_mcdrop8,acdc_rain_targetcal25,7,
,-1,True,,0.7776639175412182,0.0018446525791659951,,475,,,False,,,,,,87,person,0.05,0.5,argmax,segformer_b2_cityscapes_mcdrop8,acdc_rain_targetcal25,7,0.7120743034055728
1.0,1000,False,0.0,0.0,1.0,0.6568421052631579,163,323.0,0.0,False,0.0,0.0,0.0,,,87,person,0.1,0.5,region_crc,segformer_b2_cityscapes_mcdrop8,acdc_rain_targetcal25,7,
0.997,997,True,0.10930470347648259,0.10930470347648262,0.039064403623342514,0.6568421052631579,163,323.0,0.21894736842105267,False,0.0967741935483871,0.09649122807017543,0.0,,,87,person,0.1,0.5,heuristic,segformer_b2_cityscapes_mcdrop8,acdc_rain_targetcal25,7,
,-1,True,,0.7776639175412182,0.0018446525791659951,,475,,,False,,,,,,87,person,0.1,0.5,argmax,segformer_b2_cityscapes_mcdrop8,acdc_rain_targetcal25,7,0.7120743034055728
0.997,997,True,0.10930470347648259,0.10930470347648262,0.039064403623342514,0.6568421052631579,163,323.0,0.21894736842105267,False,0.0967741935483871,0.09649122807017543,0.0,,,87,person,0.2,0.5,region_crc,segformer_b2_cityscapes_mcdrop8,acdc_rain_targetcal25,7,
0.996,996,True,0.11952965235173825,0.11952965235173825,0.03442680090665817,0.6568421052631579,163,323.0,0.22947368421052627,False,0.11290322580645161,0.09649122807017543,0.0,,,87,person,0.2,0.5,heuristic,segformer_b2_cityscapes_mcdrop8,acdc_rain_targetcal25,7,
,-1,True,,0.7776639175412182,0.0018446525791659951,,475,,,False,,,,,,87,person,0.2,0.5,argmax,segformer_b2_cityscapes_mcdrop8,acdc_rain_targetcal25,7,0.7120743034055728
1.0,1000,False,0.0,0.0,1.0,0.9431578947368421,27,36.0,0.0,False,0.0,0.0,0.0,,,87,rider,0.05,0.1,region_crc,segformer_b2_cityscapes_mcdrop8,acdc_rain_targetcal25,1,
1.0,1000,True,0.0,0.0,1.0,0.9431578947368421,27,36.0,0.0,False,0.0,0.0,0.0,,,87,rider,0.05,0.1,heuristic,segformer_b2_cityscapes_mcdrop8,acdc_rain_targetcal25,1,
,-1,True,,0.7962962962962963,0.00024958880385383964,,475,,,False,,,,,,87,rider,0.05,0.1,argmax,segformer_b2_cityscapes_mcdrop8,acdc_rain_targetcal25,1,0.8055555555555556
1.0,1000,False,0.0,0.0,1.0,0.9431578947368421,27,36.0,0.0,False,0.0,0.0,0.0,,,87,rider,0.1,0.1,region_crc,segformer_b2_cityscapes_mcdrop8,acdc_rain_targetcal25,1,
1.0,1000,True,0.0,0.0,1.0,0.9431578947368421,27,36.0,0.0,False,0.0,0.0,0.0,,,87,rider,0.1,0.1,heuristic,segformer_b2_cityscapes_mcdrop8,acdc_rain_targetcal25,1,
,-1,True,,0.7962962962962963,0.00024958880385383964,,475,,,False,,,,,,87,rider,0.1,0.1,argmax,segformer_b2_cityscapes_mcdrop8,acdc_rain_targetcal25,1,0.8055555555555556
1.0,1000,False,0.0,0.0,1.0,0.9431578947368421,27,36.0,0.0,False,0.0,0.0,0.0,,,87,rider,0.2,0.1,region_crc,segformer_b2_cityscapes_mcdrop8,acdc_rain_targetcal25,1,
1.0,1000,True,0.0,0.0,1.0,0.9431578947368421,27,36.0,0.0,False,0.0,0.0,0.0,,,87,rider,0.2,0.1,heuristic,segformer_b2_cityscapes_mcdrop8,acdc_rain_targetcal25,1,
,-1,True,,0.7962962962962963,0.00024958880385383964,,475,,,False,,,,,,87,rider,0.2,0.1,argmax,segformer_b2_cityscapes_mcdrop8,acdc_rain_targetcal25,1,0.8055555555555556
1.0,1000,False,0.0,0.0,1.0,0.9431578947368421,27,36.0,0.0,False,0.0,0.0,0.0,,,87,rider,0.05,0.5,region_crc,segformer_b2_cityscapes_mcdrop8,acdc_rain_targetcal25,1,
1.0,1000,True,0.0,0.0,1.0,0.9431578947368421,27,36.0,0.0,False,0.0,0.0,0.0,,,87,rider,0.05,0.5,heuristic,segformer_b2_cityscapes_mcdrop8,acdc_rain_targetcal25,1,
,-1,True,,0.8518518518518519,0.00024958880385383964,,475,,,False,,,,,,87,rider,0.05,0.5,argmax,segformer_b2_cityscapes_mcdrop8,acdc_rain_targetcal25,1,0.8611111111111112
1.0,1000,False,0.0,0.0,1.0,0.9431578947368421,27,36.0,0.0,False,0.0,0.0,0.0,,,87,rider,0.1,0.5,region_crc,segformer_b2_cityscapes_mcdrop8,acdc_rain_targetcal25,1,
1.0,1000,True,0.0,0.0,1.0,0.9431578947368421,27,36.0,0.0,False,0.0,0.0,0.0,,,87,rider,0.1,0.5,heuristic,segformer_b2_cityscapes_mcdrop8,acdc_rain_targetcal25,1,
,-1,True,,0.8518518518518519,0.00024958880385383964,,475,,,False,,,,,,87,rider,0.1,0.5,argmax,segformer_b2_cityscapes_mcdrop8,acdc_rain_targetcal25,1,0.8611111111111112
1.0,1000,False,0.0,0.0,1.0,0.9431578947368421,27,36.0,0.0,False,0.0,0.0,0.0,,,87,rider,0.2,0.5,region_crc,segformer_b2_cityscapes_mcdrop8,acdc_rain_targetcal25,1,
1.0,1000,True,0.0,0.0,1.0,0.9431578947368421,27,36.0,0.0,False,0.0,0.0,0.0,,,87,rider,0.2,0.5,heuristic,segformer_b2_cityscapes_mcdrop8,acdc_rain_targetcal25,1,
,-1,True,,0.8518518518518519,0.00024958880385383964,,475,,,False,,,,,,87,rider,0.2,0.5,argmax,segformer_b2_cityscapes_mcdrop8,acdc_rain_targetcal25,1,0.8611111111111112
1.0,1000,False,0.0,0.0,1.0,0.8315789473684211,80,154.0,0.0,False,0.0,0.0,0.0,,,87,bicycle,0.05,0.1,region_crc,segformer_b2_cityscapes_mcdrop8,acdc_rain_targetcal25,3,
0.995,995,True,0.30586309523809524,0.3058630952380953,0.013319277204573154,0.8315789473684211,80,154.0,0.25473684210526315,False,0.47058823529411764,0.10909090909090909,0.0,,,87,bicycle,0.05,0.1,heuristic,segformer_b2_cityscapes_mcdrop8,acdc_rain_targetcal25,3,
,-1,True,,0.7526488095238095,0.0011176199186593294,,475,,,False,,,,,,87,bicycle,0.05,0.1,argmax,segformer_b2_cityscapes_mcdrop8,acdc_rain_targetcal25,3,0.7272727272727273
1.0,1000,False,0.0,0.0,1.0,0.8315789473684211,80,154.0,0.0,False,0.0,0.0,0.0,,,87,bicycle,0.1,0.1,region_crc,segformer_b2_cityscapes_mcdrop8,acdc_rain_targetcal25,3,
0.995,995,True,0.30586309523809524,0.3058630952380953,0.013319277204573154,0.8315789473684211,80,154.0,0.25473684210526315,False,0.47058823529411764,0.10909090909090909,0.0,,,87,bicycle,0.1,0.1,heuristic,segformer_b2_cityscapes_mcdrop8,acdc_rain_targetcal25,3,
,-1,True,,0.7526488095238095,0.0011176199186593294,,475,,,False,,,,,,87,bicycle,0.1,0.1,argmax,segformer_b2_cityscapes_mcdrop8,acdc_rain_targetcal25,3,0.7272727272727273
1.0,1000,False,0.0,0.0,1.0,0.8315789473684211,80,154.0,0.0,False,0.0,0.0,0.0,,,87,bicycle,0.2,0.1,region_crc,segformer_b2_cityscapes_mcdrop8,acdc_rain_targetcal25,3,
0.995,995,True,0.30586309523809524,0.3058630952380953,0.013319277204573154,0.8315789473684211,80,154.0,0.25473684210526315,False,0.47058823529411764,0.10909090909090909,0.0,,,87,bicycle,0.2,0.1,heuristic,segformer_b2_cityscapes_mcdrop8,acdc_rain_targetcal25,3,
,-1,True,,0.7526488095238095,0.0011176199186593294,,475,,,False,,,,,,87,bicycle,0.2,0.1,argmax,segformer_b2_cityscapes_mcdrop8,acdc_rain_targetcal25,3,0.7272727272727273
1.0,1000,False,0.0,0.0,1.0,0.8315789473684211,80,154.0,0.0,False,0.0,0.0,0.0,,,87,bicycle,0.05,0.5,region_crc,segformer_b2_cityscapes_mcdrop8,acdc_rain_targetcal25,3,
0.997,997,True,0.3326488095238095,0.3326488095238095,0.01717480830848217,0.8315789473684211,80,154.0,0.23368421052631583,False,0.4823529411764706,0.16363636363636364,0.0,,,87,bicycle,0.05,0.5,heuristic,segformer_b2_cityscapes_mcdrop8,acdc_rain_targetcal25,3,
,-1,True,,0.7655654761904762,0.0011176199186593294,,475,,,False,,,,,,87,bicycle,0.05,0.5,argmax,segformer_b2_cityscapes_mcdrop8,acdc_rain_targetcal25,3,0.7467532467532467
1.0,1000,False,0.0,0.0,1.0,0.8315789473684211,80,154.0,0.0,False,0.0,0.0,0.0,,,87,bicycle,0.1,0.5,region_crc,segformer_b2_cityscapes_mcdrop8,acdc_rain_targetcal25,3,
0.997,997,True,0.3326488095238095,0.3326488095238095,0.01717480830848217,0.8315789473684211,80,154.0,0.23368421052631583,False,0.4823529411764706,0.16363636363636364,0.0,,,87,bicycle,0.1,0.5,heuristic,segformer_b2_cityscapes_mcdrop8,acdc_rain_targetcal25,3,
,-1,True,,0.7655654761904762,0.0011176199186593294,,475,,,False,,,,,,87,bicycle,0.1,0.5,argmax,segformer_b2_cityscapes_mcdrop8,acdc_rain_targetcal25,3,0.7467532467532467
1.0,1000,False,0.0,0.0,1.0,0.8315789473684211,80,154.0,0.0,False,0.0,0.0,0.0,,,87,bicycle,0.2,0.5,region_crc,segformer_b2_cityscapes_mcdrop8,acdc_rain_targetcal25,3,
0.997,997,True,0.3326488095238095,0.3326488095238095,0.01717480830848217,0.8315789473684211,80,154.0,0.23368421052631583,False,0.4823529411764706,0.16363636363636364,0.0,,,87,bicycle,0.2,0.5,heuristic,segformer_b2_cityscapes_mcdrop8,acdc_rain_targetcal25,3,
,-1,True,,0.7655654761904762,0.0011176199186593294,,475,,,False,,,,,,87,bicycle,0.2,0.5,argmax,segformer_b2_cityscapes_mcdrop8,acdc_rain_targetcal25,3,0.7467532467532467
1.0,1000,False,0.0,0.0,1.0,0.6610526315789473,161,317.0,0.0,False,0.0,0.0,0.0,,,88,person,0.05,0.1,region_crc,segformer_b2_cityscapes_mcdrop8,acdc_rain_targetcal25,9,
1.0,1000,True,0.0,0.0,1.0,0.6610526315789473,161,317.0,0.0,False,0.0,0.0,0.0,,,88,person,0.05,0.1,heuristic,segformer_b2_cityscapes_mcdrop8,acdc_rain_targetcal25,9,
,-1,True,,0.6416031518515991,0.0017498031957075,,475,,,False,,,,,,88,person,0.05,0.1,argmax,segformer_b2_cityscapes_mcdrop8,acdc_rain_targetcal25,9,0.5962145110410094
1.0,1000,True,0.0,0.0,1.0,0.6610526315789473,161,317.0,0.0,False,0.0,0.0,0.0,,,88,person,0.1,0.1,region_crc,segformer_b2_cityscapes_mcdrop8,acdc_rain_targetcal25,9,
1.0,1000,True,0.0,0.0,1.0,0.6610526315789473,161,317.0,0.0,False,0.0,0.0,0.0,,,88,person,0.1,0.1,heuristic,segformer_b2_cityscapes_mcdrop8,acdc_rain_targetcal25,9,
,-1,True,,0.6416031518515991,0.0017498031957075,,475,,,False,,,,,,88,person,0.1,0.1,argmax,segformer_b2_cityscapes_mcdrop8,acdc_rain_targetcal25,9,0.5962145110410094
0.993,993,True,0.08115942028985507,0.08115942028985507,0.02644730731844902,0.6610526315789473,161,317.0,0.18736842105263163,False,0.09444444444444444,0.04310344827586207,0.0,,,88,person,0.2,0.1,region_crc,segformer_b2_cityscapes_mcdrop8,acdc_rain_targetcal25,9,
0.975,975,True,0.2257612297984969,0.2257612297984969,0.013695508241653442,15.821052631578947,161,317.0,0.21052631578947378,False,0.2777777777777778,0.09482758620689655,0.0,,,88,person,0.2,0.1,heuristic,segformer_b2_cityscapes_mcdrop8,acdc_rain_targetcal25,9,
,-1,True,,0.6416031518515991,0.0017498031957075,,475,,,False,,,,,,88,person,0.2,0.1,argmax,segformer_b2_cityscapes_mcdrop8,acdc_rain_targetcal25,9,0.5962145110410094
1.0,1000,False,0.0,0.0,1.0,0.6610526315789473,161,317.0,0.0,False,0.0,0.0,0.0,,,88,person,0.05,0.5,region_crc,segformer_b2_cityscapes_mcdrop8,acdc_rain_targetcal25,9,
1.0,1000,True,0.0,0.0,1.0,0.6610526315789473,161,317.0,0.0,False,0.0,0.0,0.0,,,88,person,0.05,0.5,heuristic,segformer_b2_cityscapes_mcdrop8,acdc_rain_targetcal25,9,
,-1,True,,0.7570965956059124,0.0017498031957075,,475,,,False,,,,,,88,person,0.05,0.5,argmax,segformer_b2_cityscapes_mcdrop8,acdc_rain_targetcal25,9,0.7003154574132492
1.0,1000,True,0.0,0.0,1.0,0.6610526315789473,161,317.0,0.0,False,0.0,0.0,0.0,,,88,person,0.1,0.5,region_crc,segformer_b2_cityscapes_mcdrop8,acdc_rain_targetcal25,9,
1.0,1000,True,0.0,0.0,1.0,0.6610526315789473,161,317.0,0.0,False,0.0,0.0,0.0,,,88,person,0.1,0.5,heuristic,segformer_b2_cityscapes_mcdrop8,acdc_rain_targetcal25,9,
,-1,True,,0.7570965956059124,0.0017498031957075,,475,,,False,,,,,,88,person,0.1,0.5,argmax,segformer_b2_cityscapes_mcdrop8,acdc_rain_targetcal25,9,0.7003154574132492
0.998,998,True,0.07577639751552795,0.07577639751552795,0.046075109392404556,0.6610526315789473,161,317.0,0.20631578947368423,False,0.07777777777777778,0.04310344827586207,0.0,,,88,person,0.2,0.5,region_crc,segformer_b2_cityscapes_mcdrop8,acdc_rain_targetcal25,9,
0.982,982,True,0.3115392199243131,0.3115392199243131,0.016426099464297295,15.821052631578947,161,317.0,0.21684210526315784,False,0.3611111111111111,0.16379310344827586,0.047619047619047616,,,88,person,0.2,0.5,heuristic,segformer_b2_cityscapes_mcdrop8,acdc_rain_targetcal25,9,
,-1,True,,0.7570965956059124,0.0017498031957075,,475,,,False,,,,,,88,person,0.2,0.5,argmax,segformer_b2_cityscapes_mcdrop8,acdc_rain_targetcal25,9,0.7003154574132492
1.0,1000,False,0.0,0.0,1.0,0.9431578947368421,27,37.0,0.0,False,0.0,0.0,0.0,,,88,rider,0.05,0.1,region_crc,segformer_b2_cityscapes_mcdrop8,acdc_rain_targetcal25,1,
1.0,1000,True,0.0,0.0,1.0,0.9431578947368421,27,37.0,0.0,False,0.0,0.0,0.0,,,88,rider,0.05,0.1,heuristic,segformer_b2_cityscapes_mcdrop8,acdc_rain_targetcal25,1,
,-1,True,,0.7962962962962963,0.00024935530382208526,,475,,,False,,,,,,88,rider,0.05,0.1,argmax,segformer_b2_cityscapes_mcdrop8,acdc_rain_targetcal25,1,0.8108108108108109
1.0,1000,False,0.0,0.0,1.0,0.9431578947368421,27,37.0,0.0,False,0.0,0.0,0.0,,,88,rider,0.1,0.1,region_crc,segformer_b2_cityscapes_mcdrop8,acdc_rain_targetcal25,1,
1.0,1000,True,0.0,0.0,1.0,0.9431578947368421,27,37.0,0.0,False,0.0,0.0,0.0,,,88,rider,0.1,0.1,heuristic,segformer_b2_cityscapes_mcdrop8,acdc_rain_targetcal25,1,
,-1,True,,0.7962962962962963,0.00024935530382208526,,475,,,False,,,,,,88,rider,0.1,0.1,argmax,segformer_b2_cityscapes_mcdrop8,acdc_rain_targetcal25,1,0.8108108108108109
1.0,1000,False,0.0,0.0,1.0,0.9431578947368421,27,37.0,0.0,False,0.0,0.0,0.0,,,88,rider,0.2,0.1,region_crc,segformer_b2_cityscapes_mcdrop8,acdc_rain_targetcal25,1,
1.0,1000,True,0.0,0.0,1.0,0.9431578947368421,27,37.0,0.0,False,0.0,0.0,0.0,,,88,rider,0.2,0.1,heuristic,segformer_b2_cityscapes_mcdrop8,acdc_rain_targetcal25,1,
,-1,True,,0.7962962962962963,0.00024935530382208526,,475,,,False,,,,,,88,rider,0.2,0.1,argmax,segformer_b2_cityscapes_mcdrop8,acdc_rain_targetcal25,1,0.8108108108108109
1.0,1000,False,0.0,0.0,1.0,0.9431578947368421,27,37.0,0.0,False,0.0,0.0,0.0,,,88,rider,0.05,0.5,region_crc,segformer_b2_cityscapes_mcdrop8,acdc_rain_targetcal25,1,
1.0,1000,True,0.0,0.0,1.0,0.9431578947368421,27,37.0,0.0,False,0.0,0.0,0.0,,,88,rider,0.05,0.5,heuristic,segformer_b2_cityscapes_mcdrop8,acdc_rain_targetcal25,1,
,-1,True,,0.8518518518518519,0.00024935530382208526,,475,,,False,,,,,,88,rider,0.05,0.5,argmax,segformer_b2_cityscapes_mcdrop8,acdc_rain_targetcal25,1,0.8648648648648649
1.0,1000,False,0.0,0.0,1.0,0.9431578947368421,27,37.0,0.0,False,0.0,0.0,0.0,,,88,rider,0.1,0.5,region_crc,segformer_b2_cityscapes_mcdrop8,acdc_rain_targetcal25,1,
1.0,1000,True,0.0,0.0,1.0,0.9431578947368421,27,37.0,0.0,False,0.0,0.0,0.0,,,88,rider,0.1,0.5,heuristic,segformer_b2_cityscapes_mcdrop8,acdc_rain_targetcal25,1,
,-1,True,,0.8518518518518519,0.00024935530382208526,,475,,,False,,,,,,88,rider,0.1,0.5,argmax,segformer_b2_cityscapes_mcdrop8,acdc_rain_targetcal25,1,0.8648648648648649
1.0,1000,False,0.0,0.0,1.0,0.9431578947368421,27,37.0,0.0,False,0.0,0.0,0.0,,,88,rider,0.2,0.5,region_crc,segformer_b2_cityscapes_mcdrop8,acdc_rain_targetcal25,1,
1.0,1000,True,0.0,0.0,1.0,0.9431578947368421,27,37.0,0.0,False,0.0,0.0,0.0,,,88,rider,0.2,0.5,heuristic,segformer_b2_cityscapes_mcdrop8,acdc_rain_targetcal25,1,
,-1,True,,0.8518518518518519,0.00024935530382208526,,475,,,False,,,,,,88,rider,0.2,0.5,argmax,segformer_b2_cityscapes_mcdrop8,acdc_rain_targetcal25,1,0.8648648648648649
1.0,1000,False,0.0,0.0,1.0,0.8294736842105264,81,157.0,0.0,False,0.0,0.0,0.0,,,88,bicycle,0.05,0.1,region_crc,segformer_b2_cityscapes_mcdrop8,acdc_rain_targetcal25,2,
1.0,1000,True,0.0,0.0,1.0,0.8294736842105264,81,157.0,0.0,False,0.0,0.0,0.0,,,88,bicycle,0.05,0.1,heuristic,segformer_b2_cityscapes_mcdrop8,acdc_rain_targetcal25,2,
,-1,True,,0.7433568489124045,0.0010913469595834613,,475,,,False,,,,,,88,bicycle,0.05,0.1,argmax,segformer_b2_cityscapes_mcdrop8,acdc_rain_targetcal25,2,0.7261146496815286
1.0,1000,False,0.0,0.0,1.0,0.8294736842105264,81,157.0,0.0,False,0.0,0.0,0.0,,,88,bicycle,0.1,0.1,region_crc,segformer_b2_cityscapes_mcdrop8,acdc_rain_targetcal25,2,
1.0,1000,True,0.0,0.0,1.0,0.8294736842105264,81,157.0,0.0,False,0.0,0.0,0.0,,,88,bicycle,0.1,0.1,heuristic,segformer_b2_cityscapes_mcdrop8,acdc_rain_targetcal25,2,
,-1,True,,0.7433568489124045,0.0010913469595834613,,475,,,False,,,,,,88,bicycle,0.1,0.1,argmax,segformer_b2_cityscapes_mcdrop8,acdc_rain_targetcal25,2,0.7261146496815286
1.0,1000,False,0.0,0.0,1.0,0.8294736842105264,81,157.0,0.0,False,0.0,0.0,0.0,,,88,bicycle,0.2,0.1,region_crc,segformer_b2_cityscapes_mcdrop8,acdc_rain_targetcal25,2,
1.0,1000,True,0.0,0.0,1.0,0.8294736842105264,81,157.0,0.0,False,0.0,0.0,0.0,,,88,bicycle,0.2,0.1,heuristic,segformer_b2_cityscapes_mcdrop8,acdc_rain_targetcal25,2,
,-1,True,,0.7433568489124045,0.0010913469595834613,,475,,,False,,,,,,88,bicycle,0.2,0.1,argmax,segformer_b2_cityscapes_mcdrop8,acdc_rain_targetcal25,2,0.7261146496815286
1.0,1000,False,0.0,0.0,1.0,0.8294736842105264,81,157.0,0.0,False,0.0,0.0,0.0,,,88,bicycle,0.05,0.5,region_crc,segformer_b2_cityscapes_mcdrop8,acdc_rain_targetcal25,2,
1.0,1000,True,0.0,0.0,1.0,0.8294736842105264,81,157.0,0.0,False,0.0,0.0,0.0,,,88,bicycle,0.05,0.5,heuristic,segformer_b2_cityscapes_mcdrop8,acdc_rain_targetcal25,2,
,-1,True,,0.7684597295708406,0.0010913469595834613,,475,,,False,,,,,,88,bicycle,0.05,0.5,argmax,segformer_b2_cityscapes_mcdrop8,acdc_rain_targetcal25,2,0.7515923566878981
1.0,1000,False,0.0,0.0,1.0,0.8294736842105264,81,157.0,0.0,False,0.0,0.0,0.0,,,88,bicycle,0.1,0.5,region_crc,segformer_b2_cityscapes_mcdrop8,acdc_rain_targetcal25,2,
1.0,1000,True,0.0,0.0,1.0,0.8294736842105264,81,157.0,0.0,False,0.0,0.0,0.0,,,88,bicycle,0.1,0.5,heuristic,segformer_b2_cityscapes_mcdrop8,acdc_rain_targetcal25,2,
,-1,True,,0.7684597295708406,0.0010913469595834613,,475,,,False,,,,,,88,bicycle,0.1,0.5,argmax,segformer_b2_cityscapes_mcdrop8,acdc_rain_targetcal25,2,0.7515923566878981
1.0,1000,False,0.0,0.0,1.0,0.8294736842105264,81,157.0,0.0,False,0.0,0.0,0.0,,,88,bicycle,0.2,0.5,region_crc,segformer_b2_cityscapes_mcdrop8,acdc_rain_targetcal25,2,
1.0,1000,True,0.0,0.0,1.0,0.8294736842105264,81,157.0,0.0,False,0.0,0.0,0.0,,,88,bicycle,0.2,0.5,heuristic,segformer_b2_cityscapes_mcdrop8,acdc_rain_targetcal25,2,
,-1,True,,0.7684597295708406,0.0010913469595834613,,475,,,False,,,,,,88,bicycle,0.2,0.5,argmax,segformer_b2_cityscapes_mcdrop8,acdc_rain_targetcal25,2,0.7515923566878981
1.0,1000,False,0.0,0.0,1.0,0.6568421052631579,163,325.0,0.0,False,0.0,0.0,0.0,,,89,person,0.05,0.1,region_crc,segformer_b2_cityscapes_mcdrop8,acdc_rain_targetcal25,7,
0.991,991,True,0.11032719836400819,0.11032719836400819,0.023266561329364777,0.6568421052631579,163,325.0,0.17894736842105263,False,0.12834224598930483,0.05172413793103448,0.0,,,89,person,0.05,0.1,heuristic,segformer_b2_cityscapes_mcdrop8,acdc_rain_targetcal25,7,
,-1,True,,0.6562256080660989,0.0018352511106058955,,475,,,False,,,,,,89,person,0.05,0.1,argmax,segformer_b2_cityscapes_mcdrop8,acdc_rain_targetcal25,7,0.6030769230769231
1.0,1000,False,0.0,0.0,1.0,0.6568421052631579,163,325.0,0.0,False,0.0,0.0,0.0,,,89,person,0.1,0.1,region_crc,segformer_b2_cityscapes_mcdrop8,acdc_rain_targetcal25,7,
0.991,991,True,0.11032719836400819,0.11032719836400819,0.023266561329364777,0.6568421052631579,163,325.0,0.17894736842105263,False,0.12834224598930483,0.05172413793103448,0.0,,,89,person,0.1,0.1,heuristic,segformer_b2_cityscapes_mcdrop8,acdc_rain_targetcal25,7,
,-1,True,,0.6562256080660989,0.0018352511106058955,,475,,,False,,,,,,89,person,0.1,0.1,argmax,segformer_b2_cityscapes_mcdrop8,acdc_rain_targetcal25,7,0.6030769230769231
0.991,991,True,0.11032719836400819,0.11032719836400819,0.023266561329364777,0.6568421052631579,163,325.0,0.17894736842105263,False,0.12834224598930483,0.05172413793103448,0.0,,,89,person,0.2,0.1,region_crc,segformer_b2_cityscapes_mcdrop8,acdc_rain_targetcal25,7,
0.935,935,True,0.39554896364712316,0.39554896364712316,0.0076379855163395405,7.96421052631579,163,325.0,0.16421052631578947,False,0.45989304812834225,0.1896551724137931,0.045454545454545456,,,89,person,0.2,0.1,heuristic,segformer_b2_cityscapes_mcdrop8,acdc_rain_targetcal25,7,
,-1,True,,0.6562256080660989,0.0018352511106058955,,475,,,False,,,,,,89,person,0.2,0.1,argmax,segformer_b2_cityscapes_mcdrop8,acdc_rain_targetcal25,7,0.6030769230769231
1.0,1000,False,0.0,0.0,1.0,0.6568421052631579,163,325.0,0.0,False,0.0,0.0,0.0,,,89,person,0.05,0.5,region_crc,segformer_b2_cityscapes_mcdrop8,acdc_rain_targetcal25,7,
0.996,996,True,0.12566462167689163,0.12566462167689163,0.03394895792007446,0.6568421052631579,163,325.0,0.17263157894736847,False,0.11229946524064172,0.10344827586206896,0.0,,,89,person,0.05,0.5,heuristic,segformer_b2_cityscapes_mcdrop8,acdc_rain_targetcal25,7,
,-1,True,,0.7837988868663716,0.0018352511106058955,,475,,,False,,,,,,89,person,0.05,0.5,argmax,segformer_b2_cityscapes_mcdrop8,acdc_rain_targetcal25,7,0.7138461538461538
1.0,1000,False,0.0,0.0,1.0,0.6568421052631579,163,325.0,0.0,False,0.0,0.0,0.0,,,89,person,0.1,0.5,region_crc,segformer_b2_cityscapes_mcdrop8,acdc_rain_targetcal25,7,
0.996,996,True,0.12566462167689163,0.12566462167689163,0.03394895792007446,0.6568421052631579,163,325.0,0.17263157894736847,False,0.11229946524064172,0.10344827586206896,0.0,,,89,person,0.1,0.5,heuristic,segformer_b2_cityscapes_mcdrop8,acdc_rain_targetcal25,7,
,-1,True,,0.7837988868663716,0.0018352511106058955,,475,,,False,,,,,,89,person,0.1,0.5,argmax,segformer_b2_cityscapes_mcdrop8,acdc_rain_targetcal25,7,0.7138461538461538
0.996,996,True,0.12566462167689163,0.12566462167689163,0.03394895792007446,0.6568421052631579,163,325.0,0.17263157894736847,False,0.11229946524064172,0.10344827586206896,0.0,,,89,person,0.2,0.5,region_crc,segformer_b2_cityscapes_mcdrop8,acdc_rain_targetcal25,7,
0.976,976,True,0.35372892274732765,0.35372892274732765,0.013973257504403591,15.774736842105263,163,325.0,0.18736842105263157,False,0.39572192513368987,0.21551724137931033,0.09090909090909091,,,89,person,0.2,0.5,heuristic,segformer_b2_cityscapes_mcdrop8,acdc_rain_targetcal25,7,
,-1,True,,0.7837988868663716,0.0018352511106058955,,475,,,False,,,,,,89,person,0.2,0.5,argmax,segformer_b2_cityscapes_mcdrop8,acdc_rain_targetcal25,7,0.7138461538461538
1.0,1000,False,0.0,0.0,1.0,0.9452631578947368,26,35.0,0.0,False,0.0,0.0,0.0,,,89,rider,0.05,0.1,region_crc,segformer_b2_cityscapes_mcdrop8,acdc_rain_targetcal25,2,
1.0,1000,True,0.0,0.0,1.0,0.9452631578947368,26,35.0,0.0,False,0.0,0.0,0.0,,,89,rider,0.05,0.1,heuristic,segformer_b2_cityscapes_mcdrop8,acdc_rain_targetcal25,2,
,-1,True,,0.7884615384615384,0.000251071120146662,,475,,,False,,,,,,89,rider,0.05,0.1,argmax,segformer_b2_cityscapes_mcdrop8,acdc_rain_targetcal25,2,0.8
1.0,1000,False,0.0,0.0,1.0,0.9452631578947368,26,35.0,0.0,False,0.0,0.0,0.0,,,89,rider,0.1,0.1,region_crc,segformer_b2_cityscapes_mcdrop8,acdc_rain_targetcal25,2,
1.0,1000,True,0.0,0.0,1.0,0.9452631578947368,26,35.0,0.0,False,0.0,0.0,0.0,,,89,rider,0.1,0.1,heuristic,segformer_b2_cityscapes_mcdrop8,acdc_rain_targetcal25,2,
,-1,True,,0.7884615384615384,0.000251071120146662,,475,,,False,,,,,,89,rider,0.1,0.1,argmax,segformer_b2_cityscapes_mcdrop8,acdc_rain_targetcal25,2,0.8
1.0,1000,False,0.0,0.0,1.0,0.9452631578947368,26,35.0,0.0,False,0.0,0.0,0.0,,,89,rider,0.2,0.1,region_crc,segformer_b2_cityscapes_mcdrop8,acdc_rain_targetcal25,2,
1.0,1000,True,0.0,0.0,1.0,0.9452631578947368,26,35.0,0.0,False,0.0,0.0,0.0,,,89,rider,0.2,0.1,heuristic,segformer_b2_cityscapes_mcdrop8,acdc_rain_targetcal25,2,
,-1,True,,0.7884615384615384,0.000251071120146662,,475,,,False,,,,,,89,rider,0.2,0.1,argmax,segformer_b2_cityscapes_mcdrop8,acdc_rain_targetcal25,2,0.8
1.0,1000,False,0.0,0.0,1.0,0.9452631578947368,26,35.0,0.0,False,0.0,0.0,0.0,,,89,rider,0.05,0.5,region_crc,segformer_b2_cityscapes_mcdrop8,acdc_rain_targetcal25,2,
1.0,1000,True,0.0,0.0,1.0,0.9452631578947368,26,35.0,0.0,False,0.0,0.0,0.0,,,89,rider,0.05,0.5,heuristic,segformer_b2_cityscapes_mcdrop8,acdc_rain_targetcal25,2,
,-1,True,,0.8461538461538461,0.000251071120146662,,475,,,False,,,,,,89,rider,0.05,0.5,argmax,segformer_b2_cityscapes_mcdrop8,acdc_rain_targetcal25,2,0.8571428571428571
1.0,1000,False,0.0,0.0,1.0,0.9452631578947368,26,35.0,0.0,False,0.0,0.0,0.0,,,89,rider,0.1,0.5,region_crc,segformer_b2_cityscapes_mcdrop8,acdc_rain_targetcal25,2,
1.0,1000,True,0.0,0.0,1.0,0.9452631578947368,26,35.0,0.0,False,0.0,0.0,0.0,,,89,rider,0.1,0.5,heuristic,segformer_b2_cityscapes_mcdrop8,acdc_rain_targetcal25,2,
,-1,True,,0.8461538461538461,0.000251071120146662,,475,,,False,,,,,,89,rider,0.1,0.5,argmax,segformer_b2_cityscapes_mcdrop8,acdc_rain_targetcal25,2,0.8571428571428571
1.0,1000,False,0.0,0.0,1.0,0.9452631578947368,26,35.0,0.0,False,0.0,0.0,0.0,,,89,rider,0.2,0.5,region_crc,segformer_b2_cityscapes_mcdrop8,acdc_rain_targetcal25,2,
1.0,1000,True,0.0,0.0,1.0,0.9452631578947368,26,35.0,0.0,False,0.0,0.0,0.0,,,89,rider,0.2,0.5,heuristic,segformer_b2_cityscapes_mcdrop8,acdc_rain_targetcal25,2,
,-1,True,,0.8461538461538461,0.000251071120146662,,475,,,False,,,,,,89,rider,0.2,0.5,argmax,segformer_b2_cityscapes_mcdrop8,acdc_rain_targetcal25,2,0.8571428571428571
1.0,1000,False,0.0,0.0,1.0,0.8315789473684211,80,156.0,0.0,False,0.0,0.0,0.0,,,89,bicycle,0.05,0.1,region_crc,segformer_b2_cityscapes_mcdrop8,acdc_rain_targetcal25,3,
1.0,1000,True,0.0,0.0,1.0,0.8315789473684211,80,156.0,0.0,False,0.0,0.0,0.0,,,89,bicycle,0.05,0.1,heuristic,segformer_b2_cityscapes_mcdrop8,acdc_rain_targetcal25,3,
,-1,True,,0.7401488095238096,0.0011152006918564439,,475,,,False,,,,,,89,bicycle,0.05,0.1,argmax,segformer_b2_cityscapes_mcdrop8,acdc_rain_targetcal25,3,0.7243589743589743
1.0,1000,False,0.0,0.0,1.0,0.8315789473684211,80,156.0,0.0,False,0.0,0.0,0.0,,,89,bicycle,0.1,0.1,region_crc,segformer_b2_cityscapes_mcdrop8,acdc_rain_targetcal25,3,
1.0,1000,True,0.0,0.0,1.0,0.8315789473684211,80,156.0,0.0,False,0.0,0.0,0.0,,,89,bicycle,0.1,0.1,heuristic,segformer_b2_cityscapes_mcdrop8,acdc_rain_targetcal25,3,
,-1,True,,0.7401488095238096,0.0011152006918564439,,475,,,False,,,,,,89,bicycle,0.1,0.1,argmax,segformer_b2_cityscapes_mcdrop8,acdc_rain_targetcal25,3,0.7243589743589743
1.0,1000,False,0.0,0.0,1.0,0.8315789473684211,80,156.0,0.0,False,0.0,0.0,0.0,,,89,bicycle,0.2,0.1,region_crc,segformer_b2_cityscapes_mcdrop8,acdc_rain_targetcal25,3,
1.0,1000,True,0.0,0.0,1.0,0.8315789473684211,80,156.0,0.0,False,0.0,0.0,0.0,,,89,bicycle,0.2,0.1,heuristic,segformer_b2_cityscapes_mcdrop8,acdc_rain_targetcal25,3,
,-1,True,,0.7401488095238096,0.0011152006918564439,,475,,,False,,,,,,89,bicycle,0.2,0.1,argmax,segformer_b2_cityscapes_mcdrop8,acdc_rain_targetcal25,3,0.7243589743589743
1.0,1000,False,0.0,0.0,1.0,0.8315789473684211,80,156.0,0.0,False,0.0,0.0,0.0,,,89,bicycle,0.05,0.5,region_crc,segformer_b2_cityscapes_mcdrop8,acdc_rain_targetcal25,3,
1.0,1000,True,0.0,0.0,1.0,0.8315789473684211,80,156.0,0.0,False,0.0,0.0,0.0,,,89,bicycle,0.05,0.5,heuristic,segformer_b2_cityscapes_mcdrop8,acdc_rain_targetcal25,3,
,-1,True,,0.7655654761904762,0.0011152006918564439,,475,,,False,,,,,,89,bicycle,0.05,0.5,argmax,segformer_b2_cityscapes_mcdrop8,acdc_rain_targetcal25,3,0.75
1.0,1000,False,0.0,0.0,1.0,0.8315789473684211,80,156.0,0.0,False,0.0,0.0,0.0,,,89,bicycle,0.1,0.5,region_crc,segformer_b2_cityscapes_mcdrop8,acdc_rain_targetcal25,3,
1.0,1000,True,0.0,0.0,1.0,0.8315789473684211,80,156.0,0.0,False,0.0,0.0,0.0,,,89,bicycle,0.1,0.5,heuristic,segformer_b2_cityscapes_mcdrop8,acdc_rain_targetcal25,3,
,-1,True,,0.7655654761904762,0.0011152006918564439,,475,,,False,,,,,,89,bicycle,0.1,0.5,argmax,segformer_b2_cityscapes_mcdrop8,acdc_rain_targetcal25,3,0.75
1.0,1000,False,0.0,0.0,1.0,0.8315789473684211,80,156.0,0.0,False,0.0,0.0,0.0,,,89,bicycle,0.2,0.5,region_crc,segformer_b2_cityscapes_mcdrop8,acdc_rain_targetcal25,3,
1.0,1000,True,0.0,0.0,1.0,0.8315789473684211,80,156.0,0.0,False,0.0,0.0,0.0,,,89,bicycle,0.2,0.5,heuristic,segformer_b2_cityscapes_mcdrop8,acdc_rain_targetcal25,3,
,-1,True,,0.7655654761904762,0.0011152006918564439,,475,,,False,,,,,,89,bicycle,0.2,0.5,argmax,segformer_b2_cityscapes_mcdrop8,acdc_rain_targetcal25,3,0.75
1.0,1000,False,0.0,0.0,1.0,0.6652631578947369,159,313.0,0.0,False,0.0,0.0,0.0,,,90,person,0.05,0.1,region_crc,segformer_b2_cityscapes_mcdrop8,acdc_rain_targetcal25,11,
1.0,1000,True,0.0,0.0,1.0,0.6652631578947369,159,313.0,0.0,False,0.0,0.0,0.0,,,90,person,0.05,0.1,heuristic,segformer_b2_cityscapes_mcdrop8,acdc_rain_targetcal25,11,
,-1,True,,0.6302815982061265,0.0018741481471806765,,475,,,False,,,,,,90,person,0.05,0.1,argmax,segformer_b2_cityscapes_mcdrop8,acdc_rain_targetcal25,11,0.5846645367412141
1.0,1000,True,0.0,0.0,1.0,0.6652631578947369,159,313.0,0.0,False,0.0,0.0,0.0,,,90,person,0.1,0.1,region_crc,segformer_b2_cityscapes_mcdrop8,acdc_rain_targetcal25,11,
1.0,1000,True,0.0,0.0,1.0,0.6652631578947369,159,313.0,0.0,False,0.0,0.0,0.0,,,90,person,0.1,0.1,heuristic,segformer_b2_cityscapes_mcdrop8,acdc_rain_targetcal25,11,
,-1,True,,0.6302815982061265,0.0018741481471806765,,475,,,False,,,,,,90,person,0.1,0.1,argmax,segformer_b2_cityscapes_mcdrop8,acdc_rain_targetcal25,11,0.5846645367412141
1.0,1000,True,0.0,0.0,1.0,0.6652631578947369,159,313.0,0.0,False,0.0,0.0,0.0,,,90,person,0.2,0.1,region_crc,segformer_b2_cityscapes_mcdrop8,acdc_rain_targetcal25,11,
0.994,994,True,0.06488469601677149,0.06488469601677149,0.028680097311735153,0.6652631578947369,159,313.0,0.2231578947368421,False,0.08571428571428572,0.02608695652173913,0.0,,,90,person,0.2,0.1,heuristic,segformer_b2_cityscapes_mcdrop8,acdc_rain_targetcal25,11,
,-1,True,,0.6302815982061265,0.0018741481471806765,,475,,,False,,,,,,90,person,0.2,0.1,argmax,segformer_b2_cityscapes_mcdrop8,acdc_rain_targetcal25,11,0.5846645367412141
1.0,1000,False,0.0,0.0,1.0,0.6652631578947369,159,313.0,0.0,False,0.0,0.0,0.0,,,90,person,0.05,0.5,region_crc,segformer_b2_cityscapes_mcdrop8,acdc_rain_targetcal25,11,
1.0,1000,True,0.0,0.0,1.0,0.6652631578947369,159,313.0,0.0,False,0.0,0.0,0.0,,,90,person,0.05,0.5,heuristic,segformer_b2_cityscapes_mcdrop8,acdc_rain_targetcal25,11,
,-1,True,,0.7594919406240161,0.0018741481471806765,,475,,,False,,,,,,90,person,0.05,0.5,argmax,segformer_b2_cityscapes_mcdrop8,acdc_rain_targetcal25,11,0.6964856230031949
1.0,1000,True,0.0,0.0,1.0,0.6652631578947369,159,313.0,0.0,False,0.0,0.0,0.0,,,90,person,0.1,0.5,region_crc,segformer_b2_cityscapes_mcdrop8,acdc_rain_targetcal25,11,
1.0,1000,True,0.0,0.0,1.0,0.6652631578947369,159,313.0,0.0,False,0.0,0.0,0.0,,,90,person,0.1,0.5,heuristic,segformer_b2_cityscapes_mcdrop8,acdc_rain_targetcal25,11,
,-1,True,,0.7594919406240161,0.0018741481471806765,,475,,,False,,,,,,90,person,0.1,0.5,argmax,segformer_b2_cityscapes_mcdrop8,acdc_rain_targetcal25,11,0.6964856230031949
1.0,1000,True,0.0,0.0,1.0,0.6652631578947369,159,313.0,0.0,False,0.0,0.0,0.0,,,90,person,0.2,0.5,region_crc,segformer_b2_cityscapes_mcdrop8,acdc_rain_targetcal25,11,
0.999,999,True,0.04245283018867924,0.04245283018867924,0.06114932522177696,0.6652631578947369,159,313.0,0.22526315789473683,False,0.04,0.034782608695652174,0.0,,,90,person,0.2,0.5,heuristic,segformer_b2_cityscapes_mcdrop8,acdc_rain_targetcal25,11,
,-1,True,,0.7594919406240161,0.0018741481471806765,,475,,,False,,,,,,90,person,0.2,0.5,argmax,segformer_b2_cityscapes_mcdrop8,acdc_rain_targetcal25,11,0.6964856230031949
1.0,1000,False,0.0,0.0,1.0,0.9431578947368421,27,37.0,0.0,False,0.0,0.0,0.0,,,90,rider,0.05,0.1,region_crc,segformer_b2_cityscapes_mcdrop8,acdc_rain_targetcal25,1,
1.0,1000,True,0.0,0.0,1.0,0.9431578947368421,27,37.0,0.0,False,0.0,0.0,0.0,,,90,rider,0.05,0.1,heuristic,segformer_b2_cityscapes_mcdrop8,acdc_rain_targetcal25,1,
,-1,True,,0.7962962962962963,0.0002510822669137269,,475,,,False,,,,,,90,rider,0.05,0.1,argmax,segformer_b2_cityscapes_mcdrop8,acdc_rain_targetcal25,1,0.8108108108108109
1.0,1000,False,0.0,0.0,1.0,0.9431578947368421,27,37.0,0.0,False,0.0,0.0,0.0,,,90,rider,0.1,0.1,region_crc,segformer_b2_cityscapes_mcdrop8,acdc_rain_targetcal25,1,
1.0,1000,True,0.0,0.0,1.0,0.9431578947368421,27,37.0,0.0,False,0.0,0.0,0.0,,,90,rider,0.1,0.1,heuristic,segformer_b2_cityscapes_mcdrop8,acdc_rain_targetcal25,1,
,-1,True,,0.7962962962962963,0.0002510822669137269,,475,,,False,,,,,,90,rider,0.1,0.1,argmax,segformer_b2_cityscapes_mcdrop8,acdc_rain_targetcal25,1,0.8108108108108109
1.0,1000,False,0.0,0.0,1.0,0.9431578947368421,27,37.0,0.0,False,0.0,0.0,0.0,,,90,rider,0.2,0.1,region_crc,segformer_b2_cityscapes_mcdrop8,acdc_rain_targetcal25,1,
1.0,1000,True,0.0,0.0,1.0,0.9431578947368421,27,37.0,0.0,False,0.0,0.0,0.0,,,90,rider,0.2,0.1,heuristic,segformer_b2_cityscapes_mcdrop8,acdc_rain_targetcal25,1,
,-1,True,,0.7962962962962963,0.0002510822669137269,,475,,,False,,,,,,90,rider,0.2,0.1,argmax,segformer_b2_cityscapes_mcdrop8,acdc_rain_targetcal25,1,0.8108108108108109
1.0,1000,False,0.0,0.0,1.0,0.9431578947368421,27,37.0,0.0,False,0.0,0.0,0.0,,,90,rider,0.05,0.5,region_crc,segformer_b2_cityscapes_mcdrop8,acdc_rain_targetcal25,1,
1.0,1000,True,0.0,0.0,1.0,0.9431578947368421,27,37.0,0.0,False,0.0,0.0,0.0,,,90,rider,0.05,0.5,heuristic,segformer_b2_cityscapes_mcdrop8,acdc_rain_targetcal25,1,
,-1,True,,0.8518518518518519,0.0002510822669137269,,475,,,False,,,,,,90,rider,0.05,0.5,argmax,segformer_b2_cityscapes_mcdrop8,acdc_rain_targetcal25,1,0.8648648648648649
1.0,1000,False,0.0,0.0,1.0,0.9431578947368421,27,37.0,0.0,False,0.0,0.0,0.0,,,90,rider,0.1,0.5,region_crc,segformer_b2_cityscapes_mcdrop8,acdc_rain_targetcal25,1,
1.0,1000,True,0.0,0.0,1.0,0.9431578947368421,27,37.0,0.0,False,0.0,0.0,0.0,,,90,rider,0.1,0.5,heuristic,segformer_b2_cityscapes_mcdrop8,acdc_rain_targetcal25,1,
,-1,True,,0.8518518518518519,0.0002510822669137269,,475,,,False,,,,,,90,rider,0.1,0.5,argmax,segformer_b2_cityscapes_mcdrop8,acdc_rain_targetcal25,1,0.8648648648648649
1.0,1000,False,0.0,0.0,1.0,0.9431578947368421,27,37.0,0.0,False,0.0,0.0,0.0,,,90,rider,0.2,0.5,region_crc,segformer_b2_cityscapes_mcdrop8,acdc_rain_targetcal25,1,
1.0,1000,True,0.0,0.0,1.0,0.9431578947368421,27,37.0,0.0,False,0.0,0.0,0.0,,,90,rider,0.2,0.5,heuristic,segformer_b2_cityscapes_mcdrop8,acdc_rain_targetcal25,1,
,-1,True,,0.8518518518518519,0.0002510822669137269,,475,,,False,,,,,,90,rider,0.2,0.5,argmax,segformer_b2_cityscapes_mcdrop8,acdc_rain_targetcal25,1,0.8648648648648649
1.0,1000,False,0.0,0.0,1.0,0.8336842105263158,79,153.0,0.0,False,0.0,0.0,0.0,,,90,bicycle,0.05,0.1,region_crc,segformer_b2_cityscapes_mcdrop8,acdc_rain_targetcal25,4,
1.0,1000,True,0.0,0.0,1.0,0.8336842105263158,79,153.0,0.0,False,0.0,0.0,0.0,,,90,bicycle,0.05,0.1,heuristic,segformer_b2_cityscapes_mcdrop8,acdc_rain_targetcal25,4,
,-1,True,,0.7495177817962628,0.0011172991944476962,,475,,,False,,,,,,90,bicycle,0.05,0.1,argmax,segformer_b2_cityscapes_mcdrop8,acdc_rain_targetcal25,4,0.7254901960784313
1.0,1000,False,0.0,0.0,1.0,0.8336842105263158,79,153.0,0.0,False,0.0,0.0,0.0,,,90,bicycle,0.1,0.1,region_crc,segformer_b2_cityscapes_mcdrop8,acdc_rain_targetcal25,4,
1.0,1000,True,0.0,0.0,1.0,0.8336842105263158,79,153.0,0.0,False,0.0,0.0,0.0,,,90,bicycle,0.1,0.1,heuristic,segformer_b2_cityscapes_mcdrop8,acdc_rain_targetcal25,4,
,-1,True,,0.7495177817962628,0.0011172991944476962,,475,,,False,,,,,,90,bicycle,0.1,0.1,argmax,segformer_b2_cityscapes_mcdrop8,acdc_rain_targetcal25,4,0.7254901960784313
1.0,1000,True,0.0,0.0,1.0,0.8336842105263158,79,153.0,0.0,False,0.0,0.0,0.0,,,90,bicycle,0.2,0.1,region_crc,segformer_b2_cityscapes_mcdrop8,acdc_rain_targetcal25,4,
1.0,1000,True,0.0,0.0,1.0,0.8336842105263158,79,153.0,0.0,False,0.0,0.0,0.0,,,90,bicycle,0.2,0.1,heuristic,segformer_b2_cityscapes_mcdrop8,acdc_rain_targetcal25,4,
,-1,True,,0.7495177817962628,0.0011172991944476962,,475,,,False,,,,,,90,bicycle,0.2,0.1,argmax,segformer_b2_cityscapes_mcdrop8,acdc_rain_targetcal25,4,0.7254901960784313
1.0,1000,False,0.0,0.0,1.0,0.8336842105263158,79,153.0,0.0,False,0.0,0.0,0.0,,,90,bicycle,0.05,0.5,region_crc,segformer_b2_cityscapes_mcdrop8,acdc_rain_targetcal25,4,
1.0,1000,True,0.0,0.0,1.0,0.8336842105263158,79,153.0,0.0,False,0.0,0.0,0.0,,,90,bicycle,0.05,0.5,heuristic,segformer_b2_cityscapes_mcdrop8,acdc_rain_targetcal25,4,
,-1,True,,0.7752561784207354,0.0011172991944476962,,475,,,False,,,,,,90,bicycle,0.05,0.5,argmax,segformer_b2_cityscapes_mcdrop8,acdc_rain_targetcal25,4,0.7516339869281046
1.0,1000,False,0.0,0.0,1.0,0.8336842105263158,79,153.0,0.0,False,0.0,0.0,0.0,,,90,bicycle,0.1,0.5,region_crc,segformer_b2_cityscapes_mcdrop8,acdc_rain_targetcal25,4,
1.0,1000,True,0.0,0.0,1.0,0.8336842105263158,79,153.0,0.0,False,0.0,0.0,0.0,,,90,bicycle,0.1,0.5,heuristic,segformer_b2_cityscapes_mcdrop8,acdc_rain_targetcal25,4,
,-1,True,,0.7752561784207354,0.0011172991944476962,,475,,,False,,,,,,90,bicycle,0.1,0.5,argmax,segformer_b2_cityscapes_mcdrop8,acdc_rain_targetcal25,4,0.7516339869281046
1.0,1000,True,0.0,0.0,1.0,0.8336842105263158,79,153.0,0.0,False,0.0,0.0,0.0,,,90,bicycle,0.2,0.5,region_crc,segformer_b2_cityscapes_mcdrop8,acdc_rain_targetcal25,4,
1.0,1000,True,0.0,0.0,1.0,0.8336842105263158,79,153.0,0.0,False,0.0,0.0,0.0,,,90,bicycle,0.2,0.5,heuristic,segformer_b2_cityscapes_mcdrop8,acdc_rain_targetcal25,4,
,-1,True,,0.7752561784207354,0.0011172991944476962,,475,,,False,,,,,,90,bicycle,0.2,0.5,argmax,segformer_b2_cityscapes_mcdrop8,acdc_rain_targetcal25,4,0.7516339869281046
1.0,1000,False,0.0,0.0,1.0,0.6631578947368421,160,315.0,0.0,False,0.0,0.0,0.0,,,91,person,0.05,0.1,region_crc,segformer_b2_cityscapes_mcdrop8,acdc_rain_targetcal25,10,
0.99,990,True,0.11934027777777778,0.11934027777777775,0.022358402609825134,0.6631578947368421,160,315.0,0.12842105263157894,False,0.14772727272727273,0.05172413793103448,0.0,,,91,person,0.05,0.1,heuristic,segformer_b2_cityscapes_mcdrop8,acdc_rain_targetcal25,10,
,-1,True,,0.6362381715506716,0.0018704921239987016,,475,,,False,,,,,,91,person,0.05,0.1,argmax,segformer_b2_cityscapes_mcdrop8,acdc_rain_targetcal25,10,0.5904761904761905
0.99,990,True,0.11934027777777778,0.11934027777777775,0.022358402609825134,0.6631578947368421,160,315.0,0.12842105263157894,False,0.14772727272727273,0.05172413793103448,0.0,,,91,person,0.1,0.1,region_crc,segformer_b2_cityscapes_mcdrop8,acdc_rain_targetcal25,10,
0.982,982,True,0.1836111111111111,0.1836111111111111,0.016566656529903412,15.673684210526316,160,315.0,0.11578947368421055,False,0.23295454545454544,0.08620689655172414,0.0,,,91,person,0.1,0.1,heuristic,segformer_b2_cityscapes_mcdrop8,acdc_rain_targetcal25,10,
,-1,True,,0.6362381715506716,0.0018704921239987016,,475,,,False,,,,,,91,person,0.1,0.1,argmax,segformer_b2_cityscapes_mcdrop8,acdc_rain_targetcal25,10,0.5904761904761905
0.982,982,True,0.1836111111111111,0.1836111111111111,0.016566656529903412,15.673684210526316,160,315.0,0.11578947368421055,False,0.23295454545454544,0.08620689655172414,0.0,,,91,person,0.2,0.1,region_crc,segformer_b2_cityscapes_mcdrop8,acdc_rain_targetcal25,10,
0.981,981,True,0.1898611111111111,0.1898611111111111,0.01609010063111782,15.673684210526316,160,315.0,0.11789473684210527,False,0.23863636363636365,0.08620689655172414,0.0,,,91,person,0.2,0.1,heuristic,segformer_b2_cityscapes_mcdrop8,acdc_rain_targetcal25,10,
,-1,True,,0.6362381715506716,0.0018704921239987016,,475,,,False,,,,,,91,person,0.2,0.1,argmax,segformer_b2_cityscapes_mcdrop8,acdc_rain_targetcal25,10,0.5904761904761905
1.0,1000,False,0.0,0.0,1.0,0.6631578947368421,160,315.0,0.0,False,0.0,0.0,0.0,,,91,person,0.05,0.5,region_crc,segformer_b2_cityscapes_mcdrop8,acdc_rain_targetcal25,10,
0.993,993,True,0.1789236111111111,0.1789236111111111,0.026563821360468864,0.6631578947368421,160,315.0,0.12842105263157894,False,0.19886363636363635,0.11206896551724138,0.0,,,91,person,0.05,0.5,heuristic,segformer_b2_cityscapes_mcdrop8,acdc_rain_targetcal25,10,
,-1,True,,0.7630784493284494,0.0018704921239987016,,475,,,False,,,,,,91,person,0.05,0.5,argmax,segformer_b2_cityscapes_mcdrop8,acdc_rain_targetcal25,10,0.6984126984126984
0.993,993,True,0.1789236111111111,0.1789236111111111,0.026563821360468864,0.6631578947368421,160,315.0,0.12842105263157894,False,0.19886363636363635,0.11206896551724138,0.0,,,91,person,0.1,0.5,region_crc,segformer_b2_cityscapes_mcdrop8,acdc_rain_targetcal25,10,
0.992,992,True,0.19867521367521368,0.19867521367521365,0.024926897138357162,0.6631578947368421,160,315.0,0.13473684210526315,False,0.22727272727272727,0.1206896551724138,0.0,,,91,person,0.1,0.5,heuristic,segformer_b2_cityscapes_mcdrop8,acdc_rain_targetcal25,10,
,-1,True,,0.7630784493284494,0.0018704921239987016,,475,,,False,,,,,,91,person,0.1,0.5,argmax,segformer_b2_cityscapes_mcdrop8,acdc_rain_targetcal25,10,0.6984126984126984
0.992,992,True,0.19867521367521368,0.19867521367521365,0.024926897138357162,0.6631578947368421,160,315.0,0.13473684210526315,False,0.22727272727272727,0.1206896551724138,0.0,,,91,person,0.2,0.5,region_crc,segformer_b2_cityscapes_mcdrop8,acdc_rain_targetcal25,10,
0.983,983,True,0.29786134004884,0.29786134004884,0.01707286387681961,15.673684210526316,160,315.0,0.12,False,0.3522727272727273,0.15517241379310345,0.043478260869565216,,,91,person,0.2,0.5,heuristic,segformer_b2_cityscapes_mcdrop8,acdc_rain_targetcal25,10,
,-1,True,,0.7630784493284494,0.0018704921239987016,,475,,,False,,,,,,91,person,0.2,0.5,argmax,segformer_b2_cityscapes_mcdrop8,acdc_rain_targetcal25,10,0.6984126984126984
1.0,1000,False,0.0,0.0,1.0,0.9431578947368421,27,37.0,0.0,False,0.0,0.0,0.0,,,91,rider,0.05,0.1,region_crc,segformer_b2_cityscapes_mcdrop8,acdc_rain_targetcal25,1,
0.845,845,True,0.7592592592592593,0.7592592592592593,0.0005490447510965168,0.4147368421052632,27,37.0,0.12210526315789472,False,0.9629629629629629,0.4,0.2,,,91,rider,0.05,0.1,heuristic,segformer_b2_cityscapes_mcdrop8,acdc_rain_targetcal25,1,
,-1,True,,0.7962962962962963,0.0002510822669137269,,475,,,False,,,,,,91,rider,0.05,0.1,argmax,segformer_b2_cityscapes_mcdrop8,acdc_rain_targetcal25,1,0.8108108108108109
1.0,1000,False,0.0,0.0,1.0,0.9431578947368421,27,37.0,0.0,False,0.0,0.0,0.0,,,91,rider,0.1,0.1,region_crc,segformer_b2_cityscapes_mcdrop8,acdc_rain_targetcal25,1,
0.845,845,True,0.7592592592592593,0.7592592592592593,0.0005490447510965168,0.4147368421052632,27,37.0,0.12210526315789472,False,0.9629629629629629,0.4,0.2,,,91,rider,0.1,0.1,heuristic,segformer_b2_cityscapes_mcdrop8,acdc_rain_targetcal25,1,
,-1,True,,0.7962962962962963,0.0002510822669137269,,475,,,False,,,,,,91,rider,0.1,0.1,argmax,segformer_b2_cityscapes_mcdrop8,acdc_rain_targetcal25,1,0.8108108108108109
1.0,1000,False,0.0,0.0,1.0,0.9431578947368421,27,37.0,0.0,False,0.0,0.0,0.0,,,91,rider,0.2,0.1,region_crc,segformer_b2_cityscapes_mcdrop8,acdc_rain_targetcal25,1,
0.845,845,True,0.7592592592592593,0.7592592592592593,0.0005490447510965168,0.4147368421052632,27,37.0,0.12210526315789472,False,0.9629629629629629,0.4,0.2,,,91,rider,0.2,0.1,heuristic,segformer_b2_cityscapes_mcdrop8,acdc_rain_targetcal25,1,
,-1,True,,0.7962962962962963,0.0002510822669137269,,475,,,False,,,,,,91,rider,0.2,0.1,argmax,segformer_b2_cityscapes_mcdrop8,acdc_rain_targetcal25,1,0.8108108108108109
1.0,1000,False,0.0,0.0,1.0,0.9431578947368421,27,37.0,0.0,False,0.0,0.0,0.0,,,91,rider,0.05,0.5,region_crc,segformer_b2_cityscapes_mcdrop8,acdc_rain_targetcal25,1,
0.925,925,True,0.7592592592592593,0.7592592592592593,0.0009293990442529321,0.7705263157894737,27,37.0,0.13473684210526315,False,0.9629629629629629,0.4,0.2,,,91,rider,0.05,0.5,heuristic,segformer_b2_cityscapes_mcdrop8,acdc_rain_targetcal25,1,
,-1,True,,0.8518518518518519,0.0002510822669137269,,475,,,False,,,,,,91,rider,0.05,0.5,argmax,segformer_b2_cityscapes_mcdrop8,acdc_rain_targetcal25,1,0.8648648648648649
1.0,1000,False,0.0,0.0,1.0,0.9431578947368421,27,37.0,0.0,False,0.0,0.0,0.0,,,91,rider,0.1,0.5,region_crc,segformer_b2_cityscapes_mcdrop8,acdc_rain_targetcal25,1,
0.925,925,True,0.7592592592592593,0.7592592592592593,0.0009293990442529321,0.7705263157894737,27,37.0,0.13473684210526315,False,0.9629629629629629,0.4,0.2,,,91,rider,0.1,0.5,heuristic,segformer_b2_cityscapes_mcdrop8,acdc_rain_targetcal25,1,
,-1,True,,0.8518518518518519,0.0002510822669137269,,475,,,False,,,,,,91,rider,0.1,0.5,argmax,segformer_b2_cityscapes_mcdrop8,acdc_rain_targetcal25,1,0.8648648648648649
1.0,1000,False,0.0,0.0,1.0,0.9431578947368421,27,37.0,0.0,False,0.0,0.0,0.0,,,91,rider,0.2,0.5,region_crc,segformer_b2_cityscapes_mcdrop8,acdc_rain_targetcal25,1,
0.925,925,True,0.7592592592592593,0.7592592592592593,0.0009293990442529321,0.7705263157894737,27,37.0,0.13473684210526315,False,0.9629629629629629,0.4,0.2,,,91,rider,0.2,0.5,heuristic,segformer_b2_cityscapes_mcdrop8,acdc_rain_targetcal25,1,
,-1,True,,0.8518518518518519,0.0002510822669137269,,475,,,False,,,,,,91,rider,0.2,0.5,argmax,segformer_b2_cityscapes_mcdrop8,acdc_rain_targetcal25,1,0.8648648648648649
1.0,1000,False,0.0,0.0,1.0,0.8315789473684211,80,150.0,0.0,False,0.0,0.0,0.0,,,91,bicycle,0.05,0.1,region_crc,segformer_b2_cityscapes_mcdrop8,acdc_rain_targetcal25,3,
0.998,998,True,0.22053571428571428,0.22053571428571428,0.02048393525183201,0.8315789473684211,80,150.0,0.20421052631578945,False,0.3218390804597701,0.08163265306122448,0.0,,,91,bicycle,0.05,0.1,heuristic,segformer_b2_cityscapes_mcdrop8,acdc_rain_targetcal25,3,
,-1,True,,0.7426488095238095,0.001127840718254447,,475,,,False,,,,,,91,bicycle,0.05,0.1,argmax,segformer_b2_cityscapes_mcdrop8,acdc_rain_targetcal25,3,0.72
1.0,1000,False,0.0,0.0,1.0,0.8315789473684211,80,150.0,0.0,False,0.0,0.0,0.0,,,91,bicycle,0.1,0.1,region_crc,segformer_b2_cityscapes_mcdrop8,acdc_rain_targetcal25,3,
0.998,998,True,0.22053571428571428,0.22053571428571428,0.02048393525183201,0.8315789473684211,80,150.0,0.20421052631578945,False,0.3218390804597701,0.08163265306122448,0.0,,,91,bicycle,0.1,0.1,heuristic,segformer_b2_cityscapes_mcdrop8,acdc_rain_targetcal25,3,
,-1,True,,0.7426488095238095,0.001127840718254447,,475,,,False,,,,,,91,bicycle,0.1,0.1,argmax,segformer_b2_cityscapes_mcdrop8,acdc_rain_targetcal25,3,0.72
1.0,1000,False,0.0,0.0,1.0,0.8315789473684211,80,150.0,0.0,False,0.0,0.0,0.0,,,91,bicycle,0.2,0.1,region_crc,segformer_b2_cityscapes_mcdrop8,acdc_rain_targetcal25,3,
0.998,998,True,0.22053571428571428,0.22053571428571428,0.02048393525183201,0.8315789473684211,80,150.0,0.20421052631578945,False,0.3218390804597701,0.08163265306122448,0.0,,,91,bicycle,0.2,0.1,heuristic,segformer_b2_cityscapes_mcdrop8,acdc_rain_targetcal25,3,
,-1,True,,0.7426488095238095,0.001127840718254447,,475,,,False,,,,,,91,bicycle,0.2,0.1,argmax,segformer_b2_cityscapes_mcdrop8,acdc_rain_targetcal25,3,0.72
1.0,1000,False,0.0,0.0,1.0,0.8315789473684211,80,150.0,0.0,False,0.0,0.0,0.0,,,91,bicycle,0.05,0.5,region_crc,segformer_b2_cityscapes_mcdrop8,acdc_rain_targetcal25,3,
1.0,1000,True,0.0,0.0,1.0,0.8315789473684211,80,150.0,0.0,False,0.0,0.0,0.0,,,91,bicycle,0.05,0.5,heuristic,segformer_b2_cityscapes_mcdrop8,acdc_rain_targetcal25,3,
,-1,True,,0.7680654761904762,0.001127840718254447,,475,,,False,,,,,,91,bicycle,0.05,0.5,argmax,segformer_b2_cityscapes_mcdrop8,acdc_rain_targetcal25,3,0.7466666666666667
1.0,1000,False,0.0,0.0,1.0,0.8315789473684211,80,150.0,0.0,False,0.0,0.0,0.0,,,91,bicycle,0.1,0.5,region_crc,segformer_b2_cityscapes_mcdrop8,acdc_rain_targetcal25,3,
1.0,1000,True,0.0,0.0,1.0,0.8315789473684211,80,150.0,0.0,False,0.0,0.0,0.0,,,91,bicycle,0.1,0.5,heuristic,segformer_b2_cityscapes_mcdrop8,acdc_rain_targetcal25,3,
,-1,True,,0.7680654761904762,0.001127840718254447,,475,,,False,,,,,,91,bicycle,0.1,0.5,argmax,segformer_b2_cityscapes_mcdrop8,acdc_rain_targetcal25,3,0.7466666666666667
1.0,1000,False,0.0,0.0,1.0,0.8315789473684211,80,150.0,0.0,False,0.0,0.0,0.0,,,91,bicycle,0.2,0.5,region_crc,segformer_b2_cityscapes_mcdrop8,acdc_rain_targetcal25,3,
1.0,1000,True,0.0,0.0,1.0,0.8315789473684211,80,150.0,0.0,False,0.0,0.0,0.0,,,91,bicycle,0.2,0.5,heuristic,segformer_b2_cityscapes_mcdrop8,acdc_rain_targetcal25,3,
,-1,True,,0.7680654761904762,0.001127840718254447,,475,,,False,,,,,,91,bicycle,0.2,0.5,argmax,segformer_b2_cityscapes_mcdrop8,acdc_rain_targetcal25,3,0.7466666666666667
1.0,1000,False,0.0,0.0,1.0,0.6757894736842105,154,298.0,0.0,False,0.0,0.0,0.0,,,92,person,0.05,0.1,region_crc,segformer_b2_cityscapes_mcdrop8,acdc_rain_targetcal25,16,
0.997,997,True,0.056818181818181816,0.056818181818181816,0.03849579021334648,0.6757894736842105,154,298.0,0.2778947368421053,False,0.05389221556886228,0.02702702702702703,0.0,,,92,person,0.05,0.1,heuristic,segformer_b2_cityscapes_mcdrop8,acdc_rain_targetcal25,16,
,-1,True,,0.6566976674119531,0.0016850654501467943,,475,,,False,,,,,,92,person,0.05,0.1,argmax,segformer_b2_cityscapes_mcdrop8,acdc_rain_targetcal25,16,0.6040268456375839
0.997,997,True,0.056818181818181816,0.056818181818181816,0.03849579021334648,0.6757894736842105,154,298.0,0.2778947368421053,False,0.05389221556886228,0.02702702702702703,0.0,,,92,person,0.1,0.1,region_crc,segformer_b2_cityscapes_mcdrop8,acdc_rain_targetcal25,16,
0.978,978,True,0.21972749472749473,0.21972749472749473,0.014495475217700005,15.837894736842106,154,298.0,0.29894736842105263,False,0.2634730538922156,0.0990990990990991,0.0,,,92,person,0.1,0.1,heuristic,segformer_b2_cityscapes_mcdrop8,acdc_rain_targetcal25,16,
,-1,True,,0.6566976674119531,0.0016850654501467943,,475,,,False,,,,,,92,person,0.1,0.1,argmax,segformer_b2_cityscapes_mcdrop8,acdc_rain_targetcal25,16,0.6040268456375839
0.968,968,True,0.2606568035139464,0.2606568035139464,0.011669850908219814,15.837894736842106,154,298.0,0.2947368421052632,False,0.32335329341317365,0.11711711711711711,0.0,,,92,person,0.2,0.1,region_crc,segformer_b2_cityscapes_mcdrop8,acdc_rain_targetcal25,16,
0.968,968,True,0.2606568035139464,0.2606568035139464,0.011669850908219814,15.837894736842106,154,298.0,0.2947368421052632,False,0.32335329341317365,0.11711711711711711,0.0,,,92,person,0.2,0.1,heuristic,segformer_b2_cityscapes_mcdrop8,acdc_rain_targetcal25,16,
,-1,True,,0.6566976674119531,0.0016850654501467943,,475,,,False,,,,,,92,person,0.2,0.1,argmax,segformer_b2_cityscapes_mcdrop8,acdc_rain_targetcal25,16,0.6040268456375839
1.0,1000,False,0.0,0.0,1.0,0.6757894736842105,154,298.0,0.0,False,0.0,0.0,0.0,,,92,person,0.05,0.5,region_crc,segformer_b2_cityscapes_mcdrop8,acdc_rain_targetcal25,16,
0.998,998,True,0.08246753246753247,0.08246753246753247,0.04573947936296463,0.6757894736842105,154,298.0,0.29894736842105263,False,0.07784431137724551,0.05405405405405406,0.0,,,92,person,0.05,0.5,heuristic,segformer_b2_cityscapes_mcdrop8,acdc_rain_targetcal25,16,
,-1,True,,0.7677005534148392,0.0016850654501467943,,475,,,False,,,,,,92,person,0.05,0.5,argmax,segformer_b2_cityscapes_mcdrop8,acdc_rain_targetcal25,16,0.7046979865771812
0.998,998,True,0.08246753246753247,0.08246753246753247,0.04573947936296463,0.6757894736842105,154,298.0,0.29894736842105263,False,0.07784431137724551,0.05405405405405406,0.0,,,92,person,0.1,0.5,region_crc,segformer_b2_cityscapes_mcdrop8,acdc_rain_targetcal25,16,
0.996,996,True,0.12543290043290042,0.12543290043290042,0.033908434212207794,0.6757894736842105,154,298.0,0.30315789473684207,False,0.10778443113772455,0.10810810810810811,0.0,,,92,person,0.1,0.5,heuristic,segformer_b2_cityscapes_mcdrop8,acdc_rain_targetcal25,16,
,-1,True,,0.7677005534148392,0.0016850654501467943,,475,,,False,,,,,,92,person,0.1,0.5,argmax,segformer_b2_cityscapes_mcdrop8,acdc_rain_targetcal25,16,0.7046979865771812
0.991,991,True,0.21702186702186702,0.217021867021867,0.023155659437179565,0.6757894736842105,154,298.0,0.3073684210526315,False,0.2275449101796407,0.13513513513513514,0.0,,,92,person,0.2,0.5,region_crc,segformer_b2_cityscapes_mcdrop8,acdc_rain_targetcal25,16,
0.989,989,True,0.24516039516039514,0.24516039516039514,0.02094353921711445,0.6757894736842105,154,298.0,0.2947368421052632,False,0.2694610778443114,0.13513513513513514,0.0,,,92,person,0.2,0.5,heuristic,segformer_b2_cityscapes_mcdrop8,acdc_rain_targetcal25,16,
,-1,True,,0.7677005534148392,0.0016850654501467943,,475,,,False,,,,,,92,person,0.2,0.5,argmax,segformer_b2_cityscapes_mcdrop8,acdc_rain_targetcal25,16,0.7046979865771812
1.0,1000,False,0.0,0.0,1.0,0.9452631578947368,26,33.0,0.0,False,0.0,0.0,0.0,,,92,rider,0.05,0.1,region_crc,segformer_b2_cityscapes_mcdrop8,acdc_rain_targetcal25,2,
0.997,997,True,0.4230769230769231,0.4230769230769231,0.005944740492850542,0.9452631578947368,26,33.0,0.18105263157894735,False,0.6521739130434783,0.0,0.0,,,92,rider,0.05,0.1,heuristic,segformer_b2_cityscapes_mcdrop8,acdc_rain_targetcal25,2,
,-1,True,,0.7884615384615384,0.00024388809106312692,,475,,,False,,,,,,92,rider,0.05,0.1,argmax,segformer_b2_cityscapes_mcdrop8,acdc_rain_targetcal25,2,0.7878787878787878
1.0,1000,False,0.0,0.0,1.0,0.9452631578947368,26,33.0,0.0,False,0.0,0.0,0.0,,,92,rider,0.1,0.1,region_crc,segformer_b2_cityscapes_mcdrop8,acdc_rain_targetcal25,2,
0.997,997,True,0.4230769230769231,0.4230769230769231,0.005944740492850542,0.9452631578947368,26,33.0,0.18105263157894735,False,0.6521739130434783,0.0,0.0,,,92,rider,0.1,0.1,heuristic,segformer_b2_cityscapes_mcdrop8,acdc_rain_targetcal25,2,
,-1,True,,0.7884615384615384,0.00024388809106312692,,475,,,False,,,,,,92,rider,0.1,0.1,argmax,segformer_b2_cityscapes_mcdrop8,acdc_rain_targetcal25,2,0.7878787878787878
1.0,1000,False,0.0,0.0,1.0,0.9452631578947368,26,33.0,0.0,False,0.0,0.0,0.0,,,92,rider,0.2,0.1,region_crc,segformer_b2_cityscapes_mcdrop8,acdc_rain_targetcal25,2,
0.997,997,True,0.4230769230769231,0.4230769230769231,0.005944740492850542,0.9452631578947368,26,33.0,0.18105263157894735,False,0.6521739130434783,0.0,0.0,,,92,rider,0.2,0.1,heuristic,segformer_b2_cityscapes_mcdrop8,acdc_rain_targetcal25,2,
,-1,True,,0.7884615384615384,0.00024388809106312692,,475,,,False,,,,,,92,rider,0.2,0.1,argmax,segformer_b2_cityscapes_mcdrop8,acdc_rain_targetcal25,2,0.7878787878787878
1.0,1000,False,0.0,0.0,1.0,0.9452631578947368,26,33.0,0.0,False,0.0,0.0,0.0,,,92,rider,0.05,0.5,region_crc,segformer_b2_cityscapes_mcdrop8,acdc_rain_targetcal25,2,
0.999,999,True,0.3974358974358974,0.3974358974358974,0.010404093191027641,0.9452631578947368,26,33.0,0.22315789473684206,False,0.5652173913043478,0.0,0.0,,,92,rider,0.05,0.5,heuristic,segformer_b2_cityscapes_mcdrop8,acdc_rain_targetcal25,2,
,-1,True,,0.8461538461538461,0.00024388809106312692,,475,,,False,,,,,,92,rider,0.05,0.5,argmax,segformer_b2_cityscapes_mcdrop8,acdc_rain_targetcal25,2,0.8484848484848485
1.0,1000,False,0.0,0.0,1.0,0.9452631578947368,26,33.0,0.0,False,0.0,0.0,0.0,,,92,rider,0.1,0.5,region_crc,segformer_b2_cityscapes_mcdrop8,acdc_rain_targetcal25,2,
0.999,999,True,0.3974358974358974,0.3974358974358974,0.010404093191027641,0.9452631578947368,26,33.0,0.22315789473684206,False,0.5652173913043478,0.0,0.0,,,92,rider,0.1,0.5,heuristic,segformer_b2_cityscapes_mcdrop8,acdc_rain_targetcal25,2,
,-1,True,,0.8461538461538461,0.00024388809106312692,,475,,,False,,,,,,92,rider,0.1,0.5,argmax,segformer_b2_cityscapes_mcdrop8,acdc_rain_targetcal25,2,0.8484848484848485
1.0,1000,False,0.0,0.0,1.0,0.9452631578947368,26,33.0,0.0,False,0.0,0.0,0.0,,,92,rider,0.2,0.5,region_crc,segformer_b2_cityscapes_mcdrop8,acdc_rain_targetcal25,2,
0.999,999,True,0.3974358974358974,0.3974358974358974,0.010404093191027641,0.9452631578947368,26,33.0,0.22315789473684206,False,0.5652173913043478,0.0,0.0,,,92,rider,0.2,0.5,heuristic,segformer_b2_cityscapes_mcdrop8,acdc_rain_targetcal25,2,
,-1,True,,0.8461538461538461,0.00024388809106312692,,475,,,False,,,,,,92,rider,0.2,0.5,argmax,segformer_b2_cityscapes_mcdrop8,acdc_rain_targetcal25,2,0.8484848484848485
1.0,1000,False,0.0,0.0,1.0,0.8378947368421052,77,152.0,0.0,False,0.0,0.0,0.0,,,92,bicycle,0.05,0.1,region_crc,segformer_b2_cityscapes_mcdrop8,acdc_rain_targetcal25,6,
1.0,1000,True,0.0,0.0,1.0,0.8378947368421052,77,152.0,0.0,False,0.0,0.0,0.0,,,92,bicycle,0.05,0.1,heuristic,segformer_b2_cityscapes_mcdrop8,acdc_rain_targetcal25,6,
,-1,True,,0.7430117501546073,0.00099802331533283,,475,,,False,,,,,,92,bicycle,0.05,0.1,argmax,segformer_b2_cityscapes_mcdrop8,acdc_rain_targetcal25,6,0.7302631578947368
1.0,1000,False,0.0,0.0,1.0,0.8378947368421052,77,152.0,0.0,False,0.0,0.0,0.0,,,92,bicycle,0.1,0.1,region_crc,segformer_b2_cityscapes_mcdrop8,acdc_rain_targetcal25,6,
1.0,1000,True,0.0,0.0,1.0,0.8378947368421052,77,152.0,0.0,False,0.0,0.0,0.0,,,92,bicycle,0.1,0.1,heuristic,segformer_b2_cityscapes_mcdrop8,acdc_rain_targetcal25,6,
,-1,True,,0.7430117501546073,0.00099802331533283,,475,,,False,,,,,,92,bicycle,0.1,0.1,argmax,segformer_b2_cityscapes_mcdrop8,acdc_rain_targetcal25,6,0.7302631578947368
1.0,1000,True,0.0,0.0,1.0,0.8378947368421052,77,152.0,0.0,False,0.0,0.0,0.0,,,92,bicycle,0.2,0.1,region_crc,segformer_b2_cityscapes_mcdrop8,acdc_rain_targetcal25,6,
0.9550000000000001,955,True,0.48039579468150895,0.48039579468150895,0.003934505395591259,3.8126315789473684,77,152.0,0.26315789473684204,False,0.6385542168674698,0.26785714285714285,0.0,,,92,bicycle,0.2,0.1,heuristic,segformer_b2_cityscapes_mcdrop8,acdc_rain_targetcal25,6,
,-1,True,,0.7430117501546073,0.00099802331533283,,475,,,False,,,,,,92,bicycle,0.2,0.1,argmax,segformer_b2_cityscapes_mcdrop8,acdc_rain_targetcal25,6,0.7302631578947368
1.0,1000,False,0.0,0.0,1.0,0.8378947368421052,77,152.0,0.0,False,0.0,0.0,0.0,,,92,bicycle,0.05,0.5,region_crc,segformer_b2_cityscapes_mcdrop8,acdc_rain_targetcal25,6,
1.0,1000,True,0.0,0.0,1.0,0.8378947368421052,77,152.0,0.0,False,0.0,0.0,0.0,,,92,bicycle,0.05,0.5,heuristic,segformer_b2_cityscapes_mcdrop8,acdc_rain_targetcal25,6,
,-1,True,,0.7629251700680272,0.00099802331533283,,475,,,False,,,,,,92,bicycle,0.05,0.5,argmax,segformer_b2_cityscapes_mcdrop8,acdc_rain_targetcal25,6,0.75
1.0,1000,False,0.0,0.0,1.0,0.8378947368421052,77,152.0,0.0,False,0.0,0.0,0.0,,,92,bicycle,0.1,0.5,region_crc,segformer_b2_cityscapes_mcdrop8,acdc_rain_targetcal25,6,
1.0,1000,True,0.0,0.0,1.0,0.8378947368421052,77,152.0,0.0,False,0.0,0.0,0.0,,,92,bicycle,0.1,0.5,heuristic,segformer_b2_cityscapes_mcdrop8,acdc_rain_targetcal25,6,
,-1,True,,0.7629251700680272,0.00099802331533283,,475,,,False,,,,,,92,bicycle,0.1,0.5,argmax,segformer_b2_cityscapes_mcdrop8,acdc_rain_targetcal25,6,0.75
1.0,1000,True,0.0,0.0,1.0,0.8378947368421052,77,152.0,0.0,False,0.0,0.0,0.0,,,92,bicycle,0.2,0.5,region_crc,segformer_b2_cityscapes_mcdrop8,acdc_rain_targetcal25,6,
0.993,993,True,0.43339517625231905,0.43339517625231916,0.01084738876670599,0.8378947368421052,77,152.0,0.23578947368421055,False,0.5903614457831325,0.21428571428571427,0.0,,,92,bicycle,0.2,0.5,heuristic,segformer_b2_cityscapes_mcdrop8,acdc_rain_targetcal25,6,
,-1,True,,0.7629251700680272,0.00099802331533283,,475,,,False,,,,,,92,bicycle,0.2,0.5,argmax,segformer_b2_cityscapes_mcdrop8,acdc_rain_targetcal25,6,0.75
1.0,1000,False,0.0,0.0,1.0,0.6610526315789473,161,320.0,0.0,False,0.0,0.0,0.0,,,93,person,0.05,0.1,region_crc,segformer_b2_cityscapes_mcdrop8,acdc_rain_targetcal25,9,
0.997,997,True,0.05641821946169771,0.05641821946169771,0.038932133466005325,0.6610526315789473,161,320.0,0.21894736842105267,False,0.05555555555555555,0.02564102564102564,0.0,,,93,person,0.05,0.1,heuristic,segformer_b2_cityscapes_mcdrop8,acdc_rain_targetcal25,9,
,-1,True,,0.6333215783526343,0.0018155144061893225,,475,,,False,,,,,,93,person,0.05,0.1,argmax,segformer_b2_cityscapes_mcdrop8,acdc_rain_targetcal25,9,0.5875
0.997,997,True,0.05641821946169771,0.05641821946169771,0.038932133466005325,0.6610526315789473,161,320.0,0.21894736842105267,False,0.05555555555555555,0.02564102564102564,0.0,,,93,person,0.1,0.1,region_crc,segformer_b2_cityscapes_mcdrop8,acdc_rain_targetcal25,9,
0.997,997,True,0.05641821946169771,0.05641821946169771,0.038932133466005325,0.6610526315789473,161,320.0,0.21894736842105267,False,0.05555555555555555,0.02564102564102564,0.0,,,93,person,0.1,0.1,heuristic,segformer_b2_cityscapes_mcdrop8,acdc_rain_targetcal25,9,
,-1,True,,0.6333215783526343,0.0018155144061893225,,475,,,False,,,,,,93,person,0.1,0.1,argmax,segformer_b2_cityscapes_mcdrop8,acdc_rain_targetcal25,9,0.5875
0.994,994,True,0.07028985507246377,0.07028985507246377,0.028482284396886826,0.6610526315789473,161,320.0,0.2,False,0.08333333333333333,0.03418803418803419,0.0,,,93,person,0.2,0.1,region_crc,segformer_b2_cityscapes_mcdrop8,acdc_rain_targetcal25,9,
0.981,981,True,0.19178743961352654,0.19178743961352657,0.015939446166157722,15.871578947368421,161,320.0,0.17052631578947375,False,0.23333333333333334,0.08547008547008547,0.0,,,93,person,0.2,0.1,heuristic,segformer_b2_cityscapes_mcdrop8,acdc_rain_targetcal25,9,
,-1,True,,0.6333215783526343,0.0018155144061893225,,475,,,False,,,,,,93,person,0.2,0.1,argmax,segformer_b2_cityscapes_mcdrop8,acdc_rain_targetcal25,9,0.5875
1.0,1000,False,0.0,0.0,1.0,0.6610526315789473,161,320.0,0.0,False,0.0,0.0,0.0,,,93,person,0.05,0.5,region_crc,segformer_b2_cityscapes_mcdrop8,acdc_rain_targetcal25,9,
0.999,999,True,0.05434782608695652,0.05434782608695652,0.061019167304039,0.6610526315789473,161,320.0,0.2,False,0.044444444444444446,0.042735042735042736,0.0,,,93,person,0.05,0.5,heuristic,segformer_b2_cityscapes_mcdrop8,acdc_rain_targetcal25,9,
,-1,True,,0.7624796183802396,0.0018155144061893225,,475,,,False,,,,,,93,person,0.05,0.5,argmax,segformer_b2_cityscapes_mcdrop8,acdc_rain_targetcal25,9,0.7
0.999,999,True,0.05434782608695652,0.05434782608695652,0.061019167304039,0.6610526315789473,161,320.0,0.2,False,0.044444444444444446,0.042735042735042736,0.0,,,93,person,0.1,0.5,region_crc,segformer_b2_cityscapes_mcdrop8,acdc_rain_targetcal25,9,
0.999,999,True,0.05434782608695652,0.05434782608695652,0.061019167304039,0.6610526315789473,161,320.0,0.2,False,0.044444444444444446,0.042735042735042736,0.0,,,93,person,0.1,0.5,heuristic,segformer_b2_cityscapes_mcdrop8,acdc_rain_targetcal25,9,
,-1,True,,0.7624796183802396,0.0018155144061893225,,475,,,False,,,,,,93,person,0.1,0.5,argmax,segformer_b2_cityscapes_mcdrop8,acdc_rain_targetcal25,9,0.7
0.998,998,True,0.07577639751552795,0.07577639751552795,0.046255797147750854,0.6610526315789473,161,320.0,0.21684210526315795,False,0.07222222222222222,0.05128205128205128,0.0,,,93,person,0.2,0.5,region_crc,segformer_b2_cityscapes_mcdrop8,acdc_rain_targetcal25,9,
0.989,989,True,0.24112650634389765,0.24112650634389765,0.021201753988862038,0.6610526315789473,161,320.0,0.16842105263157892,False,0.2777777777777778,0.11965811965811966,0.0,,,93,person,0.2,0.5,heuristic,segformer_b2_cityscapes_mcdrop8,acdc_rain_targetcal25,9,
,-1,True,,0.7624796183802396,0.0018155144061893225,,475,,,False,,,,,,93,person,0.2,0.5,argmax,segformer_b2_cityscapes_mcdrop8,acdc_rain_targetcal25,9,0.7
1.0,1000,False,0.0,0.0,1.0,0.9431578947368421,27,36.0,0.0,False,0.0,0.0,0.0,,,93,rider,0.05,0.1,region_crc,segformer_b2_cityscapes_mcdrop8,acdc_rain_targetcal25,1,
0.997,997,True,0.4074074074074074,0.4074074074074074,0.005906654987484217,0.9431578947368421,27,36.0,0.11578947368421044,False,0.5769230769230769,0.0,0.0,,,93,rider,0.05,0.1,heuristic,segformer_b2_cityscapes_mcdrop8,acdc_rain_targetcal25,1,
,-1,True,,0.7962962962962963,0.0002453744236845523,,475,,,False,,,,,,93,rider,0.05,0.1,argmax,segformer_b2_cityscapes_mcdrop8,acdc_rain_targetcal25,1,0.8055555555555556
1.0,1000,False,0.0,0.0,1.0,0.9431578947368421,27,36.0,0.0,False,0.0,0.0,0.0,,,93,rider,0.1,0.1,region_crc,segformer_b2_cityscapes_mcdrop8,acdc_rain_targetcal25,1,
0.997,997,True,0.4074074074074074,0.4074074074074074,0.005906654987484217,0.9431578947368421,27,36.0,0.11578947368421044,False,0.5769230769230769,0.0,0.0,,,93,rider,0.1,0.1,heuristic,segformer_b2_cityscapes_mcdrop8,acdc_rain_targetcal25,1,
,-1,True,,0.7962962962962963,0.0002453744236845523,,475,,,False,,,,,,93,rider,0.1,0.1,argmax,segformer_b2_cityscapes_mcdrop8,acdc_rain_targetcal25,1,0.8055555555555556
1.0,1000,False,0.0,0.0,1.0,0.9431578947368421,27,36.0,0.0,False,0.0,0.0,0.0,,,93,rider,0.2,0.1,region_crc,segformer_b2_cityscapes_mcdrop8,acdc_rain_targetcal25,1,
0.997,997,True,0.4074074074074074,0.4074074074074074,0.005906654987484217,0.9431578947368421,27,36.0,0.11578947368421044,False,0.5769230769230769,0.0,0.0,,,93,rider,0.2,0.1,heuristic,segformer_b2_cityscapes_mcdrop8,acdc_rain_targetcal25,1,
,-1,True,,0.7962962962962963,0.0002453744236845523,,475,,,False,,,,,,93,rider,0.2,0.1,argmax,segformer_b2_cityscapes_mcdrop8,acdc_rain_targetcal25,1,0.8055555555555556
1.0,1000,False,0.0,0.0,1.0,0.9431578947368421,27,36.0,0.0,False,0.0,0.0,0.0,,,93,rider,0.05,0.5,region_crc,segformer_b2_cityscapes_mcdrop8,acdc_rain_targetcal25,1,
0.999,999,True,0.38271604938271603,0.38271604938271603,0.010384163819253445,0.9431578947368421,27,36.0,0.10947368421052628,False,0.5,0.0,0.0,,,93,rider,0.05,0.5,heuristic,segformer_b2_cityscapes_mcdrop8,acdc_rain_targetcal25,1,
,-1,True,,0.8518518518518519,0.0002453744236845523,,475,,,False,,,,,,93,rider,0.05,0.5,argmax,segformer_b2_cityscapes_mcdrop8,acdc_rain_targetcal25,1,0.8611111111111112
1.0,1000,False,0.0,0.0,1.0,0.9431578947368421,27,36.0,0.0,False,0.0,0.0,0.0,,,93,rider,0.1,0.5,region_crc,segformer_b2_cityscapes_mcdrop8,acdc_rain_targetcal25,1,
0.999,999,True,0.38271604938271603,0.38271604938271603,0.010384163819253445,0.9431578947368421,27,36.0,0.10947368421052628,False,0.5,0.0,0.0,,,93,rider,0.1,0.5,heuristic,segformer_b2_cityscapes_mcdrop8,acdc_rain_targetcal25,1,
,-1,True,,0.8518518518518519,0.0002453744236845523,,475,,,False,,,,,,93,rider,0.1,0.5,argmax,segformer_b2_cityscapes_mcdrop8,acdc_rain_targetcal25,1,0.8611111111111112
1.0,1000,False,0.0,0.0,1.0,0.9431578947368421,27,36.0,0.0,False,0.0,0.0,0.0,,,93,rider,0.2,0.5,region_crc,segformer_b2_cityscapes_mcdrop8,acdc_rain_targetcal25,1,
0.999,999,True,0.38271604938271603,0.38271604938271603,0.010384163819253445,0.9431578947368421,27,36.0,0.10947368421052628,False,0.5,0.0,0.0,,,93,rider,0.2,0.5,heuristic,segformer_b2_cityscapes_mcdrop8,acdc_rain_targetcal25,1,
,-1,True,,0.8518518518518519,0.0002453744236845523,,475,,,False,,,,,,93,rider,0.2,0.5,argmax,segformer_b2_cityscapes_mcdrop8,acdc_rain_targetcal25,1,0.8611111111111112
1.0,1000,False,0.0,0.0,1.0,0.8336842105263158,79,154.0,0.0,False,0.0,0.0,0.0,,,93,bicycle,0.05,0.1,region_crc,segformer_b2_cityscapes_mcdrop8,acdc_rain_targetcal25,4,
1.0,1000,True,0.0,0.0,1.0,0.8336842105263158,79,154.0,0.0,False,0.0,0.0,0.0,,,93,bicycle,0.05,0.1,heuristic,segformer_b2_cityscapes_mcdrop8,acdc_rain_targetcal25,4,
,-1,True,,0.7558468957203135,0.0009705591364763677,,475,,,False,,,,,,93,bicycle,0.05,0.1,argmax,segformer_b2_cityscapes_mcdrop8,acdc_rain_targetcal25,4,0.7337662337662337
1.0,1000,False,0.0,0.0,1.0,0.8336842105263158,79,154.0,0.0,False,0.0,0.0,0.0,,,93,bicycle,0.1,0.1,region_crc,segformer_b2_cityscapes_mcdrop8,acdc_rain_targetcal25,4,
1.0,1000,True,0.0,0.0,1.0,0.8336842105263158,79,154.0,0.0,False,0.0,0.0,0.0,,,93,bicycle,0.1,0.1,heuristic,segformer_b2_cityscapes_mcdrop8,acdc_rain_targetcal25,4,
,-1,True,,0.7558468957203135,0.0009705591364763677,,475,,,False,,,,,,93,bicycle,0.1,0.1,argmax,segformer_b2_cityscapes_mcdrop8,acdc_rain_targetcal25,4,0.7337662337662337
1.0,1000,True,0.0,0.0,1.0,0.8336842105263158,79,154.0,0.0,False,0.0,0.0,0.0,,,93,bicycle,0.2,0.1,region_crc,segformer_b2_cityscapes_mcdrop8,acdc_rain_targetcal25,4,
0.9550000000000001,955,True,0.47456298975286315,0.47456298975286315,0.003815312869846821,3.7873684210526317,79,154.0,0.14736842105263154,False,0.6046511627906976,0.2857142857142857,0.0,,,93,bicycle,0.2,0.1,heuristic,segformer_b2_cityscapes_mcdrop8,acdc_rain_targetcal25,4,
,-1,True,,0.7558468957203135,0.0009705591364763677,,475,,,False,,,,,,93,bicycle,0.2,0.1,argmax,segformer_b2_cityscapes_mcdrop8,acdc_rain_targetcal25,4,0.7337662337662337
1.0,1000,False,0.0,0.0,1.0,0.8336842105263158,79,154.0,0.0,False,0.0,0.0,0.0,,,93,bicycle,0.05,0.5,region_crc,segformer_b2_cityscapes_mcdrop8,acdc_rain_targetcal25,4,
1.0,1000,True,0.0,0.0,1.0,0.8336842105263158,79,154.0,0.0,False,0.0,0.0,0.0,,,93,bicycle,0.05,0.5,heuristic,segformer_b2_cityscapes_mcdrop8,acdc_rain_targetcal25,4,
,-1,True,,0.781585292344786,0.0009705591364763677,,475,,,False,,,,,,93,bicycle,0.05,0.5,argmax,segformer_b2_cityscapes_mcdrop8,acdc_rain_targetcal25,4,0.7597402597402597
1.0,1000,False,0.0,0.0,1.0,0.8336842105263158,79,154.0,0.0,False,0.0,0.0,0.0,,,93,bicycle,0.1,0.5,region_crc,segformer_b2_cityscapes_mcdrop8,acdc_rain_targetcal25,4,
1.0,1000,True,0.0,0.0,1.0,0.8336842105263158,79,154.0,0.0,False,0.0,0.0,0.0,,,93,bicycle,0.1,0.5,heuristic,segformer_b2_cityscapes_mcdrop8,acdc_rain_targetcal25,4,
,-1,True,,0.781585292344786,0.0009705591364763677,,475,,,False,,,,,,93,bicycle,0.1,0.5,argmax,segformer_b2_cityscapes_mcdrop8,acdc_rain_targetcal25,4,0.7597402597402597
1.0,1000,True,0.0,0.0,1.0,0.8336842105263158,79,154.0,0.0,False,0.0,0.0,0.0,,,93,bicycle,0.2,0.5,region_crc,segformer_b2_cityscapes_mcdrop8,acdc_rain_targetcal25,4,
0.993,993,True,0.42875226039782993,0.42875226039783004,0.010697746649384499,0.8336842105263158,79,154.0,0.12631578947368421,False,0.5581395348837209,0.23214285714285715,0.0,,,93,bicycle,0.2,0.5,heuristic,segformer_b2_cityscapes_mcdrop8,acdc_rain_targetcal25,4,
,-1,True,,0.781585292344786,0.0009705591364763677,,475,,,False,,,,,,93,bicycle,0.2,0.5,argmax,segformer_b2_cityscapes_mcdrop8,acdc_rain_targetcal25,4,0.7597402597402597
1.0,1000,False,0.0,0.0,1.0,0.6652631578947369,159,316.0,0.0,False,0.0,0.0,0.0,,,94,person,0.05,0.1,region_crc,segformer_b2_cityscapes_mcdrop8,acdc_rain_targetcal25,11,
0.989,989,True,0.14105520614954578,0.14105520614954578,0.021320423111319542,0.6652631578947369,159,316.0,0.15157894736842104,False,0.16574585635359115,0.05357142857142857,0.0,,,94,person,0.05,0.1,heuristic,segformer_b2_cityscapes_mcdrop8,acdc_rain_targetcal25,11,
,-1,True,,0.6391914514556023,0.0018183011561632156,,475,,,False,,,,,,94,person,0.05,0.1,argmax,segformer_b2_cityscapes_mcdrop8,acdc_rain_targetcal25,11,0.5949367088607594
0.989,989,True,0.14105520614954578,0.14105520614954578,0.021320423111319542,0.6652631578947369,159,316.0,0.15157894736842104,False,0.16574585635359115,0.05357142857142857,0.0,,,94,person,0.1,0.1,region_crc,segformer_b2_cityscapes_mcdrop8,acdc_rain_targetcal25,11,
0.978,978,True,0.21512390474654625,0.21512390474654625,0.01480222586542368,15.92842105263158,159,316.0,0.1557894736842106,False,0.26519337016574585,0.08928571428571429,0.0,,,94,person,0.1,0.1,heuristic,segformer_b2_cityscapes_mcdrop8,acdc_rain_targetcal25,11,
,-1,True,,0.6391914514556023,0.0018183011561632156,,475,,,False,,,,,,94,person,0.1,0.1,argmax,segformer_b2_cityscapes_mcdrop8,acdc_rain_targetcal25,11,0.5949367088607594
0.978,978,True,0.21512390474654625,0.21512390474654625,0.01480222586542368,15.92842105263158,159,316.0,0.1557894736842106,False,0.26519337016574585,0.08928571428571429,0.0,,,94,person,0.2,0.1,region_crc,segformer_b2_cityscapes_mcdrop8,acdc_rain_targetcal25,11,
0.963,963,True,0.28034264826717653,0.28034264826717653,0.01096021942794323,15.92842105263158,159,316.0,0.13473684210526327,False,0.34806629834254144,0.125,0.0,,,94,person,0.2,0.1,heuristic,segformer_b2_cityscapes_mcdrop8,acdc_rain_targetcal25,11,
,-1,True,,0.6391914514556023,0.0018183011561632156,,475,,,False,,,,,,94,person,0.2,0.1,argmax,segformer_b2_cityscapes_mcdrop8,acdc_rain_targetcal25,11,0.5949367088607594
1.0,1000,False,0.0,0.0,1.0,0.6652631578947369,159,316.0,0.0,False,0.0,0.0,0.0,,,94,person,0.05,0.5,region_crc,segformer_b2_cityscapes_mcdrop8,acdc_rain_targetcal25,11,
0.997,997,True,0.1120545073375262,0.1120545073375262,0.03907576575875282,0.6652631578947369,159,316.0,0.1557894736842105,False,0.09944751381215469,0.09821428571428571,0.0,,,94,person,0.05,0.5,heuristic,segformer_b2_cityscapes_mcdrop8,acdc_rain_targetcal25,11,
,-1,True,,0.7647330307707666,0.0018183011561632156,,475,,,False,,,,,,94,person,0.05,0.5,argmax,segformer_b2_cityscapes_mcdrop8,acdc_rain_targetcal25,11,0.7025316455696202
0.997,997,True,0.1120545073375262,0.1120545073375262,0.03907576575875282,0.6652631578947369,159,316.0,0.1557894736842105,False,0.09944751381215469,0.09821428571428571,0.0,,,94,person,0.1,0.5,region_crc,segformer_b2_cityscapes_mcdrop8,acdc_rain_targetcal25,11,
0.996,996,True,0.12253668763102726,0.12253668763102726,0.03442975506186485,0.6652631578947369,159,316.0,0.17684210526315788,False,0.11602209944751381,0.09821428571428571,0.0,,,94,person,0.1,0.5,heuristic,segformer_b2_cityscapes_mcdrop8,acdc_rain_targetcal25,11,
,-1,True,,0.7647330307707666,0.0018183011561632156,,475,,,False,,,,,,94,person,0.1,0.5,argmax,segformer_b2_cityscapes_mcdrop8,acdc_rain_targetcal25,11,0.7025316455696202
0.996,996,True,0.12253668763102726,0.12253668763102726,0.03442975506186485,0.6652631578947369,159,316.0,0.17684210526315788,False,0.11602209944751381,0.09821428571428571,0.0,,,94,person,0.2,0.5,region_crc,segformer_b2_cityscapes_mcdrop8,acdc_rain_targetcal25,11,
0.993,993,True,0.16747030048916842,0.16747030048916842,0.026593122631311417,0.6652631578947369,159,316.0,0.16210526315789475,False,0.1878453038674033,0.10714285714285714,0.0,,,94,person,0.2,0.5,heuristic,segformer_b2_cityscapes_mcdrop8,acdc_rain_targetcal25,11,
,-1,True,,0.7647330307707666,0.0018183011561632156,,475,,,False,,,,,,94,person,0.2,0.5,argmax,segformer_b2_cityscapes_mcdrop8,acdc_rain_targetcal25,11,0.7025316455696202
1.0,1000,False,0.0,0.0,1.0,0.9452631578947368,26,36.0,0.0,False,0.0,0.0,0.0,,,94,rider,0.05,0.1,region_crc,segformer_b2_cityscapes_mcdrop8,acdc_rain_targetcal25,2,
0.971,971,True,0.6858974358974359,0.685897435897436,0.0016411450924351811,1.9726315789473685,26,36.0,0.08842105263157896,False,0.8846153846153846,0.4,0.0,,,94,rider,0.05,0.1,heuristic,segformer_b2_cityscapes_mcdrop8,acdc_rain_targetcal25,2,
,-1,True,,0.8269230769230769,0.00023346024681814015,,475,,,False,,,,,,94,rider,0.05,0.1,argmax,segformer_b2_cityscapes_mcdrop8,acdc_rain_targetcal25,2,0.8333333333333334
1.0,1000,False,0.0,0.0,1.0,0.9452631578947368,26,36.0,0.0,False,0.0,0.0,0.0,,,94,rider,0.1,0.1,region_crc,segformer_b2_cityscapes_mcdrop8,acdc_rain_targetcal25,2,
0.971,971,True,0.6858974358974359,0.685897435897436,0.0016411450924351811,1.9726315789473685,26,36.0,0.08842105263157896,False,0.8846153846153846,0.4,0.0,,,94,rider,0.1,0.1,heuristic,segformer_b2_cityscapes_mcdrop8,acdc_rain_targetcal25,2,
,-1,True,,0.8269230769230769,0.00023346024681814015,,475,,,False,,,,,,94,rider,0.1,0.1,argmax,segformer_b2_cityscapes_mcdrop8,acdc_rain_targetcal25,2,0.8333333333333334
1.0,1000,False,0.0,0.0,1.0,0.9452631578947368,26,36.0,0.0,False,0.0,0.0,0.0,,,94,rider,0.2,0.1,region_crc,segformer_b2_cityscapes_mcdrop8,acdc_rain_targetcal25,2,
0.971,971,True,0.6858974358974359,0.685897435897436,0.0016411450924351811,1.9726315789473685,26,36.0,0.08842105263157896,False,0.8846153846153846,0.4,0.0,,,94,rider,0.2,0.1,heuristic,segformer_b2_cityscapes_mcdrop8,acdc_rain_targetcal25,2,
,-1,True,,0.8269230769230769,0.00023346024681814015,,475,,,False,,,,,,94,rider,0.2,0.1,argmax,segformer_b2_cityscapes_mcdrop8,acdc_rain_targetcal25,2,0.8333333333333334
1.0,1000,False,0.0,0.0,1.0,0.9452631578947368,26,36.0,0.0,False,0.0,0.0,0.0,,,94,rider,0.05,0.5,region_crc,segformer_b2_cityscapes_mcdrop8,acdc_rain_targetcal25,2,
0.98,980,True,0.7115384615384616,0.7115384615384616,0.00204537995159626,1.9726315789473685,26,36.0,0.12631578947368421,False,0.8461538461538461,0.4,0.2,,,94,rider,0.05,0.5,heuristic,segformer_b2_cityscapes_mcdrop8,acdc_rain_targetcal25,2,
,-1,True,,0.8846153846153846,0.00023346024681814015,,475,,,False,,,,,,94,rider,0.05,0.5,argmax,segformer_b2_cityscapes_mcdrop8,acdc_rain_targetcal25,2,0.8888888888888888
1.0,1000,False,0.0,0.0,1.0,0.9452631578947368,26,36.0,0.0,False,0.0,0.0,0.0,,,94,rider,0.1,0.5,region_crc,segformer_b2_cityscapes_mcdrop8,acdc_rain_targetcal25,2,
0.98,980,True,0.7115384615384616,0.7115384615384616,0.00204537995159626,1.9726315789473685,26,36.0,0.12631578947368421,False,0.8461538461538461,0.4,0.2,,,94,rider,0.1,0.5,heuristic,segformer_b2_cityscapes_mcdrop8,acdc_rain_targetcal25,2,
,-1,True,,0.8846153846153846,0.00023346024681814015,,475,,,False,,,,,,94,rider,0.1,0.5,argmax,segformer_b2_cityscapes_mcdrop8,acdc_rain_targetcal25,2,0.8888888888888888
1.0,1000,False,0.0,0.0,1.0,0.9452631578947368,26,36.0,0.0,False,0.0,0.0,0.0,,,94,rider,0.2,0.5,region_crc,segformer_b2_cityscapes_mcdrop8,acdc_rain_targetcal25,2,
0.98,980,True,0.7115384615384616,0.7115384615384616,0.00204537995159626,1.9726315789473685,26,36.0,0.12631578947368421,False,0.8461538461538461,0.4,0.2,,,94,rider,0.2,0.5,heuristic,segformer_b2_cityscapes_mcdrop8,acdc_rain_targetcal25,2,
,-1,True,,0.8846153846153846,0.00023346024681814015,,475,,,False,,,,,,94,rider,0.2,0.5,argmax,segformer_b2_cityscapes_mcdrop8,acdc_rain_targetcal25,2,0.8888888888888888
1.0,1000,False,0.0,0.0,1.0,0.8315789473684211,80,156.0,0.0,False,0.0,0.0,0.0,,,94,bicycle,0.05,0.1,region_crc,segformer_b2_cityscapes_mcdrop8,acdc_rain_targetcal25,3,
0.995,995,True,0.30586309523809524,0.3058630952380952,0.013140174560248852,0.8315789473684211,80,156.0,0.18736842105263157,False,0.46511627906976744,0.10714285714285714,0.0,,,94,bicycle,0.05,0.1,heuristic,segformer_b2_cityscapes_mcdrop8,acdc_rain_targetcal25,3,
,-1,True,,0.7401488095238096,0.0011351547436788678,,475,,,False,,,,,,94,bicycle,0.05,0.1,argmax,segformer_b2_cityscapes_mcdrop8,acdc_rain_targetcal25,3,0.7243589743589743
1.0,1000,False,0.0,0.0,1.0,0.8315789473684211,80,156.0,0.0,False,0.0,0.0,0.0,,,94,bicycle,0.1,0.1,region_crc,segformer_b2_cityscapes_mcdrop8,acdc_rain_targetcal25,3,
0.995,995,True,0.30586309523809524,0.3058630952380952,0.013140174560248852,0.8315789473684211,80,156.0,0.18736842105263157,False,0.46511627906976744,0.10714285714285714,0.0,,,94,bicycle,0.1,0.1,heuristic,segformer_b2_cityscapes_mcdrop8,acdc_rain_targetcal25,3,
,-1,True,,0.7401488095238096,0.0011351547436788678,,475,,,False,,,,,,94,bicycle,0.1,0.1,argmax,segformer_b2_cityscapes_mcdrop8,acdc_rain_targetcal25,3,0.7243589743589743
1.0,1000,False,0.0,0.0,1.0,0.8315789473684211,80,156.0,0.0,False,0.0,0.0,0.0,,,94,bicycle,0.2,0.1,region_crc,segformer_b2_cityscapes_mcdrop8,acdc_rain_targetcal25,3,
0.995,995,True,0.30586309523809524,0.3058630952380952,0.013140174560248852,0.8315789473684211,80,156.0,0.18736842105263157,False,0.46511627906976744,0.10714285714285714,0.0,,,94,bicycle,0.2,0.1,heuristic,segformer_b2_cityscapes_mcdrop8,acdc_rain_targetcal25,3,
,-1,True,,0.7401488095238096,0.0011351547436788678,,475,,,False,,,,,,94,bicycle,0.2,0.1,argmax,segformer_b2_cityscapes_mcdrop8,acdc_rain_targetcal25,3,0.7243589743589743
1.0,1000,False,0.0,0.0,1.0,0.8315789473684211,80,156.0,0.0,False,0.0,0.0,0.0,,,94,bicycle,0.05,0.5,region_crc,segformer_b2_cityscapes_mcdrop8,acdc_rain_targetcal25,3,
1.0,1000,True,0.0,0.0,1.0,0.8315789473684211,80,156.0,0.0,False,0.0,0.0,0.0,,,94,bicycle,0.05,0.5,heuristic,segformer_b2_cityscapes_mcdrop8,acdc_rain_targetcal25,3,
,-1,True,,0.7655654761904762,0.0011351547436788678,,475,,,False,,,,,,94,bicycle,0.05,0.5,argmax,segformer_b2_cityscapes_mcdrop8,acdc_rain_targetcal25,3,0.75
1.0,1000,False,0.0,0.0,1.0,0.8315789473684211,80,156.0,0.0,False,0.0,0.0,0.0,,,94,bicycle,0.1,0.5,region_crc,segformer_b2_cityscapes_mcdrop8,acdc_rain_targetcal25,3,
1.0,1000,True,0.0,0.0,1.0,0.8315789473684211,80,156.0,0.0,False,0.0,0.0,0.0,,,94,bicycle,0.1,0.5,heuristic,segformer_b2_cityscapes_mcdrop8,acdc_rain_targetcal25,3,
,-1,True,,0.7655654761904762,0.0011351547436788678,,475,,,False,,,,,,94,bicycle,0.1,0.5,argmax,segformer_b2_cityscapes_mcdrop8,acdc_rain_targetcal25,3,0.75
1.0,1000,False,0.0,0.0,1.0,0.8315789473684211,80,156.0,0.0,False,0.0,0.0,0.0,,,94,bicycle,0.2,0.5,region_crc,segformer_b2_cityscapes_mcdrop8,acdc_rain_targetcal25,3,
1.0,1000,True,0.0,0.0,1.0,0.8315789473684211,80,156.0,0.0,False,0.0,0.0,0.0,,,94,bicycle,0.2,0.5,heuristic,segformer_b2_cityscapes_mcdrop8,acdc_rain_targetcal25,3,
,-1,True,,0.7655654761904762,0.0011351547436788678,,475,,,False,,,,,,94,bicycle,0.2,0.5,argmax,segformer_b2_cityscapes_mcdrop8,acdc_rain_targetcal25,3,0.75
1.0,1000,False,0.0,0.0,1.0,0.6568421052631579,163,315.0,0.0,False,0.0,0.0,0.0,,,95,person,0.05,0.1,region_crc,segformer_b2_cityscapes_mcdrop8,acdc_rain_targetcal25,7,
0.966,966,True,0.27376982254282867,0.27376982254282867,0.011399207636713982,15.856842105263159,163,315.0,0.11578947368421055,False,0.33519553072625696,0.13043478260869565,0.0,,,95,person,0.05,0.1,heuristic,segformer_b2_cityscapes_mcdrop8,acdc_rain_targetcal25,7,
,-1,True,,0.6485568964096572,0.0017192221712321043,,475,,,False,,,,,,95,person,0.05,0.1,argmax,segformer_b2_cityscapes_mcdrop8,acdc_rain_targetcal25,7,0.5968253968253968
1.0,1000,False,0.0,0.0,1.0,0.6568421052631579,163,315.0,0.0,False,0.0,0.0,0.0,,,95,person,0.1,0.1,region_crc,segformer_b2_cityscapes_mcdrop8,acdc_rain_targetcal25,7,
0.966,966,True,0.27376982254282867,0.27376982254282867,0.011399207636713982,15.856842105263159,163,315.0,0.11578947368421055,False,0.33519553072625696,0.13043478260869565,0.0,,,95,person,0.1,0.1,heuristic,segformer_b2_cityscapes_mcdrop8,acdc_rain_targetcal25,7,
,-1,True,,0.6485568964096572,0.0017192221712321043,,475,,,False,,,,,,95,person,0.1,0.1,argmax,segformer_b2_cityscapes_mcdrop8,acdc_rain_targetcal25,7,0.5968253968253968
0.966,966,True,0.27376982254282867,0.27376982254282867,0.011399207636713982,15.856842105263159,163,315.0,0.11578947368421055,False,0.33519553072625696,0.13043478260869565,0.0,,,95,person,0.2,0.1,region_crc,segformer_b2_cityscapes_mcdrop8,acdc_rain_targetcal25,7,
0.9410000000000001,941,True,0.3570009063874095,0.3570009063874095,0.008060690946877003,10.661052631578947,163,315.0,0.1242105263157895,False,0.4301675977653631,0.17391304347826086,0.047619047619047616,,,95,person,0.2,0.1,heuristic,segformer_b2_cityscapes_mcdrop8,acdc_rain_targetcal25,7,
,-1,True,,0.6485568964096572,0.0017192221712321043,,475,,,False,,,,,,95,person,0.2,0.1,argmax,segformer_b2_cityscapes_mcdrop8,acdc_rain_targetcal25,7,0.5968253968253968
1.0,1000,False,0.0,0.0,1.0,0.6568421052631579,163,315.0,0.0,False,0.0,0.0,0.0,,,95,person,0.05,0.5,region_crc,segformer_b2_cityscapes_mcdrop8,acdc_rain_targetcal25,7,
0.998,998,True,0.0794478527607362,0.0794478527607362,0.04619511589407921,0.6568421052631579,163,315.0,0.15789473684210525,False,0.07262569832402235,0.05217391304347826,0.0,,,95,person,0.05,0.5,heuristic,segformer_b2_cityscapes_mcdrop8,acdc_rain_targetcal25,7,
,-1,True,,0.7672344696884573,0.0017192221712321043,,475,,,False,,,,,,95,person,0.05,0.5,argmax,segformer_b2_cityscapes_mcdrop8,acdc_rain_targetcal25,7,0.7015873015873015
1.0,1000,False,0.0,0.0,1.0,0.6568421052631579,163,315.0,0.0,False,0.0,0.0,0.0,,,95,person,0.1,0.5,region_crc,segformer_b2_cityscapes_mcdrop8,acdc_rain_targetcal25,7,
0.998,998,True,0.0794478527607362,0.0794478527607362,0.04619511589407921,0.6568421052631579,163,315.0,0.15789473684210525,False,0.07262569832402235,0.05217391304347826,0.0,,,95,person,0.1,0.5,heuristic,segformer_b2_cityscapes_mcdrop8,acdc_rain_targetcal25,7,
,-1,True,,0.7672344696884573,0.0017192221712321043,,475,,,False,,,,,,95,person,0.1,0.5,argmax,segformer_b2_cityscapes_mcdrop8,acdc_rain_targetcal25,7,0.7015873015873015
0.998,998,True,0.0794478527607362,0.0794478527607362,0.04619511589407921,0.6568421052631579,163,315.0,0.15789473684210525,False,0.07262569832402235,0.05217391304347826,0.0,,,95,person,0.2,0.5,region_crc,segformer_b2_cityscapes_mcdrop8,acdc_rain_targetcal25,7,
0.985,985,True,0.28603976119313546,0.2860397611931354,0.018047356978058815,15.856842105263159,163,315.0,0.1305263157894737,False,0.33519553072625696,0.1391304347826087,0.047619047619047616,,,95,person,0.2,0.5,heuristic,segformer_b2_cityscapes_mcdrop8,acdc_rain_targetcal25,7,
,-1,True,,0.7672344696884573,0.0017192221712321043,,475,,,False,,,,,,95,person,0.2,0.5,argmax,segformer_b2_cityscapes_mcdrop8,acdc_rain_targetcal25,7,0.7015873015873015
,-1,False,,,,,475,,,False,,,,,,95,rider,0.05,0.1,region_crc,segformer_b2_cityscapes_mcdrop8,acdc_rain_targetcal25,0,
,-1,False,,,,,475,,,False,,,,,,95,rider,0.05,0.1,heuristic,segformer_b2_cityscapes_mcdrop8,acdc_rain_targetcal25,0,
,-1,True,,0.8035714285714286,0.0002507137251086533,,475,,,False,,,,,,95,rider,0.05,0.1,argmax,segformer_b2_cityscapes_mcdrop8,acdc_rain_targetcal25,0,0.8157894736842105
,-1,False,,,,,475,,,False,,,,,,95,rider,0.1,0.1,region_crc,segformer_b2_cityscapes_mcdrop8,acdc_rain_targetcal25,0,
,-1,False,,,,,475,,,False,,,,,,95,rider,0.1,0.1,heuristic,segformer_b2_cityscapes_mcdrop8,acdc_rain_targetcal25,0,
,-1,True,,0.8035714285714286,0.0002507137251086533,,475,,,False,,,,,,95,rider,0.1,0.1,argmax,segformer_b2_cityscapes_mcdrop8,acdc_rain_targetcal25,0,0.8157894736842105
,-1,False,,,,,475,,,False,,,,,,95,rider,0.2,0.1,region_crc,segformer_b2_cityscapes_mcdrop8,acdc_rain_targetcal25,0,
,-1,False,,,,,475,,,False,,,,,,95,rider,0.2,0.1,heuristic,segformer_b2_cityscapes_mcdrop8,acdc_rain_targetcal25,0,
,-1,True,,0.8035714285714286,0.0002507137251086533,,475,,,False,,,,,,95,rider,0.2,0.1,argmax,segformer_b2_cityscapes_mcdrop8,acdc_rain_targetcal25,0,0.8157894736842105
,-1,False,,,,,475,,,False,,,,,,95,rider,0.05,0.5,region_crc,segformer_b2_cityscapes_mcdrop8,acdc_rain_targetcal25,0,
,-1,False,,,,,475,,,False,,,,,,95,rider,0.05,0.5,heuristic,segformer_b2_cityscapes_mcdrop8,acdc_rain_targetcal25,0,
,-1,True,,0.8571428571428571,0.0002507137251086533,,475,,,False,,,,,,95,rider,0.05,0.5,argmax,segformer_b2_cityscapes_mcdrop8,acdc_rain_targetcal25,0,0.868421052631579
,-1,False,,,,,475,,,False,,,,,,95,rider,0.1,0.5,region_crc,segformer_b2_cityscapes_mcdrop8,acdc_rain_targetcal25,0,
,-1,False,,,,,475,,,False,,,,,,95,rider,0.1,0.5,heuristic,segformer_b2_cityscapes_mcdrop8,acdc_rain_targetcal25,0,
,-1,True,,0.8571428571428571,0.0002507137251086533,,475,,,False,,,,,,95,rider,0.1,0.5,argmax,segformer_b2_cityscapes_mcdrop8,acdc_rain_targetcal25,0,0.868421052631579
,-1,False,,,,,475,,,False,,,,,,95,rider,0.2,0.5,region_crc,segformer_b2_cityscapes_mcdrop8,acdc_rain_targetcal25,0,
,-1,False,,,,,475,,,False,,,,,,95,rider,0.2,0.5,heuristic,segformer_b2_cityscapes_mcdrop8,acdc_rain_targetcal25,0,
,-1,True,,0.8571428571428571,0.0002507137251086533,,475,,,False,,,,,,95,rider,0.2,0.5,argmax,segformer_b2_cityscapes_mcdrop8,acdc_rain_targetcal25,0,0.868421052631579
1.0,1000,False,0.0,0.0,1.0,0.8336842105263158,79,149.0,0.0,False,0.0,0.0,0.0,,,95,bicycle,0.05,0.1,region_crc,segformer_b2_cityscapes_mcdrop8,acdc_rain_targetcal25,4,
1.0,1000,True,0.0,0.0,1.0,0.8336842105263158,79,149.0,0.0,False,0.0,0.0,0.0,,,95,bicycle,0.05,0.1,heuristic,segformer_b2_cityscapes_mcdrop8,acdc_rain_targetcal25,4,
,-1,True,,0.7567510548523206,0.0010751766385510564,,475,,,False,,,,,,95,bicycle,0.05,0.1,argmax,segformer_b2_cityscapes_mcdrop8,acdc_rain_targetcal25,4,0.7449664429530202
1.0,1000,False,0.0,0.0,1.0,0.8336842105263158,79,149.0,0.0,False,0.0,0.0,0.0,,,95,bicycle,0.1,0.1,region_crc,segformer_b2_cityscapes_mcdrop8,acdc_rain_targetcal25,4,
1.0,1000,True,0.0,0.0,1.0,0.8336842105263158,79,149.0,0.0,False,0.0,0.0,0.0,,,95,bicycle,0.1,0.1,heuristic,segformer_b2_cityscapes_mcdrop8,acdc_rain_targetcal25,4,
,-1,True,,0.7567510548523206,0.0010751766385510564,,475,,,False,,,,,,95,bicycle,0.1,0.1,argmax,segformer_b2_cityscapes_mcdrop8,acdc_rain_targetcal25,4,0.7449664429530202
1.0,1000,True,0.0,0.0,1.0,0.8336842105263158,79,149.0,0.0,False,0.0,0.0,0.0,,,95,bicycle,0.2,0.1,region_crc,segformer_b2_cityscapes_mcdrop8,acdc_rain_targetcal25,4,
1.0,1000,True,0.0,0.0,1.0,0.8336842105263158,79,149.0,0.0,False,0.0,0.0,0.0,,,95,bicycle,0.2,0.1,heuristic,segformer_b2_cityscapes_mcdrop8,acdc_rain_targetcal25,4,
,-1,True,,0.7567510548523206,0.0010751766385510564,,475,,,False,,,,,,95,bicycle,0.2,0.1,argmax,segformer_b2_cityscapes_mcdrop8,acdc_rain_targetcal25,4,0.7449664429530202
1.0,1000,False,0.0,0.0,1.0,0.8336842105263158,79,149.0,0.0,False,0.0,0.0,0.0,,,95,bicycle,0.05,0.5,region_crc,segformer_b2_cityscapes_mcdrop8,acdc_rain_targetcal25,4,
1.0,1000,True,0.0,0.0,1.0,0.8336842105263158,79,149.0,0.0,False,0.0,0.0,0.0,,,95,bicycle,0.05,0.5,heuristic,segformer_b2_cityscapes_mcdrop8,acdc_rain_targetcal25,4,
,-1,True,,0.7824894514767932,0.0010751766385510564,,475,,,False,,,,,,95,bicycle,0.05,0.5,argmax,segformer_b2_cityscapes_mcdrop8,acdc_rain_targetcal25,4,0.7718120805369127
1.0,1000,False,0.0,0.0,1.0,0.8336842105263158,79,149.0,0.0,False,0.0,0.0,0.0,,,95,bicycle,0.1,0.5,region_crc,segformer_b2_cityscapes_mcdrop8,acdc_rain_targetcal25,4,
1.0,1000,True,0.0,0.0,1.0,0.8336842105263158,79,149.0,0.0,False,0.0,0.0,0.0,,,95,bicycle,0.1,0.5,heuristic,segformer_b2_cityscapes_mcdrop8,acdc_rain_targetcal25,4,
,-1,True,,0.7824894514767932,0.0010751766385510564,,475,,,False,,,,,,95,bicycle,0.1,0.5,argmax,segformer_b2_cityscapes_mcdrop8,acdc_rain_targetcal25,4,0.7718120805369127
1.0,1000,True,0.0,0.0,1.0,0.8336842105263158,79,149.0,0.0,False,0.0,0.0,0.0,,,95,bicycle,0.2,0.5,region_crc,segformer_b2_cityscapes_mcdrop8,acdc_rain_targetcal25,4,
1.0,1000,True,0.0,0.0,1.0,0.8336842105263158,79,149.0,0.0,False,0.0,0.0,0.0,,,95,bicycle,0.2,0.5,heuristic,segformer_b2_cityscapes_mcdrop8,acdc_rain_targetcal25,4,
,-1,True,,0.7824894514767932,0.0010751766385510564,,475,,,False,,,,,,95,bicycle,0.2,0.5,argmax,segformer_b2_cityscapes_mcdrop8,acdc_rain_targetcal25,4,0.7718120805369127
1.0,1000,False,0.0,0.0,1.0,0.6736842105263158,155,308.0,0.0,False,0.0,0.0,0.0,,,96,person,0.05,0.1,region_crc,segformer_b2_cityscapes_mcdrop8,acdc_rain_targetcal25,15,
1.0,1000,True,0.0,0.0,1.0,0.6736842105263158,155,308.0,0.0,False,0.0,0.0,0.0,,,96,person,0.05,0.1,heuristic,segformer_b2_cityscapes_mcdrop8,acdc_rain_targetcal25,15,
,-1,True,,0.6417082200953169,0.0016847648657858372,,475,,,False,,,,,,96,person,0.05,0.1,argmax,segformer_b2_cityscapes_mcdrop8,acdc_rain_targetcal25,15,0.5941558441558441
1.0,1000,True,0.0,0.0,1.0,0.6736842105263158,155,308.0,0.0,False,0.0,0.0,0.0,,,96,person,0.1,0.1,region_crc,segformer_b2_cityscapes_mcdrop8,acdc_rain_targetcal25,15,
0.993,993,True,0.08430107526881721,0.08430107526881721,0.025899525731801987,0.6736842105263158,155,308.0,0.17894736842105263,False,0.09550561797752809,0.045871559633027525,0.0,,,96,person,0.1,0.1,heuristic,segformer_b2_cityscapes_mcdrop8,acdc_rain_targetcal25,15,
,-1,True,,0.6417082200953169,0.0016847648657858372,,475,,,False,,,,,,96,person,0.1,0.1,argmax,segformer_b2_cityscapes_mcdrop8,acdc_rain_targetcal25,15,0.5941558441558441
0.99,990,True,0.11028673835125448,0.11028673835125447,0.021709077060222626,0.6736842105263158,155,308.0,0.18315789473684213,False,0.1404494382022472,0.045871559633027525,0.0,,,96,person,0.2,0.1,region_crc,segformer_b2_cityscapes_mcdrop8,acdc_rain_targetcal25,15,
0.989,989,True,0.1253405017921147,0.1253405017921147,0.020682308822870255,0.6736842105263158,155,308.0,0.18315789473684208,False,0.15730337078651685,0.045871559633027525,0.0,,,96,person,0.2,0.1,heuristic,segformer_b2_cityscapes_mcdrop8,acdc_rain_targetcal25,15,
,-1,True,,0.6417082200953169,0.0016847648657858372,,475,,,False,,,,,,96,person,0.2,0.1,argmax,segformer_b2_cityscapes_mcdrop8,acdc_rain_targetcal25,15,0.5941558441558441
1.0,1000,False,0.0,0.0,1.0,0.6736842105263158,155,308.0,0.0,False,0.0,0.0,0.0,,,96,person,0.05,0.5,region_crc,segformer_b2_cityscapes_mcdrop8,acdc_rain_targetcal25,15,
1.0,1000,True,0.0,0.0,1.0,0.6736842105263158,155,308.0,0.0,False,0.0,0.0,0.0,,,96,person,0.05,0.5,heuristic,segformer_b2_cityscapes_mcdrop8,acdc_rain_targetcal25,15,
,-1,True,,0.7742530229627005,0.0016847648657858372,,475,,,False,,,,,,96,person,0.05,0.5,argmax,segformer_b2_cityscapes_mcdrop8,acdc_rain_targetcal25,15,0.7077922077922078
1.0,1000,True,0.0,0.0,1.0,0.6736842105263158,155,308.0,0.0,False,0.0,0.0,0.0,,,96,person,0.1,0.5,region_crc,segformer_b2_cityscapes_mcdrop8,acdc_rain_targetcal25,15,
0.997,997,True,0.10849462365591397,0.10849462365591396,0.03824752941727638,0.6736842105263158,155,308.0,0.1726315789473684,False,0.10112359550561797,0.09174311926605505,0.0,,,96,person,0.1,0.5,heuristic,segformer_b2_cityscapes_mcdrop8,acdc_rain_targetcal25,15,
,-1,True,,0.7742530229627005,0.0016847648657858372,,475,,,False,,,,,,96,person,0.1,0.5,argmax,segformer_b2_cityscapes_mcdrop8,acdc_rain_targetcal25,15,0.7077922077922078
0.997,997,True,0.10849462365591397,0.10849462365591396,0.03824752941727638,0.6736842105263158,155,308.0,0.1726315789473684,False,0.10112359550561797,0.09174311926605505,0.0,,,96,person,0.2,0.5,region_crc,segformer_b2_cityscapes_mcdrop8,acdc_rain_targetcal25,15,
0.996,996,True,0.1127956989247312,0.1127956989247312,0.03365086764097214,0.6736842105263158,155,308.0,0.1578947368421053,False,0.11235955056179775,0.09174311926605505,0.0,,,96,person,0.2,0.5,heuristic,segformer_b2_cityscapes_mcdrop8,acdc_rain_targetcal25,15,
,-1,True,,0.7742530229627005,0.0016847648657858372,,475,,,False,,,,,,96,person,0.2,0.5,argmax,segformer_b2_cityscapes_mcdrop8,acdc_rain_targetcal25,15,0.7077922077922078
1.0,1000,False,0.0,0.0,1.0,0.9452631578947368,26,36.0,0.0,False,0.0,0.0,0.0,,,96,rider,0.05,0.1,region_crc,segformer_b2_cityscapes_mcdrop8,acdc_rain_targetcal25,2,
1.0,1000,True,0.0,0.0,1.0,0.9452631578947368,26,36.0,0.0,False,0.0,0.0,0.0,,,96,rider,0.05,0.1,heuristic,segformer_b2_cityscapes_mcdrop8,acdc_rain_targetcal25,2,
,-1,True,,0.7884615384615384,0.00021318021754268557,,475,,,False,,,,,,96,rider,0.05,0.1,argmax,segformer_b2_cityscapes_mcdrop8,acdc_rain_targetcal25,2,0.8055555555555556
1.0,1000,False,0.0,0.0,1.0,0.9452631578947368,26,36.0,0.0,False,0.0,0.0,0.0,,,96,rider,0.1,0.1,region_crc,segformer_b2_cityscapes_mcdrop8,acdc_rain_targetcal25,2,
1.0,1000,True,0.0,0.0,1.0,0.9452631578947368,26,36.0,0.0,False,0.0,0.0,0.0,,,96,rider,0.1,0.1,heuristic,segformer_b2_cityscapes_mcdrop8,acdc_rain_targetcal25,2,
,-1,True,,0.7884615384615384,0.00021318021754268557,,475,,,False,,,,,,96,rider,0.1,0.1,argmax,segformer_b2_cityscapes_mcdrop8,acdc_rain_targetcal25,2,0.8055555555555556
1.0,1000,False,0.0,0.0,1.0,0.9452631578947368,26,36.0,0.0,False,0.0,0.0,0.0,,,96,rider,0.2,0.1,region_crc,segformer_b2_cityscapes_mcdrop8,acdc_rain_targetcal25,2,
1.0,1000,True,0.0,0.0,1.0,0.9452631578947368,26,36.0,0.0,False,0.0,0.0,0.0,,,96,rider,0.2,0.1,heuristic,segformer_b2_cityscapes_mcdrop8,acdc_rain_targetcal25,2,
,-1,True,,0.7884615384615384,0.00021318021754268557,,475,,,False,,,,,,96,rider,0.2,0.1,argmax,segformer_b2_cityscapes_mcdrop8,acdc_rain_targetcal25,2,0.8055555555555556
1.0,1000,False,0.0,0.0,1.0,0.9452631578947368,26,36.0,0.0,False,0.0,0.0,0.0,,,96,rider,0.05,0.5,region_crc,segformer_b2_cityscapes_mcdrop8,acdc_rain_targetcal25,2,
1.0,1000,True,0.0,0.0,1.0,0.9452631578947368,26,36.0,0.0,False,0.0,0.0,0.0,,,96,rider,0.05,0.5,heuristic,segformer_b2_cityscapes_mcdrop8,acdc_rain_targetcal25,2,
,-1,True,,0.8461538461538461,0.00021318021754268557,,475,,,False,,,,,,96,rider,0.05,0.5,argmax,segformer_b2_cityscapes_mcdrop8,acdc_rain_targetcal25,2,0.8611111111111112
1.0,1000,False,0.0,0.0,1.0,0.9452631578947368,26,36.0,0.0,False,0.0,0.0,0.0,,,96,rider,0.1,0.5,region_crc,segformer_b2_cityscapes_mcdrop8,acdc_rain_targetcal25,2,
1.0,1000,True,0.0,0.0,1.0,0.9452631578947368,26,36.0,0.0,False,0.0,0.0,0.0,,,96,rider,0.1,0.5,heuristic,segformer_b2_cityscapes_mcdrop8,acdc_rain_targetcal25,2,
,-1,True,,0.8461538461538461,0.00021318021754268557,,475,,,False,,,,,,96,rider,0.1,0.5,argmax,segformer_b2_cityscapes_mcdrop8,acdc_rain_targetcal25,2,0.8611111111111112
1.0,1000,False,0.0,0.0,1.0,0.9452631578947368,26,36.0,0.0,False,0.0,0.0,0.0,,,96,rider,0.2,0.5,region_crc,segformer_b2_cityscapes_mcdrop8,acdc_rain_targetcal25,2,
1.0,1000,True,0.0,0.0,1.0,0.9452631578947368,26,36.0,0.0,False,0.0,0.0,0.0,,,96,rider,0.2,0.5,heuristic,segformer_b2_cityscapes_mcdrop8,acdc_rain_targetcal25,2,
,-1,True,,0.8461538461538461,0.00021318021754268557,,475,,,False,,,,,,96,rider,0.2,0.5,argmax,segformer_b2_cityscapes_mcdrop8,acdc_rain_targetcal25,2,0.8611111111111112
1.0,1000,False,0.0,0.0,1.0,0.8357894736842105,78,153.0,0.0,False,0.0,0.0,0.0,,,96,bicycle,0.05,0.1,region_crc,segformer_b2_cityscapes_mcdrop8,acdc_rain_targetcal25,5,
0.999,999,True,0.16166056166056167,0.16166056166056167,0.028068782761693,0.8357894736842105,78,153.0,0.13473684210526315,False,0.25301204819277107,0.05357142857142857,0.0,,,96,bicycle,0.05,0.1,heuristic,segformer_b2_cityscapes_mcdrop8,acdc_rain_targetcal25,5,
,-1,True,,0.7591269841269841,0.001093077939003706,,475,,,False,,,,,,96,bicycle,0.05,0.1,argmax,segformer_b2_cityscapes_mcdrop8,acdc_rain_targetcal25,5,0.7320261437908496
1.0,1000,False,0.0,0.0,1.0,0.8357894736842105,78,153.0,0.0,False,0.0,0.0,0.0,,,96,bicycle,0.1,0.1,region_crc,segformer_b2_cityscapes_mcdrop8,acdc_rain_targetcal25,5,
0.999,999,True,0.16166056166056167,0.16166056166056167,0.028068782761693,0.8357894736842105,78,153.0,0.13473684210526315,False,0.25301204819277107,0.05357142857142857,0.0,,,96,bicycle,0.1,0.1,heuristic,segformer_b2_cityscapes_mcdrop8,acdc_rain_targetcal25,5,
,-1,True,,0.7591269841269841,0.001093077939003706,,475,,,False,,,,,,96,bicycle,0.1,0.1,argmax,segformer_b2_cityscapes_mcdrop8,acdc_rain_targetcal25,5,0.7320261437908496
0.999,999,True,0.16166056166056167,0.16166056166056167,0.028068782761693,0.8357894736842105,78,153.0,0.13473684210526315,False,0.25301204819277107,0.05357142857142857,0.0,,,96,bicycle,0.2,0.1,region_crc,segformer_b2_cityscapes_mcdrop8,acdc_rain_targetcal25,5,
0.999,999,True,0.16166056166056167,0.16166056166056167,0.028068782761693,0.8357894736842105,78,153.0,0.13473684210526315,False,0.25301204819277107,0.05357142857142857,0.0,,,96,bicycle,0.2,0.1,heuristic,segformer_b2_cityscapes_mcdrop8,acdc_rain_targetcal25,5,
,-1,True,,0.7591269841269841,0.001093077939003706,,475,,,False,,,,,,96,bicycle,0.2,0.1,argmax,segformer_b2_cityscapes_mcdrop8,acdc_rain_targetcal25,5,0.7320261437908496
1.0,1000,False,0.0,0.0,1.0,0.8357894736842105,78,153.0,0.0,False,0.0,0.0,0.0,,,96,bicycle,0.05,0.5,region_crc,segformer_b2_cityscapes_mcdrop8,acdc_rain_targetcal25,5,
1.0,1000,True,0.0,0.0,1.0,0.8357894736842105,78,153.0,0.0,False,0.0,0.0,0.0,,,96,bicycle,0.05,0.5,heuristic,segformer_b2_cityscapes_mcdrop8,acdc_rain_targetcal25,5,
,-1,True,,0.7723748473748474,0.001093077939003706,,475,,,False,,,,,,96,bicycle,0.05,0.5,argmax,segformer_b2_cityscapes_mcdrop8,acdc_rain_targetcal25,5,0.7516339869281046
1.0,1000,False,0.0,0.0,1.0,0.8357894736842105,78,153.0,0.0,False,0.0,0.0,0.0,,,96,bicycle,0.1,0.5,region_crc,segformer_b2_cityscapes_mcdrop8,acdc_rain_targetcal25,5,
1.0,1000,True,0.0,0.0,1.0,0.8357894736842105,78,153.0,0.0,False,0.0,0.0,0.0,,,96,bicycle,0.1,0.5,heuristic,segformer_b2_cityscapes_mcdrop8,acdc_rain_targetcal25,5,
,-1,True,,0.7723748473748474,0.001093077939003706,,475,,,False,,,,,,96,bicycle,0.1,0.5,argmax,segformer_b2_cityscapes_mcdrop8,acdc_rain_targetcal25,5,0.7516339869281046
1.0,1000,True,0.0,0.0,1.0,0.8357894736842105,78,153.0,0.0,False,0.0,0.0,0.0,,,96,bicycle,0.2,0.5,region_crc,segformer_b2_cityscapes_mcdrop8,acdc_rain_targetcal25,5,
0.999,999,True,0.22191697191697193,0.22191697191697193,0.028068782761693,0.8357894736842105,78,153.0,0.13473684210526315,False,0.2891566265060241,0.10714285714285714,0.0,,,96,bicycle,0.2,0.5,heuristic,segformer_b2_cityscapes_mcdrop8,acdc_rain_targetcal25,5,
,-1,True,,0.7723748473748474,0.001093077939003706,,475,,,False,,,,,,96,bicycle,0.2,0.5,argmax,segformer_b2_cityscapes_mcdrop8,acdc_rain_targetcal25,5,0.7516339869281046
1.0,1000,False,0.0,0.0,1.0,0.6673684210526316,158,310.0,0.0,False,0.0,0.0,0.0,,,97,person,0.05,0.1,region_crc,segformer_b2_cityscapes_mcdrop8,acdc_rain_targetcal25,12,
0.981,981,True,0.20365682137834037,0.20365682137834037,0.016053562983870506,15.8,158,310.0,0.09894736842105267,False,0.2441860465116279,0.09401709401709402,0.0,,,97,person,0.05,0.1,heuristic,segformer_b2_cityscapes_mcdrop8,acdc_rain_targetcal25,12,
,-1,True,,0.6447137602200893,0.0018533554393798113,,475,,,False,,,,,,97,person,0.05,0.1,argmax,segformer_b2_cityscapes_mcdrop8,acdc_rain_targetcal25,12,0.5870967741935483
0.981,981,True,0.20365682137834037,0.20365682137834037,0.016053562983870506,15.8,158,310.0,0.09894736842105267,False,0.2441860465116279,0.09401709401709402,0.0,,,97,person,0.1,0.1,region_crc,segformer_b2_cityscapes_mcdrop8,acdc_rain_targetcal25,12,
0.935,935,True,0.4086992473068422,0.4086992473068422,0.007693720515817404,8.021052631578947,158,310.0,0.10736842105263156,False,0.4883720930232558,0.18803418803418803,0.047619047619047616,,,97,person,0.1,0.1,heuristic,segformer_b2_cityscapes_mcdrop8,acdc_rain_targetcal25,12,
,-1,True,,0.6447137602200893,0.0018533554393798113,,475,,,False,,,,,,97,person,0.1,0.1,argmax,segformer_b2_cityscapes_mcdrop8,acdc_rain_targetcal25,12,0.5870967741935483
0.928,928,True,0.42631528106211647,0.42631528106211647,0.007173007354140282,8.021052631578947,158,310.0,0.12210526315789472,False,0.5058139534883721,0.20512820512820512,0.047619047619047616,,,97,person,0.2,0.1,region_crc,segformer_b2_cityscapes_mcdrop8,acdc_rain_targetcal25,12,
0.923,923,True,0.4326443949861671,0.4326443949861671,0.006843180395662785,8.021052631578947,158,310.0,0.12421052631578955,False,0.5116279069767442,0.20512820512820512,0.047619047619047616,,,97,person,0.2,0.1,heuristic,segformer_b2_cityscapes_mcdrop8,acdc_rain_targetcal25,12,
,-1,True,,0.6447137602200893,0.0018533554393798113,,475,,,False,,,,,,97,person,0.2,0.1,argmax,segformer_b2_cityscapes_mcdrop8,acdc_rain_targetcal25,12,0.5870967741935483
1.0,1000,False,0.0,0.0,1.0,0.6673684210526316,158,310.0,0.0,False,0.0,0.0,0.0,,,97,person,0.05,0.5,region_crc,segformer_b2_cityscapes_mcdrop8,acdc_rain_targetcal25,12,
0.983,983,True,0.31175831903680007,0.31175831903680007,0.017040595412254333,15.8,158,310.0,0.10105263157894735,False,0.3546511627906977,0.1623931623931624,0.047619047619047616,,,97,person,0.05,0.5,heuristic,segformer_b2_cityscapes_mcdrop8,acdc_rain_targetcal25,12,
,-1,True,,0.7636659402482188,0.0018533554393798113,,475,,,False,,,,,,97,person,0.05,0.5,argmax,segformer_b2_cityscapes_mcdrop8,acdc_rain_targetcal25,12,0.6967741935483871
0.991,991,True,0.22524072270907713,0.22524072270907713,0.023543819785118103,0.6673684210526316,158,310.0,0.09473684210526323,False,0.2441860465116279,0.1282051282051282,0.0,,,97,person,0.1,0.5,region_crc,segformer_b2_cityscapes_mcdrop8,acdc_rain_targetcal25,12,
0.973,973,True,0.39087224308743296,0.39087224308743296,0.01321337465196848,15.8,158,310.0,0.10526315789473684,False,0.4418604651162791,0.21367521367521367,0.09523809523809523,,,97,person,0.1,0.5,heuristic,segformer_b2_cityscapes_mcdrop8,acdc_rain_targetcal25,12,
,-1,True,,0.7636659402482188,0.0018533554393798113,,475,,,False,,,,,,97,person,0.1,0.5,argmax,segformer_b2_cityscapes_mcdrop8,acdc_rain_targetcal25,12,0.6967741935483871
0.964,964,True,0.44256000680051305,0.44256000680051316,0.011172189377248287,15.8,158,310.0,0.111578947368421,False,0.5058139534883721,0.2222222222222222,0.09523809523809523,,,97,person,0.2,0.5,region_crc,segformer_b2_cityscapes_mcdrop8,acdc_rain_targetcal25,12,
0.9530000000000001,953,True,0.4705135932984034,0.4705135932984035,0.009489184245467186,10.690526315789473,158,310.0,0.10526315789473684,False,0.5406976744186046,0.24786324786324787,0.09523809523809523,,,97,person,0.2,0.5,heuristic,segformer_b2_cityscapes_mcdrop8,acdc_rain_targetcal25,12,
,-1,True,,0.7636659402482188,0.0018533554393798113,,475,,,False,,,,,,97,person,0.2,0.5,argmax,segformer_b2_cityscapes_mcdrop8,acdc_rain_targetcal25,12,0.6967741935483871
1.0,1000,False,0.0,0.0,1.0,0.9494736842105264,24,34.0,0.0,False,0.0,0.0,0.0,,,97,rider,0.05,0.1,region_crc,segformer_b2_cityscapes_mcdrop8,acdc_rain_targetcal25,4,
1.0,1000,True,0.0,0.0,1.0,0.9494736842105264,24,34.0,0.0,False,0.0,0.0,0.0,,,97,rider,0.05,0.1,heuristic,segformer_b2_cityscapes_mcdrop8,acdc_rain_targetcal25,4,
,-1,True,,0.8125,0.00023745633370708674,,475,,,False,,,,,,97,rider,0.05,0.1,argmax,segformer_b2_cityscapes_mcdrop8,acdc_rain_targetcal25,4,0.8235294117647058
1.0,1000,False,0.0,0.0,1.0,0.9494736842105264,24,34.0,0.0,False,0.0,0.0,0.0,,,97,rider,0.1,0.1,region_crc,segformer_b2_cityscapes_mcdrop8,acdc_rain_targetcal25,4,
1.0,1000,True,0.0,0.0,1.0,0.9494736842105264,24,34.0,0.0,False,0.0,0.0,0.0,,,97,rider,0.1,0.1,heuristic,segformer_b2_cityscapes_mcdrop8,acdc_rain_targetcal25,4,
,-1,True,,0.8125,0.00023745633370708674,,475,,,False,,,,,,97,rider,0.1,0.1,argmax,segformer_b2_cityscapes_mcdrop8,acdc_rain_targetcal25,4,0.8235294117647058
1.0,1000,True,0.0,0.0,1.0,0.9494736842105264,24,34.0,0.0,False,0.0,0.0,0.0,,,97,rider,0.2,0.1,region_crc,segformer_b2_cityscapes_mcdrop8,acdc_rain_targetcal25,4,
1.0,1000,True,0.0,0.0,1.0,0.9494736842105264,24,34.0,0.0,False,0.0,0.0,0.0,,,97,rider,0.2,0.1,heuristic,segformer_b2_cityscapes_mcdrop8,acdc_rain_targetcal25,4,
,-1,True,,0.8125,0.00023745633370708674,,475,,,False,,,,,,97,rider,0.2,0.1,argmax,segformer_b2_cityscapes_mcdrop8,acdc_rain_targetcal25,4,0.8235294117647058
1.0,1000,False,0.0,0.0,1.0,0.9494736842105264,24,34.0,0.0,False,0.0,0.0,0.0,,,97,rider,0.05,0.5,region_crc,segformer_b2_cityscapes_mcdrop8,acdc_rain_targetcal25,4,
1.0,1000,True,0.0,0.0,1.0,0.9494736842105264,24,34.0,0.0,False,0.0,0.0,0.0,,,97,rider,0.05,0.5,heuristic,segformer_b2_cityscapes_mcdrop8,acdc_rain_targetcal25,4,
,-1,True,,0.8333333333333334,0.00023745633370708674,,475,,,False,,,,,,97,rider,0.05,0.5,argmax,segformer_b2_cityscapes_mcdrop8,acdc_rain_targetcal25,4,0.8529411764705882
1.0,1000,False,0.0,0.0,1.0,0.9494736842105264,24,34.0,0.0,False,0.0,0.0,0.0,,,97,rider,0.1,0.5,region_crc,segformer_b2_cityscapes_mcdrop8,acdc_rain_targetcal25,4,
1.0,1000,True,0.0,0.0,1.0,0.9494736842105264,24,34.0,0.0,False,0.0,0.0,0.0,,,97,rider,0.1,0.5,heuristic,segformer_b2_cityscapes_mcdrop8,acdc_rain_targetcal25,4,
,-1,True,,0.8333333333333334,0.00023745633370708674,,475,,,False,,,,,,97,rider,0.1,0.5,argmax,segformer_b2_cityscapes_mcdrop8,acdc_rain_targetcal25,4,0.8529411764705882
1.0,1000,True,0.0,0.0,1.0,0.9494736842105264,24,34.0,0.0,False,0.0,0.0,0.0,,,97,rider,0.2,0.5,region_crc,segformer_b2_cityscapes_mcdrop8,acdc_rain_targetcal25,4,
1.0,1000,True,0.0,0.0,1.0,0.9494736842105264,24,34.0,0.0,False,0.0,0.0,0.0,,,97,rider,0.2,0.5,heuristic,segformer_b2_cityscapes_mcdrop8,acdc_rain_targetcal25,4,
,-1,True,,0.8333333333333334,0.00023745633370708674,,475,,,False,,,,,,97,rider,0.2,0.5,argmax,segformer_b2_cityscapes_mcdrop8,acdc_rain_targetcal25,4,0.8529411764705882
1.0,1000,False,0.0,0.0,1.0,0.848421052631579,72,144.0,0.0,False,0.0,0.0,0.0,,,97,bicycle,0.05,0.1,region_crc,segformer_b2_cityscapes_mcdrop8,acdc_rain_targetcal25,11,
1.0,1000,True,0.0,0.0,1.0,0.848421052631579,72,144.0,0.0,False,0.0,0.0,0.0,,,97,bicycle,0.05,0.1,heuristic,segformer_b2_cityscapes_mcdrop8,acdc_rain_targetcal25,11,
,-1,True,,0.7529431216931217,0.0009604653459973633,,475,,,False,,,,,,97,bicycle,0.05,0.1,argmax,segformer_b2_cityscapes_mcdrop8,acdc_rain_targetcal25,11,0.7291666666666666
1.0,1000,True,0.0,0.0,1.0,0.848421052631579,72,144.0,0.0,False,0.0,0.0,0.0,,,97,bicycle,0.1,0.1,region_crc,segformer_b2_cityscapes_mcdrop8,acdc_rain_targetcal25,11,
1.0,1000,True,0.0,0.0,1.0,0.848421052631579,72,144.0,0.0,False,0.0,0.0,0.0,,,97,bicycle,0.1,0.1,heuristic,segformer_b2_cityscapes_mcdrop8,acdc_rain_targetcal25,11,
,-1,True,,0.7529431216931217,0.0009604653459973633,,475,,,False,,,,,,97,bicycle,0.1,0.1,argmax,segformer_b2_cityscapes_mcdrop8,acdc_rain_targetcal25,11,0.7291666666666666
1.0,1000,True,0.0,0.0,1.0,0.848421052631579,72,144.0,0.0,False,0.0,0.0,0.0,,,97,bicycle,0.2,0.1,region_crc,segformer_b2_cityscapes_mcdrop8,acdc_rain_targetcal25,11,
0.988,988,True,0.38118386243386243,0.38118386243386243,0.008147108368575573,0.848421052631579,72,144.0,0.14526315789473687,False,0.5384615384615384,0.16666666666666666,0.0,,,97,bicycle,0.2,0.1,heuristic,segformer_b2_cityscapes_mcdrop8,acdc_rain_targetcal25,11,
,-1,True,,0.7529431216931217,0.0009604653459973633,,475,,,False,,,,,,97,bicycle,0.2,0.1,argmax,segformer_b2_cityscapes_mcdrop8,acdc_rain_targetcal25,11,0.7291666666666666
1.0,1000,False,0.0,0.0,1.0,0.848421052631579,72,144.0,0.0,False,0.0,0.0,0.0,,,97,bicycle,0.05,0.5,region_crc,segformer_b2_cityscapes_mcdrop8,acdc_rain_targetcal25,11,
1.0,1000,True,0.0,0.0,1.0,0.848421052631579,72,144.0,0.0,False,0.0,0.0,0.0,,,97,bicycle,0.05,0.5,heuristic,segformer_b2_cityscapes_mcdrop8,acdc_rain_targetcal25,11,
,-1,True,,0.774239417989418,0.0009604653459973633,,475,,,False,,,,,,97,bicycle,0.05,0.5,argmax,segformer_b2_cityscapes_mcdrop8,acdc_rain_targetcal25,11,0.75
1.0,1000,True,0.0,0.0,1.0,0.848421052631579,72,144.0,0.0,False,0.0,0.0,0.0,,,97,bicycle,0.1,0.5,region_crc,segformer_b2_cityscapes_mcdrop8,acdc_rain_targetcal25,11,
1.0,1000,True,0.0,0.0,1.0,0.848421052631579,72,144.0,0.0,False,0.0,0.0,0.0,,,97,bicycle,0.1,0.5,heuristic,segformer_b2_cityscapes_mcdrop8,acdc_rain_targetcal25,11,
,-1,True,,0.774239417989418,0.0009604653459973633,,475,,,False,,,,,,97,bicycle,0.1,0.5,argmax,segformer_b2_cityscapes_mcdrop8,acdc_rain_targetcal25,11,0.75
1.0,1000,True,0.0,0.0,1.0,0.848421052631579,72,144.0,0.0,False,0.0,0.0,0.0,,,97,bicycle,0.2,0.5,region_crc,segformer_b2_cityscapes_mcdrop8,acdc_rain_targetcal25,11,
0.995,995,True,0.38743386243386246,0.3874338624338624,0.012986713089048862,0.848421052631579,72,144.0,0.1578947368421053,False,0.5384615384615384,0.2037037037037037,0.0,,,97,bicycle,0.2,0.5,heuristic,segformer_b2_cityscapes_mcdrop8,acdc_rain_targetcal25,11,
,-1,True,,0.774239417989418,0.0009604653459973633,,475,,,False,,,,,,97,bicycle,0.2,0.5,argmax,segformer_b2_cityscapes_mcdrop8,acdc_rain_targetcal25,11,0.75
1.0,1000,False,0.0,0.0,1.0,0.6673684210526316,158,299.0,0.0,False,0.0,0.0,0.0,,,98,person,0.05,0.1,region_crc,segformer_b2_cityscapes_mcdrop8,acdc_rain_targetcal25,12,
0.987,987,True,0.1530239099859353,0.1530239099859353,0.01925572007894516,15.781052631578948,158,299.0,0.2526315789473684,False,0.17714285714285713,0.0761904761904762,0.0,,,98,person,0.05,0.1,heuristic,segformer_b2_cityscapes_mcdrop8,acdc_rain_targetcal25,12,
,-1,True,,0.6460769539883464,0.0017372826114296913,,475,,,False,,,,,,98,person,0.05,0.1,argmax,segformer_b2_cityscapes_mcdrop8,acdc_rain_targetcal25,12,0.6120401337792643
0.994,994,True,0.07795358649789029,0.07795358649789029,0.028158722445368767,0.6673684210526316,158,299.0,0.24421052631578943,False,0.09142857142857143,0.0380952380952381,0.0,,,98,person,0.1,0.1,region_crc,segformer_b2_cityscapes_mcdrop8,acdc_rain_targetcal25,12,
0.987,987,True,0.1530239099859353,0.1530239099859353,0.01925572007894516,15.781052631578948,158,299.0,0.2526315789473684,False,0.17714285714285713,0.0761904761904762,0.0,,,98,person,0.1,0.1,heuristic,segformer_b2_cityscapes_mcdrop8,acdc_rain_targetcal25,12,
,-1,True,,0.6460769539883464,0.0017372826114296913,,475,,,False,,,,,,98,person,0.1,0.1,argmax,segformer_b2_cityscapes_mcdrop8,acdc_rain_targetcal25,12,0.6120401337792643
0.969,969,True,0.2506580269238497,0.25065802692384964,0.011925466358661652,15.781052631578948,158,299.0,0.27578947368421053,False,0.30857142857142855,0.11428571428571428,0.0,,,98,person,0.2,0.1,region_crc,segformer_b2_cityscapes_mcdrop8,acdc_rain_targetcal25,12,
0.968,968,True,0.25856941932891303,0.258569419328913,0.011702889576554298,15.781052631578948,158,299.0,0.2778947368421053,False,0.32,0.11428571428571428,0.0,,,98,person,0.2,0.1,heuristic,segformer_b2_cityscapes_mcdrop8,acdc_rain_targetcal25,12,
,-1,True,,0.6460769539883464,0.0017372826114296913,,475,,,False,,,,,,98,person,0.2,0.1,argmax,segformer_b2_cityscapes_mcdrop8,acdc_rain_targetcal25,12,0.6120401337792643
1.0,1000,False,0.0,0.0,1.0,0.6673684210526316,158,299.0,0.0,False,0.0,0.0,0.0,,,98,person,0.05,0.5,region_crc,segformer_b2_cityscapes_mcdrop8,acdc_rain_targetcal25,12,
0.991,991,True,0.22285513361462728,0.22285513361462728,0.02317003905773163,0.6673684210526316,158,299.0,0.2610526315789473,False,0.24,0.13333333333333333,0.0,,,98,person,0.05,0.5,heuristic,segformer_b2_cityscapes_mcdrop8,acdc_rain_targetcal25,12,
,-1,True,,0.7708308217801888,0.0017372826114296913,,475,,,False,,,,,,98,person,0.05,0.5,argmax,segformer_b2_cityscapes_mcdrop8,acdc_rain_targetcal25,12,0.7224080267558528
0.998,998,True,0.08354430379746836,0.08354430379746836,0.04567049443721771,0.6673684210526316,158,299.0,0.24,False,0.08,0.05714285714285714,0.0,,,98,person,0.1,0.5,region_crc,segformer_b2_cityscapes_mcdrop8,acdc_rain_targetcal25,12,
0.991,991,True,0.22285513361462728,0.22285513361462728,0.02317003905773163,0.6673684210526316,158,299.0,0.2610526315789473,False,0.24,0.13333333333333333,0.0,,,98,person,0.1,0.5,heuristic,segformer_b2_cityscapes_mcdrop8,acdc_rain_targetcal25,12,
,-1,True,,0.7708308217801888,0.0017372826114296913,,475,,,False,,,,,,98,person,0.1,0.5,argmax,segformer_b2_cityscapes_mcdrop8,acdc_rain_targetcal25,12,0.7224080267558528
0.989,989,True,0.24521800281293954,0.24521800281293954,0.0209615807980299,0.6673684210526316,158,299.0,0.2694736842105263,False,0.28,0.13333333333333333,0.0,,,98,person,0.2,0.5,region_crc,segformer_b2_cityscapes_mcdrop8,acdc_rain_targetcal25,12,
0.986,986,True,0.26631504922644167,0.2663150492264416,0.018527541309595108,15.781052631578948,158,299.0,0.2568421052631579,False,0.30857142857142855,0.14285714285714285,0.0,,,98,person,0.2,0.5,heuristic,segformer_b2_cityscapes_mcdrop8,acdc_rain_targetcal25,12,
,-1,True,,0.7708308217801888,0.0017372826114296913,,475,,,False,,,,,,98,person,0.2,0.5,argmax,segformer_b2_cityscapes_mcdrop8,acdc_rain_targetcal25,12,0.7224080267558528
1.0,1000,False,0.0,0.0,1.0,0.9431578947368421,27,35.0,0.0,False,0.0,0.0,0.0,,,98,rider,0.05,0.1,region_crc,segformer_b2_cityscapes_mcdrop8,acdc_rain_targetcal25,1,
0.972,972,True,0.6481481481481481,0.6481481481481481,0.0016811599489301443,1.9789473684210526,27,35.0,0.14526315789473682,False,0.9166666666666666,0.3333333333333333,0.0,,,98,rider,0.05,0.1,heuristic,segformer_b2_cityscapes_mcdrop8,acdc_rain_targetcal25,1,
,-1,True,,0.7962962962962963,0.0002388787252129987,,475,,,False,,,,,,98,rider,0.05,0.1,argmax,segformer_b2_cityscapes_mcdrop8,acdc_rain_targetcal25,1,0.8
1.0,1000,False,0.0,0.0,1.0,0.9431578947368421,27,35.0,0.0,False,0.0,0.0,0.0,,,98,rider,0.1,0.1,region_crc,segformer_b2_cityscapes_mcdrop8,acdc_rain_targetcal25,1,
0.972,972,True,0.6481481481481481,0.6481481481481481,0.0016811599489301443,1.9789473684210526,27,35.0,0.14526315789473682,False,0.9166666666666666,0.3333333333333333,0.0,,,98,rider,0.1,0.1,heuristic,segformer_b2_cityscapes_mcdrop8,acdc_rain_targetcal25,1,
,-1,True,,0.7962962962962963,0.0002388787252129987,,475,,,False,,,,,,98,rider,0.1,0.1,argmax,segformer_b2_cityscapes_mcdrop8,acdc_rain_targetcal25,1,0.8
1.0,1000,False,0.0,0.0,1.0,0.9431578947368421,27,35.0,0.0,False,0.0,0.0,0.0,,,98,rider,0.2,0.1,region_crc,segformer_b2_cityscapes_mcdrop8,acdc_rain_targetcal25,1,
0.972,972,True,0.6481481481481481,0.6481481481481481,0.0016811599489301443,1.9789473684210526,27,35.0,0.14526315789473682,False,0.9166666666666666,0.3333333333333333,0.0,,,98,rider,0.2,0.1,heuristic,segformer_b2_cityscapes_mcdrop8,acdc_rain_targetcal25,1,
,-1,True,,0.7962962962962963,0.0002388787252129987,,475,,,False,,,,,,98,rider,0.2,0.1,argmax,segformer_b2_cityscapes_mcdrop8,acdc_rain_targetcal25,1,0.8
1.0,1000,False,0.0,0.0,1.0,0.9431578947368421,27,35.0,0.0,False,0.0,0.0,0.0,,,98,rider,0.05,0.5,region_crc,segformer_b2_cityscapes_mcdrop8,acdc_rain_targetcal25,1,
0.975,975,True,0.7222222222222222,0.7222222222222222,0.0017974446527659893,1.9789473684210526,27,35.0,0.15999999999999998,False,0.9583333333333334,0.3333333333333333,0.2,,,98,rider,0.05,0.5,heuristic,segformer_b2_cityscapes_mcdrop8,acdc_rain_targetcal25,1,
,-1,True,,0.8518518518518519,0.0002388787252129987,,475,,,False,,,,,,98,rider,0.05,0.5,argmax,segformer_b2_cityscapes_mcdrop8,acdc_rain_targetcal25,1,0.8571428571428571
1.0,1000,False,0.0,0.0,1.0,0.9431578947368421,27,35.0,0.0,False,0.0,0.0,0.0,,,98,rider,0.1,0.5,region_crc,segformer_b2_cityscapes_mcdrop8,acdc_rain_targetcal25,1,
0.975,975,True,0.7222222222222222,0.7222222222222222,0.0017974446527659893,1.9789473684210526,27,35.0,0.15999999999999998,False,0.9583333333333334,0.3333333333333333,0.2,,,98,rider,0.1,0.5,heuristic,segformer_b2_cityscapes_mcdrop8,acdc_rain_targetcal25,1,
,-1,True,,0.8518518518518519,0.0002388787252129987,,475,,,False,,,,,,98,rider,0.1,0.5,argmax,segformer_b2_cityscapes_mcdrop8,acdc_rain_targetcal25,1,0.8571428571428571
1.0,1000,False,0.0,0.0,1.0,0.9431578947368421,27,35.0,0.0,False,0.0,0.0,0.0,,,98,rider,0.2,0.5,region_crc,segformer_b2_cityscapes_mcdrop8,acdc_rain_targetcal25,1,
0.975,975,True,0.7222222222222222,0.7222222222222222,0.0017974446527659893,1.9789473684210526,27,35.0,0.15999999999999998,False,0.9583333333333334,0.3333333333333333,0.2,,,98,rider,0.2,0.5,heuristic,segformer_b2_cityscapes_mcdrop8,acdc_rain_targetcal25,1,
,-1,True,,0.8518518518518519,0.0002388787252129987,,475,,,False,,,,,,98,rider,0.2,0.5,argmax,segformer_b2_cityscapes_mcdrop8,acdc_rain_targetcal25,1,0.8571428571428571
1.0,1000,False,0.0,0.0,1.0,0.8357894736842105,78,151.0,0.0,False,0.0,0.0,0.0,,,98,bicycle,0.05,0.1,region_crc,segformer_b2_cityscapes_mcdrop8,acdc_rain_targetcal25,5,
0.993,993,True,0.3564407814407814,0.3564407814407814,0.010720420628786087,0.8357894736842105,78,151.0,0.33684210526315783,True,0.55,0.12280701754385964,0.0,,,98,bicycle,0.05,0.1,heuristic,segformer_b2_cityscapes_mcdrop8,acdc_rain_targetcal25,5,
,-1,True,,0.7463064713064713,0.0010982519015669823,,475,,,False,,,,,,98,bicycle,0.05,0.1,argmax,segformer_b2_cityscapes_mcdrop8,acdc_rain_targetcal25,5,0.7417218543046358
1.0,1000,False,0.0,0.0,1.0,0.8357894736842105,78,151.0,0.0,False,0.0,0.0,0.0,,,98,bicycle,0.1,0.1,region_crc,segformer_b2_cityscapes_mcdrop8,acdc_rain_targetcal25,5,
0.993,993,True,0.3564407814407814,0.3564407814407814,0.010720420628786087,0.8357894736842105,78,151.0,0.33684210526315783,True,0.55,0.12280701754385964,0.0,,,98,bicycle,0.1,0.1,heuristic,segformer_b2_cityscapes_mcdrop8,acdc_rain_targetcal25,5,
,-1,True,,0.7463064713064713,0.0010982519015669823,,475,,,False,,,,,,98,bicycle,0.1,0.1,argmax,segformer_b2_cityscapes_mcdrop8,acdc_rain_targetcal25,5,0.7417218543046358
0.993,993,True,0.3564407814407814,0.3564407814407814,0.010720420628786087,0.8357894736842105,78,151.0,0.33684210526315783,True,0.55,0.12280701754385964,0.0,,,98,bicycle,0.2,0.1,region_crc,segformer_b2_cityscapes_mcdrop8,acdc_rain_targetcal25,5,
0.982,982,True,0.41532356532356535,0.41532356532356535,0.006495518144220114,6.08,78,151.0,0.31789473684210523,False,0.6,0.19298245614035087,0.0,,,98,bicycle,0.2,0.1,heuristic,segformer_b2_cityscapes_mcdrop8,acdc_rain_targetcal25,5,
,-1,True,,0.7463064713064713,0.0010982519015669823,,475,,,False,,,,,,98,bicycle,0.2,0.1,argmax,segformer_b2_cityscapes_mcdrop8,acdc_rain_targetcal25,5,0.7417218543046358
1.0,1000,False,0.0,0.0,1.0,0.8357894736842105,78,151.0,0.0,False,0.0,0.0,0.0,,,98,bicycle,0.05,0.5,region_crc,segformer_b2_cityscapes_mcdrop8,acdc_rain_targetcal25,5,
0.997,997,True,0.3411782661782662,0.3411782661782662,0.0165115799754858,0.8357894736842105,78,151.0,0.4105263157894737,True,0.5125,0.15789473684210525,0.0,,,98,bicycle,0.05,0.5,heuristic,segformer_b2_cityscapes_mcdrop8,acdc_rain_targetcal25,5,
,-1,True,,0.7723748473748474,0.0010982519015669823,,475,,,False,,,,,,98,bicycle,0.05,0.5,argmax,segformer_b2_cityscapes_mcdrop8,acdc_rain_targetcal25,5,0.7682119205298014
1.0,1000,False,0.0,0.0,1.0,0.8357894736842105,78,151.0,0.0,False,0.0,0.0,0.0,,,98,bicycle,0.1,0.5,region_crc,segformer_b2_cityscapes_mcdrop8,acdc_rain_targetcal25,5,
0.997,997,True,0.3411782661782662,0.3411782661782662,0.0165115799754858,0.8357894736842105,78,151.0,0.4105263157894737,True,0.5125,0.15789473684210525,0.0,,,98,bicycle,0.1,0.5,heuristic,segformer_b2_cityscapes_mcdrop8,acdc_rain_targetcal25,5,
,-1,True,,0.7723748473748474,0.0010982519015669823,,475,,,False,,,,,,98,bicycle,0.1,0.5,argmax,segformer_b2_cityscapes_mcdrop8,acdc_rain_targetcal25,5,0.7682119205298014
0.997,997,True,0.3411782661782662,0.3411782661782662,0.0165115799754858,0.8357894736842105,78,151.0,0.4105263157894737,True,0.5125,0.15789473684210525,0.0,,,98,bicycle,0.2,0.5,region_crc,segformer_b2_cityscapes_mcdrop8,acdc_rain_targetcal25,5,
0.995,995,True,0.37045177045177047,0.37045177045177047,0.012766829691827297,0.8357894736842105,78,151.0,0.3642105263157895,True,0.55,0.19298245614035087,0.0,,,98,bicycle,0.2,0.5,heuristic,segformer_b2_cityscapes_mcdrop8,acdc_rain_targetcal25,5,
,-1,True,,0.7723748473748474,0.0010982519015669823,,475,,,False,,,,,,98,bicycle,0.2,0.5,argmax,segformer_b2_cityscapes_mcdrop8,acdc_rain_targetcal25,5,0.7682119205298014
1.0,1000,False,0.0,0.0,1.0,0.6673684210526316,158,310.0,0.0,False,0.0,0.0,0.0,,,99,person,0.05,0.1,region_crc,segformer_b2_cityscapes_mcdrop8,acdc_rain_targetcal25,12,
0.994,994,True,0.07478902953586498,0.07478902953586498,0.02806835249066353,0.6673684210526316,158,310.0,0.22105263157894728,False,0.09090909090909091,0.02654867256637168,0.0,,,99,person,0.05,0.1,heuristic,segformer_b2_cityscapes_mcdrop8,acdc_rain_targetcal25,12,
,-1,True,,0.6358530007264185,0.0017451307503506541,,475,,,False,,,,,,99,person,0.05,0.1,argmax,segformer_b2_cityscapes_mcdrop8,acdc_rain_targetcal25,12,0.5935483870967742
0.997,997,True,0.05748945147679324,0.05748945147679324,0.038437265902757645,0.6673684210526316,158,310.0,0.2042105263157894,False,0.056818181818181816,0.02654867256637168,0.0,,,99,person,0.1,0.1,region_crc,segformer_b2_cityscapes_mcdrop8,acdc_rain_targetcal25,12,
0.98,980,True,0.2038272205993725,0.2038272205993725,0.015223108232021332,15.797894736842105,158,310.0,0.23578947368421055,False,0.25,0.08849557522123894,0.0,,,99,person,0.1,0.1,heuristic,segformer_b2_cityscapes_mcdrop8,acdc_rain_targetcal25,12,
,-1,True,,0.6358530007264185,0.0017451307503506541,,475,,,False,,,,,,99,person,0.1,0.1,argmax,segformer_b2_cityscapes_mcdrop8,acdc_rain_targetcal25,12,0.5935483870967742
0.98,980,True,0.2038272205993725,0.2038272205993725,0.015223108232021332,15.797894736842105,158,310.0,0.23578947368421055,False,0.25,0.08849557522123894,0.0,,,99,person,0.2,0.1,region_crc,segformer_b2_cityscapes_mcdrop8,acdc_rain_targetcal25,12,
0.968,968,True,0.2579608506823697,0.2579608506823697,0.01161747146397829,15.797894736842105,158,310.0,0.26526315789473687,False,0.32386363636363635,0.10619469026548672,0.0,,,99,person,0.2,0.1,heuristic,segformer_b2_cityscapes_mcdrop8,acdc_rain_targetcal25,12,
,-1,True,,0.6358530007264185,0.0017451307503506541,,475,,,False,,,,,,99,person,0.2,0.1,argmax,segformer_b2_cityscapes_mcdrop8,acdc_rain_targetcal25,12,0.5935483870967742
1.0,1000,False,0.0,0.0,1.0,0.6673684210526316,158,310.0,0.0,False,0.0,0.0,0.0,,,99,person,0.05,0.5,region_crc,segformer_b2_cityscapes_mcdrop8,acdc_rain_targetcal25,12,
0.999,999,True,0.05221518987341772,0.05221518987341772,0.060392264276742935,0.6673684210526316,158,310.0,0.20421052631578945,False,0.045454545454545456,0.035398230088495575,0.0,,,99,person,0.05,0.5,heuristic,segformer_b2_cityscapes_mcdrop8,acdc_rain_targetcal25,12,
,-1,True,,0.7579697377165732,0.0017451307503506541,,475,,,False,,,,,,99,person,0.05,0.5,argmax,segformer_b2_cityscapes_mcdrop8,acdc_rain_targetcal25,12,0.7
1.0,1000,True,0.0,0.0,1.0,0.6673684210526316,158,310.0,0.0,False,0.0,0.0,0.0,,,99,person,0.1,0.5,region_crc,segformer_b2_cityscapes_mcdrop8,acdc_rain_targetcal25,12,
0.992,992,True,0.2027723682786974,0.2027723682786974,0.024445386603474617,0.6673684210526316,158,310.0,0.21684210526315795,False,0.22727272727272727,0.11504424778761062,0.0,,,99,person,0.1,0.5,heuristic,segformer_b2_cityscapes_mcdrop8,acdc_rain_targetcal25,12,
,-1,True,,0.7579697377165732,0.0017451307503506541,,475,,,False,,,,,,99,person,0.1,0.5,argmax,segformer_b2_cityscapes_mcdrop8,acdc_rain_targetcal25,12,0.7
0.992,992,True,0.2027723682786974,0.2027723682786974,0.024445386603474617,0.6673684210526316,158,310.0,0.21684210526315795,False,0.22727272727272727,0.11504424778761062,0.0,,,99,person,0.2,0.5,region_crc,segformer_b2_cityscapes_mcdrop8,acdc_rain_targetcal25,12,
0.989,989,True,0.24412257924916153,0.24412257924916153,0.02086661010980606,0.6673684210526316,158,310.0,0.23368421052631583,False,0.2784090909090909,0.12389380530973451,0.0,,,99,person,0.2,0.5,heuristic,segformer_b2_cityscapes_mcdrop8,acdc_rain_targetcal25,12,
,-1,True,,0.7579697377165732,0.0017451307503506541,,475,,,False,,,,,,99,person,0.2,0.5,argmax,segformer_b2_cityscapes_mcdrop8,acdc_rain_targetcal25,12,0.7
1.0,1000,False,0.0,0.0,1.0,0.9452631578947368,26,35.0,0.0,False,0.0,0.0,0.0,,,99,rider,0.05,0.1,region_crc,segformer_b2_cityscapes_mcdrop8,acdc_rain_targetcal25,2,
0.998,998,True,0.3333333333333333,0.3333333333333333,0.007412914652377367,0.9452631578947368,26,35.0,0.30315789473684207,False,0.48,0.0,0.0,,,99,rider,0.05,0.1,heuristic,segformer_b2_cityscapes_mcdrop8,acdc_rain_targetcal25,2,
,-1,True,,0.7884615384615384,0.0002506132295820862,,475,,,False,,,,,,99,rider,0.05,0.1,argmax,segformer_b2_cityscapes_mcdrop8,acdc_rain_targetcal25,2,0.8
1.0,1000,False,0.0,0.0,1.0,0.9452631578947368,26,35.0,0.0,False,0.0,0.0,0.0,,,99,rider,0.1,0.1,region_crc,segformer_b2_cityscapes_mcdrop8,acdc_rain_targetcal25,2,
0.998,998,True,0.3333333333333333,0.3333333333333333,0.007412914652377367,0.9452631578947368,26,35.0,0.30315789473684207,False,0.48,0.0,0.0,,,99,rider,0.1,0.1,heuristic,segformer_b2_cityscapes_mcdrop8,acdc_rain_targetcal25,2,
,-1,True,,0.7884615384615384,0.0002506132295820862,,475,,,False,,,,,,99,rider,0.1,0.1,argmax,segformer_b2_cityscapes_mcdrop8,acdc_rain_targetcal25,2,0.8
1.0,1000,False,0.0,0.0,1.0,0.9452631578947368,26,35.0,0.0,False,0.0,0.0,0.0,,,99,rider,0.2,0.1,region_crc,segformer_b2_cityscapes_mcdrop8,acdc_rain_targetcal25,2,
0.998,998,True,0.3333333333333333,0.3333333333333333,0.007412914652377367,0.9452631578947368,26,35.0,0.30315789473684207,False,0.48,0.0,0.0,,,99,rider,0.2,0.1,heuristic,segformer_b2_cityscapes_mcdrop8,acdc_rain_targetcal25,2,
,-1,True,,0.7884615384615384,0.0002506132295820862,,475,,,False,,,,,,99,rider,0.2,0.1,argmax,segformer_b2_cityscapes_mcdrop8,acdc_rain_targetcal25,2,0.8
1.0,1000,False,0.0,0.0,1.0,0.9452631578947368,26,35.0,0.0,False,0.0,0.0,0.0,,,99,rider,0.05,0.5,region_crc,segformer_b2_cityscapes_mcdrop8,acdc_rain_targetcal25,2,
1.0,1000,True,0.0,0.0,1.0,0.9452631578947368,26,35.0,0.0,False,0.0,0.0,0.0,,,99,rider,0.05,0.5,heuristic,segformer_b2_cityscapes_mcdrop8,acdc_rain_targetcal25,2,
,-1,True,,0.8461538461538461,0.0002506132295820862,,475,,,False,,,,,,99,rider,0.05,0.5,argmax,segformer_b2_cityscapes_mcdrop8,acdc_rain_targetcal25,2,0.8571428571428571
1.0,1000,False,0.0,0.0,1.0,0.9452631578947368,26,35.0,0.0,False,0.0,0.0,0.0,,,99,rider,0.1,0.5,region_crc,segformer_b2_cityscapes_mcdrop8,acdc_rain_targetcal25,2,
1.0,1000,True,0.0,0.0,1.0,0.9452631578947368,26,35.0,0.0,False,0.0,0.0,0.0,,,99,rider,0.1,0.5,heuristic,segformer_b2_cityscapes_mcdrop8,acdc_rain_targetcal25,2,
,-1,True,,0.8461538461538461,0.0002506132295820862,,475,,,False,,,,,,99,rider,0.1,0.5,argmax,segformer_b2_cityscapes_mcdrop8,acdc_rain_targetcal25,2,0.8571428571428571
1.0,1000,False,0.0,0.0,1.0,0.9452631578947368,26,35.0,0.0,False,0.0,0.0,0.0,,,99,rider,0.2,0.5,region_crc,segformer_b2_cityscapes_mcdrop8,acdc_rain_targetcal25,2,
1.0,1000,True,0.0,0.0,1.0,0.9452631578947368,26,35.0,0.0,False,0.0,0.0,0.0,,,99,rider,0.2,0.5,heuristic,segformer_b2_cityscapes_mcdrop8,acdc_rain_targetcal25,2,
,-1,True,,0.8461538461538461,0.0002506132295820862,,475,,,False,,,,,,99,rider,0.2,0.5,argmax,segformer_b2_cityscapes_mcdrop8,acdc_rain_targetcal25,2,0.8571428571428571
1.0,1000,False,0.0,0.0,1.0,0.8336842105263158,79,155.0,0.0,False,0.0,0.0,0.0,,,99,bicycle,0.05,0.1,region_crc,segformer_b2_cityscapes_mcdrop8,acdc_rain_targetcal25,4,
0.998,998,True,0.22332730560578662,0.22332730560578662,0.020577238872647285,0.8336842105263158,79,155.0,0.19157894736842104,False,0.3333333333333333,0.07017543859649122,0.0,,,99,bicycle,0.05,0.1,heuristic,segformer_b2_cityscapes_mcdrop8,acdc_rain_targetcal25,4,
,-1,True,,0.7495177817962628,0.0011244374327361584,,475,,,False,,,,,,99,bicycle,0.05,0.1,argmax,segformer_b2_cityscapes_mcdrop8,acdc_rain_targetcal25,4,0.7290322580645161
1.0,1000,False,0.0,0.0,1.0,0.8336842105263158,79,155.0,0.0,False,0.0,0.0,0.0,,,99,bicycle,0.1,0.1,region_crc,segformer_b2_cityscapes_mcdrop8,acdc_rain_targetcal25,4,
0.998,998,True,0.22332730560578662,0.22332730560578662,0.020577238872647285,0.8336842105263158,79,155.0,0.19157894736842104,False,0.3333333333333333,0.07017543859649122,0.0,,,99,bicycle,0.1,0.1,heuristic,segformer_b2_cityscapes_mcdrop8,acdc_rain_targetcal25,4,
,-1,True,,0.7495177817962628,0.0011244374327361584,,475,,,False,,,,,,99,bicycle,0.1,0.1,argmax,segformer_b2_cityscapes_mcdrop8,acdc_rain_targetcal25,4,0.7290322580645161
0.998,998,True,0.22332730560578662,0.22332730560578662,0.020577238872647285,0.8336842105263158,79,155.0,0.19157894736842104,False,0.3333333333333333,0.07017543859649122,0.0,,,99,bicycle,0.2,0.1,region_crc,segformer_b2_cityscapes_mcdrop8,acdc_rain_targetcal25,4,
0.998,998,True,0.22332730560578662,0.22332730560578662,0.020577238872647285,0.8336842105263158,79,155.0,0.19157894736842104,False,0.3333333333333333,0.07017543859649122,0.0,,,99,bicycle,0.2,0.1,heuristic,segformer_b2_cityscapes_mcdrop8,acdc_rain_targetcal25,4,
,-1,True,,0.7495177817962628,0.0011244374327361584,,475,,,False,,,,,,99,bicycle,0.2,0.1,argmax,segformer_b2_cityscapes_mcdrop8,acdc_rain_targetcal25,4,0.7290322580645161
1.0,1000,False,0.0,0.0,1.0,0.8336842105263158,79,155.0,0.0,False,0.0,0.0,0.0,,,99,bicycle,0.05,0.5,region_crc,segformer_b2_cityscapes_mcdrop8,acdc_rain_targetcal25,4,
0.999,999,True,0.23176612417118747,0.23176612417118747,0.028326120227575302,0.8336842105263158,79,155.0,0.15157894736842104,False,0.30952380952380953,0.10526315789473684,0.0,,,99,bicycle,0.05,0.5,heuristic,segformer_b2_cityscapes_mcdrop8,acdc_rain_targetcal25,4,
,-1,True,,0.7752561784207354,0.0011244374327361584,,475,,,False,,,,,,99,bicycle,0.05,0.5,argmax,segformer_b2_cityscapes_mcdrop8,acdc_rain_targetcal25,4,0.7548387096774194
1.0,1000,False,0.0,0.0,1.0,0.8336842105263158,79,155.0,0.0,False,0.0,0.0,0.0,,,99,bicycle,0.1,0.5,region_crc,segformer_b2_cityscapes_mcdrop8,acdc_rain_targetcal25,4,
0.999,999,True,0.23176612417118747,0.23176612417118747,0.028326120227575302,0.8336842105263158,79,155.0,0.15157894736842104,False,0.30952380952380953,0.10526315789473684,0.0,,,99,bicycle,0.1,0.5,heuristic,segformer_b2_cityscapes_mcdrop8,acdc_rain_targetcal25,4,
,-1,True,,0.7752561784207354,0.0011244374327361584,,475,,,False,,,,,,99,bicycle,0.1,0.5,argmax,segformer_b2_cityscapes_mcdrop8,acdc_rain_targetcal25,4,0.7548387096774194
0.999,999,True,0.23176612417118747,0.23176612417118747,0.028326120227575302,0.8336842105263158,79,155.0,0.15157894736842104,False,0.30952380952380953,0.10526315789473684,0.0,,,99,bicycle,0.2,0.5,region_crc,segformer_b2_cityscapes_mcdrop8,acdc_rain_targetcal25,4,
0.999,999,True,0.23176612417118747,0.23176612417118747,0.028326120227575302,0.8336842105263158,79,155.0,0.15157894736842104,False,0.30952380952380953,0.10526315789473684,0.0,,,99,bicycle,0.2,0.5,heuristic,segformer_b2_cityscapes_mcdrop8,acdc_rain_targetcal25,4,
,-1,True,,0.7752561784207354,0.0011244374327361584,,475,,,False,,,,,,99,bicycle,0.2,0.5,argmax,segformer_b2_cityscapes_mcdrop8,acdc_rain_targetcal25,4,0.7548387096774194
