lam,lam_index,feasible,controlled_risk,region_fnr,marked_area_fraction,fp_components_per_image,n_test_images,n_test_components,monitor_ks,monitor_flag,fnr_stratum0,fnr_stratum1,fnr_stratum2,weight_ess,weight_p_test,seed,class_name,alpha,rho,method,model,scheme,n_cal_images,region_fnr_component_avg
1.0,1000,False,0.0,0.0,1.0,0.6652631578947369,159,313.0,0.0,False,0.0,0.0,0.0,,,0,person,0.05,0.1,region_crc,segformer_b2_cityscapes,acdc_rain_targetcal25,11,
0.984,984,True,0.21669623179057146,0.2166962317905714,0.013190940022468567,9.791578947368421,159,313.0,0.12421052631578944,False,0.2752808988764045,0.10714285714285714,0.0,,,0,person,0.05,0.1,heuristic,segformer_b2_cityscapes,acdc_rain_targetcal25,11,
,-1,True,,0.6407637784996275,0.001906400197185576,,475,,,False,,,,,,0,person,0.05,0.1,argmax,segformer_b2_cityscapes,acdc_rain_targetcal25,11,0.5814696485623003
0.984,984,True,0.21669623179057146,0.2166962317905714,0.013190940022468567,9.791578947368421,159,313.0,0.12421052631578944,False,0.2752808988764045,0.10714285714285714,0.0,,,0,person,0.1,0.1,region_crc,segformer_b2_cityscapes,acdc_rain_targetcal25,11,
0.984,984,True,0.21669623179057146,0.2166962317905714,0.013190940022468567,9.791578947368421,159,313.0,0.12421052631578944,False,0.2752808988764045,0.10714285714285714,0.0,,,0,person,0.1,0.1,heuristic,segformer_b2_cityscapes,acdc_rain_targetcal25,11,
,-1,True,,0.6407637784996275,0.001906400197185576,,475,,,False,,,,,,0,person,0.1,0.1,argmax,segformer_b2_cityscapes,acdc_rain_targetcal25,11,0.5814696485623003
0.974,974,True,0.27227136944118074,0.27227136944118074,0.01039738580584526,9.791578947368421,159,313.0,0.13684210526315788,False,0.3258426966292135,0.16071428571428573,0.0,,,0,person,0.2,0.1,region_crc,segformer_b2_cityscapes,acdc_rain_targetcal25,11,
0.973,973,True,0.27541602352923106,0.27541602352923106,0.010200051590800285,9.791578947368421,159,313.0,0.13684210526315788,False,0.33146067415730335,0.16071428571428573,0.0,,,0,person,0.2,0.1,heuristic,segformer_b2_cityscapes,acdc_rain_targetcal25,11,
,-1,True,,0.6407637784996275,0.001906400197185576,,475,,,False,,,,,,0,person,0.2,0.1,argmax,segformer_b2_cityscapes,acdc_rain_targetcal25,11,0.5814696485623003
1.0,1000,False,0.0,0.0,1.0,0.6652631578947369,159,313.0,0.0,False,0.0,0.0,0.0,,,0,person,0.05,0.5,region_crc,segformer_b2_cityscapes,acdc_rain_targetcal25,11,
0.996,996,True,0.16027253668763103,0.16027253668763103,0.024391302838921547,0.6652631578947369,159,313.0,0.09684210526315795,False,0.1853932584269663,0.09821428571428571,0.0,,,0,person,0.05,0.5,heuristic,segformer_b2_cityscapes,acdc_rain_targetcal25,11,
,-1,True,,0.7432445611690894,0.001906400197185576,,475,,,False,,,,,,0,person,0.05,0.5,argmax,segformer_b2_cityscapes,acdc_rain_targetcal25,11,0.6900958466453674
0.996,996,True,0.16027253668763103,0.16027253668763103,0.024391302838921547,0.6652631578947369,159,313.0,0.09684210526315795,False,0.1853932584269663,0.09821428571428571,0.0,,,0,person,0.1,0.5,region_crc,segformer_b2_cityscapes,acdc_rain_targetcal25,11,
0.992,992,True,0.2375557705746385,0.2375557705746385,0.018095120787620544,0.6652631578947369,159,313.0,0.1010526315789474,False,0.2696629213483146,0.16071428571428573,0.0,,,0,person,0.1,0.5,heuristic,segformer_b2_cityscapes,acdc_rain_targetcal25,11,
,-1,True,,0.7432445611690894,0.001906400197185576,,475,,,False,,,,,,0,person,0.1,0.5,argmax,segformer_b2_cityscapes,acdc_rain_targetcal25,11,0.6900958466453674
0.992,992,True,0.2375557705746385,0.2375557705746385,0.018095120787620544,0.6652631578947369,159,313.0,0.1010526315789474,False,0.2696629213483146,0.16071428571428573,0.0,,,0,person,0.2,0.5,region_crc,segformer_b2_cityscapes,acdc_rain_targetcal25,11,
0.984,984,True,0.33390658956696695,0.33390658956696695,0.013190940022468567,9.791578947368421,159,313.0,0.12421052631578944,False,0.39325842696629215,0.19642857142857142,0.0,,,0,person,0.2,0.5,heuristic,segformer_b2_cityscapes,acdc_rain_targetcal25,11,
,-1,True,,0.7432445611690894,0.001906400197185576,,475,,,False,,,,,,0,person,0.2,0.5,argmax,segformer_b2_cityscapes,acdc_rain_targetcal25,11,0.6900958466453674
1.0,1000,False,0.0,0.0,1.0,0.9431578947368421,27,37.0,0.0,False,0.0,0.0,0.0,,,0,rider,0.05,0.1,region_crc,segformer_b2_cityscapes,acdc_rain_targetcal25,1,
0.998,998,True,0.4444444444444444,0.4444444444444444,0.0050886692479252815,0.9431578947368421,27,37.0,0.10736842105263156,False,0.6153846153846154,0.0,0.0,,,0,rider,0.05,0.1,heuristic,segformer_b2_cityscapes,acdc_rain_targetcal25,1,
,-1,True,,0.7962962962962963,0.00027118768775835633,,475,,,False,,,,,,0,rider,0.05,0.1,argmax,segformer_b2_cityscapes,acdc_rain_targetcal25,1,0.8108108108108109
1.0,1000,False,0.0,0.0,1.0,0.9431578947368421,27,37.0,0.0,False,0.0,0.0,0.0,,,0,rider,0.1,0.1,region_crc,segformer_b2_cityscapes,acdc_rain_targetcal25,1,
0.998,998,True,0.4444444444444444,0.4444444444444444,0.0050886692479252815,0.9431578947368421,27,37.0,0.10736842105263156,False,0.6153846153846154,0.0,0.0,,,0,rider,0.1,0.1,heuristic,segformer_b2_cityscapes,acdc_rain_targetcal25,1,
,-1,True,,0.7962962962962963,0.00027118768775835633,,475,,,False,,,,,,0,rider,0.1,0.1,argmax,segformer_b2_cityscapes,acdc_rain_targetcal25,1,0.8108108108108109
1.0,1000,False,0.0,0.0,1.0,0.9431578947368421,27,37.0,0.0,False,0.0,0.0,0.0,,,0,rider,0.2,0.1,region_crc,segformer_b2_cityscapes,acdc_rain_targetcal25,1,
0.998,998,True,0.4444444444444444,0.4444444444444444,0.0050886692479252815,0.9431578947368421,27,37.0,0.10736842105263156,False,0.6153846153846154,0.0,0.0,,,0,rider,0.2,0.1,heuristic,segformer_b2_cityscapes,acdc_rain_targetcal25,1,
,-1,True,,0.7962962962962963,0.00027118768775835633,,475,,,False,,,,,,0,rider,0.2,0.1,argmax,segformer_b2_cityscapes,acdc_rain_targetcal25,1,0.8108108108108109
1.0,1000,False,0.0,0.0,1.0,0.9431578947368421,27,37.0,0.0,False,0.0,0.0,0.0,,,0,rider,0.05,0.5,region_crc,segformer_b2_cityscapes,acdc_rain_targetcal25,1,
1.0,1000,True,0.0,0.0,1.0,0.9431578947368421,27,37.0,0.0,False,0.0,0.0,0.0,,,0,rider,0.05,0.5,heuristic,segformer_b2_cityscapes,acdc_rain_targetcal25,1,
,-1,True,,0.8518518518518519,0.00027118768775835633,,475,,,False,,,,,,0,rider,0.05,0.5,argmax,segformer_b2_cityscapes,acdc_rain_targetcal25,1,0.8648648648648649
1.0,1000,False,0.0,0.0,1.0,0.9431578947368421,27,37.0,0.0,False,0.0,0.0,0.0,,,0,rider,0.1,0.5,region_crc,segformer_b2_cityscapes,acdc_rain_targetcal25,1,
1.0,1000,True,0.0,0.0,1.0,0.9431578947368421,27,37.0,0.0,False,0.0,0.0,0.0,,,0,rider,0.1,0.5,heuristic,segformer_b2_cityscapes,acdc_rain_targetcal25,1,
,-1,True,,0.8518518518518519,0.00027118768775835633,,475,,,False,,,,,,0,rider,0.1,0.5,argmax,segformer_b2_cityscapes,acdc_rain_targetcal25,1,0.8648648648648649
1.0,1000,False,0.0,0.0,1.0,0.9431578947368421,27,37.0,0.0,False,0.0,0.0,0.0,,,0,rider,0.2,0.5,region_crc,segformer_b2_cityscapes,acdc_rain_targetcal25,1,
1.0,1000,True,0.0,0.0,1.0,0.9431578947368421,27,37.0,0.0,False,0.0,0.0,0.0,,,0,rider,0.2,0.5,heuristic,segformer_b2_cityscapes,acdc_rain_targetcal25,1,
,-1,True,,0.8518518518518519,0.00027118768775835633,,475,,,False,,,,,,0,rider,0.2,0.5,argmax,segformer_b2_cityscapes,acdc_rain_targetcal25,1,0.8648648648648649
1.0,1000,False,0.0,0.0,1.0,0.8294736842105264,81,157.0,0.0,False,0.0,0.0,0.0,,,0,bicycle,0.05,0.1,region_crc,segformer_b2_cityscapes,acdc_rain_targetcal25,2,
0.999,999,True,0.21534391534391534,0.21534391534391534,0.018758155405521393,0.8294736842105264,81,157.0,0.1347368421052631,False,0.313953488372093,0.07017543859649122,0.0,,,0,bicycle,0.05,0.1,heuristic,segformer_b2_cityscapes,acdc_rain_targetcal25,2,
,-1,True,,0.7234861845972957,0.001192512339912355,,475,,,False,,,,,,0,bicycle,0.05,0.1,argmax,segformer_b2_cityscapes,acdc_rain_targetcal25,2,0.7070063694267515
1.0,1000,False,0.0,0.0,1.0,0.8294736842105264,81,157.0,0.0,False,0.0,0.0,0.0,,,0,bicycle,0.1,0.1,region_crc,segformer_b2_cityscapes,acdc_rain_targetcal25,2,
0.999,999,True,0.21534391534391534,0.21534391534391534,0.018758155405521393,0.8294736842105264,81,157.0,0.1347368421052631,False,0.313953488372093,0.07017543859649122,0.0,,,0,bicycle,0.1,0.1,heuristic,segformer_b2_cityscapes,acdc_rain_targetcal25,2,
,-1,True,,0.7234861845972957,0.001192512339912355,,475,,,False,,,,,,0,bicycle,0.1,0.1,argmax,segformer_b2_cityscapes,acdc_rain_targetcal25,2,0.7070063694267515
1.0,1000,False,0.0,0.0,1.0,0.8294736842105264,81,157.0,0.0,False,0.0,0.0,0.0,,,0,bicycle,0.2,0.1,region_crc,segformer_b2_cityscapes,acdc_rain_targetcal25,2,
0.999,999,True,0.21534391534391534,0.21534391534391534,0.018758155405521393,0.8294736842105264,81,157.0,0.1347368421052631,False,0.313953488372093,0.07017543859649122,0.0,,,0,bicycle,0.2,0.1,heuristic,segformer_b2_cityscapes,acdc_rain_targetcal25,2,
,-1,True,,0.7234861845972957,0.001192512339912355,,475,,,False,,,,,,0,bicycle,0.2,0.1,argmax,segformer_b2_cityscapes,acdc_rain_targetcal25,2,0.7070063694267515
1.0,1000,False,0.0,0.0,1.0,0.8294736842105264,81,157.0,0.0,False,0.0,0.0,0.0,,,0,bicycle,0.05,0.5,region_crc,segformer_b2_cityscapes,acdc_rain_targetcal25,2,
0.999,999,True,0.2900352733686067,0.2900352733686067,0.018758155405521393,0.8294736842105264,81,157.0,0.1347368421052631,False,0.4069767441860465,0.12280701754385964,0.0,,,0,bicycle,0.05,0.5,heuristic,segformer_b2_cityscapes,acdc_rain_targetcal25,2,
,-1,True,,0.7684597295708406,0.001192512339912355,,475,,,False,,,,,,0,bicycle,0.05,0.5,argmax,segformer_b2_cityscapes,acdc_rain_targetcal25,2,0.7515923566878981
1.0,1000,False,0.0,0.0,1.0,0.8294736842105264,81,157.0,0.0,False,0.0,0.0,0.0,,,0,bicycle,0.1,0.5,region_crc,segformer_b2_cityscapes,acdc_rain_targetcal25,2,
0.999,999,True,0.2900352733686067,0.2900352733686067,0.018758155405521393,0.8294736842105264,81,157.0,0.1347368421052631,False,0.4069767441860465,0.12280701754385964,0.0,,,0,bicycle,0.1,0.5,heuristic,segformer_b2_cityscapes,acdc_rain_targetcal25,2,
,-1,True,,0.7684597295708406,0.001192512339912355,,475,,,False,,,,,,0,bicycle,0.1,0.5,argmax,segformer_b2_cityscapes,acdc_rain_targetcal25,2,0.7515923566878981
1.0,1000,False,0.0,0.0,1.0,0.8294736842105264,81,157.0,0.0,False,0.0,0.0,0.0,,,0,bicycle,0.2,0.5,region_crc,segformer_b2_cityscapes,acdc_rain_targetcal25,2,
0.999,999,True,0.2900352733686067,0.2900352733686067,0.018758155405521393,0.8294736842105264,81,157.0,0.1347368421052631,False,0.4069767441860465,0.12280701754385964,0.0,,,0,bicycle,0.2,0.5,heuristic,segformer_b2_cityscapes,acdc_rain_targetcal25,2,
,-1,True,,0.7684597295708406,0.001192512339912355,,475,,,False,,,,,,0,bicycle,0.2,0.5,argmax,segformer_b2_cityscapes,acdc_rain_targetcal25,2,0.7515923566878981
1.0,1000,False,0.0,0.0,1.0,0.6631578947368421,160,317.0,0.0,False,0.0,0.0,0.0,,,1,person,0.05,0.1,region_crc,segformer_b2_cityscapes,acdc_rain_targetcal25,10,
0.9450000000000001,945,True,0.3549446733821734,0.3549446733821734,0.007005701772868633,7.212631578947368,160,317.0,0.09894736842105267,False,0.45,0.1826086956521739,0.0,,,1,person,0.05,0.1,heuristic,segformer_b2_cityscapes,acdc_rain_targetcal25,10,
,-1,True,,0.6404048382173382,0.001883764867670834,,475,,,False,,,,,,1,person,0.05,0.1,argmax,segformer_b2_cityscapes,acdc_rain_targetcal25,10,0.583596214511041
0.977,977,True,0.250446047008547,0.250446047008547,0.011084252037107944,9.76842105263158,160,317.0,0.09894736842105262,False,0.29444444444444445,0.14782608695652175,0.0,,,1,person,0.1,0.1,region_crc,segformer_b2_cityscapes,acdc_rain_targetcal25,10,
0.9450000000000001,945,True,0.3549446733821734,0.3549446733821734,0.007005701772868633,7.212631578947368,160,317.0,0.09894736842105267,False,0.45,0.1826086956521739,0.0,,,1,person,0.1,0.1,heuristic,segformer_b2_cityscapes,acdc_rain_targetcal25,10,
,-1,True,,0.6404048382173382,0.001883764867670834,,475,,,False,,,,,,1,person,0.1,0.1,argmax,segformer_b2_cityscapes,acdc_rain_targetcal25,10,0.583596214511041
0.9450000000000001,945,True,0.3549446733821734,0.3549446733821734,0.007005701772868633,7.212631578947368,160,317.0,0.09894736842105267,False,0.45,0.1826086956521739,0.0,,,1,person,0.2,0.1,region_crc,segformer_b2_cityscapes,acdc_rain_targetcal25,10,
0.934,934,True,0.38823794261294264,0.38823794261294264,0.006319224368780851,5.896842105263158,160,317.0,0.10526315789473684,False,0.5055555555555555,0.1826086956521739,0.0,,,1,person,0.2,0.1,heuristic,segformer_b2_cityscapes,acdc_rain_targetcal25,10,
,-1,True,,0.6404048382173382,0.001883764867670834,,475,,,False,,,,,,1,person,0.2,0.1,argmax,segformer_b2_cityscapes,acdc_rain_targetcal25,10,0.583596214511041
1.0,1000,False,0.0,0.0,1.0,0.6631578947368421,160,317.0,0.0,False,0.0,0.0,0.0,,,1,person,0.05,0.5,region_crc,segformer_b2_cityscapes,acdc_rain_targetcal25,10,
0.962,962,True,0.43452800671550673,0.43452800671550673,0.008566766045987606,7.212631578947368,160,317.0,0.09894736842105262,False,0.5222222222222223,0.22608695652173913,0.09090909090909091,,,1,person,0.05,0.5,heuristic,segformer_b2_cityscapes,acdc_rain_targetcal25,10,
,-1,True,,0.7438076159951159,0.001883764867670834,,475,,,False,,,,,,1,person,0.05,0.5,argmax,segformer_b2_cityscapes,acdc_rain_targetcal25,10,0.6908517350157729
0.99,990,True,0.2938434829059829,0.2938434829059829,0.016414444893598557,0.6631578947368421,160,317.0,0.16000000000000003,False,0.3277777777777778,0.19130434782608696,0.0,,,1,person,0.1,0.5,region_crc,segformer_b2_cityscapes,acdc_rain_targetcal25,10,
0.962,962,True,0.43452800671550673,0.43452800671550673,0.008566766045987606,7.212631578947368,160,317.0,0.09894736842105262,False,0.5222222222222223,0.22608695652173913,0.09090909090909091,,,1,person,0.1,0.5,heuristic,segformer_b2_cityscapes,acdc_rain_targetcal25,10,
,-1,True,,0.7438076159951159,0.001883764867670834,,475,,,False,,,,,,1,person,0.1,0.5,argmax,segformer_b2_cityscapes,acdc_rain_targetcal25,10,0.6908517350157729
0.962,962,True,0.43452800671550673,0.43452800671550673,0.008566766045987606,7.212631578947368,160,317.0,0.09894736842105262,False,0.5222222222222223,0.22608695652173913,0.09090909090909091,,,1,person,0.2,0.5,region_crc,segformer_b2_cityscapes,acdc_rain_targetcal25,10,
0.96,960,True,0.4370921092796093,0.4370921092796093,0.008337990380823612,7.212631578947368,160,317.0,0.09473684210526317,False,0.5333333333333333,0.22608695652173913,0.09090909090909091,,,1,person,0.2,0.5,heuristic,segformer_b2_cityscapes,acdc_rain_targetcal25,10,
,-1,True,,0.7438076159951159,0.001883764867670834,,475,,,False,,,,,,1,person,0.2,0.5,argmax,segformer_b2_cityscapes,acdc_rain_targetcal25,10,0.6908517350157729
,-1,False,,,,,475,,,False,,,,,,1,rider,0.05,0.1,region_crc,segformer_b2_cityscapes,acdc_rain_targetcal25,0,
,-1,False,,,,,475,,,False,,,,,,1,rider,0.05,0.1,heuristic,segformer_b2_cityscapes,acdc_rain_targetcal25,0,
,-1,True,,0.8035714285714286,0.00027122118626721203,,475,,,False,,,,,,1,rider,0.05,0.1,argmax,segformer_b2_cityscapes,acdc_rain_targetcal25,0,0.8157894736842105
,-1,False,,,,,475,,,False,,,,,,1,rider,0.1,0.1,region_crc,segformer_b2_cityscapes,acdc_rain_targetcal25,0,
,-1,False,,,,,475,,,False,,,,,,1,rider,0.1,0.1,heuristic,segformer_b2_cityscapes,acdc_rain_targetcal25,0,
,-1,True,,0.8035714285714286,0.00027122118626721203,,475,,,False,,,,,,1,rider,0.1,0.1,argmax,segformer_b2_cityscapes,acdc_rain_targetcal25,0,0.8157894736842105
,-1,False,,,,,475,,,False,,,,,,1,rider,0.2,0.1,region_crc,segformer_b2_cityscapes,acdc_rain_targetcal25,0,
,-1,False,,,,,475,,,False,,,,,,1,rider,0.2,0.1,heuristic,segformer_b2_cityscapes,acdc_rain_targetcal25,0,
,-1,True,,0.8035714285714286,0.00027122118626721203,,475,,,False,,,,,,1,rider,0.2,0.1,argmax,segformer_b2_cityscapes,acdc_rain_targetcal25,0,0.8157894736842105
,-1,False,,,,,475,,,False,,,,,,1,rider,0.05,0.5,region_crc,segformer_b2_cityscapes,acdc_rain_targetcal25,0,
,-1,False,,,,,475,,,False,,,,,,1,rider,0.05,0.5,heuristic,segformer_b2_cityscapes,acdc_rain_targetcal25,0,
,-1,True,,0.8571428571428571,0.00027122118626721203,,475,,,False,,,,,,1,rider,0.05,0.5,argmax,segformer_b2_cityscapes,acdc_rain_targetcal25,0,0.868421052631579
,-1,False,,,,,475,,,False,,,,,,1,rider,0.1,0.5,region_crc,segformer_b2_cityscapes,acdc_rain_targetcal25,0,
,-1,False,,,,,475,,,False,,,,,,1,rider,0.1,0.5,heuristic,segformer_b2_cityscapes,acdc_rain_targetcal25,0,
,-1,True,,0.8571428571428571,0.00027122118626721203,,475,,,False,,,,,,1,rider,0.1,0.5,argmax,segformer_b2_cityscapes,acdc_rain_targetcal25,0,0.868421052631579
,-1,False,,,,,475,,,False,,,,,,1,rider,0.2,0.5,region_crc,segformer_b2_cityscapes,acdc_rain_targetcal25,0,
,-1,False,,,,,475,,,False,,,,,,1,rider,0.2,0.5,heuristic,segformer_b2_cityscapes,acdc_rain_targetcal25,0,
,-1,True,,0.8571428571428571,0.00027122118626721203,,475,,,False,,,,,,1,rider,0.2,0.5,argmax,segformer_b2_cityscapes,acdc_rain_targetcal25,0,0.868421052631579
1.0,1000,False,0.0,0.0,1.0,0.8357894736842105,78,152.0,0.0,False,0.0,0.0,0.0,,,1,bicycle,0.05,0.1,region_crc,segformer_b2_cityscapes,acdc_rain_targetcal25,5,
1.0,1000,True,0.0,0.0,1.0,0.8357894736842105,78,152.0,0.0,False,0.0,0.0,0.0,,,1,bicycle,0.05,0.1,heuristic,segformer_b2_cityscapes,acdc_rain_targetcal25,5,
,-1,True,,0.7256715506715506,0.0011829780414700508,,475,,,False,,,,,,1,bicycle,0.05,0.1,argmax,segformer_b2_cityscapes,acdc_rain_targetcal25,5,0.7039473684210527
1.0,1000,False,0.0,0.0,1.0,0.8357894736842105,78,152.0,0.0,False,0.0,0.0,0.0,,,1,bicycle,0.1,0.1,region_crc,segformer_b2_cityscapes,acdc_rain_targetcal25,5,
1.0,1000,True,0.0,0.0,1.0,0.8357894736842105,78,152.0,0.0,False,0.0,0.0,0.0,,,1,bicycle,0.1,0.1,heuristic,segformer_b2_cityscapes,acdc_rain_targetcal25,5,
,-1,True,,0.7256715506715506,0.0011829780414700508,,475,,,False,,,,,,1,bicycle,0.1,0.1,argmax,segformer_b2_cityscapes,acdc_rain_targetcal25,5,0.7039473684210527
1.0,1000,True,0.0,0.0,1.0,0.8357894736842105,78,152.0,0.0,False,0.0,0.0,0.0,,,1,bicycle,0.2,0.1,region_crc,segformer_b2_cityscapes,acdc_rain_targetcal25,5,
0.97,970,True,0.47539682539682543,0.47539682539682543,0.003873588517308235,3.6778947368421053,78,152.0,0.09052631578947368,False,0.6265060240963856,0.26785714285714285,0.0,,,1,bicycle,0.2,0.1,heuristic,segformer_b2_cityscapes,acdc_rain_targetcal25,5,
,-1,True,,0.7256715506715506,0.0011829780414700508,,475,,,False,,,,,,1,bicycle,0.2,0.1,argmax,segformer_b2_cityscapes,acdc_rain_targetcal25,5,0.7039473684210527
1.0,1000,False,0.0,0.0,1.0,0.8357894736842105,78,152.0,0.0,False,0.0,0.0,0.0,,,1,bicycle,0.05,0.5,region_crc,segformer_b2_cityscapes,acdc_rain_targetcal25,5,
1.0,1000,True,0.0,0.0,1.0,0.8357894736842105,78,152.0,0.0,False,0.0,0.0,0.0,,,1,bicycle,0.05,0.5,heuristic,segformer_b2_cityscapes,acdc_rain_targetcal25,5,
,-1,True,,0.7723748473748474,0.0011829780414700508,,475,,,False,,,,,,1,bicycle,0.05,0.5,argmax,segformer_b2_cityscapes,acdc_rain_targetcal25,5,0.75
1.0,1000,False,0.0,0.0,1.0,0.8357894736842105,78,152.0,0.0,False,0.0,0.0,0.0,,,1,bicycle,0.1,0.5,region_crc,segformer_b2_cityscapes,acdc_rain_targetcal25,5,
1.0,1000,True,0.0,0.0,1.0,0.8357894736842105,78,152.0,0.0,False,0.0,0.0,0.0,,,1,bicycle,0.1,0.5,heuristic,segformer_b2_cityscapes,acdc_rain_targetcal25,5,
,-1,True,,0.7723748473748474,0.0011829780414700508,,475,,,False,,,,,,1,bicycle,0.1,0.5,argmax,segformer_b2_cityscapes,acdc_rain_targetcal25,5,0.75
1.0,1000,True,0.0,0.0,1.0,0.8357894736842105,78,152.0,0.0,False,0.0,0.0,0.0,,,1,bicycle,0.2,0.5,region_crc,segformer_b2_cityscapes,acdc_rain_targetcal25,5,
0.994,994,True,0.4219780219780219,0.4219780219780219,0.008318652398884296,0.8357894736842105,78,152.0,0.12631578947368416,False,0.5783132530120482,0.26785714285714285,0.0,,,1,bicycle,0.2,0.5,heuristic,segformer_b2_cityscapes,acdc_rain_targetcal25,5,
,-1,True,,0.7723748473748474,0.0011829780414700508,,475,,,False,,,,,,1,bicycle,0.2,0.5,argmax,segformer_b2_cityscapes,acdc_rain_targetcal25,5,0.75
1.0,1000,False,0.0,0.0,1.0,0.6568421052631579,163,320.0,0.0,False,0.0,0.0,0.0,,,2,person,0.05,0.1,region_crc,segformer_b2_cityscapes,acdc_rain_targetcal25,7,
1.0,1000,True,0.0,0.0,1.0,0.6568421052631579,163,320.0,0.0,False,0.0,0.0,0.0,,,2,person,0.05,0.1,heuristic,segformer_b2_cityscapes,acdc_rain_targetcal25,7,
,-1,True,,0.6470231540783689,0.0018502912716940045,,475,,,False,,,,,,2,person,0.05,0.1,argmax,segformer_b2_cityscapes,acdc_rain_targetcal25,7,0.584375
1.0,1000,False,0.0,0.0,1.0,0.6568421052631579,163,320.0,0.0,False,0.0,0.0,0.0,,,2,person,0.1,0.1,region_crc,segformer_b2_cityscapes,acdc_rain_targetcal25,7,
0.995,995,True,0.11267893660531697,0.11267893660531697,0.02208452858030796,0.6568421052631579,163,320.0,0.12210526315789472,False,0.12568306010928962,0.06837606837606838,0.0,,,2,person,0.1,0.1,heuristic,segformer_b2_cityscapes,acdc_rain_targetcal25,7,
,-1,True,,0.6470231540783689,0.0018502912716940045,,475,,,False,,,,,,2,person,0.1,0.1,argmax,segformer_b2_cityscapes,acdc_rain_targetcal25,7,0.584375
0.995,995,True,0.11267893660531697,0.11267893660531697,0.02208452858030796,0.6568421052631579,163,320.0,0.12210526315789472,False,0.12568306010928962,0.06837606837606838,0.0,,,2,person,0.2,0.1,region_crc,segformer_b2_cityscapes,acdc_rain_targetcal25,7,
0.86,860,True,0.5214416803373858,0.5214416803373858,0.003943463321775198,3.9726315789473685,163,320.0,0.15999999999999998,False,0.6502732240437158,0.23076923076923078,0.05,,,2,person,0.2,0.1,heuristic,segformer_b2_cityscapes,acdc_rain_targetcal25,7,
,-1,True,,0.6470231540783689,0.0018502912716940045,,475,,,False,,,,,,2,person,0.2,0.1,argmax,segformer_b2_cityscapes,acdc_rain_targetcal25,7,0.584375
1.0,1000,False,0.0,0.0,1.0,0.6568421052631579,163,320.0,0.0,False,0.0,0.0,0.0,,,2,person,0.05,0.5,region_crc,segformer_b2_cityscapes,acdc_rain_targetcal25,7,
1.0,1000,True,0.0,0.0,1.0,0.6568421052631579,163,320.0,0.0,False,0.0,0.0,0.0,,,2,person,0.05,0.5,heuristic,segformer_b2_cityscapes,acdc_rain_targetcal25,7,
,-1,True,,0.7510790504655536,0.0018502912716940045,,475,,,False,,,,,,2,person,0.05,0.5,argmax,segformer_b2_cityscapes,acdc_rain_targetcal25,7,0.69375
1.0,1000,False,0.0,0.0,1.0,0.6568421052631579,163,320.0,0.0,False,0.0,0.0,0.0,,,2,person,0.1,0.5,region_crc,segformer_b2_cityscapes,acdc_rain_targetcal25,7,
0.998,998,True,0.11186094069529653,0.11186094069529653,0.032125286757946014,0.6568421052631579,163,320.0,0.11999999999999994,False,0.12021857923497267,0.07692307692307693,0.0,,,2,person,0.1,0.5,heuristic,segformer_b2_cityscapes,acdc_rain_targetcal25,7,
,-1,True,,0.7510790504655536,0.0018502912716940045,,475,,,False,,,,,,2,person,0.1,0.5,argmax,segformer_b2_cityscapes,acdc_rain_targetcal25,7,0.69375
0.998,998,True,0.11186094069529653,0.11186094069529653,0.032125286757946014,0.6568421052631579,163,320.0,0.11999999999999994,False,0.12021857923497267,0.07692307692307693,0.0,,,2,person,0.2,0.5,region_crc,segformer_b2_cityscapes,acdc_rain_targetcal25,7,
0.975,975,True,0.3854262642606201,0.38542626426062004,0.010497699491679668,9.785263157894736,163,320.0,0.14526315789473687,False,0.453551912568306,0.20512820512820512,0.05,,,2,person,0.2,0.5,heuristic,segformer_b2_cityscapes,acdc_rain_targetcal25,7,
,-1,True,,0.7510790504655536,0.0018502912716940045,,475,,,False,,,,,,2,person,0.2,0.5,argmax,segformer_b2_cityscapes,acdc_rain_targetcal25,7,0.69375
1.0,1000,False,0.0,0.0,1.0,0.9494736842105264,24,33.0,0.0,False,0.0,0.0,0.0,,,2,rider,0.05,0.1,region_crc,segformer_b2_cityscapes,acdc_rain_targetcal25,4,
1.0,1000,True,0.0,0.0,1.0,0.9494736842105264,24,33.0,0.0,False,0.0,0.0,0.0,,,2,rider,0.05,0.1,heuristic,segformer_b2_cityscapes,acdc_rain_targetcal25,4,
,-1,True,,0.8541666666666666,0.0002381101658102125,,475,,,False,,,,,,2,rider,0.05,0.1,argmax,segformer_b2_cityscapes,acdc_rain_targetcal25,4,0.8484848484848485
1.0,1000,False,0.0,0.0,1.0,0.9494736842105264,24,33.0,0.0,False,0.0,0.0,0.0,,,2,rider,0.1,0.1,region_crc,segformer_b2_cityscapes,acdc_rain_targetcal25,4,
1.0,1000,True,0.0,0.0,1.0,0.9494736842105264,24,33.0,0.0,False,0.0,0.0,0.0,,,2,rider,0.1,0.1,heuristic,segformer_b2_cityscapes,acdc_rain_targetcal25,4,
,-1,True,,0.8541666666666666,0.0002381101658102125,,475,,,False,,,,,,2,rider,0.1,0.1,argmax,segformer_b2_cityscapes,acdc_rain_targetcal25,4,0.8484848484848485
1.0,1000,True,0.0,0.0,1.0,0.9494736842105264,24,33.0,0.0,False,0.0,0.0,0.0,,,2,rider,0.2,0.1,region_crc,segformer_b2_cityscapes,acdc_rain_targetcal25,4,
1.0,1000,True,0.0,0.0,1.0,0.9494736842105264,24,33.0,0.0,False,0.0,0.0,0.0,,,2,rider,0.2,0.1,heuristic,segformer_b2_cityscapes,acdc_rain_targetcal25,4,
,-1,True,,0.8541666666666666,0.0002381101658102125,,475,,,False,,,,,,2,rider,0.2,0.1,argmax,segformer_b2_cityscapes,acdc_rain_targetcal25,4,0.8484848484848485
1.0,1000,False,0.0,0.0,1.0,0.9494736842105264,24,33.0,0.0,False,0.0,0.0,0.0,,,2,rider,0.05,0.5,region_crc,segformer_b2_cityscapes,acdc_rain_targetcal25,4,
1.0,1000,True,0.0,0.0,1.0,0.9494736842105264,24,33.0,0.0,False,0.0,0.0,0.0,,,2,rider,0.05,0.5,heuristic,segformer_b2_cityscapes,acdc_rain_targetcal25,4,
,-1,True,,0.9166666666666666,0.0002381101658102125,,475,,,False,,,,,,2,rider,0.05,0.5,argmax,segformer_b2_cityscapes,acdc_rain_targetcal25,4,0.9090909090909091
1.0,1000,False,0.0,0.0,1.0,0.9494736842105264,24,33.0,0.0,False,0.0,0.0,0.0,,,2,rider,0.1,0.5,region_crc,segformer_b2_cityscapes,acdc_rain_targetcal25,4,
1.0,1000,True,0.0,0.0,1.0,0.9494736842105264,24,33.0,0.0,False,0.0,0.0,0.0,,,2,rider,0.1,0.5,heuristic,segformer_b2_cityscapes,acdc_rain_targetcal25,4,
,-1,True,,0.9166666666666666,0.0002381101658102125,,475,,,False,,,,,,2,rider,0.1,0.5,argmax,segformer_b2_cityscapes,acdc_rain_targetcal25,4,0.9090909090909091
1.0,1000,True,0.0,0.0,1.0,0.9494736842105264,24,33.0,0.0,False,0.0,0.0,0.0,,,2,rider,0.2,0.5,region_crc,segformer_b2_cityscapes,acdc_rain_targetcal25,4,
1.0,1000,True,0.0,0.0,1.0,0.9494736842105264,24,33.0,0.0,False,0.0,0.0,0.0,,,2,rider,0.2,0.5,heuristic,segformer_b2_cityscapes,acdc_rain_targetcal25,4,
,-1,True,,0.9166666666666666,0.0002381101658102125,,475,,,False,,,,,,2,rider,0.2,0.5,argmax,segformer_b2_cityscapes,acdc_rain_targetcal25,4,0.9090909090909091
1.0,1000,False,0.0,0.0,1.0,0.84,76,145.0,0.0,False,0.0,0.0,0.0,,,2,bicycle,0.05,0.1,region_crc,segformer_b2_cityscapes,acdc_rain_targetcal25,7,
1.0,1000,True,0.0,0.0,1.0,0.84,76,145.0,0.0,False,0.0,0.0,0.0,,,2,bicycle,0.05,0.1,heuristic,segformer_b2_cityscapes,acdc_rain_targetcal25,7,
,-1,True,,0.7447681704260652,0.0011132594663649797,,475,,,False,,,,,,2,bicycle,0.05,0.1,argmax,segformer_b2_cityscapes,acdc_rain_targetcal25,7,0.7241379310344828
1.0,1000,False,0.0,0.0,1.0,0.84,76,145.0,0.0,False,0.0,0.0,0.0,,,2,bicycle,0.1,0.1,region_crc,segformer_b2_cityscapes,acdc_rain_targetcal25,7,
1.0,1000,True,0.0,0.0,1.0,0.84,76,145.0,0.0,False,0.0,0.0,0.0,,,2,bicycle,0.1,0.1,heuristic,segformer_b2_cityscapes,acdc_rain_targetcal25,7,
,-1,True,,0.7447681704260652,0.0011132594663649797,,475,,,False,,,,,,2,bicycle,0.1,0.1,argmax,segformer_b2_cityscapes,acdc_rain_targetcal25,7,0.7241379310344828
1.0,1000,True,0.0,0.0,1.0,0.84,76,145.0,0.0,False,0.0,0.0,0.0,,,2,bicycle,0.2,0.1,region_crc,segformer_b2_cityscapes,acdc_rain_targetcal25,7,
0.988,988,True,0.39147869674185465,0.39147869674185465,0.005843047518283129,0.84,76,145.0,0.16000000000000003,False,0.5384615384615384,0.2037037037037037,0.0,,,2,bicycle,0.2,0.1,heuristic,segformer_b2_cityscapes,acdc_rain_targetcal25,7,
,-1,True,,0.7447681704260652,0.0011132594663649797,,475,,,False,,,,,,2,bicycle,0.2,0.1,argmax,segformer_b2_cityscapes,acdc_rain_targetcal25,7,0.7241379310344828
1.0,1000,False,0.0,0.0,1.0,0.84,76,145.0,0.0,False,0.0,0.0,0.0,,,2,bicycle,0.05,0.5,region_crc,segformer_b2_cityscapes,acdc_rain_targetcal25,7,
1.0,1000,True,0.0,0.0,1.0,0.84,76,145.0,0.0,False,0.0,0.0,0.0,,,2,bicycle,0.05,0.5,heuristic,segformer_b2_cityscapes,acdc_rain_targetcal25,7,
,-1,True,,0.7839285714285714,0.0011132594663649797,,475,,,False,,,,,,2,bicycle,0.05,0.5,argmax,segformer_b2_cityscapes,acdc_rain_targetcal25,7,0.7586206896551724
1.0,1000,False,0.0,0.0,1.0,0.84,76,145.0,0.0,False,0.0,0.0,0.0,,,2,bicycle,0.1,0.5,region_crc,segformer_b2_cityscapes,acdc_rain_targetcal25,7,
1.0,1000,True,0.0,0.0,1.0,0.84,76,145.0,0.0,False,0.0,0.0,0.0,,,2,bicycle,0.1,0.5,heuristic,segformer_b2_cityscapes,acdc_rain_targetcal25,7,
,-1,True,,0.7839285714285714,0.0011132594663649797,,475,,,False,,,,,,2,bicycle,0.1,0.5,argmax,segformer_b2_cityscapes,acdc_rain_targetcal25,7,0.7586206896551724
1.0,1000,True,0.0,0.0,1.0,0.84,76,145.0,0.0,False,0.0,0.0,0.0,,,2,bicycle,0.2,0.5,region_crc,segformer_b2_cityscapes,acdc_rain_targetcal25,7,
0.994,994,True,0.43308270676691724,0.43308270676691724,0.008187525905668736,0.84,76,145.0,0.11789473684210527,False,0.5769230769230769,0.2962962962962963,0.0,,,2,bicycle,0.2,0.5,heuristic,segformer_b2_cityscapes,acdc_rain_targetcal25,7,
,-1,True,,0.7839285714285714,0.0011132594663649797,,475,,,False,,,,,,2,bicycle,0.2,0.5,argmax,segformer_b2_cityscapes,acdc_rain_targetcal25,7,0.7586206896551724
1.0,1000,False,0.0,0.0,1.0,0.6610526315789473,161,320.0,0.0,False,0.0,0.0,0.0,,,3,person,0.05,0.1,region_crc,segformer_b2_cityscapes,acdc_rain_targetcal25,9,
1.0,1000,True,0.0,0.0,1.0,0.6610526315789473,161,320.0,0.0,False,0.0,0.0,0.0,,,3,person,0.05,0.1,heuristic,segformer_b2_cityscapes,acdc_rain_targetcal25,9,
,-1,True,,0.6255576031973548,0.0019401072058826685,,475,,,False,,,,,,3,person,0.05,0.1,argmax,segformer_b2_cityscapes,acdc_rain_targetcal25,9,0.565625
1.0,1000,True,0.0,0.0,1.0,0.6610526315789473,161,320.0,0.0,False,0.0,0.0,0.0,,,3,person,0.1,0.1,region_crc,segformer_b2_cityscapes,acdc_rain_targetcal25,9,
1.0,1000,True,0.0,0.0,1.0,0.6610526315789473,161,320.0,0.0,False,0.0,0.0,0.0,,,3,person,0.1,0.1,heuristic,segformer_b2_cityscapes,acdc_rain_targetcal25,9,
,-1,True,,0.6255576031973548,0.0019401072058826685,,475,,,False,,,,,,3,person,0.1,0.1,argmax,segformer_b2_cityscapes,acdc_rain_targetcal25,9,0.565625
1.0,1000,True,0.0,0.0,1.0,0.6610526315789473,161,320.0,0.0,False,0.0,0.0,0.0,,,3,person,0.2,0.1,region_crc,segformer_b2_cityscapes,acdc_rain_targetcal25,9,
0.993,993,True,0.1272256728778468,0.12722567287784678,0.019516395404934883,0.6610526315789473,161,320.0,0.3031578947368422,False,0.15300546448087432,0.07017543859649122,0.0,,,3,person,0.2,0.1,heuristic,segformer_b2_cityscapes,acdc_rain_targetcal25,9,
,-1,True,,0.6255576031973548,0.0019401072058826685,,475,,,False,,,,,,3,person,0.2,0.1,argmax,segformer_b2_cityscapes,acdc_rain_targetcal25,9,0.565625
1.0,1000,False,0.0,0.0,1.0,0.6610526315789473,161,320.0,0.0,False,0.0,0.0,0.0,,,3,person,0.05,0.5,region_crc,segformer_b2_cityscapes,acdc_rain_targetcal25,9,
1.0,1000,True,0.0,0.0,1.0,0.6610526315789473,161,320.0,0.0,False,0.0,0.0,0.0,,,3,person,0.05,0.5,heuristic,segformer_b2_cityscapes,acdc_rain_targetcal25,9,
,-1,True,,0.734011709477548,0.0019401072058826685,,475,,,False,,,,,,3,person,0.05,0.5,argmax,segformer_b2_cityscapes,acdc_rain_targetcal25,9,0.68125
1.0,1000,True,0.0,0.0,1.0,0.6610526315789473,161,320.0,0.0,False,0.0,0.0,0.0,,,3,person,0.1,0.5,region_crc,segformer_b2_cityscapes,acdc_rain_targetcal25,9,
1.0,1000,True,0.0,0.0,1.0,0.6610526315789473,161,320.0,0.0,False,0.0,0.0,0.0,,,3,person,0.1,0.5,heuristic,segformer_b2_cityscapes,acdc_rain_targetcal25,9,
,-1,True,,0.734011709477548,0.0019401072058826685,,475,,,False,,,,,,3,person,0.1,0.5,argmax,segformer_b2_cityscapes,acdc_rain_targetcal25,9,0.68125
1.0,1000,True,0.0,0.0,1.0,0.6610526315789473,161,320.0,0.0,False,0.0,0.0,0.0,,,3,person,0.2,0.5,region_crc,segformer_b2_cityscapes,acdc_rain_targetcal25,9,
0.996,996,True,0.1484472049689441,0.1484472049689441,0.024783369153738022,0.6610526315789473,161,320.0,0.27999999999999997,False,0.16939890710382513,0.08771929824561403,0.0,,,3,person,0.2,0.5,heuristic,segformer_b2_cityscapes,acdc_rain_targetcal25,9,
,-1,True,,0.734011709477548,0.0019401072058826685,,475,,,False,,,,,,3,person,0.2,0.5,argmax,segformer_b2_cityscapes,acdc_rain_targetcal25,9,0.68125
1.0,1000,False,0.0,0.0,1.0,0.9431578947368421,27,36.0,0.0,False,0.0,0.0,0.0,,,3,rider,0.05,0.1,region_crc,segformer_b2_cityscapes,acdc_rain_targetcal25,1,
0.998,998,True,0.4444444444444444,0.4444444444444444,0.005165031645447016,0.9431578947368421,27,36.0,0.3073684210526316,False,0.6153846153846154,0.0,0.0,,,3,rider,0.05,0.1,heuristic,segformer_b2_cityscapes,acdc_rain_targetcal25,1,
,-1,True,,0.7962962962962963,0.00028120531351305544,,475,,,False,,,,,,3,rider,0.05,0.1,argmax,segformer_b2_cityscapes,acdc_rain_targetcal25,1,0.8055555555555556
1.0,1000,False,0.0,0.0,1.0,0.9431578947368421,27,36.0,0.0,False,0.0,0.0,0.0,,,3,rider,0.1,0.1,region_crc,segformer_b2_cityscapes,acdc_rain_targetcal25,1,
0.998,998,True,0.4444444444444444,0.4444444444444444,0.005165031645447016,0.9431578947368421,27,36.0,0.3073684210526316,False,0.6153846153846154,0.0,0.0,,,3,rider,0.1,0.1,heuristic,segformer_b2_cityscapes,acdc_rain_targetcal25,1,
,-1,True,,0.7962962962962963,0.00028120531351305544,,475,,,False,,,,,,3,rider,0.1,0.1,argmax,segformer_b2_cityscapes,acdc_rain_targetcal25,1,0.8055555555555556
1.0,1000,False,0.0,0.0,1.0,0.9431578947368421,27,36.0,0.0,False,0.0,0.0,0.0,,,3,rider,0.2,0.1,region_crc,segformer_b2_cityscapes,acdc_rain_targetcal25,1,
0.998,998,True,0.4444444444444444,0.4444444444444444,0.005165031645447016,0.9431578947368421,27,36.0,0.3073684210526316,False,0.6153846153846154,0.0,0.0,,,3,rider,0.2,0.1,heuristic,segformer_b2_cityscapes,acdc_rain_targetcal25,1,
,-1,True,,0.7962962962962963,0.00028120531351305544,,475,,,False,,,,,,3,rider,0.2,0.1,argmax,segformer_b2_cityscapes,acdc_rain_targetcal25,1,0.8055555555555556
1.0,1000,False,0.0,0.0,1.0,0.9431578947368421,27,36.0,0.0,False,0.0,0.0,0.0,,,3,rider,0.05,0.5,region_crc,segformer_b2_cityscapes,acdc_rain_targetcal25,1,
0.999,999,True,0.5061728395061729,0.5061728395061729,0.0071228849701583385,0.9431578947368421,27,36.0,0.36,True,0.6153846153846154,0.2,0.0,,,3,rider,0.05,0.5,heuristic,segformer_b2_cityscapes,acdc_rain_targetcal25,1,
,-1,True,,0.8518518518518519,0.00028120531351305544,,475,,,False,,,,,,3,rider,0.05,0.5,argmax,segformer_b2_cityscapes,acdc_rain_targetcal25,1,0.8611111111111112
1.0,1000,False,0.0,0.0,1.0,0.9431578947368421,27,36.0,0.0,False,0.0,0.0,0.0,,,3,rider,0.1,0.5,region_crc,segformer_b2_cityscapes,acdc_rain_targetcal25,1,
0.999,999,True,0.5061728395061729,0.5061728395061729,0.0071228849701583385,0.9431578947368421,27,36.0,0.36,True,0.6153846153846154,0.2,0.0,,,3,rider,0.1,0.5,heuristic,segformer_b2_cityscapes,acdc_rain_targetcal25,1,
,-1,True,,0.8518518518518519,0.00028120531351305544,,475,,,False,,,,,,3,rider,0.1,0.5,argmax,segformer_b2_cityscapes,acdc_rain_targetcal25,1,0.8611111111111112
1.0,1000,False,0.0,0.0,1.0,0.9431578947368421,27,36.0,0.0,False,0.0,0.0,0.0,,,3,rider,0.2,0.5,region_crc,segformer_b2_cityscapes,acdc_rain_targetcal25,1,
0.999,999,True,0.5061728395061729,0.5061728395061729,0.0071228849701583385,0.9431578947368421,27,36.0,0.36,True,0.6153846153846154,0.2,0.0,,,3,rider,0.2,0.5,heuristic,segformer_b2_cityscapes,acdc_rain_targetcal25,1,
,-1,True,,0.8518518518518519,0.00028120531351305544,,475,,,False,,,,,,3,rider,0.2,0.5,argmax,segformer_b2_cityscapes,acdc_rain_targetcal25,1,0.8611111111111112
1.0,1000,False,0.0,0.0,1.0,0.8357894736842105,78,152.0,0.0,False,0.0,0.0,0.0,,,3,bicycle,0.05,0.1,region_crc,segformer_b2_cityscapes,acdc_rain_targetcal25,5,
0.999,999,True,0.22362637362637364,0.22362637362637364,0.018978901207447052,0.8357894736842105,78,152.0,0.2042105263157895,False,0.3253012048192771,0.07272727272727272,0.0,,,3,bicycle,0.05,0.1,heuristic,segformer_b2_cityscapes,acdc_rain_targetcal25,5,
,-1,True,,0.7128510378510379,0.0012021797010675073,,475,,,False,,,,,,3,bicycle,0.05,0.1,argmax,segformer_b2_cityscapes,acdc_rain_targetcal25,5,0.6973684210526315
1.0,1000,False,0.0,0.0,1.0,0.8357894736842105,78,152.0,0.0,False,0.0,0.0,0.0,,,3,bicycle,0.1,0.1,region_crc,segformer_b2_cityscapes,acdc_rain_targetcal25,5,
0.999,999,True,0.22362637362637364,0.22362637362637364,0.018978901207447052,0.8357894736842105,78,152.0,0.2042105263157895,False,0.3253012048192771,0.07272727272727272,0.0,,,3,bicycle,0.1,0.1,heuristic,segformer_b2_cityscapes,acdc_rain_targetcal25,5,
,-1,True,,0.7128510378510379,0.0012021797010675073,,475,,,False,,,,,,3,bicycle,0.1,0.1,argmax,segformer_b2_cityscapes,acdc_rain_targetcal25,5,0.6973684210526315
0.999,999,True,0.22362637362637364,0.22362637362637364,0.018978901207447052,0.8357894736842105,78,152.0,0.2042105263157895,False,0.3253012048192771,0.07272727272727272,0.0,,,3,bicycle,0.2,0.1,region_crc,segformer_b2_cityscapes,acdc_rain_targetcal25,5,
0.97,970,True,0.47539682539682543,0.47539682539682543,0.003949188627302647,3.7263157894736842,78,152.0,0.1852631578947369,False,0.6144578313253012,0.2909090909090909,0.0,,,3,bicycle,0.2,0.1,heuristic,segformer_b2_cityscapes,acdc_rain_targetcal25,5,
,-1,True,,0.7128510378510379,0.0012021797010675073,,475,,,False,,,,,,3,bicycle,0.2,0.1,argmax,segformer_b2_cityscapes,acdc_rain_targetcal25,5,0.6973684210526315
1.0,1000,False,0.0,0.0,1.0,0.8357894736842105,78,152.0,0.0,False,0.0,0.0,0.0,,,3,bicycle,0.05,0.5,region_crc,segformer_b2_cityscapes,acdc_rain_targetcal25,5,
1.0,1000,True,0.0,0.0,1.0,0.8357894736842105,78,152.0,0.0,False,0.0,0.0,0.0,,,3,bicycle,0.05,0.5,heuristic,segformer_b2_cityscapes,acdc_rain_targetcal25,5,
,-1,True,,0.7595543345543345,0.0012021797010675073,,475,,,False,,,,,,3,bicycle,0.05,0.5,argmax,segformer_b2_cityscapes,acdc_rain_targetcal25,5,0.743421052631579
1.0,1000,False,0.0,0.0,1.0,0.8357894736842105,78,152.0,0.0,False,0.0,0.0,0.0,,,3,bicycle,0.1,0.5,region_crc,segformer_b2_cityscapes,acdc_rain_targetcal25,5,
1.0,1000,True,0.0,0.0,1.0,0.8357894736842105,78,152.0,0.0,False,0.0,0.0,0.0,,,3,bicycle,0.1,0.5,heuristic,segformer_b2_cityscapes,acdc_rain_targetcal25,5,
,-1,True,,0.7595543345543345,0.0012021797010675073,,475,,,False,,,,,,3,bicycle,0.1,0.5,argmax,segformer_b2_cityscapes,acdc_rain_targetcal25,5,0.743421052631579
1.0,1000,True,0.0,0.0,1.0,0.8357894736842105,78,152.0,0.0,False,0.0,0.0,0.0,,,3,bicycle,0.2,0.5,region_crc,segformer_b2_cityscapes,acdc_rain_targetcal25,5,
0.994,994,True,0.4219780219780219,0.4219780219780219,0.008436030708253384,0.8357894736842105,78,152.0,0.19789473684210523,False,0.5662650602409639,0.2909090909090909,0.0,,,3,bicycle,0.2,0.5,heuristic,segformer_b2_cityscapes,acdc_rain_targetcal25,5,
,-1,True,,0.7595543345543345,0.0012021797010675073,,475,,,False,,,,,,3,bicycle,0.2,0.5,argmax,segformer_b2_cityscapes,acdc_rain_targetcal25,5,0.743421052631579
1.0,1000,False,0.0,0.0,1.0,0.6610526315789473,161,321.0,0.0,False,0.0,0.0,0.0,,,4,person,0.05,0.1,region_crc,segformer_b2_cityscapes,acdc_rain_targetcal25,9,
1.0,1000,True,0.0,0.0,1.0,0.6610526315789473,161,321.0,0.0,False,0.0,0.0,0.0,,,4,person,0.05,0.1,heuristic,segformer_b2_cityscapes,acdc_rain_targetcal25,9,
,-1,True,,0.6281455949157811,0.0018935124389827251,,475,,,False,,,,,,4,person,0.05,0.1,argmax,segformer_b2_cityscapes,acdc_rain_targetcal25,9,0.5700934579439252
1.0,1000,True,0.0,0.0,1.0,0.6610526315789473,161,321.0,0.0,False,0.0,0.0,0.0,,,4,person,0.1,0.1,region_crc,segformer_b2_cityscapes,acdc_rain_targetcal25,9,
1.0,1000,True,0.0,0.0,1.0,0.6610526315789473,161,321.0,0.0,False,0.0,0.0,0.0,,,4,person,0.1,0.1,heuristic,segformer_b2_cityscapes,acdc_rain_targetcal25,9,
,-1,True,,0.6281455949157811,0.0018935124389827251,,475,,,False,,,,,,4,person,0.1,0.1,argmax,segformer_b2_cityscapes,acdc_rain_targetcal25,9,0.5700934579439252
0.994,994,True,0.12826086956521737,0.12826086956521737,0.020530402660369873,0.6610526315789473,161,321.0,0.08842105263157896,False,0.15555555555555556,0.07563025210084033,0.0,,,4,person,0.2,0.1,region_crc,segformer_b2_cityscapes,acdc_rain_targetcal25,9,
0.993,993,True,0.1303312629399586,0.1303312629399586,0.019177880138158798,0.6610526315789473,161,321.0,0.08000000000000007,False,0.16111111111111112,0.07563025210084033,0.0,,,4,person,0.2,0.1,heuristic,segformer_b2_cityscapes,acdc_rain_targetcal25,9,
,-1,True,,0.6281455949157811,0.0018935124389827251,,475,,,False,,,,,,4,person,0.2,0.1,argmax,segformer_b2_cityscapes,acdc_rain_targetcal25,9,0.5700934579439252
1.0,1000,False,0.0,0.0,1.0,0.6610526315789473,161,321.0,0.0,False,0.0,0.0,0.0,,,4,person,0.05,0.5,region_crc,segformer_b2_cityscapes,acdc_rain_targetcal25,9,
1.0,1000,True,0.0,0.0,1.0,0.6610526315789473,161,321.0,0.0,False,0.0,0.0,0.0,,,4,person,0.05,0.5,heuristic,segformer_b2_cityscapes,acdc_rain_targetcal25,9,
,-1,True,,0.7412580862891422,0.0018935124389827251,,475,,,False,,,,,,4,person,0.05,0.5,argmax,segformer_b2_cityscapes,acdc_rain_targetcal25,9,0.6853582554517134
1.0,1000,True,0.0,0.0,1.0,0.6610526315789473,161,321.0,0.0,False,0.0,0.0,0.0,,,4,person,0.1,0.5,region_crc,segformer_b2_cityscapes,acdc_rain_targetcal25,9,
1.0,1000,True,0.0,0.0,1.0,0.6610526315789473,161,321.0,0.0,False,0.0,0.0,0.0,,,4,person,0.1,0.5,heuristic,segformer_b2_cityscapes,acdc_rain_targetcal25,9,
,-1,True,,0.7412580862891422,0.0018935124389827251,,475,,,False,,,,,,4,person,0.1,0.5,argmax,segformer_b2_cityscapes,acdc_rain_targetcal25,9,0.6853582554517134
0.997,997,True,0.134472049689441,0.134472049689441,0.027504580095410347,0.6610526315789473,161,321.0,0.13684210526315788,False,0.15555555555555556,0.09243697478991597,0.0,,,4,person,0.2,0.5,region_crc,segformer_b2_cityscapes,acdc_rain_targetcal25,9,
0.997,997,True,0.134472049689441,0.134472049689441,0.027504580095410347,0.6610526315789473,161,321.0,0.13684210526315788,False,0.15555555555555556,0.09243697478991597,0.0,,,4,person,0.2,0.5,heuristic,segformer_b2_cityscapes,acdc_rain_targetcal25,9,
,-1,True,,0.7412580862891422,0.0018935124389827251,,475,,,False,,,,,,4,person,0.2,0.5,argmax,segformer_b2_cityscapes,acdc_rain_targetcal25,9,0.6853582554517134
,-1,False,,,,,475,,,False,,,,,,4,rider,0.05,0.1,region_crc,segformer_b2_cityscapes,acdc_rain_targetcal25,0,
,-1,False,,,,,475,,,False,,,,,,4,rider,0.05,0.1,heuristic,segformer_b2_cityscapes,acdc_rain_targetcal25,0,
,-1,True,,0.8035714285714286,0.0002749208069872111,,475,,,False,,,,,,4,rider,0.05,0.1,argmax,segformer_b2_cityscapes,acdc_rain_targetcal25,0,0.8157894736842105
,-1,False,,,,,475,,,False,,,,,,4,rider,0.1,0.1,region_crc,segformer_b2_cityscapes,acdc_rain_targetcal25,0,
,-1,False,,,,,475,,,False,,,,,,4,rider,0.1,0.1,heuristic,segformer_b2_cityscapes,acdc_rain_targetcal25,0,
,-1,True,,0.8035714285714286,0.0002749208069872111,,475,,,False,,,,,,4,rider,0.1,0.1,argmax,segformer_b2_cityscapes,acdc_rain_targetcal25,0,0.8157894736842105
,-1,False,,,,,475,,,False,,,,,,4,rider,0.2,0.1,region_crc,segformer_b2_cityscapes,acdc_rain_targetcal25,0,
,-1,False,,,,,475,,,False,,,,,,4,rider,0.2,0.1,heuristic,segformer_b2_cityscapes,acdc_rain_targetcal25,0,
,-1,True,,0.8035714285714286,0.0002749208069872111,,475,,,False,,,,,,4,rider,0.2,0.1,argmax,segformer_b2_cityscapes,acdc_rain_targetcal25,0,0.8157894736842105
,-1,False,,,,,475,,,False,,,,,,4,rider,0.05,0.5,region_crc,segformer_b2_cityscapes,acdc_rain_targetcal25,0,
,-1,False,,,,,475,,,False,,,,,,4,rider,0.05,0.5,heuristic,segformer_b2_cityscapes,acdc_rain_targetcal25,0,
,-1,True,,0.8571428571428571,0.0002749208069872111,,475,,,False,,,,,,4,rider,0.05,0.5,argmax,segformer_b2_cityscapes,acdc_rain_targetcal25,0,0.868421052631579
,-1,False,,,,,475,,,False,,,,,,4,rider,0.1,0.5,region_crc,segformer_b2_cityscapes,acdc_rain_targetcal25,0,
,-1,False,,,,,475,,,False,,,,,,4,rider,0.1,0.5,heuristic,segformer_b2_cityscapes,acdc_rain_targetcal25,0,
,-1,True,,0.8571428571428571,0.0002749208069872111,,475,,,False,,,,,,4,rider,0.1,0.5,argmax,segformer_b2_cityscapes,acdc_rain_targetcal25,0,0.868421052631579
,-1,False,,,,,475,,,False,,,,,,4,rider,0.2,0.5,region_crc,segformer_b2_cityscapes,acdc_rain_targetcal25,0,
,-1,False,,,,,475,,,False,,,,,,4,rider,0.2,0.5,heuristic,segformer_b2_cityscapes,acdc_rain_targetcal25,0,
,-1,True,,0.8571428571428571,0.0002749208069872111,,475,,,False,,,,,,4,rider,0.2,0.5,argmax,segformer_b2_cityscapes,acdc_rain_targetcal25,0,0.868421052631579
1.0,1000,False,0.0,0.0,1.0,0.8315789473684211,80,155.0,0.0,False,0.0,0.0,0.0,,,4,bicycle,0.05,0.1,region_crc,segformer_b2_cityscapes,acdc_rain_targetcal25,3,
1.0,1000,True,0.0,0.0,1.0,0.8315789473684211,80,155.0,0.0,False,0.0,0.0,0.0,,,4,bicycle,0.05,0.1,heuristic,segformer_b2_cityscapes,acdc_rain_targetcal25,3,
,-1,True,,0.7387797619047619,0.001165800611488521,,475,,,False,,,,,,4,bicycle,0.05,0.1,argmax,segformer_b2_cityscapes,acdc_rain_targetcal25,3,0.7161290322580646
1.0,1000,False,0.0,0.0,1.0,0.8315789473684211,80,155.0,0.0,False,0.0,0.0,0.0,,,4,bicycle,0.1,0.1,region_crc,segformer_b2_cityscapes,acdc_rain_targetcal25,3,
1.0,1000,True,0.0,0.0,1.0,0.8315789473684211,80,155.0,0.0,False,0.0,0.0,0.0,,,4,bicycle,0.1,0.1,heuristic,segformer_b2_cityscapes,acdc_rain_targetcal25,3,
,-1,True,,0.7387797619047619,0.001165800611488521,,475,,,False,,,,,,4,bicycle,0.1,0.1,argmax,segformer_b2_cityscapes,acdc_rain_targetcal25,3,0.7161290322580646
1.0,1000,False,0.0,0.0,1.0,0.8315789473684211,80,155.0,0.0,False,0.0,0.0,0.0,,,4,bicycle,0.2,0.1,region_crc,segformer_b2_cityscapes,acdc_rain_targetcal25,3,
1.0,1000,True,0.0,0.0,1.0,0.8315789473684211,80,155.0,0.0,False,0.0,0.0,0.0,,,4,bicycle,0.2,0.1,heuristic,segformer_b2_cityscapes,acdc_rain_targetcal25,3,
,-1,True,,0.7387797619047619,0.001165800611488521,,475,,,False,,,,,,4,bicycle,0.2,0.1,argmax,segformer_b2_cityscapes,acdc_rain_targetcal25,3,0.7161290322580646
1.0,1000,False,0.0,0.0,1.0,0.8315789473684211,80,155.0,0.0,False,0.0,0.0,0.0,,,4,bicycle,0.05,0.5,region_crc,segformer_b2_cityscapes,acdc_rain_targetcal25,3,
1.0,1000,True,0.0,0.0,1.0,0.8315789473684211,80,155.0,0.0,False,0.0,0.0,0.0,,,4,bicycle,0.05,0.5,heuristic,segformer_b2_cityscapes,acdc_rain_targetcal25,3,
,-1,True,,0.7843154761904761,0.001165800611488521,,475,,,False,,,,,,4,bicycle,0.05,0.5,argmax,segformer_b2_cityscapes,acdc_rain_targetcal25,3,0.7612903225806451
1.0,1000,False,0.0,0.0,1.0,0.8315789473684211,80,155.0,0.0,False,0.0,0.0,0.0,,,4,bicycle,0.1,0.5,region_crc,segformer_b2_cityscapes,acdc_rain_targetcal25,3,
1.0,1000,True,0.0,0.0,1.0,0.8315789473684211,80,155.0,0.0,False,0.0,0.0,0.0,,,4,bicycle,0.1,0.5,heuristic,segformer_b2_cityscapes,acdc_rain_targetcal25,3,
,-1,True,,0.7843154761904761,0.001165800611488521,,475,,,False,,,,,,4,bicycle,0.1,0.5,argmax,segformer_b2_cityscapes,acdc_rain_targetcal25,3,0.7612903225806451
1.0,1000,False,0.0,0.0,1.0,0.8315789473684211,80,155.0,0.0,False,0.0,0.0,0.0,,,4,bicycle,0.2,0.5,region_crc,segformer_b2_cityscapes,acdc_rain_targetcal25,3,
1.0,1000,True,0.0,0.0,1.0,0.8315789473684211,80,155.0,0.0,False,0.0,0.0,0.0,,,4,bicycle,0.2,0.5,heuristic,segformer_b2_cityscapes,acdc_rain_targetcal25,3,
,-1,True,,0.7843154761904761,0.001165800611488521,,475,,,False,,,,,,4,bicycle,0.2,0.5,argmax,segformer_b2_cityscapes,acdc_rain_targetcal25,3,0.7612903225806451
1.0,1000,False,0.0,0.0,1.0,0.6526315789473685,165,320.0,0.0,False,0.0,0.0,0.0,,,5,person,0.05,0.1,region_crc,segformer_b2_cityscapes,acdc_rain_targetcal25,5,
0.977,977,True,0.24184667184667186,0.2418466718466718,0.011033766902983189,9.863157894736842,165,320.0,0.1663157894736842,False,0.29120879120879123,0.13793103448275862,0.0,,,5,person,0.05,0.1,heuristic,segformer_b2_cityscapes,acdc_rain_targetcal25,5,
,-1,True,,0.6417057017057016,0.001903981901705265,,475,,,False,,,,,,5,person,0.05,0.1,argmax,segformer_b2_cityscapes,acdc_rain_targetcal25,5,0.5875
1.0,1000,False,0.0,0.0,1.0,0.6526315789473685,165,320.0,0.0,False,0.0,0.0,0.0,,,5,person,0.1,0.1,region_crc,segformer_b2_cityscapes,acdc_rain_targetcal25,5,
0.977,977,True,0.24184667184667186,0.2418466718466718,0.011033766902983189,9.863157894736842,165,320.0,0.1663157894736842,False,0.29120879120879123,0.13793103448275862,0.0,,,5,person,0.1,0.1,heuristic,segformer_b2_cityscapes,acdc_rain_targetcal25,5,
,-1,True,,0.6417057017057016,0.001903981901705265,,475,,,False,,,,,,5,person,0.1,0.1,argmax,segformer_b2_cityscapes,acdc_rain_targetcal25,5,0.5875
0.977,977,True,0.24184667184667186,0.2418466718466718,0.011033766902983189,9.863157894736842,165,320.0,0.1663157894736842,False,0.29120879120879123,0.13793103448275862,0.0,,,5,person,0.2,0.1,region_crc,segformer_b2_cityscapes,acdc_rain_targetcal25,5,
0.977,977,True,0.24184667184667186,0.2418466718466718,0.011033766902983189,9.863157894736842,165,320.0,0.1663157894736842,False,0.29120879120879123,0.13793103448275862,0.0,,,5,person,0.2,0.1,heuristic,segformer_b2_cityscapes,acdc_rain_targetcal25,5,
,-1,True,,0.6417057017057016,0.001903981901705265,,475,,,False,,,,,,5,person,0.2,0.1,argmax,segformer_b2_cityscapes,acdc_rain_targetcal25,5,0.5875
1.0,1000,False,0.0,0.0,1.0,0.6526315789473685,165,320.0,0.0,False,0.0,0.0,0.0,,,5,person,0.05,0.5,region_crc,segformer_b2_cityscapes,acdc_rain_targetcal25,5,
0.994,994,True,0.2088163688163688,0.2088163688163688,0.020523877814412117,0.6526315789473685,165,320.0,0.12,False,0.24175824175824176,0.12931034482758622,0.0,,,5,person,0.05,0.5,heuristic,segformer_b2_cityscapes,acdc_rain_targetcal25,5,
,-1,True,,0.7505609205609206,0.001903981901705265,,475,,,False,,,,,,5,person,0.05,0.5,argmax,segformer_b2_cityscapes,acdc_rain_targetcal25,5,0.7
1.0,1000,False,0.0,0.0,1.0,0.6526315789473685,165,320.0,0.0,False,0.0,0.0,0.0,,,5,person,0.1,0.5,region_crc,segformer_b2_cityscapes,acdc_rain_targetcal25,5,
0.991,991,True,0.25564620564620566,0.25564620564620566,0.01716063730418682,0.6526315789473685,165,320.0,0.14526315789473687,False,0.2967032967032967,0.1724137931034483,0.0,,,5,person,0.1,0.5,heuristic,segformer_b2_cityscapes,acdc_rain_targetcal25,5,
,-1,True,,0.7505609205609206,0.001903981901705265,,475,,,False,,,,,,5,person,0.1,0.5,argmax,segformer_b2_cityscapes,acdc_rain_targetcal25,5,0.7
0.994,994,True,0.2088163688163688,0.2088163688163688,0.020523877814412117,0.6526315789473685,165,320.0,0.12,False,0.24175824175824176,0.12931034482758622,0.0,,,5,person,0.2,0.5,region_crc,segformer_b2_cityscapes,acdc_rain_targetcal25,5,
0.991,991,True,0.25564620564620566,0.25564620564620566,0.01716063730418682,0.6526315789473685,165,320.0,0.14526315789473687,False,0.2967032967032967,0.1724137931034483,0.0,,,5,person,0.2,0.5,heuristic,segformer_b2_cityscapes,acdc_rain_targetcal25,5,
,-1,True,,0.7505609205609206,0.001903981901705265,,475,,,False,,,,,,5,person,0.2,0.5,argmax,segformer_b2_cityscapes,acdc_rain_targetcal25,5,0.7
1.0,1000,False,0.0,0.0,1.0,0.9431578947368421,27,37.0,0.0,False,0.0,0.0,0.0,,,5,rider,0.05,0.1,region_crc,segformer_b2_cityscapes,acdc_rain_targetcal25,1,
1.0,1000,True,0.0,0.0,1.0,0.9431578947368421,27,37.0,0.0,False,0.0,0.0,0.0,,,5,rider,0.05,0.1,heuristic,segformer_b2_cityscapes,acdc_rain_targetcal25,1,
,-1,True,,0.7962962962962963,0.0002811078738886863,,475,,,False,,,,,,5,rider,0.05,0.1,argmax,segformer_b2_cityscapes,acdc_rain_targetcal25,1,0.8108108108108109
1.0,1000,False,0.0,0.0,1.0,0.9431578947368421,27,37.0,0.0,False,0.0,0.0,0.0,,,5,rider,0.1,0.1,region_crc,segformer_b2_cityscapes,acdc_rain_targetcal25,1,
1.0,1000,True,0.0,0.0,1.0,0.9431578947368421,27,37.0,0.0,False,0.0,0.0,0.0,,,5,rider,0.1,0.1,heuristic,segformer_b2_cityscapes,acdc_rain_targetcal25,1,
,-1,True,,0.7962962962962963,0.0002811078738886863,,475,,,False,,,,,,5,rider,0.1,0.1,argmax,segformer_b2_cityscapes,acdc_rain_targetcal25,1,0.8108108108108109
1.0,1000,False,0.0,0.0,1.0,0.9431578947368421,27,37.0,0.0,False,0.0,0.0,0.0,,,5,rider,0.2,0.1,region_crc,segformer_b2_cityscapes,acdc_rain_targetcal25,1,
1.0,1000,True,0.0,0.0,1.0,0.9431578947368421,27,37.0,0.0,False,0.0,0.0,0.0,,,5,rider,0.2,0.1,heuristic,segformer_b2_cityscapes,acdc_rain_targetcal25,1,
,-1,True,,0.7962962962962963,0.0002811078738886863,,475,,,False,,,,,,5,rider,0.2,0.1,argmax,segformer_b2_cityscapes,acdc_rain_targetcal25,1,0.8108108108108109
1.0,1000,False,0.0,0.0,1.0,0.9431578947368421,27,37.0,0.0,False,0.0,0.0,0.0,,,5,rider,0.05,0.5,region_crc,segformer_b2_cityscapes,acdc_rain_targetcal25,1,
1.0,1000,True,0.0,0.0,1.0,0.9431578947368421,27,37.0,0.0,False,0.0,0.0,0.0,,,5,rider,0.05,0.5,heuristic,segformer_b2_cityscapes,acdc_rain_targetcal25,1,
,-1,True,,0.8518518518518519,0.0002811078738886863,,475,,,False,,,,,,5,rider,0.05,0.5,argmax,segformer_b2_cityscapes,acdc_rain_targetcal25,1,0.8648648648648649
1.0,1000,False,0.0,0.0,1.0,0.9431578947368421,27,37.0,0.0,False,0.0,0.0,0.0,,,5,rider,0.1,0.5,region_crc,segformer_b2_cityscapes,acdc_rain_targetcal25,1,
1.0,1000,True,0.0,0.0,1.0,0.9431578947368421,27,37.0,0.0,False,0.0,0.0,0.0,,,5,rider,0.1,0.5,heuristic,segformer_b2_cityscapes,acdc_rain_targetcal25,1,
,-1,True,,0.8518518518518519,0.0002811078738886863,,475,,,False,,,,,,5,rider,0.1,0.5,argmax,segformer_b2_cityscapes,acdc_rain_targetcal25,1,0.8648648648648649
1.0,1000,False,0.0,0.0,1.0,0.9431578947368421,27,37.0,0.0,False,0.0,0.0,0.0,,,5,rider,0.2,0.5,region_crc,segformer_b2_cityscapes,acdc_rain_targetcal25,1,
1.0,1000,True,0.0,0.0,1.0,0.9431578947368421,27,37.0,0.0,False,0.0,0.0,0.0,,,5,rider,0.2,0.5,heuristic,segformer_b2_cityscapes,acdc_rain_targetcal25,1,
,-1,True,,0.8518518518518519,0.0002811078738886863,,475,,,False,,,,,,5,rider,0.2,0.5,argmax,segformer_b2_cityscapes,acdc_rain_targetcal25,1,0.8648648648648649
1.0,1000,False,0.0,0.0,1.0,0.8336842105263158,79,147.0,0.0,False,0.0,0.0,0.0,,,5,bicycle,0.05,0.1,region_crc,segformer_b2_cityscapes,acdc_rain_targetcal25,4,
1.0,1000,True,0.0,0.0,1.0,0.8336842105263158,79,147.0,0.0,False,0.0,0.0,0.0,,,5,bicycle,0.05,0.1,heuristic,segformer_b2_cityscapes,acdc_rain_targetcal25,4,
,-1,True,,0.7164858348402653,0.0011878705117851496,,475,,,False,,,,,,5,bicycle,0.05,0.1,argmax,segformer_b2_cityscapes,acdc_rain_targetcal25,4,0.6870748299319728
1.0,1000,False,0.0,0.0,1.0,0.8336842105263158,79,147.0,0.0,False,0.0,0.0,0.0,,,5,bicycle,0.1,0.1,region_crc,segformer_b2_cityscapes,acdc_rain_targetcal25,4,
1.0,1000,True,0.0,0.0,1.0,0.8336842105263158,79,147.0,0.0,False,0.0,0.0,0.0,,,5,bicycle,0.1,0.1,heuristic,segformer_b2_cityscapes,acdc_rain_targetcal25,4,
,-1,True,,0.7164858348402653,0.0011878705117851496,,475,,,False,,,,,,5,bicycle,0.1,0.1,argmax,segformer_b2_cityscapes,acdc_rain_targetcal25,4,0.6870748299319728
1.0,1000,True,0.0,0.0,1.0,0.8336842105263158,79,147.0,0.0,False,0.0,0.0,0.0,,,5,bicycle,0.2,0.1,region_crc,segformer_b2_cityscapes,acdc_rain_targetcal25,4,
1.0,1000,True,0.0,0.0,1.0,0.8336842105263158,79,147.0,0.0,False,0.0,0.0,0.0,,,5,bicycle,0.2,0.1,heuristic,segformer_b2_cityscapes,acdc_rain_targetcal25,4,
,-1,True,,0.7164858348402653,0.0011878705117851496,,475,,,False,,,,,,5,bicycle,0.2,0.1,argmax,segformer_b2_cityscapes,acdc_rain_targetcal25,4,0.6870748299319728
1.0,1000,False,0.0,0.0,1.0,0.8336842105263158,79,147.0,0.0,False,0.0,0.0,0.0,,,5,bicycle,0.05,0.5,region_crc,segformer_b2_cityscapes,acdc_rain_targetcal25,4,
1.0,1000,True,0.0,0.0,1.0,0.8336842105263158,79,147.0,0.0,False,0.0,0.0,0.0,,,5,bicycle,0.05,0.5,heuristic,segformer_b2_cityscapes,acdc_rain_targetcal25,4,
,-1,True,,0.7625979505726341,0.0011878705117851496,,475,,,False,,,,,,5,bicycle,0.05,0.5,argmax,segformer_b2_cityscapes,acdc_rain_targetcal25,4,0.7346938775510204
1.0,1000,False,0.0,0.0,1.0,0.8336842105263158,79,147.0,0.0,False,0.0,0.0,0.0,,,5,bicycle,0.1,0.5,region_crc,segformer_b2_cityscapes,acdc_rain_targetcal25,4,
1.0,1000,True,0.0,0.0,1.0,0.8336842105263158,79,147.0,0.0,False,0.0,0.0,0.0,,,5,bicycle,0.1,0.5,heuristic,segformer_b2_cityscapes,acdc_rain_targetcal25,4,
,-1,True,,0.7625979505726341,0.0011878705117851496,,475,,,False,,,,,,5,bicycle,0.1,0.5,argmax,segformer_b2_cityscapes,acdc_rain_targetcal25,4,0.7346938775510204
1.0,1000,True,0.0,0.0,1.0,0.8336842105263158,79,147.0,0.0,False,0.0,0.0,0.0,,,5,bicycle,0.2,0.5,region_crc,segformer_b2_cityscapes,acdc_rain_targetcal25,4,
1.0,1000,True,0.0,0.0,1.0,0.8336842105263158,79,147.0,0.0,False,0.0,0.0,0.0,,,5,bicycle,0.2,0.5,heuristic,segformer_b2_cityscapes,acdc_rain_targetcal25,4,
,-1,True,,0.7625979505726341,0.0011878705117851496,,475,,,False,,,,,,5,bicycle,0.2,0.5,argmax,segformer_b2_cityscapes,acdc_rain_targetcal25,4,0.7346938775510204
1.0,1000,False,0.0,0.0,1.0,0.6652631578947369,159,310.0,0.0,False,0.0,0.0,0.0,,,6,person,0.05,0.1,region_crc,segformer_b2_cityscapes,acdc_rain_targetcal25,11,
1.0,1000,True,0.0,0.0,1.0,0.6652631578947369,159,310.0,0.0,False,0.0,0.0,0.0,,,6,person,0.05,0.1,heuristic,segformer_b2_cityscapes,acdc_rain_targetcal25,11,
,-1,True,,0.6538665038665039,0.0019044753862544894,,475,,,False,,,,,,6,person,0.05,0.1,argmax,segformer_b2_cityscapes,acdc_rain_targetcal25,11,0.5935483870967742
1.0,1000,True,0.0,0.0,1.0,0.6652631578947369,159,310.0,0.0,False,0.0,0.0,0.0,,,6,person,0.1,0.1,region_crc,segformer_b2_cityscapes,acdc_rain_targetcal25,11,
0.993,993,True,0.13354297693920336,0.13354297693920336,0.01920919120311737,0.6652631578947369,159,310.0,0.16421052631578953,False,0.1724137931034483,0.07964601769911504,0.0,,,6,person,0.1,0.1,heuristic,segformer_b2_cityscapes,acdc_rain_targetcal25,11,
,-1,True,,0.6538665038665039,0.0019044753862544894,,475,,,False,,,,,,6,person,0.1,0.1,argmax,segformer_b2_cityscapes,acdc_rain_targetcal25,11,0.5935483870967742
0.988,988,True,0.17407407407407405,0.17407407407407408,0.015098832547664642,0.6652631578947369,159,310.0,0.15368421052631576,False,0.22988505747126436,0.07964601769911504,0.0,,,6,person,0.2,0.1,region_crc,segformer_b2_cityscapes,acdc_rain_targetcal25,11,
0.988,988,True,0.17407407407407405,0.17407407407407408,0.015098832547664642,0.6652631578947369,159,310.0,0.15368421052631576,False,0.22988505747126436,0.07964601769911504,0.0,,,6,person,0.2,0.1,heuristic,segformer_b2_cityscapes,acdc_rain_targetcal25,11,
,-1,True,,0.6538665038665039,0.0019044753862544894,,475,,,False,,,,,,6,person,0.2,0.1,argmax,segformer_b2_cityscapes,acdc_rain_targetcal25,11,0.5935483870967742
1.0,1000,False,0.0,0.0,1.0,0.6652631578947369,159,310.0,0.0,False,0.0,0.0,0.0,,,6,person,0.05,0.5,region_crc,segformer_b2_cityscapes,acdc_rain_targetcal25,11,
1.0,1000,True,0.0,0.0,1.0,0.6652631578947369,159,310.0,0.0,False,0.0,0.0,0.0,,,6,person,0.05,0.5,heuristic,segformer_b2_cityscapes,acdc_rain_targetcal25,11,
,-1,True,,0.7605401586533662,0.0019044753862544894,,475,,,False,,,,,,6,person,0.05,0.5,argmax,segformer_b2_cityscapes,acdc_rain_targetcal25,11,0.7064516129032258
1.0,1000,True,0.0,0.0,1.0,0.6652631578947369,159,310.0,0.0,False,0.0,0.0,0.0,,,6,person,0.1,0.5,region_crc,segformer_b2_cityscapes,acdc_rain_targetcal25,11,
0.999,999,True,0.07127882599580712,0.07127882599580712,0.0418979711830616,0.6652631578947369,159,310.0,0.14315789473684215,False,0.05172413793103448,0.07964601769911504,0.0,,,6,person,0.1,0.5,heuristic,segformer_b2_cityscapes,acdc_rain_targetcal25,11,
,-1,True,,0.7605401586533662,0.0019044753862544894,,475,,,False,,,,,,6,person,0.1,0.5,argmax,segformer_b2_cityscapes,acdc_rain_targetcal25,11,0.7064516129032258
0.991,991,True,0.2595280331129388,0.25952803311293876,0.01718789152801037,0.6652631578947369,159,310.0,0.14105263157894743,False,0.3045977011494253,0.18584070796460178,0.0,,,6,person,0.2,0.5,region_crc,segformer_b2_cityscapes,acdc_rain_targetcal25,11,
0.991,991,True,0.2595280331129388,0.25952803311293876,0.01718789152801037,0.6652631578947369,159,310.0,0.14105263157894743,False,0.3045977011494253,0.18584070796460178,0.0,,,6,person,0.2,0.5,heuristic,segformer_b2_cityscapes,acdc_rain_targetcal25,11,
,-1,True,,0.7605401586533662,0.0019044753862544894,,475,,,False,,,,,,6,person,0.2,0.5,argmax,segformer_b2_cityscapes,acdc_rain_targetcal25,11,0.7064516129032258
,-1,False,,,,,475,,,False,,,,,,6,rider,0.05,0.1,region_crc,segformer_b2_cityscapes,acdc_rain_targetcal25,0,
,-1,False,,,,,475,,,False,,,,,,6,rider,0.05,0.1,heuristic,segformer_b2_cityscapes,acdc_rain_targetcal25,0,
,-1,True,,0.8035714285714286,0.00027053989470005035,,475,,,False,,,,,,6,rider,0.05,0.1,argmax,segformer_b2_cityscapes,acdc_rain_targetcal25,0,0.8157894736842105
,-1,False,,,,,475,,,False,,,,,,6,rider,0.1,0.1,region_crc,segformer_b2_cityscapes,acdc_rain_targetcal25,0,
,-1,False,,,,,475,,,False,,,,,,6,rider,0.1,0.1,heuristic,segformer_b2_cityscapes,acdc_rain_targetcal25,0,
,-1,True,,0.8035714285714286,0.00027053989470005035,,475,,,False,,,,,,6,rider,0.1,0.1,argmax,segformer_b2_cityscapes,acdc_rain_targetcal25,0,0.8157894736842105
,-1,False,,,,,475,,,False,,,,,,6,rider,0.2,0.1,region_crc,segformer_b2_cityscapes,acdc_rain_targetcal25,0,
,-1,False,,,,,475,,,False,,,,,,6,rider,0.2,0.1,heuristic,segformer_b2_cityscapes,acdc_rain_targetcal25,0,
,-1,True,,0.8035714285714286,0.00027053989470005035,,475,,,False,,,,,,6,rider,0.2,0.1,argmax,segformer_b2_cityscapes,acdc_rain_targetcal25,0,0.8157894736842105
,-1,False,,,,,475,,,False,,,,,,6,rider,0.05,0.5,region_crc,segformer_b2_cityscapes,acdc_rain_targetcal25,0,
,-1,False,,,,,475,,,False,,,,,,6,rider,0.05,0.5,heuristic,segformer_b2_cityscapes,acdc_rain_targetcal25,0,
,-1,True,,0.8571428571428571,0.00027053989470005035,,475,,,False,,,,,,6,rider,0.05,0.5,argmax,segformer_b2_cityscapes,acdc_rain_targetcal25,0,0.868421052631579
,-1,False,,,,,475,,,False,,,,,,6,rider,0.1,0.5,region_crc,segformer_b2_cityscapes,acdc_rain_targetcal25,0,
,-1,False,,,,,475,,,False,,,,,,6,rider,0.1,0.5,heuristic,segformer_b2_cityscapes,acdc_rain_targetcal25,0,
,-1,True,,0.8571428571428571,0.00027053989470005035,,475,,,False,,,,,,6,rider,0.1,0.5,argmax,segformer_b2_cityscapes,acdc_rain_targetcal25,0,0.868421052631579
,-1,False,,,,,475,,,False,,,,,,6,rider,0.2,0.5,region_crc,segformer_b2_cityscapes,acdc_rain_targetcal25,0,
,-1,False,,,,,475,,,False,,,,,,6,rider,0.2,0.5,heuristic,segformer_b2_cityscapes,acdc_rain_targetcal25,0,
,-1,True,,0.8571428571428571,0.00027053989470005035,,475,,,False,,,,,,6,rider,0.2,0.5,argmax,segformer_b2_cityscapes,acdc_rain_targetcal25,0,0.868421052631579
1.0,1000,False,0.0,0.0,1.0,0.8336842105263158,79,149.0,0.0,False,0.0,0.0,0.0,,,6,bicycle,0.05,0.1,region_crc,segformer_b2_cityscapes,acdc_rain_targetcal25,4,
1.0,1000,True,0.0,0.0,1.0,0.8336842105263158,79,149.0,0.0,False,0.0,0.0,0.0,,,6,bicycle,0.05,0.1,heuristic,segformer_b2_cityscapes,acdc_rain_targetcal25,4,
,-1,True,,0.75084388185654,0.0011508020106703043,,475,,,False,,,,,,6,bicycle,0.05,0.1,argmax,segformer_b2_cityscapes,acdc_rain_targetcal25,4,0.738255033557047
1.0,1000,False,0.0,0.0,1.0,0.8336842105263158,79,149.0,0.0,False,0.0,0.0,0.0,,,6,bicycle,0.1,0.1,region_crc,segformer_b2_cityscapes,acdc_rain_targetcal25,4,
1.0,1000,True,0.0,0.0,1.0,0.8336842105263158,79,149.0,0.0,False,0.0,0.0,0.0,,,6,bicycle,0.1,0.1,heuristic,segformer_b2_cityscapes,acdc_rain_targetcal25,4,
,-1,True,,0.75084388185654,0.0011508020106703043,,475,,,False,,,,,,6,bicycle,0.1,0.1,argmax,segformer_b2_cityscapes,acdc_rain_targetcal25,4,0.738255033557047
1.0,1000,True,0.0,0.0,1.0,0.8336842105263158,79,149.0,0.0,False,0.0,0.0,0.0,,,6,bicycle,0.2,0.1,region_crc,segformer_b2_cityscapes,acdc_rain_targetcal25,4,
1.0,1000,True,0.0,0.0,1.0,0.8336842105263158,79,149.0,0.0,False,0.0,0.0,0.0,,,6,bicycle,0.2,0.1,heuristic,segformer_b2_cityscapes,acdc_rain_targetcal25,4,
,-1,True,,0.75084388185654,0.0011508020106703043,,475,,,False,,,,,,6,bicycle,0.2,0.1,argmax,segformer_b2_cityscapes,acdc_rain_targetcal25,4,0.738255033557047
1.0,1000,False,0.0,0.0,1.0,0.8336842105263158,79,149.0,0.0,False,0.0,0.0,0.0,,,6,bicycle,0.05,0.5,region_crc,segformer_b2_cityscapes,acdc_rain_targetcal25,4,
1.0,1000,True,0.0,0.0,1.0,0.8336842105263158,79,149.0,0.0,False,0.0,0.0,0.0,,,6,bicycle,0.05,0.5,heuristic,segformer_b2_cityscapes,acdc_rain_targetcal25,4,
,-1,True,,0.7824894514767932,0.0011508020106703043,,475,,,False,,,,,,6,bicycle,0.05,0.5,argmax,segformer_b2_cityscapes,acdc_rain_targetcal25,4,0.7718120805369127
1.0,1000,False,0.0,0.0,1.0,0.8336842105263158,79,149.0,0.0,False,0.0,0.0,0.0,,,6,bicycle,0.1,0.5,region_crc,segformer_b2_cityscapes,acdc_rain_targetcal25,4,
1.0,1000,True,0.0,0.0,1.0,0.8336842105263158,79,149.0,0.0,False,0.0,0.0,0.0,,,6,bicycle,0.1,0.5,heuristic,segformer_b2_cityscapes,acdc_rain_targetcal25,4,
,-1,True,,0.7824894514767932,0.0011508020106703043,,475,,,False,,,,,,6,bicycle,0.1,0.5,argmax,segformer_b2_cityscapes,acdc_rain_targetcal25,4,0.7718120805369127
1.0,1000,True,0.0,0.0,1.0,0.8336842105263158,79,149.0,0.0,False,0.0,0.0,0.0,,,6,bicycle,0.2,0.5,region_crc,segformer_b2_cityscapes,acdc_rain_targetcal25,4,
1.0,1000,True,0.0,0.0,1.0,0.8336842105263158,79,149.0,0.0,False,0.0,0.0,0.0,,,6,bicycle,0.2,0.5,heuristic,segformer_b2_cityscapes,acdc_rain_targetcal25,4,
,-1,True,,0.7824894514767932,0.0011508020106703043,,475,,,False,,,,,,6,bicycle,0.2,0.5,argmax,segformer_b2_cityscapes,acdc_rain_targetcal25,4,0.7718120805369127
1.0,1000,False,0.0,0.0,1.0,0.6568421052631579,163,322.0,0.0,False,0.0,0.0,0.0,,,7,person,0.05,0.1,region_crc,segformer_b2_cityscapes,acdc_rain_targetcal25,7,
0.998,998,True,0.06799591002044988,0.06799591002044988,0.03224892169237137,0.6568421052631579,163,322.0,0.22947368421052633,False,0.05913978494623656,0.04424778761061947,0.0,,,7,person,0.05,0.1,heuristic,segformer_b2_cityscapes,acdc_rain_targetcal25,7,
,-1,True,,0.6352644628718249,0.0019282865105196834,,475,,,False,,,,,,7,person,0.05,0.1,argmax,segformer_b2_cityscapes,acdc_rain_targetcal25,7,0.577639751552795
1.0,1000,False,0.0,0.0,1.0,0.6568421052631579,163,322.0,0.0,False,0.0,0.0,0.0,,,7,person,0.1,0.1,region_crc,segformer_b2_cityscapes,acdc_rain_targetcal25,7,
0.973,973,True,0.27888229698045647,0.2788822969804565,0.01019964087754488,9.787368421052632,163,322.0,0.1473684210526316,False,0.3225806451612903,0.168141592920354,0.0,,,7,person,0.1,0.1,heuristic,segformer_b2_cityscapes,acdc_rain_targetcal25,7,
,-1,True,,0.6352644628718249,0.0019282865105196834,,475,,,False,,,,,,7,person,0.1,0.1,argmax,segformer_b2_cityscapes,acdc_rain_targetcal25,7,0.577639751552795
0.973,973,True,0.27888229698045647,0.2788822969804565,0.01019964087754488,9.787368421052632,163,322.0,0.1473684210526316,False,0.3225806451612903,0.168141592920354,0.0,,,7,person,0.2,0.1,region_crc,segformer_b2_cityscapes,acdc_rain_targetcal25,7,
0.966,966,True,0.3007636875735035,0.3007636875735035,0.009061161428689957,9.787368421052632,163,322.0,0.14947368421052631,False,0.3602150537634409,0.168141592920354,0.0,,,7,person,0.2,0.1,heuristic,segformer_b2_cityscapes,acdc_rain_targetcal25,7,
,-1,True,,0.6352644628718249,0.0019282865105196834,,475,,,False,,,,,,7,person,0.2,0.1,argmax,segformer_b2_cityscapes,acdc_rain_targetcal25,7,0.577639751552795
1.0,1000,False,0.0,0.0,1.0,0.6568421052631579,163,322.0,0.0,False,0.0,0.0,0.0,,,7,person,0.05,0.5,region_crc,segformer_b2_cityscapes,acdc_rain_targetcal25,7,
0.999,999,True,0.07566462167689161,0.07566462167689161,0.04191719740629196,0.6568421052631579,163,322.0,0.19789473684210526,False,0.053763440860215055,0.07964601769911504,0.0,,,7,person,0.05,0.5,heuristic,segformer_b2_cityscapes,acdc_rain_targetcal25,7,
,-1,True,,0.7382978643714839,0.0019282865105196834,,475,,,False,,,,,,7,person,0.05,0.5,argmax,segformer_b2_cityscapes,acdc_rain_targetcal25,7,0.6832298136645962
1.0,1000,False,0.0,0.0,1.0,0.6568421052631579,163,322.0,0.0,False,0.0,0.0,0.0,,,7,person,0.1,0.5,region_crc,segformer_b2_cityscapes,acdc_rain_targetcal25,7,
0.996,996,True,0.1542944785276074,0.15429447852760736,0.024386633187532425,0.6568421052631579,163,322.0,0.1768421052631579,False,0.1774193548387097,0.09734513274336283,0.0,,,7,person,0.1,0.5,heuristic,segformer_b2_cityscapes,acdc_rain_targetcal25,7,
,-1,True,,0.7382978643714839,0.0019282865105196834,,475,,,False,,,,,,7,person,0.1,0.5,argmax,segformer_b2_cityscapes,acdc_rain_targetcal25,7,0.6832298136645962
0.996,996,True,0.1542944785276074,0.15429447852760736,0.024386633187532425,0.6568421052631579,163,322.0,0.1768421052631579,False,0.1774193548387097,0.09734513274336283,0.0,,,7,person,0.2,0.5,region_crc,segformer_b2_cityscapes,acdc_rain_targetcal25,7,
0.98,980,True,0.352501928882297,0.352501928882297,0.011845744214951992,9.787368421052632,163,322.0,0.13473684210526304,False,0.40860215053763443,0.20353982300884957,0.043478260869565216,,,7,person,0.2,0.5,heuristic,segformer_b2_cityscapes,acdc_rain_targetcal25,7,
,-1,True,,0.7382978643714839,0.0019282865105196834,,475,,,False,,,,,,7,person,0.2,0.5,argmax,segformer_b2_cityscapes,acdc_rain_targetcal25,7,0.6832298136645962
1.0,1000,False,0.0,0.0,1.0,0.9452631578947368,26,36.0,0.0,False,0.0,0.0,0.0,,,7,rider,0.05,0.1,region_crc,segformer_b2_cityscapes,acdc_rain_targetcal25,2,
1.0,1000,True,0.0,0.0,1.0,0.9452631578947368,26,36.0,0.0,False,0.0,0.0,0.0,,,7,rider,0.05,0.1,heuristic,segformer_b2_cityscapes,acdc_rain_targetcal25,2,
,-1,True,,0.7884615384615384,0.00027569953817874193,,475,,,False,,,,,,7,rider,0.05,0.1,argmax,segformer_b2_cityscapes,acdc_rain_targetcal25,2,0.8055555555555556
1.0,1000,False,0.0,0.0,1.0,0.9452631578947368,26,36.0,0.0,False,0.0,0.0,0.0,,,7,rider,0.1,0.1,region_crc,segformer_b2_cityscapes,acdc_rain_targetcal25,2,
1.0,1000,True,0.0,0.0,1.0,0.9452631578947368,26,36.0,0.0,False,0.0,0.0,0.0,,,7,rider,0.1,0.1,heuristic,segformer_b2_cityscapes,acdc_rain_targetcal25,2,
,-1,True,,0.7884615384615384,0.00027569953817874193,,475,,,False,,,,,,7,rider,0.1,0.1,argmax,segformer_b2_cityscapes,acdc_rain_targetcal25,2,0.8055555555555556
1.0,1000,False,0.0,0.0,1.0,0.9452631578947368,26,36.0,0.0,False,0.0,0.0,0.0,,,7,rider,0.2,0.1,region_crc,segformer_b2_cityscapes,acdc_rain_targetcal25,2,
1.0,1000,True,0.0,0.0,1.0,0.9452631578947368,26,36.0,0.0,False,0.0,0.0,0.0,,,7,rider,0.2,0.1,heuristic,segformer_b2_cityscapes,acdc_rain_targetcal25,2,
,-1,True,,0.7884615384615384,0.00027569953817874193,,475,,,False,,,,,,7,rider,0.2,0.1,argmax,segformer_b2_cityscapes,acdc_rain_targetcal25,2,0.8055555555555556
1.0,1000,False,0.0,0.0,1.0,0.9452631578947368,26,36.0,0.0,False,0.0,0.0,0.0,,,7,rider,0.05,0.5,region_crc,segformer_b2_cityscapes,acdc_rain_targetcal25,2,
1.0,1000,True,0.0,0.0,1.0,0.9452631578947368,26,36.0,0.0,False,0.0,0.0,0.0,,,7,rider,0.05,0.5,heuristic,segformer_b2_cityscapes,acdc_rain_targetcal25,2,
,-1,True,,0.8461538461538461,0.00027569953817874193,,475,,,False,,,,,,7,rider,0.05,0.5,argmax,segformer_b2_cityscapes,acdc_rain_targetcal25,2,0.8611111111111112
1.0,1000,False,0.0,0.0,1.0,0.9452631578947368,26,36.0,0.0,False,0.0,0.0,0.0,,,7,rider,0.1,0.5,region_crc,segformer_b2_cityscapes,acdc_rain_targetcal25,2,
1.0,1000,True,0.0,0.0,1.0,0.9452631578947368,26,36.0,0.0,False,0.0,0.0,0.0,,,7,rider,0.1,0.5,heuristic,segformer_b2_cityscapes,acdc_rain_targetcal25,2,
,-1,True,,0.8461538461538461,0.00027569953817874193,,475,,,False,,,,,,7,rider,0.1,0.5,argmax,segformer_b2_cityscapes,acdc_rain_targetcal25,2,0.8611111111111112
1.0,1000,False,0.0,0.0,1.0,0.9452631578947368,26,36.0,0.0,False,0.0,0.0,0.0,,,7,rider,0.2,0.5,region_crc,segformer_b2_cityscapes,acdc_rain_targetcal25,2,
1.0,1000,True,0.0,0.0,1.0,0.9452631578947368,26,36.0,0.0,False,0.0,0.0,0.0,,,7,rider,0.2,0.5,heuristic,segformer_b2_cityscapes,acdc_rain_targetcal25,2,
,-1,True,,0.8461538461538461,0.00027569953817874193,,475,,,False,,,,,,7,rider,0.2,0.5,argmax,segformer_b2_cityscapes,acdc_rain_targetcal25,2,0.8611111111111112
1.0,1000,False,0.0,0.0,1.0,0.8357894736842105,78,151.0,0.0,False,0.0,0.0,0.0,,,7,bicycle,0.05,0.1,region_crc,segformer_b2_cityscapes,acdc_rain_targetcal25,5,
1.0,1000,True,0.0,0.0,1.0,0.8357894736842105,78,151.0,0.0,False,0.0,0.0,0.0,,,7,bicycle,0.05,0.1,heuristic,segformer_b2_cityscapes,acdc_rain_targetcal25,5,
,-1,True,,0.7192612942612943,0.0011803940869867802,,475,,,False,,,,,,7,bicycle,0.05,0.1,argmax,segformer_b2_cityscapes,acdc_rain_targetcal25,5,0.7019867549668874
1.0,1000,False,0.0,0.0,1.0,0.8357894736842105,78,151.0,0.0,False,0.0,0.0,0.0,,,7,bicycle,0.1,0.1,region_crc,segformer_b2_cityscapes,acdc_rain_targetcal25,5,
1.0,1000,True,0.0,0.0,1.0,0.8357894736842105,78,151.0,0.0,False,0.0,0.0,0.0,,,7,bicycle,0.1,0.1,heuristic,segformer_b2_cityscapes,acdc_rain_targetcal25,5,
,-1,True,,0.7192612942612943,0.0011803940869867802,,475,,,False,,,,,,7,bicycle,0.1,0.1,argmax,segformer_b2_cityscapes,acdc_rain_targetcal25,5,0.7019867549668874
1.0,1000,True,0.0,0.0,1.0,0.8357894736842105,78,151.0,0.0,False,0.0,0.0,0.0,,,7,bicycle,0.2,0.1,region_crc,segformer_b2_cityscapes,acdc_rain_targetcal25,5,
1.0,1000,True,0.0,0.0,1.0,0.8357894736842105,78,151.0,0.0,False,0.0,0.0,0.0,,,7,bicycle,0.2,0.1,heuristic,segformer_b2_cityscapes,acdc_rain_targetcal25,5,
,-1,True,,0.7192612942612943,0.0011803940869867802,,475,,,False,,,,,,7,bicycle,0.2,0.1,argmax,segformer_b2_cityscapes,acdc_rain_targetcal25,5,0.7019867549668874
1.0,1000,False,0.0,0.0,1.0,0.8357894736842105,78,151.0,0.0,False,0.0,0.0,0.0,,,7,bicycle,0.05,0.5,region_crc,segformer_b2_cityscapes,acdc_rain_targetcal25,5,
1.0,1000,True,0.0,0.0,1.0,0.8357894736842105,78,151.0,0.0,False,0.0,0.0,0.0,,,7,bicycle,0.05,0.5,heuristic,segformer_b2_cityscapes,acdc_rain_targetcal25,5,
,-1,True,,0.7659645909645909,0.0011803940869867802,,475,,,False,,,,,,7,bicycle,0.05,0.5,argmax,segformer_b2_cityscapes,acdc_rain_targetcal25,5,0.7483443708609272
1.0,1000,False,0.0,0.0,1.0,0.8357894736842105,78,151.0,0.0,False,0.0,0.0,0.0,,,7,bicycle,0.1,0.5,region_crc,segformer_b2_cityscapes,acdc_rain_targetcal25,5,
1.0,1000,True,0.0,0.0,1.0,0.8357894736842105,78,151.0,0.0,False,0.0,0.0,0.0,,,7,bicycle,0.1,0.5,heuristic,segformer_b2_cityscapes,acdc_rain_targetcal25,5,
,-1,True,,0.7659645909645909,0.0011803940869867802,,475,,,False,,,,,,7,bicycle,0.1,0.5,argmax,segformer_b2_cityscapes,acdc_rain_targetcal25,5,0.7483443708609272
1.0,1000,True,0.0,0.0,1.0,0.8357894736842105,78,151.0,0.0,False,0.0,0.0,0.0,,,7,bicycle,0.2,0.5,region_crc,segformer_b2_cityscapes,acdc_rain_targetcal25,5,
1.0,1000,True,0.0,0.0,1.0,0.8357894736842105,78,151.0,0.0,False,0.0,0.0,0.0,,,7,bicycle,0.2,0.5,heuristic,segformer_b2_cityscapes,acdc_rain_targetcal25,5,
,-1,True,,0.7659645909645909,0.0011803940869867802,,475,,,False,,,,,,7,bicycle,0.2,0.5,argmax,segformer_b2_cityscapes,acdc_rain_targetcal25,5,0.7483443708609272
1.0,1000,False,0.0,0.0,1.0,0.6505263157894737,166,328.0,0.0,False,0.0,0.0,0.0,,,8,person,0.05,0.1,region_crc,segformer_b2_cityscapes,acdc_rain_targetcal25,4,
1.0,1000,True,0.0,0.0,1.0,0.6505263157894737,166,328.0,0.0,False,0.0,0.0,0.0,,,8,person,0.05,0.1,heuristic,segformer_b2_cityscapes,acdc_rain_targetcal25,4,
,-1,True,,0.6368359886432176,0.001944130752235651,,475,,,False,,,,,,8,person,0.05,0.1,argmax,segformer_b2_cityscapes,acdc_rain_targetcal25,4,0.5762195121951219
1.0,1000,False,0.0,0.0,1.0,0.6505263157894737,166,328.0,0.0,False,0.0,0.0,0.0,,,8,person,0.1,0.1,region_crc,segformer_b2_cityscapes,acdc_rain_targetcal25,4,
1.0,1000,True,0.0,0.0,1.0,0.6505263157894737,166,328.0,0.0,False,0.0,0.0,0.0,,,8,person,0.1,0.1,heuristic,segformer_b2_cityscapes,acdc_rain_targetcal25,4,
,-1,True,,0.6368359886432176,0.001944130752235651,,475,,,False,,,,,,8,person,0.1,0.1,argmax,segformer_b2_cityscapes,acdc_rain_targetcal25,4,0.5762195121951219
1.0,1000,True,0.0,0.0,1.0,0.6505263157894737,166,328.0,0.0,False,0.0,0.0,0.0,,,8,person,0.2,0.1,region_crc,segformer_b2_cityscapes,acdc_rain_targetcal25,4,
1.0,1000,True,0.0,0.0,1.0,0.6505263157894737,166,328.0,0.0,False,0.0,0.0,0.0,,,8,person,0.2,0.1,heuristic,segformer_b2_cityscapes,acdc_rain_targetcal25,4,
,-1,True,,0.6368359886432176,0.001944130752235651,,475,,,False,,,,,,8,person,0.2,0.1,argmax,segformer_b2_cityscapes,acdc_rain_targetcal25,4,0.5762195121951219
1.0,1000,False,0.0,0.0,1.0,0.6505263157894737,166,328.0,0.0,False,0.0,0.0,0.0,,,8,person,0.05,0.5,region_crc,segformer_b2_cityscapes,acdc_rain_targetcal25,4,
1.0,1000,True,0.0,0.0,1.0,0.6505263157894737,166,328.0,0.0,False,0.0,0.0,0.0,,,8,person,0.05,0.5,heuristic,segformer_b2_cityscapes,acdc_rain_targetcal25,4,
,-1,True,,0.7480475013607544,0.001944130752235651,,475,,,False,,,,,,8,person,0.05,0.5,argmax,segformer_b2_cityscapes,acdc_rain_targetcal25,4,0.6920731707317073
1.0,1000,False,0.0,0.0,1.0,0.6505263157894737,166,328.0,0.0,False,0.0,0.0,0.0,,,8,person,0.1,0.5,region_crc,segformer_b2_cityscapes,acdc_rain_targetcal25,4,
1.0,1000,True,0.0,0.0,1.0,0.6505263157894737,166,328.0,0.0,False,0.0,0.0,0.0,,,8,person,0.1,0.5,heuristic,segformer_b2_cityscapes,acdc_rain_targetcal25,4,
,-1,True,,0.7480475013607544,0.001944130752235651,,475,,,False,,,,,,8,person,0.1,0.5,argmax,segformer_b2_cityscapes,acdc_rain_targetcal25,4,0.6920731707317073
1.0,1000,True,0.0,0.0,1.0,0.6505263157894737,166,328.0,0.0,False,0.0,0.0,0.0,,,8,person,0.2,0.5,region_crc,segformer_b2_cityscapes,acdc_rain_targetcal25,4,
1.0,1000,True,0.0,0.0,1.0,0.6505263157894737,166,328.0,0.0,False,0.0,0.0,0.0,,,8,person,0.2,0.5,heuristic,segformer_b2_cityscapes,acdc_rain_targetcal25,4,
,-1,True,,0.7480475013607544,0.001944130752235651,,475,,,False,,,,,,8,person,0.2,0.5,argmax,segformer_b2_cityscapes,acdc_rain_targetcal25,4,0.6920731707317073
,-1,False,,,,,475,,,False,,,,,,8,rider,0.05,0.1,region_crc,segformer_b2_cityscapes,acdc_rain_targetcal25,0,
,-1,False,,,,,475,,,False,,,,,,8,rider,0.05,0.1,heuristic,segformer_b2_cityscapes,acdc_rain_targetcal25,0,
,-1,True,,0.8035714285714286,0.00028120531351305544,,475,,,False,,,,,,8,rider,0.05,0.1,argmax,segformer_b2_cityscapes,acdc_rain_targetcal25,0,0.8157894736842105
,-1,False,,,,,475,,,False,,,,,,8,rider,0.1,0.1,region_crc,segformer_b2_cityscapes,acdc_rain_targetcal25,0,
,-1,False,,,,,475,,,False,,,,,,8,rider,0.1,0.1,heuristic,segformer_b2_cityscapes,acdc_rain_targetcal25,0,
,-1,True,,0.8035714285714286,0.00028120531351305544,,475,,,False,,,,,,8,rider,0.1,0.1,argmax,segformer_b2_cityscapes,acdc_rain_targetcal25,0,0.8157894736842105
,-1,False,,,,,475,,,False,,,,,,8,rider,0.2,0.1,region_crc,segformer_b2_cityscapes,acdc_rain_targetcal25,0,
,-1,False,,,,,475,,,False,,,,,,8,rider,0.2,0.1,heuristic,segformer_b2_cityscapes,acdc_rain_targetcal25,0,
,-1,True,,0.8035714285714286,0.00028120531351305544,,475,,,False,,,,,,8,rider,0.2,0.1,argmax,segformer_b2_cityscapes,acdc_rain_targetcal25,0,0.8157894736842105
,-1,False,,,,,475,,,False,,,,,,8,rider,0.05,0.5,region_crc,segformer_b2_cityscapes,acdc_rain_targetcal25,0,
,-1,False,,,,,475,,,False,,,,,,8,rider,0.05,0.5,heuristic,segformer_b2_cityscapes,acdc_rain_targetcal25,0,
,-1,True,,0.8571428571428571,0.00028120531351305544,,475,,,False,,,,,,8,rider,0.05,0.5,argmax,segformer_b2_cityscapes,acdc_rain_targetcal25,0,0.868421052631579
,-1,False,,,,,475,,,False,,,,,,8,rider,0.1,0.5,region_crc,segformer_b2_cityscapes,acdc_rain_targetcal25,0,
,-1,False,,,,,475,,,False,,,,,,8,rider,0.1,0.5,heuristic,segformer_b2_cityscapes,acdc_rain_targetcal25,0,
,-1,True,,0.8571428571428571,0.00028120531351305544,,475,,,False,,,,,,8,rider,0.1,0.5,argmax,segformer_b2_cityscapes,acdc_rain_targetcal25,0,0.868421052631579
,-1,False,,,,,475,,,False,,,,,,8,rider,0.2,0.5,region_crc,segformer_b2_cityscapes,acdc_rain_targetcal25,0,
,-1,False,,,,,475,,,False,,,,,,8,rider,0.2,0.5,heuristic,segformer_b2_cityscapes,acdc_rain_targetcal25,0,
,-1,True,,0.8571428571428571,0.00028120531351305544,,475,,,False,,,,,,8,rider,0.2,0.5,argmax,segformer_b2_cityscapes,acdc_rain_targetcal25,0,0.868421052631579
1.0,1000,False,0.0,0.0,1.0,0.8294736842105264,81,155.0,0.0,False,0.0,0.0,0.0,,,8,bicycle,0.05,0.1,region_crc,segformer_b2_cityscapes,acdc_rain_targetcal25,2,
1.0,1000,True,0.0,0.0,1.0,0.8294736842105264,81,155.0,0.0,False,0.0,0.0,0.0,,,8,bicycle,0.05,0.1,heuristic,segformer_b2_cityscapes,acdc_rain_targetcal25,2,
,-1,True,,0.7234861845972957,0.001190460636280477,,475,,,False,,,,,,8,bicycle,0.05,0.1,argmax,segformer_b2_cityscapes,acdc_rain_targetcal25,2,0.7032258064516129
1.0,1000,False,0.0,0.0,1.0,0.8294736842105264,81,155.0,0.0,False,0.0,0.0,0.0,,,8,bicycle,0.1,0.1,region_crc,segformer_b2_cityscapes,acdc_rain_targetcal25,2,
1.0,1000,True,0.0,0.0,1.0,0.8294736842105264,81,155.0,0.0,False,0.0,0.0,0.0,,,8,bicycle,0.1,0.1,heuristic,segformer_b2_cityscapes,acdc_rain_targetcal25,2,
,-1,True,,0.7234861845972957,0.001190460636280477,,475,,,False,,,,,,8,bicycle,0.1,0.1,argmax,segformer_b2_cityscapes,acdc_rain_targetcal25,2,0.7032258064516129
1.0,1000,False,0.0,0.0,1.0,0.8294736842105264,81,155.0,0.0,False,0.0,0.0,0.0,,,8,bicycle,0.2,0.1,region_crc,segformer_b2_cityscapes,acdc_rain_targetcal25,2,
1.0,1000,True,0.0,0.0,1.0,0.8294736842105264,81,155.0,0.0,False,0.0,0.0,0.0,,,8,bicycle,0.2,0.1,heuristic,segformer_b2_cityscapes,acdc_rain_targetcal25,2,
,-1,True,,0.7234861845972957,0.001190460636280477,,475,,,False,,,,,,8,bicycle,0.2,0.1,argmax,segformer_b2_cityscapes,acdc_rain_targetcal25,2,0.7032258064516129
1.0,1000,False,0.0,0.0,1.0,0.8294736842105264,81,155.0,0.0,False,0.0,0.0,0.0,,,8,bicycle,0.05,0.5,region_crc,segformer_b2_cityscapes,acdc_rain_targetcal25,2,
1.0,1000,True,0.0,0.0,1.0,0.8294736842105264,81,155.0,0.0,False,0.0,0.0,0.0,,,8,bicycle,0.05,0.5,heuristic,segformer_b2_cityscapes,acdc_rain_targetcal25,2,
,-1,True,,0.7684597295708406,0.001190460636280477,,475,,,False,,,,,,8,bicycle,0.05,0.5,argmax,segformer_b2_cityscapes,acdc_rain_targetcal25,2,0.7483870967741936
1.0,1000,False,0.0,0.0,1.0,0.8294736842105264,81,155.0,0.0,False,0.0,0.0,0.0,,,8,bicycle,0.1,0.5,region_crc,segformer_b2_cityscapes,acdc_rain_targetcal25,2,
1.0,1000,True,0.0,0.0,1.0,0.8294736842105264,81,155.0,0.0,False,0.0,0.0,0.0,,,8,bicycle,0.1,0.5,heuristic,segformer_b2_cityscapes,acdc_rain_targetcal25,2,
,-1,True,,0.7684597295708406,0.001190460636280477,,475,,,False,,,,,,8,bicycle,0.1,0.5,argmax,segformer_b2_cityscapes,acdc_rain_targetcal25,2,0.7483870967741936
1.0,1000,False,0.0,0.0,1.0,0.8294736842105264,81,155.0,0.0,False,0.0,0.0,0.0,,,8,bicycle,0.2,0.5,region_crc,segformer_b2_cityscapes,acdc_rain_targetcal25,2,
1.0,1000,True,0.0,0.0,1.0,0.8294736842105264,81,155.0,0.0,False,0.0,0.0,0.0,,,8,bicycle,0.2,0.5,heuristic,segformer_b2_cityscapes,acdc_rain_targetcal25,2,
,-1,True,,0.7684597295708406,0.001190460636280477,,475,,,False,,,,,,8,bicycle,0.2,0.5,argmax,segformer_b2_cityscapes,acdc_rain_targetcal25,2,0.7483870967741936
1.0,1000,False,0.0,0.0,1.0,0.6484210526315789,167,328.0,0.0,False,0.0,0.0,0.0,,,9,person,0.05,0.1,region_crc,segformer_b2_cityscapes,acdc_rain_targetcal25,3,
0.933,933,True,0.38593655180481523,0.38593655180481523,0.006303386762738228,5.92,167,328.0,0.10315789473684212,False,0.5026737967914439,0.17796610169491525,0.0,,,9,person,0.05,0.1,heuristic,segformer_b2_cityscapes,acdc_rain_targetcal25,3,
,-1,True,,0.6380126194497452,0.0019332877127453685,,475,,,False,,,,,,9,person,0.05,0.1,argmax,segformer_b2_cityscapes,acdc_rain_targetcal25,3,0.5792682926829268
1.0,1000,False,0.0,0.0,1.0,0.6484210526315789,167,328.0,0.0,False,0.0,0.0,0.0,,,9,person,0.1,0.1,region_crc,segformer_b2_cityscapes,acdc_rain_targetcal25,3,
0.933,933,True,0.38593655180481523,0.38593655180481523,0.006303386762738228,5.92,167,328.0,0.10315789473684212,False,0.5026737967914439,0.17796610169491525,0.0,,,9,person,0.1,0.1,heuristic,segformer_b2_cityscapes,acdc_rain_targetcal25,3,
,-1,True,,0.6380126194497452,0.0019332877127453685,,475,,,False,,,,,,9,person,0.1,0.1,argmax,segformer_b2_cityscapes,acdc_rain_targetcal25,3,0.5792682926829268
1.0,1000,False,0.0,0.0,1.0,0.6484210526315789,167,328.0,0.0,False,0.0,0.0,0.0,,,9,person,0.2,0.1,region_crc,segformer_b2_cityscapes,acdc_rain_targetcal25,3,
0.933,933,True,0.38593655180481523,0.38593655180481523,0.006303386762738228,5.92,167,328.0,0.10315789473684212,False,0.5026737967914439,0.17796610169491525,0.0,,,9,person,0.2,0.1,heuristic,segformer_b2_cityscapes,acdc_rain_targetcal25,3,
,-1,True,,0.6380126194497452,0.0019332877127453685,,475,,,False,,,,,,9,person,0.2,0.1,argmax,segformer_b2_cityscapes,acdc_rain_targetcal25,3,0.5792682926829268
1.0,1000,False,0.0,0.0,1.0,0.6484210526315789,167,328.0,0.0,False,0.0,0.0,0.0,,,9,person,0.05,0.5,region_crc,segformer_b2_cityscapes,acdc_rain_targetcal25,3,
0.988,988,True,0.3017433996475912,0.3017433996475913,0.01512567326426506,0.6484210526315789,167,328.0,0.09263157894736851,False,0.35294117647058826,0.19491525423728814,0.0,,,9,person,0.05,0.5,heuristic,segformer_b2_cityscapes,acdc_rain_targetcal25,3,
,-1,True,,0.7455641829893327,0.0019332877127453685,,475,,,False,,,,,,9,person,0.05,0.5,argmax,segformer_b2_cityscapes,acdc_rain_targetcal25,3,0.6920731707317073
1.0,1000,False,0.0,0.0,1.0,0.6484210526315789,167,328.0,0.0,False,0.0,0.0,0.0,,,9,person,0.1,0.5,region_crc,segformer_b2_cityscapes,acdc_rain_targetcal25,3,
0.988,988,True,0.3017433996475912,0.3017433996475913,0.01512567326426506,0.6484210526315789,167,328.0,0.09263157894736851,False,0.35294117647058826,0.19491525423728814,0.0,,,9,person,0.1,0.5,heuristic,segformer_b2_cityscapes,acdc_rain_targetcal25,3,
,-1,True,,0.7455641829893327,0.0019332877127453685,,475,,,False,,,,,,9,person,0.1,0.5,argmax,segformer_b2_cityscapes,acdc_rain_targetcal25,3,0.6920731707317073
1.0,1000,False,0.0,0.0,1.0,0.6484210526315789,167,328.0,0.0,False,0.0,0.0,0.0,,,9,person,0.2,0.5,region_crc,segformer_b2_cityscapes,acdc_rain_targetcal25,3,
0.988,988,True,0.3017433996475912,0.3017433996475913,0.01512567326426506,0.6484210526315789,167,328.0,0.09263157894736851,False,0.35294117647058826,0.19491525423728814,0.0,,,9,person,0.2,0.5,heuristic,segformer_b2_cityscapes,acdc_rain_targetcal25,3,
,-1,True,,0.7455641829893327,0.0019332877127453685,,475,,,False,,,,,,9,person,0.2,0.5,argmax,segformer_b2_cityscapes,acdc_rain_targetcal25,3,0.6920731707317073
1.0,1000,False,0.0,0.0,1.0,0.9452631578947368,26,35.0,0.0,False,0.0,0.0,0.0,,,9,rider,0.05,0.1,region_crc,segformer_b2_cityscapes,acdc_rain_targetcal25,2,
1.0,1000,True,0.0,0.0,1.0,0.9452631578947368,26,35.0,0.0,False,0.0,0.0,0.0,,,9,rider,0.05,0.1,heuristic,segformer_b2_cityscapes,acdc_rain_targetcal25,2,
,-1,True,,0.8269230769230769,0.0002779260103125125,,475,,,False,,,,,,9,rider,0.05,0.1,argmax,segformer_b2_cityscapes,acdc_rain_targetcal25,2,0.8285714285714286
1.0,1000,False,0.0,0.0,1.0,0.9452631578947368,26,35.0,0.0,False,0.0,0.0,0.0,,,9,rider,0.1,0.1,region_crc,segformer_b2_cityscapes,acdc_rain_targetcal25,2,
1.0,1000,True,0.0,0.0,1.0,0.9452631578947368,26,35.0,0.0,False,0.0,0.0,0.0,,,9,rider,0.1,0.1,heuristic,segformer_b2_cityscapes,acdc_rain_targetcal25,2,
,-1,True,,0.8269230769230769,0.0002779260103125125,,475,,,False,,,,,,9,rider,0.1,0.1,argmax,segformer_b2_cityscapes,acdc_rain_targetcal25,2,0.8285714285714286
1.0,1000,False,0.0,0.0,1.0,0.9452631578947368,26,35.0,0.0,False,0.0,0.0,0.0,,,9,rider,0.2,0.1,region_crc,segformer_b2_cityscapes,acdc_rain_targetcal25,2,
1.0,1000,True,0.0,0.0,1.0,0.9452631578947368,26,35.0,0.0,False,0.0,0.0,0.0,,,9,rider,0.2,0.1,heuristic,segformer_b2_cityscapes,acdc_rain_targetcal25,2,
,-1,True,,0.8269230769230769,0.0002779260103125125,,475,,,False,,,,,,9,rider,0.2,0.1,argmax,segformer_b2_cityscapes,acdc_rain_targetcal25,2,0.8285714285714286
1.0,1000,False,0.0,0.0,1.0,0.9452631578947368,26,35.0,0.0,False,0.0,0.0,0.0,,,9,rider,0.05,0.5,region_crc,segformer_b2_cityscapes,acdc_rain_targetcal25,2,
1.0,1000,True,0.0,0.0,1.0,0.9452631578947368,26,35.0,0.0,False,0.0,0.0,0.0,,,9,rider,0.05,0.5,heuristic,segformer_b2_cityscapes,acdc_rain_targetcal25,2,
,-1,True,,0.8461538461538461,0.0002779260103125125,,475,,,False,,,,,,9,rider,0.05,0.5,argmax,segformer_b2_cityscapes,acdc_rain_targetcal25,2,0.8571428571428571
1.0,1000,False,0.0,0.0,1.0,0.9452631578947368,26,35.0,0.0,False,0.0,0.0,0.0,,,9,rider,0.1,0.5,region_crc,segformer_b2_cityscapes,acdc_rain_targetcal25,2,
1.0,1000,True,0.0,0.0,1.0,0.9452631578947368,26,35.0,0.0,False,0.0,0.0,0.0,,,9,rider,0.1,0.5,heuristic,segformer_b2_cityscapes,acdc_rain_targetcal25,2,
,-1,True,,0.8461538461538461,0.0002779260103125125,,475,,,False,,,,,,9,rider,0.1,0.5,argmax,segformer_b2_cityscapes,acdc_rain_targetcal25,2,0.8571428571428571
1.0,1000,False,0.0,0.0,1.0,0.9452631578947368,26,35.0,0.0,False,0.0,0.0,0.0,,,9,rider,0.2,0.5,region_crc,segformer_b2_cityscapes,acdc_rain_targetcal25,2,
1.0,1000,True,0.0,0.0,1.0,0.9452631578947368,26,35.0,0.0,False,0.0,0.0,0.0,,,9,rider,0.2,0.5,heuristic,segformer_b2_cityscapes,acdc_rain_targetcal25,2,
,-1,True,,0.8461538461538461,0.0002779260103125125,,475,,,False,,,,,,9,rider,0.2,0.5,argmax,segformer_b2_cityscapes,acdc_rain_targetcal25,2,0.8571428571428571
1.0,1000,False,0.0,0.0,1.0,0.8315789473684211,80,152.0,0.0,False,0.0,0.0,0.0,,,9,bicycle,0.05,0.1,region_crc,segformer_b2_cityscapes,acdc_rain_targetcal25,3,
0.803,803,True,0.6882440476190477,0.6882440476190477,0.0015793578932061791,0.7726315789473684,80,152.0,0.11999999999999988,False,0.8433734939759037,0.5454545454545454,0.0,,,9,bicycle,0.05,0.1,heuristic,segformer_b2_cityscapes,acdc_rain_targetcal25,3,
,-1,True,,0.7450297619047619,0.0011395550100132823,,475,,,False,,,,,,9,bicycle,0.05,0.1,argmax,segformer_b2_cityscapes,acdc_rain_targetcal25,3,0.7236842105263158
1.0,1000,False,0.0,0.0,1.0,0.8315789473684211,80,152.0,0.0,False,0.0,0.0,0.0,,,9,bicycle,0.1,0.1,region_crc,segformer_b2_cityscapes,acdc_rain_targetcal25,3,
0.803,803,True,0.6882440476190477,0.6882440476190477,0.0015793578932061791,0.7726315789473684,80,152.0,0.11999999999999988,False,0.8433734939759037,0.5454545454545454,0.0,,,9,bicycle,0.1,0.1,heuristic,segformer_b2_cityscapes,acdc_rain_targetcal25,3,
,-1,True,,0.7450297619047619,0.0011395550100132823,,475,,,False,,,,,,9,bicycle,0.1,0.1,argmax,segformer_b2_cityscapes,acdc_rain_targetcal25,3,0.7236842105263158
1.0,1000,False,0.0,0.0,1.0,0.8315789473684211,80,152.0,0.0,False,0.0,0.0,0.0,,,9,bicycle,0.2,0.1,region_crc,segformer_b2_cityscapes,acdc_rain_targetcal25,3,
0.728,728,True,0.7154464285714285,0.7154464285714286,0.0013576443307101727,0.64,80,152.0,0.11578947368421044,False,0.8674698795180723,0.6,0.0,,,9,bicycle,0.2,0.1,heuristic,segformer_b2_cityscapes,acdc_rain_targetcal25,3,
,-1,True,,0.7450297619047619,0.0011395550100132823,,475,,,False,,,,,,9,bicycle,0.2,0.1,argmax,segformer_b2_cityscapes,acdc_rain_targetcal25,3,0.7236842105263158
1.0,1000,False,0.0,0.0,1.0,0.8315789473684211,80,152.0,0.0,False,0.0,0.0,0.0,,,9,bicycle,0.05,0.5,region_crc,segformer_b2_cityscapes,acdc_rain_targetcal25,3,
0.843,843,True,0.7446130952380952,0.7446130952380953,0.0017494579078629613,1.0505263157894738,80,152.0,0.12842105263157888,False,0.8795180722891566,0.6363636363636364,0.0,,,9,bicycle,0.05,0.5,heuristic,segformer_b2_cityscapes,acdc_rain_targetcal25,3,
,-1,True,,0.7905654761904761,0.0011395550100132823,,475,,,False,,,,,,9,bicycle,0.05,0.5,argmax,segformer_b2_cityscapes,acdc_rain_targetcal25,3,0.7697368421052632
1.0,1000,False,0.0,0.0,1.0,0.8315789473684211,80,152.0,0.0,False,0.0,0.0,0.0,,,9,bicycle,0.1,0.5,region_crc,segformer_b2_cityscapes,acdc_rain_targetcal25,3,
0.843,843,True,0.7446130952380952,0.7446130952380953,0.0017494579078629613,1.0505263157894738,80,152.0,0.12842105263157888,False,0.8795180722891566,0.6363636363636364,0.0,,,9,bicycle,0.1,0.5,heuristic,segformer_b2_cityscapes,acdc_rain_targetcal25,3,
,-1,True,,0.7905654761904761,0.0011395550100132823,,475,,,False,,,,,,9,bicycle,0.1,0.5,argmax,segformer_b2_cityscapes,acdc_rain_targetcal25,3,0.7697368421052632
1.0,1000,False,0.0,0.0,1.0,0.8315789473684211,80,152.0,0.0,False,0.0,0.0,0.0,,,9,bicycle,0.2,0.5,region_crc,segformer_b2_cityscapes,acdc_rain_targetcal25,3,
0.803,803,True,0.7471130952380952,0.7471130952380952,0.0015793578932061791,0.7726315789473684,80,152.0,0.11999999999999988,False,0.8795180722891566,0.6545454545454545,0.0,,,9,bicycle,0.2,0.5,heuristic,segformer_b2_cityscapes,acdc_rain_targetcal25,3,
,-1,True,,0.7905654761904761,0.0011395550100132823,,475,,,False,,,,,,9,bicycle,0.2,0.5,argmax,segformer_b2_cityscapes,acdc_rain_targetcal25,3,0.7697368421052632
1.0,1000,False,0.0,0.0,1.0,0.6526315789473685,165,327.0,0.0,False,0.0,0.0,0.0,,,10,person,0.05,0.1,region_crc,segformer_b2_cityscapes,acdc_rain_targetcal25,5,
1.0,1000,True,0.0,0.0,1.0,0.6526315789473685,165,327.0,0.0,False,0.0,0.0,0.0,,,10,person,0.05,0.1,heuristic,segformer_b2_cityscapes,acdc_rain_targetcal25,5,
,-1,True,,0.6265541865541865,0.001945767435245216,,475,,,False,,,,,,10,person,0.05,0.1,argmax,segformer_b2_cityscapes,acdc_rain_targetcal25,5,0.5688073394495413
1.0,1000,False,0.0,0.0,1.0,0.6526315789473685,165,327.0,0.0,False,0.0,0.0,0.0,,,10,person,0.1,0.1,region_crc,segformer_b2_cityscapes,acdc_rain_targetcal25,5,
0.979,979,True,0.22497798497798496,0.224977984977985,0.011636888608336449,9.757894736842106,165,327.0,0.10736842105263156,False,0.27717391304347827,0.10833333333333334,0.0,,,10,person,0.1,0.1,heuristic,segformer_b2_cityscapes,acdc_rain_targetcal25,5,
,-1,True,,0.6265541865541865,0.001945767435245216,,475,,,False,,,,,,10,person,0.1,0.1,argmax,segformer_b2_cityscapes,acdc_rain_targetcal25,5,0.5688073394495413
1.0,1000,True,0.0,0.0,1.0,0.6526315789473685,165,327.0,0.0,False,0.0,0.0,0.0,,,10,person,0.2,0.1,region_crc,segformer_b2_cityscapes,acdc_rain_targetcal25,5,
0.975,975,True,0.25529988529988523,0.2552998852998853,0.010677224956452847,9.757894736842106,165,327.0,0.10526315789473684,False,0.30434782608695654,0.15,0.0,,,10,person,0.2,0.1,heuristic,segformer_b2_cityscapes,acdc_rain_targetcal25,5,
,-1,True,,0.6265541865541865,0.001945767435245216,,475,,,False,,,,,,10,person,0.2,0.1,argmax,segformer_b2_cityscapes,acdc_rain_targetcal25,5,0.5688073394495413
1.0,1000,False,0.0,0.0,1.0,0.6526315789473685,165,327.0,0.0,False,0.0,0.0,0.0,,,10,person,0.05,0.5,region_crc,segformer_b2_cityscapes,acdc_rain_targetcal25,5,
1.0,1000,True,0.0,0.0,1.0,0.6526315789473685,165,327.0,0.0,False,0.0,0.0,0.0,,,10,person,0.05,0.5,heuristic,segformer_b2_cityscapes,acdc_rain_targetcal25,5,
,-1,True,,0.7384397084397084,0.001945767435245216,,475,,,False,,,,,,10,person,0.05,0.5,argmax,segformer_b2_cityscapes,acdc_rain_targetcal25,5,0.6850152905198776
1.0,1000,False,0.0,0.0,1.0,0.6526315789473685,165,327.0,0.0,False,0.0,0.0,0.0,,,10,person,0.1,0.5,region_crc,segformer_b2_cityscapes,acdc_rain_targetcal25,5,
1.0,1000,True,0.0,0.0,1.0,0.6526315789473685,165,327.0,0.0,False,0.0,0.0,0.0,,,10,person,0.1,0.5,heuristic,segformer_b2_cityscapes,acdc_rain_targetcal25,5,
,-1,True,,0.7384397084397084,0.001945767435245216,,475,,,False,,,,,,10,person,0.1,0.5,argmax,segformer_b2_cityscapes,acdc_rain_targetcal25,5,0.6850152905198776
1.0,1000,True,0.0,0.0,1.0,0.6526315789473685,165,327.0,0.0,False,0.0,0.0,0.0,,,10,person,0.2,0.5,region_crc,segformer_b2_cityscapes,acdc_rain_targetcal25,5,
0.991,991,True,0.25160580160580165,0.2516058016058016,0.01722845621407032,0.6526315789473685,165,327.0,0.09473684210526312,False,0.29347826086956524,0.16666666666666666,0.0,,,10,person,0.2,0.5,heuristic,segformer_b2_cityscapes,acdc_rain_targetcal25,5,
,-1,True,,0.7384397084397084,0.001945767435245216,,475,,,False,,,,,,10,person,0.2,0.5,argmax,segformer_b2_cityscapes,acdc_rain_targetcal25,5,0.6850152905198776
1.0,1000,False,0.0,0.0,1.0,0.9431578947368421,27,36.0,0.0,False,0.0,0.0,0.0,,,10,rider,0.05,0.1,region_crc,segformer_b2_cityscapes,acdc_rain_targetcal25,1,
1.0,1000,True,0.0,0.0,1.0,0.9431578947368421,27,36.0,0.0,False,0.0,0.0,0.0,,,10,rider,0.05,0.1,heuristic,segformer_b2_cityscapes,acdc_rain_targetcal25,1,
,-1,True,,0.7962962962962963,0.00028120531351305544,,475,,,False,,,,,,10,rider,0.05,0.1,argmax,segformer_b2_cityscapes,acdc_rain_targetcal25,1,0.8055555555555556
1.0,1000,False,0.0,0.0,1.0,0.9431578947368421,27,36.0,0.0,False,0.0,0.0,0.0,,,10,rider,0.1,0.1,region_crc,segformer_b2_cityscapes,acdc_rain_targetcal25,1,
1.0,1000,True,0.0,0.0,1.0,0.9431578947368421,27,36.0,0.0,False,0.0,0.0,0.0,,,10,rider,0.1,0.1,heuristic,segformer_b2_cityscapes,acdc_rain_targetcal25,1,
,-1,True,,0.7962962962962963,0.00028120531351305544,,475,,,False,,,,,,10,rider,0.1,0.1,argmax,segformer_b2_cityscapes,acdc_rain_targetcal25,1,0.8055555555555556
1.0,1000,False,0.0,0.0,1.0,0.9431578947368421,27,36.0,0.0,False,0.0,0.0,0.0,,,10,rider,0.2,0.1,region_crc,segformer_b2_cityscapes,acdc_rain_targetcal25,1,
1.0,1000,True,0.0,0.0,1.0,0.9431578947368421,27,36.0,0.0,False,0.0,0.0,0.0,,,10,rider,0.2,0.1,heuristic,segformer_b2_cityscapes,acdc_rain_targetcal25,1,
,-1,True,,0.7962962962962963,0.00028120531351305544,,475,,,False,,,,,,10,rider,0.2,0.1,argmax,segformer_b2_cityscapes,acdc_rain_targetcal25,1,0.8055555555555556
1.0,1000,False,0.0,0.0,1.0,0.9431578947368421,27,36.0,0.0,False,0.0,0.0,0.0,,,10,rider,0.05,0.5,region_crc,segformer_b2_cityscapes,acdc_rain_targetcal25,1,
1.0,1000,True,0.0,0.0,1.0,0.9431578947368421,27,36.0,0.0,False,0.0,0.0,0.0,,,10,rider,0.05,0.5,heuristic,segformer_b2_cityscapes,acdc_rain_targetcal25,1,
,-1,True,,0.8518518518518519,0.00028120531351305544,,475,,,False,,,,,,10,rider,0.05,0.5,argmax,segformer_b2_cityscapes,acdc_rain_targetcal25,1,0.8611111111111112
1.0,1000,False,0.0,0.0,1.0,0.9431578947368421,27,36.0,0.0,False,0.0,0.0,0.0,,,10,rider,0.1,0.5,region_crc,segformer_b2_cityscapes,acdc_rain_targetcal25,1,
1.0,1000,True,0.0,0.0,1.0,0.9431578947368421,27,36.0,0.0,False,0.0,0.0,0.0,,,10,rider,0.1,0.5,heuristic,segformer_b2_cityscapes,acdc_rain_targetcal25,1,
,-1,True,,0.8518518518518519,0.00028120531351305544,,475,,,False,,,,,,10,rider,0.1,0.5,argmax,segformer_b2_cityscapes,acdc_rain_targetcal25,1,0.8611111111111112
1.0,1000,False,0.0,0.0,1.0,0.9431578947368421,27,36.0,0.0,False,0.0,0.0,0.0,,,10,rider,0.2,0.5,region_crc,segformer_b2_cityscapes,acdc_rain_targetcal25,1,
1.0,1000,True,0.0,0.0,1.0,0.9431578947368421,27,36.0,0.0,False,0.0,0.0,0.0,,,10,rider,0.2,0.5,heuristic,segformer_b2_cityscapes,acdc_rain_targetcal25,1,
,-1,True,,0.8518518518518519,0.00028120531351305544,,475,,,False,,,,,,10,rider,0.2,0.5,argmax,segformer_b2_cityscapes,acdc_rain_targetcal25,1,0.8611111111111112
1.0,1000,False,0.0,0.0,1.0,0.8315789473684211,80,151.0,0.0,False,0.0,0.0,0.0,,,10,bicycle,0.05,0.1,region_crc,segformer_b2_cityscapes,acdc_rain_targetcal25,3,
0.998,998,True,0.28428571428571425,0.28428571428571425,0.013656452298164368,0.8315789473684211,80,151.0,0.1242105263157895,False,0.40476190476190477,0.11320754716981132,0.0,,,10,bicycle,0.05,0.1,heuristic,segformer_b2_cityscapes,acdc_rain_targetcal25,3,
,-1,True,,0.7325297619047619,0.001064660376869142,,475,,,False,,,,,,10,bicycle,0.05,0.1,argmax,segformer_b2_cityscapes,acdc_rain_targetcal25,3,0.7019867549668874
1.0,1000,False,0.0,0.0,1.0,0.8315789473684211,80,151.0,0.0,False,0.0,0.0,0.0,,,10,bicycle,0.1,0.1,region_crc,segformer_b2_cityscapes,acdc_rain_targetcal25,3,
0.997,997,True,0.29470238095238094,0.29470238095238094,0.01132294163107872,0.8315789473684211,80,151.0,0.1347368421052632,False,0.42857142857142855,0.11320754716981132,0.0,,,10,bicycle,0.1,0.1,heuristic,segformer_b2_cityscapes,acdc_rain_targetcal25,3,
,-1,True,,0.7325297619047619,0.001064660376869142,,475,,,False,,,,,,10,bicycle,0.1,0.1,argmax,segformer_b2_cityscapes,acdc_rain_targetcal25,3,0.7019867549668874
1.0,1000,False,0.0,0.0,1.0,0.8315789473684211,80,151.0,0.0,False,0.0,0.0,0.0,,,10,bicycle,0.2,0.1,region_crc,segformer_b2_cityscapes,acdc_rain_targetcal25,3,
0.996,996,True,0.30720238095238095,0.30720238095238095,0.009881819598376751,0.8315789473684211,80,151.0,0.16842105263157897,False,0.44047619047619047,0.11320754716981132,0.0,,,10,bicycle,0.2,0.1,heuristic,segformer_b2_cityscapes,acdc_rain_targetcal25,3,
,-1,True,,0.7325297619047619,0.001064660376869142,,475,,,False,,,,,,10,bicycle,0.2,0.1,argmax,segformer_b2_cityscapes,acdc_rain_targetcal25,3,0.7019867549668874
1.0,1000,False,0.0,0.0,1.0,0.8315789473684211,80,151.0,0.0,False,0.0,0.0,0.0,,,10,bicycle,0.05,0.5,region_crc,segformer_b2_cityscapes,acdc_rain_targetcal25,3,
1.0,1000,True,0.0,0.0,1.0,0.8315789473684211,80,151.0,0.0,False,0.0,0.0,0.0,,,10,bicycle,0.05,0.5,heuristic,segformer_b2_cityscapes,acdc_rain_targetcal25,3,
,-1,True,,0.7780654761904762,0.001064660376869142,,475,,,False,,,,,,10,bicycle,0.05,0.5,argmax,segformer_b2_cityscapes,acdc_rain_targetcal25,3,0.7483443708609272
1.0,1000,False,0.0,0.0,1.0,0.8315789473684211,80,151.0,0.0,False,0.0,0.0,0.0,,,10,bicycle,0.1,0.5,region_crc,segformer_b2_cityscapes,acdc_rain_targetcal25,3,
0.998,998,True,0.33220238095238097,0.33220238095238097,0.013656452298164368,0.8315789473684211,80,151.0,0.1242105263157895,False,0.4523809523809524,0.1509433962264151,0.0,,,10,bicycle,0.1,0.5,heuristic,segformer_b2_cityscapes,acdc_rain_targetcal25,3,
,-1,True,,0.7780654761904762,0.001064660376869142,,475,,,False,,,,,,10,bicycle,0.1,0.5,argmax,segformer_b2_cityscapes,acdc_rain_targetcal25,3,0.7483443708609272
1.0,1000,False,0.0,0.0,1.0,0.8315789473684211,80,151.0,0.0,False,0.0,0.0,0.0,,,10,bicycle,0.2,0.5,region_crc,segformer_b2_cityscapes,acdc_rain_targetcal25,3,
0.998,998,True,0.33220238095238097,0.33220238095238097,0.013656452298164368,0.8315789473684211,80,151.0,0.1242105263157895,False,0.4523809523809524,0.1509433962264151,0.0,,,10,bicycle,0.2,0.5,heuristic,segformer_b2_cityscapes,acdc_rain_targetcal25,3,
,-1,True,,0.7780654761904762,0.001064660376869142,,475,,,False,,,,,,10,bicycle,0.2,0.5,argmax,segformer_b2_cityscapes,acdc_rain_targetcal25,3,0.7483443708609272
1.0,1000,False,0.0,0.0,1.0,0.6610526315789473,161,309.0,0.0,False,0.0,0.0,0.0,,,11,person,0.05,0.1,region_crc,segformer_b2_cityscapes,acdc_rain_targetcal25,9,
1.0,1000,True,0.0,0.0,1.0,0.6610526315789473,161,309.0,0.0,False,0.0,0.0,0.0,,,11,person,0.05,0.1,heuristic,segformer_b2_cityscapes,acdc_rain_targetcal25,9,
,-1,True,,0.6408095010579482,0.001820413046516478,,475,,,False,,,,,,11,person,0.05,0.1,argmax,segformer_b2_cityscapes,acdc_rain_targetcal25,9,0.5922330097087378
1.0,1000,True,0.0,0.0,1.0,0.6610526315789473,161,309.0,0.0,False,0.0,0.0,0.0,,,11,person,0.1,0.1,region_crc,segformer_b2_cityscapes,acdc_rain_targetcal25,9,
0.996,996,True,0.09989648033126296,0.09989648033126293,0.024211814627051353,0.6610526315789473,161,309.0,0.14315789473684215,False,0.1005586592178771,0.07207207207207207,0.0,,,11,person,0.1,0.1,heuristic,segformer_b2_cityscapes,acdc_rain_targetcal25,9,
,-1,True,,0.6408095010579482,0.001820413046516478,,475,,,False,,,,,,11,person,0.1,0.1,argmax,segformer_b2_cityscapes,acdc_rain_targetcal25,9,0.5922330097087378
0.996,996,True,0.09989648033126296,0.09989648033126293,0.024211814627051353,0.6610526315789473,161,309.0,0.14315789473684215,False,0.1005586592178771,0.07207207207207207,0.0,,,11,person,0.2,0.1,region_crc,segformer_b2_cityscapes,acdc_rain_targetcal25,9,
0.985,985,True,0.20254817646121995,0.20254817646121995,0.01350768655538559,9.696842105263158,161,309.0,0.10736842105263156,False,0.24581005586592178,0.10810810810810811,0.0,,,11,person,0.2,0.1,heuristic,segformer_b2_cityscapes,acdc_rain_targetcal25,9,
,-1,True,,0.6408095010579482,0.001820413046516478,,475,,,False,,,,,,11,person,0.2,0.1,argmax,segformer_b2_cityscapes,acdc_rain_targetcal25,9,0.5922330097087378
1.0,1000,False,0.0,0.0,1.0,0.6610526315789473,161,309.0,0.0,False,0.0,0.0,0.0,,,11,person,0.05,0.5,region_crc,segformer_b2_cityscapes,acdc_rain_targetcal25,9,
1.0,1000,True,0.0,0.0,1.0,0.6610526315789473,161,309.0,0.0,False,0.0,0.0,0.0,,,11,person,0.05,0.5,heuristic,segformer_b2_cityscapes,acdc_rain_targetcal25,9,
,-1,True,,0.7506438695879689,0.001820413046516478,,475,,,False,,,,,,11,person,0.05,0.5,argmax,segformer_b2_cityscapes,acdc_rain_targetcal25,9,0.7055016181229773
1.0,1000,True,0.0,0.0,1.0,0.6610526315789473,161,309.0,0.0,False,0.0,0.0,0.0,,,11,person,0.1,0.5,region_crc,segformer_b2_cityscapes,acdc_rain_targetcal25,9,
0.998,998,True,0.11076604554865424,0.11076604554865424,0.031993210315704346,0.6610526315789473,161,309.0,0.14526315789473684,False,0.10614525139664804,0.09009009009009009,0.0,,,11,person,0.1,0.5,heuristic,segformer_b2_cityscapes,acdc_rain_targetcal25,9,
,-1,True,,0.7506438695879689,0.001820413046516478,,475,,,False,,,,,,11,person,0.1,0.5,argmax,segformer_b2_cityscapes,acdc_rain_targetcal25,9,0.7055016181229773
0.998,998,True,0.11076604554865424,0.11076604554865424,0.031993210315704346,0.6610526315789473,161,309.0,0.14526315789473684,False,0.10614525139664804,0.09009009009009009,0.0,,,11,person,0.2,0.5,region_crc,segformer_b2_cityscapes,acdc_rain_targetcal25,9,
0.992,992,True,0.2303949673514891,0.2303949673514891,0.017966974526643753,0.6610526315789473,161,309.0,0.12,False,0.24581005586592178,0.18018018018018017,0.0,,,11,person,0.2,0.5,heuristic,segformer_b2_cityscapes,acdc_rain_targetcal25,9,
,-1,True,,0.7506438695879689,0.001820413046516478,,475,,,False,,,,,,11,person,0.2,0.5,argmax,segformer_b2_cityscapes,acdc_rain_targetcal25,9,0.7055016181229773
1.0,1000,False,0.0,0.0,1.0,0.9473684210526315,25,34.0,0.0,False,0.0,0.0,0.0,,,11,rider,0.05,0.1,region_crc,segformer_b2_cityscapes,acdc_rain_targetcal25,3,
1.0,1000,True,0.0,0.0,1.0,0.9473684210526315,25,34.0,0.0,False,0.0,0.0,0.0,,,11,rider,0.05,0.1,heuristic,segformer_b2_cityscapes,acdc_rain_targetcal25,3,
,-1,True,,0.78,0.00028043065685778856,,475,,,False,,,,,,11,rider,0.05,0.1,argmax,segformer_b2_cityscapes,acdc_rain_targetcal25,3,0.7941176470588235
1.0,1000,False,0.0,0.0,1.0,0.9473684210526315,25,34.0,0.0,False,0.0,0.0,0.0,,,11,rider,0.1,0.1,region_crc,segformer_b2_cityscapes,acdc_rain_targetcal25,3,
1.0,1000,True,0.0,0.0,1.0,0.9473684210526315,25,34.0,0.0,False,0.0,0.0,0.0,,,11,rider,0.1,0.1,heuristic,segformer_b2_cityscapes,acdc_rain_targetcal25,3,
,-1,True,,0.78,0.00028043065685778856,,475,,,False,,,,,,11,rider,0.1,0.1,argmax,segformer_b2_cityscapes,acdc_rain_targetcal25,3,0.7941176470588235
1.0,1000,False,0.0,0.0,1.0,0.9473684210526315,25,34.0,0.0,False,0.0,0.0,0.0,,,11,rider,0.2,0.1,region_crc,segformer_b2_cityscapes,acdc_rain_targetcal25,3,
1.0,1000,True,0.0,0.0,1.0,0.9473684210526315,25,34.0,0.0,False,0.0,0.0,0.0,,,11,rider,0.2,0.1,heuristic,segformer_b2_cityscapes,acdc_rain_targetcal25,3,
,-1,True,,0.78,0.00028043065685778856,,475,,,False,,,,,,11,rider,0.2,0.1,argmax,segformer_b2_cityscapes,acdc_rain_targetcal25,3,0.7941176470588235
1.0,1000,False,0.0,0.0,1.0,0.9473684210526315,25,34.0,0.0,False,0.0,0.0,0.0,,,11,rider,0.05,0.5,region_crc,segformer_b2_cityscapes,acdc_rain_targetcal25,3,
1.0,1000,True,0.0,0.0,1.0,0.9473684210526315,25,34.0,0.0,False,0.0,0.0,0.0,,,11,rider,0.05,0.5,heuristic,segformer_b2_cityscapes,acdc_rain_targetcal25,3,
,-1,True,,0.84,0.00028043065685778856,,475,,,False,,,,,,11,rider,0.05,0.5,argmax,segformer_b2_cityscapes,acdc_rain_targetcal25,3,0.8529411764705882
1.0,1000,False,0.0,0.0,1.0,0.9473684210526315,25,34.0,0.0,False,0.0,0.0,0.0,,,11,rider,0.1,0.5,region_crc,segformer_b2_cityscapes,acdc_rain_targetcal25,3,
1.0,1000,True,0.0,0.0,1.0,0.9473684210526315,25,34.0,0.0,False,0.0,0.0,0.0,,,11,rider,0.1,0.5,heuristic,segformer_b2_cityscapes,acdc_rain_targetcal25,3,
,-1,True,,0.84,0.00028043065685778856,,475,,,False,,,,,,11,rider,0.1,0.5,argmax,segformer_b2_cityscapes,acdc_rain_targetcal25,3,0.8529411764705882
1.0,1000,False,0.0,0.0,1.0,0.9473684210526315,25,34.0,0.0,False,0.0,0.0,0.0,,,11,rider,0.2,0.5,region_crc,segformer_b2_cityscapes,acdc_rain_targetcal25,3,
1.0,1000,True,0.0,0.0,1.0,0.9473684210526315,25,34.0,0.0,False,0.0,0.0,0.0,,,11,rider,0.2,0.5,heuristic,segformer_b2_cityscapes,acdc_rain_targetcal25,3,
,-1,True,,0.84,0.00028043065685778856,,475,,,False,,,,,,11,rider,0.2,0.5,argmax,segformer_b2_cityscapes,acdc_rain_targetcal25,3,0.8529411764705882
1.0,1000,False,0.0,0.0,1.0,0.8336842105263158,79,154.0,0.0,False,0.0,0.0,0.0,,,11,bicycle,0.05,0.1,region_crc,segformer_b2_cityscapes,acdc_rain_targetcal25,4,
1.0,1000,True,0.0,0.0,1.0,0.8336842105263158,79,154.0,0.0,False,0.0,0.0,0.0,,,11,bicycle,0.05,0.1,heuristic,segformer_b2_cityscapes,acdc_rain_targetcal25,4,
,-1,True,,0.7418022905364677,0.0011757381726056337,,475,,,False,,,,,,11,bicycle,0.05,0.1,argmax,segformer_b2_cityscapes,acdc_rain_targetcal25,4,0.7142857142857143
1.0,1000,False,0.0,0.0,1.0,0.8336842105263158,79,154.0,0.0,False,0.0,0.0,0.0,,,11,bicycle,0.1,0.1,region_crc,segformer_b2_cityscapes,acdc_rain_targetcal25,4,
1.0,1000,True,0.0,0.0,1.0,0.8336842105263158,79,154.0,0.0,False,0.0,0.0,0.0,,,11,bicycle,0.1,0.1,heuristic,segformer_b2_cityscapes,acdc_rain_targetcal25,4,
,-1,True,,0.7418022905364677,0.0011757381726056337,,475,,,False,,,,,,11,bicycle,0.1,0.1,argmax,segformer_b2_cityscapes,acdc_rain_targetcal25,4,0.7142857142857143
1.0,1000,True,0.0,0.0,1.0,0.8336842105263158,79,154.0,0.0,False,0.0,0.0,0.0,,,11,bicycle,0.2,0.1,region_crc,segformer_b2_cityscapes,acdc_rain_targetcal25,4,
1.0,1000,True,0.0,0.0,1.0,0.8336842105263158,79,154.0,0.0,False,0.0,0.0,0.0,,,11,bicycle,0.2,0.1,heuristic,segformer_b2_cityscapes,acdc_rain_targetcal25,4,
,-1,True,,0.7418022905364677,0.0011757381726056337,,475,,,False,,,,,,11,bicycle,0.2,0.1,argmax,segformer_b2_cityscapes,acdc_rain_targetcal25,4,0.7142857142857143
1.0,1000,False,0.0,0.0,1.0,0.8336842105263158,79,154.0,0.0,False,0.0,0.0,0.0,,,11,bicycle,0.05,0.5,region_crc,segformer_b2_cityscapes,acdc_rain_targetcal25,4,
1.0,1000,True,0.0,0.0,1.0,0.8336842105263158,79,154.0,0.0,False,0.0,0.0,0.0,,,11,bicycle,0.05,0.5,heuristic,segformer_b2_cityscapes,acdc_rain_targetcal25,4,
,-1,True,,0.7879144062688366,0.0011757381726056337,,475,,,False,,,,,,11,bicycle,0.05,0.5,argmax,segformer_b2_cityscapes,acdc_rain_targetcal25,4,0.7597402597402597
1.0,1000,False,0.0,0.0,1.0,0.8336842105263158,79,154.0,0.0,False,0.0,0.0,0.0,,,11,bicycle,0.1,0.5,region_crc,segformer_b2_cityscapes,acdc_rain_targetcal25,4,
1.0,1000,True,0.0,0.0,1.0,0.8336842105263158,79,154.0,0.0,False,0.0,0.0,0.0,,,11,bicycle,0.1,0.5,heuristic,segformer_b2_cityscapes,acdc_rain_targetcal25,4,
,-1,True,,0.7879144062688366,0.0011757381726056337,,475,,,False,,,,,,11,bicycle,0.1,0.5,argmax,segformer_b2_cityscapes,acdc_rain_targetcal25,4,0.7597402597402597
1.0,1000,True,0.0,0.0,1.0,0.8336842105263158,79,154.0,0.0,False,0.0,0.0,0.0,,,11,bicycle,0.2,0.5,region_crc,segformer_b2_cityscapes,acdc_rain_targetcal25,4,
1.0,1000,True,0.0,0.0,1.0,0.8336842105263158,79,154.0,0.0,False,0.0,0.0,0.0,,,11,bicycle,0.2,0.5,heuristic,segformer_b2_cityscapes,acdc_rain_targetcal25,4,
,-1,True,,0.7879144062688366,0.0011757381726056337,,475,,,False,,,,,,11,bicycle,0.2,0.5,argmax,segformer_b2_cityscapes,acdc_rain_targetcal25,4,0.7597402597402597
1.0,1000,False,0.0,0.0,1.0,0.6568421052631579,163,320.0,0.0,False,0.0,0.0,0.0,,,12,person,0.05,0.1,region_crc,segformer_b2_cityscapes,acdc_rain_targetcal25,7,
0.995,995,True,0.11574642126789367,0.11574642126789367,0.022058535367250443,0.6568421052631579,163,320.0,0.13473684210526315,False,0.12568306010928962,0.0782608695652174,0.0,,,12,person,0.05,0.1,heuristic,segformer_b2_cityscapes,acdc_rain_targetcal25,7,
,-1,True,,0.6495793912971827,0.0018943013856187463,,475,,,False,,,,,,12,person,0.05,0.1,argmax,segformer_b2_cityscapes,acdc_rain_targetcal25,7,0.590625
1.0,1000,False,0.0,0.0,1.0,0.6568421052631579,163,320.0,0.0,False,0.0,0.0,0.0,,,12,person,0.1,0.1,region_crc,segformer_b2_cityscapes,acdc_rain_targetcal25,7,
0.987,987,True,0.18974096796182682,0.18974096796182685,0.014453193172812462,9.661052631578947,163,320.0,0.16000000000000003,False,0.23497267759562843,0.08695652173913043,0.0,,,12,person,0.1,0.1,heuristic,segformer_b2_cityscapes,acdc_rain_targetcal25,7,
,-1,True,,0.6495793912971827,0.0018943013856187463,,475,,,False,,,,,,12,person,0.1,0.1,argmax,segformer_b2_cityscapes,acdc_rain_targetcal25,7,0.590625
0.987,987,True,0.18974096796182682,0.18974096796182685,0.014453193172812462,9.661052631578947,163,320.0,0.16000000000000003,False,0.23497267759562843,0.08695652173913043,0.0,,,12,person,0.2,0.1,region_crc,segformer_b2_cityscapes,acdc_rain_targetcal25,7,
0.922,922,True,0.4252642381476738,0.4252642381476738,0.0057005491107702255,5.865263157894737,163,320.0,0.10315789473684212,False,0.5355191256830601,0.2,0.0,,,12,person,0.2,0.1,heuristic,segformer_b2_cityscapes,acdc_rain_targetcal25,7,
,-1,True,,0.6495793912971827,0.0018943013856187463,,475,,,False,,,,,,12,person,0.2,0.1,argmax,segformer_b2_cityscapes,acdc_rain_targetcal25,7,0.590625
1.0,1000,False,0.0,0.0,1.0,0.6568421052631579,163,320.0,0.0,False,0.0,0.0,0.0,,,12,person,0.05,0.5,region_crc,segformer_b2_cityscapes,acdc_rain_targetcal25,7,
0.997,997,True,0.13895705521472393,0.13895705521472393,0.027289021760225296,0.6568421052631579,163,320.0,0.13684210526315788,False,0.15846994535519127,0.09565217391304348,0.0,,,12,person,0.05,0.5,heuristic,segformer_b2_cityscapes,acdc_rain_targetcal25,7,
,-1,True,,0.7587477621219952,0.0018943013856187463,,475,,,False,,,,,,12,person,0.05,0.5,argmax,segformer_b2_cityscapes,acdc_rain_targetcal25,7,0.703125
1.0,1000,False,0.0,0.0,1.0,0.6568421052631579,163,320.0,0.0,False,0.0,0.0,0.0,,,12,person,0.1,0.5,region_crc,segformer_b2_cityscapes,acdc_rain_targetcal25,7,
0.988,988,True,0.30608066098863645,0.30608066098863645,0.014990109950304031,0.6568421052631579,163,320.0,0.15578947368421053,False,0.3551912568306011,0.2,0.0,,,12,person,0.1,0.5,heuristic,segformer_b2_cityscapes,acdc_rain_targetcal25,7,
,-1,True,,0.7587477621219952,0.0018943013856187463,,475,,,False,,,,,,12,person,0.1,0.5,argmax,segformer_b2_cityscapes,acdc_rain_targetcal25,7,0.703125
0.988,988,True,0.30608066098863645,0.30608066098863645,0.014990109950304031,0.6568421052631579,163,320.0,0.15578947368421053,False,0.3551912568306011,0.2,0.0,,,12,person,0.2,0.5,region_crc,segformer_b2_cityscapes,acdc_rain_targetcal25,7,
0.96,960,True,0.4310924590065694,0.4310924590065694,0.008274411782622337,7.214736842105263,163,320.0,0.16210526315789475,False,0.5245901639344263,0.22608695652173913,0.09090909090909091,,,12,person,0.2,0.5,heuristic,segformer_b2_cityscapes,acdc_rain_targetcal25,7,
,-1,True,,0.7587477621219952,0.0018943013856187463,,475,,,False,,,,,,12,person,0.2,0.5,argmax,segformer_b2_cityscapes,acdc_rain_targetcal25,7,0.703125
1.0,1000,False,0.0,0.0,1.0,0.9452631578947368,26,36.0,0.0,False,0.0,0.0,0.0,,,12,rider,0.05,0.1,region_crc,segformer_b2_cityscapes,acdc_rain_targetcal25,2,
0.999,999,True,0.35256410256410253,0.35256410256410253,0.007064427714794874,0.9452631578947368,26,36.0,0.1663157894736842,False,0.48,0.0,0.0,,,12,rider,0.05,0.1,heuristic,segformer_b2_cityscapes,acdc_rain_targetcal25,2,
,-1,True,,0.7884615384615384,0.0002812053426168859,,475,,,False,,,,,,12,rider,0.05,0.1,argmax,segformer_b2_cityscapes,acdc_rain_targetcal25,2,0.8055555555555556
1.0,1000,False,0.0,0.0,1.0,0.9452631578947368,26,36.0,0.0,False,0.0,0.0,0.0,,,12,rider,0.1,0.1,region_crc,segformer_b2_cityscapes,acdc_rain_targetcal25,2,
0.999,999,True,0.35256410256410253,0.35256410256410253,0.007064427714794874,0.9452631578947368,26,36.0,0.1663157894736842,False,0.48,0.0,0.0,,,12,rider,0.1,0.1,heuristic,segformer_b2_cityscapes,acdc_rain_targetcal25,2,
,-1,True,,0.7884615384615384,0.0002812053426168859,,475,,,False,,,,,,12,rider,0.1,0.1,argmax,segformer_b2_cityscapes,acdc_rain_targetcal25,2,0.8055555555555556
1.0,1000,False,0.0,0.0,1.0,0.9452631578947368,26,36.0,0.0,False,0.0,0.0,0.0,,,12,rider,0.2,0.1,region_crc,segformer_b2_cityscapes,acdc_rain_targetcal25,2,
0.999,999,True,0.35256410256410253,0.35256410256410253,0.007064427714794874,0.9452631578947368,26,36.0,0.1663157894736842,False,0.48,0.0,0.0,,,12,rider,0.2,0.1,heuristic,segformer_b2_cityscapes,acdc_rain_targetcal25,2,
,-1,True,,0.7884615384615384,0.0002812053426168859,,475,,,False,,,,,,12,rider,0.2,0.1,argmax,segformer_b2_cityscapes,acdc_rain_targetcal25,2,0.8055555555555556
1.0,1000,False,0.0,0.0,1.0,0.9452631578947368,26,36.0,0.0,False,0.0,0.0,0.0,,,12,rider,0.05,0.5,region_crc,segformer_b2_cityscapes,acdc_rain_targetcal25,2,
1.0,1000,True,0.0,0.0,1.0,0.9452631578947368,26,36.0,0.0,False,0.0,0.0,0.0,,,12,rider,0.05,0.5,heuristic,segformer_b2_cityscapes,acdc_rain_targetcal25,2,
,-1,True,,0.8461538461538461,0.0002812053426168859,,475,,,False,,,,,,12,rider,0.05,0.5,argmax,segformer_b2_cityscapes,acdc_rain_targetcal25,2,0.8611111111111112
1.0,1000,False,0.0,0.0,1.0,0.9452631578947368,26,36.0,0.0,False,0.0,0.0,0.0,,,12,rider,0.1,0.5,region_crc,segformer_b2_cityscapes,acdc_rain_targetcal25,2,
1.0,1000,True,0.0,0.0,1.0,0.9452631578947368,26,36.0,0.0,False,0.0,0.0,0.0,,,12,rider,0.1,0.5,heuristic,segformer_b2_cityscapes,acdc_rain_targetcal25,2,
,-1,True,,0.8461538461538461,0.0002812053426168859,,475,,,False,,,,,,12,rider,0.1,0.5,argmax,segformer_b2_cityscapes,acdc_rain_targetcal25,2,0.8611111111111112
1.0,1000,False,0.0,0.0,1.0,0.9452631578947368,26,36.0,0.0,False,0.0,0.0,0.0,,,12,rider,0.2,0.5,region_crc,segformer_b2_cityscapes,acdc_rain_targetcal25,2,
1.0,1000,True,0.0,0.0,1.0,0.9452631578947368,26,36.0,0.0,False,0.0,0.0,0.0,,,12,rider,0.2,0.5,heuristic,segformer_b2_cityscapes,acdc_rain_targetcal25,2,
,-1,True,,0.8461538461538461,0.0002812053426168859,,475,,,False,,,,,,12,rider,0.2,0.5,argmax,segformer_b2_cityscapes,acdc_rain_targetcal25,2,0.8611111111111112
1.0,1000,False,0.0,0.0,1.0,0.8315789473684211,80,155.0,0.0,False,0.0,0.0,0.0,,,12,bicycle,0.05,0.1,region_crc,segformer_b2_cityscapes,acdc_rain_targetcal25,3,
1.0,1000,True,0.0,0.0,1.0,0.8315789473684211,80,155.0,0.0,False,0.0,0.0,0.0,,,12,bicycle,0.05,0.1,heuristic,segformer_b2_cityscapes,acdc_rain_targetcal25,3,
,-1,True,,0.720029761904762,0.001140578300692141,,475,,,False,,,,,,12,bicycle,0.05,0.1,argmax,segformer_b2_cityscapes,acdc_rain_targetcal25,3,0.7032258064516129
1.0,1000,False,0.0,0.0,1.0,0.8315789473684211,80,155.0,0.0,False,0.0,0.0,0.0,,,12,bicycle,0.1,0.1,region_crc,segformer_b2_cityscapes,acdc_rain_targetcal25,3,
1.0,1000,True,0.0,0.0,1.0,0.8315789473684211,80,155.0,0.0,False,0.0,0.0,0.0,,,12,bicycle,0.1,0.1,heuristic,segformer_b2_cityscapes,acdc_rain_targetcal25,3,
,-1,True,,0.720029761904762,0.001140578300692141,,475,,,False,,,,,,12,bicycle,0.1,0.1,argmax,segformer_b2_cityscapes,acdc_rain_targetcal25,3,0.7032258064516129
1.0,1000,False,0.0,0.0,1.0,0.8315789473684211,80,155.0,0.0,False,0.0,0.0,0.0,,,12,bicycle,0.2,0.1,region_crc,segformer_b2_cityscapes,acdc_rain_targetcal25,3,
1.0,1000,True,0.0,0.0,1.0,0.8315789473684211,80,155.0,0.0,False,0.0,0.0,0.0,,,12,bicycle,0.2,0.1,heuristic,segformer_b2_cityscapes,acdc_rain_targetcal25,3,
,-1,True,,0.720029761904762,0.001140578300692141,,475,,,False,,,,,,12,bicycle,0.2,0.1,argmax,segformer_b2_cityscapes,acdc_rain_targetcal25,3,0.7032258064516129
1.0,1000,False,0.0,0.0,1.0,0.8315789473684211,80,155.0,0.0,False,0.0,0.0,0.0,,,12,bicycle,0.05,0.5,region_crc,segformer_b2_cityscapes,acdc_rain_targetcal25,3,
1.0,1000,True,0.0,0.0,1.0,0.8315789473684211,80,155.0,0.0,False,0.0,0.0,0.0,,,12,bicycle,0.05,0.5,heuristic,segformer_b2_cityscapes,acdc_rain_targetcal25,3,
,-1,True,,0.7655654761904762,0.001140578300692141,,475,,,False,,,,,,12,bicycle,0.05,0.5,argmax,segformer_b2_cityscapes,acdc_rain_targetcal25,3,0.7483870967741936
1.0,1000,False,0.0,0.0,1.0,0.8315789473684211,80,155.0,0.0,False,0.0,0.0,0.0,,,12,bicycle,0.1,0.5,region_crc,segformer_b2_cityscapes,acdc_rain_targetcal25,3,
1.0,1000,True,0.0,0.0,1.0,0.8315789473684211,80,155.0,0.0,False,0.0,0.0,0.0,,,12,bicycle,0.1,0.5,heuristic,segformer_b2_cityscapes,acdc_rain_targetcal25,3,
,-1,True,,0.7655654761904762,0.001140578300692141,,475,,,False,,,,,,12,bicycle,0.1,0.5,argmax,segformer_b2_cityscapes,acdc_rain_targetcal25,3,0.7483870967741936
1.0,1000,False,0.0,0.0,1.0,0.8315789473684211,80,155.0,0.0,False,0.0,0.0,0.0,,,12,bicycle,0.2,0.5,region_crc,segformer_b2_cityscapes,acdc_rain_targetcal25,3,
1.0,1000,True,0.0,0.0,1.0,0.8315789473684211,80,155.0,0.0,False,0.0,0.0,0.0,,,12,bicycle,0.2,0.5,heuristic,segformer_b2_cityscapes,acdc_rain_targetcal25,3,
,-1,True,,0.7655654761904762,0.001140578300692141,,475,,,False,,,,,,12,bicycle,0.2,0.5,argmax,segformer_b2_cityscapes,acdc_rain_targetcal25,3,0.7483870967741936
1.0,1000,False,0.0,0.0,1.0,0.6652631578947369,159,312.0,0.0,False,0.0,0.0,0.0,,,13,person,0.05,0.1,region_crc,segformer_b2_cityscapes,acdc_rain_targetcal25,11,
0.996,996,True,0.10241090146750526,0.10241090146750523,0.024150563403964043,0.6652631578947369,159,312.0,0.13894736842105265,False,0.11173184357541899,0.06306306306306306,0.0,,,13,person,0.05,0.1,heuristic,segformer_b2_cityscapes,acdc_rain_targetcal25,11,
,-1,True,,0.635417866549942,0.0018637031316757202,,475,,,False,,,,,,13,person,0.05,0.1,argmax,segformer_b2_cityscapes,acdc_rain_targetcal25,11,0.5801282051282052
1.0,1000,True,0.0,0.0,1.0,0.6652631578947369,159,312.0,0.0,False,0.0,0.0,0.0,,,13,person,0.1,0.1,region_crc,segformer_b2_cityscapes,acdc_rain_targetcal25,11,
0.996,996,True,0.10241090146750526,0.10241090146750523,0.024150563403964043,0.6652631578947369,159,312.0,0.13894736842105265,False,0.11173184357541899,0.06306306306306306,0.0,,,13,person,0.1,0.1,heuristic,segformer_b2_cityscapes,acdc_rain_targetcal25,11,
,-1,True,,0.635417866549942,0.0018637031316757202,,475,,,False,,,,,,13,person,0.1,0.1,argmax,segformer_b2_cityscapes,acdc_rain_targetcal25,11,0.5801282051282052
0.996,996,True,0.10241090146750526,0.10241090146750523,0.024150563403964043,0.6652631578947369,159,312.0,0.13894736842105265,False,0.11173184357541899,0.06306306306306306,0.0,,,13,person,0.2,0.1,region_crc,segformer_b2_cityscapes,acdc_rain_targetcal25,11,
0.974,974,True,0.2670302792944302,0.26703027929443024,0.010227726772427559,9.734736842105264,159,312.0,0.14526315789473676,False,0.3240223463687151,0.15315315315315314,0.0,,,13,person,0.2,0.1,heuristic,segformer_b2_cityscapes,acdc_rain_targetcal25,11,
,-1,True,,0.635417866549942,0.0018637031316757202,,475,,,False,,,,,,13,person,0.2,0.1,argmax,segformer_b2_cityscapes,acdc_rain_targetcal25,11,0.5801282051282052
1.0,1000,False,0.0,0.0,1.0,0.6652631578947369,159,312.0,0.0,False,0.0,0.0,0.0,,,13,person,0.05,0.5,region_crc,segformer_b2_cityscapes,acdc_rain_targetcal25,11,
0.999,999,True,0.07442348008385745,0.07442348008385744,0.04154474660754204,0.6652631578947369,159,312.0,0.19157894736842107,False,0.055865921787709494,0.07207207207207207,0.0,,,13,person,0.05,0.5,heuristic,segformer_b2_cityscapes,acdc_rain_targetcal25,11,
,-1,True,,0.7436638483808294,0.0018637031316757202,,475,,,False,,,,,,13,person,0.05,0.5,argmax,segformer_b2_cityscapes,acdc_rain_targetcal25,11,0.6955128205128205
1.0,1000,True,0.0,0.0,1.0,0.6652631578947369,159,312.0,0.0,False,0.0,0.0,0.0,,,13,person,0.1,0.5,region_crc,segformer_b2_cityscapes,acdc_rain_targetcal25,11,
0.999,999,True,0.07442348008385745,0.07442348008385744,0.04154474660754204,0.6652631578947369,159,312.0,0.19157894736842107,False,0.055865921787709494,0.07207207207207207,0.0,,,13,person,0.1,0.5,heuristic,segformer_b2_cityscapes,acdc_rain_targetcal25,11,
,-1,True,,0.7436638483808294,0.0018637031316757202,,475,,,False,,,,,,13,person,0.1,0.5,argmax,segformer_b2_cityscapes,acdc_rain_targetcal25,11,0.6955128205128205
0.999,999,True,0.07442348008385745,0.07442348008385744,0.04154474660754204,0.6652631578947369,159,312.0,0.19157894736842107,False,0.055865921787709494,0.07207207207207207,0.0,,,13,person,0.2,0.5,region_crc,segformer_b2_cityscapes,acdc_rain_targetcal25,11,
0.984,984,True,0.33285837153761677,0.3328583715376168,0.013003477826714516,9.734736842105264,159,312.0,0.1305263157894736,False,0.39664804469273746,0.1981981981981982,0.0,,,13,person,0.2,0.5,heuristic,segformer_b2_cityscapes,acdc_rain_targetcal25,11,
,-1,True,,0.7436638483808294,0.0018637031316757202,,475,,,False,,,,,,13,person,0.2,0.5,argmax,segformer_b2_cityscapes,acdc_rain_targetcal25,11,0.6955128205128205
1.0,1000,False,0.0,0.0,1.0,0.9431578947368421,27,36.0,0.0,False,0.0,0.0,0.0,,,13,rider,0.05,0.1,region_crc,segformer_b2_cityscapes,acdc_rain_targetcal25,1,
0.999,999,True,0.3395061728395061,0.3395061728395061,0.0069028097204864025,0.9431578947368421,27,36.0,0.1389473684210526,False,0.46153846153846156,0.0,0.0,,,13,rider,0.05,0.1,heuristic,segformer_b2_cityscapes,acdc_rain_targetcal25,1,
,-1,True,,0.8148148148148148,0.0002576784754637629,,475,,,False,,,,,,13,rider,0.05,0.1,argmax,segformer_b2_cityscapes,acdc_rain_targetcal25,1,0.8333333333333334
1.0,1000,False,0.0,0.0,1.0,0.9431578947368421,27,36.0,0.0,False,0.0,0.0,0.0,,,13,rider,0.1,0.1,region_crc,segformer_b2_cityscapes,acdc_rain_targetcal25,1,
0.999,999,True,0.3395061728395061,0.3395061728395061,0.0069028097204864025,0.9431578947368421,27,36.0,0.1389473684210526,False,0.46153846153846156,0.0,0.0,,,13,rider,0.1,0.1,heuristic,segformer_b2_cityscapes,acdc_rain_targetcal25,1,
,-1,True,,0.8148148148148148,0.0002576784754637629,,475,,,False,,,,,,13,rider,0.1,0.1,argmax,segformer_b2_cityscapes,acdc_rain_targetcal25,1,0.8333333333333334
1.0,1000,False,0.0,0.0,1.0,0.9431578947368421,27,36.0,0.0,False,0.0,0.0,0.0,,,13,rider,0.2,0.1,region_crc,segformer_b2_cityscapes,acdc_rain_targetcal25,1,
0.999,999,True,0.3395061728395061,0.3395061728395061,0.0069028097204864025,0.9431578947368421,27,36.0,0.1389473684210526,False,0.46153846153846156,0.0,0.0,,,13,rider,0.2,0.1,heuristic,segformer_b2_cityscapes,acdc_rain_targetcal25,1,
,-1,True,,0.8148148148148148,0.0002576784754637629,,475,,,False,,,,,,13,rider,0.2,0.1,argmax,segformer_b2_cityscapes,acdc_rain_targetcal25,1,0.8333333333333334
1.0,1000,False,0.0,0.0,1.0,0.9431578947368421,27,36.0,0.0,False,0.0,0.0,0.0,,,13,rider,0.05,0.5,region_crc,segformer_b2_cityscapes,acdc_rain_targetcal25,1,
1.0,1000,True,0.0,0.0,1.0,0.9431578947368421,27,36.0,0.0,False,0.0,0.0,0.0,,,13,rider,0.05,0.5,heuristic,segformer_b2_cityscapes,acdc_rain_targetcal25,1,
,-1,True,,0.8703703703703703,0.0002576784754637629,,475,,,False,,,,,,13,rider,0.05,0.5,argmax,segformer_b2_cityscapes,acdc_rain_targetcal25,1,0.8888888888888888
1.0,1000,False,0.0,0.0,1.0,0.9431578947368421,27,36.0,0.0,False,0.0,0.0,0.0,,,13,rider,0.1,0.5,region_crc,segformer_b2_cityscapes,acdc_rain_targetcal25,1,
1.0,1000,True,0.0,0.0,1.0,0.9431578947368421,27,36.0,0.0,False,0.0,0.0,0.0,,,13,rider,0.1,0.5,heuristic,segformer_b2_cityscapes,acdc_rain_targetcal25,1,
,-1,True,,0.8703703703703703,0.0002576784754637629,,475,,,False,,,,,,13,rider,0.1,0.5,argmax,segformer_b2_cityscapes,acdc_rain_targetcal25,1,0.8888888888888888
1.0,1000,False,0.0,0.0,1.0,0.9431578947368421,27,36.0,0.0,False,0.0,0.0,0.0,,,13,rider,0.2,0.5,region_crc,segformer_b2_cityscapes,acdc_rain_targetcal25,1,
1.0,1000,True,0.0,0.0,1.0,0.9431578947368421,27,36.0,0.0,False,0.0,0.0,0.0,,,13,rider,0.2,0.5,heuristic,segformer_b2_cityscapes,acdc_rain_targetcal25,1,
,-1,True,,0.8703703703703703,0.0002576784754637629,,475,,,False,,,,,,13,rider,0.2,0.5,argmax,segformer_b2_cityscapes,acdc_rain_targetcal25,1,0.8888888888888888
1.0,1000,False,0.0,0.0,1.0,0.8357894736842105,78,151.0,0.0,False,0.0,0.0,0.0,,,13,bicycle,0.05,0.1,region_crc,segformer_b2_cityscapes,acdc_rain_targetcal25,5,
1.0,1000,True,0.0,0.0,1.0,0.8357894736842105,78,151.0,0.0,False,0.0,0.0,0.0,,,13,bicycle,0.05,0.1,heuristic,segformer_b2_cityscapes,acdc_rain_targetcal25,5,
,-1,True,,0.7299450549450549,0.001012622844427824,,475,,,False,,,,,,13,bicycle,0.05,0.1,argmax,segformer_b2_cityscapes,acdc_rain_targetcal25,5,0.7152317880794702
1.0,1000,False,0.0,0.0,1.0,0.8357894736842105,78,151.0,0.0,False,0.0,0.0,0.0,,,13,bicycle,0.1,0.1,region_crc,segformer_b2_cityscapes,acdc_rain_targetcal25,5,
1.0,1000,True,0.0,0.0,1.0,0.8357894736842105,78,151.0,0.0,False,0.0,0.0,0.0,,,13,bicycle,0.1,0.1,heuristic,segformer_b2_cityscapes,acdc_rain_targetcal25,5,
,-1,True,,0.7299450549450549,0.001012622844427824,,475,,,False,,,,,,13,bicycle,0.1,0.1,argmax,segformer_b2_cityscapes,acdc_rain_targetcal25,5,0.7152317880794702
1.0,1000,True,0.0,0.0,1.0,0.8357894736842105,78,151.0,0.0,False,0.0,0.0,0.0,,,13,bicycle,0.2,0.1,region_crc,segformer_b2_cityscapes,acdc_rain_targetcal25,5,
1.0,1000,True,0.0,0.0,1.0,0.8357894736842105,78,151.0,0.0,False,0.0,0.0,0.0,,,13,bicycle,0.2,0.1,heuristic,segformer_b2_cityscapes,acdc_rain_targetcal25,5,
,-1,True,,0.7299450549450549,0.001012622844427824,,475,,,False,,,,,,13,bicycle,0.2,0.1,argmax,segformer_b2_cityscapes,acdc_rain_targetcal25,5,0.7152317880794702
1.0,1000,False,0.0,0.0,1.0,0.8357894736842105,78,151.0,0.0,False,0.0,0.0,0.0,,,13,bicycle,0.05,0.5,region_crc,segformer_b2_cityscapes,acdc_rain_targetcal25,5,
1.0,1000,True,0.0,0.0,1.0,0.8357894736842105,78,151.0,0.0,False,0.0,0.0,0.0,,,13,bicycle,0.05,0.5,heuristic,segformer_b2_cityscapes,acdc_rain_targetcal25,5,
,-1,True,,0.7723748473748474,0.001012622844427824,,475,,,False,,,,,,13,bicycle,0.05,0.5,argmax,segformer_b2_cityscapes,acdc_rain_targetcal25,5,0.7549668874172185
1.0,1000,False,0.0,0.0,1.0,0.8357894736842105,78,151.0,0.0,False,0.0,0.0,0.0,,,13,bicycle,0.1,0.5,region_crc,segformer_b2_cityscapes,acdc_rain_targetcal25,5,
1.0,1000,True,0.0,0.0,1.0,0.8357894736842105,78,151.0,0.0,False,0.0,0.0,0.0,,,13,bicycle,0.1,0.5,heuristic,segformer_b2_cityscapes,acdc_rain_targetcal25,5,
,-1,True,,0.7723748473748474,0.001012622844427824,,475,,,False,,,,,,13,bicycle,0.1,0.5,argmax,segformer_b2_cityscapes,acdc_rain_targetcal25,5,0.7549668874172185
1.0,1000,True,0.0,0.0,1.0,0.8357894736842105,78,151.0,0.0,False,0.0,0.0,0.0,,,13,bicycle,0.2,0.5,region_crc,segformer_b2_cityscapes,acdc_rain_targetcal25,5,
1.0,1000,True,0.0,0.0,1.0,0.8357894736842105,78,151.0,0.0,False,0.0,0.0,0.0,,,13,bicycle,0.2,0.5,heuristic,segformer_b2_cityscapes,acdc_rain_targetcal25,5,
,-1,True,,0.7723748473748474,0.001012622844427824,,475,,,False,,,,,,13,bicycle,0.2,0.5,argmax,segformer_b2_cityscapes,acdc_rain_targetcal25,5,0.7549668874172185
1.0,1000,False,0.0,0.0,1.0,0.6631578947368421,160,322.0,0.0,False,0.0,0.0,0.0,,,14,person,0.05,0.1,region_crc,segformer_b2_cityscapes,acdc_rain_targetcal25,10,
0.996,996,True,0.10489583333333334,0.10489583333333333,0.024640973657369614,0.6631578947368421,160,322.0,0.1768421052631579,False,0.10989010989010989,0.06837606837606838,0.0,,,14,person,0.05,0.1,heuristic,segformer_b2_cityscapes,acdc_rain_targetcal25,10,
,-1,True,,0.6148840048840049,0.001969653647392988,,475,,,False,,,,,,14,person,0.05,0.1,argmax,segformer_b2_cityscapes,acdc_rain_targetcal25,10,0.562111801242236
0.996,996,True,0.10489583333333334,0.10489583333333333,0.024640973657369614,0.6631578947368421,160,322.0,0.1768421052631579,False,0.10989010989010989,0.06837606837606838,0.0,,,14,person,0.1,0.1,region_crc,segformer_b2_cityscapes,acdc_rain_targetcal25,10,
0.988,988,True,0.1745486111111111,0.1745486111111111,0.01533525437116623,0.6631578947368421,160,322.0,0.23368421052631583,False,0.23076923076923078,0.06837606837606838,0.0,,,14,person,0.1,0.1,heuristic,segformer_b2_cityscapes,acdc_rain_targetcal25,10,
,-1,True,,0.6148840048840049,0.001969653647392988,,475,,,False,,,,,,14,person,0.1,0.1,argmax,segformer_b2_cityscapes,acdc_rain_targetcal25,10,0.562111801242236
0.988,988,True,0.1745486111111111,0.1745486111111111,0.01533525437116623,0.6631578947368421,160,322.0,0.23368421052631583,False,0.23076923076923078,0.06837606837606838,0.0,,,14,person,0.2,0.1,region_crc,segformer_b2_cityscapes,acdc_rain_targetcal25,10,
0.982,982,True,0.21013354700854697,0.21013354700854697,0.012706216424703598,9.850526315789473,160,322.0,0.2694736842105264,False,0.27472527472527475,0.09401709401709402,0.0,,,14,person,0.2,0.1,heuristic,segformer_b2_cityscapes,acdc_rain_targetcal25,10,
,-1,True,,0.6148840048840049,0.001969653647392988,,475,,,False,,,,,,14,person,0.2,0.1,argmax,segformer_b2_cityscapes,acdc_rain_targetcal25,10,0.562111801242236
1.0,1000,False,0.0,0.0,1.0,0.6631578947368421,160,322.0,0.0,False,0.0,0.0,0.0,,,14,person,0.05,0.5,region_crc,segformer_b2_cityscapes,acdc_rain_targetcal25,10,
0.999,999,True,0.07708333333333334,0.07708333333333332,0.04213004186749458,0.6631578947368421,160,322.0,0.16210526315789475,False,0.054945054945054944,0.07692307692307693,0.0,,,14,person,0.05,0.5,heuristic,segformer_b2_cityscapes,acdc_rain_targetcal25,10,
,-1,True,,0.7302659493284492,0.001969653647392988,,475,,,False,,,,,,14,person,0.05,0.5,argmax,segformer_b2_cityscapes,acdc_rain_targetcal25,10,0.6801242236024845
0.999,999,True,0.07708333333333334,0.07708333333333332,0.04213004186749458,0.6631578947368421,160,322.0,0.16210526315789475,False,0.054945054945054944,0.07692307692307693,0.0,,,14,person,0.1,0.5,region_crc,segformer_b2_cityscapes,acdc_rain_targetcal25,10,
0.997,997,True,0.1353125,0.1353125,0.027694029733538628,0.6631578947368421,160,322.0,0.1768421052631579,False,0.15934065934065933,0.08547008547008547,0.0,,,14,person,0.1,0.5,heuristic,segformer_b2_cityscapes,acdc_rain_targetcal25,10,
,-1,True,,0.7302659493284492,0.001969653647392988,,475,,,False,,,,,,14,person,0.1,0.5,argmax,segformer_b2_cityscapes,acdc_rain_targetcal25,10,0.6801242236024845
0.997,997,True,0.1353125,0.1353125,0.027694029733538628,0.6631578947368421,160,322.0,0.1768421052631579,False,0.15934065934065933,0.08547008547008547,0.0,,,14,person,0.2,0.5,region_crc,segformer_b2_cityscapes,acdc_rain_targetcal25,10,
0.995,995,True,0.19090277777777778,0.19090277777777778,0.02245256118476391,0.6631578947368421,160,322.0,0.1747368421052632,False,0.23626373626373626,0.10256410256410256,0.0,,,14,person,0.2,0.5,heuristic,segformer_b2_cityscapes,acdc_rain_targetcal25,10,
,-1,True,,0.7302659493284492,0.001969653647392988,,475,,,False,,,,,,14,person,0.2,0.5,argmax,segformer_b2_cityscapes,acdc_rain_targetcal25,10,0.6801242236024845
,-1,False,,,,,475,,,False,,,,,,14,rider,0.05,0.1,region_crc,segformer_b2_cityscapes,acdc_rain_targetcal25,0,
,-1,False,,,,,475,,,False,,,,,,14,rider,0.05,0.1,heuristic,segformer_b2_cityscapes,acdc_rain_targetcal25,0,
,-1,True,,0.8035714285714286,0.00027228312683291733,,475,,,False,,,,,,14,rider,0.05,0.1,argmax,segformer_b2_cityscapes,acdc_rain_targetcal25,0,0.8157894736842105
,-1,False,,,,,475,,,False,,,,,,14,rider,0.1,0.1,region_crc,segformer_b2_cityscapes,acdc_rain_targetcal25,0,
,-1,False,,,,,475,,,False,,,,,,14,rider,0.1,0.1,heuristic,segformer_b2_cityscapes,acdc_rain_targetcal25,0,
,-1,True,,0.8035714285714286,0.00027228312683291733,,475,,,False,,,,,,14,rider,0.1,0.1,argmax,segformer_b2_cityscapes,acdc_rain_targetcal25,0,0.8157894736842105
,-1,False,,,,,475,,,False,,,,,,14,rider,0.2,0.1,region_crc,segformer_b2_cityscapes,acdc_rain_targetcal25,0,
,-1,False,,,,,475,,,False,,,,,,14,rider,0.2,0.1,heuristic,segformer_b2_cityscapes,acdc_rain_targetcal25,0,
,-1,True,,0.8035714285714286,0.00027228312683291733,,475,,,False,,,,,,14,rider,0.2,0.1,argmax,segformer_b2_cityscapes,acdc_rain_targetcal25,0,0.8157894736842105
,-1,False,,,,,475,,,False,,,,,,14,rider,0.05,0.5,region_crc,segformer_b2_cityscapes,acdc_rain_targetcal25,0,
,-1,False,,,,,475,,,False,,,,,,14,rider,0.05,0.5,heuristic,segformer_b2_cityscapes,acdc_rain_targetcal25,0,
,-1,True,,0.8571428571428571,0.00027228312683291733,,475,,,False,,,,,,14,rider,0.05,0.5,argmax,segformer_b2_cityscapes,acdc_rain_targetcal25,0,0.868421052631579
,-1,False,,,,,475,,,False,,,,,,14,rider,0.1,0.5,region_crc,segformer_b2_cityscapes,acdc_rain_targetcal25,0,
,-1,False,,,,,475,,,False,,,,,,14,rider,0.1,0.5,heuristic,segformer_b2_cityscapes,acdc_rain_targetcal25,0,
,-1,True,,0.8571428571428571,0.00027228312683291733,,475,,,False,,,,,,14,rider,0.1,0.5,argmax,segformer_b2_cityscapes,acdc_rain_targetcal25,0,0.868421052631579
,-1,False,,,,,475,,,False,,,,,,14,rider,0.2,0.5,region_crc,segformer_b2_cityscapes,acdc_rain_targetcal25,0,
,-1,False,,,,,475,,,False,,,,,,14,rider,0.2,0.5,heuristic,segformer_b2_cityscapes,acdc_rain_targetcal25,0,
,-1,True,,0.8571428571428571,0.00027228312683291733,,475,,,False,,,,,,14,rider,0.2,0.5,argmax,segformer_b2_cityscapes,acdc_rain_targetcal25,0,0.868421052631579
1.0,1000,False,0.0,0.0,1.0,0.8273684210526315,82,156.0,0.0,False,0.0,0.0,0.0,,,14,bicycle,0.05,0.1,region_crc,segformer_b2_cityscapes,acdc_rain_targetcal25,1,
1.0,1000,True,0.0,0.0,1.0,0.8273684210526315,82,156.0,0.0,False,0.0,0.0,0.0,,,14,bicycle,0.05,0.1,heuristic,segformer_b2_cityscapes,acdc_rain_targetcal25,1,
,-1,True,,0.7309233449477351,0.001135598518885672,,475,,,False,,,,,,14,bicycle,0.05,0.1,argmax,segformer_b2_cityscapes,acdc_rain_targetcal25,1,0.7115384615384616
1.0,1000,False,0.0,0.0,1.0,0.8273684210526315,82,156.0,0.0,False,0.0,0.0,0.0,,,14,bicycle,0.1,0.1,region_crc,segformer_b2_cityscapes,acdc_rain_targetcal25,1,
1.0,1000,True,0.0,0.0,1.0,0.8273684210526315,82,156.0,0.0,False,0.0,0.0,0.0,,,14,bicycle,0.1,0.1,heuristic,segformer_b2_cityscapes,acdc_rain_targetcal25,1,
,-1,True,,0.7309233449477351,0.001135598518885672,,475,,,False,,,,,,14,bicycle,0.1,0.1,argmax,segformer_b2_cityscapes,acdc_rain_targetcal25,1,0.7115384615384616
1.0,1000,False,0.0,0.0,1.0,0.8273684210526315,82,156.0,0.0,False,0.0,0.0,0.0,,,14,bicycle,0.2,0.1,region_crc,segformer_b2_cityscapes,acdc_rain_targetcal25,1,
1.0,1000,True,0.0,0.0,1.0,0.8273684210526315,82,156.0,0.0,False,0.0,0.0,0.0,,,14,bicycle,0.2,0.1,heuristic,segformer_b2_cityscapes,acdc_rain_targetcal25,1,
,-1,True,,0.7309233449477351,0.001135598518885672,,475,,,False,,,,,,14,bicycle,0.2,0.1,argmax,segformer_b2_cityscapes,acdc_rain_targetcal25,1,0.7115384615384616
1.0,1000,False,0.0,0.0,1.0,0.8273684210526315,82,156.0,0.0,False,0.0,0.0,0.0,,,14,bicycle,0.05,0.5,region_crc,segformer_b2_cityscapes,acdc_rain_targetcal25,1,
1.0,1000,True,0.0,0.0,1.0,0.8273684210526315,82,156.0,0.0,False,0.0,0.0,0.0,,,14,bicycle,0.05,0.5,heuristic,segformer_b2_cityscapes,acdc_rain_targetcal25,1,
,-1,True,,0.7712833914053426,0.001135598518885672,,475,,,False,,,,,,14,bicycle,0.05,0.5,argmax,segformer_b2_cityscapes,acdc_rain_targetcal25,1,0.75
1.0,1000,False,0.0,0.0,1.0,0.8273684210526315,82,156.0,0.0,False,0.0,0.0,0.0,,,14,bicycle,0.1,0.5,region_crc,segformer_b2_cityscapes,acdc_rain_targetcal25,1,
1.0,1000,True,0.0,0.0,1.0,0.8273684210526315,82,156.0,0.0,False,0.0,0.0,0.0,,,14,bicycle,0.1,0.5,heuristic,segformer_b2_cityscapes,acdc_rain_targetcal25,1,
,-1,True,,0.7712833914053426,0.001135598518885672,,475,,,False,,,,,,14,bicycle,0.1,0.5,argmax,segformer_b2_cityscapes,acdc_rain_targetcal25,1,0.75
1.0,1000,False,0.0,0.0,1.0,0.8273684210526315,82,156.0,0.0,False,0.0,0.0,0.0,,,14,bicycle,0.2,0.5,region_crc,segformer_b2_cityscapes,acdc_rain_targetcal25,1,
1.0,1000,True,0.0,0.0,1.0,0.8273684210526315,82,156.0,0.0,False,0.0,0.0,0.0,,,14,bicycle,0.2,0.5,heuristic,segformer_b2_cityscapes,acdc_rain_targetcal25,1,
,-1,True,,0.7712833914053426,0.001135598518885672,,475,,,False,,,,,,14,bicycle,0.2,0.5,argmax,segformer_b2_cityscapes,acdc_rain_targetcal25,1,0.75
1.0,1000,False,0.0,0.0,1.0,0.6568421052631579,163,316.0,0.0,False,0.0,0.0,0.0,,,15,person,0.05,0.1,region_crc,segformer_b2_cityscapes,acdc_rain_targetcal25,7,
0.998,998,True,0.06646216768916155,0.06646216768916155,0.03244815394282341,0.6568421052631579,163,316.0,0.19157894736842102,False,0.056818181818181816,0.042735042735042736,0.0,,,15,person,0.05,0.1,heuristic,segformer_b2_cityscapes,acdc_rain_targetcal25,7,
,-1,True,,0.6311744833217225,0.0019354918040335178,,475,,,False,,,,,,15,person,0.05,0.1,argmax,segformer_b2_cityscapes,acdc_rain_targetcal25,7,0.569620253164557
1.0,1000,False,0.0,0.0,1.0,0.6568421052631579,163,316.0,0.0,False,0.0,0.0,0.0,,,15,person,0.1,0.1,region_crc,segformer_b2_cityscapes,acdc_rain_targetcal25,7,
0.997,997,True,0.08793456032719836,0.08793456032719836,0.02762793004512787,0.6568421052631579,163,316.0,0.17263157894736847,False,0.08522727272727272,0.05982905982905983,0.0,,,15,person,0.1,0.1,heuristic,segformer_b2_cityscapes,acdc_rain_targetcal25,7,
,-1,True,,0.6311744833217225,0.0019354918040335178,,475,,,False,,,,,,15,person,0.1,0.1,argmax,segformer_b2_cityscapes,acdc_rain_targetcal25,7,0.569620253164557
0.997,997,True,0.08793456032719836,0.08793456032719836,0.02762793004512787,0.6568421052631579,163,316.0,0.17263157894736847,False,0.08522727272727272,0.05982905982905983,0.0,,,15,person,0.2,0.1,region_crc,segformer_b2_cityscapes,acdc_rain_targetcal25,7,
0.966,966,True,0.2992299452422152,0.2992299452422152,0.009140209294855595,9.850526315789473,163,316.0,0.17052631578947375,False,0.3693181818181818,0.1623931623931624,0.0,,,15,person,0.2,0.1,heuristic,segformer_b2_cityscapes,acdc_rain_targetcal25,7,
,-1,True,,0.6311744833217225,0.0019354918040335178,,475,,,False,,,,,,15,person,0.2,0.1,argmax,segformer_b2_cityscapes,acdc_rain_targetcal25,7,0.569620253164557
1.0,1000,False,0.0,0.0,1.0,0.6568421052631579,163,316.0,0.0,False,0.0,0.0,0.0,,,15,person,0.05,0.5,region_crc,segformer_b2_cityscapes,acdc_rain_targetcal25,7,
1.0,1000,True,0.0,0.0,1.0,0.6568421052631579,163,316.0,0.0,False,0.0,0.0,0.0,,,15,person,0.05,0.5,heuristic,segformer_b2_cityscapes,acdc_rain_targetcal25,7,
,-1,True,,0.738297864371484,0.0019354918040335178,,475,,,False,,,,,,15,person,0.05,0.5,argmax,segformer_b2_cityscapes,acdc_rain_targetcal25,7,0.680379746835443
1.0,1000,False,0.0,0.0,1.0,0.6568421052631579,163,316.0,0.0,False,0.0,0.0,0.0,,,15,person,0.1,0.5,region_crc,segformer_b2_cityscapes,acdc_rain_targetcal25,7,
0.998,998,True,0.11186094069529653,0.11186094069529653,0.03244815394282341,0.6568421052631579,163,316.0,0.19157894736842102,False,0.11931818181818182,0.07692307692307693,0.0,,,15,person,0.1,0.5,heuristic,segformer_b2_cityscapes,acdc_rain_targetcal25,7,
,-1,True,,0.738297864371484,0.0019354918040335178,,475,,,False,,,,,,15,person,0.1,0.5,argmax,segformer_b2_cityscapes,acdc_rain_targetcal25,7,0.680379746835443
0.998,998,True,0.11186094069529653,0.11186094069529653,0.03244815394282341,0.6568421052631579,163,316.0,0.19157894736842102,False,0.11931818181818182,0.07692307692307693,0.0,,,15,person,0.2,0.5,region_crc,segformer_b2_cityscapes,acdc_rain_targetcal25,7,
0.978,978,True,0.36221563031378984,0.36221563031378984,0.011398070491850376,9.850526315789473,163,316.0,0.1536842105263158,False,0.4318181818181818,0.20512820512820512,0.043478260869565216,,,15,person,0.2,0.5,heuristic,segformer_b2_cityscapes,acdc_rain_targetcal25,7,
,-1,True,,0.738297864371484,0.0019354918040335178,,475,,,False,,,,,,15,person,0.2,0.5,argmax,segformer_b2_cityscapes,acdc_rain_targetcal25,7,0.680379746835443
,-1,False,,,,,475,,,False,,,,,,15,rider,0.05,0.1,region_crc,segformer_b2_cityscapes,acdc_rain_targetcal25,0,
,-1,False,,,,,475,,,False,,,,,,15,rider,0.05,0.1,heuristic,segformer_b2_cityscapes,acdc_rain_targetcal25,0,
,-1,True,,0.8035714285714286,0.0002767483238130808,,475,,,False,,,,,,15,rider,0.05,0.1,argmax,segformer_b2_cityscapes,acdc_rain_targetcal25,0,0.8157894736842105
,-1,False,,,,,475,,,False,,,,,,15,rider,0.1,0.1,region_crc,segformer_b2_cityscapes,acdc_rain_targetcal25,0,
,-1,False,,,,,475,,,False,,,,,,15,rider,0.1,0.1,heuristic,segformer_b2_cityscapes,acdc_rain_targetcal25,0,
,-1,True,,0.8035714285714286,0.0002767483238130808,,475,,,False,,,,,,15,rider,0.1,0.1,argmax,segformer_b2_cityscapes,acdc_rain_targetcal25,0,0.8157894736842105
,-1,False,,,,,475,,,False,,,,,,15,rider,0.2,0.1,region_crc,segformer_b2_cityscapes,acdc_rain_targetcal25,0,
,-1,False,,,,,475,,,False,,,,,,15,rider,0.2,0.1,heuristic,segformer_b2_cityscapes,acdc_rain_targetcal25,0,
,-1,True,,0.8035714285714286,0.0002767483238130808,,475,,,False,,,,,,15,rider,0.2,0.1,argmax,segformer_b2_cityscapes,acdc_rain_targetcal25,0,0.8157894736842105
,-1,False,,,,,475,,,False,,,,,,15,rider,0.05,0.5,region_crc,segformer_b2_cityscapes,acdc_rain_targetcal25,0,
,-1,False,,,,,475,,,False,,,,,,15,rider,0.05,0.5,heuristic,segformer_b2_cityscapes,acdc_rain_targetcal25,0,
,-1,True,,0.8571428571428571,0.0002767483238130808,,475,,,False,,,,,,15,rider,0.05,0.5,argmax,segformer_b2_cityscapes,acdc_rain_targetcal25,0,0.868421052631579
,-1,False,,,,,475,,,False,,,,,,15,rider,0.1,0.5,region_crc,segformer_b2_cityscapes,acdc_rain_targetcal25,0,
,-1,False,,,,,475,,,False,,,,,,15,rider,0.1,0.5,heuristic,segformer_b2_cityscapes,acdc_rain_targetcal25,0,
,-1,True,,0.8571428571428571,0.0002767483238130808,,475,,,False,,,,,,15,rider,0.1,0.5,argmax,segformer_b2_cityscapes,acdc_rain_targetcal25,0,0.868421052631579
,-1,False,,,,,475,,,False,,,,,,15,rider,0.2,0.5,region_crc,segformer_b2_cityscapes,acdc_rain_targetcal25,0,
,-1,False,,,,,475,,,False,,,,,,15,rider,0.2,0.5,heuristic,segformer_b2_cityscapes,acdc_rain_targetcal25,0,
,-1,True,,0.8571428571428571,0.0002767483238130808,,475,,,False,,,,,,15,rider,0.2,0.5,argmax,segformer_b2_cityscapes,acdc_rain_targetcal25,0,0.868421052631579
1.0,1000,False,0.0,0.0,1.0,0.8315789473684211,80,152.0,0.0,False,0.0,0.0,0.0,,,15,bicycle,0.05,0.1,region_crc,segformer_b2_cityscapes,acdc_rain_targetcal25,3,
1.0,1000,True,0.0,0.0,1.0,0.8315789473684211,80,152.0,0.0,False,0.0,0.0,0.0,,,15,bicycle,0.05,0.1,heuristic,segformer_b2_cityscapes,acdc_rain_targetcal25,3,
,-1,True,,0.7241964285714285,0.0011682565091177821,,475,,,False,,,,,,15,bicycle,0.05,0.1,argmax,segformer_b2_cityscapes,acdc_rain_targetcal25,3,0.7039473684210527
1.0,1000,False,0.0,0.0,1.0,0.8315789473684211,80,152.0,0.0,False,0.0,0.0,0.0,,,15,bicycle,0.1,0.1,region_crc,segformer_b2_cityscapes,acdc_rain_targetcal25,3,
1.0,1000,True,0.0,0.0,1.0,0.8315789473684211,80,152.0,0.0,False,0.0,0.0,0.0,,,15,bicycle,0.1,0.1,heuristic,segformer_b2_cityscapes,acdc_rain_targetcal25,3,
,-1,True,,0.7241964285714285,0.0011682565091177821,,475,,,False,,,,,,15,bicycle,0.1,0.1,argmax,segformer_b2_cityscapes,acdc_rain_targetcal25,3,0.7039473684210527
1.0,1000,False,0.0,0.0,1.0,0.8315789473684211,80,152.0,0.0,False,0.0,0.0,0.0,,,15,bicycle,0.2,0.1,region_crc,segformer_b2_cityscapes,acdc_rain_targetcal25,3,
1.0,1000,True,0.0,0.0,1.0,0.8315789473684211,80,152.0,0.0,False,0.0,0.0,0.0,,,15,bicycle,0.2,0.1,heuristic,segformer_b2_cityscapes,acdc_rain_targetcal25,3,
,-1,True,,0.7241964285714285,0.0011682565091177821,,475,,,False,,,,,,15,bicycle,0.2,0.1,argmax,segformer_b2_cityscapes,acdc_rain_targetcal25,3,0.7039473684210527
1.0,1000,False,0.0,0.0,1.0,0.8315789473684211,80,152.0,0.0,False,0.0,0.0,0.0,,,15,bicycle,0.05,0.5,region_crc,segformer_b2_cityscapes,acdc_rain_targetcal25,3,
1.0,1000,True,0.0,0.0,1.0,0.8315789473684211,80,152.0,0.0,False,0.0,0.0,0.0,,,15,bicycle,0.05,0.5,heuristic,segformer_b2_cityscapes,acdc_rain_targetcal25,3,
,-1,True,,0.7655654761904762,0.0011682565091177821,,475,,,False,,,,,,15,bicycle,0.05,0.5,argmax,segformer_b2_cityscapes,acdc_rain_targetcal25,3,0.743421052631579
1.0,1000,False,0.0,0.0,1.0,0.8315789473684211,80,152.0,0.0,False,0.0,0.0,0.0,,,15,bicycle,0.1,0.5,region_crc,segformer_b2_cityscapes,acdc_rain_targetcal25,3,
1.0,1000,True,0.0,0.0,1.0,0.8315789473684211,80,152.0,0.0,False,0.0,0.0,0.0,,,15,bicycle,0.1,0.5,heuristic,segformer_b2_cityscapes,acdc_rain_targetcal25,3,
,-1,True,,0.7655654761904762,0.0011682565091177821,,475,,,False,,,,,,15,bicycle,0.1,0.5,argmax,segformer_b2_cityscapes,acdc_rain_targetcal25,3,0.743421052631579
1.0,1000,False,0.0,0.0,1.0,0.8315789473684211,80,152.0,0.0,False,0.0,0.0,0.0,,,15,bicycle,0.2,0.5,region_crc,segformer_b2_cityscapes,acdc_rain_targetcal25,3,
1.0,1000,True,0.0,0.0,1.0,0.8315789473684211,80,152.0,0.0,False,0.0,0.0,0.0,,,15,bicycle,0.2,0.5,heuristic,segformer_b2_cityscapes,acdc_rain_targetcal25,3,
,-1,True,,0.7655654761904762,0.0011682565091177821,,475,,,False,,,,,,15,bicycle,0.2,0.5,argmax,segformer_b2_cityscapes,acdc_rain_targetcal25,3,0.743421052631579
1.0,1000,False,0.0,0.0,1.0,0.6652631578947369,159,319.0,0.0,False,0.0,0.0,0.0,,,16,person,0.05,0.1,region_crc,segformer_b2_cityscapes,acdc_rain_targetcal25,11,
1.0,1000,True,0.0,0.0,1.0,0.6652631578947369,159,319.0,0.0,False,0.0,0.0,0.0,,,16,person,0.05,0.1,heuristic,segformer_b2_cityscapes,acdc_rain_targetcal25,11,
,-1,True,,0.6218958539713256,0.0019495065789669752,,475,,,False,,,,,,16,person,0.05,0.1,argmax,segformer_b2_cityscapes,acdc_rain_targetcal25,11,0.5642633228840125
1.0,1000,True,0.0,0.0,1.0,0.6652631578947369,159,319.0,0.0,False,0.0,0.0,0.0,,,16,person,0.1,0.1,region_crc,segformer_b2_cityscapes,acdc_rain_targetcal25,11,
0.998,998,True,0.06341719077568134,0.06341719077568134,0.032627273350954056,0.6652631578947369,159,319.0,0.2168421052631579,False,0.049723756906077346,0.04310344827586207,0.0,,,16,person,0.1,0.1,heuristic,segformer_b2_cityscapes,acdc_rain_targetcal25,11,
,-1,True,,0.6218958539713256,0.0019495065789669752,,475,,,False,,,,,,16,person,0.1,0.1,argmax,segformer_b2_cityscapes,acdc_rain_targetcal25,11,0.5642633228840125
0.998,998,True,0.06341719077568134,0.06341719077568134,0.032627273350954056,0.6652631578947369,159,319.0,0.2168421052631579,False,0.049723756906077346,0.04310344827586207,0.0,,,16,person,0.2,0.1,region_crc,segformer_b2_cityscapes,acdc_rain_targetcal25,11,
0.993,993,True,0.13039832285115305,0.13039832285115305,0.01945023238658905,0.6652631578947369,159,319.0,0.22947368421052627,False,0.16022099447513813,0.06896551724137931,0.0,,,16,person,0.2,0.1,heuristic,segformer_b2_cityscapes,acdc_rain_targetcal25,11,
,-1,True,,0.6218958539713256,0.0019495065789669752,,475,,,False,,,,,,16,person,0.2,0.1,argmax,segformer_b2_cityscapes,acdc_rain_targetcal25,11,0.5642633228840125
1.0,1000,False,0.0,0.0,1.0,0.6652631578947369,159,319.0,0.0,False,0.0,0.0,0.0,,,16,person,0.05,0.5,region_crc,segformer_b2_cityscapes,acdc_rain_targetcal25,11,
1.0,1000,True,0.0,0.0,1.0,0.6652631578947369,159,319.0,0.0,False,0.0,0.0,0.0,,,16,person,0.05,0.5,heuristic,segformer_b2_cityscapes,acdc_rain_targetcal25,11,
,-1,True,,0.7285695087581879,0.0019495065789669752,,475,,,False,,,,,,16,person,0.05,0.5,argmax,segformer_b2_cityscapes,acdc_rain_targetcal25,11,0.677115987460815
1.0,1000,True,0.0,0.0,1.0,0.6652631578947369,159,319.0,0.0,False,0.0,0.0,0.0,,,16,person,0.1,0.5,region_crc,segformer_b2_cityscapes,acdc_rain_targetcal25,11,
1.0,1000,True,0.0,0.0,1.0,0.6652631578947369,159,319.0,0.0,False,0.0,0.0,0.0,,,16,person,0.1,0.5,heuristic,segformer_b2_cityscapes,acdc_rain_targetcal25,11,
,-1,True,,0.7285695087581879,0.0019495065789669752,,475,,,False,,,,,,16,person,0.1,0.5,argmax,segformer_b2_cityscapes,acdc_rain_targetcal25,11,0.677115987460815
1.0,1000,True,0.0,0.0,1.0,0.6652631578947369,159,319.0,0.0,False,0.0,0.0,0.0,,,16,person,0.2,0.5,region_crc,segformer_b2_cityscapes,acdc_rain_targetcal25,11,
0.997,997,True,0.1330188679245283,0.1330188679245283,0.027794767171144485,0.6652631578947369,159,319.0,0.26105263157894737,False,0.14917127071823205,0.08620689655172414,0.0,,,16,person,0.2,0.5,heuristic,segformer_b2_cityscapes,acdc_rain_targetcal25,11,
,-1,True,,0.7285695087581879,0.0019495065789669752,,475,,,False,,,,,,16,person,0.2,0.5,argmax,segformer_b2_cityscapes,acdc_rain_targetcal25,11,0.677115987460815
1.0,1000,False,0.0,0.0,1.0,0.9494736842105264,24,33.0,0.0,False,0.0,0.0,0.0,,,16,rider,0.05,0.1,region_crc,segformer_b2_cityscapes,acdc_rain_targetcal25,4,
1.0,1000,True,0.0,0.0,1.0,0.9494736842105264,24,33.0,0.0,False,0.0,0.0,0.0,,,16,rider,0.05,0.1,heuristic,segformer_b2_cityscapes,acdc_rain_targetcal25,4,
,-1,True,,0.7708333333333334,0.00026378026814199984,,475,,,False,,,,,,16,rider,0.05,0.1,argmax,segformer_b2_cityscapes,acdc_rain_targetcal25,4,0.7878787878787878
1.0,1000,False,0.0,0.0,1.0,0.9494736842105264,24,33.0,0.0,False,0.0,0.0,0.0,,,16,rider,0.1,0.1,region_crc,segformer_b2_cityscapes,acdc_rain_targetcal25,4,
1.0,1000,True,0.0,0.0,1.0,0.9494736842105264,24,33.0,0.0,False,0.0,0.0,0.0,,,16,rider,0.1,0.1,heuristic,segformer_b2_cityscapes,acdc_rain_targetcal25,4,
,-1,True,,0.7708333333333334,0.00026378026814199984,,475,,,False,,,,,,16,rider,0.1,0.1,argmax,segformer_b2_cityscapes,acdc_rain_targetcal25,4,0.7878787878787878
1.0,1000,True,0.0,0.0,1.0,0.9494736842105264,24,33.0,0.0,False,0.0,0.0,0.0,,,16,rider,0.2,0.1,region_crc,segformer_b2_cityscapes,acdc_rain_targetcal25,4,
1.0,1000,True,0.0,0.0,1.0,0.9494736842105264,24,33.0,0.0,False,0.0,0.0,0.0,,,16,rider,0.2,0.1,heuristic,segformer_b2_cityscapes,acdc_rain_targetcal25,4,
,-1,True,,0.7708333333333334,0.00026378026814199984,,475,,,False,,,,,,16,rider,0.2,0.1,argmax,segformer_b2_cityscapes,acdc_rain_targetcal25,4,0.7878787878787878
1.0,1000,False,0.0,0.0,1.0,0.9494736842105264,24,33.0,0.0,False,0.0,0.0,0.0,,,16,rider,0.05,0.5,region_crc,segformer_b2_cityscapes,acdc_rain_targetcal25,4,
1.0,1000,True,0.0,0.0,1.0,0.9494736842105264,24,33.0,0.0,False,0.0,0.0,0.0,,,16,rider,0.05,0.5,heuristic,segformer_b2_cityscapes,acdc_rain_targetcal25,4,
,-1,True,,0.8333333333333334,0.00026378026814199984,,475,,,False,,,,,,16,rider,0.05,0.5,argmax,segformer_b2_cityscapes,acdc_rain_targetcal25,4,0.8484848484848485
1.0,1000,False,0.0,0.0,1.0,0.9494736842105264,24,33.0,0.0,False,0.0,0.0,0.0,,,16,rider,0.1,0.5,region_crc,segformer_b2_cityscapes,acdc_rain_targetcal25,4,
1.0,1000,True,0.0,0.0,1.0,0.9494736842105264,24,33.0,0.0,False,0.0,0.0,0.0,,,16,rider,0.1,0.5,heuristic,segformer_b2_cityscapes,acdc_rain_targetcal25,4,
,-1,True,,0.8333333333333334,0.00026378026814199984,,475,,,False,,,,,,16,rider,0.1,0.5,argmax,segformer_b2_cityscapes,acdc_rain_targetcal25,4,0.8484848484848485
1.0,1000,True,0.0,0.0,1.0,0.9494736842105264,24,33.0,0.0,False,0.0,0.0,0.0,,,16,rider,0.2,0.5,region_crc,segformer_b2_cityscapes,acdc_rain_targetcal25,4,
1.0,1000,True,0.0,0.0,1.0,0.9494736842105264,24,33.0,0.0,False,0.0,0.0,0.0,,,16,rider,0.2,0.5,heuristic,segformer_b2_cityscapes,acdc_rain_targetcal25,4,
,-1,True,,0.8333333333333334,0.00026378026814199984,,475,,,False,,,,,,16,rider,0.2,0.5,argmax,segformer_b2_cityscapes,acdc_rain_targetcal25,4,0.8484848484848485
1.0,1000,False,0.0,0.0,1.0,0.8357894736842105,78,154.0,0.0,False,0.0,0.0,0.0,,,16,bicycle,0.05,0.1,region_crc,segformer_b2_cityscapes,acdc_rain_targetcal25,5,
1.0,1000,True,0.0,0.0,1.0,0.8357894736842105,78,154.0,0.0,False,0.0,0.0,0.0,,,16,bicycle,0.05,0.1,heuristic,segformer_b2_cityscapes,acdc_rain_targetcal25,5,
,-1,True,,0.7384920634920635,0.0011664401972666383,,475,,,False,,,,,,16,bicycle,0.05,0.1,argmax,segformer_b2_cityscapes,acdc_rain_targetcal25,5,0.7142857142857143
1.0,1000,False,0.0,0.0,1.0,0.8357894736842105,78,154.0,0.0,False,0.0,0.0,0.0,,,16,bicycle,0.1,0.1,region_crc,segformer_b2_cityscapes,acdc_rain_targetcal25,5,
1.0,1000,True,0.0,0.0,1.0,0.8357894736842105,78,154.0,0.0,False,0.0,0.0,0.0,,,16,bicycle,0.1,0.1,heuristic,segformer_b2_cityscapes,acdc_rain_targetcal25,5,
,-1,True,,0.7384920634920635,0.0011664401972666383,,475,,,False,,,,,,16,bicycle,0.1,0.1,argmax,segformer_b2_cityscapes,acdc_rain_targetcal25,5,0.7142857142857143
1.0,1000,True,0.0,0.0,1.0,0.8357894736842105,78,154.0,0.0,False,0.0,0.0,0.0,,,16,bicycle,0.2,0.1,region_crc,segformer_b2_cityscapes,acdc_rain_targetcal25,5,
0.999,999,True,0.2108058608058608,0.2108058608058608,0.018723972141742706,0.8357894736842105,78,154.0,0.14526315789473687,False,0.3058823529411765,0.07142857142857142,0.0,,,16,bicycle,0.2,0.1,heuristic,segformer_b2_cityscapes,acdc_rain_targetcal25,5,
,-1,True,,0.7384920634920635,0.0011664401972666383,,475,,,False,,,,,,16,bicycle,0.2,0.1,argmax,segformer_b2_cityscapes,acdc_rain_targetcal25,5,0.7142857142857143
1.0,1000,False,0.0,0.0,1.0,0.8357894736842105,78,154.0,0.0,False,0.0,0.0,0.0,,,16,bicycle,0.05,0.5,region_crc,segformer_b2_cityscapes,acdc_rain_targetcal25,5,
1.0,1000,True,0.0,0.0,1.0,0.8357894736842105,78,154.0,0.0,False,0.0,0.0,0.0,,,16,bicycle,0.05,0.5,heuristic,segformer_b2_cityscapes,acdc_rain_targetcal25,5,
,-1,True,,0.7851953601953602,0.0011664401972666383,,475,,,False,,,,,,16,bicycle,0.05,0.5,argmax,segformer_b2_cityscapes,acdc_rain_targetcal25,5,0.7597402597402597
1.0,1000,False,0.0,0.0,1.0,0.8357894736842105,78,154.0,0.0,False,0.0,0.0,0.0,,,16,bicycle,0.1,0.5,region_crc,segformer_b2_cityscapes,acdc_rain_targetcal25,5,
1.0,1000,True,0.0,0.0,1.0,0.8357894736842105,78,154.0,0.0,False,0.0,0.0,0.0,,,16,bicycle,0.1,0.5,heuristic,segformer_b2_cityscapes,acdc_rain_targetcal25,5,
,-1,True,,0.7851953601953602,0.0011664401972666383,,475,,,False,,,,,,16,bicycle,0.1,0.5,argmax,segformer_b2_cityscapes,acdc_rain_targetcal25,5,0.7597402597402597
1.0,1000,True,0.0,0.0,1.0,0.8357894736842105,78,154.0,0.0,False,0.0,0.0,0.0,,,16,bicycle,0.2,0.5,region_crc,segformer_b2_cityscapes,acdc_rain_targetcal25,5,
0.999,999,True,0.28836996336996334,0.28836996336996334,0.018723972141742706,0.8357894736842105,78,154.0,0.14526315789473687,False,0.4,0.125,0.0,,,16,bicycle,0.2,0.5,heuristic,segformer_b2_cityscapes,acdc_rain_targetcal25,5,
,-1,True,,0.7851953601953602,0.0011664401972666383,,475,,,False,,,,,,16,bicycle,0.2,0.5,argmax,segformer_b2_cityscapes,acdc_rain_targetcal25,5,0.7597402597402597
1.0,1000,False,0.0,0.0,1.0,0.6547368421052632,164,325.0,0.0,False,0.0,0.0,0.0,,,17,person,0.05,0.1,region_crc,segformer_b2_cityscapes,acdc_rain_targetcal25,6,
1.0,1000,True,0.0,0.0,1.0,0.6547368421052632,164,325.0,0.0,False,0.0,0.0,0.0,,,17,person,0.05,0.1,heuristic,segformer_b2_cityscapes,acdc_rain_targetcal25,6,
,-1,True,,0.6288502486673218,0.00190905318595469,,475,,,False,,,,,,17,person,0.05,0.1,argmax,segformer_b2_cityscapes,acdc_rain_targetcal25,6,0.5753846153846154
1.0,1000,False,0.0,0.0,1.0,0.6547368421052632,164,325.0,0.0,False,0.0,0.0,0.0,,,17,person,0.1,0.1,region_crc,segformer_b2_cityscapes,acdc_rain_targetcal25,6,
1.0,1000,True,0.0,0.0,1.0,0.6547368421052632,164,325.0,0.0,False,0.0,0.0,0.0,,,17,person,0.1,0.1,heuristic,segformer_b2_cityscapes,acdc_rain_targetcal25,6,
,-1,True,,0.6288502486673218,0.00190905318595469,,475,,,False,,,,,,17,person,0.1,0.1,argmax,segformer_b2_cityscapes,acdc_rain_targetcal25,6,0.5753846153846154
1.0,1000,True,0.0,0.0,1.0,0.6547368421052632,164,325.0,0.0,False,0.0,0.0,0.0,,,17,person,0.2,0.1,region_crc,segformer_b2_cityscapes,acdc_rain_targetcal25,6,
0.995,995,True,0.10894308943089431,0.10894308943089431,0.022046279162168503,0.6547368421052632,164,325.0,0.21473684210526311,False,0.125,0.06722689075630252,0.0,,,17,person,0.2,0.1,heuristic,segformer_b2_cityscapes,acdc_rain_targetcal25,6,
,-1,True,,0.6288502486673218,0.00190905318595469,,475,,,False,,,,,,17,person,0.2,0.1,argmax,segformer_b2_cityscapes,acdc_rain_targetcal25,6,0.5753846153846154
1.0,1000,False,0.0,0.0,1.0,0.6547368421052632,164,325.0,0.0,False,0.0,0.0,0.0,,,17,person,0.05,0.5,region_crc,segformer_b2_cityscapes,acdc_rain_targetcal25,6,
1.0,1000,True,0.0,0.0,1.0,0.6547368421052632,164,325.0,0.0,False,0.0,0.0,0.0,,,17,person,0.05,0.5,heuristic,segformer_b2_cityscapes,acdc_rain_targetcal25,6,
,-1,True,,0.7398936091009262,0.00190905318595469,,475,,,False,,,,,,17,person,0.05,0.5,argmax,segformer_b2_cityscapes,acdc_rain_targetcal25,6,0.6892307692307692
1.0,1000,False,0.0,0.0,1.0,0.6547368421052632,164,325.0,0.0,False,0.0,0.0,0.0,,,17,person,0.1,0.5,region_crc,segformer_b2_cityscapes,acdc_rain_targetcal25,6,
1.0,1000,True,0.0,0.0,1.0,0.6547368421052632,164,325.0,0.0,False,0.0,0.0,0.0,,,17,person,0.1,0.5,heuristic,segformer_b2_cityscapes,acdc_rain_targetcal25,6,
,-1,True,,0.7398936091009262,0.00190905318595469,,475,,,False,,,,,,17,person,0.1,0.5,argmax,segformer_b2_cityscapes,acdc_rain_targetcal25,6,0.6892307692307692
1.0,1000,True,0.0,0.0,1.0,0.6547368421052632,164,325.0,0.0,False,0.0,0.0,0.0,,,17,person,0.2,0.5,region_crc,segformer_b2_cityscapes,acdc_rain_targetcal25,6,
0.999,999,True,0.06910569105691056,0.06910569105691056,0.041611894965171814,0.6547368421052632,164,325.0,0.22947368421052627,False,0.05434782608695652,0.06722689075630252,0.0,,,17,person,0.2,0.5,heuristic,segformer_b2_cityscapes,acdc_rain_targetcal25,6,
,-1,True,,0.7398936091009262,0.00190905318595469,,475,,,False,,,,,,17,person,0.2,0.5,argmax,segformer_b2_cityscapes,acdc_rain_targetcal25,6,0.6892307692307692
1.0,1000,False,0.0,0.0,1.0,0.9452631578947368,26,36.0,0.0,False,0.0,0.0,0.0,,,17,rider,0.05,0.1,region_crc,segformer_b2_cityscapes,acdc_rain_targetcal25,2,
1.0,1000,True,0.0,0.0,1.0,0.9452631578947368,26,36.0,0.0,False,0.0,0.0,0.0,,,17,rider,0.05,0.1,heuristic,segformer_b2_cityscapes,acdc_rain_targetcal25,2,
,-1,True,,0.7884615384615384,0.00025769471540115774,,475,,,False,,,,,,17,rider,0.05,0.1,argmax,segformer_b2_cityscapes,acdc_rain_targetcal25,2,0.8055555555555556
1.0,1000,False,0.0,0.0,1.0,0.9452631578947368,26,36.0,0.0,False,0.0,0.0,0.0,,,17,rider,0.1,0.1,region_crc,segformer_b2_cityscapes,acdc_rain_targetcal25,2,
1.0,1000,True,0.0,0.0,1.0,0.9452631578947368,26,36.0,0.0,False,0.0,0.0,0.0,,,17,rider,0.1,0.1,heuristic,segformer_b2_cityscapes,acdc_rain_targetcal25,2,
,-1,True,,0.7884615384615384,0.00025769471540115774,,475,,,False,,,,,,17,rider,0.1,0.1,argmax,segformer_b2_cityscapes,acdc_rain_targetcal25,2,0.8055555555555556
1.0,1000,False,0.0,0.0,1.0,0.9452631578947368,26,36.0,0.0,False,0.0,0.0,0.0,,,17,rider,0.2,0.1,region_crc,segformer_b2_cityscapes,acdc_rain_targetcal25,2,
1.0,1000,True,0.0,0.0,1.0,0.9452631578947368,26,36.0,0.0,False,0.0,0.0,0.0,,,17,rider,0.2,0.1,heuristic,segformer_b2_cityscapes,acdc_rain_targetcal25,2,
,-1,True,,0.7884615384615384,0.00025769471540115774,,475,,,False,,,,,,17,rider,0.2,0.1,argmax,segformer_b2_cityscapes,acdc_rain_targetcal25,2,0.8055555555555556
1.0,1000,False,0.0,0.0,1.0,0.9452631578947368,26,36.0,0.0,False,0.0,0.0,0.0,,,17,rider,0.05,0.5,region_crc,segformer_b2_cityscapes,acdc_rain_targetcal25,2,
1.0,1000,True,0.0,0.0,1.0,0.9452631578947368,26,36.0,0.0,False,0.0,0.0,0.0,,,17,rider,0.05,0.5,heuristic,segformer_b2_cityscapes,acdc_rain_targetcal25,2,
,-1,True,,0.8461538461538461,0.00025769471540115774,,475,,,False,,,,,,17,rider,0.05,0.5,argmax,segformer_b2_cityscapes,acdc_rain_targetcal25,2,0.8611111111111112
1.0,1000,False,0.0,0.0,1.0,0.9452631578947368,26,36.0,0.0,False,0.0,0.0,0.0,,,17,rider,0.1,0.5,region_crc,segformer_b2_cityscapes,acdc_rain_targetcal25,2,
1.0,1000,True,0.0,0.0,1.0,0.9452631578947368,26,36.0,0.0,False,0.0,0.0,0.0,,,17,rider,0.1,0.5,heuristic,segformer_b2_cityscapes,acdc_rain_targetcal25,2,
,-1,True,,0.8461538461538461,0.00025769471540115774,,475,,,False,,,,,,17,rider,0.1,0.5,argmax,segformer_b2_cityscapes,acdc_rain_targetcal25,2,0.8611111111111112
1.0,1000,False,0.0,0.0,1.0,0.9452631578947368,26,36.0,0.0,False,0.0,0.0,0.0,,,17,rider,0.2,0.5,region_crc,segformer_b2_cityscapes,acdc_rain_targetcal25,2,
1.0,1000,True,0.0,0.0,1.0,0.9452631578947368,26,36.0,0.0,False,0.0,0.0,0.0,,,17,rider,0.2,0.5,heuristic,segformer_b2_cityscapes,acdc_rain_targetcal25,2,
,-1,True,,0.8461538461538461,0.00025769471540115774,,475,,,False,,,,,,17,rider,0.2,0.5,argmax,segformer_b2_cityscapes,acdc_rain_targetcal25,2,0.8611111111111112
1.0,1000,False,0.0,0.0,1.0,0.8357894736842105,78,154.0,0.0,False,0.0,0.0,0.0,,,17,bicycle,0.05,0.1,region_crc,segformer_b2_cityscapes,acdc_rain_targetcal25,5,
1.0,1000,True,0.0,0.0,1.0,0.8357894736842105,78,154.0,0.0,False,0.0,0.0,0.0,,,17,bicycle,0.05,0.1,heuristic,segformer_b2_cityscapes,acdc_rain_targetcal25,5,
,-1,True,,0.7256715506715506,0.0010996628552675247,,475,,,False,,,,,,17,bicycle,0.05,0.1,argmax,segformer_b2_cityscapes,acdc_rain_targetcal25,5,0.7077922077922078
1.0,1000,False,0.0,0.0,1.0,0.8357894736842105,78,154.0,0.0,False,0.0,0.0,0.0,,,17,bicycle,0.1,0.1,region_crc,segformer_b2_cityscapes,acdc_rain_targetcal25,5,
1.0,1000,True,0.0,0.0,1.0,0.8357894736842105,78,154.0,0.0,False,0.0,0.0,0.0,,,17,bicycle,0.1,0.1,heuristic,segformer_b2_cityscapes,acdc_rain_targetcal25,5,
,-1,True,,0.7256715506715506,0.0010996628552675247,,475,,,False,,,,,,17,bicycle,0.1,0.1,argmax,segformer_b2_cityscapes,acdc_rain_targetcal25,5,0.7077922077922078
1.0,1000,True,0.0,0.0,1.0,0.8357894736842105,78,154.0,0.0,False,0.0,0.0,0.0,,,17,bicycle,0.2,0.1,region_crc,segformer_b2_cityscapes,acdc_rain_targetcal25,5,
1.0,1000,True,0.0,0.0,1.0,0.8357894736842105,78,154.0,0.0,False,0.0,0.0,0.0,,,17,bicycle,0.2,0.1,heuristic,segformer_b2_cityscapes,acdc_rain_targetcal25,5,
,-1,True,,0.7256715506715506,0.0010996628552675247,,475,,,False,,,,,,17,bicycle,0.2,0.1,argmax,segformer_b2_cityscapes,acdc_rain_targetcal25,5,0.7077922077922078
1.0,1000,False,0.0,0.0,1.0,0.8357894736842105,78,154.0,0.0,False,0.0,0.0,0.0,,,17,bicycle,0.05,0.5,region_crc,segformer_b2_cityscapes,acdc_rain_targetcal25,5,
1.0,1000,True,0.0,0.0,1.0,0.8357894736842105,78,154.0,0.0,False,0.0,0.0,0.0,,,17,bicycle,0.05,0.5,heuristic,segformer_b2_cityscapes,acdc_rain_targetcal25,5,
,-1,True,,0.7723748473748474,0.0010996628552675247,,475,,,False,,,,,,17,bicycle,0.05,0.5,argmax,segformer_b2_cityscapes,acdc_rain_targetcal25,5,0.7532467532467533
1.0,1000,False,0.0,0.0,1.0,0.8357894736842105,78,154.0,0.0,False,0.0,0.0,0.0,,,17,bicycle,0.1,0.5,region_crc,segformer_b2_cityscapes,acdc_rain_targetcal25,5,
1.0,1000,True,0.0,0.0,1.0,0.8357894736842105,78,154.0,0.0,False,0.0,0.0,0.0,,,17,bicycle,0.1,0.5,heuristic,segformer_b2_cityscapes,acdc_rain_targetcal25,5,
,-1,True,,0.7723748473748474,0.0010996628552675247,,475,,,False,,,,,,17,bicycle,0.1,0.5,argmax,segformer_b2_cityscapes,acdc_rain_targetcal25,5,0.7532467532467533
1.0,1000,True,0.0,0.0,1.0,0.8357894736842105,78,154.0,0.0,False,0.0,0.0,0.0,,,17,bicycle,0.2,0.5,region_crc,segformer_b2_cityscapes,acdc_rain_targetcal25,5,
1.0,1000,True,0.0,0.0,1.0,0.8357894736842105,78,154.0,0.0,False,0.0,0.0,0.0,,,17,bicycle,0.2,0.5,heuristic,segformer_b2_cityscapes,acdc_rain_targetcal25,5,
,-1,True,,0.7723748473748474,0.0010996628552675247,,475,,,False,,,,,,17,bicycle,0.2,0.5,argmax,segformer_b2_cityscapes,acdc_rain_targetcal25,5,0.7532467532467533
1.0,1000,False,0.0,0.0,1.0,0.6631578947368421,160,315.0,0.0,False,0.0,0.0,0.0,,,18,person,0.05,0.1,region_crc,segformer_b2_cityscapes,acdc_rain_targetcal25,10,
0.998,998,True,0.0671875,0.0671875,0.0322471559047699,0.6631578947368421,160,315.0,0.16421052631578945,False,0.05747126436781609,0.0423728813559322,0.0,,,18,person,0.05,0.1,heuristic,segformer_b2_cityscapes,acdc_rain_targetcal25,10,
,-1,True,,0.6305090048840049,0.0019114167662337422,,475,,,False,,,,,,18,person,0.05,0.1,argmax,segformer_b2_cityscapes,acdc_rain_targetcal25,10,0.5650793650793651
0.999,999,True,0.0671875,0.0671875,0.04190560430288315,0.6631578947368421,160,315.0,0.14105263157894735,False,0.05747126436781609,0.0423728813559322,0.0,,,18,person,0.1,0.1,region_crc,segformer_b2_cityscapes,acdc_rain_targetcal25,10,
0.995,995,True,0.1121875,0.1121875,0.022218631580471992,0.6631578947368421,160,315.0,0.1431578947368421,False,0.11494252873563218,0.07627118644067797,0.0,,,18,person,0.1,0.1,heuristic,segformer_b2_cityscapes,acdc_rain_targetcal25,10,
,-1,True,,0.6305090048840049,0.0019114167662337422,,475,,,False,,,,,,18,person,0.1,0.1,argmax,segformer_b2_cityscapes,acdc_rain_targetcal25,10,0.5650793650793651
0.993,993,True,0.13166666666666665,0.13166666666666665,0.019211752340197563,0.6631578947368421,160,315.0,0.15157894736842104,False,0.15517241379310345,0.07627118644067797,0.0,,,18,person,0.2,0.1,region_crc,segformer_b2_cityscapes,acdc_rain_targetcal25,10,
0.993,993,True,0.13166666666666665,0.13166666666666665,0.019211752340197563,0.6631578947368421,160,315.0,0.15157894736842104,False,0.15517241379310345,0.07627118644067797,0.0,,,18,person,0.2,0.1,heuristic,segformer_b2_cityscapes,acdc_rain_targetcal25,10,
,-1,True,,0.6305090048840049,0.0019114167662337422,,475,,,False,,,,,,18,person,0.2,0.1,argmax,segformer_b2_cityscapes,acdc_rain_targetcal25,10,0.5650793650793651
1.0,1000,False,0.0,0.0,1.0,0.6631578947368421,160,315.0,0.0,False,0.0,0.0,0.0,,,18,person,0.05,0.5,region_crc,segformer_b2_cityscapes,acdc_rain_targetcal25,10,
0.999,999,True,0.07708333333333332,0.07708333333333332,0.04190560430288315,0.6631578947368421,160,315.0,0.14105263157894735,False,0.05747126436781609,0.07627118644067797,0.0,,,18,person,0.05,0.5,heuristic,segformer_b2_cityscapes,acdc_rain_targetcal25,10,
,-1,True,,0.7396409493284493,0.0019114167662337422,,475,,,False,,,,,,18,person,0.05,0.5,argmax,segformer_b2_cityscapes,acdc_rain_targetcal25,10,0.6793650793650794
0.999,999,True,0.07708333333333332,0.07708333333333332,0.04190560430288315,0.6631578947368421,160,315.0,0.14105263157894735,False,0.05747126436781609,0.07627118644067797,0.0,,,18,person,0.1,0.5,region_crc,segformer_b2_cityscapes,acdc_rain_targetcal25,10,
0.997,997,True,0.13583333333333333,0.13583333333333333,0.02745431289076805,0.6631578947368421,160,315.0,0.12631578947368421,False,0.14942528735632185,0.09322033898305085,0.0,,,18,person,0.1,0.5,heuristic,segformer_b2_cityscapes,acdc_rain_targetcal25,10,
,-1,True,,0.7396409493284493,0.0019114167662337422,,475,,,False,,,,,,18,person,0.1,0.5,argmax,segformer_b2_cityscapes,acdc_rain_targetcal25,10,0.6793650793650794
0.997,997,True,0.13583333333333333,0.13583333333333333,0.02745431289076805,0.6631578947368421,160,315.0,0.12631578947368421,False,0.14942528735632185,0.09322033898305085,0.0,,,18,person,0.2,0.5,region_crc,segformer_b2_cityscapes,acdc_rain_targetcal25,10,
0.997,997,True,0.13583333333333333,0.13583333333333333,0.02745431289076805,0.6631578947368421,160,315.0,0.12631578947368421,False,0.14942528735632185,0.09322033898305085,0.0,,,18,person,0.2,0.5,heuristic,segformer_b2_cityscapes,acdc_rain_targetcal25,10,
,-1,True,,0.7396409493284493,0.0019114167662337422,,475,,,False,,,,,,18,person,0.2,0.5,argmax,segformer_b2_cityscapes,acdc_rain_targetcal25,10,0.6793650793650794
1.0,1000,False,0.0,0.0,1.0,0.9431578947368421,27,37.0,0.0,False,0.0,0.0,0.0,,,18,rider,0.05,0.1,region_crc,segformer_b2_cityscapes,acdc_rain_targetcal25,1,
0.993,993,True,0.5555555555555556,0.5555555555555556,0.0027783357072621584,0.9431578947368421,27,37.0,0.13473684210526327,False,0.6923076923076923,0.3333333333333333,0.0,,,18,rider,0.05,0.1,heuristic,segformer_b2_cityscapes,acdc_rain_targetcal25,1,
,-1,True,,0.7962962962962963,0.0002808134304359555,,475,,,False,,,,,,18,rider,0.05,0.1,argmax,segformer_b2_cityscapes,acdc_rain_targetcal25,1,0.8108108108108109
1.0,1000,False,0.0,0.0,1.0,0.9431578947368421,27,37.0,0.0,False,0.0,0.0,0.0,,,18,rider,0.1,0.1,region_crc,segformer_b2_cityscapes,acdc_rain_targetcal25,1,
0.993,993,True,0.5555555555555556,0.5555555555555556,0.0027783357072621584,0.9431578947368421,27,37.0,0.13473684210526327,False,0.6923076923076923,0.3333333333333333,0.0,,,18,rider,0.1,0.1,heuristic,segformer_b2_cityscapes,acdc_rain_targetcal25,1,
,-1,True,,0.7962962962962963,0.0002808134304359555,,475,,,False,,,,,,18,rider,0.1,0.1,argmax,segformer_b2_cityscapes,acdc_rain_targetcal25,1,0.8108108108108109
1.0,1000,False,0.0,0.0,1.0,0.9431578947368421,27,37.0,0.0,False,0.0,0.0,0.0,,,18,rider,0.2,0.1,region_crc,segformer_b2_cityscapes,acdc_rain_targetcal25,1,
0.993,993,True,0.5555555555555556,0.5555555555555556,0.0027783357072621584,0.9431578947368421,27,37.0,0.13473684210526327,False,0.6923076923076923,0.3333333333333333,0.0,,,18,rider,0.2,0.1,heuristic,segformer_b2_cityscapes,acdc_rain_targetcal25,1,
,-1,True,,0.7962962962962963,0.0002808134304359555,,475,,,False,,,,,,18,rider,0.2,0.1,argmax,segformer_b2_cityscapes,acdc_rain_targetcal25,1,0.8108108108108109
1.0,1000,False,0.0,0.0,1.0,0.9431578947368421,27,37.0,0.0,False,0.0,0.0,0.0,,,18,rider,0.05,0.5,region_crc,segformer_b2_cityscapes,acdc_rain_targetcal25,1,
0.997,997,True,0.5740740740740741,0.5740740740740741,0.004212027881294489,0.9431578947368421,27,37.0,0.12842105263157894,False,0.6923076923076923,0.16666666666666666,0.2,,,18,rider,0.05,0.5,heuristic,segformer_b2_cityscapes,acdc_rain_targetcal25,1,
,-1,True,,0.8518518518518519,0.0002808134304359555,,475,,,False,,,,,,18,rider,0.05,0.5,argmax,segformer_b2_cityscapes,acdc_rain_targetcal25,1,0.8648648648648649
1.0,1000,False,0.0,0.0,1.0,0.9431578947368421,27,37.0,0.0,False,0.0,0.0,0.0,,,18,rider,0.1,0.5,region_crc,segformer_b2_cityscapes,acdc_rain_targetcal25,1,
0.997,997,True,0.5740740740740741,0.5740740740740741,0.004212027881294489,0.9431578947368421,27,37.0,0.12842105263157894,False,0.6923076923076923,0.16666666666666666,0.2,,,18,rider,0.1,0.5,heuristic,segformer_b2_cityscapes,acdc_rain_targetcal25,1,
,-1,True,,0.8518518518518519,0.0002808134304359555,,475,,,False,,,,,,18,rider,0.1,0.5,argmax,segformer_b2_cityscapes,acdc_rain_targetcal25,1,0.8648648648648649
1.0,1000,False,0.0,0.0,1.0,0.9431578947368421,27,37.0,0.0,False,0.0,0.0,0.0,,,18,rider,0.2,0.5,region_crc,segformer_b2_cityscapes,acdc_rain_targetcal25,1,
0.997,997,True,0.5740740740740741,0.5740740740740741,0.004212027881294489,0.9431578947368421,27,37.0,0.12842105263157894,False,0.6923076923076923,0.16666666666666666,0.2,,,18,rider,0.2,0.5,heuristic,segformer_b2_cityscapes,acdc_rain_targetcal25,1,
,-1,True,,0.8518518518518519,0.0002808134304359555,,475,,,False,,,,,,18,rider,0.2,0.5,argmax,segformer_b2_cityscapes,acdc_rain_targetcal25,1,0.8648648648648649
1.0,1000,False,0.0,0.0,1.0,0.8336842105263158,79,151.0,0.0,False,0.0,0.0,0.0,,,18,bicycle,0.05,0.1,region_crc,segformer_b2_cityscapes,acdc_rain_targetcal25,4,
1.0,1000,True,0.0,0.0,1.0,0.8336842105263158,79,151.0,0.0,False,0.0,0.0,0.0,,,18,bicycle,0.05,0.1,heuristic,segformer_b2_cityscapes,acdc_rain_targetcal25,4,
,-1,True,,0.7259795057263412,0.0010467481333762407,,475,,,False,,,,,,18,bicycle,0.05,0.1,argmax,segformer_b2_cityscapes,acdc_rain_targetcal25,4,0.7152317880794702
1.0,1000,False,0.0,0.0,1.0,0.8336842105263158,79,151.0,0.0,False,0.0,0.0,0.0,,,18,bicycle,0.1,0.1,region_crc,segformer_b2_cityscapes,acdc_rain_targetcal25,4,
1.0,1000,True,0.0,0.0,1.0,0.8336842105263158,79,151.0,0.0,False,0.0,0.0,0.0,,,18,bicycle,0.1,0.1,heuristic,segformer_b2_cityscapes,acdc_rain_targetcal25,4,
,-1,True,,0.7259795057263412,0.0010467481333762407,,475,,,False,,,,,,18,bicycle,0.1,0.1,argmax,segformer_b2_cityscapes,acdc_rain_targetcal25,4,0.7152317880794702
1.0,1000,True,0.0,0.0,1.0,0.8336842105263158,79,151.0,0.0,False,0.0,0.0,0.0,,,18,bicycle,0.2,0.1,region_crc,segformer_b2_cityscapes,acdc_rain_targetcal25,4,
1.0,1000,True,0.0,0.0,1.0,0.8336842105263158,79,151.0,0.0,False,0.0,0.0,0.0,,,18,bicycle,0.2,0.1,heuristic,segformer_b2_cityscapes,acdc_rain_targetcal25,4,
,-1,True,,0.7259795057263412,0.0010467481333762407,,475,,,False,,,,,,18,bicycle,0.2,0.1,argmax,segformer_b2_cityscapes,acdc_rain_targetcal25,4,0.7152317880794702
1.0,1000,False,0.0,0.0,1.0,0.8336842105263158,79,151.0,0.0,False,0.0,0.0,0.0,,,18,bicycle,0.05,0.5,region_crc,segformer_b2_cityscapes,acdc_rain_targetcal25,4,
1.0,1000,True,0.0,0.0,1.0,0.8336842105263158,79,151.0,0.0,False,0.0,0.0,0.0,,,18,bicycle,0.05,0.5,heuristic,segformer_b2_cityscapes,acdc_rain_targetcal25,4,
,-1,True,,0.77209162145871,0.0010467481333762407,,475,,,False,,,,,,18,bicycle,0.05,0.5,argmax,segformer_b2_cityscapes,acdc_rain_targetcal25,4,0.7615894039735099
1.0,1000,False,0.0,0.0,1.0,0.8336842105263158,79,151.0,0.0,False,0.0,0.0,0.0,,,18,bicycle,0.1,0.5,region_crc,segformer_b2_cityscapes,acdc_rain_targetcal25,4,
1.0,1000,True,0.0,0.0,1.0,0.8336842105263158,79,151.0,0.0,False,0.0,0.0,0.0,,,18,bicycle,0.1,0.5,heuristic,segformer_b2_cityscapes,acdc_rain_targetcal25,4,
,-1,True,,0.77209162145871,0.0010467481333762407,,475,,,False,,,,,,18,bicycle,0.1,0.5,argmax,segformer_b2_cityscapes,acdc_rain_targetcal25,4,0.7615894039735099
1.0,1000,True,0.0,0.0,1.0,0.8336842105263158,79,151.0,0.0,False,0.0,0.0,0.0,,,18,bicycle,0.2,0.5,region_crc,segformer_b2_cityscapes,acdc_rain_targetcal25,4,
1.0,1000,True,0.0,0.0,1.0,0.8336842105263158,79,151.0,0.0,False,0.0,0.0,0.0,,,18,bicycle,0.2,0.5,heuristic,segformer_b2_cityscapes,acdc_rain_targetcal25,4,
,-1,True,,0.77209162145871,0.0010467481333762407,,475,,,False,,,,,,18,bicycle,0.2,0.5,argmax,segformer_b2_cityscapes,acdc_rain_targetcal25,4,0.7615894039735099
1.0,1000,False,0.0,0.0,1.0,0.6610526315789473,161,315.0,0.0,False,0.0,0.0,0.0,,,19,person,0.05,0.1,region_crc,segformer_b2_cityscapes,acdc_rain_targetcal25,9,
0.998,998,True,0.06884057971014491,0.06884057971014491,0.03227698430418968,0.6610526315789473,161,315.0,0.11578947368421053,False,0.060109289617486336,0.045454545454545456,0.0,,,19,person,0.05,0.1,heuristic,segformer_b2_cityscapes,acdc_rain_targetcal25,9,
,-1,True,,0.6248181769920901,0.001930420519784093,,475,,,False,,,,,,19,person,0.05,0.1,argmax,segformer_b2_cityscapes,acdc_rain_targetcal25,9,0.5714285714285714
0.998,998,True,0.06884057971014491,0.06884057971014491,0.03227698430418968,0.6610526315789473,161,315.0,0.11578947368421053,False,0.060109289617486336,0.045454545454545456,0.0,,,19,person,0.1,0.1,region_crc,segformer_b2_cityscapes,acdc_rain_targetcal25,9,
0.995,995,True,0.11200828157349896,0.11200828157349896,0.02225176803767681,0.6610526315789473,161,315.0,0.10526315789473684,False,0.12568306010928962,0.06363636363636363,0.0,,,19,person,0.1,0.1,heuristic,segformer_b2_cityscapes,acdc_rain_targetcal25,9,
,-1,True,,0.6248181769920901,0.001930420519784093,,475,,,False,,,,,,19,person,0.1,0.1,argmax,segformer_b2_cityscapes,acdc_rain_targetcal25,9,0.5714285714285714
0.995,995,True,0.11200828157349896,0.11200828157349896,0.02225176803767681,0.6610526315789473,161,315.0,0.10526315789473684,False,0.12568306010928962,0.06363636363636363,0.0,,,19,person,0.2,0.1,region_crc,segformer_b2_cityscapes,acdc_rain_targetcal25,9,
0.995,995,True,0.11200828157349896,0.11200828157349896,0.02225176803767681,0.6610526315789473,161,315.0,0.10526315789473684,False,0.12568306010928962,0.06363636363636363,0.0,,,19,person,0.2,0.1,heuristic,segformer_b2_cityscapes,acdc_rain_targetcal25,9,
,-1,True,,0.6248181769920901,0.001930420519784093,,475,,,False,,,,,,19,person,0.2,0.1,argmax,segformer_b2_cityscapes,acdc_rain_targetcal25,9,0.5714285714285714
1.0,1000,False,0.0,0.0,1.0,0.6610526315789473,161,315.0,0.0,False,0.0,0.0,0.0,,,19,person,0.05,0.5,region_crc,segformer_b2_cityscapes,acdc_rain_targetcal25,9,
1.0,1000,True,0.0,0.0,1.0,0.6610526315789473,161,315.0,0.0,False,0.0,0.0,0.0,,,19,person,0.05,0.5,heuristic,segformer_b2_cityscapes,acdc_rain_targetcal25,9,
,-1,True,,0.7363778733343951,0.001930420519784093,,475,,,False,,,,,,19,person,0.05,0.5,argmax,segformer_b2_cityscapes,acdc_rain_targetcal25,9,0.6888888888888889
1.0,1000,True,0.0,0.0,1.0,0.6610526315789473,161,315.0,0.0,False,0.0,0.0,0.0,,,19,person,0.1,0.5,region_crc,segformer_b2_cityscapes,acdc_rain_targetcal25,9,
0.999,999,True,0.07142857142857142,0.07142857142857142,0.04192611202597618,0.6610526315789473,161,315.0,0.09684210526315795,False,0.0546448087431694,0.06363636363636363,0.0,,,19,person,0.1,0.5,heuristic,segformer_b2_cityscapes,acdc_rain_targetcal25,9,
,-1,True,,0.7363778733343951,0.001930420519784093,,475,,,False,,,,,,19,person,0.1,0.5,argmax,segformer_b2_cityscapes,acdc_rain_targetcal25,9,0.6888888888888889
0.999,999,True,0.07142857142857142,0.07142857142857142,0.04192611202597618,0.6610526315789473,161,315.0,0.09684210526315795,False,0.0546448087431694,0.06363636363636363,0.0,,,19,person,0.2,0.5,region_crc,segformer_b2_cityscapes,acdc_rain_targetcal25,9,
0.999,999,True,0.07142857142857142,0.07142857142857142,0.04192611202597618,0.6610526315789473,161,315.0,0.09684210526315795,False,0.0546448087431694,0.06363636363636363,0.0,,,19,person,0.2,0.5,heuristic,segformer_b2_cityscapes,acdc_rain_targetcal25,9,
,-1,True,,0.7363778733343951,0.001930420519784093,,475,,,False,,,,,,19,person,0.2,0.5,argmax,segformer_b2_cityscapes,acdc_rain_targetcal25,9,0.6888888888888889
1.0,1000,False,0.0,0.0,1.0,0.9431578947368421,27,36.0,0.0,False,0.0,0.0,0.0,,,19,rider,0.05,0.1,region_crc,segformer_b2_cityscapes,acdc_rain_targetcal25,1,
0.179,179,True,0.9074074074074074,0.9074074074074074,6.66699925204739e-05,0.04631578947368421,27,36.0,0.040000000000000036,False,1.0,1.0,0.25,,,19,rider,0.05,0.1,heuristic,segformer_b2_cityscapes,acdc_rain_targetcal25,1,
,-1,True,,0.8333333333333334,0.0002332399453734979,,475,,,False,,,,,,19,rider,0.05,0.1,argmax,segformer_b2_cityscapes,acdc_rain_targetcal25,1,0.8611111111111112
1.0,1000,False,0.0,0.0,1.0,0.9431578947368421,27,36.0,0.0,False,0.0,0.0,0.0,,,19,rider,0.1,0.1,region_crc,segformer_b2_cityscapes,acdc_rain_targetcal25,1,
0.179,179,True,0.9074074074074074,0.9074074074074074,6.66699925204739e-05,0.04631578947368421,27,36.0,0.040000000000000036,False,1.0,1.0,0.25,,,19,rider,0.1,0.1,heuristic,segformer_b2_cityscapes,acdc_rain_targetcal25,1,
,-1,True,,0.8333333333333334,0.0002332399453734979,,475,,,False,,,,,,19,rider,0.1,0.1,argmax,segformer_b2_cityscapes,acdc_rain_targetcal25,1,0.8611111111111112
1.0,1000,False,0.0,0.0,1.0,0.9431578947368421,27,36.0,0.0,False,0.0,0.0,0.0,,,19,rider,0.2,0.1,region_crc,segformer_b2_cityscapes,acdc_rain_targetcal25,1,
0.179,179,True,0.9074074074074074,0.9074074074074074,6.66699925204739e-05,0.04631578947368421,27,36.0,0.040000000000000036,False,1.0,1.0,0.25,,,19,rider,0.2,0.1,heuristic,segformer_b2_cityscapes,acdc_rain_targetcal25,1,
,-1,True,,0.8333333333333334,0.0002332399453734979,,475,,,False,,,,,,19,rider,0.2,0.1,argmax,segformer_b2_cityscapes,acdc_rain_targetcal25,1,0.8611111111111112
1.0,1000,False,0.0,0.0,1.0,0.9431578947368421,27,36.0,0.0,False,0.0,0.0,0.0,,,19,rider,0.05,0.5,region_crc,segformer_b2_cityscapes,acdc_rain_targetcal25,1,
0.54,540,True,0.8703703703703703,0.8703703703703703,0.00019894776050932705,0.12842105263157894,27,36.0,0.05894736842105264,False,1.0,0.8,0.25,,,19,rider,0.05,0.5,heuristic,segformer_b2_cityscapes,acdc_rain_targetcal25,1,
,-1,True,,0.8703703703703703,0.0002332399453734979,,475,,,False,,,,,,19,rider,0.05,0.5,argmax,segformer_b2_cityscapes,acdc_rain_targetcal25,1,0.8888888888888888
1.0,1000,False,0.0,0.0,1.0,0.9431578947368421,27,36.0,0.0,False,0.0,0.0,0.0,,,19,rider,0.1,0.5,region_crc,segformer_b2_cityscapes,acdc_rain_targetcal25,1,
0.54,540,True,0.8703703703703703,0.8703703703703703,0.00019894776050932705,0.12842105263157894,27,36.0,0.05894736842105264,False,1.0,0.8,0.25,,,19,rider,0.1,0.5,heuristic,segformer_b2_cityscapes,acdc_rain_targetcal25,1,
,-1,True,,0.8703703703703703,0.0002332399453734979,,475,,,False,,,,,,19,rider,0.1,0.5,argmax,segformer_b2_cityscapes,acdc_rain_targetcal25,1,0.8888888888888888
1.0,1000,False,0.0,0.0,1.0,0.9431578947368421,27,36.0,0.0,False,0.0,0.0,0.0,,,19,rider,0.2,0.5,region_crc,segformer_b2_cityscapes,acdc_rain_targetcal25,1,
0.54,540,True,0.8703703703703703,0.8703703703703703,0.00019894776050932705,0.12842105263157894,27,36.0,0.05894736842105264,False,1.0,0.8,0.25,,,19,rider,0.2,0.5,heuristic,segformer_b2_cityscapes,acdc_rain_targetcal25,1,
,-1,True,,0.8703703703703703,0.0002332399453734979,,475,,,False,,,,,,19,rider,0.2,0.5,argmax,segformer_b2_cityscapes,acdc_rain_targetcal25,1,0.8888888888888888
1.0,1000,False,0.0,0.0,1.0,0.8336842105263158,79,151.0,0.0,False,0.0,0.0,0.0,,,19,bicycle,0.05,0.1,region_crc,segformer_b2_cityscapes,acdc_rain_targetcal25,4,
0.838,838,True,0.6918927064496684,0.6918927064496684,0.0017007461283355951,1.0505263157894738,79,151.0,0.22526315789473683,False,0.8192771084337349,0.5263157894736842,0.0,,,19,bicycle,0.05,0.1,heuristic,segformer_b2_cityscapes,acdc_rain_targetcal25,4,
,-1,True,,0.7468655816757082,0.0011104217264801264,,475,,,False,,,,,,19,bicycle,0.05,0.1,argmax,segformer_b2_cityscapes,acdc_rain_targetcal25,4,0.7218543046357616
1.0,1000,False,0.0,0.0,1.0,0.8336842105263158,79,151.0,0.0,False,0.0,0.0,0.0,,,19,bicycle,0.1,0.1,region_crc,segformer_b2_cityscapes,acdc_rain_targetcal25,4,
0.788,788,True,0.6961121157323689,0.6961121157323689,0.0015019583515822887,0.7894736842105263,79,151.0,0.2315789473684211,False,0.8313253012048193,0.5263157894736842,0.0,,,19,bicycle,0.1,0.1,heuristic,segformer_b2_cityscapes,acdc_rain_targetcal25,4,
,-1,True,,0.7468655816757082,0.0011104217264801264,,475,,,False,,,,,,19,bicycle,0.1,0.1,argmax,segformer_b2_cityscapes,acdc_rain_targetcal25,4,0.7218543046357616
0.863,863,True,0.6834538878842676,0.6834538878842676,0.0018408367177471519,1.2378947368421052,79,151.0,0.2210526315789474,False,0.8072289156626506,0.5087719298245614,0.0,,,19,bicycle,0.2,0.1,region_crc,segformer_b2_cityscapes,acdc_rain_targetcal25,4,
0.788,788,True,0.6961121157323689,0.6961121157323689,0.0015019583515822887,0.7894736842105263,79,151.0,0.2315789473684211,False,0.8313253012048193,0.5263157894736842,0.0,,,19,bicycle,0.2,0.1,heuristic,segformer_b2_cityscapes,acdc_rain_targetcal25,4,
,-1,True,,0.7468655816757082,0.0011104217264801264,,475,,,False,,,,,,19,bicycle,0.2,0.1,argmax,segformer_b2_cityscapes,acdc_rain_targetcal25,4,0.7218543046357616
1.0,1000,False,0.0,0.0,1.0,0.8336842105263158,79,151.0,0.0,False,0.0,0.0,0.0,,,19,bicycle,0.05,0.5,region_crc,segformer_b2_cityscapes,acdc_rain_targetcal25,4,
0.932,932,True,0.6721820373719108,0.6721820373719108,0.0025624160189181566,1.7284210526315789,79,151.0,0.22526315789473678,False,0.7590361445783133,0.5614035087719298,0.0,,,19,bicycle,0.05,0.5,heuristic,segformer_b2_cityscapes,acdc_rain_targetcal25,4,
,-1,True,,0.7803194695599759,0.0011104217264801264,,475,,,False,,,,,,19,bicycle,0.05,0.5,argmax,segformer_b2_cityscapes,acdc_rain_targetcal25,4,0.7615894039735099
1.0,1000,False,0.0,0.0,1.0,0.8336842105263158,79,151.0,0.0,False,0.0,0.0,0.0,,,19,bicycle,0.1,0.5,region_crc,segformer_b2_cityscapes,acdc_rain_targetcal25,4,
0.932,932,True,0.6721820373719108,0.6721820373719108,0.0025624160189181566,1.7284210526315789,79,151.0,0.22526315789473678,False,0.7590361445783133,0.5614035087719298,0.0,,,19,bicycle,0.1,0.5,heuristic,segformer_b2_cityscapes,acdc_rain_targetcal25,4,
,-1,True,,0.7803194695599759,0.0011104217264801264,,475,,,False,,,,,,19,bicycle,0.1,0.5,argmax,segformer_b2_cityscapes,acdc_rain_targetcal25,4,0.7615894039735099
0.932,932,True,0.6721820373719108,0.6721820373719108,0.0025624160189181566,1.7284210526315789,79,151.0,0.22526315789473678,False,0.7590361445783133,0.5614035087719298,0.0,,,19,bicycle,0.2,0.5,region_crc,segformer_b2_cityscapes,acdc_rain_targetcal25,4,
0.932,932,True,0.6721820373719108,0.6721820373719108,0.0025624160189181566,1.7284210526315789,79,151.0,0.22526315789473678,False,0.7590361445783133,0.5614035087719298,0.0,,,19,bicycle,0.2,0.5,heuristic,segformer_b2_cityscapes,acdc_rain_targetcal25,4,
,-1,True,,0.7803194695599759,0.0011104217264801264,,475,,,False,,,,,,19,bicycle,0.2,0.5,argmax,segformer_b2_cityscapes,acdc_rain_targetcal25,4,0.7615894039735099
1.0,1000,False,0.0,0.0,1.0,0.6631578947368421,160,316.0,0.0,False,0.0,0.0,0.0,,,20,person,0.05,0.1,region_crc,segformer_b2_cityscapes,acdc_rain_targetcal25,10,
0.989,989,True,0.1682986111111111,0.1682986111111111,0.015589744783937931,0.6631578947368421,160,316.0,0.11789473684210522,False,0.21910112359550563,0.0782608695652174,0.0,,,20,person,0.05,0.1,heuristic,segformer_b2_cityscapes,acdc_rain_targetcal25,10,
,-1,True,,0.6357173382173382,0.0018612410640344024,,475,,,False,,,,,,20,person,0.05,0.1,argmax,segformer_b2_cityscapes,acdc_rain_targetcal25,10,0.5759493670886076
0.992,992,True,0.15510416666666665,0.15510416666666665,0.017988763749599457,0.6631578947368421,160,316.0,0.12210526315789472,False,0.20224719101123595,0.0782608695652174,0.0,,,20,person,0.1,0.1,region_crc,segformer_b2_cityscapes,acdc_rain_targetcal25,10,
0.989,989,True,0.1682986111111111,0.1682986111111111,0.015589744783937931,0.6631578947368421,160,316.0,0.11789473684210522,False,0.21910112359550563,0.0782608695652174,0.0,,,20,person,0.1,0.1,heuristic,segformer_b2_cityscapes,acdc_rain_targetcal25,10,
,-1,True,,0.6357173382173382,0.0018612410640344024,,475,,,False,,,,,,20,person,0.1,0.1,argmax,segformer_b2_cityscapes,acdc_rain_targetcal25,10,0.5759493670886076
0.989,989,True,0.1682986111111111,0.1682986111111111,0.015589744783937931,0.6631578947368421,160,316.0,0.11789473684210522,False,0.21910112359550563,0.0782608695652174,0.0,,,20,person,0.2,0.1,region_crc,segformer_b2_cityscapes,acdc_rain_targetcal25,10,
0.977,977,True,0.237946047008547,0.237946047008547,0.01096682995557785,9.789473684210526,160,316.0,0.11578947368421055,False,0.2808988764044944,0.14782608695652175,0.0,,,20,person,0.2,0.1,heuristic,segformer_b2_cityscapes,acdc_rain_targetcal25,10,
,-1,True,,0.6357173382173382,0.0018612410640344024,,475,,,False,,,,,,20,person,0.2,0.1,argmax,segformer_b2_cityscapes,acdc_rain_targetcal25,10,0.5759493670886076
1.0,1000,False,0.0,0.0,1.0,0.6631578947368421,160,316.0,0.0,False,0.0,0.0,0.0,,,20,person,0.05,0.5,region_crc,segformer_b2_cityscapes,acdc_rain_targetcal25,10,
0.993,993,True,0.22617521367521368,0.22617521367521368,0.019079923629760742,0.6631578947368421,160,316.0,0.12421052631578944,False,0.25280898876404495,0.16521739130434782,0.0,,,20,person,0.05,0.5,heuristic,segformer_b2_cityscapes,acdc_rain_targetcal25,10,
,-1,True,,0.7365159493284493,0.0018612410640344024,,475,,,False,,,,,,20,person,0.05,0.5,argmax,segformer_b2_cityscapes,acdc_rain_targetcal25,10,0.6835443037974683
0.993,993,True,0.22617521367521368,0.22617521367521368,0.019079923629760742,0.6631578947368421,160,316.0,0.12421052631578944,False,0.25280898876404495,0.16521739130434782,0.0,,,20,person,0.1,0.5,region_crc,segformer_b2_cityscapes,acdc_rain_targetcal25,10,
0.993,993,True,0.22617521367521368,0.22617521367521368,0.019079923629760742,0.6631578947368421,160,316.0,0.12421052631578944,False,0.25280898876404495,0.16521739130434782,0.0,,,20,person,0.1,0.5,heuristic,segformer_b2_cityscapes,acdc_rain_targetcal25,10,
,-1,True,,0.7365159493284493,0.0018612410640344024,,475,,,False,,,,,,20,person,0.1,0.5,argmax,segformer_b2_cityscapes,acdc_rain_targetcal25,10,0.6835443037974683
0.993,993,True,0.22617521367521368,0.22617521367521368,0.019079923629760742,0.6631578947368421,160,316.0,0.12421052631578944,False,0.25280898876404495,0.16521739130434782,0.0,,,20,person,0.2,0.5,region_crc,segformer_b2_cityscapes,acdc_rain_targetcal25,10,
0.991,991,True,0.2542601495726496,0.2542601495726496,0.017067328095436096,0.6631578947368421,160,316.0,0.12210526315789472,False,0.29213483146067415,0.1826086956521739,0.0,,,20,person,0.2,0.5,heuristic,segformer_b2_cityscapes,acdc_rain_targetcal25,10,
,-1,True,,0.7365159493284493,0.0018612410640344024,,475,,,False,,,,,,20,person,0.2,0.5,argmax,segformer_b2_cityscapes,acdc_rain_targetcal25,10,0.6835443037974683
1.0,1000,False,0.0,0.0,1.0,0.9431578947368421,27,37.0,0.0,False,0.0,0.0,0.0,,,20,rider,0.05,0.1,region_crc,segformer_b2_cityscapes,acdc_rain_targetcal25,1,
1.0,1000,True,0.0,0.0,1.0,0.9431578947368421,27,37.0,0.0,False,0.0,0.0,0.0,,,20,rider,0.05,0.1,heuristic,segformer_b2_cityscapes,acdc_rain_targetcal25,1,
,-1,True,,0.7962962962962963,0.0002778803464025259,,475,,,False,,,,,,20,rider,0.05,0.1,argmax,segformer_b2_cityscapes,acdc_rain_targetcal25,1,0.8108108108108109
1.0,1000,False,0.0,0.0,1.0,0.9431578947368421,27,37.0,0.0,False,0.0,0.0,0.0,,,20,rider,0.1,0.1,region_crc,segformer_b2_cityscapes,acdc_rain_targetcal25,1,
1.0,1000,True,0.0,0.0,1.0,0.9431578947368421,27,37.0,0.0,False,0.0,0.0,0.0,,,20,rider,0.1,0.1,heuristic,segformer_b2_cityscapes,acdc_rain_targetcal25,1,
,-1,True,,0.7962962962962963,0.0002778803464025259,,475,,,False,,,,,,20,rider,0.1,0.1,argmax,segformer_b2_cityscapes,acdc_rain_targetcal25,1,0.8108108108108109
1.0,1000,False,0.0,0.0,1.0,0.9431578947368421,27,37.0,0.0,False,0.0,0.0,0.0,,,20,rider,0.2,0.1,region_crc,segformer_b2_cityscapes,acdc_rain_targetcal25,1,
1.0,1000,True,0.0,0.0,1.0,0.9431578947368421,27,37.0,0.0,False,0.0,0.0,0.0,,,20,rider,0.2,0.1,heuristic,segformer_b2_cityscapes,acdc_rain_targetcal25,1,
,-1,True,,0.7962962962962963,0.0002778803464025259,,475,,,False,,,,,,20,rider,0.2,0.1,argmax,segformer_b2_cityscapes,acdc_rain_targetcal25,1,0.8108108108108109
1.0,1000,False,0.0,0.0,1.0,0.9431578947368421,27,37.0,0.0,False,0.0,0.0,0.0,,,20,rider,0.05,0.5,region_crc,segformer_b2_cityscapes,acdc_rain_targetcal25,1,
1.0,1000,True,0.0,0.0,1.0,0.9431578947368421,27,37.0,0.0,False,0.0,0.0,0.0,,,20,rider,0.05,0.5,heuristic,segformer_b2_cityscapes,acdc_rain_targetcal25,1,
,-1,True,,0.8518518518518519,0.0002778803464025259,,475,,,False,,,,,,20,rider,0.05,0.5,argmax,segformer_b2_cityscapes,acdc_rain_targetcal25,1,0.8648648648648649
1.0,1000,False,0.0,0.0,1.0,0.9431578947368421,27,37.0,0.0,False,0.0,0.0,0.0,,,20,rider,0.1,0.5,region_crc,segformer_b2_cityscapes,acdc_rain_targetcal25,1,
1.0,1000,True,0.0,0.0,1.0,0.9431578947368421,27,37.0,0.0,False,0.0,0.0,0.0,,,20,rider,0.1,0.5,heuristic,segformer_b2_cityscapes,acdc_rain_targetcal25,1,
,-1,True,,0.8518518518518519,0.0002778803464025259,,475,,,False,,,,,,20,rider,0.1,0.5,argmax,segformer_b2_cityscapes,acdc_rain_targetcal25,1,0.8648648648648649
1.0,1000,False,0.0,0.0,1.0,0.9431578947368421,27,37.0,0.0,False,0.0,0.0,0.0,,,20,rider,0.2,0.5,region_crc,segformer_b2_cityscapes,acdc_rain_targetcal25,1,
1.0,1000,True,0.0,0.0,1.0,0.9431578947368421,27,37.0,0.0,False,0.0,0.0,0.0,,,20,rider,0.2,0.5,heuristic,segformer_b2_cityscapes,acdc_rain_targetcal25,1,
,-1,True,,0.8518518518518519,0.0002778803464025259,,475,,,False,,,,,,20,rider,0.2,0.5,argmax,segformer_b2_cityscapes,acdc_rain_targetcal25,1,0.8648648648648649
1.0,1000,False,0.0,0.0,1.0,0.8378947368421052,77,142.0,0.0,False,0.0,0.0,0.0,,,20,bicycle,0.05,0.1,region_crc,segformer_b2_cityscapes,acdc_rain_targetcal25,6,
1.0,1000,True,0.0,0.0,1.0,0.8378947368421052,77,142.0,0.0,False,0.0,0.0,0.0,,,20,bicycle,0.05,0.1,heuristic,segformer_b2_cityscapes,acdc_rain_targetcal25,6,
,-1,True,,0.7264378478664193,0.0010640512919053435,,475,,,False,,,,,,20,bicycle,0.05,0.1,argmax,segformer_b2_cityscapes,acdc_rain_targetcal25,6,0.6901408450704225
1.0,1000,False,0.0,0.0,1.0,0.8378947368421052,77,142.0,0.0,False,0.0,0.0,0.0,,,20,bicycle,0.1,0.1,region_crc,segformer_b2_cityscapes,acdc_rain_targetcal25,6,
1.0,1000,True,0.0,0.0,1.0,0.8378947368421052,77,142.0,0.0,False,0.0,0.0,0.0,,,20,bicycle,0.1,0.1,heuristic,segformer_b2_cityscapes,acdc_rain_targetcal25,6,
,-1,True,,0.7264378478664193,0.0010640512919053435,,475,,,False,,,,,,20,bicycle,0.1,0.1,argmax,segformer_b2_cityscapes,acdc_rain_targetcal25,6,0.6901408450704225
1.0,1000,True,0.0,0.0,1.0,0.8378947368421052,77,142.0,0.0,False,0.0,0.0,0.0,,,20,bicycle,0.2,0.1,region_crc,segformer_b2_cityscapes,acdc_rain_targetcal25,6,
0.996,996,True,0.31051329622758195,0.31051329622758195,0.00985634420067072,0.8378947368421052,77,142.0,0.18736842105263157,False,0.46153846153846156,0.12,0.0,,,20,bicycle,0.2,0.1,heuristic,segformer_b2_cityscapes,acdc_rain_targetcal25,6,
,-1,True,,0.7264378478664193,0.0010640512919053435,,475,,,False,,,,,,20,bicycle,0.2,0.1,argmax,segformer_b2_cityscapes,acdc_rain_targetcal25,6,0.6901408450704225
1.0,1000,False,0.0,0.0,1.0,0.8378947368421052,77,142.0,0.0,False,0.0,0.0,0.0,,,20,bicycle,0.05,0.5,region_crc,segformer_b2_cityscapes,acdc_rain_targetcal25,6,
1.0,1000,True,0.0,0.0,1.0,0.8378947368421052,77,142.0,0.0,False,0.0,0.0,0.0,,,20,bicycle,0.05,0.5,heuristic,segformer_b2_cityscapes,acdc_rain_targetcal25,6,
,-1,True,,0.7694186765615337,0.0010640512919053435,,475,,,False,,,,,,20,bicycle,0.05,0.5,argmax,segformer_b2_cityscapes,acdc_rain_targetcal25,6,0.7323943661971831
1.0,1000,False,0.0,0.0,1.0,0.8378947368421052,77,142.0,0.0,False,0.0,0.0,0.0,,,20,bicycle,0.1,0.5,region_crc,segformer_b2_cityscapes,acdc_rain_targetcal25,6,
1.0,1000,True,0.0,0.0,1.0,0.8378947368421052,77,142.0,0.0,False,0.0,0.0,0.0,,,20,bicycle,0.1,0.5,heuristic,segformer_b2_cityscapes,acdc_rain_targetcal25,6,
,-1,True,,0.7694186765615337,0.0010640512919053435,,475,,,False,,,,,,20,bicycle,0.1,0.5,argmax,segformer_b2_cityscapes,acdc_rain_targetcal25,6,0.7323943661971831
1.0,1000,True,0.0,0.0,1.0,0.8378947368421052,77,142.0,0.0,False,0.0,0.0,0.0,,,20,bicycle,0.2,0.5,region_crc,segformer_b2_cityscapes,acdc_rain_targetcal25,6,
1.0,1000,True,0.0,0.0,1.0,0.8378947368421052,77,142.0,0.0,False,0.0,0.0,0.0,,,20,bicycle,0.2,0.5,heuristic,segformer_b2_cityscapes,acdc_rain_targetcal25,6,
,-1,True,,0.7694186765615337,0.0010640512919053435,,475,,,False,,,,,,20,bicycle,0.2,0.5,argmax,segformer_b2_cityscapes,acdc_rain_targetcal25,6,0.7323943661971831
1.0,1000,False,0.0,0.0,1.0,0.6631578947368421,160,317.0,0.0,False,0.0,0.0,0.0,,,21,person,0.05,0.1,region_crc,segformer_b2_cityscapes,acdc_rain_targetcal25,10,
1.0,1000,True,0.0,0.0,1.0,0.6631578947368421,160,317.0,0.0,False,0.0,0.0,0.0,,,21,person,0.05,0.1,heuristic,segformer_b2_cityscapes,acdc_rain_targetcal25,10,
,-1,True,,0.6372798382173382,0.00188528373837471,,475,,,False,,,,,,21,person,0.05,0.1,argmax,segformer_b2_cityscapes,acdc_rain_targetcal25,10,0.5709779179810726
1.0,1000,True,0.0,0.0,1.0,0.6631578947368421,160,317.0,0.0,False,0.0,0.0,0.0,,,21,person,0.1,0.1,region_crc,segformer_b2_cityscapes,acdc_rain_targetcal25,10,
1.0,1000,True,0.0,0.0,1.0,0.6631578947368421,160,317.0,0.0,False,0.0,0.0,0.0,,,21,person,0.1,0.1,heuristic,segformer_b2_cityscapes,acdc_rain_targetcal25,10,
,-1,True,,0.6372798382173382,0.00188528373837471,,475,,,False,,,,,,21,person,0.1,0.1,argmax,segformer_b2_cityscapes,acdc_rain_targetcal25,10,0.5709779179810726
1.0,1000,True,0.0,0.0,1.0,0.6631578947368421,160,317.0,0.0,False,0.0,0.0,0.0,,,21,person,0.2,0.1,region_crc,segformer_b2_cityscapes,acdc_rain_targetcal25,10,
0.999,999,True,0.0546875,0.0546875,0.04162442311644554,0.6631578947368421,160,317.0,0.1326315789473684,False,0.05027932960893855,0.034482758620689655,0.0,,,21,person,0.2,0.1,heuristic,segformer_b2_cityscapes,acdc_rain_targetcal25,10,
,-1,True,,0.6372798382173382,0.00188528373837471,,475,,,False,,,,,,21,person,0.2,0.1,argmax,segformer_b2_cityscapes,acdc_rain_targetcal25,10,0.5709779179810726
1.0,1000,False,0.0,0.0,1.0,0.6631578947368421,160,317.0,0.0,False,0.0,0.0,0.0,,,21,person,0.05,0.5,region_crc,segformer_b2_cityscapes,acdc_rain_targetcal25,10,
1.0,1000,True,0.0,0.0,1.0,0.6631578947368421,160,317.0,0.0,False,0.0,0.0,0.0,,,21,person,0.05,0.5,heuristic,segformer_b2_cityscapes,acdc_rain_targetcal25,10,
,-1,True,,0.7526617826617826,0.00188528373837471,,475,,,False,,,,,,21,person,0.05,0.5,argmax,segformer_b2_cityscapes,acdc_rain_targetcal25,10,0.6908517350157729
1.0,1000,True,0.0,0.0,1.0,0.6631578947368421,160,317.0,0.0,False,0.0,0.0,0.0,,,21,person,0.1,0.5,region_crc,segformer_b2_cityscapes,acdc_rain_targetcal25,10,
1.0,1000,True,0.0,0.0,1.0,0.6631578947368421,160,317.0,0.0,False,0.0,0.0,0.0,,,21,person,0.1,0.5,heuristic,segformer_b2_cityscapes,acdc_rain_targetcal25,10,
,-1,True,,0.7526617826617826,0.00188528373837471,,475,,,False,,,,,,21,person,0.1,0.5,argmax,segformer_b2_cityscapes,acdc_rain_targetcal25,10,0.6908517350157729
1.0,1000,True,0.0,0.0,1.0,0.6631578947368421,160,317.0,0.0,False,0.0,0.0,0.0,,,21,person,0.2,0.5,region_crc,segformer_b2_cityscapes,acdc_rain_targetcal25,10,
0.999,999,True,0.06458333333333333,0.06458333333333333,0.04162442311644554,0.6631578947368421,160,317.0,0.1326315789473684,False,0.05027932960893855,0.06896551724137931,0.0,,,21,person,0.2,0.5,heuristic,segformer_b2_cityscapes,acdc_rain_targetcal25,10,
,-1,True,,0.7526617826617826,0.00188528373837471,,475,,,False,,,,,,21,person,0.2,0.5,argmax,segformer_b2_cityscapes,acdc_rain_targetcal25,10,0.6908517350157729
1.0,1000,False,0.0,0.0,1.0,0.9431578947368421,27,36.0,0.0,False,0.0,0.0,0.0,,,21,rider,0.05,0.1,region_crc,segformer_b2_cityscapes,acdc_rain_targetcal25,1,
0.998,998,True,0.4444444444444444,0.4444444444444444,0.004804428666830063,0.9431578947368421,27,36.0,0.16210526315789464,False,0.6153846153846154,0.0,0.0,,,21,rider,0.05,0.1,heuristic,segformer_b2_cityscapes,acdc_rain_targetcal25,1,
,-1,True,,0.7962962962962963,0.00026172533398494124,,475,,,False,,,,,,21,rider,0.05,0.1,argmax,segformer_b2_cityscapes,acdc_rain_targetcal25,1,0.8055555555555556
1.0,1000,False,0.0,0.0,1.0,0.9431578947368421,27,36.0,0.0,False,0.0,0.0,0.0,,,21,rider,0.1,0.1,region_crc,segformer_b2_cityscapes,acdc_rain_targetcal25,1,
0.998,998,True,0.4444444444444444,0.4444444444444444,0.004804428666830063,0.9431578947368421,27,36.0,0.16210526315789464,False,0.6153846153846154,0.0,0.0,,,21,rider,0.1,0.1,heuristic,segformer_b2_cityscapes,acdc_rain_targetcal25,1,
,-1,True,,0.7962962962962963,0.00026172533398494124,,475,,,False,,,,,,21,rider,0.1,0.1,argmax,segformer_b2_cityscapes,acdc_rain_targetcal25,1,0.8055555555555556
1.0,1000,False,0.0,0.0,1.0,0.9431578947368421,27,36.0,0.0,False,0.0,0.0,0.0,,,21,rider,0.2,0.1,region_crc,segformer_b2_cityscapes,acdc_rain_targetcal25,1,
0.998,998,True,0.4444444444444444,0.4444444444444444,0.004804428666830063,0.9431578947368421,27,36.0,0.16210526315789464,False,0.6153846153846154,0.0,0.0,,,21,rider,0.2,0.1,heuristic,segformer_b2_cityscapes,acdc_rain_targetcal25,1,
,-1,True,,0.7962962962962963,0.00026172533398494124,,475,,,False,,,,,,21,rider,0.2,0.1,argmax,segformer_b2_cityscapes,acdc_rain_targetcal25,1,0.8055555555555556
1.0,1000,False,0.0,0.0,1.0,0.9431578947368421,27,36.0,0.0,False,0.0,0.0,0.0,,,21,rider,0.05,0.5,region_crc,segformer_b2_cityscapes,acdc_rain_targetcal25,1,
0.999,999,True,0.5061728395061729,0.5061728395061729,0.006710424087941647,0.9431578947368421,27,36.0,0.14947368421052631,False,0.6153846153846154,0.2,0.0,,,21,rider,0.05,0.5,heuristic,segformer_b2_cityscapes,acdc_rain_targetcal25,1,
,-1,True,,0.8518518518518519,0.00026172533398494124,,475,,,False,,,,,,21,rider,0.05,0.5,argmax,segformer_b2_cityscapes,acdc_rain_targetcal25,1,0.8611111111111112
1.0,1000,False,0.0,0.0,1.0,0.9431578947368421,27,36.0,0.0,False,0.0,0.0,0.0,,,21,rider,0.1,0.5,region_crc,segformer_b2_cityscapes,acdc_rain_targetcal25,1,
0.999,999,True,0.5061728395061729,0.5061728395061729,0.006710424087941647,0.9431578947368421,27,36.0,0.14947368421052631,False,0.6153846153846154,0.2,0.0,,,21,rider,0.1,0.5,heuristic,segformer_b2_cityscapes,acdc_rain_targetcal25,1,
,-1,True,,0.8518518518518519,0.00026172533398494124,,475,,,False,,,,,,21,rider,0.1,0.5,argmax,segformer_b2_cityscapes,acdc_rain_targetcal25,1,0.8611111111111112
1.0,1000,False,0.0,0.0,1.0,0.9431578947368421,27,36.0,0.0,False,0.0,0.0,0.0,,,21,rider,0.2,0.5,region_crc,segformer_b2_cityscapes,acdc_rain_targetcal25,1,
0.999,999,True,0.5061728395061729,0.5061728395061729,0.006710424087941647,0.9431578947368421,27,36.0,0.14947368421052631,False,0.6153846153846154,0.2,0.0,,,21,rider,0.2,0.5,heuristic,segformer_b2_cityscapes,acdc_rain_targetcal25,1,
,-1,True,,0.8518518518518519,0.00026172533398494124,,475,,,False,,,,,,21,rider,0.2,0.5,argmax,segformer_b2_cityscapes,acdc_rain_targetcal25,1,0.8611111111111112
1.0,1000,False,0.0,0.0,1.0,0.8336842105263158,79,153.0,0.0,False,0.0,0.0,0.0,,,21,bicycle,0.05,0.1,region_crc,segformer_b2_cityscapes,acdc_rain_targetcal25,4,
1.0,1000,True,0.0,0.0,1.0,0.8336842105263158,79,153.0,0.0,False,0.0,0.0,0.0,,,21,bicycle,0.05,0.1,heuristic,segformer_b2_cityscapes,acdc_rain_targetcal25,4,
,-1,True,,0.7164858348402653,0.001186402514576912,,475,,,False,,,,,,21,bicycle,0.05,0.1,argmax,segformer_b2_cityscapes,acdc_rain_targetcal25,4,0.6993464052287581
1.0,1000,False,0.0,0.0,1.0,0.8336842105263158,79,153.0,0.0,False,0.0,0.0,0.0,,,21,bicycle,0.1,0.1,region_crc,segformer_b2_cityscapes,acdc_rain_targetcal25,4,
1.0,1000,True,0.0,0.0,1.0,0.8336842105263158,79,153.0,0.0,False,0.0,0.0,0.0,,,21,bicycle,0.1,0.1,heuristic,segformer_b2_cityscapes,acdc_rain_targetcal25,4,
,-1,True,,0.7164858348402653,0.001186402514576912,,475,,,False,,,,,,21,bicycle,0.1,0.1,argmax,segformer_b2_cityscapes,acdc_rain_targetcal25,4,0.6993464052287581
1.0,1000,True,0.0,0.0,1.0,0.8336842105263158,79,153.0,0.0,False,0.0,0.0,0.0,,,21,bicycle,0.2,0.1,region_crc,segformer_b2_cityscapes,acdc_rain_targetcal25,4,
1.0,1000,True,0.0,0.0,1.0,0.8336842105263158,79,153.0,0.0,False,0.0,0.0,0.0,,,21,bicycle,0.2,0.1,heuristic,segformer_b2_cityscapes,acdc_rain_targetcal25,4,
,-1,True,,0.7164858348402653,0.001186402514576912,,475,,,False,,,,,,21,bicycle,0.2,0.1,argmax,segformer_b2_cityscapes,acdc_rain_targetcal25,4,0.6993464052287581
1.0,1000,False,0.0,0.0,1.0,0.8336842105263158,79,153.0,0.0,False,0.0,0.0,0.0,,,21,bicycle,0.05,0.5,region_crc,segformer_b2_cityscapes,acdc_rain_targetcal25,4,
1.0,1000,True,0.0,0.0,1.0,0.8336842105263158,79,153.0,0.0,False,0.0,0.0,0.0,,,21,bicycle,0.05,0.5,heuristic,segformer_b2_cityscapes,acdc_rain_targetcal25,4,
,-1,True,,0.7625979505726341,0.001186402514576912,,475,,,False,,,,,,21,bicycle,0.05,0.5,argmax,segformer_b2_cityscapes,acdc_rain_targetcal25,4,0.7450980392156863
1.0,1000,False,0.0,0.0,1.0,0.8336842105263158,79,153.0,0.0,False,0.0,0.0,0.0,,,21,bicycle,0.1,0.5,region_crc,segformer_b2_cityscapes,acdc_rain_targetcal25,4,
1.0,1000,True,0.0,0.0,1.0,0.8336842105263158,79,153.0,0.0,False,0.0,0.0,0.0,,,21,bicycle,0.1,0.5,heuristic,segformer_b2_cityscapes,acdc_rain_targetcal25,4,
,-1,True,,0.7625979505726341,0.001186402514576912,,475,,,False,,,,,,21,bicycle,0.1,0.5,argmax,segformer_b2_cityscapes,acdc_rain_targetcal25,4,0.7450980392156863
1.0,1000,True,0.0,0.0,1.0,0.8336842105263158,79,153.0,0.0,False,0.0,0.0,0.0,,,21,bicycle,0.2,0.5,region_crc,segformer_b2_cityscapes,acdc_rain_targetcal25,4,
1.0,1000,True,0.0,0.0,1.0,0.8336842105263158,79,153.0,0.0,False,0.0,0.0,0.0,,,21,bicycle,0.2,0.5,heuristic,segformer_b2_cityscapes,acdc_rain_targetcal25,4,
,-1,True,,0.7625979505726341,0.001186402514576912,,475,,,False,,,,,,21,bicycle,0.2,0.5,argmax,segformer_b2_cityscapes,acdc_rain_targetcal25,4,0.7450980392156863
1.0,1000,False,0.0,0.0,1.0,0.6652631578947369,159,318.0,0.0,False,0.0,0.0,0.0,,,22,person,0.05,0.1,region_crc,segformer_b2_cityscapes,acdc_rain_targetcal25,11,
1.0,1000,True,0.0,0.0,1.0,0.6652631578947369,159,318.0,0.0,False,0.0,0.0,0.0,,,22,person,0.05,0.1,heuristic,segformer_b2_cityscapes,acdc_rain_targetcal25,11,
,-1,True,,0.6344744703235269,0.0019008672097697854,,475,,,False,,,,,,22,person,0.05,0.1,argmax,segformer_b2_cityscapes,acdc_rain_targetcal25,11,0.5817610062893082
1.0,1000,True,0.0,0.0,1.0,0.6652631578947369,159,318.0,0.0,False,0.0,0.0,0.0,,,22,person,0.1,0.1,region_crc,segformer_b2_cityscapes,acdc_rain_targetcal25,11,
0.998,998,True,0.06341719077568134,0.06341719077568134,0.03186286613345146,0.6652631578947369,159,318.0,0.16210526315789464,False,0.054945054945054944,0.043478260869565216,0.0,,,22,person,0.1,0.1,heuristic,segformer_b2_cityscapes,acdc_rain_targetcal25,11,
,-1,True,,0.6344744703235269,0.0019008672097697854,,475,,,False,,,,,,22,person,0.1,0.1,argmax,segformer_b2_cityscapes,acdc_rain_targetcal25,11,0.5817610062893082
0.998,998,True,0.06341719077568134,0.06341719077568134,0.03186286613345146,0.6652631578947369,159,318.0,0.16210526315789464,False,0.054945054945054944,0.043478260869565216,0.0,,,22,person,0.2,0.1,region_crc,segformer_b2_cityscapes,acdc_rain_targetcal25,11,
0.929,929,True,0.4095476152079925,0.4095476152079926,0.005966901313513517,5.787368421052632,159,318.0,0.20631578947368417,False,0.5164835164835165,0.19130434782608696,0.0,,,22,person,0.2,0.1,heuristic,segformer_b2_cityscapes,acdc_rain_targetcal25,11,
,-1,True,,0.6344744703235269,0.0019008672097697854,,475,,,False,,,,,,22,person,0.2,0.1,argmax,segformer_b2_cityscapes,acdc_rain_targetcal25,11,0.5817610062893082
1.0,1000,False,0.0,0.0,1.0,0.6652631578947369,159,318.0,0.0,False,0.0,0.0,0.0,,,22,person,0.05,0.5,region_crc,segformer_b2_cityscapes,acdc_rain_targetcal25,11,
1.0,1000,True,0.0,0.0,1.0,0.6652631578947369,159,318.0,0.0,False,0.0,0.0,0.0,,,22,person,0.05,0.5,heuristic,segformer_b2_cityscapes,acdc_rain_targetcal25,11,
,-1,True,,0.7474374332864899,0.0019008672097697854,,475,,,False,,,,,,22,person,0.05,0.5,argmax,segformer_b2_cityscapes,acdc_rain_targetcal25,11,0.6981132075471698
1.0,1000,True,0.0,0.0,1.0,0.6652631578947369,159,318.0,0.0,False,0.0,0.0,0.0,,,22,person,0.1,0.5,region_crc,segformer_b2_cityscapes,acdc_rain_targetcal25,11,
0.999,999,True,0.07127882599580712,0.07127882599580714,0.041485801339149475,0.6652631578947369,159,318.0,0.15999999999999992,False,0.04945054945054945,0.0782608695652174,0.0,,,22,person,0.1,0.5,heuristic,segformer_b2_cityscapes,acdc_rain_targetcal25,11,
,-1,True,,0.7474374332864899,0.0019008672097697854,,475,,,False,,,,,,22,person,0.1,0.5,argmax,segformer_b2_cityscapes,acdc_rain_targetcal25,11,0.6981132075471698
0.999,999,True,0.07127882599580712,0.07127882599580714,0.041485801339149475,0.6652631578947369,159,318.0,0.15999999999999992,False,0.04945054945054945,0.0782608695652174,0.0,,,22,person,0.2,0.5,region_crc,segformer_b2_cityscapes,acdc_rain_targetcal25,11,
0.978,978,True,0.36975564617074047,0.36975564617074047,0.011111672036349773,9.68,159,318.0,0.19157894736842107,False,0.4230769230769231,0.21739130434782608,0.047619047619047616,,,22,person,0.2,0.5,heuristic,segformer_b2_cityscapes,acdc_rain_targetcal25,11,
,-1,True,,0.7474374332864899,0.0019008672097697854,,475,,,False,,,,,,22,person,0.2,0.5,argmax,segformer_b2_cityscapes,acdc_rain_targetcal25,11,0.6981132075471698
1.0,1000,False,0.0,0.0,1.0,0.9473684210526315,25,35.0,0.0,False,0.0,0.0,0.0,,,22,rider,0.05,0.1,region_crc,segformer_b2_cityscapes,acdc_rain_targetcal25,3,
1.0,1000,True,0.0,0.0,1.0,0.9473684210526315,25,35.0,0.0,False,0.0,0.0,0.0,,,22,rider,0.05,0.1,heuristic,segformer_b2_cityscapes,acdc_rain_targetcal25,3,
,-1,True,,0.82,0.0002518467663321644,,475,,,False,,,,,,22,rider,0.05,0.1,argmax,segformer_b2_cityscapes,acdc_rain_targetcal25,3,0.8285714285714286
1.0,1000,False,0.0,0.0,1.0,0.9473684210526315,25,35.0,0.0,False,0.0,0.0,0.0,,,22,rider,0.1,0.1,region_crc,segformer_b2_cityscapes,acdc_rain_targetcal25,3,
1.0,1000,True,0.0,0.0,1.0,0.9473684210526315,25,35.0,0.0,False,0.0,0.0,0.0,,,22,rider,0.1,0.1,heuristic,segformer_b2_cityscapes,acdc_rain_targetcal25,3,
,-1,True,,0.82,0.0002518467663321644,,475,,,False,,,,,,22,rider,0.1,0.1,argmax,segformer_b2_cityscapes,acdc_rain_targetcal25,3,0.8285714285714286
1.0,1000,False,0.0,0.0,1.0,0.9473684210526315,25,35.0,0.0,False,0.0,0.0,0.0,,,22,rider,0.2,0.1,region_crc,segformer_b2_cityscapes,acdc_rain_targetcal25,3,
1.0,1000,True,0.0,0.0,1.0,0.9473684210526315,25,35.0,0.0,False,0.0,0.0,0.0,,,22,rider,0.2,0.1,heuristic,segformer_b2_cityscapes,acdc_rain_targetcal25,3,
,-1,True,,0.82,0.0002518467663321644,,475,,,False,,,,,,22,rider,0.2,0.1,argmax,segformer_b2_cityscapes,acdc_rain_targetcal25,3,0.8285714285714286
1.0,1000,False,0.0,0.0,1.0,0.9473684210526315,25,35.0,0.0,False,0.0,0.0,0.0,,,22,rider,0.05,0.5,region_crc,segformer_b2_cityscapes,acdc_rain_targetcal25,3,
1.0,1000,True,0.0,0.0,1.0,0.9473684210526315,25,35.0,0.0,False,0.0,0.0,0.0,,,22,rider,0.05,0.5,heuristic,segformer_b2_cityscapes,acdc_rain_targetcal25,3,
,-1,True,,0.88,0.0002518467663321644,,475,,,False,,,,,,22,rider,0.05,0.5,argmax,segformer_b2_cityscapes,acdc_rain_targetcal25,3,0.8857142857142857
1.0,1000,False,0.0,0.0,1.0,0.9473684210526315,25,35.0,0.0,False,0.0,0.0,0.0,,,22,rider,0.1,0.5,region_crc,segformer_b2_cityscapes,acdc_rain_targetcal25,3,
1.0,1000,True,0.0,0.0,1.0,0.9473684210526315,25,35.0,0.0,False,0.0,0.0,0.0,,,22,rider,0.1,0.5,heuristic,segformer_b2_cityscapes,acdc_rain_targetcal25,3,
,-1,True,,0.88,0.0002518467663321644,,475,,,False,,,,,,22,rider,0.1,0.5,argmax,segformer_b2_cityscapes,acdc_rain_targetcal25,3,0.8857142857142857
1.0,1000,False,0.0,0.0,1.0,0.9473684210526315,25,35.0,0.0,False,0.0,0.0,0.0,,,22,rider,0.2,0.5,region_crc,segformer_b2_cityscapes,acdc_rain_targetcal25,3,
1.0,1000,True,0.0,0.0,1.0,0.9473684210526315,25,35.0,0.0,False,0.0,0.0,0.0,,,22,rider,0.2,0.5,heuristic,segformer_b2_cityscapes,acdc_rain_targetcal25,3,
,-1,True,,0.88,0.0002518467663321644,,475,,,False,,,,,,22,rider,0.2,0.5,argmax,segformer_b2_cityscapes,acdc_rain_targetcal25,3,0.8857142857142857
1.0,1000,False,0.0,0.0,1.0,0.8421052631578947,75,145.0,0.0,False,0.0,0.0,0.0,,,22,bicycle,0.05,0.1,region_crc,segformer_b2_cityscapes,acdc_rain_targetcal25,8,
1.0,1000,True,0.0,0.0,1.0,0.8421052631578947,75,145.0,0.0,False,0.0,0.0,0.0,,,22,bicycle,0.05,0.1,heuristic,segformer_b2_cityscapes,acdc_rain_targetcal25,8,
,-1,True,,0.7413650793650794,0.0011174899991601706,,475,,,False,,,,,,22,bicycle,0.05,0.1,argmax,segformer_b2_cityscapes,acdc_rain_targetcal25,8,0.7241379310344828
1.0,1000,False,0.0,0.0,1.0,0.8421052631578947,75,145.0,0.0,False,0.0,0.0,0.0,,,22,bicycle,0.1,0.1,region_crc,segformer_b2_cityscapes,acdc_rain_targetcal25,8,
0.999,999,True,0.2259047619047619,0.2259047619047619,0.01828492432832718,0.8421052631578947,75,145.0,0.1957894736842105,False,0.32098765432098764,0.0784313725490196,0.0,,,22,bicycle,0.1,0.1,heuristic,segformer_b2_cityscapes,acdc_rain_targetcal25,8,
,-1,True,,0.7413650793650794,0.0011174899991601706,,475,,,False,,,,,,22,bicycle,0.1,0.1,argmax,segformer_b2_cityscapes,acdc_rain_targetcal25,8,0.7241379310344828
0.999,999,True,0.2259047619047619,0.2259047619047619,0.01828492432832718,0.8421052631578947,75,145.0,0.1957894736842105,False,0.32098765432098764,0.0784313725490196,0.0,,,22,bicycle,0.2,0.1,region_crc,segformer_b2_cityscapes,acdc_rain_targetcal25,8,
0.996,996,True,0.3143492063492063,0.3143492063492063,0.009713384322822094,0.8421052631578947,75,145.0,0.18947368421052624,False,0.4691358024691358,0.09803921568627451,0.0,,,22,bicycle,0.2,0.1,heuristic,segformer_b2_cityscapes,acdc_rain_targetcal25,8,
,-1,True,,0.7413650793650794,0.0011174899991601706,,475,,,False,,,,,,22,bicycle,0.2,0.1,argmax,segformer_b2_cityscapes,acdc_rain_targetcal25,8,0.7241379310344828
1.0,1000,False,0.0,0.0,1.0,0.8421052631578947,75,145.0,0.0,False,0.0,0.0,0.0,,,22,bicycle,0.05,0.5,region_crc,segformer_b2_cityscapes,acdc_rain_targetcal25,8,
1.0,1000,True,0.0,0.0,1.0,0.8421052631578947,75,145.0,0.0,False,0.0,0.0,0.0,,,22,bicycle,0.05,0.5,heuristic,segformer_b2_cityscapes,acdc_rain_targetcal25,8,
,-1,True,,0.7899365079365079,0.0011174899991601706,,475,,,False,,,,,,22,bicycle,0.05,0.5,argmax,segformer_b2_cityscapes,acdc_rain_targetcal25,8,0.7724137931034483
1.0,1000,False,0.0,0.0,1.0,0.8421052631578947,75,145.0,0.0,False,0.0,0.0,0.0,,,22,bicycle,0.1,0.5,region_crc,segformer_b2_cityscapes,acdc_rain_targetcal25,8,
1.0,1000,True,0.0,0.0,1.0,0.8421052631578947,75,145.0,0.0,False,0.0,0.0,0.0,,,22,bicycle,0.1,0.5,heuristic,segformer_b2_cityscapes,acdc_rain_targetcal25,8,
,-1,True,,0.7899365079365079,0.0011174899991601706,,475,,,False,,,,,,22,bicycle,0.1,0.5,argmax,segformer_b2_cityscapes,acdc_rain_targetcal25,8,0.7724137931034483
1.0,1000,True,0.0,0.0,1.0,0.8421052631578947,75,145.0,0.0,False,0.0,0.0,0.0,,,22,bicycle,0.2,0.5,region_crc,segformer_b2_cityscapes,acdc_rain_targetcal25,8,
1.0,1000,True,0.0,0.0,1.0,0.8421052631578947,75,145.0,0.0,False,0.0,0.0,0.0,,,22,bicycle,0.2,0.5,heuristic,segformer_b2_cityscapes,acdc_rain_targetcal25,8,
,-1,True,,0.7899365079365079,0.0011174899991601706,,475,,,False,,,,,,22,bicycle,0.2,0.5,argmax,segformer_b2_cityscapes,acdc_rain_targetcal25,8,0.7724137931034483
1.0,1000,False,0.0,0.0,1.0,0.6610526315789473,161,317.0,0.0,False,0.0,0.0,0.0,,,23,person,0.05,0.1,region_crc,segformer_b2_cityscapes,acdc_rain_targetcal25,9,
0.998,998,True,0.06728778467908902,0.06728778467908902,0.03244991973042488,0.6610526315789473,161,317.0,0.26526315789473687,False,0.056179775280898875,0.042735042735042736,0.0,,,23,person,0.05,0.1,heuristic,segformer_b2_cityscapes,acdc_rain_targetcal25,9,
,-1,True,,0.6317687833215784,0.0018967470386996865,,475,,,False,,,,,,23,person,0.05,0.1,argmax,segformer_b2_cityscapes,acdc_rain_targetcal25,9,0.5678233438485805
1.0,1000,True,0.0,0.0,1.0,0.6610526315789473,161,317.0,0.0,False,0.0,0.0,0.0,,,23,person,0.1,0.1,region_crc,segformer_b2_cityscapes,acdc_rain_targetcal25,9,
0.997,997,True,0.08902691511387163,0.08902691511387163,0.02761920541524887,0.6610526315789473,161,317.0,0.2589473684210527,False,0.08426966292134831,0.05982905982905983,0.0,,,23,person,0.1,0.1,heuristic,segformer_b2_cityscapes,acdc_rain_targetcal25,9,
,-1,True,,0.6317687833215784,0.0018967470386996865,,475,,,False,,,,,,23,person,0.1,0.1,argmax,segformer_b2_cityscapes,acdc_rain_targetcal25,9,0.5678233438485805
0.997,997,True,0.08902691511387163,0.08902691511387163,0.02761920541524887,0.6610526315789473,161,317.0,0.2589473684210527,False,0.08426966292134831,0.05982905982905983,0.0,,,23,person,0.2,0.1,region_crc,segformer_b2_cityscapes,acdc_rain_targetcal25,9,
0.995,995,True,0.10942028985507246,0.10942028985507246,0.02234199270606041,0.6610526315789473,161,317.0,0.24,False,0.11235955056179775,0.06837606837606838,0.0,,,23,person,0.2,0.1,heuristic,segformer_b2_cityscapes,acdc_rain_targetcal25,9,
,-1,True,,0.6317687833215784,0.0018967470386996865,,475,,,False,,,,,,23,person,0.2,0.1,argmax,segformer_b2_cityscapes,acdc_rain_targetcal25,9,0.5678233438485805
1.0,1000,False,0.0,0.0,1.0,0.6610526315789473,161,317.0,0.0,False,0.0,0.0,0.0,,,23,person,0.05,0.5,region_crc,segformer_b2_cityscapes,acdc_rain_targetcal25,9,
1.0,1000,True,0.0,0.0,1.0,0.6610526315789473,161,317.0,0.0,False,0.0,0.0,0.0,,,23,person,0.05,0.5,heuristic,segformer_b2_cityscapes,acdc_rain_targetcal25,9,
,-1,True,,0.7464340697259951,0.0018967470386996865,,475,,,False,,,,,,23,person,0.05,0.5,argmax,segformer_b2_cityscapes,acdc_rain_targetcal25,9,0.6876971608832808
1.0,1000,True,0.0,0.0,1.0,0.6610526315789473,161,317.0,0.0,False,0.0,0.0,0.0,,,23,person,0.1,0.5,region_crc,segformer_b2_cityscapes,acdc_rain_targetcal25,9,
0.999,999,True,0.07349896480331262,0.07349896480331262,0.042186204344034195,0.6610526315789473,161,317.0,0.2505263157894737,False,0.05056179775280899,0.06837606837606838,0.0,,,23,person,0.1,0.5,heuristic,segformer_b2_cityscapes,acdc_rain_targetcal25,9,
,-1,True,,0.7464340697259951,0.0018967470386996865,,475,,,False,,,,,,23,person,0.1,0.5,argmax,segformer_b2_cityscapes,acdc_rain_targetcal25,9,0.6876971608832808
0.998,998,True,0.1101449275362319,0.1101449275362319,0.03244991973042488,0.6610526315789473,161,317.0,0.26526315789473687,False,0.11235955056179775,0.07692307692307693,0.0,,,23,person,0.2,0.5,region_crc,segformer_b2_cityscapes,acdc_rain_targetcal25,9,
0.997,997,True,0.1308488612836439,0.1308488612836439,0.02761920541524887,0.6610526315789473,161,317.0,0.2589473684210527,False,0.1404494382022472,0.08547008547008547,0.0,,,23,person,0.2,0.5,heuristic,segformer_b2_cityscapes,acdc_rain_targetcal25,9,
,-1,True,,0.7464340697259951,0.0018967470386996865,,475,,,False,,,,,,23,person,0.2,0.5,argmax,segformer_b2_cityscapes,acdc_rain_targetcal25,9,0.6876971608832808
1.0,1000,False,0.0,0.0,1.0,0.9431578947368421,27,37.0,0.0,False,0.0,0.0,0.0,,,23,rider,0.05,0.1,region_crc,segformer_b2_cityscapes,acdc_rain_targetcal25,1,
1.0,1000,True,0.0,0.0,1.0,0.9431578947368421,27,37.0,0.0,False,0.0,0.0,0.0,,,23,rider,0.05,0.1,heuristic,segformer_b2_cityscapes,acdc_rain_targetcal25,1,
,-1,True,,0.7962962962962963,0.0002786458353511989,,475,,,False,,,,,,23,rider,0.05,0.1,argmax,segformer_b2_cityscapes,acdc_rain_targetcal25,1,0.8108108108108109
1.0,1000,False,0.0,0.0,1.0,0.9431578947368421,27,37.0,0.0,False,0.0,0.0,0.0,,,23,rider,0.1,0.1,region_crc,segformer_b2_cityscapes,acdc_rain_targetcal25,1,
1.0,1000,True,0.0,0.0,1.0,0.9431578947368421,27,37.0,0.0,False,0.0,0.0,0.0,,,23,rider,0.1,0.1,heuristic,segformer_b2_cityscapes,acdc_rain_targetcal25,1,
,-1,True,,0.7962962962962963,0.0002786458353511989,,475,,,False,,,,,,23,rider,0.1,0.1,argmax,segformer_b2_cityscapes,acdc_rain_targetcal25,1,0.8108108108108109
1.0,1000,False,0.0,0.0,1.0,0.9431578947368421,27,37.0,0.0,False,0.0,0.0,0.0,,,23,rider,0.2,0.1,region_crc,segformer_b2_cityscapes,acdc_rain_targetcal25,1,
1.0,1000,True,0.0,0.0,1.0,0.9431578947368421,27,37.0,0.0,False,0.0,0.0,0.0,,,23,rider,0.2,0.1,heuristic,segformer_b2_cityscapes,acdc_rain_targetcal25,1,
,-1,True,,0.7962962962962963,0.0002786458353511989,,475,,,False,,,,,,23,rider,0.2,0.1,argmax,segformer_b2_cityscapes,acdc_rain_targetcal25,1,0.8108108108108109
1.0,1000,False,0.0,0.0,1.0,0.9431578947368421,27,37.0,0.0,False,0.0,0.0,0.0,,,23,rider,0.05,0.5,region_crc,segformer_b2_cityscapes,acdc_rain_targetcal25,1,
1.0,1000,True,0.0,0.0,1.0,0.9431578947368421,27,37.0,0.0,False,0.0,0.0,0.0,,,23,rider,0.05,0.5,heuristic,segformer_b2_cityscapes,acdc_rain_targetcal25,1,
,-1,True,,0.8518518518518519,0.0002786458353511989,,475,,,False,,,,,,23,rider,0.05,0.5,argmax,segformer_b2_cityscapes,acdc_rain_targetcal25,1,0.8648648648648649
1.0,1000,False,0.0,0.0,1.0,0.9431578947368421,27,37.0,0.0,False,0.0,0.0,0.0,,,23,rider,0.1,0.5,region_crc,segformer_b2_cityscapes,acdc_rain_targetcal25,1,
1.0,1000,True,0.0,0.0,1.0,0.9431578947368421,27,37.0,0.0,False,0.0,0.0,0.0,,,23,rider,0.1,0.5,heuristic,segformer_b2_cityscapes,acdc_rain_targetcal25,1,
,-1,True,,0.8518518518518519,0.0002786458353511989,,475,,,False,,,,,,23,rider,0.1,0.5,argmax,segformer_b2_cityscapes,acdc_rain_targetcal25,1,0.8648648648648649
1.0,1000,False,0.0,0.0,1.0,0.9431578947368421,27,37.0,0.0,False,0.0,0.0,0.0,,,23,rider,0.2,0.5,region_crc,segformer_b2_cityscapes,acdc_rain_targetcal25,1,
1.0,1000,True,0.0,0.0,1.0,0.9431578947368421,27,37.0,0.0,False,0.0,0.0,0.0,,,23,rider,0.2,0.5,heuristic,segformer_b2_cityscapes,acdc_rain_targetcal25,1,
,-1,True,,0.8518518518518519,0.0002786458353511989,,475,,,False,,,,,,23,rider,0.2,0.5,argmax,segformer_b2_cityscapes,acdc_rain_targetcal25,1,0.8648648648648649
1.0,1000,False,0.0,0.0,1.0,0.8336842105263158,79,148.0,0.0,False,0.0,0.0,0.0,,,23,bicycle,0.05,0.1,region_crc,segformer_b2_cityscapes,acdc_rain_targetcal25,4,
1.0,1000,True,0.0,0.0,1.0,0.8336842105263158,79,148.0,0.0,False,0.0,0.0,0.0,,,23,bicycle,0.05,0.1,heuristic,segformer_b2_cityscapes,acdc_rain_targetcal25,4,
,-1,True,,0.724924653405666,0.0012011644430458546,,475,,,False,,,,,,23,bicycle,0.05,0.1,argmax,segformer_b2_cityscapes,acdc_rain_targetcal25,4,0.7027027027027027
1.0,1000,False,0.0,0.0,1.0,0.8336842105263158,79,148.0,0.0,False,0.0,0.0,0.0,,,23,bicycle,0.1,0.1,region_crc,segformer_b2_cityscapes,acdc_rain_targetcal25,4,
1.0,1000,True,0.0,0.0,1.0,0.8336842105263158,79,148.0,0.0,False,0.0,0.0,0.0,,,23,bicycle,0.1,0.1,heuristic,segformer_b2_cityscapes,acdc_rain_targetcal25,4,
,-1,True,,0.724924653405666,0.0012011644430458546,,475,,,False,,,,,,23,bicycle,0.1,0.1,argmax,segformer_b2_cityscapes,acdc_rain_targetcal25,4,0.7027027027027027
1.0,1000,True,0.0,0.0,1.0,0.8336842105263158,79,148.0,0.0,False,0.0,0.0,0.0,,,23,bicycle,0.2,0.1,region_crc,segformer_b2_cityscapes,acdc_rain_targetcal25,4,
1.0,1000,True,0.0,0.0,1.0,0.8336842105263158,79,148.0,0.0,False,0.0,0.0,0.0,,,23,bicycle,0.2,0.1,heuristic,segformer_b2_cityscapes,acdc_rain_targetcal25,4,
,-1,True,,0.724924653405666,0.0012011644430458546,,475,,,False,,,,,,23,bicycle,0.2,0.1,argmax,segformer_b2_cityscapes,acdc_rain_targetcal25,4,0.7027027027027027
1.0,1000,False,0.0,0.0,1.0,0.8336842105263158,79,148.0,0.0,False,0.0,0.0,0.0,,,23,bicycle,0.05,0.5,region_crc,segformer_b2_cityscapes,acdc_rain_targetcal25,4,
1.0,1000,True,0.0,0.0,1.0,0.8336842105263158,79,148.0,0.0,False,0.0,0.0,0.0,,,23,bicycle,0.05,0.5,heuristic,segformer_b2_cityscapes,acdc_rain_targetcal25,4,
,-1,True,,0.7625979505726341,0.0012011644430458546,,475,,,False,,,,,,23,bicycle,0.05,0.5,argmax,segformer_b2_cityscapes,acdc_rain_targetcal25,4,0.7364864864864865
1.0,1000,False,0.0,0.0,1.0,0.8336842105263158,79,148.0,0.0,False,0.0,0.0,0.0,,,23,bicycle,0.1,0.5,region_crc,segformer_b2_cityscapes,acdc_rain_targetcal25,4,
1.0,1000,True,0.0,0.0,1.0,0.8336842105263158,79,148.0,0.0,False,0.0,0.0,0.0,,,23,bicycle,0.1,0.5,heuristic,segformer_b2_cityscapes,acdc_rain_targetcal25,4,
,-1,True,,0.7625979505726341,0.0012011644430458546,,475,,,False,,,,,,23,bicycle,0.1,0.5,argmax,segformer_b2_cityscapes,acdc_rain_targetcal25,4,0.7364864864864865
1.0,1000,True,0.0,0.0,1.0,0.8336842105263158,79,148.0,0.0,False,0.0,0.0,0.0,,,23,bicycle,0.2,0.5,region_crc,segformer_b2_cityscapes,acdc_rain_targetcal25,4,
1.0,1000,True,0.0,0.0,1.0,0.8336842105263158,79,148.0,0.0,False,0.0,0.0,0.0,,,23,bicycle,0.2,0.5,heuristic,segformer_b2_cityscapes,acdc_rain_targetcal25,4,
,-1,True,,0.7625979505726341,0.0012011644430458546,,475,,,False,,,,,,23,bicycle,0.2,0.5,argmax,segformer_b2_cityscapes,acdc_rain_targetcal25,4,0.7364864864864865
1.0,1000,False,0.0,0.0,1.0,0.671578947368421,156,302.0,0.0,False,0.0,0.0,0.0,,,24,person,0.05,0.1,region_crc,segformer_b2_cityscapes,acdc_rain_targetcal25,14,
1.0,1000,True,0.0,0.0,1.0,0.671578947368421,156,302.0,0.0,False,0.0,0.0,0.0,,,24,person,0.05,0.1,heuristic,segformer_b2_cityscapes,acdc_rain_targetcal25,14,
,-1,True,,0.6410052910052909,0.001855827635154128,,475,,,False,,,,,,24,person,0.05,0.1,argmax,segformer_b2_cityscapes,acdc_rain_targetcal25,14,0.5860927152317881
1.0,1000,True,0.0,0.0,1.0,0.671578947368421,156,302.0,0.0,False,0.0,0.0,0.0,,,24,person,0.1,0.1,region_crc,segformer_b2_cityscapes,acdc_rain_targetcal25,14,
0.995,995,True,0.11239316239316238,0.11239316239316238,0.02200445532798767,0.671578947368421,156,302.0,0.13894736842105262,False,0.12290502793296089,0.07920792079207921,0.0,,,24,person,0.1,0.1,heuristic,segformer_b2_cityscapes,acdc_rain_targetcal25,14,
,-1,True,,0.6410052910052909,0.001855827635154128,,475,,,False,,,,,,24,person,0.1,0.1,argmax,segformer_b2_cityscapes,acdc_rain_targetcal25,14,0.5860927152317881
0.993,993,True,0.13076923076923075,0.13076923076923075,0.01899619586765766,0.671578947368421,156,302.0,0.15789473684210525,False,0.16201117318435754,0.07920792079207921,0.0,,,24,person,0.2,0.1,region_crc,segformer_b2_cityscapes,acdc_rain_targetcal25,14,
0.993,993,True,0.13076923076923075,0.13076923076923075,0.01899619586765766,0.671578947368421,156,302.0,0.15789473684210525,False,0.16201117318435754,0.07920792079207921,0.0,,,24,person,0.2,0.1,heuristic,segformer_b2_cityscapes,acdc_rain_targetcal25,14,
,-1,True,,0.6410052910052909,0.001855827635154128,,475,,,False,,,,,,24,person,0.2,0.1,argmax,segformer_b2_cityscapes,acdc_rain_targetcal25,14,0.5860927152317881
1.0,1000,False,0.0,0.0,1.0,0.671578947368421,156,302.0,0.0,False,0.0,0.0,0.0,,,24,person,0.05,0.5,region_crc,segformer_b2_cityscapes,acdc_rain_targetcal25,14,
1.0,1000,True,0.0,0.0,1.0,0.671578947368421,156,302.0,0.0,False,0.0,0.0,0.0,,,24,person,0.05,0.5,heuristic,segformer_b2_cityscapes,acdc_rain_targetcal25,14,
,-1,True,,0.7497303622303623,0.001855827635154128,,475,,,False,,,,,,24,person,0.05,0.5,argmax,segformer_b2_cityscapes,acdc_rain_targetcal25,14,0.7052980132450332
1.0,1000,True,0.0,0.0,1.0,0.671578947368421,156,302.0,0.0,False,0.0,0.0,0.0,,,24,person,0.1,0.5,region_crc,segformer_b2_cityscapes,acdc_rain_targetcal25,14,
0.998,998,True,0.11153846153846153,0.11153846153846153,0.03203296288847923,0.671578947368421,156,302.0,0.10947368421052632,False,0.11731843575418995,0.0891089108910891,0.0,,,24,person,0.1,0.5,heuristic,segformer_b2_cityscapes,acdc_rain_targetcal25,14,
,-1,True,,0.7497303622303623,0.001855827635154128,,475,,,False,,,,,,24,person,0.1,0.5,argmax,segformer_b2_cityscapes,acdc_rain_targetcal25,14,0.7052980132450332
0.998,998,True,0.11153846153846153,0.11153846153846153,0.03203296288847923,0.671578947368421,156,302.0,0.10947368421052632,False,0.11731843575418995,0.0891089108910891,0.0,,,24,person,0.2,0.5,region_crc,segformer_b2_cityscapes,acdc_rain_targetcal25,14,
0.997,997,True,0.13023504273504274,0.13023504273504274,0.027243485674262047,0.671578947368421,156,302.0,0.1094736842105263,False,0.1564245810055866,0.0891089108910891,0.0,,,24,person,0.2,0.5,heuristic,segformer_b2_cityscapes,acdc_rain_targetcal25,14,
,-1,True,,0.7497303622303623,0.001855827635154128,,475,,,False,,,,,,24,person,0.2,0.5,argmax,segformer_b2_cityscapes,acdc_rain_targetcal25,14,0.7052980132450332
1.0,1000,False,0.0,0.0,1.0,0.9452631578947368,26,35.0,0.0,False,0.0,0.0,0.0,,,24,rider,0.05,0.1,region_crc,segformer_b2_cityscapes,acdc_rain_targetcal25,2,
0.998,998,True,0.46153846153846156,0.46153846153846156,0.004858858417719603,0.9452631578947368,26,35.0,0.25473684210526304,False,0.6153846153846154,0.0,0.0,,,24,rider,0.05,0.1,heuristic,segformer_b2_cityscapes,acdc_rain_targetcal25,2,
,-1,True,,0.8269230769230769,0.0002524447627365589,,475,,,False,,,,,,24,rider,0.05,0.1,argmax,segformer_b2_cityscapes,acdc_rain_targetcal25,2,0.8285714285714286
1.0,1000,False,0.0,0.0,1.0,0.9452631578947368,26,35.0,0.0,False,0.0,0.0,0.0,,,24,rider,0.1,0.1,region_crc,segformer_b2_cityscapes,acdc_rain_targetcal25,2,
0.998,998,True,0.46153846153846156,0.46153846153846156,0.004858858417719603,0.9452631578947368,26,35.0,0.25473684210526304,False,0.6153846153846154,0.0,0.0,,,24,rider,0.1,0.1,heuristic,segformer_b2_cityscapes,acdc_rain_targetcal25,2,
,-1,True,,0.8269230769230769,0.0002524447627365589,,475,,,False,,,,,,24,rider,0.1,0.1,argmax,segformer_b2_cityscapes,acdc_rain_targetcal25,2,0.8285714285714286
1.0,1000,False,0.0,0.0,1.0,0.9452631578947368,26,35.0,0.0,False,0.0,0.0,0.0,,,24,rider,0.2,0.1,region_crc,segformer_b2_cityscapes,acdc_rain_targetcal25,2,
0.998,998,True,0.46153846153846156,0.46153846153846156,0.004858858417719603,0.9452631578947368,26,35.0,0.25473684210526304,False,0.6153846153846154,0.0,0.0,,,24,rider,0.2,0.1,heuristic,segformer_b2_cityscapes,acdc_rain_targetcal25,2,
,-1,True,,0.8269230769230769,0.0002524447627365589,,475,,,False,,,,,,24,rider,0.2,0.1,argmax,segformer_b2_cityscapes,acdc_rain_targetcal25,2,0.8285714285714286
1.0,1000,False,0.0,0.0,1.0,0.9452631578947368,26,35.0,0.0,False,0.0,0.0,0.0,,,24,rider,0.05,0.5,region_crc,segformer_b2_cityscapes,acdc_rain_targetcal25,2,
0.999,999,True,0.5256410256410257,0.5256410256410257,0.006755369249731302,0.9452631578947368,26,35.0,0.2589473684210526,False,0.6153846153846154,0.2,0.0,,,24,rider,0.05,0.5,heuristic,segformer_b2_cityscapes,acdc_rain_targetcal25,2,
,-1,True,,0.8846153846153846,0.0002524447627365589,,475,,,False,,,,,,24,rider,0.05,0.5,argmax,segformer_b2_cityscapes,acdc_rain_targetcal25,2,0.8857142857142857
1.0,1000,False,0.0,0.0,1.0,0.9452631578947368,26,35.0,0.0,False,0.0,0.0,0.0,,,24,rider,0.1,0.5,region_crc,segformer_b2_cityscapes,acdc_rain_targetcal25,2,
0.999,999,True,0.5256410256410257,0.5256410256410257,0.006755369249731302,0.9452631578947368,26,35.0,0.2589473684210526,False,0.6153846153846154,0.2,0.0,,,24,rider,0.1,0.5,heuristic,segformer_b2_cityscapes,acdc_rain_targetcal25,2,
,-1,True,,0.8846153846153846,0.0002524447627365589,,475,,,False,,,,,,24,rider,0.1,0.5,argmax,segformer_b2_cityscapes,acdc_rain_targetcal25,2,0.8857142857142857
1.0,1000,False,0.0,0.0,1.0,0.9452631578947368,26,35.0,0.0,False,0.0,0.0,0.0,,,24,rider,0.2,0.5,region_crc,segformer_b2_cityscapes,acdc_rain_targetcal25,2,
0.999,999,True,0.5256410256410257,0.5256410256410257,0.006755369249731302,0.9452631578947368,26,35.0,0.2589473684210526,False,0.6153846153846154,0.2,0.0,,,24,rider,0.2,0.5,heuristic,segformer_b2_cityscapes,acdc_rain_targetcal25,2,
,-1,True,,0.8846153846153846,0.0002524447627365589,,475,,,False,,,,,,24,rider,0.2,0.5,argmax,segformer_b2_cityscapes,acdc_rain_targetcal25,2,0.8857142857142857
1.0,1000,False,0.0,0.0,1.0,0.84,76,146.0,0.0,False,0.0,0.0,0.0,,,24,bicycle,0.05,0.1,region_crc,segformer_b2_cityscapes,acdc_rain_targetcal25,7,
1.0,1000,True,0.0,0.0,1.0,0.84,76,146.0,0.0,False,0.0,0.0,0.0,,,24,bicycle,0.05,0.1,heuristic,segformer_b2_cityscapes,acdc_rain_targetcal25,7,
,-1,True,,0.7579260651629073,0.0011321677593514323,,475,,,False,,,,,,24,bicycle,0.05,0.1,argmax,segformer_b2_cityscapes,acdc_rain_targetcal25,7,0.7534246575342466
1.0,1000,False,0.0,0.0,1.0,0.84,76,146.0,0.0,False,0.0,0.0,0.0,,,24,bicycle,0.1,0.1,region_crc,segformer_b2_cityscapes,acdc_rain_targetcal25,7,
1.0,1000,True,0.0,0.0,1.0,0.84,76,146.0,0.0,False,0.0,0.0,0.0,,,24,bicycle,0.1,0.1,heuristic,segformer_b2_cityscapes,acdc_rain_targetcal25,7,
,-1,True,,0.7579260651629073,0.0011321677593514323,,475,,,False,,,,,,24,bicycle,0.1,0.1,argmax,segformer_b2_cityscapes,acdc_rain_targetcal25,7,0.7534246575342466
1.0,1000,True,0.0,0.0,1.0,0.84,76,146.0,0.0,False,0.0,0.0,0.0,,,24,bicycle,0.2,0.1,region_crc,segformer_b2_cityscapes,acdc_rain_targetcal25,7,
0.98,980,True,0.44392230576441105,0.44392230576441105,0.004488044884055853,3.614736842105263,76,146.0,0.27999999999999997,False,0.6049382716049383,0.2549019607843137,0.0,,,24,bicycle,0.2,0.1,heuristic,segformer_b2_cityscapes,acdc_rain_targetcal25,7,
,-1,True,,0.7579260651629073,0.0011321677593514323,,475,,,False,,,,,,24,bicycle,0.2,0.1,argmax,segformer_b2_cityscapes,acdc_rain_targetcal25,7,0.7534246575342466
1.0,1000,False,0.0,0.0,1.0,0.84,76,146.0,0.0,False,0.0,0.0,0.0,,,24,bicycle,0.05,0.5,region_crc,segformer_b2_cityscapes,acdc_rain_targetcal25,7,
1.0,1000,True,0.0,0.0,1.0,0.84,76,146.0,0.0,False,0.0,0.0,0.0,,,24,bicycle,0.05,0.5,heuristic,segformer_b2_cityscapes,acdc_rain_targetcal25,7,
,-1,True,,0.7927005012531328,0.0011321677593514323,,475,,,False,,,,,,24,bicycle,0.05,0.5,argmax,segformer_b2_cityscapes,acdc_rain_targetcal25,7,0.7945205479452054
1.0,1000,False,0.0,0.0,1.0,0.84,76,146.0,0.0,False,0.0,0.0,0.0,,,24,bicycle,0.1,0.5,region_crc,segformer_b2_cityscapes,acdc_rain_targetcal25,7,
1.0,1000,True,0.0,0.0,1.0,0.84,76,146.0,0.0,False,0.0,0.0,0.0,,,24,bicycle,0.1,0.5,heuristic,segformer_b2_cityscapes,acdc_rain_targetcal25,7,
,-1,True,,0.7927005012531328,0.0011321677593514323,,475,,,False,,,,,,24,bicycle,0.1,0.5,argmax,segformer_b2_cityscapes,acdc_rain_targetcal25,7,0.7945205479452054
1.0,1000,True,0.0,0.0,1.0,0.84,76,146.0,0.0,False,0.0,0.0,0.0,,,24,bicycle,0.2,0.5,region_crc,segformer_b2_cityscapes,acdc_rain_targetcal25,7,
0.994,994,True,0.43308270676691724,0.43308270676691724,0.008040371350944042,0.84,76,146.0,0.2610526315789473,False,0.5925925925925926,0.29411764705882354,0.0,,,24,bicycle,0.2,0.5,heuristic,segformer_b2_cityscapes,acdc_rain_targetcal25,7,
,-1,True,,0.7927005012531328,0.0011321677593514323,,475,,,False,,,,,,24,bicycle,0.2,0.5,argmax,segformer_b2_cityscapes,acdc_rain_targetcal25,7,0.7945205479452054
1.0,1000,False,0.0,0.0,1.0,0.6610526315789473,161,320.0,0.0,False,0.0,0.0,0.0,,,25,person,0.05,0.1,region_crc,segformer_b2_cityscapes,acdc_rain_targetcal25,9,
0.989,989,True,0.17035886818495513,0.17035886818495513,0.01558139082044363,0.6610526315789473,161,320.0,0.11578947368421044,False,0.2185792349726776,0.0782608695652174,0.0,,,25,person,0.05,0.1,heuristic,segformer_b2_cityscapes,acdc_rain_targetcal25,9,
,-1,True,,0.6452263402573961,0.0018624552758410573,,475,,,False,,,,,,25,person,0.05,0.1,argmax,segformer_b2_cityscapes,acdc_rain_targetcal25,9,0.5875
0.989,989,True,0.17035886818495513,0.17035886818495513,0.01558139082044363,0.6610526315789473,161,320.0,0.11578947368421044,False,0.2185792349726776,0.0782608695652174,0.0,,,25,person,0.1,0.1,region_crc,segformer_b2_cityscapes,acdc_rain_targetcal25,9,
0.989,989,True,0.17035886818495513,0.17035886818495513,0.01558139082044363,0.6610526315789473,161,320.0,0.11578947368421044,False,0.2185792349726776,0.0782608695652174,0.0,,,25,person,0.1,0.1,heuristic,segformer_b2_cityscapes,acdc_rain_targetcal25,9,
,-1,True,,0.6452263402573961,0.0018624552758410573,,475,,,False,,,,,,25,person,0.1,0.1,argmax,segformer_b2_cityscapes,acdc_rain_targetcal25,9,0.5875
0.987,987,True,0.18899240855762595,0.18899240855762595,0.014442387968301773,9.74736842105263,161,320.0,0.12,False,0.23497267759562843,0.08695652173913043,0.0,,,25,person,0.2,0.1,region_crc,segformer_b2_cityscapes,acdc_rain_targetcal25,9,
0.984,984,True,0.20572277963582308,0.20572277963582308,0.013106835074722767,9.74736842105263,161,320.0,0.11789473684210522,False,0.2568306010928962,0.11304347826086956,0.0,,,25,person,0.2,0.1,heuristic,segformer_b2_cityscapes,acdc_rain_targetcal25,9,
,-1,True,,0.6452263402573961,0.0018624552758410573,,475,,,False,,,,,,25,person,0.2,0.1,argmax,segformer_b2_cityscapes,acdc_rain_targetcal25,9,0.5875
1.0,1000,False,0.0,0.0,1.0,0.6610526315789473,161,320.0,0.0,False,0.0,0.0,0.0,,,25,person,0.05,0.5,region_crc,segformer_b2_cityscapes,acdc_rain_targetcal25,9,
0.993,993,True,0.22477039868344215,0.22477039868344215,0.019050784409046173,0.6610526315789473,161,320.0,0.14105263157894732,False,0.2459016393442623,0.16521739130434782,0.0,,,25,person,0.05,0.5,heuristic,segformer_b2_cityscapes,acdc_rain_targetcal25,9,
,-1,True,,0.7567860365997012,0.0018624552758410573,,475,,,False,,,,,,25,person,0.05,0.5,argmax,segformer_b2_cityscapes,acdc_rain_targetcal25,9,0.7
0.993,993,True,0.22477039868344215,0.22477039868344215,0.019050784409046173,0.6610526315789473,161,320.0,0.14105263157894732,False,0.2459016393442623,0.16521739130434782,0.0,,,25,person,0.1,0.5,region_crc,segformer_b2_cityscapes,acdc_rain_targetcal25,9,
0.993,993,True,0.22477039868344215,0.22477039868344215,0.019050784409046173,0.6610526315789473,161,320.0,0.14105263157894732,False,0.2459016393442623,0.16521739130434782,0.0,,,25,person,0.1,0.5,heuristic,segformer_b2_cityscapes,acdc_rain_targetcal25,9,
,-1,True,,0.7567860365997012,0.0018624552758410573,,475,,,False,,,,,,25,person,0.1,0.5,argmax,segformer_b2_cityscapes,acdc_rain_targetcal25,9,0.7
0.992,992,True,0.23356957052609226,0.23356957052609226,0.017965810373425484,0.6610526315789473,161,320.0,0.14736842105263148,False,0.26229508196721313,0.17391304347826086,0.0,,,25,person,0.2,0.5,region_crc,segformer_b2_cityscapes,acdc_rain_targetcal25,9,
0.992,992,True,0.23356957052609226,0.23356957052609226,0.017965810373425484,0.6610526315789473,161,320.0,0.14736842105263148,False,0.26229508196721313,0.17391304347826086,0.0,,,25,person,0.2,0.5,heuristic,segformer_b2_cityscapes,acdc_rain_targetcal25,9,
,-1,True,,0.7567860365997012,0.0018624552758410573,,475,,,False,,,,,,25,person,0.2,0.5,argmax,segformer_b2_cityscapes,acdc_rain_targetcal25,9,0.7
,-1,False,,,,,475,,,False,,,,,,25,rider,0.05,0.1,region_crc,segformer_b2_cityscapes,acdc_rain_targetcal25,0,
,-1,False,,,,,475,,,False,,,,,,25,rider,0.05,0.1,heuristic,segformer_b2_cityscapes,acdc_rain_targetcal25,0,
,-1,True,,0.8035714285714286,0.00028117996407672763,,475,,,False,,,,,,25,rider,0.05,0.1,argmax,segformer_b2_cityscapes,acdc_rain_targetcal25,0,0.8157894736842105
,-1,False,,,,,475,,,False,,,,,,25,rider,0.1,0.1,region_crc,segformer_b2_cityscapes,acdc_rain_targetcal25,0,
,-1,False,,,,,475,,,False,,,,,,25,rider,0.1,0.1,heuristic,segformer_b2_cityscapes,acdc_rain_targetcal25,0,
,-1,True,,0.8035714285714286,0.00028117996407672763,,475,,,False,,,,,,25,rider,0.1,0.1,argmax,segformer_b2_cityscapes,acdc_rain_targetcal25,0,0.8157894736842105
,-1,False,,,,,475,,,False,,,,,,25,rider,0.2,0.1,region_crc,segformer_b2_cityscapes,acdc_rain_targetcal25,0,
,-1,False,,,,,475,,,False,,,,,,25,rider,0.2,0.1,heuristic,segformer_b2_cityscapes,acdc_rain_targetcal25,0,
,-1,True,,0.8035714285714286,0.00028117996407672763,,475,,,False,,,,,,25,rider,0.2,0.1,argmax,segformer_b2_cityscapes,acdc_rain_targetcal25,0,0.8157894736842105
,-1,False,,,,,475,,,False,,,,,,25,rider,0.05,0.5,region_crc,segformer_b2_cityscapes,acdc_rain_targetcal25,0,
,-1,False,,,,,475,,,False,,,,,,25,rider,0.05,0.5,heuristic,segformer_b2_cityscapes,acdc_rain_targetcal25,0,
,-1,True,,0.8571428571428571,0.00028117996407672763,,475,,,False,,,,,,25,rider,0.05,0.5,argmax,segformer_b2_cityscapes,acdc_rain_targetcal25,0,0.868421052631579
,-1,False,,,,,475,,,False,,,,,,25,rider,0.1,0.5,region_crc,segformer_b2_cityscapes,acdc_rain_targetcal25,0,
,-1,False,,,,,475,,,False,,,,,,25,rider,0.1,0.5,heuristic,segformer_b2_cityscapes,acdc_rain_targetcal25,0,
,-1,True,,0.8571428571428571,0.00028117996407672763,,475,,,False,,,,,,25,rider,0.1,0.5,argmax,segformer_b2_cityscapes,acdc_rain_targetcal25,0,0.868421052631579
,-1,False,,,,,475,,,False,,,,,,25,rider,0.2,0.5,region_crc,segformer_b2_cityscapes,acdc_rain_targetcal25,0,
,-1,False,,,,,475,,,False,,,,,,25,rider,0.2,0.5,heuristic,segformer_b2_cityscapes,acdc_rain_targetcal25,0,
,-1,True,,0.8571428571428571,0.00028117996407672763,,475,,,False,,,,,,25,rider,0.2,0.5,argmax,segformer_b2_cityscapes,acdc_rain_targetcal25,0,0.868421052631579
1.0,1000,False,0.0,0.0,1.0,0.8315789473684211,80,151.0,0.0,False,0.0,0.0,0.0,,,25,bicycle,0.05,0.1,region_crc,segformer_b2_cityscapes,acdc_rain_targetcal25,3,
1.0,1000,True,0.0,0.0,1.0,0.8315789473684211,80,151.0,0.0,False,0.0,0.0,0.0,,,25,bicycle,0.05,0.1,heuristic,segformer_b2_cityscapes,acdc_rain_targetcal25,3,
,-1,True,,0.720029761904762,0.001203962485305965,,475,,,False,,,,,,25,bicycle,0.05,0.1,argmax,segformer_b2_cityscapes,acdc_rain_targetcal25,3,0.695364238410596
1.0,1000,False,0.0,0.0,1.0,0.8315789473684211,80,151.0,0.0,False,0.0,0.0,0.0,,,25,bicycle,0.1,0.1,region_crc,segformer_b2_cityscapes,acdc_rain_targetcal25,3,
1.0,1000,True,0.0,0.0,1.0,0.8315789473684211,80,151.0,0.0,False,0.0,0.0,0.0,,,25,bicycle,0.1,0.1,heuristic,segformer_b2_cityscapes,acdc_rain_targetcal25,3,
,-1,True,,0.720029761904762,0.001203962485305965,,475,,,False,,,,,,25,bicycle,0.1,0.1,argmax,segformer_b2_cityscapes,acdc_rain_targetcal25,3,0.695364238410596
1.0,1000,False,0.0,0.0,1.0,0.8315789473684211,80,151.0,0.0,False,0.0,0.0,0.0,,,25,bicycle,0.2,0.1,region_crc,segformer_b2_cityscapes,acdc_rain_targetcal25,3,
1.0,1000,True,0.0,0.0,1.0,0.8315789473684211,80,151.0,0.0,False,0.0,0.0,0.0,,,25,bicycle,0.2,0.1,heuristic,segformer_b2_cityscapes,acdc_rain_targetcal25,3,
,-1,True,,0.720029761904762,0.001203962485305965,,475,,,False,,,,,,25,bicycle,0.2,0.1,argmax,segformer_b2_cityscapes,acdc_rain_targetcal25,3,0.695364238410596
1.0,1000,False,0.0,0.0,1.0,0.8315789473684211,80,151.0,0.0,False,0.0,0.0,0.0,,,25,bicycle,0.05,0.5,region_crc,segformer_b2_cityscapes,acdc_rain_targetcal25,3,
1.0,1000,True,0.0,0.0,1.0,0.8315789473684211,80,151.0,0.0,False,0.0,0.0,0.0,,,25,bicycle,0.05,0.5,heuristic,segformer_b2_cityscapes,acdc_rain_targetcal25,3,
,-1,True,,0.7655654761904762,0.001203962485305965,,475,,,False,,,,,,25,bicycle,0.05,0.5,argmax,segformer_b2_cityscapes,acdc_rain_targetcal25,3,0.7417218543046358
1.0,1000,False,0.0,0.0,1.0,0.8315789473684211,80,151.0,0.0,False,0.0,0.0,0.0,,,25,bicycle,0.1,0.5,region_crc,segformer_b2_cityscapes,acdc_rain_targetcal25,3,
1.0,1000,True,0.0,0.0,1.0,0.8315789473684211,80,151.0,0.0,False,0.0,0.0,0.0,,,25,bicycle,0.1,0.5,heuristic,segformer_b2_cityscapes,acdc_rain_targetcal25,3,
,-1,True,,0.7655654761904762,0.001203962485305965,,475,,,False,,,,,,25,bicycle,0.1,0.5,argmax,segformer_b2_cityscapes,acdc_rain_targetcal25,3,0.7417218543046358
1.0,1000,False,0.0,0.0,1.0,0.8315789473684211,80,151.0,0.0,False,0.0,0.0,0.0,,,25,bicycle,0.2,0.5,region_crc,segformer_b2_cityscapes,acdc_rain_targetcal25,3,
1.0,1000,True,0.0,0.0,1.0,0.8315789473684211,80,151.0,0.0,False,0.0,0.0,0.0,,,25,bicycle,0.2,0.5,heuristic,segformer_b2_cityscapes,acdc_rain_targetcal25,3,
,-1,True,,0.7655654761904762,0.001203962485305965,,475,,,False,,,,,,25,bicycle,0.2,0.5,argmax,segformer_b2_cityscapes,acdc_rain_targetcal25,3,0.7417218543046358
1.0,1000,False,0.0,0.0,1.0,0.6631578947368421,160,315.0,0.0,False,0.0,0.0,0.0,,,26,person,0.05,0.1,region_crc,segformer_b2_cityscapes,acdc_rain_targetcal25,10,
0.997,997,True,0.08958333333333332,0.08958333333333332,0.027571629732847214,0.6631578947368421,160,315.0,0.13263157894736843,False,0.08571428571428572,0.05982905982905983,0.0,,,26,person,0.05,0.1,heuristic,segformer_b2_cityscapes,acdc_rain_targetcal25,10,
,-1,True,,0.6325923382173382,0.0019196190405637026,,475,,,False,,,,,,26,person,0.05,0.1,argmax,segformer_b2_cityscapes,acdc_rain_targetcal25,10,0.5650793650793651
1.0,1000,True,0.0,0.0,1.0,0.6631578947368421,160,315.0,0.0,False,0.0,0.0,0.0,,,26,person,0.1,0.1,region_crc,segformer_b2_cityscapes,acdc_rain_targetcal25,10,
0.995,995,True,0.11322916666666667,0.11322916666666667,0.022305969148874283,0.6631578947368421,160,315.0,0.11789473684210527,False,0.12,0.06837606837606838,0.0,,,26,person,0.1,0.1,heuristic,segformer_b2_cityscapes,acdc_rain_targetcal25,10,
,-1,True,,0.6325923382173382,0.0019196190405637026,,475,,,False,,,,,,26,person,0.1,0.1,argmax,segformer_b2_cityscapes,acdc_rain_targetcal25,10,0.5650793650793651
0.995,995,True,0.11322916666666667,0.11322916666666667,0.022305969148874283,0.6631578947368421,160,315.0,0.11789473684210527,False,0.12,0.06837606837606838,0.0,,,26,person,0.2,0.1,region_crc,segformer_b2_cityscapes,acdc_rain_targetcal25,10,
0.989,989,True,0.1604861111111111,0.1604861111111111,0.01577475666999817,0.6631578947368421,160,315.0,0.12631578947368416,False,0.2057142857142857,0.06837606837606838,0.0,,,26,person,0.2,0.1,heuristic,segformer_b2_cityscapes,acdc_rain_targetcal25,10,
,-1,True,,0.6325923382173382,0.0019196190405637026,,475,,,False,,,,,,26,person,0.2,0.1,argmax,segformer_b2_cityscapes,acdc_rain_targetcal25,10,0.5650793650793651
1.0,1000,False,0.0,0.0,1.0,0.6631578947368421,160,315.0,0.0,False,0.0,0.0,0.0,,,26,person,0.05,0.5,region_crc,segformer_b2_cityscapes,acdc_rain_targetcal25,10,
0.998,998,True,0.11395833333333334,0.11395833333333334,0.03238577023148537,0.6631578947368421,160,315.0,0.14947368421052637,False,0.12,0.07692307692307693,0.0,,,26,person,0.05,0.5,heuristic,segformer_b2_cityscapes,acdc_rain_targetcal25,10,
,-1,True,,0.7448492826617826,0.0019196190405637026,,475,,,False,,,,,,26,person,0.05,0.5,argmax,segformer_b2_cityscapes,acdc_rain_targetcal25,10,0.6825396825396826
1.0,1000,True,0.0,0.0,1.0,0.6631578947368421,160,315.0,0.0,False,0.0,0.0,0.0,,,26,person,0.1,0.5,region_crc,segformer_b2_cityscapes,acdc_rain_targetcal25,10,
0.996,996,True,0.155625,0.15562499999999999,0.024503683671355247,0.6631578947368421,160,315.0,0.1242105263157895,False,0.18285714285714286,0.08547008547008547,0.0,,,26,person,0.1,0.5,heuristic,segformer_b2_cityscapes,acdc_rain_targetcal25,10,
,-1,True,,0.7448492826617826,0.0019196190405637026,,475,,,False,,,,,,26,person,0.1,0.5,argmax,segformer_b2_cityscapes,acdc_rain_targetcal25,10,0.6825396825396826
0.996,996,True,0.155625,0.15562499999999999,0.024503683671355247,0.6631578947368421,160,315.0,0.1242105263157895,False,0.18285714285714286,0.08547008547008547,0.0,,,26,person,0.2,0.5,region_crc,segformer_b2_cityscapes,acdc_rain_targetcal25,10,
0.992,992,True,0.23034188034188033,0.23034188034188033,0.018185878172516823,0.6631578947368421,160,315.0,0.11789473684210527,False,0.2571428571428571,0.1623931623931624,0.0,,,26,person,0.2,0.5,heuristic,segformer_b2_cityscapes,acdc_rain_targetcal25,10,
,-1,True,,0.7448492826617826,0.0019196190405637026,,475,,,False,,,,,,26,person,0.2,0.5,argmax,segformer_b2_cityscapes,acdc_rain_targetcal25,10,0.6825396825396826
,-1,False,,,,,475,,,False,,,,,,26,rider,0.05,0.1,region_crc,segformer_b2_cityscapes,acdc_rain_targetcal25,0,
,-1,False,,,,,475,,,False,,,,,,26,rider,0.05,0.1,heuristic,segformer_b2_cityscapes,acdc_rain_targetcal25,0,
,-1,True,,0.8035714285714286,0.0002808134304359555,,475,,,False,,,,,,26,rider,0.05,0.1,argmax,segformer_b2_cityscapes,acdc_rain_targetcal25,0,0.8157894736842105
,-1,False,,,,,475,,,False,,,,,,26,rider,0.1,0.1,region_crc,segformer_b2_cityscapes,acdc_rain_targetcal25,0,
,-1,False,,,,,475,,,False,,,,,,26,rider,0.1,0.1,heuristic,segformer_b2_cityscapes,acdc_rain_targetcal25,0,
,-1,True,,0.8035714285714286,0.0002808134304359555,,475,,,False,,,,,,26,rider,0.1,0.1,argmax,segformer_b2_cityscapes,acdc_rain_targetcal25,0,0.8157894736842105
,-1,False,,,,,475,,,False,,,,,,26,rider,0.2,0.1,region_crc,segformer_b2_cityscapes,acdc_rain_targetcal25,0,
,-1,False,,,,,475,,,False,,,,,,26,rider,0.2,0.1,heuristic,segformer_b2_cityscapes,acdc_rain_targetcal25,0,
,-1,True,,0.8035714285714286,0.0002808134304359555,,475,,,False,,,,,,26,rider,0.2,0.1,argmax,segformer_b2_cityscapes,acdc_rain_targetcal25,0,0.8157894736842105
,-1,False,,,,,475,,,False,,,,,,26,rider,0.05,0.5,region_crc,segformer_b2_cityscapes,acdc_rain_targetcal25,0,
,-1,False,,,,,475,,,False,,,,,,26,rider,0.05,0.5,heuristic,segformer_b2_cityscapes,acdc_rain_targetcal25,0,
,-1,True,,0.8571428571428571,0.0002808134304359555,,475,,,False,,,,,,26,rider,0.05,0.5,argmax,segformer_b2_cityscapes,acdc_rain_targetcal25,0,0.868421052631579
,-1,False,,,,,475,,,False,,,,,,26,rider,0.1,0.5,region_crc,segformer_b2_cityscapes,acdc_rain_targetcal25,0,
,-1,False,,,,,475,,,False,,,,,,26,rider,0.1,0.5,heuristic,segformer_b2_cityscapes,acdc_rain_targetcal25,0,
,-1,True,,0.8571428571428571,0.0002808134304359555,,475,,,False,,,,,,26,rider,0.1,0.5,argmax,segformer_b2_cityscapes,acdc_rain_targetcal25,0,0.868421052631579
,-1,False,,,,,475,,,False,,,,,,26,rider,0.2,0.5,region_crc,segformer_b2_cityscapes,acdc_rain_targetcal25,0,
,-1,False,,,,,475,,,False,,,,,,26,rider,0.2,0.5,heuristic,segformer_b2_cityscapes,acdc_rain_targetcal25,0,
,-1,True,,0.8571428571428571,0.0002808134304359555,,475,,,False,,,,,,26,rider,0.2,0.5,argmax,segformer_b2_cityscapes,acdc_rain_targetcal25,0,0.868421052631579
1.0,1000,False,0.0,0.0,1.0,0.8294736842105264,81,156.0,0.0,False,0.0,0.0,0.0,,,26,bicycle,0.05,0.1,region_crc,segformer_b2_cityscapes,acdc_rain_targetcal25,2,
1.0,1000,True,0.0,0.0,1.0,0.8294736842105264,81,156.0,0.0,False,0.0,0.0,0.0,,,26,bicycle,0.05,0.1,heuristic,segformer_b2_cityscapes,acdc_rain_targetcal25,2,
,-1,True,,0.7234861845972957,0.0011902706464752555,,475,,,False,,,,,,26,bicycle,0.05,0.1,argmax,segformer_b2_cityscapes,acdc_rain_targetcal25,2,0.7051282051282052
1.0,1000,False,0.0,0.0,1.0,0.8294736842105264,81,156.0,0.0,False,0.0,0.0,0.0,,,26,bicycle,0.1,0.1,region_crc,segformer_b2_cityscapes,acdc_rain_targetcal25,2,
1.0,1000,True,0.0,0.0,1.0,0.8294736842105264,81,156.0,0.0,False,0.0,0.0,0.0,,,26,bicycle,0.1,0.1,heuristic,segformer_b2_cityscapes,acdc_rain_targetcal25,2,
,-1,True,,0.7234861845972957,0.0011902706464752555,,475,,,False,,,,,,26,bicycle,0.1,0.1,argmax,segformer_b2_cityscapes,acdc_rain_targetcal25,2,0.7051282051282052
1.0,1000,False,0.0,0.0,1.0,0.8294736842105264,81,156.0,0.0,False,0.0,0.0,0.0,,,26,bicycle,0.2,0.1,region_crc,segformer_b2_cityscapes,acdc_rain_targetcal25,2,
1.0,1000,True,0.0,0.0,1.0,0.8294736842105264,81,156.0,0.0,False,0.0,0.0,0.0,,,26,bicycle,0.2,0.1,heuristic,segformer_b2_cityscapes,acdc_rain_targetcal25,2,
,-1,True,,0.7234861845972957,0.0011902706464752555,,475,,,False,,,,,,26,bicycle,0.2,0.1,argmax,segformer_b2_cityscapes,acdc_rain_targetcal25,2,0.7051282051282052
1.0,1000,False,0.0,0.0,1.0,0.8294736842105264,81,156.0,0.0,False,0.0,0.0,0.0,,,26,bicycle,0.05,0.5,region_crc,segformer_b2_cityscapes,acdc_rain_targetcal25,2,
1.0,1000,True,0.0,0.0,1.0,0.8294736842105264,81,156.0,0.0,False,0.0,0.0,0.0,,,26,bicycle,0.05,0.5,heuristic,segformer_b2_cityscapes,acdc_rain_targetcal25,2,
,-1,True,,0.7684597295708406,0.0011902706464752555,,475,,,False,,,,,,26,bicycle,0.05,0.5,argmax,segformer_b2_cityscapes,acdc_rain_targetcal25,2,0.75
1.0,1000,False,0.0,0.0,1.0,0.8294736842105264,81,156.0,0.0,False,0.0,0.0,0.0,,,26,bicycle,0.1,0.5,region_crc,segformer_b2_cityscapes,acdc_rain_targetcal25,2,
1.0,1000,True,0.0,0.0,1.0,0.8294736842105264,81,156.0,0.0,False,0.0,0.0,0.0,,,26,bicycle,0.1,0.5,heuristic,segformer_b2_cityscapes,acdc_rain_targetcal25,2,
,-1,True,,0.7684597295708406,0.0011902706464752555,,475,,,False,,,,,,26,bicycle,0.1,0.5,argmax,segformer_b2_cityscapes,acdc_rain_targetcal25,2,0.75
1.0,1000,False,0.0,0.0,1.0,0.8294736842105264,81,156.0,0.0,False,0.0,0.0,0.0,,,26,bicycle,0.2,0.5,region_crc,segformer_b2_cityscapes,acdc_rain_targetcal25,2,
1.0,1000,True,0.0,0.0,1.0,0.8294736842105264,81,156.0,0.0,False,0.0,0.0,0.0,,,26,bicycle,0.2,0.5,heuristic,segformer_b2_cityscapes,acdc_rain_targetcal25,2,
,-1,True,,0.7684597295708406,0.0011902706464752555,,475,,,False,,,,,,26,bicycle,0.2,0.5,argmax,segformer_b2_cityscapes,acdc_rain_targetcal25,2,0.75
1.0,1000,False,0.0,0.0,1.0,0.6589473684210526,162,317.0,0.0,False,0.0,0.0,0.0,,,27,person,0.05,0.1,region_crc,segformer_b2_cityscapes,acdc_rain_targetcal25,8,
0.998,998,True,0.06687242798353908,0.06687242798353908,0.03222355246543884,0.6589473684210526,162,317.0,0.11368421052631578,False,0.055248618784530384,0.043478260869565216,0.0,,,27,person,0.05,0.1,heuristic,segformer_b2_cityscapes,acdc_rain_targetcal25,8,
,-1,True,,0.6278689760171242,0.00190022645983845,,475,,,False,,,,,,27,person,0.05,0.1,argmax,segformer_b2_cityscapes,acdc_rain_targetcal25,8,0.5709779179810726
1.0,1000,False,0.0,0.0,1.0,0.6589473684210526,162,317.0,0.0,False,0.0,0.0,0.0,,,27,person,0.1,0.1,region_crc,segformer_b2_cityscapes,acdc_rain_targetcal25,8,
0.996,996,True,0.09897119341563787,0.09897119341563787,0.02436896041035652,0.6589473684210526,162,317.0,0.12631578947368421,False,0.09944751381215469,0.06086956521739131,0.0,,,27,person,0.1,0.1,heuristic,segformer_b2_cityscapes,acdc_rain_targetcal25,8,
,-1,True,,0.6278689760171242,0.00190022645983845,,475,,,False,,,,,,27,person,0.1,0.1,argmax,segformer_b2_cityscapes,acdc_rain_targetcal25,8,0.5709779179810726
0.996,996,True,0.09897119341563787,0.09897119341563787,0.02436896041035652,0.6589473684210526,162,317.0,0.12631578947368421,False,0.09944751381215469,0.06086956521739131,0.0,,,27,person,0.2,0.1,region_crc,segformer_b2_cityscapes,acdc_rain_targetcal25,8,
0.996,996,True,0.09897119341563787,0.09897119341563787,0.02436896041035652,0.6589473684210526,162,317.0,0.12631578947368421,False,0.09944751381215469,0.06086956521739131,0.0,,,27,person,0.2,0.1,heuristic,segformer_b2_cityscapes,acdc_rain_targetcal25,8,
,-1,True,,0.6278689760171242,0.00190022645983845,,475,,,False,,,,,,27,person,0.2,0.1,argmax,segformer_b2_cityscapes,acdc_rain_targetcal25,8,0.5709779179810726
1.0,1000,False,0.0,0.0,1.0,0.6589473684210526,162,317.0,0.0,False,0.0,0.0,0.0,,,27,person,0.05,0.5,region_crc,segformer_b2_cityscapes,acdc_rain_targetcal25,8,
1.0,1000,True,0.0,0.0,1.0,0.6589473684210526,162,317.0,0.0,False,0.0,0.0,0.0,,,27,person,0.05,0.5,heuristic,segformer_b2_cityscapes,acdc_rain_targetcal25,8,
,-1,True,,0.7387400322585508,0.00190022645983845,,475,,,False,,,,,,27,person,0.05,0.5,argmax,segformer_b2_cityscapes,acdc_rain_targetcal25,8,0.6845425867507886
1.0,1000,False,0.0,0.0,1.0,0.6589473684210526,162,317.0,0.0,False,0.0,0.0,0.0,,,27,person,0.1,0.5,region_crc,segformer_b2_cityscapes,acdc_rain_targetcal25,8,
0.999,999,True,0.07304526748971192,0.07304526748971192,0.04188094660639763,0.6589473684210526,162,317.0,0.12842105263157894,False,0.049723756906077346,0.06956521739130435,0.0,,,27,person,0.1,0.5,heuristic,segformer_b2_cityscapes,acdc_rain_targetcal25,8,
,-1,True,,0.7387400322585508,0.00190022645983845,,475,,,False,,,,,,27,person,0.1,0.5,argmax,segformer_b2_cityscapes,acdc_rain_targetcal25,8,0.6845425867507886
0.999,999,True,0.07304526748971192,0.07304526748971192,0.04188094660639763,0.6589473684210526,162,317.0,0.12842105263157894,False,0.049723756906077346,0.06956521739130435,0.0,,,27,person,0.2,0.5,region_crc,segformer_b2_cityscapes,acdc_rain_targetcal25,8,
0.998,998,True,0.10637860082304527,0.10637860082304525,0.03222355246543884,0.6589473684210526,162,317.0,0.11368421052631578,False,0.11602209944751381,0.06956521739130435,0.0,,,27,person,0.2,0.5,heuristic,segformer_b2_cityscapes,acdc_rain_targetcal25,8,
,-1,True,,0.7387400322585508,0.00190022645983845,,475,,,False,,,,,,27,person,0.2,0.5,argmax,segformer_b2_cityscapes,acdc_rain_targetcal25,8,0.6845425867507886
1.0,1000,False,0.0,0.0,1.0,0.9431578947368421,27,37.0,0.0,False,0.0,0.0,0.0,,,27,rider,0.05,0.1,region_crc,segformer_b2_cityscapes,acdc_rain_targetcal25,1,
0.752,752,True,0.7962962962962963,0.7962962962962963,0.0003754475328605622,0.17894736842105263,27,37.0,0.054736842105263195,False,1.0,0.5,0.2,,,27,rider,0.05,0.1,heuristic,segformer_b2_cityscapes,acdc_rain_targetcal25,1,
,-1,True,,0.7962962962962963,0.00026855405303649604,,475,,,False,,,,,,27,rider,0.05,0.1,argmax,segformer_b2_cityscapes,acdc_rain_targetcal25,1,0.8108108108108109
1.0,1000,False,0.0,0.0,1.0,0.9431578947368421,27,37.0,0.0,False,0.0,0.0,0.0,,,27,rider,0.1,0.1,region_crc,segformer_b2_cityscapes,acdc_rain_targetcal25,1,
0.752,752,True,0.7962962962962963,0.7962962962962963,0.0003754475328605622,0.17894736842105263,27,37.0,0.054736842105263195,False,1.0,0.5,0.2,,,27,rider,0.1,0.1,heuristic,segformer_b2_cityscapes,acdc_rain_targetcal25,1,
,-1,True,,0.7962962962962963,0.00026855405303649604,,475,,,False,,,,,,27,rider,0.1,0.1,argmax,segformer_b2_cityscapes,acdc_rain_targetcal25,1,0.8108108108108109
1.0,1000,False,0.0,0.0,1.0,0.9431578947368421,27,37.0,0.0,False,0.0,0.0,0.0,,,27,rider,0.2,0.1,region_crc,segformer_b2_cityscapes,acdc_rain_targetcal25,1,
0.752,752,True,0.7962962962962963,0.7962962962962963,0.0003754475328605622,0.17894736842105263,27,37.0,0.054736842105263195,False,1.0,0.5,0.2,,,27,rider,0.2,0.1,heuristic,segformer_b2_cityscapes,acdc_rain_targetcal25,1,
,-1,True,,0.7962962962962963,0.00026855405303649604,,475,,,False,,,,,,27,rider,0.2,0.1,argmax,segformer_b2_cityscapes,acdc_rain_targetcal25,1,0.8108108108108109
1.0,1000,False,0.0,0.0,1.0,0.9431578947368421,27,37.0,0.0,False,0.0,0.0,0.0,,,27,rider,0.05,0.5,region_crc,segformer_b2_cityscapes,acdc_rain_targetcal25,1,
0.803,803,True,0.8333333333333334,0.8333333333333334,0.00043332777568139136,0.24842105263157896,27,37.0,0.06526315789473691,False,1.0,0.6666666666666666,0.2,,,27,rider,0.05,0.5,heuristic,segformer_b2_cityscapes,acdc_rain_targetcal25,1,
,-1,True,,0.8518518518518519,0.00026855405303649604,,475,,,False,,,,,,27,rider,0.05,0.5,argmax,segformer_b2_cityscapes,acdc_rain_targetcal25,1,0.8648648648648649
1.0,1000,False,0.0,0.0,1.0,0.9431578947368421,27,37.0,0.0,False,0.0,0.0,0.0,,,27,rider,0.1,0.5,region_crc,segformer_b2_cityscapes,acdc_rain_targetcal25,1,
0.803,803,True,0.8333333333333334,0.8333333333333334,0.00043332777568139136,0.24842105263157896,27,37.0,0.06526315789473691,False,1.0,0.6666666666666666,0.2,,,27,rider,0.1,0.5,heuristic,segformer_b2_cityscapes,acdc_rain_targetcal25,1,
,-1,True,,0.8518518518518519,0.00026855405303649604,,475,,,False,,,,,,27,rider,0.1,0.5,argmax,segformer_b2_cityscapes,acdc_rain_targetcal25,1,0.8648648648648649
1.0,1000,False,0.0,0.0,1.0,0.9431578947368421,27,37.0,0.0,False,0.0,0.0,0.0,,,27,rider,0.2,0.5,region_crc,segformer_b2_cityscapes,acdc_rain_targetcal25,1,
0.803,803,True,0.8333333333333334,0.8333333333333334,0.00043332777568139136,0.24842105263157896,27,37.0,0.06526315789473691,False,1.0,0.6666666666666666,0.2,,,27,rider,0.2,0.5,heuristic,segformer_b2_cityscapes,acdc_rain_targetcal25,1,
,-1,True,,0.8518518518518519,0.00026855405303649604,,475,,,False,,,,,,27,rider,0.2,0.5,argmax,segformer_b2_cityscapes,acdc_rain_targetcal25,1,0.8648648648648649
1.0,1000,False,0.0,0.0,1.0,0.8378947368421052,77,151.0,0.0,False,0.0,0.0,0.0,,,27,bicycle,0.05,0.1,region_crc,segformer_b2_cityscapes,acdc_rain_targetcal25,6,
1.0,1000,True,0.0,0.0,1.0,0.8378947368421052,77,151.0,0.0,False,0.0,0.0,0.0,,,27,bicycle,0.05,0.1,heuristic,segformer_b2_cityscapes,acdc_rain_targetcal25,6,
,-1,True,,0.722108843537415,0.0011586713371798396,,475,,,False,,,,,,27,bicycle,0.05,0.1,argmax,segformer_b2_cityscapes,acdc_rain_targetcal25,6,0.7019867549668874
1.0,1000,False,0.0,0.0,1.0,0.8378947368421052,77,151.0,0.0,False,0.0,0.0,0.0,,,27,bicycle,0.1,0.1,region_crc,segformer_b2_cityscapes,acdc_rain_targetcal25,6,
1.0,1000,True,0.0,0.0,1.0,0.8378947368421052,77,151.0,0.0,False,0.0,0.0,0.0,,,27,bicycle,0.1,0.1,heuristic,segformer_b2_cityscapes,acdc_rain_targetcal25,6,
,-1,True,,0.722108843537415,0.0011586713371798396,,475,,,False,,,,,,27,bicycle,0.1,0.1,argmax,segformer_b2_cityscapes,acdc_rain_targetcal25,6,0.7019867549668874
1.0,1000,True,0.0,0.0,1.0,0.8378947368421052,77,151.0,0.0,False,0.0,0.0,0.0,,,27,bicycle,0.2,0.1,region_crc,segformer_b2_cityscapes,acdc_rain_targetcal25,6,
1.0,1000,True,0.0,0.0,1.0,0.8378947368421052,77,151.0,0.0,False,0.0,0.0,0.0,,,27,bicycle,0.2,0.1,heuristic,segformer_b2_cityscapes,acdc_rain_targetcal25,6,
,-1,True,,0.722108843537415,0.0011586713371798396,,475,,,False,,,,,,27,bicycle,0.2,0.1,argmax,segformer_b2_cityscapes,acdc_rain_targetcal25,6,0.7019867549668874
1.0,1000,False,0.0,0.0,1.0,0.8378947368421052,77,151.0,0.0,False,0.0,0.0,0.0,,,27,bicycle,0.05,0.5,region_crc,segformer_b2_cityscapes,acdc_rain_targetcal25,6,
1.0,1000,True,0.0,0.0,1.0,0.8378947368421052,77,151.0,0.0,False,0.0,0.0,0.0,,,27,bicycle,0.05,0.5,heuristic,segformer_b2_cityscapes,acdc_rain_targetcal25,6,
,-1,True,,0.7694186765615337,0.0011586713371798396,,475,,,False,,,,,,27,bicycle,0.05,0.5,argmax,segformer_b2_cityscapes,acdc_rain_targetcal25,6,0.7483443708609272
1.0,1000,False,0.0,0.0,1.0,0.8378947368421052,77,151.0,0.0,False,0.0,0.0,0.0,,,27,bicycle,0.1,0.5,region_crc,segformer_b2_cityscapes,acdc_rain_targetcal25,6,
1.0,1000,True,0.0,0.0,1.0,0.8378947368421052,77,151.0,0.0,False,0.0,0.0,0.0,,,27,bicycle,0.1,0.5,heuristic,segformer_b2_cityscapes,acdc_rain_targetcal25,6,
,-1,True,,0.7694186765615337,0.0011586713371798396,,475,,,False,,,,,,27,bicycle,0.1,0.5,argmax,segformer_b2_cityscapes,acdc_rain_targetcal25,6,0.7483443708609272
1.0,1000,True,0.0,0.0,1.0,0.8378947368421052,77,151.0,0.0,False,0.0,0.0,0.0,,,27,bicycle,0.2,0.5,region_crc,segformer_b2_cityscapes,acdc_rain_targetcal25,6,
1.0,1000,True,0.0,0.0,1.0,0.8378947368421052,77,151.0,0.0,False,0.0,0.0,0.0,,,27,bicycle,0.2,0.5,heuristic,segformer_b2_cityscapes,acdc_rain_targetcal25,6,
,-1,True,,0.7694186765615337,0.0011586713371798396,,475,,,False,,,,,,27,bicycle,0.2,0.5,argmax,segformer_b2_cityscapes,acdc_rain_targetcal25,6,0.7483443708609272
1.0,1000,False,0.0,0.0,1.0,0.6547368421052632,164,321.0,0.0,False,0.0,0.0,0.0,,,28,person,0.05,0.1,region_crc,segformer_b2_cityscapes,acdc_rain_targetcal25,6,
0.977,977,True,0.24433760683760683,0.24433760683760683,0.010976357385516167,9.83578947368421,164,321.0,0.13894736842105265,False,0.2896174863387978,0.1452991452991453,0.0,,,28,person,0.05,0.1,heuristic,segformer_b2_cityscapes,acdc_rain_targetcal25,6,
,-1,True,,0.6486673218380535,0.0018040104769170284,,475,,,False,,,,,,28,person,0.05,0.1,argmax,segformer_b2_cityscapes,acdc_rain_targetcal25,6,0.5950155763239875
1.0,1000,False,0.0,0.0,1.0,0.6547368421052632,164,321.0,0.0,False,0.0,0.0,0.0,,,28,person,0.1,0.1,region_crc,segformer_b2_cityscapes,acdc_rain_targetcal25,6,
0.977,977,True,0.24433760683760683,0.24433760683760683,0.010976357385516167,9.83578947368421,164,321.0,0.13894736842105265,False,0.2896174863387978,0.1452991452991453,0.0,,,28,person,0.1,0.1,heuristic,segformer_b2_cityscapes,acdc_rain_targetcal25,6,
,-1,True,,0.6486673218380535,0.0018040104769170284,,475,,,False,,,,,,28,person,0.1,0.1,argmax,segformer_b2_cityscapes,acdc_rain_targetcal25,6,0.5950155763239875
0.977,977,True,0.24433760683760683,0.24433760683760683,0.010976357385516167,9.83578947368421,164,321.0,0.13894736842105265,False,0.2896174863387978,0.1452991452991453,0.0,,,28,person,0.2,0.1,region_crc,segformer_b2_cityscapes,acdc_rain_targetcal25,6,
0.975,975,True,0.25685659191756754,0.25685659191756754,0.010523066855967045,9.83578947368421,164,321.0,0.13684210526315793,False,0.3114754098360656,0.15384615384615385,0.0,,,28,person,0.2,0.1,heuristic,segformer_b2_cityscapes,acdc_rain_targetcal25,6,
,-1,True,,0.6486673218380535,0.0018040104769170284,,475,,,False,,,,,,28,person,0.2,0.1,argmax,segformer_b2_cityscapes,acdc_rain_targetcal25,6,0.5950155763239875
1.0,1000,False,0.0,0.0,1.0,0.6547368421052632,164,321.0,0.0,False,0.0,0.0,0.0,,,28,person,0.05,0.5,region_crc,segformer_b2_cityscapes,acdc_rain_targetcal25,6,
0.991,991,True,0.2592375442985199,0.25923754429851986,0.01709943637251854,0.6547368421052632,164,321.0,0.12421052631578955,False,0.3005464480874317,0.1794871794871795,0.0,,,28,person,0.05,0.5,heuristic,segformer_b2_cityscapes,acdc_rain_targetcal25,6,
,-1,True,,0.7523936091009262,0.0018040104769170284,,475,,,False,,,,,,28,person,0.05,0.5,argmax,segformer_b2_cityscapes,acdc_rain_targetcal25,6,0.7040498442367601
1.0,1000,False,0.0,0.0,1.0,0.6547368421052632,164,321.0,0.0,False,0.0,0.0,0.0,,,28,person,0.1,0.5,region_crc,segformer_b2_cityscapes,acdc_rain_targetcal25,6,
0.991,991,True,0.2592375442985199,0.25923754429851986,0.01709943637251854,0.6547368421052632,164,321.0,0.12421052631578955,False,0.3005464480874317,0.1794871794871795,0.0,,,28,person,0.1,0.5,heuristic,segformer_b2_cityscapes,acdc_rain_targetcal25,6,
,-1,True,,0.7523936091009262,0.0018040104769170284,,475,,,False,,,,,,28,person,0.1,0.5,argmax,segformer_b2_cityscapes,acdc_rain_targetcal25,6,0.7040498442367601
0.991,991,True,0.2592375442985199,0.25923754429851986,0.01709943637251854,0.6547368421052632,164,321.0,0.12421052631578955,False,0.3005464480874317,0.1794871794871795,0.0,,,28,person,0.2,0.5,region_crc,segformer_b2_cityscapes,acdc_rain_targetcal25,6,
0.991,991,True,0.2592375442985199,0.25923754429851986,0.01709943637251854,0.6547368421052632,164,321.0,0.12421052631578955,False,0.3005464480874317,0.1794871794871795,0.0,,,28,person,0.2,0.5,heuristic,segformer_b2_cityscapes,acdc_rain_targetcal25,6,
,-1,True,,0.7523936091009262,0.0018040104769170284,,475,,,False,,,,,,28,person,0.2,0.5,argmax,segformer_b2_cityscapes,acdc_rain_targetcal25,6,0.7040498442367601
,-1,False,,,,,475,,,False,,,,,,28,rider,0.05,0.1,region_crc,segformer_b2_cityscapes,acdc_rain_targetcal25,0,
,-1,False,,,,,475,,,False,,,,,,28,rider,0.05,0.1,heuristic,segformer_b2_cityscapes,acdc_rain_targetcal25,0,
,-1,True,,0.8035714285714286,0.0002807931159622967,,475,,,False,,,,,,28,rider,0.05,0.1,argmax,segformer_b2_cityscapes,acdc_rain_targetcal25,0,0.8157894736842105
,-1,False,,,,,475,,,False,,,,,,28,rider,0.1,0.1,region_crc,segformer_b2_cityscapes,acdc_rain_targetcal25,0,
,-1,False,,,,,475,,,False,,,,,,28,rider,0.1,0.1,heuristic,segformer_b2_cityscapes,acdc_rain_targetcal25,0,
,-1,True,,0.8035714285714286,0.0002807931159622967,,475,,,False,,,,,,28,rider,0.1,0.1,argmax,segformer_b2_cityscapes,acdc_rain_targetcal25,0,0.8157894736842105
,-1,False,,,,,475,,,False,,,,,,28,rider,0.2,0.1,region_crc,segformer_b2_cityscapes,acdc_rain_targetcal25,0,
,-1,False,,,,,475,,,False,,,,,,28,rider,0.2,0.1,heuristic,segformer_b2_cityscapes,acdc_rain_targetcal25,0,
,-1,True,,0.8035714285714286,0.0002807931159622967,,475,,,False,,,,,,28,rider,0.2,0.1,argmax,segformer_b2_cityscapes,acdc_rain_targetcal25,0,0.8157894736842105
,-1,False,,,,,475,,,False,,,,,,28,rider,0.05,0.5,region_crc,segformer_b2_cityscapes,acdc_rain_targetcal25,0,
,-1,False,,,,,475,,,False,,,,,,28,rider,0.05,0.5,heuristic,segformer_b2_cityscapes,acdc_rain_targetcal25,0,
,-1,True,,0.8571428571428571,0.0002807931159622967,,475,,,False,,,,,,28,rider,0.05,0.5,argmax,segformer_b2_cityscapes,acdc_rain_targetcal25,0,0.868421052631579
,-1,False,,,,,475,,,False,,,,,,28,rider,0.1,0.5,region_crc,segformer_b2_cityscapes,acdc_rain_targetcal25,0,
,-1,False,,,,,475,,,False,,,,,,28,rider,0.1,0.5,heuristic,segformer_b2_cityscapes,acdc_rain_targetcal25,0,
,-1,True,,0.8571428571428571,0.0002807931159622967,,475,,,False,,,,,,28,rider,0.1,0.5,argmax,segformer_b2_cityscapes,acdc_rain_targetcal25,0,0.868421052631579
,-1,False,,,,,475,,,False,,,,,,28,rider,0.2,0.5,region_crc,segformer_b2_cityscapes,acdc_rain_targetcal25,0,
,-1,False,,,,,475,,,False,,,,,,28,rider,0.2,0.5,heuristic,segformer_b2_cityscapes,acdc_rain_targetcal25,0,
,-1,True,,0.8571428571428571,0.0002807931159622967,,475,,,False,,,,,,28,rider,0.2,0.5,argmax,segformer_b2_cityscapes,acdc_rain_targetcal25,0,0.868421052631579
1.0,1000,False,0.0,0.0,1.0,0.8294736842105264,81,157.0,0.0,False,0.0,0.0,0.0,,,28,bicycle,0.05,0.1,region_crc,segformer_b2_cityscapes,acdc_rain_targetcal25,2,
1.0,1000,True,0.0,0.0,1.0,0.8294736842105264,81,157.0,0.0,False,0.0,0.0,0.0,,,28,bicycle,0.05,0.1,heuristic,segformer_b2_cityscapes,acdc_rain_targetcal25,2,
,-1,True,,0.7234861845972957,0.0011211582459509373,,475,,,False,,,,,,28,bicycle,0.05,0.1,argmax,segformer_b2_cityscapes,acdc_rain_targetcal25,2,0.7070063694267515
1.0,1000,False,0.0,0.0,1.0,0.8294736842105264,81,157.0,0.0,False,0.0,0.0,0.0,,,28,bicycle,0.1,0.1,region_crc,segformer_b2_cityscapes,acdc_rain_targetcal25,2,
1.0,1000,True,0.0,0.0,1.0,0.8294736842105264,81,157.0,0.0,False,0.0,0.0,0.0,,,28,bicycle,0.1,0.1,heuristic,segformer_b2_cityscapes,acdc_rain_targetcal25,2,
,-1,True,,0.7234861845972957,0.0011211582459509373,,475,,,False,,,,,,28,bicycle,0.1,0.1,argmax,segformer_b2_cityscapes,acdc_rain_targetcal25,2,0.7070063694267515
1.0,1000,False,0.0,0.0,1.0,0.8294736842105264,81,157.0,0.0,False,0.0,0.0,0.0,,,28,bicycle,0.2,0.1,region_crc,segformer_b2_cityscapes,acdc_rain_targetcal25,2,
1.0,1000,True,0.0,0.0,1.0,0.8294736842105264,81,157.0,0.0,False,0.0,0.0,0.0,,,28,bicycle,0.2,0.1,heuristic,segformer_b2_cityscapes,acdc_rain_targetcal25,2,
,-1,True,,0.7234861845972957,0.0011211582459509373,,475,,,False,,,,,,28,bicycle,0.2,0.1,argmax,segformer_b2_cityscapes,acdc_rain_targetcal25,2,0.7070063694267515
1.0,1000,False,0.0,0.0,1.0,0.8294736842105264,81,157.0,0.0,False,0.0,0.0,0.0,,,28,bicycle,0.05,0.5,region_crc,segformer_b2_cityscapes,acdc_rain_targetcal25,2,
1.0,1000,True,0.0,0.0,1.0,0.8294736842105264,81,157.0,0.0,False,0.0,0.0,0.0,,,28,bicycle,0.05,0.5,heuristic,segformer_b2_cityscapes,acdc_rain_targetcal25,2,
,-1,True,,0.7684597295708406,0.0011211582459509373,,475,,,False,,,,,,28,bicycle,0.05,0.5,argmax,segformer_b2_cityscapes,acdc_rain_targetcal25,2,0.7515923566878981
1.0,1000,False,0.0,0.0,1.0,0.8294736842105264,81,157.0,0.0,False,0.0,0.0,0.0,,,28,bicycle,0.1,0.5,region_crc,segformer_b2_cityscapes,acdc_rain_targetcal25,2,
1.0,1000,True,0.0,0.0,1.0,0.8294736842105264,81,157.0,0.0,False,0.0,0.0,0.0,,,28,bicycle,0.1,0.5,heuristic,segformer_b2_cityscapes,acdc_rain_targetcal25,2,
,-1,True,,0.7684597295708406,0.0011211582459509373,,475,,,False,,,,,,28,bicycle,0.1,0.5,argmax,segformer_b2_cityscapes,acdc_rain_targetcal25,2,0.7515923566878981
1.0,1000,False,0.0,0.0,1.0,0.8294736842105264,81,157.0,0.0,False,0.0,0.0,0.0,,,28,bicycle,0.2,0.5,region_crc,segformer_b2_cityscapes,acdc_rain_targetcal25,2,
1.0,1000,True,0.0,0.0,1.0,0.8294736842105264,81,157.0,0.0,False,0.0,0.0,0.0,,,28,bicycle,0.2,0.5,heuristic,segformer_b2_cityscapes,acdc_rain_targetcal25,2,
,-1,True,,0.7684597295708406,0.0011211582459509373,,475,,,False,,,,,,28,bicycle,0.2,0.5,argmax,segformer_b2_cityscapes,acdc_rain_targetcal25,2,0.7515923566878981
1.0,1000,False,0.0,0.0,1.0,0.6631578947368421,160,309.0,0.0,False,0.0,0.0,0.0,,,29,person,0.05,0.1,region_crc,segformer_b2_cityscapes,acdc_rain_targetcal25,10,
0.997,997,True,0.08958333333333332,0.08958333333333332,0.02746093086898327,0.6631578947368421,160,309.0,0.18947368421052632,False,0.0847457627118644,0.06422018348623854,0.0,,,29,person,0.05,0.1,heuristic,segformer_b2_cityscapes,acdc_rain_targetcal25,10,
,-1,True,,0.6362381715506715,0.0018767878646031022,,475,,,False,,,,,,29,person,0.05,0.1,argmax,segformer_b2_cityscapes,acdc_rain_targetcal25,10,0.56957928802589
1.0,1000,True,0.0,0.0,1.0,0.6631578947368421,160,309.0,0.0,False,0.0,0.0,0.0,,,29,person,0.1,0.1,region_crc,segformer_b2_cityscapes,acdc_rain_targetcal25,10,
0.988,988,True,0.1761111111111111,0.1761111111111111,0.015014843083918095,0.6631578947368421,160,309.0,0.17263157894736847,False,0.22598870056497175,0.07339449541284404,0.0,,,29,person,0.1,0.1,heuristic,segformer_b2_cityscapes,acdc_rain_targetcal25,10,
,-1,True,,0.6362381715506715,0.0018767878646031022,,475,,,False,,,,,,29,person,0.1,0.1,argmax,segformer_b2_cityscapes,acdc_rain_targetcal25,10,0.56957928802589
0.988,988,True,0.1761111111111111,0.1761111111111111,0.015014843083918095,0.6631578947368421,160,309.0,0.17263157894736847,False,0.22598870056497175,0.07339449541284404,0.0,,,29,person,0.2,0.1,region_crc,segformer_b2_cityscapes,acdc_rain_targetcal25,10,
0.978,978,True,0.227321047008547,0.227321047008547,0.011222210712730885,9.882105263157895,160,309.0,0.17894736842105263,False,0.2768361581920904,0.11926605504587157,0.0,,,29,person,0.2,0.1,heuristic,segformer_b2_cityscapes,acdc_rain_targetcal25,10,
,-1,True,,0.6362381715506715,0.0018767878646031022,,475,,,False,,,,,,29,person,0.2,0.1,argmax,segformer_b2_cityscapes,acdc_rain_targetcal25,10,0.56957928802589
1.0,1000,False,0.0,0.0,1.0,0.6631578947368421,160,309.0,0.0,False,0.0,0.0,0.0,,,29,person,0.05,0.5,region_crc,segformer_b2_cityscapes,acdc_rain_targetcal25,10,
0.998,998,True,0.11395833333333334,0.11395833333333334,0.03229107707738876,0.6631578947368421,160,309.0,0.1663157894736842,False,0.11864406779661017,0.08256880733944955,0.0,,,29,person,0.05,0.5,heuristic,segformer_b2_cityscapes,acdc_rain_targetcal25,10,
,-1,True,,0.7391201159951161,0.0018767878646031022,,475,,,False,,,,,,29,person,0.05,0.5,argmax,segformer_b2_cityscapes,acdc_rain_targetcal25,10,0.6796116504854369
1.0,1000,True,0.0,0.0,1.0,0.6631578947368421,160,309.0,0.0,False,0.0,0.0,0.0,,,29,person,0.1,0.5,region_crc,segformer_b2_cityscapes,acdc_rain_targetcal25,10,
0.998,998,True,0.11395833333333334,0.11395833333333334,0.03229107707738876,0.6631578947368421,160,309.0,0.1663157894736842,False,0.11864406779661017,0.08256880733944955,0.0,,,29,person,0.1,0.5,heuristic,segformer_b2_cityscapes,acdc_rain_targetcal25,10,
,-1,True,,0.7391201159951161,0.0018767878646031022,,475,,,False,,,,,,29,person,0.1,0.5,argmax,segformer_b2_cityscapes,acdc_rain_targetcal25,10,0.6796116504854369
0.998,998,True,0.11395833333333334,0.11395833333333334,0.03229107707738876,0.6631578947368421,160,309.0,0.1663157894736842,False,0.11864406779661017,0.08256880733944955,0.0,,,29,person,0.2,0.5,region_crc,segformer_b2_cityscapes,acdc_rain_targetcal25,10,
0.993,993,True,0.2139877136752137,0.21398771367521366,0.019145438447594643,0.6631578947368421,160,309.0,0.15578947368421053,False,0.24293785310734464,0.14678899082568808,0.0,,,29,person,0.2,0.5,heuristic,segformer_b2_cityscapes,acdc_rain_targetcal25,10,
,-1,True,,0.7391201159951161,0.0018767878646031022,,475,,,False,,,,,,29,person,0.2,0.5,argmax,segformer_b2_cityscapes,acdc_rain_targetcal25,10,0.6796116504854369
,-1,False,,,,,475,,,False,,,,,,29,rider,0.05,0.1,region_crc,segformer_b2_cityscapes,acdc_rain_targetcal25,0,
,-1,False,,,,,475,,,False,,,,,,29,rider,0.05,0.1,heuristic,segformer_b2_cityscapes,acdc_rain_targetcal25,0,
,-1,True,,0.8035714285714286,0.00028009465313516557,,475,,,False,,,,,,29,rider,0.05,0.1,argmax,segformer_b2_cityscapes,acdc_rain_targetcal25,0,0.8157894736842105
,-1,False,,,,,475,,,False,,,,,,29,rider,0.1,0.1,region_crc,segformer_b2_cityscapes,acdc_rain_targetcal25,0,
,-1,False,,,,,475,,,False,,,,,,29,rider,0.1,0.1,heuristic,segformer_b2_cityscapes,acdc_rain_targetcal25,0,
,-1,True,,0.8035714285714286,0.00028009465313516557,,475,,,False,,,,,,29,rider,0.1,0.1,argmax,segformer_b2_cityscapes,acdc_rain_targetcal25,0,0.8157894736842105
,-1,False,,,,,475,,,False,,,,,,29,rider,0.2,0.1,region_crc,segformer_b2_cityscapes,acdc_rain_targetcal25,0,
,-1,False,,,,,475,,,False,,,,,,29,rider,0.2,0.1,heuristic,segformer_b2_cityscapes,acdc_rain_targetcal25,0,
,-1,True,,0.8035714285714286,0.00028009465313516557,,475,,,False,,,,,,29,rider,0.2,0.1,argmax,segformer_b2_cityscapes,acdc_rain_targetcal25,0,0.8157894736842105
,-1,False,,,,,475,,,False,,,,,,29,rider,0.05,0.5,region_crc,segformer_b2_cityscapes,acdc_rain_targetcal25,0,
,-1,False,,,,,475,,,False,,,,,,29,rider,0.05,0.5,heuristic,segformer_b2_cityscapes,acdc_rain_targetcal25,0,
,-1,True,,0.8571428571428571,0.00028009465313516557,,475,,,False,,,,,,29,rider,0.05,0.5,argmax,segformer_b2_cityscapes,acdc_rain_targetcal25,0,0.868421052631579
,-1,False,,,,,475,,,False,,,,,,29,rider,0.1,0.5,region_crc,segformer_b2_cityscapes,acdc_rain_targetcal25,0,
,-1,False,,,,,475,,,False,,,,,,29,rider,0.1,0.5,heuristic,segformer_b2_cityscapes,acdc_rain_targetcal25,0,
,-1,True,,0.8571428571428571,0.00028009465313516557,,475,,,False,,,,,,29,rider,0.1,0.5,argmax,segformer_b2_cityscapes,acdc_rain_targetcal25,0,0.868421052631579
,-1,False,,,,,475,,,False,,,,,,29,rider,0.2,0.5,region_crc,segformer_b2_cityscapes,acdc_rain_targetcal25,0,
,-1,False,,,,,475,,,False,,,,,,29,rider,0.2,0.5,heuristic,segformer_b2_cityscapes,acdc_rain_targetcal25,0,
,-1,True,,0.8571428571428571,0.00028009465313516557,,475,,,False,,,,,,29,rider,0.2,0.5,argmax,segformer_b2_cityscapes,acdc_rain_targetcal25,0,0.868421052631579
1.0,1000,False,0.0,0.0,1.0,0.8294736842105264,81,156.0,0.0,False,0.0,0.0,0.0,,,29,bicycle,0.05,0.1,region_crc,segformer_b2_cityscapes,acdc_rain_targetcal25,2,
1.0,1000,True,0.0,0.0,1.0,0.8294736842105264,81,156.0,0.0,False,0.0,0.0,0.0,,,29,bicycle,0.05,0.1,heuristic,segformer_b2_cityscapes,acdc_rain_targetcal25,2,
,-1,True,,0.7296590241034686,0.0011833617463707924,,475,,,False,,,,,,29,bicycle,0.05,0.1,argmax,segformer_b2_cityscapes,acdc_rain_targetcal25,2,0.7115384615384616
1.0,1000,False,0.0,0.0,1.0,0.8294736842105264,81,156.0,0.0,False,0.0,0.0,0.0,,,29,bicycle,0.1,0.1,region_crc,segformer_b2_cityscapes,acdc_rain_targetcal25,2,
1.0,1000,True,0.0,0.0,1.0,0.8294736842105264,81,156.0,0.0,False,0.0,0.0,0.0,,,29,bicycle,0.1,0.1,heuristic,segformer_b2_cityscapes,acdc_rain_targetcal25,2,
,-1,True,,0.7296590241034686,0.0011833617463707924,,475,,,False,,,,,,29,bicycle,0.1,0.1,argmax,segformer_b2_cityscapes,acdc_rain_targetcal25,2,0.7115384615384616
1.0,1000,False,0.0,0.0,1.0,0.8294736842105264,81,156.0,0.0,False,0.0,0.0,0.0,,,29,bicycle,0.2,0.1,region_crc,segformer_b2_cityscapes,acdc_rain_targetcal25,2,
1.0,1000,True,0.0,0.0,1.0,0.8294736842105264,81,156.0,0.0,False,0.0,0.0,0.0,,,29,bicycle,0.2,0.1,heuristic,segformer_b2_cityscapes,acdc_rain_targetcal25,2,
,-1,True,,0.7296590241034686,0.0011833617463707924,,475,,,False,,,,,,29,bicycle,0.2,0.1,argmax,segformer_b2_cityscapes,acdc_rain_targetcal25,2,0.7115384615384616
1.0,1000,False,0.0,0.0,1.0,0.8294736842105264,81,156.0,0.0,False,0.0,0.0,0.0,,,29,bicycle,0.05,0.5,region_crc,segformer_b2_cityscapes,acdc_rain_targetcal25,2,
1.0,1000,True,0.0,0.0,1.0,0.8294736842105264,81,156.0,0.0,False,0.0,0.0,0.0,,,29,bicycle,0.05,0.5,heuristic,segformer_b2_cityscapes,acdc_rain_targetcal25,2,
,-1,True,,0.7746325690770135,0.0011833617463707924,,475,,,False,,,,,,29,bicycle,0.05,0.5,argmax,segformer_b2_cityscapes,acdc_rain_targetcal25,2,0.7564102564102564
1.0,1000,False,0.0,0.0,1.0,0.8294736842105264,81,156.0,0.0,False,0.0,0.0,0.0,,,29,bicycle,0.1,0.5,region_crc,segformer_b2_cityscapes,acdc_rain_targetcal25,2,
1.0,1000,True,0.0,0.0,1.0,0.8294736842105264,81,156.0,0.0,False,0.0,0.0,0.0,,,29,bicycle,0.1,0.5,heuristic,segformer_b2_cityscapes,acdc_rain_targetcal25,2,
,-1,True,,0.7746325690770135,0.0011833617463707924,,475,,,False,,,,,,29,bicycle,0.1,0.5,argmax,segformer_b2_cityscapes,acdc_rain_targetcal25,2,0.7564102564102564
1.0,1000,False,0.0,0.0,1.0,0.8294736842105264,81,156.0,0.0,False,0.0,0.0,0.0,,,29,bicycle,0.2,0.5,region_crc,segformer_b2_cityscapes,acdc_rain_targetcal25,2,
1.0,1000,True,0.0,0.0,1.0,0.8294736842105264,81,156.0,0.0,False,0.0,0.0,0.0,,,29,bicycle,0.2,0.5,heuristic,segformer_b2_cityscapes,acdc_rain_targetcal25,2,
,-1,True,,0.7746325690770135,0.0011833617463707924,,475,,,False,,,,,,29,bicycle,0.2,0.5,argmax,segformer_b2_cityscapes,acdc_rain_targetcal25,2,0.7564102564102564
1.0,1000,False,0.0,0.0,1.0,0.6547368421052632,164,315.0,0.0,False,0.0,0.0,0.0,,,30,person,0.05,0.1,region_crc,segformer_b2_cityscapes,acdc_rain_targetcal25,6,
0.974,974,True,0.2701461478900503,0.2701461478900503,0.010415619239211082,9.825263157894737,164,315.0,0.24000000000000005,False,0.3131868131868132,0.17117117117117117,0.0,,,30,person,0.05,0.1,heuristic,segformer_b2_cityscapes,acdc_rain_targetcal25,6,
,-1,True,,0.6432733255903987,0.0018474658718332648,,475,,,False,,,,,,30,person,0.05,0.1,argmax,segformer_b2_cityscapes,acdc_rain_targetcal25,6,0.5873015873015873
1.0,1000,False,0.0,0.0,1.0,0.6547368421052632,164,315.0,0.0,False,0.0,0.0,0.0,,,30,person,0.1,0.1,region_crc,segformer_b2_cityscapes,acdc_rain_targetcal25,6,
0.974,974,True,0.2701461478900503,0.2701461478900503,0.010415619239211082,9.825263157894737,164,315.0,0.24000000000000005,False,0.3131868131868132,0.17117117117117117,0.0,,,30,person,0.1,0.1,heuristic,segformer_b2_cityscapes,acdc_rain_targetcal25,6,
,-1,True,,0.6432733255903987,0.0018474658718332648,,475,,,False,,,,,,30,person,0.1,0.1,argmax,segformer_b2_cityscapes,acdc_rain_targetcal25,6,0.5873015873015873
0.974,974,True,0.2701461478900503,0.2701461478900503,0.010415619239211082,9.825263157894737,164,315.0,0.24000000000000005,False,0.3131868131868132,0.17117117117117117,0.0,,,30,person,0.2,0.1,region_crc,segformer_b2_cityscapes,acdc_rain_targetcal25,6,
0.9450000000000001,945,True,0.344333139759969,0.344333139759969,0.006977520417422056,7.32,164,315.0,0.1978947368421053,False,0.4340659340659341,0.1891891891891892,0.0,,,30,person,0.2,0.1,heuristic,segformer_b2_cityscapes,acdc_rain_targetcal25,6,
,-1,True,,0.6432733255903987,0.0018474658718332648,,475,,,False,,,,,,30,person,0.2,0.1,argmax,segformer_b2_cityscapes,acdc_rain_targetcal25,6,0.5873015873015873
1.0,1000,False,0.0,0.0,1.0,0.6547368421052632,164,315.0,0.0,False,0.0,0.0,0.0,,,30,person,0.05,0.5,region_crc,segformer_b2_cityscapes,acdc_rain_targetcal25,6,
0.992,992,True,0.23492547425474256,0.23492547425474256,0.018176285549998283,0.6547368421052632,164,315.0,0.3410526315789474,True,0.26373626373626374,0.18018018018018017,0.0,,,30,person,0.05,0.5,heuristic,segformer_b2_cityscapes,acdc_rain_targetcal25,6,
,-1,True,,0.7558410762679055,0.0018474658718332648,,475,,,False,,,,,,30,person,0.05,0.5,argmax,segformer_b2_cityscapes,acdc_rain_targetcal25,6,0.707936507936508
1.0,1000,False,0.0,0.0,1.0,0.6547368421052632,164,315.0,0.0,False,0.0,0.0,0.0,,,30,person,0.1,0.5,region_crc,segformer_b2_cityscapes,acdc_rain_targetcal25,6,
0.992,992,True,0.23492547425474256,0.23492547425474256,0.018176285549998283,0.6547368421052632,164,315.0,0.3410526315789474,True,0.26373626373626374,0.18018018018018017,0.0,,,30,person,0.1,0.5,heuristic,segformer_b2_cityscapes,acdc_rain_targetcal25,6,
,-1,True,,0.7558410762679055,0.0018474658718332648,,475,,,False,,,,,,30,person,0.1,0.5,argmax,segformer_b2_cityscapes,acdc_rain_targetcal25,6,0.707936507936508
0.992,992,True,0.23492547425474256,0.23492547425474256,0.018176285549998283,0.6547368421052632,164,315.0,0.3410526315789474,True,0.26373626373626374,0.18018018018018017,0.0,,,30,person,0.2,0.5,region_crc,segformer_b2_cityscapes,acdc_rain_targetcal25,6,
0.962,962,True,0.42197541618273315,0.42197541618273315,0.008546313270926476,7.32,164,315.0,0.21684210526315795,False,0.5054945054945055,0.23423423423423423,0.09090909090909091,,,30,person,0.2,0.5,heuristic,segformer_b2_cityscapes,acdc_rain_targetcal25,6,
,-1,True,,0.7558410762679055,0.0018474658718332648,,475,,,False,,,,,,30,person,0.2,0.5,argmax,segformer_b2_cityscapes,acdc_rain_targetcal25,6,0.707936507936508
1.0,1000,False,0.0,0.0,1.0,0.9431578947368421,27,37.0,0.0,False,0.0,0.0,0.0,,,30,rider,0.05,0.1,region_crc,segformer_b2_cityscapes,acdc_rain_targetcal25,1,
0.998,998,True,0.4444444444444444,0.4444444444444444,0.005010419990867376,0.9431578947368421,27,37.0,0.12210526315789472,False,0.6153846153846154,0.0,0.0,,,30,rider,0.05,0.1,heuristic,segformer_b2_cityscapes,acdc_rain_targetcal25,1,
,-1,True,,0.7962962962962963,0.00028111395658925176,,475,,,False,,,,,,30,rider,0.05,0.1,argmax,segformer_b2_cityscapes,acdc_rain_targetcal25,1,0.8108108108108109
1.0,1000,False,0.0,0.0,1.0,0.9431578947368421,27,37.0,0.0,False,0.0,0.0,0.0,,,30,rider,0.1,0.1,region_crc,segformer_b2_cityscapes,acdc_rain_targetcal25,1,
0.998,998,True,0.4444444444444444,0.4444444444444444,0.005010419990867376,0.9431578947368421,27,37.0,0.12210526315789472,False,0.6153846153846154,0.0,0.0,,,30,rider,0.1,0.1,heuristic,segformer_b2_cityscapes,acdc_rain_targetcal25,1,
,-1,True,,0.7962962962962963,0.00028111395658925176,,475,,,False,,,,,,30,rider,0.1,0.1,argmax,segformer_b2_cityscapes,acdc_rain_targetcal25,1,0.8108108108108109
1.0,1000,False,0.0,0.0,1.0,0.9431578947368421,27,37.0,0.0,False,0.0,0.0,0.0,,,30,rider,0.2,0.1,region_crc,segformer_b2_cityscapes,acdc_rain_targetcal25,1,
0.998,998,True,0.4444444444444444,0.4444444444444444,0.005010419990867376,0.9431578947368421,27,37.0,0.12210526315789472,False,0.6153846153846154,0.0,0.0,,,30,rider,0.2,0.1,heuristic,segformer_b2_cityscapes,acdc_rain_targetcal25,1,
,-1,True,,0.7962962962962963,0.00028111395658925176,,475,,,False,,,,,,30,rider,0.2,0.1,argmax,segformer_b2_cityscapes,acdc_rain_targetcal25,1,0.8108108108108109
1.0,1000,False,0.0,0.0,1.0,0.9431578947368421,27,37.0,0.0,False,0.0,0.0,0.0,,,30,rider,0.05,0.5,region_crc,segformer_b2_cityscapes,acdc_rain_targetcal25,1,
1.0,1000,True,0.0,0.0,1.0,0.9431578947368421,27,37.0,0.0,False,0.0,0.0,0.0,,,30,rider,0.05,0.5,heuristic,segformer_b2_cityscapes,acdc_rain_targetcal25,1,
,-1,True,,0.8518518518518519,0.00028111395658925176,,475,,,False,,,,,,30,rider,0.05,0.5,argmax,segformer_b2_cityscapes,acdc_rain_targetcal25,1,0.8648648648648649
1.0,1000,False,0.0,0.0,1.0,0.9431578947368421,27,37.0,0.0,False,0.0,0.0,0.0,,,30,rider,0.1,0.5,region_crc,segformer_b2_cityscapes,acdc_rain_targetcal25,1,
1.0,1000,True,0.0,0.0,1.0,0.9431578947368421,27,37.0,0.0,False,0.0,0.0,0.0,,,30,rider,0.1,0.5,heuristic,segformer_b2_cityscapes,acdc_rain_targetcal25,1,
,-1,True,,0.8518518518518519,0.00028111395658925176,,475,,,False,,,,,,30,rider,0.1,0.5,argmax,segformer_b2_cityscapes,acdc_rain_targetcal25,1,0.8648648648648649
1.0,1000,False,0.0,0.0,1.0,0.9431578947368421,27,37.0,0.0,False,0.0,0.0,0.0,,,30,rider,0.2,0.5,region_crc,segformer_b2_cityscapes,acdc_rain_targetcal25,1,
1.0,1000,True,0.0,0.0,1.0,0.9431578947368421,27,37.0,0.0,False,0.0,0.0,0.0,,,30,rider,0.2,0.5,heuristic,segformer_b2_cityscapes,acdc_rain_targetcal25,1,
,-1,True,,0.8518518518518519,0.00028111395658925176,,475,,,False,,,,,,30,rider,0.2,0.5,argmax,segformer_b2_cityscapes,acdc_rain_targetcal25,1,0.8648648648648649
1.0,1000,False,0.0,0.0,1.0,0.8294736842105264,81,154.0,0.0,False,0.0,0.0,0.0,,,30,bicycle,0.05,0.1,region_crc,segformer_b2_cityscapes,acdc_rain_targetcal25,2,
0.999,999,True,0.21534391534391534,0.21534391534391534,0.01874971017241478,0.8294736842105264,81,154.0,0.20631578947368429,False,0.3253012048192771,0.07017543859649122,0.0,,,30,bicycle,0.05,0.1,heuristic,segformer_b2_cityscapes,acdc_rain_targetcal25,2,
,-1,True,,0.7358318636096414,0.001105939387343824,,475,,,False,,,,,,30,bicycle,0.05,0.1,argmax,segformer_b2_cityscapes,acdc_rain_targetcal25,2,0.7272727272727273
1.0,1000,False,0.0,0.0,1.0,0.8294736842105264,81,154.0,0.0,False,0.0,0.0,0.0,,,30,bicycle,0.1,0.1,region_crc,segformer_b2_cityscapes,acdc_rain_targetcal25,2,
0.999,999,True,0.21534391534391534,0.21534391534391534,0.01874971017241478,0.8294736842105264,81,154.0,0.20631578947368429,False,0.3253012048192771,0.07017543859649122,0.0,,,30,bicycle,0.1,0.1,heuristic,segformer_b2_cityscapes,acdc_rain_targetcal25,2,
,-1,True,,0.7358318636096414,0.001105939387343824,,475,,,False,,,,,,30,bicycle,0.1,0.1,argmax,segformer_b2_cityscapes,acdc_rain_targetcal25,2,0.7272727272727273
1.0,1000,False,0.0,0.0,1.0,0.8294736842105264,81,154.0,0.0,False,0.0,0.0,0.0,,,30,bicycle,0.2,0.1,region_crc,segformer_b2_cityscapes,acdc_rain_targetcal25,2,
0.999,999,True,0.21534391534391534,0.21534391534391534,0.01874971017241478,0.8294736842105264,81,154.0,0.20631578947368429,False,0.3253012048192771,0.07017543859649122,0.0,,,30,bicycle,0.2,0.1,heuristic,segformer_b2_cityscapes,acdc_rain_targetcal25,2,
,-1,True,,0.7358318636096414,0.001105939387343824,,475,,,False,,,,,,30,bicycle,0.2,0.1,argmax,segformer_b2_cityscapes,acdc_rain_targetcal25,2,0.7272727272727273
1.0,1000,False,0.0,0.0,1.0,0.8294736842105264,81,154.0,0.0,False,0.0,0.0,0.0,,,30,bicycle,0.05,0.5,region_crc,segformer_b2_cityscapes,acdc_rain_targetcal25,2,
0.999,999,True,0.2900352733686067,0.2900352733686067,0.01874971017241478,0.8294736842105264,81,154.0,0.20631578947368429,False,0.42168674698795183,0.12280701754385964,0.0,,,30,bicycle,0.05,0.5,heuristic,segformer_b2_cityscapes,acdc_rain_targetcal25,2,
,-1,True,,0.7808054085831864,0.001105939387343824,,475,,,False,,,,,,30,bicycle,0.05,0.5,argmax,segformer_b2_cityscapes,acdc_rain_targetcal25,2,0.7727272727272727
1.0,1000,False,0.0,0.0,1.0,0.8294736842105264,81,154.0,0.0,False,0.0,0.0,0.0,,,30,bicycle,0.1,0.5,region_crc,segformer_b2_cityscapes,acdc_rain_targetcal25,2,
0.999,999,True,0.2900352733686067,0.2900352733686067,0.01874971017241478,0.8294736842105264,81,154.0,0.20631578947368429,False,0.42168674698795183,0.12280701754385964,0.0,,,30,bicycle,0.1,0.5,heuristic,segformer_b2_cityscapes,acdc_rain_targetcal25,2,
,-1,True,,0.7808054085831864,0.001105939387343824,,475,,,False,,,,,,30,bicycle,0.1,0.5,argmax,segformer_b2_cityscapes,acdc_rain_targetcal25,2,0.7727272727272727
1.0,1000,False,0.0,0.0,1.0,0.8294736842105264,81,154.0,0.0,False,0.0,0.0,0.0,,,30,bicycle,0.2,0.5,region_crc,segformer_b2_cityscapes,acdc_rain_targetcal25,2,
0.999,999,True,0.2900352733686067,0.2900352733686067,0.01874971017241478,0.8294736842105264,81,154.0,0.20631578947368429,False,0.42168674698795183,0.12280701754385964,0.0,,,30,bicycle,0.2,0.5,heuristic,segformer_b2_cityscapes,acdc_rain_targetcal25,2,
,-1,True,,0.7808054085831864,0.001105939387343824,,475,,,False,,,,,,30,bicycle,0.2,0.5,argmax,segformer_b2_cityscapes,acdc_rain_targetcal25,2,0.7727272727272727
1.0,1000,False,0.0,0.0,1.0,0.6631578947368421,160,317.0,0.0,False,0.0,0.0,0.0,,,31,person,0.05,0.1,region_crc,segformer_b2_cityscapes,acdc_rain_targetcal25,10,
1.0,1000,True,0.0,0.0,1.0,0.6631578947368421,160,317.0,0.0,False,0.0,0.0,0.0,,,31,person,0.05,0.1,heuristic,segformer_b2_cityscapes,acdc_rain_targetcal25,10,
,-1,True,,0.6471756715506716,0.0018424229929223657,,475,,,False,,,,,,31,person,0.05,0.1,argmax,segformer_b2_cityscapes,acdc_rain_targetcal25,10,0.5867507886435331
1.0,1000,True,0.0,0.0,1.0,0.6631578947368421,160,317.0,0.0,False,0.0,0.0,0.0,,,31,person,0.1,0.1,region_crc,segformer_b2_cityscapes,acdc_rain_targetcal25,10,
0.997,997,True,0.08645833333333333,0.08645833333333333,0.027148615568876266,0.6631578947368421,160,317.0,0.1578947368421052,False,0.08695652173913043,0.06306306306306306,0.0,,,31,person,0.1,0.1,heuristic,segformer_b2_cityscapes,acdc_rain_targetcal25,10,
,-1,True,,0.6471756715506716,0.0018424229929223657,,475,,,False,,,,,,31,person,0.1,0.1,argmax,segformer_b2_cityscapes,acdc_rain_targetcal25,10,0.5867507886435331
0.997,997,True,0.08645833333333333,0.08645833333333333,0.027148615568876266,0.6631578947368421,160,317.0,0.1578947368421052,False,0.08695652173913043,0.06306306306306306,0.0,,,31,person,0.2,0.1,region_crc,segformer_b2_cityscapes,acdc_rain_targetcal25,10,
0.991,991,True,0.14885416666666668,0.14885416666666668,0.01693681813776493,0.6631578947368421,160,317.0,0.19368421052631574,False,0.1956521739130435,0.07207207207207207,0.0,,,31,person,0.2,0.1,heuristic,segformer_b2_cityscapes,acdc_rain_targetcal25,10,
,-1,True,,0.6471756715506716,0.0018424229929223657,,475,,,False,,,,,,31,person,0.2,0.1,argmax,segformer_b2_cityscapes,acdc_rain_targetcal25,10,0.5867507886435331
1.0,1000,False,0.0,0.0,1.0,0.6631578947368421,160,317.0,0.0,False,0.0,0.0,0.0,,,31,person,0.05,0.5,region_crc,segformer_b2_cityscapes,acdc_rain_targetcal25,10,
1.0,1000,True,0.0,0.0,1.0,0.6631578947368421,160,317.0,0.0,False,0.0,0.0,0.0,,,31,person,0.05,0.5,heuristic,segformer_b2_cityscapes,acdc_rain_targetcal25,10,
,-1,True,,0.7563076159951161,0.0018424229929223657,,475,,,False,,,,,,31,person,0.05,0.5,argmax,segformer_b2_cityscapes,acdc_rain_targetcal25,10,0.7034700315457413
1.0,1000,True,0.0,0.0,1.0,0.6631578947368421,160,317.0,0.0,False,0.0,0.0,0.0,,,31,person,0.1,0.5,region_crc,segformer_b2_cityscapes,acdc_rain_targetcal25,10,
0.999,999,True,0.07083333333333333,0.07083333333333333,0.041538313031196594,0.6631578947368421,160,317.0,0.14947368421052631,False,0.05434782608695652,0.07207207207207207,0.0,,,31,person,0.1,0.5,heuristic,segformer_b2_cityscapes,acdc_rain_targetcal25,10,
,-1,True,,0.7563076159951161,0.0018424229929223657,,475,,,False,,,,,,31,person,0.1,0.5,argmax,segformer_b2_cityscapes,acdc_rain_targetcal25,10,0.7034700315457413
0.999,999,True,0.07083333333333333,0.07083333333333333,0.041538313031196594,0.6631578947368421,160,317.0,0.14947368421052631,False,0.05434782608695652,0.07207207207207207,0.0,,,31,person,0.2,0.5,region_crc,segformer_b2_cityscapes,acdc_rain_targetcal25,10,
0.996,996,True,0.1509375,0.1509375,0.02410789579153061,0.6631578947368421,160,317.0,0.1768421052631578,False,0.1793478260869565,0.09009009009009009,0.0,,,31,person,0.2,0.5,heuristic,segformer_b2_cityscapes,acdc_rain_targetcal25,10,
,-1,True,,0.7563076159951161,0.0018424229929223657,,475,,,False,,,,,,31,person,0.2,0.5,argmax,segformer_b2_cityscapes,acdc_rain_targetcal25,10,0.7034700315457413
1.0,1000,False,0.0,0.0,1.0,0.9473684210526315,25,32.0,0.0,False,0.0,0.0,0.0,,,31,rider,0.05,0.1,region_crc,segformer_b2_cityscapes,acdc_rain_targetcal25,3,
1.0,1000,True,0.0,0.0,1.0,0.9473684210526315,25,32.0,0.0,False,0.0,0.0,0.0,,,31,rider,0.05,0.1,heuristic,segformer_b2_cityscapes,acdc_rain_targetcal25,3,
,-1,True,,0.78,0.00023004792456049472,,475,,,False,,,,,,31,rider,0.05,0.1,argmax,segformer_b2_cityscapes,acdc_rain_targetcal25,3,0.78125
1.0,1000,False,0.0,0.0,1.0,0.9473684210526315,25,32.0,0.0,False,0.0,0.0,0.0,,,31,rider,0.1,0.1,region_crc,segformer_b2_cityscapes,acdc_rain_targetcal25,3,
1.0,1000,True,0.0,0.0,1.0,0.9473684210526315,25,32.0,0.0,False,0.0,0.0,0.0,,,31,rider,0.1,0.1,heuristic,segformer_b2_cityscapes,acdc_rain_targetcal25,3,
,-1,True,,0.78,0.00023004792456049472,,475,,,False,,,,,,31,rider,0.1,0.1,argmax,segformer_b2_cityscapes,acdc_rain_targetcal25,3,0.78125
1.0,1000,False,0.0,0.0,1.0,0.9473684210526315,25,32.0,0.0,False,0.0,0.0,0.0,,,31,rider,0.2,0.1,region_crc,segformer_b2_cityscapes,acdc_rain_targetcal25,3,
1.0,1000,True,0.0,0.0,1.0,0.9473684210526315,25,32.0,0.0,False,0.0,0.0,0.0,,,31,rider,0.2,0.1,heuristic,segformer_b2_cityscapes,acdc_rain_targetcal25,3,
,-1,True,,0.78,0.00023004792456049472,,475,,,False,,,,,,31,rider,0.2,0.1,argmax,segformer_b2_cityscapes,acdc_rain_targetcal25,3,0.78125
1.0,1000,False,0.0,0.0,1.0,0.9473684210526315,25,32.0,0.0,False,0.0,0.0,0.0,,,31,rider,0.05,0.5,region_crc,segformer_b2_cityscapes,acdc_rain_targetcal25,3,
1.0,1000,True,0.0,0.0,1.0,0.9473684210526315,25,32.0,0.0,False,0.0,0.0,0.0,,,31,rider,0.05,0.5,heuristic,segformer_b2_cityscapes,acdc_rain_targetcal25,3,
,-1,True,,0.84,0.00023004792456049472,,475,,,False,,,,,,31,rider,0.05,0.5,argmax,segformer_b2_cityscapes,acdc_rain_targetcal25,3,0.84375
1.0,1000,False,0.0,0.0,1.0,0.9473684210526315,25,32.0,0.0,False,0.0,0.0,0.0,,,31,rider,0.1,0.5,region_crc,segformer_b2_cityscapes,acdc_rain_targetcal25,3,
1.0,1000,True,0.0,0.0,1.0,0.9473684210526315,25,32.0,0.0,False,0.0,0.0,0.0,,,31,rider,0.1,0.5,heuristic,segformer_b2_cityscapes,acdc_rain_targetcal25,3,
,-1,True,,0.84,0.00023004792456049472,,475,,,False,,,,,,31,rider,0.1,0.5,argmax,segformer_b2_cityscapes,acdc_rain_targetcal25,3,0.84375
1.0,1000,False,0.0,0.0,1.0,0.9473684210526315,25,32.0,0.0,False,0.0,0.0,0.0,,,31,rider,0.2,0.5,region_crc,segformer_b2_cityscapes,acdc_rain_targetcal25,3,
1.0,1000,True,0.0,0.0,1.0,0.9473684210526315,25,32.0,0.0,False,0.0,0.0,0.0,,,31,rider,0.2,0.5,heuristic,segformer_b2_cityscapes,acdc_rain_targetcal25,3,
,-1,True,,0.84,0.00023004792456049472,,475,,,False,,,,,,31,rider,0.2,0.5,argmax,segformer_b2_cityscapes,acdc_rain_targetcal25,3,0.84375
1.0,1000,False,0.0,0.0,1.0,0.8315789473684211,80,152.0,0.0,False,0.0,0.0,0.0,,,31,bicycle,0.05,0.1,region_crc,segformer_b2_cityscapes,acdc_rain_targetcal25,3,
1.0,1000,True,0.0,0.0,1.0,0.8315789473684211,80,152.0,0.0,False,0.0,0.0,0.0,,,31,bicycle,0.05,0.1,heuristic,segformer_b2_cityscapes,acdc_rain_targetcal25,3,
,-1,True,,0.720029761904762,0.001180569757707417,,475,,,False,,,,,,31,bicycle,0.05,0.1,argmax,segformer_b2_cityscapes,acdc_rain_targetcal25,3,0.6973684210526315
1.0,1000,False,0.0,0.0,1.0,0.8315789473684211,80,152.0,0.0,False,0.0,0.0,0.0,,,31,bicycle,0.1,0.1,region_crc,segformer_b2_cityscapes,acdc_rain_targetcal25,3,
1.0,1000,True,0.0,0.0,1.0,0.8315789473684211,80,152.0,0.0,False,0.0,0.0,0.0,,,31,bicycle,0.1,0.1,heuristic,segformer_b2_cityscapes,acdc_rain_targetcal25,3,
,-1,True,,0.720029761904762,0.001180569757707417,,475,,,False,,,,,,31,bicycle,0.1,0.1,argmax,segformer_b2_cityscapes,acdc_rain_targetcal25,3,0.6973684210526315
1.0,1000,False,0.0,0.0,1.0,0.8315789473684211,80,152.0,0.0,False,0.0,0.0,0.0,,,31,bicycle,0.2,0.1,region_crc,segformer_b2_cityscapes,acdc_rain_targetcal25,3,
1.0,1000,True,0.0,0.0,1.0,0.8315789473684211,80,152.0,0.0,False,0.0,0.0,0.0,,,31,bicycle,0.2,0.1,heuristic,segformer_b2_cityscapes,acdc_rain_targetcal25,3,
,-1,True,,0.720029761904762,0.001180569757707417,,475,,,False,,,,,,31,bicycle,0.2,0.1,argmax,segformer_b2_cityscapes,acdc_rain_targetcal25,3,0.6973684210526315
1.0,1000,False,0.0,0.0,1.0,0.8315789473684211,80,152.0,0.0,False,0.0,0.0,0.0,,,31,bicycle,0.05,0.5,region_crc,segformer_b2_cityscapes,acdc_rain_targetcal25,3,
1.0,1000,True,0.0,0.0,1.0,0.8315789473684211,80,152.0,0.0,False,0.0,0.0,0.0,,,31,bicycle,0.05,0.5,heuristic,segformer_b2_cityscapes,acdc_rain_targetcal25,3,
,-1,True,,0.7655654761904762,0.001180569757707417,,475,,,False,,,,,,31,bicycle,0.05,0.5,argmax,segformer_b2_cityscapes,acdc_rain_targetcal25,3,0.743421052631579
1.0,1000,False,0.0,0.0,1.0,0.8315789473684211,80,152.0,0.0,False,0.0,0.0,0.0,,,31,bicycle,0.1,0.5,region_crc,segformer_b2_cityscapes,acdc_rain_targetcal25,3,
1.0,1000,True,0.0,0.0,1.0,0.8315789473684211,80,152.0,0.0,False,0.0,0.0,0.0,,,31,bicycle,0.1,0.5,heuristic,segformer_b2_cityscapes,acdc_rain_targetcal25,3,
,-1,True,,0.7655654761904762,0.001180569757707417,,475,,,False,,,,,,31,bicycle,0.1,0.5,argmax,segformer_b2_cityscapes,acdc_rain_targetcal25,3,0.743421052631579
1.0,1000,False,0.0,0.0,1.0,0.8315789473684211,80,152.0,0.0,False,0.0,0.0,0.0,,,31,bicycle,0.2,0.5,region_crc,segformer_b2_cityscapes,acdc_rain_targetcal25,3,
1.0,1000,True,0.0,0.0,1.0,0.8315789473684211,80,152.0,0.0,False,0.0,0.0,0.0,,,31,bicycle,0.2,0.5,heuristic,segformer_b2_cityscapes,acdc_rain_targetcal25,3,
,-1,True,,0.7655654761904762,0.001180569757707417,,475,,,False,,,,,,31,bicycle,0.2,0.5,argmax,segformer_b2_cityscapes,acdc_rain_targetcal25,3,0.743421052631579
1.0,1000,False,0.0,0.0,1.0,0.6589473684210526,162,319.0,0.0,False,0.0,0.0,0.0,,,32,person,0.05,0.1,region_crc,segformer_b2_cityscapes,acdc_rain_targetcal25,8,
1.0,1000,True,0.0,0.0,1.0,0.6589473684210526,162,319.0,0.0,False,0.0,0.0,0.0,,,32,person,0.05,0.1,heuristic,segformer_b2_cityscapes,acdc_rain_targetcal25,8,
,-1,True,,0.628280498650869,0.0019422952318564057,,475,,,False,,,,,,32,person,0.05,0.1,argmax,segformer_b2_cityscapes,acdc_rain_targetcal25,8,0.567398119122257
1.0,1000,False,0.0,0.0,1.0,0.6589473684210526,162,319.0,0.0,False,0.0,0.0,0.0,,,32,person,0.1,0.1,region_crc,segformer_b2_cityscapes,acdc_rain_targetcal25,8,
0.995,995,True,0.11337448559670782,0.11337448559670782,0.0222798939794302,0.6589473684210526,162,319.0,0.1557894736842106,False,0.12777777777777777,0.06896551724137931,0.0,,,32,person,0.1,0.1,heuristic,segformer_b2_cityscapes,acdc_rain_targetcal25,8,
,-1,True,,0.628280498650869,0.0019422952318564057,,475,,,False,,,,,,32,person,0.1,0.1,argmax,segformer_b2_cityscapes,acdc_rain_targetcal25,8,0.567398119122257
0.995,995,True,0.11337448559670782,0.11337448559670782,0.0222798939794302,0.6589473684210526,162,319.0,0.1557894736842106,False,0.12777777777777777,0.06896551724137931,0.0,,,32,person,0.2,0.1,region_crc,segformer_b2_cityscapes,acdc_rain_targetcal25,8,
0.933,933,True,0.3885889145148404,0.38858891451484046,0.0063335588201880455,5.886315789473684,162,319.0,0.13473684210526315,False,0.5111111111111111,0.1724137931034483,0.0,,,32,person,0.2,0.1,heuristic,segformer_b2_cityscapes,acdc_rain_targetcal25,8,
,-1,True,,0.628280498650869,0.0019422952318564057,,475,,,False,,,,,,32,person,0.2,0.1,argmax,segformer_b2_cityscapes,acdc_rain_targetcal25,8,0.567398119122257
1.0,1000,False,0.0,0.0,1.0,0.6589473684210526,162,319.0,0.0,False,0.0,0.0,0.0,,,32,person,0.05,0.5,region_crc,segformer_b2_cityscapes,acdc_rain_targetcal25,8,
1.0,1000,True,0.0,0.0,1.0,0.6589473684210526,162,319.0,0.0,False,0.0,0.0,0.0,,,32,person,0.05,0.5,heuristic,segformer_b2_cityscapes,acdc_rain_targetcal25,8,
,-1,True,,0.7360651351392091,0.0019422952318564057,,475,,,False,,,,,,32,person,0.05,0.5,argmax,segformer_b2_cityscapes,acdc_rain_targetcal25,8,0.6833855799373041
1.0,1000,False,0.0,0.0,1.0,0.6589473684210526,162,319.0,0.0,False,0.0,0.0,0.0,,,32,person,0.1,0.5,region_crc,segformer_b2_cityscapes,acdc_rain_targetcal25,8,
0.996,996,True,0.1552469135802469,0.1552469135802469,0.024464404210448265,0.6589473684210526,162,319.0,0.15368421052631587,False,0.18888888888888888,0.08620689655172414,0.0,,,32,person,0.1,0.5,heuristic,segformer_b2_cityscapes,acdc_rain_targetcal25,8,
,-1,True,,0.7360651351392091,0.0019422952318564057,,475,,,False,,,,,,32,person,0.1,0.5,argmax,segformer_b2_cityscapes,acdc_rain_targetcal25,8,0.6833855799373041
0.996,996,True,0.1552469135802469,0.1552469135802469,0.024464404210448265,0.6589473684210526,162,319.0,0.15368421052631587,False,0.18888888888888888,0.08620689655172414,0.0,,,32,person,0.2,0.5,region_crc,segformer_b2_cityscapes,acdc_rain_targetcal25,8,
0.988,988,True,0.30488362803177615,0.30488362803177615,0.01517029944807291,0.6589473684210526,162,319.0,0.1473684210526316,False,0.3611111111111111,0.1896551724137931,0.0,,,32,person,0.2,0.5,heuristic,segformer_b2_cityscapes,acdc_rain_targetcal25,8,
,-1,True,,0.7360651351392091,0.0019422952318564057,,475,,,False,,,,,,32,person,0.2,0.5,argmax,segformer_b2_cityscapes,acdc_rain_targetcal25,8,0.6833855799373041
1.0,1000,False,0.0,0.0,1.0,0.9452631578947368,26,36.0,0.0,False,0.0,0.0,0.0,,,32,rider,0.05,0.1,region_crc,segformer_b2_cityscapes,acdc_rain_targetcal25,2,
0.999,999,True,0.35256410256410253,0.35256410256410253,0.006850225850939751,0.9452631578947368,26,36.0,0.21894736842105267,False,0.46153846153846156,0.0,0.0,,,32,rider,0.05,0.1,heuristic,segformer_b2_cityscapes,acdc_rain_targetcal25,2,
,-1,True,,0.7884615384615384,0.0002787341654766351,,475,,,False,,,,,,32,rider,0.05,0.1,argmax,segformer_b2_cityscapes,acdc_rain_targetcal25,2,0.8055555555555556
1.0,1000,False,0.0,0.0,1.0,0.9452631578947368,26,36.0,0.0,False,0.0,0.0,0.0,,,32,rider,0.1,0.1,region_crc,segformer_b2_cityscapes,acdc_rain_targetcal25,2,
0.999,999,True,0.35256410256410253,0.35256410256410253,0.006850225850939751,0.9452631578947368,26,36.0,0.21894736842105267,False,0.46153846153846156,0.0,0.0,,,32,rider,0.1,0.1,heuristic,segformer_b2_cityscapes,acdc_rain_targetcal25,2,
,-1,True,,0.7884615384615384,0.0002787341654766351,,475,,,False,,,,,,32,rider,0.1,0.1,argmax,segformer_b2_cityscapes,acdc_rain_targetcal25,2,0.8055555555555556
1.0,1000,False,0.0,0.0,1.0,0.9452631578947368,26,36.0,0.0,False,0.0,0.0,0.0,,,32,rider,0.2,0.1,region_crc,segformer_b2_cityscapes,acdc_rain_targetcal25,2,
0.999,999,True,0.35256410256410253,0.35256410256410253,0.006850225850939751,0.9452631578947368,26,36.0,0.21894736842105267,False,0.46153846153846156,0.0,0.0,,,32,rider,0.2,0.1,heuristic,segformer_b2_cityscapes,acdc_rain_targetcal25,2,
,-1,True,,0.7884615384615384,0.0002787341654766351,,475,,,False,,,,,,32,rider,0.2,0.1,argmax,segformer_b2_cityscapes,acdc_rain_targetcal25,2,0.8055555555555556
1.0,1000,False,0.0,0.0,1.0,0.9452631578947368,26,36.0,0.0,False,0.0,0.0,0.0,,,32,rider,0.05,0.5,region_crc,segformer_b2_cityscapes,acdc_rain_targetcal25,2,
1.0,1000,True,0.0,0.0,1.0,0.9452631578947368,26,36.0,0.0,False,0.0,0.0,0.0,,,32,rider,0.05,0.5,heuristic,segformer_b2_cityscapes,acdc_rain_targetcal25,2,
,-1,True,,0.8461538461538461,0.0002787341654766351,,475,,,False,,,,,,32,rider,0.05,0.5,argmax,segformer_b2_cityscapes,acdc_rain_targetcal25,2,0.8611111111111112
1.0,1000,False,0.0,0.0,1.0,0.9452631578947368,26,36.0,0.0,False,0.0,0.0,0.0,,,32,rider,0.1,0.5,region_crc,segformer_b2_cityscapes,acdc_rain_targetcal25,2,
1.0,1000,True,0.0,0.0,1.0,0.9452631578947368,26,36.0,0.0,False,0.0,0.0,0.0,,,32,rider,0.1,0.5,heuristic,segformer_b2_cityscapes,acdc_rain_targetcal25,2,
,-1,True,,0.8461538461538461,0.0002787341654766351,,475,,,False,,,,,,32,rider,0.1,0.5,argmax,segformer_b2_cityscapes,acdc_rain_targetcal25,2,0.8611111111111112
1.0,1000,False,0.0,0.0,1.0,0.9452631578947368,26,36.0,0.0,False,0.0,0.0,0.0,,,32,rider,0.2,0.5,region_crc,segformer_b2_cityscapes,acdc_rain_targetcal25,2,
1.0,1000,True,0.0,0.0,1.0,0.9452631578947368,26,36.0,0.0,False,0.0,0.0,0.0,,,32,rider,0.2,0.5,heuristic,segformer_b2_cityscapes,acdc_rain_targetcal25,2,
,-1,True,,0.8461538461538461,0.0002787341654766351,,475,,,False,,,,,,32,rider,0.2,0.5,argmax,segformer_b2_cityscapes,acdc_rain_targetcal25,2,0.8611111111111112
1.0,1000,False,0.0,0.0,1.0,0.8357894736842105,78,148.0,0.0,False,0.0,0.0,0.0,,,32,bicycle,0.05,0.1,region_crc,segformer_b2_cityscapes,acdc_rain_targetcal25,5,
1.0,1000,True,0.0,0.0,1.0,0.8357894736842105,78,148.0,0.0,False,0.0,0.0,0.0,,,32,bicycle,0.05,0.1,heuristic,segformer_b2_cityscapes,acdc_rain_targetcal25,5,
,-1,True,,0.7218253968253969,0.0011858470970764756,,475,,,False,,,,,,32,bicycle,0.05,0.1,argmax,segformer_b2_cityscapes,acdc_rain_targetcal25,5,0.7027027027027027
1.0,1000,False,0.0,0.0,1.0,0.8357894736842105,78,148.0,0.0,False,0.0,0.0,0.0,,,32,bicycle,0.1,0.1,region_crc,segformer_b2_cityscapes,acdc_rain_targetcal25,5,
1.0,1000,True,0.0,0.0,1.0,0.8357894736842105,78,148.0,0.0,False,0.0,0.0,0.0,,,32,bicycle,0.1,0.1,heuristic,segformer_b2_cityscapes,acdc_rain_targetcal25,5,
,-1,True,,0.7218253968253969,0.0011858470970764756,,475,,,False,,,,,,32,bicycle,0.1,0.1,argmax,segformer_b2_cityscapes,acdc_rain_targetcal25,5,0.7027027027027027
1.0,1000,True,0.0,0.0,1.0,0.8357894736842105,78,148.0,0.0,False,0.0,0.0,0.0,,,32,bicycle,0.2,0.1,region_crc,segformer_b2_cityscapes,acdc_rain_targetcal25,5,
1.0,1000,True,0.0,0.0,1.0,0.8357894736842105,78,148.0,0.0,False,0.0,0.0,0.0,,,32,bicycle,0.2,0.1,heuristic,segformer_b2_cityscapes,acdc_rain_targetcal25,5,
,-1,True,,0.7218253968253969,0.0011858470970764756,,475,,,False,,,,,,32,bicycle,0.2,0.1,argmax,segformer_b2_cityscapes,acdc_rain_targetcal25,5,0.7027027027027027
1.0,1000,False,0.0,0.0,1.0,0.8357894736842105,78,148.0,0.0,False,0.0,0.0,0.0,,,32,bicycle,0.05,0.5,region_crc,segformer_b2_cityscapes,acdc_rain_targetcal25,5,
1.0,1000,True,0.0,0.0,1.0,0.8357894736842105,78,148.0,0.0,False,0.0,0.0,0.0,,,32,bicycle,0.05,0.5,heuristic,segformer_b2_cityscapes,acdc_rain_targetcal25,5,
,-1,True,,0.7685286935286936,0.0011858470970764756,,475,,,False,,,,,,32,bicycle,0.05,0.5,argmax,segformer_b2_cityscapes,acdc_rain_targetcal25,5,0.75
1.0,1000,False,0.0,0.0,1.0,0.8357894736842105,78,148.0,0.0,False,0.0,0.0,0.0,,,32,bicycle,0.1,0.5,region_crc,segformer_b2_cityscapes,acdc_rain_targetcal25,5,
1.0,1000,True,0.0,0.0,1.0,0.8357894736842105,78,148.0,0.0,False,0.0,0.0,0.0,,,32,bicycle,0.1,0.5,heuristic,segformer_b2_cityscapes,acdc_rain_targetcal25,5,
,-1,True,,0.7685286935286936,0.0011858470970764756,,475,,,False,,,,,,32,bicycle,0.1,0.5,argmax,segformer_b2_cityscapes,acdc_rain_targetcal25,5,0.75
1.0,1000,True,0.0,0.0,1.0,0.8357894736842105,78,148.0,0.0,False,0.0,0.0,0.0,,,32,bicycle,0.2,0.5,region_crc,segformer_b2_cityscapes,acdc_rain_targetcal25,5,
1.0,1000,True,0.0,0.0,1.0,0.8357894736842105,78,148.0,0.0,False,0.0,0.0,0.0,,,32,bicycle,0.2,0.5,heuristic,segformer_b2_cityscapes,acdc_rain_targetcal25,5,
,-1,True,,0.7685286935286936,0.0011858470970764756,,475,,,False,,,,,,32,bicycle,0.2,0.5,argmax,segformer_b2_cityscapes,acdc_rain_targetcal25,5,0.75
1.0,1000,False,0.0,0.0,1.0,0.6673684210526316,158,314.0,0.0,False,0.0,0.0,0.0,,,33,person,0.05,0.1,region_crc,segformer_b2_cityscapes,acdc_rain_targetcal25,12,
1.0,1000,True,0.0,0.0,1.0,0.6673684210526316,158,314.0,0.0,False,0.0,0.0,0.0,,,33,person,0.05,0.1,heuristic,segformer_b2_cityscapes,acdc_rain_targetcal25,12,
,-1,True,,0.6391230429205111,0.0019275808008387685,,475,,,False,,,,,,33,person,0.05,0.1,argmax,segformer_b2_cityscapes,acdc_rain_targetcal25,12,0.5796178343949044
1.0,1000,True,0.0,0.0,1.0,0.6673684210526316,158,314.0,0.0,False,0.0,0.0,0.0,,,33,person,0.1,0.1,region_crc,segformer_b2_cityscapes,acdc_rain_targetcal25,12,
1.0,1000,True,0.0,0.0,1.0,0.6673684210526316,158,314.0,0.0,False,0.0,0.0,0.0,,,33,person,0.1,0.1,heuristic,segformer_b2_cityscapes,acdc_rain_targetcal25,12,
,-1,True,,0.6391230429205111,0.0019275808008387685,,475,,,False,,,,,,33,person,0.1,0.1,argmax,segformer_b2_cityscapes,acdc_rain_targetcal25,12,0.5796178343949044
0.996,996,True,0.09672995780590717,0.09672995780590718,0.024563023820519447,0.6673684210526316,158,314.0,0.14315789473684215,False,0.10614525139664804,0.06140350877192982,0.0,,,33,person,0.2,0.1,region_crc,segformer_b2_cityscapes,acdc_rain_targetcal25,12,
0.996,996,True,0.09672995780590717,0.09672995780590718,0.024563023820519447,0.6673684210526316,158,314.0,0.14315789473684215,False,0.10614525139664804,0.06140350877192982,0.0,,,33,person,0.2,0.1,heuristic,segformer_b2_cityscapes,acdc_rain_targetcal25,12,
,-1,True,,0.6391230429205111,0.0019275808008387685,,475,,,False,,,,,,33,person,0.2,0.1,argmax,segformer_b2_cityscapes,acdc_rain_targetcal25,12,0.5796178343949044
1.0,1000,False,0.0,0.0,1.0,0.6673684210526316,158,314.0,0.0,False,0.0,0.0,0.0,,,33,person,0.05,0.5,region_crc,segformer_b2_cityscapes,acdc_rain_targetcal25,12,
1.0,1000,True,0.0,0.0,1.0,0.6673684210526316,158,314.0,0.0,False,0.0,0.0,0.0,,,33,person,0.05,0.5,heuristic,segformer_b2_cityscapes,acdc_rain_targetcal25,12,
,-1,True,,0.7407756448895689,0.0019275808008387685,,475,,,False,,,,,,33,person,0.05,0.5,argmax,segformer_b2_cityscapes,acdc_rain_targetcal25,12,0.6878980891719745
1.0,1000,True,0.0,0.0,1.0,0.6673684210526316,158,314.0,0.0,False,0.0,0.0,0.0,,,33,person,0.1,0.5,region_crc,segformer_b2_cityscapes,acdc_rain_targetcal25,12,
1.0,1000,True,0.0,0.0,1.0,0.6673684210526316,158,314.0,0.0,False,0.0,0.0,0.0,,,33,person,0.1,0.5,heuristic,segformer_b2_cityscapes,acdc_rain_targetcal25,12,
,-1,True,,0.7407756448895689,0.0019275808008387685,,475,,,False,,,,,,33,person,0.1,0.5,argmax,segformer_b2_cityscapes,acdc_rain_targetcal25,12,0.6878980891719745
1.0,1000,True,0.0,0.0,1.0,0.6673684210526316,158,314.0,0.0,False,0.0,0.0,0.0,,,33,person,0.2,0.5,region_crc,segformer_b2_cityscapes,acdc_rain_targetcal25,12,
0.999,999,True,0.06540084388185655,0.06540084388185655,0.04203179106116295,0.6673684210526316,158,314.0,0.15157894736842115,False,0.05027932960893855,0.06140350877192982,0.0,,,33,person,0.2,0.5,heuristic,segformer_b2_cityscapes,acdc_rain_targetcal25,12,
,-1,True,,0.7407756448895689,0.0019275808008387685,,475,,,False,,,,,,33,person,0.2,0.5,argmax,segformer_b2_cityscapes,acdc_rain_targetcal25,12,0.6878980891719745
1.0,1000,False,0.0,0.0,1.0,0.9473684210526315,25,34.0,0.0,False,0.0,0.0,0.0,,,33,rider,0.05,0.1,region_crc,segformer_b2_cityscapes,acdc_rain_targetcal25,3,
1.0,1000,True,0.0,0.0,1.0,0.9473684210526315,25,34.0,0.0,False,0.0,0.0,0.0,,,33,rider,0.05,0.1,heuristic,segformer_b2_cityscapes,acdc_rain_targetcal25,3,
,-1,True,,0.8,0.00024741512606851757,,475,,,False,,,,,,33,rider,0.05,0.1,argmax,segformer_b2_cityscapes,acdc_rain_targetcal25,3,0.8235294117647058
1.0,1000,False,0.0,0.0,1.0,0.9473684210526315,25,34.0,0.0,False,0.0,0.0,0.0,,,33,rider,0.1,0.1,region_crc,segformer_b2_cityscapes,acdc_rain_targetcal25,3,
1.0,1000,True,0.0,0.0,1.0,0.9473684210526315,25,34.0,0.0,False,0.0,0.0,0.0,,,33,rider,0.1,0.1,heuristic,segformer_b2_cityscapes,acdc_rain_targetcal25,3,
,-1,True,,0.8,0.00024741512606851757,,475,,,False,,,,,,33,rider,0.1,0.1,argmax,segformer_b2_cityscapes,acdc_rain_targetcal25,3,0.8235294117647058
1.0,1000,False,0.0,0.0,1.0,0.9473684210526315,25,34.0,0.0,False,0.0,0.0,0.0,,,33,rider,0.2,0.1,region_crc,segformer_b2_cityscapes,acdc_rain_targetcal25,3,
1.0,1000,True,0.0,0.0,1.0,0.9473684210526315,25,34.0,0.0,False,0.0,0.0,0.0,,,33,rider,0.2,0.1,heuristic,segformer_b2_cityscapes,acdc_rain_targetcal25,3,
,-1,True,,0.8,0.00024741512606851757,,475,,,False,,,,,,33,rider,0.2,0.1,argmax,segformer_b2_cityscapes,acdc_rain_targetcal25,3,0.8235294117647058
1.0,1000,False,0.0,0.0,1.0,0.9473684210526315,25,34.0,0.0,False,0.0,0.0,0.0,,,33,rider,0.05,0.5,region_crc,segformer_b2_cityscapes,acdc_rain_targetcal25,3,
1.0,1000,True,0.0,0.0,1.0,0.9473684210526315,25,34.0,0.0,False,0.0,0.0,0.0,,,33,rider,0.05,0.5,heuristic,segformer_b2_cityscapes,acdc_rain_targetcal25,3,
,-1,True,,0.86,0.00024741512606851757,,475,,,False,,,,,,33,rider,0.05,0.5,argmax,segformer_b2_cityscapes,acdc_rain_targetcal25,3,0.8823529411764706
1.0,1000,False,0.0,0.0,1.0,0.9473684210526315,25,34.0,0.0,False,0.0,0.0,0.0,,,33,rider,0.1,0.5,region_crc,segformer_b2_cityscapes,acdc_rain_targetcal25,3,
1.0,1000,True,0.0,0.0,1.0,0.9473684210526315,25,34.0,0.0,False,0.0,0.0,0.0,,,33,rider,0.1,0.5,heuristic,segformer_b2_cityscapes,acdc_rain_targetcal25,3,
,-1,True,,0.86,0.00024741512606851757,,475,,,False,,,,,,33,rider,0.1,0.5,argmax,segformer_b2_cityscapes,acdc_rain_targetcal25,3,0.8823529411764706
1.0,1000,False,0.0,0.0,1.0,0.9473684210526315,25,34.0,0.0,False,0.0,0.0,0.0,,,33,rider,0.2,0.5,region_crc,segformer_b2_cityscapes,acdc_rain_targetcal25,3,
1.0,1000,True,0.0,0.0,1.0,0.9473684210526315,25,34.0,0.0,False,0.0,0.0,0.0,,,33,rider,0.2,0.5,heuristic,segformer_b2_cityscapes,acdc_rain_targetcal25,3,
,-1,True,,0.86,0.00024741512606851757,,475,,,False,,,,,,33,rider,0.2,0.5,argmax,segformer_b2_cityscapes,acdc_rain_targetcal25,3,0.8823529411764706
1.0,1000,False,0.0,0.0,1.0,0.8378947368421052,77,149.0,0.0,False,0.0,0.0,0.0,,,33,bicycle,0.05,0.1,region_crc,segformer_b2_cityscapes,acdc_rain_targetcal25,6,
1.0,1000,True,0.0,0.0,1.0,0.8378947368421052,77,149.0,0.0,False,0.0,0.0,0.0,,,33,bicycle,0.05,0.1,heuristic,segformer_b2_cityscapes,acdc_rain_targetcal25,6,
,-1,True,,0.735095856524428,0.0011635954724624753,,475,,,False,,,,,,33,bicycle,0.05,0.1,argmax,segformer_b2_cityscapes,acdc_rain_targetcal25,6,0.7114093959731543
1.0,1000,False,0.0,0.0,1.0,0.8378947368421052,77,149.0,0.0,False,0.0,0.0,0.0,,,33,bicycle,0.1,0.1,region_crc,segformer_b2_cityscapes,acdc_rain_targetcal25,6,
1.0,1000,True,0.0,0.0,1.0,0.8378947368421052,77,149.0,0.0,False,0.0,0.0,0.0,,,33,bicycle,0.1,0.1,heuristic,segformer_b2_cityscapes,acdc_rain_targetcal25,6,
,-1,True,,0.735095856524428,0.0011635954724624753,,475,,,False,,,,,,33,bicycle,0.1,0.1,argmax,segformer_b2_cityscapes,acdc_rain_targetcal25,6,0.7114093959731543
1.0,1000,True,0.0,0.0,1.0,0.8378947368421052,77,149.0,0.0,False,0.0,0.0,0.0,,,33,bicycle,0.2,0.1,region_crc,segformer_b2_cityscapes,acdc_rain_targetcal25,6,
0.999,999,True,0.21354359925788496,0.21354359925788496,0.018763095140457153,0.8378947368421052,77,149.0,0.12631578947368421,False,0.3170731707317073,0.07547169811320754,0.0,,,33,bicycle,0.2,0.1,heuristic,segformer_b2_cityscapes,acdc_rain_targetcal25,6,
,-1,True,,0.735095856524428,0.0011635954724624753,,475,,,False,,,,,,33,bicycle,0.2,0.1,argmax,segformer_b2_cityscapes,acdc_rain_targetcal25,6,0.7114093959731543
1.0,1000,False,0.0,0.0,1.0,0.8378947368421052,77,149.0,0.0,False,0.0,0.0,0.0,,,33,bicycle,0.05,0.5,region_crc,segformer_b2_cityscapes,acdc_rain_targetcal25,6,
1.0,1000,True,0.0,0.0,1.0,0.8378947368421052,77,149.0,0.0,False,0.0,0.0,0.0,,,33,bicycle,0.05,0.5,heuristic,segformer_b2_cityscapes,acdc_rain_targetcal25,6,
,-1,True,,0.7824056895485467,0.0011635954724624753,,475,,,False,,,,,,33,bicycle,0.05,0.5,argmax,segformer_b2_cityscapes,acdc_rain_targetcal25,6,0.7583892617449665
1.0,1000,False,0.0,0.0,1.0,0.8378947368421052,77,149.0,0.0,False,0.0,0.0,0.0,,,33,bicycle,0.1,0.5,region_crc,segformer_b2_cityscapes,acdc_rain_targetcal25,6,
1.0,1000,True,0.0,0.0,1.0,0.8378947368421052,77,149.0,0.0,False,0.0,0.0,0.0,,,33,bicycle,0.1,0.5,heuristic,segformer_b2_cityscapes,acdc_rain_targetcal25,6,
,-1,True,,0.7824056895485467,0.0011635954724624753,,475,,,False,,,,,,33,bicycle,0.1,0.5,argmax,segformer_b2_cityscapes,acdc_rain_targetcal25,6,0.7583892617449665
1.0,1000,True,0.0,0.0,1.0,0.8378947368421052,77,149.0,0.0,False,0.0,0.0,0.0,,,33,bicycle,0.2,0.5,region_crc,segformer_b2_cityscapes,acdc_rain_targetcal25,6,
1.0,1000,True,0.0,0.0,1.0,0.8378947368421052,77,149.0,0.0,False,0.0,0.0,0.0,,,33,bicycle,0.2,0.5,heuristic,segformer_b2_cityscapes,acdc_rain_targetcal25,6,
,-1,True,,0.7824056895485467,0.0011635954724624753,,475,,,False,,,,,,33,bicycle,0.2,0.5,argmax,segformer_b2_cityscapes,acdc_rain_targetcal25,6,0.7583892617449665
1.0,1000,False,0.0,0.0,1.0,0.6631578947368421,160,309.0,0.0,False,0.0,0.0,0.0,,,34,person,0.05,0.1,region_crc,segformer_b2_cityscapes,acdc_rain_targetcal25,10,
0.998,998,True,0.0671875,0.0671875,0.031992677599191666,0.6631578947368421,160,309.0,0.3052631578947368,False,0.05747126436781609,0.04424778761061947,0.0,,,34,person,0.05,0.1,heuristic,segformer_b2_cityscapes,acdc_rain_targetcal25,10,
,-1,True,,0.6433215048840049,0.001825560349971056,,475,,,False,,,,,,34,person,0.05,0.1,argmax,segformer_b2_cityscapes,acdc_rain_targetcal25,10,0.5728155339805825
0.999,999,True,0.0671875,0.0671875,0.04164361581206322,0.6631578947368421,160,309.0,0.28421052631578947,False,0.05747126436781609,0.04424778761061947,0.0,,,34,person,0.1,0.1,region_crc,segformer_b2_cityscapes,acdc_rain_targetcal25,10,
0.995,995,True,0.1125,0.1125,0.021964725106954575,0.6631578947368421,160,309.0,0.33473684210526317,True,0.11494252873563218,0.07964601769911504,0.0,,,34,person,0.1,0.1,heuristic,segformer_b2_cityscapes,acdc_rain_targetcal25,10,
,-1,True,,0.6433215048840049,0.001825560349971056,,475,,,False,,,,,,34,person,0.1,0.1,argmax,segformer_b2_cityscapes,acdc_rain_targetcal25,10,0.5728155339805825
0.979,979,True,0.22846688034188034,0.22846688034188034,0.01139476802200079,9.686315789473683,160,309.0,0.33052631578947367,True,0.27586206896551724,0.11504424778761062,0.0,,,34,person,0.2,0.1,region_crc,segformer_b2_cityscapes,acdc_rain_targetcal25,10,
0.966,966,True,0.3023405067155067,0.3023405067155067,0.008907051756978035,9.686315789473683,160,309.0,0.28421052631578947,False,0.3620689655172414,0.168141592920354,0.0,,,34,person,0.2,0.1,heuristic,segformer_b2_cityscapes,acdc_rain_targetcal25,10,
,-1,True,,0.6433215048840049,0.001825560349971056,,475,,,False,,,,,,34,person,0.2,0.1,argmax,segformer_b2_cityscapes,acdc_rain_targetcal25,10,0.5728155339805825
1.0,1000,False,0.0,0.0,1.0,0.6631578947368421,160,309.0,0.0,False,0.0,0.0,0.0,,,34,person,0.05,0.5,region_crc,segformer_b2_cityscapes,acdc_rain_targetcal25,10,
0.999,999,True,0.07708333333333334,0.07708333333333332,0.04164361581206322,0.6631578947368421,160,309.0,0.28421052631578947,False,0.05747126436781609,0.07964601769911504,0.0,,,34,person,0.05,0.5,heuristic,segformer_b2_cityscapes,acdc_rain_targetcal25,10,
,-1,True,,0.7587034493284494,0.001825560349971056,,475,,,False,,,,,,34,person,0.05,0.5,argmax,segformer_b2_cityscapes,acdc_rain_targetcal25,10,0.6957928802588996
0.999,999,True,0.07708333333333334,0.07708333333333332,0.04164361581206322,0.6631578947368421,160,309.0,0.28421052631578947,False,0.05747126436781609,0.07964601769911504,0.0,,,34,person,0.1,0.5,region_crc,segformer_b2_cityscapes,acdc_rain_targetcal25,10,
0.998,998,True,0.1125,0.1125,0.031992677599191666,0.6631578947368421,160,309.0,0.3052631578947368,False,0.10919540229885058,0.08849557522123894,0.0,,,34,person,0.1,0.5,heuristic,segformer_b2_cityscapes,acdc_rain_targetcal25,10,
,-1,True,,0.7587034493284494,0.001825560349971056,,475,,,False,,,,,,34,person,0.1,0.5,argmax,segformer_b2_cityscapes,acdc_rain_targetcal25,10,0.6957928802588996
0.993,993,True,0.219508547008547,0.219508547008547,0.01896214485168457,0.6631578947368421,160,309.0,0.3389473684210526,True,0.23563218390804597,0.168141592920354,0.0,,,34,person,0.2,0.5,region_crc,segformer_b2_cityscapes,acdc_rain_targetcal25,10,
0.977,977,True,0.37931967338217343,0.37931967338217343,0.010890115052461624,9.686315789473683,160,309.0,0.30736842105263157,False,0.4367816091954023,0.21238938053097345,0.045454545454545456,,,34,person,0.2,0.5,heuristic,segformer_b2_cityscapes,acdc_rain_targetcal25,10,
,-1,True,,0.7587034493284494,0.001825560349971056,,475,,,False,,,,,,34,person,0.2,0.5,argmax,segformer_b2_cityscapes,acdc_rain_targetcal25,10,0.6957928802588996
1.0,1000,False,0.0,0.0,1.0,0.9431578947368421,27,35.0,0.0,False,0.0,0.0,0.0,,,34,rider,0.05,0.1,region_crc,segformer_b2_cityscapes,acdc_rain_targetcal25,1,
0.969,969,True,0.7222222222222222,0.7222222222222222,0.001280351309105754,1.2821052631578946,27,35.0,0.11789473684210527,False,0.9583333333333334,0.3333333333333333,0.2,,,34,rider,0.05,0.1,heuristic,segformer_b2_cityscapes,acdc_rain_targetcal25,1,
,-1,True,,0.7962962962962963,0.00028117996407672763,,475,,,False,,,,,,34,rider,0.05,0.1,argmax,segformer_b2_cityscapes,acdc_rain_targetcal25,1,0.8
1.0,1000,False,0.0,0.0,1.0,0.9431578947368421,27,35.0,0.0,False,0.0,0.0,0.0,,,34,rider,0.1,0.1,region_crc,segformer_b2_cityscapes,acdc_rain_targetcal25,1,
0.969,969,True,0.7222222222222222,0.7222222222222222,0.001280351309105754,1.2821052631578946,27,35.0,0.11789473684210527,False,0.9583333333333334,0.3333333333333333,0.2,,,34,rider,0.1,0.1,heuristic,segformer_b2_cityscapes,acdc_rain_targetcal25,1,
,-1,True,,0.7962962962962963,0.00028117996407672763,,475,,,False,,,,,,34,rider,0.1,0.1,argmax,segformer_b2_cityscapes,acdc_rain_targetcal25,1,0.8
1.0,1000,False,0.0,0.0,1.0,0.9431578947368421,27,35.0,0.0,False,0.0,0.0,0.0,,,34,rider,0.2,0.1,region_crc,segformer_b2_cityscapes,acdc_rain_targetcal25,1,
0.969,969,True,0.7222222222222222,0.7222222222222222,0.001280351309105754,1.2821052631578946,27,35.0,0.11789473684210527,False,0.9583333333333334,0.3333333333333333,0.2,,,34,rider,0.2,0.1,heuristic,segformer_b2_cityscapes,acdc_rain_targetcal25,1,
,-1,True,,0.7962962962962963,0.00028117996407672763,,475,,,False,,,,,,34,rider,0.2,0.1,argmax,segformer_b2_cityscapes,acdc_rain_targetcal25,1,0.8
1.0,1000,False,0.0,0.0,1.0,0.9431578947368421,27,35.0,0.0,False,0.0,0.0,0.0,,,34,rider,0.05,0.5,region_crc,segformer_b2_cityscapes,acdc_rain_targetcal25,1,
0.972,972,True,0.7222222222222222,0.7222222222222222,0.0013523970264941454,1.2821052631578946,27,35.0,0.12210526315789472,False,0.9583333333333334,0.3333333333333333,0.2,,,34,rider,0.05,0.5,heuristic,segformer_b2_cityscapes,acdc_rain_targetcal25,1,
,-1,True,,0.8518518518518519,0.00028117996407672763,,475,,,False,,,,,,34,rider,0.05,0.5,argmax,segformer_b2_cityscapes,acdc_rain_targetcal25,1,0.8571428571428571
1.0,1000,False,0.0,0.0,1.0,0.9431578947368421,27,35.0,0.0,False,0.0,0.0,0.0,,,34,rider,0.1,0.5,region_crc,segformer_b2_cityscapes,acdc_rain_targetcal25,1,
0.972,972,True,0.7222222222222222,0.7222222222222222,0.0013523970264941454,1.2821052631578946,27,35.0,0.12210526315789472,False,0.9583333333333334,0.3333333333333333,0.2,,,34,rider,0.1,0.5,heuristic,segformer_b2_cityscapes,acdc_rain_targetcal25,1,
,-1,True,,0.8518518518518519,0.00028117996407672763,,475,,,False,,,,,,34,rider,0.1,0.5,argmax,segformer_b2_cityscapes,acdc_rain_targetcal25,1,0.8571428571428571
1.0,1000,False,0.0,0.0,1.0,0.9431578947368421,27,35.0,0.0,False,0.0,0.0,0.0,,,34,rider,0.2,0.5,region_crc,segformer_b2_cityscapes,acdc_rain_targetcal25,1,
0.972,972,True,0.7222222222222222,0.7222222222222222,0.0013523970264941454,1.2821052631578946,27,35.0,0.12210526315789472,False,0.9583333333333334,0.3333333333333333,0.2,,,34,rider,0.2,0.5,heuristic,segformer_b2_cityscapes,acdc_rain_targetcal25,1,
,-1,True,,0.8518518518518519,0.00028117996407672763,,475,,,False,,,,,,34,rider,0.2,0.5,argmax,segformer_b2_cityscapes,acdc_rain_targetcal25,1,0.8571428571428571
1.0,1000,False,0.0,0.0,1.0,0.8421052631578947,75,147.0,0.0,False,0.0,0.0,0.0,,,34,bicycle,0.05,0.1,region_crc,segformer_b2_cityscapes,acdc_rain_targetcal25,8,
1.0,1000,True,0.0,0.0,1.0,0.8421052631578947,75,147.0,0.0,False,0.0,0.0,0.0,,,34,bicycle,0.05,0.1,heuristic,segformer_b2_cityscapes,acdc_rain_targetcal25,8,
,-1,True,,0.7235873015873016,0.001195775461383164,,475,,,False,,,,,,34,bicycle,0.05,0.1,argmax,segformer_b2_cityscapes,acdc_rain_targetcal25,8,0.7074829931972789
1.0,1000,False,0.0,0.0,1.0,0.8421052631578947,75,147.0,0.0,False,0.0,0.0,0.0,,,34,bicycle,0.1,0.1,region_crc,segformer_b2_cityscapes,acdc_rain_targetcal25,8,
1.0,1000,True,0.0,0.0,1.0,0.8421052631578947,75,147.0,0.0,False,0.0,0.0,0.0,,,34,bicycle,0.1,0.1,heuristic,segformer_b2_cityscapes,acdc_rain_targetcal25,8,
,-1,True,,0.7235873015873016,0.001195775461383164,,475,,,False,,,,,,34,bicycle,0.1,0.1,argmax,segformer_b2_cityscapes,acdc_rain_targetcal25,8,0.7074829931972789
1.0,1000,True,0.0,0.0,1.0,0.8421052631578947,75,147.0,0.0,False,0.0,0.0,0.0,,,34,bicycle,0.2,0.1,region_crc,segformer_b2_cityscapes,acdc_rain_targetcal25,8,
1.0,1000,True,0.0,0.0,1.0,0.8421052631578947,75,147.0,0.0,False,0.0,0.0,0.0,,,34,bicycle,0.2,0.1,heuristic,segformer_b2_cityscapes,acdc_rain_targetcal25,8,
,-1,True,,0.7235873015873016,0.001195775461383164,,475,,,False,,,,,,34,bicycle,0.2,0.1,argmax,segformer_b2_cityscapes,acdc_rain_targetcal25,8,0.7074829931972789
1.0,1000,False,0.0,0.0,1.0,0.8421052631578947,75,147.0,0.0,False,0.0,0.0,0.0,,,34,bicycle,0.05,0.5,region_crc,segformer_b2_cityscapes,acdc_rain_targetcal25,8,
1.0,1000,True,0.0,0.0,1.0,0.8421052631578947,75,147.0,0.0,False,0.0,0.0,0.0,,,34,bicycle,0.05,0.5,heuristic,segformer_b2_cityscapes,acdc_rain_targetcal25,8,
,-1,True,,0.7632698412698412,0.001195775461383164,,475,,,False,,,,,,34,bicycle,0.05,0.5,argmax,segformer_b2_cityscapes,acdc_rain_targetcal25,8,0.7414965986394558
1.0,1000,False,0.0,0.0,1.0,0.8421052631578947,75,147.0,0.0,False,0.0,0.0,0.0,,,34,bicycle,0.1,0.5,region_crc,segformer_b2_cityscapes,acdc_rain_targetcal25,8,
1.0,1000,True,0.0,0.0,1.0,0.8421052631578947,75,147.0,0.0,False,0.0,0.0,0.0,,,34,bicycle,0.1,0.5,heuristic,segformer_b2_cityscapes,acdc_rain_targetcal25,8,
,-1,True,,0.7632698412698412,0.001195775461383164,,475,,,False,,,,,,34,bicycle,0.1,0.5,argmax,segformer_b2_cityscapes,acdc_rain_targetcal25,8,0.7414965986394558
1.0,1000,True,0.0,0.0,1.0,0.8421052631578947,75,147.0,0.0,False,0.0,0.0,0.0,,,34,bicycle,0.2,0.5,region_crc,segformer_b2_cityscapes,acdc_rain_targetcal25,8,
1.0,1000,True,0.0,0.0,1.0,0.8421052631578947,75,147.0,0.0,False,0.0,0.0,0.0,,,34,bicycle,0.2,0.5,heuristic,segformer_b2_cityscapes,acdc_rain_targetcal25,8,
,-1,True,,0.7632698412698412,0.001195775461383164,,475,,,False,,,,,,34,bicycle,0.2,0.5,argmax,segformer_b2_cityscapes,acdc_rain_targetcal25,8,0.7414965986394558
1.0,1000,False,0.0,0.0,1.0,0.6652631578947369,159,313.0,0.0,False,0.0,0.0,0.0,,,35,person,0.05,0.1,region_crc,segformer_b2_cityscapes,acdc_rain_targetcal25,11,
1.0,1000,True,0.0,0.0,1.0,0.6652631578947369,159,313.0,0.0,False,0.0,0.0,0.0,,,35,person,0.05,0.1,heuristic,segformer_b2_cityscapes,acdc_rain_targetcal25,11,
,-1,True,,0.6250405080593759,0.001937377150170505,,475,,,False,,,,,,35,person,0.05,0.1,argmax,segformer_b2_cityscapes,acdc_rain_targetcal25,11,0.5591054313099042
1.0,1000,True,0.0,0.0,1.0,0.6652631578947369,159,313.0,0.0,False,0.0,0.0,0.0,,,35,person,0.1,0.1,region_crc,segformer_b2_cityscapes,acdc_rain_targetcal25,11,
1.0,1000,True,0.0,0.0,1.0,0.6652631578947369,159,313.0,0.0,False,0.0,0.0,0.0,,,35,person,0.1,0.1,heuristic,segformer_b2_cityscapes,acdc_rain_targetcal25,11,
,-1,True,,0.6250405080593759,0.001937377150170505,,475,,,False,,,,,,35,person,0.1,0.1,argmax,segformer_b2_cityscapes,acdc_rain_targetcal25,11,0.5591054313099042
1.0,1000,True,0.0,0.0,1.0,0.6652631578947369,159,313.0,0.0,False,0.0,0.0,0.0,,,35,person,0.2,0.1,region_crc,segformer_b2_cityscapes,acdc_rain_targetcal25,11,
0.998,998,True,0.0571278825995807,0.0571278825995807,0.03210937976837158,0.6652631578947369,159,313.0,0.17894736842105263,False,0.0449438202247191,0.03508771929824561,0.0,,,35,person,0.2,0.1,heuristic,segformer_b2_cityscapes,acdc_rain_targetcal25,11,
,-1,True,,0.6250405080593759,0.001937377150170505,,475,,,False,,,,,,35,person,0.2,0.1,argmax,segformer_b2_cityscapes,acdc_rain_targetcal25,11,0.5591054313099042
1.0,1000,False,0.0,0.0,1.0,0.6652631578947369,159,313.0,0.0,False,0.0,0.0,0.0,,,35,person,0.05,0.5,region_crc,segformer_b2_cityscapes,acdc_rain_targetcal25,11,
1.0,1000,True,0.0,0.0,1.0,0.6652631578947369,159,313.0,0.0,False,0.0,0.0,0.0,,,35,person,0.05,0.5,heuristic,segformer_b2_cityscapes,acdc_rain_targetcal25,11,
,-1,True,,0.7380034710223389,0.001937377150170505,,475,,,False,,,,,,35,person,0.05,0.5,argmax,segformer_b2_cityscapes,acdc_rain_targetcal25,11,0.6773162939297125
1.0,1000,True,0.0,0.0,1.0,0.6652631578947369,159,313.0,0.0,False,0.0,0.0,0.0,,,35,person,0.1,0.5,region_crc,segformer_b2_cityscapes,acdc_rain_targetcal25,11,
1.0,1000,True,0.0,0.0,1.0,0.6652631578947369,159,313.0,0.0,False,0.0,0.0,0.0,,,35,person,0.1,0.5,heuristic,segformer_b2_cityscapes,acdc_rain_targetcal25,11,
,-1,True,,0.7380034710223389,0.001937377150170505,,475,,,False,,,,,,35,person,0.1,0.5,argmax,segformer_b2_cityscapes,acdc_rain_targetcal25,11,0.6773162939297125
1.0,1000,True,0.0,0.0,1.0,0.6652631578947369,159,313.0,0.0,False,0.0,0.0,0.0,,,35,person,0.2,0.5,region_crc,segformer_b2_cityscapes,acdc_rain_targetcal25,11,
1.0,1000,True,0.0,0.0,1.0,0.6652631578947369,159,313.0,0.0,False,0.0,0.0,0.0,,,35,person,0.2,0.5,heuristic,segformer_b2_cityscapes,acdc_rain_targetcal25,11,
,-1,True,,0.7380034710223389,0.001937377150170505,,475,,,False,,,,,,35,person,0.2,0.5,argmax,segformer_b2_cityscapes,acdc_rain_targetcal25,11,0.6773162939297125
1.0,1000,False,0.0,0.0,1.0,0.9431578947368421,27,37.0,0.0,False,0.0,0.0,0.0,,,35,rider,0.05,0.1,region_crc,segformer_b2_cityscapes,acdc_rain_targetcal25,1,
0.993,993,True,0.5555555555555556,0.5555555555555556,0.002766798483207822,0.9431578947368421,27,37.0,0.1578947368421052,False,0.6923076923076923,0.3333333333333333,0.0,,,35,rider,0.05,0.1,heuristic,segformer_b2_cityscapes,acdc_rain_targetcal25,1,
,-1,True,,0.7962962962962963,0.0002812053426168859,,475,,,False,,,,,,35,rider,0.05,0.1,argmax,segformer_b2_cityscapes,acdc_rain_targetcal25,1,0.8108108108108109
1.0,1000,False,0.0,0.0,1.0,0.9431578947368421,27,37.0,0.0,False,0.0,0.0,0.0,,,35,rider,0.1,0.1,region_crc,segformer_b2_cityscapes,acdc_rain_targetcal25,1,
0.993,993,True,0.5555555555555556,0.5555555555555556,0.002766798483207822,0.9431578947368421,27,37.0,0.1578947368421052,False,0.6923076923076923,0.3333333333333333,0.0,,,35,rider,0.1,0.1,heuristic,segformer_b2_cityscapes,acdc_rain_targetcal25,1,
,-1,True,,0.7962962962962963,0.0002812053426168859,,475,,,False,,,,,,35,rider,0.1,0.1,argmax,segformer_b2_cityscapes,acdc_rain_targetcal25,1,0.8108108108108109
1.0,1000,False,0.0,0.0,1.0,0.9431578947368421,27,37.0,0.0,False,0.0,0.0,0.0,,,35,rider,0.2,0.1,region_crc,segformer_b2_cityscapes,acdc_rain_targetcal25,1,
0.993,993,True,0.5555555555555556,0.5555555555555556,0.002766798483207822,0.9431578947368421,27,37.0,0.1578947368421052,False,0.6923076923076923,0.3333333333333333,0.0,,,35,rider,0.2,0.1,heuristic,segformer_b2_cityscapes,acdc_rain_targetcal25,1,
,-1,True,,0.7962962962962963,0.0002812053426168859,,475,,,False,,,,,,35,rider,0.2,0.1,argmax,segformer_b2_cityscapes,acdc_rain_targetcal25,1,0.8108108108108109
1.0,1000,False,0.0,0.0,1.0,0.9431578947368421,27,37.0,0.0,False,0.0,0.0,0.0,,,35,rider,0.05,0.5,region_crc,segformer_b2_cityscapes,acdc_rain_targetcal25,1,
0.997,997,True,0.5740740740740741,0.5740740740740741,0.004190829582512379,0.9431578947368421,27,37.0,0.16421052631578947,False,0.6923076923076923,0.16666666666666666,0.2,,,35,rider,0.05,0.5,heuristic,segformer_b2_cityscapes,acdc_rain_targetcal25,1,
,-1,True,,0.8518518518518519,0.0002812053426168859,,475,,,False,,,,,,35,rider,0.05,0.5,argmax,segformer_b2_cityscapes,acdc_rain_targetcal25,1,0.8648648648648649
1.0,1000,False,0.0,0.0,1.0,0.9431578947368421,27,37.0,0.0,False,0.0,0.0,0.0,,,35,rider,0.1,0.5,region_crc,segformer_b2_cityscapes,acdc_rain_targetcal25,1,
0.997,997,True,0.5740740740740741,0.5740740740740741,0.004190829582512379,0.9431578947368421,27,37.0,0.16421052631578947,False,0.6923076923076923,0.16666666666666666,0.2,,,35,rider,0.1,0.5,heuristic,segformer_b2_cityscapes,acdc_rain_targetcal25,1,
,-1,True,,0.8518518518518519,0.0002812053426168859,,475,,,False,,,,,,35,rider,0.1,0.5,argmax,segformer_b2_cityscapes,acdc_rain_targetcal25,1,0.8648648648648649
1.0,1000,False,0.0,0.0,1.0,0.9431578947368421,27,37.0,0.0,False,0.0,0.0,0.0,,,35,rider,0.2,0.5,region_crc,segformer_b2_cityscapes,acdc_rain_targetcal25,1,
0.997,997,True,0.5740740740740741,0.5740740740740741,0.004190829582512379,0.9431578947368421,27,37.0,0.16421052631578947,False,0.6923076923076923,0.16666666666666666,0.2,,,35,rider,0.2,0.5,heuristic,segformer_b2_cityscapes,acdc_rain_targetcal25,1,
,-1,True,,0.8518518518518519,0.0002812053426168859,,475,,,False,,,,,,35,rider,0.2,0.5,argmax,segformer_b2_cityscapes,acdc_rain_targetcal25,1,0.8648648648648649
1.0,1000,False,0.0,0.0,1.0,0.8336842105263158,79,152.0,0.0,False,0.0,0.0,0.0,,,35,bicycle,0.05,0.1,region_crc,segformer_b2_cityscapes,acdc_rain_targetcal25,4,
0.999,999,True,0.22079566003616638,0.22079566003616638,0.018491970375180244,0.8336842105263158,79,152.0,0.15999999999999992,False,0.3253012048192771,0.07272727272727272,0.0,,,35,bicycle,0.05,0.1,heuristic,segformer_b2_cityscapes,acdc_rain_targetcal25,4,
,-1,True,,0.7164858348402653,0.001173319760710001,,475,,,False,,,,,,35,bicycle,0.05,0.1,argmax,segformer_b2_cityscapes,acdc_rain_targetcal25,4,0.6973684210526315
1.0,1000,False,0.0,0.0,1.0,0.8336842105263158,79,152.0,0.0,False,0.0,0.0,0.0,,,35,bicycle,0.1,0.1,region_crc,segformer_b2_cityscapes,acdc_rain_targetcal25,4,
0.999,999,True,0.22079566003616638,0.22079566003616638,0.018491970375180244,0.8336842105263158,79,152.0,0.15999999999999992,False,0.3253012048192771,0.07272727272727272,0.0,,,35,bicycle,0.1,0.1,heuristic,segformer_b2_cityscapes,acdc_rain_targetcal25,4,
,-1,True,,0.7164858348402653,0.001173319760710001,,475,,,False,,,,,,35,bicycle,0.1,0.1,argmax,segformer_b2_cityscapes,acdc_rain_targetcal25,4,0.6973684210526315
0.999,999,True,0.22079566003616638,0.22079566003616638,0.018491970375180244,0.8336842105263158,79,152.0,0.15999999999999992,False,0.3253012048192771,0.07272727272727272,0.0,,,35,bicycle,0.2,0.1,region_crc,segformer_b2_cityscapes,acdc_rain_targetcal25,4,
0.999,999,True,0.22079566003616638,0.22079566003616638,0.018491970375180244,0.8336842105263158,79,152.0,0.15999999999999992,False,0.3253012048192771,0.07272727272727272,0.0,,,35,bicycle,0.2,0.1,heuristic,segformer_b2_cityscapes,acdc_rain_targetcal25,4,
,-1,True,,0.7164858348402653,0.001173319760710001,,475,,,False,,,,,,35,bicycle,0.2,0.1,argmax,segformer_b2_cityscapes,acdc_rain_targetcal25,4,0.6973684210526315
1.0,1000,False,0.0,0.0,1.0,0.8336842105263158,79,152.0,0.0,False,0.0,0.0,0.0,,,35,bicycle,0.05,0.5,region_crc,segformer_b2_cityscapes,acdc_rain_targetcal25,4,
1.0,1000,True,0.0,0.0,1.0,0.8336842105263158,79,152.0,0.0,False,0.0,0.0,0.0,,,35,bicycle,0.05,0.5,heuristic,segformer_b2_cityscapes,acdc_rain_targetcal25,4,
,-1,True,,0.7625979505726341,0.001173319760710001,,475,,,False,,,,,,35,bicycle,0.05,0.5,argmax,segformer_b2_cityscapes,acdc_rain_targetcal25,4,0.743421052631579
1.0,1000,False,0.0,0.0,1.0,0.8336842105263158,79,152.0,0.0,False,0.0,0.0,0.0,,,35,bicycle,0.1,0.5,region_crc,segformer_b2_cityscapes,acdc_rain_targetcal25,4,
1.0,1000,True,0.0,0.0,1.0,0.8336842105263158,79,152.0,0.0,False,0.0,0.0,0.0,,,35,bicycle,0.1,0.5,heuristic,segformer_b2_cityscapes,acdc_rain_targetcal25,4,
,-1,True,,0.7625979505726341,0.001173319760710001,,475,,,False,,,,,,35,bicycle,0.1,0.5,argmax,segformer_b2_cityscapes,acdc_rain_targetcal25,4,0.743421052631579
1.0,1000,True,0.0,0.0,1.0,0.8336842105263158,79,152.0,0.0,False,0.0,0.0,0.0,,,35,bicycle,0.2,0.5,region_crc,segformer_b2_cityscapes,acdc_rain_targetcal25,4,
1.0,1000,True,0.0,0.0,1.0,0.8336842105263158,79,152.0,0.0,False,0.0,0.0,0.0,,,35,bicycle,0.2,0.5,heuristic,segformer_b2_cityscapes,acdc_rain_targetcal25,4,
,-1,True,,0.7625979505726341,0.001173319760710001,,475,,,False,,,,,,35,bicycle,0.2,0.5,argmax,segformer_b2_cityscapes,acdc_rain_targetcal25,4,0.743421052631579
1.0,1000,False,0.0,0.0,1.0,0.6568421052631579,163,319.0,0.0,False,0.0,0.0,0.0,,,36,person,0.05,0.1,region_crc,segformer_b2_cityscapes,acdc_rain_targetcal25,7,
0.995,995,True,0.11574642126789367,0.11574642126789367,0.021997977048158646,0.6568421052631579,163,319.0,0.1473684210526316,False,0.1270718232044199,0.0782608695652174,0.0,,,36,person,0.05,0.1,heuristic,segformer_b2_cityscapes,acdc_rain_targetcal25,7,
,-1,True,,0.6495793912971827,0.001865142723545432,,475,,,False,,,,,,36,person,0.05,0.1,argmax,segformer_b2_cityscapes,acdc_rain_targetcal25,7,0.5893416927899686
1.0,1000,False,0.0,0.0,1.0,0.6568421052631579,163,319.0,0.0,False,0.0,0.0,0.0,,,36,person,0.1,0.1,region_crc,segformer_b2_cityscapes,acdc_rain_targetcal25,7,
0.992,992,True,0.14918200408997956,0.14918200408997956,0.017902839928865433,0.6568421052631579,163,319.0,0.13684210526315788,False,0.19337016574585636,0.0782608695652174,0.0,,,36,person,0.1,0.1,heuristic,segformer_b2_cityscapes,acdc_rain_targetcal25,7,
,-1,True,,0.6495793912971827,0.001865142723545432,,475,,,False,,,,,,36,person,0.1,0.1,argmax,segformer_b2_cityscapes,acdc_rain_targetcal25,7,0.5893416927899686
0.992,992,True,0.14918200408997956,0.14918200408997956,0.017902839928865433,0.6568421052631579,163,319.0,0.13684210526315788,False,0.19337016574585636,0.0782608695652174,0.0,,,36,person,0.2,0.1,region_crc,segformer_b2_cityscapes,acdc_rain_targetcal25,7,
0.986,986,True,0.1989040952231136,0.19890409522311364,0.013871939852833748,9.76842105263158,163,319.0,0.14526315789473676,False,0.2541436464088398,0.09565217391304348,0.0,,,36,person,0.2,0.1,heuristic,segformer_b2_cityscapes,acdc_rain_targetcal25,7,
,-1,True,,0.6495793912971827,0.001865142723545432,,475,,,False,,,,,,36,person,0.2,0.1,argmax,segformer_b2_cityscapes,acdc_rain_targetcal25,7,0.5893416927899686
1.0,1000,False,0.0,0.0,1.0,0.6568421052631579,163,319.0,0.0,False,0.0,0.0,0.0,,,36,person,0.05,0.5,region_crc,segformer_b2_cityscapes,acdc_rain_targetcal25,7,
0.996,996,True,0.15736196319018403,0.15736196319018403,0.024181237444281578,0.6568421052631579,163,319.0,0.14315789473684215,False,0.1878453038674033,0.09565217391304348,0.0,,,36,person,0.05,0.5,heuristic,segformer_b2_cityscapes,acdc_rain_targetcal25,7,
,-1,True,,0.7628377416720975,0.001865142723545432,,475,,,False,,,,,,36,person,0.05,0.5,argmax,segformer_b2_cityscapes,acdc_rain_targetcal25,7,0.7084639498432602
1.0,1000,False,0.0,0.0,1.0,0.6568421052631579,163,319.0,0.0,False,0.0,0.0,0.0,,,36,person,0.1,0.5,region_crc,segformer_b2_cityscapes,acdc_rain_targetcal25,7,
0.993,993,True,0.21894499501861464,0.21894499501861464,0.018992701545357704,0.6568421052631579,163,319.0,0.13473684210526315,False,0.2430939226519337,0.16521739130434782,0.0,,,36,person,0.1,0.5,heuristic,segformer_b2_cityscapes,acdc_rain_targetcal25,7,
,-1,True,,0.7628377416720975,0.001865142723545432,,475,,,False,,,,,,36,person,0.1,0.5,argmax,segformer_b2_cityscapes,acdc_rain_targetcal25,7,0.7084639498432602
0.993,993,True,0.21894499501861464,0.21894499501861464,0.018992701545357704,0.6568421052631579,163,319.0,0.13473684210526315,False,0.2430939226519337,0.16521739130434782,0.0,,,36,person,0.2,0.5,region_crc,segformer_b2_cityscapes,acdc_rain_targetcal25,7,
0.992,992,True,0.23070368622515863,0.2307036862251586,0.017902839928865433,0.6568421052631579,163,319.0,0.13684210526315788,False,0.2596685082872928,0.17391304347826086,0.0,,,36,person,0.2,0.5,heuristic,segformer_b2_cityscapes,acdc_rain_targetcal25,7,
,-1,True,,0.7628377416720975,0.001865142723545432,,475,,,False,,,,,,36,person,0.2,0.5,argmax,segformer_b2_cityscapes,acdc_rain_targetcal25,7,0.7084639498432602
,-1,False,,,,,475,,,False,,,,,,36,rider,0.05,0.1,region_crc,segformer_b2_cityscapes,acdc_rain_targetcal25,0,
,-1,False,,,,,475,,,False,,,,,,36,rider,0.05,0.1,heuristic,segformer_b2_cityscapes,acdc_rain_targetcal25,0,
,-1,True,,0.8035714285714286,0.0002789077698253095,,475,,,False,,,,,,36,rider,0.05,0.1,argmax,segformer_b2_cityscapes,acdc_rain_targetcal25,0,0.8157894736842105
,-1,False,,,,,475,,,False,,,,,,36,rider,0.1,0.1,region_crc,segformer_b2_cityscapes,acdc_rain_targetcal25,0,
,-1,False,,,,,475,,,False,,,,,,36,rider,0.1,0.1,heuristic,segformer_b2_cityscapes,acdc_rain_targetcal25,0,
,-1,True,,0.8035714285714286,0.0002789077698253095,,475,,,False,,,,,,36,rider,0.1,0.1,argmax,segformer_b2_cityscapes,acdc_rain_targetcal25,0,0.8157894736842105
,-1,False,,,,,475,,,False,,,,,,36,rider,0.2,0.1,region_crc,segformer_b2_cityscapes,acdc_rain_targetcal25,0,
,-1,False,,,,,475,,,False,,,,,,36,rider,0.2,0.1,heuristic,segformer_b2_cityscapes,acdc_rain_targetcal25,0,
,-1,True,,0.8035714285714286,0.0002789077698253095,,475,,,False,,,,,,36,rider,0.2,0.1,argmax,segformer_b2_cityscapes,acdc_rain_targetcal25,0,0.8157894736842105
,-1,False,,,,,475,,,False,,,,,,36,rider,0.05,0.5,region_crc,segformer_b2_cityscapes,acdc_rain_targetcal25,0,
,-1,False,,,,,475,,,False,,,,,,36,rider,0.05,0.5,heuristic,segformer_b2_cityscapes,acdc_rain_targetcal25,0,
,-1,True,,0.8571428571428571,0.0002789077698253095,,475,,,False,,,,,,36,rider,0.05,0.5,argmax,segformer_b2_cityscapes,acdc_rain_targetcal25,0,0.868421052631579
,-1,False,,,,,475,,,False,,,,,,36,rider,0.1,0.5,region_crc,segformer_b2_cityscapes,acdc_rain_targetcal25,0,
,-1,False,,,,,475,,,False,,,,,,36,rider,0.1,0.5,heuristic,segformer_b2_cityscapes,acdc_rain_targetcal25,0,
,-1,True,,0.8571428571428571,0.0002789077698253095,,475,,,False,,,,,,36,rider,0.1,0.5,argmax,segformer_b2_cityscapes,acdc_rain_targetcal25,0,0.868421052631579
,-1,False,,,,,475,,,False,,,,,,36,rider,0.2,0.5,region_crc,segformer_b2_cityscapes,acdc_rain_targetcal25,0,
,-1,False,,,,,475,,,False,,,,,,36,rider,0.2,0.5,heuristic,segformer_b2_cityscapes,acdc_rain_targetcal25,0,
,-1,True,,0.8571428571428571,0.0002789077698253095,,475,,,False,,,,,,36,rider,0.2,0.5,argmax,segformer_b2_cityscapes,acdc_rain_targetcal25,0,0.868421052631579
1.0,1000,False,0.0,0.0,1.0,0.8294736842105264,81,152.0,0.0,False,0.0,0.0,0.0,,,36,bicycle,0.05,0.1,region_crc,segformer_b2_cityscapes,acdc_rain_targetcal25,2,
0.97,970,True,0.47013521457965907,0.47013521457965907,0.003818389493972063,3.665263157894737,81,152.0,0.12000000000000005,False,0.611764705882353,0.2962962962962963,0.0,,,36,bicycle,0.05,0.1,heuristic,segformer_b2_cityscapes,acdc_rain_targetcal25,2,
,-1,True,,0.7358318636096414,0.001169578405097127,,475,,,False,,,,,,36,bicycle,0.05,0.1,argmax,segformer_b2_cityscapes,acdc_rain_targetcal25,2,0.7236842105263158
1.0,1000,False,0.0,0.0,1.0,0.8294736842105264,81,152.0,0.0,False,0.0,0.0,0.0,,,36,bicycle,0.1,0.1,region_crc,segformer_b2_cityscapes,acdc_rain_targetcal25,2,
0.97,970,True,0.47013521457965907,0.47013521457965907,0.003818389493972063,3.665263157894737,81,152.0,0.12000000000000005,False,0.611764705882353,0.2962962962962963,0.0,,,36,bicycle,0.1,0.1,heuristic,segformer_b2_cityscapes,acdc_rain_targetcal25,2,
,-1,True,,0.7358318636096414,0.001169578405097127,,475,,,False,,,,,,36,bicycle,0.1,0.1,argmax,segformer_b2_cityscapes,acdc_rain_targetcal25,2,0.7236842105263158
1.0,1000,False,0.0,0.0,1.0,0.8294736842105264,81,152.0,0.0,False,0.0,0.0,0.0,,,36,bicycle,0.2,0.1,region_crc,segformer_b2_cityscapes,acdc_rain_targetcal25,2,
0.905,905,True,0.6170781893004116,0.6170781893004116,0.0022549282293766737,1.4126315789473685,81,152.0,0.12421052631578944,False,0.7294117647058823,0.46296296296296297,0.0,,,36,bicycle,0.2,0.1,heuristic,segformer_b2_cityscapes,acdc_rain_targetcal25,2,
,-1,True,,0.7358318636096414,0.001169578405097127,,475,,,False,,,,,,36,bicycle,0.2,0.1,argmax,segformer_b2_cityscapes,acdc_rain_targetcal25,2,0.7236842105263158
1.0,1000,False,0.0,0.0,1.0,0.8294736842105264,81,152.0,0.0,False,0.0,0.0,0.0,,,36,bicycle,0.05,0.5,region_crc,segformer_b2_cityscapes,acdc_rain_targetcal25,2,
0.995,995,True,0.40047031158142266,0.40047031158142277,0.0089712580665946,0.8294736842105264,81,152.0,0.09473684210526316,False,0.5529411764705883,0.25925925925925924,0.0,,,36,bicycle,0.05,0.5,heuristic,segformer_b2_cityscapes,acdc_rain_targetcal25,2,
,-1,True,,0.7808054085831864,0.001169578405097127,,475,,,False,,,,,,36,bicycle,0.05,0.5,argmax,segformer_b2_cityscapes,acdc_rain_targetcal25,2,0.7697368421052632
1.0,1000,False,0.0,0.0,1.0,0.8294736842105264,81,152.0,0.0,False,0.0,0.0,0.0,,,36,bicycle,0.1,0.5,region_crc,segformer_b2_cityscapes,acdc_rain_targetcal25,2,
0.995,995,True,0.40047031158142266,0.40047031158142277,0.0089712580665946,0.8294736842105264,81,152.0,0.09473684210526316,False,0.5529411764705883,0.25925925925925924,0.0,,,36,bicycle,0.1,0.5,heuristic,segformer_b2_cityscapes,acdc_rain_targetcal25,2,
,-1,True,,0.7808054085831864,0.001169578405097127,,475,,,False,,,,,,36,bicycle,0.1,0.5,argmax,segformer_b2_cityscapes,acdc_rain_targetcal25,2,0.7697368421052632
1.0,1000,False,0.0,0.0,1.0,0.8294736842105264,81,152.0,0.0,False,0.0,0.0,0.0,,,36,bicycle,0.2,0.5,region_crc,segformer_b2_cityscapes,acdc_rain_targetcal25,2,
0.987,987,True,0.5171663727219283,0.5171663727219283,0.00567523343488574,3.665263157894737,81,152.0,0.11999999999999998,False,0.6235294117647059,0.3888888888888889,0.0,,,36,bicycle,0.2,0.5,heuristic,segformer_b2_cityscapes,acdc_rain_targetcal25,2,
,-1,True,,0.7808054085831864,0.001169578405097127,,475,,,False,,,,,,36,bicycle,0.2,0.5,argmax,segformer_b2_cityscapes,acdc_rain_targetcal25,2,0.7697368421052632
1.0,1000,False,0.0,0.0,1.0,0.6610526315789473,161,320.0,0.0,False,0.0,0.0,0.0,,,37,person,0.05,0.1,region_crc,segformer_b2_cityscapes,acdc_rain_targetcal25,9,
0.989,989,True,0.17035886818495513,0.17035886818495513,0.015509423799812794,0.6610526315789473,161,320.0,0.22315789473684206,False,0.21621621621621623,0.07894736842105263,0.0,,,37,person,0.05,0.1,heuristic,segformer_b2_cityscapes,acdc_rain_targetcal25,9,
,-1,True,,0.6483319303195079,0.0018590734107419848,,475,,,False,,,,,,37,person,0.05,0.1,argmax,segformer_b2_cityscapes,acdc_rain_targetcal25,9,0.590625
0.989,989,True,0.17035886818495513,0.17035886818495513,0.015509423799812794,0.6610526315789473,161,320.0,0.22315789473684206,False,0.21621621621621623,0.07894736842105263,0.0,,,37,person,0.1,0.1,region_crc,segformer_b2_cityscapes,acdc_rain_targetcal25,9,
0.989,989,True,0.17035886818495513,0.17035886818495513,0.015509423799812794,0.6610526315789473,161,320.0,0.22315789473684206,False,0.21621621621621623,0.07894736842105263,0.0,,,37,person,0.1,0.1,heuristic,segformer_b2_cityscapes,acdc_rain_targetcal25,9,
,-1,True,,0.6483319303195079,0.0018590734107419848,,475,,,False,,,,,,37,person,0.1,0.1,argmax,segformer_b2_cityscapes,acdc_rain_targetcal25,9,0.590625
0.866,866,True,0.5211904382711836,0.5211904382711836,0.004047098569571972,4.402105263157894,161,320.0,0.20421052631578948,False,0.6432432432432432,0.23684210526315788,0.047619047619047616,,,37,person,0.2,0.1,region_crc,segformer_b2_cityscapes,acdc_rain_targetcal25,9,
0.866,866,True,0.5211904382711836,0.5211904382711836,0.004047098569571972,4.402105263157894,161,320.0,0.20421052631578948,False,0.6432432432432432,0.23684210526315788,0.047619047619047616,,,37,person,0.2,0.1,heuristic,segformer_b2_cityscapes,acdc_rain_targetcal25,9,
,-1,True,,0.6483319303195079,0.0018590734107419848,,475,,,False,,,,,,37,person,0.2,0.1,argmax,segformer_b2_cityscapes,acdc_rain_targetcal25,9,0.590625
1.0,1000,False,0.0,0.0,1.0,0.6610526315789473,161,320.0,0.0,False,0.0,0.0,0.0,,,37,person,0.05,0.5,region_crc,segformer_b2_cityscapes,acdc_rain_targetcal25,9,
0.993,993,True,0.22477039868344215,0.22477039868344215,0.018995705991983414,0.6610526315789473,161,320.0,0.2442105263157895,False,0.24324324324324326,0.16666666666666666,0.0,,,37,person,0.05,0.5,heuristic,segformer_b2_cityscapes,acdc_rain_targetcal25,9,
,-1,True,,0.7516100531628482,0.0018590734107419848,,475,,,False,,,,,,37,person,0.05,0.5,argmax,segformer_b2_cityscapes,acdc_rain_targetcal25,9,0.7
0.993,993,True,0.22477039868344215,0.22477039868344215,0.018995705991983414,0.6610526315789473,161,320.0,0.2442105263157895,False,0.24324324324324326,0.16666666666666666,0.0,,,37,person,0.1,0.5,region_crc,segformer_b2_cityscapes,acdc_rain_targetcal25,9,
0.993,993,True,0.22477039868344215,0.22477039868344215,0.018995705991983414,0.6610526315789473,161,320.0,0.2442105263157895,False,0.24324324324324326,0.16666666666666666,0.0,,,37,person,0.1,0.5,heuristic,segformer_b2_cityscapes,acdc_rain_targetcal25,9,
,-1,True,,0.7516100531628482,0.0018590734107419848,,475,,,False,,,,,,37,person,0.1,0.5,argmax,segformer_b2_cityscapes,acdc_rain_targetcal25,9,0.7
0.975,975,True,0.39124936485184936,0.3912493648518493,0.01045780349522829,9.776842105263158,161,320.0,0.24,False,0.4540540540540541,0.21929824561403508,0.047619047619047616,,,37,person,0.2,0.5,region_crc,segformer_b2_cityscapes,acdc_rain_targetcal25,9,
0.975,975,True,0.39124936485184936,0.3912493648518493,0.01045780349522829,9.776842105263158,161,320.0,0.24,False,0.4540540540540541,0.21929824561403508,0.047619047619047616,,,37,person,0.2,0.5,heuristic,segformer_b2_cityscapes,acdc_rain_targetcal25,9,
,-1,True,,0.7516100531628482,0.0018590734107419848,,475,,,False,,,,,,37,person,0.2,0.5,argmax,segformer_b2_cityscapes,acdc_rain_targetcal25,9,0.7
,-1,False,,,,,475,,,False,,,,,,37,rider,0.05,0.1,region_crc,segformer_b2_cityscapes,acdc_rain_targetcal25,0,
,-1,False,,,,,475,,,False,,,,,,37,rider,0.05,0.1,heuristic,segformer_b2_cityscapes,acdc_rain_targetcal25,0,
,-1,True,,0.8035714285714286,0.0002812053426168859,,475,,,False,,,,,,37,rider,0.05,0.1,argmax,segformer_b2_cityscapes,acdc_rain_targetcal25,0,0.8157894736842105
,-1,False,,,,,475,,,False,,,,,,37,rider,0.1,0.1,region_crc,segformer_b2_cityscapes,acdc_rain_targetcal25,0,
,-1,False,,,,,475,,,False,,,,,,37,rider,0.1,0.1,heuristic,segformer_b2_cityscapes,acdc_rain_targetcal25,0,
,-1,True,,0.8035714285714286,0.0002812053426168859,,475,,,False,,,,,,37,rider,0.1,0.1,argmax,segformer_b2_cityscapes,acdc_rain_targetcal25,0,0.8157894736842105
,-1,False,,,,,475,,,False,,,,,,37,rider,0.2,0.1,region_crc,segformer_b2_cityscapes,acdc_rain_targetcal25,0,
,-1,False,,,,,475,,,False,,,,,,37,rider,0.2,0.1,heuristic,segformer_b2_cityscapes,acdc_rain_targetcal25,0,
,-1,True,,0.8035714285714286,0.0002812053426168859,,475,,,False,,,,,,37,rider,0.2,0.1,argmax,segformer_b2_cityscapes,acdc_rain_targetcal25,0,0.8157894736842105
,-1,False,,,,,475,,,False,,,,,,37,rider,0.05,0.5,region_crc,segformer_b2_cityscapes,acdc_rain_targetcal25,0,
,-1,False,,,,,475,,,False,,,,,,37,rider,0.05,0.5,heuristic,segformer_b2_cityscapes,acdc_rain_targetcal25,0,
,-1,True,,0.8571428571428571,0.0002812053426168859,,475,,,False,,,,,,37,rider,0.05,0.5,argmax,segformer_b2_cityscapes,acdc_rain_targetcal25,0,0.868421052631579
,-1,False,,,,,475,,,False,,,,,,37,rider,0.1,0.5,region_crc,segformer_b2_cityscapes,acdc_rain_targetcal25,0,
,-1,False,,,,,475,,,False,,,,,,37,rider,0.1,0.5,heuristic,segformer_b2_cityscapes,acdc_rain_targetcal25,0,
,-1,True,,0.8571428571428571,0.0002812053426168859,,475,,,False,,,,,,37,rider,0.1,0.5,argmax,segformer_b2_cityscapes,acdc_rain_targetcal25,0,0.868421052631579
,-1,False,,,,,475,,,False,,,,,,37,rider,0.2,0.5,region_crc,segformer_b2_cityscapes,acdc_rain_targetcal25,0,
,-1,False,,,,,475,,,False,,,,,,37,rider,0.2,0.5,heuristic,segformer_b2_cityscapes,acdc_rain_targetcal25,0,
,-1,True,,0.8571428571428571,0.0002812053426168859,,475,,,False,,,,,,37,rider,0.2,0.5,argmax,segformer_b2_cityscapes,acdc_rain_targetcal25,0,0.868421052631579
1.0,1000,False,0.0,0.0,1.0,0.84,76,150.0,0.0,False,0.0,0.0,0.0,,,37,bicycle,0.05,0.1,region_crc,segformer_b2_cityscapes,acdc_rain_targetcal25,7,
1.0,1000,True,0.0,0.0,1.0,0.84,76,150.0,0.0,False,0.0,0.0,0.0,,,37,bicycle,0.05,0.1,heuristic,segformer_b2_cityscapes,acdc_rain_targetcal25,7,
,-1,True,,0.7118734335839599,0.0011041047982871532,,475,,,False,,,,,,37,bicycle,0.05,0.1,argmax,segformer_b2_cityscapes,acdc_rain_targetcal25,7,0.7
1.0,1000,False,0.0,0.0,1.0,0.84,76,150.0,0.0,False,0.0,0.0,0.0,,,37,bicycle,0.1,0.1,region_crc,segformer_b2_cityscapes,acdc_rain_targetcal25,7,
1.0,1000,True,0.0,0.0,1.0,0.84,76,150.0,0.0,False,0.0,0.0,0.0,,,37,bicycle,0.1,0.1,heuristic,segformer_b2_cityscapes,acdc_rain_targetcal25,7,
,-1,True,,0.7118734335839599,0.0011041047982871532,,475,,,False,,,,,,37,bicycle,0.1,0.1,argmax,segformer_b2_cityscapes,acdc_rain_targetcal25,7,0.7
1.0,1000,True,0.0,0.0,1.0,0.84,76,150.0,0.0,False,0.0,0.0,0.0,,,37,bicycle,0.2,0.1,region_crc,segformer_b2_cityscapes,acdc_rain_targetcal25,7,
1.0,1000,True,0.0,0.0,1.0,0.84,76,150.0,0.0,False,0.0,0.0,0.0,,,37,bicycle,0.2,0.1,heuristic,segformer_b2_cityscapes,acdc_rain_targetcal25,7,
,-1,True,,0.7118734335839599,0.0011041047982871532,,475,,,False,,,,,,37,bicycle,0.2,0.1,argmax,segformer_b2_cityscapes,acdc_rain_targetcal25,7,0.7
1.0,1000,False,0.0,0.0,1.0,0.84,76,150.0,0.0,False,0.0,0.0,0.0,,,37,bicycle,0.05,0.5,region_crc,segformer_b2_cityscapes,acdc_rain_targetcal25,7,
1.0,1000,True,0.0,0.0,1.0,0.84,76,150.0,0.0,False,0.0,0.0,0.0,,,37,bicycle,0.05,0.5,heuristic,segformer_b2_cityscapes,acdc_rain_targetcal25,7,
,-1,True,,0.7598057644110275,0.0011041047982871532,,475,,,False,,,,,,37,bicycle,0.05,0.5,argmax,segformer_b2_cityscapes,acdc_rain_targetcal25,7,0.7466666666666667
1.0,1000,False,0.0,0.0,1.0,0.84,76,150.0,0.0,False,0.0,0.0,0.0,,,37,bicycle,0.1,0.5,region_crc,segformer_b2_cityscapes,acdc_rain_targetcal25,7,
1.0,1000,True,0.0,0.0,1.0,0.84,76,150.0,0.0,False,0.0,0.0,0.0,,,37,bicycle,0.1,0.5,heuristic,segformer_b2_cityscapes,acdc_rain_targetcal25,7,
,-1,True,,0.7598057644110275,0.0011041047982871532,,475,,,False,,,,,,37,bicycle,0.1,0.5,argmax,segformer_b2_cityscapes,acdc_rain_targetcal25,7,0.7466666666666667
1.0,1000,True,0.0,0.0,1.0,0.84,76,150.0,0.0,False,0.0,0.0,0.0,,,37,bicycle,0.2,0.5,region_crc,segformer_b2_cityscapes,acdc_rain_targetcal25,7,
1.0,1000,True,0.0,0.0,1.0,0.84,76,150.0,0.0,False,0.0,0.0,0.0,,,37,bicycle,0.2,0.5,heuristic,segformer_b2_cityscapes,acdc_rain_targetcal25,7,
,-1,True,,0.7598057644110275,0.0011041047982871532,,475,,,False,,,,,,37,bicycle,0.2,0.5,argmax,segformer_b2_cityscapes,acdc_rain_targetcal25,7,0.7466666666666667
1.0,1000,False,0.0,0.0,1.0,0.6673684210526316,158,308.0,0.0,False,0.0,0.0,0.0,,,38,person,0.05,0.1,region_crc,segformer_b2_cityscapes,acdc_rain_targetcal25,12,
0.993,993,True,0.13755274261603376,0.13755274261603376,0.018975429236888885,0.6673684210526316,158,308.0,0.24421052631578946,False,0.1791907514450867,0.06956521739130435,0.0,,,38,person,0.05,0.1,heuristic,segformer_b2_cityscapes,acdc_rain_targetcal25,12,
,-1,True,,0.6485112285745197,0.001773560419678688,,475,,,False,,,,,,38,person,0.05,0.1,argmax,segformer_b2_cityscapes,acdc_rain_targetcal25,12,0.5844155844155844
1.0,1000,True,0.0,0.0,1.0,0.6673684210526316,158,308.0,0.0,False,0.0,0.0,0.0,,,38,person,0.1,0.1,region_crc,segformer_b2_cityscapes,acdc_rain_targetcal25,12,
0.985,985,True,0.20910148220274802,0.20910148220274802,0.013411670923233032,9.745263157894737,158,308.0,0.21684210526315786,False,0.27167630057803466,0.09565217391304348,0.0,,,38,person,0.1,0.1,heuristic,segformer_b2_cityscapes,acdc_rain_targetcal25,12,
,-1,True,,0.6485112285745197,0.001773560419678688,,475,,,False,,,,,,38,person,0.1,0.1,argmax,segformer_b2_cityscapes,acdc_rain_targetcal25,12,0.5844155844155844
0.972,972,True,0.2903448169270954,0.29034481692709535,0.009843421168625355,9.745263157894737,158,308.0,0.2252631578947368,False,0.3468208092485549,0.1565217391304348,0.0,,,38,person,0.2,0.1,region_crc,segformer_b2_cityscapes,acdc_rain_targetcal25,12,
0.972,972,True,0.2903448169270954,0.29034481692709535,0.009843421168625355,9.745263157894737,158,308.0,0.2252631578947368,False,0.3468208092485549,0.1565217391304348,0.0,,,38,person,0.2,0.1,heuristic,segformer_b2_cityscapes,acdc_rain_targetcal25,12,
,-1,True,,0.6485112285745197,0.001773560419678688,,475,,,False,,,,,,38,person,0.2,0.1,argmax,segformer_b2_cityscapes,acdc_rain_targetcal25,12,0.5844155844155844
1.0,1000,False,0.0,0.0,1.0,0.6673684210526316,158,308.0,0.0,False,0.0,0.0,0.0,,,38,person,0.05,0.5,region_crc,segformer_b2_cityscapes,acdc_rain_targetcal25,12,
0.999,999,True,0.07489451476793248,0.07489451476793248,0.04168807715177536,0.6673684210526316,158,308.0,0.1831578947368421,False,0.057803468208092484,0.06956521739130435,0.0,,,38,person,0.05,0.5,heuristic,segformer_b2_cityscapes,acdc_rain_targetcal25,12,
,-1,True,,0.7403537039612987,0.001773560419678688,,475,,,False,,,,,,38,person,0.05,0.5,argmax,segformer_b2_cityscapes,acdc_rain_targetcal25,12,0.6883116883116883
1.0,1000,True,0.0,0.0,1.0,0.6673684210526316,158,308.0,0.0,False,0.0,0.0,0.0,,,38,person,0.1,0.5,region_crc,segformer_b2_cityscapes,acdc_rain_targetcal25,12,
0.992,992,True,0.2374770096289084,0.2374770096289084,0.01788558065891266,0.6673684210526316,158,308.0,0.23789473684210524,False,0.27167630057803466,0.16521739130434782,0.0,,,38,person,0.1,0.5,heuristic,segformer_b2_cityscapes,acdc_rain_targetcal25,12,
,-1,True,,0.7403537039612987,0.001773560419678688,,475,,,False,,,,,,38,person,0.1,0.5,argmax,segformer_b2_cityscapes,acdc_rain_targetcal25,12,0.6883116883116883
0.992,992,True,0.2374770096289084,0.2374770096289084,0.01788558065891266,0.6673684210526316,158,308.0,0.23789473684210524,False,0.27167630057803466,0.16521739130434782,0.0,,,38,person,0.2,0.5,region_crc,segformer_b2_cityscapes,acdc_rain_targetcal25,12,
0.992,992,True,0.2374770096289084,0.2374770096289084,0.01788558065891266,0.6673684210526316,158,308.0,0.23789473684210524,False,0.27167630057803466,0.16521739130434782,0.0,,,38,person,0.2,0.5,heuristic,segformer_b2_cityscapes,acdc_rain_targetcal25,12,
,-1,True,,0.7403537039612987,0.001773560419678688,,475,,,False,,,,,,38,person,0.2,0.5,argmax,segformer_b2_cityscapes,acdc_rain_targetcal25,12,0.6883116883116883
1.0,1000,False,0.0,0.0,1.0,0.9452631578947368,26,35.0,0.0,False,0.0,0.0,0.0,,,38,rider,0.05,0.1,region_crc,segformer_b2_cityscapes,acdc_rain_targetcal25,2,
1.0,1000,True,0.0,0.0,1.0,0.9452631578947368,26,35.0,0.0,False,0.0,0.0,0.0,,,38,rider,0.05,0.1,heuristic,segformer_b2_cityscapes,acdc_rain_targetcal25,2,
,-1,True,,0.7884615384615384,0.0002723308571148664,,475,,,False,,,,,,38,rider,0.05,0.1,argmax,segformer_b2_cityscapes,acdc_rain_targetcal25,2,0.8
1.0,1000,False,0.0,0.0,1.0,0.9452631578947368,26,35.0,0.0,False,0.0,0.0,0.0,,,38,rider,0.1,0.1,region_crc,segformer_b2_cityscapes,acdc_rain_targetcal25,2,
1.0,1000,True,0.0,0.0,1.0,0.9452631578947368,26,35.0,0.0,False,0.0,0.0,0.0,,,38,rider,0.1,0.1,heuristic,segformer_b2_cityscapes,acdc_rain_targetcal25,2,
,-1,True,,0.7884615384615384,0.0002723308571148664,,475,,,False,,,,,,38,rider,0.1,0.1,argmax,segformer_b2_cityscapes,acdc_rain_targetcal25,2,0.8
1.0,1000,False,0.0,0.0,1.0,0.9452631578947368,26,35.0,0.0,False,0.0,0.0,0.0,,,38,rider,0.2,0.1,region_crc,segformer_b2_cityscapes,acdc_rain_targetcal25,2,
1.0,1000,True,0.0,0.0,1.0,0.9452631578947368,26,35.0,0.0,False,0.0,0.0,0.0,,,38,rider,0.2,0.1,heuristic,segformer_b2_cityscapes,acdc_rain_targetcal25,2,
,-1,True,,0.7884615384615384,0.0002723308571148664,,475,,,False,,,,,,38,rider,0.2,0.1,argmax,segformer_b2_cityscapes,acdc_rain_targetcal25,2,0.8
1.0,1000,False,0.0,0.0,1.0,0.9452631578947368,26,35.0,0.0,False,0.0,0.0,0.0,,,38,rider,0.05,0.5,region_crc,segformer_b2_cityscapes,acdc_rain_targetcal25,2,
1.0,1000,True,0.0,0.0,1.0,0.9452631578947368,26,35.0,0.0,False,0.0,0.0,0.0,,,38,rider,0.05,0.5,heuristic,segformer_b2_cityscapes,acdc_rain_targetcal25,2,
,-1,True,,0.8461538461538461,0.0002723308571148664,,475,,,False,,,,,,38,rider,0.05,0.5,argmax,segformer_b2_cityscapes,acdc_rain_targetcal25,2,0.8571428571428571
1.0,1000,False,0.0,0.0,1.0,0.9452631578947368,26,35.0,0.0,False,0.0,0.0,0.0,,,38,rider,0.1,0.5,region_crc,segformer_b2_cityscapes,acdc_rain_targetcal25,2,
1.0,1000,True,0.0,0.0,1.0,0.9452631578947368,26,35.0,0.0,False,0.0,0.0,0.0,,,38,rider,0.1,0.5,heuristic,segformer_b2_cityscapes,acdc_rain_targetcal25,2,
,-1,True,,0.8461538461538461,0.0002723308571148664,,475,,,False,,,,,,38,rider,0.1,0.5,argmax,segformer_b2_cityscapes,acdc_rain_targetcal25,2,0.8571428571428571
1.0,1000,False,0.0,0.0,1.0,0.9452631578947368,26,35.0,0.0,False,0.0,0.0,0.0,,,38,rider,0.2,0.5,region_crc,segformer_b2_cityscapes,acdc_rain_targetcal25,2,
1.0,1000,True,0.0,0.0,1.0,0.9452631578947368,26,35.0,0.0,False,0.0,0.0,0.0,,,38,rider,0.2,0.5,heuristic,segformer_b2_cityscapes,acdc_rain_targetcal25,2,
,-1,True,,0.8461538461538461,0.0002723308571148664,,475,,,False,,,,,,38,rider,0.2,0.5,argmax,segformer_b2_cityscapes,acdc_rain_targetcal25,2,0.8571428571428571
1.0,1000,False,0.0,0.0,1.0,0.84,76,150.0,0.0,False,0.0,0.0,0.0,,,38,bicycle,0.05,0.1,region_crc,segformer_b2_cityscapes,acdc_rain_targetcal25,7,
1.0,1000,True,0.0,0.0,1.0,0.84,76,150.0,0.0,False,0.0,0.0,0.0,,,38,bicycle,0.05,0.1,heuristic,segformer_b2_cityscapes,acdc_rain_targetcal25,7,
,-1,True,,0.7316102756892231,0.0011711440747603774,,475,,,False,,,,,,38,bicycle,0.05,0.1,argmax,segformer_b2_cityscapes,acdc_rain_targetcal25,7,0.7066666666666667
1.0,1000,False,0.0,0.0,1.0,0.84,76,150.0,0.0,False,0.0,0.0,0.0,,,38,bicycle,0.1,0.1,region_crc,segformer_b2_cityscapes,acdc_rain_targetcal25,7,
1.0,1000,True,0.0,0.0,1.0,0.84,76,150.0,0.0,False,0.0,0.0,0.0,,,38,bicycle,0.1,0.1,heuristic,segformer_b2_cityscapes,acdc_rain_targetcal25,7,
,-1,True,,0.7316102756892231,0.0011711440747603774,,475,,,False,,,,,,38,bicycle,0.1,0.1,argmax,segformer_b2_cityscapes,acdc_rain_targetcal25,7,0.7066666666666667
1.0,1000,True,0.0,0.0,1.0,0.84,76,150.0,0.0,False,0.0,0.0,0.0,,,38,bicycle,0.2,0.1,region_crc,segformer_b2_cityscapes,acdc_rain_targetcal25,7,
0.998,998,True,0.2817042606516291,0.28170426065162907,0.013839292339980602,0.84,76,150.0,0.1894736842105263,False,0.4125,0.08771929824561403,0.0,,,38,bicycle,0.2,0.1,heuristic,segformer_b2_cityscapes,acdc_rain_targetcal25,7,
,-1,True,,0.7316102756892231,0.0011711440747603774,,475,,,False,,,,,,38,bicycle,0.2,0.1,argmax,segformer_b2_cityscapes,acdc_rain_targetcal25,7,0.7066666666666667
1.0,1000,False,0.0,0.0,1.0,0.84,76,150.0,0.0,False,0.0,0.0,0.0,,,38,bicycle,0.05,0.5,region_crc,segformer_b2_cityscapes,acdc_rain_targetcal25,7,
1.0,1000,True,0.0,0.0,1.0,0.84,76,150.0,0.0,False,0.0,0.0,0.0,,,38,bicycle,0.05,0.5,heuristic,segformer_b2_cityscapes,acdc_rain_targetcal25,7,
,-1,True,,0.7795426065162907,0.0011711440747603774,,475,,,False,,,,,,38,bicycle,0.05,0.5,argmax,segformer_b2_cityscapes,acdc_rain_targetcal25,7,0.7533333333333333
1.0,1000,False,0.0,0.0,1.0,0.84,76,150.0,0.0,False,0.0,0.0,0.0,,,38,bicycle,0.1,0.5,region_crc,segformer_b2_cityscapes,acdc_rain_targetcal25,7,
1.0,1000,True,0.0,0.0,1.0,0.84,76,150.0,0.0,False,0.0,0.0,0.0,,,38,bicycle,0.1,0.5,heuristic,segformer_b2_cityscapes,acdc_rain_targetcal25,7,
,-1,True,,0.7795426065162907,0.0011711440747603774,,475,,,False,,,,,,38,bicycle,0.1,0.5,argmax,segformer_b2_cityscapes,acdc_rain_targetcal25,7,0.7533333333333333
1.0,1000,True,0.0,0.0,1.0,0.84,76,150.0,0.0,False,0.0,0.0,0.0,,,38,bicycle,0.2,0.5,region_crc,segformer_b2_cityscapes,acdc_rain_targetcal25,7,
0.999,999,True,0.2915726817042607,0.29157268170426065,0.018764527514576912,0.84,76,150.0,0.18315789473684208,False,0.425,0.10526315789473684,0.0,,,38,bicycle,0.2,0.5,heuristic,segformer_b2_cityscapes,acdc_rain_targetcal25,7,
,-1,True,,0.7795426065162907,0.0011711440747603774,,475,,,False,,,,,,38,bicycle,0.2,0.5,argmax,segformer_b2_cityscapes,acdc_rain_targetcal25,7,0.7533333333333333
1.0,1000,False,0.0,0.0,1.0,0.6505263157894737,166,326.0,0.0,False,0.0,0.0,0.0,,,39,person,0.05,0.1,region_crc,segformer_b2_cityscapes,acdc_rain_targetcal25,4,
1.0,1000,True,0.0,0.0,1.0,0.6505263157894737,166,326.0,0.0,False,0.0,0.0,0.0,,,39,person,0.05,0.1,heuristic,segformer_b2_cityscapes,acdc_rain_targetcal25,4,
,-1,True,,0.6378400047074745,0.0019060743506997824,,475,,,False,,,,,,39,person,0.05,0.1,argmax,segformer_b2_cityscapes,acdc_rain_targetcal25,4,0.5736196319018405
1.0,1000,False,0.0,0.0,1.0,0.6505263157894737,166,326.0,0.0,False,0.0,0.0,0.0,,,39,person,0.1,0.1,region_crc,segformer_b2_cityscapes,acdc_rain_targetcal25,4,
1.0,1000,True,0.0,0.0,1.0,0.6505263157894737,166,326.0,0.0,False,0.0,0.0,0.0,,,39,person,0.1,0.1,heuristic,segformer_b2_cityscapes,acdc_rain_targetcal25,4,
,-1,True,,0.6378400047074745,0.0019060743506997824,,475,,,False,,,,,,39,person,0.1,0.1,argmax,segformer_b2_cityscapes,acdc_rain_targetcal25,4,0.5736196319018405
1.0,1000,True,0.0,0.0,1.0,0.6505263157894737,166,326.0,0.0,False,0.0,0.0,0.0,,,39,person,0.2,0.1,region_crc,segformer_b2_cityscapes,acdc_rain_targetcal25,4,
0.962,962,True,0.3105892434205687,0.3105892434205687,0.00856258999556303,7.2105263157894735,166,326.0,0.1557894736842106,False,0.3945945945945946,0.16101694915254236,0.0,,,39,person,0.2,0.1,heuristic,segformer_b2_cityscapes,acdc_rain_targetcal25,4,
,-1,True,,0.6378400047074745,0.0019060743506997824,,475,,,False,,,,,,39,person,0.2,0.1,argmax,segformer_b2_cityscapes,acdc_rain_targetcal25,4,0.5736196319018405
1.0,1000,False,0.0,0.0,1.0,0.6505263157894737,166,326.0,0.0,False,0.0,0.0,0.0,,,39,person,0.05,0.5,region_crc,segformer_b2_cityscapes,acdc_rain_targetcal25,4,
1.0,1000,True,0.0,0.0,1.0,0.6505263157894737,166,326.0,0.0,False,0.0,0.0,0.0,,,39,person,0.05,0.5,heuristic,segformer_b2_cityscapes,acdc_rain_targetcal25,4,
,-1,True,,0.7490515174250114,0.0019060743506997824,,475,,,False,,,,,,39,person,0.05,0.5,argmax,segformer_b2_cityscapes,acdc_rain_targetcal25,4,0.6901840490797546
1.0,1000,False,0.0,0.0,1.0,0.6505263157894737,166,326.0,0.0,False,0.0,0.0,0.0,,,39,person,0.1,0.5,region_crc,segformer_b2_cityscapes,acdc_rain_targetcal25,4,
1.0,1000,True,0.0,0.0,1.0,0.6505263157894737,166,326.0,0.0,False,0.0,0.0,0.0,,,39,person,0.1,0.5,heuristic,segformer_b2_cityscapes,acdc_rain_targetcal25,4,
,-1,True,,0.7490515174250114,0.0019060743506997824,,475,,,False,,,,,,39,person,0.1,0.5,argmax,segformer_b2_cityscapes,acdc_rain_targetcal25,4,0.6901840490797546
1.0,1000,True,0.0,0.0,1.0,0.6505263157894737,166,326.0,0.0,False,0.0,0.0,0.0,,,39,person,0.2,0.5,region_crc,segformer_b2_cityscapes,acdc_rain_targetcal25,4,
0.975,975,True,0.38247679362137194,0.38247679362137194,0.010623462498188019,9.816842105263158,166,326.0,0.12421052631578955,False,0.4594594594594595,0.2033898305084746,0.043478260869565216,,,39,person,0.2,0.5,heuristic,segformer_b2_cityscapes,acdc_rain_targetcal25,4,
,-1,True,,0.7490515174250114,0.0019060743506997824,,475,,,False,,,,,,39,person,0.2,0.5,argmax,segformer_b2_cityscapes,acdc_rain_targetcal25,4,0.6901840490797546
,-1,False,,,,,475,,,False,,,,,,39,rider,0.05,0.1,region_crc,segformer_b2_cityscapes,acdc_rain_targetcal25,0,
,-1,False,,,,,475,,,False,,,,,,39,rider,0.05,0.1,heuristic,segformer_b2_cityscapes,acdc_rain_targetcal25,0,
,-1,True,,0.8035714285714286,0.0002812053426168859,,475,,,False,,,,,,39,rider,0.05,0.1,argmax,segformer_b2_cityscapes,acdc_rain_targetcal25,0,0.8157894736842105
,-1,False,,,,,475,,,False,,,,,,39,rider,0.1,0.1,region_crc,segformer_b2_cityscapes,acdc_rain_targetcal25,0,
,-1,False,,,,,475,,,False,,,,,,39,rider,0.1,0.1,heuristic,segformer_b2_cityscapes,acdc_rain_targetcal25,0,
,-1,True,,0.8035714285714286,0.0002812053426168859,,475,,,False,,,,,,39,rider,0.1,0.1,argmax,segformer_b2_cityscapes,acdc_rain_targetcal25,0,0.8157894736842105
,-1,False,,,,,475,,,False,,,,,,39,rider,0.2,0.1,region_crc,segformer_b2_cityscapes,acdc_rain_targetcal25,0,
,-1,False,,,,,475,,,False,,,,,,39,rider,0.2,0.1,heuristic,segformer_b2_cityscapes,acdc_rain_targetcal25,0,
,-1,True,,0.8035714285714286,0.0002812053426168859,,475,,,False,,,,,,39,rider,0.2,0.1,argmax,segformer_b2_cityscapes,acdc_rain_targetcal25,0,0.8157894736842105
,-1,False,,,,,475,,,False,,,,,,39,rider,0.05,0.5,region_crc,segformer_b2_cityscapes,acdc_rain_targetcal25,0,
,-1,False,,,,,475,,,False,,,,,,39,rider,0.05,0.5,heuristic,segformer_b2_cityscapes,acdc_rain_targetcal25,0,
,-1,True,,0.8571428571428571,0.0002812053426168859,,475,,,False,,,,,,39,rider,0.05,0.5,argmax,segformer_b2_cityscapes,acdc_rain_targetcal25,0,0.868421052631579
,-1,False,,,,,475,,,False,,,,,,39,rider,0.1,0.5,region_crc,segformer_b2_cityscapes,acdc_rain_targetcal25,0,
,-1,False,,,,,475,,,False,,,,,,39,rider,0.1,0.5,heuristic,segformer_b2_cityscapes,acdc_rain_targetcal25,0,
,-1,True,,0.8571428571428571,0.0002812053426168859,,475,,,False,,,,,,39,rider,0.1,0.5,argmax,segformer_b2_cityscapes,acdc_rain_targetcal25,0,0.868421052631579
,-1,False,,,,,475,,,False,,,,,,39,rider,0.2,0.5,region_crc,segformer_b2_cityscapes,acdc_rain_targetcal25,0,
,-1,False,,,,,475,,,False,,,,,,39,rider,0.2,0.5,heuristic,segformer_b2_cityscapes,acdc_rain_targetcal25,0,
,-1,True,,0.8571428571428571,0.0002812053426168859,,475,,,False,,,,,,39,rider,0.2,0.5,argmax,segformer_b2_cityscapes,acdc_rain_targetcal25,0,0.868421052631579
1.0,1000,False,0.0,0.0,1.0,0.8273684210526315,82,156.0,0.0,False,0.0,0.0,0.0,,,39,bicycle,0.05,0.1,region_crc,segformer_b2_cityscapes,acdc_rain_targetcal25,1,
0.9570000000000001,957,True,0.5070847851335656,0.5070847851335656,0.0033409041352570057,2.288421052631579,82,156.0,0.22526315789473683,False,0.627906976744186,0.35714285714285715,0.0,,,39,bicycle,0.05,0.1,heuristic,segformer_b2_cityscapes,acdc_rain_targetcal25,1,
,-1,True,,0.7268583042973287,0.0012023949529975653,,475,,,False,,,,,,39,bicycle,0.05,0.1,argmax,segformer_b2_cityscapes,acdc_rain_targetcal25,1,0.7051282051282052
1.0,1000,False,0.0,0.0,1.0,0.8273684210526315,82,156.0,0.0,False,0.0,0.0,0.0,,,39,bicycle,0.1,0.1,region_crc,segformer_b2_cityscapes,acdc_rain_targetcal25,1,
0.9570000000000001,957,True,0.5070847851335656,0.5070847851335656,0.0033409041352570057,2.288421052631579,82,156.0,0.22526315789473683,False,0.627906976744186,0.35714285714285715,0.0,,,39,bicycle,0.1,0.1,heuristic,segformer_b2_cityscapes,acdc_rain_targetcal25,1,
,-1,True,,0.7268583042973287,0.0012023949529975653,,475,,,False,,,,,,39,bicycle,0.1,0.1,argmax,segformer_b2_cityscapes,acdc_rain_targetcal25,1,0.7051282051282052
1.0,1000,False,0.0,0.0,1.0,0.8273684210526315,82,156.0,0.0,False,0.0,0.0,0.0,,,39,bicycle,0.2,0.1,region_crc,segformer_b2_cityscapes,acdc_rain_targetcal25,1,
0.9570000000000001,957,True,0.5070847851335656,0.5070847851335656,0.0033409041352570057,2.288421052631579,82,156.0,0.22526315789473683,False,0.627906976744186,0.35714285714285715,0.0,,,39,bicycle,0.2,0.1,heuristic,segformer_b2_cityscapes,acdc_rain_targetcal25,1,
,-1,True,,0.7268583042973287,0.0012023949529975653,,475,,,False,,,,,,39,bicycle,0.2,0.1,argmax,segformer_b2_cityscapes,acdc_rain_targetcal25,1,0.7051282051282052
1.0,1000,False,0.0,0.0,1.0,0.8273684210526315,82,156.0,0.0,False,0.0,0.0,0.0,,,39,bicycle,0.05,0.5,region_crc,segformer_b2_cityscapes,acdc_rain_targetcal25,1,
0.99,990,True,0.4908246225319396,0.4908246225319397,0.006625335197895765,0.8273684210526315,82,156.0,0.2589473684210527,False,0.5930232558139535,0.35714285714285715,0.0,,,39,bicycle,0.05,0.5,heuristic,segformer_b2_cityscapes,acdc_rain_targetcal25,1,
,-1,True,,0.7712833914053426,0.0012023949529975653,,475,,,False,,,,,,39,bicycle,0.05,0.5,argmax,segformer_b2_cityscapes,acdc_rain_targetcal25,1,0.75
1.0,1000,False,0.0,0.0,1.0,0.8273684210526315,82,156.0,0.0,False,0.0,0.0,0.0,,,39,bicycle,0.1,0.5,region_crc,segformer_b2_cityscapes,acdc_rain_targetcal25,1,
0.99,990,True,0.4908246225319396,0.4908246225319397,0.006625335197895765,0.8273684210526315,82,156.0,0.2589473684210527,False,0.5930232558139535,0.35714285714285715,0.0,,,39,bicycle,0.1,0.5,heuristic,segformer_b2_cityscapes,acdc_rain_targetcal25,1,
,-1,True,,0.7712833914053426,0.0012023949529975653,,475,,,False,,,,,,39,bicycle,0.1,0.5,argmax,segformer_b2_cityscapes,acdc_rain_targetcal25,1,0.75
1.0,1000,False,0.0,0.0,1.0,0.8273684210526315,82,156.0,0.0,False,0.0,0.0,0.0,,,39,bicycle,0.2,0.5,region_crc,segformer_b2_cityscapes,acdc_rain_targetcal25,1,
0.99,990,True,0.4908246225319396,0.4908246225319397,0.006625335197895765,0.8273684210526315,82,156.0,0.2589473684210527,False,0.5930232558139535,0.35714285714285715,0.0,,,39,bicycle,0.2,0.5,heuristic,segformer_b2_cityscapes,acdc_rain_targetcal25,1,
,-1,True,,0.7712833914053426,0.0012023949529975653,,475,,,False,,,,,,39,bicycle,0.2,0.5,argmax,segformer_b2_cityscapes,acdc_rain_targetcal25,1,0.75
1.0,1000,False,0.0,0.0,1.0,0.6589473684210526,162,321.0,0.0,False,0.0,0.0,0.0,,,40,person,0.05,0.1,region_crc,segformer_b2_cityscapes,acdc_rain_targetcal25,8,
0.995,995,True,0.11491769547325104,0.11491769547325104,0.02200845070183277,0.6589473684210526,162,321.0,0.1852631578947368,False,0.12290502793296089,0.07563025210084033,0.0,,,40,person,0.05,0.1,heuristic,segformer_b2_cityscapes,acdc_rain_targetcal25,8,
,-1,True,,0.6216961365109513,0.0019323007436469197,,475,,,False,,,,,,40,person,0.05,0.1,argmax,segformer_b2_cityscapes,acdc_rain_targetcal25,8,0.5638629283489096
1.0,1000,False,0.0,0.0,1.0,0.6589473684210526,162,321.0,0.0,False,0.0,0.0,0.0,,,40,person,0.1,0.1,region_crc,segformer_b2_cityscapes,acdc_rain_targetcal25,8,
0.995,995,True,0.11491769547325104,0.11491769547325104,0.02200845070183277,0.6589473684210526,162,321.0,0.1852631578947368,False,0.12290502793296089,0.07563025210084033,0.0,,,40,person,0.1,0.1,heuristic,segformer_b2_cityscapes,acdc_rain_targetcal25,8,
,-1,True,,0.6216961365109513,0.0019323007436469197,,475,,,False,,,,,,40,person,0.1,0.1,argmax,segformer_b2_cityscapes,acdc_rain_targetcal25,8,0.5638629283489096
0.995,995,True,0.11491769547325104,0.11491769547325104,0.02200845070183277,0.6589473684210526,162,321.0,0.1852631578947368,False,0.12290502793296089,0.07563025210084033,0.0,,,40,person,0.2,0.1,region_crc,segformer_b2_cityscapes,acdc_rain_targetcal25,8,
0.993,993,True,0.1279835390946502,0.1279835390946502,0.01902560517191887,0.6589473684210526,162,321.0,0.1936842105263158,False,0.1564245810055866,0.07563025210084033,0.0,,,40,person,0.2,0.1,heuristic,segformer_b2_cityscapes,acdc_rain_targetcal25,8,
,-1,True,,0.6216961365109513,0.0019323007436469197,,475,,,False,,,,,,40,person,0.2,0.1,argmax,segformer_b2_cityscapes,acdc_rain_targetcal25,8,0.5638629283489096
1.0,1000,False,0.0,0.0,1.0,0.6589473684210526,162,321.0,0.0,False,0.0,0.0,0.0,,,40,person,0.05,0.5,region_crc,segformer_b2_cityscapes,acdc_rain_targetcal25,8,
0.999,999,True,0.07613168724279835,0.07613168724279834,0.04155052825808525,0.6589473684210526,162,321.0,0.2421052631578947,False,0.055865921787709494,0.07563025210084033,0.0,,,40,person,0.05,0.5,heuristic,segformer_b2_cityscapes,acdc_rain_targetcal25,8,
,-1,True,,0.7356536125054643,0.0019323007436469197,,475,,,False,,,,,,40,person,0.05,0.5,argmax,segformer_b2_cityscapes,acdc_rain_targetcal25,8,0.6822429906542056
1.0,1000,False,0.0,0.0,1.0,0.6589473684210526,162,321.0,0.0,False,0.0,0.0,0.0,,,40,person,0.1,0.5,region_crc,segformer_b2_cityscapes,acdc_rain_targetcal25,8,
0.999,999,True,0.07613168724279835,0.07613168724279834,0.04155052825808525,0.6589473684210526,162,321.0,0.2421052631578947,False,0.055865921787709494,0.07563025210084033,0.0,,,40,person,0.1,0.5,heuristic,segformer_b2_cityscapes,acdc_rain_targetcal25,8,
,-1,True,,0.7356536125054643,0.0019323007436469197,,475,,,False,,,,,,40,person,0.1,0.5,argmax,segformer_b2_cityscapes,acdc_rain_targetcal25,8,0.6822429906542056
0.999,999,True,0.07613168724279835,0.07613168724279834,0.04155052825808525,0.6589473684210526,162,321.0,0.2421052631578947,False,0.055865921787709494,0.07563025210084033,0.0,,,40,person,0.2,0.5,region_crc,segformer_b2_cityscapes,acdc_rain_targetcal25,8,
0.996,996,True,0.14907407407407405,0.14907407407407405,0.024175768718123436,0.6589473684210526,162,321.0,0.20842105263157895,False,0.17318435754189945,0.09243697478991597,0.0,,,40,person,0.2,0.5,heuristic,segformer_b2_cityscapes,acdc_rain_targetcal25,8,
,-1,True,,0.7356536125054643,0.0019323007436469197,,475,,,False,,,,,,40,person,0.2,0.5,argmax,segformer_b2_cityscapes,acdc_rain_targetcal25,8,0.6822429906542056
,-1,False,,,,,475,,,False,,,,,,40,rider,0.05,0.1,region_crc,segformer_b2_cityscapes,acdc_rain_targetcal25,0,
,-1,False,,,,,475,,,False,,,,,,40,rider,0.05,0.1,heuristic,segformer_b2_cityscapes,acdc_rain_targetcal25,0,
,-1,True,,0.8035714285714286,0.00028070888947695494,,475,,,False,,,,,,40,rider,0.05,0.1,argmax,segformer_b2_cityscapes,acdc_rain_targetcal25,0,0.8157894736842105
,-1,False,,,,,475,,,False,,,,,,40,rider,0.1,0.1,region_crc,segformer_b2_cityscapes,acdc_rain_targetcal25,0,
,-1,False,,,,,475,,,False,,,,,,40,rider,0.1,0.1,heuristic,segformer_b2_cityscapes,acdc_rain_targetcal25,0,
,-1,True,,0.8035714285714286,0.00028070888947695494,,475,,,False,,,,,,40,rider,0.1,0.1,argmax,segformer_b2_cityscapes,acdc_rain_targetcal25,0,0.8157894736842105
,-1,False,,,,,475,,,False,,,,,,40,rider,0.2,0.1,region_crc,segformer_b2_cityscapes,acdc_rain_targetcal25,0,
,-1,False,,,,,475,,,False,,,,,,40,rider,0.2,0.1,heuristic,segformer_b2_cityscapes,acdc_rain_targetcal25,0,
,-1,True,,0.8035714285714286,0.00028070888947695494,,475,,,False,,,,,,40,rider,0.2,0.1,argmax,segformer_b2_cityscapes,acdc_rain_targetcal25,0,0.8157894736842105
,-1,False,,,,,475,,,False,,,,,,40,rider,0.05,0.5,region_crc,segformer_b2_cityscapes,acdc_rain_targetcal25,0,
,-1,False,,,,,475,,,False,,,,,,40,rider,0.05,0.5,heuristic,segformer_b2_cityscapes,acdc_rain_targetcal25,0,
,-1,True,,0.8571428571428571,0.00028070888947695494,,475,,,False,,,,,,40,rider,0.05,0.5,argmax,segformer_b2_cityscapes,acdc_rain_targetcal25,0,0.868421052631579
,-1,False,,,,,475,,,False,,,,,,40,rider,0.1,0.5,region_crc,segformer_b2_cityscapes,acdc_rain_targetcal25,0,
,-1,False,,,,,475,,,False,,,,,,40,rider,0.1,0.5,heuristic,segformer_b2_cityscapes,acdc_rain_targetcal25,0,
,-1,True,,0.8571428571428571,0.00028070888947695494,,475,,,False,,,,,,40,rider,0.1,0.5,argmax,segformer_b2_cityscapes,acdc_rain_targetcal25,0,0.868421052631579
,-1,False,,,,,475,,,False,,,,,,40,rider,0.2,0.5,region_crc,segformer_b2_cityscapes,acdc_rain_targetcal25,0,
,-1,False,,,,,475,,,False,,,,,,40,rider,0.2,0.5,heuristic,segformer_b2_cityscapes,acdc_rain_targetcal25,0,
,-1,True,,0.8571428571428571,0.00028070888947695494,,475,,,False,,,,,,40,rider,0.2,0.5,argmax,segformer_b2_cityscapes,acdc_rain_targetcal25,0,0.868421052631579
1.0,1000,False,0.0,0.0,1.0,0.8315789473684211,80,153.0,0.0,False,0.0,0.0,0.0,,,40,bicycle,0.05,0.1,region_crc,segformer_b2_cityscapes,acdc_rain_targetcal25,3,
0.98,980,True,0.4342261904761905,0.4342261904761905,0.004623284097760916,3.648421052631579,80,153.0,0.10526315789473684,False,0.5697674418604651,0.25,0.0,,,40,bicycle,0.05,0.1,heuristic,segformer_b2_cityscapes,acdc_rain_targetcal25,3,
,-1,True,,0.741904761904762,0.0011236293939873576,,475,,,False,,,,,,40,bicycle,0.05,0.1,argmax,segformer_b2_cityscapes,acdc_rain_targetcal25,3,0.7254901960784313
1.0,1000,False,0.0,0.0,1.0,0.8315789473684211,80,153.0,0.0,False,0.0,0.0,0.0,,,40,bicycle,0.1,0.1,region_crc,segformer_b2_cityscapes,acdc_rain_targetcal25,3,
0.98,980,True,0.4342261904761905,0.4342261904761905,0.004623284097760916,3.648421052631579,80,153.0,0.10526315789473684,False,0.5697674418604651,0.25,0.0,,,40,bicycle,0.1,0.1,heuristic,segformer_b2_cityscapes,acdc_rain_targetcal25,3,
,-1,True,,0.741904761904762,0.0011236293939873576,,475,,,False,,,,,,40,bicycle,0.1,0.1,argmax,segformer_b2_cityscapes,acdc_rain_targetcal25,3,0.7254901960784313
1.0,1000,False,0.0,0.0,1.0,0.8315789473684211,80,153.0,0.0,False,0.0,0.0,0.0,,,40,bicycle,0.2,0.1,region_crc,segformer_b2_cityscapes,acdc_rain_targetcal25,3,
0.98,980,True,0.4342261904761905,0.4342261904761905,0.004623284097760916,3.648421052631579,80,153.0,0.10526315789473684,False,0.5697674418604651,0.25,0.0,,,40,bicycle,0.2,0.1,heuristic,segformer_b2_cityscapes,acdc_rain_targetcal25,3,
,-1,True,,0.741904761904762,0.0011236293939873576,,475,,,False,,,,,,40,bicycle,0.2,0.1,argmax,segformer_b2_cityscapes,acdc_rain_targetcal25,3,0.7254901960784313
1.0,1000,False,0.0,0.0,1.0,0.8315789473684211,80,153.0,0.0,False,0.0,0.0,0.0,,,40,bicycle,0.05,0.5,region_crc,segformer_b2_cityscapes,acdc_rain_targetcal25,3,
0.994,994,True,0.4239285714285714,0.4239285714285714,0.008244291879236698,0.8315789473684211,80,153.0,0.10736842105263156,False,0.5581395348837209,0.2857142857142857,0.0,,,40,bicycle,0.05,0.5,heuristic,segformer_b2_cityscapes,acdc_rain_targetcal25,3,
,-1,True,,0.7874404761904762,0.0011236293939873576,,475,,,False,,,,,,40,bicycle,0.05,0.5,argmax,segformer_b2_cityscapes,acdc_rain_targetcal25,3,0.7712418300653595
1.0,1000,False,0.0,0.0,1.0,0.8315789473684211,80,153.0,0.0,False,0.0,0.0,0.0,,,40,bicycle,0.1,0.5,region_crc,segformer_b2_cityscapes,acdc_rain_targetcal25,3,
0.994,994,True,0.4239285714285714,0.4239285714285714,0.008244291879236698,0.8315789473684211,80,153.0,0.10736842105263156,False,0.5581395348837209,0.2857142857142857,0.0,,,40,bicycle,0.1,0.5,heuristic,segformer_b2_cityscapes,acdc_rain_targetcal25,3,
,-1,True,,0.7874404761904762,0.0011236293939873576,,475,,,False,,,,,,40,bicycle,0.1,0.5,argmax,segformer_b2_cityscapes,acdc_rain_targetcal25,3,0.7712418300653595
1.0,1000,False,0.0,0.0,1.0,0.8315789473684211,80,153.0,0.0,False,0.0,0.0,0.0,,,40,bicycle,0.2,0.5,region_crc,segformer_b2_cityscapes,acdc_rain_targetcal25,3,
0.994,994,True,0.4239285714285714,0.4239285714285714,0.008244291879236698,0.8315789473684211,80,153.0,0.10736842105263156,False,0.5581395348837209,0.2857142857142857,0.0,,,40,bicycle,0.2,0.5,heuristic,segformer_b2_cityscapes,acdc_rain_targetcal25,3,
,-1,True,,0.7874404761904762,0.0011236293939873576,,475,,,False,,,,,,40,bicycle,0.2,0.5,argmax,segformer_b2_cityscapes,acdc_rain_targetcal25,3,0.7712418300653595
1.0,1000,False,0.0,0.0,1.0,0.6589473684210526,162,320.0,0.0,False,0.0,0.0,0.0,,,41,person,0.05,0.1,region_crc,segformer_b2_cityscapes,acdc_rain_targetcal25,8,
0.998,998,True,0.06635802469135803,0.06635802469135803,0.03237620368599892,0.6589473684210526,162,320.0,0.15157894736842106,False,0.056179775280898875,0.04201680672268908,0.0,,,41,person,0.05,0.1,heuristic,segformer_b2_cityscapes,acdc_rain_targetcal25,8,
,-1,True,,0.6258113628483999,0.0019595902413129807,,475,,,False,,,,,,41,person,0.05,0.1,argmax,segformer_b2_cityscapes,acdc_rain_targetcal25,8,0.5625
1.0,1000,False,0.0,0.0,1.0,0.6589473684210526,162,320.0,0.0,False,0.0,0.0,0.0,,,41,person,0.1,0.1,region_crc,segformer_b2_cityscapes,acdc_rain_targetcal25,8,
0.998,998,True,0.06635802469135803,0.06635802469135803,0.03237620368599892,0.6589473684210526,162,320.0,0.15157894736842106,False,0.056179775280898875,0.04201680672268908,0.0,,,41,person,0.1,0.1,heuristic,segformer_b2_cityscapes,acdc_rain_targetcal25,8,
,-1,True,,0.6258113628483999,0.0019595902413129807,,475,,,False,,,,,,41,person,0.1,0.1,argmax,segformer_b2_cityscapes,acdc_rain_targetcal25,8,0.5625
0.998,998,True,0.06635802469135803,0.06635802469135803,0.03237620368599892,0.6589473684210526,162,320.0,0.15157894736842106,False,0.056179775280898875,0.04201680672268908,0.0,,,41,person,0.2,0.1,region_crc,segformer_b2_cityscapes,acdc_rain_targetcal25,8,
0.994,994,True,0.12541152263374486,0.12541152263374483,0.020681211724877357,0.6589473684210526,162,320.0,0.22526315789473683,False,0.1404494382022472,0.07563025210084033,0.0,,,41,person,0.2,0.1,heuristic,segformer_b2_cityscapes,acdc_rain_targetcal25,8,
,-1,True,,0.6258113628483999,0.0019595902413129807,,475,,,False,,,,,,41,person,0.2,0.1,argmax,segformer_b2_cityscapes,acdc_rain_targetcal25,8,0.5625
1.0,1000,False,0.0,0.0,1.0,0.6589473684210526,162,320.0,0.0,False,0.0,0.0,0.0,,,41,person,0.05,0.5,region_crc,segformer_b2_cityscapes,acdc_rain_targetcal25,8,
0.999,999,True,0.07613168724279834,0.07613168724279834,0.04204175993800163,0.6589473684210526,162,320.0,0.1621052631578947,False,0.056179775280898875,0.07563025210084033,0.0,,,41,person,0.05,0.5,heuristic,segformer_b2_cityscapes,acdc_rain_targetcal25,8,
,-1,True,,0.7397688388429129,0.0019595902413129807,,475,,,False,,,,,,41,person,0.05,0.5,argmax,segformer_b2_cityscapes,acdc_rain_targetcal25,8,0.68125
1.0,1000,False,0.0,0.0,1.0,0.6589473684210526,162,320.0,0.0,False,0.0,0.0,0.0,,,41,person,0.1,0.5,region_crc,segformer_b2_cityscapes,acdc_rain_targetcal25,8,
0.999,999,True,0.07613168724279834,0.07613168724279834,0.04204175993800163,0.6589473684210526,162,320.0,0.1621052631578947,False,0.056179775280898875,0.07563025210084033,0.0,,,41,person,0.1,0.5,heuristic,segformer_b2_cityscapes,acdc_rain_targetcal25,8,
,-1,True,,0.7397688388429129,0.0019595902413129807,,475,,,False,,,,,,41,person,0.1,0.5,argmax,segformer_b2_cityscapes,acdc_rain_targetcal25,8,0.68125
0.999,999,True,0.07613168724279834,0.07613168724279834,0.04204175993800163,0.6589473684210526,162,320.0,0.1621052631578947,False,0.056179775280898875,0.07563025210084033,0.0,,,41,person,0.2,0.5,region_crc,segformer_b2_cityscapes,acdc_rain_targetcal25,8,
0.998,998,True,0.1094650205761317,0.1094650205761317,0.03237620368599892,0.6589473684210526,162,320.0,0.15157894736842106,False,0.10674157303370786,0.08403361344537816,0.0,,,41,person,0.2,0.5,heuristic,segformer_b2_cityscapes,acdc_rain_targetcal25,8,
,-1,True,,0.7397688388429129,0.0019595902413129807,,475,,,False,,,,,,41,person,0.2,0.5,argmax,segformer_b2_cityscapes,acdc_rain_targetcal25,8,0.68125
1.0,1000,False,0.0,0.0,1.0,0.9494736842105264,24,33.0,0.0,False,0.0,0.0,0.0,,,41,rider,0.05,0.1,region_crc,segformer_b2_cityscapes,acdc_rain_targetcal25,4,
1.0,1000,True,0.0,0.0,1.0,0.9494736842105264,24,33.0,0.0,False,0.0,0.0,0.0,,,41,rider,0.05,0.1,heuristic,segformer_b2_cityscapes,acdc_rain_targetcal25,4,
,-1,True,,0.8541666666666666,0.0002097953256452456,,475,,,False,,,,,,41,rider,0.05,0.1,argmax,segformer_b2_cityscapes,acdc_rain_targetcal25,4,0.8787878787878788
1.0,1000,False,0.0,0.0,1.0,0.9494736842105264,24,33.0,0.0,False,0.0,0.0,0.0,,,41,rider,0.1,0.1,region_crc,segformer_b2_cityscapes,acdc_rain_targetcal25,4,
1.0,1000,True,0.0,0.0,1.0,0.9494736842105264,24,33.0,0.0,False,0.0,0.0,0.0,,,41,rider,0.1,0.1,heuristic,segformer_b2_cityscapes,acdc_rain_targetcal25,4,
,-1,True,,0.8541666666666666,0.0002097953256452456,,475,,,False,,,,,,41,rider,0.1,0.1,argmax,segformer_b2_cityscapes,acdc_rain_targetcal25,4,0.8787878787878788
1.0,1000,True,0.0,0.0,1.0,0.9494736842105264,24,33.0,0.0,False,0.0,0.0,0.0,,,41,rider,0.2,0.1,region_crc,segformer_b2_cityscapes,acdc_rain_targetcal25,4,
1.0,1000,True,0.0,0.0,1.0,0.9494736842105264,24,33.0,0.0,False,0.0,0.0,0.0,,,41,rider,0.2,0.1,heuristic,segformer_b2_cityscapes,acdc_rain_targetcal25,4,
,-1,True,,0.8541666666666666,0.0002097953256452456,,475,,,False,,,,,,41,rider,0.2,0.1,argmax,segformer_b2_cityscapes,acdc_rain_targetcal25,4,0.8787878787878788
1.0,1000,False,0.0,0.0,1.0,0.9494736842105264,24,33.0,0.0,False,0.0,0.0,0.0,,,41,rider,0.05,0.5,region_crc,segformer_b2_cityscapes,acdc_rain_targetcal25,4,
1.0,1000,True,0.0,0.0,1.0,0.9494736842105264,24,33.0,0.0,False,0.0,0.0,0.0,,,41,rider,0.05,0.5,heuristic,segformer_b2_cityscapes,acdc_rain_targetcal25,4,
,-1,True,,0.8958333333333334,0.0002097953256452456,,475,,,False,,,,,,41,rider,0.05,0.5,argmax,segformer_b2_cityscapes,acdc_rain_targetcal25,4,0.9090909090909091
1.0,1000,False,0.0,0.0,1.0,0.9494736842105264,24,33.0,0.0,False,0.0,0.0,0.0,,,41,rider,0.1,0.5,region_crc,segformer_b2_cityscapes,acdc_rain_targetcal25,4,
1.0,1000,True,0.0,0.0,1.0,0.9494736842105264,24,33.0,0.0,False,0.0,0.0,0.0,,,41,rider,0.1,0.5,heuristic,segformer_b2_cityscapes,acdc_rain_targetcal25,4,
,-1,True,,0.8958333333333334,0.0002097953256452456,,475,,,False,,,,,,41,rider,0.1,0.5,argmax,segformer_b2_cityscapes,acdc_rain_targetcal25,4,0.9090909090909091
1.0,1000,True,0.0,0.0,1.0,0.9494736842105264,24,33.0,0.0,False,0.0,0.0,0.0,,,41,rider,0.2,0.5,region_crc,segformer_b2_cityscapes,acdc_rain_targetcal25,4,
1.0,1000,True,0.0,0.0,1.0,0.9494736842105264,24,33.0,0.0,False,0.0,0.0,0.0,,,41,rider,0.2,0.5,heuristic,segformer_b2_cityscapes,acdc_rain_targetcal25,4,
,-1,True,,0.8958333333333334,0.0002097953256452456,,475,,,False,,,,,,41,rider,0.2,0.5,argmax,segformer_b2_cityscapes,acdc_rain_targetcal25,4,0.9090909090909091
1.0,1000,False,0.0,0.0,1.0,0.8378947368421052,77,137.0,0.0,False,0.0,0.0,0.0,,,41,bicycle,0.05,0.1,region_crc,segformer_b2_cityscapes,acdc_rain_targetcal25,6,
1.0,1000,True,0.0,0.0,1.0,0.8378947368421052,77,137.0,0.0,False,0.0,0.0,0.0,,,41,bicycle,0.05,0.1,heuristic,segformer_b2_cityscapes,acdc_rain_targetcal25,6,
,-1,True,,0.7299010513296227,0.001112326281145215,,475,,,False,,,,,,41,bicycle,0.05,0.1,argmax,segformer_b2_cityscapes,acdc_rain_targetcal25,6,0.7007299270072993
1.0,1000,False,0.0,0.0,1.0,0.8378947368421052,77,137.0,0.0,False,0.0,0.0,0.0,,,41,bicycle,0.1,0.1,region_crc,segformer_b2_cityscapes,acdc_rain_targetcal25,6,
1.0,1000,True,0.0,0.0,1.0,0.8378947368421052,77,137.0,0.0,False,0.0,0.0,0.0,,,41,bicycle,0.1,0.1,heuristic,segformer_b2_cityscapes,acdc_rain_targetcal25,6,
,-1,True,,0.7299010513296227,0.001112326281145215,,475,,,False,,,,,,41,bicycle,0.1,0.1,argmax,segformer_b2_cityscapes,acdc_rain_targetcal25,6,0.7007299270072993
1.0,1000,True,0.0,0.0,1.0,0.8378947368421052,77,137.0,0.0,False,0.0,0.0,0.0,,,41,bicycle,0.2,0.1,region_crc,segformer_b2_cityscapes,acdc_rain_targetcal25,6,
1.0,1000,True,0.0,0.0,1.0,0.8378947368421052,77,137.0,0.0,False,0.0,0.0,0.0,,,41,bicycle,0.2,0.1,heuristic,segformer_b2_cityscapes,acdc_rain_targetcal25,6,
,-1,True,,0.7299010513296227,0.001112326281145215,,475,,,False,,,,,,41,bicycle,0.2,0.1,argmax,segformer_b2_cityscapes,acdc_rain_targetcal25,6,0.7007299270072993
1.0,1000,False,0.0,0.0,1.0,0.8378947368421052,77,137.0,0.0,False,0.0,0.0,0.0,,,41,bicycle,0.05,0.5,region_crc,segformer_b2_cityscapes,acdc_rain_targetcal25,6,
1.0,1000,True,0.0,0.0,1.0,0.8378947368421052,77,137.0,0.0,False,0.0,0.0,0.0,,,41,bicycle,0.05,0.5,heuristic,segformer_b2_cityscapes,acdc_rain_targetcal25,6,
,-1,True,,0.7772108843537415,0.001112326281145215,,475,,,False,,,,,,41,bicycle,0.05,0.5,argmax,segformer_b2_cityscapes,acdc_rain_targetcal25,6,0.7518248175182481
1.0,1000,False,0.0,0.0,1.0,0.8378947368421052,77,137.0,0.0,False,0.0,0.0,0.0,,,41,bicycle,0.1,0.5,region_crc,segformer_b2_cityscapes,acdc_rain_targetcal25,6,
1.0,1000,True,0.0,0.0,1.0,0.8378947368421052,77,137.0,0.0,False,0.0,0.0,0.0,,,41,bicycle,0.1,0.5,heuristic,segformer_b2_cityscapes,acdc_rain_targetcal25,6,
,-1,True,,0.7772108843537415,0.001112326281145215,,475,,,False,,,,,,41,bicycle,0.1,0.5,argmax,segformer_b2_cityscapes,acdc_rain_targetcal25,6,0.7518248175182481
1.0,1000,True,0.0,0.0,1.0,0.8378947368421052,77,137.0,0.0,False,0.0,0.0,0.0,,,41,bicycle,0.2,0.5,region_crc,segformer_b2_cityscapes,acdc_rain_targetcal25,6,
1.0,1000,True,0.0,0.0,1.0,0.8378947368421052,77,137.0,0.0,False,0.0,0.0,0.0,,,41,bicycle,0.2,0.5,heuristic,segformer_b2_cityscapes,acdc_rain_targetcal25,6,
,-1,True,,0.7772108843537415,0.001112326281145215,,475,,,False,,,,,,41,bicycle,0.2,0.5,argmax,segformer_b2_cityscapes,acdc_rain_targetcal25,6,0.7518248175182481
1.0,1000,False,0.0,0.0,1.0,0.6673684210526316,158,313.0,0.0,False,0.0,0.0,0.0,,,42,person,0.05,0.1,region_crc,segformer_b2_cityscapes,acdc_rain_targetcal25,12,
1.0,1000,True,0.0,0.0,1.0,0.6673684210526316,158,313.0,0.0,False,0.0,0.0,0.0,,,42,person,0.05,0.1,heuristic,segformer_b2_cityscapes,acdc_rain_targetcal25,12,
,-1,True,,0.6342707222454058,0.0018633375875651836,,475,,,False,,,,,,42,person,0.05,0.1,argmax,segformer_b2_cityscapes,acdc_rain_targetcal25,12,0.5686900958466453
1.0,1000,True,0.0,0.0,1.0,0.6673684210526316,158,313.0,0.0,False,0.0,0.0,0.0,,,42,person,0.1,0.1,region_crc,segformer_b2_cityscapes,acdc_rain_targetcal25,12,
1.0,1000,True,0.0,0.0,1.0,0.6673684210526316,158,313.0,0.0,False,0.0,0.0,0.0,,,42,person,0.1,0.1,heuristic,segformer_b2_cityscapes,acdc_rain_targetcal25,12,
,-1,True,,0.6342707222454058,0.0018633375875651836,,475,,,False,,,,,,42,person,0.1,0.1,argmax,segformer_b2_cityscapes,acdc_rain_targetcal25,12,0.5686900958466453
1.0,1000,True,0.0,0.0,1.0,0.6673684210526316,158,313.0,0.0,False,0.0,0.0,0.0,,,42,person,0.2,0.1,region_crc,segformer_b2_cityscapes,acdc_rain_targetcal25,12,
0.998,998,True,0.055379746835443035,0.055379746835443035,0.03208981454372406,0.6673684210526316,158,313.0,0.16421052631578947,False,0.045454545454545456,0.034782608695652174,0.0,,,42,person,0.2,0.1,heuristic,segformer_b2_cityscapes,acdc_rain_targetcal25,12,
,-1,True,,0.6342707222454058,0.0018633375875651836,,475,,,False,,,,,,42,person,0.2,0.1,argmax,segformer_b2_cityscapes,acdc_rain_targetcal25,12,0.5686900958466453
1.0,1000,False,0.0,0.0,1.0,0.6673684210526316,158,313.0,0.0,False,0.0,0.0,0.0,,,42,person,0.05,0.5,region_crc,segformer_b2_cityscapes,acdc_rain_targetcal25,12,
1.0,1000,True,0.0,0.0,1.0,0.6673684210526316,158,313.0,0.0,False,0.0,0.0,0.0,,,42,person,0.05,0.5,heuristic,segformer_b2_cityscapes,acdc_rain_targetcal25,12,
,-1,True,,0.7384549697840836,0.0018633375875651836,,475,,,False,,,,,,42,person,0.05,0.5,argmax,segformer_b2_cityscapes,acdc_rain_targetcal25,12,0.6805111821086262
1.0,1000,True,0.0,0.0,1.0,0.6673684210526316,158,313.0,0.0,False,0.0,0.0,0.0,,,42,person,0.1,0.5,region_crc,segformer_b2_cityscapes,acdc_rain_targetcal25,12,
1.0,1000,True,0.0,0.0,1.0,0.6673684210526316,158,313.0,0.0,False,0.0,0.0,0.0,,,42,person,0.1,0.5,heuristic,segformer_b2_cityscapes,acdc_rain_targetcal25,12,
,-1,True,,0.7384549697840836,0.0018633375875651836,,475,,,False,,,,,,42,person,0.1,0.5,argmax,segformer_b2_cityscapes,acdc_rain_targetcal25,12,0.6805111821086262
1.0,1000,True,0.0,0.0,1.0,0.6673684210526316,158,313.0,0.0,False,0.0,0.0,0.0,,,42,person,0.2,0.5,region_crc,segformer_b2_cityscapes,acdc_rain_targetcal25,12,
0.998,998,True,0.10379746835443036,0.10379746835443036,0.03208981454372406,0.6673684210526316,158,313.0,0.16421052631578947,False,0.10795454545454546,0.0782608695652174,0.0,,,42,person,0.2,0.5,heuristic,segformer_b2_cityscapes,acdc_rain_targetcal25,12,
,-1,True,,0.7384549697840836,0.0018633375875651836,,475,,,False,,,,,,42,person,0.2,0.5,argmax,segformer_b2_cityscapes,acdc_rain_targetcal25,12,0.6805111821086262
1.0,1000,False,0.0,0.0,1.0,0.9452631578947368,26,35.0,0.0,False,0.0,0.0,0.0,,,42,rider,0.05,0.1,region_crc,segformer_b2_cityscapes,acdc_rain_targetcal25,2,
1.0,1000,True,0.0,0.0,1.0,0.9452631578947368,26,35.0,0.0,False,0.0,0.0,0.0,,,42,rider,0.05,0.1,heuristic,segformer_b2_cityscapes,acdc_rain_targetcal25,2,
,-1,True,,0.8076923076923077,0.00025552508304826915,,475,,,False,,,,,,42,rider,0.05,0.1,argmax,segformer_b2_cityscapes,acdc_rain_targetcal25,2,0.8285714285714286
1.0,1000,False,0.0,0.0,1.0,0.9452631578947368,26,35.0,0.0,False,0.0,0.0,0.0,,,42,rider,0.1,0.1,region_crc,segformer_b2_cityscapes,acdc_rain_targetcal25,2,
1.0,1000,True,0.0,0.0,1.0,0.9452631578947368,26,35.0,0.0,False,0.0,0.0,0.0,,,42,rider,0.1,0.1,heuristic,segformer_b2_cityscapes,acdc_rain_targetcal25,2,
,-1,True,,0.8076923076923077,0.00025552508304826915,,475,,,False,,,,,,42,rider,0.1,0.1,argmax,segformer_b2_cityscapes,acdc_rain_targetcal25,2,0.8285714285714286
1.0,1000,False,0.0,0.0,1.0,0.9452631578947368,26,35.0,0.0,False,0.0,0.0,0.0,,,42,rider,0.2,0.1,region_crc,segformer_b2_cityscapes,acdc_rain_targetcal25,2,
1.0,1000,True,0.0,0.0,1.0,0.9452631578947368,26,35.0,0.0,False,0.0,0.0,0.0,,,42,rider,0.2,0.1,heuristic,segformer_b2_cityscapes,acdc_rain_targetcal25,2,
,-1,True,,0.8076923076923077,0.00025552508304826915,,475,,,False,,,,,,42,rider,0.2,0.1,argmax,segformer_b2_cityscapes,acdc_rain_targetcal25,2,0.8285714285714286
1.0,1000,False,0.0,0.0,1.0,0.9452631578947368,26,35.0,0.0,False,0.0,0.0,0.0,,,42,rider,0.05,0.5,region_crc,segformer_b2_cityscapes,acdc_rain_targetcal25,2,
1.0,1000,True,0.0,0.0,1.0,0.9452631578947368,26,35.0,0.0,False,0.0,0.0,0.0,,,42,rider,0.05,0.5,heuristic,segformer_b2_cityscapes,acdc_rain_targetcal25,2,
,-1,True,,0.8653846153846154,0.00025552508304826915,,475,,,False,,,,,,42,rider,0.05,0.5,argmax,segformer_b2_cityscapes,acdc_rain_targetcal25,2,0.8857142857142857
1.0,1000,False,0.0,0.0,1.0,0.9452631578947368,26,35.0,0.0,False,0.0,0.0,0.0,,,42,rider,0.1,0.5,region_crc,segformer_b2_cityscapes,acdc_rain_targetcal25,2,
1.0,1000,True,0.0,0.0,1.0,0.9452631578947368,26,35.0,0.0,False,0.0,0.0,0.0,,,42,rider,0.1,0.5,heuristic,segformer_b2_cityscapes,acdc_rain_targetcal25,2,
,-1,True,,0.8653846153846154,0.00025552508304826915,,475,,,False,,,,,,42,rider,0.1,0.5,argmax,segformer_b2_cityscapes,acdc_rain_targetcal25,2,0.8857142857142857
1.0,1000,False,0.0,0.0,1.0,0.9452631578947368,26,35.0,0.0,False,0.0,0.0,0.0,,,42,rider,0.2,0.5,region_crc,segformer_b2_cityscapes,acdc_rain_targetcal25,2,
1.0,1000,True,0.0,0.0,1.0,0.9452631578947368,26,35.0,0.0,False,0.0,0.0,0.0,,,42,rider,0.2,0.5,heuristic,segformer_b2_cityscapes,acdc_rain_targetcal25,2,
,-1,True,,0.8653846153846154,0.00025552508304826915,,475,,,False,,,,,,42,rider,0.2,0.5,argmax,segformer_b2_cityscapes,acdc_rain_targetcal25,2,0.8857142857142857
1.0,1000,False,0.0,0.0,1.0,0.8378947368421052,77,150.0,0.0,False,0.0,0.0,0.0,,,42,bicycle,0.05,0.1,region_crc,segformer_b2_cityscapes,acdc_rain_targetcal25,6,
1.0,1000,True,0.0,0.0,1.0,0.8378947368421052,77,150.0,0.0,False,0.0,0.0,0.0,,,42,bicycle,0.05,0.1,heuristic,segformer_b2_cityscapes,acdc_rain_targetcal25,6,
,-1,True,,0.7307668521954236,0.001169295166619122,,475,,,False,,,,,,42,bicycle,0.05,0.1,argmax,segformer_b2_cityscapes,acdc_rain_targetcal25,6,0.72
1.0,1000,False,0.0,0.0,1.0,0.8378947368421052,77,150.0,0.0,False,0.0,0.0,0.0,,,42,bicycle,0.1,0.1,region_crc,segformer_b2_cityscapes,acdc_rain_targetcal25,6,
1.0,1000,True,0.0,0.0,1.0,0.8378947368421052,77,150.0,0.0,False,0.0,0.0,0.0,,,42,bicycle,0.1,0.1,heuristic,segformer_b2_cityscapes,acdc_rain_targetcal25,6,
,-1,True,,0.7307668521954236,0.001169295166619122,,475,,,False,,,,,,42,bicycle,0.1,0.1,argmax,segformer_b2_cityscapes,acdc_rain_targetcal25,6,0.72
1.0,1000,True,0.0,0.0,1.0,0.8378947368421052,77,150.0,0.0,False,0.0,0.0,0.0,,,42,bicycle,0.2,0.1,region_crc,segformer_b2_cityscapes,acdc_rain_targetcal25,6,
1.0,1000,True,0.0,0.0,1.0,0.8378947368421052,77,150.0,0.0,False,0.0,0.0,0.0,,,42,bicycle,0.2,0.1,heuristic,segformer_b2_cityscapes,acdc_rain_targetcal25,6,
,-1,True,,0.7307668521954236,0.001169295166619122,,475,,,False,,,,,,42,bicycle,0.2,0.1,argmax,segformer_b2_cityscapes,acdc_rain_targetcal25,6,0.72
1.0,1000,False,0.0,0.0,1.0,0.8378947368421052,77,150.0,0.0,False,0.0,0.0,0.0,,,42,bicycle,0.05,0.5,region_crc,segformer_b2_cityscapes,acdc_rain_targetcal25,6,
1.0,1000,True,0.0,0.0,1.0,0.8378947368421052,77,150.0,0.0,False,0.0,0.0,0.0,,,42,bicycle,0.05,0.5,heuristic,segformer_b2_cityscapes,acdc_rain_targetcal25,6,
,-1,True,,0.7694186765615337,0.001169295166619122,,475,,,False,,,,,,42,bicycle,0.05,0.5,argmax,segformer_b2_cityscapes,acdc_rain_targetcal25,6,0.7533333333333333
1.0,1000,False,0.0,0.0,1.0,0.8378947368421052,77,150.0,0.0,False,0.0,0.0,0.0,,,42,bicycle,0.1,0.5,region_crc,segformer_b2_cityscapes,acdc_rain_targetcal25,6,
1.0,1000,True,0.0,0.0,1.0,0.8378947368421052,77,150.0,0.0,False,0.0,0.0,0.0,,,42,bicycle,0.1,0.5,heuristic,segformer_b2_cityscapes,acdc_rain_targetcal25,6,
,-1,True,,0.7694186765615337,0.001169295166619122,,475,,,False,,,,,,42,bicycle,0.1,0.5,argmax,segformer_b2_cityscapes,acdc_rain_targetcal25,6,0.7533333333333333
1.0,1000,True,0.0,0.0,1.0,0.8378947368421052,77,150.0,0.0,False,0.0,0.0,0.0,,,42,bicycle,0.2,0.5,region_crc,segformer_b2_cityscapes,acdc_rain_targetcal25,6,
1.0,1000,True,0.0,0.0,1.0,0.8378947368421052,77,150.0,0.0,False,0.0,0.0,0.0,,,42,bicycle,0.2,0.5,heuristic,segformer_b2_cityscapes,acdc_rain_targetcal25,6,
,-1,True,,0.7694186765615337,0.001169295166619122,,475,,,False,,,,,,42,bicycle,0.2,0.5,argmax,segformer_b2_cityscapes,acdc_rain_targetcal25,6,0.7533333333333333
1.0,1000,False,0.0,0.0,1.0,0.6568421052631579,163,318.0,0.0,False,0.0,0.0,0.0,,,43,person,0.05,0.1,region_crc,segformer_b2_cityscapes,acdc_rain_targetcal25,7,
1.0,1000,True,0.0,0.0,1.0,0.6568421052631579,163,318.0,0.0,False,0.0,0.0,0.0,,,43,person,0.05,0.1,heuristic,segformer_b2_cityscapes,acdc_rain_targetcal25,7,
,-1,True,,0.6358779598043403,0.0019027849193662405,,475,,,False,,,,,,43,person,0.05,0.1,argmax,segformer_b2_cityscapes,acdc_rain_targetcal25,7,0.5754716981132075
1.0,1000,False,0.0,0.0,1.0,0.6568421052631579,163,318.0,0.0,False,0.0,0.0,0.0,,,43,person,0.1,0.1,region_crc,segformer_b2_cityscapes,acdc_rain_targetcal25,7,
1.0,1000,True,0.0,0.0,1.0,0.6568421052631579,163,318.0,0.0,False,0.0,0.0,0.0,,,43,person,0.1,0.1,heuristic,segformer_b2_cityscapes,acdc_rain_targetcal25,7,
,-1,True,,0.6358779598043403,0.0019027849193662405,,475,,,False,,,,,,43,person,0.1,0.1,argmax,segformer_b2_cityscapes,acdc_rain_targetcal25,7,0.5754716981132075
1.0,1000,True,0.0,0.0,1.0,0.6568421052631579,163,318.0,0.0,False,0.0,0.0,0.0,,,43,person,0.2,0.1,region_crc,segformer_b2_cityscapes,acdc_rain_targetcal25,7,
0.995,995,True,0.10807770961145195,0.10807770961145195,0.021987855434417725,0.6568421052631579,163,318.0,0.18315789473684208,False,0.11666666666666667,0.07758620689655173,0.0,,,43,person,0.2,0.1,heuristic,segformer_b2_cityscapes,acdc_rain_targetcal25,7,
,-1,True,,0.6358779598043403,0.0019027849193662405,,475,,,False,,,,,,43,person,0.2,0.1,argmax,segformer_b2_cityscapes,acdc_rain_targetcal25,7,0.5754716981132075
1.0,1000,False,0.0,0.0,1.0,0.6568421052631579,163,318.0,0.0,False,0.0,0.0,0.0,,,43,person,0.05,0.5,region_crc,segformer_b2_cityscapes,acdc_rain_targetcal25,7,
1.0,1000,True,0.0,0.0,1.0,0.6568421052631579,163,318.0,0.0,False,0.0,0.0,0.0,,,43,person,0.05,0.5,heuristic,segformer_b2_cityscapes,acdc_rain_targetcal25,7,
,-1,True,,0.7425923428990914,0.0019027849193662405,,475,,,False,,,,,,43,person,0.05,0.5,argmax,segformer_b2_cityscapes,acdc_rain_targetcal25,7,0.6823899371069182
1.0,1000,False,0.0,0.0,1.0,0.6568421052631579,163,318.0,0.0,False,0.0,0.0,0.0,,,43,person,0.1,0.5,region_crc,segformer_b2_cityscapes,acdc_rain_targetcal25,7,
1.0,1000,True,0.0,0.0,1.0,0.6568421052631579,163,318.0,0.0,False,0.0,0.0,0.0,,,43,person,0.1,0.5,heuristic,segformer_b2_cityscapes,acdc_rain_targetcal25,7,
,-1,True,,0.7425923428990914,0.0019027849193662405,,475,,,False,,,,,,43,person,0.1,0.5,argmax,segformer_b2_cityscapes,acdc_rain_targetcal25,7,0.6823899371069182
1.0,1000,True,0.0,0.0,1.0,0.6568421052631579,163,318.0,0.0,False,0.0,0.0,0.0,,,43,person,0.2,0.5,region_crc,segformer_b2_cityscapes,acdc_rain_targetcal25,7,
0.997,997,True,0.1312883435582822,0.1312883435582822,0.027191581204533577,0.6568421052631579,163,318.0,0.16421052631578947,False,0.15,0.09482758620689655,0.0,,,43,person,0.2,0.5,heuristic,segformer_b2_cityscapes,acdc_rain_targetcal25,7,
,-1,True,,0.7425923428990914,0.0019027849193662405,,475,,,False,,,,,,43,person,0.2,0.5,argmax,segformer_b2_cityscapes,acdc_rain_targetcal25,7,0.6823899371069182
1.0,1000,False,0.0,0.0,1.0,0.9494736842105264,24,34.0,0.0,False,0.0,0.0,0.0,,,43,rider,0.05,0.1,region_crc,segformer_b2_cityscapes,acdc_rain_targetcal25,4,
1.0,1000,True,0.0,0.0,1.0,0.9494736842105264,24,34.0,0.0,False,0.0,0.0,0.0,,,43,rider,0.05,0.1,heuristic,segformer_b2_cityscapes,acdc_rain_targetcal25,4,
,-1,True,,0.8125,0.00028072105487808585,,475,,,False,,,,,,43,rider,0.05,0.1,argmax,segformer_b2_cityscapes,acdc_rain_targetcal25,4,0.8235294117647058
1.0,1000,False,0.0,0.0,1.0,0.9494736842105264,24,34.0,0.0,False,0.0,0.0,0.0,,,43,rider,0.1,0.1,region_crc,segformer_b2_cityscapes,acdc_rain_targetcal25,4,
1.0,1000,True,0.0,0.0,1.0,0.9494736842105264,24,34.0,0.0,False,0.0,0.0,0.0,,,43,rider,0.1,0.1,heuristic,segformer_b2_cityscapes,acdc_rain_targetcal25,4,
,-1,True,,0.8125,0.00028072105487808585,,475,,,False,,,,,,43,rider,0.1,0.1,argmax,segformer_b2_cityscapes,acdc_rain_targetcal25,4,0.8235294117647058
1.0,1000,True,0.0,0.0,1.0,0.9494736842105264,24,34.0,0.0,False,0.0,0.0,0.0,,,43,rider,0.2,0.1,region_crc,segformer_b2_cityscapes,acdc_rain_targetcal25,4,
1.0,1000,True,0.0,0.0,1.0,0.9494736842105264,24,34.0,0.0,False,0.0,0.0,0.0,,,43,rider,0.2,0.1,heuristic,segformer_b2_cityscapes,acdc_rain_targetcal25,4,
,-1,True,,0.8125,0.00028072105487808585,,475,,,False,,,,,,43,rider,0.2,0.1,argmax,segformer_b2_cityscapes,acdc_rain_targetcal25,4,0.8235294117647058
1.0,1000,False,0.0,0.0,1.0,0.9494736842105264,24,34.0,0.0,False,0.0,0.0,0.0,,,43,rider,0.05,0.5,region_crc,segformer_b2_cityscapes,acdc_rain_targetcal25,4,
1.0,1000,True,0.0,0.0,1.0,0.9494736842105264,24,34.0,0.0,False,0.0,0.0,0.0,,,43,rider,0.05,0.5,heuristic,segformer_b2_cityscapes,acdc_rain_targetcal25,4,
,-1,True,,0.8333333333333334,0.00028072105487808585,,475,,,False,,,,,,43,rider,0.05,0.5,argmax,segformer_b2_cityscapes,acdc_rain_targetcal25,4,0.8529411764705882
1.0,1000,False,0.0,0.0,1.0,0.9494736842105264,24,34.0,0.0,False,0.0,0.0,0.0,,,43,rider,0.1,0.5,region_crc,segformer_b2_cityscapes,acdc_rain_targetcal25,4,
1.0,1000,True,0.0,0.0,1.0,0.9494736842105264,24,34.0,0.0,False,0.0,0.0,0.0,,,43,rider,0.1,0.5,heuristic,segformer_b2_cityscapes,acdc_rain_targetcal25,4,
,-1,True,,0.8333333333333334,0.00028072105487808585,,475,,,False,,,,,,43,rider,0.1,0.5,argmax,segformer_b2_cityscapes,acdc_rain_targetcal25,4,0.8529411764705882
1.0,1000,True,0.0,0.0,1.0,0.9494736842105264,24,34.0,0.0,False,0.0,0.0,0.0,,,43,rider,0.2,0.5,region_crc,segformer_b2_cityscapes,acdc_rain_targetcal25,4,
1.0,1000,True,0.0,0.0,1.0,0.9494736842105264,24,34.0,0.0,False,0.0,0.0,0.0,,,43,rider,0.2,0.5,heuristic,segformer_b2_cityscapes,acdc_rain_targetcal25,4,
,-1,True,,0.8333333333333334,0.00028072105487808585,,475,,,False,,,,,,43,rider,0.2,0.5,argmax,segformer_b2_cityscapes,acdc_rain_targetcal25,4,0.8529411764705882
1.0,1000,False,0.0,0.0,1.0,0.8336842105263158,79,150.0,0.0,False,0.0,0.0,0.0,,,43,bicycle,0.05,0.1,region_crc,segformer_b2_cityscapes,acdc_rain_targetcal25,4,
1.0,1000,True,0.0,0.0,1.0,0.8336842105263158,79,150.0,0.0,False,0.0,0.0,0.0,,,43,bicycle,0.05,0.1,heuristic,segformer_b2_cityscapes,acdc_rain_targetcal25,4,
,-1,True,,0.7259795057263412,0.0011300570331513882,,475,,,False,,,,,,43,bicycle,0.05,0.1,argmax,segformer_b2_cityscapes,acdc_rain_targetcal25,4,0.7133333333333334
1.0,1000,False,0.0,0.0,1.0,0.8336842105263158,79,150.0,0.0,False,0.0,0.0,0.0,,,43,bicycle,0.1,0.1,region_crc,segformer_b2_cityscapes,acdc_rain_targetcal25,4,
1.0,1000,True,0.0,0.0,1.0,0.8336842105263158,79,150.0,0.0,False,0.0,0.0,0.0,,,43,bicycle,0.1,0.1,heuristic,segformer_b2_cityscapes,acdc_rain_targetcal25,4,
,-1,True,,0.7259795057263412,0.0011300570331513882,,475,,,False,,,,,,43,bicycle,0.1,0.1,argmax,segformer_b2_cityscapes,acdc_rain_targetcal25,4,0.7133333333333334
1.0,1000,True,0.0,0.0,1.0,0.8336842105263158,79,150.0,0.0,False,0.0,0.0,0.0,,,43,bicycle,0.2,0.1,region_crc,segformer_b2_cityscapes,acdc_rain_targetcal25,4,
1.0,1000,True,0.0,0.0,1.0,0.8336842105263158,79,150.0,0.0,False,0.0,0.0,0.0,,,43,bicycle,0.2,0.1,heuristic,segformer_b2_cityscapes,acdc_rain_targetcal25,4,
,-1,True,,0.7259795057263412,0.0011300570331513882,,475,,,False,,,,,,43,bicycle,0.2,0.1,argmax,segformer_b2_cityscapes,acdc_rain_targetcal25,4,0.7133333333333334
1.0,1000,False,0.0,0.0,1.0,0.8336842105263158,79,150.0,0.0,False,0.0,0.0,0.0,,,43,bicycle,0.05,0.5,region_crc,segformer_b2_cityscapes,acdc_rain_targetcal25,4,
1.0,1000,True,0.0,0.0,1.0,0.8336842105263158,79,150.0,0.0,False,0.0,0.0,0.0,,,43,bicycle,0.05,0.5,heuristic,segformer_b2_cityscapes,acdc_rain_targetcal25,4,
,-1,True,,0.77209162145871,0.0011300570331513882,,475,,,False,,,,,,43,bicycle,0.05,0.5,argmax,segformer_b2_cityscapes,acdc_rain_targetcal25,4,0.76
1.0,1000,False,0.0,0.0,1.0,0.8336842105263158,79,150.0,0.0,False,0.0,0.0,0.0,,,43,bicycle,0.1,0.5,region_crc,segformer_b2_cityscapes,acdc_rain_targetcal25,4,
1.0,1000,True,0.0,0.0,1.0,0.8336842105263158,79,150.0,0.0,False,0.0,0.0,0.0,,,43,bicycle,0.1,0.5,heuristic,segformer_b2_cityscapes,acdc_rain_targetcal25,4,
,-1,True,,0.77209162145871,0.0011300570331513882,,475,,,False,,,,,,43,bicycle,0.1,0.5,argmax,segformer_b2_cityscapes,acdc_rain_targetcal25,4,0.76
1.0,1000,True,0.0,0.0,1.0,0.8336842105263158,79,150.0,0.0,False,0.0,0.0,0.0,,,43,bicycle,0.2,0.5,region_crc,segformer_b2_cityscapes,acdc_rain_targetcal25,4,
1.0,1000,True,0.0,0.0,1.0,0.8336842105263158,79,150.0,0.0,False,0.0,0.0,0.0,,,43,bicycle,0.2,0.5,heuristic,segformer_b2_cityscapes,acdc_rain_targetcal25,4,
,-1,True,,0.77209162145871,0.0011300570331513882,,475,,,False,,,,,,43,bicycle,0.2,0.5,argmax,segformer_b2_cityscapes,acdc_rain_targetcal25,4,0.76
1.0,1000,False,0.0,0.0,1.0,0.6568421052631579,163,320.0,0.0,False,0.0,0.0,0.0,,,44,person,0.05,0.1,region_crc,segformer_b2_cityscapes,acdc_rain_targetcal25,7,
1.0,1000,True,0.0,0.0,1.0,0.6568421052631579,163,320.0,0.0,False,0.0,0.0,0.0,,,44,person,0.05,0.1,heuristic,segformer_b2_cityscapes,acdc_rain_targetcal25,7,
,-1,True,,0.6326059761642584,0.0018893448868766427,,475,,,False,,,,,,44,person,0.05,0.1,argmax,segformer_b2_cityscapes,acdc_rain_targetcal25,7,0.575
1.0,1000,False,0.0,0.0,1.0,0.6568421052631579,163,320.0,0.0,False,0.0,0.0,0.0,,,44,person,0.1,0.1,region_crc,segformer_b2_cityscapes,acdc_rain_targetcal25,7,
1.0,1000,True,0.0,0.0,1.0,0.6568421052631579,163,320.0,0.0,False,0.0,0.0,0.0,,,44,person,0.1,0.1,heuristic,segformer_b2_cityscapes,acdc_rain_targetcal25,7,
,-1,True,,0.6326059761642584,0.0018893448868766427,,475,,,False,,,,,,44,person,0.1,0.1,argmax,segformer_b2_cityscapes,acdc_rain_targetcal25,7,0.575
1.0,1000,True,0.0,0.0,1.0,0.6568421052631579,163,320.0,0.0,False,0.0,0.0,0.0,,,44,person,0.2,0.1,region_crc,segformer_b2_cityscapes,acdc_rain_targetcal25,7,
0.989,989,True,0.16008861622358556,0.16008861622358556,0.01574750430881977,0.6568421052631579,163,320.0,0.14947368421052643,False,0.2122905027932961,0.07627118644067797,0.0,,,44,person,0.2,0.1,heuristic,segformer_b2_cityscapes,acdc_rain_targetcal25,7,
,-1,True,,0.6326059761642584,0.0018893448868766427,,475,,,False,,,,,,44,person,0.2,0.1,argmax,segformer_b2_cityscapes,acdc_rain_targetcal25,7,0.575
1.0,1000,False,0.0,0.0,1.0,0.6568421052631579,163,320.0,0.0,False,0.0,0.0,0.0,,,44,person,0.05,0.5,region_crc,segformer_b2_cityscapes,acdc_rain_targetcal25,7,
1.0,1000,True,0.0,0.0,1.0,0.6568421052631579,163,320.0,0.0,False,0.0,0.0,0.0,,,44,person,0.05,0.5,heuristic,segformer_b2_cityscapes,acdc_rain_targetcal25,7,
,-1,True,,0.7427968418765966,0.0018893448868766427,,475,,,False,,,,,,44,person,0.05,0.5,argmax,segformer_b2_cityscapes,acdc_rain_targetcal25,7,0.690625
1.0,1000,False,0.0,0.0,1.0,0.6568421052631579,163,320.0,0.0,False,0.0,0.0,0.0,,,44,person,0.1,0.5,region_crc,segformer_b2_cityscapes,acdc_rain_targetcal25,7,
1.0,1000,True,0.0,0.0,1.0,0.6568421052631579,163,320.0,0.0,False,0.0,0.0,0.0,,,44,person,0.1,0.5,heuristic,segformer_b2_cityscapes,acdc_rain_targetcal25,7,
,-1,True,,0.7427968418765966,0.0018893448868766427,,475,,,False,,,,,,44,person,0.1,0.5,argmax,segformer_b2_cityscapes,acdc_rain_targetcal25,7,0.690625
1.0,1000,True,0.0,0.0,1.0,0.6568421052631579,163,320.0,0.0,False,0.0,0.0,0.0,,,44,person,0.2,0.5,region_crc,segformer_b2_cityscapes,acdc_rain_targetcal25,7,
0.993,993,True,0.2138325205809868,0.2138325205809868,0.01928708329796791,0.6568421052631579,163,320.0,0.17052631578947375,False,0.24022346368715083,0.16101694915254236,0.0,,,44,person,0.2,0.5,heuristic,segformer_b2_cityscapes,acdc_rain_targetcal25,7,
,-1,True,,0.7427968418765966,0.0018893448868766427,,475,,,False,,,,,,44,person,0.2,0.5,argmax,segformer_b2_cityscapes,acdc_rain_targetcal25,7,0.690625
1.0,1000,False,0.0,0.0,1.0,0.9431578947368421,27,37.0,0.0,False,0.0,0.0,0.0,,,44,rider,0.05,0.1,region_crc,segformer_b2_cityscapes,acdc_rain_targetcal25,1,
0.577,577,True,0.8333333333333334,0.8333333333333334,0.00026646212791092694,0.14526315789473684,27,37.0,0.07789473684210524,False,1.0,0.6,0.2,,,44,rider,0.05,0.1,heuristic,segformer_b2_cityscapes,acdc_rain_targetcal25,1,
,-1,True,,0.8333333333333334,0.00028087233658879995,,475,,,False,,,,,,44,rider,0.05,0.1,argmax,segformer_b2_cityscapes,acdc_rain_targetcal25,1,0.8378378378378378
1.0,1000,False,0.0,0.0,1.0,0.9431578947368421,27,37.0,0.0,False,0.0,0.0,0.0,,,44,rider,0.1,0.1,region_crc,segformer_b2_cityscapes,acdc_rain_targetcal25,1,
0.577,577,True,0.8333333333333334,0.8333333333333334,0.00026646212791092694,0.14526315789473684,27,37.0,0.07789473684210524,False,1.0,0.6,0.2,,,44,rider,0.1,0.1,heuristic,segformer_b2_cityscapes,acdc_rain_targetcal25,1,
,-1,True,,0.8333333333333334,0.00028087233658879995,,475,,,False,,,,,,44,rider,0.1,0.1,argmax,segformer_b2_cityscapes,acdc_rain_targetcal25,1,0.8378378378378378
1.0,1000,False,0.0,0.0,1.0,0.9431578947368421,27,37.0,0.0,False,0.0,0.0,0.0,,,44,rider,0.2,0.1,region_crc,segformer_b2_cityscapes,acdc_rain_targetcal25,1,
0.577,577,True,0.8333333333333334,0.8333333333333334,0.00026646212791092694,0.14526315789473684,27,37.0,0.07789473684210524,False,1.0,0.6,0.2,,,44,rider,0.2,0.1,heuristic,segformer_b2_cityscapes,acdc_rain_targetcal25,1,
,-1,True,,0.8333333333333334,0.00028087233658879995,,475,,,False,,,,,,44,rider,0.2,0.1,argmax,segformer_b2_cityscapes,acdc_rain_targetcal25,1,0.8378378378378378
1.0,1000,False,0.0,0.0,1.0,0.9431578947368421,27,37.0,0.0,False,0.0,0.0,0.0,,,44,rider,0.05,0.5,region_crc,segformer_b2_cityscapes,acdc_rain_targetcal25,1,
0.8240000000000001,824,True,0.7962962962962963,0.7962962962962963,0.00048455927753821015,0.3031578947368421,27,37.0,0.1010526315789474,False,0.9629629629629629,0.6,0.2,,,44,rider,0.05,0.5,heuristic,segformer_b2_cityscapes,acdc_rain_targetcal25,1,
,-1,True,,0.8518518518518519,0.00028087233658879995,,475,,,False,,,,,,44,rider,0.05,0.5,argmax,segformer_b2_cityscapes,acdc_rain_targetcal25,1,0.8648648648648649
1.0,1000,False,0.0,0.0,1.0,0.9431578947368421,27,37.0,0.0,False,0.0,0.0,0.0,,,44,rider,0.1,0.5,region_crc,segformer_b2_cityscapes,acdc_rain_targetcal25,1,
0.8240000000000001,824,True,0.7962962962962963,0.7962962962962963,0.00048455927753821015,0.3031578947368421,27,37.0,0.1010526315789474,False,0.9629629629629629,0.6,0.2,,,44,rider,0.1,0.5,heuristic,segformer_b2_cityscapes,acdc_rain_targetcal25,1,
,-1,True,,0.8518518518518519,0.00028087233658879995,,475,,,False,,,,,,44,rider,0.1,0.5,argmax,segformer_b2_cityscapes,acdc_rain_targetcal25,1,0.8648648648648649
1.0,1000,False,0.0,0.0,1.0,0.9431578947368421,27,37.0,0.0,False,0.0,0.0,0.0,,,44,rider,0.2,0.5,region_crc,segformer_b2_cityscapes,acdc_rain_targetcal25,1,
0.8240000000000001,824,True,0.7962962962962963,0.7962962962962963,0.00048455927753821015,0.3031578947368421,27,37.0,0.1010526315789474,False,0.9629629629629629,0.6,0.2,,,44,rider,0.2,0.5,heuristic,segformer_b2_cityscapes,acdc_rain_targetcal25,1,
,-1,True,,0.8518518518518519,0.00028087233658879995,,475,,,False,,,,,,44,rider,0.2,0.5,argmax,segformer_b2_cityscapes,acdc_rain_targetcal25,1,0.8648648648648649
1.0,1000,False,0.0,0.0,1.0,0.8315789473684211,80,154.0,0.0,False,0.0,0.0,0.0,,,44,bicycle,0.05,0.1,region_crc,segformer_b2_cityscapes,acdc_rain_targetcal25,3,
0.9420000000000001,942,True,0.5948809523809524,0.5948809523809524,0.0028253882192075253,2.248421052631579,80,154.0,0.1663157894736842,False,0.7261904761904762,0.39285714285714285,0.0,,,44,bicycle,0.05,0.1,heuristic,segformer_b2_cityscapes,acdc_rain_targetcal25,3,
,-1,True,,0.720029761904762,0.0011795413447543979,,475,,,False,,,,,,44,bicycle,0.05,0.1,argmax,segformer_b2_cityscapes,acdc_rain_targetcal25,3,0.7012987012987013
1.0,1000,False,0.0,0.0,1.0,0.8315789473684211,80,154.0,0.0,False,0.0,0.0,0.0,,,44,bicycle,0.1,0.1,region_crc,segformer_b2_cityscapes,acdc_rain_targetcal25,3,
0.9420000000000001,942,True,0.5948809523809524,0.5948809523809524,0.0028253882192075253,2.248421052631579,80,154.0,0.1663157894736842,False,0.7261904761904762,0.39285714285714285,0.0,,,44,bicycle,0.1,0.1,heuristic,segformer_b2_cityscapes,acdc_rain_targetcal25,3,
,-1,True,,0.720029761904762,0.0011795413447543979,,475,,,False,,,,,,44,bicycle,0.1,0.1,argmax,segformer_b2_cityscapes,acdc_rain_targetcal25,3,0.7012987012987013
1.0,1000,False,0.0,0.0,1.0,0.8315789473684211,80,154.0,0.0,False,0.0,0.0,0.0,,,44,bicycle,0.2,0.1,region_crc,segformer_b2_cityscapes,acdc_rain_targetcal25,3,
0.9420000000000001,942,True,0.5948809523809524,0.5948809523809524,0.0028253882192075253,2.248421052631579,80,154.0,0.1663157894736842,False,0.7261904761904762,0.39285714285714285,0.0,,,44,bicycle,0.2,0.1,heuristic,segformer_b2_cityscapes,acdc_rain_targetcal25,3,
,-1,True,,0.720029761904762,0.0011795413447543979,,475,,,False,,,,,,44,bicycle,0.2,0.1,argmax,segformer_b2_cityscapes,acdc_rain_targetcal25,3,0.7012987012987013
1.0,1000,False,0.0,0.0,1.0,0.8315789473684211,80,154.0,0.0,False,0.0,0.0,0.0,,,44,bicycle,0.05,0.5,region_crc,segformer_b2_cityscapes,acdc_rain_targetcal25,3,
0.992,992,True,0.4780952380952382,0.4780952380952382,0.007169120013713837,0.8315789473684211,80,154.0,0.09894736842105262,False,0.5952380952380952,0.3392857142857143,0.0,,,44,bicycle,0.05,0.5,heuristic,segformer_b2_cityscapes,acdc_rain_targetcal25,3,
,-1,True,,0.7655654761904762,0.0011795413447543979,,475,,,False,,,,,,44,bicycle,0.05,0.5,argmax,segformer_b2_cityscapes,acdc_rain_targetcal25,3,0.7467532467532467
1.0,1000,False,0.0,0.0,1.0,0.8315789473684211,80,154.0,0.0,False,0.0,0.0,0.0,,,44,bicycle,0.1,0.5,region_crc,segformer_b2_cityscapes,acdc_rain_targetcal25,3,
0.992,992,True,0.4780952380952382,0.4780952380952382,0.007169120013713837,0.8315789473684211,80,154.0,0.09894736842105262,False,0.5952380952380952,0.3392857142857143,0.0,,,44,bicycle,0.1,0.5,heuristic,segformer_b2_cityscapes,acdc_rain_targetcal25,3,
,-1,True,,0.7655654761904762,0.0011795413447543979,,475,,,False,,,,,,44,bicycle,0.1,0.5,argmax,segformer_b2_cityscapes,acdc_rain_targetcal25,3,0.7467532467532467
1.0,1000,False,0.0,0.0,1.0,0.8315789473684211,80,154.0,0.0,False,0.0,0.0,0.0,,,44,bicycle,0.2,0.5,region_crc,segformer_b2_cityscapes,acdc_rain_targetcal25,3,
0.992,992,True,0.4780952380952382,0.4780952380952382,0.007169120013713837,0.8315789473684211,80,154.0,0.09894736842105262,False,0.5952380952380952,0.3392857142857143,0.0,,,44,bicycle,0.2,0.5,heuristic,segformer_b2_cityscapes,acdc_rain_targetcal25,3,
,-1,True,,0.7655654761904762,0.0011795413447543979,,475,,,False,,,,,,44,bicycle,0.2,0.5,argmax,segformer_b2_cityscapes,acdc_rain_targetcal25,3,0.7467532467532467
1.0,1000,False,0.0,0.0,1.0,0.6631578947368421,160,320.0,0.0,False,0.0,0.0,0.0,,,45,person,0.05,0.1,region_crc,segformer_b2_cityscapes,acdc_rain_targetcal25,10,
1.0,1000,True,0.0,0.0,1.0,0.6631578947368421,160,320.0,0.0,False,0.0,0.0,0.0,,,45,person,0.05,0.1,heuristic,segformer_b2_cityscapes,acdc_rain_targetcal25,10,
,-1,True,,0.6398840048840049,0.0018633578438311815,,475,,,False,,,,,,45,person,0.05,0.1,argmax,segformer_b2_cityscapes,acdc_rain_targetcal25,10,0.575
1.0,1000,True,0.0,0.0,1.0,0.6631578947368421,160,320.0,0.0,False,0.0,0.0,0.0,,,45,person,0.1,0.1,region_crc,segformer_b2_cityscapes,acdc_rain_targetcal25,10,
0.997,997,True,0.08645833333333333,0.08645833333333333,0.02734852209687233,0.6631578947368421,160,320.0,0.10315789473684212,False,0.08379888268156424,0.06779661016949153,0.0,,,45,person,0.1,0.1,heuristic,segformer_b2_cityscapes,acdc_rain_targetcal25,10,
,-1,True,,0.6398840048840049,0.0018633578438311815,,475,,,False,,,,,,45,person,0.1,0.1,argmax,segformer_b2_cityscapes,acdc_rain_targetcal25,10,0.575
0.997,997,True,0.08645833333333333,0.08645833333333333,0.02734852209687233,0.6631578947368421,160,320.0,0.10315789473684212,False,0.08379888268156424,0.06779661016949153,0.0,,,45,person,0.2,0.1,region_crc,segformer_b2_cityscapes,acdc_rain_targetcal25,10,
0.989,989,True,0.1589236111111111,0.1589236111111111,0.015625031664967537,0.6631578947368421,160,320.0,0.13052631578947368,False,0.20670391061452514,0.07627118644067797,0.0,,,45,person,0.2,0.1,heuristic,segformer_b2_cityscapes,acdc_rain_targetcal25,10,
,-1,True,,0.6398840048840049,0.0018633578438311815,,475,,,False,,,,,,45,person,0.2,0.1,argmax,segformer_b2_cityscapes,acdc_rain_targetcal25,10,0.575
1.0,1000,False,0.0,0.0,1.0,0.6631578947368421,160,320.0,0.0,False,0.0,0.0,0.0,,,45,person,0.05,0.5,region_crc,segformer_b2_cityscapes,acdc_rain_targetcal25,10,
1.0,1000,True,0.0,0.0,1.0,0.6631578947368421,160,320.0,0.0,False,0.0,0.0,0.0,,,45,person,0.05,0.5,heuristic,segformer_b2_cityscapes,acdc_rain_targetcal25,10,
,-1,True,,0.7458909493284492,0.0018633578438311815,,475,,,False,,,,,,45,person,0.05,0.5,argmax,segformer_b2_cityscapes,acdc_rain_targetcal25,10,0.6875
1.0,1000,True,0.0,0.0,1.0,0.6631578947368421,160,320.0,0.0,False,0.0,0.0,0.0,,,45,person,0.1,0.5,region_crc,segformer_b2_cityscapes,acdc_rain_targetcal25,10,
0.999,999,True,0.07083333333333333,0.07083333333333333,0.04180256649851799,0.6631578947368421,160,320.0,0.09684210526315788,False,0.05027932960893855,0.07627118644067797,0.0,,,45,person,0.1,0.5,heuristic,segformer_b2_cityscapes,acdc_rain_targetcal25,10,
,-1,True,,0.7458909493284492,0.0018633578438311815,,475,,,False,,,,,,45,person,0.1,0.5,argmax,segformer_b2_cityscapes,acdc_rain_targetcal25,10,0.6875
0.999,999,True,0.07083333333333333,0.07083333333333333,0.04180256649851799,0.6631578947368421,160,320.0,0.09684210526315788,False,0.05027932960893855,0.07627118644067797,0.0,,,45,person,0.2,0.5,region_crc,segformer_b2_cityscapes,acdc_rain_targetcal25,10,
0.992,992,True,0.22877938034188033,0.22877938034188033,0.018022436648607254,0.6631578947368421,160,320.0,0.13052631578947368,False,0.2569832402234637,0.1694915254237288,0.0,,,45,person,0.2,0.5,heuristic,segformer_b2_cityscapes,acdc_rain_targetcal25,10,
,-1,True,,0.7458909493284492,0.0018633578438311815,,475,,,False,,,,,,45,person,0.2,0.5,argmax,segformer_b2_cityscapes,acdc_rain_targetcal25,10,0.6875
1.0,1000,False,0.0,0.0,1.0,0.9452631578947368,26,36.0,0.0,False,0.0,0.0,0.0,,,45,rider,0.05,0.1,region_crc,segformer_b2_cityscapes,acdc_rain_targetcal25,2,
1.0,1000,True,0.0,0.0,1.0,0.9452631578947368,26,36.0,0.0,False,0.0,0.0,0.0,,,45,rider,0.05,0.1,heuristic,segformer_b2_cityscapes,acdc_rain_targetcal25,2,
,-1,True,,0.7884615384615384,0.00027957381098531187,,475,,,False,,,,,,45,rider,0.05,0.1,argmax,segformer_b2_cityscapes,acdc_rain_targetcal25,2,0.8055555555555556
1.0,1000,False,0.0,0.0,1.0,0.9452631578947368,26,36.0,0.0,False,0.0,0.0,0.0,,,45,rider,0.1,0.1,region_crc,segformer_b2_cityscapes,acdc_rain_targetcal25,2,
1.0,1000,True,0.0,0.0,1.0,0.9452631578947368,26,36.0,0.0,False,0.0,0.0,0.0,,,45,rider,0.1,0.1,heuristic,segformer_b2_cityscapes,acdc_rain_targetcal25,2,
,-1,True,,0.7884615384615384,0.00027957381098531187,,475,,,False,,,,,,45,rider,0.1,0.1,argmax,segformer_b2_cityscapes,acdc_rain_targetcal25,2,0.8055555555555556
1.0,1000,False,0.0,0.0,1.0,0.9452631578947368,26,36.0,0.0,False,0.0,0.0,0.0,,,45,rider,0.2,0.1,region_crc,segformer_b2_cityscapes,acdc_rain_targetcal25,2,
1.0,1000,True,0.0,0.0,1.0,0.9452631578947368,26,36.0,0.0,False,0.0,0.0,0.0,,,45,rider,0.2,0.1,heuristic,segformer_b2_cityscapes,acdc_rain_targetcal25,2,
,-1,True,,0.7884615384615384,0.00027957381098531187,,475,,,False,,,,,,45,rider,0.2,0.1,argmax,segformer_b2_cityscapes,acdc_rain_targetcal25,2,0.8055555555555556
1.0,1000,False,0.0,0.0,1.0,0.9452631578947368,26,36.0,0.0,False,0.0,0.0,0.0,,,45,rider,0.05,0.5,region_crc,segformer_b2_cityscapes,acdc_rain_targetcal25,2,
1.0,1000,True,0.0,0.0,1.0,0.9452631578947368,26,36.0,0.0,False,0.0,0.0,0.0,,,45,rider,0.05,0.5,heuristic,segformer_b2_cityscapes,acdc_rain_targetcal25,2,
,-1,True,,0.8461538461538461,0.00027957381098531187,,475,,,False,,,,,,45,rider,0.05,0.5,argmax,segformer_b2_cityscapes,acdc_rain_targetcal25,2,0.8611111111111112
1.0,1000,False,0.0,0.0,1.0,0.9452631578947368,26,36.0,0.0,False,0.0,0.0,0.0,,,45,rider,0.1,0.5,region_crc,segformer_b2_cityscapes,acdc_rain_targetcal25,2,
1.0,1000,True,0.0,0.0,1.0,0.9452631578947368,26,36.0,0.0,False,0.0,0.0,0.0,,,45,rider,0.1,0.5,heuristic,segformer_b2_cityscapes,acdc_rain_targetcal25,2,
,-1,True,,0.8461538461538461,0.00027957381098531187,,475,,,False,,,,,,45,rider,0.1,0.5,argmax,segformer_b2_cityscapes,acdc_rain_targetcal25,2,0.8611111111111112
1.0,1000,False,0.0,0.0,1.0,0.9452631578947368,26,36.0,0.0,False,0.0,0.0,0.0,,,45,rider,0.2,0.5,region_crc,segformer_b2_cityscapes,acdc_rain_targetcal25,2,
1.0,1000,True,0.0,0.0,1.0,0.9452631578947368,26,36.0,0.0,False,0.0,0.0,0.0,,,45,rider,0.2,0.5,heuristic,segformer_b2_cityscapes,acdc_rain_targetcal25,2,
,-1,True,,0.8461538461538461,0.00027957381098531187,,475,,,False,,,,,,45,rider,0.2,0.5,argmax,segformer_b2_cityscapes,acdc_rain_targetcal25,2,0.8611111111111112
1.0,1000,False,0.0,0.0,1.0,0.8357894736842105,78,153.0,0.0,False,0.0,0.0,0.0,,,45,bicycle,0.05,0.1,region_crc,segformer_b2_cityscapes,acdc_rain_targetcal25,5,
1.0,1000,True,0.0,0.0,1.0,0.8357894736842105,78,153.0,0.0,False,0.0,0.0,0.0,,,45,bicycle,0.05,0.1,heuristic,segformer_b2_cityscapes,acdc_rain_targetcal25,5,
,-1,True,,0.7256715506715506,0.0011702708434313536,,475,,,False,,,,,,45,bicycle,0.05,0.1,argmax,segformer_b2_cityscapes,acdc_rain_targetcal25,5,0.7058823529411765
1.0,1000,False,0.0,0.0,1.0,0.8357894736842105,78,153.0,0.0,False,0.0,0.0,0.0,,,45,bicycle,0.1,0.1,region_crc,segformer_b2_cityscapes,acdc_rain_targetcal25,5,
1.0,1000,True,0.0,0.0,1.0,0.8357894736842105,78,153.0,0.0,False,0.0,0.0,0.0,,,45,bicycle,0.1,0.1,heuristic,segformer_b2_cityscapes,acdc_rain_targetcal25,5,
,-1,True,,0.7256715506715506,0.0011702708434313536,,475,,,False,,,,,,45,bicycle,0.1,0.1,argmax,segformer_b2_cityscapes,acdc_rain_targetcal25,5,0.7058823529411765
1.0,1000,True,0.0,0.0,1.0,0.8357894736842105,78,153.0,0.0,False,0.0,0.0,0.0,,,45,bicycle,0.2,0.1,region_crc,segformer_b2_cityscapes,acdc_rain_targetcal25,5,
1.0,1000,True,0.0,0.0,1.0,0.8357894736842105,78,153.0,0.0,False,0.0,0.0,0.0,,,45,bicycle,0.2,0.1,heuristic,segformer_b2_cityscapes,acdc_rain_targetcal25,5,
,-1,True,,0.7256715506715506,0.0011702708434313536,,475,,,False,,,,,,45,bicycle,0.2,0.1,argmax,segformer_b2_cityscapes,acdc_rain_targetcal25,5,0.7058823529411765
1.0,1000,False,0.0,0.0,1.0,0.8357894736842105,78,153.0,0.0,False,0.0,0.0,0.0,,,45,bicycle,0.05,0.5,region_crc,segformer_b2_cityscapes,acdc_rain_targetcal25,5,
1.0,1000,True,0.0,0.0,1.0,0.8357894736842105,78,153.0,0.0,False,0.0,0.0,0.0,,,45,bicycle,0.05,0.5,heuristic,segformer_b2_cityscapes,acdc_rain_targetcal25,5,
,-1,True,,0.7723748473748474,0.0011702708434313536,,475,,,False,,,,,,45,bicycle,0.05,0.5,argmax,segformer_b2_cityscapes,acdc_rain_targetcal25,5,0.7516339869281046
1.0,1000,False,0.0,0.0,1.0,0.8357894736842105,78,153.0,0.0,False,0.0,0.0,0.0,,,45,bicycle,0.1,0.5,region_crc,segformer_b2_cityscapes,acdc_rain_targetcal25,5,
1.0,1000,True,0.0,0.0,1.0,0.8357894736842105,78,153.0,0.0,False,0.0,0.0,0.0,,,45,bicycle,0.1,0.5,heuristic,segformer_b2_cityscapes,acdc_rain_targetcal25,5,
,-1,True,,0.7723748473748474,0.0011702708434313536,,475,,,False,,,,,,45,bicycle,0.1,0.5,argmax,segformer_b2_cityscapes,acdc_rain_targetcal25,5,0.7516339869281046
1.0,1000,True,0.0,0.0,1.0,0.8357894736842105,78,153.0,0.0,False,0.0,0.0,0.0,,,45,bicycle,0.2,0.5,region_crc,segformer_b2_cityscapes,acdc_rain_targetcal25,5,
1.0,1000,True,0.0,0.0,1.0,0.8357894736842105,78,153.0,0.0,False,0.0,0.0,0.0,,,45,bicycle,0.2,0.5,heuristic,segformer_b2_cityscapes,acdc_rain_targetcal25,5,
,-1,True,,0.7723748473748474,0.0011702708434313536,,475,,,False,,,,,,45,bicycle,0.2,0.5,argmax,segformer_b2_cityscapes,acdc_rain_targetcal25,5,0.7516339869281046
1.0,1000,False,0.0,0.0,1.0,0.6505263157894737,166,326.0,0.0,False,0.0,0.0,0.0,,,46,person,0.05,0.1,region_crc,segformer_b2_cityscapes,acdc_rain_targetcal25,4,
0.998,998,True,0.06676706827309237,0.06676706827309237,0.03259226679801941,0.6505263157894737,166,326.0,0.24631578947368427,False,0.05945945945945946,0.0423728813559322,0.0,,,46,person,0.05,0.1,heuristic,segformer_b2_cityscapes,acdc_rain_targetcal25,4,
,-1,True,,0.636333980611089,0.0019390665693208575,,475,,,False,,,,,,46,person,0.05,0.1,argmax,segformer_b2_cityscapes,acdc_rain_targetcal25,4,0.5736196319018405
1.0,1000,False,0.0,0.0,1.0,0.6505263157894737,166,326.0,0.0,False,0.0,0.0,0.0,,,46,person,0.1,0.1,region_crc,segformer_b2_cityscapes,acdc_rain_targetcal25,4,
0.998,998,True,0.06676706827309237,0.06676706827309237,0.03259226679801941,0.6505263157894737,166,326.0,0.24631578947368427,False,0.05945945945945946,0.0423728813559322,0.0,,,46,person,0.1,0.1,heuristic,segformer_b2_cityscapes,acdc_rain_targetcal25,4,
,-1,True,,0.636333980611089,0.0019390665693208575,,475,,,False,,,,,,46,person,0.1,0.1,argmax,segformer_b2_cityscapes,acdc_rain_targetcal25,4,0.5736196319018405
0.998,998,True,0.06676706827309237,0.06676706827309237,0.03259226679801941,0.6505263157894737,166,326.0,0.24631578947368427,False,0.05945945945945946,0.0423728813559322,0.0,,,46,person,0.2,0.1,region_crc,segformer_b2_cityscapes,acdc_rain_targetcal25,4,
0.972,972,True,0.2813723759506892,0.2813723759506892,0.010107067413628101,9.886315789473684,166,326.0,0.22736842105263155,False,0.32972972972972975,0.16101694915254236,0.0,,,46,person,0.2,0.1,heuristic,segformer_b2_cityscapes,acdc_rain_targetcal25,4,
,-1,True,,0.636333980611089,0.0019390665693208575,,475,,,False,,,,,,46,person,0.2,0.1,argmax,segformer_b2_cityscapes,acdc_rain_targetcal25,4,0.5736196319018405
1.0,1000,False,0.0,0.0,1.0,0.6505263157894737,166,326.0,0.0,False,0.0,0.0,0.0,,,46,person,0.05,0.5,region_crc,segformer_b2_cityscapes,acdc_rain_targetcal25,4,
0.999,999,True,0.07429718875502007,0.07429718875502007,0.04236205667257309,0.6505263157894737,166,326.0,0.24631578947368424,False,0.05405405405405406,0.07627118644067797,0.0,,,46,person,0.05,0.5,heuristic,segformer_b2_cityscapes,acdc_rain_targetcal25,4,
,-1,True,,0.7475454933286259,0.0019390665693208575,,475,,,False,,,,,,46,person,0.05,0.5,argmax,segformer_b2_cityscapes,acdc_rain_targetcal25,4,0.6901840490797546
1.0,1000,False,0.0,0.0,1.0,0.6505263157894737,166,326.0,0.0,False,0.0,0.0,0.0,,,46,person,0.1,0.5,region_crc,segformer_b2_cityscapes,acdc_rain_targetcal25,4,
0.999,999,True,0.07429718875502007,0.07429718875502007,0.04236205667257309,0.6505263157894737,166,326.0,0.24631578947368424,False,0.05405405405405406,0.07627118644067797,0.0,,,46,person,0.1,0.5,heuristic,segformer_b2_cityscapes,acdc_rain_targetcal25,4,
,-1,True,,0.7475454933286259,0.0019390665693208575,,475,,,False,,,,,,46,person,0.1,0.5,argmax,segformer_b2_cityscapes,acdc_rain_targetcal25,4,0.6901840490797546
0.999,999,True,0.07429718875502007,0.07429718875502007,0.04236205667257309,0.6505263157894737,166,326.0,0.24631578947368424,False,0.05405405405405406,0.07627118644067797,0.0,,,46,person,0.2,0.5,region_crc,segformer_b2_cityscapes,acdc_rain_targetcal25,4,
0.992,992,True,0.22804036659458343,0.22804036659458343,0.01826494000852108,0.6505263157894737,166,326.0,0.24421052631578943,False,0.2594594594594595,0.16101694915254236,0.0,,,46,person,0.2,0.5,heuristic,segformer_b2_cityscapes,acdc_rain_targetcal25,4,
,-1,True,,0.7475454933286259,0.0019390665693208575,,475,,,False,,,,,,46,person,0.2,0.5,argmax,segformer_b2_cityscapes,acdc_rain_targetcal25,4,0.6901840490797546
1.0,1000,False,0.0,0.0,1.0,0.9452631578947368,26,36.0,0.0,False,0.0,0.0,0.0,,,46,rider,0.05,0.1,region_crc,segformer_b2_cityscapes,acdc_rain_targetcal25,2,
1.0,1000,True,0.0,0.0,1.0,0.9452631578947368,26,36.0,0.0,False,0.0,0.0,0.0,,,46,rider,0.05,0.1,heuristic,segformer_b2_cityscapes,acdc_rain_targetcal25,2,
,-1,True,,0.7884615384615384,0.0002799138892441988,,475,,,False,,,,,,46,rider,0.05,0.1,argmax,segformer_b2_cityscapes,acdc_rain_targetcal25,2,0.8055555555555556
1.0,1000,False,0.0,0.0,1.0,0.9452631578947368,26,36.0,0.0,False,0.0,0.0,0.0,,,46,rider,0.1,0.1,region_crc,segformer_b2_cityscapes,acdc_rain_targetcal25,2,
1.0,1000,True,0.0,0.0,1.0,0.9452631578947368,26,36.0,0.0,False,0.0,0.0,0.0,,,46,rider,0.1,0.1,heuristic,segformer_b2_cityscapes,acdc_rain_targetcal25,2,
,-1,True,,0.7884615384615384,0.0002799138892441988,,475,,,False,,,,,,46,rider,0.1,0.1,argmax,segformer_b2_cityscapes,acdc_rain_targetcal25,2,0.8055555555555556
1.0,1000,False,0.0,0.0,1.0,0.9452631578947368,26,36.0,0.0,False,0.0,0.0,0.0,,,46,rider,0.2,0.1,region_crc,segformer_b2_cityscapes,acdc_rain_targetcal25,2,
1.0,1000,True,0.0,0.0,1.0,0.9452631578947368,26,36.0,0.0,False,0.0,0.0,0.0,,,46,rider,0.2,0.1,heuristic,segformer_b2_cityscapes,acdc_rain_targetcal25,2,
,-1,True,,0.7884615384615384,0.0002799138892441988,,475,,,False,,,,,,46,rider,0.2,0.1,argmax,segformer_b2_cityscapes,acdc_rain_targetcal25,2,0.8055555555555556
1.0,1000,False,0.0,0.0,1.0,0.9452631578947368,26,36.0,0.0,False,0.0,0.0,0.0,,,46,rider,0.05,0.5,region_crc,segformer_b2_cityscapes,acdc_rain_targetcal25,2,
1.0,1000,True,0.0,0.0,1.0,0.9452631578947368,26,36.0,0.0,False,0.0,0.0,0.0,,,46,rider,0.05,0.5,heuristic,segformer_b2_cityscapes,acdc_rain_targetcal25,2,
,-1,True,,0.8461538461538461,0.0002799138892441988,,475,,,False,,,,,,46,rider,0.05,0.5,argmax,segformer_b2_cityscapes,acdc_rain_targetcal25,2,0.8611111111111112
1.0,1000,False,0.0,0.0,1.0,0.9452631578947368,26,36.0,0.0,False,0.0,0.0,0.0,,,46,rider,0.1,0.5,region_crc,segformer_b2_cityscapes,acdc_rain_targetcal25,2,
1.0,1000,True,0.0,0.0,1.0,0.9452631578947368,26,36.0,0.0,False,0.0,0.0,0.0,,,46,rider,0.1,0.5,heuristic,segformer_b2_cityscapes,acdc_rain_targetcal25,2,
,-1,True,,0.8461538461538461,0.0002799138892441988,,475,,,False,,,,,,46,rider,0.1,0.5,argmax,segformer_b2_cityscapes,acdc_rain_targetcal25,2,0.8611111111111112
1.0,1000,False,0.0,0.0,1.0,0.9452631578947368,26,36.0,0.0,False,0.0,0.0,0.0,,,46,rider,0.2,0.5,region_crc,segformer_b2_cityscapes,acdc_rain_targetcal25,2,
1.0,1000,True,0.0,0.0,1.0,0.9452631578947368,26,36.0,0.0,False,0.0,0.0,0.0,,,46,rider,0.2,0.5,heuristic,segformer_b2_cityscapes,acdc_rain_targetcal25,2,
,-1,True,,0.8461538461538461,0.0002799138892441988,,475,,,False,,,,,,46,rider,0.2,0.5,argmax,segformer_b2_cityscapes,acdc_rain_targetcal25,2,0.8611111111111112
1.0,1000,False,0.0,0.0,1.0,0.8315789473684211,80,156.0,0.0,False,0.0,0.0,0.0,,,46,bicycle,0.05,0.1,region_crc,segformer_b2_cityscapes,acdc_rain_targetcal25,3,
1.0,1000,True,0.0,0.0,1.0,0.8315789473684211,80,156.0,0.0,False,0.0,0.0,0.0,,,46,bicycle,0.05,0.1,heuristic,segformer_b2_cityscapes,acdc_rain_targetcal25,3,
,-1,True,,0.720029761904762,0.0009850673377513885,,475,,,False,,,,,,46,bicycle,0.05,0.1,argmax,segformer_b2_cityscapes,acdc_rain_targetcal25,3,0.7051282051282052
1.0,1000,False,0.0,0.0,1.0,0.8315789473684211,80,156.0,0.0,False,0.0,0.0,0.0,,,46,bicycle,0.1,0.1,region_crc,segformer_b2_cityscapes,acdc_rain_targetcal25,3,
1.0,1000,True,0.0,0.0,1.0,0.8315789473684211,80,156.0,0.0,False,0.0,0.0,0.0,,,46,bicycle,0.1,0.1,heuristic,segformer_b2_cityscapes,acdc_rain_targetcal25,3,
,-1,True,,0.720029761904762,0.0009850673377513885,,475,,,False,,,,,,46,bicycle,0.1,0.1,argmax,segformer_b2_cityscapes,acdc_rain_targetcal25,3,0.7051282051282052
1.0,1000,False,0.0,0.0,1.0,0.8315789473684211,80,156.0,0.0,False,0.0,0.0,0.0,,,46,bicycle,0.2,0.1,region_crc,segformer_b2_cityscapes,acdc_rain_targetcal25,3,
1.0,1000,True,0.0,0.0,1.0,0.8315789473684211,80,156.0,0.0,False,0.0,0.0,0.0,,,46,bicycle,0.2,0.1,heuristic,segformer_b2_cityscapes,acdc_rain_targetcal25,3,
,-1,True,,0.720029761904762,0.0009850673377513885,,475,,,False,,,,,,46,bicycle,0.2,0.1,argmax,segformer_b2_cityscapes,acdc_rain_targetcal25,3,0.7051282051282052
1.0,1000,False,0.0,0.0,1.0,0.8315789473684211,80,156.0,0.0,False,0.0,0.0,0.0,,,46,bicycle,0.05,0.5,region_crc,segformer_b2_cityscapes,acdc_rain_targetcal25,3,
1.0,1000,True,0.0,0.0,1.0,0.8315789473684211,80,156.0,0.0,False,0.0,0.0,0.0,,,46,bicycle,0.05,0.5,heuristic,segformer_b2_cityscapes,acdc_rain_targetcal25,3,
,-1,True,,0.7655654761904762,0.0009850673377513885,,475,,,False,,,,,,46,bicycle,0.05,0.5,argmax,segformer_b2_cityscapes,acdc_rain_targetcal25,3,0.75
1.0,1000,False,0.0,0.0,1.0,0.8315789473684211,80,156.0,0.0,False,0.0,0.0,0.0,,,46,bicycle,0.1,0.5,region_crc,segformer_b2_cityscapes,acdc_rain_targetcal25,3,
1.0,1000,True,0.0,0.0,1.0,0.8315789473684211,80,156.0,0.0,False,0.0,0.0,0.0,,,46,bicycle,0.1,0.5,heuristic,segformer_b2_cityscapes,acdc_rain_targetcal25,3,
,-1,True,,0.7655654761904762,0.0009850673377513885,,475,,,False,,,,,,46,bicycle,0.1,0.5,argmax,segformer_b2_cityscapes,acdc_rain_targetcal25,3,0.75
1.0,1000,False,0.0,0.0,1.0,0.8315789473684211,80,156.0,0.0,False,0.0,0.0,0.0,,,46,bicycle,0.2,0.5,region_crc,segformer_b2_cityscapes,acdc_rain_targetcal25,3,
1.0,1000,True,0.0,0.0,1.0,0.8315789473684211,80,156.0,0.0,False,0.0,0.0,0.0,,,46,bicycle,0.2,0.5,heuristic,segformer_b2_cityscapes,acdc_rain_targetcal25,3,
,-1,True,,0.7655654761904762,0.0009850673377513885,,475,,,False,,,,,,46,bicycle,0.2,0.5,argmax,segformer_b2_cityscapes,acdc_rain_targetcal25,3,0.75
1.0,1000,False,0.0,0.0,1.0,0.6589473684210526,162,312.0,0.0,False,0.0,0.0,0.0,,,47,person,0.05,0.1,region_crc,segformer_b2_cityscapes,acdc_rain_targetcal25,8,
0.9460000000000001,946,True,0.34556557982483904,0.3455655798248391,0.006760953459888697,7.178947368421053,162,312.0,0.30105263157894735,False,0.449438202247191,0.18584070796460178,0.0,,,47,person,0.05,0.1,heuristic,segformer_b2_cityscapes,acdc_rain_targetcal25,8,
,-1,True,,0.6348501635538673,0.0017606531037017703,,475,,,False,,,,,,47,person,0.05,0.1,argmax,segformer_b2_cityscapes,acdc_rain_targetcal25,8,0.5897435897435898
1.0,1000,False,0.0,0.0,1.0,0.6589473684210526,162,312.0,0.0,False,0.0,0.0,0.0,,,47,person,0.1,0.1,region_crc,segformer_b2_cityscapes,acdc_rain_targetcal25,8,
0.9460000000000001,946,True,0.34556557982483904,0.3455655798248391,0.006760953459888697,7.178947368421053,162,312.0,0.30105263157894735,False,0.449438202247191,0.18584070796460178,0.0,,,47,person,0.1,0.1,heuristic,segformer_b2_cityscapes,acdc_rain_targetcal25,8,
,-1,True,,0.6348501635538673,0.0017606531037017703,,475,,,False,,,,,,47,person,0.1,0.1,argmax,segformer_b2_cityscapes,acdc_rain_targetcal25,8,0.5897435897435898
0.9460000000000001,946,True,0.34556557982483904,0.3455655798248391,0.006760953459888697,7.178947368421053,162,312.0,0.30105263157894735,False,0.449438202247191,0.18584070796460178,0.0,,,47,person,0.2,0.1,region_crc,segformer_b2_cityscapes,acdc_rain_targetcal25,8,
0.9440000000000001,944,True,0.3579112588371847,0.3579112588371847,0.006622017361223698,7.178947368421053,162,312.0,0.2947368421052631,False,0.4606741573033708,0.18584070796460178,0.0,,,47,person,0.2,0.1,heuristic,segformer_b2_cityscapes,acdc_rain_targetcal25,8,
,-1,True,,0.6348501635538673,0.0017606531037017703,,475,,,False,,,,,,47,person,0.2,0.1,argmax,segformer_b2_cityscapes,acdc_rain_targetcal25,8,0.5897435897435898
1.0,1000,False,0.0,0.0,1.0,0.6589473684210526,162,312.0,0.0,False,0.0,0.0,0.0,,,47,person,0.05,0.5,region_crc,segformer_b2_cityscapes,acdc_rain_targetcal25,8,
0.987,987,True,0.3194338925820407,0.3194338925820407,0.014141173101961613,9.749473684210527,162,312.0,0.30947368421052623,False,0.3707865168539326,0.21238938053097345,0.0,,,47,person,0.05,0.5,heuristic,segformer_b2_cityscapes,acdc_rain_targetcal25,8,
,-1,True,,0.7460298617706026,0.0017606531037017703,,475,,,False,,,,,,47,person,0.05,0.5,argmax,segformer_b2_cityscapes,acdc_rain_targetcal25,8,0.7051282051282052
1.0,1000,False,0.0,0.0,1.0,0.6589473684210526,162,312.0,0.0,False,0.0,0.0,0.0,,,47,person,0.1,0.5,region_crc,segformer_b2_cityscapes,acdc_rain_targetcal25,8,
0.987,987,True,0.3194338925820407,0.3194338925820407,0.014141173101961613,9.749473684210527,162,312.0,0.30947368421052623,False,0.3707865168539326,0.21238938053097345,0.0,,,47,person,0.1,0.5,heuristic,segformer_b2_cityscapes,acdc_rain_targetcal25,8,
,-1,True,,0.7460298617706026,0.0017606531037017703,,475,,,False,,,,,,47,person,0.1,0.5,argmax,segformer_b2_cityscapes,acdc_rain_targetcal25,8,0.7051282051282052
0.987,987,True,0.3194338925820407,0.3194338925820407,0.014141173101961613,9.749473684210527,162,312.0,0.30947368421052623,False,0.3707865168539326,0.21238938053097345,0.0,,,47,person,0.2,0.5,region_crc,segformer_b2_cityscapes,acdc_rain_targetcal25,8,
0.969,969,True,0.41007175266434526,0.41007175266434526,0.009155803360044956,9.749473684210527,162,312.0,0.3178947368421053,False,0.5,0.22123893805309736,0.09523809523809523,,,47,person,0.2,0.5,heuristic,segformer_b2_cityscapes,acdc_rain_targetcal25,8,
,-1,True,,0.7460298617706026,0.0017606531037017703,,475,,,False,,,,,,47,person,0.2,0.5,argmax,segformer_b2_cityscapes,acdc_rain_targetcal25,8,0.7051282051282052
,-1,False,,,,,475,,,False,,,,,,47,rider,0.05,0.1,region_crc,segformer_b2_cityscapes,acdc_rain_targetcal25,0,
,-1,False,,,,,475,,,False,,,,,,47,rider,0.05,0.1,heuristic,segformer_b2_cityscapes,acdc_rain_targetcal25,0,
,-1,True,,0.8035714285714286,0.00025821453891694546,,475,,,False,,,,,,47,rider,0.05,0.1,argmax,segformer_b2_cityscapes,acdc_rain_targetcal25,0,0.8157894736842105
,-1,False,,,,,475,,,False,,,,,,47,rider,0.1,0.1,region_crc,segformer_b2_cityscapes,acdc_rain_targetcal25,0,
,-1,False,,,,,475,,,False,,,,,,47,rider,0.1,0.1,heuristic,segformer_b2_cityscapes,acdc_rain_targetcal25,0,
,-1,True,,0.8035714285714286,0.00025821453891694546,,475,,,False,,,,,,47,rider,0.1,0.1,argmax,segformer_b2_cityscapes,acdc_rain_targetcal25,0,0.8157894736842105
,-1,False,,,,,475,,,False,,,,,,47,rider,0.2,0.1,region_crc,segformer_b2_cityscapes,acdc_rain_targetcal25,0,
,-1,False,,,,,475,,,False,,,,,,47,rider,0.2,0.1,heuristic,segformer_b2_cityscapes,acdc_rain_targetcal25,0,
,-1,True,,0.8035714285714286,0.00025821453891694546,,475,,,False,,,,,,47,rider,0.2,0.1,argmax,segformer_b2_cityscapes,acdc_rain_targetcal25,0,0.8157894736842105
,-1,False,,,,,475,,,False,,,,,,47,rider,0.05,0.5,region_crc,segformer_b2_cityscapes,acdc_rain_targetcal25,0,
,-1,False,,,,,475,,,False,,,,,,47,rider,0.05,0.5,heuristic,segformer_b2_cityscapes,acdc_rain_targetcal25,0,
,-1,True,,0.8571428571428571,0.00025821453891694546,,475,,,False,,,,,,47,rider,0.05,0.5,argmax,segformer_b2_cityscapes,acdc_rain_targetcal25,0,0.868421052631579
,-1,False,,,,,475,,,False,,,,,,47,rider,0.1,0.5,region_crc,segformer_b2_cityscapes,acdc_rain_targetcal25,0,
,-1,False,,,,,475,,,False,,,,,,47,rider,0.1,0.5,heuristic,segformer_b2_cityscapes,acdc_rain_targetcal25,0,
,-1,True,,0.8571428571428571,0.00025821453891694546,,475,,,False,,,,,,47,rider,0.1,0.5,argmax,segformer_b2_cityscapes,acdc_rain_targetcal25,0,0.868421052631579
,-1,False,,,,,475,,,False,,,,,,47,rider,0.2,0.5,region_crc,segformer_b2_cityscapes,acdc_rain_targetcal25,0,
,-1,False,,,,,475,,,False,,,,,,47,rider,0.2,0.5,heuristic,segformer_b2_cityscapes,acdc_rain_targetcal25,0,
,-1,True,,0.8571428571428571,0.00025821453891694546,,475,,,False,,,,,,47,rider,0.2,0.5,argmax,segformer_b2_cityscapes,acdc_rain_targetcal25,0,0.868421052631579
1.0,1000,False,0.0,0.0,1.0,0.8378947368421052,77,153.0,0.0,False,0.0,0.0,0.0,,,47,bicycle,0.05,0.1,region_crc,segformer_b2_cityscapes,acdc_rain_targetcal25,6,
0.999,999,True,0.22653061224489796,0.22653061224489796,0.01850065216422081,0.8378947368421052,77,153.0,0.19999999999999996,False,0.3253012048192771,0.07142857142857142,0.0,,,47,bicycle,0.05,0.1,heuristic,segformer_b2_cityscapes,acdc_rain_targetcal25,6,
,-1,True,,0.722108843537415,0.001112485770136118,,475,,,False,,,,,,47,bicycle,0.05,0.1,argmax,segformer_b2_cityscapes,acdc_rain_targetcal25,6,0.7058823529411765
1.0,1000,False,0.0,0.0,1.0,0.8378947368421052,77,153.0,0.0,False,0.0,0.0,0.0,,,47,bicycle,0.1,0.1,region_crc,segformer_b2_cityscapes,acdc_rain_targetcal25,6,
0.999,999,True,0.22653061224489796,0.22653061224489796,0.01850065216422081,0.8378947368421052,77,153.0,0.19999999999999996,False,0.3253012048192771,0.07142857142857142,0.0,,,47,bicycle,0.1,0.1,heuristic,segformer_b2_cityscapes,acdc_rain_targetcal25,6,
,-1,True,,0.722108843537415,0.001112485770136118,,475,,,False,,,,,,47,bicycle,0.1,0.1,argmax,segformer_b2_cityscapes,acdc_rain_targetcal25,6,0.7058823529411765
0.999,999,True,0.22653061224489796,0.22653061224489796,0.01850065216422081,0.8378947368421052,77,153.0,0.19999999999999996,False,0.3253012048192771,0.07142857142857142,0.0,,,47,bicycle,0.2,0.1,region_crc,segformer_b2_cityscapes,acdc_rain_targetcal25,6,
0.999,999,True,0.22653061224489796,0.22653061224489796,0.01850065216422081,0.8378947368421052,77,153.0,0.19999999999999996,False,0.3253012048192771,0.07142857142857142,0.0,,,47,bicycle,0.2,0.1,heuristic,segformer_b2_cityscapes,acdc_rain_targetcal25,6,
,-1,True,,0.722108843537415,0.001112485770136118,,475,,,False,,,,,,47,bicycle,0.2,0.1,argmax,segformer_b2_cityscapes,acdc_rain_targetcal25,6,0.7058823529411765
1.0,1000,False,0.0,0.0,1.0,0.8378947368421052,77,153.0,0.0,False,0.0,0.0,0.0,,,47,bicycle,0.05,0.5,region_crc,segformer_b2_cityscapes,acdc_rain_targetcal25,6,
1.0,1000,True,0.0,0.0,1.0,0.8378947368421052,77,153.0,0.0,False,0.0,0.0,0.0,,,47,bicycle,0.05,0.5,heuristic,segformer_b2_cityscapes,acdc_rain_targetcal25,6,
,-1,True,,0.7694186765615337,0.001112485770136118,,475,,,False,,,,,,47,bicycle,0.05,0.5,argmax,segformer_b2_cityscapes,acdc_rain_targetcal25,6,0.7516339869281046
1.0,1000,False,0.0,0.0,1.0,0.8378947368421052,77,153.0,0.0,False,0.0,0.0,0.0,,,47,bicycle,0.1,0.5,region_crc,segformer_b2_cityscapes,acdc_rain_targetcal25,6,
1.0,1000,True,0.0,0.0,1.0,0.8378947368421052,77,153.0,0.0,False,0.0,0.0,0.0,,,47,bicycle,0.1,0.5,heuristic,segformer_b2_cityscapes,acdc_rain_targetcal25,6,
,-1,True,,0.7694186765615337,0.001112485770136118,,475,,,False,,,,,,47,bicycle,0.1,0.5,argmax,segformer_b2_cityscapes,acdc_rain_targetcal25,6,0.7516339869281046
1.0,1000,True,0.0,0.0,1.0,0.8378947368421052,77,153.0,0.0,False,0.0,0.0,0.0,,,47,bicycle,0.2,0.5,region_crc,segformer_b2_cityscapes,acdc_rain_targetcal25,6,
1.0,1000,True,0.0,0.0,1.0,0.8378947368421052,77,153.0,0.0,False,0.0,0.0,0.0,,,47,bicycle,0.2,0.5,heuristic,segformer_b2_cityscapes,acdc_rain_targetcal25,6,
,-1,True,,0.7694186765615337,0.001112485770136118,,475,,,False,,,,,,47,bicycle,0.2,0.5,argmax,segformer_b2_cityscapes,acdc_rain_targetcal25,6,0.7516339869281046
1.0,1000,False,0.0,0.0,1.0,0.6547368421052632,164,323.0,0.0,False,0.0,0.0,0.0,,,48,person,0.05,0.1,region_crc,segformer_b2_cityscapes,acdc_rain_targetcal25,6,
0.998,998,True,0.06758130081300812,0.06758130081300812,0.03199836611747742,0.6547368421052632,164,323.0,0.11368421052631578,False,0.060109289617486336,0.042735042735042736,0.0,,,48,person,0.05,0.1,heuristic,segformer_b2_cityscapes,acdc_rain_targetcal25,6,
,-1,True,,0.6456185413502487,0.0018911771476268768,,475,,,False,,,,,,48,person,0.05,0.1,argmax,segformer_b2_cityscapes,acdc_rain_targetcal25,6,0.5851393188854489
1.0,1000,False,0.0,0.0,1.0,0.6547368421052632,164,323.0,0.0,False,0.0,0.0,0.0,,,48,person,0.1,0.1,region_crc,segformer_b2_cityscapes,acdc_rain_targetcal25,6,
0.998,998,True,0.06758130081300812,0.06758130081300812,0.03199836611747742,0.6547368421052632,164,323.0,0.11368421052631578,False,0.060109289617486336,0.042735042735042736,0.0,,,48,person,0.1,0.1,heuristic,segformer_b2_cityscapes,acdc_rain_targetcal25,6,
,-1,True,,0.6456185413502487,0.0018911771476268768,,475,,,False,,,,,,48,person,0.1,0.1,argmax,segformer_b2_cityscapes,acdc_rain_targetcal25,6,0.5851393188854489
0.998,998,True,0.06758130081300812,0.06758130081300812,0.03199836611747742,0.6547368421052632,164,323.0,0.11368421052631578,False,0.060109289617486336,0.042735042735042736,0.0,,,48,person,0.2,0.1,region_crc,segformer_b2_cityscapes,acdc_rain_targetcal25,6,
0.843,843,True,0.5347255725304505,0.5347255725304506,0.0037069590762257576,3.953684210526316,164,323.0,0.17473684210526313,False,0.6612021857923497,0.2564102564102564,0.08695652173913043,,,48,person,0.2,0.1,heuristic,segformer_b2_cityscapes,acdc_rain_targetcal25,6,
,-1,True,,0.6456185413502487,0.0018911771476268768,,475,,,False,,,,,,48,person,0.2,0.1,argmax,segformer_b2_cityscapes,acdc_rain_targetcal25,6,0.5851393188854489
1.0,1000,False,0.0,0.0,1.0,0.6547368421052632,164,323.0,0.0,False,0.0,0.0,0.0,,,48,person,0.05,0.5,region_crc,segformer_b2_cityscapes,acdc_rain_targetcal25,6,
0.999,999,True,0.07520325203252033,0.07520325203252032,0.04163505509495735,0.6547368421052632,164,323.0,0.0863157894736842,False,0.0546448087431694,0.07692307692307693,0.0,,,48,person,0.05,0.5,heuristic,segformer_b2_cityscapes,acdc_rain_targetcal25,6,
,-1,True,,0.7566619017838531,0.0018911771476268768,,475,,,False,,,,,,48,person,0.05,0.5,argmax,segformer_b2_cityscapes,acdc_rain_targetcal25,6,0.6996904024767802
1.0,1000,False,0.0,0.0,1.0,0.6547368421052632,164,323.0,0.0,False,0.0,0.0,0.0,,,48,person,0.1,0.5,region_crc,segformer_b2_cityscapes,acdc_rain_targetcal25,6,
0.999,999,True,0.07520325203252033,0.07520325203252032,0.04163505509495735,0.6547368421052632,164,323.0,0.0863157894736842,False,0.0546448087431694,0.07692307692307693,0.0,,,48,person,0.1,0.5,heuristic,segformer_b2_cityscapes,acdc_rain_targetcal25,6,
,-1,True,,0.7566619017838531,0.0018911771476268768,,475,,,False,,,,,,48,person,0.1,0.5,argmax,segformer_b2_cityscapes,acdc_rain_targetcal25,6,0.6996904024767802
0.999,999,True,0.07520325203252033,0.07520325203252032,0.04163505509495735,0.6547368421052632,164,323.0,0.0863157894736842,False,0.0546448087431694,0.07692307692307693,0.0,,,48,person,0.2,0.5,region_crc,segformer_b2_cityscapes,acdc_rain_targetcal25,6,
0.936,936,True,0.5235467107418327,0.5235467107418327,0.006394744850695133,5.877894736842105,164,323.0,0.14315789473684215,False,0.6284153005464481,0.28205128205128205,0.08695652173913043,,,48,person,0.2,0.5,heuristic,segformer_b2_cityscapes,acdc_rain_targetcal25,6,
,-1,True,,0.7566619017838531,0.0018911771476268768,,475,,,False,,,,,,48,person,0.2,0.5,argmax,segformer_b2_cityscapes,acdc_rain_targetcal25,6,0.6996904024767802
1.0,1000,False,0.0,0.0,1.0,0.9452631578947368,26,36.0,0.0,False,0.0,0.0,0.0,,,48,rider,0.05,0.1,region_crc,segformer_b2_cityscapes,acdc_rain_targetcal25,2,
1.0,1000,True,0.0,0.0,1.0,0.9452631578947368,26,36.0,0.0,False,0.0,0.0,0.0,,,48,rider,0.05,0.1,heuristic,segformer_b2_cityscapes,acdc_rain_targetcal25,2,
,-1,True,,0.7884615384615384,0.00026863222592510283,,475,,,False,,,,,,48,rider,0.05,0.1,argmax,segformer_b2_cityscapes,acdc_rain_targetcal25,2,0.8055555555555556
1.0,1000,False,0.0,0.0,1.0,0.9452631578947368,26,36.0,0.0,False,0.0,0.0,0.0,,,48,rider,0.1,0.1,region_crc,segformer_b2_cityscapes,acdc_rain_targetcal25,2,
1.0,1000,True,0.0,0.0,1.0,0.9452631578947368,26,36.0,0.0,False,0.0,0.0,0.0,,,48,rider,0.1,0.1,heuristic,segformer_b2_cityscapes,acdc_rain_targetcal25,2,
,-1,True,,0.7884615384615384,0.00026863222592510283,,475,,,False,,,,,,48,rider,0.1,0.1,argmax,segformer_b2_cityscapes,acdc_rain_targetcal25,2,0.8055555555555556
1.0,1000,False,0.0,0.0,1.0,0.9452631578947368,26,36.0,0.0,False,0.0,0.0,0.0,,,48,rider,0.2,0.1,region_crc,segformer_b2_cityscapes,acdc_rain_targetcal25,2,
1.0,1000,True,0.0,0.0,1.0,0.9452631578947368,26,36.0,0.0,False,0.0,0.0,0.0,,,48,rider,0.2,0.1,heuristic,segformer_b2_cityscapes,acdc_rain_targetcal25,2,
,-1,True,,0.7884615384615384,0.00026863222592510283,,475,,,False,,,,,,48,rider,0.2,0.1,argmax,segformer_b2_cityscapes,acdc_rain_targetcal25,2,0.8055555555555556
1.0,1000,False,0.0,0.0,1.0,0.9452631578947368,26,36.0,0.0,False,0.0,0.0,0.0,,,48,rider,0.05,0.5,region_crc,segformer_b2_cityscapes,acdc_rain_targetcal25,2,
1.0,1000,True,0.0,0.0,1.0,0.9452631578947368,26,36.0,0.0,False,0.0,0.0,0.0,,,48,rider,0.05,0.5,heuristic,segformer_b2_cityscapes,acdc_rain_targetcal25,2,
,-1,True,,0.8461538461538461,0.00026863222592510283,,475,,,False,,,,,,48,rider,0.05,0.5,argmax,segformer_b2_cityscapes,acdc_rain_targetcal25,2,0.8611111111111112
1.0,1000,False,0.0,0.0,1.0,0.9452631578947368,26,36.0,0.0,False,0.0,0.0,0.0,,,48,rider,0.1,0.5,region_crc,segformer_b2_cityscapes,acdc_rain_targetcal25,2,
1.0,1000,True,0.0,0.0,1.0,0.9452631578947368,26,36.0,0.0,False,0.0,0.0,0.0,,,48,rider,0.1,0.5,heuristic,segformer_b2_cityscapes,acdc_rain_targetcal25,2,
,-1,True,,0.8461538461538461,0.00026863222592510283,,475,,,False,,,,,,48,rider,0.1,0.5,argmax,segformer_b2_cityscapes,acdc_rain_targetcal25,2,0.8611111111111112
1.0,1000,False,0.0,0.0,1.0,0.9452631578947368,26,36.0,0.0,False,0.0,0.0,0.0,,,48,rider,0.2,0.5,region_crc,segformer_b2_cityscapes,acdc_rain_targetcal25,2,
1.0,1000,True,0.0,0.0,1.0,0.9452631578947368,26,36.0,0.0,False,0.0,0.0,0.0,,,48,rider,0.2,0.5,heuristic,segformer_b2_cityscapes,acdc_rain_targetcal25,2,
,-1,True,,0.8461538461538461,0.00026863222592510283,,475,,,False,,,,,,48,rider,0.2,0.5,argmax,segformer_b2_cityscapes,acdc_rain_targetcal25,2,0.8611111111111112
1.0,1000,False,0.0,0.0,1.0,0.84,76,148.0,0.0,False,0.0,0.0,0.0,,,48,bicycle,0.05,0.1,region_crc,segformer_b2_cityscapes,acdc_rain_targetcal25,7,
1.0,1000,True,0.0,0.0,1.0,0.84,76,148.0,0.0,False,0.0,0.0,0.0,,,48,bicycle,0.05,0.1,heuristic,segformer_b2_cityscapes,acdc_rain_targetcal25,7,
,-1,True,,0.718452380952381,0.0011318459874019027,,475,,,False,,,,,,48,bicycle,0.05,0.1,argmax,segformer_b2_cityscapes,acdc_rain_targetcal25,7,0.6959459459459459
1.0,1000,False,0.0,0.0,1.0,0.84,76,148.0,0.0,False,0.0,0.0,0.0,,,48,bicycle,0.1,0.1,region_crc,segformer_b2_cityscapes,acdc_rain_targetcal25,7,
1.0,1000,True,0.0,0.0,1.0,0.84,76,148.0,0.0,False,0.0,0.0,0.0,,,48,bicycle,0.1,0.1,heuristic,segformer_b2_cityscapes,acdc_rain_targetcal25,7,
,-1,True,,0.718452380952381,0.0011318459874019027,,475,,,False,,,,,,48,bicycle,0.1,0.1,argmax,segformer_b2_cityscapes,acdc_rain_targetcal25,7,0.6959459459459459
1.0,1000,True,0.0,0.0,1.0,0.84,76,148.0,0.0,False,0.0,0.0,0.0,,,48,bicycle,0.2,0.1,region_crc,segformer_b2_cityscapes,acdc_rain_targetcal25,7,
1.0,1000,True,0.0,0.0,1.0,0.84,76,148.0,0.0,False,0.0,0.0,0.0,,,48,bicycle,0.2,0.1,heuristic,segformer_b2_cityscapes,acdc_rain_targetcal25,7,
,-1,True,,0.718452380952381,0.0011318459874019027,,475,,,False,,,,,,48,bicycle,0.2,0.1,argmax,segformer_b2_cityscapes,acdc_rain_targetcal25,7,0.6959459459459459
1.0,1000,False,0.0,0.0,1.0,0.84,76,148.0,0.0,False,0.0,0.0,0.0,,,48,bicycle,0.05,0.5,region_crc,segformer_b2_cityscapes,acdc_rain_targetcal25,7,
1.0,1000,True,0.0,0.0,1.0,0.84,76,148.0,0.0,False,0.0,0.0,0.0,,,48,bicycle,0.05,0.5,heuristic,segformer_b2_cityscapes,acdc_rain_targetcal25,7,
,-1,True,,0.7663847117794486,0.0011318459874019027,,475,,,False,,,,,,48,bicycle,0.05,0.5,argmax,segformer_b2_cityscapes,acdc_rain_targetcal25,7,0.7432432432432432
1.0,1000,False,0.0,0.0,1.0,0.84,76,148.0,0.0,False,0.0,0.0,0.0,,,48,bicycle,0.1,0.5,region_crc,segformer_b2_cityscapes,acdc_rain_targetcal25,7,
1.0,1000,True,0.0,0.0,1.0,0.84,76,148.0,0.0,False,0.0,0.0,0.0,,,48,bicycle,0.1,0.5,heuristic,segformer_b2_cityscapes,acdc_rain_targetcal25,7,
,-1,True,,0.7663847117794486,0.0011318459874019027,,475,,,False,,,,,,48,bicycle,0.1,0.5,argmax,segformer_b2_cityscapes,acdc_rain_targetcal25,7,0.7432432432432432
1.0,1000,True,0.0,0.0,1.0,0.84,76,148.0,0.0,False,0.0,0.0,0.0,,,48,bicycle,0.2,0.5,region_crc,segformer_b2_cityscapes,acdc_rain_targetcal25,7,
1.0,1000,True,0.0,0.0,1.0,0.84,76,148.0,0.0,False,0.0,0.0,0.0,,,48,bicycle,0.2,0.5,heuristic,segformer_b2_cityscapes,acdc_rain_targetcal25,7,
,-1,True,,0.7663847117794486,0.0011318459874019027,,475,,,False,,,,,,48,bicycle,0.2,0.5,argmax,segformer_b2_cityscapes,acdc_rain_targetcal25,7,0.7432432432432432
1.0,1000,False,0.0,0.0,1.0,0.6568421052631579,163,322.0,0.0,False,0.0,0.0,0.0,,,49,person,0.05,0.1,region_crc,segformer_b2_cityscapes,acdc_rain_targetcal25,7,
0.993,993,True,0.13640081799591003,0.13640081799591003,0.01909295655786991,0.6568421052631579,163,322.0,0.16842105263157897,False,0.16756756756756758,0.07894736842105263,0.0,,,49,person,0.05,0.1,heuristic,segformer_b2_cityscapes,acdc_rain_targetcal25,7,
,-1,True,,0.6403769373094526,0.001876132097095251,,475,,,False,,,,,,49,person,0.05,0.1,argmax,segformer_b2_cityscapes,acdc_rain_targetcal25,7,0.5869565217391305
1.0,1000,False,0.0,0.0,1.0,0.6568421052631579,163,322.0,0.0,False,0.0,0.0,0.0,,,49,person,0.1,0.1,region_crc,segformer_b2_cityscapes,acdc_rain_targetcal25,7,
0.993,993,True,0.13640081799591003,0.13640081799591003,0.01909295655786991,0.6568421052631579,163,322.0,0.16842105263157897,False,0.16756756756756758,0.07894736842105263,0.0,,,49,person,0.1,0.1,heuristic,segformer_b2_cityscapes,acdc_rain_targetcal25,7,
,-1,True,,0.6403769373094526,0.001876132097095251,,475,,,False,,,,,,49,person,0.1,0.1,argmax,segformer_b2_cityscapes,acdc_rain_targetcal25,7,0.5869565217391305
0.993,993,True,0.13640081799591003,0.13640081799591003,0.01909295655786991,0.6568421052631579,163,322.0,0.16842105263157897,False,0.16756756756756758,0.07894736842105263,0.0,,,49,person,0.2,0.1,region_crc,segformer_b2_cityscapes,acdc_rain_targetcal25,7,
0.977,977,True,0.23970164123538357,0.23970164123538357,0.010952888987958431,9.823157894736843,163,322.0,0.1852631578947368,False,0.2810810810810811,0.14912280701754385,0.0,,,49,person,0.2,0.1,heuristic,segformer_b2_cityscapes,acdc_rain_targetcal25,7,
,-1,True,,0.6403769373094526,0.001876132097095251,,475,,,False,,,,,,49,person,0.2,0.1,argmax,segformer_b2_cityscapes,acdc_rain_targetcal25,7,0.5869565217391305
1.0,1000,False,0.0,0.0,1.0,0.6568421052631579,163,322.0,0.0,False,0.0,0.0,0.0,,,49,person,0.05,0.5,region_crc,segformer_b2_cityscapes,acdc_rain_targetcal25,7,
0.997,997,True,0.13895705521472393,0.13895705521472393,0.02737751416862011,0.6568421052631579,163,322.0,0.18105263157894735,False,0.15675675675675677,0.09649122807017543,0.0,,,49,person,0.05,0.5,heuristic,segformer_b2_cityscapes,acdc_rain_targetcal25,7,
,-1,True,,0.7505678030217908,0.001876132097095251,,475,,,False,,,,,,49,person,0.05,0.5,argmax,segformer_b2_cityscapes,acdc_rain_targetcal25,7,0.7018633540372671
1.0,1000,False,0.0,0.0,1.0,0.6568421052631579,163,322.0,0.0,False,0.0,0.0,0.0,,,49,person,0.1,0.5,region_crc,segformer_b2_cityscapes,acdc_rain_targetcal25,7,
0.997,997,True,0.13895705521472393,0.13895705521472393,0.02737751416862011,0.6568421052631579,163,322.0,0.18105263157894735,False,0.15675675675675677,0.09649122807017543,0.0,,,49,person,0.1,0.5,heuristic,segformer_b2_cityscapes,acdc_rain_targetcal25,7,
,-1,True,,0.7505678030217908,0.001876132097095251,,475,,,False,,,,,,49,person,0.1,0.5,argmax,segformer_b2_cityscapes,acdc_rain_targetcal25,7,0.7018633540372671
0.997,997,True,0.13895705521472393,0.13895705521472393,0.02737751416862011,0.6568421052631579,163,322.0,0.18105263157894735,False,0.15675675675675677,0.09649122807017543,0.0,,,49,person,0.2,0.5,region_crc,segformer_b2_cityscapes,acdc_rain_targetcal25,7,
0.995,995,True,0.19352419904567145,0.19352419904567145,0.022116702049970627,0.6568421052631579,163,322.0,0.19157894736842107,False,0.23243243243243245,0.11403508771929824,0.0,,,49,person,0.2,0.5,heuristic,segformer_b2_cityscapes,acdc_rain_targetcal25,7,
,-1,True,,0.7505678030217908,0.001876132097095251,,475,,,False,,,,,,49,person,0.2,0.5,argmax,segformer_b2_cityscapes,acdc_rain_targetcal25,7,0.7018633540372671
1.0,1000,False,0.0,0.0,1.0,0.9473684210526315,25,33.0,0.0,False,0.0,0.0,0.0,,,49,rider,0.05,0.1,region_crc,segformer_b2_cityscapes,acdc_rain_targetcal25,3,
1.0,1000,True,0.0,0.0,1.0,0.9473684210526315,25,33.0,0.0,False,0.0,0.0,0.0,,,49,rider,0.05,0.1,heuristic,segformer_b2_cityscapes,acdc_rain_targetcal25,3,
,-1,True,,0.82,0.0002795849577523768,,475,,,False,,,,,,49,rider,0.05,0.1,argmax,segformer_b2_cityscapes,acdc_rain_targetcal25,3,0.8181818181818182
1.0,1000,False,0.0,0.0,1.0,0.9473684210526315,25,33.0,0.0,False,0.0,0.0,0.0,,,49,rider,0.1,0.1,region_crc,segformer_b2_cityscapes,acdc_rain_targetcal25,3,
1.0,1000,True,0.0,0.0,1.0,0.9473684210526315,25,33.0,0.0,False,0.0,0.0,0.0,,,49,rider,0.1,0.1,heuristic,segformer_b2_cityscapes,acdc_rain_targetcal25,3,
,-1,True,,0.82,0.0002795849577523768,,475,,,False,,,,,,49,rider,0.1,0.1,argmax,segformer_b2_cityscapes,acdc_rain_targetcal25,3,0.8181818181818182
1.0,1000,False,0.0,0.0,1.0,0.9473684210526315,25,33.0,0.0,False,0.0,0.0,0.0,,,49,rider,0.2,0.1,region_crc,segformer_b2_cityscapes,acdc_rain_targetcal25,3,
0.998,998,True,0.46,0.46,0.005026979837566614,0.9473684210526315,25,33.0,0.16842105263157903,False,0.625,0.0,0.0,,,49,rider,0.2,0.1,heuristic,segformer_b2_cityscapes,acdc_rain_targetcal25,3,
,-1,True,,0.82,0.0002795849577523768,,475,,,False,,,,,,49,rider,0.2,0.1,argmax,segformer_b2_cityscapes,acdc_rain_targetcal25,3,0.8181818181818182
1.0,1000,False,0.0,0.0,1.0,0.9473684210526315,25,33.0,0.0,False,0.0,0.0,0.0,,,49,rider,0.05,0.5,region_crc,segformer_b2_cityscapes,acdc_rain_targetcal25,3,
1.0,1000,True,0.0,0.0,1.0,0.9473684210526315,25,33.0,0.0,False,0.0,0.0,0.0,,,49,rider,0.05,0.5,heuristic,segformer_b2_cityscapes,acdc_rain_targetcal25,3,
,-1,True,,0.88,0.0002795849577523768,,475,,,False,,,,,,49,rider,0.05,0.5,argmax,segformer_b2_cityscapes,acdc_rain_targetcal25,3,0.8787878787878788
1.0,1000,False,0.0,0.0,1.0,0.9473684210526315,25,33.0,0.0,False,0.0,0.0,0.0,,,49,rider,0.1,0.5,region_crc,segformer_b2_cityscapes,acdc_rain_targetcal25,3,
1.0,1000,True,0.0,0.0,1.0,0.9473684210526315,25,33.0,0.0,False,0.0,0.0,0.0,,,49,rider,0.1,0.5,heuristic,segformer_b2_cityscapes,acdc_rain_targetcal25,3,
,-1,True,,0.88,0.0002795849577523768,,475,,,False,,,,,,49,rider,0.1,0.5,argmax,segformer_b2_cityscapes,acdc_rain_targetcal25,3,0.8787878787878788
1.0,1000,False,0.0,0.0,1.0,0.9473684210526315,25,33.0,0.0,False,0.0,0.0,0.0,,,49,rider,0.2,0.5,region_crc,segformer_b2_cityscapes,acdc_rain_targetcal25,3,
0.999,999,True,0.5266666666666666,0.5266666666666666,0.006946955341845751,0.9473684210526315,25,33.0,0.14947368421052637,False,0.625,0.25,0.0,,,49,rider,0.2,0.5,heuristic,segformer_b2_cityscapes,acdc_rain_targetcal25,3,
,-1,True,,0.88,0.0002795849577523768,,475,,,False,,,,,,49,rider,0.2,0.5,argmax,segformer_b2_cityscapes,acdc_rain_targetcal25,3,0.8787878787878788
1.0,1000,False,0.0,0.0,1.0,0.8294736842105264,81,157.0,0.0,False,0.0,0.0,0.0,,,49,bicycle,0.05,0.1,region_crc,segformer_b2_cityscapes,acdc_rain_targetcal25,2,
1.0,1000,True,0.0,0.0,1.0,0.8294736842105264,81,157.0,0.0,False,0.0,0.0,0.0,,,49,bicycle,0.05,0.1,heuristic,segformer_b2_cityscapes,acdc_rain_targetcal25,2,
,-1,True,,0.7234861845972957,0.0011944880243390799,,475,,,False,,,,,,49,bicycle,0.05,0.1,argmax,segformer_b2_cityscapes,acdc_rain_targetcal25,2,0.7070063694267515
1.0,1000,False,0.0,0.0,1.0,0.8294736842105264,81,157.0,0.0,False,0.0,0.0,0.0,,,49,bicycle,0.1,0.1,region_crc,segformer_b2_cityscapes,acdc_rain_targetcal25,2,
1.0,1000,True,0.0,0.0,1.0,0.8294736842105264,81,157.0,0.0,False,0.0,0.0,0.0,,,49,bicycle,0.1,0.1,heuristic,segformer_b2_cityscapes,acdc_rain_targetcal25,2,
,-1,True,,0.7234861845972957,0.0011944880243390799,,475,,,False,,,,,,49,bicycle,0.1,0.1,argmax,segformer_b2_cityscapes,acdc_rain_targetcal25,2,0.7070063694267515
1.0,1000,False,0.0,0.0,1.0,0.8294736842105264,81,157.0,0.0,False,0.0,0.0,0.0,,,49,bicycle,0.2,0.1,region_crc,segformer_b2_cityscapes,acdc_rain_targetcal25,2,
1.0,1000,True,0.0,0.0,1.0,0.8294736842105264,81,157.0,0.0,False,0.0,0.0,0.0,,,49,bicycle,0.2,0.1,heuristic,segformer_b2_cityscapes,acdc_rain_targetcal25,2,
,-1,True,,0.7234861845972957,0.0011944880243390799,,475,,,False,,,,,,49,bicycle,0.2,0.1,argmax,segformer_b2_cityscapes,acdc_rain_targetcal25,2,0.7070063694267515
1.0,1000,False,0.0,0.0,1.0,0.8294736842105264,81,157.0,0.0,False,0.0,0.0,0.0,,,49,bicycle,0.05,0.5,region_crc,segformer_b2_cityscapes,acdc_rain_targetcal25,2,
1.0,1000,True,0.0,0.0,1.0,0.8294736842105264,81,157.0,0.0,False,0.0,0.0,0.0,,,49,bicycle,0.05,0.5,heuristic,segformer_b2_cityscapes,acdc_rain_targetcal25,2,
,-1,True,,0.7684597295708406,0.0011944880243390799,,475,,,False,,,,,,49,bicycle,0.05,0.5,argmax,segformer_b2_cityscapes,acdc_rain_targetcal25,2,0.7515923566878981
1.0,1000,False,0.0,0.0,1.0,0.8294736842105264,81,157.0,0.0,False,0.0,0.0,0.0,,,49,bicycle,0.1,0.5,region_crc,segformer_b2_cityscapes,acdc_rain_targetcal25,2,
1.0,1000,True,0.0,0.0,1.0,0.8294736842105264,81,157.0,0.0,False,0.0,0.0,0.0,,,49,bicycle,0.1,0.5,heuristic,segformer_b2_cityscapes,acdc_rain_targetcal25,2,
,-1,True,,0.7684597295708406,0.0011944880243390799,,475,,,False,,,,,,49,bicycle,0.1,0.5,argmax,segformer_b2_cityscapes,acdc_rain_targetcal25,2,0.7515923566878981
1.0,1000,False,0.0,0.0,1.0,0.8294736842105264,81,157.0,0.0,False,0.0,0.0,0.0,,,49,bicycle,0.2,0.5,region_crc,segformer_b2_cityscapes,acdc_rain_targetcal25,2,
1.0,1000,True,0.0,0.0,1.0,0.8294736842105264,81,157.0,0.0,False,0.0,0.0,0.0,,,49,bicycle,0.2,0.5,heuristic,segformer_b2_cityscapes,acdc_rain_targetcal25,2,
,-1,True,,0.7684597295708406,0.0011944880243390799,,475,,,False,,,,,,49,bicycle,0.2,0.5,argmax,segformer_b2_cityscapes,acdc_rain_targetcal25,2,0.7515923566878981
1.0,1000,False,0.0,0.0,1.0,0.6652631578947369,159,314.0,0.0,False,0.0,0.0,0.0,,,50,person,0.05,0.1,region_crc,segformer_b2_cityscapes,acdc_rain_targetcal25,11,
0.996,996,True,0.10555555555555554,0.10555555555555554,0.024161340668797493,0.6652631578947369,159,314.0,0.14947368421052631,False,0.11299435028248588,0.07017543859649122,0.0,,,50,person,0.05,0.1,heuristic,segformer_b2_cityscapes,acdc_rain_targetcal25,11,
,-1,True,,0.6549147218958539,0.0018694789614528418,,475,,,False,,,,,,50,person,0.05,0.1,argmax,segformer_b2_cityscapes,acdc_rain_targetcal25,11,0.589171974522293
0.996,996,True,0.10555555555555554,0.10555555555555554,0.024161340668797493,0.6652631578947369,159,314.0,0.14947368421052631,False,0.11299435028248588,0.07017543859649122,0.0,,,50,person,0.1,0.1,region_crc,segformer_b2_cityscapes,acdc_rain_targetcal25,11,
0.966,966,True,0.3083300696508244,0.3083300696508244,0.00897454097867012,9.698947368421052,159,314.0,0.15157894736842104,False,0.384180790960452,0.16666666666666666,0.0,,,50,person,0.1,0.1,heuristic,segformer_b2_cityscapes,acdc_rain_targetcal25,11,
,-1,True,,0.6549147218958539,0.0018694789614528418,,475,,,False,,,,,,50,person,0.1,0.1,argmax,segformer_b2_cityscapes,acdc_rain_targetcal25,11,0.589171974522293
0.9390000000000001,939,True,0.37971371744956645,0.37971371744956645,0.006533674895763397,7.225263157894737,159,314.0,0.1389473684210526,False,0.4915254237288136,0.17543859649122806,0.0,,,50,person,0.2,0.1,region_crc,segformer_b2_cityscapes,acdc_rain_targetcal25,11,
0.927,927,True,0.4205539045161686,0.4205539045161687,0.005891128443181515,5.848421052631579,159,314.0,0.14526315789473682,False,0.536723163841808,0.19298245614035087,0.0,,,50,person,0.2,0.1,heuristic,segformer_b2_cityscapes,acdc_rain_targetcal25,11,
,-1,True,,0.6549147218958539,0.0018694789614528418,,475,,,False,,,,,,50,person,0.2,0.1,argmax,segformer_b2_cityscapes,acdc_rain_targetcal25,11,0.589171974522293
1.0,1000,False,0.0,0.0,1.0,0.6652631578947369,159,314.0,0.0,False,0.0,0.0,0.0,,,50,person,0.05,0.5,region_crc,segformer_b2_cityscapes,acdc_rain_targetcal25,11,
0.999,999,True,0.07756813417190775,0.07756813417190775,0.041577279567718506,0.6652631578947369,159,314.0,0.12,False,0.05649717514124294,0.07894736842105263,0.0,,,50,person,0.05,0.5,heuristic,segformer_b2_cityscapes,acdc_rain_targetcal25,11,
,-1,True,,0.7600160496386912,0.0018694789614528418,,475,,,False,,,,,,50,person,0.05,0.5,argmax,segformer_b2_cityscapes,acdc_rain_targetcal25,11,0.7006369426751592
0.999,999,True,0.07756813417190775,0.07756813417190775,0.041577279567718506,0.6652631578947369,159,314.0,0.12,False,0.05649717514124294,0.07894736842105263,0.0,,,50,person,0.1,0.5,region_crc,segformer_b2_cityscapes,acdc_rain_targetcal25,11,
0.985,985,True,0.33600302562566714,0.33600302562566714,0.013465791009366512,9.698947368421052,159,314.0,0.14947368421052631,False,0.4011299435028249,0.20175438596491227,0.0,,,50,person,0.1,0.5,heuristic,segformer_b2_cityscapes,acdc_rain_targetcal25,11,
,-1,True,,0.7600160496386912,0.0018694789614528418,,475,,,False,,,,,,50,person,0.1,0.5,argmax,segformer_b2_cityscapes,acdc_rain_targetcal25,11,0.7006369426751592
0.985,985,True,0.33600302562566714,0.33600302562566714,0.013465791009366512,9.698947368421052,159,314.0,0.14947368421052631,False,0.4011299435028249,0.20175438596491227,0.0,,,50,person,0.2,0.5,region_crc,segformer_b2_cityscapes,acdc_rain_targetcal25,11,
0.975,975,True,0.3914537593782877,0.3914537593782877,0.010506117716431618,9.698947368421052,159,314.0,0.14947368421052626,False,0.4689265536723164,0.21052631578947367,0.043478260869565216,,,50,person,0.2,0.5,heuristic,segformer_b2_cityscapes,acdc_rain_targetcal25,11,
,-1,True,,0.7600160496386912,0.0018694789614528418,,475,,,False,,,,,,50,person,0.2,0.5,argmax,segformer_b2_cityscapes,acdc_rain_targetcal25,11,0.7006369426751592
1.0,1000,False,0.0,0.0,1.0,0.9431578947368421,27,37.0,0.0,False,0.0,0.0,0.0,,,50,rider,0.05,0.1,region_crc,segformer_b2_cityscapes,acdc_rain_targetcal25,1,
0.975,975,True,0.6481481481481481,0.6481481481481481,0.0013884763466194272,1.2842105263157895,27,37.0,0.10315789473684212,False,0.8148148148148148,0.3333333333333333,0.0,,,50,rider,0.05,0.1,heuristic,segformer_b2_cityscapes,acdc_rain_targetcal25,1,
,-1,True,,0.7962962962962963,0.0002626289497129619,,475,,,False,,,,,,50,rider,0.05,0.1,argmax,segformer_b2_cityscapes,acdc_rain_targetcal25,1,0.8108108108108109
1.0,1000,False,0.0,0.0,1.0,0.9431578947368421,27,37.0,0.0,False,0.0,0.0,0.0,,,50,rider,0.1,0.1,region_crc,segformer_b2_cityscapes,acdc_rain_targetcal25,1,
0.975,975,True,0.6481481481481481,0.6481481481481481,0.0013884763466194272,1.2842105263157895,27,37.0,0.10315789473684212,False,0.8148148148148148,0.3333333333333333,0.0,,,50,rider,0.1,0.1,heuristic,segformer_b2_cityscapes,acdc_rain_targetcal25,1,
,-1,True,,0.7962962962962963,0.0002626289497129619,,475,,,False,,,,,,50,rider,0.1,0.1,argmax,segformer_b2_cityscapes,acdc_rain_targetcal25,1,0.8108108108108109
1.0,1000,False,0.0,0.0,1.0,0.9431578947368421,27,37.0,0.0,False,0.0,0.0,0.0,,,50,rider,0.2,0.1,region_crc,segformer_b2_cityscapes,acdc_rain_targetcal25,1,
0.975,975,True,0.6481481481481481,0.6481481481481481,0.0013884763466194272,1.2842105263157895,27,37.0,0.10315789473684212,False,0.8148148148148148,0.3333333333333333,0.0,,,50,rider,0.2,0.1,heuristic,segformer_b2_cityscapes,acdc_rain_targetcal25,1,
,-1,True,,0.7962962962962963,0.0002626289497129619,,475,,,False,,,,,,50,rider,0.2,0.1,argmax,segformer_b2_cityscapes,acdc_rain_targetcal25,1,0.8108108108108109
1.0,1000,False,0.0,0.0,1.0,0.9431578947368421,27,37.0,0.0,False,0.0,0.0,0.0,,,50,rider,0.05,0.5,region_crc,segformer_b2_cityscapes,acdc_rain_targetcal25,1,
0.999,999,True,0.5061728395061729,0.5061728395061729,0.006901497021317482,0.9431578947368421,27,37.0,0.1305263157894737,False,0.5925925925925926,0.16666666666666666,0.0,,,50,rider,0.05,0.5,heuristic,segformer_b2_cityscapes,acdc_rain_targetcal25,1,
,-1,True,,0.8518518518518519,0.0002626289497129619,,475,,,False,,,,,,50,rider,0.05,0.5,argmax,segformer_b2_cityscapes,acdc_rain_targetcal25,1,0.8648648648648649
1.0,1000,False,0.0,0.0,1.0,0.9431578947368421,27,37.0,0.0,False,0.0,0.0,0.0,,,50,rider,0.1,0.5,region_crc,segformer_b2_cityscapes,acdc_rain_targetcal25,1,
0.999,999,True,0.5061728395061729,0.5061728395061729,0.006901497021317482,0.9431578947368421,27,37.0,0.1305263157894737,False,0.5925925925925926,0.16666666666666666,0.0,,,50,rider,0.1,0.5,heuristic,segformer_b2_cityscapes,acdc_rain_targetcal25,1,
,-1,True,,0.8518518518518519,0.0002626289497129619,,475,,,False,,,,,,50,rider,0.1,0.5,argmax,segformer_b2_cityscapes,acdc_rain_targetcal25,1,0.8648648648648649
1.0,1000,False,0.0,0.0,1.0,0.9431578947368421,27,37.0,0.0,False,0.0,0.0,0.0,,,50,rider,0.2,0.5,region_crc,segformer_b2_cityscapes,acdc_rain_targetcal25,1,
0.999,999,True,0.5061728395061729,0.5061728395061729,0.006901497021317482,0.9431578947368421,27,37.0,0.1305263157894737,False,0.5925925925925926,0.16666666666666666,0.0,,,50,rider,0.2,0.5,heuristic,segformer_b2_cityscapes,acdc_rain_targetcal25,1,
,-1,True,,0.8518518518518519,0.0002626289497129619,,475,,,False,,,,,,50,rider,0.2,0.5,argmax,segformer_b2_cityscapes,acdc_rain_targetcal25,1,0.8648648648648649
1.0,1000,False,0.0,0.0,1.0,0.8336842105263158,79,152.0,0.0,False,0.0,0.0,0.0,,,50,bicycle,0.05,0.1,region_crc,segformer_b2_cityscapes,acdc_rain_targetcal25,4,
1.0,1000,True,0.0,0.0,1.0,0.8336842105263158,79,152.0,0.0,False,0.0,0.0,0.0,,,50,bicycle,0.05,0.1,heuristic,segformer_b2_cityscapes,acdc_rain_targetcal25,4,
,-1,True,,0.7354731766124172,0.0011382584925740957,,475,,,False,,,,,,50,bicycle,0.05,0.1,argmax,segformer_b2_cityscapes,acdc_rain_targetcal25,4,0.7105263157894737
1.0,1000,False,0.0,0.0,1.0,0.8336842105263158,79,152.0,0.0,False,0.0,0.0,0.0,,,50,bicycle,0.1,0.1,region_crc,segformer_b2_cityscapes,acdc_rain_targetcal25,4,
1.0,1000,True,0.0,0.0,1.0,0.8336842105263158,79,152.0,0.0,False,0.0,0.0,0.0,,,50,bicycle,0.1,0.1,heuristic,segformer_b2_cityscapes,acdc_rain_targetcal25,4,
,-1,True,,0.7354731766124172,0.0011382584925740957,,475,,,False,,,,,,50,bicycle,0.1,0.1,argmax,segformer_b2_cityscapes,acdc_rain_targetcal25,4,0.7105263157894737
1.0,1000,True,0.0,0.0,1.0,0.8336842105263158,79,152.0,0.0,False,0.0,0.0,0.0,,,50,bicycle,0.2,0.1,region_crc,segformer_b2_cityscapes,acdc_rain_targetcal25,4,
1.0,1000,True,0.0,0.0,1.0,0.8336842105263158,79,152.0,0.0,False,0.0,0.0,0.0,,,50,bicycle,0.2,0.1,heuristic,segformer_b2_cityscapes,acdc_rain_targetcal25,4,
,-1,True,,0.7354731766124172,0.0011382584925740957,,475,,,False,,,,,,50,bicycle,0.2,0.1,argmax,segformer_b2_cityscapes,acdc_rain_targetcal25,4,0.7105263157894737
1.0,1000,False,0.0,0.0,1.0,0.8336842105263158,79,152.0,0.0,False,0.0,0.0,0.0,,,50,bicycle,0.05,0.5,region_crc,segformer_b2_cityscapes,acdc_rain_targetcal25,4,
1.0,1000,True,0.0,0.0,1.0,0.8336842105263158,79,152.0,0.0,False,0.0,0.0,0.0,,,50,bicycle,0.05,0.5,heuristic,segformer_b2_cityscapes,acdc_rain_targetcal25,4,
,-1,True,,0.781585292344786,0.0011382584925740957,,475,,,False,,,,,,50,bicycle,0.05,0.5,argmax,segformer_b2_cityscapes,acdc_rain_targetcal25,4,0.756578947368421
1.0,1000,False,0.0,0.0,1.0,0.8336842105263158,79,152.0,0.0,False,0.0,0.0,0.0,,,50,bicycle,0.1,0.5,region_crc,segformer_b2_cityscapes,acdc_rain_targetcal25,4,
1.0,1000,True,0.0,0.0,1.0,0.8336842105263158,79,152.0,0.0,False,0.0,0.0,0.0,,,50,bicycle,0.1,0.5,heuristic,segformer_b2_cityscapes,acdc_rain_targetcal25,4,
,-1,True,,0.781585292344786,0.0011382584925740957,,475,,,False,,,,,,50,bicycle,0.1,0.5,argmax,segformer_b2_cityscapes,acdc_rain_targetcal25,4,0.756578947368421
1.0,1000,True,0.0,0.0,1.0,0.8336842105263158,79,152.0,0.0,False,0.0,0.0,0.0,,,50,bicycle,0.2,0.5,region_crc,segformer_b2_cityscapes,acdc_rain_targetcal25,4,
1.0,1000,True,0.0,0.0,1.0,0.8336842105263158,79,152.0,0.0,False,0.0,0.0,0.0,,,50,bicycle,0.2,0.5,heuristic,segformer_b2_cityscapes,acdc_rain_targetcal25,4,
,-1,True,,0.781585292344786,0.0011382584925740957,,475,,,False,,,,,,50,bicycle,0.2,0.5,argmax,segformer_b2_cityscapes,acdc_rain_targetcal25,4,0.756578947368421
1.0,1000,False,0.0,0.0,1.0,0.6610526315789473,161,316.0,0.0,False,0.0,0.0,0.0,,,51,person,0.05,0.1,region_crc,segformer_b2_cityscapes,acdc_rain_targetcal25,9,
1.0,1000,True,0.0,0.0,1.0,0.6610526315789473,161,316.0,0.0,False,0.0,0.0,0.0,,,51,person,0.05,0.1,heuristic,segformer_b2_cityscapes,acdc_rain_targetcal25,9,
,-1,True,,0.6310293571163136,0.0018582511693239212,,475,,,False,,,,,,51,person,0.05,0.1,argmax,segformer_b2_cityscapes,acdc_rain_targetcal25,9,0.5791139240506329
1.0,1000,True,0.0,0.0,1.0,0.6610526315789473,161,316.0,0.0,False,0.0,0.0,0.0,,,51,person,0.1,0.1,region_crc,segformer_b2_cityscapes,acdc_rain_targetcal25,9,
0.998,998,True,0.06573498964803312,0.06573498964803312,0.03164500370621681,0.6610526315789473,161,316.0,0.19999999999999996,False,0.05434782608695652,0.045871559633027525,0.0,,,51,person,0.1,0.1,heuristic,segformer_b2_cityscapes,acdc_rain_targetcal25,9,
,-1,True,,0.6310293571163136,0.0018582511693239212,,475,,,False,,,,,,51,person,0.1,0.1,argmax,segformer_b2_cityscapes,acdc_rain_targetcal25,9,0.5791139240506329
0.998,998,True,0.06573498964803312,0.06573498964803312,0.03164500370621681,0.6610526315789473,161,316.0,0.19999999999999996,False,0.05434782608695652,0.045871559633027525,0.0,,,51,person,0.2,0.1,region_crc,segformer_b2_cityscapes,acdc_rain_targetcal25,9,
0.979,979,True,0.2243563200084939,0.2243563200084939,0.011295780539512634,9.665263157894737,161,316.0,0.2189473684210526,False,0.2717391304347826,0.11926605504587157,0.0,,,51,person,0.2,0.1,heuristic,segformer_b2_cityscapes,acdc_rain_targetcal25,9,
,-1,True,,0.6310293571163136,0.0018582511693239212,,475,,,False,,,,,,51,person,0.2,0.1,argmax,segformer_b2_cityscapes,acdc_rain_targetcal25,9,0.5791139240506329
1.0,1000,False,0.0,0.0,1.0,0.6610526315789473,161,316.0,0.0,False,0.0,0.0,0.0,,,51,person,0.05,0.5,region_crc,segformer_b2_cityscapes,acdc_rain_targetcal25,9,
1.0,1000,True,0.0,0.0,1.0,0.6610526315789473,161,316.0,0.0,False,0.0,0.0,0.0,,,51,person,0.05,0.5,heuristic,segformer_b2_cityscapes,acdc_rain_targetcal25,9,
,-1,True,,0.7456946435207304,0.0018582511693239212,,475,,,False,,,,,,51,person,0.05,0.5,argmax,segformer_b2_cityscapes,acdc_rain_targetcal25,9,0.6993670886075949
1.0,1000,True,0.0,0.0,1.0,0.6610526315789473,161,316.0,0.0,False,0.0,0.0,0.0,,,51,person,0.1,0.5,region_crc,segformer_b2_cityscapes,acdc_rain_targetcal25,9,
1.0,1000,True,0.0,0.0,1.0,0.6610526315789473,161,316.0,0.0,False,0.0,0.0,0.0,,,51,person,0.1,0.5,heuristic,segformer_b2_cityscapes,acdc_rain_targetcal25,9,
,-1,True,,0.7456946435207304,0.0018582511693239212,,475,,,False,,,,,,51,person,0.1,0.5,argmax,segformer_b2_cityscapes,acdc_rain_targetcal25,9,0.6993670886075949
0.999,999,True,0.07039337474120083,0.07039337474120082,0.04121207445859909,0.6610526315789473,161,316.0,0.20631578947368417,False,0.04891304347826087,0.07339449541284404,0.0,,,51,person,0.2,0.5,region_crc,segformer_b2_cityscapes,acdc_rain_targetcal25,9,
0.999,999,True,0.07039337474120083,0.07039337474120082,0.04121207445859909,0.6610526315789473,161,316.0,0.20631578947368417,False,0.04891304347826087,0.07339449541284404,0.0,,,51,person,0.2,0.5,heuristic,segformer_b2_cityscapes,acdc_rain_targetcal25,9,
,-1,True,,0.7456946435207304,0.0018582511693239212,,475,,,False,,,,,,51,person,0.2,0.5,argmax,segformer_b2_cityscapes,acdc_rain_targetcal25,9,0.6993670886075949
1.0,1000,False,0.0,0.0,1.0,0.9431578947368421,27,37.0,0.0,False,0.0,0.0,0.0,,,51,rider,0.05,0.1,region_crc,segformer_b2_cityscapes,acdc_rain_targetcal25,1,
0.999,999,True,0.3395061728395061,0.3395061728395061,0.0066606430336833,0.9431578947368421,27,37.0,0.21052631578947356,False,0.46153846153846156,0.0,0.0,,,51,rider,0.05,0.1,heuristic,segformer_b2_cityscapes,acdc_rain_targetcal25,1,
,-1,True,,0.7962962962962963,0.00024313271569553763,,475,,,False,,,,,,51,rider,0.05,0.1,argmax,segformer_b2_cityscapes,acdc_rain_targetcal25,1,0.8108108108108109
1.0,1000,False,0.0,0.0,1.0,0.9431578947368421,27,37.0,0.0,False,0.0,0.0,0.0,,,51,rider,0.1,0.1,region_crc,segformer_b2_cityscapes,acdc_rain_targetcal25,1,
0.999,999,True,0.3395061728395061,0.3395061728395061,0.0066606430336833,0.9431578947368421,27,37.0,0.21052631578947356,False,0.46153846153846156,0.0,0.0,,,51,rider,0.1,0.1,heuristic,segformer_b2_cityscapes,acdc_rain_targetcal25,1,
,-1,True,,0.7962962962962963,0.00024313271569553763,,475,,,False,,,,,,51,rider,0.1,0.1,argmax,segformer_b2_cityscapes,acdc_rain_targetcal25,1,0.8108108108108109
1.0,1000,False,0.0,0.0,1.0,0.9431578947368421,27,37.0,0.0,False,0.0,0.0,0.0,,,51,rider,0.2,0.1,region_crc,segformer_b2_cityscapes,acdc_rain_targetcal25,1,
0.999,999,True,0.3395061728395061,0.3395061728395061,0.0066606430336833,0.9431578947368421,27,37.0,0.21052631578947356,False,0.46153846153846156,0.0,0.0,,,51,rider,0.2,0.1,heuristic,segformer_b2_cityscapes,acdc_rain_targetcal25,1,
,-1,True,,0.7962962962962963,0.00024313271569553763,,475,,,False,,,,,,51,rider,0.2,0.1,argmax,segformer_b2_cityscapes,acdc_rain_targetcal25,1,0.8108108108108109
1.0,1000,False,0.0,0.0,1.0,0.9431578947368421,27,37.0,0.0,False,0.0,0.0,0.0,,,51,rider,0.05,0.5,region_crc,segformer_b2_cityscapes,acdc_rain_targetcal25,1,
1.0,1000,True,0.0,0.0,1.0,0.9431578947368421,27,37.0,0.0,False,0.0,0.0,0.0,,,51,rider,0.05,0.5,heuristic,segformer_b2_cityscapes,acdc_rain_targetcal25,1,
,-1,True,,0.8518518518518519,0.00024313271569553763,,475,,,False,,,,,,51,rider,0.05,0.5,argmax,segformer_b2_cityscapes,acdc_rain_targetcal25,1,0.8648648648648649
1.0,1000,False,0.0,0.0,1.0,0.9431578947368421,27,37.0,0.0,False,0.0,0.0,0.0,,,51,rider,0.1,0.5,region_crc,segformer_b2_cityscapes,acdc_rain_targetcal25,1,
1.0,1000,True,0.0,0.0,1.0,0.9431578947368421,27,37.0,0.0,False,0.0,0.0,0.0,,,51,rider,0.1,0.5,heuristic,segformer_b2_cityscapes,acdc_rain_targetcal25,1,
,-1,True,,0.8518518518518519,0.00024313271569553763,,475,,,False,,,,,,51,rider,0.1,0.5,argmax,segformer_b2_cityscapes,acdc_rain_targetcal25,1,0.8648648648648649
1.0,1000,False,0.0,0.0,1.0,0.9431578947368421,27,37.0,0.0,False,0.0,0.0,0.0,,,51,rider,0.2,0.5,region_crc,segformer_b2_cityscapes,acdc_rain_targetcal25,1,
1.0,1000,True,0.0,0.0,1.0,0.9431578947368421,27,37.0,0.0,False,0.0,0.0,0.0,,,51,rider,0.2,0.5,heuristic,segformer_b2_cityscapes,acdc_rain_targetcal25,1,
,-1,True,,0.8518518518518519,0.00024313271569553763,,475,,,False,,,,,,51,rider,0.2,0.5,argmax,segformer_b2_cityscapes,acdc_rain_targetcal25,1,0.8648648648648649
1.0,1000,False,0.0,0.0,1.0,0.8378947368421052,77,146.0,0.0,False,0.0,0.0,0.0,,,51,bicycle,0.05,0.1,region_crc,segformer_b2_cityscapes,acdc_rain_targetcal25,6,
1.0,1000,True,0.0,0.0,1.0,0.8378947368421052,77,146.0,0.0,False,0.0,0.0,0.0,,,51,bicycle,0.05,0.1,heuristic,segformer_b2_cityscapes,acdc_rain_targetcal25,6,
,-1,True,,0.748082869511441,0.0010480487253516912,,475,,,False,,,,,,51,bicycle,0.05,0.1,argmax,segformer_b2_cityscapes,acdc_rain_targetcal25,6,0.7191780821917808
1.0,1000,False,0.0,0.0,1.0,0.8378947368421052,77,146.0,0.0,False,0.0,0.0,0.0,,,51,bicycle,0.1,0.1,region_crc,segformer_b2_cityscapes,acdc_rain_targetcal25,6,
1.0,1000,True,0.0,0.0,1.0,0.8378947368421052,77,146.0,0.0,False,0.0,0.0,0.0,,,51,bicycle,0.1,0.1,heuristic,segformer_b2_cityscapes,acdc_rain_targetcal25,6,
,-1,True,,0.748082869511441,0.0010480487253516912,,475,,,False,,,,,,51,bicycle,0.1,0.1,argmax,segformer_b2_cityscapes,acdc_rain_targetcal25,6,0.7191780821917808
1.0,1000,True,0.0,0.0,1.0,0.8378947368421052,77,146.0,0.0,False,0.0,0.0,0.0,,,51,bicycle,0.2,0.1,region_crc,segformer_b2_cityscapes,acdc_rain_targetcal25,6,
0.998,998,True,0.2823747680890538,0.2823747680890538,0.013104237616062164,0.8378947368421052,77,146.0,0.27789473684210525,False,0.4050632911392405,0.10909090909090909,0.0,,,51,bicycle,0.2,0.1,heuristic,segformer_b2_cityscapes,acdc_rain_targetcal25,6,
,-1,True,,0.748082869511441,0.0010480487253516912,,475,,,False,,,,,,51,bicycle,0.2,0.1,argmax,segformer_b2_cityscapes,acdc_rain_targetcal25,6,0.7191780821917808
1.0,1000,False,0.0,0.0,1.0,0.8378947368421052,77,146.0,0.0,False,0.0,0.0,0.0,,,51,bicycle,0.05,0.5,region_crc,segformer_b2_cityscapes,acdc_rain_targetcal25,6,
1.0,1000,True,0.0,0.0,1.0,0.8378947368421052,77,146.0,0.0,False,0.0,0.0,0.0,,,51,bicycle,0.05,0.5,heuristic,segformer_b2_cityscapes,acdc_rain_targetcal25,6,
,-1,True,,0.7953927025355596,0.0010480487253516912,,475,,,False,,,,,,51,bicycle,0.05,0.5,argmax,segformer_b2_cityscapes,acdc_rain_targetcal25,6,0.7671232876712328
1.0,1000,False,0.0,0.0,1.0,0.8378947368421052,77,146.0,0.0,False,0.0,0.0,0.0,,,51,bicycle,0.1,0.5,region_crc,segformer_b2_cityscapes,acdc_rain_targetcal25,6,
1.0,1000,True,0.0,0.0,1.0,0.8378947368421052,77,146.0,0.0,False,0.0,0.0,0.0,,,51,bicycle,0.1,0.5,heuristic,segformer_b2_cityscapes,acdc_rain_targetcal25,6,
,-1,True,,0.7953927025355596,0.0010480487253516912,,475,,,False,,,,,,51,bicycle,0.1,0.5,argmax,segformer_b2_cityscapes,acdc_rain_targetcal25,6,0.7671232876712328
1.0,1000,True,0.0,0.0,1.0,0.8378947368421052,77,146.0,0.0,False,0.0,0.0,0.0,,,51,bicycle,0.2,0.5,region_crc,segformer_b2_cityscapes,acdc_rain_targetcal25,6,
1.0,1000,True,0.0,0.0,1.0,0.8378947368421052,77,146.0,0.0,False,0.0,0.0,0.0,,,51,bicycle,0.2,0.5,heuristic,segformer_b2_cityscapes,acdc_rain_targetcal25,6,
,-1,True,,0.7953927025355596,0.0010480487253516912,,475,,,False,,,,,,51,bicycle,0.2,0.5,argmax,segformer_b2_cityscapes,acdc_rain_targetcal25,6,0.7671232876712328
1.0,1000,False,0.0,0.0,1.0,0.6568421052631579,163,326.0,0.0,False,0.0,0.0,0.0,,,52,person,0.05,0.1,region_crc,segformer_b2_cityscapes,acdc_rain_targetcal25,7,
1.0,1000,True,0.0,0.0,1.0,0.6568421052631579,163,326.0,0.0,False,0.0,0.0,0.0,,,52,person,0.05,0.1,heuristic,segformer_b2_cityscapes,acdc_rain_targetcal25,7,
,-1,True,,0.6281069986591459,0.0019518304616212845,,475,,,False,,,,,,52,person,0.05,0.1,argmax,segformer_b2_cityscapes,acdc_rain_targetcal25,7,0.5705521472392638
1.0,1000,False,0.0,0.0,1.0,0.6568421052631579,163,326.0,0.0,False,0.0,0.0,0.0,,,52,person,0.1,0.1,region_crc,segformer_b2_cityscapes,acdc_rain_targetcal25,7,
1.0,1000,True,0.0,0.0,1.0,0.6568421052631579,163,326.0,0.0,False,0.0,0.0,0.0,,,52,person,0.1,0.1,heuristic,segformer_b2_cityscapes,acdc_rain_targetcal25,7,
,-1,True,,0.6281069986591459,0.0019518304616212845,,475,,,False,,,,,,52,person,0.1,0.1,argmax,segformer_b2_cityscapes,acdc_rain_targetcal25,7,0.5705521472392638
1.0,1000,True,0.0,0.0,1.0,0.6568421052631579,163,326.0,0.0,False,0.0,0.0,0.0,,,52,person,0.2,0.1,region_crc,segformer_b2_cityscapes,acdc_rain_targetcal25,7,
0.997,997,True,0.08486707566462168,0.08486707566462166,0.027597300708293915,0.6568421052631579,163,326.0,0.2021052631578948,False,0.08648648648648649,0.059322033898305086,0.0,,,52,person,0.2,0.1,heuristic,segformer_b2_cityscapes,acdc_rain_targetcal25,7,
,-1,True,,0.6281069986591459,0.0019518304616212845,,475,,,False,,,,,,52,person,0.2,0.1,argmax,segformer_b2_cityscapes,acdc_rain_targetcal25,7,0.5705521472392638
1.0,1000,False,0.0,0.0,1.0,0.6568421052631579,163,326.0,0.0,False,0.0,0.0,0.0,,,52,person,0.05,0.5,region_crc,segformer_b2_cityscapes,acdc_rain_targetcal25,7,
1.0,1000,True,0.0,0.0,1.0,0.6568421052631579,163,326.0,0.0,False,0.0,0.0,0.0,,,52,person,0.05,0.5,heuristic,segformer_b2_cityscapes,acdc_rain_targetcal25,7,
,-1,True,,0.7413653490340606,0.0019518304616212845,,475,,,False,,,,,,52,person,0.05,0.5,argmax,segformer_b2_cityscapes,acdc_rain_targetcal25,7,0.6871165644171779
1.0,1000,False,0.0,0.0,1.0,0.6568421052631579,163,326.0,0.0,False,0.0,0.0,0.0,,,52,person,0.1,0.5,region_crc,segformer_b2_cityscapes,acdc_rain_targetcal25,7,
1.0,1000,True,0.0,0.0,1.0,0.6568421052631579,163,326.0,0.0,False,0.0,0.0,0.0,,,52,person,0.1,0.5,heuristic,segformer_b2_cityscapes,acdc_rain_targetcal25,7,
,-1,True,,0.7413653490340606,0.0019518304616212845,,475,,,False,,,,,,52,person,0.1,0.5,argmax,segformer_b2_cityscapes,acdc_rain_targetcal25,7,0.6871165644171779
1.0,1000,True,0.0,0.0,1.0,0.6568421052631579,163,326.0,0.0,False,0.0,0.0,0.0,,,52,person,0.2,0.5,region_crc,segformer_b2_cityscapes,acdc_rain_targetcal25,7,
0.998,998,True,0.10879345603271984,0.10879345603271984,0.032397687435150146,0.6568421052631579,163,326.0,0.17473684210526325,False,0.11891891891891893,0.07627118644067797,0.0,,,52,person,0.2,0.5,heuristic,segformer_b2_cityscapes,acdc_rain_targetcal25,7,
,-1,True,,0.7413653490340606,0.0019518304616212845,,475,,,False,,,,,,52,person,0.2,0.5,argmax,segformer_b2_cityscapes,acdc_rain_targetcal25,7,0.6871165644171779
1.0,1000,False,0.0,0.0,1.0,0.9452631578947368,26,36.0,0.0,False,0.0,0.0,0.0,,,52,rider,0.05,0.1,region_crc,segformer_b2_cityscapes,acdc_rain_targetcal25,2,
0.999,999,True,0.35256410256410253,0.35256410256410253,0.007008071523159742,0.9452631578947368,26,36.0,0.13473684210526327,False,0.46153846153846156,0.0,0.0,,,52,rider,0.05,0.1,heuristic,segformer_b2_cityscapes,acdc_rain_targetcal25,2,
,-1,True,,0.8269230769230769,0.0002606390044093132,,475,,,False,,,,,,52,rider,0.05,0.1,argmax,segformer_b2_cityscapes,acdc_rain_targetcal25,2,0.8333333333333334
1.0,1000,False,0.0,0.0,1.0,0.9452631578947368,26,36.0,0.0,False,0.0,0.0,0.0,,,52,rider,0.1,0.1,region_crc,segformer_b2_cityscapes,acdc_rain_targetcal25,2,
0.999,999,True,0.35256410256410253,0.35256410256410253,0.007008071523159742,0.9452631578947368,26,36.0,0.13473684210526327,False,0.46153846153846156,0.0,0.0,,,52,rider,0.1,0.1,heuristic,segformer_b2_cityscapes,acdc_rain_targetcal25,2,
,-1,True,,0.8269230769230769,0.0002606390044093132,,475,,,False,,,,,,52,rider,0.1,0.1,argmax,segformer_b2_cityscapes,acdc_rain_targetcal25,2,0.8333333333333334
1.0,1000,False,0.0,0.0,1.0,0.9452631578947368,26,36.0,0.0,False,0.0,0.0,0.0,,,52,rider,0.2,0.1,region_crc,segformer_b2_cityscapes,acdc_rain_targetcal25,2,
0.999,999,True,0.35256410256410253,0.35256410256410253,0.007008071523159742,0.9452631578947368,26,36.0,0.13473684210526327,False,0.46153846153846156,0.0,0.0,,,52,rider,0.2,0.1,heuristic,segformer_b2_cityscapes,acdc_rain_targetcal25,2,
,-1,True,,0.8269230769230769,0.0002606390044093132,,475,,,False,,,,,,52,rider,0.2,0.1,argmax,segformer_b2_cityscapes,acdc_rain_targetcal25,2,0.8333333333333334
1.0,1000,False,0.0,0.0,1.0,0.9452631578947368,26,36.0,0.0,False,0.0,0.0,0.0,,,52,rider,0.05,0.5,region_crc,segformer_b2_cityscapes,acdc_rain_targetcal25,2,
1.0,1000,True,0.0,0.0,1.0,0.9452631578947368,26,36.0,0.0,False,0.0,0.0,0.0,,,52,rider,0.05,0.5,heuristic,segformer_b2_cityscapes,acdc_rain_targetcal25,2,
,-1,True,,0.8846153846153846,0.0002606390044093132,,475,,,False,,,,,,52,rider,0.05,0.5,argmax,segformer_b2_cityscapes,acdc_rain_targetcal25,2,0.8888888888888888
1.0,1000,False,0.0,0.0,1.0,0.9452631578947368,26,36.0,0.0,False,0.0,0.0,0.0,,,52,rider,0.1,0.5,region_crc,segformer_b2_cityscapes,acdc_rain_targetcal25,2,
1.0,1000,True,0.0,0.0,1.0,0.9452631578947368,26,36.0,0.0,False,0.0,0.0,0.0,,,52,rider,0.1,0.5,heuristic,segformer_b2_cityscapes,acdc_rain_targetcal25,2,
,-1,True,,0.8846153846153846,0.0002606390044093132,,475,,,False,,,,,,52,rider,0.1,0.5,argmax,segformer_b2_cityscapes,acdc_rain_targetcal25,2,0.8888888888888888
1.0,1000,False,0.0,0.0,1.0,0.9452631578947368,26,36.0,0.0,False,0.0,0.0,0.0,,,52,rider,0.2,0.5,region_crc,segformer_b2_cityscapes,acdc_rain_targetcal25,2,
1.0,1000,True,0.0,0.0,1.0,0.9452631578947368,26,36.0,0.0,False,0.0,0.0,0.0,,,52,rider,0.2,0.5,heuristic,segformer_b2_cityscapes,acdc_rain_targetcal25,2,
,-1,True,,0.8846153846153846,0.0002606390044093132,,475,,,False,,,,,,52,rider,0.2,0.5,argmax,segformer_b2_cityscapes,acdc_rain_targetcal25,2,0.8888888888888888
1.0,1000,False,0.0,0.0,1.0,0.84,76,143.0,0.0,False,0.0,0.0,0.0,,,52,bicycle,0.05,0.1,region_crc,segformer_b2_cityscapes,acdc_rain_targetcal25,7,
1.0,1000,True,0.0,0.0,1.0,0.84,76,143.0,0.0,False,0.0,0.0,0.0,,,52,bicycle,0.05,0.1,heuristic,segformer_b2_cityscapes,acdc_rain_targetcal25,7,
,-1,True,,0.7316102756892231,0.0011545768938958645,,475,,,False,,,,,,52,bicycle,0.05,0.1,argmax,segformer_b2_cityscapes,acdc_rain_targetcal25,7,0.6993006993006993
1.0,1000,False,0.0,0.0,1.0,0.84,76,143.0,0.0,False,0.0,0.0,0.0,,,52,bicycle,0.1,0.1,region_crc,segformer_b2_cityscapes,acdc_rain_targetcal25,7,
1.0,1000,True,0.0,0.0,1.0,0.84,76,143.0,0.0,False,0.0,0.0,0.0,,,52,bicycle,0.1,0.1,heuristic,segformer_b2_cityscapes,acdc_rain_targetcal25,7,
,-1,True,,0.7316102756892231,0.0011545768938958645,,475,,,False,,,,,,52,bicycle,0.1,0.1,argmax,segformer_b2_cityscapes,acdc_rain_targetcal25,7,0.6993006993006993
1.0,1000,True,0.0,0.0,1.0,0.84,76,143.0,0.0,False,0.0,0.0,0.0,,,52,bicycle,0.2,0.1,region_crc,segformer_b2_cityscapes,acdc_rain_targetcal25,7,
1.0,1000,True,0.0,0.0,1.0,0.84,76,143.0,0.0,False,0.0,0.0,0.0,,,52,bicycle,0.2,0.1,heuristic,segformer_b2_cityscapes,acdc_rain_targetcal25,7,
,-1,True,,0.7316102756892231,0.0011545768938958645,,475,,,False,,,,,,52,bicycle,0.2,0.1,argmax,segformer_b2_cityscapes,acdc_rain_targetcal25,7,0.6993006993006993
1.0,1000,False,0.0,0.0,1.0,0.84,76,143.0,0.0,False,0.0,0.0,0.0,,,52,bicycle,0.05,0.5,region_crc,segformer_b2_cityscapes,acdc_rain_targetcal25,7,
1.0,1000,True,0.0,0.0,1.0,0.84,76,143.0,0.0,False,0.0,0.0,0.0,,,52,bicycle,0.05,0.5,heuristic,segformer_b2_cityscapes,acdc_rain_targetcal25,7,
,-1,True,,0.7795426065162907,0.0011545768938958645,,475,,,False,,,,,,52,bicycle,0.05,0.5,argmax,segformer_b2_cityscapes,acdc_rain_targetcal25,7,0.7482517482517482
1.0,1000,False,0.0,0.0,1.0,0.84,76,143.0,0.0,False,0.0,0.0,0.0,,,52,bicycle,0.1,0.5,region_crc,segformer_b2_cityscapes,acdc_rain_targetcal25,7,
1.0,1000,True,0.0,0.0,1.0,0.84,76,143.0,0.0,False,0.0,0.0,0.0,,,52,bicycle,0.1,0.5,heuristic,segformer_b2_cityscapes,acdc_rain_targetcal25,7,
,-1,True,,0.7795426065162907,0.0011545768938958645,,475,,,False,,,,,,52,bicycle,0.1,0.5,argmax,segformer_b2_cityscapes,acdc_rain_targetcal25,7,0.7482517482517482
1.0,1000,True,0.0,0.0,1.0,0.84,76,143.0,0.0,False,0.0,0.0,0.0,,,52,bicycle,0.2,0.5,region_crc,segformer_b2_cityscapes,acdc_rain_targetcal25,7,
1.0,1000,True,0.0,0.0,1.0,0.84,76,143.0,0.0,False,0.0,0.0,0.0,,,52,bicycle,0.2,0.5,heuristic,segformer_b2_cityscapes,acdc_rain_targetcal25,7,
,-1,True,,0.7795426065162907,0.0011545768938958645,,475,,,False,,,,,,52,bicycle,0.2,0.5,argmax,segformer_b2_cityscapes,acdc_rain_targetcal25,7,0.7482517482517482
1.0,1000,False,0.0,0.0,1.0,0.6631578947368421,160,316.0,0.0,False,0.0,0.0,0.0,,,53,person,0.05,0.1,region_crc,segformer_b2_cityscapes,acdc_rain_targetcal25,10,
0.993,993,True,0.13895833333333335,0.13895833333333335,0.0193416066467762,0.6631578947368421,160,316.0,0.1557894736842106,False,0.17318435754189945,0.07894736842105263,0.0,,,53,person,0.05,0.1,heuristic,segformer_b2_cityscapes,acdc_rain_targetcal25,10,
,-1,True,,0.6232173382173383,0.0019321984145790339,,475,,,False,,,,,,53,person,0.05,0.1,argmax,segformer_b2_cityscapes,acdc_rain_targetcal25,10,0.5632911392405063
0.993,993,True,0.13895833333333335,0.13895833333333335,0.0193416066467762,0.6631578947368421,160,316.0,0.1557894736842106,False,0.17318435754189945,0.07894736842105263,0.0,,,53,person,0.1,0.1,region_crc,segformer_b2_cityscapes,acdc_rain_targetcal25,10,
0.989,989,True,0.16517361111111112,0.16517361111111112,0.015830183401703835,0.6631578947368421,160,316.0,0.1663157894736843,False,0.21787709497206703,0.07894736842105263,0.0,,,53,person,0.1,0.1,heuristic,segformer_b2_cityscapes,acdc_rain_targetcal25,10,
,-1,True,,0.6232173382173383,0.0019321984145790339,,475,,,False,,,,,,53,person,0.1,0.1,argmax,segformer_b2_cityscapes,acdc_rain_targetcal25,10,0.5632911392405063
0.989,989,True,0.16517361111111112,0.16517361111111112,0.015830183401703835,0.6631578947368421,160,316.0,0.1663157894736843,False,0.21787709497206703,0.07894736842105263,0.0,,,53,person,0.2,0.1,region_crc,segformer_b2_cityscapes,acdc_rain_targetcal25,10,
0.987,987,True,0.1839236111111111,0.1839236111111111,0.014676608145236969,9.804210526315789,160,316.0,0.1557894736842106,False,0.2346368715083799,0.08771929824561403,0.0,,,53,person,0.2,0.1,heuristic,segformer_b2_cityscapes,acdc_rain_targetcal25,10,
,-1,True,,0.6232173382173383,0.0019321984145790339,,475,,,False,,,,,,53,person,0.2,0.1,argmax,segformer_b2_cityscapes,acdc_rain_targetcal25,10,0.5632911392405063
1.0,1000,False,0.0,0.0,1.0,0.6631578947368421,160,316.0,0.0,False,0.0,0.0,0.0,,,53,person,0.05,0.5,region_crc,segformer_b2_cityscapes,acdc_rain_targetcal25,10,
0.997,997,True,0.14156249999999998,0.14156249999999998,0.027635492384433746,0.6631578947368421,160,316.0,0.15157894736842115,False,0.16201117318435754,0.09649122807017543,0.0,,,53,person,0.05,0.5,heuristic,segformer_b2_cityscapes,acdc_rain_targetcal25,10,
,-1,True,,0.7385992826617827,0.0019321984145790339,,475,,,False,,,,,,53,person,0.05,0.5,argmax,segformer_b2_cityscapes,acdc_rain_targetcal25,10,0.6835443037974683
0.997,997,True,0.14156249999999998,0.14156249999999998,0.027635492384433746,0.6631578947368421,160,316.0,0.15157894736842115,False,0.16201117318435754,0.09649122807017543,0.0,,,53,person,0.1,0.5,region_crc,segformer_b2_cityscapes,acdc_rain_targetcal25,10,
0.996,996,True,0.1540625,0.1540625,0.024569356814026833,0.6631578947368421,160,316.0,0.1473684210526316,False,0.18435754189944134,0.09649122807017543,0.0,,,53,person,0.1,0.5,heuristic,segformer_b2_cityscapes,acdc_rain_targetcal25,10,
,-1,True,,0.7385992826617827,0.0019321984145790339,,475,,,False,,,,,,53,person,0.1,0.5,argmax,segformer_b2_cityscapes,acdc_rain_targetcal25,10,0.6835443037974683
0.995,995,True,0.1959027777777778,0.19590277777777776,0.022369492799043655,0.6631578947368421,160,316.0,0.1557894736842106,False,0.24022346368715083,0.10526315789473684,0.0,,,53,person,0.2,0.5,region_crc,segformer_b2_cityscapes,acdc_rain_targetcal25,10,
0.995,995,True,0.1959027777777778,0.19590277777777776,0.022369492799043655,0.6631578947368421,160,316.0,0.1557894736842106,False,0.24022346368715083,0.10526315789473684,0.0,,,53,person,0.2,0.5,heuristic,segformer_b2_cityscapes,acdc_rain_targetcal25,10,
,-1,True,,0.7385992826617827,0.0019321984145790339,,475,,,False,,,,,,53,person,0.2,0.5,argmax,segformer_b2_cityscapes,acdc_rain_targetcal25,10,0.6835443037974683
1.0,1000,False,0.0,0.0,1.0,0.9494736842105264,24,33.0,0.0,False,0.0,0.0,0.0,,,53,rider,0.05,0.1,region_crc,segformer_b2_cityscapes,acdc_rain_targetcal25,4,
0.999,999,True,0.3819444444444444,0.3819444444444444,0.006917115300893784,0.9494736842105264,24,33.0,0.1010526315789474,False,0.5217391304347826,0.0,0.0,,,53,rider,0.05,0.1,heuristic,segformer_b2_cityscapes,acdc_rain_targetcal25,4,
,-1,True,,0.7708333333333334,0.00026272234390489757,,475,,,False,,,,,,53,rider,0.05,0.1,argmax,segformer_b2_cityscapes,acdc_rain_targetcal25,4,0.7878787878787878
1.0,1000,False,0.0,0.0,1.0,0.9494736842105264,24,33.0,0.0,False,0.0,0.0,0.0,,,53,rider,0.1,0.1,region_crc,segformer_b2_cityscapes,acdc_rain_targetcal25,4,
0.999,999,True,0.3819444444444444,0.3819444444444444,0.006917115300893784,0.9494736842105264,24,33.0,0.1010526315789474,False,0.5217391304347826,0.0,0.0,,,53,rider,0.1,0.1,heuristic,segformer_b2_cityscapes,acdc_rain_targetcal25,4,
,-1,True,,0.7708333333333334,0.00026272234390489757,,475,,,False,,,,,,53,rider,0.1,0.1,argmax,segformer_b2_cityscapes,acdc_rain_targetcal25,4,0.7878787878787878
0.999,999,True,0.3819444444444444,0.3819444444444444,0.006917115300893784,0.9494736842105264,24,33.0,0.1010526315789474,False,0.5217391304347826,0.0,0.0,,,53,rider,0.2,0.1,region_crc,segformer_b2_cityscapes,acdc_rain_targetcal25,4,
0.999,999,True,0.3819444444444444,0.3819444444444444,0.006917115300893784,0.9494736842105264,24,33.0,0.1010526315789474,False,0.5217391304347826,0.0,0.0,,,53,rider,0.2,0.1,heuristic,segformer_b2_cityscapes,acdc_rain_targetcal25,4,
,-1,True,,0.7708333333333334,0.00026272234390489757,,475,,,False,,,,,,53,rider,0.2,0.1,argmax,segformer_b2_cityscapes,acdc_rain_targetcal25,4,0.7878787878787878
1.0,1000,False,0.0,0.0,1.0,0.9494736842105264,24,33.0,0.0,False,0.0,0.0,0.0,,,53,rider,0.05,0.5,region_crc,segformer_b2_cityscapes,acdc_rain_targetcal25,4,
1.0,1000,True,0.0,0.0,1.0,0.9494736842105264,24,33.0,0.0,False,0.0,0.0,0.0,,,53,rider,0.05,0.5,heuristic,segformer_b2_cityscapes,acdc_rain_targetcal25,4,
,-1,True,,0.8333333333333334,0.00026272234390489757,,475,,,False,,,,,,53,rider,0.05,0.5,argmax,segformer_b2_cityscapes,acdc_rain_targetcal25,4,0.8484848484848485
1.0,1000,False,0.0,0.0,1.0,0.9494736842105264,24,33.0,0.0,False,0.0,0.0,0.0,,,53,rider,0.1,0.5,region_crc,segformer_b2_cityscapes,acdc_rain_targetcal25,4,
1.0,1000,True,0.0,0.0,1.0,0.9494736842105264,24,33.0,0.0,False,0.0,0.0,0.0,,,53,rider,0.1,0.5,heuristic,segformer_b2_cityscapes,acdc_rain_targetcal25,4,
,-1,True,,0.8333333333333334,0.00026272234390489757,,475,,,False,,,,,,53,rider,0.1,0.5,argmax,segformer_b2_cityscapes,acdc_rain_targetcal25,4,0.8484848484848485
1.0,1000,True,0.0,0.0,1.0,0.9494736842105264,24,33.0,0.0,False,0.0,0.0,0.0,,,53,rider,0.2,0.5,region_crc,segformer_b2_cityscapes,acdc_rain_targetcal25,4,
1.0,1000,True,0.0,0.0,1.0,0.9494736842105264,24,33.0,0.0,False,0.0,0.0,0.0,,,53,rider,0.2,0.5,heuristic,segformer_b2_cityscapes,acdc_rain_targetcal25,4,
,-1,True,,0.8333333333333334,0.00026272234390489757,,475,,,False,,,,,,53,rider,0.2,0.5,argmax,segformer_b2_cityscapes,acdc_rain_targetcal25,4,0.8484848484848485
1.0,1000,False,0.0,0.0,1.0,0.8421052631578947,75,147.0,0.0,False,0.0,0.0,0.0,,,53,bicycle,0.05,0.1,region_crc,segformer_b2_cityscapes,acdc_rain_targetcal25,8,
1.0,1000,True,0.0,0.0,1.0,0.8421052631578947,75,147.0,0.0,False,0.0,0.0,0.0,,,53,bicycle,0.05,0.1,heuristic,segformer_b2_cityscapes,acdc_rain_targetcal25,8,
,-1,True,,0.7346984126984127,0.0011507330927997828,,475,,,False,,,,,,53,bicycle,0.05,0.1,argmax,segformer_b2_cityscapes,acdc_rain_targetcal25,8,0.7210884353741497
1.0,1000,False,0.0,0.0,1.0,0.8421052631578947,75,147.0,0.0,False,0.0,0.0,0.0,,,53,bicycle,0.1,0.1,region_crc,segformer_b2_cityscapes,acdc_rain_targetcal25,8,
1.0,1000,True,0.0,0.0,1.0,0.8421052631578947,75,147.0,0.0,False,0.0,0.0,0.0,,,53,bicycle,0.1,0.1,heuristic,segformer_b2_cityscapes,acdc_rain_targetcal25,8,
,-1,True,,0.7346984126984127,0.0011507330927997828,,475,,,False,,,,,,53,bicycle,0.1,0.1,argmax,segformer_b2_cityscapes,acdc_rain_targetcal25,8,0.7210884353741497
1.0,1000,True,0.0,0.0,1.0,0.8421052631578947,75,147.0,0.0,False,0.0,0.0,0.0,,,53,bicycle,0.2,0.1,region_crc,segformer_b2_cityscapes,acdc_rain_targetcal25,8,
0.999,999,True,0.21257142857142858,0.21257142857142855,0.01872151903808117,0.8421052631578947,75,147.0,0.10526315789473684,False,0.3,0.07407407407407407,0.0,,,53,bicycle,0.2,0.1,heuristic,segformer_b2_cityscapes,acdc_rain_targetcal25,8,
,-1,True,,0.7346984126984127,0.0011507330927997828,,475,,,False,,,,,,53,bicycle,0.2,0.1,argmax,segformer_b2_cityscapes,acdc_rain_targetcal25,8,0.7210884353741497
1.0,1000,False,0.0,0.0,1.0,0.8421052631578947,75,147.0,0.0,False,0.0,0.0,0.0,,,53,bicycle,0.05,0.5,region_crc,segformer_b2_cityscapes,acdc_rain_targetcal25,8,
1.0,1000,True,0.0,0.0,1.0,0.8421052631578947,75,147.0,0.0,False,0.0,0.0,0.0,,,53,bicycle,0.05,0.5,heuristic,segformer_b2_cityscapes,acdc_rain_targetcal25,8,
,-1,True,,0.7832698412698412,0.0011507330927997828,,475,,,False,,,,,,53,bicycle,0.05,0.5,argmax,segformer_b2_cityscapes,acdc_rain_targetcal25,8,0.7687074829931972
1.0,1000,False,0.0,0.0,1.0,0.8421052631578947,75,147.0,0.0,False,0.0,0.0,0.0,,,53,bicycle,0.1,0.5,region_crc,segformer_b2_cityscapes,acdc_rain_targetcal25,8,
1.0,1000,True,0.0,0.0,1.0,0.8421052631578947,75,147.0,0.0,False,0.0,0.0,0.0,,,53,bicycle,0.1,0.5,heuristic,segformer_b2_cityscapes,acdc_rain_targetcal25,8,
,-1,True,,0.7832698412698412,0.0011507330927997828,,475,,,False,,,,,,53,bicycle,0.1,0.5,argmax,segformer_b2_cityscapes,acdc_rain_targetcal25,8,0.7687074829931972
1.0,1000,True,0.0,0.0,1.0,0.8421052631578947,75,147.0,0.0,False,0.0,0.0,0.0,,,53,bicycle,0.2,0.5,region_crc,segformer_b2_cityscapes,acdc_rain_targetcal25,8,
0.999,999,True,0.29323809523809524,0.2932380952380952,0.01872151903808117,0.8421052631578947,75,147.0,0.10526315789473684,False,0.4,0.12962962962962962,0.0,,,53,bicycle,0.2,0.5,heuristic,segformer_b2_cityscapes,acdc_rain_targetcal25,8,
,-1,True,,0.7832698412698412,0.0011507330927997828,,475,,,False,,,,,,53,bicycle,0.2,0.5,argmax,segformer_b2_cityscapes,acdc_rain_targetcal25,8,0.7687074829931972
1.0,1000,False,0.0,0.0,1.0,0.6526315789473685,165,320.0,0.0,False,0.0,0.0,0.0,,,54,person,0.05,0.1,region_crc,segformer_b2_cityscapes,acdc_rain_targetcal25,5,
0.9460000000000001,946,True,0.3392825692825693,0.33928256928256934,0.007096019573509693,7.229473684210526,165,320.0,0.1705263157894737,False,0.4371584699453552,0.18421052631578946,0.0,,,54,person,0.05,0.1,heuristic,segformer_b2_cityscapes,acdc_rain_targetcal25,5,
,-1,True,,0.636943796943797,0.0019154850160703063,,475,,,False,,,,,,54,person,0.05,0.1,argmax,segformer_b2_cityscapes,acdc_rain_targetcal25,5,0.584375
1.0,1000,False,0.0,0.0,1.0,0.6526315789473685,165,320.0,0.0,False,0.0,0.0,0.0,,,54,person,0.1,0.1,region_crc,segformer_b2_cityscapes,acdc_rain_targetcal25,5,
0.9460000000000001,946,True,0.3392825692825693,0.33928256928256934,0.007096019573509693,7.229473684210526,165,320.0,0.1705263157894737,False,0.4371584699453552,0.18421052631578946,0.0,,,54,person,0.1,0.1,heuristic,segformer_b2_cityscapes,acdc_rain_targetcal25,5,
,-1,True,,0.636943796943797,0.0019154850160703063,,475,,,False,,,,,,54,person,0.1,0.1,argmax,segformer_b2_cityscapes,acdc_rain_targetcal25,5,0.584375
0.9460000000000001,946,True,0.3392825692825693,0.33928256928256934,0.007096019573509693,7.229473684210526,165,320.0,0.1705263157894737,False,0.4371584699453552,0.18421052631578946,0.0,,,54,person,0.2,0.1,region_crc,segformer_b2_cityscapes,acdc_rain_targetcal25,5,
0.9460000000000001,946,True,0.3392825692825693,0.33928256928256934,0.007096019573509693,7.229473684210526,165,320.0,0.1705263157894737,False,0.4371584699453552,0.18421052631578946,0.0,,,54,person,0.2,0.1,heuristic,segformer_b2_cityscapes,acdc_rain_targetcal25,5,
,-1,True,,0.636943796943797,0.0019154850160703063,,475,,,False,,,,,,54,person,0.2,0.1,argmax,segformer_b2_cityscapes,acdc_rain_targetcal25,5,0.584375
1.0,1000,False,0.0,0.0,1.0,0.6526315789473685,165,320.0,0.0,False,0.0,0.0,0.0,,,54,person,0.05,0.5,region_crc,segformer_b2_cityscapes,acdc_rain_targetcal25,5,
0.987,987,True,0.3136260036260036,0.3136260036260036,0.014558788388967514,9.76,165,320.0,0.1936842105263158,False,0.36065573770491804,0.21052631578947367,0.0,,,54,person,0.05,0.5,heuristic,segformer_b2_cityscapes,acdc_rain_targetcal25,5,
,-1,True,,0.7447889147889148,0.0019154850160703063,,475,,,False,,,,,,54,person,0.05,0.5,argmax,segformer_b2_cityscapes,acdc_rain_targetcal25,5,0.696875
1.0,1000,False,0.0,0.0,1.0,0.6526315789473685,165,320.0,0.0,False,0.0,0.0,0.0,,,54,person,0.1,0.5,region_crc,segformer_b2_cityscapes,acdc_rain_targetcal25,5,
0.987,987,True,0.3136260036260036,0.3136260036260036,0.014558788388967514,9.76,165,320.0,0.1936842105263158,False,0.36065573770491804,0.21052631578947367,0.0,,,54,person,0.1,0.5,heuristic,segformer_b2_cityscapes,acdc_rain_targetcal25,5,
,-1,True,,0.7447889147889148,0.0019154850160703063,,475,,,False,,,,,,54,person,0.1,0.5,argmax,segformer_b2_cityscapes,acdc_rain_targetcal25,5,0.696875
0.987,987,True,0.3136260036260036,0.3136260036260036,0.014558788388967514,9.76,165,320.0,0.1936842105263158,False,0.36065573770491804,0.21052631578947367,0.0,,,54,person,0.2,0.5,region_crc,segformer_b2_cityscapes,acdc_rain_targetcal25,5,
0.987,987,True,0.3136260036260036,0.3136260036260036,0.014558788388967514,9.76,165,320.0,0.1936842105263158,False,0.36065573770491804,0.21052631578947367,0.0,,,54,person,0.2,0.5,heuristic,segformer_b2_cityscapes,acdc_rain_targetcal25,5,
,-1,True,,0.7447889147889148,0.0019154850160703063,,475,,,False,,,,,,54,person,0.2,0.5,argmax,segformer_b2_cityscapes,acdc_rain_targetcal25,5,0.696875
1.0,1000,False,0.0,0.0,1.0,0.9431578947368421,27,35.0,0.0,False,0.0,0.0,0.0,,,54,rider,0.05,0.1,region_crc,segformer_b2_cityscapes,acdc_rain_targetcal25,1,
0.969,969,True,0.7222222222222222,0.7222222222222222,0.0011762642534449697,1.2778947368421052,27,35.0,0.12210526315789472,False,0.9583333333333334,0.3333333333333333,0.2,,,54,rider,0.05,0.1,heuristic,segformer_b2_cityscapes,acdc_rain_targetcal25,1,
,-1,True,,0.7962962962962963,0.0002425600978313014,,475,,,False,,,,,,54,rider,0.05,0.1,argmax,segformer_b2_cityscapes,acdc_rain_targetcal25,1,0.8
1.0,1000,False,0.0,0.0,1.0,0.9431578947368421,27,35.0,0.0,False,0.0,0.0,0.0,,,54,rider,0.1,0.1,region_crc,segformer_b2_cityscapes,acdc_rain_targetcal25,1,
0.969,969,True,0.7222222222222222,0.7222222222222222,0.0011762642534449697,1.2778947368421052,27,35.0,0.12210526315789472,False,0.9583333333333334,0.3333333333333333,0.2,,,54,rider,0.1,0.1,heuristic,segformer_b2_cityscapes,acdc_rain_targetcal25,1,
,-1,True,,0.7962962962962963,0.0002425600978313014,,475,,,False,,,,,,54,rider,0.1,0.1,argmax,segformer_b2_cityscapes,acdc_rain_targetcal25,1,0.8
1.0,1000,False,0.0,0.0,1.0,0.9431578947368421,27,35.0,0.0,False,0.0,0.0,0.0,,,54,rider,0.2,0.1,region_crc,segformer_b2_cityscapes,acdc_rain_targetcal25,1,
0.969,969,True,0.7222222222222222,0.7222222222222222,0.0011762642534449697,1.2778947368421052,27,35.0,0.12210526315789472,False,0.9583333333333334,0.3333333333333333,0.2,,,54,rider,0.2,0.1,heuristic,segformer_b2_cityscapes,acdc_rain_targetcal25,1,
,-1,True,,0.7962962962962963,0.0002425600978313014,,475,,,False,,,,,,54,rider,0.2,0.1,argmax,segformer_b2_cityscapes,acdc_rain_targetcal25,1,0.8
1.0,1000,False,0.0,0.0,1.0,0.9431578947368421,27,35.0,0.0,False,0.0,0.0,0.0,,,54,rider,0.05,0.5,region_crc,segformer_b2_cityscapes,acdc_rain_targetcal25,1,
0.972,972,True,0.7222222222222222,0.7222222222222222,0.0012437357800081372,1.2778947368421052,27,35.0,0.12210526315789472,False,0.9583333333333334,0.3333333333333333,0.2,,,54,rider,0.05,0.5,heuristic,segformer_b2_cityscapes,acdc_rain_targetcal25,1,
,-1,True,,0.8518518518518519,0.0002425600978313014,,475,,,False,,,,,,54,rider,0.05,0.5,argmax,segformer_b2_cityscapes,acdc_rain_targetcal25,1,0.8571428571428571
1.0,1000,False,0.0,0.0,1.0,0.9431578947368421,27,35.0,0.0,False,0.0,0.0,0.0,,,54,rider,0.1,0.5,region_crc,segformer_b2_cityscapes,acdc_rain_targetcal25,1,
0.972,972,True,0.7222222222222222,0.7222222222222222,0.0012437357800081372,1.2778947368421052,27,35.0,0.12210526315789472,False,0.9583333333333334,0.3333333333333333,0.2,,,54,rider,0.1,0.5,heuristic,segformer_b2_cityscapes,acdc_rain_targetcal25,1,
,-1,True,,0.8518518518518519,0.0002425600978313014,,475,,,False,,,,,,54,rider,0.1,0.5,argmax,segformer_b2_cityscapes,acdc_rain_targetcal25,1,0.8571428571428571
1.0,1000,False,0.0,0.0,1.0,0.9431578947368421,27,35.0,0.0,False,0.0,0.0,0.0,,,54,rider,0.2,0.5,region_crc,segformer_b2_cityscapes,acdc_rain_targetcal25,1,
0.972,972,True,0.7222222222222222,0.7222222222222222,0.0012437357800081372,1.2778947368421052,27,35.0,0.12210526315789472,False,0.9583333333333334,0.3333333333333333,0.2,,,54,rider,0.2,0.5,heuristic,segformer_b2_cityscapes,acdc_rain_targetcal25,1,
,-1,True,,0.8518518518518519,0.0002425600978313014,,475,,,False,,,,,,54,rider,0.2,0.5,argmax,segformer_b2_cityscapes,acdc_rain_targetcal25,1,0.8571428571428571
1.0,1000,False,0.0,0.0,1.0,0.8273684210526315,82,158.0,0.0,False,0.0,0.0,0.0,,,54,bicycle,0.05,0.1,region_crc,segformer_b2_cityscapes,acdc_rain_targetcal25,1,
0.9460000000000001,946,True,0.5437862950058072,0.5437862950058072,0.0029754105489701033,2.265263157894737,82,158.0,0.09052631578947368,False,0.6744186046511628,0.3793103448275862,0.0,,,54,bicycle,0.05,0.1,heuristic,segformer_b2_cityscapes,acdc_rain_targetcal25,1,
,-1,True,,0.7268583042973287,0.001201002043671906,,475,,,False,,,,,,54,bicycle,0.05,0.1,argmax,segformer_b2_cityscapes,acdc_rain_targetcal25,1,0.7088607594936709
1.0,1000,False,0.0,0.0,1.0,0.8273684210526315,82,158.0,0.0,False,0.0,0.0,0.0,,,54,bicycle,0.1,0.1,region_crc,segformer_b2_cityscapes,acdc_rain_targetcal25,1,
0.9460000000000001,946,True,0.5437862950058072,0.5437862950058072,0.0029754105489701033,2.265263157894737,82,158.0,0.09052631578947368,False,0.6744186046511628,0.3793103448275862,0.0,,,54,bicycle,0.1,0.1,heuristic,segformer_b2_cityscapes,acdc_rain_targetcal25,1,
,-1,True,,0.7268583042973287,0.001201002043671906,,475,,,False,,,,,,54,bicycle,0.1,0.1,argmax,segformer_b2_cityscapes,acdc_rain_targetcal25,1,0.7088607594936709
1.0,1000,False,0.0,0.0,1.0,0.8273684210526315,82,158.0,0.0,False,0.0,0.0,0.0,,,54,bicycle,0.2,0.1,region_crc,segformer_b2_cityscapes,acdc_rain_targetcal25,1,
0.9460000000000001,946,True,0.5437862950058072,0.5437862950058072,0.0029754105489701033,2.265263157894737,82,158.0,0.09052631578947368,False,0.6744186046511628,0.3793103448275862,0.0,,,54,bicycle,0.2,0.1,heuristic,segformer_b2_cityscapes,acdc_rain_targetcal25,1,
,-1,True,,0.7268583042973287,0.001201002043671906,,475,,,False,,,,,,54,bicycle,0.2,0.1,argmax,segformer_b2_cityscapes,acdc_rain_targetcal25,1,0.7088607594936709
1.0,1000,False,0.0,0.0,1.0,0.8273684210526315,82,158.0,0.0,False,0.0,0.0,0.0,,,54,bicycle,0.05,0.5,region_crc,segformer_b2_cityscapes,acdc_rain_targetcal25,1,
0.977,977,True,0.5610627177700348,0.5610627177700348,0.004408818203955889,3.7263157894736842,82,158.0,0.12631578947368421,False,0.6395348837209303,0.4482758620689655,0.0,,,54,bicycle,0.05,0.5,heuristic,segformer_b2_cityscapes,acdc_rain_targetcal25,1,
,-1,True,,0.7712833914053426,0.001201002043671906,,475,,,False,,,,,,54,bicycle,0.05,0.5,argmax,segformer_b2_cityscapes,acdc_rain_targetcal25,1,0.7531645569620253
1.0,1000,False,0.0,0.0,1.0,0.8273684210526315,82,158.0,0.0,False,0.0,0.0,0.0,,,54,bicycle,0.1,0.5,region_crc,segformer_b2_cityscapes,acdc_rain_targetcal25,1,
0.977,977,True,0.5610627177700348,0.5610627177700348,0.004408818203955889,3.7263157894736842,82,158.0,0.12631578947368421,False,0.6395348837209303,0.4482758620689655,0.0,,,54,bicycle,0.1,0.5,heuristic,segformer_b2_cityscapes,acdc_rain_targetcal25,1,
,-1,True,,0.7712833914053426,0.001201002043671906,,475,,,False,,,,,,54,bicycle,0.1,0.5,argmax,segformer_b2_cityscapes,acdc_rain_targetcal25,1,0.7531645569620253
1.0,1000,False,0.0,0.0,1.0,0.8273684210526315,82,158.0,0.0,False,0.0,0.0,0.0,,,54,bicycle,0.2,0.5,region_crc,segformer_b2_cityscapes,acdc_rain_targetcal25,1,
0.977,977,True,0.5610627177700348,0.5610627177700348,0.004408818203955889,3.7263157894736842,82,158.0,0.12631578947368421,False,0.6395348837209303,0.4482758620689655,0.0,,,54,bicycle,0.2,0.5,heuristic,segformer_b2_cityscapes,acdc_rain_targetcal25,1,
,-1,True,,0.7712833914053426,0.001201002043671906,,475,,,False,,,,,,54,bicycle,0.2,0.5,argmax,segformer_b2_cityscapes,acdc_rain_targetcal25,1,0.7531645569620253
1.0,1000,False,0.0,0.0,1.0,0.6631578947368421,160,320.0,0.0,False,0.0,0.0,0.0,,,55,person,0.05,0.1,region_crc,segformer_b2_cityscapes,acdc_rain_targetcal25,10,
0.995,995,True,0.11635416666666668,0.11635416666666668,0.02233320102095604,0.6631578947368421,160,320.0,0.1578947368421053,False,0.12359550561797752,0.07563025210084033,0.0,,,55,person,0.05,0.1,heuristic,segformer_b2_cityscapes,acdc_rain_targetcal25,10,
,-1,True,,0.6305090048840049,0.0019242599373683333,,475,,,False,,,,,,55,person,0.05,0.1,argmax,segformer_b2_cityscapes,acdc_rain_targetcal25,10,0.56875
0.996,996,True,0.10489583333333334,0.10489583333333333,0.024527058005332947,0.6631578947368421,160,320.0,0.1557894736842106,False,0.11235955056179775,0.06722689075630252,0.0,,,55,person,0.1,0.1,region_crc,segformer_b2_cityscapes,acdc_rain_targetcal25,10,
0.989,989,True,0.16517361111111112,0.16517361111111112,0.01580389030277729,0.6631578947368421,160,320.0,0.19157894736842107,False,0.20786516853932585,0.07563025210084033,0.0,,,55,person,0.1,0.1,heuristic,segformer_b2_cityscapes,acdc_rain_targetcal25,10,
,-1,True,,0.6305090048840049,0.0019242599373683333,,475,,,False,,,,,,55,person,0.1,0.1,argmax,segformer_b2_cityscapes,acdc_rain_targetcal25,10,0.56875
0.989,989,True,0.16517361111111112,0.16517361111111112,0.01580389030277729,0.6631578947368421,160,320.0,0.19157894736842107,False,0.20786516853932585,0.07563025210084033,0.0,,,55,person,0.2,0.1,region_crc,segformer_b2_cityscapes,acdc_rain_targetcal25,10,
0.987,987,True,0.1839236111111111,0.1839236111111111,0.014650643803179264,9.781052631578948,160,320.0,0.18736842105263163,False,0.2247191011235955,0.08403361344537816,0.0,,,55,person,0.2,0.1,heuristic,segformer_b2_cityscapes,acdc_rain_targetcal25,10,
,-1,True,,0.6305090048840049,0.0019242599373683333,,475,,,False,,,,,,55,person,0.2,0.1,argmax,segformer_b2_cityscapes,acdc_rain_targetcal25,10,0.56875
1.0,1000,False,0.0,0.0,1.0,0.6631578947368421,160,320.0,0.0,False,0.0,0.0,0.0,,,55,person,0.05,0.5,region_crc,segformer_b2_cityscapes,acdc_rain_targetcal25,10,
0.997,997,True,0.13999999999999999,0.13999999999999999,0.027584150433540344,0.6631578947368421,160,320.0,0.15368421052631576,False,0.15730337078651685,0.09243697478991597,0.0,,,55,person,0.05,0.5,heuristic,segformer_b2_cityscapes,acdc_rain_targetcal25,10,
,-1,True,,0.7396409493284494,0.0019242599373683333,,475,,,False,,,,,,55,person,0.05,0.5,argmax,segformer_b2_cityscapes,acdc_rain_targetcal25,10,0.684375
0.999,999,True,0.07708333333333332,0.07708333333333332,0.04203721135854721,0.6631578947368421,160,320.0,0.12631578947368416,False,0.056179775280898875,0.07563025210084033,0.0,,,55,person,0.1,0.5,region_crc,segformer_b2_cityscapes,acdc_rain_targetcal25,10,
0.996,996,True,0.1540625,0.1540625,0.024527058005332947,0.6631578947368421,160,320.0,0.1557894736842106,False,0.17415730337078653,0.09243697478991597,0.0,,,55,person,0.1,0.5,heuristic,segformer_b2_cityscapes,acdc_rain_targetcal25,10,
,-1,True,,0.7396409493284494,0.0019242599373683333,,475,,,False,,,,,,55,person,0.1,0.5,argmax,segformer_b2_cityscapes,acdc_rain_targetcal25,10,0.684375
0.996,996,True,0.1540625,0.1540625,0.024527058005332947,0.6631578947368421,160,320.0,0.1557894736842106,False,0.17415730337078653,0.09243697478991597,0.0,,,55,person,0.2,0.5,region_crc,segformer_b2_cityscapes,acdc_rain_targetcal25,10,
0.993,993,True,0.21836271367521368,0.21836271367521368,0.01931222341954708,0.6631578947368421,160,320.0,0.17052631578947375,False,0.2303370786516854,0.15966386554621848,0.0,,,55,person,0.2,0.5,heuristic,segformer_b2_cityscapes,acdc_rain_targetcal25,10,
,-1,True,,0.7396409493284494,0.0019242599373683333,,475,,,False,,,,,,55,person,0.2,0.5,argmax,segformer_b2_cityscapes,acdc_rain_targetcal25,10,0.684375
1.0,1000,False,0.0,0.0,1.0,0.9431578947368421,27,37.0,0.0,False,0.0,0.0,0.0,,,55,rider,0.05,0.1,region_crc,segformer_b2_cityscapes,acdc_rain_targetcal25,1,
0.191,191,True,0.8703703703703703,0.8703703703703703,9.646691614761949e-05,0.04842105263157895,27,37.0,0.02947368421052632,False,1.0,0.8,0.2,,,55,rider,0.05,0.1,heuristic,segformer_b2_cityscapes,acdc_rain_targetcal25,1,
,-1,True,,0.8333333333333334,0.0002795940963551402,,475,,,False,,,,,,55,rider,0.05,0.1,argmax,segformer_b2_cityscapes,acdc_rain_targetcal25,1,0.8378378378378378
1.0,1000,False,0.0,0.0,1.0,0.9431578947368421,27,37.0,0.0,False,0.0,0.0,0.0,,,55,rider,0.1,0.1,region_crc,segformer_b2_cityscapes,acdc_rain_targetcal25,1,
0.191,191,True,0.8703703703703703,0.8703703703703703,9.646691614761949e-05,0.04842105263157895,27,37.0,0.02947368421052632,False,1.0,0.8,0.2,,,55,rider,0.1,0.1,heuristic,segformer_b2_cityscapes,acdc_rain_targetcal25,1,
,-1,True,,0.8333333333333334,0.0002795940963551402,,475,,,False,,,,,,55,rider,0.1,0.1,argmax,segformer_b2_cityscapes,acdc_rain_targetcal25,1,0.8378378378378378
1.0,1000,False,0.0,0.0,1.0,0.9431578947368421,27,37.0,0.0,False,0.0,0.0,0.0,,,55,rider,0.2,0.1,region_crc,segformer_b2_cityscapes,acdc_rain_targetcal25,1,
0.191,191,True,0.8703703703703703,0.8703703703703703,9.646691614761949e-05,0.04842105263157895,27,37.0,0.02947368421052632,False,1.0,0.8,0.2,,,55,rider,0.2,0.1,heuristic,segformer_b2_cityscapes,acdc_rain_targetcal25,1,
,-1,True,,0.8333333333333334,0.0002795940963551402,,475,,,False,,,,,,55,rider,0.2,0.1,argmax,segformer_b2_cityscapes,acdc_rain_targetcal25,1,0.8378378378378378
1.0,1000,False,0.0,0.0,1.0,0.9431578947368421,27,37.0,0.0,False,0.0,0.0,0.0,,,55,rider,0.05,0.5,region_crc,segformer_b2_cityscapes,acdc_rain_targetcal25,1,
0.385,385,True,0.8888888888888888,0.8888888888888888,0.00016044842777773738,0.11789473684210526,27,37.0,0.03157894736842104,False,1.0,1.0,0.2,,,55,rider,0.05,0.5,heuristic,segformer_b2_cityscapes,acdc_rain_targetcal25,1,
,-1,True,,0.8888888888888888,0.0002795940963551402,,475,,,False,,,,,,55,rider,0.05,0.5,argmax,segformer_b2_cityscapes,acdc_rain_targetcal25,1,0.8918918918918919
1.0,1000,False,0.0,0.0,1.0,0.9431578947368421,27,37.0,0.0,False,0.0,0.0,0.0,,,55,rider,0.1,0.5,region_crc,segformer_b2_cityscapes,acdc_rain_targetcal25,1,
0.385,385,True,0.8888888888888888,0.8888888888888888,0.00016044842777773738,0.11789473684210526,27,37.0,0.03157894736842104,False,1.0,1.0,0.2,,,55,rider,0.1,0.5,heuristic,segformer_b2_cityscapes,acdc_rain_targetcal25,1,
,-1,True,,0.8888888888888888,0.0002795940963551402,,475,,,False,,,,,,55,rider,0.1,0.5,argmax,segformer_b2_cityscapes,acdc_rain_targetcal25,1,0.8918918918918919
1.0,1000,False,0.0,0.0,1.0,0.9431578947368421,27,37.0,0.0,False,0.0,0.0,0.0,,,55,rider,0.2,0.5,region_crc,segformer_b2_cityscapes,acdc_rain_targetcal25,1,
0.385,385,True,0.8888888888888888,0.8888888888888888,0.00016044842777773738,0.11789473684210526,27,37.0,0.03157894736842104,False,1.0,1.0,0.2,,,55,rider,0.2,0.5,heuristic,segformer_b2_cityscapes,acdc_rain_targetcal25,1,
,-1,True,,0.8888888888888888,0.0002795940963551402,,475,,,False,,,,,,55,rider,0.2,0.5,argmax,segformer_b2_cityscapes,acdc_rain_targetcal25,1,0.8918918918918919
1.0,1000,False,0.0,0.0,1.0,0.8315789473684211,80,151.0,0.0,False,0.0,0.0,0.0,,,55,bicycle,0.05,0.1,region_crc,segformer_b2_cityscapes,acdc_rain_targetcal25,3,
0.98,980,True,0.4342261904761905,0.4342261904761905,0.004658520221710205,3.656842105263158,80,151.0,0.10736842105263167,False,0.5833333333333334,0.2545454545454545,0.0,,,55,bicycle,0.05,0.1,heuristic,segformer_b2_cityscapes,acdc_rain_targetcal25,3,
,-1,True,,0.7294047619047619,0.001152594923041761,,475,,,False,,,,,,55,bicycle,0.05,0.1,argmax,segformer_b2_cityscapes,acdc_rain_targetcal25,3,0.7152317880794702
1.0,1000,False,0.0,0.0,1.0,0.8315789473684211,80,151.0,0.0,False,0.0,0.0,0.0,,,55,bicycle,0.1,0.1,region_crc,segformer_b2_cityscapes,acdc_rain_targetcal25,3,
0.98,980,True,0.4342261904761905,0.4342261904761905,0.004658520221710205,3.656842105263158,80,151.0,0.10736842105263167,False,0.5833333333333334,0.2545454545454545,0.0,,,55,bicycle,0.1,0.1,heuristic,segformer_b2_cityscapes,acdc_rain_targetcal25,3,
,-1,True,,0.7294047619047619,0.001152594923041761,,475,,,False,,,,,,55,bicycle,0.1,0.1,argmax,segformer_b2_cityscapes,acdc_rain_targetcal25,3,0.7152317880794702
1.0,1000,False,0.0,0.0,1.0,0.8315789473684211,80,151.0,0.0,False,0.0,0.0,0.0,,,55,bicycle,0.2,0.1,region_crc,segformer_b2_cityscapes,acdc_rain_targetcal25,3,
0.98,980,True,0.4342261904761905,0.4342261904761905,0.004658520221710205,3.656842105263158,80,151.0,0.10736842105263167,False,0.5833333333333334,0.2545454545454545,0.0,,,55,bicycle,0.2,0.1,heuristic,segformer_b2_cityscapes,acdc_rain_targetcal25,3,
,-1,True,,0.7294047619047619,0.001152594923041761,,475,,,False,,,,,,55,bicycle,0.2,0.1,argmax,segformer_b2_cityscapes,acdc_rain_targetcal25,3,0.7152317880794702
1.0,1000,False,0.0,0.0,1.0,0.8315789473684211,80,151.0,0.0,False,0.0,0.0,0.0,,,55,bicycle,0.05,0.5,region_crc,segformer_b2_cityscapes,acdc_rain_targetcal25,3,
0.994,994,True,0.4239285714285714,0.4239285714285714,0.008268454112112522,0.8315789473684211,80,151.0,0.08631578947368418,False,0.5714285714285714,0.2909090909090909,0.0,,,55,bicycle,0.05,0.5,heuristic,segformer_b2_cityscapes,acdc_rain_targetcal25,3,
,-1,True,,0.7749404761904761,0.001152594923041761,,475,,,False,,,,,,55,bicycle,0.05,0.5,argmax,segformer_b2_cityscapes,acdc_rain_targetcal25,3,0.7615894039735099
1.0,1000,False,0.0,0.0,1.0,0.8315789473684211,80,151.0,0.0,False,0.0,0.0,0.0,,,55,bicycle,0.1,0.5,region_crc,segformer_b2_cityscapes,acdc_rain_targetcal25,3,
0.994,994,True,0.4239285714285714,0.4239285714285714,0.008268454112112522,0.8315789473684211,80,151.0,0.08631578947368418,False,0.5714285714285714,0.2909090909090909,0.0,,,55,bicycle,0.1,0.5,heuristic,segformer_b2_cityscapes,acdc_rain_targetcal25,3,
,-1,True,,0.7749404761904761,0.001152594923041761,,475,,,False,,,,,,55,bicycle,0.1,0.5,argmax,segformer_b2_cityscapes,acdc_rain_targetcal25,3,0.7615894039735099
1.0,1000,False,0.0,0.0,1.0,0.8315789473684211,80,151.0,0.0,False,0.0,0.0,0.0,,,55,bicycle,0.2,0.5,region_crc,segformer_b2_cityscapes,acdc_rain_targetcal25,3,
0.994,994,True,0.4239285714285714,0.4239285714285714,0.008268454112112522,0.8315789473684211,80,151.0,0.08631578947368418,False,0.5714285714285714,0.2909090909090909,0.0,,,55,bicycle,0.2,0.5,heuristic,segformer_b2_cityscapes,acdc_rain_targetcal25,3,
,-1,True,,0.7749404761904761,0.001152594923041761,,475,,,False,,,,,,55,bicycle,0.2,0.5,argmax,segformer_b2_cityscapes,acdc_rain_targetcal25,3,0.7615894039735099
1.0,1000,False,0.0,0.0,1.0,0.6631578947368421,160,304.0,0.0,False,0.0,0.0,0.0,,,56,person,0.05,0.1,region_crc,segformer_b2_cityscapes,acdc_rain_targetcal25,10,
1.0,1000,True,0.0,0.0,1.0,0.6631578947368421,160,304.0,0.0,False,0.0,0.0,0.0,,,56,person,0.05,0.1,heuristic,segformer_b2_cityscapes,acdc_rain_targetcal25,10,
,-1,True,,0.6473759920634921,0.0018390208715572953,,475,,,False,,,,,,56,person,0.05,0.1,argmax,segformer_b2_cityscapes,acdc_rain_targetcal25,10,0.5921052631578947
1.0,1000,True,0.0,0.0,1.0,0.6631578947368421,160,304.0,0.0,False,0.0,0.0,0.0,,,56,person,0.1,0.1,region_crc,segformer_b2_cityscapes,acdc_rain_targetcal25,10,
0.995,995,True,0.11166666666666666,0.11166666666666666,0.021724941208958626,0.6631578947368421,160,304.0,0.14105263157894732,False,0.12138728323699421,0.08256880733944955,0.0,,,56,person,0.1,0.1,heuristic,segformer_b2_cityscapes,acdc_rain_targetcal25,10,
,-1,True,,0.6473759920634921,0.0018390208715572953,,475,,,False,,,,,,56,person,0.1,0.1,argmax,segformer_b2_cityscapes,acdc_rain_targetcal25,10,0.5921052631578947
0.995,995,True,0.11166666666666666,0.11166666666666666,0.021724941208958626,0.6631578947368421,160,304.0,0.14105263157894732,False,0.12138728323699421,0.08256880733944955,0.0,,,56,person,0.2,0.1,region_crc,segformer_b2_cityscapes,acdc_rain_targetcal25,10,
0.987,987,True,0.1839236111111111,0.1839236111111111,0.014176125638186932,9.72421052631579,160,304.0,0.10947368421052628,False,0.23699421965317918,0.09174311926605505,0.0,,,56,person,0.2,0.1,heuristic,segformer_b2_cityscapes,acdc_rain_targetcal25,10,
,-1,True,,0.6473759920634921,0.0018390208715572953,,475,,,False,,,,,,56,person,0.2,0.1,argmax,segformer_b2_cityscapes,acdc_rain_targetcal25,10,0.5921052631578947
1.0,1000,False,0.0,0.0,1.0,0.6631578947368421,160,304.0,0.0,False,0.0,0.0,0.0,,,56,person,0.05,0.5,region_crc,segformer_b2_cityscapes,acdc_rain_targetcal25,10,
1.0,1000,True,0.0,0.0,1.0,0.6631578947368421,160,304.0,0.0,False,0.0,0.0,0.0,,,56,person,0.05,0.5,heuristic,segformer_b2_cityscapes,acdc_rain_targetcal25,10,
,-1,True,,0.7580704365079365,0.0018390208715572953,,475,,,False,,,,,,56,person,0.05,0.5,argmax,segformer_b2_cityscapes,acdc_rain_targetcal25,10,0.7105263157894737
1.0,1000,True,0.0,0.0,1.0,0.6631578947368421,160,304.0,0.0,False,0.0,0.0,0.0,,,56,person,0.1,0.5,region_crc,segformer_b2_cityscapes,acdc_rain_targetcal25,10,
0.999,999,True,0.07083333333333333,0.07083333333333333,0.041270170360803604,0.6631578947368421,160,304.0,0.14315789473684204,False,0.046242774566473986,0.08256880733944955,0.0,,,56,person,0.1,0.5,heuristic,segformer_b2_cityscapes,acdc_rain_targetcal25,10,
,-1,True,,0.7580704365079365,0.0018390208715572953,,475,,,False,,,,,,56,person,0.1,0.5,argmax,segformer_b2_cityscapes,acdc_rain_targetcal25,10,0.7105263157894737
0.999,999,True,0.07083333333333333,0.07083333333333333,0.041270170360803604,0.6631578947368421,160,304.0,0.14315789473684204,False,0.046242774566473986,0.08256880733944955,0.0,,,56,person,0.2,0.5,region_crc,segformer_b2_cityscapes,acdc_rain_targetcal25,10,
0.995,995,True,0.19090277777777778,0.19090277777777778,0.021724941208958626,0.6631578947368421,160,304.0,0.14105263157894732,False,0.23699421965317918,0.11926605504587157,0.0,,,56,person,0.2,0.5,heuristic,segformer_b2_cityscapes,acdc_rain_targetcal25,10,
,-1,True,,0.7580704365079365,0.0018390208715572953,,475,,,False,,,,,,56,person,0.2,0.5,argmax,segformer_b2_cityscapes,acdc_rain_targetcal25,10,0.7105263157894737
1.0,1000,False,0.0,0.0,1.0,0.9431578947368421,27,37.0,0.0,False,0.0,0.0,0.0,,,56,rider,0.05,0.1,region_crc,segformer_b2_cityscapes,acdc_rain_targetcal25,1,
1.0,1000,True,0.0,0.0,1.0,0.9431578947368421,27,37.0,0.0,False,0.0,0.0,0.0,,,56,rider,0.05,0.1,heuristic,segformer_b2_cityscapes,acdc_rain_targetcal25,1,
,-1,True,,0.7962962962962963,0.0002576825500000268,,475,,,False,,,,,,56,rider,0.05,0.1,argmax,segformer_b2_cityscapes,acdc_rain_targetcal25,1,0.8108108108108109
1.0,1000,False,0.0,0.0,1.0,0.9431578947368421,27,37.0,0.0,False,0.0,0.0,0.0,,,56,rider,0.1,0.1,region_crc,segformer_b2_cityscapes,acdc_rain_targetcal25,1,
1.0,1000,True,0.0,0.0,1.0,0.9431578947368421,27,37.0,0.0,False,0.0,0.0,0.0,,,56,rider,0.1,0.1,heuristic,segformer_b2_cityscapes,acdc_rain_targetcal25,1,
,-1,True,,0.7962962962962963,0.0002576825500000268,,475,,,False,,,,,,56,rider,0.1,0.1,argmax,segformer_b2_cityscapes,acdc_rain_targetcal25,1,0.8108108108108109
1.0,1000,False,0.0,0.0,1.0,0.9431578947368421,27,37.0,0.0,False,0.0,0.0,0.0,,,56,rider,0.2,0.1,region_crc,segformer_b2_cityscapes,acdc_rain_targetcal25,1,
1.0,1000,True,0.0,0.0,1.0,0.9431578947368421,27,37.0,0.0,False,0.0,0.0,0.0,,,56,rider,0.2,0.1,heuristic,segformer_b2_cityscapes,acdc_rain_targetcal25,1,
,-1,True,,0.7962962962962963,0.0002576825500000268,,475,,,False,,,,,,56,rider,0.2,0.1,argmax,segformer_b2_cityscapes,acdc_rain_targetcal25,1,0.8108108108108109
1.0,1000,False,0.0,0.0,1.0,0.9431578947368421,27,37.0,0.0,False,0.0,0.0,0.0,,,56,rider,0.05,0.5,region_crc,segformer_b2_cityscapes,acdc_rain_targetcal25,1,
1.0,1000,True,0.0,0.0,1.0,0.9431578947368421,27,37.0,0.0,False,0.0,0.0,0.0,,,56,rider,0.05,0.5,heuristic,segformer_b2_cityscapes,acdc_rain_targetcal25,1,
,-1,True,,0.8518518518518519,0.0002576825500000268,,475,,,False,,,,,,56,rider,0.05,0.5,argmax,segformer_b2_cityscapes,acdc_rain_targetcal25,1,0.8648648648648649
1.0,1000,False,0.0,0.0,1.0,0.9431578947368421,27,37.0,0.0,False,0.0,0.0,0.0,,,56,rider,0.1,0.5,region_crc,segformer_b2_cityscapes,acdc_rain_targetcal25,1,
1.0,1000,True,0.0,0.0,1.0,0.9431578947368421,27,37.0,0.0,False,0.0,0.0,0.0,,,56,rider,0.1,0.5,heuristic,segformer_b2_cityscapes,acdc_rain_targetcal25,1,
,-1,True,,0.8518518518518519,0.0002576825500000268,,475,,,False,,,,,,56,rider,0.1,0.5,argmax,segformer_b2_cityscapes,acdc_rain_targetcal25,1,0.8648648648648649
1.0,1000,False,0.0,0.0,1.0,0.9431578947368421,27,37.0,0.0,False,0.0,0.0,0.0,,,56,rider,0.2,0.5,region_crc,segformer_b2_cityscapes,acdc_rain_targetcal25,1,
1.0,1000,True,0.0,0.0,1.0,0.9431578947368421,27,37.0,0.0,False,0.0,0.0,0.0,,,56,rider,0.2,0.5,heuristic,segformer_b2_cityscapes,acdc_rain_targetcal25,1,
,-1,True,,0.8518518518518519,0.0002576825500000268,,475,,,False,,,,,,56,rider,0.2,0.5,argmax,segformer_b2_cityscapes,acdc_rain_targetcal25,1,0.8648648648648649
1.0,1000,False,0.0,0.0,1.0,0.8378947368421052,77,143.0,0.0,False,0.0,0.0,0.0,,,56,bicycle,0.05,0.1,region_crc,segformer_b2_cityscapes,acdc_rain_targetcal25,6,
1.0,1000,True,0.0,0.0,1.0,0.8378947368421052,77,143.0,0.0,False,0.0,0.0,0.0,,,56,bicycle,0.05,0.1,heuristic,segformer_b2_cityscapes,acdc_rain_targetcal25,6,
,-1,True,,0.735095856524428,0.0011595181422308087,,475,,,False,,,,,,56,bicycle,0.05,0.1,argmax,segformer_b2_cityscapes,acdc_rain_targetcal25,6,0.7132867132867133
1.0,1000,False,0.0,0.0,1.0,0.8378947368421052,77,143.0,0.0,False,0.0,0.0,0.0,,,56,bicycle,0.1,0.1,region_crc,segformer_b2_cityscapes,acdc_rain_targetcal25,6,
1.0,1000,True,0.0,0.0,1.0,0.8378947368421052,77,143.0,0.0,False,0.0,0.0,0.0,,,56,bicycle,0.1,0.1,heuristic,segformer_b2_cityscapes,acdc_rain_targetcal25,6,
,-1,True,,0.735095856524428,0.0011595181422308087,,475,,,False,,,,,,56,bicycle,0.1,0.1,argmax,segformer_b2_cityscapes,acdc_rain_targetcal25,6,0.7132867132867133
1.0,1000,True,0.0,0.0,1.0,0.8378947368421052,77,143.0,0.0,False,0.0,0.0,0.0,,,56,bicycle,0.2,0.1,region_crc,segformer_b2_cityscapes,acdc_rain_targetcal25,6,
1.0,1000,True,0.0,0.0,1.0,0.8378947368421052,77,143.0,0.0,False,0.0,0.0,0.0,,,56,bicycle,0.2,0.1,heuristic,segformer_b2_cityscapes,acdc_rain_targetcal25,6,
,-1,True,,0.735095856524428,0.0011595181422308087,,475,,,False,,,,,,56,bicycle,0.2,0.1,argmax,segformer_b2_cityscapes,acdc_rain_targetcal25,6,0.7132867132867133
1.0,1000,False,0.0,0.0,1.0,0.8378947368421052,77,143.0,0.0,False,0.0,0.0,0.0,,,56,bicycle,0.05,0.5,region_crc,segformer_b2_cityscapes,acdc_rain_targetcal25,6,
1.0,1000,True,0.0,0.0,1.0,0.8378947368421052,77,143.0,0.0,False,0.0,0.0,0.0,,,56,bicycle,0.05,0.5,heuristic,segformer_b2_cityscapes,acdc_rain_targetcal25,6,
,-1,True,,0.7824056895485467,0.0011595181422308087,,475,,,False,,,,,,56,bicycle,0.05,0.5,argmax,segformer_b2_cityscapes,acdc_rain_targetcal25,6,0.7622377622377622
1.0,1000,False,0.0,0.0,1.0,0.8378947368421052,77,143.0,0.0,False,0.0,0.0,0.0,,,56,bicycle,0.1,0.5,region_crc,segformer_b2_cityscapes,acdc_rain_targetcal25,6,
1.0,1000,True,0.0,0.0,1.0,0.8378947368421052,77,143.0,0.0,False,0.0,0.0,0.0,,,56,bicycle,0.1,0.5,heuristic,segformer_b2_cityscapes,acdc_rain_targetcal25,6,
,-1,True,,0.7824056895485467,0.0011595181422308087,,475,,,False,,,,,,56,bicycle,0.1,0.5,argmax,segformer_b2_cityscapes,acdc_rain_targetcal25,6,0.7622377622377622
1.0,1000,True,0.0,0.0,1.0,0.8378947368421052,77,143.0,0.0,False,0.0,0.0,0.0,,,56,bicycle,0.2,0.5,region_crc,segformer_b2_cityscapes,acdc_rain_targetcal25,6,
1.0,1000,True,0.0,0.0,1.0,0.8378947368421052,77,143.0,0.0,False,0.0,0.0,0.0,,,56,bicycle,0.2,0.5,heuristic,segformer_b2_cityscapes,acdc_rain_targetcal25,6,
,-1,True,,0.7824056895485467,0.0011595181422308087,,475,,,False,,,,,,56,bicycle,0.2,0.5,argmax,segformer_b2_cityscapes,acdc_rain_targetcal25,6,0.7622377622377622
1.0,1000,False,0.0,0.0,1.0,0.6631578947368421,160,311.0,0.0,False,0.0,0.0,0.0,,,57,person,0.05,0.1,region_crc,segformer_b2_cityscapes,acdc_rain_targetcal25,10,
0.998,998,True,0.06927083333333332,0.06927083333333332,0.03161824867129326,0.6631578947368421,160,311.0,0.17052631578947364,False,0.061452513966480445,0.045454545454545456,0.0,,,57,person,0.05,0.1,heuristic,segformer_b2_cityscapes,acdc_rain_targetcal25,10,
,-1,True,,0.6312301587301588,0.0018269687425345182,,475,,,False,,,,,,57,person,0.05,0.1,argmax,segformer_b2_cityscapes,acdc_rain_targetcal25,10,0.5787781350482315
0.998,998,True,0.06927083333333332,0.06927083333333332,0.03161824867129326,0.6631578947368421,160,311.0,0.17052631578947364,False,0.061452513966480445,0.045454545454545456,0.0,,,57,person,0.1,0.1,region_crc,segformer_b2_cityscapes,acdc_rain_targetcal25,10,
0.993,993,True,0.13270833333333334,0.13270833333333334,0.018680207431316376,0.6631578947368421,160,311.0,0.1663157894736842,False,0.16759776536312848,0.08181818181818182,0.0,,,57,person,0.1,0.1,heuristic,segformer_b2_cityscapes,acdc_rain_targetcal25,10,
,-1,True,,0.6312301587301588,0.0018269687425345182,,475,,,False,,,,,,57,person,0.1,0.1,argmax,segformer_b2_cityscapes,acdc_rain_targetcal25,10,0.5787781350482315
0.993,993,True,0.13270833333333334,0.13270833333333334,0.018680207431316376,0.6631578947368421,160,311.0,0.1663157894736842,False,0.16759776536312848,0.08181818181818182,0.0,,,57,person,0.2,0.1,region_crc,segformer_b2_cityscapes,acdc_rain_targetcal25,10,
0.989,989,True,0.1620486111111111,0.1620486111111111,0.01522816065698862,0.6631578947368421,160,311.0,0.16421052631578936,False,0.2122905027932961,0.08181818181818182,0.0,,,57,person,0.2,0.1,heuristic,segformer_b2_cityscapes,acdc_rain_targetcal25,10,
,-1,True,,0.6312301587301588,0.0018269687425345182,,475,,,False,,,,,,57,person,0.2,0.1,argmax,segformer_b2_cityscapes,acdc_rain_targetcal25,10,0.5787781350482315
1.0,1000,False,0.0,0.0,1.0,0.6631578947368421,160,311.0,0.0,False,0.0,0.0,0.0,,,57,person,0.05,0.5,region_crc,segformer_b2_cityscapes,acdc_rain_targetcal25,10,
0.999,999,True,0.07708333333333332,0.07708333333333332,0.041218604892492294,0.6631578947368421,160,311.0,0.16842105263157892,False,0.055865921787709494,0.08181818181818182,0.0,,,57,person,0.05,0.5,heuristic,segformer_b2_cityscapes,acdc_rain_targetcal25,10,
,-1,True,,0.7466121031746031,0.0018269687425345182,,475,,,False,,,,,,57,person,0.05,0.5,argmax,segformer_b2_cityscapes,acdc_rain_targetcal25,10,0.7009646302250804
0.999,999,True,0.07708333333333332,0.07708333333333332,0.041218604892492294,0.6631578947368421,160,311.0,0.16842105263157892,False,0.055865921787709494,0.08181818181818182,0.0,,,57,person,0.1,0.5,region_crc,segformer_b2_cityscapes,acdc_rain_targetcal25,10,
0.996,996,True,0.1540625,0.1540625,0.023832228034734726,0.6631578947368421,160,311.0,0.16210526315789464,False,0.18435754189944134,0.1,0.0,,,57,person,0.1,0.5,heuristic,segformer_b2_cityscapes,acdc_rain_targetcal25,10,
,-1,True,,0.7466121031746031,0.0018269687425345182,,475,,,False,,,,,,57,person,0.1,0.5,argmax,segformer_b2_cityscapes,acdc_rain_targetcal25,10,0.7009646302250804
0.996,996,True,0.1540625,0.1540625,0.023832228034734726,0.6631578947368421,160,311.0,0.16210526315789464,False,0.18435754189944134,0.1,0.0,,,57,person,0.2,0.5,region_crc,segformer_b2_cityscapes,acdc_rain_targetcal25,10,
0.996,996,True,0.1540625,0.1540625,0.023832228034734726,0.6631578947368421,160,311.0,0.16210526315789464,False,0.18435754189944134,0.1,0.0,,,57,person,0.2,0.5,heuristic,segformer_b2_cityscapes,acdc_rain_targetcal25,10,
,-1,True,,0.7466121031746031,0.0018269687425345182,,475,,,False,,,,,,57,person,0.2,0.5,argmax,segformer_b2_cityscapes,acdc_rain_targetcal25,10,0.7009646302250804
1.0,1000,False,0.0,0.0,1.0,0.9452631578947368,26,34.0,0.0,False,0.0,0.0,0.0,,,57,rider,0.05,0.1,region_crc,segformer_b2_cityscapes,acdc_rain_targetcal25,2,
1.0,1000,True,0.0,0.0,1.0,0.9452631578947368,26,34.0,0.0,False,0.0,0.0,0.0,,,57,rider,0.05,0.1,heuristic,segformer_b2_cityscapes,acdc_rain_targetcal25,2,
,-1,True,,0.7884615384615384,0.00028096267487853765,,475,,,False,,,,,,57,rider,0.05,0.1,argmax,segformer_b2_cityscapes,acdc_rain_targetcal25,2,0.7941176470588235
1.0,1000,False,0.0,0.0,1.0,0.9452631578947368,26,34.0,0.0,False,0.0,0.0,0.0,,,57,rider,0.1,0.1,region_crc,segformer_b2_cityscapes,acdc_rain_targetcal25,2,
1.0,1000,True,0.0,0.0,1.0,0.9452631578947368,26,34.0,0.0,False,0.0,0.0,0.0,,,57,rider,0.1,0.1,heuristic,segformer_b2_cityscapes,acdc_rain_targetcal25,2,
,-1,True,,0.7884615384615384,0.00028096267487853765,,475,,,False,,,,,,57,rider,0.1,0.1,argmax,segformer_b2_cityscapes,acdc_rain_targetcal25,2,0.7941176470588235
1.0,1000,False,0.0,0.0,1.0,0.9452631578947368,26,34.0,0.0,False,0.0,0.0,0.0,,,57,rider,0.2,0.1,region_crc,segformer_b2_cityscapes,acdc_rain_targetcal25,2,
1.0,1000,True,0.0,0.0,1.0,0.9452631578947368,26,34.0,0.0,False,0.0,0.0,0.0,,,57,rider,0.2,0.1,heuristic,segformer_b2_cityscapes,acdc_rain_targetcal25,2,
,-1,True,,0.7884615384615384,0.00028096267487853765,,475,,,False,,,,,,57,rider,0.2,0.1,argmax,segformer_b2_cityscapes,acdc_rain_targetcal25,2,0.7941176470588235
1.0,1000,False,0.0,0.0,1.0,0.9452631578947368,26,34.0,0.0,False,0.0,0.0,0.0,,,57,rider,0.05,0.5,region_crc,segformer_b2_cityscapes,acdc_rain_targetcal25,2,
1.0,1000,True,0.0,0.0,1.0,0.9452631578947368,26,34.0,0.0,False,0.0,0.0,0.0,,,57,rider,0.05,0.5,heuristic,segformer_b2_cityscapes,acdc_rain_targetcal25,2,
,-1,True,,0.8461538461538461,0.00028096267487853765,,475,,,False,,,,,,57,rider,0.05,0.5,argmax,segformer_b2_cityscapes,acdc_rain_targetcal25,2,0.8529411764705882
1.0,1000,False,0.0,0.0,1.0,0.9452631578947368,26,34.0,0.0,False,0.0,0.0,0.0,,,57,rider,0.1,0.5,region_crc,segformer_b2_cityscapes,acdc_rain_targetcal25,2,
1.0,1000,True,0.0,0.0,1.0,0.9452631578947368,26,34.0,0.0,False,0.0,0.0,0.0,,,57,rider,0.1,0.5,heuristic,segformer_b2_cityscapes,acdc_rain_targetcal25,2,
,-1,True,,0.8461538461538461,0.00028096267487853765,,475,,,False,,,,,,57,rider,0.1,0.5,argmax,segformer_b2_cityscapes,acdc_rain_targetcal25,2,0.8529411764705882
1.0,1000,False,0.0,0.0,1.0,0.9452631578947368,26,34.0,0.0,False,0.0,0.0,0.0,,,57,rider,0.2,0.5,region_crc,segformer_b2_cityscapes,acdc_rain_targetcal25,2,
1.0,1000,True,0.0,0.0,1.0,0.9452631578947368,26,34.0,0.0,False,0.0,0.0,0.0,,,57,rider,0.2,0.5,heuristic,segformer_b2_cityscapes,acdc_rain_targetcal25,2,
,-1,True,,0.8461538461538461,0.00028096267487853765,,475,,,False,,,,,,57,rider,0.2,0.5,argmax,segformer_b2_cityscapes,acdc_rain_targetcal25,2,0.8529411764705882
1.0,1000,False,0.0,0.0,1.0,0.8357894736842105,78,137.0,0.0,False,0.0,0.0,0.0,,,57,bicycle,0.05,0.1,region_crc,segformer_b2_cityscapes,acdc_rain_targetcal25,5,
1.0,1000,True,0.0,0.0,1.0,0.8357894736842105,78,137.0,0.0,False,0.0,0.0,0.0,,,57,bicycle,0.05,0.1,heuristic,segformer_b2_cityscapes,acdc_rain_targetcal25,5,
,-1,True,,0.7476495726495725,0.0010680261766538024,,475,,,False,,,,,,57,bicycle,0.05,0.1,argmax,segformer_b2_cityscapes,acdc_rain_targetcal25,5,0.7372262773722628
1.0,1000,False,0.0,0.0,1.0,0.8357894736842105,78,137.0,0.0,False,0.0,0.0,0.0,,,57,bicycle,0.1,0.1,region_crc,segformer_b2_cityscapes,acdc_rain_targetcal25,5,
1.0,1000,True,0.0,0.0,1.0,0.8357894736842105,78,137.0,0.0,False,0.0,0.0,0.0,,,57,bicycle,0.1,0.1,heuristic,segformer_b2_cityscapes,acdc_rain_targetcal25,5,
,-1,True,,0.7476495726495725,0.0010680261766538024,,475,,,False,,,,,,57,bicycle,0.1,0.1,argmax,segformer_b2_cityscapes,acdc_rain_targetcal25,5,0.7372262773722628
1.0,1000,True,0.0,0.0,1.0,0.8357894736842105,78,137.0,0.0,False,0.0,0.0,0.0,,,57,bicycle,0.2,0.1,region_crc,segformer_b2_cityscapes,acdc_rain_targetcal25,5,
0.999,999,True,0.21153846153846154,0.21153846153846154,0.018258124589920044,0.8357894736842105,78,137.0,0.1389473684210526,False,0.30666666666666664,0.06,0.0,,,57,bicycle,0.2,0.1,heuristic,segformer_b2_cityscapes,acdc_rain_targetcal25,5,
,-1,True,,0.7476495726495725,0.0010680261766538024,,475,,,False,,,,,,57,bicycle,0.2,0.1,argmax,segformer_b2_cityscapes,acdc_rain_targetcal25,5,0.7372262773722628
1.0,1000,False,0.0,0.0,1.0,0.8357894736842105,78,137.0,0.0,False,0.0,0.0,0.0,,,57,bicycle,0.05,0.5,region_crc,segformer_b2_cityscapes,acdc_rain_targetcal25,5,
1.0,1000,True,0.0,0.0,1.0,0.8357894736842105,78,137.0,0.0,False,0.0,0.0,0.0,,,57,bicycle,0.05,0.5,heuristic,segformer_b2_cityscapes,acdc_rain_targetcal25,5,
,-1,True,,0.7925213675213675,0.0010680261766538024,,475,,,False,,,,,,57,bicycle,0.05,0.5,argmax,segformer_b2_cityscapes,acdc_rain_targetcal25,5,0.781021897810219
1.0,1000,False,0.0,0.0,1.0,0.8357894736842105,78,137.0,0.0,False,0.0,0.0,0.0,,,57,bicycle,0.1,0.5,region_crc,segformer_b2_cityscapes,acdc_rain_targetcal25,5,
1.0,1000,True,0.0,0.0,1.0,0.8357894736842105,78,137.0,0.0,False,0.0,0.0,0.0,,,57,bicycle,0.1,0.5,heuristic,segformer_b2_cityscapes,acdc_rain_targetcal25,5,
,-1,True,,0.7925213675213675,0.0010680261766538024,,475,,,False,,,,,,57,bicycle,0.1,0.5,argmax,segformer_b2_cityscapes,acdc_rain_targetcal25,5,0.781021897810219
1.0,1000,True,0.0,0.0,1.0,0.8357894736842105,78,137.0,0.0,False,0.0,0.0,0.0,,,57,bicycle,0.2,0.5,region_crc,segformer_b2_cityscapes,acdc_rain_targetcal25,5,
1.0,1000,True,0.0,0.0,1.0,0.8357894736842105,78,137.0,0.0,False,0.0,0.0,0.0,,,57,bicycle,0.2,0.5,heuristic,segformer_b2_cityscapes,acdc_rain_targetcal25,5,
,-1,True,,0.7925213675213675,0.0010680261766538024,,475,,,False,,,,,,57,bicycle,0.2,0.5,argmax,segformer_b2_cityscapes,acdc_rain_targetcal25,5,0.781021897810219
1.0,1000,False,0.0,0.0,1.0,0.6505263157894737,166,325.0,0.0,False,0.0,0.0,0.0,,,58,person,0.05,0.1,region_crc,segformer_b2_cityscapes,acdc_rain_targetcal25,4,
0.998,998,True,0.06676706827309237,0.06676706827309237,0.03253556415438652,0.6505263157894737,166,325.0,0.19368421052631585,False,0.06043956043956044,0.041666666666666664,0.0,,,58,person,0.05,0.1,heuristic,segformer_b2_cityscapes,acdc_rain_targetcal25,4,
,-1,True,,0.6348279565147035,0.0019159133080393076,,475,,,False,,,,,,58,person,0.05,0.1,argmax,segformer_b2_cityscapes,acdc_rain_targetcal25,4,0.5723076923076923
1.0,1000,False,0.0,0.0,1.0,0.6505263157894737,166,325.0,0.0,False,0.0,0.0,0.0,,,58,person,0.1,0.1,region_crc,segformer_b2_cityscapes,acdc_rain_targetcal25,4,
0.996,996,True,0.09909638554216867,0.09909638554216867,0.024638069793581963,0.6505263157894737,166,325.0,0.2042105263157895,False,0.1043956043956044,0.06666666666666667,0.0,,,58,person,0.1,0.1,heuristic,segformer_b2_cityscapes,acdc_rain_targetcal25,4,
,-1,True,,0.6348279565147035,0.0019159133080393076,,475,,,False,,,,,,58,person,0.1,0.1,argmax,segformer_b2_cityscapes,acdc_rain_targetcal25,4,0.5723076923076923
0.998,998,True,0.06676706827309237,0.06676706827309237,0.03253556415438652,0.6505263157894737,166,325.0,0.19368421052631585,False,0.06043956043956044,0.041666666666666664,0.0,,,58,person,0.2,0.1,region_crc,segformer_b2_cityscapes,acdc_rain_targetcal25,4,
0.994,994,True,0.12640562248995985,0.12640562248995985,0.02074309065937996,0.6505263157894737,166,325.0,0.22736842105263155,False,0.14835164835164835,0.075,0.0,,,58,person,0.2,0.1,heuristic,segformer_b2_cityscapes,acdc_rain_targetcal25,4,
,-1,True,,0.6348279565147035,0.0019159133080393076,,475,,,False,,,,,,58,person,0.2,0.1,argmax,segformer_b2_cityscapes,acdc_rain_targetcal25,4,0.5723076923076923
1.0,1000,False,0.0,0.0,1.0,0.6505263157894737,166,325.0,0.0,False,0.0,0.0,0.0,,,58,person,0.05,0.5,region_crc,segformer_b2_cityscapes,acdc_rain_targetcal25,4,
0.999,999,True,0.07429718875502007,0.07429718875502007,0.042234644293785095,0.6505263157894737,166,325.0,0.19368421052631585,False,0.054945054945054944,0.075,0.0,,,58,person,0.05,0.5,heuristic,segformer_b2_cityscapes,acdc_rain_targetcal25,4,
,-1,True,,0.7460394692322403,0.0019159133080393076,,475,,,False,,,,,,58,person,0.05,0.5,argmax,segformer_b2_cityscapes,acdc_rain_targetcal25,4,0.6892307692307692
1.0,1000,False,0.0,0.0,1.0,0.6505263157894737,166,325.0,0.0,False,0.0,0.0,0.0,,,58,person,0.1,0.5,region_crc,segformer_b2_cityscapes,acdc_rain_targetcal25,4,
0.999,999,True,0.07429718875502007,0.07429718875502007,0.042234644293785095,0.6505263157894737,166,325.0,0.19368421052631585,False,0.054945054945054944,0.075,0.0,,,58,person,0.1,0.5,heuristic,segformer_b2_cityscapes,acdc_rain_targetcal25,4,
,-1,True,,0.7460394692322403,0.0019159133080393076,,475,,,False,,,,,,58,person,0.1,0.5,argmax,segformer_b2_cityscapes,acdc_rain_targetcal25,4,0.6892307692307692
0.999,999,True,0.07429718875502007,0.07429718875502007,0.042234644293785095,0.6505263157894737,166,325.0,0.19368421052631585,False,0.054945054945054944,0.075,0.0,,,58,person,0.2,0.5,region_crc,segformer_b2_cityscapes,acdc_rain_targetcal25,4,
0.998,998,True,0.10883534136546184,0.10883534136546184,0.03253556415438652,0.6505263157894737,166,325.0,0.19368421052631585,False,0.10989010989010989,0.08333333333333333,0.0,,,58,person,0.2,0.5,heuristic,segformer_b2_cityscapes,acdc_rain_targetcal25,4,
,-1,True,,0.7460394692322403,0.0019159133080393076,,475,,,False,,,,,,58,person,0.2,0.5,argmax,segformer_b2_cityscapes,acdc_rain_targetcal25,4,0.6892307692307692
1.0,1000,False,0.0,0.0,1.0,0.9473684210526315,25,34.0,0.0,False,0.0,0.0,0.0,,,58,rider,0.05,0.1,region_crc,segformer_b2_cityscapes,acdc_rain_targetcal25,3,
1.0,1000,True,0.0,0.0,1.0,0.9473684210526315,25,34.0,0.0,False,0.0,0.0,0.0,,,58,rider,0.05,0.1,heuristic,segformer_b2_cityscapes,acdc_rain_targetcal25,3,
,-1,True,,0.78,0.00026058315415866673,,475,,,False,,,,,,58,rider,0.05,0.1,argmax,segformer_b2_cityscapes,acdc_rain_targetcal25,3,0.7941176470588235
1.0,1000,False,0.0,0.0,1.0,0.9473684210526315,25,34.0,0.0,False,0.0,0.0,0.0,,,58,rider,0.1,0.1,region_crc,segformer_b2_cityscapes,acdc_rain_targetcal25,3,
1.0,1000,True,0.0,0.0,1.0,0.9473684210526315,25,34.0,0.0,False,0.0,0.0,0.0,,,58,rider,0.1,0.1,heuristic,segformer_b2_cityscapes,acdc_rain_targetcal25,3,
,-1,True,,0.78,0.00026058315415866673,,475,,,False,,,,,,58,rider,0.1,0.1,argmax,segformer_b2_cityscapes,acdc_rain_targetcal25,3,0.7941176470588235
1.0,1000,False,0.0,0.0,1.0,0.9473684210526315,25,34.0,0.0,False,0.0,0.0,0.0,,,58,rider,0.2,0.1,region_crc,segformer_b2_cityscapes,acdc_rain_targetcal25,3,
1.0,1000,True,0.0,0.0,1.0,0.9473684210526315,25,34.0,0.0,False,0.0,0.0,0.0,,,58,rider,0.2,0.1,heuristic,segformer_b2_cityscapes,acdc_rain_targetcal25,3,
,-1,True,,0.78,0.00026058315415866673,,475,,,False,,,,,,58,rider,0.2,0.1,argmax,segformer_b2_cityscapes,acdc_rain_targetcal25,3,0.7941176470588235
1.0,1000,False,0.0,0.0,1.0,0.9473684210526315,25,34.0,0.0,False,0.0,0.0,0.0,,,58,rider,0.05,0.5,region_crc,segformer_b2_cityscapes,acdc_rain_targetcal25,3,
1.0,1000,True,0.0,0.0,1.0,0.9473684210526315,25,34.0,0.0,False,0.0,0.0,0.0,,,58,rider,0.05,0.5,heuristic,segformer_b2_cityscapes,acdc_rain_targetcal25,3,
,-1,True,,0.84,0.00026058315415866673,,475,,,False,,,,,,58,rider,0.05,0.5,argmax,segformer_b2_cityscapes,acdc_rain_targetcal25,3,0.8529411764705882
1.0,1000,False,0.0,0.0,1.0,0.9473684210526315,25,34.0,0.0,False,0.0,0.0,0.0,,,58,rider,0.1,0.5,region_crc,segformer_b2_cityscapes,acdc_rain_targetcal25,3,
1.0,1000,True,0.0,0.0,1.0,0.9473684210526315,25,34.0,0.0,False,0.0,0.0,0.0,,,58,rider,0.1,0.5,heuristic,segformer_b2_cityscapes,acdc_rain_targetcal25,3,
,-1,True,,0.84,0.00026058315415866673,,475,,,False,,,,,,58,rider,0.1,0.5,argmax,segformer_b2_cityscapes,acdc_rain_targetcal25,3,0.8529411764705882
1.0,1000,False,0.0,0.0,1.0,0.9473684210526315,25,34.0,0.0,False,0.0,0.0,0.0,,,58,rider,0.2,0.5,region_crc,segformer_b2_cityscapes,acdc_rain_targetcal25,3,
1.0,1000,True,0.0,0.0,1.0,0.9473684210526315,25,34.0,0.0,False,0.0,0.0,0.0,,,58,rider,0.2,0.5,heuristic,segformer_b2_cityscapes,acdc_rain_targetcal25,3,
,-1,True,,0.84,0.00026058315415866673,,475,,,False,,,,,,58,rider,0.2,0.5,argmax,segformer_b2_cityscapes,acdc_rain_targetcal25,3,0.8529411764705882
1.0,1000,False,0.0,0.0,1.0,0.8357894736842105,78,143.0,0.0,False,0.0,0.0,0.0,,,58,bicycle,0.05,0.1,region_crc,segformer_b2_cityscapes,acdc_rain_targetcal25,5,
1.0,1000,True,0.0,0.0,1.0,0.8357894736842105,78,143.0,0.0,False,0.0,0.0,0.0,,,58,bicycle,0.05,0.1,heuristic,segformer_b2_cityscapes,acdc_rain_targetcal25,5,
,-1,True,,0.7128510378510379,0.0012036702828481793,,475,,,False,,,,,,58,bicycle,0.05,0.1,argmax,segformer_b2_cityscapes,acdc_rain_targetcal25,5,0.6783216783216783
1.0,1000,False,0.0,0.0,1.0,0.8357894736842105,78,143.0,0.0,False,0.0,0.0,0.0,,,58,bicycle,0.1,0.1,region_crc,segformer_b2_cityscapes,acdc_rain_targetcal25,5,
0.994,994,True,0.3417887667887668,0.3417887667887668,0.008427192457020283,0.8357894736842105,78,143.0,0.21894736842105267,False,0.5185185185185185,0.125,0.0,,,58,bicycle,0.1,0.1,heuristic,segformer_b2_cityscapes,acdc_rain_targetcal25,5,
,-1,True,,0.7128510378510379,0.0012036702828481793,,475,,,False,,,,,,58,bicycle,0.1,0.1,argmax,segformer_b2_cityscapes,acdc_rain_targetcal25,5,0.6783216783216783
1.0,1000,True,0.0,0.0,1.0,0.8357894736842105,78,143.0,0.0,False,0.0,0.0,0.0,,,58,bicycle,0.2,0.1,region_crc,segformer_b2_cityscapes,acdc_rain_targetcal25,5,
0.994,994,True,0.3417887667887668,0.3417887667887668,0.008427192457020283,0.8357894736842105,78,143.0,0.21894736842105267,False,0.5185185185185185,0.125,0.0,,,58,bicycle,0.2,0.1,heuristic,segformer_b2_cityscapes,acdc_rain_targetcal25,5,
,-1,True,,0.7128510378510379,0.0012036702828481793,,475,,,False,,,,,,58,bicycle,0.2,0.1,argmax,segformer_b2_cityscapes,acdc_rain_targetcal25,5,0.6783216783216783
1.0,1000,False,0.0,0.0,1.0,0.8357894736842105,78,143.0,0.0,False,0.0,0.0,0.0,,,58,bicycle,0.05,0.5,region_crc,segformer_b2_cityscapes,acdc_rain_targetcal25,5,
1.0,1000,True,0.0,0.0,1.0,0.8357894736842105,78,143.0,0.0,False,0.0,0.0,0.0,,,58,bicycle,0.05,0.5,heuristic,segformer_b2_cityscapes,acdc_rain_targetcal25,5,
,-1,True,,0.7595543345543345,0.0012036702828481793,,475,,,False,,,,,,58,bicycle,0.05,0.5,argmax,segformer_b2_cityscapes,acdc_rain_targetcal25,5,0.7272727272727273
1.0,1000,False,0.0,0.0,1.0,0.8357894736842105,78,143.0,0.0,False,0.0,0.0,0.0,,,58,bicycle,0.1,0.5,region_crc,segformer_b2_cityscapes,acdc_rain_targetcal25,5,
0.998,998,True,0.33751526251526254,0.33751526251526254,0.013987256214022636,0.8357894736842105,78,143.0,0.18736842105263163,False,0.4691358024691358,0.16666666666666666,0.0,,,58,bicycle,0.1,0.5,heuristic,segformer_b2_cityscapes,acdc_rain_targetcal25,5,
,-1,True,,0.7595543345543345,0.0012036702828481793,,475,,,False,,,,,,58,bicycle,0.1,0.5,argmax,segformer_b2_cityscapes,acdc_rain_targetcal25,5,0.7272727272727273
1.0,1000,True,0.0,0.0,1.0,0.8357894736842105,78,143.0,0.0,False,0.0,0.0,0.0,,,58,bicycle,0.2,0.5,region_crc,segformer_b2_cityscapes,acdc_rain_targetcal25,5,
0.997,997,True,0.34969474969474973,0.3496947496947497,0.011642972938716412,0.8357894736842105,78,143.0,0.18736842105263163,False,0.49382716049382713,0.20833333333333334,0.0,,,58,bicycle,0.2,0.5,heuristic,segformer_b2_cityscapes,acdc_rain_targetcal25,5,
,-1,True,,0.7595543345543345,0.0012036702828481793,,475,,,False,,,,,,58,bicycle,0.2,0.5,argmax,segformer_b2_cityscapes,acdc_rain_targetcal25,5,0.7272727272727273
1.0,1000,False,0.0,0.0,1.0,0.6694736842105263,157,311.0,0.0,False,0.0,0.0,0.0,,,59,person,0.05,0.1,region_crc,segformer_b2_cityscapes,acdc_rain_targetcal25,13,
1.0,1000,True,0.0,0.0,1.0,0.6694736842105263,157,311.0,0.0,False,0.0,0.0,0.0,,,59,person,0.05,0.1,heuristic,segformer_b2_cityscapes,acdc_rain_targetcal25,13,
,-1,True,,0.6160176695208542,0.0019304875750094652,,475,,,False,,,,,,59,person,0.05,0.1,argmax,segformer_b2_cityscapes,acdc_rain_targetcal25,13,0.5562700964630225
1.0,1000,True,0.0,0.0,1.0,0.6694736842105263,157,311.0,0.0,False,0.0,0.0,0.0,,,59,person,0.1,0.1,region_crc,segformer_b2_cityscapes,acdc_rain_targetcal25,13,
1.0,1000,True,0.0,0.0,1.0,0.6694736842105263,157,311.0,0.0,False,0.0,0.0,0.0,,,59,person,0.1,0.1,heuristic,segformer_b2_cityscapes,acdc_rain_targetcal25,13,
,-1,True,,0.6160176695208542,0.0019304875750094652,,475,,,False,,,,,,59,person,0.1,0.1,argmax,segformer_b2_cityscapes,acdc_rain_targetcal25,13,0.5562700964630225
1.0,1000,True,0.0,0.0,1.0,0.6694736842105263,157,311.0,0.0,False,0.0,0.0,0.0,,,59,person,0.2,0.1,region_crc,segformer_b2_cityscapes,acdc_rain_targetcal25,13,
0.997,997,True,0.07855626326963906,0.07855626326963906,0.02764558605849743,0.6694736842105263,157,311.0,0.21052631578947367,False,0.06818181818181818,0.06140350877192982,0.0,,,59,person,0.2,0.1,heuristic,segformer_b2_cityscapes,acdc_rain_targetcal25,13,
,-1,True,,0.6160176695208542,0.0019304875750094652,,475,,,False,,,,,,59,person,0.2,0.1,argmax,segformer_b2_cityscapes,acdc_rain_targetcal25,13,0.5562700964630225
1.0,1000,False,0.0,0.0,1.0,0.6694736842105263,157,311.0,0.0,False,0.0,0.0,0.0,,,59,person,0.05,0.5,region_crc,segformer_b2_cityscapes,acdc_rain_targetcal25,13,
1.0,1000,True,0.0,0.0,1.0,0.6694736842105263,157,311.0,0.0,False,0.0,0.0,0.0,,,59,person,0.05,0.5,heuristic,segformer_b2_cityscapes,acdc_rain_targetcal25,13,
,-1,True,,0.7282965088697572,0.0019304875750094652,,475,,,False,,,,,,59,person,0.05,0.5,argmax,segformer_b2_cityscapes,acdc_rain_targetcal25,13,0.6720257234726688
1.0,1000,True,0.0,0.0,1.0,0.6694736842105263,157,311.0,0.0,False,0.0,0.0,0.0,,,59,person,0.1,0.5,region_crc,segformer_b2_cityscapes,acdc_rain_targetcal25,13,
1.0,1000,True,0.0,0.0,1.0,0.6694736842105263,157,311.0,0.0,False,0.0,0.0,0.0,,,59,person,0.1,0.5,heuristic,segformer_b2_cityscapes,acdc_rain_targetcal25,13,
,-1,True,,0.7282965088697572,0.0019304875750094652,,475,,,False,,,,,,59,person,0.1,0.5,argmax,segformer_b2_cityscapes,acdc_rain_targetcal25,13,0.6720257234726688
1.0,1000,True,0.0,0.0,1.0,0.6694736842105263,157,311.0,0.0,False,0.0,0.0,0.0,,,59,person,0.2,0.5,region_crc,segformer_b2_cityscapes,acdc_rain_targetcal25,13,
0.998,998,True,0.10339702760084926,0.10339702760084926,0.0324457548558712,0.6694736842105263,157,311.0,0.21473684210526323,False,0.10227272727272728,0.07894736842105263,0.0,,,59,person,0.2,0.5,heuristic,segformer_b2_cityscapes,acdc_rain_targetcal25,13,
,-1,True,,0.7282965088697572,0.0019304875750094652,,475,,,False,,,,,,59,person,0.2,0.5,argmax,segformer_b2_cityscapes,acdc_rain_targetcal25,13,0.6720257234726688
,-1,False,,,,,475,,,False,,,,,,59,rider,0.05,0.1,region_crc,segformer_b2_cityscapes,acdc_rain_targetcal25,0,
,-1,False,,,,,475,,,False,,,,,,59,rider,0.05,0.1,heuristic,segformer_b2_cityscapes,acdc_rain_targetcal25,0,
,-1,True,,0.8035714285714286,0.0002786458353511989,,475,,,False,,,,,,59,rider,0.05,0.1,argmax,segformer_b2_cityscapes,acdc_rain_targetcal25,0,0.8157894736842105
,-1,False,,,,,475,,,False,,,,,,59,rider,0.1,0.1,region_crc,segformer_b2_cityscapes,acdc_rain_targetcal25,0,
,-1,False,,,,,475,,,False,,,,,,59,rider,0.1,0.1,heuristic,segformer_b2_cityscapes,acdc_rain_targetcal25,0,
,-1,True,,0.8035714285714286,0.0002786458353511989,,475,,,False,,,,,,59,rider,0.1,0.1,argmax,segformer_b2_cityscapes,acdc_rain_targetcal25,0,0.8157894736842105
,-1,False,,,,,475,,,False,,,,,,59,rider,0.2,0.1,region_crc,segformer_b2_cityscapes,acdc_rain_targetcal25,0,
,-1,False,,,,,475,,,False,,,,,,59,rider,0.2,0.1,heuristic,segformer_b2_cityscapes,acdc_rain_targetcal25,0,
,-1,True,,0.8035714285714286,0.0002786458353511989,,475,,,False,,,,,,59,rider,0.2,0.1,argmax,segformer_b2_cityscapes,acdc_rain_targetcal25,0,0.8157894736842105
,-1,False,,,,,475,,,False,,,,,,59,rider,0.05,0.5,region_crc,segformer_b2_cityscapes,acdc_rain_targetcal25,0,
,-1,False,,,,,475,,,False,,,,,,59,rider,0.05,0.5,heuristic,segformer_b2_cityscapes,acdc_rain_targetcal25,0,
,-1,True,,0.8571428571428571,0.0002786458353511989,,475,,,False,,,,,,59,rider,0.05,0.5,argmax,segformer_b2_cityscapes,acdc_rain_targetcal25,0,0.868421052631579
,-1,False,,,,,475,,,False,,,,,,59,rider,0.1,0.5,region_crc,segformer_b2_cityscapes,acdc_rain_targetcal25,0,
,-1,False,,,,,475,,,False,,,,,,59,rider,0.1,0.5,heuristic,segformer_b2_cityscapes,acdc_rain_targetcal25,0,
,-1,True,,0.8571428571428571,0.0002786458353511989,,475,,,False,,,,,,59,rider,0.1,0.5,argmax,segformer_b2_cityscapes,acdc_rain_targetcal25,0,0.868421052631579
,-1,False,,,,,475,,,False,,,,,,59,rider,0.2,0.5,region_crc,segformer_b2_cityscapes,acdc_rain_targetcal25,0,
,-1,False,,,,,475,,,False,,,,,,59,rider,0.2,0.5,heuristic,segformer_b2_cityscapes,acdc_rain_targetcal25,0,
,-1,True,,0.8571428571428571,0.0002786458353511989,,475,,,False,,,,,,59,rider,0.2,0.5,argmax,segformer_b2_cityscapes,acdc_rain_targetcal25,0,0.868421052631579
1.0,1000,False,0.0,0.0,1.0,0.8336842105263158,79,151.0,0.0,False,0.0,0.0,0.0,,,59,bicycle,0.05,0.1,region_crc,segformer_b2_cityscapes,acdc_rain_targetcal25,4,
1.0,1000,True,0.0,0.0,1.0,0.8336842105263158,79,151.0,0.0,False,0.0,0.0,0.0,,,59,bicycle,0.05,0.1,heuristic,segformer_b2_cityscapes,acdc_rain_targetcal25,4,
,-1,True,,0.7228149487643158,0.0011149701895192266,,475,,,False,,,,,,59,bicycle,0.05,0.1,argmax,segformer_b2_cityscapes,acdc_rain_targetcal25,4,0.7019867549668874
1.0,1000,False,0.0,0.0,1.0,0.8336842105263158,79,151.0,0.0,False,0.0,0.0,0.0,,,59,bicycle,0.1,0.1,region_crc,segformer_b2_cityscapes,acdc_rain_targetcal25,4,
1.0,1000,True,0.0,0.0,1.0,0.8336842105263158,79,151.0,0.0,False,0.0,0.0,0.0,,,59,bicycle,0.1,0.1,heuristic,segformer_b2_cityscapes,acdc_rain_targetcal25,4,
,-1,True,,0.7228149487643158,0.0011149701895192266,,475,,,False,,,,,,59,bicycle,0.1,0.1,argmax,segformer_b2_cityscapes,acdc_rain_targetcal25,4,0.7019867549668874
1.0,1000,True,0.0,0.0,1.0,0.8336842105263158,79,151.0,0.0,False,0.0,0.0,0.0,,,59,bicycle,0.2,0.1,region_crc,segformer_b2_cityscapes,acdc_rain_targetcal25,4,
0.999,999,True,0.21446654611211574,0.21446654611211574,0.018749330192804337,0.8336842105263158,79,151.0,0.15789473684210525,False,0.3132530120481928,0.07407407407407407,0.0,,,59,bicycle,0.2,0.1,heuristic,segformer_b2_cityscapes,acdc_rain_targetcal25,4,
,-1,True,,0.7228149487643158,0.0011149701895192266,,475,,,False,,,,,,59,bicycle,0.2,0.1,argmax,segformer_b2_cityscapes,acdc_rain_targetcal25,4,0.7019867549668874
1.0,1000,False,0.0,0.0,1.0,0.8336842105263158,79,151.0,0.0,False,0.0,0.0,0.0,,,59,bicycle,0.05,0.5,region_crc,segformer_b2_cityscapes,acdc_rain_targetcal25,4,
1.0,1000,True,0.0,0.0,1.0,0.8336842105263158,79,151.0,0.0,False,0.0,0.0,0.0,,,59,bicycle,0.05,0.5,heuristic,segformer_b2_cityscapes,acdc_rain_targetcal25,4,
,-1,True,,0.7689270644966847,0.0011149701895192266,,475,,,False,,,,,,59,bicycle,0.05,0.5,argmax,segformer_b2_cityscapes,acdc_rain_targetcal25,4,0.7483443708609272
1.0,1000,False,0.0,0.0,1.0,0.8336842105263158,79,151.0,0.0,False,0.0,0.0,0.0,,,59,bicycle,0.1,0.5,region_crc,segformer_b2_cityscapes,acdc_rain_targetcal25,4,
1.0,1000,True,0.0,0.0,1.0,0.8336842105263158,79,151.0,0.0,False,0.0,0.0,0.0,,,59,bicycle,0.1,0.5,heuristic,segformer_b2_cityscapes,acdc_rain_targetcal25,4,
,-1,True,,0.7689270644966847,0.0011149701895192266,,475,,,False,,,,,,59,bicycle,0.1,0.5,argmax,segformer_b2_cityscapes,acdc_rain_targetcal25,4,0.7483443708609272
1.0,1000,True,0.0,0.0,1.0,0.8336842105263158,79,151.0,0.0,False,0.0,0.0,0.0,,,59,bicycle,0.2,0.5,region_crc,segformer_b2_cityscapes,acdc_rain_targetcal25,4,
1.0,1000,True,0.0,0.0,1.0,0.8336842105263158,79,151.0,0.0,False,0.0,0.0,0.0,,,59,bicycle,0.2,0.5,heuristic,segformer_b2_cityscapes,acdc_rain_targetcal25,4,
,-1,True,,0.7689270644966847,0.0011149701895192266,,475,,,False,,,,,,59,bicycle,0.2,0.5,argmax,segformer_b2_cityscapes,acdc_rain_targetcal25,4,0.7483443708609272
1.0,1000,False,0.0,0.0,1.0,0.6505263157894737,166,318.0,0.0,False,0.0,0.0,0.0,,,60,person,0.05,0.1,region_crc,segformer_b2_cityscapes,acdc_rain_targetcal25,4,
0.969,969,True,0.2989426570751872,0.2989426570751872,0.00939662754535675,9.762105263157896,166,318.0,0.09894736842105267,False,0.366120218579235,0.16666666666666666,0.0,,,60,person,0.05,0.1,heuristic,segformer_b2_cityscapes,acdc_rain_targetcal25,4,
,-1,True,,0.63934602880386,0.001826038584113121,,475,,,False,,,,,,60,person,0.05,0.1,argmax,segformer_b2_cityscapes,acdc_rain_targetcal25,4,0.5817610062893082
1.0,1000,False,0.0,0.0,1.0,0.6505263157894737,166,318.0,0.0,False,0.0,0.0,0.0,,,60,person,0.1,0.1,region_crc,segformer_b2_cityscapes,acdc_rain_targetcal25,4,
0.868,868,True,0.5079015696485576,0.5079015696485577,0.004072783514857292,4.423157894736842,166,318.0,0.10315789473684212,False,0.644808743169399,0.22807017543859648,0.047619047619047616,,,60,person,0.1,0.1,heuristic,segformer_b2_cityscapes,acdc_rain_targetcal25,4,
,-1,True,,0.63934602880386,0.001826038584113121,,475,,,False,,,,,,60,person,0.1,0.1,argmax,segformer_b2_cityscapes,acdc_rain_targetcal25,4,0.5817610062893082
0.978,978,True,0.2311528163937802,0.2311528163937802,0.011188198812305927,9.762105263157896,166,318.0,0.10315789473684212,False,0.28415300546448086,0.13157894736842105,0.0,,,60,person,0.2,0.1,region_crc,segformer_b2_cityscapes,acdc_rain_targetcal25,4,
0.837,837,True,0.5337047824999632,0.5337047824999633,0.003540213918313384,3.5052631578947366,166,318.0,0.13473684210526315,False,0.6612021857923497,0.2543859649122807,0.09523809523809523,,,60,person,0.2,0.1,heuristic,segformer_b2_cityscapes,acdc_rain_targetcal25,4,
,-1,True,,0.63934602880386,0.001826038584113121,,475,,,False,,,,,,60,person,0.2,0.1,argmax,segformer_b2_cityscapes,acdc_rain_targetcal25,4,0.5817610062893082
1.0,1000,False,0.0,0.0,1.0,0.6505263157894737,166,318.0,0.0,False,0.0,0.0,0.0,,,60,person,0.05,0.5,region_crc,segformer_b2_cityscapes,acdc_rain_targetcal25,4,
0.986,986,True,0.31741655265751656,0.31741655265751656,0.013915148563683033,9.762105263157896,166,318.0,0.11789473684210527,False,0.37158469945355194,0.20175438596491227,0.0,,,60,person,0.05,0.5,heuristic,segformer_b2_cityscapes,acdc_rain_targetcal25,4,
,-1,True,,0.7463406740515174,0.001826038584113121,,475,,,False,,,,,,60,person,0.05,0.5,argmax,segformer_b2_cityscapes,acdc_rain_targetcal25,4,0.6918238993710691
1.0,1000,False,0.0,0.0,1.0,0.6505263157894737,166,318.0,0.0,False,0.0,0.0,0.0,,,60,person,0.1,0.5,region_crc,segformer_b2_cityscapes,acdc_rain_targetcal25,4,
0.976,976,True,0.37585028759727557,0.37585028759727557,0.010710587725043297,9.762105263157896,166,318.0,0.10315789473684212,False,0.44808743169398907,0.21052631578947367,0.047619047619047616,,,60,person,0.1,0.5,heuristic,segformer_b2_cityscapes,acdc_rain_targetcal25,4,
,-1,True,,0.7463406740515174,0.001826038584113121,,475,,,False,,,,,,60,person,0.1,0.5,argmax,segformer_b2_cityscapes,acdc_rain_targetcal25,4,0.6918238993710691
0.996,996,True,0.15451807228915662,0.15451807228915662,0.024231338873505592,0.6505263157894737,166,318.0,0.12,False,0.18579234972677597,0.09649122807017543,0.0,,,60,person,0.2,0.5,region_crc,segformer_b2_cityscapes,acdc_rain_targetcal25,4,
0.936,936,True,0.5196485576003648,0.5196485576003649,0.006330152973532677,5.869473684210527,166,318.0,0.11157894736842108,False,0.6229508196721312,0.2807017543859649,0.09523809523809523,,,60,person,0.2,0.5,heuristic,segformer_b2_cityscapes,acdc_rain_targetcal25,4,
,-1,True,,0.7463406740515174,0.001826038584113121,,475,,,False,,,,,,60,person,0.2,0.5,argmax,segformer_b2_cityscapes,acdc_rain_targetcal25,4,0.6918238993710691
1.0,1000,False,0.0,0.0,1.0,0.9431578947368421,27,37.0,0.0,False,0.0,0.0,0.0,,,60,rider,0.05,0.1,region_crc,segformer_b2_cityscapes,acdc_rain_targetcal25,1,
0.001,1,True,0.9629629629629629,0.9629629629629629,1.2561647963593714e-05,0.0,27,37.0,0.03578947368421059,False,1.0,1.0,0.5,,,60,rider,0.05,0.1,heuristic,segformer_b2_cityscapes,acdc_rain_targetcal25,1,
,-1,True,,0.8333333333333334,0.0002533351653255522,,475,,,False,,,,,,60,rider,0.05,0.1,argmax,segformer_b2_cityscapes,acdc_rain_targetcal25,1,0.8378378378378378
1.0,1000,False,0.0,0.0,1.0,0.9431578947368421,27,37.0,0.0,False,0.0,0.0,0.0,,,60,rider,0.1,0.1,region_crc,segformer_b2_cityscapes,acdc_rain_targetcal25,1,
0.001,1,True,0.9629629629629629,0.9629629629629629,1.2561647963593714e-05,0.0,27,37.0,0.03578947368421059,False,1.0,1.0,0.5,,,60,rider,0.1,0.1,heuristic,segformer_b2_cityscapes,acdc_rain_targetcal25,1,
,-1,True,,0.8333333333333334,0.0002533351653255522,,475,,,False,,,,,,60,rider,0.1,0.1,argmax,segformer_b2_cityscapes,acdc_rain_targetcal25,1,0.8378378378378378
1.0,1000,False,0.0,0.0,1.0,0.9431578947368421,27,37.0,0.0,False,0.0,0.0,0.0,,,60,rider,0.2,0.1,region_crc,segformer_b2_cityscapes,acdc_rain_targetcal25,1,
0.001,1,True,0.9629629629629629,0.9629629629629629,1.2561647963593714e-05,0.0,27,37.0,0.03578947368421059,False,1.0,1.0,0.5,,,60,rider,0.2,0.1,heuristic,segformer_b2_cityscapes,acdc_rain_targetcal25,1,
,-1,True,,0.8333333333333334,0.0002533351653255522,,475,,,False,,,,,,60,rider,0.2,0.1,argmax,segformer_b2_cityscapes,acdc_rain_targetcal25,1,0.8378378378378378
1.0,1000,False,0.0,0.0,1.0,0.9431578947368421,27,37.0,0.0,False,0.0,0.0,0.0,,,60,rider,0.05,0.5,region_crc,segformer_b2_cityscapes,acdc_rain_targetcal25,1,
0.035,35,True,0.9629629629629629,0.9629629629629629,4.140402234042995e-05,0.008421052631578947,27,37.0,0.03578947368421059,False,1.0,1.0,0.5,,,60,rider,0.05,0.5,heuristic,segformer_b2_cityscapes,acdc_rain_targetcal25,1,
,-1,True,,0.8888888888888888,0.0002533351653255522,,475,,,False,,,,,,60,rider,0.05,0.5,argmax,segformer_b2_cityscapes,acdc_rain_targetcal25,1,0.8918918918918919
1.0,1000,False,0.0,0.0,1.0,0.9431578947368421,27,37.0,0.0,False,0.0,0.0,0.0,,,60,rider,0.1,0.5,region_crc,segformer_b2_cityscapes,acdc_rain_targetcal25,1,
0.035,35,True,0.9629629629629629,0.9629629629629629,4.140402234042995e-05,0.008421052631578947,27,37.0,0.03578947368421059,False,1.0,1.0,0.5,,,60,rider,0.1,0.5,heuristic,segformer_b2_cityscapes,acdc_rain_targetcal25,1,
,-1,True,,0.8888888888888888,0.0002533351653255522,,475,,,False,,,,,,60,rider,0.1,0.5,argmax,segformer_b2_cityscapes,acdc_rain_targetcal25,1,0.8918918918918919
1.0,1000,False,0.0,0.0,1.0,0.9431578947368421,27,37.0,0.0,False,0.0,0.0,0.0,,,60,rider,0.2,0.5,region_crc,segformer_b2_cityscapes,acdc_rain_targetcal25,1,
0.035,35,True,0.9629629629629629,0.9629629629629629,4.140402234042995e-05,0.008421052631578947,27,37.0,0.03578947368421059,False,1.0,1.0,0.5,,,60,rider,0.2,0.5,heuristic,segformer_b2_cityscapes,acdc_rain_targetcal25,1,
,-1,True,,0.8888888888888888,0.0002533351653255522,,475,,,False,,,,,,60,rider,0.2,0.5,argmax,segformer_b2_cityscapes,acdc_rain_targetcal25,1,0.8918918918918919
1.0,1000,False,0.0,0.0,1.0,0.8315789473684211,80,151.0,0.0,False,0.0,0.0,0.0,,,60,bicycle,0.05,0.1,region_crc,segformer_b2_cityscapes,acdc_rain_targetcal25,3,
0.968,968,True,0.4968452380952382,0.4968452380952382,0.0036692130379378796,3.6736842105263157,80,151.0,0.1494736842105262,False,0.6265060240963856,0.3333333333333333,0.0,,,60,bicycle,0.05,0.1,heuristic,segformer_b2_cityscapes,acdc_rain_targetcal25,3,
,-1,True,,0.7491964285714285,0.0011280426988378167,,475,,,False,,,,,,60,bicycle,0.05,0.1,argmax,segformer_b2_cityscapes,acdc_rain_targetcal25,3,0.7350993377483444
1.0,1000,False,0.0,0.0,1.0,0.8315789473684211,80,151.0,0.0,False,0.0,0.0,0.0,,,60,bicycle,0.1,0.1,region_crc,segformer_b2_cityscapes,acdc_rain_targetcal25,3,
0.968,968,True,0.4968452380952382,0.4968452380952382,0.0036692130379378796,3.6736842105263157,80,151.0,0.1494736842105262,False,0.6265060240963856,0.3333333333333333,0.0,,,60,bicycle,0.1,0.1,heuristic,segformer_b2_cityscapes,acdc_rain_targetcal25,3,
,-1,True,,0.7491964285714285,0.0011280426988378167,,475,,,False,,,,,,60,bicycle,0.1,0.1,argmax,segformer_b2_cityscapes,acdc_rain_targetcal25,3,0.7350993377483444
1.0,1000,False,0.0,0.0,1.0,0.8315789473684211,80,151.0,0.0,False,0.0,0.0,0.0,,,60,bicycle,0.2,0.1,region_crc,segformer_b2_cityscapes,acdc_rain_targetcal25,3,
0.906,906,True,0.620625,0.620625,0.0022278602700680494,1.4063157894736842,80,151.0,0.21052631578947367,False,0.7228915662650602,0.45614035087719296,0.0,,,60,bicycle,0.2,0.1,heuristic,segformer_b2_cityscapes,acdc_rain_targetcal25,3,
,-1,True,,0.7491964285714285,0.0011280426988378167,,475,,,False,,,,,,60,bicycle,0.2,0.1,argmax,segformer_b2_cityscapes,acdc_rain_targetcal25,3,0.7350993377483444
1.0,1000,False,0.0,0.0,1.0,0.8315789473684211,80,151.0,0.0,False,0.0,0.0,0.0,,,60,bicycle,0.05,0.5,region_crc,segformer_b2_cityscapes,acdc_rain_targetcal25,3,
0.972,972,True,0.620625,0.6206249999999999,0.003910101018846035,3.6736842105263157,80,151.0,0.14105263157894732,False,0.6987951807228916,0.49122807017543857,0.0,,,60,bicycle,0.05,0.5,heuristic,segformer_b2_cityscapes,acdc_rain_targetcal25,3,
,-1,True,,0.7947321428571428,0.0011280426988378167,,475,,,False,,,,,,60,bicycle,0.05,0.5,argmax,segformer_b2_cityscapes,acdc_rain_targetcal25,3,0.7814569536423841
1.0,1000,False,0.0,0.0,1.0,0.8315789473684211,80,151.0,0.0,False,0.0,0.0,0.0,,,60,bicycle,0.1,0.5,region_crc,segformer_b2_cityscapes,acdc_rain_targetcal25,3,
0.972,972,True,0.620625,0.6206249999999999,0.003910101018846035,3.6736842105263157,80,151.0,0.14105263157894732,False,0.6987951807228916,0.49122807017543857,0.0,,,60,bicycle,0.1,0.5,heuristic,segformer_b2_cityscapes,acdc_rain_targetcal25,3,
,-1,True,,0.7947321428571428,0.0011280426988378167,,475,,,False,,,,,,60,bicycle,0.1,0.5,argmax,segformer_b2_cityscapes,acdc_rain_targetcal25,3,0.7814569536423841
1.0,1000,False,0.0,0.0,1.0,0.8315789473684211,80,151.0,0.0,False,0.0,0.0,0.0,,,60,bicycle,0.2,0.5,region_crc,segformer_b2_cityscapes,acdc_rain_targetcal25,3,
0.93,930,True,0.6887797619047619,0.6887797619047619,0.0025527896359562874,1.7136842105263157,80,151.0,0.1936842105263158,False,0.7710843373493976,0.5789473684210527,0.0,,,60,bicycle,0.2,0.5,heuristic,segformer_b2_cityscapes,acdc_rain_targetcal25,3,
,-1,True,,0.7947321428571428,0.0011280426988378167,,475,,,False,,,,,,60,bicycle,0.2,0.5,argmax,segformer_b2_cityscapes,acdc_rain_targetcal25,3,0.7814569536423841
1.0,1000,False,0.0,0.0,1.0,0.6631578947368421,160,312.0,0.0,False,0.0,0.0,0.0,,,61,person,0.05,0.1,region_crc,segformer_b2_cityscapes,acdc_rain_targetcal25,10,
1.0,1000,True,0.0,0.0,1.0,0.6631578947368421,160,312.0,0.0,False,0.0,0.0,0.0,,,61,person,0.05,0.1,heuristic,segformer_b2_cityscapes,acdc_rain_targetcal25,10,
,-1,True,,0.6289465048840049,0.0019077323377132416,,475,,,False,,,,,,61,person,0.05,0.1,argmax,segformer_b2_cityscapes,acdc_rain_targetcal25,10,0.5673076923076923
1.0,1000,True,0.0,0.0,1.0,0.6631578947368421,160,312.0,0.0,False,0.0,0.0,0.0,,,61,person,0.1,0.1,region_crc,segformer_b2_cityscapes,acdc_rain_targetcal25,10,
0.993,993,True,0.13270833333333334,0.13270833333333332,0.018975256010890007,0.6631578947368421,160,312.0,0.15368421052631576,False,0.17142857142857143,0.07758620689655173,0.0,,,61,person,0.1,0.1,heuristic,segformer_b2_cityscapes,acdc_rain_targetcal25,10,
,-1,True,,0.6289465048840049,0.0019077323377132416,,475,,,False,,,,,,61,person,0.1,0.1,argmax,segformer_b2_cityscapes,acdc_rain_targetcal25,10,0.5673076923076923
0.993,993,True,0.13270833333333334,0.13270833333333332,0.018975256010890007,0.6631578947368421,160,312.0,0.15368421052631576,False,0.17142857142857143,0.07758620689655173,0.0,,,61,person,0.2,0.1,region_crc,segformer_b2_cityscapes,acdc_rain_targetcal25,10,
0.987,987,True,0.18861111111111112,0.18861111111111112,0.014385645277798176,9.76421052631579,160,312.0,0.11789473684210527,False,0.24,0.08620689655172414,0.0,,,61,person,0.2,0.1,heuristic,segformer_b2_cityscapes,acdc_rain_targetcal25,10,
,-1,True,,0.6289465048840049,0.0019077323377132416,,475,,,False,,,,,,61,person,0.2,0.1,argmax,segformer_b2_cityscapes,acdc_rain_targetcal25,10,0.5673076923076923
1.0,1000,False,0.0,0.0,1.0,0.6631578947368421,160,312.0,0.0,False,0.0,0.0,0.0,,,61,person,0.05,0.5,region_crc,segformer_b2_cityscapes,acdc_rain_targetcal25,10,
1.0,1000,True,0.0,0.0,1.0,0.6631578947368421,160,312.0,0.0,False,0.0,0.0,0.0,,,61,person,0.05,0.5,heuristic,segformer_b2_cityscapes,acdc_rain_targetcal25,10,
,-1,True,,0.7427659493284493,0.0019077323377132416,,475,,,False,,,,,,61,person,0.05,0.5,argmax,segformer_b2_cityscapes,acdc_rain_targetcal25,10,0.6858974358974359
1.0,1000,True,0.0,0.0,1.0,0.6631578947368421,160,312.0,0.0,False,0.0,0.0,0.0,,,61,person,0.1,0.5,region_crc,segformer_b2_cityscapes,acdc_rain_targetcal25,10,
0.999,999,True,0.07083333333333333,0.07083333333333333,0.041502054780721664,0.6631578947368421,160,312.0,0.15999999999999992,False,0.05142857142857143,0.07758620689655173,0.0,,,61,person,0.1,0.5,heuristic,segformer_b2_cityscapes,acdc_rain_targetcal25,10,
,-1,True,,0.7427659493284493,0.0019077323377132416,,475,,,False,,,,,,61,person,0.1,0.5,argmax,segformer_b2_cityscapes,acdc_rain_targetcal25,10,0.6858974358974359
0.999,999,True,0.07083333333333333,0.07083333333333333,0.041502054780721664,0.6631578947368421,160,312.0,0.15999999999999992,False,0.05142857142857143,0.07758620689655173,0.0,,,61,person,0.2,0.5,region_crc,segformer_b2_cityscapes,acdc_rain_targetcal25,10,
0.997,997,True,0.13374999999999998,0.13374999999999998,0.027148496359586716,0.6631578947368421,160,312.0,0.1578947368421053,False,0.15428571428571428,0.09482758620689655,0.0,,,61,person,0.2,0.5,heuristic,segformer_b2_cityscapes,acdc_rain_targetcal25,10,
,-1,True,,0.7427659493284493,0.0019077323377132416,,475,,,False,,,,,,61,person,0.2,0.5,argmax,segformer_b2_cityscapes,acdc_rain_targetcal25,10,0.6858974358974359
1.0,1000,False,0.0,0.0,1.0,0.9452631578947368,26,35.0,0.0,False,0.0,0.0,0.0,,,61,rider,0.05,0.1,region_crc,segformer_b2_cityscapes,acdc_rain_targetcal25,2,
0.993,993,True,0.5769230769230769,0.5769230769230769,0.0026359865441918373,0.9452631578947368,26,35.0,0.2021052631578947,False,0.75,0.3333333333333333,0.0,,,61,rider,0.05,0.1,heuristic,segformer_b2_cityscapes,acdc_rain_targetcal25,2,
,-1,True,,0.7884615384615384,0.0002660097670741379,,475,,,False,,,,,,61,rider,0.05,0.1,argmax,segformer_b2_cityscapes,acdc_rain_targetcal25,2,0.8
1.0,1000,False,0.0,0.0,1.0,0.9452631578947368,26,35.0,0.0,False,0.0,0.0,0.0,,,61,rider,0.1,0.1,region_crc,segformer_b2_cityscapes,acdc_rain_targetcal25,2,
0.993,993,True,0.5769230769230769,0.5769230769230769,0.0026359865441918373,0.9452631578947368,26,35.0,0.2021052631578947,False,0.75,0.3333333333333333,0.0,,,61,rider,0.1,0.1,heuristic,segformer_b2_cityscapes,acdc_rain_targetcal25,2,
,-1,True,,0.7884615384615384,0.0002660097670741379,,475,,,False,,,,,,61,rider,0.1,0.1,argmax,segformer_b2_cityscapes,acdc_rain_targetcal25,2,0.8
1.0,1000,False,0.0,0.0,1.0,0.9452631578947368,26,35.0,0.0,False,0.0,0.0,0.0,,,61,rider,0.2,0.1,region_crc,segformer_b2_cityscapes,acdc_rain_targetcal25,2,
0.993,993,True,0.5769230769230769,0.5769230769230769,0.0026359865441918373,0.9452631578947368,26,35.0,0.2021052631578947,False,0.75,0.3333333333333333,0.0,,,61,rider,0.2,0.1,heuristic,segformer_b2_cityscapes,acdc_rain_targetcal25,2,
,-1,True,,0.7884615384615384,0.0002660097670741379,,475,,,False,,,,,,61,rider,0.2,0.1,argmax,segformer_b2_cityscapes,acdc_rain_targetcal25,2,0.8
1.0,1000,False,0.0,0.0,1.0,0.9452631578947368,26,35.0,0.0,False,0.0,0.0,0.0,,,61,rider,0.05,0.5,region_crc,segformer_b2_cityscapes,acdc_rain_targetcal25,2,
0.997,997,True,0.5961538461538461,0.5961538461538461,0.0040290942415595055,0.9452631578947368,26,35.0,0.1663157894736842,False,0.75,0.16666666666666666,0.2,,,61,rider,0.05,0.5,heuristic,segformer_b2_cityscapes,acdc_rain_targetcal25,2,
,-1,True,,0.8461538461538461,0.0002660097670741379,,475,,,False,,,,,,61,rider,0.05,0.5,argmax,segformer_b2_cityscapes,acdc_rain_targetcal25,2,0.8571428571428571
1.0,1000,False,0.0,0.0,1.0,0.9452631578947368,26,35.0,0.0,False,0.0,0.0,0.0,,,61,rider,0.1,0.5,region_crc,segformer_b2_cityscapes,acdc_rain_targetcal25,2,
0.997,997,True,0.5961538461538461,0.5961538461538461,0.0040290942415595055,0.9452631578947368,26,35.0,0.1663157894736842,False,0.75,0.16666666666666666,0.2,,,61,rider,0.1,0.5,heuristic,segformer_b2_cityscapes,acdc_rain_targetcal25,2,
,-1,True,,0.8461538461538461,0.0002660097670741379,,475,,,False,,,,,,61,rider,0.1,0.5,argmax,segformer_b2_cityscapes,acdc_rain_targetcal25,2,0.8571428571428571
1.0,1000,False,0.0,0.0,1.0,0.9452631578947368,26,35.0,0.0,False,0.0,0.0,0.0,,,61,rider,0.2,0.5,region_crc,segformer_b2_cityscapes,acdc_rain_targetcal25,2,
0.997,997,True,0.5961538461538461,0.5961538461538461,0.0040290942415595055,0.9452631578947368,26,35.0,0.1663157894736842,False,0.75,0.16666666666666666,0.2,,,61,rider,0.2,0.5,heuristic,segformer_b2_cityscapes,acdc_rain_targetcal25,2,
,-1,True,,0.8461538461538461,0.0002660097670741379,,475,,,False,,,,,,61,rider,0.2,0.5,argmax,segformer_b2_cityscapes,acdc_rain_targetcal25,2,0.8571428571428571
1.0,1000,False,0.0,0.0,1.0,0.8336842105263158,79,155.0,0.0,False,0.0,0.0,0.0,,,61,bicycle,0.05,0.1,region_crc,segformer_b2_cityscapes,acdc_rain_targetcal25,4,
1.0,1000,True,0.0,0.0,1.0,0.8336842105263158,79,155.0,0.0,False,0.0,0.0,0.0,,,61,bicycle,0.05,0.1,heuristic,segformer_b2_cityscapes,acdc_rain_targetcal25,4,
,-1,True,,0.7418022905364677,0.0011476293439045548,,475,,,False,,,,,,61,bicycle,0.05,0.1,argmax,segformer_b2_cityscapes,acdc_rain_targetcal25,4,0.7161290322580646
1.0,1000,False,0.0,0.0,1.0,0.8336842105263158,79,155.0,0.0,False,0.0,0.0,0.0,,,61,bicycle,0.1,0.1,region_crc,segformer_b2_cityscapes,acdc_rain_targetcal25,4,
1.0,1000,True,0.0,0.0,1.0,0.8336842105263158,79,155.0,0.0,False,0.0,0.0,0.0,,,61,bicycle,0.1,0.1,heuristic,segformer_b2_cityscapes,acdc_rain_targetcal25,4,
,-1,True,,0.7418022905364677,0.0011476293439045548,,475,,,False,,,,,,61,bicycle,0.1,0.1,argmax,segformer_b2_cityscapes,acdc_rain_targetcal25,4,0.7161290322580646
1.0,1000,True,0.0,0.0,1.0,0.8336842105263158,79,155.0,0.0,False,0.0,0.0,0.0,,,61,bicycle,0.2,0.1,region_crc,segformer_b2_cityscapes,acdc_rain_targetcal25,4,
1.0,1000,True,0.0,0.0,1.0,0.8336842105263158,79,155.0,0.0,False,0.0,0.0,0.0,,,61,bicycle,0.2,0.1,heuristic,segformer_b2_cityscapes,acdc_rain_targetcal25,4,
,-1,True,,0.7418022905364677,0.0011476293439045548,,475,,,False,,,,,,61,bicycle,0.2,0.1,argmax,segformer_b2_cityscapes,acdc_rain_targetcal25,4,0.7161290322580646
1.0,1000,False,0.0,0.0,1.0,0.8336842105263158,79,155.0,0.0,False,0.0,0.0,0.0,,,61,bicycle,0.05,0.5,region_crc,segformer_b2_cityscapes,acdc_rain_targetcal25,4,
1.0,1000,True,0.0,0.0,1.0,0.8336842105263158,79,155.0,0.0,False,0.0,0.0,0.0,,,61,bicycle,0.05,0.5,heuristic,segformer_b2_cityscapes,acdc_rain_targetcal25,4,
,-1,True,,0.7879144062688366,0.0011476293439045548,,475,,,False,,,,,,61,bicycle,0.05,0.5,argmax,segformer_b2_cityscapes,acdc_rain_targetcal25,4,0.7612903225806451
1.0,1000,False,0.0,0.0,1.0,0.8336842105263158,79,155.0,0.0,False,0.0,0.0,0.0,,,61,bicycle,0.1,0.5,region_crc,segformer_b2_cityscapes,acdc_rain_targetcal25,4,
1.0,1000,True,0.0,0.0,1.0,0.8336842105263158,79,155.0,0.0,False,0.0,0.0,0.0,,,61,bicycle,0.1,0.5,heuristic,segformer_b2_cityscapes,acdc_rain_targetcal25,4,
,-1,True,,0.7879144062688366,0.0011476293439045548,,475,,,False,,,,,,61,bicycle,0.1,0.5,argmax,segformer_b2_cityscapes,acdc_rain_targetcal25,4,0.7612903225806451
1.0,1000,True,0.0,0.0,1.0,0.8336842105263158,79,155.0,0.0,False,0.0,0.0,0.0,,,61,bicycle,0.2,0.5,region_crc,segformer_b2_cityscapes,acdc_rain_targetcal25,4,
1.0,1000,True,0.0,0.0,1.0,0.8336842105263158,79,155.0,0.0,False,0.0,0.0,0.0,,,61,bicycle,0.2,0.5,heuristic,segformer_b2_cityscapes,acdc_rain_targetcal25,4,
,-1,True,,0.7879144062688366,0.0011476293439045548,,475,,,False,,,,,,61,bicycle,0.2,0.5,argmax,segformer_b2_cityscapes,acdc_rain_targetcal25,4,0.7612903225806451
1.0,1000,False,0.0,0.0,1.0,0.6589473684210526,162,322.0,0.0,False,0.0,0.0,0.0,,,62,person,0.05,0.1,region_crc,segformer_b2_cityscapes,acdc_rain_targetcal25,8,
0.977,977,True,0.24735412050226865,0.24735412050226865,0.011030961759388447,9.793684210526315,162,322.0,0.14315789473684215,False,0.29120879120879123,0.1440677966101695,0.0,,,62,person,0.05,0.1,heuristic,segformer_b2_cityscapes,acdc_rain_targetcal25,8,
,-1,True,,0.6535891406261776,0.0019024406792595983,,475,,,False,,,,,,62,person,0.05,0.1,argmax,segformer_b2_cityscapes,acdc_rain_targetcal25,8,0.5900621118012422
1.0,1000,False,0.0,0.0,1.0,0.6589473684210526,162,322.0,0.0,False,0.0,0.0,0.0,,,62,person,0.1,0.1,region_crc,segformer_b2_cityscapes,acdc_rain_targetcal25,8,
0.934,934,True,0.3885889145148404,0.3885889145148404,0.0063003478571772575,5.882105263157895,162,322.0,0.11999999999999988,False,0.5054945054945055,0.17796610169491525,0.0,,,62,person,0.1,0.1,heuristic,segformer_b2_cityscapes,acdc_rain_targetcal25,8,
,-1,True,,0.6535891406261776,0.0019024406792595983,,475,,,False,,,,,,62,person,0.1,0.1,argmax,segformer_b2_cityscapes,acdc_rain_targetcal25,8,0.5900621118012422
0.934,934,True,0.3885889145148404,0.3885889145148404,0.0063003478571772575,5.882105263157895,162,322.0,0.11999999999999988,False,0.5054945054945055,0.17796610169491525,0.0,,,62,person,0.2,0.1,region_crc,segformer_b2_cityscapes,acdc_rain_targetcal25,8,
0.793,793,True,0.5733230075822668,0.5733230075822668,0.003075202228501439,3.2694736842105265,162,322.0,0.12210526315789472,False,0.6978021978021978,0.288135593220339,0.13636363636363635,,,62,person,0.2,0.1,heuristic,segformer_b2_cityscapes,acdc_rain_targetcal25,8,
,-1,True,,0.6535891406261776,0.0019024406792595983,,475,,,False,,,,,,62,person,0.2,0.1,argmax,segformer_b2_cityscapes,acdc_rain_targetcal25,8,0.5900621118012422
1.0,1000,False,0.0,0.0,1.0,0.6589473684210526,162,322.0,0.0,False,0.0,0.0,0.0,,,62,person,0.05,0.5,region_crc,segformer_b2_cityscapes,acdc_rain_targetcal25,8,
0.991,991,True,0.26243800780837817,0.26243800780837817,0.017141077667474747,0.6589473684210526,162,322.0,0.1389473684210526,False,0.3021978021978022,0.17796610169491525,0.0,,,62,person,0.05,0.5,heuristic,segformer_b2_cityscapes,acdc_rain_targetcal25,8,
,-1,True,,0.7505713079787153,0.0019024406792595983,,475,,,False,,,,,,62,person,0.05,0.5,argmax,segformer_b2_cityscapes,acdc_rain_targetcal25,8,0.6956521739130435
1.0,1000,False,0.0,0.0,1.0,0.6589473684210526,162,322.0,0.0,False,0.0,0.0,0.0,,,62,person,0.1,0.5,region_crc,segformer_b2_cityscapes,acdc_rain_targetcal25,8,
0.96,960,True,0.4368399433214248,0.4368399433214248,0.008296848274767399,7.256842105263158,162,322.0,0.10947368421052628,False,0.532967032967033,0.22033898305084745,0.09090909090909091,,,62,person,0.1,0.5,heuristic,segformer_b2_cityscapes,acdc_rain_targetcal25,8,
,-1,True,,0.7505713079787153,0.0019024406792595983,,475,,,False,,,,,,62,person,0.1,0.5,argmax,segformer_b2_cityscapes,acdc_rain_targetcal25,8,0.6956521739130435
0.96,960,True,0.4368399433214248,0.4368399433214248,0.008296848274767399,7.256842105263158,162,322.0,0.10947368421052628,False,0.532967032967033,0.22033898305084745,0.09090909090909091,,,62,person,0.2,0.5,region_crc,segformer_b2_cityscapes,acdc_rain_targetcal25,8,
0.933,933,True,0.5361830898867935,0.5361830898867935,0.006247638259083033,5.882105263157895,162,322.0,0.11999999999999988,False,0.6318681318681318,0.288135593220339,0.09090909090909091,,,62,person,0.2,0.5,heuristic,segformer_b2_cityscapes,acdc_rain_targetcal25,8,
,-1,True,,0.7505713079787153,0.0019024406792595983,,475,,,False,,,,,,62,person,0.2,0.5,argmax,segformer_b2_cityscapes,acdc_rain_targetcal25,8,0.6956521739130435
1.0,1000,False,0.0,0.0,1.0,0.9431578947368421,27,37.0,0.0,False,0.0,0.0,0.0,,,62,rider,0.05,0.1,region_crc,segformer_b2_cityscapes,acdc_rain_targetcal25,1,
0.999,999,True,0.3395061728395061,0.3395061728395061,0.006956936791539192,0.9431578947368421,27,37.0,0.09473684210526317,False,0.46153846153846156,0.0,0.0,,,62,rider,0.05,0.1,heuristic,segformer_b2_cityscapes,acdc_rain_targetcal25,1,
,-1,True,,0.7962962962962963,0.00027769352891482413,,475,,,False,,,,,,62,rider,0.05,0.1,argmax,segformer_b2_cityscapes,acdc_rain_targetcal25,1,0.8108108108108109
1.0,1000,False,0.0,0.0,1.0,0.9431578947368421,27,37.0,0.0,False,0.0,0.0,0.0,,,62,rider,0.1,0.1,region_crc,segformer_b2_cityscapes,acdc_rain_targetcal25,1,
0.999,999,True,0.3395061728395061,0.3395061728395061,0.006956936791539192,0.9431578947368421,27,37.0,0.09473684210526317,False,0.46153846153846156,0.0,0.0,,,62,rider,0.1,0.1,heuristic,segformer_b2_cityscapes,acdc_rain_targetcal25,1,
,-1,True,,0.7962962962962963,0.00027769352891482413,,475,,,False,,,,,,62,rider,0.1,0.1,argmax,segformer_b2_cityscapes,acdc_rain_targetcal25,1,0.8108108108108109
1.0,1000,False,0.0,0.0,1.0,0.9431578947368421,27,37.0,0.0,False,0.0,0.0,0.0,,,62,rider,0.2,0.1,region_crc,segformer_b2_cityscapes,acdc_rain_targetcal25,1,
0.999,999,True,0.3395061728395061,0.3395061728395061,0.006956936791539192,0.9431578947368421,27,37.0,0.09473684210526317,False,0.46153846153846156,0.0,0.0,,,62,rider,0.2,0.1,heuristic,segformer_b2_cityscapes,acdc_rain_targetcal25,1,
,-1,True,,0.7962962962962963,0.00027769352891482413,,475,,,False,,,,,,62,rider,0.2,0.1,argmax,segformer_b2_cityscapes,acdc_rain_targetcal25,1,0.8108108108108109
1.0,1000,False,0.0,0.0,1.0,0.9431578947368421,27,37.0,0.0,False,0.0,0.0,0.0,,,62,rider,0.05,0.5,region_crc,segformer_b2_cityscapes,acdc_rain_targetcal25,1,
1.0,1000,True,0.0,0.0,1.0,0.9431578947368421,27,37.0,0.0,False,0.0,0.0,0.0,,,62,rider,0.05,0.5,heuristic,segformer_b2_cityscapes,acdc_rain_targetcal25,1,
,-1,True,,0.8518518518518519,0.00027769352891482413,,475,,,False,,,,,,62,rider,0.05,0.5,argmax,segformer_b2_cityscapes,acdc_rain_targetcal25,1,0.8648648648648649
1.0,1000,False,0.0,0.0,1.0,0.9431578947368421,27,37.0,0.0,False,0.0,0.0,0.0,,,62,rider,0.1,0.5,region_crc,segformer_b2_cityscapes,acdc_rain_targetcal25,1,
1.0,1000,True,0.0,0.0,1.0,0.9431578947368421,27,37.0,0.0,False,0.0,0.0,0.0,,,62,rider,0.1,0.5,heuristic,segformer_b2_cityscapes,acdc_rain_targetcal25,1,
,-1,True,,0.8518518518518519,0.00027769352891482413,,475,,,False,,,,,,62,rider,0.1,0.5,argmax,segformer_b2_cityscapes,acdc_rain_targetcal25,1,0.8648648648648649
1.0,1000,False,0.0,0.0,1.0,0.9431578947368421,27,37.0,0.0,False,0.0,0.0,0.0,,,62,rider,0.2,0.5,region_crc,segformer_b2_cityscapes,acdc_rain_targetcal25,1,
1.0,1000,True,0.0,0.0,1.0,0.9431578947368421,27,37.0,0.0,False,0.0,0.0,0.0,,,62,rider,0.2,0.5,heuristic,segformer_b2_cityscapes,acdc_rain_targetcal25,1,
,-1,True,,0.8518518518518519,0.00027769352891482413,,475,,,False,,,,,,62,rider,0.2,0.5,argmax,segformer_b2_cityscapes,acdc_rain_targetcal25,1,0.8648648648648649
1.0,1000,False,0.0,0.0,1.0,0.8294736842105264,81,150.0,0.0,False,0.0,0.0,0.0,,,62,bicycle,0.05,0.1,region_crc,segformer_b2_cityscapes,acdc_rain_targetcal25,2,
1.0,1000,True,0.0,0.0,1.0,0.8294736842105264,81,150.0,0.0,False,0.0,0.0,0.0,,,62,bicycle,0.05,0.1,heuristic,segformer_b2_cityscapes,acdc_rain_targetcal25,2,
,-1,True,,0.7234861845972957,0.0011364198289811611,,475,,,False,,,,,,62,bicycle,0.05,0.1,argmax,segformer_b2_cityscapes,acdc_rain_targetcal25,2,0.6933333333333334
1.0,1000,False,0.0,0.0,1.0,0.8294736842105264,81,150.0,0.0,False,0.0,0.0,0.0,,,62,bicycle,0.1,0.1,region_crc,segformer_b2_cityscapes,acdc_rain_targetcal25,2,
1.0,1000,True,0.0,0.0,1.0,0.8294736842105264,81,150.0,0.0,False,0.0,0.0,0.0,,,62,bicycle,0.1,0.1,heuristic,segformer_b2_cityscapes,acdc_rain_targetcal25,2,
,-1,True,,0.7234861845972957,0.0011364198289811611,,475,,,False,,,,,,62,bicycle,0.1,0.1,argmax,segformer_b2_cityscapes,acdc_rain_targetcal25,2,0.6933333333333334
1.0,1000,False,0.0,0.0,1.0,0.8294736842105264,81,150.0,0.0,False,0.0,0.0,0.0,,,62,bicycle,0.2,0.1,region_crc,segformer_b2_cityscapes,acdc_rain_targetcal25,2,
1.0,1000,True,0.0,0.0,1.0,0.8294736842105264,81,150.0,0.0,False,0.0,0.0,0.0,,,62,bicycle,0.2,0.1,heuristic,segformer_b2_cityscapes,acdc_rain_targetcal25,2,
,-1,True,,0.7234861845972957,0.0011364198289811611,,475,,,False,,,,,,62,bicycle,0.2,0.1,argmax,segformer_b2_cityscapes,acdc_rain_targetcal25,2,0.6933333333333334
1.0,1000,False,0.0,0.0,1.0,0.8294736842105264,81,150.0,0.0,False,0.0,0.0,0.0,,,62,bicycle,0.05,0.5,region_crc,segformer_b2_cityscapes,acdc_rain_targetcal25,2,
1.0,1000,True,0.0,0.0,1.0,0.8294736842105264,81,150.0,0.0,False,0.0,0.0,0.0,,,62,bicycle,0.05,0.5,heuristic,segformer_b2_cityscapes,acdc_rain_targetcal25,2,
,-1,True,,0.7684597295708406,0.0011364198289811611,,475,,,False,,,,,,62,bicycle,0.05,0.5,argmax,segformer_b2_cityscapes,acdc_rain_targetcal25,2,0.74
1.0,1000,False,0.0,0.0,1.0,0.8294736842105264,81,150.0,0.0,False,0.0,0.0,0.0,,,62,bicycle,0.1,0.5,region_crc,segformer_b2_cityscapes,acdc_rain_targetcal25,2,
1.0,1000,True,0.0,0.0,1.0,0.8294736842105264,81,150.0,0.0,False,0.0,0.0,0.0,,,62,bicycle,0.1,0.5,heuristic,segformer_b2_cityscapes,acdc_rain_targetcal25,2,
,-1,True,,0.7684597295708406,0.0011364198289811611,,475,,,False,,,,,,62,bicycle,0.1,0.5,argmax,segformer_b2_cityscapes,acdc_rain_targetcal25,2,0.74
1.0,1000,False,0.0,0.0,1.0,0.8294736842105264,81,150.0,0.0,False,0.0,0.0,0.0,,,62,bicycle,0.2,0.5,region_crc,segformer_b2_cityscapes,acdc_rain_targetcal25,2,
1.0,1000,True,0.0,0.0,1.0,0.8294736842105264,81,150.0,0.0,False,0.0,0.0,0.0,,,62,bicycle,0.2,0.5,heuristic,segformer_b2_cityscapes,acdc_rain_targetcal25,2,
,-1,True,,0.7684597295708406,0.0011364198289811611,,475,,,False,,,,,,62,bicycle,0.2,0.5,argmax,segformer_b2_cityscapes,acdc_rain_targetcal25,2,0.74
1.0,1000,False,0.0,0.0,1.0,0.6673684210526316,158,311.0,0.0,False,0.0,0.0,0.0,,,63,person,0.05,0.1,region_crc,segformer_b2_cityscapes,acdc_rain_targetcal25,12,
1.0,1000,True,0.0,0.0,1.0,0.6673684210526316,158,311.0,0.0,False,0.0,0.0,0.0,,,63,person,0.05,0.1,heuristic,segformer_b2_cityscapes,acdc_rain_targetcal25,12,
,-1,True,,0.6343762074774733,0.0018835343653336167,,475,,,False,,,,,,63,person,0.05,0.1,argmax,segformer_b2_cityscapes,acdc_rain_targetcal25,12,0.572347266881029
1.0,1000,True,0.0,0.0,1.0,0.6673684210526316,158,311.0,0.0,False,0.0,0.0,0.0,,,63,person,0.1,0.1,region_crc,segformer_b2_cityscapes,acdc_rain_targetcal25,12,
0.998,998,True,0.06381856540084388,0.06381856540084388,0.03188059851527214,0.6673684210526316,158,311.0,0.22736842105263155,False,0.05747126436781609,0.04310344827586207,0.0,,,63,person,0.1,0.1,heuristic,segformer_b2_cityscapes,acdc_rain_targetcal25,12,
,-1,True,,0.6343762074774733,0.0018835343653336167,,475,,,False,,,,,,63,person,0.1,0.1,argmax,segformer_b2_cityscapes,acdc_rain_targetcal25,12,0.572347266881029
0.993,993,True,0.13122362869198312,0.13122362869198312,0.018946155905723572,0.6673684210526316,158,311.0,0.20421052631578945,False,0.16666666666666666,0.07758620689655173,0.0,,,63,person,0.2,0.1,region_crc,segformer_b2_cityscapes,acdc_rain_targetcal25,12,
0.977,977,True,0.24127447798333873,0.24127447798333873,0.010913286358118057,9.722105263157895,158,311.0,0.2189473684210526,False,0.28735632183908044,0.13793103448275862,0.0,,,63,person,0.2,0.1,heuristic,segformer_b2_cityscapes,acdc_rain_targetcal25,12,
,-1,True,,0.6343762074774733,0.0018835343653336167,,475,,,False,,,,,,63,person,0.2,0.1,argmax,segformer_b2_cityscapes,acdc_rain_targetcal25,12,0.572347266881029
1.0,1000,False,0.0,0.0,1.0,0.6673684210526316,158,311.0,0.0,False,0.0,0.0,0.0,,,63,person,0.05,0.5,region_crc,segformer_b2_cityscapes,acdc_rain_targetcal25,12,
1.0,1000,True,0.0,0.0,1.0,0.6673684210526316,158,311.0,0.0,False,0.0,0.0,0.0,,,63,person,0.05,0.5,heuristic,segformer_b2_cityscapes,acdc_rain_targetcal25,12,
,-1,True,,0.7439402018515943,0.0018835343653336167,,475,,,False,,,,,,63,person,0.05,0.5,argmax,segformer_b2_cityscapes,acdc_rain_targetcal25,12,0.6816720257234726
1.0,1000,True,0.0,0.0,1.0,0.6673684210526316,158,311.0,0.0,False,0.0,0.0,0.0,,,63,person,0.1,0.5,region_crc,segformer_b2_cityscapes,acdc_rain_targetcal25,12,
0.999,999,True,0.07172995780590717,0.07172995780590717,0.041477859020233154,0.6673684210526316,158,311.0,0.20631578947368423,False,0.05172413793103448,0.07758620689655173,0.0,,,63,person,0.1,0.5,heuristic,segformer_b2_cityscapes,acdc_rain_targetcal25,12,
,-1,True,,0.7439402018515943,0.0018835343653336167,,475,,,False,,,,,,63,person,0.1,0.5,argmax,segformer_b2_cityscapes,acdc_rain_targetcal25,12,0.6816720257234726
0.999,999,True,0.07172995780590717,0.07172995780590717,0.041477859020233154,0.6673684210526316,158,311.0,0.20631578947368423,False,0.05172413793103448,0.07758620689655173,0.0,,,63,person,0.2,0.5,region_crc,segformer_b2_cityscapes,acdc_rain_targetcal25,12,
0.995,995,True,0.194901547116737,0.194901547116737,0.021930955350399017,0.6673684210526316,158,311.0,0.23157894736842105,False,0.23563218390804597,0.11206896551724138,0.0,,,63,person,0.2,0.5,heuristic,segformer_b2_cityscapes,acdc_rain_targetcal25,12,
,-1,True,,0.7439402018515943,0.0018835343653336167,,475,,,False,,,,,,63,person,0.2,0.5,argmax,segformer_b2_cityscapes,acdc_rain_targetcal25,12,0.6816720257234726
1.0,1000,False,0.0,0.0,1.0,0.9473684210526315,25,33.0,0.0,False,0.0,0.0,0.0,,,63,rider,0.05,0.1,region_crc,segformer_b2_cityscapes,acdc_rain_targetcal25,3,
1.0,1000,True,0.0,0.0,1.0,0.9473684210526315,25,33.0,0.0,False,0.0,0.0,0.0,,,63,rider,0.05,0.1,heuristic,segformer_b2_cityscapes,acdc_rain_targetcal25,3,
,-1,True,,0.78,0.0002690911351237446,,475,,,False,,,,,,63,rider,0.05,0.1,argmax,segformer_b2_cityscapes,acdc_rain_targetcal25,3,0.7878787878787878
1.0,1000,False,0.0,0.0,1.0,0.9473684210526315,25,33.0,0.0,False,0.0,0.0,0.0,,,63,rider,0.1,0.1,region_crc,segformer_b2_cityscapes,acdc_rain_targetcal25,3,
1.0,1000,True,0.0,0.0,1.0,0.9473684210526315,25,33.0,0.0,False,0.0,0.0,0.0,,,63,rider,0.1,0.1,heuristic,segformer_b2_cityscapes,acdc_rain_targetcal25,3,
,-1,True,,0.78,0.0002690911351237446,,475,,,False,,,,,,63,rider,0.1,0.1,argmax,segformer_b2_cityscapes,acdc_rain_targetcal25,3,0.7878787878787878
1.0,1000,False,0.0,0.0,1.0,0.9473684210526315,25,33.0,0.0,False,0.0,0.0,0.0,,,63,rider,0.2,0.1,region_crc,segformer_b2_cityscapes,acdc_rain_targetcal25,3,
1.0,1000,True,0.0,0.0,1.0,0.9473684210526315,25,33.0,0.0,False,0.0,0.0,0.0,,,63,rider,0.2,0.1,heuristic,segformer_b2_cityscapes,acdc_rain_targetcal25,3,
,-1,True,,0.78,0.0002690911351237446,,475,,,False,,,,,,63,rider,0.2,0.1,argmax,segformer_b2_cityscapes,acdc_rain_targetcal25,3,0.7878787878787878
1.0,1000,False,0.0,0.0,1.0,0.9473684210526315,25,33.0,0.0,False,0.0,0.0,0.0,,,63,rider,0.05,0.5,region_crc,segformer_b2_cityscapes,acdc_rain_targetcal25,3,
1.0,1000,True,0.0,0.0,1.0,0.9473684210526315,25,33.0,0.0,False,0.0,0.0,0.0,,,63,rider,0.05,0.5,heuristic,segformer_b2_cityscapes,acdc_rain_targetcal25,3,
,-1,True,,0.84,0.0002690911351237446,,475,,,False,,,,,,63,rider,0.05,0.5,argmax,segformer_b2_cityscapes,acdc_rain_targetcal25,3,0.8484848484848485
1.0,1000,False,0.0,0.0,1.0,0.9473684210526315,25,33.0,0.0,False,0.0,0.0,0.0,,,63,rider,0.1,0.5,region_crc,segformer_b2_cityscapes,acdc_rain_targetcal25,3,
1.0,1000,True,0.0,0.0,1.0,0.9473684210526315,25,33.0,0.0,False,0.0,0.0,0.0,,,63,rider,0.1,0.5,heuristic,segformer_b2_cityscapes,acdc_rain_targetcal25,3,
,-1,True,,0.84,0.0002690911351237446,,475,,,False,,,,,,63,rider,0.1,0.5,argmax,segformer_b2_cityscapes,acdc_rain_targetcal25,3,0.8484848484848485
1.0,1000,False,0.0,0.0,1.0,0.9473684210526315,25,33.0,0.0,False,0.0,0.0,0.0,,,63,rider,0.2,0.5,region_crc,segformer_b2_cityscapes,acdc_rain_targetcal25,3,
1.0,1000,True,0.0,0.0,1.0,0.9473684210526315,25,33.0,0.0,False,0.0,0.0,0.0,,,63,rider,0.2,0.5,heuristic,segformer_b2_cityscapes,acdc_rain_targetcal25,3,
,-1,True,,0.84,0.0002690911351237446,,475,,,False,,,,,,63,rider,0.2,0.5,argmax,segformer_b2_cityscapes,acdc_rain_targetcal25,3,0.8484848484848485
1.0,1000,False,0.0,0.0,1.0,0.8378947368421052,77,153.0,0.0,False,0.0,0.0,0.0,,,63,bicycle,0.05,0.1,region_crc,segformer_b2_cityscapes,acdc_rain_targetcal25,6,
0.999,999,True,0.22653061224489796,0.22653061224489796,0.01862075738608837,0.8378947368421052,77,153.0,0.18736842105263163,False,0.3176470588235294,0.07407407407407407,0.0,,,63,bicycle,0.05,0.1,heuristic,segformer_b2_cityscapes,acdc_rain_targetcal25,6,
,-1,True,,0.748082869511441,0.0011550235794857144,,475,,,False,,,,,,63,bicycle,0.05,0.1,argmax,segformer_b2_cityscapes,acdc_rain_targetcal25,6,0.7189542483660131
1.0,1000,False,0.0,0.0,1.0,0.8378947368421052,77,153.0,0.0,False,0.0,0.0,0.0,,,63,bicycle,0.1,0.1,region_crc,segformer_b2_cityscapes,acdc_rain_targetcal25,6,
0.999,999,True,0.22653061224489796,0.22653061224489796,0.01862075738608837,0.8378947368421052,77,153.0,0.18736842105263163,False,0.3176470588235294,0.07407407407407407,0.0,,,63,bicycle,0.1,0.1,heuristic,segformer_b2_cityscapes,acdc_rain_targetcal25,6,
,-1,True,,0.748082869511441,0.0011550235794857144,,475,,,False,,,,,,63,bicycle,0.1,0.1,argmax,segformer_b2_cityscapes,acdc_rain_targetcal25,6,0.7189542483660131
0.999,999,True,0.22653061224489796,0.22653061224489796,0.01862075738608837,0.8378947368421052,77,153.0,0.18736842105263163,False,0.3176470588235294,0.07407407407407407,0.0,,,63,bicycle,0.2,0.1,region_crc,segformer_b2_cityscapes,acdc_rain_targetcal25,6,
0.966,966,True,0.5075448361162647,0.5075448361162647,0.0035859604831784964,3.6357894736842105,77,153.0,0.21052631578947367,False,0.6235294117647059,0.3333333333333333,0.0,,,63,bicycle,0.2,0.1,heuristic,segformer_b2_cityscapes,acdc_rain_targetcal25,6,
,-1,True,,0.748082869511441,0.0011550235794857144,,475,,,False,,,,,,63,bicycle,0.2,0.1,argmax,segformer_b2_cityscapes,acdc_rain_targetcal25,6,0.7189542483660131
1.0,1000,False,0.0,0.0,1.0,0.8378947368421052,77,153.0,0.0,False,0.0,0.0,0.0,,,63,bicycle,0.05,0.5,region_crc,segformer_b2_cityscapes,acdc_rain_targetcal25,6,
1.0,1000,True,0.0,0.0,1.0,0.8378947368421052,77,153.0,0.0,False,0.0,0.0,0.0,,,63,bicycle,0.05,0.5,heuristic,segformer_b2_cityscapes,acdc_rain_targetcal25,6,
,-1,True,,0.7953927025355596,0.0011550235794857144,,475,,,False,,,,,,63,bicycle,0.05,0.5,argmax,segformer_b2_cityscapes,acdc_rain_targetcal25,6,0.7647058823529411
1.0,1000,False,0.0,0.0,1.0,0.8378947368421052,77,153.0,0.0,False,0.0,0.0,0.0,,,63,bicycle,0.1,0.5,region_crc,segformer_b2_cityscapes,acdc_rain_targetcal25,6,
1.0,1000,True,0.0,0.0,1.0,0.8378947368421052,77,153.0,0.0,False,0.0,0.0,0.0,,,63,bicycle,0.1,0.5,heuristic,segformer_b2_cityscapes,acdc_rain_targetcal25,6,
,-1,True,,0.7953927025355596,0.0011550235794857144,,475,,,False,,,,,,63,bicycle,0.1,0.5,argmax,segformer_b2_cityscapes,acdc_rain_targetcal25,6,0.7647058823529411
1.0,1000,True,0.0,0.0,1.0,0.8378947368421052,77,153.0,0.0,False,0.0,0.0,0.0,,,63,bicycle,0.2,0.5,region_crc,segformer_b2_cityscapes,acdc_rain_targetcal25,6,
0.994,994,True,0.42745825602968457,0.42745825602968457,0.008185464888811111,0.8378947368421052,77,153.0,0.20842105263157892,False,0.5647058823529412,0.2777777777777778,0.0,,,63,bicycle,0.2,0.5,heuristic,segformer_b2_cityscapes,acdc_rain_targetcal25,6,
,-1,True,,0.7953927025355596,0.0011550235794857144,,475,,,False,,,,,,63,bicycle,0.2,0.5,argmax,segformer_b2_cityscapes,acdc_rain_targetcal25,6,0.7647058823529411
1.0,1000,False,0.0,0.0,1.0,0.6673684210526316,158,307.0,0.0,False,0.0,0.0,0.0,,,64,person,0.05,0.1,region_crc,segformer_b2_cityscapes,acdc_rain_targetcal25,12,
0.997,997,True,0.09388185654008438,0.09388185654008438,0.026740042492747307,0.6673684210526316,158,307.0,0.31789473684210523,False,0.0935672514619883,0.07079646017699115,0.0,,,64,person,0.05,0.1,heuristic,segformer_b2_cityscapes,acdc_rain_targetcal25,12,
,-1,True,,0.6279416083213551,0.0018273707246407866,,475,,,False,,,,,,64,person,0.05,0.1,argmax,segformer_b2_cityscapes,acdc_rain_targetcal25,12,0.5602605863192183
0.997,997,True,0.09388185654008438,0.09388185654008438,0.026740042492747307,0.6673684210526316,158,307.0,0.31789473684210523,False,0.0935672514619883,0.07079646017699115,0.0,,,64,person,0.1,0.1,region_crc,segformer_b2_cityscapes,acdc_rain_targetcal25,12,
0.993,993,True,0.13438818565400845,0.13438818565400845,0.018622850999236107,0.6673684210526316,158,307.0,0.30315789473684207,False,0.17543859649122806,0.07964601769911504,0.0,,,64,person,0.1,0.1,heuristic,segformer_b2_cityscapes,acdc_rain_targetcal25,12,
,-1,True,,0.6279416083213551,0.0018273707246407866,,475,,,False,,,,,,64,person,0.1,0.1,argmax,segformer_b2_cityscapes,acdc_rain_targetcal25,12,0.5602605863192183
0.98,980,True,0.22228713621118681,0.22228713621118681,0.011432788334786892,9.736842105263158,158,307.0,0.3705263157894737,True,0.28654970760233917,0.10619469026548672,0.0,,,64,person,0.2,0.1,region_crc,segformer_b2_cityscapes,acdc_rain_targetcal25,12,
0.98,980,True,0.22228713621118681,0.22228713621118681,0.011432788334786892,9.736842105263158,158,307.0,0.3705263157894737,True,0.28654970760233917,0.10619469026548672,0.0,,,64,person,0.2,0.1,heuristic,segformer_b2_cityscapes,acdc_rain_targetcal25,12,
,-1,True,,0.6279416083213551,0.0018273707246407866,,475,,,False,,,,,,64,person,0.2,0.1,argmax,segformer_b2_cityscapes,acdc_rain_targetcal25,12,0.5602605863192183
1.0,1000,False,0.0,0.0,1.0,0.6673684210526316,158,307.0,0.0,False,0.0,0.0,0.0,,,64,person,0.05,0.5,region_crc,segformer_b2_cityscapes,acdc_rain_targetcal25,12,
0.998,998,True,0.11856540084388187,0.11856540084388187,0.03146756812930107,0.6673684210526316,158,307.0,0.33684210526315794,True,0.1286549707602339,0.08849557522123894,0.0,,,64,person,0.05,0.5,heuristic,segformer_b2_cityscapes,acdc_rain_targetcal25,12,
,-1,True,,0.7374001174634086,0.0018273707246407866,,475,,,False,,,,,,64,person,0.05,0.5,argmax,segformer_b2_cityscapes,acdc_rain_targetcal25,12,0.6775244299674267
0.998,998,True,0.11856540084388187,0.11856540084388187,0.03146756812930107,0.6673684210526316,158,307.0,0.33684210526315794,True,0.1286549707602339,0.08849557522123894,0.0,,,64,person,0.1,0.5,region_crc,segformer_b2_cityscapes,acdc_rain_targetcal25,12,
0.996,996,True,0.154957805907173,0.154957805907173,0.023732343688607216,0.6673684210526316,158,307.0,0.3136842105263158,False,0.1871345029239766,0.09734513274336283,0.0,,,64,person,0.1,0.5,heuristic,segformer_b2_cityscapes,acdc_rain_targetcal25,12,
,-1,True,,0.7374001174634086,0.0018273707246407866,,475,,,False,,,,,,64,person,0.1,0.5,argmax,segformer_b2_cityscapes,acdc_rain_targetcal25,12,0.6775244299674267
0.996,996,True,0.154957805907173,0.154957805907173,0.023732343688607216,0.6673684210526316,158,307.0,0.3136842105263158,False,0.1871345029239766,0.09734513274336283,0.0,,,64,person,0.2,0.5,region_crc,segformer_b2_cityscapes,acdc_rain_targetcal25,12,
0.996,996,True,0.154957805907173,0.154957805907173,0.023732343688607216,0.6673684210526316,158,307.0,0.3136842105263158,False,0.1871345029239766,0.09734513274336283,0.0,,,64,person,0.2,0.5,heuristic,segformer_b2_cityscapes,acdc_rain_targetcal25,12,
,-1,True,,0.7374001174634086,0.0018273707246407866,,475,,,False,,,,,,64,person,0.2,0.5,argmax,segformer_b2_cityscapes,acdc_rain_targetcal25,12,0.6775244299674267
1.0,1000,False,0.0,0.0,1.0,0.9473684210526315,25,33.0,0.0,False,0.0,0.0,0.0,,,64,rider,0.05,0.1,region_crc,segformer_b2_cityscapes,acdc_rain_targetcal25,3,
0.998,998,True,0.48,0.48,0.0049498132430016994,0.9473684210526315,25,33.0,0.31789473684210523,False,0.6666666666666666,0.0,0.0,,,64,rider,0.05,0.1,heuristic,segformer_b2_cityscapes,acdc_rain_targetcal25,3,
,-1,True,,0.78,0.00027825901634059846,,475,,,False,,,,,,64,rider,0.05,0.1,argmax,segformer_b2_cityscapes,acdc_rain_targetcal25,3,0.7878787878787878
1.0,1000,False,0.0,0.0,1.0,0.9473684210526315,25,33.0,0.0,False,0.0,0.0,0.0,,,64,rider,0.1,0.1,region_crc,segformer_b2_cityscapes,acdc_rain_targetcal25,3,
0.998,998,True,0.48,0.48,0.0049498132430016994,0.9473684210526315,25,33.0,0.31789473684210523,False,0.6666666666666666,0.0,0.0,,,64,rider,0.1,0.1,heuristic,segformer_b2_cityscapes,acdc_rain_targetcal25,3,
,-1,True,,0.78,0.00027825901634059846,,475,,,False,,,,,,64,rider,0.1,0.1,argmax,segformer_b2_cityscapes,acdc_rain_targetcal25,3,0.7878787878787878
1.0,1000,False,0.0,0.0,1.0,0.9473684210526315,25,33.0,0.0,False,0.0,0.0,0.0,,,64,rider,0.2,0.1,region_crc,segformer_b2_cityscapes,acdc_rain_targetcal25,3,
0.994,994,True,0.56,0.56,0.0028966988902539015,0.9473684210526315,25,33.0,0.2863157894736842,False,0.7083333333333334,0.2,0.0,,,64,rider,0.2,0.1,heuristic,segformer_b2_cityscapes,acdc_rain_targetcal25,3,
,-1,True,,0.78,0.00027825901634059846,,475,,,False,,,,,,64,rider,0.2,0.1,argmax,segformer_b2_cityscapes,acdc_rain_targetcal25,3,0.7878787878787878
1.0,1000,False,0.0,0.0,1.0,0.9473684210526315,25,33.0,0.0,False,0.0,0.0,0.0,,,64,rider,0.05,0.5,region_crc,segformer_b2_cityscapes,acdc_rain_targetcal25,3,
0.999,999,True,0.5466666666666666,0.5466666666666666,0.006823528558015823,0.9473684210526315,25,33.0,0.29052631578947363,False,0.6666666666666666,0.2,0.0,,,64,rider,0.05,0.5,heuristic,segformer_b2_cityscapes,acdc_rain_targetcal25,3,
,-1,True,,0.84,0.00027825901634059846,,475,,,False,,,,,,64,rider,0.05,0.5,argmax,segformer_b2_cityscapes,acdc_rain_targetcal25,3,0.8484848484848485
1.0,1000,False,0.0,0.0,1.0,0.9473684210526315,25,33.0,0.0,False,0.0,0.0,0.0,,,64,rider,0.1,0.5,region_crc,segformer_b2_cityscapes,acdc_rain_targetcal25,3,
0.999,999,True,0.5466666666666666,0.5466666666666666,0.006823528558015823,0.9473684210526315,25,33.0,0.29052631578947363,False,0.6666666666666666,0.2,0.0,,,64,rider,0.1,0.5,heuristic,segformer_b2_cityscapes,acdc_rain_targetcal25,3,
,-1,True,,0.84,0.00027825901634059846,,475,,,False,,,,,,64,rider,0.1,0.5,argmax,segformer_b2_cityscapes,acdc_rain_targetcal25,3,0.8484848484848485
1.0,1000,False,0.0,0.0,1.0,0.9473684210526315,25,33.0,0.0,False,0.0,0.0,0.0,,,64,rider,0.2,0.5,region_crc,segformer_b2_cityscapes,acdc_rain_targetcal25,3,
0.999,999,True,0.5466666666666666,0.5466666666666666,0.006823528558015823,0.9473684210526315,25,33.0,0.29052631578947363,False,0.6666666666666666,0.2,0.0,,,64,rider,0.2,0.5,heuristic,segformer_b2_cityscapes,acdc_rain_targetcal25,3,
,-1,True,,0.84,0.00027825901634059846,,475,,,False,,,,,,64,rider,0.2,0.5,argmax,segformer_b2_cityscapes,acdc_rain_targetcal25,3,0.8484848484848485
1.0,1000,False,0.0,0.0,1.0,0.8378947368421052,77,153.0,0.0,False,0.0,0.0,0.0,,,64,bicycle,0.05,0.1,region_crc,segformer_b2_cityscapes,acdc_rain_targetcal25,6,
1.0,1000,True,0.0,0.0,1.0,0.8378947368421052,77,153.0,0.0,False,0.0,0.0,0.0,,,64,bicycle,0.05,0.1,heuristic,segformer_b2_cityscapes,acdc_rain_targetcal25,6,
,-1,True,,0.735095856524428,0.001156824640929699,,475,,,False,,,,,,64,bicycle,0.05,0.1,argmax,segformer_b2_cityscapes,acdc_rain_targetcal25,6,0.7124183006535948
1.0,1000,False,0.0,0.0,1.0,0.8378947368421052,77,153.0,0.0,False,0.0,0.0,0.0,,,64,bicycle,0.1,0.1,region_crc,segformer_b2_cityscapes,acdc_rain_targetcal25,6,
1.0,1000,True,0.0,0.0,1.0,0.8378947368421052,77,153.0,0.0,False,0.0,0.0,0.0,,,64,bicycle,0.1,0.1,heuristic,segformer_b2_cityscapes,acdc_rain_targetcal25,6,
,-1,True,,0.735095856524428,0.001156824640929699,,475,,,False,,,,,,64,bicycle,0.1,0.1,argmax,segformer_b2_cityscapes,acdc_rain_targetcal25,6,0.7124183006535948
1.0,1000,True,0.0,0.0,1.0,0.8378947368421052,77,153.0,0.0,False,0.0,0.0,0.0,,,64,bicycle,0.2,0.1,region_crc,segformer_b2_cityscapes,acdc_rain_targetcal25,6,
0.966,966,True,0.5075448361162647,0.5075448361162647,0.0033977795392274857,3.5873684210526315,77,153.0,0.3684210526315789,True,0.611764705882353,0.35185185185185186,0.0,,,64,bicycle,0.2,0.1,heuristic,segformer_b2_cityscapes,acdc_rain_targetcal25,6,
,-1,True,,0.735095856524428,0.001156824640929699,,475,,,False,,,,,,64,bicycle,0.2,0.1,argmax,segformer_b2_cityscapes,acdc_rain_targetcal25,6,0.7124183006535948
1.0,1000,False,0.0,0.0,1.0,0.8378947368421052,77,153.0,0.0,False,0.0,0.0,0.0,,,64,bicycle,0.05,0.5,region_crc,segformer_b2_cityscapes,acdc_rain_targetcal25,6,
1.0,1000,True,0.0,0.0,1.0,0.8378947368421052,77,153.0,0.0,False,0.0,0.0,0.0,,,64,bicycle,0.05,0.5,heuristic,segformer_b2_cityscapes,acdc_rain_targetcal25,6,
,-1,True,,0.7824056895485467,0.001156824640929699,,475,,,False,,,,,,64,bicycle,0.05,0.5,argmax,segformer_b2_cityscapes,acdc_rain_targetcal25,6,0.7581699346405228
1.0,1000,False,0.0,0.0,1.0,0.8378947368421052,77,153.0,0.0,False,0.0,0.0,0.0,,,64,bicycle,0.1,0.5,region_crc,segformer_b2_cityscapes,acdc_rain_targetcal25,6,
1.0,1000,True,0.0,0.0,1.0,0.8378947368421052,77,153.0,0.0,False,0.0,0.0,0.0,,,64,bicycle,0.1,0.5,heuristic,segformer_b2_cityscapes,acdc_rain_targetcal25,6,
,-1,True,,0.7824056895485467,0.001156824640929699,,475,,,False,,,,,,64,bicycle,0.1,0.5,argmax,segformer_b2_cityscapes,acdc_rain_targetcal25,6,0.7581699346405228
1.0,1000,True,0.0,0.0,1.0,0.8378947368421052,77,153.0,0.0,False,0.0,0.0,0.0,,,64,bicycle,0.2,0.5,region_crc,segformer_b2_cityscapes,acdc_rain_targetcal25,6,
0.994,994,True,0.42745825602968457,0.42745825602968457,0.007840500213205814,0.8378947368421052,77,153.0,0.33894736842105266,True,0.5529411764705883,0.2962962962962963,0.0,,,64,bicycle,0.2,0.5,heuristic,segformer_b2_cityscapes,acdc_rain_targetcal25,6,
,-1,True,,0.7824056895485467,0.001156824640929699,,475,,,False,,,,,,64,bicycle,0.2,0.5,argmax,segformer_b2_cityscapes,acdc_rain_targetcal25,6,0.7581699346405228
1.0,1000,False,0.0,0.0,1.0,0.6589473684210526,162,323.0,0.0,False,0.0,0.0,0.0,,,65,person,0.05,0.1,region_crc,segformer_b2_cityscapes,acdc_rain_targetcal25,8,
0.998,998,True,0.0684156378600823,0.0684156378600823,0.03187837451696396,0.6589473684210526,162,323.0,0.1936842105263158,False,0.060109289617486336,0.042735042735042736,0.0,,,65,person,0.05,0.1,heuristic,segformer_b2_cityscapes,acdc_rain_targetcal25,8,
,-1,True,,0.6288977826014862,0.0018883873708546162,,475,,,False,,,,,,65,person,0.05,0.1,argmax,segformer_b2_cityscapes,acdc_rain_targetcal25,8,0.5696594427244582
1.0,1000,False,0.0,0.0,1.0,0.6589473684210526,162,323.0,0.0,False,0.0,0.0,0.0,,,65,person,0.1,0.1,region_crc,segformer_b2_cityscapes,acdc_rain_targetcal25,8,
0.993,993,True,0.13415637860082305,0.13415637860082302,0.01896088384091854,0.6589473684210526,162,323.0,0.18105263157894735,False,0.16393442622950818,0.07692307692307693,0.0,,,65,person,0.1,0.1,heuristic,segformer_b2_cityscapes,acdc_rain_targetcal25,8,
,-1,True,,0.6288977826014862,0.0018883873708546162,,475,,,False,,,,,,65,person,0.1,0.1,argmax,segformer_b2_cityscapes,acdc_rain_targetcal25,8,0.5696594427244582
0.993,993,True,0.13415637860082305,0.13415637860082302,0.01896088384091854,0.6589473684210526,162,323.0,0.18105263157894735,False,0.16393442622950818,0.07692307692307693,0.0,,,65,person,0.2,0.1,region_crc,segformer_b2_cityscapes,acdc_rain_targetcal25,8,
0.989,989,True,0.16313443072702333,0.16313443072702333,0.015497509390115738,0.6589473684210526,162,323.0,0.19368421052631568,False,0.20765027322404372,0.07692307692307693,0.0,,,65,person,0.2,0.1,heuristic,segformer_b2_cityscapes,acdc_rain_targetcal25,8,
,-1,True,,0.6288977826014862,0.0018883873708546162,,475,,,False,,,,,,65,person,0.2,0.1,argmax,segformer_b2_cityscapes,acdc_rain_targetcal25,8,0.5696594427244582
1.0,1000,False,0.0,0.0,1.0,0.6589473684210526,162,323.0,0.0,False,0.0,0.0,0.0,,,65,person,0.05,0.5,region_crc,segformer_b2_cityscapes,acdc_rain_targetcal25,8,
0.999,999,True,0.07613168724279834,0.07613168724279834,0.04147154465317726,0.6589473684210526,162,323.0,0.1852631578947368,False,0.0546448087431694,0.07692307692307693,0.0,,,65,person,0.05,0.5,heuristic,segformer_b2_cityscapes,acdc_rain_targetcal25,8,
,-1,True,,0.7366824190898266,0.0018883873708546162,,475,,,False,,,,,,65,person,0.05,0.5,argmax,segformer_b2_cityscapes,acdc_rain_targetcal25,8,0.6842105263157895
1.0,1000,False,0.0,0.0,1.0,0.6589473684210526,162,323.0,0.0,False,0.0,0.0,0.0,,,65,person,0.1,0.5,region_crc,segformer_b2_cityscapes,acdc_rain_targetcal25,8,
0.996,996,True,0.1552469135802469,0.1552469135802469,0.024103285744786263,0.6589473684210526,162,323.0,0.20210526315789468,False,0.18032786885245902,0.09401709401709402,0.0,,,65,person,0.1,0.5,heuristic,segformer_b2_cityscapes,acdc_rain_targetcal25,8,
,-1,True,,0.7366824190898266,0.0018883873708546162,,475,,,False,,,,,,65,person,0.1,0.5,argmax,segformer_b2_cityscapes,acdc_rain_targetcal25,8,0.6842105263157895
0.996,996,True,0.1552469135802469,0.1552469135802469,0.024103285744786263,0.6589473684210526,162,323.0,0.20210526315789468,False,0.18032786885245902,0.09401709401709402,0.0,,,65,person,0.2,0.5,region_crc,segformer_b2_cityscapes,acdc_rain_targetcal25,8,
0.994,994,True,0.20753930568745382,0.20753930568745382,0.020286962389945984,0.6589473684210526,162,323.0,0.18736842105263152,False,0.23497267759562843,0.1282051282051282,0.0,,,65,person,0.2,0.5,heuristic,segformer_b2_cityscapes,acdc_rain_targetcal25,8,
,-1,True,,0.7366824190898266,0.0018883873708546162,,475,,,False,,,,,,65,person,0.2,0.5,argmax,segformer_b2_cityscapes,acdc_rain_targetcal25,8,0.6842105263157895
1.0,1000,False,0.0,0.0,1.0,0.9431578947368421,27,36.0,0.0,False,0.0,0.0,0.0,,,65,rider,0.05,0.1,region_crc,segformer_b2_cityscapes,acdc_rain_targetcal25,1,
0.179,179,True,0.9074074074074074,0.9074074074074074,6.565759395016357e-05,0.042105263157894736,27,36.0,0.0652631578947368,False,1.0,1.0,0.25,,,65,rider,0.05,0.1,heuristic,segformer_b2_cityscapes,acdc_rain_targetcal25,1,
,-1,True,,0.8333333333333334,0.00022034601715859026,,475,,,False,,,,,,65,rider,0.05,0.1,argmax,segformer_b2_cityscapes,acdc_rain_targetcal25,1,0.8611111111111112
1.0,1000,False,0.0,0.0,1.0,0.9431578947368421,27,36.0,0.0,False,0.0,0.0,0.0,,,65,rider,0.1,0.1,region_crc,segformer_b2_cityscapes,acdc_rain_targetcal25,1,
0.179,179,True,0.9074074074074074,0.9074074074074074,6.565759395016357e-05,0.042105263157894736,27,36.0,0.0652631578947368,False,1.0,1.0,0.25,,,65,rider,0.1,0.1,heuristic,segformer_b2_cityscapes,acdc_rain_targetcal25,1,
,-1,True,,0.8333333333333334,0.00022034601715859026,,475,,,False,,,,,,65,rider,0.1,0.1,argmax,segformer_b2_cityscapes,acdc_rain_targetcal25,1,0.8611111111111112
1.0,1000,False,0.0,0.0,1.0,0.9431578947368421,27,36.0,0.0,False,0.0,0.0,0.0,,,65,rider,0.2,0.1,region_crc,segformer_b2_cityscapes,acdc_rain_targetcal25,1,
0.179,179,True,0.9074074074074074,0.9074074074074074,6.565759395016357e-05,0.042105263157894736,27,36.0,0.0652631578947368,False,1.0,1.0,0.25,,,65,rider,0.2,0.1,heuristic,segformer_b2_cityscapes,acdc_rain_targetcal25,1,
,-1,True,,0.8333333333333334,0.00022034601715859026,,475,,,False,,,,,,65,rider,0.2,0.1,argmax,segformer_b2_cityscapes,acdc_rain_targetcal25,1,0.8611111111111112
1.0,1000,False,0.0,0.0,1.0,0.9431578947368421,27,36.0,0.0,False,0.0,0.0,0.0,,,65,rider,0.05,0.5,region_crc,segformer_b2_cityscapes,acdc_rain_targetcal25,1,
0.54,540,True,0.8703703703703703,0.8703703703703703,0.00019083487859461457,0.12210526315789473,27,36.0,0.0652631578947368,False,1.0,0.8,0.25,,,65,rider,0.05,0.5,heuristic,segformer_b2_cityscapes,acdc_rain_targetcal25,1,
,-1,True,,0.8703703703703703,0.00022034601715859026,,475,,,False,,,,,,65,rider,0.05,0.5,argmax,segformer_b2_cityscapes,acdc_rain_targetcal25,1,0.8888888888888888
1.0,1000,False,0.0,0.0,1.0,0.9431578947368421,27,36.0,0.0,False,0.0,0.0,0.0,,,65,rider,0.1,0.5,region_crc,segformer_b2_cityscapes,acdc_rain_targetcal25,1,
0.54,540,True,0.8703703703703703,0.8703703703703703,0.00019083487859461457,0.12210526315789473,27,36.0,0.0652631578947368,False,1.0,0.8,0.25,,,65,rider,0.1,0.5,heuristic,segformer_b2_cityscapes,acdc_rain_targetcal25,1,
,-1,True,,0.8703703703703703,0.00022034601715859026,,475,,,False,,,,,,65,rider,0.1,0.5,argmax,segformer_b2_cityscapes,acdc_rain_targetcal25,1,0.8888888888888888
1.0,1000,False,0.0,0.0,1.0,0.9431578947368421,27,36.0,0.0,False,0.0,0.0,0.0,,,65,rider,0.2,0.5,region_crc,segformer_b2_cityscapes,acdc_rain_targetcal25,1,
0.54,540,True,0.8703703703703703,0.8703703703703703,0.00019083487859461457,0.12210526315789473,27,36.0,0.0652631578947368,False,1.0,0.8,0.25,,,65,rider,0.2,0.5,heuristic,segformer_b2_cityscapes,acdc_rain_targetcal25,1,
,-1,True,,0.8703703703703703,0.00022034601715859026,,475,,,False,,,,,,65,rider,0.2,0.5,argmax,segformer_b2_cityscapes,acdc_rain_targetcal25,1,0.8888888888888888
1.0,1000,False,0.0,0.0,1.0,0.8357894736842105,78,149.0,0.0,False,0.0,0.0,0.0,,,65,bicycle,0.05,0.1,region_crc,segformer_b2_cityscapes,acdc_rain_targetcal25,5,
1.0,1000,True,0.0,0.0,1.0,0.8357894736842105,78,149.0,0.0,False,0.0,0.0,0.0,,,65,bicycle,0.05,0.1,heuristic,segformer_b2_cityscapes,acdc_rain_targetcal25,5,
,-1,True,,0.717979242979243,0.0011245917994529009,,475,,,False,,,,,,65,bicycle,0.05,0.1,argmax,segformer_b2_cityscapes,acdc_rain_targetcal25,5,0.7046979865771812
1.0,1000,False,0.0,0.0,1.0,0.8357894736842105,78,149.0,0.0,False,0.0,0.0,0.0,,,65,bicycle,0.1,0.1,region_crc,segformer_b2_cityscapes,acdc_rain_targetcal25,5,
1.0,1000,True,0.0,0.0,1.0,0.8357894736842105,78,149.0,0.0,False,0.0,0.0,0.0,,,65,bicycle,0.1,0.1,heuristic,segformer_b2_cityscapes,acdc_rain_targetcal25,5,
,-1,True,,0.717979242979243,0.0011245917994529009,,475,,,False,,,,,,65,bicycle,0.1,0.1,argmax,segformer_b2_cityscapes,acdc_rain_targetcal25,5,0.7046979865771812
1.0,1000,True,0.0,0.0,1.0,0.8357894736842105,78,149.0,0.0,False,0.0,0.0,0.0,,,65,bicycle,0.2,0.1,region_crc,segformer_b2_cityscapes,acdc_rain_targetcal25,5,
0.995,995,True,0.3225579975579975,0.3225579975579976,0.00875446479767561,0.8357894736842105,78,149.0,0.2042105263157894,False,0.5,0.10526315789473684,0.0,,,65,bicycle,0.2,0.1,heuristic,segformer_b2_cityscapes,acdc_rain_targetcal25,5,
,-1,True,,0.717979242979243,0.0011245917994529009,,475,,,False,,,,,,65,bicycle,0.2,0.1,argmax,segformer_b2_cityscapes,acdc_rain_targetcal25,5,0.7046979865771812
1.0,1000,False,0.0,0.0,1.0,0.8357894736842105,78,149.0,0.0,False,0.0,0.0,0.0,,,65,bicycle,0.05,0.5,region_crc,segformer_b2_cityscapes,acdc_rain_targetcal25,5,
1.0,1000,True,0.0,0.0,1.0,0.8357894736842105,78,149.0,0.0,False,0.0,0.0,0.0,,,65,bicycle,0.05,0.5,heuristic,segformer_b2_cityscapes,acdc_rain_targetcal25,5,
,-1,True,,0.7646825396825397,0.0011245917994529009,,475,,,False,,,,,,65,bicycle,0.05,0.5,argmax,segformer_b2_cityscapes,acdc_rain_targetcal25,5,0.7516778523489933
1.0,1000,False,0.0,0.0,1.0,0.8357894736842105,78,149.0,0.0,False,0.0,0.0,0.0,,,65,bicycle,0.1,0.5,region_crc,segformer_b2_cityscapes,acdc_rain_targetcal25,5,
1.0,1000,True,0.0,0.0,1.0,0.8357894736842105,78,149.0,0.0,False,0.0,0.0,0.0,,,65,bicycle,0.1,0.5,heuristic,segformer_b2_cityscapes,acdc_rain_targetcal25,5,
,-1,True,,0.7646825396825397,0.0011245917994529009,,475,,,False,,,,,,65,bicycle,0.1,0.5,argmax,segformer_b2_cityscapes,acdc_rain_targetcal25,5,0.7516778523489933
1.0,1000,True,0.0,0.0,1.0,0.8357894736842105,78,149.0,0.0,False,0.0,0.0,0.0,,,65,bicycle,0.2,0.5,region_crc,segformer_b2_cityscapes,acdc_rain_targetcal25,5,
0.997,997,True,0.3451159951159951,0.3451159951159951,0.011143775656819344,0.8357894736842105,78,149.0,0.21052631578947367,False,0.5,0.17543859649122806,0.0,,,65,bicycle,0.2,0.5,heuristic,segformer_b2_cityscapes,acdc_rain_targetcal25,5,
,-1,True,,0.7646825396825397,0.0011245917994529009,,475,,,False,,,,,,65,bicycle,0.2,0.5,argmax,segformer_b2_cityscapes,acdc_rain_targetcal25,5,0.7516778523489933
1.0,1000,False,0.0,0.0,1.0,0.6589473684210526,162,324.0,0.0,False,0.0,0.0,0.0,,,66,person,0.05,0.1,region_crc,segformer_b2_cityscapes,acdc_rain_targetcal25,8,
0.988,988,True,0.1785665294924554,0.1785665294924554,0.015036598779261112,0.6589473684210526,162,324.0,0.2631578947368421,False,0.22580645161290322,0.0782608695652174,0.0,,,66,person,0.05,0.1,heuristic,segformer_b2_cityscapes,acdc_rain_targetcal25,8,
,-1,True,,0.6443298813669185,0.001911000581458211,,475,,,False,,,,,,66,person,0.05,0.1,argmax,segformer_b2_cityscapes,acdc_rain_targetcal25,8,0.5802469135802469
1.0,1000,False,0.0,0.0,1.0,0.6589473684210526,162,324.0,0.0,False,0.0,0.0,0.0,,,66,person,0.1,0.1,region_crc,segformer_b2_cityscapes,acdc_rain_targetcal25,8,
0.973,973,True,0.2806037926408297,0.28060379264082963,0.010169904679059982,9.804210526315789,162,324.0,0.24,False,0.3225806451612903,0.16521739130434782,0.0,,,66,person,0.1,0.1,heuristic,segformer_b2_cityscapes,acdc_rain_targetcal25,8,
,-1,True,,0.6443298813669185,0.001911000581458211,,475,,,False,,,,,,66,person,0.1,0.1,argmax,segformer_b2_cityscapes,acdc_rain_targetcal25,8,0.5802469135802469
0.973,973,True,0.2806037926408297,0.28060379264082963,0.010169904679059982,9.804210526315789,162,324.0,0.24,False,0.3225806451612903,0.16521739130434782,0.0,,,66,person,0.2,0.1,region_crc,segformer_b2_cityscapes,acdc_rain_targetcal25,8,
0.931,931,True,0.39887698035846186,0.39887698035846186,0.0061243437230587006,5.957894736842105,162,324.0,0.23157894736842105,False,0.5053763440860215,0.1826086956521739,0.0,,,66,person,0.2,0.1,heuristic,segformer_b2_cityscapes,acdc_rain_targetcal25,8,
,-1,True,,0.6443298813669185,0.001911000581458211,,475,,,False,,,,,,66,person,0.2,0.1,argmax,segformer_b2_cityscapes,acdc_rain_targetcal25,8,0.5802469135802469
1.0,1000,False,0.0,0.0,1.0,0.6589473684210526,162,324.0,0.0,False,0.0,0.0,0.0,,,66,person,0.05,0.5,region_crc,segformer_b2_cityscapes,acdc_rain_targetcal25,8,
0.998,998,True,0.11563786008230453,0.11563786008230453,0.032238297164440155,0.6589473684210526,162,324.0,0.3157894736842105,False,0.11827956989247312,0.08695652173913043,0.0,,,66,person,0.05,0.5,heuristic,segformer_b2_cityscapes,acdc_rain_targetcal25,8,
,-1,True,,0.755200937608345,0.001911000581458211,,475,,,False,,,,,,66,person,0.05,0.5,argmax,segformer_b2_cityscapes,acdc_rain_targetcal25,8,0.6944444444444444
1.0,1000,False,0.0,0.0,1.0,0.6589473684210526,162,324.0,0.0,False,0.0,0.0,0.0,,,66,person,0.1,0.5,region_crc,segformer_b2_cityscapes,acdc_rain_targetcal25,8,
0.998,998,True,0.11563786008230453,0.11563786008230453,0.032238297164440155,0.6589473684210526,162,324.0,0.3157894736842105,False,0.11827956989247312,0.08695652173913043,0.0,,,66,person,0.1,0.5,heuristic,segformer_b2_cityscapes,acdc_rain_targetcal25,8,
,-1,True,,0.755200937608345,0.001911000581458211,,475,,,False,,,,,,66,person,0.1,0.5,argmax,segformer_b2_cityscapes,acdc_rain_targetcal25,8,0.6944444444444444
0.998,998,True,0.11563786008230453,0.11563786008230453,0.032238297164440155,0.6589473684210526,162,324.0,0.3157894736842105,False,0.11827956989247312,0.08695652173913043,0.0,,,66,person,0.2,0.5,region_crc,segformer_b2_cityscapes,acdc_rain_targetcal25,8,
0.99,990,True,0.2809565263268967,0.2809565263268967,0.016332492232322693,0.6589473684210526,162,324.0,0.2673684210526316,False,0.3172043010752688,0.17391304347826086,0.0,,,66,person,0.2,0.5,heuristic,segformer_b2_cityscapes,acdc_rain_targetcal25,8,
,-1,True,,0.755200937608345,0.001911000581458211,,475,,,False,,,,,,66,person,0.2,0.5,argmax,segformer_b2_cityscapes,acdc_rain_targetcal25,8,0.6944444444444444
1.0,1000,False,0.0,0.0,1.0,0.9452631578947368,26,36.0,0.0,False,0.0,0.0,0.0,,,66,rider,0.05,0.1,region_crc,segformer_b2_cityscapes,acdc_rain_targetcal25,2,
1.0,1000,True,0.0,0.0,1.0,0.9452631578947368,26,36.0,0.0,False,0.0,0.0,0.0,,,66,rider,0.05,0.1,heuristic,segformer_b2_cityscapes,acdc_rain_targetcal25,2,
,-1,True,,0.7884615384615384,0.0002618390426505357,,475,,,False,,,,,,66,rider,0.05,0.1,argmax,segformer_b2_cityscapes,acdc_rain_targetcal25,2,0.8055555555555556
1.0,1000,False,0.0,0.0,1.0,0.9452631578947368,26,36.0,0.0,False,0.0,0.0,0.0,,,66,rider,0.1,0.1,region_crc,segformer_b2_cityscapes,acdc_rain_targetcal25,2,
1.0,1000,True,0.0,0.0,1.0,0.9452631578947368,26,36.0,0.0,False,0.0,0.0,0.0,,,66,rider,0.1,0.1,heuristic,segformer_b2_cityscapes,acdc_rain_targetcal25,2,
,-1,True,,0.7884615384615384,0.0002618390426505357,,475,,,False,,,,,,66,rider,0.1,0.1,argmax,segformer_b2_cityscapes,acdc_rain_targetcal25,2,0.8055555555555556
1.0,1000,False,0.0,0.0,1.0,0.9452631578947368,26,36.0,0.0,False,0.0,0.0,0.0,,,66,rider,0.2,0.1,region_crc,segformer_b2_cityscapes,acdc_rain_targetcal25,2,
1.0,1000,True,0.0,0.0,1.0,0.9452631578947368,26,36.0,0.0,False,0.0,0.0,0.0,,,66,rider,0.2,0.1,heuristic,segformer_b2_cityscapes,acdc_rain_targetcal25,2,
,-1,True,,0.7884615384615384,0.0002618390426505357,,475,,,False,,,,,,66,rider,0.2,0.1,argmax,segformer_b2_cityscapes,acdc_rain_targetcal25,2,0.8055555555555556
1.0,1000,False,0.0,0.0,1.0,0.9452631578947368,26,36.0,0.0,False,0.0,0.0,0.0,,,66,rider,0.05,0.5,region_crc,segformer_b2_cityscapes,acdc_rain_targetcal25,2,
1.0,1000,True,0.0,0.0,1.0,0.9452631578947368,26,36.0,0.0,False,0.0,0.0,0.0,,,66,rider,0.05,0.5,heuristic,segformer_b2_cityscapes,acdc_rain_targetcal25,2,
,-1,True,,0.8461538461538461,0.0002618390426505357,,475,,,False,,,,,,66,rider,0.05,0.5,argmax,segformer_b2_cityscapes,acdc_rain_targetcal25,2,0.8611111111111112
1.0,1000,False,0.0,0.0,1.0,0.9452631578947368,26,36.0,0.0,False,0.0,0.0,0.0,,,66,rider,0.1,0.5,region_crc,segformer_b2_cityscapes,acdc_rain_targetcal25,2,
1.0,1000,True,0.0,0.0,1.0,0.9452631578947368,26,36.0,0.0,False,0.0,0.0,0.0,,,66,rider,0.1,0.5,heuristic,segformer_b2_cityscapes,acdc_rain_targetcal25,2,
,-1,True,,0.8461538461538461,0.0002618390426505357,,475,,,False,,,,,,66,rider,0.1,0.5,argmax,segformer_b2_cityscapes,acdc_rain_targetcal25,2,0.8611111111111112
1.0,1000,False,0.0,0.0,1.0,0.9452631578947368,26,36.0,0.0,False,0.0,0.0,0.0,,,66,rider,0.2,0.5,region_crc,segformer_b2_cityscapes,acdc_rain_targetcal25,2,
1.0,1000,True,0.0,0.0,1.0,0.9452631578947368,26,36.0,0.0,False,0.0,0.0,0.0,,,66,rider,0.2,0.5,heuristic,segformer_b2_cityscapes,acdc_rain_targetcal25,2,
,-1,True,,0.8461538461538461,0.0002618390426505357,,475,,,False,,,,,,66,rider,0.2,0.5,argmax,segformer_b2_cityscapes,acdc_rain_targetcal25,2,0.8611111111111112
1.0,1000,False,0.0,0.0,1.0,0.8336842105263158,79,152.0,0.0,False,0.0,0.0,0.0,,,66,bicycle,0.05,0.1,region_crc,segformer_b2_cityscapes,acdc_rain_targetcal25,4,
1.0,1000,True,0.0,0.0,1.0,0.8336842105263158,79,152.0,0.0,False,0.0,0.0,0.0,,,66,bicycle,0.05,0.1,heuristic,segformer_b2_cityscapes,acdc_rain_targetcal25,4,
,-1,True,,0.7164858348402653,0.0011927682207897305,,475,,,False,,,,,,66,bicycle,0.05,0.1,argmax,segformer_b2_cityscapes,acdc_rain_targetcal25,4,0.6973684210526315
1.0,1000,False,0.0,0.0,1.0,0.8336842105263158,79,152.0,0.0,False,0.0,0.0,0.0,,,66,bicycle,0.1,0.1,region_crc,segformer_b2_cityscapes,acdc_rain_targetcal25,4,
1.0,1000,True,0.0,0.0,1.0,0.8336842105263158,79,152.0,0.0,False,0.0,0.0,0.0,,,66,bicycle,0.1,0.1,heuristic,segformer_b2_cityscapes,acdc_rain_targetcal25,4,
,-1,True,,0.7164858348402653,0.0011927682207897305,,475,,,False,,,,,,66,bicycle,0.1,0.1,argmax,segformer_b2_cityscapes,acdc_rain_targetcal25,4,0.6973684210526315
1.0,1000,True,0.0,0.0,1.0,0.8336842105263158,79,152.0,0.0,False,0.0,0.0,0.0,,,66,bicycle,0.2,0.1,region_crc,segformer_b2_cityscapes,acdc_rain_targetcal25,4,
1.0,1000,True,0.0,0.0,1.0,0.8336842105263158,79,152.0,0.0,False,0.0,0.0,0.0,,,66,bicycle,0.2,0.1,heuristic,segformer_b2_cityscapes,acdc_rain_targetcal25,4,
,-1,True,,0.7164858348402653,0.0011927682207897305,,475,,,False,,,,,,66,bicycle,0.2,0.1,argmax,segformer_b2_cityscapes,acdc_rain_targetcal25,4,0.6973684210526315
1.0,1000,False,0.0,0.0,1.0,0.8336842105263158,79,152.0,0.0,False,0.0,0.0,0.0,,,66,bicycle,0.05,0.5,region_crc,segformer_b2_cityscapes,acdc_rain_targetcal25,4,
1.0,1000,True,0.0,0.0,1.0,0.8336842105263158,79,152.0,0.0,False,0.0,0.0,0.0,,,66,bicycle,0.05,0.5,heuristic,segformer_b2_cityscapes,acdc_rain_targetcal25,4,
,-1,True,,0.7625979505726341,0.0011927682207897305,,475,,,False,,,,,,66,bicycle,0.05,0.5,argmax,segformer_b2_cityscapes,acdc_rain_targetcal25,4,0.743421052631579
1.0,1000,False,0.0,0.0,1.0,0.8336842105263158,79,152.0,0.0,False,0.0,0.0,0.0,,,66,bicycle,0.1,0.5,region_crc,segformer_b2_cityscapes,acdc_rain_targetcal25,4,
1.0,1000,True,0.0,0.0,1.0,0.8336842105263158,79,152.0,0.0,False,0.0,0.0,0.0,,,66,bicycle,0.1,0.5,heuristic,segformer_b2_cityscapes,acdc_rain_targetcal25,4,
,-1,True,,0.7625979505726341,0.0011927682207897305,,475,,,False,,,,,,66,bicycle,0.1,0.5,argmax,segformer_b2_cityscapes,acdc_rain_targetcal25,4,0.743421052631579
1.0,1000,True,0.0,0.0,1.0,0.8336842105263158,79,152.0,0.0,False,0.0,0.0,0.0,,,66,bicycle,0.2,0.5,region_crc,segformer_b2_cityscapes,acdc_rain_targetcal25,4,
1.0,1000,True,0.0,0.0,1.0,0.8336842105263158,79,152.0,0.0,False,0.0,0.0,0.0,,,66,bicycle,0.2,0.5,heuristic,segformer_b2_cityscapes,acdc_rain_targetcal25,4,
,-1,True,,0.7625979505726341,0.0011927682207897305,,475,,,False,,,,,,66,bicycle,0.2,0.5,argmax,segformer_b2_cityscapes,acdc_rain_targetcal25,4,0.743421052631579
1.0,1000,False,0.0,0.0,1.0,0.6652631578947369,159,315.0,0.0,False,0.0,0.0,0.0,,,67,person,0.05,0.1,region_crc,segformer_b2_cityscapes,acdc_rain_targetcal25,11,
0.996,996,True,0.10241090146750523,0.10241090146750523,0.02420962229371071,0.6652631578947369,159,315.0,0.2799999999999999,False,0.10674157303370786,0.06956521739130435,0.0,,,67,person,0.05,0.1,heuristic,segformer_b2_cityscapes,acdc_rain_targetcal25,11,
,-1,True,,0.6371998371998372,0.0018717206548899412,,475,,,False,,,,,,67,person,0.05,0.1,argmax,segformer_b2_cityscapes,acdc_rain_targetcal25,11,0.5746031746031746
1.0,1000,True,0.0,0.0,1.0,0.6652631578947369,159,315.0,0.0,False,0.0,0.0,0.0,,,67,person,0.1,0.1,region_crc,segformer_b2_cityscapes,acdc_rain_targetcal25,11,
0.993,993,True,0.13354297693920336,0.13354297693920336,0.019024111330509186,0.6652631578947369,159,315.0,0.29052631578947363,False,0.16292134831460675,0.0782608695652174,0.0,,,67,person,0.1,0.1,heuristic,segformer_b2_cityscapes,acdc_rain_targetcal25,11,
,-1,True,,0.6371998371998372,0.0018717206548899412,,475,,,False,,,,,,67,person,0.1,0.1,argmax,segformer_b2_cityscapes,acdc_rain_targetcal25,11,0.5746031746031746
0.986,986,True,0.2018115357737999,0.2018115357737999,0.013901911675930023,9.76842105263158,159,315.0,0.30736842105263157,False,0.25280898876404495,0.09565217391304348,0.0,,,67,person,0.2,0.1,region_crc,segformer_b2_cityscapes,acdc_rain_targetcal25,11,
0.975,975,True,0.2615795455418097,0.2615795455418097,0.01047392189502716,9.76842105263158,159,315.0,0.3263157894736841,True,0.30337078651685395,0.1565217391304348,0.0,,,67,person,0.2,0.1,heuristic,segformer_b2_cityscapes,acdc_rain_targetcal25,11,
,-1,True,,0.6371998371998372,0.0018717206548899412,,475,,,False,,,,,,67,person,0.2,0.1,argmax,segformer_b2_cityscapes,acdc_rain_targetcal25,11,0.5746031746031746
1.0,1000,False,0.0,0.0,1.0,0.6652631578947369,159,315.0,0.0,False,0.0,0.0,0.0,,,67,person,0.05,0.5,region_crc,segformer_b2_cityscapes,acdc_rain_targetcal25,11,
0.998,998,True,0.11467505241090148,0.11467505241090148,0.03205150365829468,0.6652631578947369,159,315.0,0.25052631578947365,False,0.11797752808988764,0.08695652173913043,0.0,,,67,person,0.05,0.5,heuristic,segformer_b2_cityscapes,acdc_rain_targetcal25,11,
,-1,True,,0.7445024228043096,0.0018717206548899412,,475,,,False,,,,,,67,person,0.05,0.5,argmax,segformer_b2_cityscapes,acdc_rain_targetcal25,11,0.6857142857142857
1.0,1000,True,0.0,0.0,1.0,0.6652631578947369,159,315.0,0.0,False,0.0,0.0,0.0,,,67,person,0.1,0.5,region_crc,segformer_b2_cityscapes,acdc_rain_targetcal25,11,
0.996,996,True,0.1550314465408805,0.1550314465408805,0.02420962229371071,0.6652631578947369,159,315.0,0.2799999999999999,False,0.1797752808988764,0.09565217391304348,0.0,,,67,person,0.1,0.5,heuristic,segformer_b2_cityscapes,acdc_rain_targetcal25,11,
,-1,True,,0.7445024228043096,0.0018717206548899412,,475,,,False,,,,,,67,person,0.1,0.5,argmax,segformer_b2_cityscapes,acdc_rain_targetcal25,11,0.6857142857142857
0.994,994,True,0.20935870558512068,0.20935870558512068,0.020359598100185394,0.6652631578947369,159,315.0,0.2884210526315789,False,0.23595505617977527,0.13043478260869565,0.0,,,67,person,0.2,0.5,region_crc,segformer_b2_cityscapes,acdc_rain_targetcal25,11,
0.991,991,True,0.2564882008278234,0.2564882008278234,0.017016060650348663,0.6652631578947369,159,315.0,0.29263157894736835,False,0.29213483146067415,0.16521739130434782,0.0,,,67,person,0.2,0.5,heuristic,segformer_b2_cityscapes,acdc_rain_targetcal25,11,
,-1,True,,0.7445024228043096,0.0018717206548899412,,475,,,False,,,,,,67,person,0.2,0.5,argmax,segformer_b2_cityscapes,acdc_rain_targetcal25,11,0.6857142857142857
1.0,1000,False,0.0,0.0,1.0,0.9494736842105264,24,31.0,0.0,False,0.0,0.0,0.0,,,67,rider,0.05,0.1,region_crc,segformer_b2_cityscapes,acdc_rain_targetcal25,4,
1.0,1000,True,0.0,0.0,1.0,0.9494736842105264,24,31.0,0.0,False,0.0,0.0,0.0,,,67,rider,0.05,0.1,heuristic,segformer_b2_cityscapes,acdc_rain_targetcal25,4,
,-1,True,,0.8125,0.00021047858172096312,,475,,,False,,,,,,67,rider,0.05,0.1,argmax,segformer_b2_cityscapes,acdc_rain_targetcal25,4,0.8387096774193549
1.0,1000,False,0.0,0.0,1.0,0.9494736842105264,24,31.0,0.0,False,0.0,0.0,0.0,,,67,rider,0.1,0.1,region_crc,segformer_b2_cityscapes,acdc_rain_targetcal25,4,
1.0,1000,True,0.0,0.0,1.0,0.9494736842105264,24,31.0,0.0,False,0.0,0.0,0.0,,,67,rider,0.1,0.1,heuristic,segformer_b2_cityscapes,acdc_rain_targetcal25,4,
,-1,True,,0.8125,0.00021047858172096312,,475,,,False,,,,,,67,rider,0.1,0.1,argmax,segformer_b2_cityscapes,acdc_rain_targetcal25,4,0.8387096774193549
1.0,1000,True,0.0,0.0,1.0,0.9494736842105264,24,31.0,0.0,False,0.0,0.0,0.0,,,67,rider,0.2,0.1,region_crc,segformer_b2_cityscapes,acdc_rain_targetcal25,4,
1.0,1000,True,0.0,0.0,1.0,0.9494736842105264,24,31.0,0.0,False,0.0,0.0,0.0,,,67,rider,0.2,0.1,heuristic,segformer_b2_cityscapes,acdc_rain_targetcal25,4,
,-1,True,,0.8125,0.00021047858172096312,,475,,,False,,,,,,67,rider,0.2,0.1,argmax,segformer_b2_cityscapes,acdc_rain_targetcal25,4,0.8387096774193549
1.0,1000,False,0.0,0.0,1.0,0.9494736842105264,24,31.0,0.0,False,0.0,0.0,0.0,,,67,rider,0.05,0.5,region_crc,segformer_b2_cityscapes,acdc_rain_targetcal25,4,
1.0,1000,True,0.0,0.0,1.0,0.9494736842105264,24,31.0,0.0,False,0.0,0.0,0.0,,,67,rider,0.05,0.5,heuristic,segformer_b2_cityscapes,acdc_rain_targetcal25,4,
,-1,True,,0.8541666666666666,0.00021047858172096312,,475,,,False,,,,,,67,rider,0.05,0.5,argmax,segformer_b2_cityscapes,acdc_rain_targetcal25,4,0.8709677419354839
1.0,1000,False,0.0,0.0,1.0,0.9494736842105264,24,31.0,0.0,False,0.0,0.0,0.0,,,67,rider,0.1,0.5,region_crc,segformer_b2_cityscapes,acdc_rain_targetcal25,4,
1.0,1000,True,0.0,0.0,1.0,0.9494736842105264,24,31.0,0.0,False,0.0,0.0,0.0,,,67,rider,0.1,0.5,heuristic,segformer_b2_cityscapes,acdc_rain_targetcal25,4,
,-1,True,,0.8541666666666666,0.00021047858172096312,,475,,,False,,,,,,67,rider,0.1,0.5,argmax,segformer_b2_cityscapes,acdc_rain_targetcal25,4,0.8709677419354839
1.0,1000,True,0.0,0.0,1.0,0.9494736842105264,24,31.0,0.0,False,0.0,0.0,0.0,,,67,rider,0.2,0.5,region_crc,segformer_b2_cityscapes,acdc_rain_targetcal25,4,
1.0,1000,True,0.0,0.0,1.0,0.9494736842105264,24,31.0,0.0,False,0.0,0.0,0.0,,,67,rider,0.2,0.5,heuristic,segformer_b2_cityscapes,acdc_rain_targetcal25,4,
,-1,True,,0.8541666666666666,0.00021047858172096312,,475,,,False,,,,,,67,rider,0.2,0.5,argmax,segformer_b2_cityscapes,acdc_rain_targetcal25,4,0.8709677419354839
1.0,1000,False,0.0,0.0,1.0,0.8315789473684211,80,148.0,0.0,False,0.0,0.0,0.0,,,67,bicycle,0.05,0.1,region_crc,segformer_b2_cityscapes,acdc_rain_targetcal25,3,
1.0,1000,True,0.0,0.0,1.0,0.8315789473684211,80,148.0,0.0,False,0.0,0.0,0.0,,,67,bicycle,0.05,0.1,heuristic,segformer_b2_cityscapes,acdc_rain_targetcal25,3,
,-1,True,,0.7250297619047619,0.001143056433647871,,475,,,False,,,,,,67,bicycle,0.05,0.1,argmax,segformer_b2_cityscapes,acdc_rain_targetcal25,3,0.7027027027027027
1.0,1000,False,0.0,0.0,1.0,0.8315789473684211,80,148.0,0.0,False,0.0,0.0,0.0,,,67,bicycle,0.1,0.1,region_crc,segformer_b2_cityscapes,acdc_rain_targetcal25,3,
0.999,999,True,0.21553571428571425,0.21553571428571425,0.01886318065226078,0.8315789473684211,80,148.0,0.1557894736842106,False,0.3291139240506329,0.07017543859649122,0.0,,,67,bicycle,0.1,0.1,heuristic,segformer_b2_cityscapes,acdc_rain_targetcal25,3,
,-1,True,,0.7250297619047619,0.001143056433647871,,475,,,False,,,,,,67,bicycle,0.1,0.1,argmax,segformer_b2_cityscapes,acdc_rain_targetcal25,3,0.7027027027027027
1.0,1000,False,0.0,0.0,1.0,0.8315789473684211,80,148.0,0.0,False,0.0,0.0,0.0,,,67,bicycle,0.2,0.1,region_crc,segformer_b2_cityscapes,acdc_rain_targetcal25,3,
0.9500000000000001,950,True,0.5307142857142857,0.5307142857142857,0.003013977548107505,2.271578947368421,80,148.0,0.1010526315789474,False,0.6582278481012658,0.38596491228070173,0.0,,,67,bicycle,0.2,0.1,heuristic,segformer_b2_cityscapes,acdc_rain_targetcal25,3,
,-1,True,,0.7250297619047619,0.001143056433647871,,475,,,False,,,,,,67,bicycle,0.2,0.1,argmax,segformer_b2_cityscapes,acdc_rain_targetcal25,3,0.7027027027027027
1.0,1000,False,0.0,0.0,1.0,0.8315789473684211,80,148.0,0.0,False,0.0,0.0,0.0,,,67,bicycle,0.05,0.5,region_crc,segformer_b2_cityscapes,acdc_rain_targetcal25,3,
1.0,1000,True,0.0,0.0,1.0,0.8315789473684211,80,148.0,0.0,False,0.0,0.0,0.0,,,67,bicycle,0.05,0.5,heuristic,segformer_b2_cityscapes,acdc_rain_targetcal25,3,
,-1,True,,0.7705654761904761,0.001143056433647871,,475,,,False,,,,,,67,bicycle,0.05,0.5,argmax,segformer_b2_cityscapes,acdc_rain_targetcal25,3,0.75
1.0,1000,False,0.0,0.0,1.0,0.8315789473684211,80,148.0,0.0,False,0.0,0.0,0.0,,,67,bicycle,0.1,0.5,region_crc,segformer_b2_cityscapes,acdc_rain_targetcal25,3,
1.0,1000,True,0.0,0.0,1.0,0.8315789473684211,80,148.0,0.0,False,0.0,0.0,0.0,,,67,bicycle,0.1,0.5,heuristic,segformer_b2_cityscapes,acdc_rain_targetcal25,3,
,-1,True,,0.7705654761904761,0.001143056433647871,,475,,,False,,,,,,67,bicycle,0.1,0.5,argmax,segformer_b2_cityscapes,acdc_rain_targetcal25,3,0.75
1.0,1000,False,0.0,0.0,1.0,0.8315789473684211,80,148.0,0.0,False,0.0,0.0,0.0,,,67,bicycle,0.2,0.5,region_crc,segformer_b2_cityscapes,acdc_rain_targetcal25,3,
0.985,985,True,0.5369642857142857,0.5369642857142857,0.005330325104296207,3.686315789473684,80,148.0,0.11578947368421055,False,0.6329113924050633,0.42105263157894735,0.0,,,67,bicycle,0.2,0.5,heuristic,segformer_b2_cityscapes,acdc_rain_targetcal25,3,
,-1,True,,0.7705654761904761,0.001143056433647871,,475,,,False,,,,,,67,bicycle,0.2,0.5,argmax,segformer_b2_cityscapes,acdc_rain_targetcal25,3,0.75
1.0,1000,False,0.0,0.0,1.0,0.6568421052631579,163,319.0,0.0,False,0.0,0.0,0.0,,,68,person,0.05,0.1,region_crc,segformer_b2_cityscapes,acdc_rain_targetcal25,7,
0.998,998,True,0.06799591002044988,0.06799591002044988,0.03209395706653595,0.6568421052631579,163,319.0,0.12,False,0.06077348066298342,0.04310344827586207,0.0,,,68,person,0.05,0.1,heuristic,segformer_b2_cityscapes,acdc_rain_targetcal25,7,
,-1,True,,0.6362869577593504,0.0018820895347744226,,475,,,False,,,,,,68,person,0.05,0.1,argmax,segformer_b2_cityscapes,acdc_rain_targetcal25,7,0.567398119122257
1.0,1000,False,0.0,0.0,1.0,0.6568421052631579,163,319.0,0.0,False,0.0,0.0,0.0,,,68,person,0.1,0.1,region_crc,segformer_b2_cityscapes,acdc_rain_targetcal25,7,
0.992,992,True,0.14918200408997956,0.14918200408997956,0.01802969165146351,0.6568421052631579,163,319.0,0.13894736842105265,False,0.19889502762430938,0.06896551724137931,0.0,,,68,person,0.1,0.1,heuristic,segformer_b2_cityscapes,acdc_rain_targetcal25,7,
,-1,True,,0.6362869577593504,0.0018820895347744226,,475,,,False,,,,,,68,person,0.1,0.1,argmax,segformer_b2_cityscapes,acdc_rain_targetcal25,7,0.567398119122257
0.992,992,True,0.14918200408997956,0.14918200408997956,0.01802969165146351,0.6568421052631579,163,319.0,0.13894736842105265,False,0.19889502762430938,0.06896551724137931,0.0,,,68,person,0.2,0.1,region_crc,segformer_b2_cityscapes,acdc_rain_targetcal25,7,
0.988,988,True,0.17133605998636672,0.17133605998636672,0.015037041157484055,0.6568421052631579,163,319.0,0.14947368421052626,False,0.2265193370165746,0.06896551724137931,0.0,,,68,person,0.2,0.1,heuristic,segformer_b2_cityscapes,acdc_rain_targetcal25,7,
,-1,True,,0.6362869577593504,0.0018820895347744226,,475,,,False,,,,,,68,person,0.2,0.1,argmax,segformer_b2_cityscapes,acdc_rain_targetcal25,7,0.567398119122257
1.0,1000,False,0.0,0.0,1.0,0.6568421052631579,163,319.0,0.0,False,0.0,0.0,0.0,,,68,person,0.05,0.5,region_crc,segformer_b2_cityscapes,acdc_rain_targetcal25,7,
1.0,1000,True,0.0,0.0,1.0,0.6568421052631579,163,319.0,0.0,False,0.0,0.0,0.0,,,68,person,0.05,0.5,heuristic,segformer_b2_cityscapes,acdc_rain_targetcal25,7,
,-1,True,,0.7434103388091118,0.0018820895347744226,,475,,,False,,,,,,68,person,0.05,0.5,argmax,segformer_b2_cityscapes,acdc_rain_targetcal25,7,0.6833855799373041
1.0,1000,False,0.0,0.0,1.0,0.6568421052631579,163,319.0,0.0,False,0.0,0.0,0.0,,,68,person,0.1,0.5,region_crc,segformer_b2_cityscapes,acdc_rain_targetcal25,7,
0.993,993,True,0.217718001153584,0.21771800115358395,0.019117437303066254,0.6568421052631579,163,319.0,0.13684210526315788,False,0.24861878453038674,0.14655172413793102,0.0,,,68,person,0.1,0.5,heuristic,segformer_b2_cityscapes,acdc_rain_targetcal25,7,
,-1,True,,0.7434103388091118,0.0018820895347744226,,475,,,False,,,,,,68,person,0.1,0.5,argmax,segformer_b2_cityscapes,acdc_rain_targetcal25,7,0.6833855799373041
0.996,996,True,0.15429447852760736,0.15429447852760736,0.024294361472129822,0.6568421052631579,163,319.0,0.1305263157894736,False,0.1878453038674033,0.08620689655172414,0.0,,,68,person,0.2,0.5,region_crc,segformer_b2_cityscapes,acdc_rain_targetcal25,7,
0.991,991,True,0.25346599549053533,0.2534659954905354,0.01711094193160534,0.6568421052631579,163,319.0,0.1431578947368421,False,0.2983425414364641,0.16379310344827586,0.0,,,68,person,0.2,0.5,heuristic,segformer_b2_cityscapes,acdc_rain_targetcal25,7,
,-1,True,,0.7434103388091118,0.0018820895347744226,,475,,,False,,,,,,68,person,0.2,0.5,argmax,segformer_b2_cityscapes,acdc_rain_targetcal25,7,0.6833855799373041
1.0,1000,False,0.0,0.0,1.0,0.9431578947368421,27,37.0,0.0,False,0.0,0.0,0.0,,,68,rider,0.05,0.1,region_crc,segformer_b2_cityscapes,acdc_rain_targetcal25,1,
0.975,975,True,0.6481481481481481,0.6481481481481481,0.0014067954616621137,1.2547368421052632,27,37.0,0.1389473684210526,False,0.8148148148148148,0.3333333333333333,0.0,,,68,rider,0.05,0.1,heuristic,segformer_b2_cityscapes,acdc_rain_targetcal25,1,
,-1,True,,0.7962962962962963,0.000280430685961619,,475,,,False,,,,,,68,rider,0.05,0.1,argmax,segformer_b2_cityscapes,acdc_rain_targetcal25,1,0.8108108108108109
1.0,1000,False,0.0,0.0,1.0,0.9431578947368421,27,37.0,0.0,False,0.0,0.0,0.0,,,68,rider,0.1,0.1,region_crc,segformer_b2_cityscapes,acdc_rain_targetcal25,1,
0.975,975,True,0.6481481481481481,0.6481481481481481,0.0014067954616621137,1.2547368421052632,27,37.0,0.1389473684210526,False,0.8148148148148148,0.3333333333333333,0.0,,,68,rider,0.1,0.1,heuristic,segformer_b2_cityscapes,acdc_rain_targetcal25,1,
,-1,True,,0.7962962962962963,0.000280430685961619,,475,,,False,,,,,,68,rider,0.1,0.1,argmax,segformer_b2_cityscapes,acdc_rain_targetcal25,1,0.8108108108108109
1.0,1000,False,0.0,0.0,1.0,0.9431578947368421,27,37.0,0.0,False,0.0,0.0,0.0,,,68,rider,0.2,0.1,region_crc,segformer_b2_cityscapes,acdc_rain_targetcal25,1,
0.975,975,True,0.6481481481481481,0.6481481481481481,0.0014067954616621137,1.2547368421052632,27,37.0,0.1389473684210526,False,0.8148148148148148,0.3333333333333333,0.0,,,68,rider,0.2,0.1,heuristic,segformer_b2_cityscapes,acdc_rain_targetcal25,1,
,-1,True,,0.7962962962962963,0.000280430685961619,,475,,,False,,,,,,68,rider,0.2,0.1,argmax,segformer_b2_cityscapes,acdc_rain_targetcal25,1,0.8108108108108109
1.0,1000,False,0.0,0.0,1.0,0.9431578947368421,27,37.0,0.0,False,0.0,0.0,0.0,,,68,rider,0.05,0.5,region_crc,segformer_b2_cityscapes,acdc_rain_targetcal25,1,
0.999,999,True,0.5061728395061729,0.5061728395061729,0.006844100076705217,0.9431578947368421,27,37.0,0.2021052631578948,False,0.5925925925925926,0.16666666666666666,0.0,,,68,rider,0.05,0.5,heuristic,segformer_b2_cityscapes,acdc_rain_targetcal25,1,
,-1,True,,0.8518518518518519,0.000280430685961619,,475,,,False,,,,,,68,rider,0.05,0.5,argmax,segformer_b2_cityscapes,acdc_rain_targetcal25,1,0.8648648648648649
1.0,1000,False,0.0,0.0,1.0,0.9431578947368421,27,37.0,0.0,False,0.0,0.0,0.0,,,68,rider,0.1,0.5,region_crc,segformer_b2_cityscapes,acdc_rain_targetcal25,1,
0.999,999,True,0.5061728395061729,0.5061728395061729,0.006844100076705217,0.9431578947368421,27,37.0,0.2021052631578948,False,0.5925925925925926,0.16666666666666666,0.0,,,68,rider,0.1,0.5,heuristic,segformer_b2_cityscapes,acdc_rain_targetcal25,1,
,-1,True,,0.8518518518518519,0.000280430685961619,,475,,,False,,,,,,68,rider,0.1,0.5,argmax,segformer_b2_cityscapes,acdc_rain_targetcal25,1,0.8648648648648649
1.0,1000,False,0.0,0.0,1.0,0.9431578947368421,27,37.0,0.0,False,0.0,0.0,0.0,,,68,rider,0.2,0.5,region_crc,segformer_b2_cityscapes,acdc_rain_targetcal25,1,
0.999,999,True,0.5061728395061729,0.5061728395061729,0.006844100076705217,0.9431578947368421,27,37.0,0.2021052631578948,False,0.5925925925925926,0.16666666666666666,0.0,,,68,rider,0.2,0.5,heuristic,segformer_b2_cityscapes,acdc_rain_targetcal25,1,
,-1,True,,0.8518518518518519,0.000280430685961619,,475,,,False,,,,,,68,rider,0.2,0.5,argmax,segformer_b2_cityscapes,acdc_rain_targetcal25,1,0.8648648648648649
1.0,1000,False,0.0,0.0,1.0,0.8315789473684211,80,155.0,0.0,False,0.0,0.0,0.0,,,68,bicycle,0.05,0.1,region_crc,segformer_b2_cityscapes,acdc_rain_targetcal25,3,
1.0,1000,True,0.0,0.0,1.0,0.8315789473684211,80,155.0,0.0,False,0.0,0.0,0.0,,,68,bicycle,0.05,0.1,heuristic,segformer_b2_cityscapes,acdc_rain_targetcal25,3,
,-1,True,,0.726279761904762,0.0011918668169528246,,475,,,False,,,,,,68,bicycle,0.05,0.1,argmax,segformer_b2_cityscapes,acdc_rain_targetcal25,3,0.7096774193548387
1.0,1000,False,0.0,0.0,1.0,0.8315789473684211,80,155.0,0.0,False,0.0,0.0,0.0,,,68,bicycle,0.1,0.1,region_crc,segformer_b2_cityscapes,acdc_rain_targetcal25,3,
1.0,1000,True,0.0,0.0,1.0,0.8315789473684211,80,155.0,0.0,False,0.0,0.0,0.0,,,68,bicycle,0.1,0.1,heuristic,segformer_b2_cityscapes,acdc_rain_targetcal25,3,
,-1,True,,0.726279761904762,0.0011918668169528246,,475,,,False,,,,,,68,bicycle,0.1,0.1,argmax,segformer_b2_cityscapes,acdc_rain_targetcal25,3,0.7096774193548387
1.0,1000,False,0.0,0.0,1.0,0.8315789473684211,80,155.0,0.0,False,0.0,0.0,0.0,,,68,bicycle,0.2,0.1,region_crc,segformer_b2_cityscapes,acdc_rain_targetcal25,3,
1.0,1000,True,0.0,0.0,1.0,0.8315789473684211,80,155.0,0.0,False,0.0,0.0,0.0,,,68,bicycle,0.2,0.1,heuristic,segformer_b2_cityscapes,acdc_rain_targetcal25,3,
,-1,True,,0.726279761904762,0.0011918668169528246,,475,,,False,,,,,,68,bicycle,0.2,0.1,argmax,segformer_b2_cityscapes,acdc_rain_targetcal25,3,0.7096774193548387
1.0,1000,False,0.0,0.0,1.0,0.8315789473684211,80,155.0,0.0,False,0.0,0.0,0.0,,,68,bicycle,0.05,0.5,region_crc,segformer_b2_cityscapes,acdc_rain_targetcal25,3,
1.0,1000,True,0.0,0.0,1.0,0.8315789473684211,80,155.0,0.0,False,0.0,0.0,0.0,,,68,bicycle,0.05,0.5,heuristic,segformer_b2_cityscapes,acdc_rain_targetcal25,3,
,-1,True,,0.7718154761904762,0.0011918668169528246,,475,,,False,,,,,,68,bicycle,0.05,0.5,argmax,segformer_b2_cityscapes,acdc_rain_targetcal25,3,0.7548387096774194
1.0,1000,False,0.0,0.0,1.0,0.8315789473684211,80,155.0,0.0,False,0.0,0.0,0.0,,,68,bicycle,0.1,0.5,region_crc,segformer_b2_cityscapes,acdc_rain_targetcal25,3,
1.0,1000,True,0.0,0.0,1.0,0.8315789473684211,80,155.0,0.0,False,0.0,0.0,0.0,,,68,bicycle,0.1,0.5,heuristic,segformer_b2_cityscapes,acdc_rain_targetcal25,3,
,-1,True,,0.7718154761904762,0.0011918668169528246,,475,,,False,,,,,,68,bicycle,0.1,0.5,argmax,segformer_b2_cityscapes,acdc_rain_targetcal25,3,0.7548387096774194
1.0,1000,False,0.0,0.0,1.0,0.8315789473684211,80,155.0,0.0,False,0.0,0.0,0.0,,,68,bicycle,0.2,0.5,region_crc,segformer_b2_cityscapes,acdc_rain_targetcal25,3,
1.0,1000,True,0.0,0.0,1.0,0.8315789473684211,80,155.0,0.0,False,0.0,0.0,0.0,,,68,bicycle,0.2,0.5,heuristic,segformer_b2_cityscapes,acdc_rain_targetcal25,3,
,-1,True,,0.7718154761904762,0.0011918668169528246,,475,,,False,,,,,,68,bicycle,0.2,0.5,argmax,segformer_b2_cityscapes,acdc_rain_targetcal25,3,0.7548387096774194
1.0,1000,False,0.0,0.0,1.0,0.6568421052631579,163,320.0,0.0,False,0.0,0.0,0.0,,,69,person,0.05,0.1,region_crc,segformer_b2_cityscapes,acdc_rain_targetcal25,7,
0.997,997,True,0.09100204498977504,0.09100204498977504,0.02761082537472248,0.6568421052631579,163,320.0,0.14315789473684215,False,0.0893854748603352,0.06722689075630252,0.0,,,69,person,0.05,0.1,heuristic,segformer_b2_cityscapes,acdc_rain_targetcal25,7,
,-1,True,,0.6348554649168145,0.001941343885846436,,475,,,False,,,,,,69,person,0.05,0.1,argmax,segformer_b2_cityscapes,acdc_rain_targetcal25,7,0.575
1.0,1000,False,0.0,0.0,1.0,0.6568421052631579,163,320.0,0.0,False,0.0,0.0,0.0,,,69,person,0.1,0.1,region_crc,segformer_b2_cityscapes,acdc_rain_targetcal25,7,
0.995,995,True,0.11267893660531697,0.11267893660531697,0.02234281413257122,0.6568421052631579,163,320.0,0.16000000000000003,False,0.12290502793296089,0.07563025210084033,0.0,,,69,person,0.1,0.1,heuristic,segformer_b2_cityscapes,acdc_rain_targetcal25,7,
,-1,True,,0.6348554649168145,0.001941343885846436,,475,,,False,,,,,,69,person,0.1,0.1,argmax,segformer_b2_cityscapes,acdc_rain_targetcal25,7,0.575
0.995,995,True,0.11267893660531697,0.11267893660531697,0.02234281413257122,0.6568421052631579,163,320.0,0.16000000000000003,False,0.12290502793296089,0.07563025210084033,0.0,,,69,person,0.2,0.1,region_crc,segformer_b2_cityscapes,acdc_rain_targetcal25,7,
0.978,978,True,0.2280451995175921,0.2280451995175921,0.011408774182200432,9.774736842105263,163,320.0,0.2126315789473684,False,0.27932960893854747,0.11764705882352941,0.0,,,69,person,0.2,0.1,heuristic,segformer_b2_cityscapes,acdc_rain_targetcal25,7,
,-1,True,,0.6348554649168145,0.001941343885846436,,475,,,False,,,,,,69,person,0.2,0.1,argmax,segformer_b2_cityscapes,acdc_rain_targetcal25,7,0.575
1.0,1000,False,0.0,0.0,1.0,0.6568421052631579,163,320.0,0.0,False,0.0,0.0,0.0,,,69,person,0.05,0.5,region_crc,segformer_b2_cityscapes,acdc_rain_targetcal25,7,
0.999,999,True,0.07566462167689161,0.07566462167689161,0.0421011783182621,0.6568421052631579,163,320.0,0.18105263157894746,False,0.055865921787709494,0.07563025210084033,0.0,,,69,person,0.05,0.5,heuristic,segformer_b2_cityscapes,acdc_rain_targetcal25,7,
,-1,True,,0.7425923428990914,0.001941343885846436,,475,,,False,,,,,,69,person,0.05,0.5,argmax,segformer_b2_cityscapes,acdc_rain_targetcal25,7,0.684375
1.0,1000,False,0.0,0.0,1.0,0.6568421052631579,163,320.0,0.0,False,0.0,0.0,0.0,,,69,person,0.1,0.5,region_crc,segformer_b2_cityscapes,acdc_rain_targetcal25,7,
0.997,997,True,0.13588957055214723,0.13588957055214723,0.02761082537472248,0.6568421052631579,163,320.0,0.14315789473684215,False,0.1564245810055866,0.09243697478991597,0.0,,,69,person,0.1,0.5,heuristic,segformer_b2_cityscapes,acdc_rain_targetcal25,7,
,-1,True,,0.7425923428990914,0.001941343885846436,,475,,,False,,,,,,69,person,0.1,0.5,argmax,segformer_b2_cityscapes,acdc_rain_targetcal25,7,0.684375
0.997,997,True,0.13588957055214723,0.13588957055214723,0.02761082537472248,0.6568421052631579,163,320.0,0.14315789473684215,False,0.1564245810055866,0.09243697478991597,0.0,,,69,person,0.2,0.5,region_crc,segformer_b2_cityscapes,acdc_rain_targetcal25,7,
0.997,997,True,0.13588957055214723,0.13588957055214723,0.02761082537472248,0.6568421052631579,163,320.0,0.14315789473684215,False,0.1564245810055866,0.09243697478991597,0.0,,,69,person,0.2,0.5,heuristic,segformer_b2_cityscapes,acdc_rain_targetcal25,7,
,-1,True,,0.7425923428990914,0.001941343885846436,,475,,,False,,,,,,69,person,0.2,0.5,argmax,segformer_b2_cityscapes,acdc_rain_targetcal25,7,0.684375
1.0,1000,False,0.0,0.0,1.0,0.9452631578947368,26,36.0,0.0,False,0.0,0.0,0.0,,,69,rider,0.05,0.1,region_crc,segformer_b2_cityscapes,acdc_rain_targetcal25,2,
1.0,1000,True,0.0,0.0,1.0,0.9452631578947368,26,36.0,0.0,False,0.0,0.0,0.0,,,69,rider,0.05,0.1,heuristic,segformer_b2_cityscapes,acdc_rain_targetcal25,2,
,-1,True,,0.7884615384615384,0.00028120531351305544,,475,,,False,,,,,,69,rider,0.05,0.1,argmax,segformer_b2_cityscapes,acdc_rain_targetcal25,2,0.8055555555555556
1.0,1000,False,0.0,0.0,1.0,0.9452631578947368,26,36.0,0.0,False,0.0,0.0,0.0,,,69,rider,0.1,0.1,region_crc,segformer_b2_cityscapes,acdc_rain_targetcal25,2,
1.0,1000,True,0.0,0.0,1.0,0.9452631578947368,26,36.0,0.0,False,0.0,0.0,0.0,,,69,rider,0.1,0.1,heuristic,segformer_b2_cityscapes,acdc_rain_targetcal25,2,
,-1,True,,0.7884615384615384,0.00028120531351305544,,475,,,False,,,,,,69,rider,0.1,0.1,argmax,segformer_b2_cityscapes,acdc_rain_targetcal25,2,0.8055555555555556
1.0,1000,False,0.0,0.0,1.0,0.9452631578947368,26,36.0,0.0,False,0.0,0.0,0.0,,,69,rider,0.2,0.1,region_crc,segformer_b2_cityscapes,acdc_rain_targetcal25,2,
1.0,1000,True,0.0,0.0,1.0,0.9452631578947368,26,36.0,0.0,False,0.0,0.0,0.0,,,69,rider,0.2,0.1,heuristic,segformer_b2_cityscapes,acdc_rain_targetcal25,2,
,-1,True,,0.7884615384615384,0.00028120531351305544,,475,,,False,,,,,,69,rider,0.2,0.1,argmax,segformer_b2_cityscapes,acdc_rain_targetcal25,2,0.8055555555555556
1.0,1000,False,0.0,0.0,1.0,0.9452631578947368,26,36.0,0.0,False,0.0,0.0,0.0,,,69,rider,0.05,0.5,region_crc,segformer_b2_cityscapes,acdc_rain_targetcal25,2,
1.0,1000,True,0.0,0.0,1.0,0.9452631578947368,26,36.0,0.0,False,0.0,0.0,0.0,,,69,rider,0.05,0.5,heuristic,segformer_b2_cityscapes,acdc_rain_targetcal25,2,
,-1,True,,0.8461538461538461,0.00028120531351305544,,475,,,False,,,,,,69,rider,0.05,0.5,argmax,segformer_b2_cityscapes,acdc_rain_targetcal25,2,0.8611111111111112
1.0,1000,False,0.0,0.0,1.0,0.9452631578947368,26,36.0,0.0,False,0.0,0.0,0.0,,,69,rider,0.1,0.5,region_crc,segformer_b2_cityscapes,acdc_rain_targetcal25,2,
1.0,1000,True,0.0,0.0,1.0,0.9452631578947368,26,36.0,0.0,False,0.0,0.0,0.0,,,69,rider,0.1,0.5,heuristic,segformer_b2_cityscapes,acdc_rain_targetcal25,2,
,-1,True,,0.8461538461538461,0.00028120531351305544,,475,,,False,,,,,,69,rider,0.1,0.5,argmax,segformer_b2_cityscapes,acdc_rain_targetcal25,2,0.8611111111111112
1.0,1000,False,0.0,0.0,1.0,0.9452631578947368,26,36.0,0.0,False,0.0,0.0,0.0,,,69,rider,0.2,0.5,region_crc,segformer_b2_cityscapes,acdc_rain_targetcal25,2,
1.0,1000,True,0.0,0.0,1.0,0.9452631578947368,26,36.0,0.0,False,0.0,0.0,0.0,,,69,rider,0.2,0.5,heuristic,segformer_b2_cityscapes,acdc_rain_targetcal25,2,
,-1,True,,0.8461538461538461,0.00028120531351305544,,475,,,False,,,,,,69,rider,0.2,0.5,argmax,segformer_b2_cityscapes,acdc_rain_targetcal25,2,0.8611111111111112
1.0,1000,False,0.0,0.0,1.0,0.8273684210526315,82,157.0,0.0,False,0.0,0.0,0.0,,,69,bicycle,0.05,0.1,region_crc,segformer_b2_cityscapes,acdc_rain_targetcal25,1,
0.755,755,True,0.6894599303135889,0.6894599303135889,0.0014980948762968183,0.7178947368421053,82,157.0,0.14105263157894743,False,0.8255813953488372,0.5614035087719298,0.0,,,69,bicycle,0.05,0.1,heuristic,segformer_b2_cityscapes,acdc_rain_targetcal25,1,
,-1,True,,0.7268583042973287,0.0011934636859223247,,475,,,False,,,,,,69,bicycle,0.05,0.1,argmax,segformer_b2_cityscapes,acdc_rain_targetcal25,1,0.7070063694267515
1.0,1000,False,0.0,0.0,1.0,0.8273684210526315,82,157.0,0.0,False,0.0,0.0,0.0,,,69,bicycle,0.1,0.1,region_crc,segformer_b2_cityscapes,acdc_rain_targetcal25,1,
0.755,755,True,0.6894599303135889,0.6894599303135889,0.0014980948762968183,0.7178947368421053,82,157.0,0.14105263157894743,False,0.8255813953488372,0.5614035087719298,0.0,,,69,bicycle,0.1,0.1,heuristic,segformer_b2_cityscapes,acdc_rain_targetcal25,1,
,-1,True,,0.7268583042973287,0.0011934636859223247,,475,,,False,,,,,,69,bicycle,0.1,0.1,argmax,segformer_b2_cityscapes,acdc_rain_targetcal25,1,0.7070063694267515
1.0,1000,False,0.0,0.0,1.0,0.8273684210526315,82,157.0,0.0,False,0.0,0.0,0.0,,,69,bicycle,0.2,0.1,region_crc,segformer_b2_cityscapes,acdc_rain_targetcal25,1,
0.755,755,True,0.6894599303135889,0.6894599303135889,0.0014980948762968183,0.7178947368421053,82,157.0,0.14105263157894743,False,0.8255813953488372,0.5614035087719298,0.0,,,69,bicycle,0.2,0.1,heuristic,segformer_b2_cityscapes,acdc_rain_targetcal25,1,
,-1,True,,0.7268583042973287,0.0011934636859223247,,475,,,False,,,,,,69,bicycle,0.2,0.1,argmax,segformer_b2_cityscapes,acdc_rain_targetcal25,1,0.7070063694267515
1.0,1000,False,0.0,0.0,1.0,0.8273684210526315,82,157.0,0.0,False,0.0,0.0,0.0,,,69,bicycle,0.05,0.5,region_crc,segformer_b2_cityscapes,acdc_rain_targetcal25,1,
0.9490000000000001,949,True,0.6234901277584204,0.6234901277584204,0.003083741758018732,2.2526315789473683,82,157.0,0.20421052631578945,False,0.6976744186046512,0.5087719298245614,0.0,,,69,bicycle,0.05,0.5,heuristic,segformer_b2_cityscapes,acdc_rain_targetcal25,1,
,-1,True,,0.7712833914053426,0.0011934636859223247,,475,,,False,,,,,,69,bicycle,0.05,0.5,argmax,segformer_b2_cityscapes,acdc_rain_targetcal25,1,0.7515923566878981
1.0,1000,False,0.0,0.0,1.0,0.8273684210526315,82,157.0,0.0,False,0.0,0.0,0.0,,,69,bicycle,0.1,0.5,region_crc,segformer_b2_cityscapes,acdc_rain_targetcal25,1,
0.9490000000000001,949,True,0.6234901277584204,0.6234901277584204,0.003083741758018732,2.2526315789473683,82,157.0,0.20421052631578945,False,0.6976744186046512,0.5087719298245614,0.0,,,69,bicycle,0.1,0.5,heuristic,segformer_b2_cityscapes,acdc_rain_targetcal25,1,
,-1,True,,0.7712833914053426,0.0011934636859223247,,475,,,False,,,,,,69,bicycle,0.1,0.5,argmax,segformer_b2_cityscapes,acdc_rain_targetcal25,1,0.7515923566878981
1.0,1000,False,0.0,0.0,1.0,0.8273684210526315,82,157.0,0.0,False,0.0,0.0,0.0,,,69,bicycle,0.2,0.5,region_crc,segformer_b2_cityscapes,acdc_rain_targetcal25,1,
0.9490000000000001,949,True,0.6234901277584204,0.6234901277584204,0.003083741758018732,2.2526315789473683,82,157.0,0.20421052631578945,False,0.6976744186046512,0.5087719298245614,0.0,,,69,bicycle,0.2,0.5,heuristic,segformer_b2_cityscapes,acdc_rain_targetcal25,1,
,-1,True,,0.7712833914053426,0.0011934636859223247,,475,,,False,,,,,,69,bicycle,0.2,0.5,argmax,segformer_b2_cityscapes,acdc_rain_targetcal25,1,0.7515923566878981
1.0,1000,False,0.0,0.0,1.0,0.6568421052631579,163,324.0,0.0,False,0.0,0.0,0.0,,,70,person,0.05,0.1,region_crc,segformer_b2_cityscapes,acdc_rain_targetcal25,7,
1.0,1000,True,0.0,0.0,1.0,0.6568421052631579,163,324.0,0.0,False,0.0,0.0,0.0,,,70,person,0.05,0.1,heuristic,segformer_b2_cityscapes,acdc_rain_targetcal25,7,
,-1,True,,0.6250395139965692,0.0018822532147169113,,475,,,False,,,,,,70,person,0.05,0.1,argmax,segformer_b2_cityscapes,acdc_rain_targetcal25,7,0.5679012345679012
1.0,1000,False,0.0,0.0,1.0,0.6568421052631579,163,324.0,0.0,False,0.0,0.0,0.0,,,70,person,0.1,0.1,region_crc,segformer_b2_cityscapes,acdc_rain_targetcal25,7,
0.996,996,True,0.09989775051124745,0.09989775051124743,0.02438320405781269,0.6568421052631579,163,324.0,0.14526315789473687,False,0.10326086956521739,0.06722689075630252,0.0,,,70,person,0.1,0.1,heuristic,segformer_b2_cityscapes,acdc_rain_targetcal25,7,
,-1,True,,0.6250395139965692,0.0018822532147169113,,475,,,False,,,,,,70,person,0.1,0.1,argmax,segformer_b2_cityscapes,acdc_rain_targetcal25,7,0.5679012345679012
0.996,996,True,0.09989775051124745,0.09989775051124743,0.02438320405781269,0.6568421052631579,163,324.0,0.14526315789473687,False,0.10326086956521739,0.06722689075630252,0.0,,,70,person,0.2,0.1,region_crc,segformer_b2_cityscapes,acdc_rain_targetcal25,7,
0.984,984,True,0.20626605841329765,0.20626605841329765,0.013160808943212032,9.83157894736842,163,324.0,0.1305263157894737,False,0.2554347826086957,0.1092436974789916,0.0,,,70,person,0.2,0.1,heuristic,segformer_b2_cityscapes,acdc_rain_targetcal25,7,
,-1,True,,0.6250395139965692,0.0018822532147169113,,475,,,False,,,,,,70,person,0.2,0.1,argmax,segformer_b2_cityscapes,acdc_rain_targetcal25,7,0.5679012345679012
1.0,1000,False,0.0,0.0,1.0,0.6568421052631579,163,324.0,0.0,False,0.0,0.0,0.0,,,70,person,0.05,0.5,region_crc,segformer_b2_cityscapes,acdc_rain_targetcal25,7,
1.0,1000,True,0.0,0.0,1.0,0.6568421052631579,163,324.0,0.0,False,0.0,0.0,0.0,,,70,person,0.05,0.5,heuristic,segformer_b2_cityscapes,acdc_rain_targetcal25,7,
,-1,True,,0.7382978643714839,0.0018822532147169113,,475,,,False,,,,,,70,person,0.05,0.5,argmax,segformer_b2_cityscapes,acdc_rain_targetcal25,7,0.6851851851851852
1.0,1000,False,0.0,0.0,1.0,0.6568421052631579,163,324.0,0.0,False,0.0,0.0,0.0,,,70,person,0.1,0.5,region_crc,segformer_b2_cityscapes,acdc_rain_targetcal25,7,
0.998,998,True,0.11186094069529653,0.1118609406952965,0.03224726393818855,0.6568421052631579,163,324.0,0.1431578947368421,False,0.11413043478260869,0.08403361344537816,0.0,,,70,person,0.1,0.5,heuristic,segformer_b2_cityscapes,acdc_rain_targetcal25,7,
,-1,True,,0.7382978643714839,0.0018822532147169113,,475,,,False,,,,,,70,person,0.1,0.5,argmax,segformer_b2_cityscapes,acdc_rain_targetcal25,7,0.6851851851851852
0.998,998,True,0.11186094069529653,0.1118609406952965,0.03224726393818855,0.6568421052631579,163,324.0,0.1431578947368421,False,0.11413043478260869,0.08403361344537816,0.0,,,70,person,0.2,0.5,region_crc,segformer_b2_cityscapes,acdc_rain_targetcal25,7,
0.992,992,True,0.23070368622515863,0.23070368622515863,0.018072834238409996,0.6568421052631579,163,324.0,0.1473684210526316,False,0.2554347826086957,0.16806722689075632,0.0,,,70,person,0.2,0.5,heuristic,segformer_b2_cityscapes,acdc_rain_targetcal25,7,
,-1,True,,0.7382978643714839,0.0018822532147169113,,475,,,False,,,,,,70,person,0.2,0.5,argmax,segformer_b2_cityscapes,acdc_rain_targetcal25,7,0.6851851851851852
1.0,1000,False,0.0,0.0,1.0,0.9452631578947368,26,36.0,0.0,False,0.0,0.0,0.0,,,70,rider,0.05,0.1,region_crc,segformer_b2_cityscapes,acdc_rain_targetcal25,2,
1.0,1000,True,0.0,0.0,1.0,0.9452631578947368,26,36.0,0.0,False,0.0,0.0,0.0,,,70,rider,0.05,0.1,heuristic,segformer_b2_cityscapes,acdc_rain_targetcal25,2,
,-1,True,,0.7884615384615384,0.0002603009052108973,,475,,,False,,,,,,70,rider,0.05,0.1,argmax,segformer_b2_cityscapes,acdc_rain_targetcal25,2,0.8055555555555556
1.0,1000,False,0.0,0.0,1.0,0.9452631578947368,26,36.0,0.0,False,0.0,0.0,0.0,,,70,rider,0.1,0.1,region_crc,segformer_b2_cityscapes,acdc_rain_targetcal25,2,
1.0,1000,True,0.0,0.0,1.0,0.9452631578947368,26,36.0,0.0,False,0.0,0.0,0.0,,,70,rider,0.1,0.1,heuristic,segformer_b2_cityscapes,acdc_rain_targetcal25,2,
,-1,True,,0.7884615384615384,0.0002603009052108973,,475,,,False,,,,,,70,rider,0.1,0.1,argmax,segformer_b2_cityscapes,acdc_rain_targetcal25,2,0.8055555555555556
1.0,1000,False,0.0,0.0,1.0,0.9452631578947368,26,36.0,0.0,False,0.0,0.0,0.0,,,70,rider,0.2,0.1,region_crc,segformer_b2_cityscapes,acdc_rain_targetcal25,2,
1.0,1000,True,0.0,0.0,1.0,0.9452631578947368,26,36.0,0.0,False,0.0,0.0,0.0,,,70,rider,0.2,0.1,heuristic,segformer_b2_cityscapes,acdc_rain_targetcal25,2,
,-1,True,,0.7884615384615384,0.0002603009052108973,,475,,,False,,,,,,70,rider,0.2,0.1,argmax,segformer_b2_cityscapes,acdc_rain_targetcal25,2,0.8055555555555556
1.0,1000,False,0.0,0.0,1.0,0.9452631578947368,26,36.0,0.0,False,0.0,0.0,0.0,,,70,rider,0.05,0.5,region_crc,segformer_b2_cityscapes,acdc_rain_targetcal25,2,
1.0,1000,True,0.0,0.0,1.0,0.9452631578947368,26,36.0,0.0,False,0.0,0.0,0.0,,,70,rider,0.05,0.5,heuristic,segformer_b2_cityscapes,acdc_rain_targetcal25,2,
,-1,True,,0.8461538461538461,0.0002603009052108973,,475,,,False,,,,,,70,rider,0.05,0.5,argmax,segformer_b2_cityscapes,acdc_rain_targetcal25,2,0.8611111111111112
1.0,1000,False,0.0,0.0,1.0,0.9452631578947368,26,36.0,0.0,False,0.0,0.0,0.0,,,70,rider,0.1,0.5,region_crc,segformer_b2_cityscapes,acdc_rain_targetcal25,2,
1.0,1000,True,0.0,0.0,1.0,0.9452631578947368,26,36.0,0.0,False,0.0,0.0,0.0,,,70,rider,0.1,0.5,heuristic,segformer_b2_cityscapes,acdc_rain_targetcal25,2,
,-1,True,,0.8461538461538461,0.0002603009052108973,,475,,,False,,,,,,70,rider,0.1,0.5,argmax,segformer_b2_cityscapes,acdc_rain_targetcal25,2,0.8611111111111112
1.0,1000,False,0.0,0.0,1.0,0.9452631578947368,26,36.0,0.0,False,0.0,0.0,0.0,,,70,rider,0.2,0.5,region_crc,segformer_b2_cityscapes,acdc_rain_targetcal25,2,
1.0,1000,True,0.0,0.0,1.0,0.9452631578947368,26,36.0,0.0,False,0.0,0.0,0.0,,,70,rider,0.2,0.5,heuristic,segformer_b2_cityscapes,acdc_rain_targetcal25,2,
,-1,True,,0.8461538461538461,0.0002603009052108973,,475,,,False,,,,,,70,rider,0.2,0.5,argmax,segformer_b2_cityscapes,acdc_rain_targetcal25,2,0.8611111111111112
1.0,1000,False,0.0,0.0,1.0,0.8378947368421052,77,147.0,0.0,False,0.0,0.0,0.0,,,70,bicycle,0.05,0.1,region_crc,segformer_b2_cityscapes,acdc_rain_targetcal25,6,
1.0,1000,True,0.0,0.0,1.0,0.8378947368421052,77,147.0,0.0,False,0.0,0.0,0.0,,,70,bicycle,0.05,0.1,heuristic,segformer_b2_cityscapes,acdc_rain_targetcal25,6,
,-1,True,,0.7372603586889303,0.0011641731252893806,,475,,,False,,,,,,70,bicycle,0.05,0.1,argmax,segformer_b2_cityscapes,acdc_rain_targetcal25,6,0.7142857142857143
1.0,1000,False,0.0,0.0,1.0,0.8378947368421052,77,147.0,0.0,False,0.0,0.0,0.0,,,70,bicycle,0.1,0.1,region_crc,segformer_b2_cityscapes,acdc_rain_targetcal25,6,
1.0,1000,True,0.0,0.0,1.0,0.8378947368421052,77,147.0,0.0,False,0.0,0.0,0.0,,,70,bicycle,0.1,0.1,heuristic,segformer_b2_cityscapes,acdc_rain_targetcal25,6,
,-1,True,,0.7372603586889303,0.0011641731252893806,,475,,,False,,,,,,70,bicycle,0.1,0.1,argmax,segformer_b2_cityscapes,acdc_rain_targetcal25,6,0.7142857142857143
1.0,1000,True,0.0,0.0,1.0,0.8378947368421052,77,147.0,0.0,False,0.0,0.0,0.0,,,70,bicycle,0.2,0.1,region_crc,segformer_b2_cityscapes,acdc_rain_targetcal25,6,
0.996,996,True,0.3126777983920841,0.3126777983920841,0.010018197819590569,0.8378947368421052,77,147.0,0.15999999999999998,False,0.4567901234567901,0.11320754716981132,0.0,,,70,bicycle,0.2,0.1,heuristic,segformer_b2_cityscapes,acdc_rain_targetcal25,6,
,-1,True,,0.7372603586889303,0.0011641731252893806,,475,,,False,,,,,,70,bicycle,0.2,0.1,argmax,segformer_b2_cityscapes,acdc_rain_targetcal25,6,0.7142857142857143
1.0,1000,False,0.0,0.0,1.0,0.8378947368421052,77,147.0,0.0,False,0.0,0.0,0.0,,,70,bicycle,0.05,0.5,region_crc,segformer_b2_cityscapes,acdc_rain_targetcal25,6,
1.0,1000,True,0.0,0.0,1.0,0.8378947368421052,77,147.0,0.0,False,0.0,0.0,0.0,,,70,bicycle,0.05,0.5,heuristic,segformer_b2_cityscapes,acdc_rain_targetcal25,6,
,-1,True,,0.7759121830550402,0.0011641731252893806,,475,,,False,,,,,,70,bicycle,0.05,0.5,argmax,segformer_b2_cityscapes,acdc_rain_targetcal25,6,0.7482993197278912
1.0,1000,False,0.0,0.0,1.0,0.8378947368421052,77,147.0,0.0,False,0.0,0.0,0.0,,,70,bicycle,0.1,0.5,region_crc,segformer_b2_cityscapes,acdc_rain_targetcal25,6,
1.0,1000,True,0.0,0.0,1.0,0.8378947368421052,77,147.0,0.0,False,0.0,0.0,0.0,,,70,bicycle,0.1,0.5,heuristic,segformer_b2_cityscapes,acdc_rain_targetcal25,6,
,-1,True,,0.7759121830550402,0.0011641731252893806,,475,,,False,,,,,,70,bicycle,0.1,0.5,argmax,segformer_b2_cityscapes,acdc_rain_targetcal25,6,0.7482993197278912
1.0,1000,True,0.0,0.0,1.0,0.8378947368421052,77,147.0,0.0,False,0.0,0.0,0.0,,,70,bicycle,0.2,0.5,region_crc,segformer_b2_cityscapes,acdc_rain_targetcal25,6,
1.0,1000,True,0.0,0.0,1.0,0.8378947368421052,77,147.0,0.0,False,0.0,0.0,0.0,,,70,bicycle,0.2,0.5,heuristic,segformer_b2_cityscapes,acdc_rain_targetcal25,6,
,-1,True,,0.7759121830550402,0.0011641731252893806,,475,,,False,,,,,,70,bicycle,0.2,0.5,argmax,segformer_b2_cityscapes,acdc_rain_targetcal25,6,0.7482993197278912
1.0,1000,False,0.0,0.0,1.0,0.6610526315789473,161,311.0,0.0,False,0.0,0.0,0.0,,,71,person,0.05,0.1,region_crc,segformer_b2_cityscapes,acdc_rain_targetcal25,9,
0.998,998,True,0.06728778467908902,0.06728778467908902,0.03190915659070015,0.6610526315789473,161,311.0,0.17894736842105263,False,0.055248618784530384,0.045871559633027525,0.0,,,71,person,0.05,0.1,heuristic,segformer_b2_cityscapes,acdc_rain_targetcal25,9,
,-1,True,,0.6489530483319303,0.0018091769888997078,,475,,,False,,,,,,71,person,0.05,0.1,argmax,segformer_b2_cityscapes,acdc_rain_targetcal25,9,0.5916398713826366
1.0,1000,True,0.0,0.0,1.0,0.6610526315789473,161,311.0,0.0,False,0.0,0.0,0.0,,,71,person,0.1,0.1,region_crc,segformer_b2_cityscapes,acdc_rain_targetcal25,9,
0.986,986,True,0.20292774857992246,0.2029277485799225,0.01379486732184887,9.797894736842105,161,311.0,0.17052631578947364,False,0.2541436464088398,0.09174311926605505,0.0,,,71,person,0.1,0.1,heuristic,segformer_b2_cityscapes,acdc_rain_targetcal25,9,
,-1,True,,0.6489530483319303,0.0018091769888997078,,475,,,False,,,,,,71,person,0.1,0.1,argmax,segformer_b2_cityscapes,acdc_rain_targetcal25,9,0.5916398713826366
0.966,966,True,0.3048104414564042,0.3048104414564042,0.008849088102579117,9.797894736842105,161,311.0,0.21684210526315795,False,0.36464088397790057,0.1651376146788991,0.0,,,71,person,0.2,0.1,region_crc,segformer_b2_cityscapes,acdc_rain_targetcal25,9,
0.966,966,True,0.3048104414564042,0.3048104414564042,0.008849088102579117,9.797894736842105,161,311.0,0.21684210526315795,False,0.36464088397790057,0.1651376146788991,0.0,,,71,person,0.2,0.1,heuristic,segformer_b2_cityscapes,acdc_rain_targetcal25,9,
,-1,True,,0.6489530483319303,0.0018091769888997078,,475,,,False,,,,,,71,person,0.2,0.1,argmax,segformer_b2_cityscapes,acdc_rain_targetcal25,9,0.5916398713826366
1.0,1000,False,0.0,0.0,1.0,0.6610526315789473,161,311.0,0.0,False,0.0,0.0,0.0,,,71,person,0.05,0.5,region_crc,segformer_b2_cityscapes,acdc_rain_targetcal25,9,
1.0,1000,True,0.0,0.0,1.0,0.6610526315789473,161,311.0,0.0,False,0.0,0.0,0.0,,,71,person,0.05,0.5,heuristic,segformer_b2_cityscapes,acdc_rain_targetcal25,9,
,-1,True,,0.7497466991255812,0.0018091769888997078,,475,,,False,,,,,,71,person,0.05,0.5,argmax,segformer_b2_cityscapes,acdc_rain_targetcal25,9,0.6945337620578779
1.0,1000,True,0.0,0.0,1.0,0.6610526315789473,161,311.0,0.0,False,0.0,0.0,0.0,,,71,person,0.1,0.5,region_crc,segformer_b2_cityscapes,acdc_rain_targetcal25,9,
0.994,994,True,0.2103811647289908,0.2103811647289908,0.02023114264011383,0.6610526315789473,161,311.0,0.19157894736842096,False,0.23756906077348067,0.12844036697247707,0.0,,,71,person,0.1,0.5,heuristic,segformer_b2_cityscapes,acdc_rain_targetcal25,9,
,-1,True,,0.7497466991255812,0.0018091769888997078,,475,,,False,,,,,,71,person,0.1,0.5,argmax,segformer_b2_cityscapes,acdc_rain_targetcal25,9,0.6945337620578779
0.994,994,True,0.2103811647289908,0.2103811647289908,0.02023114264011383,0.6610526315789473,161,311.0,0.19157894736842096,False,0.23756906077348067,0.12844036697247707,0.0,,,71,person,0.2,0.5,region_crc,segformer_b2_cityscapes,acdc_rain_targetcal25,9,
0.98,980,True,0.35594915781251185,0.35594915781251185,0.011613444425165653,9.797894736842105,161,311.0,0.18526315789473685,False,0.4143646408839779,0.1926605504587156,0.047619047619047616,,,71,person,0.2,0.5,heuristic,segformer_b2_cityscapes,acdc_rain_targetcal25,9,
,-1,True,,0.7497466991255812,0.0018091769888997078,,475,,,False,,,,,,71,person,0.2,0.5,argmax,segformer_b2_cityscapes,acdc_rain_targetcal25,9,0.6945337620578779
1.0,1000,False,0.0,0.0,1.0,0.9431578947368421,27,37.0,0.0,False,0.0,0.0,0.0,,,71,rider,0.05,0.1,region_crc,segformer_b2_cityscapes,acdc_rain_targetcal25,1,
1.0,1000,True,0.0,0.0,1.0,0.9431578947368421,27,37.0,0.0,False,0.0,0.0,0.0,,,71,rider,0.05,0.1,heuristic,segformer_b2_cityscapes,acdc_rain_targetcal25,1,
,-1,True,,0.7962962962962963,0.0002323576482012868,,475,,,False,,,,,,71,rider,0.05,0.1,argmax,segformer_b2_cityscapes,acdc_rain_targetcal25,1,0.8108108108108109
1.0,1000,False,0.0,0.0,1.0,0.9431578947368421,27,37.0,0.0,False,0.0,0.0,0.0,,,71,rider,0.1,0.1,region_crc,segformer_b2_cityscapes,acdc_rain_targetcal25,1,
1.0,1000,True,0.0,0.0,1.0,0.9431578947368421,27,37.0,0.0,False,0.0,0.0,0.0,,,71,rider,0.1,0.1,heuristic,segformer_b2_cityscapes,acdc_rain_targetcal25,1,
,-1,True,,0.7962962962962963,0.0002323576482012868,,475,,,False,,,,,,71,rider,0.1,0.1,argmax,segformer_b2_cityscapes,acdc_rain_targetcal25,1,0.8108108108108109
1.0,1000,False,0.0,0.0,1.0,0.9431578947368421,27,37.0,0.0,False,0.0,0.0,0.0,,,71,rider,0.2,0.1,region_crc,segformer_b2_cityscapes,acdc_rain_targetcal25,1,
1.0,1000,True,0.0,0.0,1.0,0.9431578947368421,27,37.0,0.0,False,0.0,0.0,0.0,,,71,rider,0.2,0.1,heuristic,segformer_b2_cityscapes,acdc_rain_targetcal25,1,
,-1,True,,0.7962962962962963,0.0002323576482012868,,475,,,False,,,,,,71,rider,0.2,0.1,argmax,segformer_b2_cityscapes,acdc_rain_targetcal25,1,0.8108108108108109
1.0,1000,False,0.0,0.0,1.0,0.9431578947368421,27,37.0,0.0,False,0.0,0.0,0.0,,,71,rider,0.05,0.5,region_crc,segformer_b2_cityscapes,acdc_rain_targetcal25,1,
1.0,1000,True,0.0,0.0,1.0,0.9431578947368421,27,37.0,0.0,False,0.0,0.0,0.0,,,71,rider,0.05,0.5,heuristic,segformer_b2_cityscapes,acdc_rain_targetcal25,1,
,-1,True,,0.8518518518518519,0.0002323576482012868,,475,,,False,,,,,,71,rider,0.05,0.5,argmax,segformer_b2_cityscapes,acdc_rain_targetcal25,1,0.8648648648648649
1.0,1000,False,0.0,0.0,1.0,0.9431578947368421,27,37.0,0.0,False,0.0,0.0,0.0,,,71,rider,0.1,0.5,region_crc,segformer_b2_cityscapes,acdc_rain_targetcal25,1,
1.0,1000,True,0.0,0.0,1.0,0.9431578947368421,27,37.0,0.0,False,0.0,0.0,0.0,,,71,rider,0.1,0.5,heuristic,segformer_b2_cityscapes,acdc_rain_targetcal25,1,
,-1,True,,0.8518518518518519,0.0002323576482012868,,475,,,False,,,,,,71,rider,0.1,0.5,argmax,segformer_b2_cityscapes,acdc_rain_targetcal25,1,0.8648648648648649
1.0,1000,False,0.0,0.0,1.0,0.9431578947368421,27,37.0,0.0,False,0.0,0.0,0.0,,,71,rider,0.2,0.5,region_crc,segformer_b2_cityscapes,acdc_rain_targetcal25,1,
1.0,1000,True,0.0,0.0,1.0,0.9431578947368421,27,37.0,0.0,False,0.0,0.0,0.0,,,71,rider,0.2,0.5,heuristic,segformer_b2_cityscapes,acdc_rain_targetcal25,1,
,-1,True,,0.8518518518518519,0.0002323576482012868,,475,,,False,,,,,,71,rider,0.2,0.5,argmax,segformer_b2_cityscapes,acdc_rain_targetcal25,1,0.8648648648648649
1.0,1000,False,0.0,0.0,1.0,0.8315789473684211,80,153.0,0.0,False,0.0,0.0,0.0,,,71,bicycle,0.05,0.1,region_crc,segformer_b2_cityscapes,acdc_rain_targetcal25,3,
0.985,985,True,0.41119047619047616,0.4111904761904762,0.005293503403663635,3.646315789473684,80,153.0,0.18947368421052624,False,0.5662650602409639,0.21428571428571427,0.0,,,71,bicycle,0.05,0.1,heuristic,segformer_b2_cityscapes,acdc_rain_targetcal25,3,
,-1,True,,0.720029761904762,0.0011612034868448973,,475,,,False,,,,,,71,bicycle,0.05,0.1,argmax,segformer_b2_cityscapes,acdc_rain_targetcal25,3,0.6993464052287581
1.0,1000,False,0.0,0.0,1.0,0.8315789473684211,80,153.0,0.0,False,0.0,0.0,0.0,,,71,bicycle,0.1,0.1,region_crc,segformer_b2_cityscapes,acdc_rain_targetcal25,3,
0.985,985,True,0.41119047619047616,0.4111904761904762,0.005293503403663635,3.646315789473684,80,153.0,0.18947368421052624,False,0.5662650602409639,0.21428571428571427,0.0,,,71,bicycle,0.1,0.1,heuristic,segformer_b2_cityscapes,acdc_rain_targetcal25,3,
,-1,True,,0.720029761904762,0.0011612034868448973,,475,,,False,,,,,,71,bicycle,0.1,0.1,argmax,segformer_b2_cityscapes,acdc_rain_targetcal25,3,0.6993464052287581
1.0,1000,False,0.0,0.0,1.0,0.8315789473684211,80,153.0,0.0,False,0.0,0.0,0.0,,,71,bicycle,0.2,0.1,region_crc,segformer_b2_cityscapes,acdc_rain_targetcal25,3,
0.985,985,True,0.41119047619047616,0.4111904761904762,0.005293503403663635,3.646315789473684,80,153.0,0.18947368421052624,False,0.5662650602409639,0.21428571428571427,0.0,,,71,bicycle,0.2,0.1,heuristic,segformer_b2_cityscapes,acdc_rain_targetcal25,3,
,-1,True,,0.720029761904762,0.0011612034868448973,,475,,,False,,,,,,71,bicycle,0.2,0.1,argmax,segformer_b2_cityscapes,acdc_rain_targetcal25,3,0.6993464052287581
1.0,1000,False,0.0,0.0,1.0,0.8315789473684211,80,153.0,0.0,False,0.0,0.0,0.0,,,71,bicycle,0.05,0.5,region_crc,segformer_b2_cityscapes,acdc_rain_targetcal25,3,
0.996,996,True,0.3761904761904762,0.3761904761904762,0.009943420067429543,0.8315789473684211,80,153.0,0.12842105263157888,False,0.5421686746987951,0.21428571428571427,0.0,,,71,bicycle,0.05,0.5,heuristic,segformer_b2_cityscapes,acdc_rain_targetcal25,3,
,-1,True,,0.7655654761904762,0.0011612034868448973,,475,,,False,,,,,,71,bicycle,0.05,0.5,argmax,segformer_b2_cityscapes,acdc_rain_targetcal25,3,0.7450980392156863
1.0,1000,False,0.0,0.0,1.0,0.8315789473684211,80,153.0,0.0,False,0.0,0.0,0.0,,,71,bicycle,0.1,0.5,region_crc,segformer_b2_cityscapes,acdc_rain_targetcal25,3,
0.996,996,True,0.3761904761904762,0.3761904761904762,0.009943420067429543,0.8315789473684211,80,153.0,0.12842105263157888,False,0.5421686746987951,0.21428571428571427,0.0,,,71,bicycle,0.1,0.5,heuristic,segformer_b2_cityscapes,acdc_rain_targetcal25,3,
,-1,True,,0.7655654761904762,0.0011612034868448973,,475,,,False,,,,,,71,bicycle,0.1,0.5,argmax,segformer_b2_cityscapes,acdc_rain_targetcal25,3,0.7450980392156863
1.0,1000,False,0.0,0.0,1.0,0.8315789473684211,80,153.0,0.0,False,0.0,0.0,0.0,,,71,bicycle,0.2,0.5,region_crc,segformer_b2_cityscapes,acdc_rain_targetcal25,3,
0.996,996,True,0.3761904761904762,0.3761904761904762,0.009943420067429543,0.8315789473684211,80,153.0,0.12842105263157888,False,0.5421686746987951,0.21428571428571427,0.0,,,71,bicycle,0.2,0.5,heuristic,segformer_b2_cityscapes,acdc_rain_targetcal25,3,
,-1,True,,0.7655654761904762,0.0011612034868448973,,475,,,False,,,,,,71,bicycle,0.2,0.5,argmax,segformer_b2_cityscapes,acdc_rain_targetcal25,3,0.7450980392156863
1.0,1000,False,0.0,0.0,1.0,0.6568421052631579,163,322.0,0.0,False,0.0,0.0,0.0,,,72,person,0.05,0.1,region_crc,segformer_b2_cityscapes,acdc_rain_targetcal25,7,
1.0,1000,True,0.0,0.0,1.0,0.6568421052631579,163,322.0,0.0,False,0.0,0.0,0.0,,,72,person,0.05,0.1,heuristic,segformer_b2_cityscapes,acdc_rain_targetcal25,7,
,-1,True,,0.646511906634606,0.0018189369002357125,,475,,,False,,,,,,72,person,0.05,0.1,argmax,segformer_b2_cityscapes,acdc_rain_targetcal25,7,0.5900621118012422
1.0,1000,False,0.0,0.0,1.0,0.6568421052631579,163,322.0,0.0,False,0.0,0.0,0.0,,,72,person,0.1,0.1,region_crc,segformer_b2_cityscapes,acdc_rain_targetcal25,7,
1.0,1000,True,0.0,0.0,1.0,0.6568421052631579,163,322.0,0.0,False,0.0,0.0,0.0,,,72,person,0.1,0.1,heuristic,segformer_b2_cityscapes,acdc_rain_targetcal25,7,
,-1,True,,0.646511906634606,0.0018189369002357125,,475,,,False,,,,,,72,person,0.1,0.1,argmax,segformer_b2_cityscapes,acdc_rain_targetcal25,7,0.5900621118012422
1.0,1000,True,0.0,0.0,1.0,0.6568421052631579,163,322.0,0.0,False,0.0,0.0,0.0,,,72,person,0.2,0.1,region_crc,segformer_b2_cityscapes,acdc_rain_targetcal25,7,
0.997,997,True,0.08486707566462166,0.08486707566462168,0.027524810284376144,0.6568421052631579,163,322.0,0.20210526315789473,False,0.08064516129032258,0.06956521739130435,0.0,,,72,person,0.2,0.1,heuristic,segformer_b2_cityscapes,acdc_rain_targetcal25,7,
,-1,True,,0.646511906634606,0.0018189369002357125,,475,,,False,,,,,,72,person,0.2,0.1,argmax,segformer_b2_cityscapes,acdc_rain_targetcal25,7,0.5900621118012422
1.0,1000,False,0.0,0.0,1.0,0.6568421052631579,163,322.0,0.0,False,0.0,0.0,0.0,,,72,person,0.05,0.5,region_crc,segformer_b2_cityscapes,acdc_rain_targetcal25,7,
1.0,1000,True,0.0,0.0,1.0,0.6568421052631579,163,322.0,0.0,False,0.0,0.0,0.0,,,72,person,0.05,0.5,heuristic,segformer_b2_cityscapes,acdc_rain_targetcal25,7,
,-1,True,,0.7554757784819135,0.0018189369002357125,,475,,,False,,,,,,72,person,0.05,0.5,argmax,segformer_b2_cityscapes,acdc_rain_targetcal25,7,0.7018633540372671
1.0,1000,False,0.0,0.0,1.0,0.6568421052631579,163,322.0,0.0,False,0.0,0.0,0.0,,,72,person,0.1,0.5,region_crc,segformer_b2_cityscapes,acdc_rain_targetcal25,7,
1.0,1000,True,0.0,0.0,1.0,0.6568421052631579,163,322.0,0.0,False,0.0,0.0,0.0,,,72,person,0.1,0.5,heuristic,segformer_b2_cityscapes,acdc_rain_targetcal25,7,
,-1,True,,0.7554757784819135,0.0018189369002357125,,475,,,False,,,,,,72,person,0.1,0.5,argmax,segformer_b2_cityscapes,acdc_rain_targetcal25,7,0.7018633540372671
1.0,1000,True,0.0,0.0,1.0,0.6568421052631579,163,322.0,0.0,False,0.0,0.0,0.0,,,72,person,0.2,0.5,region_crc,segformer_b2_cityscapes,acdc_rain_targetcal25,7,
0.998,998,True,0.10879345603271984,0.10879345603271984,0.032353438436985016,0.6568421052631579,163,322.0,0.16842105263157892,False,0.11290322580645161,0.08695652173913043,0.0,,,72,person,0.2,0.5,heuristic,segformer_b2_cityscapes,acdc_rain_targetcal25,7,
,-1,True,,0.7554757784819135,0.0018189369002357125,,475,,,False,,,,,,72,person,0.2,0.5,argmax,segformer_b2_cityscapes,acdc_rain_targetcal25,7,0.7018633540372671
,-1,False,,,,,475,,,False,,,,,,72,rider,0.05,0.1,region_crc,segformer_b2_cityscapes,acdc_rain_targetcal25,0,
,-1,False,,,,,475,,,False,,,,,,72,rider,0.05,0.1,heuristic,segformer_b2_cityscapes,acdc_rain_targetcal25,0,
,-1,True,,0.8035714285714286,0.0002465612778905779,,475,,,False,,,,,,72,rider,0.05,0.1,argmax,segformer_b2_cityscapes,acdc_rain_targetcal25,0,0.8157894736842105
,-1,False,,,,,475,,,False,,,,,,72,rider,0.1,0.1,region_crc,segformer_b2_cityscapes,acdc_rain_targetcal25,0,
,-1,False,,,,,475,,,False,,,,,,72,rider,0.1,0.1,heuristic,segformer_b2_cityscapes,acdc_rain_targetcal25,0,
,-1,True,,0.8035714285714286,0.0002465612778905779,,475,,,False,,,,,,72,rider,0.1,0.1,argmax,segformer_b2_cityscapes,acdc_rain_targetcal25,0,0.8157894736842105
,-1,False,,,,,475,,,False,,,,,,72,rider,0.2,0.1,region_crc,segformer_b2_cityscapes,acdc_rain_targetcal25,0,
,-1,False,,,,,475,,,False,,,,,,72,rider,0.2,0.1,heuristic,segformer_b2_cityscapes,acdc_rain_targetcal25,0,
,-1,True,,0.8035714285714286,0.0002465612778905779,,475,,,False,,,,,,72,rider,0.2,0.1,argmax,segformer_b2_cityscapes,acdc_rain_targetcal25,0,0.8157894736842105
,-1,False,,,,,475,,,False,,,,,,72,rider,0.05,0.5,region_crc,segformer_b2_cityscapes,acdc_rain_targetcal25,0,
,-1,False,,,,,475,,,False,,,,,,72,rider,0.05,0.5,heuristic,segformer_b2_cityscapes,acdc_rain_targetcal25,0,
,-1,True,,0.8571428571428571,0.0002465612778905779,,475,,,False,,,,,,72,rider,0.05,0.5,argmax,segformer_b2_cityscapes,acdc_rain_targetcal25,0,0.868421052631579
,-1,False,,,,,475,,,False,,,,,,72,rider,0.1,0.5,region_crc,segformer_b2_cityscapes,acdc_rain_targetcal25,0,
,-1,False,,,,,475,,,False,,,,,,72,rider,0.1,0.5,heuristic,segformer_b2_cityscapes,acdc_rain_targetcal25,0,
,-1,True,,0.8571428571428571,0.0002465612778905779,,475,,,False,,,,,,72,rider,0.1,0.5,argmax,segformer_b2_cityscapes,acdc_rain_targetcal25,0,0.868421052631579
,-1,False,,,,,475,,,False,,,,,,72,rider,0.2,0.5,region_crc,segformer_b2_cityscapes,acdc_rain_targetcal25,0,
,-1,False,,,,,475,,,False,,,,,,72,rider,0.2,0.5,heuristic,segformer_b2_cityscapes,acdc_rain_targetcal25,0,
,-1,True,,0.8571428571428571,0.0002465612778905779,,475,,,False,,,,,,72,rider,0.2,0.5,argmax,segformer_b2_cityscapes,acdc_rain_targetcal25,0,0.868421052631579
1.0,1000,False,0.0,0.0,1.0,0.8336842105263158,79,151.0,0.0,False,0.0,0.0,0.0,,,72,bicycle,0.05,0.1,region_crc,segformer_b2_cityscapes,acdc_rain_targetcal25,4,
1.0,1000,True,0.0,0.0,1.0,0.8336842105263158,79,151.0,0.0,False,0.0,0.0,0.0,,,72,bicycle,0.05,0.1,heuristic,segformer_b2_cityscapes,acdc_rain_targetcal25,4,
,-1,True,,0.7291440626883665,0.0011962393764406443,,475,,,False,,,,,,72,bicycle,0.05,0.1,argmax,segformer_b2_cityscapes,acdc_rain_targetcal25,4,0.7019867549668874
1.0,1000,False,0.0,0.0,1.0,0.8336842105263158,79,151.0,0.0,False,0.0,0.0,0.0,,,72,bicycle,0.1,0.1,region_crc,segformer_b2_cityscapes,acdc_rain_targetcal25,4,
1.0,1000,True,0.0,0.0,1.0,0.8336842105263158,79,151.0,0.0,False,0.0,0.0,0.0,,,72,bicycle,0.1,0.1,heuristic,segformer_b2_cityscapes,acdc_rain_targetcal25,4,
,-1,True,,0.7291440626883665,0.0011962393764406443,,475,,,False,,,,,,72,bicycle,0.1,0.1,argmax,segformer_b2_cityscapes,acdc_rain_targetcal25,4,0.7019867549668874
1.0,1000,True,0.0,0.0,1.0,0.8336842105263158,79,151.0,0.0,False,0.0,0.0,0.0,,,72,bicycle,0.2,0.1,region_crc,segformer_b2_cityscapes,acdc_rain_targetcal25,4,
1.0,1000,True,0.0,0.0,1.0,0.8336842105263158,79,151.0,0.0,False,0.0,0.0,0.0,,,72,bicycle,0.2,0.1,heuristic,segformer_b2_cityscapes,acdc_rain_targetcal25,4,
,-1,True,,0.7291440626883665,0.0011962393764406443,,475,,,False,,,,,,72,bicycle,0.2,0.1,argmax,segformer_b2_cityscapes,acdc_rain_targetcal25,4,0.7019867549668874
1.0,1000,False,0.0,0.0,1.0,0.8336842105263158,79,151.0,0.0,False,0.0,0.0,0.0,,,72,bicycle,0.05,0.5,region_crc,segformer_b2_cityscapes,acdc_rain_targetcal25,4,
1.0,1000,True,0.0,0.0,1.0,0.8336842105263158,79,151.0,0.0,False,0.0,0.0,0.0,,,72,bicycle,0.05,0.5,heuristic,segformer_b2_cityscapes,acdc_rain_targetcal25,4,
,-1,True,,0.7752561784207354,0.0011962393764406443,,475,,,False,,,,,,72,bicycle,0.05,0.5,argmax,segformer_b2_cityscapes,acdc_rain_targetcal25,4,0.7483443708609272
1.0,1000,False,0.0,0.0,1.0,0.8336842105263158,79,151.0,0.0,False,0.0,0.0,0.0,,,72,bicycle,0.1,0.5,region_crc,segformer_b2_cityscapes,acdc_rain_targetcal25,4,
1.0,1000,True,0.0,0.0,1.0,0.8336842105263158,79,151.0,0.0,False,0.0,0.0,0.0,,,72,bicycle,0.1,0.5,heuristic,segformer_b2_cityscapes,acdc_rain_targetcal25,4,
,-1,True,,0.7752561784207354,0.0011962393764406443,,475,,,False,,,,,,72,bicycle,0.1,0.5,argmax,segformer_b2_cityscapes,acdc_rain_targetcal25,4,0.7483443708609272
1.0,1000,True,0.0,0.0,1.0,0.8336842105263158,79,151.0,0.0,False,0.0,0.0,0.0,,,72,bicycle,0.2,0.5,region_crc,segformer_b2_cityscapes,acdc_rain_targetcal25,4,
1.0,1000,True,0.0,0.0,1.0,0.8336842105263158,79,151.0,0.0,False,0.0,0.0,0.0,,,72,bicycle,0.2,0.5,heuristic,segformer_b2_cityscapes,acdc_rain_targetcal25,4,
,-1,True,,0.7752561784207354,0.0011962393764406443,,475,,,False,,,,,,72,bicycle,0.2,0.5,argmax,segformer_b2_cityscapes,acdc_rain_targetcal25,4,0.7483443708609272
1.0,1000,False,0.0,0.0,1.0,0.6568421052631579,163,317.0,0.0,False,0.0,0.0,0.0,,,73,person,0.05,0.1,region_crc,segformer_b2_cityscapes,acdc_rain_targetcal25,7,
0.993,993,True,0.1343558282208589,0.1343558282208589,0.019299732521176338,0.6568421052631579,163,317.0,0.14947368421052631,False,0.17045454545454544,0.075,0.0,,,73,person,0.05,0.1,heuristic,segformer_b2_cityscapes,acdc_rain_targetcal25,7,
,-1,True,,0.6378207000906387,0.00192203966435045,,475,,,False,,,,,,73,person,0.05,0.1,argmax,segformer_b2_cityscapes,acdc_rain_targetcal25,7,0.5709779179810726
1.0,1000,False,0.0,0.0,1.0,0.6568421052631579,163,317.0,0.0,False,0.0,0.0,0.0,,,73,person,0.1,0.1,region_crc,segformer_b2_cityscapes,acdc_rain_targetcal25,7,
0.987,987,True,0.18922972051806408,0.18922972051806408,0.014626461081206799,9.84,163,317.0,0.1578947368421052,False,0.23863636363636365,0.08333333333333333,0.0,,,73,person,0.1,0.1,heuristic,segformer_b2_cityscapes,acdc_rain_targetcal25,7,
,-1,True,,0.6378207000906387,0.00192203966435045,,475,,,False,,,,,,73,person,0.1,0.1,argmax,segformer_b2_cityscapes,acdc_rain_targetcal25,7,0.5709779179810726
0.987,987,True,0.18922972051806408,0.18922972051806408,0.014626461081206799,9.84,163,317.0,0.1578947368421052,False,0.23863636363636365,0.08333333333333333,0.0,,,73,person,0.2,0.1,region_crc,segformer_b2_cityscapes,acdc_rain_targetcal25,7,
0.987,987,True,0.18922972051806408,0.18922972051806408,0.014626461081206799,9.84,163,317.0,0.1578947368421052,False,0.23863636363636365,0.08333333333333333,0.0,,,73,person,0.2,0.1,heuristic,segformer_b2_cityscapes,acdc_rain_targetcal25,7,
,-1,True,,0.6378207000906387,0.00192203966435045,,475,,,False,,,,,,73,person,0.2,0.1,argmax,segformer_b2_cityscapes,acdc_rain_targetcal25,7,0.5709779179810726
1.0,1000,False,0.0,0.0,1.0,0.6568421052631579,163,317.0,0.0,False,0.0,0.0,0.0,,,73,person,0.05,0.5,region_crc,segformer_b2_cityscapes,acdc_rain_targetcal25,7,
0.998,998,True,0.11339468302658487,0.11339468302658487,0.03241086006164551,0.6568421052631579,163,317.0,0.1536842105263158,False,0.11931818181818182,0.08333333333333333,0.0,,,73,person,0.05,0.5,heuristic,segformer_b2_cityscapes,acdc_rain_targetcal25,7,
,-1,True,,0.7434103388091118,0.00192203966435045,,475,,,False,,,,,,73,person,0.05,0.5,argmax,segformer_b2_cityscapes,acdc_rain_targetcal25,7,0.6845425867507886
1.0,1000,False,0.0,0.0,1.0,0.6568421052631579,163,317.0,0.0,False,0.0,0.0,0.0,,,73,person,0.1,0.5,region_crc,segformer_b2_cityscapes,acdc_rain_targetcal25,7,
0.996,996,True,0.1537832310838446,0.1537832310838446,0.024526463821530342,0.6568421052631579,163,317.0,0.16631578947368425,False,0.18181818181818182,0.09166666666666666,0.0,,,73,person,0.1,0.5,heuristic,segformer_b2_cityscapes,acdc_rain_targetcal25,7,
,-1,True,,0.7434103388091118,0.00192203966435045,,475,,,False,,,,,,73,person,0.1,0.5,argmax,segformer_b2_cityscapes,acdc_rain_targetcal25,7,0.6845425867507886
0.996,996,True,0.1537832310838446,0.1537832310838446,0.024526463821530342,0.6568421052631579,163,317.0,0.16631578947368425,False,0.18181818181818182,0.09166666666666666,0.0,,,73,person,0.2,0.5,region_crc,segformer_b2_cityscapes,acdc_rain_targetcal25,7,
0.996,996,True,0.1537832310838446,0.1537832310838446,0.024526463821530342,0.6568421052631579,163,317.0,0.16631578947368425,False,0.18181818181818182,0.09166666666666666,0.0,,,73,person,0.2,0.5,heuristic,segformer_b2_cityscapes,acdc_rain_targetcal25,7,
,-1,True,,0.7434103388091118,0.00192203966435045,,475,,,False,,,,,,73,person,0.2,0.5,argmax,segformer_b2_cityscapes,acdc_rain_targetcal25,7,0.6845425867507886
1.0,1000,False,0.0,0.0,1.0,0.9431578947368421,27,37.0,0.0,False,0.0,0.0,0.0,,,73,rider,0.05,0.1,region_crc,segformer_b2_cityscapes,acdc_rain_targetcal25,1,
0.191,191,True,0.8703703703703703,0.8703703703703703,9.217839397024363e-05,0.04421052631578947,27,37.0,0.05263157894736836,False,1.0,0.8,0.2,,,73,rider,0.05,0.1,heuristic,segformer_b2_cityscapes,acdc_rain_targetcal25,1,
,-1,True,,0.8333333333333334,0.00027046073228120804,,475,,,False,,,,,,73,rider,0.05,0.1,argmax,segformer_b2_cityscapes,acdc_rain_targetcal25,1,0.8378378378378378
1.0,1000,False,0.0,0.0,1.0,0.9431578947368421,27,37.0,0.0,False,0.0,0.0,0.0,,,73,rider,0.1,0.1,region_crc,segformer_b2_cityscapes,acdc_rain_targetcal25,1,
0.191,191,True,0.8703703703703703,0.8703703703703703,9.217839397024363e-05,0.04421052631578947,27,37.0,0.05263157894736836,False,1.0,0.8,0.2,,,73,rider,0.1,0.1,heuristic,segformer_b2_cityscapes,acdc_rain_targetcal25,1,
,-1,True,,0.8333333333333334,0.00027046073228120804,,475,,,False,,,,,,73,rider,0.1,0.1,argmax,segformer_b2_cityscapes,acdc_rain_targetcal25,1,0.8378378378378378
1.0,1000,False,0.0,0.0,1.0,0.9431578947368421,27,37.0,0.0,False,0.0,0.0,0.0,,,73,rider,0.2,0.1,region_crc,segformer_b2_cityscapes,acdc_rain_targetcal25,1,
0.191,191,True,0.8703703703703703,0.8703703703703703,9.217839397024363e-05,0.04421052631578947,27,37.0,0.05263157894736836,False,1.0,0.8,0.2,,,73,rider,0.2,0.1,heuristic,segformer_b2_cityscapes,acdc_rain_targetcal25,1,
,-1,True,,0.8333333333333334,0.00027046073228120804,,475,,,False,,,,,,73,rider,0.2,0.1,argmax,segformer_b2_cityscapes,acdc_rain_targetcal25,1,0.8378378378378378
1.0,1000,False,0.0,0.0,1.0,0.9431578947368421,27,37.0,0.0,False,0.0,0.0,0.0,,,73,rider,0.05,0.5,region_crc,segformer_b2_cityscapes,acdc_rain_targetcal25,1,
0.385,385,True,0.8888888888888888,0.8888888888888888,0.00015424452431034297,0.11368421052631579,27,37.0,0.05052631578947364,False,1.0,1.0,0.2,,,73,rider,0.05,0.5,heuristic,segformer_b2_cityscapes,acdc_rain_targetcal25,1,
,-1,True,,0.8888888888888888,0.00027046073228120804,,475,,,False,,,,,,73,rider,0.05,0.5,argmax,segformer_b2_cityscapes,acdc_rain_targetcal25,1,0.8918918918918919
1.0,1000,False,0.0,0.0,1.0,0.9431578947368421,27,37.0,0.0,False,0.0,0.0,0.0,,,73,rider,0.1,0.5,region_crc,segformer_b2_cityscapes,acdc_rain_targetcal25,1,
0.385,385,True,0.8888888888888888,0.8888888888888888,0.00015424452431034297,0.11368421052631579,27,37.0,0.05052631578947364,False,1.0,1.0,0.2,,,73,rider,0.1,0.5,heuristic,segformer_b2_cityscapes,acdc_rain_targetcal25,1,
,-1,True,,0.8888888888888888,0.00027046073228120804,,475,,,False,,,,,,73,rider,0.1,0.5,argmax,segformer_b2_cityscapes,acdc_rain_targetcal25,1,0.8918918918918919
1.0,1000,False,0.0,0.0,1.0,0.9431578947368421,27,37.0,0.0,False,0.0,0.0,0.0,,,73,rider,0.2,0.5,region_crc,segformer_b2_cityscapes,acdc_rain_targetcal25,1,
0.385,385,True,0.8888888888888888,0.8888888888888888,0.00015424452431034297,0.11368421052631579,27,37.0,0.05052631578947364,False,1.0,1.0,0.2,,,73,rider,0.2,0.5,heuristic,segformer_b2_cityscapes,acdc_rain_targetcal25,1,
,-1,True,,0.8888888888888888,0.00027046073228120804,,475,,,False,,,,,,73,rider,0.2,0.5,argmax,segformer_b2_cityscapes,acdc_rain_targetcal25,1,0.8918918918918919
1.0,1000,False,0.0,0.0,1.0,0.8294736842105264,81,156.0,0.0,False,0.0,0.0,0.0,,,73,bicycle,0.05,0.1,region_crc,segformer_b2_cityscapes,acdc_rain_targetcal25,2,
0.536,536,True,0.7605232216343327,0.7605232216343327,0.0009312793845310807,0.32421052631578945,81,156.0,0.14105263157894732,False,0.9176470588235294,0.6206896551724138,0.0,,,73,bicycle,0.05,0.1,heuristic,segformer_b2_cityscapes,acdc_rain_targetcal25,2,
,-1,True,,0.7481775426219871,0.001037153764627874,,475,,,False,,,,,,73,bicycle,0.05,0.1,argmax,segformer_b2_cityscapes,acdc_rain_targetcal25,2,0.7243589743589743
1.0,1000,False,0.0,0.0,1.0,0.8294736842105264,81,156.0,0.0,False,0.0,0.0,0.0,,,73,bicycle,0.1,0.1,region_crc,segformer_b2_cityscapes,acdc_rain_targetcal25,2,
0.536,536,True,0.7605232216343327,0.7605232216343327,0.0009312793845310807,0.32421052631578945,81,156.0,0.14105263157894732,False,0.9176470588235294,0.6206896551724138,0.0,,,73,bicycle,0.1,0.1,heuristic,segformer_b2_cityscapes,acdc_rain_targetcal25,2,
,-1,True,,0.7481775426219871,0.001037153764627874,,475,,,False,,,,,,73,bicycle,0.1,0.1,argmax,segformer_b2_cityscapes,acdc_rain_targetcal25,2,0.7243589743589743
1.0,1000,False,0.0,0.0,1.0,0.8294736842105264,81,156.0,0.0,False,0.0,0.0,0.0,,,73,bicycle,0.2,0.1,region_crc,segformer_b2_cityscapes,acdc_rain_targetcal25,2,
0.536,536,True,0.7605232216343327,0.7605232216343327,0.0009312793845310807,0.32421052631578945,81,156.0,0.14105263157894732,False,0.9176470588235294,0.6206896551724138,0.0,,,73,bicycle,0.2,0.1,heuristic,segformer_b2_cityscapes,acdc_rain_targetcal25,2,
,-1,True,,0.7481775426219871,0.001037153764627874,,475,,,False,,,,,,73,bicycle,0.2,0.1,argmax,segformer_b2_cityscapes,acdc_rain_targetcal25,2,0.7243589743589743
1.0,1000,False,0.0,0.0,1.0,0.8294736842105264,81,156.0,0.0,False,0.0,0.0,0.0,,,73,bicycle,0.05,0.5,region_crc,segformer_b2_cityscapes,acdc_rain_targetcal25,2,
0.6890000000000001,689,True,0.7810993533215754,0.7810993533215755,0.0011659415904432535,0.5621052631578948,81,156.0,0.11789473684210527,False,0.9176470588235294,0.6724137931034483,0.0,,,73,bicycle,0.05,0.5,heuristic,segformer_b2_cityscapes,acdc_rain_targetcal25,2,
,-1,True,,0.7869782480893592,0.001037153764627874,,475,,,False,,,,,,73,bicycle,0.05,0.5,argmax,segformer_b2_cityscapes,acdc_rain_targetcal25,2,0.7628205128205128
1.0,1000,False,0.0,0.0,1.0,0.8294736842105264,81,156.0,0.0,False,0.0,0.0,0.0,,,73,bicycle,0.1,0.5,region_crc,segformer_b2_cityscapes,acdc_rain_targetcal25,2,
0.6890000000000001,689,True,0.7810993533215754,0.7810993533215755,0.0011659415904432535,0.5621052631578948,81,156.0,0.11789473684210527,False,0.9176470588235294,0.6724137931034483,0.0,,,73,bicycle,0.1,0.5,heuristic,segformer_b2_cityscapes,acdc_rain_targetcal25,2,
,-1,True,,0.7869782480893592,0.001037153764627874,,475,,,False,,,,,,73,bicycle,0.1,0.5,argmax,segformer_b2_cityscapes,acdc_rain_targetcal25,2,0.7628205128205128
1.0,1000,False,0.0,0.0,1.0,0.8294736842105264,81,156.0,0.0,False,0.0,0.0,0.0,,,73,bicycle,0.2,0.5,region_crc,segformer_b2_cityscapes,acdc_rain_targetcal25,2,
0.6890000000000001,689,True,0.7810993533215754,0.7810993533215755,0.0011659415904432535,0.5621052631578948,81,156.0,0.11789473684210527,False,0.9176470588235294,0.6724137931034483,0.0,,,73,bicycle,0.2,0.5,heuristic,segformer_b2_cityscapes,acdc_rain_targetcal25,2,
,-1,True,,0.7869782480893592,0.001037153764627874,,475,,,False,,,,,,73,bicycle,0.2,0.5,argmax,segformer_b2_cityscapes,acdc_rain_targetcal25,2,0.7628205128205128
1.0,1000,False,0.0,0.0,1.0,0.6631578947368421,160,319.0,0.0,False,0.0,0.0,0.0,,,74,person,0.05,0.1,region_crc,segformer_b2_cityscapes,acdc_rain_targetcal25,10,
0.991,991,True,0.15510416666666665,0.15510416666666665,0.017343513667583466,0.6631578947368421,160,319.0,0.15368421052631587,False,0.2011173184357542,0.07692307692307693,0.0,,,74,person,0.05,0.1,heuristic,segformer_b2_cityscapes,acdc_rain_targetcal25,10,
,-1,True,,0.6398840048840049,0.0019451784901320934,,475,,,False,,,,,,74,person,0.05,0.1,argmax,segformer_b2_cityscapes,acdc_rain_targetcal25,10,0.5768025078369906
1.0,1000,True,0.0,0.0,1.0,0.6631578947368421,160,319.0,0.0,False,0.0,0.0,0.0,,,74,person,0.1,0.1,region_crc,segformer_b2_cityscapes,acdc_rain_targetcal25,10,
0.991,991,True,0.15510416666666665,0.15510416666666665,0.017343513667583466,0.6631578947368421,160,319.0,0.15368421052631587,False,0.2011173184357542,0.07692307692307693,0.0,,,74,person,0.1,0.1,heuristic,segformer_b2_cityscapes,acdc_rain_targetcal25,10,
,-1,True,,0.6398840048840049,0.0019451784901320934,,475,,,False,,,,,,74,person,0.1,0.1,argmax,segformer_b2_cityscapes,acdc_rain_targetcal25,10,0.5768025078369906
0.991,991,True,0.15510416666666665,0.15510416666666665,0.017343513667583466,0.6631578947368421,160,319.0,0.15368421052631587,False,0.2011173184357542,0.07692307692307693,0.0,,,74,person,0.2,0.1,region_crc,segformer_b2_cityscapes,acdc_rain_targetcal25,10,
0.979,979,True,0.22263354700854698,0.22263354700854698,0.01171595323830843,9.802105263157895,160,319.0,0.17052631578947364,False,0.2737430167597765,0.1111111111111111,0.0,,,74,person,0.2,0.1,heuristic,segformer_b2_cityscapes,acdc_rain_targetcal25,10,
,-1,True,,0.6398840048840049,0.0019451784901320934,,475,,,False,,,,,,74,person,0.2,0.1,argmax,segformer_b2_cityscapes,acdc_rain_targetcal25,10,0.5768025078369906
1.0,1000,False,0.0,0.0,1.0,0.6631578947368421,160,319.0,0.0,False,0.0,0.0,0.0,,,74,person,0.05,0.5,region_crc,segformer_b2_cityscapes,acdc_rain_targetcal25,10,
1.0,1000,True,0.0,0.0,1.0,0.6631578947368421,160,319.0,0.0,False,0.0,0.0,0.0,,,74,person,0.05,0.5,heuristic,segformer_b2_cityscapes,acdc_rain_targetcal25,10,
,-1,True,,0.7427659493284493,0.0019451784901320934,,475,,,False,,,,,,74,person,0.05,0.5,argmax,segformer_b2_cityscapes,acdc_rain_targetcal25,10,0.6865203761755486
1.0,1000,True,0.0,0.0,1.0,0.6631578947368421,160,319.0,0.0,False,0.0,0.0,0.0,,,74,person,0.1,0.5,region_crc,segformer_b2_cityscapes,acdc_rain_targetcal25,10,
0.996,996,True,0.1540625,0.1540625,0.024603737518191338,0.6631578947368421,160,319.0,0.18736842105263163,False,0.18435754189944134,0.08547008547008547,0.0,,,74,person,0.1,0.5,heuristic,segformer_b2_cityscapes,acdc_rain_targetcal25,10,
,-1,True,,0.7427659493284493,0.0019451784901320934,,475,,,False,,,,,,74,person,0.1,0.5,argmax,segformer_b2_cityscapes,acdc_rain_targetcal25,10,0.6865203761755486
0.996,996,True,0.1540625,0.1540625,0.024603737518191338,0.6631578947368421,160,319.0,0.18736842105263163,False,0.18435754189944134,0.08547008547008547,0.0,,,74,person,0.2,0.5,region_crc,segformer_b2_cityscapes,acdc_rain_targetcal25,10,
0.991,991,True,0.2532184829059829,0.25321848290598287,0.017343513667583466,0.6631578947368421,160,319.0,0.15368421052631587,False,0.29608938547486036,0.17094017094017094,0.0,,,74,person,0.2,0.5,heuristic,segformer_b2_cityscapes,acdc_rain_targetcal25,10,
,-1,True,,0.7427659493284493,0.0019451784901320934,,475,,,False,,,,,,74,person,0.2,0.5,argmax,segformer_b2_cityscapes,acdc_rain_targetcal25,10,0.6865203761755486
1.0,1000,False,0.0,0.0,1.0,0.9431578947368421,27,37.0,0.0,False,0.0,0.0,0.0,,,74,rider,0.05,0.1,region_crc,segformer_b2_cityscapes,acdc_rain_targetcal25,1,
1.0,1000,True,0.0,0.0,1.0,0.9431578947368421,27,37.0,0.0,False,0.0,0.0,0.0,,,74,rider,0.05,0.1,heuristic,segformer_b2_cityscapes,acdc_rain_targetcal25,1,
,-1,True,,0.7962962962962963,0.0002728659310378134,,475,,,False,,,,,,74,rider,0.05,0.1,argmax,segformer_b2_cityscapes,acdc_rain_targetcal25,1,0.8108108108108109
1.0,1000,False,0.0,0.0,1.0,0.9431578947368421,27,37.0,0.0,False,0.0,0.0,0.0,,,74,rider,0.1,0.1,region_crc,segformer_b2_cityscapes,acdc_rain_targetcal25,1,
1.0,1000,True,0.0,0.0,1.0,0.9431578947368421,27,37.0,0.0,False,0.0,0.0,0.0,,,74,rider,0.1,0.1,heuristic,segformer_b2_cityscapes,acdc_rain_targetcal25,1,
,-1,True,,0.7962962962962963,0.0002728659310378134,,475,,,False,,,,,,74,rider,0.1,0.1,argmax,segformer_b2_cityscapes,acdc_rain_targetcal25,1,0.8108108108108109
1.0,1000,False,0.0,0.0,1.0,0.9431578947368421,27,37.0,0.0,False,0.0,0.0,0.0,,,74,rider,0.2,0.1,region_crc,segformer_b2_cityscapes,acdc_rain_targetcal25,1,
1.0,1000,True,0.0,0.0,1.0,0.9431578947368421,27,37.0,0.0,False,0.0,0.0,0.0,,,74,rider,0.2,0.1,heuristic,segformer_b2_cityscapes,acdc_rain_targetcal25,1,
,-1,True,,0.7962962962962963,0.0002728659310378134,,475,,,False,,,,,,74,rider,0.2,0.1,argmax,segformer_b2_cityscapes,acdc_rain_targetcal25,1,0.8108108108108109
1.0,1000,False,0.0,0.0,1.0,0.9431578947368421,27,37.0,0.0,False,0.0,0.0,0.0,,,74,rider,0.05,0.5,region_crc,segformer_b2_cityscapes,acdc_rain_targetcal25,1,
1.0,1000,True,0.0,0.0,1.0,0.9431578947368421,27,37.0,0.0,False,0.0,0.0,0.0,,,74,rider,0.05,0.5,heuristic,segformer_b2_cityscapes,acdc_rain_targetcal25,1,
,-1,True,,0.8518518518518519,0.0002728659310378134,,475,,,False,,,,,,74,rider,0.05,0.5,argmax,segformer_b2_cityscapes,acdc_rain_targetcal25,1,0.8648648648648649
1.0,1000,False,0.0,0.0,1.0,0.9431578947368421,27,37.0,0.0,False,0.0,0.0,0.0,,,74,rider,0.1,0.5,region_crc,segformer_b2_cityscapes,acdc_rain_targetcal25,1,
1.0,1000,True,0.0,0.0,1.0,0.9431578947368421,27,37.0,0.0,False,0.0,0.0,0.0,,,74,rider,0.1,0.5,heuristic,segformer_b2_cityscapes,acdc_rain_targetcal25,1,
,-1,True,,0.8518518518518519,0.0002728659310378134,,475,,,False,,,,,,74,rider,0.1,0.5,argmax,segformer_b2_cityscapes,acdc_rain_targetcal25,1,0.8648648648648649
1.0,1000,False,0.0,0.0,1.0,0.9431578947368421,27,37.0,0.0,False,0.0,0.0,0.0,,,74,rider,0.2,0.5,region_crc,segformer_b2_cityscapes,acdc_rain_targetcal25,1,
1.0,1000,True,0.0,0.0,1.0,0.9431578947368421,27,37.0,0.0,False,0.0,0.0,0.0,,,74,rider,0.2,0.5,heuristic,segformer_b2_cityscapes,acdc_rain_targetcal25,1,
,-1,True,,0.8518518518518519,0.0002728659310378134,,475,,,False,,,,,,74,rider,0.2,0.5,argmax,segformer_b2_cityscapes,acdc_rain_targetcal25,1,0.8648648648648649
1.0,1000,False,0.0,0.0,1.0,0.8294736842105264,81,152.0,0.0,False,0.0,0.0,0.0,,,74,bicycle,0.05,0.1,region_crc,segformer_b2_cityscapes,acdc_rain_targetcal25,2,
1.0,1000,True,0.0,0.0,1.0,0.8294736842105264,81,152.0,0.0,False,0.0,0.0,0.0,,,74,bicycle,0.05,0.1,heuristic,segformer_b2_cityscapes,acdc_rain_targetcal25,2,
,-1,True,,0.7234861845972957,0.0011865008855238557,,475,,,False,,,,,,74,bicycle,0.05,0.1,argmax,segformer_b2_cityscapes,acdc_rain_targetcal25,2,0.6973684210526315
1.0,1000,False,0.0,0.0,1.0,0.8294736842105264,81,152.0,0.0,False,0.0,0.0,0.0,,,74,bicycle,0.1,0.1,region_crc,segformer_b2_cityscapes,acdc_rain_targetcal25,2,
1.0,1000,True,0.0,0.0,1.0,0.8294736842105264,81,152.0,0.0,False,0.0,0.0,0.0,,,74,bicycle,0.1,0.1,heuristic,segformer_b2_cityscapes,acdc_rain_targetcal25,2,
,-1,True,,0.7234861845972957,0.0011865008855238557,,475,,,False,,,,,,74,bicycle,0.1,0.1,argmax,segformer_b2_cityscapes,acdc_rain_targetcal25,2,0.6973684210526315
1.0,1000,False,0.0,0.0,1.0,0.8294736842105264,81,152.0,0.0,False,0.0,0.0,0.0,,,74,bicycle,0.2,0.1,region_crc,segformer_b2_cityscapes,acdc_rain_targetcal25,2,
1.0,1000,True,0.0,0.0,1.0,0.8294736842105264,81,152.0,0.0,False,0.0,0.0,0.0,,,74,bicycle,0.2,0.1,heuristic,segformer_b2_cityscapes,acdc_rain_targetcal25,2,
,-1,True,,0.7234861845972957,0.0011865008855238557,,475,,,False,,,,,,74,bicycle,0.2,0.1,argmax,segformer_b2_cityscapes,acdc_rain_targetcal25,2,0.6973684210526315
1.0,1000,False,0.0,0.0,1.0,0.8294736842105264,81,152.0,0.0,False,0.0,0.0,0.0,,,74,bicycle,0.05,0.5,region_crc,segformer_b2_cityscapes,acdc_rain_targetcal25,2,
1.0,1000,True,0.0,0.0,1.0,0.8294736842105264,81,152.0,0.0,False,0.0,0.0,0.0,,,74,bicycle,0.05,0.5,heuristic,segformer_b2_cityscapes,acdc_rain_targetcal25,2,
,-1,True,,0.7684597295708406,0.0011865008855238557,,475,,,False,,,,,,74,bicycle,0.05,0.5,argmax,segformer_b2_cityscapes,acdc_rain_targetcal25,2,0.743421052631579
1.0,1000,False,0.0,0.0,1.0,0.8294736842105264,81,152.0,0.0,False,0.0,0.0,0.0,,,74,bicycle,0.1,0.5,region_crc,segformer_b2_cityscapes,acdc_rain_targetcal25,2,
1.0,1000,True,0.0,0.0,1.0,0.8294736842105264,81,152.0,0.0,False,0.0,0.0,0.0,,,74,bicycle,0.1,0.5,heuristic,segformer_b2_cityscapes,acdc_rain_targetcal25,2,
,-1,True,,0.7684597295708406,0.0011865008855238557,,475,,,False,,,,,,74,bicycle,0.1,0.5,argmax,segformer_b2_cityscapes,acdc_rain_targetcal25,2,0.743421052631579
1.0,1000,False,0.0,0.0,1.0,0.8294736842105264,81,152.0,0.0,False,0.0,0.0,0.0,,,74,bicycle,0.2,0.5,region_crc,segformer_b2_cityscapes,acdc_rain_targetcal25,2,
1.0,1000,True,0.0,0.0,1.0,0.8294736842105264,81,152.0,0.0,False,0.0,0.0,0.0,,,74,bicycle,0.2,0.5,heuristic,segformer_b2_cityscapes,acdc_rain_targetcal25,2,
,-1,True,,0.7684597295708406,0.0011865008855238557,,475,,,False,,,,,,74,bicycle,0.2,0.5,argmax,segformer_b2_cityscapes,acdc_rain_targetcal25,2,0.743421052631579
1.0,1000,False,0.0,0.0,1.0,0.6694736842105263,157,309.0,0.0,False,0.0,0.0,0.0,,,75,person,0.05,0.1,region_crc,segformer_b2_cityscapes,acdc_rain_targetcal25,13,
1.0,1000,True,0.0,0.0,1.0,0.6694736842105263,157,309.0,0.0,False,0.0,0.0,0.0,,,75,person,0.05,0.1,heuristic,segformer_b2_cityscapes,acdc_rain_targetcal25,13,
,-1,True,,0.6383106631514275,0.001860691816546023,,475,,,False,,,,,,75,person,0.05,0.1,argmax,segformer_b2_cityscapes,acdc_rain_targetcal25,13,0.5728155339805825
1.0,1000,True,0.0,0.0,1.0,0.6694736842105263,157,309.0,0.0,False,0.0,0.0,0.0,,,75,person,0.1,0.1,region_crc,segformer_b2_cityscapes,acdc_rain_targetcal25,13,
1.0,1000,True,0.0,0.0,1.0,0.6694736842105263,157,309.0,0.0,False,0.0,0.0,0.0,,,75,person,0.1,0.1,heuristic,segformer_b2_cityscapes,acdc_rain_targetcal25,13,
,-1,True,,0.6383106631514275,0.001860691816546023,,475,,,False,,,,,,75,person,0.1,0.1,argmax,segformer_b2_cityscapes,acdc_rain_targetcal25,13,0.5728155339805825
1.0,1000,True,0.0,0.0,1.0,0.6694736842105263,157,309.0,0.0,False,0.0,0.0,0.0,,,75,person,0.2,0.1,region_crc,segformer_b2_cityscapes,acdc_rain_targetcal25,13,
0.998,998,True,0.05626326963906581,0.05626326963906581,0.03207217901945114,0.6694736842105263,157,309.0,0.26315789473684215,False,0.05056179775280899,0.027522935779816515,0.0,,,75,person,0.2,0.1,heuristic,segformer_b2_cityscapes,acdc_rain_targetcal25,13,
,-1,True,,0.6383106631514275,0.001860691816546023,,475,,,False,,,,,,75,person,0.2,0.1,argmax,segformer_b2_cityscapes,acdc_rain_targetcal25,13,0.5728155339805825
1.0,1000,False,0.0,0.0,1.0,0.6694736842105263,157,309.0,0.0,False,0.0,0.0,0.0,,,75,person,0.05,0.5,region_crc,segformer_b2_cityscapes,acdc_rain_targetcal25,13,
1.0,1000,True,0.0,0.0,1.0,0.6694736842105263,157,309.0,0.0,False,0.0,0.0,0.0,,,75,person,0.05,0.5,heuristic,segformer_b2_cityscapes,acdc_rain_targetcal25,13,
,-1,True,,0.7474047891245343,0.001860691816546023,,475,,,False,,,,,,75,person,0.05,0.5,argmax,segformer_b2_cityscapes,acdc_rain_targetcal25,13,0.6893203883495146
1.0,1000,True,0.0,0.0,1.0,0.6694736842105263,157,309.0,0.0,False,0.0,0.0,0.0,,,75,person,0.1,0.5,region_crc,segformer_b2_cityscapes,acdc_rain_targetcal25,13,
1.0,1000,True,0.0,0.0,1.0,0.6694736842105263,157,309.0,0.0,False,0.0,0.0,0.0,,,75,person,0.1,0.5,heuristic,segformer_b2_cityscapes,acdc_rain_targetcal25,13,
,-1,True,,0.7474047891245343,0.001860691816546023,,475,,,False,,,,,,75,person,0.1,0.5,argmax,segformer_b2_cityscapes,acdc_rain_targetcal25,13,0.6893203883495146
1.0,1000,True,0.0,0.0,1.0,0.6694736842105263,157,309.0,0.0,False,0.0,0.0,0.0,,,75,person,0.2,0.5,region_crc,segformer_b2_cityscapes,acdc_rain_targetcal25,13,
0.999,999,True,0.06263269639065816,0.06263269639065816,0.041693076491355896,0.6694736842105263,157,309.0,0.28,False,0.0449438202247191,0.05504587155963303,0.0,,,75,person,0.2,0.5,heuristic,segformer_b2_cityscapes,acdc_rain_targetcal25,13,
,-1,True,,0.7474047891245343,0.001860691816546023,,475,,,False,,,,,,75,person,0.2,0.5,argmax,segformer_b2_cityscapes,acdc_rain_targetcal25,13,0.6893203883495146
1.0,1000,False,0.0,0.0,1.0,0.9431578947368421,27,36.0,0.0,False,0.0,0.0,0.0,,,75,rider,0.05,0.1,region_crc,segformer_b2_cityscapes,acdc_rain_targetcal25,1,
0.998,998,True,0.4444444444444444,0.4444444444444444,0.005068675614893436,0.9431578947368421,27,36.0,0.10736842105263156,False,0.6153846153846154,0.0,0.0,,,75,rider,0.05,0.1,heuristic,segformer_b2_cityscapes,acdc_rain_targetcal25,1,
,-1,True,,0.7962962962962963,0.0002812053426168859,,475,,,False,,,,,,75,rider,0.05,0.1,argmax,segformer_b2_cityscapes,acdc_rain_targetcal25,1,0.8055555555555556
1.0,1000,False,0.0,0.0,1.0,0.9431578947368421,27,36.0,0.0,False,0.0,0.0,0.0,,,75,rider,0.1,0.1,region_crc,segformer_b2_cityscapes,acdc_rain_targetcal25,1,
0.998,998,True,0.4444444444444444,0.4444444444444444,0.005068675614893436,0.9431578947368421,27,36.0,0.10736842105263156,False,0.6153846153846154,0.0,0.0,,,75,rider,0.1,0.1,heuristic,segformer_b2_cityscapes,acdc_rain_targetcal25,1,
,-1,True,,0.7962962962962963,0.0002812053426168859,,475,,,False,,,,,,75,rider,0.1,0.1,argmax,segformer_b2_cityscapes,acdc_rain_targetcal25,1,0.8055555555555556
1.0,1000,False,0.0,0.0,1.0,0.9431578947368421,27,36.0,0.0,False,0.0,0.0,0.0,,,75,rider,0.2,0.1,region_crc,segformer_b2_cityscapes,acdc_rain_targetcal25,1,
0.998,998,True,0.4444444444444444,0.4444444444444444,0.005068675614893436,0.9431578947368421,27,36.0,0.10736842105263156,False,0.6153846153846154,0.0,0.0,,,75,rider,0.2,0.1,heuristic,segformer_b2_cityscapes,acdc_rain_targetcal25,1,
,-1,True,,0.7962962962962963,0.0002812053426168859,,475,,,False,,,,,,75,rider,0.2,0.1,argmax,segformer_b2_cityscapes,acdc_rain_targetcal25,1,0.8055555555555556
1.0,1000,False,0.0,0.0,1.0,0.9431578947368421,27,36.0,0.0,False,0.0,0.0,0.0,,,75,rider,0.05,0.5,region_crc,segformer_b2_cityscapes,acdc_rain_targetcal25,1,
0.999,999,True,0.5061728395061729,0.5061728395061729,0.006989124231040478,0.9431578947368421,27,36.0,0.14315789473684212,False,0.6153846153846154,0.2,0.0,,,75,rider,0.05,0.5,heuristic,segformer_b2_cityscapes,acdc_rain_targetcal25,1,
,-1,True,,0.8518518518518519,0.0002812053426168859,,475,,,False,,,,,,75,rider,0.05,0.5,argmax,segformer_b2_cityscapes,acdc_rain_targetcal25,1,0.8611111111111112
1.0,1000,False,0.0,0.0,1.0,0.9431578947368421,27,36.0,0.0,False,0.0,0.0,0.0,,,75,rider,0.1,0.5,region_crc,segformer_b2_cityscapes,acdc_rain_targetcal25,1,
0.999,999,True,0.5061728395061729,0.5061728395061729,0.006989124231040478,0.9431578947368421,27,36.0,0.14315789473684212,False,0.6153846153846154,0.2,0.0,,,75,rider,0.1,0.5,heuristic,segformer_b2_cityscapes,acdc_rain_targetcal25,1,
,-1,True,,0.8518518518518519,0.0002812053426168859,,475,,,False,,,,,,75,rider,0.1,0.5,argmax,segformer_b2_cityscapes,acdc_rain_targetcal25,1,0.8611111111111112
1.0,1000,False,0.0,0.0,1.0,0.9431578947368421,27,36.0,0.0,False,0.0,0.0,0.0,,,75,rider,0.2,0.5,region_crc,segformer_b2_cityscapes,acdc_rain_targetcal25,1,
0.999,999,True,0.5061728395061729,0.5061728395061729,0.006989124231040478,0.9431578947368421,27,36.0,0.14315789473684212,False,0.6153846153846154,0.2,0.0,,,75,rider,0.2,0.5,heuristic,segformer_b2_cityscapes,acdc_rain_targetcal25,1,
,-1,True,,0.8518518518518519,0.0002812053426168859,,475,,,False,,,,,,75,rider,0.2,0.5,argmax,segformer_b2_cityscapes,acdc_rain_targetcal25,1,0.8611111111111112
1.0,1000,False,0.0,0.0,1.0,0.8378947368421052,77,147.0,0.0,False,0.0,0.0,0.0,,,75,bicycle,0.05,0.1,region_crc,segformer_b2_cityscapes,acdc_rain_targetcal25,6,
1.0,1000,True,0.0,0.0,1.0,0.8378947368421052,77,147.0,0.0,False,0.0,0.0,0.0,,,75,bicycle,0.05,0.1,heuristic,segformer_b2_cityscapes,acdc_rain_targetcal25,6,
,-1,True,,0.7156153370439085,0.0011005308479070663,,475,,,False,,,,,,75,bicycle,0.05,0.1,argmax,segformer_b2_cityscapes,acdc_rain_targetcal25,6,0.6938775510204082
1.0,1000,False,0.0,0.0,1.0,0.8378947368421052,77,147.0,0.0,False,0.0,0.0,0.0,,,75,bicycle,0.1,0.1,region_crc,segformer_b2_cityscapes,acdc_rain_targetcal25,6,
1.0,1000,True,0.0,0.0,1.0,0.8378947368421052,77,147.0,0.0,False,0.0,0.0,0.0,,,75,bicycle,0.1,0.1,heuristic,segformer_b2_cityscapes,acdc_rain_targetcal25,6,
,-1,True,,0.7156153370439085,0.0011005308479070663,,475,,,False,,,,,,75,bicycle,0.1,0.1,argmax,segformer_b2_cityscapes,acdc_rain_targetcal25,6,0.6938775510204082
1.0,1000,True,0.0,0.0,1.0,0.8378947368421052,77,147.0,0.0,False,0.0,0.0,0.0,,,75,bicycle,0.2,0.1,region_crc,segformer_b2_cityscapes,acdc_rain_targetcal25,6,
0.999,999,True,0.21224489795918366,0.21224489795918366,0.01864430494606495,0.8378947368421052,77,147.0,0.15578947368421053,False,0.3037974683544304,0.05454545454545454,0.0,,,75,bicycle,0.2,0.1,heuristic,segformer_b2_cityscapes,acdc_rain_targetcal25,6,
,-1,True,,0.7156153370439085,0.0011005308479070663,,475,,,False,,,,,,75,bicycle,0.2,0.1,argmax,segformer_b2_cityscapes,acdc_rain_targetcal25,6,0.6938775510204082
1.0,1000,False,0.0,0.0,1.0,0.8378947368421052,77,147.0,0.0,False,0.0,0.0,0.0,,,75,bicycle,0.05,0.5,region_crc,segformer_b2_cityscapes,acdc_rain_targetcal25,6,
1.0,1000,True,0.0,0.0,1.0,0.8378947368421052,77,147.0,0.0,False,0.0,0.0,0.0,,,75,bicycle,0.05,0.5,heuristic,segformer_b2_cityscapes,acdc_rain_targetcal25,6,
,-1,True,,0.7629251700680272,0.0011005308479070663,,475,,,False,,,,,,75,bicycle,0.05,0.5,argmax,segformer_b2_cityscapes,acdc_rain_targetcal25,6,0.7414965986394558
1.0,1000,False,0.0,0.0,1.0,0.8378947368421052,77,147.0,0.0,False,0.0,0.0,0.0,,,75,bicycle,0.1,0.5,region_crc,segformer_b2_cityscapes,acdc_rain_targetcal25,6,
1.0,1000,True,0.0,0.0,1.0,0.8378947368421052,77,147.0,0.0,False,0.0,0.0,0.0,,,75,bicycle,0.1,0.5,heuristic,segformer_b2_cityscapes,acdc_rain_targetcal25,6,
,-1,True,,0.7629251700680272,0.0011005308479070663,,475,,,False,,,,,,75,bicycle,0.1,0.5,argmax,segformer_b2_cityscapes,acdc_rain_targetcal25,6,0.7414965986394558
1.0,1000,True,0.0,0.0,1.0,0.8378947368421052,77,147.0,0.0,False,0.0,0.0,0.0,,,75,bicycle,0.2,0.5,region_crc,segformer_b2_cityscapes,acdc_rain_targetcal25,6,
1.0,1000,True,0.0,0.0,1.0,0.8378947368421052,77,147.0,0.0,False,0.0,0.0,0.0,,,75,bicycle,0.2,0.5,heuristic,segformer_b2_cityscapes,acdc_rain_targetcal25,6,
,-1,True,,0.7629251700680272,0.0011005308479070663,,475,,,False,,,,,,75,bicycle,0.2,0.5,argmax,segformer_b2_cityscapes,acdc_rain_targetcal25,6,0.7414965986394558
1.0,1000,False,0.0,0.0,1.0,0.6505263157894737,166,329.0,0.0,False,0.0,0.0,0.0,,,76,person,0.05,0.1,region_crc,segformer_b2_cityscapes,acdc_rain_targetcal25,4,
1.0,1000,True,0.0,0.0,1.0,0.6505263157894737,166,329.0,0.0,False,0.0,0.0,0.0,,,76,person,0.05,0.1,heuristic,segformer_b2_cityscapes,acdc_rain_targetcal25,4,
,-1,True,,0.6378400047074745,0.001886858488433063,,475,,,False,,,,,,76,person,0.05,0.1,argmax,segformer_b2_cityscapes,acdc_rain_targetcal25,4,0.5775075987841946
1.0,1000,False,0.0,0.0,1.0,0.6505263157894737,166,329.0,0.0,False,0.0,0.0,0.0,,,76,person,0.1,0.1,region_crc,segformer_b2_cityscapes,acdc_rain_targetcal25,4,
1.0,1000,True,0.0,0.0,1.0,0.6505263157894737,166,329.0,0.0,False,0.0,0.0,0.0,,,76,person,0.1,0.1,heuristic,segformer_b2_cityscapes,acdc_rain_targetcal25,4,
,-1,True,,0.6378400047074745,0.001886858488433063,,475,,,False,,,,,,76,person,0.1,0.1,argmax,segformer_b2_cityscapes,acdc_rain_targetcal25,4,0.5775075987841946
1.0,1000,True,0.0,0.0,1.0,0.6505263157894737,166,329.0,0.0,False,0.0,0.0,0.0,,,76,person,0.2,0.1,region_crc,segformer_b2_cityscapes,acdc_rain_targetcal25,4,
0.977,977,True,0.23838173205643085,0.23838173205643085,0.011082876473665237,9.753684210526316,166,329.0,0.13473684210526327,False,0.2804232804232804,0.13559322033898305,0.0,,,76,person,0.2,0.1,heuristic,segformer_b2_cityscapes,acdc_rain_targetcal25,4,
,-1,True,,0.6378400047074745,0.001886858488433063,,475,,,False,,,,,,76,person,0.2,0.1,argmax,segformer_b2_cityscapes,acdc_rain_targetcal25,4,0.5775075987841946
1.0,1000,False,0.0,0.0,1.0,0.6505263157894737,166,329.0,0.0,False,0.0,0.0,0.0,,,76,person,0.05,0.5,region_crc,segformer_b2_cityscapes,acdc_rain_targetcal25,4,
1.0,1000,True,0.0,0.0,1.0,0.6505263157894737,166,329.0,0.0,False,0.0,0.0,0.0,,,76,person,0.05,0.5,heuristic,segformer_b2_cityscapes,acdc_rain_targetcal25,4,
,-1,True,,0.7490515174250113,0.001886858488433063,,475,,,False,,,,,,76,person,0.05,0.5,argmax,segformer_b2_cityscapes,acdc_rain_targetcal25,4,0.6930091185410334
1.0,1000,False,0.0,0.0,1.0,0.6505263157894737,166,329.0,0.0,False,0.0,0.0,0.0,,,76,person,0.1,0.5,region_crc,segformer_b2_cityscapes,acdc_rain_targetcal25,4,
1.0,1000,True,0.0,0.0,1.0,0.6505263157894737,166,329.0,0.0,False,0.0,0.0,0.0,,,76,person,0.1,0.5,heuristic,segformer_b2_cityscapes,acdc_rain_targetcal25,4,
,-1,True,,0.7490515174250113,0.001886858488433063,,475,,,False,,,,,,76,person,0.1,0.5,argmax,segformer_b2_cityscapes,acdc_rain_targetcal25,4,0.6930091185410334
1.0,1000,True,0.0,0.0,1.0,0.6505263157894737,166,329.0,0.0,False,0.0,0.0,0.0,,,76,person,0.2,0.5,region_crc,segformer_b2_cityscapes,acdc_rain_targetcal25,4,
0.991,991,True,0.25310215219853777,0.2531021521985377,0.017169764265418053,0.6505263157894737,166,329.0,0.14736842105263157,False,0.291005291005291,0.1694915254237288,0.0,,,76,person,0.2,0.5,heuristic,segformer_b2_cityscapes,acdc_rain_targetcal25,4,
,-1,True,,0.7490515174250113,0.001886858488433063,,475,,,False,,,,,,76,person,0.2,0.5,argmax,segformer_b2_cityscapes,acdc_rain_targetcal25,4,0.6930091185410334
1.0,1000,False,0.0,0.0,1.0,0.9473684210526315,25,34.0,0.0,False,0.0,0.0,0.0,,,76,rider,0.05,0.1,region_crc,segformer_b2_cityscapes,acdc_rain_targetcal25,3,
0.993,993,True,0.6,0.6,0.0026725197676569223,0.9473684210526315,25,34.0,0.08210526315789474,False,0.6923076923076923,0.5,0.0,,,76,rider,0.05,0.1,heuristic,segformer_b2_cityscapes,acdc_rain_targetcal25,3,
,-1,True,,0.82,0.0002367588458582759,,475,,,False,,,,,,76,rider,0.05,0.1,argmax,segformer_b2_cityscapes,acdc_rain_targetcal25,3,0.8529411764705882
1.0,1000,False,0.0,0.0,1.0,0.9473684210526315,25,34.0,0.0,False,0.0,0.0,0.0,,,76,rider,0.1,0.1,region_crc,segformer_b2_cityscapes,acdc_rain_targetcal25,3,
0.993,993,True,0.6,0.6,0.0026725197676569223,0.9473684210526315,25,34.0,0.08210526315789474,False,0.6923076923076923,0.5,0.0,,,76,rider,0.1,0.1,heuristic,segformer_b2_cityscapes,acdc_rain_targetcal25,3,
,-1,True,,0.82,0.0002367588458582759,,475,,,False,,,,,,76,rider,0.1,0.1,argmax,segformer_b2_cityscapes,acdc_rain_targetcal25,3,0.8529411764705882
1.0,1000,False,0.0,0.0,1.0,0.9473684210526315,25,34.0,0.0,False,0.0,0.0,0.0,,,76,rider,0.2,0.1,region_crc,segformer_b2_cityscapes,acdc_rain_targetcal25,3,
0.993,993,True,0.6,0.6,0.0026725197676569223,0.9473684210526315,25,34.0,0.08210526315789474,False,0.6923076923076923,0.5,0.0,,,76,rider,0.2,0.1,heuristic,segformer_b2_cityscapes,acdc_rain_targetcal25,3,
,-1,True,,0.82,0.0002367588458582759,,475,,,False,,,,,,76,rider,0.2,0.1,argmax,segformer_b2_cityscapes,acdc_rain_targetcal25,3,0.8529411764705882
1.0,1000,False,0.0,0.0,1.0,0.9473684210526315,25,34.0,0.0,False,0.0,0.0,0.0,,,76,rider,0.05,0.5,region_crc,segformer_b2_cityscapes,acdc_rain_targetcal25,3,
0.997,997,True,0.62,0.62,0.004090155940502882,0.9473684210526315,25,34.0,0.12631578947368421,False,0.6923076923076923,0.25,0.25,,,76,rider,0.05,0.5,heuristic,segformer_b2_cityscapes,acdc_rain_targetcal25,3,
,-1,True,,0.86,0.0002367588458582759,,475,,,False,,,,,,76,rider,0.05,0.5,argmax,segformer_b2_cityscapes,acdc_rain_targetcal25,3,0.8823529411764706
1.0,1000,False,0.0,0.0,1.0,0.9473684210526315,25,34.0,0.0,False,0.0,0.0,0.0,,,76,rider,0.1,0.5,region_crc,segformer_b2_cityscapes,acdc_rain_targetcal25,3,
0.997,997,True,0.62,0.62,0.004090155940502882,0.9473684210526315,25,34.0,0.12631578947368421,False,0.6923076923076923,0.25,0.25,,,76,rider,0.1,0.5,heuristic,segformer_b2_cityscapes,acdc_rain_targetcal25,3,
,-1,True,,0.86,0.0002367588458582759,,475,,,False,,,,,,76,rider,0.1,0.5,argmax,segformer_b2_cityscapes,acdc_rain_targetcal25,3,0.8823529411764706
1.0,1000,False,0.0,0.0,1.0,0.9473684210526315,25,34.0,0.0,False,0.0,0.0,0.0,,,76,rider,0.2,0.5,region_crc,segformer_b2_cityscapes,acdc_rain_targetcal25,3,
0.997,997,True,0.62,0.62,0.004090155940502882,0.9473684210526315,25,34.0,0.12631578947368421,False,0.6923076923076923,0.25,0.25,,,76,rider,0.2,0.5,heuristic,segformer_b2_cityscapes,acdc_rain_targetcal25,3,
,-1,True,,0.86,0.0002367588458582759,,475,,,False,,,,,,76,rider,0.2,0.5,argmax,segformer_b2_cityscapes,acdc_rain_targetcal25,3,0.8823529411764706
1.0,1000,False,0.0,0.0,1.0,0.8336842105263158,79,147.0,0.0,False,0.0,0.0,0.0,,,76,bicycle,0.05,0.1,region_crc,segformer_b2_cityscapes,acdc_rain_targetcal25,4,
0.999,999,True,0.22079566003616638,0.22079566003616638,0.018768342211842537,0.8336842105263158,79,147.0,0.12210526315789472,False,0.32926829268292684,0.07547169811320754,0.0,,,76,bicycle,0.05,0.1,heuristic,segformer_b2_cityscapes,acdc_rain_targetcal25,4,
,-1,True,,0.724080771549126,0.0011135285021737218,,475,,,False,,,,,,76,bicycle,0.05,0.1,argmax,segformer_b2_cityscapes,acdc_rain_targetcal25,4,0.7074829931972789
1.0,1000,False,0.0,0.0,1.0,0.8336842105263158,79,147.0,0.0,False,0.0,0.0,0.0,,,76,bicycle,0.1,0.1,region_crc,segformer_b2_cityscapes,acdc_rain_targetcal25,4,
0.999,999,True,0.22079566003616638,0.22079566003616638,0.018768342211842537,0.8336842105263158,79,147.0,0.12210526315789472,False,0.32926829268292684,0.07547169811320754,0.0,,,76,bicycle,0.1,0.1,heuristic,segformer_b2_cityscapes,acdc_rain_targetcal25,4,
,-1,True,,0.724080771549126,0.0011135285021737218,,475,,,False,,,,,,76,bicycle,0.1,0.1,argmax,segformer_b2_cityscapes,acdc_rain_targetcal25,4,0.7074829931972789
0.999,999,True,0.22079566003616638,0.22079566003616638,0.018768342211842537,0.8336842105263158,79,147.0,0.12210526315789472,False,0.32926829268292684,0.07547169811320754,0.0,,,76,bicycle,0.2,0.1,region_crc,segformer_b2_cityscapes,acdc_rain_targetcal25,4,
0.999,999,True,0.22079566003616638,0.22079566003616638,0.018768342211842537,0.8336842105263158,79,147.0,0.12210526315789472,False,0.32926829268292684,0.07547169811320754,0.0,,,76,bicycle,0.2,0.1,heuristic,segformer_b2_cityscapes,acdc_rain_targetcal25,4,
,-1,True,,0.724080771549126,0.0011135285021737218,,475,,,False,,,,,,76,bicycle,0.2,0.1,argmax,segformer_b2_cityscapes,acdc_rain_targetcal25,4,0.7074829931972789
1.0,1000,False,0.0,0.0,1.0,0.8336842105263158,79,147.0,0.0,False,0.0,0.0,0.0,,,76,bicycle,0.05,0.5,region_crc,segformer_b2_cityscapes,acdc_rain_targetcal25,4,
1.0,1000,True,0.0,0.0,1.0,0.8336842105263158,79,147.0,0.0,False,0.0,0.0,0.0,,,76,bicycle,0.05,0.5,heuristic,segformer_b2_cityscapes,acdc_rain_targetcal25,4,
,-1,True,,0.7701928872814948,0.0011135285021737218,,475,,,False,,,,,,76,bicycle,0.05,0.5,argmax,segformer_b2_cityscapes,acdc_rain_targetcal25,4,0.7551020408163265
1.0,1000,False,0.0,0.0,1.0,0.8336842105263158,79,147.0,0.0,False,0.0,0.0,0.0,,,76,bicycle,0.1,0.5,region_crc,segformer_b2_cityscapes,acdc_rain_targetcal25,4,
1.0,1000,True,0.0,0.0,1.0,0.8336842105263158,79,147.0,0.0,False,0.0,0.0,0.0,,,76,bicycle,0.1,0.5,heuristic,segformer_b2_cityscapes,acdc_rain_targetcal25,4,
,-1,True,,0.7701928872814948,0.0011135285021737218,,475,,,False,,,,,,76,bicycle,0.1,0.5,argmax,segformer_b2_cityscapes,acdc_rain_targetcal25,4,0.7551020408163265
1.0,1000,True,0.0,0.0,1.0,0.8336842105263158,79,147.0,0.0,False,0.0,0.0,0.0,,,76,bicycle,0.2,0.5,region_crc,segformer_b2_cityscapes,acdc_rain_targetcal25,4,
1.0,1000,True,0.0,0.0,1.0,0.8336842105263158,79,147.0,0.0,False,0.0,0.0,0.0,,,76,bicycle,0.2,0.5,heuristic,segformer_b2_cityscapes,acdc_rain_targetcal25,4,
,-1,True,,0.7701928872814948,0.0011135285021737218,,475,,,False,,,,,,76,bicycle,0.2,0.5,argmax,segformer_b2_cityscapes,acdc_rain_targetcal25,4,0.7551020408163265
1.0,1000,False,0.0,0.0,1.0,0.6652631578947369,159,303.0,0.0,False,0.0,0.0,0.0,,,77,person,0.05,0.1,region_crc,segformer_b2_cityscapes,acdc_rain_targetcal25,11,
0.997,997,True,0.090146750524109,0.090146750524109,0.027211610227823257,0.6652631578947369,159,303.0,0.15578947368421053,False,0.09195402298850575,0.0625,0.0,,,77,person,0.05,0.1,heuristic,segformer_b2_cityscapes,acdc_rain_targetcal25,11,
,-1,True,,0.6399601446771258,0.0017361151985824108,,475,,,False,,,,,,77,person,0.05,0.1,argmax,segformer_b2_cityscapes,acdc_rain_targetcal25,11,0.5907590759075908
1.0,1000,True,0.0,0.0,1.0,0.6652631578947369,159,303.0,0.0,False,0.0,0.0,0.0,,,77,person,0.1,0.1,region_crc,segformer_b2_cityscapes,acdc_rain_targetcal25,11,
0.995,995,True,0.1142557651991614,0.1142557651991614,0.02197013422846794,0.6652631578947369,159,303.0,0.12210526315789472,False,0.12643678160919541,0.07142857142857142,0.0,,,77,person,0.1,0.1,heuristic,segformer_b2_cityscapes,acdc_rain_targetcal25,11,
,-1,True,,0.6399601446771258,0.0017361151985824108,,475,,,False,,,,,,77,person,0.1,0.1,argmax,segformer_b2_cityscapes,acdc_rain_targetcal25,11,0.5907590759075908
0.991,991,True,0.15146750524109015,0.15146750524109015,0.016943788155913353,0.6652631578947369,159,303.0,0.14947368421052637,False,0.19540229885057472,0.07142857142857142,0.0,,,77,person,0.2,0.1,region_crc,segformer_b2_cityscapes,acdc_rain_targetcal25,11,
0.991,991,True,0.15146750524109015,0.15146750524109015,0.016943788155913353,0.6652631578947369,159,303.0,0.14947368421052637,False,0.19540229885057472,0.07142857142857142,0.0,,,77,person,0.2,0.1,heuristic,segformer_b2_cityscapes,acdc_rain_targetcal25,11,
,-1,True,,0.6399601446771258,0.0017361151985824108,,475,,,False,,,,,,77,person,0.2,0.1,argmax,segformer_b2_cityscapes,acdc_rain_targetcal25,11,0.5907590759075908
1.0,1000,False,0.0,0.0,1.0,0.6652631578947369,159,303.0,0.0,False,0.0,0.0,0.0,,,77,person,0.05,0.5,region_crc,segformer_b2_cityscapes,acdc_rain_targetcal25,11,
0.999,999,True,0.07442348008385744,0.07442348008385744,0.041661687195301056,0.6652631578947369,159,303.0,0.1305263157894737,False,0.05747126436781609,0.07142857142857142,0.0,,,77,person,0.05,0.5,heuristic,segformer_b2_cityscapes,acdc_rain_targetcal25,11,
,-1,True,,0.752224295620522,0.0017361151985824108,,475,,,False,,,,,,77,person,0.05,0.5,argmax,segformer_b2_cityscapes,acdc_rain_targetcal25,11,0.7062706270627063
1.0,1000,True,0.0,0.0,1.0,0.6652631578947369,159,303.0,0.0,False,0.0,0.0,0.0,,,77,person,0.1,0.5,region_crc,segformer_b2_cityscapes,acdc_rain_targetcal25,11,
0.998,998,True,0.11215932914046123,0.11215932914046123,0.03200652450323105,0.6652631578947369,159,303.0,0.1515789473684211,False,0.11494252873563218,0.08035714285714286,0.0,,,77,person,0.1,0.5,heuristic,segformer_b2_cityscapes,acdc_rain_targetcal25,11,
,-1,True,,0.752224295620522,0.0017361151985824108,,475,,,False,,,,,,77,person,0.1,0.5,argmax,segformer_b2_cityscapes,acdc_rain_targetcal25,11,0.7062706270627063
0.997,997,True,0.13469601677148846,0.13469601677148846,0.027211610227823257,0.6652631578947369,159,303.0,0.15578947368421053,False,0.14942528735632185,0.08928571428571429,0.0,,,77,person,0.2,0.5,region_crc,segformer_b2_cityscapes,acdc_rain_targetcal25,11,
0.997,997,True,0.13469601677148846,0.13469601677148846,0.027211610227823257,0.6652631578947369,159,303.0,0.15578947368421053,False,0.14942528735632185,0.08928571428571429,0.0,,,77,person,0.2,0.5,heuristic,segformer_b2_cityscapes,acdc_rain_targetcal25,11,
,-1,True,,0.752224295620522,0.0017361151985824108,,475,,,False,,,,,,77,person,0.2,0.5,argmax,segformer_b2_cityscapes,acdc_rain_targetcal25,11,0.7062706270627063
1.0,1000,False,0.0,0.0,1.0,0.9473684210526315,25,34.0,0.0,False,0.0,0.0,0.0,,,77,rider,0.05,0.1,region_crc,segformer_b2_cityscapes,acdc_rain_targetcal25,3,
0.998,998,True,0.48,0.48,0.004884633701294661,0.9473684210526315,25,34.0,0.23157894736842105,False,0.6153846153846154,0.0,0.0,,,77,rider,0.05,0.1,heuristic,segformer_b2_cityscapes,acdc_rain_targetcal25,3,
,-1,True,,0.82,0.00025203966652043164,,475,,,False,,,,,,77,rider,0.05,0.1,argmax,segformer_b2_cityscapes,acdc_rain_targetcal25,3,0.8235294117647058
1.0,1000,False,0.0,0.0,1.0,0.9473684210526315,25,34.0,0.0,False,0.0,0.0,0.0,,,77,rider,0.1,0.1,region_crc,segformer_b2_cityscapes,acdc_rain_targetcal25,3,
0.998,998,True,0.48,0.48,0.004884633701294661,0.9473684210526315,25,34.0,0.23157894736842105,False,0.6153846153846154,0.0,0.0,,,77,rider,0.1,0.1,heuristic,segformer_b2_cityscapes,acdc_rain_targetcal25,3,
,-1,True,,0.82,0.00025203966652043164,,475,,,False,,,,,,77,rider,0.1,0.1,argmax,segformer_b2_cityscapes,acdc_rain_targetcal25,3,0.8235294117647058
1.0,1000,False,0.0,0.0,1.0,0.9473684210526315,25,34.0,0.0,False,0.0,0.0,0.0,,,77,rider,0.2,0.1,region_crc,segformer_b2_cityscapes,acdc_rain_targetcal25,3,
0.997,997,True,0.52,0.52,0.00400469871237874,0.9473684210526315,25,34.0,0.2505263157894737,False,0.6538461538461539,0.0,0.0,,,77,rider,0.2,0.1,heuristic,segformer_b2_cityscapes,acdc_rain_targetcal25,3,
,-1,True,,0.82,0.00025203966652043164,,475,,,False,,,,,,77,rider,0.2,0.1,argmax,segformer_b2_cityscapes,acdc_rain_targetcal25,3,0.8235294117647058
1.0,1000,False,0.0,0.0,1.0,0.9473684210526315,25,34.0,0.0,False,0.0,0.0,0.0,,,77,rider,0.05,0.5,region_crc,segformer_b2_cityscapes,acdc_rain_targetcal25,3,
1.0,1000,True,0.0,0.0,1.0,0.9473684210526315,25,34.0,0.0,False,0.0,0.0,0.0,,,77,rider,0.05,0.5,heuristic,segformer_b2_cityscapes,acdc_rain_targetcal25,3,
,-1,True,,0.88,0.00025203966652043164,,475,,,False,,,,,,77,rider,0.05,0.5,argmax,segformer_b2_cityscapes,acdc_rain_targetcal25,3,0.8823529411764706
1.0,1000,False,0.0,0.0,1.0,0.9473684210526315,25,34.0,0.0,False,0.0,0.0,0.0,,,77,rider,0.1,0.5,region_crc,segformer_b2_cityscapes,acdc_rain_targetcal25,3,
1.0,1000,True,0.0,0.0,1.0,0.9473684210526315,25,34.0,0.0,False,0.0,0.0,0.0,,,77,rider,0.1,0.5,heuristic,segformer_b2_cityscapes,acdc_rain_targetcal25,3,
,-1,True,,0.88,0.00025203966652043164,,475,,,False,,,,,,77,rider,0.1,0.5,argmax,segformer_b2_cityscapes,acdc_rain_targetcal25,3,0.8823529411764706
1.0,1000,False,0.0,0.0,1.0,0.9473684210526315,25,34.0,0.0,False,0.0,0.0,0.0,,,77,rider,0.2,0.5,region_crc,segformer_b2_cityscapes,acdc_rain_targetcal25,3,
1.0,1000,True,0.0,0.0,1.0,0.9473684210526315,25,34.0,0.0,False,0.0,0.0,0.0,,,77,rider,0.2,0.5,heuristic,segformer_b2_cityscapes,acdc_rain_targetcal25,3,
,-1,True,,0.88,0.00025203966652043164,,475,,,False,,,,,,77,rider,0.2,0.5,argmax,segformer_b2_cityscapes,acdc_rain_targetcal25,3,0.8823529411764706
1.0,1000,False,0.0,0.0,1.0,0.8378947368421052,77,148.0,0.0,False,0.0,0.0,0.0,,,77,bicycle,0.05,0.1,region_crc,segformer_b2_cityscapes,acdc_rain_targetcal25,6,
1.0,1000,True,0.0,0.0,1.0,0.8378947368421052,77,148.0,0.0,False,0.0,0.0,0.0,,,77,bicycle,0.05,0.1,heuristic,segformer_b2_cityscapes,acdc_rain_targetcal25,6,
,-1,True,,0.7329313543599257,0.0011191093362867832,,475,,,False,,,,,,77,bicycle,0.05,0.1,argmax,segformer_b2_cityscapes,acdc_rain_targetcal25,6,0.722972972972973
1.0,1000,False,0.0,0.0,1.0,0.8378947368421052,77,148.0,0.0,False,0.0,0.0,0.0,,,77,bicycle,0.1,0.1,region_crc,segformer_b2_cityscapes,acdc_rain_targetcal25,6,
0.968,968,True,0.5097093382807669,0.5097093382807669,0.003688398515805602,3.656842105263158,77,148.0,0.16210526315789475,False,0.6219512195121951,0.35185185185185186,0.0,,,77,bicycle,0.1,0.1,heuristic,segformer_b2_cityscapes,acdc_rain_targetcal25,6,
,-1,True,,0.7329313543599257,0.0011191093362867832,,475,,,False,,,,,,77,bicycle,0.1,0.1,argmax,segformer_b2_cityscapes,acdc_rain_targetcal25,6,0.722972972972973
1.0,1000,True,0.0,0.0,1.0,0.8378947368421052,77,148.0,0.0,False,0.0,0.0,0.0,,,77,bicycle,0.2,0.1,region_crc,segformer_b2_cityscapes,acdc_rain_targetcal25,6,
0.966,966,True,0.5097093382807669,0.5097093382807669,0.003582798643037677,3.656842105263158,77,148.0,0.16421052631578947,False,0.6219512195121951,0.35185185185185186,0.0,,,77,bicycle,0.2,0.1,heuristic,segformer_b2_cityscapes,acdc_rain_targetcal25,6,
,-1,True,,0.7329313543599257,0.0011191093362867832,,475,,,False,,,,,,77,bicycle,0.2,0.1,argmax,segformer_b2_cityscapes,acdc_rain_targetcal25,6,0.722972972972973
1.0,1000,False,0.0,0.0,1.0,0.8378947368421052,77,148.0,0.0,False,0.0,0.0,0.0,,,77,bicycle,0.05,0.5,region_crc,segformer_b2_cityscapes,acdc_rain_targetcal25,6,
1.0,1000,True,0.0,0.0,1.0,0.8378947368421052,77,148.0,0.0,False,0.0,0.0,0.0,,,77,bicycle,0.05,0.5,heuristic,segformer_b2_cityscapes,acdc_rain_targetcal25,6,
,-1,True,,0.7802411873840446,0.0011191093362867832,,475,,,False,,,,,,77,bicycle,0.05,0.5,argmax,segformer_b2_cityscapes,acdc_rain_targetcal25,6,0.7702702702702703
1.0,1000,False,0.0,0.0,1.0,0.8378947368421052,77,148.0,0.0,False,0.0,0.0,0.0,,,77,bicycle,0.1,0.5,region_crc,segformer_b2_cityscapes,acdc_rain_targetcal25,6,
0.994,994,True,0.43395176252319106,0.43395176252319106,0.00822291150689125,0.8378947368421052,77,148.0,0.10736842105263157,False,0.573170731707317,0.2962962962962963,0.0,,,77,bicycle,0.1,0.5,heuristic,segformer_b2_cityscapes,acdc_rain_targetcal25,6,
,-1,True,,0.7802411873840446,0.0011191093362867832,,475,,,False,,,,,,77,bicycle,0.1,0.5,argmax,segformer_b2_cityscapes,acdc_rain_targetcal25,6,0.7702702702702703
1.0,1000,True,0.0,0.0,1.0,0.8378947368421052,77,148.0,0.0,False,0.0,0.0,0.0,,,77,bicycle,0.2,0.5,region_crc,segformer_b2_cityscapes,acdc_rain_targetcal25,6,
0.994,994,True,0.43395176252319106,0.43395176252319106,0.00822291150689125,0.8378947368421052,77,148.0,0.10736842105263157,False,0.573170731707317,0.2962962962962963,0.0,,,77,bicycle,0.2,0.5,heuristic,segformer_b2_cityscapes,acdc_rain_targetcal25,6,
,-1,True,,0.7802411873840446,0.0011191093362867832,,475,,,False,,,,,,77,bicycle,0.2,0.5,argmax,segformer_b2_cityscapes,acdc_rain_targetcal25,6,0.7702702702702703
1.0,1000,False,0.0,0.0,1.0,0.6589473684210526,162,319.0,0.0,False,0.0,0.0,0.0,,,78,person,0.05,0.1,region_crc,segformer_b2_cityscapes,acdc_rain_targetcal25,8,
1.0,1000,True,0.0,0.0,1.0,0.6589473684210526,162,319.0,0.0,False,0.0,0.0,0.0,,,78,person,0.05,0.1,heuristic,segformer_b2_cityscapes,acdc_rain_targetcal25,8,
,-1,True,,0.6381570418607456,0.0019278102554380894,,475,,,False,,,,,,78,person,0.05,0.1,argmax,segformer_b2_cityscapes,acdc_rain_targetcal25,8,0.5705329153605015
1.0,1000,False,0.0,0.0,1.0,0.6589473684210526,162,319.0,0.0,False,0.0,0.0,0.0,,,78,person,0.1,0.1,region_crc,segformer_b2_cityscapes,acdc_rain_targetcal25,8,
0.998,998,True,0.06532921810699588,0.06532921810699588,0.03276367485523224,0.6589473684210526,162,319.0,0.3389473684210526,True,0.060109289617486336,0.03508771929824561,0.0,,,78,person,0.1,0.1,heuristic,segformer_b2_cityscapes,acdc_rain_targetcal25,8,
,-1,True,,0.6381570418607456,0.0019278102554380894,,475,,,False,,,,,,78,person,0.1,0.1,argmax,segformer_b2_cityscapes,acdc_rain_targetcal25,8,0.5705329153605015
0.998,998,True,0.06532921810699588,0.06532921810699588,0.03276367485523224,0.6589473684210526,162,319.0,0.3389473684210526,True,0.060109289617486336,0.03508771929824561,0.0,,,78,person,0.2,0.1,region_crc,segformer_b2_cityscapes,acdc_rain_targetcal25,8,
0.995,995,True,0.1087448559670782,0.1087448559670782,0.02260606922209263,0.6589473684210526,162,319.0,0.35789473684210527,True,0.12021857923497267,0.06140350877192982,0.0,,,78,person,0.2,0.1,heuristic,segformer_b2_cityscapes,acdc_rain_targetcal25,8,
,-1,True,,0.6381570418607456,0.0019278102554380894,,475,,,False,,,,,,78,person,0.2,0.1,argmax,segformer_b2_cityscapes,acdc_rain_targetcal25,8,0.5705329153605015
1.0,1000,False,0.0,0.0,1.0,0.6589473684210526,162,319.0,0.0,False,0.0,0.0,0.0,,,78,person,0.05,0.5,region_crc,segformer_b2_cityscapes,acdc_rain_targetcal25,8,
1.0,1000,True,0.0,0.0,1.0,0.6589473684210526,162,319.0,0.0,False,0.0,0.0,0.0,,,78,person,0.05,0.5,heuristic,segformer_b2_cityscapes,acdc_rain_targetcal25,8,
,-1,True,,0.7490280981021722,0.0019278102554380894,,475,,,False,,,,,,78,person,0.05,0.5,argmax,segformer_b2_cityscapes,acdc_rain_targetcal25,8,0.6865203761755486
1.0,1000,False,0.0,0.0,1.0,0.6589473684210526,162,319.0,0.0,False,0.0,0.0,0.0,,,78,person,0.1,0.5,region_crc,segformer_b2_cityscapes,acdc_rain_targetcal25,8,
1.0,1000,True,0.0,0.0,1.0,0.6589473684210526,162,319.0,0.0,False,0.0,0.0,0.0,,,78,person,0.1,0.5,heuristic,segformer_b2_cityscapes,acdc_rain_targetcal25,8,
,-1,True,,0.7490280981021722,0.0019278102554380894,,475,,,False,,,,,,78,person,0.1,0.5,argmax,segformer_b2_cityscapes,acdc_rain_targetcal25,8,0.6865203761755486
1.0,1000,True,0.0,0.0,1.0,0.6589473684210526,162,319.0,0.0,False,0.0,0.0,0.0,,,78,person,0.2,0.5,region_crc,segformer_b2_cityscapes,acdc_rain_targetcal25,8,
0.996,996,True,0.14907407407407405,0.14907407407407405,0.024822676554322243,0.6589473684210526,162,319.0,0.3452631578947368,True,0.17486338797814208,0.07894736842105263,0.0,,,78,person,0.2,0.5,heuristic,segformer_b2_cityscapes,acdc_rain_targetcal25,8,
,-1,True,,0.7490280981021722,0.0019278102554380894,,475,,,False,,,,,,78,person,0.2,0.5,argmax,segformer_b2_cityscapes,acdc_rain_targetcal25,8,0.6865203761755486
1.0,1000,False,0.0,0.0,1.0,0.9431578947368421,27,36.0,0.0,False,0.0,0.0,0.0,,,78,rider,0.05,0.1,region_crc,segformer_b2_cityscapes,acdc_rain_targetcal25,1,
0.998,998,True,0.4444444444444444,0.4444444444444444,0.005082523915916681,0.9431578947368421,27,36.0,0.14315789473684215,False,0.6153846153846154,0.0,0.0,,,78,rider,0.05,0.1,heuristic,segformer_b2_cityscapes,acdc_rain_targetcal25,1,
,-1,True,,0.7962962962962963,0.0002778803464025259,,475,,,False,,,,,,78,rider,0.05,0.1,argmax,segformer_b2_cityscapes,acdc_rain_targetcal25,1,0.8055555555555556
1.0,1000,False,0.0,0.0,1.0,0.9431578947368421,27,36.0,0.0,False,0.0,0.0,0.0,,,78,rider,0.1,0.1,region_crc,segformer_b2_cityscapes,acdc_rain_targetcal25,1,
0.998,998,True,0.4444444444444444,0.4444444444444444,0.005082523915916681,0.9431578947368421,27,36.0,0.14315789473684215,False,0.6153846153846154,0.0,0.0,,,78,rider,0.1,0.1,heuristic,segformer_b2_cityscapes,acdc_rain_targetcal25,1,
,-1,True,,0.7962962962962963,0.0002778803464025259,,475,,,False,,,,,,78,rider,0.1,0.1,argmax,segformer_b2_cityscapes,acdc_rain_targetcal25,1,0.8055555555555556
1.0,1000,False,0.0,0.0,1.0,0.9431578947368421,27,36.0,0.0,False,0.0,0.0,0.0,,,78,rider,0.2,0.1,region_crc,segformer_b2_cityscapes,acdc_rain_targetcal25,1,
0.998,998,True,0.4444444444444444,0.4444444444444444,0.005082523915916681,0.9431578947368421,27,36.0,0.14315789473684215,False,0.6153846153846154,0.0,0.0,,,78,rider,0.2,0.1,heuristic,segformer_b2_cityscapes,acdc_rain_targetcal25,1,
,-1,True,,0.7962962962962963,0.0002778803464025259,,475,,,False,,,,,,78,rider,0.2,0.1,argmax,segformer_b2_cityscapes,acdc_rain_targetcal25,1,0.8055555555555556
1.0,1000,False,0.0,0.0,1.0,0.9431578947368421,27,36.0,0.0,False,0.0,0.0,0.0,,,78,rider,0.05,0.5,region_crc,segformer_b2_cityscapes,acdc_rain_targetcal25,1,
0.999,999,True,0.5061728395061729,0.5061728395061729,0.007017101626843214,0.9431578947368421,27,36.0,0.13473684210526327,False,0.6153846153846154,0.2,0.0,,,78,rider,0.05,0.5,heuristic,segformer_b2_cityscapes,acdc_rain_targetcal25,1,
,-1,True,,0.8518518518518519,0.0002778803464025259,,475,,,False,,,,,,78,rider,0.05,0.5,argmax,segformer_b2_cityscapes,acdc_rain_targetcal25,1,0.8611111111111112
1.0,1000,False,0.0,0.0,1.0,0.9431578947368421,27,36.0,0.0,False,0.0,0.0,0.0,,,78,rider,0.1,0.5,region_crc,segformer_b2_cityscapes,acdc_rain_targetcal25,1,
0.999,999,True,0.5061728395061729,0.5061728395061729,0.007017101626843214,0.9431578947368421,27,36.0,0.13473684210526327,False,0.6153846153846154,0.2,0.0,,,78,rider,0.1,0.5,heuristic,segformer_b2_cityscapes,acdc_rain_targetcal25,1,
,-1,True,,0.8518518518518519,0.0002778803464025259,,475,,,False,,,,,,78,rider,0.1,0.5,argmax,segformer_b2_cityscapes,acdc_rain_targetcal25,1,0.8611111111111112
1.0,1000,False,0.0,0.0,1.0,0.9431578947368421,27,36.0,0.0,False,0.0,0.0,0.0,,,78,rider,0.2,0.5,region_crc,segformer_b2_cityscapes,acdc_rain_targetcal25,1,
0.999,999,True,0.5061728395061729,0.5061728395061729,0.007017101626843214,0.9431578947368421,27,36.0,0.13473684210526327,False,0.6153846153846154,0.2,0.0,,,78,rider,0.2,0.5,heuristic,segformer_b2_cityscapes,acdc_rain_targetcal25,1,
,-1,True,,0.8518518518518519,0.0002778803464025259,,475,,,False,,,,,,78,rider,0.2,0.5,argmax,segformer_b2_cityscapes,acdc_rain_targetcal25,1,0.8611111111111112
1.0,1000,False,0.0,0.0,1.0,0.8315789473684211,80,153.0,0.0,False,0.0,0.0,0.0,,,78,bicycle,0.05,0.1,region_crc,segformer_b2_cityscapes,acdc_rain_targetcal25,3,
0.994,994,True,0.33949404761904767,0.33949404761904767,0.008333132602274418,0.8315789473684211,80,153.0,0.15789473684210525,False,0.4942528735632184,0.1111111111111111,0.0,,,78,bicycle,0.05,0.1,heuristic,segformer_b2_cityscapes,acdc_rain_targetcal25,3,
,-1,True,,0.7294047619047619,0.0011518924729898572,,475,,,False,,,,,,78,bicycle,0.05,0.1,argmax,segformer_b2_cityscapes,acdc_rain_targetcal25,3,0.7189542483660131
1.0,1000,False,0.0,0.0,1.0,0.8315789473684211,80,153.0,0.0,False,0.0,0.0,0.0,,,78,bicycle,0.1,0.1,region_crc,segformer_b2_cityscapes,acdc_rain_targetcal25,3,
0.994,994,True,0.33949404761904767,0.33949404761904767,0.008333132602274418,0.8315789473684211,80,153.0,0.15789473684210525,False,0.4942528735632184,0.1111111111111111,0.0,,,78,bicycle,0.1,0.1,heuristic,segformer_b2_cityscapes,acdc_rain_targetcal25,3,
,-1,True,,0.7294047619047619,0.0011518924729898572,,475,,,False,,,,,,78,bicycle,0.1,0.1,argmax,segformer_b2_cityscapes,acdc_rain_targetcal25,3,0.7189542483660131
1.0,1000,False,0.0,0.0,1.0,0.8315789473684211,80,153.0,0.0,False,0.0,0.0,0.0,,,78,bicycle,0.2,0.1,region_crc,segformer_b2_cityscapes,acdc_rain_targetcal25,3,
0.994,994,True,0.33949404761904767,0.33949404761904767,0.008333132602274418,0.8315789473684211,80,153.0,0.15789473684210525,False,0.4942528735632184,0.1111111111111111,0.0,,,78,bicycle,0.2,0.1,heuristic,segformer_b2_cityscapes,acdc_rain_targetcal25,3,
,-1,True,,0.7294047619047619,0.0011518924729898572,,475,,,False,,,,,,78,bicycle,0.2,0.1,argmax,segformer_b2_cityscapes,acdc_rain_targetcal25,3,0.7189542483660131
1.0,1000,False,0.0,0.0,1.0,0.8315789473684211,80,153.0,0.0,False,0.0,0.0,0.0,,,78,bicycle,0.05,0.5,region_crc,segformer_b2_cityscapes,acdc_rain_targetcal25,3,
1.0,1000,True,0.0,0.0,1.0,0.8315789473684211,80,153.0,0.0,False,0.0,0.0,0.0,,,78,bicycle,0.05,0.5,heuristic,segformer_b2_cityscapes,acdc_rain_targetcal25,3,
,-1,True,,0.7749404761904761,0.0011518924729898572,,475,,,False,,,,,,78,bicycle,0.05,0.5,argmax,segformer_b2_cityscapes,acdc_rain_targetcal25,3,0.7647058823529411
1.0,1000,False,0.0,0.0,1.0,0.8315789473684211,80,153.0,0.0,False,0.0,0.0,0.0,,,78,bicycle,0.1,0.5,region_crc,segformer_b2_cityscapes,acdc_rain_targetcal25,3,
1.0,1000,True,0.0,0.0,1.0,0.8315789473684211,80,153.0,0.0,False,0.0,0.0,0.0,,,78,bicycle,0.1,0.5,heuristic,segformer_b2_cityscapes,acdc_rain_targetcal25,3,
,-1,True,,0.7749404761904761,0.0011518924729898572,,475,,,False,,,,,,78,bicycle,0.1,0.5,argmax,segformer_b2_cityscapes,acdc_rain_targetcal25,3,0.7647058823529411
1.0,1000,False,0.0,0.0,1.0,0.8315789473684211,80,153.0,0.0,False,0.0,0.0,0.0,,,78,bicycle,0.2,0.5,region_crc,segformer_b2_cityscapes,acdc_rain_targetcal25,3,
1.0,1000,True,0.0,0.0,1.0,0.8315789473684211,80,153.0,0.0,False,0.0,0.0,0.0,,,78,bicycle,0.2,0.5,heuristic,segformer_b2_cityscapes,acdc_rain_targetcal25,3,
,-1,True,,0.7749404761904761,0.0011518924729898572,,475,,,False,,,,,,78,bicycle,0.2,0.5,argmax,segformer_b2_cityscapes,acdc_rain_targetcal25,3,0.7647058823529411
1.0,1000,False,0.0,0.0,1.0,0.6526315789473685,165,327.0,0.0,False,0.0,0.0,0.0,,,79,person,0.05,0.1,region_crc,segformer_b2_cityscapes,acdc_rain_targetcal25,5,
0.988,988,True,0.17531986531986532,0.17531986531986532,0.015092229470610619,0.6526315789473685,165,327.0,0.1389473684210527,False,0.22702702702702704,0.07563025210084033,0.0,,,79,person,0.05,0.1,heuristic,segformer_b2_cityscapes,acdc_rain_targetcal25,5,
,-1,True,,0.6386753986753986,0.0019174657063558698,,475,,,False,,,,,,79,person,0.05,0.1,argmax,segformer_b2_cityscapes,acdc_rain_targetcal25,5,0.5779816513761468
1.0,1000,False,0.0,0.0,1.0,0.6526315789473685,165,327.0,0.0,False,0.0,0.0,0.0,,,79,person,0.1,0.1,region_crc,segformer_b2_cityscapes,acdc_rain_targetcal25,5,
0.975,975,True,0.25833018833018834,0.25833018833018834,0.010611498728394508,9.842105263157896,165,327.0,0.11368421052631583,False,0.3027027027027027,0.15966386554621848,0.0,,,79,person,0.1,0.1,heuristic,segformer_b2_cityscapes,acdc_rain_targetcal25,5,
,-1,True,,0.6386753986753986,0.0019174657063558698,,475,,,False,,,,,,79,person,0.1,0.1,argmax,segformer_b2_cityscapes,acdc_rain_targetcal25,5,0.5779816513761468
0.988,988,True,0.17531986531986532,0.17531986531986532,0.015092229470610619,0.6526315789473685,165,327.0,0.1389473684210527,False,0.22702702702702704,0.07563025210084033,0.0,,,79,person,0.2,0.1,region_crc,segformer_b2_cityscapes,acdc_rain_targetcal25,5,
0.975,975,True,0.25833018833018834,0.25833018833018834,0.010611498728394508,9.842105263157896,165,327.0,0.11368421052631583,False,0.3027027027027027,0.15966386554621848,0.0,,,79,person,0.2,0.1,heuristic,segformer_b2_cityscapes,acdc_rain_targetcal25,5,
,-1,True,,0.6386753986753986,0.0019174657063558698,,475,,,False,,,,,,79,person,0.2,0.1,argmax,segformer_b2_cityscapes,acdc_rain_targetcal25,5,0.5779816513761468
1.0,1000,False,0.0,0.0,1.0,0.6526315789473685,165,327.0,0.0,False,0.0,0.0,0.0,,,79,person,0.05,0.5,region_crc,segformer_b2_cityscapes,acdc_rain_targetcal25,5,
0.991,991,True,0.25766640766640764,0.25766640766640764,0.017180657014250755,0.6526315789473685,165,327.0,0.14526315789473687,False,0.2972972972972973,0.17647058823529413,0.0,,,79,person,0.05,0.5,heuristic,segformer_b2_cityscapes,acdc_rain_targetcal25,5,
,-1,True,,0.7475306175306176,0.0019174657063558698,,475,,,False,,,,,,79,person,0.05,0.5,argmax,segformer_b2_cityscapes,acdc_rain_targetcal25,5,0.691131498470948
1.0,1000,False,0.0,0.0,1.0,0.6526315789473685,165,327.0,0.0,False,0.0,0.0,0.0,,,79,person,0.1,0.5,region_crc,segformer_b2_cityscapes,acdc_rain_targetcal25,5,
0.991,991,True,0.25766640766640764,0.25766640766640764,0.017180657014250755,0.6526315789473685,165,327.0,0.14526315789473687,False,0.2972972972972973,0.17647058823529413,0.0,,,79,person,0.1,0.5,heuristic,segformer_b2_cityscapes,acdc_rain_targetcal25,5,
,-1,True,,0.7475306175306176,0.0019174657063558698,,475,,,False,,,,,,79,person,0.1,0.5,argmax,segformer_b2_cityscapes,acdc_rain_targetcal25,5,0.691131498470948
0.991,991,True,0.25766640766640764,0.25766640766640764,0.017180657014250755,0.6526315789473685,165,327.0,0.14526315789473687,False,0.2972972972972973,0.17647058823529413,0.0,,,79,person,0.2,0.5,region_crc,segformer_b2_cityscapes,acdc_rain_targetcal25,5,
0.99,990,True,0.2788785288785289,0.2788785288785289,0.016389571130275726,0.6526315789473685,165,327.0,0.14526315789473687,False,0.31351351351351353,0.18487394957983194,0.0,,,79,person,0.2,0.5,heuristic,segformer_b2_cityscapes,acdc_rain_targetcal25,5,
,-1,True,,0.7475306175306176,0.0019174657063558698,,475,,,False,,,,,,79,person,0.2,0.5,argmax,segformer_b2_cityscapes,acdc_rain_targetcal25,5,0.691131498470948
,-1,False,,,,,475,,,False,,,,,,79,rider,0.05,0.1,region_crc,segformer_b2_cityscapes,acdc_rain_targetcal25,0,
,-1,False,,,,,475,,,False,,,,,,79,rider,0.05,0.1,heuristic,segformer_b2_cityscapes,acdc_rain_targetcal25,0,
,-1,True,,0.8035714285714286,0.0002773076994344592,,475,,,False,,,,,,79,rider,0.05,0.1,argmax,segformer_b2_cityscapes,acdc_rain_targetcal25,0,0.8157894736842105
,-1,False,,,,,475,,,False,,,,,,79,rider,0.1,0.1,region_crc,segformer_b2_cityscapes,acdc_rain_targetcal25,0,
,-1,False,,,,,475,,,False,,,,,,79,rider,0.1,0.1,heuristic,segformer_b2_cityscapes,acdc_rain_targetcal25,0,
,-1,True,,0.8035714285714286,0.0002773076994344592,,475,,,False,,,,,,79,rider,0.1,0.1,argmax,segformer_b2_cityscapes,acdc_rain_targetcal25,0,0.8157894736842105
,-1,False,,,,,475,,,False,,,,,,79,rider,0.2,0.1,region_crc,segformer_b2_cityscapes,acdc_rain_targetcal25,0,
,-1,False,,,,,475,,,False,,,,,,79,rider,0.2,0.1,heuristic,segformer_b2_cityscapes,acdc_rain_targetcal25,0,
,-1,True,,0.8035714285714286,0.0002773076994344592,,475,,,False,,,,,,79,rider,0.2,0.1,argmax,segformer_b2_cityscapes,acdc_rain_targetcal25,0,0.8157894736842105
,-1,False,,,,,475,,,False,,,,,,79,rider,0.05,0.5,region_crc,segformer_b2_cityscapes,acdc_rain_targetcal25,0,
,-1,False,,,,,475,,,False,,,,,,79,rider,0.05,0.5,heuristic,segformer_b2_cityscapes,acdc_rain_targetcal25,0,
,-1,True,,0.8571428571428571,0.0002773076994344592,,475,,,False,,,,,,79,rider,0.05,0.5,argmax,segformer_b2_cityscapes,acdc_rain_targetcal25,0,0.868421052631579
,-1,False,,,,,475,,,False,,,,,,79,rider,0.1,0.5,region_crc,segformer_b2_cityscapes,acdc_rain_targetcal25,0,
,-1,False,,,,,475,,,False,,,,,,79,rider,0.1,0.5,heuristic,segformer_b2_cityscapes,acdc_rain_targetcal25,0,
,-1,True,,0.8571428571428571,0.0002773076994344592,,475,,,False,,,,,,79,rider,0.1,0.5,argmax,segformer_b2_cityscapes,acdc_rain_targetcal25,0,0.868421052631579
,-1,False,,,,,475,,,False,,,,,,79,rider,0.2,0.5,region_crc,segformer_b2_cityscapes,acdc_rain_targetcal25,0,
,-1,False,,,,,475,,,False,,,,,,79,rider,0.2,0.5,heuristic,segformer_b2_cityscapes,acdc_rain_targetcal25,0,
,-1,True,,0.8571428571428571,0.0002773076994344592,,475,,,False,,,,,,79,rider,0.2,0.5,argmax,segformer_b2_cityscapes,acdc_rain_targetcal25,0,0.868421052631579
1.0,1000,False,0.0,0.0,1.0,0.8273684210526315,82,158.0,0.0,False,0.0,0.0,0.0,,,79,bicycle,0.05,0.1,region_crc,segformer_b2_cityscapes,acdc_rain_targetcal25,1,
0.999,999,True,0.2127177700348432,0.2127177700348432,0.018637964501976967,0.8273684210526315,82,158.0,0.12,False,0.313953488372093,0.06896551724137931,0.0,,,79,bicycle,0.05,0.1,heuristic,segformer_b2_cityscapes,acdc_rain_targetcal25,1,
,-1,True,,0.7268583042973287,0.0011251949472352862,,475,,,False,,,,,,79,bicycle,0.05,0.1,argmax,segformer_b2_cityscapes,acdc_rain_targetcal25,1,0.7088607594936709
1.0,1000,False,0.0,0.0,1.0,0.8273684210526315,82,158.0,0.0,False,0.0,0.0,0.0,,,79,bicycle,0.1,0.1,region_crc,segformer_b2_cityscapes,acdc_rain_targetcal25,1,
0.999,999,True,0.2127177700348432,0.2127177700348432,0.018637964501976967,0.8273684210526315,82,158.0,0.12,False,0.313953488372093,0.06896551724137931,0.0,,,79,bicycle,0.1,0.1,heuristic,segformer_b2_cityscapes,acdc_rain_targetcal25,1,
,-1,True,,0.7268583042973287,0.0011251949472352862,,475,,,False,,,,,,79,bicycle,0.1,0.1,argmax,segformer_b2_cityscapes,acdc_rain_targetcal25,1,0.7088607594936709
1.0,1000,False,0.0,0.0,1.0,0.8273684210526315,82,158.0,0.0,False,0.0,0.0,0.0,,,79,bicycle,0.2,0.1,region_crc,segformer_b2_cityscapes,acdc_rain_targetcal25,1,
0.999,999,True,0.2127177700348432,0.2127177700348432,0.018637964501976967,0.8273684210526315,82,158.0,0.12,False,0.313953488372093,0.06896551724137931,0.0,,,79,bicycle,0.2,0.1,heuristic,segformer_b2_cityscapes,acdc_rain_targetcal25,1,
,-1,True,,0.7268583042973287,0.0011251949472352862,,475,,,False,,,,,,79,bicycle,0.2,0.1,argmax,segformer_b2_cityscapes,acdc_rain_targetcal25,1,0.7088607594936709
1.0,1000,False,0.0,0.0,1.0,0.8273684210526315,82,158.0,0.0,False,0.0,0.0,0.0,,,79,bicycle,0.05,0.5,region_crc,segformer_b2_cityscapes,acdc_rain_targetcal25,1,
1.0,1000,True,0.0,0.0,1.0,0.8273684210526315,82,158.0,0.0,False,0.0,0.0,0.0,,,79,bicycle,0.05,0.5,heuristic,segformer_b2_cityscapes,acdc_rain_targetcal25,1,
,-1,True,,0.7712833914053426,0.0011251949472352862,,475,,,False,,,,,,79,bicycle,0.05,0.5,argmax,segformer_b2_cityscapes,acdc_rain_targetcal25,1,0.7531645569620253
1.0,1000,False,0.0,0.0,1.0,0.8273684210526315,82,158.0,0.0,False,0.0,0.0,0.0,,,79,bicycle,0.1,0.5,region_crc,segformer_b2_cityscapes,acdc_rain_targetcal25,1,
1.0,1000,True,0.0,0.0,1.0,0.8273684210526315,82,158.0,0.0,False,0.0,0.0,0.0,,,79,bicycle,0.1,0.5,heuristic,segformer_b2_cityscapes,acdc_rain_targetcal25,1,
,-1,True,,0.7712833914053426,0.0011251949472352862,,475,,,False,,,,,,79,bicycle,0.1,0.5,argmax,segformer_b2_cityscapes,acdc_rain_targetcal25,1,0.7531645569620253
1.0,1000,False,0.0,0.0,1.0,0.8273684210526315,82,158.0,0.0,False,0.0,0.0,0.0,,,79,bicycle,0.2,0.5,region_crc,segformer_b2_cityscapes,acdc_rain_targetcal25,1,
1.0,1000,True,0.0,0.0,1.0,0.8273684210526315,82,158.0,0.0,False,0.0,0.0,0.0,,,79,bicycle,0.2,0.5,heuristic,segformer_b2_cityscapes,acdc_rain_targetcal25,1,
,-1,True,,0.7712833914053426,0.0011251949472352862,,475,,,False,,,,,,79,bicycle,0.2,0.5,argmax,segformer_b2_cityscapes,acdc_rain_targetcal25,1,0.7531645569620253
1.0,1000,False,0.0,0.0,1.0,0.6610526315789473,161,321.0,0.0,False,0.0,0.0,0.0,,,80,person,0.05,0.1,region_crc,segformer_b2_cityscapes,acdc_rain_targetcal25,9,
1.0,1000,True,0.0,0.0,1.0,0.6610526315789473,161,321.0,0.0,False,0.0,0.0,0.0,,,80,person,0.05,0.1,heuristic,segformer_b2_cityscapes,acdc_rain_targetcal25,9,
,-1,True,,0.6390151601331725,0.0019096055766567588,,475,,,False,,,,,,80,person,0.05,0.1,argmax,segformer_b2_cityscapes,acdc_rain_targetcal25,9,0.5763239875389408
1.0,1000,True,0.0,0.0,1.0,0.6610526315789473,161,321.0,0.0,False,0.0,0.0,0.0,,,80,person,0.1,0.1,region_crc,segformer_b2_cityscapes,acdc_rain_targetcal25,9,
0.998,998,True,0.06573498964803312,0.06573498964803312,0.03198916092514992,0.6610526315789473,161,321.0,0.1831578947368421,False,0.05434782608695652,0.043478260869565216,0.0,,,80,person,0.1,0.1,heuristic,segformer_b2_cityscapes,acdc_rain_targetcal25,9,
,-1,True,,0.6390151601331725,0.0019096055766567588,,475,,,False,,,,,,80,person,0.1,0.1,argmax,segformer_b2_cityscapes,acdc_rain_targetcal25,9,0.5763239875389408
0.979,979,True,0.2274619100706057,0.2274619100706057,0.011464914306998253,9.766315789473683,161,321.0,0.1810526315789474,False,0.2717391304347826,0.11304347826086956,0.0,,,80,person,0.2,0.1,region_crc,segformer_b2_cityscapes,acdc_rain_targetcal25,9,
0.978,978,True,0.2290147051016616,0.2290147051016616,0.011208942160010338,9.766315789473683,161,321.0,0.1810526315789474,False,0.2717391304347826,0.12173913043478261,0.0,,,80,person,0.2,0.1,heuristic,segformer_b2_cityscapes,acdc_rain_targetcal25,9,
,-1,True,,0.6390151601331725,0.0019096055766567588,,475,,,False,,,,,,80,person,0.2,0.1,argmax,segformer_b2_cityscapes,acdc_rain_targetcal25,9,0.5763239875389408
1.0,1000,False,0.0,0.0,1.0,0.6610526315789473,161,321.0,0.0,False,0.0,0.0,0.0,,,80,person,0.05,0.5,region_crc,segformer_b2_cityscapes,acdc_rain_targetcal25,9,
1.0,1000,True,0.0,0.0,1.0,0.6610526315789473,161,321.0,0.0,False,0.0,0.0,0.0,,,80,person,0.05,0.5,heuristic,segformer_b2_cityscapes,acdc_rain_targetcal25,9,
,-1,True,,0.7474692664133658,0.0019096055766567588,,475,,,False,,,,,,80,person,0.05,0.5,argmax,segformer_b2_cityscapes,acdc_rain_targetcal25,9,0.6884735202492211
1.0,1000,True,0.0,0.0,1.0,0.6610526315789473,161,321.0,0.0,False,0.0,0.0,0.0,,,80,person,0.1,0.5,region_crc,segformer_b2_cityscapes,acdc_rain_targetcal25,9,
1.0,1000,True,0.0,0.0,1.0,0.6610526315789473,161,321.0,0.0,False,0.0,0.0,0.0,,,80,person,0.1,0.5,heuristic,segformer_b2_cityscapes,acdc_rain_targetcal25,9,
,-1,True,,0.7474692664133658,0.0019096055766567588,,475,,,False,,,,,,80,person,0.1,0.5,argmax,segformer_b2_cityscapes,acdc_rain_targetcal25,9,0.6884735202492211
0.999,999,True,0.07039337474120083,0.07039337474120082,0.041631344705820084,0.6610526315789473,161,321.0,0.15789473684210525,False,0.04891304347826087,0.06956521739130435,0.0,,,80,person,0.2,0.5,region_crc,segformer_b2_cityscapes,acdc_rain_targetcal25,9,
0.997,997,True,0.13136645962732918,0.13136645962732918,0.027209775522351265,0.6610526315789473,161,321.0,0.18736842105263157,False,0.14673913043478262,0.08695652173913043,0.0,,,80,person,0.2,0.5,heuristic,segformer_b2_cityscapes,acdc_rain_targetcal25,9,
,-1,True,,0.7474692664133658,0.0019096055766567588,,475,,,False,,,,,,80,person,0.2,0.5,argmax,segformer_b2_cityscapes,acdc_rain_targetcal25,9,0.6884735202492211
,-1,False,,,,,475,,,False,,,,,,80,rider,0.05,0.1,region_crc,segformer_b2_cityscapes,acdc_rain_targetcal25,0,
,-1,False,,,,,475,,,False,,,,,,80,rider,0.05,0.1,heuristic,segformer_b2_cityscapes,acdc_rain_targetcal25,0,
,-1,True,,0.8035714285714286,0.00026165932649746537,,475,,,False,,,,,,80,rider,0.05,0.1,argmax,segformer_b2_cityscapes,acdc_rain_targetcal25,0,0.8157894736842105
,-1,False,,,,,475,,,False,,,,,,80,rider,0.1,0.1,region_crc,segformer_b2_cityscapes,acdc_rain_targetcal25,0,
,-1,False,,,,,475,,,False,,,,,,80,rider,0.1,0.1,heuristic,segformer_b2_cityscapes,acdc_rain_targetcal25,0,
,-1,True,,0.8035714285714286,0.00026165932649746537,,475,,,False,,,,,,80,rider,0.1,0.1,argmax,segformer_b2_cityscapes,acdc_rain_targetcal25,0,0.8157894736842105
,-1,False,,,,,475,,,False,,,,,,80,rider,0.2,0.1,region_crc,segformer_b2_cityscapes,acdc_rain_targetcal25,0,
,-1,False,,,,,475,,,False,,,,,,80,rider,0.2,0.1,heuristic,segformer_b2_cityscapes,acdc_rain_targetcal25,0,
,-1,True,,0.8035714285714286,0.00026165932649746537,,475,,,False,,,,,,80,rider,0.2,0.1,argmax,segformer_b2_cityscapes,acdc_rain_targetcal25,0,0.8157894736842105
,-1,False,,,,,475,,,False,,,,,,80,rider,0.05,0.5,region_crc,segformer_b2_cityscapes,acdc_rain_targetcal25,0,
,-1,False,,,,,475,,,False,,,,,,80,rider,0.05,0.5,heuristic,segformer_b2_cityscapes,acdc_rain_targetcal25,0,
,-1,True,,0.8571428571428571,0.00026165932649746537,,475,,,False,,,,,,80,rider,0.05,0.5,argmax,segformer_b2_cityscapes,acdc_rain_targetcal25,0,0.868421052631579
,-1,False,,,,,475,,,False,,,,,,80,rider,0.1,0.5,region_crc,segformer_b2_cityscapes,acdc_rain_targetcal25,0,
,-1,False,,,,,475,,,False,,,,,,80,rider,0.1,0.5,heuristic,segformer_b2_cityscapes,acdc_rain_targetcal25,0,
,-1,True,,0.8571428571428571,0.00026165932649746537,,475,,,False,,,,,,80,rider,0.1,0.5,argmax,segformer_b2_cityscapes,acdc_rain_targetcal25,0,0.868421052631579
,-1,False,,,,,475,,,False,,,,,,80,rider,0.2,0.5,region_crc,segformer_b2_cityscapes,acdc_rain_targetcal25,0,
,-1,False,,,,,475,,,False,,,,,,80,rider,0.2,0.5,heuristic,segformer_b2_cityscapes,acdc_rain_targetcal25,0,
,-1,True,,0.8571428571428571,0.00026165932649746537,,475,,,False,,,,,,80,rider,0.2,0.5,argmax,segformer_b2_cityscapes,acdc_rain_targetcal25,0,0.868421052631579
1.0,1000,False,0.0,0.0,1.0,0.8357894736842105,78,150.0,0.0,False,0.0,0.0,0.0,,,80,bicycle,0.05,0.1,region_crc,segformer_b2_cityscapes,acdc_rain_targetcal25,5,
1.0,1000,True,0.0,0.0,1.0,0.8357894736842105,78,150.0,0.0,False,0.0,0.0,0.0,,,80,bicycle,0.05,0.1,heuristic,segformer_b2_cityscapes,acdc_rain_targetcal25,5,
,-1,True,,0.7128510378510379,0.0011943529825657606,,475,,,False,,,,,,80,bicycle,0.05,0.1,argmax,segformer_b2_cityscapes,acdc_rain_targetcal25,5,0.6933333333333334
1.0,1000,False,0.0,0.0,1.0,0.8357894736842105,78,150.0,0.0,False,0.0,0.0,0.0,,,80,bicycle,0.1,0.1,region_crc,segformer_b2_cityscapes,acdc_rain_targetcal25,5,
1.0,1000,True,0.0,0.0,1.0,0.8357894736842105,78,150.0,0.0,False,0.0,0.0,0.0,,,80,bicycle,0.1,0.1,heuristic,segformer_b2_cityscapes,acdc_rain_targetcal25,5,
,-1,True,,0.7128510378510379,0.0011943529825657606,,475,,,False,,,,,,80,bicycle,0.1,0.1,argmax,segformer_b2_cityscapes,acdc_rain_targetcal25,5,0.6933333333333334
1.0,1000,True,0.0,0.0,1.0,0.8357894736842105,78,150.0,0.0,False,0.0,0.0,0.0,,,80,bicycle,0.2,0.1,region_crc,segformer_b2_cityscapes,acdc_rain_targetcal25,5,
0.999,999,True,0.2108058608058608,0.2108058608058608,0.01853395253419876,0.8357894736842105,78,150.0,0.1810526315789473,False,0.3048780487804878,0.07407407407407407,0.0,,,80,bicycle,0.2,0.1,heuristic,segformer_b2_cityscapes,acdc_rain_targetcal25,5,
,-1,True,,0.7128510378510379,0.0011943529825657606,,475,,,False,,,,,,80,bicycle,0.2,0.1,argmax,segformer_b2_cityscapes,acdc_rain_targetcal25,5,0.6933333333333334
1.0,1000,False,0.0,0.0,1.0,0.8357894736842105,78,150.0,0.0,False,0.0,0.0,0.0,,,80,bicycle,0.05,0.5,region_crc,segformer_b2_cityscapes,acdc_rain_targetcal25,5,
1.0,1000,True,0.0,0.0,1.0,0.8357894736842105,78,150.0,0.0,False,0.0,0.0,0.0,,,80,bicycle,0.05,0.5,heuristic,segformer_b2_cityscapes,acdc_rain_targetcal25,5,
,-1,True,,0.7595543345543345,0.0011943529825657606,,475,,,False,,,,,,80,bicycle,0.05,0.5,argmax,segformer_b2_cityscapes,acdc_rain_targetcal25,5,0.74
1.0,1000,False,0.0,0.0,1.0,0.8357894736842105,78,150.0,0.0,False,0.0,0.0,0.0,,,80,bicycle,0.1,0.5,region_crc,segformer_b2_cityscapes,acdc_rain_targetcal25,5,
1.0,1000,True,0.0,0.0,1.0,0.8357894736842105,78,150.0,0.0,False,0.0,0.0,0.0,,,80,bicycle,0.1,0.5,heuristic,segformer_b2_cityscapes,acdc_rain_targetcal25,5,
,-1,True,,0.7595543345543345,0.0011943529825657606,,475,,,False,,,,,,80,bicycle,0.1,0.5,argmax,segformer_b2_cityscapes,acdc_rain_targetcal25,5,0.74
1.0,1000,True,0.0,0.0,1.0,0.8357894736842105,78,150.0,0.0,False,0.0,0.0,0.0,,,80,bicycle,0.2,0.5,region_crc,segformer_b2_cityscapes,acdc_rain_targetcal25,5,
1.0,1000,True,0.0,0.0,1.0,0.8357894736842105,78,150.0,0.0,False,0.0,0.0,0.0,,,80,bicycle,0.2,0.5,heuristic,segformer_b2_cityscapes,acdc_rain_targetcal25,5,
,-1,True,,0.7595543345543345,0.0011943529825657606,,475,,,False,,,,,,80,bicycle,0.2,0.5,argmax,segformer_b2_cityscapes,acdc_rain_targetcal25,5,0.74
1.0,1000,False,0.0,0.0,1.0,0.6547368421052632,164,325.0,0.0,False,0.0,0.0,0.0,,,81,person,0.05,0.1,region_crc,segformer_b2_cityscapes,acdc_rain_targetcal25,6,
0.997,997,True,0.09044715447154471,0.09044715447154471,0.02764495275914669,0.6547368421052632,164,325.0,0.16421052631578953,False,0.08648648648648649,0.06837606837606838,0.0,,,81,person,0.05,0.1,heuristic,segformer_b2_cityscapes,acdc_rain_targetcal25,6,
,-1,True,,0.6334234193990291,0.0019012336852028966,,475,,,False,,,,,,81,person,0.05,0.1,argmax,segformer_b2_cityscapes,acdc_rain_targetcal25,6,0.5784615384615385
1.0,1000,False,0.0,0.0,1.0,0.6547368421052632,164,325.0,0.0,False,0.0,0.0,0.0,,,81,person,0.1,0.1,region_crc,segformer_b2_cityscapes,acdc_rain_targetcal25,6,
0.997,997,True,0.09044715447154471,0.09044715447154471,0.02764495275914669,0.6547368421052632,164,325.0,0.16421052631578953,False,0.08648648648648649,0.06837606837606838,0.0,,,81,person,0.1,0.1,heuristic,segformer_b2_cityscapes,acdc_rain_targetcal25,6,
,-1,True,,0.6334234193990291,0.0019012336852028966,,475,,,False,,,,,,81,person,0.1,0.1,argmax,segformer_b2_cityscapes,acdc_rain_targetcal25,6,0.5784615384615385
0.997,997,True,0.09044715447154471,0.09044715447154471,0.02764495275914669,0.6547368421052632,164,325.0,0.16421052631578953,False,0.08648648648648649,0.06837606837606838,0.0,,,81,person,0.2,0.1,region_crc,segformer_b2_cityscapes,acdc_rain_targetcal25,6,
0.977,977,True,0.23824004586199707,0.23824004586199707,0.011126108467578888,9.83157894736842,164,325.0,0.17052631578947364,False,0.2810810810810811,0.1452991452991453,0.0,,,81,person,0.2,0.1,heuristic,segformer_b2_cityscapes,acdc_rain_targetcal25,6,
,-1,True,,0.6334234193990291,0.0019012336852028966,,475,,,False,,,,,,81,person,0.2,0.1,argmax,segformer_b2_cityscapes,acdc_rain_targetcal25,6,0.5784615384615385
1.0,1000,False,0.0,0.0,1.0,0.6547368421052632,164,325.0,0.0,False,0.0,0.0,0.0,,,81,person,0.05,0.5,region_crc,segformer_b2_cityscapes,acdc_rain_targetcal25,6,
0.998,998,True,0.11422764227642276,0.11422764227642276,0.03245401009917259,0.6547368421052632,164,325.0,0.1557894736842106,False,0.11891891891891893,0.08547008547008547,0.0,,,81,person,0.05,0.5,heuristic,segformer_b2_cityscapes,acdc_rain_targetcal25,6,
,-1,True,,0.7419261294261295,0.0019012336852028966,,475,,,False,,,,,,81,person,0.05,0.5,argmax,segformer_b2_cityscapes,acdc_rain_targetcal25,6,0.6892307692307692
1.0,1000,False,0.0,0.0,1.0,0.6547368421052632,164,325.0,0.0,False,0.0,0.0,0.0,,,81,person,0.1,0.5,region_crc,segformer_b2_cityscapes,acdc_rain_targetcal25,6,
0.998,998,True,0.11422764227642276,0.11422764227642276,0.03245401009917259,0.6547368421052632,164,325.0,0.1557894736842106,False,0.11891891891891893,0.08547008547008547,0.0,,,81,person,0.1,0.5,heuristic,segformer_b2_cityscapes,acdc_rain_targetcal25,6,
,-1,True,,0.7419261294261295,0.0019012336852028966,,475,,,False,,,,,,81,person,0.1,0.5,argmax,segformer_b2_cityscapes,acdc_rain_targetcal25,6,0.6892307692307692
0.998,998,True,0.11422764227642276,0.11422764227642276,0.03245401009917259,0.6547368421052632,164,325.0,0.1557894736842106,False,0.11891891891891893,0.08547008547008547,0.0,,,81,person,0.2,0.5,region_crc,segformer_b2_cityscapes,acdc_rain_targetcal25,6,
0.992,992,True,0.22929695643110276,0.22929695643110276,0.018225984647870064,0.6547368421052632,164,325.0,0.16421052631578953,False,0.2594594594594595,0.17094017094017094,0.0,,,81,person,0.2,0.5,heuristic,segformer_b2_cityscapes,acdc_rain_targetcal25,6,
,-1,True,,0.7419261294261295,0.0019012336852028966,,475,,,False,,,,,,81,person,0.2,0.5,argmax,segformer_b2_cityscapes,acdc_rain_targetcal25,6,0.6892307692307692
1.0,1000,False,0.0,0.0,1.0,0.9473684210526315,25,35.0,0.0,False,0.0,0.0,0.0,,,81,rider,0.05,0.1,region_crc,segformer_b2_cityscapes,acdc_rain_targetcal25,3,
0.999,999,True,0.36666666666666664,0.36666666666666664,0.007042827550321817,0.9473684210526315,25,35.0,0.21473684210526311,False,0.5,0.0,0.0,,,81,rider,0.05,0.1,heuristic,segformer_b2_cityscapes,acdc_rain_targetcal25,3,
,-1,True,,0.78,0.00028117993497289717,,475,,,False,,,,,,81,rider,0.05,0.1,argmax,segformer_b2_cityscapes,acdc_rain_targetcal25,3,0.8
1.0,1000,False,0.0,0.0,1.0,0.9473684210526315,25,35.0,0.0,False,0.0,0.0,0.0,,,81,rider,0.1,0.1,region_crc,segformer_b2_cityscapes,acdc_rain_targetcal25,3,
0.999,999,True,0.36666666666666664,0.36666666666666664,0.007042827550321817,0.9473684210526315,25,35.0,0.21473684210526311,False,0.5,0.0,0.0,,,81,rider,0.1,0.1,heuristic,segformer_b2_cityscapes,acdc_rain_targetcal25,3,
,-1,True,,0.78,0.00028117993497289717,,475,,,False,,,,,,81,rider,0.1,0.1,argmax,segformer_b2_cityscapes,acdc_rain_targetcal25,3,0.8
1.0,1000,False,0.0,0.0,1.0,0.9473684210526315,25,35.0,0.0,False,0.0,0.0,0.0,,,81,rider,0.2,0.1,region_crc,segformer_b2_cityscapes,acdc_rain_targetcal25,3,
0.999,999,True,0.36666666666666664,0.36666666666666664,0.007042827550321817,0.9473684210526315,25,35.0,0.21473684210526311,False,0.5,0.0,0.0,,,81,rider,0.2,0.1,heuristic,segformer_b2_cityscapes,acdc_rain_targetcal25,3,
,-1,True,,0.78,0.00028117993497289717,,475,,,False,,,,,,81,rider,0.2,0.1,argmax,segformer_b2_cityscapes,acdc_rain_targetcal25,3,0.8
1.0,1000,False,0.0,0.0,1.0,0.9473684210526315,25,35.0,0.0,False,0.0,0.0,0.0,,,81,rider,0.05,0.5,region_crc,segformer_b2_cityscapes,acdc_rain_targetcal25,3,
1.0,1000,True,0.0,0.0,1.0,0.9473684210526315,25,35.0,0.0,False,0.0,0.0,0.0,,,81,rider,0.05,0.5,heuristic,segformer_b2_cityscapes,acdc_rain_targetcal25,3,
,-1,True,,0.84,0.00028117993497289717,,475,,,False,,,,,,81,rider,0.05,0.5,argmax,segformer_b2_cityscapes,acdc_rain_targetcal25,3,0.8571428571428571
1.0,1000,False,0.0,0.0,1.0,0.9473684210526315,25,35.0,0.0,False,0.0,0.0,0.0,,,81,rider,0.1,0.5,region_crc,segformer_b2_cityscapes,acdc_rain_targetcal25,3,
1.0,1000,True,0.0,0.0,1.0,0.9473684210526315,25,35.0,0.0,False,0.0,0.0,0.0,,,81,rider,0.1,0.5,heuristic,segformer_b2_cityscapes,acdc_rain_targetcal25,3,
,-1,True,,0.84,0.00028117993497289717,,475,,,False,,,,,,81,rider,0.1,0.5,argmax,segformer_b2_cityscapes,acdc_rain_targetcal25,3,0.8571428571428571
1.0,1000,False,0.0,0.0,1.0,0.9473684210526315,25,35.0,0.0,False,0.0,0.0,0.0,,,81,rider,0.2,0.5,region_crc,segformer_b2_cityscapes,acdc_rain_targetcal25,3,
1.0,1000,True,0.0,0.0,1.0,0.9473684210526315,25,35.0,0.0,False,0.0,0.0,0.0,,,81,rider,0.2,0.5,heuristic,segformer_b2_cityscapes,acdc_rain_targetcal25,3,
,-1,True,,0.84,0.00028117993497289717,,475,,,False,,,,,,81,rider,0.2,0.5,argmax,segformer_b2_cityscapes,acdc_rain_targetcal25,3,0.8571428571428571
1.0,1000,False,0.0,0.0,1.0,0.8357894736842105,78,151.0,0.0,False,0.0,0.0,0.0,,,81,bicycle,0.05,0.1,region_crc,segformer_b2_cityscapes,acdc_rain_targetcal25,5,
1.0,1000,True,0.0,0.0,1.0,0.8357894736842105,78,151.0,0.0,False,0.0,0.0,0.0,,,81,bicycle,0.05,0.1,heuristic,segformer_b2_cityscapes,acdc_rain_targetcal25,5,
,-1,True,,0.7256715506715506,0.001187795540317893,,475,,,False,,,,,,81,bicycle,0.05,0.1,argmax,segformer_b2_cityscapes,acdc_rain_targetcal25,5,0.7019867549668874
1.0,1000,False,0.0,0.0,1.0,0.8357894736842105,78,151.0,0.0,False,0.0,0.0,0.0,,,81,bicycle,0.1,0.1,region_crc,segformer_b2_cityscapes,acdc_rain_targetcal25,5,
1.0,1000,True,0.0,0.0,1.0,0.8357894736842105,78,151.0,0.0,False,0.0,0.0,0.0,,,81,bicycle,0.1,0.1,heuristic,segformer_b2_cityscapes,acdc_rain_targetcal25,5,
,-1,True,,0.7256715506715506,0.001187795540317893,,475,,,False,,,,,,81,bicycle,0.1,0.1,argmax,segformer_b2_cityscapes,acdc_rain_targetcal25,5,0.7019867549668874
1.0,1000,True,0.0,0.0,1.0,0.8357894736842105,78,151.0,0.0,False,0.0,0.0,0.0,,,81,bicycle,0.2,0.1,region_crc,segformer_b2_cityscapes,acdc_rain_targetcal25,5,
1.0,1000,True,0.0,0.0,1.0,0.8357894736842105,78,151.0,0.0,False,0.0,0.0,0.0,,,81,bicycle,0.2,0.1,heuristic,segformer_b2_cityscapes,acdc_rain_targetcal25,5,
,-1,True,,0.7256715506715506,0.001187795540317893,,475,,,False,,,,,,81,bicycle,0.2,0.1,argmax,segformer_b2_cityscapes,acdc_rain_targetcal25,5,0.7019867549668874
1.0,1000,False,0.0,0.0,1.0,0.8357894736842105,78,151.0,0.0,False,0.0,0.0,0.0,,,81,bicycle,0.05,0.5,region_crc,segformer_b2_cityscapes,acdc_rain_targetcal25,5,
1.0,1000,True,0.0,0.0,1.0,0.8357894736842105,78,151.0,0.0,False,0.0,0.0,0.0,,,81,bicycle,0.05,0.5,heuristic,segformer_b2_cityscapes,acdc_rain_targetcal25,5,
,-1,True,,0.7723748473748474,0.001187795540317893,,475,,,False,,,,,,81,bicycle,0.05,0.5,argmax,segformer_b2_cityscapes,acdc_rain_targetcal25,5,0.7483443708609272
1.0,1000,False,0.0,0.0,1.0,0.8357894736842105,78,151.0,0.0,False,0.0,0.0,0.0,,,81,bicycle,0.1,0.5,region_crc,segformer_b2_cityscapes,acdc_rain_targetcal25,5,
1.0,1000,True,0.0,0.0,1.0,0.8357894736842105,78,151.0,0.0,False,0.0,0.0,0.0,,,81,bicycle,0.1,0.5,heuristic,segformer_b2_cityscapes,acdc_rain_targetcal25,5,
,-1,True,,0.7723748473748474,0.001187795540317893,,475,,,False,,,,,,81,bicycle,0.1,0.5,argmax,segformer_b2_cityscapes,acdc_rain_targetcal25,5,0.7483443708609272
1.0,1000,True,0.0,0.0,1.0,0.8357894736842105,78,151.0,0.0,False,0.0,0.0,0.0,,,81,bicycle,0.2,0.5,region_crc,segformer_b2_cityscapes,acdc_rain_targetcal25,5,
1.0,1000,True,0.0,0.0,1.0,0.8357894736842105,78,151.0,0.0,False,0.0,0.0,0.0,,,81,bicycle,0.2,0.5,heuristic,segformer_b2_cityscapes,acdc_rain_targetcal25,5,
,-1,True,,0.7723748473748474,0.001187795540317893,,475,,,False,,,,,,81,bicycle,0.2,0.5,argmax,segformer_b2_cityscapes,acdc_rain_targetcal25,5,0.7483443708609272
1.0,1000,False,0.0,0.0,1.0,0.6568421052631579,163,319.0,0.0,False,0.0,0.0,0.0,,,82,person,0.05,0.1,region_crc,segformer_b2_cityscapes,acdc_rain_targetcal25,7,
0.988,988,True,0.17747102931152012,0.17747102931152012,0.015003724955022335,0.6568421052631579,163,319.0,0.14105263157894737,False,0.22950819672131148,0.07964601769911504,0.0,,,82,person,0.05,0.1,heuristic,segformer_b2_cityscapes,acdc_rain_targetcal25,7,
,-1,True,,0.6489658943646673,0.0018771626055240631,,475,,,False,,,,,,82,person,0.05,0.1,argmax,segformer_b2_cityscapes,acdc_rain_targetcal25,7,0.5830721003134797
1.0,1000,False,0.0,0.0,1.0,0.6568421052631579,163,319.0,0.0,False,0.0,0.0,0.0,,,82,person,0.1,0.1,region_crc,segformer_b2_cityscapes,acdc_rain_targetcal25,7,
0.988,988,True,0.17747102931152012,0.17747102931152012,0.015003724955022335,0.6568421052631579,163,319.0,0.14105263157894737,False,0.22950819672131148,0.07964601769911504,0.0,,,82,person,0.1,0.1,heuristic,segformer_b2_cityscapes,acdc_rain_targetcal25,7,
,-1,True,,0.6489658943646673,0.0018771626055240631,,475,,,False,,,,,,82,person,0.1,0.1,argmax,segformer_b2_cityscapes,acdc_rain_targetcal25,7,0.5830721003134797
0.988,988,True,0.17747102931152012,0.17747102931152012,0.015003724955022335,0.6568421052631579,163,319.0,0.14105263157894737,False,0.22950819672131148,0.07964601769911504,0.0,,,82,person,0.2,0.1,region_crc,segformer_b2_cityscapes,acdc_rain_targetcal25,7,
0.927,927,True,0.4127898005198619,0.4127898005198619,0.005909543484449387,5.869473684210527,163,319.0,0.16210526315789475,False,0.5245901639344263,0.19469026548672566,0.0,,,82,person,0.2,0.1,heuristic,segformer_b2_cityscapes,acdc_rain_targetcal25,7,
,-1,True,,0.6489658943646673,0.0018771626055240631,,475,,,False,,,,,,82,person,0.2,0.1,argmax,segformer_b2_cityscapes,acdc_rain_targetcal25,7,0.5830721003134797
1.0,1000,False,0.0,0.0,1.0,0.6568421052631579,163,319.0,0.0,False,0.0,0.0,0.0,,,82,person,0.05,0.5,region_crc,segformer_b2_cityscapes,acdc_rain_targetcal25,7,
0.995,995,True,0.1996591683708248,0.1996591683708248,0.022102706134319305,0.6568421052631579,163,319.0,0.16842105263157892,False,0.24043715846994534,0.11504424778761062,0.0,,,82,person,0.05,0.5,heuristic,segformer_b2_cityscapes,acdc_rain_targetcal25,7,
,-1,True,,0.7581342651894799,0.0018771626055240631,,475,,,False,,,,,,82,person,0.05,0.5,argmax,segformer_b2_cityscapes,acdc_rain_targetcal25,7,0.6959247648902821
1.0,1000,False,0.0,0.0,1.0,0.6568421052631579,163,319.0,0.0,False,0.0,0.0,0.0,,,82,person,0.1,0.5,region_crc,segformer_b2_cityscapes,acdc_rain_targetcal25,7,
0.995,995,True,0.1996591683708248,0.1996591683708248,0.022102706134319305,0.6568421052631579,163,319.0,0.16842105263157892,False,0.24043715846994534,0.11504424778761062,0.0,,,82,person,0.1,0.5,heuristic,segformer_b2_cityscapes,acdc_rain_targetcal25,7,
,-1,True,,0.7581342651894799,0.0018771626055240631,,475,,,False,,,,,,82,person,0.1,0.5,argmax,segformer_b2_cityscapes,acdc_rain_targetcal25,7,0.6959247648902821
0.995,995,True,0.1996591683708248,0.1996591683708248,0.022102706134319305,0.6568421052631579,163,319.0,0.16842105263157892,False,0.24043715846994534,0.11504424778761062,0.0,,,82,person,0.2,0.5,region_crc,segformer_b2_cityscapes,acdc_rain_targetcal25,7,
0.9590000000000001,959,True,0.4428511502131134,0.4428511502131135,0.00815377663820982,7.24421052631579,163,319.0,0.17894736842105263,False,0.5409836065573771,0.23008849557522124,0.08695652173913043,,,82,person,0.2,0.5,heuristic,segformer_b2_cityscapes,acdc_rain_targetcal25,7,
,-1,True,,0.7581342651894799,0.0018771626055240631,,475,,,False,,,,,,82,person,0.2,0.5,argmax,segformer_b2_cityscapes,acdc_rain_targetcal25,7,0.6959247648902821
,-1,False,,,,,475,,,False,,,,,,82,rider,0.05,0.1,region_crc,segformer_b2_cityscapes,acdc_rain_targetcal25,0,
,-1,False,,,,,475,,,False,,,,,,82,rider,0.05,0.1,heuristic,segformer_b2_cityscapes,acdc_rain_targetcal25,0,
,-1,True,,0.8035714285714286,0.0002780417271424085,,475,,,False,,,,,,82,rider,0.05,0.1,argmax,segformer_b2_cityscapes,acdc_rain_targetcal25,0,0.8157894736842105
,-1,False,,,,,475,,,False,,,,,,82,rider,0.1,0.1,region_crc,segformer_b2_cityscapes,acdc_rain_targetcal25,0,
,-1,False,,,,,475,,,False,,,,,,82,rider,0.1,0.1,heuristic,segformer_b2_cityscapes,acdc_rain_targetcal25,0,
,-1,True,,0.8035714285714286,0.0002780417271424085,,475,,,False,,,,,,82,rider,0.1,0.1,argmax,segformer_b2_cityscapes,acdc_rain_targetcal25,0,0.8157894736842105
,-1,False,,,,,475,,,False,,,,,,82,rider,0.2,0.1,region_crc,segformer_b2_cityscapes,acdc_rain_targetcal25,0,
,-1,False,,,,,475,,,False,,,,,,82,rider,0.2,0.1,heuristic,segformer_b2_cityscapes,acdc_rain_targetcal25,0,
,-1,True,,0.8035714285714286,0.0002780417271424085,,475,,,False,,,,,,82,rider,0.2,0.1,argmax,segformer_b2_cityscapes,acdc_rain_targetcal25,0,0.8157894736842105
,-1,False,,,,,475,,,False,,,,,,82,rider,0.05,0.5,region_crc,segformer_b2_cityscapes,acdc_rain_targetcal25,0,
,-1,False,,,,,475,,,False,,,,,,82,rider,0.05,0.5,heuristic,segformer_b2_cityscapes,acdc_rain_targetcal25,0,
,-1,True,,0.8571428571428571,0.0002780417271424085,,475,,,False,,,,,,82,rider,0.05,0.5,argmax,segformer_b2_cityscapes,acdc_rain_targetcal25,0,0.868421052631579
,-1,False,,,,,475,,,False,,,,,,82,rider,0.1,0.5,region_crc,segformer_b2_cityscapes,acdc_rain_targetcal25,0,
,-1,False,,,,,475,,,False,,,,,,82,rider,0.1,0.5,heuristic,segformer_b2_cityscapes,acdc_rain_targetcal25,0,
,-1,True,,0.8571428571428571,0.0002780417271424085,,475,,,False,,,,,,82,rider,0.1,0.5,argmax,segformer_b2_cityscapes,acdc_rain_targetcal25,0,0.868421052631579
,-1,False,,,,,475,,,False,,,,,,82,rider,0.2,0.5,region_crc,segformer_b2_cityscapes,acdc_rain_targetcal25,0,
,-1,False,,,,,475,,,False,,,,,,82,rider,0.2,0.5,heuristic,segformer_b2_cityscapes,acdc_rain_targetcal25,0,
,-1,True,,0.8571428571428571,0.0002780417271424085,,475,,,False,,,,,,82,rider,0.2,0.5,argmax,segformer_b2_cityscapes,acdc_rain_targetcal25,0,0.868421052631579
1.0,1000,False,0.0,0.0,1.0,0.8357894736842105,78,148.0,0.0,False,0.0,0.0,0.0,,,82,bicycle,0.05,0.1,region_crc,segformer_b2_cityscapes,acdc_rain_targetcal25,5,
1.0,1000,True,0.0,0.0,1.0,0.8357894736842105,78,148.0,0.0,False,0.0,0.0,0.0,,,82,bicycle,0.05,0.1,heuristic,segformer_b2_cityscapes,acdc_rain_targetcal25,5,
,-1,True,,0.722008547008547,0.0011356044560670853,,475,,,False,,,,,,82,bicycle,0.05,0.1,argmax,segformer_b2_cityscapes,acdc_rain_targetcal25,5,0.722972972972973
1.0,1000,False,0.0,0.0,1.0,0.8357894736842105,78,148.0,0.0,False,0.0,0.0,0.0,,,82,bicycle,0.1,0.1,region_crc,segformer_b2_cityscapes,acdc_rain_targetcal25,5,
1.0,1000,True,0.0,0.0,1.0,0.8357894736842105,78,148.0,0.0,False,0.0,0.0,0.0,,,82,bicycle,0.1,0.1,heuristic,segformer_b2_cityscapes,acdc_rain_targetcal25,5,
,-1,True,,0.722008547008547,0.0011356044560670853,,475,,,False,,,,,,82,bicycle,0.1,0.1,argmax,segformer_b2_cityscapes,acdc_rain_targetcal25,5,0.722972972972973
1.0,1000,True,0.0,0.0,1.0,0.8357894736842105,78,148.0,0.0,False,0.0,0.0,0.0,,,82,bicycle,0.2,0.1,region_crc,segformer_b2_cityscapes,acdc_rain_targetcal25,5,
1.0,1000,True,0.0,0.0,1.0,0.8357894736842105,78,148.0,0.0,False,0.0,0.0,0.0,,,82,bicycle,0.2,0.1,heuristic,segformer_b2_cityscapes,acdc_rain_targetcal25,5,
,-1,True,,0.722008547008547,0.0011356044560670853,,475,,,False,,,,,,82,bicycle,0.2,0.1,argmax,segformer_b2_cityscapes,acdc_rain_targetcal25,5,0.722972972972973
1.0,1000,False,0.0,0.0,1.0,0.8357894736842105,78,148.0,0.0,False,0.0,0.0,0.0,,,82,bicycle,0.05,0.5,region_crc,segformer_b2_cityscapes,acdc_rain_targetcal25,5,
1.0,1000,True,0.0,0.0,1.0,0.8357894736842105,78,148.0,0.0,False,0.0,0.0,0.0,,,82,bicycle,0.05,0.5,heuristic,segformer_b2_cityscapes,acdc_rain_targetcal25,5,
,-1,True,,0.7668803418803418,0.0011356044560670853,,475,,,False,,,,,,82,bicycle,0.05,0.5,argmax,segformer_b2_cityscapes,acdc_rain_targetcal25,5,0.7635135135135135
1.0,1000,False,0.0,0.0,1.0,0.8357894736842105,78,148.0,0.0,False,0.0,0.0,0.0,,,82,bicycle,0.1,0.5,region_crc,segformer_b2_cityscapes,acdc_rain_targetcal25,5,
1.0,1000,True,0.0,0.0,1.0,0.8357894736842105,78,148.0,0.0,False,0.0,0.0,0.0,,,82,bicycle,0.1,0.5,heuristic,segformer_b2_cityscapes,acdc_rain_targetcal25,5,
,-1,True,,0.7668803418803418,0.0011356044560670853,,475,,,False,,,,,,82,bicycle,0.1,0.5,argmax,segformer_b2_cityscapes,acdc_rain_targetcal25,5,0.7635135135135135
1.0,1000,True,0.0,0.0,1.0,0.8357894736842105,78,148.0,0.0,False,0.0,0.0,0.0,,,82,bicycle,0.2,0.5,region_crc,segformer_b2_cityscapes,acdc_rain_targetcal25,5,
1.0,1000,True,0.0,0.0,1.0,0.8357894736842105,78,148.0,0.0,False,0.0,0.0,0.0,,,82,bicycle,0.2,0.5,heuristic,segformer_b2_cityscapes,acdc_rain_targetcal25,5,
,-1,True,,0.7668803418803418,0.0011356044560670853,,475,,,False,,,,,,82,bicycle,0.2,0.5,argmax,segformer_b2_cityscapes,acdc_rain_targetcal25,5,0.7635135135135135
1.0,1000,False,0.0,0.0,1.0,0.6568421052631579,163,323.0,0.0,False,0.0,0.0,0.0,,,83,person,0.05,0.1,region_crc,segformer_b2_cityscapes,acdc_rain_targetcal25,7,
1.0,1000,True,0.0,0.0,1.0,0.6568421052631579,163,323.0,0.0,False,0.0,0.0,0.0,,,83,person,0.05,0.1,heuristic,segformer_b2_cityscapes,acdc_rain_targetcal25,7,
,-1,True,,0.6342419679842992,0.0018968150252476335,,475,,,False,,,,,,83,person,0.05,0.1,argmax,segformer_b2_cityscapes,acdc_rain_targetcal25,7,0.5758513931888545
1.0,1000,False,0.0,0.0,1.0,0.6568421052631579,163,323.0,0.0,False,0.0,0.0,0.0,,,83,person,0.1,0.1,region_crc,segformer_b2_cityscapes,acdc_rain_targetcal25,7,
1.0,1000,True,0.0,0.0,1.0,0.6568421052631579,163,323.0,0.0,False,0.0,0.0,0.0,,,83,person,0.1,0.1,heuristic,segformer_b2_cityscapes,acdc_rain_targetcal25,7,
,-1,True,,0.6342419679842992,0.0018968150252476335,,475,,,False,,,,,,83,person,0.1,0.1,argmax,segformer_b2_cityscapes,acdc_rain_targetcal25,7,0.5758513931888545
1.0,1000,True,0.0,0.0,1.0,0.6568421052631579,163,323.0,0.0,False,0.0,0.0,0.0,,,83,person,0.2,0.1,region_crc,segformer_b2_cityscapes,acdc_rain_targetcal25,7,
0.997,997,True,0.08486707566462166,0.08486707566462166,0.027444973587989807,0.6568421052631579,163,323.0,0.1326315789473684,False,0.08196721311475409,0.06837606837606838,0.0,,,83,person,0.2,0.1,heuristic,segformer_b2_cityscapes,acdc_rain_targetcal25,7,
,-1,True,,0.6342419679842992,0.0018968150252476335,,475,,,False,,,,,,83,person,0.2,0.1,argmax,segformer_b2_cityscapes,acdc_rain_targetcal25,7,0.5758513931888545
1.0,1000,False,0.0,0.0,1.0,0.6568421052631579,163,323.0,0.0,False,0.0,0.0,0.0,,,83,person,0.05,0.5,region_crc,segformer_b2_cityscapes,acdc_rain_targetcal25,7,
1.0,1000,True,0.0,0.0,1.0,0.6568421052631579,163,323.0,0.0,False,0.0,0.0,0.0,,,83,person,0.05,0.5,heuristic,segformer_b2_cityscapes,acdc_rain_targetcal25,7,
,-1,True,,0.7444328336966373,0.0018968150252476335,,475,,,False,,,,,,83,person,0.05,0.5,argmax,segformer_b2_cityscapes,acdc_rain_targetcal25,7,0.6904024767801857
1.0,1000,False,0.0,0.0,1.0,0.6568421052631579,163,323.0,0.0,False,0.0,0.0,0.0,,,83,person,0.1,0.5,region_crc,segformer_b2_cityscapes,acdc_rain_targetcal25,7,
1.0,1000,True,0.0,0.0,1.0,0.6568421052631579,163,323.0,0.0,False,0.0,0.0,0.0,,,83,person,0.1,0.5,heuristic,segformer_b2_cityscapes,acdc_rain_targetcal25,7,
,-1,True,,0.7444328336966373,0.0018968150252476335,,475,,,False,,,,,,83,person,0.1,0.5,argmax,segformer_b2_cityscapes,acdc_rain_targetcal25,7,0.6904024767801857
1.0,1000,True,0.0,0.0,1.0,0.6568421052631579,163,323.0,0.0,False,0.0,0.0,0.0,,,83,person,0.2,0.5,region_crc,segformer_b2_cityscapes,acdc_rain_targetcal25,7,
0.999,999,True,0.06952965235173823,0.06952965235173823,0.04190447926521301,0.6568421052631579,163,323.0,0.12631578947368427,False,0.04918032786885246,0.07692307692307693,0.0,,,83,person,0.2,0.5,heuristic,segformer_b2_cityscapes,acdc_rain_targetcal25,7,
,-1,True,,0.7444328336966373,0.0018968150252476335,,475,,,False,,,,,,83,person,0.2,0.5,argmax,segformer_b2_cityscapes,acdc_rain_targetcal25,7,0.6904024767801857
1.0,1000,False,0.0,0.0,1.0,0.9452631578947368,26,34.0,0.0,False,0.0,0.0,0.0,,,83,rider,0.05,0.1,region_crc,segformer_b2_cityscapes,acdc_rain_targetcal25,2,
1.0,1000,True,0.0,0.0,1.0,0.9452631578947368,26,34.0,0.0,False,0.0,0.0,0.0,,,83,rider,0.05,0.1,heuristic,segformer_b2_cityscapes,acdc_rain_targetcal25,2,
,-1,True,,0.7884615384615384,0.0002784823882393539,,475,,,False,,,,,,83,rider,0.05,0.1,argmax,segformer_b2_cityscapes,acdc_rain_targetcal25,2,0.7941176470588235
1.0,1000,False,0.0,0.0,1.0,0.9452631578947368,26,34.0,0.0,False,0.0,0.0,0.0,,,83,rider,0.1,0.1,region_crc,segformer_b2_cityscapes,acdc_rain_targetcal25,2,
1.0,1000,True,0.0,0.0,1.0,0.9452631578947368,26,34.0,0.0,False,0.0,0.0,0.0,,,83,rider,0.1,0.1,heuristic,segformer_b2_cityscapes,acdc_rain_targetcal25,2,
,-1,True,,0.7884615384615384,0.0002784823882393539,,475,,,False,,,,,,83,rider,0.1,0.1,argmax,segformer_b2_cityscapes,acdc_rain_targetcal25,2,0.7941176470588235
1.0,1000,False,0.0,0.0,1.0,0.9452631578947368,26,34.0,0.0,False,0.0,0.0,0.0,,,83,rider,0.2,0.1,region_crc,segformer_b2_cityscapes,acdc_rain_targetcal25,2,
1.0,1000,True,0.0,0.0,1.0,0.9452631578947368,26,34.0,0.0,False,0.0,0.0,0.0,,,83,rider,0.2,0.1,heuristic,segformer_b2_cityscapes,acdc_rain_targetcal25,2,
,-1,True,,0.7884615384615384,0.0002784823882393539,,475,,,False,,,,,,83,rider,0.2,0.1,argmax,segformer_b2_cityscapes,acdc_rain_targetcal25,2,0.7941176470588235
1.0,1000,False,0.0,0.0,1.0,0.9452631578947368,26,34.0,0.0,False,0.0,0.0,0.0,,,83,rider,0.05,0.5,region_crc,segformer_b2_cityscapes,acdc_rain_targetcal25,2,
1.0,1000,True,0.0,0.0,1.0,0.9452631578947368,26,34.0,0.0,False,0.0,0.0,0.0,,,83,rider,0.05,0.5,heuristic,segformer_b2_cityscapes,acdc_rain_targetcal25,2,
,-1,True,,0.8461538461538461,0.0002784823882393539,,475,,,False,,,,,,83,rider,0.05,0.5,argmax,segformer_b2_cityscapes,acdc_rain_targetcal25,2,0.8529411764705882
1.0,1000,False,0.0,0.0,1.0,0.9452631578947368,26,34.0,0.0,False,0.0,0.0,0.0,,,83,rider,0.1,0.5,region_crc,segformer_b2_cityscapes,acdc_rain_targetcal25,2,
1.0,1000,True,0.0,0.0,1.0,0.9452631578947368,26,34.0,0.0,False,0.0,0.0,0.0,,,83,rider,0.1,0.5,heuristic,segformer_b2_cityscapes,acdc_rain_targetcal25,2,
,-1,True,,0.8461538461538461,0.0002784823882393539,,475,,,False,,,,,,83,rider,0.1,0.5,argmax,segformer_b2_cityscapes,acdc_rain_targetcal25,2,0.8529411764705882
1.0,1000,False,0.0,0.0,1.0,0.9452631578947368,26,34.0,0.0,False,0.0,0.0,0.0,,,83,rider,0.2,0.5,region_crc,segformer_b2_cityscapes,acdc_rain_targetcal25,2,
1.0,1000,True,0.0,0.0,1.0,0.9452631578947368,26,34.0,0.0,False,0.0,0.0,0.0,,,83,rider,0.2,0.5,heuristic,segformer_b2_cityscapes,acdc_rain_targetcal25,2,
,-1,True,,0.8461538461538461,0.0002784823882393539,,475,,,False,,,,,,83,rider,0.2,0.5,argmax,segformer_b2_cityscapes,acdc_rain_targetcal25,2,0.8529411764705882
1.0,1000,False,0.0,0.0,1.0,0.8357894736842105,78,146.0,0.0,False,0.0,0.0,0.0,,,83,bicycle,0.05,0.1,region_crc,segformer_b2_cityscapes,acdc_rain_targetcal25,5,
0.999,999,True,0.22106227106227103,0.22106227106227108,0.018784966319799423,0.8357894736842105,78,146.0,0.14105263157894737,False,0.3333333333333333,0.07272727272727272,0.0,,,83,bicycle,0.05,0.1,heuristic,segformer_b2_cityscapes,acdc_rain_targetcal25,5,
,-1,True,,0.7256715506715506,0.0011539594270288944,,475,,,False,,,,,,83,bicycle,0.05,0.1,argmax,segformer_b2_cityscapes,acdc_rain_targetcal25,5,0.7123287671232876
1.0,1000,False,0.0,0.0,1.0,0.8357894736842105,78,146.0,0.0,False,0.0,0.0,0.0,,,83,bicycle,0.1,0.1,region_crc,segformer_b2_cityscapes,acdc_rain_targetcal25,5,
0.999,999,True,0.22106227106227103,0.22106227106227108,0.018784966319799423,0.8357894736842105,78,146.0,0.14105263157894737,False,0.3333333333333333,0.07272727272727272,0.0,,,83,bicycle,0.1,0.1,heuristic,segformer_b2_cityscapes,acdc_rain_targetcal25,5,
,-1,True,,0.7256715506715506,0.0011539594270288944,,475,,,False,,,,,,83,bicycle,0.1,0.1,argmax,segformer_b2_cityscapes,acdc_rain_targetcal25,5,0.7123287671232876
0.999,999,True,0.22106227106227103,0.22106227106227108,0.018784966319799423,0.8357894736842105,78,146.0,0.14105263157894737,False,0.3333333333333333,0.07272727272727272,0.0,,,83,bicycle,0.2,0.1,region_crc,segformer_b2_cityscapes,acdc_rain_targetcal25,5,
0.999,999,True,0.22106227106227103,0.22106227106227108,0.018784966319799423,0.8357894736842105,78,146.0,0.14105263157894737,False,0.3333333333333333,0.07272727272727272,0.0,,,83,bicycle,0.2,0.1,heuristic,segformer_b2_cityscapes,acdc_rain_targetcal25,5,
,-1,True,,0.7256715506715506,0.0011539594270288944,,475,,,False,,,,,,83,bicycle,0.2,0.1,argmax,segformer_b2_cityscapes,acdc_rain_targetcal25,5,0.7123287671232876
1.0,1000,False,0.0,0.0,1.0,0.8357894736842105,78,146.0,0.0,False,0.0,0.0,0.0,,,83,bicycle,0.05,0.5,region_crc,segformer_b2_cityscapes,acdc_rain_targetcal25,5,
1.0,1000,True,0.0,0.0,1.0,0.8357894736842105,78,146.0,0.0,False,0.0,0.0,0.0,,,83,bicycle,0.05,0.5,heuristic,segformer_b2_cityscapes,acdc_rain_targetcal25,5,
,-1,True,,0.7723748473748474,0.0011539594270288944,,475,,,False,,,,,,83,bicycle,0.05,0.5,argmax,segformer_b2_cityscapes,acdc_rain_targetcal25,5,0.7602739726027398
1.0,1000,False,0.0,0.0,1.0,0.8357894736842105,78,146.0,0.0,False,0.0,0.0,0.0,,,83,bicycle,0.1,0.5,region_crc,segformer_b2_cityscapes,acdc_rain_targetcal25,5,
1.0,1000,True,0.0,0.0,1.0,0.8357894736842105,78,146.0,0.0,False,0.0,0.0,0.0,,,83,bicycle,0.1,0.5,heuristic,segformer_b2_cityscapes,acdc_rain_targetcal25,5,
,-1,True,,0.7723748473748474,0.0011539594270288944,,475,,,False,,,,,,83,bicycle,0.1,0.5,argmax,segformer_b2_cityscapes,acdc_rain_targetcal25,5,0.7602739726027398
1.0,1000,True,0.0,0.0,1.0,0.8357894736842105,78,146.0,0.0,False,0.0,0.0,0.0,,,83,bicycle,0.2,0.5,region_crc,segformer_b2_cityscapes,acdc_rain_targetcal25,5,
1.0,1000,True,0.0,0.0,1.0,0.8357894736842105,78,146.0,0.0,False,0.0,0.0,0.0,,,83,bicycle,0.2,0.5,heuristic,segformer_b2_cityscapes,acdc_rain_targetcal25,5,
,-1,True,,0.7723748473748474,0.0011539594270288944,,475,,,False,,,,,,83,bicycle,0.2,0.5,argmax,segformer_b2_cityscapes,acdc_rain_targetcal25,5,0.7602739726027398
1.0,1000,False,0.0,0.0,1.0,0.6568421052631579,163,326.0,0.0,False,0.0,0.0,0.0,,,84,person,0.05,0.1,region_crc,segformer_b2_cityscapes,acdc_rain_targetcal25,7,
0.995,995,True,0.11574642126789367,0.11574642126789367,0.021992260590195656,0.6568421052631579,163,326.0,0.2631578947368421,False,0.12365591397849462,0.07563025210084033,0.0,,,84,person,0.05,0.1,heuristic,segformer_b2_cityscapes,acdc_rain_targetcal25,7,
,-1,True,,0.6250395139965692,0.0018502427265048027,,475,,,False,,,,,,84,person,0.05,0.1,argmax,segformer_b2_cityscapes,acdc_rain_targetcal25,7,0.5705521472392638
1.0,1000,False,0.0,0.0,1.0,0.6568421052631579,163,326.0,0.0,False,0.0,0.0,0.0,,,84,person,0.1,0.1,region_crc,segformer_b2_cityscapes,acdc_rain_targetcal25,7,
0.995,995,True,0.11574642126789367,0.11574642126789367,0.021992260590195656,0.6568421052631579,163,326.0,0.2631578947368421,False,0.12365591397849462,0.07563025210084033,0.0,,,84,person,0.1,0.1,heuristic,segformer_b2_cityscapes,acdc_rain_targetcal25,7,
,-1,True,,0.6250395139965692,0.0018502427265048027,,475,,,False,,,,,,84,person,0.1,0.1,argmax,segformer_b2_cityscapes,acdc_rain_targetcal25,7,0.5705521472392638
0.995,995,True,0.11574642126789367,0.11574642126789367,0.021992260590195656,0.6568421052631579,163,326.0,0.2631578947368421,False,0.12365591397849462,0.07563025210084033,0.0,,,84,person,0.2,0.1,region_crc,segformer_b2_cityscapes,acdc_rain_targetcal25,7,
0.993,993,True,0.13026584867075666,0.13026584867075666,0.018982399255037308,0.6568421052631579,163,326.0,0.27789473684210525,False,0.16129032258064516,0.07563025210084033,0.0,,,84,person,0.2,0.1,heuristic,segformer_b2_cityscapes,acdc_rain_targetcal25,7,
,-1,True,,0.6250395139965692,0.0018502427265048027,,475,,,False,,,,,,84,person,0.2,0.1,argmax,segformer_b2_cityscapes,acdc_rain_targetcal25,7,0.5705521472392638
1.0,1000,False,0.0,0.0,1.0,0.6568421052631579,163,326.0,0.0,False,0.0,0.0,0.0,,,84,person,0.05,0.5,region_crc,segformer_b2_cityscapes,acdc_rain_targetcal25,7,
0.999,999,True,0.07566462167689161,0.07566462167689161,0.041660767048597336,0.6568421052631579,163,326.0,0.1957894736842105,False,0.053763440860215055,0.07563025210084033,0.0,,,84,person,0.05,0.5,heuristic,segformer_b2_cityscapes,acdc_rain_targetcal25,7,
,-1,True,,0.738297864371484,0.0018502427265048027,,475,,,False,,,,,,84,person,0.05,0.5,argmax,segformer_b2_cityscapes,acdc_rain_targetcal25,7,0.6871165644171779
1.0,1000,False,0.0,0.0,1.0,0.6568421052631579,163,326.0,0.0,False,0.0,0.0,0.0,,,84,person,0.1,0.5,region_crc,segformer_b2_cityscapes,acdc_rain_targetcal25,7,
0.999,999,True,0.07566462167689161,0.07566462167689161,0.041660767048597336,0.6568421052631579,163,326.0,0.1957894736842105,False,0.053763440860215055,0.07563025210084033,0.0,,,84,person,0.1,0.5,heuristic,segformer_b2_cityscapes,acdc_rain_targetcal25,7,
,-1,True,,0.738297864371484,0.0018502427265048027,,475,,,False,,,,,,84,person,0.1,0.5,argmax,segformer_b2_cityscapes,acdc_rain_targetcal25,7,0.6871165644171779
0.999,999,True,0.07566462167689161,0.07566462167689161,0.041660767048597336,0.6568421052631579,163,326.0,0.1957894736842105,False,0.053763440860215055,0.07563025210084033,0.0,,,84,person,0.2,0.5,region_crc,segformer_b2_cityscapes,acdc_rain_targetcal25,7,
0.997,997,True,0.13282208588957053,0.13282208588957053,0.027226515114307404,0.6568421052631579,163,326.0,0.22526315789473678,False,0.15053763440860216,0.09243697478991597,0.0,,,84,person,0.2,0.5,heuristic,segformer_b2_cityscapes,acdc_rain_targetcal25,7,
,-1,True,,0.738297864371484,0.0018502427265048027,,475,,,False,,,,,,84,person,0.2,0.5,argmax,segformer_b2_cityscapes,acdc_rain_targetcal25,7,0.6871165644171779
1.0,1000,False,0.0,0.0,1.0,0.9473684210526315,25,33.0,0.0,False,0.0,0.0,0.0,,,84,rider,0.05,0.1,region_crc,segformer_b2_cityscapes,acdc_rain_targetcal25,3,
1.0,1000,True,0.0,0.0,1.0,0.9473684210526315,25,33.0,0.0,False,0.0,0.0,0.0,,,84,rider,0.05,0.1,heuristic,segformer_b2_cityscapes,acdc_rain_targetcal25,3,
,-1,True,,0.78,0.00026826877729035914,,475,,,False,,,,,,84,rider,0.05,0.1,argmax,segformer_b2_cityscapes,acdc_rain_targetcal25,3,0.7878787878787878
1.0,1000,False,0.0,0.0,1.0,0.9473684210526315,25,33.0,0.0,False,0.0,0.0,0.0,,,84,rider,0.1,0.1,region_crc,segformer_b2_cityscapes,acdc_rain_targetcal25,3,
1.0,1000,True,0.0,0.0,1.0,0.9473684210526315,25,33.0,0.0,False,0.0,0.0,0.0,,,84,rider,0.1,0.1,heuristic,segformer_b2_cityscapes,acdc_rain_targetcal25,3,
,-1,True,,0.78,0.00026826877729035914,,475,,,False,,,,,,84,rider,0.1,0.1,argmax,segformer_b2_cityscapes,acdc_rain_targetcal25,3,0.7878787878787878
1.0,1000,False,0.0,0.0,1.0,0.9473684210526315,25,33.0,0.0,False,0.0,0.0,0.0,,,84,rider,0.2,0.1,region_crc,segformer_b2_cityscapes,acdc_rain_targetcal25,3,
1.0,1000,True,0.0,0.0,1.0,0.9473684210526315,25,33.0,0.0,False,0.0,0.0,0.0,,,84,rider,0.2,0.1,heuristic,segformer_b2_cityscapes,acdc_rain_targetcal25,3,
,-1,True,,0.78,0.00026826877729035914,,475,,,False,,,,,,84,rider,0.2,0.1,argmax,segformer_b2_cityscapes,acdc_rain_targetcal25,3,0.7878787878787878
1.0,1000,False,0.0,0.0,1.0,0.9473684210526315,25,33.0,0.0,False,0.0,0.0,0.0,,,84,rider,0.05,0.5,region_crc,segformer_b2_cityscapes,acdc_rain_targetcal25,3,
1.0,1000,True,0.0,0.0,1.0,0.9473684210526315,25,33.0,0.0,False,0.0,0.0,0.0,,,84,rider,0.05,0.5,heuristic,segformer_b2_cityscapes,acdc_rain_targetcal25,3,
,-1,True,,0.84,0.00026826877729035914,,475,,,False,,,,,,84,rider,0.05,0.5,argmax,segformer_b2_cityscapes,acdc_rain_targetcal25,3,0.8484848484848485
1.0,1000,False,0.0,0.0,1.0,0.9473684210526315,25,33.0,0.0,False,0.0,0.0,0.0,,,84,rider,0.1,0.5,region_crc,segformer_b2_cityscapes,acdc_rain_targetcal25,3,
1.0,1000,True,0.0,0.0,1.0,0.9473684210526315,25,33.0,0.0,False,0.0,0.0,0.0,,,84,rider,0.1,0.5,heuristic,segformer_b2_cityscapes,acdc_rain_targetcal25,3,
,-1,True,,0.84,0.00026826877729035914,,475,,,False,,,,,,84,rider,0.1,0.5,argmax,segformer_b2_cityscapes,acdc_rain_targetcal25,3,0.8484848484848485
1.0,1000,False,0.0,0.0,1.0,0.9473684210526315,25,33.0,0.0,False,0.0,0.0,0.0,,,84,rider,0.2,0.5,region_crc,segformer_b2_cityscapes,acdc_rain_targetcal25,3,
1.0,1000,True,0.0,0.0,1.0,0.9473684210526315,25,33.0,0.0,False,0.0,0.0,0.0,,,84,rider,0.2,0.5,heuristic,segformer_b2_cityscapes,acdc_rain_targetcal25,3,
,-1,True,,0.84,0.00026826877729035914,,475,,,False,,,,,,84,rider,0.2,0.5,argmax,segformer_b2_cityscapes,acdc_rain_targetcal25,3,0.8484848484848485
1.0,1000,False,0.0,0.0,1.0,0.8421052631578947,75,145.0,0.0,False,0.0,0.0,0.0,,,84,bicycle,0.05,0.1,region_crc,segformer_b2_cityscapes,acdc_rain_targetcal25,8,
0.966,966,True,0.529968253968254,0.529968253968254,0.0034495359286665916,3.663157894736842,75,145.0,0.24421052631578943,False,0.654320987654321,0.33962264150943394,0.0,,,84,bicycle,0.05,0.1,heuristic,segformer_b2_cityscapes,acdc_rain_targetcal25,8,
,-1,True,,0.7769206349206349,0.0010855039581656456,,475,,,False,,,,,,84,bicycle,0.05,0.1,argmax,segformer_b2_cityscapes,acdc_rain_targetcal25,8,0.7448275862068966
1.0,1000,False,0.0,0.0,1.0,0.8421052631578947,75,145.0,0.0,False,0.0,0.0,0.0,,,84,bicycle,0.1,0.1,region_crc,segformer_b2_cityscapes,acdc_rain_targetcal25,8,
0.966,966,True,0.529968253968254,0.529968253968254,0.0034495359286665916,3.663157894736842,75,145.0,0.24421052631578943,False,0.654320987654321,0.33962264150943394,0.0,,,84,bicycle,0.1,0.1,heuristic,segformer_b2_cityscapes,acdc_rain_targetcal25,8,
,-1,True,,0.7769206349206349,0.0010855039581656456,,475,,,False,,,,,,84,bicycle,0.1,0.1,argmax,segformer_b2_cityscapes,acdc_rain_targetcal25,8,0.7448275862068966
0.966,966,True,0.529968253968254,0.529968253968254,0.0034495359286665916,3.663157894736842,75,145.0,0.24421052631578943,False,0.654320987654321,0.33962264150943394,0.0,,,84,bicycle,0.2,0.1,region_crc,segformer_b2_cityscapes,acdc_rain_targetcal25,8,
0.899,899,True,0.6639047619047619,0.6639047619047619,0.002070331946015358,1.3810526315789473,75,145.0,0.231578947368421,False,0.7777777777777778,0.49056603773584906,0.0,,,84,bicycle,0.2,0.1,heuristic,segformer_b2_cityscapes,acdc_rain_targetcal25,8,
,-1,True,,0.7769206349206349,0.0010855039581656456,,475,,,False,,,,,,84,bicycle,0.2,0.1,argmax,segformer_b2_cityscapes,acdc_rain_targetcal25,8,0.7448275862068966
1.0,1000,False,0.0,0.0,1.0,0.8421052631578947,75,145.0,0.0,False,0.0,0.0,0.0,,,84,bicycle,0.05,0.5,region_crc,segformer_b2_cityscapes,acdc_rain_targetcal25,8,
0.994,994,True,0.45219047619047614,0.45219047619047614,0.008050529286265373,0.8421052631578947,75,145.0,0.24631578947368427,False,0.5925925925925926,0.3018867924528302,0.0,,,84,bicycle,0.05,0.5,heuristic,segformer_b2_cityscapes,acdc_rain_targetcal25,8,
,-1,True,,0.8166031746031746,0.0010855039581656456,,475,,,False,,,,,,84,bicycle,0.05,0.5,argmax,segformer_b2_cityscapes,acdc_rain_targetcal25,8,0.7793103448275862
1.0,1000,False,0.0,0.0,1.0,0.8421052631578947,75,145.0,0.0,False,0.0,0.0,0.0,,,84,bicycle,0.1,0.5,region_crc,segformer_b2_cityscapes,acdc_rain_targetcal25,8,
0.994,994,True,0.45219047619047614,0.45219047619047614,0.008050529286265373,0.8421052631578947,75,145.0,0.24631578947368427,False,0.5925925925925926,0.3018867924528302,0.0,,,84,bicycle,0.1,0.5,heuristic,segformer_b2_cityscapes,acdc_rain_targetcal25,8,
,-1,True,,0.8166031746031746,0.0010855039581656456,,475,,,False,,,,,,84,bicycle,0.1,0.5,argmax,segformer_b2_cityscapes,acdc_rain_targetcal25,8,0.7793103448275862
0.994,994,True,0.45219047619047614,0.45219047619047614,0.008050529286265373,0.8421052631578947,75,145.0,0.24631578947368427,False,0.5925925925925926,0.3018867924528302,0.0,,,84,bicycle,0.2,0.5,region_crc,segformer_b2_cityscapes,acdc_rain_targetcal25,8,
0.9490000000000001,949,True,0.6639047619047619,0.6639047619047619,0.0028503811918199062,2.225263157894737,75,145.0,0.22947368421052627,False,0.7407407407407407,0.5094339622641509,0.0,,,84,bicycle,0.2,0.5,heuristic,segformer_b2_cityscapes,acdc_rain_targetcal25,8,
,-1,True,,0.8166031746031746,0.0010855039581656456,,475,,,False,,,,,,84,bicycle,0.2,0.5,argmax,segformer_b2_cityscapes,acdc_rain_targetcal25,8,0.7793103448275862
1.0,1000,False,0.0,0.0,1.0,0.6589473684210526,162,314.0,0.0,False,0.0,0.0,0.0,,,85,person,0.05,0.1,region_crc,segformer_b2_cityscapes,acdc_rain_targetcal25,8,
0.998,998,True,0.06687242798353908,0.06687242798353908,0.03235350921750069,0.6589473684210526,162,314.0,0.16000000000000003,False,0.05555555555555555,0.044642857142857144,0.0,,,85,person,0.05,0.1,heuristic,segformer_b2_cityscapes,acdc_rain_targetcal25,8,
,-1,True,,0.624885436922474,0.0019051627023145556,,475,,,False,,,,,,85,person,0.05,0.1,argmax,segformer_b2_cityscapes,acdc_rain_targetcal25,8,0.5636942675159236
1.0,1000,False,0.0,0.0,1.0,0.6589473684210526,162,314.0,0.0,False,0.0,0.0,0.0,,,85,person,0.1,0.1,region_crc,segformer_b2_cityscapes,acdc_rain_targetcal25,8,
0.998,998,True,0.06687242798353908,0.06687242798353908,0.03235350921750069,0.6589473684210526,162,314.0,0.16000000000000003,False,0.05555555555555555,0.044642857142857144,0.0,,,85,person,0.1,0.1,heuristic,segformer_b2_cityscapes,acdc_rain_targetcal25,8,
,-1,True,,0.624885436922474,0.0019051627023145556,,475,,,False,,,,,,85,person,0.1,0.1,argmax,segformer_b2_cityscapes,acdc_rain_targetcal25,8,0.5636942675159236
0.998,998,True,0.06687242798353908,0.06687242798353908,0.03235350921750069,0.6589473684210526,162,314.0,0.16000000000000003,False,0.05555555555555555,0.044642857142857144,0.0,,,85,person,0.2,0.1,region_crc,segformer_b2_cityscapes,acdc_rain_targetcal25,8,
0.993,993,True,0.13055555555555554,0.13055555555555554,0.019291052594780922,0.6589473684210526,162,314.0,0.18526315789473685,False,0.16111111111111112,0.0625,0.0,,,85,person,0.2,0.1,heuristic,segformer_b2_cityscapes,acdc_rain_targetcal25,8,
,-1,True,,0.624885436922474,0.0019051627023145556,,475,,,False,,,,,,85,person,0.2,0.1,argmax,segformer_b2_cityscapes,acdc_rain_targetcal25,8,0.5636942675159236
1.0,1000,False,0.0,0.0,1.0,0.6589473684210526,162,314.0,0.0,False,0.0,0.0,0.0,,,85,person,0.05,0.5,region_crc,segformer_b2_cityscapes,acdc_rain_targetcal25,8,
1.0,1000,True,0.0,0.0,1.0,0.6589473684210526,162,314.0,0.0,False,0.0,0.0,0.0,,,85,person,0.05,0.5,heuristic,segformer_b2_cityscapes,acdc_rain_targetcal25,8,
,-1,True,,0.7363737771145179,0.0019051627023145556,,475,,,False,,,,,,85,person,0.05,0.5,argmax,segformer_b2_cityscapes,acdc_rain_targetcal25,8,0.678343949044586
1.0,1000,False,0.0,0.0,1.0,0.6589473684210526,162,314.0,0.0,False,0.0,0.0,0.0,,,85,person,0.1,0.5,region_crc,segformer_b2_cityscapes,acdc_rain_targetcal25,8,
1.0,1000,True,0.0,0.0,1.0,0.6589473684210526,162,314.0,0.0,False,0.0,0.0,0.0,,,85,person,0.1,0.5,heuristic,segformer_b2_cityscapes,acdc_rain_targetcal25,8,
,-1,True,,0.7363737771145179,0.0019051627023145556,,475,,,False,,,,,,85,person,0.1,0.5,argmax,segformer_b2_cityscapes,acdc_rain_targetcal25,8,0.678343949044586
1.0,1000,True,0.0,0.0,1.0,0.6589473684210526,162,314.0,0.0,False,0.0,0.0,0.0,,,85,person,0.2,0.5,region_crc,segformer_b2_cityscapes,acdc_rain_targetcal25,8,
0.997,997,True,0.13312757201646092,0.13312757201646092,0.027565253898501396,0.6589473684210526,162,314.0,0.18105263157894735,False,0.15,0.08035714285714286,0.0,,,85,person,0.2,0.5,heuristic,segformer_b2_cityscapes,acdc_rain_targetcal25,8,
,-1,True,,0.7363737771145179,0.0019051627023145556,,475,,,False,,,,,,85,person,0.2,0.5,argmax,segformer_b2_cityscapes,acdc_rain_targetcal25,8,0.678343949044586
1.0,1000,False,0.0,0.0,1.0,0.9494736842105264,24,34.0,0.0,False,0.0,0.0,0.0,,,85,rider,0.05,0.1,region_crc,segformer_b2_cityscapes,acdc_rain_targetcal25,4,
1.0,1000,True,0.0,0.0,1.0,0.9494736842105264,24,34.0,0.0,False,0.0,0.0,0.0,,,85,rider,0.05,0.1,heuristic,segformer_b2_cityscapes,acdc_rain_targetcal25,4,
,-1,True,,0.8125,0.00028059515170753,,475,,,False,,,,,,85,rider,0.05,0.1,argmax,segformer_b2_cityscapes,acdc_rain_targetcal25,4,0.8235294117647058
1.0,1000,False,0.0,0.0,1.0,0.9494736842105264,24,34.0,0.0,False,0.0,0.0,0.0,,,85,rider,0.1,0.1,region_crc,segformer_b2_cityscapes,acdc_rain_targetcal25,4,
1.0,1000,True,0.0,0.0,1.0,0.9494736842105264,24,34.0,0.0,False,0.0,0.0,0.0,,,85,rider,0.1,0.1,heuristic,segformer_b2_cityscapes,acdc_rain_targetcal25,4,
,-1,True,,0.8125,0.00028059515170753,,475,,,False,,,,,,85,rider,0.1,0.1,argmax,segformer_b2_cityscapes,acdc_rain_targetcal25,4,0.8235294117647058
1.0,1000,True,0.0,0.0,1.0,0.9494736842105264,24,34.0,0.0,False,0.0,0.0,0.0,,,85,rider,0.2,0.1,region_crc,segformer_b2_cityscapes,acdc_rain_targetcal25,4,
1.0,1000,True,0.0,0.0,1.0,0.9494736842105264,24,34.0,0.0,False,0.0,0.0,0.0,,,85,rider,0.2,0.1,heuristic,segformer_b2_cityscapes,acdc_rain_targetcal25,4,
,-1,True,,0.8125,0.00028059515170753,,475,,,False,,,,,,85,rider,0.2,0.1,argmax,segformer_b2_cityscapes,acdc_rain_targetcal25,4,0.8235294117647058
1.0,1000,False,0.0,0.0,1.0,0.9494736842105264,24,34.0,0.0,False,0.0,0.0,0.0,,,85,rider,0.05,0.5,region_crc,segformer_b2_cityscapes,acdc_rain_targetcal25,4,
1.0,1000,True,0.0,0.0,1.0,0.9494736842105264,24,34.0,0.0,False,0.0,0.0,0.0,,,85,rider,0.05,0.5,heuristic,segformer_b2_cityscapes,acdc_rain_targetcal25,4,
,-1,True,,0.8333333333333334,0.00028059515170753,,475,,,False,,,,,,85,rider,0.05,0.5,argmax,segformer_b2_cityscapes,acdc_rain_targetcal25,4,0.8529411764705882
1.0,1000,False,0.0,0.0,1.0,0.9494736842105264,24,34.0,0.0,False,0.0,0.0,0.0,,,85,rider,0.1,0.5,region_crc,segformer_b2_cityscapes,acdc_rain_targetcal25,4,
1.0,1000,True,0.0,0.0,1.0,0.9494736842105264,24,34.0,0.0,False,0.0,0.0,0.0,,,85,rider,0.1,0.5,heuristic,segformer_b2_cityscapes,acdc_rain_targetcal25,4,
,-1,True,,0.8333333333333334,0.00028059515170753,,475,,,False,,,,,,85,rider,0.1,0.5,argmax,segformer_b2_cityscapes,acdc_rain_targetcal25,4,0.8529411764705882
1.0,1000,True,0.0,0.0,1.0,0.9494736842105264,24,34.0,0.0,False,0.0,0.0,0.0,,,85,rider,0.2,0.5,region_crc,segformer_b2_cityscapes,acdc_rain_targetcal25,4,
1.0,1000,True,0.0,0.0,1.0,0.9494736842105264,24,34.0,0.0,False,0.0,0.0,0.0,,,85,rider,0.2,0.5,heuristic,segformer_b2_cityscapes,acdc_rain_targetcal25,4,
,-1,True,,0.8333333333333334,0.00028059515170753,,475,,,False,,,,,,85,rider,0.2,0.5,argmax,segformer_b2_cityscapes,acdc_rain_targetcal25,4,0.8529411764705882
1.0,1000,False,0.0,0.0,1.0,0.8336842105263158,79,152.0,0.0,False,0.0,0.0,0.0,,,85,bicycle,0.05,0.1,region_crc,segformer_b2_cityscapes,acdc_rain_targetcal25,4,
1.0,1000,True,0.0,0.0,1.0,0.8336842105263158,79,152.0,0.0,False,0.0,0.0,0.0,,,85,bicycle,0.05,0.1,heuristic,segformer_b2_cityscapes,acdc_rain_targetcal25,4,
,-1,True,,0.7291440626883665,0.0011937114177271724,,475,,,False,,,,,,85,bicycle,0.05,0.1,argmax,segformer_b2_cityscapes,acdc_rain_targetcal25,4,0.7039473684210527
1.0,1000,False,0.0,0.0,1.0,0.8336842105263158,79,152.0,0.0,False,0.0,0.0,0.0,,,85,bicycle,0.1,0.1,region_crc,segformer_b2_cityscapes,acdc_rain_targetcal25,4,
1.0,1000,True,0.0,0.0,1.0,0.8336842105263158,79,152.0,0.0,False,0.0,0.0,0.0,,,85,bicycle,0.1,0.1,heuristic,segformer_b2_cityscapes,acdc_rain_targetcal25,4,
,-1,True,,0.7291440626883665,0.0011937114177271724,,475,,,False,,,,,,85,bicycle,0.1,0.1,argmax,segformer_b2_cityscapes,acdc_rain_targetcal25,4,0.7039473684210527
1.0,1000,True,0.0,0.0,1.0,0.8336842105263158,79,152.0,0.0,False,0.0,0.0,0.0,,,85,bicycle,0.2,0.1,region_crc,segformer_b2_cityscapes,acdc_rain_targetcal25,4,
0.996,996,True,0.3110910186859554,0.3110910186859554,0.010151581838726997,0.8336842105263158,79,152.0,0.1473684210526316,False,0.4691358024691358,0.10526315789473684,0.0,,,85,bicycle,0.2,0.1,heuristic,segformer_b2_cityscapes,acdc_rain_targetcal25,4,
,-1,True,,0.7291440626883665,0.0011937114177271724,,475,,,False,,,,,,85,bicycle,0.2,0.1,argmax,segformer_b2_cityscapes,acdc_rain_targetcal25,4,0.7039473684210527
1.0,1000,False,0.0,0.0,1.0,0.8336842105263158,79,152.0,0.0,False,0.0,0.0,0.0,,,85,bicycle,0.05,0.5,region_crc,segformer_b2_cityscapes,acdc_rain_targetcal25,4,
1.0,1000,True,0.0,0.0,1.0,0.8336842105263158,79,152.0,0.0,False,0.0,0.0,0.0,,,85,bicycle,0.05,0.5,heuristic,segformer_b2_cityscapes,acdc_rain_targetcal25,4,
,-1,True,,0.7625979505726341,0.0011937114177271724,,475,,,False,,,,,,85,bicycle,0.05,0.5,argmax,segformer_b2_cityscapes,acdc_rain_targetcal25,4,0.743421052631579
1.0,1000,False,0.0,0.0,1.0,0.8336842105263158,79,152.0,0.0,False,0.0,0.0,0.0,,,85,bicycle,0.1,0.5,region_crc,segformer_b2_cityscapes,acdc_rain_targetcal25,4,
1.0,1000,True,0.0,0.0,1.0,0.8336842105263158,79,152.0,0.0,False,0.0,0.0,0.0,,,85,bicycle,0.1,0.5,heuristic,segformer_b2_cityscapes,acdc_rain_targetcal25,4,
,-1,True,,0.7625979505726341,0.0011937114177271724,,475,,,False,,,,,,85,bicycle,0.1,0.5,argmax,segformer_b2_cityscapes,acdc_rain_targetcal25,4,0.743421052631579
1.0,1000,True,0.0,0.0,1.0,0.8336842105263158,79,152.0,0.0,False,0.0,0.0,0.0,,,85,bicycle,0.2,0.5,region_crc,segformer_b2_cityscapes,acdc_rain_targetcal25,4,
1.0,1000,True,0.0,0.0,1.0,0.8336842105263158,79,152.0,0.0,False,0.0,0.0,0.0,,,85,bicycle,0.2,0.5,heuristic,segformer_b2_cityscapes,acdc_rain_targetcal25,4,
,-1,True,,0.7625979505726341,0.0011937114177271724,,475,,,False,,,,,,85,bicycle,0.2,0.5,argmax,segformer_b2_cityscapes,acdc_rain_targetcal25,4,0.743421052631579
1.0,1000,False,0.0,0.0,1.0,0.6589473684210526,162,318.0,0.0,False,0.0,0.0,0.0,,,86,person,0.05,0.1,region_crc,segformer_b2_cityscapes,acdc_rain_targetcal25,8,
1.0,1000,True,0.0,0.0,1.0,0.6589473684210526,162,318.0,0.0,False,0.0,0.0,0.0,,,86,person,0.05,0.1,heuristic,segformer_b2_cityscapes,acdc_rain_targetcal25,8,
,-1,True,,0.6278689760171242,0.0019500182243064046,,475,,,False,,,,,,86,person,0.05,0.1,argmax,segformer_b2_cityscapes,acdc_rain_targetcal25,8,0.5660377358490566
1.0,1000,False,0.0,0.0,1.0,0.6589473684210526,162,318.0,0.0,False,0.0,0.0,0.0,,,86,person,0.1,0.1,region_crc,segformer_b2_cityscapes,acdc_rain_targetcal25,8,
0.998,998,True,0.06532921810699588,0.06532921810699588,0.03221863880753517,0.6589473684210526,162,318.0,0.10526315789473684,False,0.061452513966480445,0.034482758620689655,0.0,,,86,person,0.1,0.1,heuristic,segformer_b2_cityscapes,acdc_rain_targetcal25,8,
,-1,True,,0.6278689760171242,0.0019500182243064046,,475,,,False,,,,,,86,person,0.1,0.1,argmax,segformer_b2_cityscapes,acdc_rain_targetcal25,8,0.5660377358490566
0.998,998,True,0.06532921810699588,0.06532921810699588,0.03221863880753517,0.6589473684210526,162,318.0,0.10526315789473684,False,0.061452513966480445,0.034482758620689655,0.0,,,86,person,0.2,0.1,region_crc,segformer_b2_cityscapes,acdc_rain_targetcal25,8,
0.996,996,True,0.09537037037037037,0.09537037037037037,0.02437521331012249,0.6589473684210526,162,318.0,0.06947368421052635,False,0.1005586592178771,0.0603448275862069,0.0,,,86,person,0.2,0.1,heuristic,segformer_b2_cityscapes,acdc_rain_targetcal25,8,
,-1,True,,0.6278689760171242,0.0019500182243064046,,475,,,False,,,,,,86,person,0.2,0.1,argmax,segformer_b2_cityscapes,acdc_rain_targetcal25,8,0.5660377358490566
1.0,1000,False,0.0,0.0,1.0,0.6589473684210526,162,318.0,0.0,False,0.0,0.0,0.0,,,86,person,0.05,0.5,region_crc,segformer_b2_cityscapes,acdc_rain_targetcal25,8,
1.0,1000,True,0.0,0.0,1.0,0.6589473684210526,162,318.0,0.0,False,0.0,0.0,0.0,,,86,person,0.05,0.5,heuristic,segformer_b2_cityscapes,acdc_rain_targetcal25,8,
,-1,True,,0.7397688388429129,0.0019500182243064046,,475,,,False,,,,,,86,person,0.05,0.5,argmax,segformer_b2_cityscapes,acdc_rain_targetcal25,8,0.6823899371069182
1.0,1000,False,0.0,0.0,1.0,0.6589473684210526,162,318.0,0.0,False,0.0,0.0,0.0,,,86,person,0.1,0.5,region_crc,segformer_b2_cityscapes,acdc_rain_targetcal25,8,
0.999,999,True,0.07304526748971193,0.07304526748971192,0.04186059162020683,0.6589473684210526,162,318.0,0.10526315789473684,False,0.055865921787709494,0.06896551724137931,0.0,,,86,person,0.1,0.5,heuristic,segformer_b2_cityscapes,acdc_rain_targetcal25,8,
,-1,True,,0.7397688388429129,0.0019500182243064046,,475,,,False,,,,,,86,person,0.1,0.5,argmax,segformer_b2_cityscapes,acdc_rain_targetcal25,8,0.6823899371069182
0.999,999,True,0.07304526748971193,0.07304526748971192,0.04186059162020683,0.6589473684210526,162,318.0,0.10526315789473684,False,0.055865921787709494,0.06896551724137931,0.0,,,86,person,0.2,0.5,region_crc,segformer_b2_cityscapes,acdc_rain_targetcal25,8,
0.999,999,True,0.07304526748971193,0.07304526748971192,0.04186059162020683,0.6589473684210526,162,318.0,0.10526315789473684,False,0.055865921787709494,0.06896551724137931,0.0,,,86,person,0.2,0.5,heuristic,segformer_b2_cityscapes,acdc_rain_targetcal25,8,
,-1,True,,0.7397688388429129,0.0019500182243064046,,475,,,False,,,,,,86,person,0.2,0.5,argmax,segformer_b2_cityscapes,acdc_rain_targetcal25,8,0.6823899371069182
,-1,False,,,,,475,,,False,,,,,,86,rider,0.05,0.1,region_crc,segformer_b2_cityscapes,acdc_rain_targetcal25,0,
,-1,False,,,,,475,,,False,,,,,,86,rider,0.05,0.1,heuristic,segformer_b2_cityscapes,acdc_rain_targetcal25,0,
,-1,True,,0.8035714285714286,0.00024391143233515322,,475,,,False,,,,,,86,rider,0.05,0.1,argmax,segformer_b2_cityscapes,acdc_rain_targetcal25,0,0.8157894736842105
,-1,False,,,,,475,,,False,,,,,,86,rider,0.1,0.1,region_crc,segformer_b2_cityscapes,acdc_rain_targetcal25,0,
,-1,False,,,,,475,,,False,,,,,,86,rider,0.1,0.1,heuristic,segformer_b2_cityscapes,acdc_rain_targetcal25,0,
,-1,True,,0.8035714285714286,0.00024391143233515322,,475,,,False,,,,,,86,rider,0.1,0.1,argmax,segformer_b2_cityscapes,acdc_rain_targetcal25,0,0.8157894736842105
,-1,False,,,,,475,,,False,,,,,,86,rider,0.2,0.1,region_crc,segformer_b2_cityscapes,acdc_rain_targetcal25,0,
,-1,False,,,,,475,,,False,,,,,,86,rider,0.2,0.1,heuristic,segformer_b2_cityscapes,acdc_rain_targetcal25,0,
,-1,True,,0.8035714285714286,0.00024391143233515322,,475,,,False,,,,,,86,rider,0.2,0.1,argmax,segformer_b2_cityscapes,acdc_rain_targetcal25,0,0.8157894736842105
,-1,False,,,,,475,,,False,,,,,,86,rider,0.05,0.5,region_crc,segformer_b2_cityscapes,acdc_rain_targetcal25,0,
,-1,False,,,,,475,,,False,,,,,,86,rider,0.05,0.5,heuristic,segformer_b2_cityscapes,acdc_rain_targetcal25,0,
,-1,True,,0.8571428571428571,0.00024391143233515322,,475,,,False,,,,,,86,rider,0.05,0.5,argmax,segformer_b2_cityscapes,acdc_rain_targetcal25,0,0.868421052631579
,-1,False,,,,,475,,,False,,,,,,86,rider,0.1,0.5,region_crc,segformer_b2_cityscapes,acdc_rain_targetcal25,0,
,-1,False,,,,,475,,,False,,,,,,86,rider,0.1,0.5,heuristic,segformer_b2_cityscapes,acdc_rain_targetcal25,0,
,-1,True,,0.8571428571428571,0.00024391143233515322,,475,,,False,,,,,,86,rider,0.1,0.5,argmax,segformer_b2_cityscapes,acdc_rain_targetcal25,0,0.868421052631579
,-1,False,,,,,475,,,False,,,,,,86,rider,0.2,0.5,region_crc,segformer_b2_cityscapes,acdc_rain_targetcal25,0,
,-1,False,,,,,475,,,False,,,,,,86,rider,0.2,0.5,heuristic,segformer_b2_cityscapes,acdc_rain_targetcal25,0,
,-1,True,,0.8571428571428571,0.00024391143233515322,,475,,,False,,,,,,86,rider,0.2,0.5,argmax,segformer_b2_cityscapes,acdc_rain_targetcal25,0,0.868421052631579
1.0,1000,False,0.0,0.0,1.0,0.8315789473684211,80,154.0,0.0,False,0.0,0.0,0.0,,,86,bicycle,0.05,0.1,region_crc,segformer_b2_cityscapes,acdc_rain_targetcal25,3,
0.995,995,True,0.32699404761904766,0.32699404761904766,0.009025763720273972,0.8315789473684211,80,154.0,0.14947368421052631,False,0.5060240963855421,0.10526315789473684,0.0,,,86,bicycle,0.05,0.1,heuristic,segformer_b2_cityscapes,acdc_rain_targetcal25,3,
,-1,True,,0.720029761904762,0.001194188604131341,,475,,,False,,,,,,86,bicycle,0.05,0.1,argmax,segformer_b2_cityscapes,acdc_rain_targetcal25,3,0.7012987012987013
1.0,1000,False,0.0,0.0,1.0,0.8315789473684211,80,154.0,0.0,False,0.0,0.0,0.0,,,86,bicycle,0.1,0.1,region_crc,segformer_b2_cityscapes,acdc_rain_targetcal25,3,
0.995,995,True,0.32699404761904766,0.32699404761904766,0.009025763720273972,0.8315789473684211,80,154.0,0.14947368421052631,False,0.5060240963855421,0.10526315789473684,0.0,,,86,bicycle,0.1,0.1,heuristic,segformer_b2_cityscapes,acdc_rain_targetcal25,3,
,-1,True,,0.720029761904762,0.001194188604131341,,475,,,False,,,,,,86,bicycle,0.1,0.1,argmax,segformer_b2_cityscapes,acdc_rain_targetcal25,3,0.7012987012987013
1.0,1000,False,0.0,0.0,1.0,0.8315789473684211,80,154.0,0.0,False,0.0,0.0,0.0,,,86,bicycle,0.2,0.1,region_crc,segformer_b2_cityscapes,acdc_rain_targetcal25,3,
0.995,995,True,0.32699404761904766,0.32699404761904766,0.009025763720273972,0.8315789473684211,80,154.0,0.14947368421052631,False,0.5060240963855421,0.10526315789473684,0.0,,,86,bicycle,0.2,0.1,heuristic,segformer_b2_cityscapes,acdc_rain_targetcal25,3,
,-1,True,,0.720029761904762,0.001194188604131341,,475,,,False,,,,,,86,bicycle,0.2,0.1,argmax,segformer_b2_cityscapes,acdc_rain_targetcal25,3,0.7012987012987013
1.0,1000,False,0.0,0.0,1.0,0.8315789473684211,80,154.0,0.0,False,0.0,0.0,0.0,,,86,bicycle,0.05,0.5,region_crc,segformer_b2_cityscapes,acdc_rain_targetcal25,3,
0.997,997,True,0.34898809523809526,0.3489880952380952,0.01146164070814848,0.8315789473684211,80,154.0,0.16000000000000003,False,0.5060240963855421,0.17543859649122806,0.0,,,86,bicycle,0.05,0.5,heuristic,segformer_b2_cityscapes,acdc_rain_targetcal25,3,
,-1,True,,0.7655654761904762,0.001194188604131341,,475,,,False,,,,,,86,bicycle,0.05,0.5,argmax,segformer_b2_cityscapes,acdc_rain_targetcal25,3,0.7467532467532467
1.0,1000,False,0.0,0.0,1.0,0.8315789473684211,80,154.0,0.0,False,0.0,0.0,0.0,,,86,bicycle,0.1,0.5,region_crc,segformer_b2_cityscapes,acdc_rain_targetcal25,3,
0.997,997,True,0.34898809523809526,0.3489880952380952,0.01146164070814848,0.8315789473684211,80,154.0,0.16000000000000003,False,0.5060240963855421,0.17543859649122806,0.0,,,86,bicycle,0.1,0.5,heuristic,segformer_b2_cityscapes,acdc_rain_targetcal25,3,
,-1,True,,0.7655654761904762,0.001194188604131341,,475,,,False,,,,,,86,bicycle,0.1,0.5,argmax,segformer_b2_cityscapes,acdc_rain_targetcal25,3,0.7467532467532467
1.0,1000,False,0.0,0.0,1.0,0.8315789473684211,80,154.0,0.0,False,0.0,0.0,0.0,,,86,bicycle,0.2,0.5,region_crc,segformer_b2_cityscapes,acdc_rain_targetcal25,3,
0.997,997,True,0.34898809523809526,0.3489880952380952,0.01146164070814848,0.8315789473684211,80,154.0,0.16000000000000003,False,0.5060240963855421,0.17543859649122806,0.0,,,86,bicycle,0.2,0.5,heuristic,segformer_b2_cityscapes,acdc_rain_targetcal25,3,
,-1,True,,0.7655654761904762,0.001194188604131341,,475,,,False,,,,,,86,bicycle,0.2,0.5,argmax,segformer_b2_cityscapes,acdc_rain_targetcal25,3,0.7467532467532467
1.0,1000,False,0.0,0.0,1.0,0.6568421052631579,163,323.0,0.0,False,0.0,0.0,0.0,,,87,person,0.05,0.1,region_crc,segformer_b2_cityscapes,acdc_rain_targetcal25,7,
0.997,997,True,0.09100204498977504,0.09100204498977504,0.027767231687903404,0.6568421052631579,163,323.0,0.2589473684210527,False,0.08602150537634409,0.07017543859649122,0.0,,,87,person,0.05,0.1,heuristic,segformer_b2_cityscapes,acdc_rain_targetcal25,7,
,-1,True,,0.646511906634606,0.0019216010114178061,,475,,,False,,,,,,87,person,0.05,0.1,argmax,segformer_b2_cityscapes,acdc_rain_targetcal25,7,0.5851393188854489
1.0,1000,False,0.0,0.0,1.0,0.6568421052631579,163,323.0,0.0,False,0.0,0.0,0.0,,,87,person,0.1,0.1,region_crc,segformer_b2_cityscapes,acdc_rain_targetcal25,7,
0.997,997,True,0.09100204498977504,0.09100204498977504,0.027767231687903404,0.6568421052631579,163,323.0,0.2589473684210527,False,0.08602150537634409,0.07017543859649122,0.0,,,87,person,0.1,0.1,heuristic,segformer_b2_cityscapes,acdc_rain_targetcal25,7,
,-1,True,,0.646511906634606,0.0019216010114178061,,475,,,False,,,,,,87,person,0.1,0.1,argmax,segformer_b2_cityscapes,acdc_rain_targetcal25,7,0.5851393188854489
0.997,997,True,0.09100204498977504,0.09100204498977504,0.027767231687903404,0.6568421052631579,163,323.0,0.2589473684210527,False,0.08602150537634409,0.07017543859649122,0.0,,,87,person,0.2,0.1,region_crc,segformer_b2_cityscapes,acdc_rain_targetcal25,7,
0.988,988,True,0.17133605998636672,0.17133605998636672,0.015280811116099358,0.6568421052631579,163,323.0,0.23368421052631583,False,0.22043010752688172,0.07894736842105263,0.0,,,87,person,0.2,0.1,heuristic,segformer_b2_cityscapes,acdc_rain_targetcal25,7,
,-1,True,,0.646511906634606,0.0019216010114178061,,475,,,False,,,,,,87,person,0.2,0.1,argmax,segformer_b2_cityscapes,acdc_rain_targetcal25,7,0.5851393188854489
1.0,1000,False,0.0,0.0,1.0,0.6568421052631579,163,323.0,0.0,False,0.0,0.0,0.0,,,87,person,0.05,0.5,region_crc,segformer_b2_cityscapes,acdc_rain_targetcal25,7,
0.998,998,True,0.11492842535787322,0.11492842535787322,0.032598212361335754,0.6568421052631579,163,323.0,0.27368421052631575,False,0.11827956989247312,0.08771929824561403,0.0,,,87,person,0.05,0.5,heuristic,segformer_b2_cityscapes,acdc_rain_targetcal25,7,
,-1,True,,0.7597702570095207,0.0019216010114178061,,475,,,False,,,,,,87,person,0.05,0.5,argmax,segformer_b2_cityscapes,acdc_rain_targetcal25,7,0.7027863777089783
1.0,1000,False,0.0,0.0,1.0,0.6568421052631579,163,323.0,0.0,False,0.0,0.0,0.0,,,87,person,0.1,0.5,region_crc,segformer_b2_cityscapes,acdc_rain_targetcal25,7,
0.998,998,True,0.11492842535787322,0.11492842535787322,0.032598212361335754,0.6568421052631579,163,323.0,0.27368421052631575,False,0.11827956989247312,0.08771929824561403,0.0,,,87,person,0.1,0.5,heuristic,segformer_b2_cityscapes,acdc_rain_targetcal25,7,
,-1,True,,0.7597702570095207,0.0019216010114178061,,475,,,False,,,,,,87,person,0.1,0.5,argmax,segformer_b2_cityscapes,acdc_rain_targetcal25,7,0.7027863777089783
0.998,998,True,0.11492842535787322,0.11492842535787322,0.032598212361335754,0.6568421052631579,163,323.0,0.27368421052631575,False,0.11827956989247312,0.08771929824561403,0.0,,,87,person,0.2,0.5,region_crc,segformer_b2_cityscapes,acdc_rain_targetcal25,7,
0.995,995,True,0.19352419904567145,0.19352419904567145,0.022482432425022125,0.6568421052631579,163,323.0,0.25473684210526326,False,0.23118279569892472,0.11403508771929824,0.0,,,87,person,0.2,0.5,heuristic,segformer_b2_cityscapes,acdc_rain_targetcal25,7,
,-1,True,,0.7597702570095207,0.0019216010114178061,,475,,,False,,,,,,87,person,0.2,0.5,argmax,segformer_b2_cityscapes,acdc_rain_targetcal25,7,0.7027863777089783
1.0,1000,False,0.0,0.0,1.0,0.9431578947368421,27,36.0,0.0,False,0.0,0.0,0.0,,,87,rider,0.05,0.1,region_crc,segformer_b2_cityscapes,acdc_rain_targetcal25,1,
1.0,1000,True,0.0,0.0,1.0,0.9431578947368421,27,36.0,0.0,False,0.0,0.0,0.0,,,87,rider,0.05,0.1,heuristic,segformer_b2_cityscapes,acdc_rain_targetcal25,1,
,-1,True,,0.7962962962962963,0.00026262892060913146,,475,,,False,,,,,,87,rider,0.05,0.1,argmax,segformer_b2_cityscapes,acdc_rain_targetcal25,1,0.8055555555555556
1.0,1000,False,0.0,0.0,1.0,0.9431578947368421,27,36.0,0.0,False,0.0,0.0,0.0,,,87,rider,0.1,0.1,region_crc,segformer_b2_cityscapes,acdc_rain_targetcal25,1,
1.0,1000,True,0.0,0.0,1.0,0.9431578947368421,27,36.0,0.0,False,0.0,0.0,0.0,,,87,rider,0.1,0.1,heuristic,segformer_b2_cityscapes,acdc_rain_targetcal25,1,
,-1,True,,0.7962962962962963,0.00026262892060913146,,475,,,False,,,,,,87,rider,0.1,0.1,argmax,segformer_b2_cityscapes,acdc_rain_targetcal25,1,0.8055555555555556
1.0,1000,False,0.0,0.0,1.0,0.9431578947368421,27,36.0,0.0,False,0.0,0.0,0.0,,,87,rider,0.2,0.1,region_crc,segformer_b2_cityscapes,acdc_rain_targetcal25,1,
1.0,1000,True,0.0,0.0,1.0,0.9431578947368421,27,36.0,0.0,False,0.0,0.0,0.0,,,87,rider,0.2,0.1,heuristic,segformer_b2_cityscapes,acdc_rain_targetcal25,1,
,-1,True,,0.7962962962962963,0.00026262892060913146,,475,,,False,,,,,,87,rider,0.2,0.1,argmax,segformer_b2_cityscapes,acdc_rain_targetcal25,1,0.8055555555555556
1.0,1000,False,0.0,0.0,1.0,0.9431578947368421,27,36.0,0.0,False,0.0,0.0,0.0,,,87,rider,0.05,0.5,region_crc,segformer_b2_cityscapes,acdc_rain_targetcal25,1,
1.0,1000,True,0.0,0.0,1.0,0.9431578947368421,27,36.0,0.0,False,0.0,0.0,0.0,,,87,rider,0.05,0.5,heuristic,segformer_b2_cityscapes,acdc_rain_targetcal25,1,
,-1,True,,0.8518518518518519,0.00026262892060913146,,475,,,False,,,,,,87,rider,0.05,0.5,argmax,segformer_b2_cityscapes,acdc_rain_targetcal25,1,0.8611111111111112
1.0,1000,False,0.0,0.0,1.0,0.9431578947368421,27,36.0,0.0,False,0.0,0.0,0.0,,,87,rider,0.1,0.5,region_crc,segformer_b2_cityscapes,acdc_rain_targetcal25,1,
1.0,1000,True,0.0,0.0,1.0,0.9431578947368421,27,36.0,0.0,False,0.0,0.0,0.0,,,87,rider,0.1,0.5,heuristic,segformer_b2_cityscapes,acdc_rain_targetcal25,1,
,-1,True,,0.8518518518518519,0.00026262892060913146,,475,,,False,,,,,,87,rider,0.1,0.5,argmax,segformer_b2_cityscapes,acdc_rain_targetcal25,1,0.8611111111111112
1.0,1000,False,0.0,0.0,1.0,0.9431578947368421,27,36.0,0.0,False,0.0,0.0,0.0,,,87,rider,0.2,0.5,region_crc,segformer_b2_cityscapes,acdc_rain_targetcal25,1,
1.0,1000,True,0.0,0.0,1.0,0.9431578947368421,27,36.0,0.0,False,0.0,0.0,0.0,,,87,rider,0.2,0.5,heuristic,segformer_b2_cityscapes,acdc_rain_targetcal25,1,
,-1,True,,0.8518518518518519,0.00026262892060913146,,475,,,False,,,,,,87,rider,0.2,0.5,argmax,segformer_b2_cityscapes,acdc_rain_targetcal25,1,0.8611111111111112
1.0,1000,False,0.0,0.0,1.0,0.8315789473684211,80,154.0,0.0,False,0.0,0.0,0.0,,,87,bicycle,0.05,0.1,region_crc,segformer_b2_cityscapes,acdc_rain_targetcal25,3,
1.0,1000,True,0.0,0.0,1.0,0.8315789473684211,80,154.0,0.0,False,0.0,0.0,0.0,,,87,bicycle,0.05,0.1,heuristic,segformer_b2_cityscapes,acdc_rain_targetcal25,3,
,-1,True,,0.7325297619047619,0.0011828865390270948,,475,,,False,,,,,,87,bicycle,0.05,0.1,argmax,segformer_b2_cityscapes,acdc_rain_targetcal25,3,0.7077922077922078
1.0,1000,False,0.0,0.0,1.0,0.8315789473684211,80,154.0,0.0,False,0.0,0.0,0.0,,,87,bicycle,0.1,0.1,region_crc,segformer_b2_cityscapes,acdc_rain_targetcal25,3,
1.0,1000,True,0.0,0.0,1.0,0.8315789473684211,80,154.0,0.0,False,0.0,0.0,0.0,,,87,bicycle,0.1,0.1,heuristic,segformer_b2_cityscapes,acdc_rain_targetcal25,3,
,-1,True,,0.7325297619047619,0.0011828865390270948,,475,,,False,,,,,,87,bicycle,0.1,0.1,argmax,segformer_b2_cityscapes,acdc_rain_targetcal25,3,0.7077922077922078
1.0,1000,False,0.0,0.0,1.0,0.8315789473684211,80,154.0,0.0,False,0.0,0.0,0.0,,,87,bicycle,0.2,0.1,region_crc,segformer_b2_cityscapes,acdc_rain_targetcal25,3,
1.0,1000,True,0.0,0.0,1.0,0.8315789473684211,80,154.0,0.0,False,0.0,0.0,0.0,,,87,bicycle,0.2,0.1,heuristic,segformer_b2_cityscapes,acdc_rain_targetcal25,3,
,-1,True,,0.7325297619047619,0.0011828865390270948,,475,,,False,,,,,,87,bicycle,0.2,0.1,argmax,segformer_b2_cityscapes,acdc_rain_targetcal25,3,0.7077922077922078
1.0,1000,False,0.0,0.0,1.0,0.8315789473684211,80,154.0,0.0,False,0.0,0.0,0.0,,,87,bicycle,0.05,0.5,region_crc,segformer_b2_cityscapes,acdc_rain_targetcal25,3,
1.0,1000,True,0.0,0.0,1.0,0.8315789473684211,80,154.0,0.0,False,0.0,0.0,0.0,,,87,bicycle,0.05,0.5,heuristic,segformer_b2_cityscapes,acdc_rain_targetcal25,3,
,-1,True,,0.7780654761904762,0.0011828865390270948,,475,,,False,,,,,,87,bicycle,0.05,0.5,argmax,segformer_b2_cityscapes,acdc_rain_targetcal25,3,0.7532467532467533
1.0,1000,False,0.0,0.0,1.0,0.8315789473684211,80,154.0,0.0,False,0.0,0.0,0.0,,,87,bicycle,0.1,0.5,region_crc,segformer_b2_cityscapes,acdc_rain_targetcal25,3,
1.0,1000,True,0.0,0.0,1.0,0.8315789473684211,80,154.0,0.0,False,0.0,0.0,0.0,,,87,bicycle,0.1,0.5,heuristic,segformer_b2_cityscapes,acdc_rain_targetcal25,3,
,-1,True,,0.7780654761904762,0.0011828865390270948,,475,,,False,,,,,,87,bicycle,0.1,0.5,argmax,segformer_b2_cityscapes,acdc_rain_targetcal25,3,0.7532467532467533
1.0,1000,False,0.0,0.0,1.0,0.8315789473684211,80,154.0,0.0,False,0.0,0.0,0.0,,,87,bicycle,0.2,0.5,region_crc,segformer_b2_cityscapes,acdc_rain_targetcal25,3,
1.0,1000,True,0.0,0.0,1.0,0.8315789473684211,80,154.0,0.0,False,0.0,0.0,0.0,,,87,bicycle,0.2,0.5,heuristic,segformer_b2_cityscapes,acdc_rain_targetcal25,3,
,-1,True,,0.7780654761904762,0.0011828865390270948,,475,,,False,,,,,,87,bicycle,0.2,0.5,argmax,segformer_b2_cityscapes,acdc_rain_targetcal25,3,0.7532467532467533
1.0,1000,False,0.0,0.0,1.0,0.6610526315789473,161,317.0,0.0,False,0.0,0.0,0.0,,,88,person,0.05,0.1,region_crc,segformer_b2_cityscapes,acdc_rain_targetcal25,9,
1.0,1000,True,0.0,0.0,1.0,0.6610526315789473,161,317.0,0.0,False,0.0,0.0,0.0,,,88,person,0.05,0.1,heuristic,segformer_b2_cityscapes,acdc_rain_targetcal25,9,
,-1,True,,0.6410855535079137,0.001823299448005855,,475,,,False,,,,,,88,person,0.05,0.1,argmax,segformer_b2_cityscapes,acdc_rain_targetcal25,9,0.583596214511041
1.0,1000,True,0.0,0.0,1.0,0.6610526315789473,161,317.0,0.0,False,0.0,0.0,0.0,,,88,person,0.1,0.1,region_crc,segformer_b2_cityscapes,acdc_rain_targetcal25,9,
1.0,1000,True,0.0,0.0,1.0,0.6610526315789473,161,317.0,0.0,False,0.0,0.0,0.0,,,88,person,0.1,0.1,heuristic,segformer_b2_cityscapes,acdc_rain_targetcal25,9,
,-1,True,,0.6410855535079137,0.001823299448005855,,475,,,False,,,,,,88,person,0.1,0.1,argmax,segformer_b2_cityscapes,acdc_rain_targetcal25,9,0.583596214511041
1.0,1000,True,0.0,0.0,1.0,0.6610526315789473,161,317.0,0.0,False,0.0,0.0,0.0,,,88,person,0.2,0.1,region_crc,segformer_b2_cityscapes,acdc_rain_targetcal25,9,
0.996,996,True,0.09492753623188406,0.09492753623188406,0.024300530552864075,0.6610526315789473,161,317.0,0.21263157894736845,False,0.10555555555555556,0.0603448275862069,0.0,,,88,person,0.2,0.1,heuristic,segformer_b2_cityscapes,acdc_rain_targetcal25,9,
,-1,True,,0.6410855535079137,0.001823299448005855,,475,,,False,,,,,,88,person,0.2,0.1,argmax,segformer_b2_cityscapes,acdc_rain_targetcal25,9,0.583596214511041
1.0,1000,False,0.0,0.0,1.0,0.6610526315789473,161,317.0,0.0,False,0.0,0.0,0.0,,,88,person,0.05,0.5,region_crc,segformer_b2_cityscapes,acdc_rain_targetcal25,9,
1.0,1000,True,0.0,0.0,1.0,0.6610526315789473,161,317.0,0.0,False,0.0,0.0,0.0,,,88,person,0.05,0.5,heuristic,segformer_b2_cityscapes,acdc_rain_targetcal25,9,
,-1,True,,0.7451918337011505,0.001823299448005855,,475,,,False,,,,,,88,person,0.05,0.5,argmax,segformer_b2_cityscapes,acdc_rain_targetcal25,9,0.694006309148265
1.0,1000,True,0.0,0.0,1.0,0.6610526315789473,161,317.0,0.0,False,0.0,0.0,0.0,,,88,person,0.1,0.5,region_crc,segformer_b2_cityscapes,acdc_rain_targetcal25,9,
1.0,1000,True,0.0,0.0,1.0,0.6610526315789473,161,317.0,0.0,False,0.0,0.0,0.0,,,88,person,0.1,0.5,heuristic,segformer_b2_cityscapes,acdc_rain_targetcal25,9,
,-1,True,,0.7451918337011505,0.001823299448005855,,475,,,False,,,,,,88,person,0.1,0.5,argmax,segformer_b2_cityscapes,acdc_rain_targetcal25,9,0.694006309148265
1.0,1000,True,0.0,0.0,1.0,0.6610526315789473,161,317.0,0.0,False,0.0,0.0,0.0,,,88,person,0.2,0.5,region_crc,segformer_b2_cityscapes,acdc_rain_targetcal25,9,
0.998,998,True,0.10703933747412009,0.10703933747412009,0.03214237466454506,0.6610526315789473,161,317.0,0.22526315789473678,False,0.11666666666666667,0.07758620689655173,0.0,,,88,person,0.2,0.5,heuristic,segformer_b2_cityscapes,acdc_rain_targetcal25,9,
,-1,True,,0.7451918337011505,0.001823299448005855,,475,,,False,,,,,,88,person,0.2,0.5,argmax,segformer_b2_cityscapes,acdc_rain_targetcal25,9,0.694006309148265
1.0,1000,False,0.0,0.0,1.0,0.9431578947368421,27,37.0,0.0,False,0.0,0.0,0.0,,,88,rider,0.05,0.1,region_crc,segformer_b2_cityscapes,acdc_rain_targetcal25,1,
1.0,1000,True,0.0,0.0,1.0,0.9431578947368421,27,37.0,0.0,False,0.0,0.0,0.0,,,88,rider,0.05,0.1,heuristic,segformer_b2_cityscapes,acdc_rain_targetcal25,1,
,-1,True,,0.7962962962962963,0.0002790265716612339,,475,,,False,,,,,,88,rider,0.05,0.1,argmax,segformer_b2_cityscapes,acdc_rain_targetcal25,1,0.8108108108108109
1.0,1000,False,0.0,0.0,1.0,0.9431578947368421,27,37.0,0.0,False,0.0,0.0,0.0,,,88,rider,0.1,0.1,region_crc,segformer_b2_cityscapes,acdc_rain_targetcal25,1,
1.0,1000,True,0.0,0.0,1.0,0.9431578947368421,27,37.0,0.0,False,0.0,0.0,0.0,,,88,rider,0.1,0.1,heuristic,segformer_b2_cityscapes,acdc_rain_targetcal25,1,
,-1,True,,0.7962962962962963,0.0002790265716612339,,475,,,False,,,,,,88,rider,0.1,0.1,argmax,segformer_b2_cityscapes,acdc_rain_targetcal25,1,0.8108108108108109
1.0,1000,False,0.0,0.0,1.0,0.9431578947368421,27,37.0,0.0,False,0.0,0.0,0.0,,,88,rider,0.2,0.1,region_crc,segformer_b2_cityscapes,acdc_rain_targetcal25,1,
1.0,1000,True,0.0,0.0,1.0,0.9431578947368421,27,37.0,0.0,False,0.0,0.0,0.0,,,88,rider,0.2,0.1,heuristic,segformer_b2_cityscapes,acdc_rain_targetcal25,1,
,-1,True,,0.7962962962962963,0.0002790265716612339,,475,,,False,,,,,,88,rider,0.2,0.1,argmax,segformer_b2_cityscapes,acdc_rain_targetcal25,1,0.8108108108108109
1.0,1000,False,0.0,0.0,1.0,0.9431578947368421,27,37.0,0.0,False,0.0,0.0,0.0,,,88,rider,0.05,0.5,region_crc,segformer_b2_cityscapes,acdc_rain_targetcal25,1,
1.0,1000,True,0.0,0.0,1.0,0.9431578947368421,27,37.0,0.0,False,0.0,0.0,0.0,,,88,rider,0.05,0.5,heuristic,segformer_b2_cityscapes,acdc_rain_targetcal25,1,
,-1,True,,0.8518518518518519,0.0002790265716612339,,475,,,False,,,,,,88,rider,0.05,0.5,argmax,segformer_b2_cityscapes,acdc_rain_targetcal25,1,0.8648648648648649
1.0,1000,False,0.0,0.0,1.0,0.9431578947368421,27,37.0,0.0,False,0.0,0.0,0.0,,,88,rider,0.1,0.5,region_crc,segformer_b2_cityscapes,acdc_rain_targetcal25,1,
1.0,1000,True,0.0,0.0,1.0,0.9431578947368421,27,37.0,0.0,False,0.0,0.0,0.0,,,88,rider,0.1,0.5,heuristic,segformer_b2_cityscapes,acdc_rain_targetcal25,1,
,-1,True,,0.8518518518518519,0.0002790265716612339,,475,,,False,,,,,,88,rider,0.1,0.5,argmax,segformer_b2_cityscapes,acdc_rain_targetcal25,1,0.8648648648648649
1.0,1000,False,0.0,0.0,1.0,0.9431578947368421,27,37.0,0.0,False,0.0,0.0,0.0,,,88,rider,0.2,0.5,region_crc,segformer_b2_cityscapes,acdc_rain_targetcal25,1,
1.0,1000,True,0.0,0.0,1.0,0.9431578947368421,27,37.0,0.0,False,0.0,0.0,0.0,,,88,rider,0.2,0.5,heuristic,segformer_b2_cityscapes,acdc_rain_targetcal25,1,
,-1,True,,0.8518518518518519,0.0002790265716612339,,475,,,False,,,,,,88,rider,0.2,0.5,argmax,segformer_b2_cityscapes,acdc_rain_targetcal25,1,0.8648648648648649
1.0,1000,False,0.0,0.0,1.0,0.8294736842105264,81,157.0,0.0,False,0.0,0.0,0.0,,,88,bicycle,0.05,0.1,region_crc,segformer_b2_cityscapes,acdc_rain_targetcal25,2,
1.0,1000,True,0.0,0.0,1.0,0.8294736842105264,81,157.0,0.0,False,0.0,0.0,0.0,,,88,bicycle,0.05,0.1,heuristic,segformer_b2_cityscapes,acdc_rain_targetcal25,2,
,-1,True,,0.7234861845972957,0.0011540773557499051,,475,,,False,,,,,,88,bicycle,0.05,0.1,argmax,segformer_b2_cityscapes,acdc_rain_targetcal25,2,0.7070063694267515
1.0,1000,False,0.0,0.0,1.0,0.8294736842105264,81,157.0,0.0,False,0.0,0.0,0.0,,,88,bicycle,0.1,0.1,region_crc,segformer_b2_cityscapes,acdc_rain_targetcal25,2,
1.0,1000,True,0.0,0.0,1.0,0.8294736842105264,81,157.0,0.0,False,0.0,0.0,0.0,,,88,bicycle,0.1,0.1,heuristic,segformer_b2_cityscapes,acdc_rain_targetcal25,2,
,-1,True,,0.7234861845972957,0.0011540773557499051,,475,,,False,,,,,,88,bicycle,0.1,0.1,argmax,segformer_b2_cityscapes,acdc_rain_targetcal25,2,0.7070063694267515
1.0,1000,False,0.0,0.0,1.0,0.8294736842105264,81,157.0,0.0,False,0.0,0.0,0.0,,,88,bicycle,0.2,0.1,region_crc,segformer_b2_cityscapes,acdc_rain_targetcal25,2,
1.0,1000,True,0.0,0.0,1.0,0.8294736842105264,81,157.0,0.0,False,0.0,0.0,0.0,,,88,bicycle,0.2,0.1,heuristic,segformer_b2_cityscapes,acdc_rain_targetcal25,2,
,-1,True,,0.7234861845972957,0.0011540773557499051,,475,,,False,,,,,,88,bicycle,0.2,0.1,argmax,segformer_b2_cityscapes,acdc_rain_targetcal25,2,0.7070063694267515
1.0,1000,False,0.0,0.0,1.0,0.8294736842105264,81,157.0,0.0,False,0.0,0.0,0.0,,,88,bicycle,0.05,0.5,region_crc,segformer_b2_cityscapes,acdc_rain_targetcal25,2,
1.0,1000,True,0.0,0.0,1.0,0.8294736842105264,81,157.0,0.0,False,0.0,0.0,0.0,,,88,bicycle,0.05,0.5,heuristic,segformer_b2_cityscapes,acdc_rain_targetcal25,2,
,-1,True,,0.7684597295708406,0.0011540773557499051,,475,,,False,,,,,,88,bicycle,0.05,0.5,argmax,segformer_b2_cityscapes,acdc_rain_targetcal25,2,0.7515923566878981
1.0,1000,False,0.0,0.0,1.0,0.8294736842105264,81,157.0,0.0,False,0.0,0.0,0.0,,,88,bicycle,0.1,0.5,region_crc,segformer_b2_cityscapes,acdc_rain_targetcal25,2,
1.0,1000,True,0.0,0.0,1.0,0.8294736842105264,81,157.0,0.0,False,0.0,0.0,0.0,,,88,bicycle,0.1,0.5,heuristic,segformer_b2_cityscapes,acdc_rain_targetcal25,2,
,-1,True,,0.7684597295708406,0.0011540773557499051,,475,,,False,,,,,,88,bicycle,0.1,0.5,argmax,segformer_b2_cityscapes,acdc_rain_targetcal25,2,0.7515923566878981
1.0,1000,False,0.0,0.0,1.0,0.8294736842105264,81,157.0,0.0,False,0.0,0.0,0.0,,,88,bicycle,0.2,0.5,region_crc,segformer_b2_cityscapes,acdc_rain_targetcal25,2,
1.0,1000,True,0.0,0.0,1.0,0.8294736842105264,81,157.0,0.0,False,0.0,0.0,0.0,,,88,bicycle,0.2,0.5,heuristic,segformer_b2_cityscapes,acdc_rain_targetcal25,2,
,-1,True,,0.7684597295708406,0.0011540773557499051,,475,,,False,,,,,,88,bicycle,0.2,0.5,argmax,segformer_b2_cityscapes,acdc_rain_targetcal25,2,0.7515923566878981
1.0,1000,False,0.0,0.0,1.0,0.6568421052631579,163,325.0,0.0,False,0.0,0.0,0.0,,,89,person,0.05,0.1,region_crc,segformer_b2_cityscapes,acdc_rain_targetcal25,7,
1.0,1000,True,0.0,0.0,1.0,0.6568421052631579,163,325.0,0.0,False,0.0,0.0,0.0,,,89,person,0.05,0.1,heuristic,segformer_b2_cityscapes,acdc_rain_targetcal25,7,
,-1,True,,0.6526468759597593,0.00190910289529711,,475,,,False,,,,,,89,person,0.05,0.1,argmax,segformer_b2_cityscapes,acdc_rain_targetcal25,7,0.5876923076923077
1.0,1000,False,0.0,0.0,1.0,0.6568421052631579,163,325.0,0.0,False,0.0,0.0,0.0,,,89,person,0.1,0.1,region_crc,segformer_b2_cityscapes,acdc_rain_targetcal25,7,
1.0,1000,True,0.0,0.0,1.0,0.6568421052631579,163,325.0,0.0,False,0.0,0.0,0.0,,,89,person,0.1,0.1,heuristic,segformer_b2_cityscapes,acdc_rain_targetcal25,7,
,-1,True,,0.6526468759597593,0.00190910289529711,,475,,,False,,,,,,89,person,0.1,0.1,argmax,segformer_b2_cityscapes,acdc_rain_targetcal25,7,0.5876923076923077
1.0,1000,True,0.0,0.0,1.0,0.6568421052631579,163,325.0,0.0,False,0.0,0.0,0.0,,,89,person,0.2,0.1,region_crc,segformer_b2_cityscapes,acdc_rain_targetcal25,7,
0.9420000000000001,942,True,0.3627268777575526,0.36272687775755263,0.0068020508624613285,7.218947368421053,163,325.0,0.16842105263157892,False,0.44919786096256686,0.1810344827586207,0.0,,,89,person,0.2,0.1,heuristic,segformer_b2_cityscapes,acdc_rain_targetcal25,7,
,-1,True,,0.6526468759597593,0.00190910289529711,,475,,,False,,,,,,89,person,0.2,0.1,argmax,segformer_b2_cityscapes,acdc_rain_targetcal25,7,0.5876923076923077
1.0,1000,False,0.0,0.0,1.0,0.6568421052631579,163,325.0,0.0,False,0.0,0.0,0.0,,,89,person,0.05,0.5,region_crc,segformer_b2_cityscapes,acdc_rain_targetcal25,7,
1.0,1000,True,0.0,0.0,1.0,0.6568421052631579,163,325.0,0.0,False,0.0,0.0,0.0,,,89,person,0.05,0.5,heuristic,segformer_b2_cityscapes,acdc_rain_targetcal25,7,
,-1,True,,0.7659052263346742,0.00190910289529711,,475,,,False,,,,,,89,person,0.05,0.5,argmax,segformer_b2_cityscapes,acdc_rain_targetcal25,7,0.7046153846153846
1.0,1000,False,0.0,0.0,1.0,0.6568421052631579,163,325.0,0.0,False,0.0,0.0,0.0,,,89,person,0.1,0.5,region_crc,segformer_b2_cityscapes,acdc_rain_targetcal25,7,
1.0,1000,True,0.0,0.0,1.0,0.6568421052631579,163,325.0,0.0,False,0.0,0.0,0.0,,,89,person,0.1,0.5,heuristic,segformer_b2_cityscapes,acdc_rain_targetcal25,7,
,-1,True,,0.7659052263346742,0.00190910289529711,,475,,,False,,,,,,89,person,0.1,0.5,argmax,segformer_b2_cityscapes,acdc_rain_targetcal25,7,0.7046153846153846
1.0,1000,True,0.0,0.0,1.0,0.6568421052631579,163,325.0,0.0,False,0.0,0.0,0.0,,,89,person,0.2,0.5,region_crc,segformer_b2_cityscapes,acdc_rain_targetcal25,7,
0.978,978,True,0.3637493726450782,0.3637493726450782,0.011298281140625477,9.789473684210526,163,325.0,0.17473684210526313,False,0.41711229946524064,0.21551724137931033,0.045454545454545456,,,89,person,0.2,0.5,heuristic,segformer_b2_cityscapes,acdc_rain_targetcal25,7,
,-1,True,,0.7659052263346742,0.00190910289529711,,475,,,False,,,,,,89,person,0.2,0.5,argmax,segformer_b2_cityscapes,acdc_rain_targetcal25,7,0.7046153846153846
1.0,1000,False,0.0,0.0,1.0,0.9452631578947368,26,35.0,0.0,False,0.0,0.0,0.0,,,89,rider,0.05,0.1,region_crc,segformer_b2_cityscapes,acdc_rain_targetcal25,2,
1.0,1000,True,0.0,0.0,1.0,0.9452631578947368,26,35.0,0.0,False,0.0,0.0,0.0,,,89,rider,0.05,0.1,heuristic,segformer_b2_cityscapes,acdc_rain_targetcal25,2,
,-1,True,,0.7884615384615384,0.00028003673651255667,,475,,,False,,,,,,89,rider,0.05,0.1,argmax,segformer_b2_cityscapes,acdc_rain_targetcal25,2,0.8
1.0,1000,False,0.0,0.0,1.0,0.9452631578947368,26,35.0,0.0,False,0.0,0.0,0.0,,,89,rider,0.1,0.1,region_crc,segformer_b2_cityscapes,acdc_rain_targetcal25,2,
1.0,1000,True,0.0,0.0,1.0,0.9452631578947368,26,35.0,0.0,False,0.0,0.0,0.0,,,89,rider,0.1,0.1,heuristic,segformer_b2_cityscapes,acdc_rain_targetcal25,2,
,-1,True,,0.7884615384615384,0.00028003673651255667,,475,,,False,,,,,,89,rider,0.1,0.1,argmax,segformer_b2_cityscapes,acdc_rain_targetcal25,2,0.8
1.0,1000,False,0.0,0.0,1.0,0.9452631578947368,26,35.0,0.0,False,0.0,0.0,0.0,,,89,rider,0.2,0.1,region_crc,segformer_b2_cityscapes,acdc_rain_targetcal25,2,
1.0,1000,True,0.0,0.0,1.0,0.9452631578947368,26,35.0,0.0,False,0.0,0.0,0.0,,,89,rider,0.2,0.1,heuristic,segformer_b2_cityscapes,acdc_rain_targetcal25,2,
,-1,True,,0.7884615384615384,0.00028003673651255667,,475,,,False,,,,,,89,rider,0.2,0.1,argmax,segformer_b2_cityscapes,acdc_rain_targetcal25,2,0.8
1.0,1000,False,0.0,0.0,1.0,0.9452631578947368,26,35.0,0.0,False,0.0,0.0,0.0,,,89,rider,0.05,0.5,region_crc,segformer_b2_cityscapes,acdc_rain_targetcal25,2,
1.0,1000,True,0.0,0.0,1.0,0.9452631578947368,26,35.0,0.0,False,0.0,0.0,0.0,,,89,rider,0.05,0.5,heuristic,segformer_b2_cityscapes,acdc_rain_targetcal25,2,
,-1,True,,0.8461538461538461,0.00028003673651255667,,475,,,False,,,,,,89,rider,0.05,0.5,argmax,segformer_b2_cityscapes,acdc_rain_targetcal25,2,0.8571428571428571
1.0,1000,False,0.0,0.0,1.0,0.9452631578947368,26,35.0,0.0,False,0.0,0.0,0.0,,,89,rider,0.1,0.5,region_crc,segformer_b2_cityscapes,acdc_rain_targetcal25,2,
1.0,1000,True,0.0,0.0,1.0,0.9452631578947368,26,35.0,0.0,False,0.0,0.0,0.0,,,89,rider,0.1,0.5,heuristic,segformer_b2_cityscapes,acdc_rain_targetcal25,2,
,-1,True,,0.8461538461538461,0.00028003673651255667,,475,,,False,,,,,,89,rider,0.1,0.5,argmax,segformer_b2_cityscapes,acdc_rain_targetcal25,2,0.8571428571428571
1.0,1000,False,0.0,0.0,1.0,0.9452631578947368,26,35.0,0.0,False,0.0,0.0,0.0,,,89,rider,0.2,0.5,region_crc,segformer_b2_cityscapes,acdc_rain_targetcal25,2,
1.0,1000,True,0.0,0.0,1.0,0.9452631578947368,26,35.0,0.0,False,0.0,0.0,0.0,,,89,rider,0.2,0.5,heuristic,segformer_b2_cityscapes,acdc_rain_targetcal25,2,
,-1,True,,0.8461538461538461,0.00028003673651255667,,475,,,False,,,,,,89,rider,0.2,0.5,argmax,segformer_b2_cityscapes,acdc_rain_targetcal25,2,0.8571428571428571
1.0,1000,False,0.0,0.0,1.0,0.8315789473684211,80,156.0,0.0,False,0.0,0.0,0.0,,,89,bicycle,0.05,0.1,region_crc,segformer_b2_cityscapes,acdc_rain_targetcal25,3,
1.0,1000,True,0.0,0.0,1.0,0.8315789473684211,80,156.0,0.0,False,0.0,0.0,0.0,,,89,bicycle,0.05,0.1,heuristic,segformer_b2_cityscapes,acdc_rain_targetcal25,3,
,-1,True,,0.720029761904762,0.0011938546085730195,,475,,,False,,,,,,89,bicycle,0.05,0.1,argmax,segformer_b2_cityscapes,acdc_rain_targetcal25,3,0.7051282051282052
1.0,1000,False,0.0,0.0,1.0,0.8315789473684211,80,156.0,0.0,False,0.0,0.0,0.0,,,89,bicycle,0.1,0.1,region_crc,segformer_b2_cityscapes,acdc_rain_targetcal25,3,
1.0,1000,True,0.0,0.0,1.0,0.8315789473684211,80,156.0,0.0,False,0.0,0.0,0.0,,,89,bicycle,0.1,0.1,heuristic,segformer_b2_cityscapes,acdc_rain_targetcal25,3,
,-1,True,,0.720029761904762,0.0011938546085730195,,475,,,False,,,,,,89,bicycle,0.1,0.1,argmax,segformer_b2_cityscapes,acdc_rain_targetcal25,3,0.7051282051282052
1.0,1000,False,0.0,0.0,1.0,0.8315789473684211,80,156.0,0.0,False,0.0,0.0,0.0,,,89,bicycle,0.2,0.1,region_crc,segformer_b2_cityscapes,acdc_rain_targetcal25,3,
1.0,1000,True,0.0,0.0,1.0,0.8315789473684211,80,156.0,0.0,False,0.0,0.0,0.0,,,89,bicycle,0.2,0.1,heuristic,segformer_b2_cityscapes,acdc_rain_targetcal25,3,
,-1,True,,0.720029761904762,0.0011938546085730195,,475,,,False,,,,,,89,bicycle,0.2,0.1,argmax,segformer_b2_cityscapes,acdc_rain_targetcal25,3,0.7051282051282052
1.0,1000,False,0.0,0.0,1.0,0.8315789473684211,80,156.0,0.0,False,0.0,0.0,0.0,,,89,bicycle,0.05,0.5,region_crc,segformer_b2_cityscapes,acdc_rain_targetcal25,3,
1.0,1000,True,0.0,0.0,1.0,0.8315789473684211,80,156.0,0.0,False,0.0,0.0,0.0,,,89,bicycle,0.05,0.5,heuristic,segformer_b2_cityscapes,acdc_rain_targetcal25,3,
,-1,True,,0.7655654761904762,0.0011938546085730195,,475,,,False,,,,,,89,bicycle,0.05,0.5,argmax,segformer_b2_cityscapes,acdc_rain_targetcal25,3,0.75
1.0,1000,False,0.0,0.0,1.0,0.8315789473684211,80,156.0,0.0,False,0.0,0.0,0.0,,,89,bicycle,0.1,0.5,region_crc,segformer_b2_cityscapes,acdc_rain_targetcal25,3,
1.0,1000,True,0.0,0.0,1.0,0.8315789473684211,80,156.0,0.0,False,0.0,0.0,0.0,,,89,bicycle,0.1,0.5,heuristic,segformer_b2_cityscapes,acdc_rain_targetcal25,3,
,-1,True,,0.7655654761904762,0.0011938546085730195,,475,,,False,,,,,,89,bicycle,0.1,0.5,argmax,segformer_b2_cityscapes,acdc_rain_targetcal25,3,0.75
1.0,1000,False,0.0,0.0,1.0,0.8315789473684211,80,156.0,0.0,False,0.0,0.0,0.0,,,89,bicycle,0.2,0.5,region_crc,segformer_b2_cityscapes,acdc_rain_targetcal25,3,
1.0,1000,True,0.0,0.0,1.0,0.8315789473684211,80,156.0,0.0,False,0.0,0.0,0.0,,,89,bicycle,0.2,0.5,heuristic,segformer_b2_cityscapes,acdc_rain_targetcal25,3,
,-1,True,,0.7655654761904762,0.0011938546085730195,,475,,,False,,,,,,89,bicycle,0.2,0.5,argmax,segformer_b2_cityscapes,acdc_rain_targetcal25,3,0.75
1.0,1000,False,0.0,0.0,1.0,0.6652631578947369,159,313.0,0.0,False,0.0,0.0,0.0,,,90,person,0.05,0.1,region_crc,segformer_b2_cityscapes,acdc_rain_targetcal25,11,
1.0,1000,True,0.0,0.0,1.0,0.6652631578947369,159,313.0,0.0,False,0.0,0.0,0.0,,,90,person,0.05,0.1,heuristic,segformer_b2_cityscapes,acdc_rain_targetcal25,11,
,-1,True,,0.6281851621474263,0.0019452475244179368,,475,,,False,,,,,,90,person,0.05,0.1,argmax,segformer_b2_cityscapes,acdc_rain_targetcal25,11,0.5718849840255591
1.0,1000,True,0.0,0.0,1.0,0.6652631578947369,159,313.0,0.0,False,0.0,0.0,0.0,,,90,person,0.1,0.1,region_crc,segformer_b2_cityscapes,acdc_rain_targetcal25,11,
1.0,1000,True,0.0,0.0,1.0,0.6652631578947369,159,313.0,0.0,False,0.0,0.0,0.0,,,90,person,0.1,0.1,heuristic,segformer_b2_cityscapes,acdc_rain_targetcal25,11,
,-1,True,,0.6281851621474263,0.0019452475244179368,,475,,,False,,,,,,90,person,0.1,0.1,argmax,segformer_b2_cityscapes,acdc_rain_targetcal25,11,0.5718849840255591
1.0,1000,True,0.0,0.0,1.0,0.6652631578947369,159,313.0,0.0,False,0.0,0.0,0.0,,,90,person,0.2,0.1,region_crc,segformer_b2_cityscapes,acdc_rain_targetcal25,11,
0.993,993,True,0.12725366876310273,0.12725366876310273,0.019305508583784103,0.6652631578947369,159,313.0,0.17894736842105263,False,0.17142857142857143,0.06956521739130435,0.0,,,90,person,0.2,0.1,heuristic,segformer_b2_cityscapes,acdc_rain_targetcal25,11,
,-1,True,,0.6281851621474263,0.0019452475244179368,,475,,,False,,,,,,90,person,0.2,0.1,argmax,segformer_b2_cityscapes,acdc_rain_targetcal25,11,0.5718849840255591
1.0,1000,False,0.0,0.0,1.0,0.6652631578947369,159,313.0,0.0,False,0.0,0.0,0.0,,,90,person,0.05,0.5,region_crc,segformer_b2_cityscapes,acdc_rain_targetcal25,11,
1.0,1000,True,0.0,0.0,1.0,0.6652631578947369,159,313.0,0.0,False,0.0,0.0,0.0,,,90,person,0.05,0.5,heuristic,segformer_b2_cityscapes,acdc_rain_targetcal25,11,
,-1,True,,0.7411481251103893,0.0019452475244179368,,475,,,False,,,,,,90,person,0.05,0.5,argmax,segformer_b2_cityscapes,acdc_rain_targetcal25,11,0.6869009584664537
1.0,1000,True,0.0,0.0,1.0,0.6652631578947369,159,313.0,0.0,False,0.0,0.0,0.0,,,90,person,0.1,0.5,region_crc,segformer_b2_cityscapes,acdc_rain_targetcal25,11,
1.0,1000,True,0.0,0.0,1.0,0.6652631578947369,159,313.0,0.0,False,0.0,0.0,0.0,,,90,person,0.1,0.5,heuristic,segformer_b2_cityscapes,acdc_rain_targetcal25,11,
,-1,True,,0.7411481251103893,0.0019452475244179368,,475,,,False,,,,,,90,person,0.1,0.5,argmax,segformer_b2_cityscapes,acdc_rain_targetcal25,11,0.6869009584664537
1.0,1000,True,0.0,0.0,1.0,0.6652631578947369,159,313.0,0.0,False,0.0,0.0,0.0,,,90,person,0.2,0.5,region_crc,segformer_b2_cityscapes,acdc_rain_targetcal25,11,
0.999,999,True,0.0649895178197065,0.06498951781970651,0.042145874351263046,0.6652631578947369,159,313.0,0.22947368421052627,False,0.05142857142857143,0.06956521739130435,0.0,,,90,person,0.2,0.5,heuristic,segformer_b2_cityscapes,acdc_rain_targetcal25,11,
,-1,True,,0.7411481251103893,0.0019452475244179368,,475,,,False,,,,,,90,person,0.2,0.5,argmax,segformer_b2_cityscapes,acdc_rain_targetcal25,11,0.6869009584664537
1.0,1000,False,0.0,0.0,1.0,0.9431578947368421,27,37.0,0.0,False,0.0,0.0,0.0,,,90,rider,0.05,0.1,region_crc,segformer_b2_cityscapes,acdc_rain_targetcal25,1,
1.0,1000,True,0.0,0.0,1.0,0.9431578947368421,27,37.0,0.0,False,0.0,0.0,0.0,,,90,rider,0.05,0.1,heuristic,segformer_b2_cityscapes,acdc_rain_targetcal25,1,
,-1,True,,0.7962962962962963,0.00028119617491029203,,475,,,False,,,,,,90,rider,0.05,0.1,argmax,segformer_b2_cityscapes,acdc_rain_targetcal25,1,0.8108108108108109
1.0,1000,False,0.0,0.0,1.0,0.9431578947368421,27,37.0,0.0,False,0.0,0.0,0.0,,,90,rider,0.1,0.1,region_crc,segformer_b2_cityscapes,acdc_rain_targetcal25,1,
1.0,1000,True,0.0,0.0,1.0,0.9431578947368421,27,37.0,0.0,False,0.0,0.0,0.0,,,90,rider,0.1,0.1,heuristic,segformer_b2_cityscapes,acdc_rain_targetcal25,1,
,-1,True,,0.7962962962962963,0.00028119617491029203,,475,,,False,,,,,,90,rider,0.1,0.1,argmax,segformer_b2_cityscapes,acdc_rain_targetcal25,1,0.8108108108108109
1.0,1000,False,0.0,0.0,1.0,0.9431578947368421,27,37.0,0.0,False,0.0,0.0,0.0,,,90,rider,0.2,0.1,region_crc,segformer_b2_cityscapes,acdc_rain_targetcal25,1,
1.0,1000,True,0.0,0.0,1.0,0.9431578947368421,27,37.0,0.0,False,0.0,0.0,0.0,,,90,rider,0.2,0.1,heuristic,segformer_b2_cityscapes,acdc_rain_targetcal25,1,
,-1,True,,0.7962962962962963,0.00028119617491029203,,475,,,False,,,,,,90,rider,0.2,0.1,argmax,segformer_b2_cityscapes,acdc_rain_targetcal25,1,0.8108108108108109
1.0,1000,False,0.0,0.0,1.0,0.9431578947368421,27,37.0,0.0,False,0.0,0.0,0.0,,,90,rider,0.05,0.5,region_crc,segformer_b2_cityscapes,acdc_rain_targetcal25,1,
1.0,1000,True,0.0,0.0,1.0,0.9431578947368421,27,37.0,0.0,False,0.0,0.0,0.0,,,90,rider,0.05,0.5,heuristic,segformer_b2_cityscapes,acdc_rain_targetcal25,1,
,-1,True,,0.8518518518518519,0.00028119617491029203,,475,,,False,,,,,,90,rider,0.05,0.5,argmax,segformer_b2_cityscapes,acdc_rain_targetcal25,1,0.8648648648648649
1.0,1000,False,0.0,0.0,1.0,0.9431578947368421,27,37.0,0.0,False,0.0,0.0,0.0,,,90,rider,0.1,0.5,region_crc,segformer_b2_cityscapes,acdc_rain_targetcal25,1,
1.0,1000,True,0.0,0.0,1.0,0.9431578947368421,27,37.0,0.0,False,0.0,0.0,0.0,,,90,rider,0.1,0.5,heuristic,segformer_b2_cityscapes,acdc_rain_targetcal25,1,
,-1,True,,0.8518518518518519,0.00028119617491029203,,475,,,False,,,,,,90,rider,0.1,0.5,argmax,segformer_b2_cityscapes,acdc_rain_targetcal25,1,0.8648648648648649
1.0,1000,False,0.0,0.0,1.0,0.9431578947368421,27,37.0,0.0,False,0.0,0.0,0.0,,,90,rider,0.2,0.5,region_crc,segformer_b2_cityscapes,acdc_rain_targetcal25,1,
1.0,1000,True,0.0,0.0,1.0,0.9431578947368421,27,37.0,0.0,False,0.0,0.0,0.0,,,90,rider,0.2,0.5,heuristic,segformer_b2_cityscapes,acdc_rain_targetcal25,1,
,-1,True,,0.8518518518518519,0.00028119617491029203,,475,,,False,,,,,,90,rider,0.2,0.5,argmax,segformer_b2_cityscapes,acdc_rain_targetcal25,1,0.8648648648648649
1.0,1000,False,0.0,0.0,1.0,0.8336842105263158,79,153.0,0.0,False,0.0,0.0,0.0,,,90,bicycle,0.05,0.1,region_crc,segformer_b2_cityscapes,acdc_rain_targetcal25,4,
1.0,1000,True,0.0,0.0,1.0,0.8336842105263158,79,153.0,0.0,False,0.0,0.0,0.0,,,90,bicycle,0.05,0.1,heuristic,segformer_b2_cityscapes,acdc_rain_targetcal25,4,
,-1,True,,0.7291440626883665,0.001181165804155171,,475,,,False,,,,,,90,bicycle,0.05,0.1,argmax,segformer_b2_cityscapes,acdc_rain_targetcal25,4,0.7058823529411765
1.0,1000,False,0.0,0.0,1.0,0.8336842105263158,79,153.0,0.0,False,0.0,0.0,0.0,,,90,bicycle,0.1,0.1,region_crc,segformer_b2_cityscapes,acdc_rain_targetcal25,4,
1.0,1000,True,0.0,0.0,1.0,0.8336842105263158,79,153.0,0.0,False,0.0,0.0,0.0,,,90,bicycle,0.1,0.1,heuristic,segformer_b2_cityscapes,acdc_rain_targetcal25,4,
,-1,True,,0.7291440626883665,0.001181165804155171,,475,,,False,,,,,,90,bicycle,0.1,0.1,argmax,segformer_b2_cityscapes,acdc_rain_targetcal25,4,0.7058823529411765
1.0,1000,True,0.0,0.0,1.0,0.8336842105263158,79,153.0,0.0,False,0.0,0.0,0.0,,,90,bicycle,0.2,0.1,region_crc,segformer_b2_cityscapes,acdc_rain_targetcal25,4,
1.0,1000,True,0.0,0.0,1.0,0.8336842105263158,79,153.0,0.0,False,0.0,0.0,0.0,,,90,bicycle,0.2,0.1,heuristic,segformer_b2_cityscapes,acdc_rain_targetcal25,4,
,-1,True,,0.7291440626883665,0.001181165804155171,,475,,,False,,,,,,90,bicycle,0.2,0.1,argmax,segformer_b2_cityscapes,acdc_rain_targetcal25,4,0.7058823529411765
1.0,1000,False,0.0,0.0,1.0,0.8336842105263158,79,153.0,0.0,False,0.0,0.0,0.0,,,90,bicycle,0.05,0.5,region_crc,segformer_b2_cityscapes,acdc_rain_targetcal25,4,
1.0,1000,True,0.0,0.0,1.0,0.8336842105263158,79,153.0,0.0,False,0.0,0.0,0.0,,,90,bicycle,0.05,0.5,heuristic,segformer_b2_cityscapes,acdc_rain_targetcal25,4,
,-1,True,,0.7752561784207354,0.001181165804155171,,475,,,False,,,,,,90,bicycle,0.05,0.5,argmax,segformer_b2_cityscapes,acdc_rain_targetcal25,4,0.7516339869281046
1.0,1000,False,0.0,0.0,1.0,0.8336842105263158,79,153.0,0.0,False,0.0,0.0,0.0,,,90,bicycle,0.1,0.5,region_crc,segformer_b2_cityscapes,acdc_rain_targetcal25,4,
1.0,1000,True,0.0,0.0,1.0,0.8336842105263158,79,153.0,0.0,False,0.0,0.0,0.0,,,90,bicycle,0.1,0.5,heuristic,segformer_b2_cityscapes,acdc_rain_targetcal25,4,
,-1,True,,0.7752561784207354,0.001181165804155171,,475,,,False,,,,,,90,bicycle,0.1,0.5,argmax,segformer_b2_cityscapes,acdc_rain_targetcal25,4,0.7516339869281046
1.0,1000,True,0.0,0.0,1.0,0.8336842105263158,79,153.0,0.0,False,0.0,0.0,0.0,,,90,bicycle,0.2,0.5,region_crc,segformer_b2_cityscapes,acdc_rain_targetcal25,4,
1.0,1000,True,0.0,0.0,1.0,0.8336842105263158,79,153.0,0.0,False,0.0,0.0,0.0,,,90,bicycle,0.2,0.5,heuristic,segformer_b2_cityscapes,acdc_rain_targetcal25,4,
,-1,True,,0.7752561784207354,0.001181165804155171,,475,,,False,,,,,,90,bicycle,0.2,0.5,argmax,segformer_b2_cityscapes,acdc_rain_targetcal25,4,0.7516339869281046
1.0,1000,False,0.0,0.0,1.0,0.6631578947368421,160,315.0,0.0,False,0.0,0.0,0.0,,,91,person,0.05,0.1,region_crc,segformer_b2_cityscapes,acdc_rain_targetcal25,10,
0.989,989,True,0.1714236111111111,0.1714236111111111,0.01575651951134205,0.6631578947368421,160,315.0,0.1010526315789474,False,0.22727272727272727,0.07758620689655173,0.0,,,91,person,0.05,0.1,heuristic,segformer_b2_cityscapes,acdc_rain_targetcal25,10,
,-1,True,,0.6336340048840048,0.0019427590304985642,,475,,,False,,,,,,91,person,0.05,0.1,argmax,segformer_b2_cityscapes,acdc_rain_targetcal25,10,0.5777777777777777
0.989,989,True,0.1714236111111111,0.1714236111111111,0.01575651951134205,0.6631578947368421,160,315.0,0.1010526315789474,False,0.22727272727272727,0.07758620689655173,0.0,,,91,person,0.1,0.1,region_crc,segformer_b2_cityscapes,acdc_rain_targetcal25,10,
0.987,987,True,0.1901736111111111,0.1901736111111111,0.014613227918744087,9.728421052631578,160,315.0,0.11368421052631583,False,0.24431818181818182,0.08620689655172414,0.0,,,91,person,0.1,0.1,heuristic,segformer_b2_cityscapes,acdc_rain_targetcal25,10,
,-1,True,,0.6336340048840048,0.0019427590304985642,,475,,,False,,,,,,91,person,0.1,0.1,argmax,segformer_b2_cityscapes,acdc_rain_targetcal25,10,0.5777777777777777
0.987,987,True,0.1901736111111111,0.1901736111111111,0.014613227918744087,9.728421052631578,160,315.0,0.11368421052631583,False,0.24431818181818182,0.08620689655172414,0.0,,,91,person,0.2,0.1,region_crc,segformer_b2_cityscapes,acdc_rain_targetcal25,10,
0.977,977,True,0.24002938034188034,0.24002938034188034,0.011134477332234383,9.728421052631578,160,315.0,0.13263157894736843,False,0.2897727272727273,0.13793103448275862,0.0,,,91,person,0.2,0.1,heuristic,segformer_b2_cityscapes,acdc_rain_targetcal25,10,
,-1,True,,0.6336340048840048,0.0019427590304985642,,475,,,False,,,,,,91,person,0.2,0.1,argmax,segformer_b2_cityscapes,acdc_rain_targetcal25,10,0.5777777777777777
1.0,1000,False,0.0,0.0,1.0,0.6631578947368421,160,315.0,0.0,False,0.0,0.0,0.0,,,91,person,0.05,0.5,region_crc,segformer_b2_cityscapes,acdc_rain_targetcal25,10,
0.993,993,True,0.22409188034188032,0.22409188034188032,0.019238168373703957,0.6631578947368421,160,315.0,0.10105263157894734,False,0.25,0.15517241379310345,0.0,,,91,person,0.05,0.5,heuristic,segformer_b2_cityscapes,acdc_rain_targetcal25,10,
,-1,True,,0.7458909493284493,0.0019427590304985642,,475,,,False,,,,,,91,person,0.05,0.5,argmax,segformer_b2_cityscapes,acdc_rain_targetcal25,10,0.692063492063492
0.998,998,True,0.11708333333333334,0.11708333333333334,0.032231513410806656,0.6631578947368421,160,315.0,0.13473684210526315,False,0.125,0.08620689655172414,0.0,,,91,person,0.1,0.5,region_crc,segformer_b2_cityscapes,acdc_rain_targetcal25,10,
0.993,993,True,0.22409188034188032,0.22409188034188032,0.019238168373703957,0.6631578947368421,160,315.0,0.10105263157894734,False,0.25,0.15517241379310345,0.0,,,91,person,0.1,0.5,heuristic,segformer_b2_cityscapes,acdc_rain_targetcal25,10,
,-1,True,,0.7458909493284493,0.0019427590304985642,,475,,,False,,,,,,91,person,0.1,0.5,argmax,segformer_b2_cityscapes,acdc_rain_targetcal25,10,0.692063492063492
0.993,993,True,0.22409188034188032,0.22409188034188032,0.019238168373703957,0.6631578947368421,160,315.0,0.10105263157894734,False,0.25,0.15517241379310345,0.0,,,91,person,0.2,0.5,region_crc,segformer_b2_cityscapes,acdc_rain_targetcal25,10,
0.991,991,True,0.2573851495726496,0.2573851495726496,0.017231056466698647,0.6631578947368421,160,315.0,0.09473684210526323,False,0.30113636363636365,0.1724137931034483,0.0,,,91,person,0.2,0.5,heuristic,segformer_b2_cityscapes,acdc_rain_targetcal25,10,
,-1,True,,0.7458909493284493,0.0019427590304985642,,475,,,False,,,,,,91,person,0.2,0.5,argmax,segformer_b2_cityscapes,acdc_rain_targetcal25,10,0.692063492063492
1.0,1000,False,0.0,0.0,1.0,0.9431578947368421,27,37.0,0.0,False,0.0,0.0,0.0,,,91,rider,0.05,0.1,region_crc,segformer_b2_cityscapes,acdc_rain_targetcal25,1,
0.81,810,True,0.7592592592592593,0.7592592592592593,0.00046295253559947014,0.25684210526315787,27,37.0,0.12,False,0.9629629629629629,0.4,0.2,,,91,rider,0.05,0.1,heuristic,segformer_b2_cityscapes,acdc_rain_targetcal25,1,
,-1,True,,0.7962962962962963,0.0002811748709063977,,475,,,False,,,,,,91,rider,0.05,0.1,argmax,segformer_b2_cityscapes,acdc_rain_targetcal25,1,0.8108108108108109
1.0,1000,False,0.0,0.0,1.0,0.9431578947368421,27,37.0,0.0,False,0.0,0.0,0.0,,,91,rider,0.1,0.1,region_crc,segformer_b2_cityscapes,acdc_rain_targetcal25,1,
0.81,810,True,0.7592592592592593,0.7592592592592593,0.00046295253559947014,0.25684210526315787,27,37.0,0.12,False,0.9629629629629629,0.4,0.2,,,91,rider,0.1,0.1,heuristic,segformer_b2_cityscapes,acdc_rain_targetcal25,1,
,-1,True,,0.7962962962962963,0.0002811748709063977,,475,,,False,,,,,,91,rider,0.1,0.1,argmax,segformer_b2_cityscapes,acdc_rain_targetcal25,1,0.8108108108108109
1.0,1000,False,0.0,0.0,1.0,0.9431578947368421,27,37.0,0.0,False,0.0,0.0,0.0,,,91,rider,0.2,0.1,region_crc,segformer_b2_cityscapes,acdc_rain_targetcal25,1,
0.81,810,True,0.7592592592592593,0.7592592592592593,0.00046295253559947014,0.25684210526315787,27,37.0,0.12,False,0.9629629629629629,0.4,0.2,,,91,rider,0.2,0.1,heuristic,segformer_b2_cityscapes,acdc_rain_targetcal25,1,
,-1,True,,0.7962962962962963,0.0002811748709063977,,475,,,False,,,,,,91,rider,0.2,0.1,argmax,segformer_b2_cityscapes,acdc_rain_targetcal25,1,0.8108108108108109
1.0,1000,False,0.0,0.0,1.0,0.9431578947368421,27,37.0,0.0,False,0.0,0.0,0.0,,,91,rider,0.05,0.5,region_crc,segformer_b2_cityscapes,acdc_rain_targetcal25,1,
0.923,923,True,0.7592592592592593,0.7592592592592593,0.0007868868415243924,0.5578947368421052,27,37.0,0.1473684210526316,False,0.9629629629629629,0.4,0.2,,,91,rider,0.05,0.5,heuristic,segformer_b2_cityscapes,acdc_rain_targetcal25,1,
,-1,True,,0.8518518518518519,0.0002811748709063977,,475,,,False,,,,,,91,rider,0.05,0.5,argmax,segformer_b2_cityscapes,acdc_rain_targetcal25,1,0.8648648648648649
1.0,1000,False,0.0,0.0,1.0,0.9431578947368421,27,37.0,0.0,False,0.0,0.0,0.0,,,91,rider,0.1,0.5,region_crc,segformer_b2_cityscapes,acdc_rain_targetcal25,1,
0.923,923,True,0.7592592592592593,0.7592592592592593,0.0007868868415243924,0.5578947368421052,27,37.0,0.1473684210526316,False,0.9629629629629629,0.4,0.2,,,91,rider,0.1,0.5,heuristic,segformer_b2_cityscapes,acdc_rain_targetcal25,1,
,-1,True,,0.8518518518518519,0.0002811748709063977,,475,,,False,,,,,,91,rider,0.1,0.5,argmax,segformer_b2_cityscapes,acdc_rain_targetcal25,1,0.8648648648648649
1.0,1000,False,0.0,0.0,1.0,0.9431578947368421,27,37.0,0.0,False,0.0,0.0,0.0,,,91,rider,0.2,0.5,region_crc,segformer_b2_cityscapes,acdc_rain_targetcal25,1,
0.923,923,True,0.7592592592592593,0.7592592592592593,0.0007868868415243924,0.5578947368421052,27,37.0,0.1473684210526316,False,0.9629629629629629,0.4,0.2,,,91,rider,0.2,0.5,heuristic,segformer_b2_cityscapes,acdc_rain_targetcal25,1,
,-1,True,,0.8518518518518519,0.0002811748709063977,,475,,,False,,,,,,91,rider,0.2,0.5,argmax,segformer_b2_cityscapes,acdc_rain_targetcal25,1,0.8648648648648649
1.0,1000,False,0.0,0.0,1.0,0.8315789473684211,80,150.0,0.0,False,0.0,0.0,0.0,,,91,bicycle,0.05,0.1,region_crc,segformer_b2_cityscapes,acdc_rain_targetcal25,3,
1.0,1000,True,0.0,0.0,1.0,0.8315789473684211,80,150.0,0.0,False,0.0,0.0,0.0,,,91,bicycle,0.05,0.1,heuristic,segformer_b2_cityscapes,acdc_rain_targetcal25,3,
,-1,True,,0.7225297619047619,0.0011954210931435227,,475,,,False,,,,,,91,bicycle,0.05,0.1,argmax,segformer_b2_cityscapes,acdc_rain_targetcal25,3,0.7
1.0,1000,False,0.0,0.0,1.0,0.8315789473684211,80,150.0,0.0,False,0.0,0.0,0.0,,,91,bicycle,0.1,0.1,region_crc,segformer_b2_cityscapes,acdc_rain_targetcal25,3,
1.0,1000,True,0.0,0.0,1.0,0.8315789473684211,80,150.0,0.0,False,0.0,0.0,0.0,,,91,bicycle,0.1,0.1,heuristic,segformer_b2_cityscapes,acdc_rain_targetcal25,3,
,-1,True,,0.7225297619047619,0.0011954210931435227,,475,,,False,,,,,,91,bicycle,0.1,0.1,argmax,segformer_b2_cityscapes,acdc_rain_targetcal25,3,0.7
1.0,1000,False,0.0,0.0,1.0,0.8315789473684211,80,150.0,0.0,False,0.0,0.0,0.0,,,91,bicycle,0.2,0.1,region_crc,segformer_b2_cityscapes,acdc_rain_targetcal25,3,
1.0,1000,True,0.0,0.0,1.0,0.8315789473684211,80,150.0,0.0,False,0.0,0.0,0.0,,,91,bicycle,0.2,0.1,heuristic,segformer_b2_cityscapes,acdc_rain_targetcal25,3,
,-1,True,,0.7225297619047619,0.0011954210931435227,,475,,,False,,,,,,91,bicycle,0.2,0.1,argmax,segformer_b2_cityscapes,acdc_rain_targetcal25,3,0.7
1.0,1000,False,0.0,0.0,1.0,0.8315789473684211,80,150.0,0.0,False,0.0,0.0,0.0,,,91,bicycle,0.05,0.5,region_crc,segformer_b2_cityscapes,acdc_rain_targetcal25,3,
1.0,1000,True,0.0,0.0,1.0,0.8315789473684211,80,150.0,0.0,False,0.0,0.0,0.0,,,91,bicycle,0.05,0.5,heuristic,segformer_b2_cityscapes,acdc_rain_targetcal25,3,
,-1,True,,0.7680654761904762,0.0011954210931435227,,475,,,False,,,,,,91,bicycle,0.05,0.5,argmax,segformer_b2_cityscapes,acdc_rain_targetcal25,3,0.7466666666666667
1.0,1000,False,0.0,0.0,1.0,0.8315789473684211,80,150.0,0.0,False,0.0,0.0,0.0,,,91,bicycle,0.1,0.5,region_crc,segformer_b2_cityscapes,acdc_rain_targetcal25,3,
1.0,1000,True,0.0,0.0,1.0,0.8315789473684211,80,150.0,0.0,False,0.0,0.0,0.0,,,91,bicycle,0.1,0.5,heuristic,segformer_b2_cityscapes,acdc_rain_targetcal25,3,
,-1,True,,0.7680654761904762,0.0011954210931435227,,475,,,False,,,,,,91,bicycle,0.1,0.5,argmax,segformer_b2_cityscapes,acdc_rain_targetcal25,3,0.7466666666666667
1.0,1000,False,0.0,0.0,1.0,0.8315789473684211,80,150.0,0.0,False,0.0,0.0,0.0,,,91,bicycle,0.2,0.5,region_crc,segformer_b2_cityscapes,acdc_rain_targetcal25,3,
1.0,1000,True,0.0,0.0,1.0,0.8315789473684211,80,150.0,0.0,False,0.0,0.0,0.0,,,91,bicycle,0.2,0.5,heuristic,segformer_b2_cityscapes,acdc_rain_targetcal25,3,
,-1,True,,0.7680654761904762,0.0011954210931435227,,475,,,False,,,,,,91,bicycle,0.2,0.5,argmax,segformer_b2_cityscapes,acdc_rain_targetcal25,3,0.7466666666666667
1.0,1000,False,0.0,0.0,1.0,0.6757894736842105,154,298.0,0.0,False,0.0,0.0,0.0,,,92,person,0.05,0.1,region_crc,segformer_b2_cityscapes,acdc_rain_targetcal25,16,
0.998,998,True,0.0698051948051948,0.0698051948051948,0.03178736940026283,0.6757894736842105,154,298.0,0.2947368421052631,False,0.059880239520958084,0.04504504504504504,0.0,,,92,person,0.05,0.1,heuristic,segformer_b2_cityscapes,acdc_rain_targetcal25,16,
,-1,True,,0.6447929055071911,0.0017642045859247446,,475,,,False,,,,,,92,person,0.05,0.1,argmax,segformer_b2_cityscapes,acdc_rain_targetcal25,16,0.5838926174496645
0.998,998,True,0.0698051948051948,0.0698051948051948,0.03178736940026283,0.6757894736842105,154,298.0,0.2947368421052631,False,0.059880239520958084,0.04504504504504504,0.0,,,92,person,0.1,0.1,region_crc,segformer_b2_cityscapes,acdc_rain_targetcal25,16,
0.98,980,True,0.2302253302253302,0.2302253302253302,0.011553330346941948,9.715789473684211,154,298.0,0.30947368421052635,False,0.2874251497005988,0.11711711711711711,0.0,,,92,person,0.1,0.1,heuristic,segformer_b2_cityscapes,acdc_rain_targetcal25,16,
,-1,True,,0.6447929055071911,0.0017642045859247446,,475,,,False,,,,,,92,person,0.1,0.1,argmax,segformer_b2_cityscapes,acdc_rain_targetcal25,16,0.5838926174496645
0.977,977,True,0.24613442113442113,0.24613442113442113,0.010770751163363457,9.715789473684211,154,298.0,0.30315789473684207,False,0.2934131736526946,0.15315315315315314,0.0,,,92,person,0.2,0.1,region_crc,segformer_b2_cityscapes,acdc_rain_targetcal25,16,
0.972,972,True,0.2876048554619983,0.2876048554619983,0.009738069958984852,9.715789473684211,154,298.0,0.30105263157894735,False,0.3473053892215569,0.17117117117117117,0.0,,,92,person,0.2,0.1,heuristic,segformer_b2_cityscapes,acdc_rain_targetcal25,16,
,-1,True,,0.6447929055071911,0.0017642045859247446,,475,,,False,,,,,,92,person,0.2,0.1,argmax,segformer_b2_cityscapes,acdc_rain_targetcal25,16,0.5838926174496645
1.0,1000,False,0.0,0.0,1.0,0.6757894736842105,154,298.0,0.0,False,0.0,0.0,0.0,,,92,person,0.05,0.5,region_crc,segformer_b2_cityscapes,acdc_rain_targetcal25,16,
0.999,999,True,0.08008658008658008,0.08008658008658008,0.04137459769845009,0.6757894736842105,154,298.0,0.2905263157894737,False,0.059880239520958084,0.08108108108108109,0.0,,,92,person,0.05,0.5,heuristic,segformer_b2_cityscapes,acdc_rain_targetcal25,16,
,-1,True,,0.7487611594754451,0.0017642045859247446,,475,,,False,,,,,,92,person,0.05,0.5,argmax,segformer_b2_cityscapes,acdc_rain_targetcal25,16,0.6946308724832215
0.999,999,True,0.08008658008658008,0.08008658008658008,0.04137459769845009,0.6757894736842105,154,298.0,0.2905263157894737,False,0.059880239520958084,0.08108108108108109,0.0,,,92,person,0.1,0.5,region_crc,segformer_b2_cityscapes,acdc_rain_targetcal25,16,
0.996,996,True,0.15898268398268398,0.15898268398268398,0.023988939821720123,0.6757894736842105,154,298.0,0.2884210526315789,False,0.18562874251497005,0.0990990990990991,0.0,,,92,person,0.1,0.5,heuristic,segformer_b2_cityscapes,acdc_rain_targetcal25,16,
,-1,True,,0.7487611594754451,0.0017642045859247446,,475,,,False,,,,,,92,person,0.1,0.5,argmax,segformer_b2_cityscapes,acdc_rain_targetcal25,16,0.6946308724832215
0.995,995,True,0.19725829725829727,0.19725829725829727,0.021814515814185143,0.6757894736842105,154,298.0,0.29263157894736835,False,0.23952095808383234,0.11711711711711711,0.0,,,92,person,0.2,0.5,region_crc,segformer_b2_cityscapes,acdc_rain_targetcal25,16,
0.993,993,True,0.21442446442446444,0.21442446442446444,0.01882360316812992,0.6757894736842105,154,298.0,0.29473684210526313,False,0.24550898203592814,0.16216216216216217,0.0,,,92,person,0.2,0.5,heuristic,segformer_b2_cityscapes,acdc_rain_targetcal25,16,
,-1,True,,0.7487611594754451,0.0017642045859247446,,475,,,False,,,,,,92,person,0.2,0.5,argmax,segformer_b2_cityscapes,acdc_rain_targetcal25,16,0.6946308724832215
1.0,1000,False,0.0,0.0,1.0,0.9452631578947368,26,33.0,0.0,False,0.0,0.0,0.0,,,92,rider,0.05,0.1,region_crc,segformer_b2_cityscapes,acdc_rain_targetcal25,2,
0.998,998,True,0.46153846153846156,0.46153846153846156,0.0049950419925153255,0.9452631578947368,26,33.0,0.20421052631578945,False,0.6956521739130435,0.0,0.0,,,92,rider,0.05,0.1,heuristic,segformer_b2_cityscapes,acdc_rain_targetcal25,2,
,-1,True,,0.7884615384615384,0.00027234910521656275,,475,,,False,,,,,,92,rider,0.05,0.1,argmax,segformer_b2_cityscapes,acdc_rain_targetcal25,2,0.7878787878787878
1.0,1000,False,0.0,0.0,1.0,0.9452631578947368,26,33.0,0.0,False,0.0,0.0,0.0,,,92,rider,0.1,0.1,region_crc,segformer_b2_cityscapes,acdc_rain_targetcal25,2,
0.998,998,True,0.46153846153846156,0.46153846153846156,0.0049950419925153255,0.9452631578947368,26,33.0,0.20421052631578945,False,0.6956521739130435,0.0,0.0,,,92,rider,0.1,0.1,heuristic,segformer_b2_cityscapes,acdc_rain_targetcal25,2,
,-1,True,,0.7884615384615384,0.00027234910521656275,,475,,,False,,,,,,92,rider,0.1,0.1,argmax,segformer_b2_cityscapes,acdc_rain_targetcal25,2,0.7878787878787878
1.0,1000,False,0.0,0.0,1.0,0.9452631578947368,26,33.0,0.0,False,0.0,0.0,0.0,,,92,rider,0.2,0.1,region_crc,segformer_b2_cityscapes,acdc_rain_targetcal25,2,
0.998,998,True,0.46153846153846156,0.46153846153846156,0.0049950419925153255,0.9452631578947368,26,33.0,0.20421052631578945,False,0.6956521739130435,0.0,0.0,,,92,rider,0.2,0.1,heuristic,segformer_b2_cityscapes,acdc_rain_targetcal25,2,
,-1,True,,0.7884615384615384,0.00027234910521656275,,475,,,False,,,,,,92,rider,0.2,0.1,argmax,segformer_b2_cityscapes,acdc_rain_targetcal25,2,0.7878787878787878
1.0,1000,False,0.0,0.0,1.0,0.9452631578947368,26,33.0,0.0,False,0.0,0.0,0.0,,,92,rider,0.05,0.5,region_crc,segformer_b2_cityscapes,acdc_rain_targetcal25,2,
0.999,999,True,0.5256410256410257,0.5256410256410257,0.006884580012410879,0.9452631578947368,26,33.0,0.25263157894736843,False,0.6956521739130435,0.2,0.0,,,92,rider,0.05,0.5,heuristic,segformer_b2_cityscapes,acdc_rain_targetcal25,2,
,-1,True,,0.8461538461538461,0.00027234910521656275,,475,,,False,,,,,,92,rider,0.05,0.5,argmax,segformer_b2_cityscapes,acdc_rain_targetcal25,2,0.8484848484848485
1.0,1000,False,0.0,0.0,1.0,0.9452631578947368,26,33.0,0.0,False,0.0,0.0,0.0,,,92,rider,0.1,0.5,region_crc,segformer_b2_cityscapes,acdc_rain_targetcal25,2,
0.999,999,True,0.5256410256410257,0.5256410256410257,0.006884580012410879,0.9452631578947368,26,33.0,0.25263157894736843,False,0.6956521739130435,0.2,0.0,,,92,rider,0.1,0.5,heuristic,segformer_b2_cityscapes,acdc_rain_targetcal25,2,
,-1,True,,0.8461538461538461,0.00027234910521656275,,475,,,False,,,,,,92,rider,0.1,0.5,argmax,segformer_b2_cityscapes,acdc_rain_targetcal25,2,0.8484848484848485
1.0,1000,False,0.0,0.0,1.0,0.9452631578947368,26,33.0,0.0,False,0.0,0.0,0.0,,,92,rider,0.2,0.5,region_crc,segformer_b2_cityscapes,acdc_rain_targetcal25,2,
0.999,999,True,0.5256410256410257,0.5256410256410257,0.006884580012410879,0.9452631578947368,26,33.0,0.25263157894736843,False,0.6956521739130435,0.2,0.0,,,92,rider,0.2,0.5,heuristic,segformer_b2_cityscapes,acdc_rain_targetcal25,2,
,-1,True,,0.8461538461538461,0.00027234910521656275,,475,,,False,,,,,,92,rider,0.2,0.5,argmax,segformer_b2_cityscapes,acdc_rain_targetcal25,2,0.8484848484848485
1.0,1000,False,0.0,0.0,1.0,0.8378947368421052,77,152.0,0.0,False,0.0,0.0,0.0,,,92,bicycle,0.05,0.1,region_crc,segformer_b2_cityscapes,acdc_rain_targetcal25,6,
1.0,1000,True,0.0,0.0,1.0,0.8378947368421052,77,152.0,0.0,False,0.0,0.0,0.0,,,92,bicycle,0.05,0.1,heuristic,segformer_b2_cityscapes,acdc_rain_targetcal25,6,
,-1,True,,0.722108843537415,0.0010631212498992682,,475,,,False,,,,,,92,bicycle,0.05,0.1,argmax,segformer_b2_cityscapes,acdc_rain_targetcal25,6,0.7105263157894737
1.0,1000,False,0.0,0.0,1.0,0.8378947368421052,77,152.0,0.0,False,0.0,0.0,0.0,,,92,bicycle,0.1,0.1,region_crc,segformer_b2_cityscapes,acdc_rain_targetcal25,6,
1.0,1000,True,0.0,0.0,1.0,0.8378947368421052,77,152.0,0.0,False,0.0,0.0,0.0,,,92,bicycle,0.1,0.1,heuristic,segformer_b2_cityscapes,acdc_rain_targetcal25,6,
,-1,True,,0.722108843537415,0.0010631212498992682,,475,,,False,,,,,,92,bicycle,0.1,0.1,argmax,segformer_b2_cityscapes,acdc_rain_targetcal25,6,0.7105263157894737
1.0,1000,True,0.0,0.0,1.0,0.8378947368421052,77,152.0,0.0,False,0.0,0.0,0.0,,,92,bicycle,0.2,0.1,region_crc,segformer_b2_cityscapes,acdc_rain_targetcal25,6,
0.966,966,True,0.5075448361162647,0.5075448361162647,0.003524639643728733,3.6252631578947367,77,152.0,0.19789473684210523,False,0.6385542168674698,0.32142857142857145,0.0,,,92,bicycle,0.2,0.1,heuristic,segformer_b2_cityscapes,acdc_rain_targetcal25,6,
,-1,True,,0.722108843537415,0.0010631212498992682,,475,,,False,,,,,,92,bicycle,0.2,0.1,argmax,segformer_b2_cityscapes,acdc_rain_targetcal25,6,0.7105263157894737
1.0,1000,False,0.0,0.0,1.0,0.8378947368421052,77,152.0,0.0,False,0.0,0.0,0.0,,,92,bicycle,0.05,0.5,region_crc,segformer_b2_cityscapes,acdc_rain_targetcal25,6,
1.0,1000,True,0.0,0.0,1.0,0.8378947368421052,77,152.0,0.0,False,0.0,0.0,0.0,,,92,bicycle,0.05,0.5,heuristic,segformer_b2_cityscapes,acdc_rain_targetcal25,6,
,-1,True,,0.7629251700680272,0.0010631212498992682,,475,,,False,,,,,,92,bicycle,0.05,0.5,argmax,segformer_b2_cityscapes,acdc_rain_targetcal25,6,0.75
1.0,1000,False,0.0,0.0,1.0,0.8378947368421052,77,152.0,0.0,False,0.0,0.0,0.0,,,92,bicycle,0.1,0.5,region_crc,segformer_b2_cityscapes,acdc_rain_targetcal25,6,
1.0,1000,True,0.0,0.0,1.0,0.8378947368421052,77,152.0,0.0,False,0.0,0.0,0.0,,,92,bicycle,0.1,0.5,heuristic,segformer_b2_cityscapes,acdc_rain_targetcal25,6,
,-1,True,,0.7629251700680272,0.0010631212498992682,,475,,,False,,,,,,92,bicycle,0.1,0.5,argmax,segformer_b2_cityscapes,acdc_rain_targetcal25,6,0.75
1.0,1000,True,0.0,0.0,1.0,0.8378947368421052,77,152.0,0.0,False,0.0,0.0,0.0,,,92,bicycle,0.2,0.5,region_crc,segformer_b2_cityscapes,acdc_rain_targetcal25,6,
0.994,994,True,0.42745825602968457,0.42745825602968457,0.008136165328323841,0.8378947368421052,77,152.0,0.21473684210526311,False,0.5783132530120482,0.26785714285714285,0.0,,,92,bicycle,0.2,0.5,heuristic,segformer_b2_cityscapes,acdc_rain_targetcal25,6,
,-1,True,,0.7629251700680272,0.0010631212498992682,,475,,,False,,,,,,92,bicycle,0.2,0.5,argmax,segformer_b2_cityscapes,acdc_rain_targetcal25,6,0.75
1.0,1000,False,0.0,0.0,1.0,0.6610526315789473,161,320.0,0.0,False,0.0,0.0,0.0,,,93,person,0.05,0.1,region_crc,segformer_b2_cityscapes,acdc_rain_targetcal25,9,
0.998,998,True,0.06884057971014491,0.06884057971014491,0.032240282744169235,0.6610526315789473,161,320.0,0.1431578947368421,False,0.06111111111111111,0.042735042735042736,0.0,,,93,person,0.05,0.1,heuristic,segformer_b2_cityscapes,acdc_rain_targetcal25,9,
,-1,True,,0.6296983899468371,0.001890714280307293,,475,,,False,,,,,,93,person,0.05,0.1,argmax,segformer_b2_cityscapes,acdc_rain_targetcal25,9,0.571875
0.998,998,True,0.06884057971014491,0.06884057971014491,0.032240282744169235,0.6610526315789473,161,320.0,0.1431578947368421,False,0.06111111111111111,0.042735042735042736,0.0,,,93,person,0.1,0.1,region_crc,segformer_b2_cityscapes,acdc_rain_targetcal25,9,
0.998,998,True,0.06884057971014491,0.06884057971014491,0.032240282744169235,0.6610526315789473,161,320.0,0.1431578947368421,False,0.06111111111111111,0.042735042735042736,0.0,,,93,person,0.1,0.1,heuristic,segformer_b2_cityscapes,acdc_rain_targetcal25,9,
,-1,True,,0.6296983899468371,0.001890714280307293,,475,,,False,,,,,,93,person,0.1,0.1,argmax,segformer_b2_cityscapes,acdc_rain_targetcal25,9,0.571875
0.998,998,True,0.06884057971014491,0.06884057971014491,0.032240282744169235,0.6610526315789473,161,320.0,0.1431578947368421,False,0.06111111111111111,0.042735042735042736,0.0,,,93,person,0.2,0.1,region_crc,segformer_b2_cityscapes,acdc_rain_targetcal25,9,
0.987,987,True,0.18588681849551414,0.18588681849551414,0.014490089379251003,9.804210526315789,161,320.0,0.13894736842105265,False,0.2388888888888889,0.07692307692307693,0.0,,,93,person,0.2,0.1,heuristic,segformer_b2_cityscapes,acdc_rain_targetcal25,9,
,-1,True,,0.6296983899468371,0.001890714280307293,,475,,,False,,,,,,93,person,0.2,0.1,argmax,segformer_b2_cityscapes,acdc_rain_targetcal25,9,0.571875
1.0,1000,False,0.0,0.0,1.0,0.6610526315789473,161,320.0,0.0,False,0.0,0.0,0.0,,,93,person,0.05,0.5,region_crc,segformer_b2_cityscapes,acdc_rain_targetcal25,9,
1.0,1000,True,0.0,0.0,1.0,0.6610526315789473,161,320.0,0.0,False,0.0,0.0,0.0,,,93,person,0.05,0.5,heuristic,segformer_b2_cityscapes,acdc_rain_targetcal25,9,
,-1,True,,0.744363676351254,0.001890714280307293,,475,,,False,,,,,,93,person,0.05,0.5,argmax,segformer_b2_cityscapes,acdc_rain_targetcal25,9,0.690625
1.0,1000,True,0.0,0.0,1.0,0.6610526315789473,161,320.0,0.0,False,0.0,0.0,0.0,,,93,person,0.1,0.5,region_crc,segformer_b2_cityscapes,acdc_rain_targetcal25,9,
0.999,999,True,0.07349896480331262,0.07349896480331262,0.041955240070819855,0.6610526315789473,161,320.0,0.14947368421052643,False,0.05555555555555555,0.06837606837606838,0.0,,,93,person,0.1,0.5,heuristic,segformer_b2_cityscapes,acdc_rain_targetcal25,9,
,-1,True,,0.744363676351254,0.001890714280307293,,475,,,False,,,,,,93,person,0.1,0.5,argmax,segformer_b2_cityscapes,acdc_rain_targetcal25,9,0.690625
0.999,999,True,0.07349896480331262,0.07349896480331262,0.041955240070819855,0.6610526315789473,161,320.0,0.14947368421052643,False,0.05555555555555555,0.06837606837606838,0.0,,,93,person,0.2,0.5,region_crc,segformer_b2_cityscapes,acdc_rain_targetcal25,9,
0.995,995,True,0.19282263630089716,0.19282263630089716,0.02215326391160488,0.6610526315789473,161,320.0,0.13473684210526315,False,0.2388888888888889,0.10256410256410256,0.0,,,93,person,0.2,0.5,heuristic,segformer_b2_cityscapes,acdc_rain_targetcal25,9,
,-1,True,,0.744363676351254,0.001890714280307293,,475,,,False,,,,,,93,person,0.2,0.5,argmax,segformer_b2_cityscapes,acdc_rain_targetcal25,9,0.690625
1.0,1000,False,0.0,0.0,1.0,0.9431578947368421,27,36.0,0.0,False,0.0,0.0,0.0,,,93,rider,0.05,0.1,region_crc,segformer_b2_cityscapes,acdc_rain_targetcal25,1,
0.998,998,True,0.4444444444444444,0.4444444444444444,0.0049473000690341,0.9431578947368421,27,36.0,0.11999999999999988,False,0.6153846153846154,0.0,0.0,,,93,rider,0.05,0.1,heuristic,segformer_b2_cityscapes,acdc_rain_targetcal25,1,
,-1,True,,0.7962962962962963,0.0002725511440075934,,475,,,False,,,,,,93,rider,0.05,0.1,argmax,segformer_b2_cityscapes,acdc_rain_targetcal25,1,0.8055555555555556
1.0,1000,False,0.0,0.0,1.0,0.9431578947368421,27,36.0,0.0,False,0.0,0.0,0.0,,,93,rider,0.1,0.1,region_crc,segformer_b2_cityscapes,acdc_rain_targetcal25,1,
0.998,998,True,0.4444444444444444,0.4444444444444444,0.0049473000690341,0.9431578947368421,27,36.0,0.11999999999999988,False,0.6153846153846154,0.0,0.0,,,93,rider,0.1,0.1,heuristic,segformer_b2_cityscapes,acdc_rain_targetcal25,1,
,-1,True,,0.7962962962962963,0.0002725511440075934,,475,,,False,,,,,,93,rider,0.1,0.1,argmax,segformer_b2_cityscapes,acdc_rain_targetcal25,1,0.8055555555555556
1.0,1000,False,0.0,0.0,1.0,0.9431578947368421,27,36.0,0.0,False,0.0,0.0,0.0,,,93,rider,0.2,0.1,region_crc,segformer_b2_cityscapes,acdc_rain_targetcal25,1,
0.998,998,True,0.4444444444444444,0.4444444444444444,0.0049473000690341,0.9431578947368421,27,36.0,0.11999999999999988,False,0.6153846153846154,0.0,0.0,,,93,rider,0.2,0.1,heuristic,segformer_b2_cityscapes,acdc_rain_targetcal25,1,
,-1,True,,0.7962962962962963,0.0002725511440075934,,475,,,False,,,,,,93,rider,0.2,0.1,argmax,segformer_b2_cityscapes,acdc_rain_targetcal25,1,0.8055555555555556
1.0,1000,False,0.0,0.0,1.0,0.9431578947368421,27,36.0,0.0,False,0.0,0.0,0.0,,,93,rider,0.05,0.5,region_crc,segformer_b2_cityscapes,acdc_rain_targetcal25,1,
0.999,999,True,0.5061728395061729,0.5061728395061729,0.0068435403518378735,0.9431578947368421,27,36.0,0.1578947368421053,False,0.6153846153846154,0.2,0.0,,,93,rider,0.05,0.5,heuristic,segformer_b2_cityscapes,acdc_rain_targetcal25,1,
,-1,True,,0.8518518518518519,0.0002725511440075934,,475,,,False,,,,,,93,rider,0.05,0.5,argmax,segformer_b2_cityscapes,acdc_rain_targetcal25,1,0.8611111111111112
1.0,1000,False,0.0,0.0,1.0,0.9431578947368421,27,36.0,0.0,False,0.0,0.0,0.0,,,93,rider,0.1,0.5,region_crc,segformer_b2_cityscapes,acdc_rain_targetcal25,1,
0.999,999,True,0.5061728395061729,0.5061728395061729,0.0068435403518378735,0.9431578947368421,27,36.0,0.1578947368421053,False,0.6153846153846154,0.2,0.0,,,93,rider,0.1,0.5,heuristic,segformer_b2_cityscapes,acdc_rain_targetcal25,1,
,-1,True,,0.8518518518518519,0.0002725511440075934,,475,,,False,,,,,,93,rider,0.1,0.5,argmax,segformer_b2_cityscapes,acdc_rain_targetcal25,1,0.8611111111111112
1.0,1000,False,0.0,0.0,1.0,0.9431578947368421,27,36.0,0.0,False,0.0,0.0,0.0,,,93,rider,0.2,0.5,region_crc,segformer_b2_cityscapes,acdc_rain_targetcal25,1,
0.999,999,True,0.5061728395061729,0.5061728395061729,0.0068435403518378735,0.9431578947368421,27,36.0,0.1578947368421053,False,0.6153846153846154,0.2,0.0,,,93,rider,0.2,0.5,heuristic,segformer_b2_cityscapes,acdc_rain_targetcal25,1,
,-1,True,,0.8518518518518519,0.0002725511440075934,,475,,,False,,,,,,93,rider,0.2,0.5,argmax,segformer_b2_cityscapes,acdc_rain_targetcal25,1,0.8611111111111112
1.0,1000,False,0.0,0.0,1.0,0.8336842105263158,79,154.0,0.0,False,0.0,0.0,0.0,,,93,bicycle,0.05,0.1,region_crc,segformer_b2_cityscapes,acdc_rain_targetcal25,4,
1.0,1000,True,0.0,0.0,1.0,0.8336842105263158,79,154.0,0.0,False,0.0,0.0,0.0,,,93,bicycle,0.05,0.1,heuristic,segformer_b2_cityscapes,acdc_rain_targetcal25,4,
,-1,True,,0.7354731766124172,0.0010317596606910229,,475,,,False,,,,,,93,bicycle,0.05,0.1,argmax,segformer_b2_cityscapes,acdc_rain_targetcal25,4,0.7142857142857143
1.0,1000,False,0.0,0.0,1.0,0.8336842105263158,79,154.0,0.0,False,0.0,0.0,0.0,,,93,bicycle,0.1,0.1,region_crc,segformer_b2_cityscapes,acdc_rain_targetcal25,4,
1.0,1000,True,0.0,0.0,1.0,0.8336842105263158,79,154.0,0.0,False,0.0,0.0,0.0,,,93,bicycle,0.1,0.1,heuristic,segformer_b2_cityscapes,acdc_rain_targetcal25,4,
,-1,True,,0.7354731766124172,0.0010317596606910229,,475,,,False,,,,,,93,bicycle,0.1,0.1,argmax,segformer_b2_cityscapes,acdc_rain_targetcal25,4,0.7142857142857143
1.0,1000,True,0.0,0.0,1.0,0.8336842105263158,79,154.0,0.0,False,0.0,0.0,0.0,,,93,bicycle,0.2,0.1,region_crc,segformer_b2_cityscapes,acdc_rain_targetcal25,4,
0.966,966,True,0.5010247136829415,0.5010247136829415,0.0034091807901859283,3.610526315789474,79,154.0,0.1305263157894736,False,0.6046511627906976,0.3392857142857143,0.0,,,93,bicycle,0.2,0.1,heuristic,segformer_b2_cityscapes,acdc_rain_targetcal25,4,
,-1,True,,0.7354731766124172,0.0010317596606910229,,475,,,False,,,,,,93,bicycle,0.2,0.1,argmax,segformer_b2_cityscapes,acdc_rain_targetcal25,4,0.7142857142857143
1.0,1000,False,0.0,0.0,1.0,0.8336842105263158,79,154.0,0.0,False,0.0,0.0,0.0,,,93,bicycle,0.05,0.5,region_crc,segformer_b2_cityscapes,acdc_rain_targetcal25,4,
1.0,1000,True,0.0,0.0,1.0,0.8336842105263158,79,154.0,0.0,False,0.0,0.0,0.0,,,93,bicycle,0.05,0.5,heuristic,segformer_b2_cityscapes,acdc_rain_targetcal25,4,
,-1,True,,0.781585292344786,0.0010317596606910229,,475,,,False,,,,,,93,bicycle,0.05,0.5,argmax,segformer_b2_cityscapes,acdc_rain_targetcal25,4,0.7597402597402597
1.0,1000,False,0.0,0.0,1.0,0.8336842105263158,79,154.0,0.0,False,0.0,0.0,0.0,,,93,bicycle,0.1,0.5,region_crc,segformer_b2_cityscapes,acdc_rain_targetcal25,4,
1.0,1000,True,0.0,0.0,1.0,0.8336842105263158,79,154.0,0.0,False,0.0,0.0,0.0,,,93,bicycle,0.1,0.5,heuristic,segformer_b2_cityscapes,acdc_rain_targetcal25,4,
,-1,True,,0.781585292344786,0.0010317596606910229,,475,,,False,,,,,,93,bicycle,0.1,0.5,argmax,segformer_b2_cityscapes,acdc_rain_targetcal25,4,0.7597402597402597
1.0,1000,True,0.0,0.0,1.0,0.8336842105263158,79,154.0,0.0,False,0.0,0.0,0.0,,,93,bicycle,0.2,0.5,region_crc,segformer_b2_cityscapes,acdc_rain_targetcal25,4,
0.994,994,True,0.4229656419529837,0.4229656419529837,0.00800055731087923,0.8336842105263158,79,154.0,0.11578947368421044,False,0.5465116279069767,0.2857142857142857,0.0,,,93,bicycle,0.2,0.5,heuristic,segformer_b2_cityscapes,acdc_rain_targetcal25,4,
,-1,True,,0.781585292344786,0.0010317596606910229,,475,,,False,,,,,,93,bicycle,0.2,0.5,argmax,segformer_b2_cityscapes,acdc_rain_targetcal25,4,0.7597402597402597
1.0,1000,False,0.0,0.0,1.0,0.6652631578947369,159,316.0,0.0,False,0.0,0.0,0.0,,,94,person,0.05,0.1,region_crc,segformer_b2_cityscapes,acdc_rain_targetcal25,11,
0.988,988,True,0.18193570929419986,0.18193570929419986,0.015106971375644207,0.6652631578947369,159,316.0,0.13052631578947377,False,0.23204419889502761,0.08035714285714286,0.0,,,94,person,0.05,0.1,heuristic,segformer_b2_cityscapes,acdc_rain_targetcal25,11,
,-1,True,,0.6439084325876778,0.0018989004893228412,,475,,,False,,,,,,94,person,0.05,0.1,argmax,segformer_b2_cityscapes,acdc_rain_targetcal25,11,0.5854430379746836
0.988,988,True,0.18193570929419986,0.18193570929419986,0.015106971375644207,0.6652631578947369,159,316.0,0.13052631578947377,False,0.23204419889502761,0.08035714285714286,0.0,,,94,person,0.1,0.1,region_crc,segformer_b2_cityscapes,acdc_rain_targetcal25,11,
0.98,980,True,0.22403375799602213,0.22403375799602213,0.011858991347253323,9.816842105263158,159,316.0,0.12210526315789483,False,0.281767955801105,0.10714285714285714,0.0,,,94,person,0.1,0.1,heuristic,segformer_b2_cityscapes,acdc_rain_targetcal25,11,
,-1,True,,0.6439084325876778,0.0018989004893228412,,475,,,False,,,,,,94,person,0.1,0.1,argmax,segformer_b2_cityscapes,acdc_rain_targetcal25,11,0.5854430379746836
0.98,980,True,0.22403375799602213,0.22403375799602213,0.011858991347253323,9.816842105263158,159,316.0,0.12210526315789483,False,0.281767955801105,0.10714285714285714,0.0,,,94,person,0.2,0.1,region_crc,segformer_b2_cityscapes,acdc_rain_targetcal25,11,
0.9540000000000001,954,True,0.33254390612881174,0.33254390612881174,0.007714447099715471,7.256842105263158,159,316.0,0.12210526315789477,False,0.43646408839779005,0.16964285714285715,0.0,,,94,person,0.2,0.1,heuristic,segformer_b2_cityscapes,acdc_rain_targetcal25,11,
,-1,True,,0.6439084325876778,0.0018989004893228412,,475,,,False,,,,,,94,person,0.2,0.1,argmax,segformer_b2_cityscapes,acdc_rain_targetcal25,11,0.5854430379746836
1.0,1000,False,0.0,0.0,1.0,0.6652631578947369,159,316.0,0.0,False,0.0,0.0,0.0,,,94,person,0.05,0.5,region_crc,segformer_b2_cityscapes,acdc_rain_targetcal25,11,
0.996,996,True,0.16132075471698112,0.16132075471698112,0.02444395050406456,0.6652631578947369,159,316.0,0.1810526315789474,False,0.1878453038674033,0.09821428571428571,0.0,,,94,person,0.05,0.5,heuristic,segformer_b2_cityscapes,acdc_rain_targetcal25,11,
,-1,True,,0.7463892152571397,0.0018989004893228412,,475,,,False,,,,,,94,person,0.05,0.5,argmax,segformer_b2_cityscapes,acdc_rain_targetcal25,11,0.6930379746835443
0.996,996,True,0.16132075471698112,0.16132075471698112,0.02444395050406456,0.6652631578947369,159,316.0,0.1810526315789474,False,0.1878453038674033,0.09821428571428571,0.0,,,94,person,0.1,0.5,region_crc,segformer_b2_cityscapes,acdc_rain_targetcal25,11,
0.995,995,True,0.1983927323549965,0.1983927323549965,0.022246789187192917,0.6652631578947369,159,316.0,0.17263157894736847,False,0.23756906077348067,0.11607142857142858,0.0,,,94,person,0.1,0.5,heuristic,segformer_b2_cityscapes,acdc_rain_targetcal25,11,
,-1,True,,0.7463892152571397,0.0018989004893228412,,475,,,False,,,,,,94,person,0.1,0.5,argmax,segformer_b2_cityscapes,acdc_rain_targetcal25,11,0.6930379746835443
0.995,995,True,0.1983927323549965,0.1983927323549965,0.022246789187192917,0.6652631578947369,159,316.0,0.17263157894736847,False,0.23756906077348067,0.11607142857142858,0.0,,,94,person,0.2,0.5,region_crc,segformer_b2_cityscapes,acdc_rain_targetcal25,11,
0.994,994,True,0.20516583346772024,0.20516583346772024,0.020567698404192924,0.6652631578947369,159,316.0,0.16000000000000003,False,0.2430939226519337,0.125,0.0,,,94,person,0.2,0.5,heuristic,segformer_b2_cityscapes,acdc_rain_targetcal25,11,
,-1,True,,0.7463892152571397,0.0018989004893228412,,475,,,False,,,,,,94,person,0.2,0.5,argmax,segformer_b2_cityscapes,acdc_rain_targetcal25,11,0.6930379746835443
1.0,1000,False,0.0,0.0,1.0,0.9452631578947368,26,36.0,0.0,False,0.0,0.0,0.0,,,94,rider,0.05,0.1,region_crc,segformer_b2_cityscapes,acdc_rain_targetcal25,2,
0.972,972,True,0.7115384615384616,0.7115384615384616,0.0013092054286971688,1.305263157894737,26,36.0,0.09473684210526323,False,0.8461538461538461,0.4,0.2,,,94,rider,0.05,0.1,heuristic,segformer_b2_cityscapes,acdc_rain_targetcal25,2,
,-1,True,,0.8269230769230769,0.0002633284602779895,,475,,,False,,,,,,94,rider,0.05,0.1,argmax,segformer_b2_cityscapes,acdc_rain_targetcal25,2,0.8333333333333334
1.0,1000,False,0.0,0.0,1.0,0.9452631578947368,26,36.0,0.0,False,0.0,0.0,0.0,,,94,rider,0.1,0.1,region_crc,segformer_b2_cityscapes,acdc_rain_targetcal25,2,
0.972,972,True,0.7115384615384616,0.7115384615384616,0.0013092054286971688,1.305263157894737,26,36.0,0.09473684210526323,False,0.8461538461538461,0.4,0.2,,,94,rider,0.1,0.1,heuristic,segformer_b2_cityscapes,acdc_rain_targetcal25,2,
,-1,True,,0.8269230769230769,0.0002633284602779895,,475,,,False,,,,,,94,rider,0.1,0.1,argmax,segformer_b2_cityscapes,acdc_rain_targetcal25,2,0.8333333333333334
1.0,1000,False,0.0,0.0,1.0,0.9452631578947368,26,36.0,0.0,False,0.0,0.0,0.0,,,94,rider,0.2,0.1,region_crc,segformer_b2_cityscapes,acdc_rain_targetcal25,2,
0.972,972,True,0.7115384615384616,0.7115384615384616,0.0013092054286971688,1.305263157894737,26,36.0,0.09473684210526323,False,0.8461538461538461,0.4,0.2,,,94,rider,0.2,0.1,heuristic,segformer_b2_cityscapes,acdc_rain_targetcal25,2,
,-1,True,,0.8269230769230769,0.0002633284602779895,,475,,,False,,,,,,94,rider,0.2,0.1,argmax,segformer_b2_cityscapes,acdc_rain_targetcal25,2,0.8333333333333334
1.0,1000,False,0.0,0.0,1.0,0.9452631578947368,26,36.0,0.0,False,0.0,0.0,0.0,,,94,rider,0.05,0.5,region_crc,segformer_b2_cityscapes,acdc_rain_targetcal25,2,
0.977,977,True,0.7115384615384616,0.7115384615384616,0.001457953592762351,1.305263157894737,26,36.0,0.08842105263157896,False,0.8461538461538461,0.4,0.2,,,94,rider,0.05,0.5,heuristic,segformer_b2_cityscapes,acdc_rain_targetcal25,2,
,-1,True,,0.8846153846153846,0.0002633284602779895,,475,,,False,,,,,,94,rider,0.05,0.5,argmax,segformer_b2_cityscapes,acdc_rain_targetcal25,2,0.8888888888888888
1.0,1000,False,0.0,0.0,1.0,0.9452631578947368,26,36.0,0.0,False,0.0,0.0,0.0,,,94,rider,0.1,0.5,region_crc,segformer_b2_cityscapes,acdc_rain_targetcal25,2,
0.977,977,True,0.7115384615384616,0.7115384615384616,0.001457953592762351,1.305263157894737,26,36.0,0.08842105263157896,False,0.8461538461538461,0.4,0.2,,,94,rider,0.1,0.5,heuristic,segformer_b2_cityscapes,acdc_rain_targetcal25,2,
,-1,True,,0.8846153846153846,0.0002633284602779895,,475,,,False,,,,,,94,rider,0.1,0.5,argmax,segformer_b2_cityscapes,acdc_rain_targetcal25,2,0.8888888888888888
1.0,1000,False,0.0,0.0,1.0,0.9452631578947368,26,36.0,0.0,False,0.0,0.0,0.0,,,94,rider,0.2,0.5,region_crc,segformer_b2_cityscapes,acdc_rain_targetcal25,2,
0.977,977,True,0.7115384615384616,0.7115384615384616,0.001457953592762351,1.305263157894737,26,36.0,0.08842105263157896,False,0.8461538461538461,0.4,0.2,,,94,rider,0.2,0.5,heuristic,segformer_b2_cityscapes,acdc_rain_targetcal25,2,
,-1,True,,0.8846153846153846,0.0002633284602779895,,475,,,False,,,,,,94,rider,0.2,0.5,argmax,segformer_b2_cityscapes,acdc_rain_targetcal25,2,0.8888888888888888
1.0,1000,False,0.0,0.0,1.0,0.8315789473684211,80,156.0,0.0,False,0.0,0.0,0.0,,,94,bicycle,0.05,0.1,region_crc,segformer_b2_cityscapes,acdc_rain_targetcal25,3,
0.994,994,True,0.33949404761904767,0.3394940476190476,0.008391004055738449,0.8315789473684211,80,156.0,0.20000000000000007,False,0.5,0.10714285714285714,0.0,,,94,bicycle,0.05,0.1,heuristic,segformer_b2_cityscapes,acdc_rain_targetcal25,3,
,-1,True,,0.720029761904762,0.0012018579291179776,,475,,,False,,,,,,94,bicycle,0.05,0.1,argmax,segformer_b2_cityscapes,acdc_rain_targetcal25,3,0.7051282051282052
1.0,1000,False,0.0,0.0,1.0,0.8315789473684211,80,156.0,0.0,False,0.0,0.0,0.0,,,94,bicycle,0.1,0.1,region_crc,segformer_b2_cityscapes,acdc_rain_targetcal25,3,
0.994,994,True,0.33949404761904767,0.3394940476190476,0.008391004055738449,0.8315789473684211,80,156.0,0.20000000000000007,False,0.5,0.10714285714285714,0.0,,,94,bicycle,0.1,0.1,heuristic,segformer_b2_cityscapes,acdc_rain_targetcal25,3,
,-1,True,,0.720029761904762,0.0012018579291179776,,475,,,False,,,,,,94,bicycle,0.1,0.1,argmax,segformer_b2_cityscapes,acdc_rain_targetcal25,3,0.7051282051282052
1.0,1000,False,0.0,0.0,1.0,0.8315789473684211,80,156.0,0.0,False,0.0,0.0,0.0,,,94,bicycle,0.2,0.1,region_crc,segformer_b2_cityscapes,acdc_rain_targetcal25,3,
0.994,994,True,0.33949404761904767,0.3394940476190476,0.008391004055738449,0.8315789473684211,80,156.0,0.20000000000000007,False,0.5,0.10714285714285714,0.0,,,94,bicycle,0.2,0.1,heuristic,segformer_b2_cityscapes,acdc_rain_targetcal25,3,
,-1,True,,0.720029761904762,0.0012018579291179776,,475,,,False,,,,,,94,bicycle,0.2,0.1,argmax,segformer_b2_cityscapes,acdc_rain_targetcal25,3,0.7051282051282052
1.0,1000,False,0.0,0.0,1.0,0.8315789473684211,80,156.0,0.0,False,0.0,0.0,0.0,,,94,bicycle,0.05,0.5,region_crc,segformer_b2_cityscapes,acdc_rain_targetcal25,3,
1.0,1000,True,0.0,0.0,1.0,0.8315789473684211,80,156.0,0.0,False,0.0,0.0,0.0,,,94,bicycle,0.05,0.5,heuristic,segformer_b2_cityscapes,acdc_rain_targetcal25,3,
,-1,True,,0.7655654761904762,0.0012018579291179776,,475,,,False,,,,,,94,bicycle,0.05,0.5,argmax,segformer_b2_cityscapes,acdc_rain_targetcal25,3,0.75
1.0,1000,False,0.0,0.0,1.0,0.8315789473684211,80,156.0,0.0,False,0.0,0.0,0.0,,,94,bicycle,0.1,0.5,region_crc,segformer_b2_cityscapes,acdc_rain_targetcal25,3,
1.0,1000,True,0.0,0.0,1.0,0.8315789473684211,80,156.0,0.0,False,0.0,0.0,0.0,,,94,bicycle,0.1,0.5,heuristic,segformer_b2_cityscapes,acdc_rain_targetcal25,3,
,-1,True,,0.7655654761904762,0.0012018579291179776,,475,,,False,,,,,,94,bicycle,0.1,0.5,argmax,segformer_b2_cityscapes,acdc_rain_targetcal25,3,0.75
1.0,1000,False,0.0,0.0,1.0,0.8315789473684211,80,156.0,0.0,False,0.0,0.0,0.0,,,94,bicycle,0.2,0.5,region_crc,segformer_b2_cityscapes,acdc_rain_targetcal25,3,
1.0,1000,True,0.0,0.0,1.0,0.8315789473684211,80,156.0,0.0,False,0.0,0.0,0.0,,,94,bicycle,0.2,0.5,heuristic,segformer_b2_cityscapes,acdc_rain_targetcal25,3,
,-1,True,,0.7655654761904762,0.0012018579291179776,,475,,,False,,,,,,94,bicycle,0.2,0.5,argmax,segformer_b2_cityscapes,acdc_rain_targetcal25,3,0.75
1.0,1000,False,0.0,0.0,1.0,0.6568421052631579,163,315.0,0.0,False,0.0,0.0,0.0,,,95,person,0.05,0.1,region_crc,segformer_b2_cityscapes,acdc_rain_targetcal25,7,
0.995,995,True,0.11574642126789367,0.11574642126789367,0.022144880145788193,0.6568421052631579,163,315.0,0.1663157894736842,False,0.12849162011173185,0.0782608695652174,0.0,,,95,person,0.05,0.1,heuristic,segformer_b2_cityscapes,acdc_rain_targetcal25,7,
,-1,True,,0.6449781643033177,0.001784526277333498,,475,,,False,,,,,,95,person,0.05,0.1,argmax,segformer_b2_cityscapes,acdc_rain_targetcal25,7,0.580952380952381
1.0,1000,False,0.0,0.0,1.0,0.6568421052631579,163,315.0,0.0,False,0.0,0.0,0.0,,,95,person,0.1,0.1,region_crc,segformer_b2_cityscapes,acdc_rain_targetcal25,7,
0.993,993,True,0.13333333333333333,0.13333333333333333,0.019114134833216667,0.6568421052631579,163,315.0,0.16421052631578947,False,0.16759776536312848,0.0782608695652174,0.0,,,95,person,0.1,0.1,heuristic,segformer_b2_cityscapes,acdc_rain_targetcal25,7,
,-1,True,,0.6449781643033177,0.001784526277333498,,475,,,False,,,,,,95,person,0.1,0.1,argmax,segformer_b2_cityscapes,acdc_rain_targetcal25,7,0.580952380952381
0.993,993,True,0.13333333333333333,0.13333333333333333,0.019114134833216667,0.6568421052631579,163,315.0,0.16421052631578947,False,0.16759776536312848,0.0782608695652174,0.0,,,95,person,0.2,0.1,region_crc,segformer_b2_cityscapes,acdc_rain_targetcal25,7,
0.928,928,True,0.40624583323969826,0.40624583323969826,0.005881165619939566,5.88421052631579,163,315.0,0.13473684210526315,False,0.5195530726256983,0.1826086956521739,0.0,,,95,person,0.2,0.1,heuristic,segformer_b2_cityscapes,acdc_rain_targetcal25,7,
,-1,True,,0.6449781643033177,0.001784526277333498,,475,,,False,,,,,,95,person,0.2,0.1,argmax,segformer_b2_cityscapes,acdc_rain_targetcal25,7,0.580952380952381
1.0,1000,False,0.0,0.0,1.0,0.6568421052631579,163,315.0,0.0,False,0.0,0.0,0.0,,,95,person,0.05,0.5,region_crc,segformer_b2_cityscapes,acdc_rain_targetcal25,7,
0.998,998,True,0.11339468302658487,0.11339468302658487,0.03222739323973656,0.6568421052631579,163,315.0,0.14315789473684215,False,0.11731843575418995,0.08695652173913043,0.0,,,95,person,0.05,0.5,heuristic,segformer_b2_cityscapes,acdc_rain_targetcal25,7,
,-1,True,,0.7554757784819135,0.001784526277333498,,475,,,False,,,,,,95,person,0.05,0.5,argmax,segformer_b2_cityscapes,acdc_rain_targetcal25,7,0.6952380952380952
1.0,1000,False,0.0,0.0,1.0,0.6568421052631579,163,315.0,0.0,False,0.0,0.0,0.0,,,95,person,0.1,0.5,region_crc,segformer_b2_cityscapes,acdc_rain_targetcal25,7,
0.998,998,True,0.11339468302658487,0.11339468302658487,0.03222739323973656,0.6568421052631579,163,315.0,0.14315789473684215,False,0.11731843575418995,0.08695652173913043,0.0,,,95,person,0.1,0.5,heuristic,segformer_b2_cityscapes,acdc_rain_targetcal25,7,
,-1,True,,0.7554757784819135,0.001784526277333498,,475,,,False,,,,,,95,person,0.1,0.5,argmax,segformer_b2_cityscapes,acdc_rain_targetcal25,7,0.6952380952380952
0.998,998,True,0.11339468302658487,0.11339468302658487,0.03222739323973656,0.6568421052631579,163,315.0,0.14315789473684215,False,0.11731843575418995,0.08695652173913043,0.0,,,95,person,0.2,0.5,region_crc,segformer_b2_cityscapes,acdc_rain_targetcal25,7,
0.997,997,True,0.1312883435582822,0.1312883435582822,0.027413267642259598,0.6568421052631579,163,315.0,0.14105263157894743,False,0.1564245810055866,0.08695652173913043,0.0,,,95,person,0.2,0.5,heuristic,segformer_b2_cityscapes,acdc_rain_targetcal25,7,
,-1,True,,0.7554757784819135,0.001784526277333498,,475,,,False,,,,,,95,person,0.2,0.5,argmax,segformer_b2_cityscapes,acdc_rain_targetcal25,7,0.6952380952380952
,-1,False,,,,,475,,,False,,,,,,95,rider,0.05,0.1,region_crc,segformer_b2_cityscapes,acdc_rain_targetcal25,0,
,-1,False,,,,,475,,,False,,,,,,95,rider,0.05,0.1,heuristic,segformer_b2_cityscapes,acdc_rain_targetcal25,0,
,-1,True,,0.8035714285714286,0.00027923472225666046,,475,,,False,,,,,,95,rider,0.05,0.1,argmax,segformer_b2_cityscapes,acdc_rain_targetcal25,0,0.8157894736842105
,-1,False,,,,,475,,,False,,,,,,95,rider,0.1,0.1,region_crc,segformer_b2_cityscapes,acdc_rain_targetcal25,0,
,-1,False,,,,,475,,,False,,,,,,95,rider,0.1,0.1,heuristic,segformer_b2_cityscapes,acdc_rain_targetcal25,0,
,-1,True,,0.8035714285714286,0.00027923472225666046,,475,,,False,,,,,,95,rider,0.1,0.1,argmax,segformer_b2_cityscapes,acdc_rain_targetcal25,0,0.8157894736842105
,-1,False,,,,,475,,,False,,,,,,95,rider,0.2,0.1,region_crc,segformer_b2_cityscapes,acdc_rain_targetcal25,0,
,-1,False,,,,,475,,,False,,,,,,95,rider,0.2,0.1,heuristic,segformer_b2_cityscapes,acdc_rain_targetcal25,0,
,-1,True,,0.8035714285714286,0.00027923472225666046,,475,,,False,,,,,,95,rider,0.2,0.1,argmax,segformer_b2_cityscapes,acdc_rain_targetcal25,0,0.8157894736842105
,-1,False,,,,,475,,,False,,,,,,95,rider,0.05,0.5,region_crc,segformer_b2_cityscapes,acdc_rain_targetcal25,0,
,-1,False,,,,,475,,,False,,,,,,95,rider,0.05,0.5,heuristic,segformer_b2_cityscapes,acdc_rain_targetcal25,0,
,-1,True,,0.8571428571428571,0.00027923472225666046,,475,,,False,,,,,,95,rider,0.05,0.5,argmax,segformer_b2_cityscapes,acdc_rain_targetcal25,0,0.868421052631579
,-1,False,,,,,475,,,False,,,,,,95,rider,0.1,0.5,region_crc,segformer_b2_cityscapes,acdc_rain_targetcal25,0,
,-1,False,,,,,475,,,False,,,,,,95,rider,0.1,0.5,heuristic,segformer_b2_cityscapes,acdc_rain_targetcal25,0,
,-1,True,,0.8571428571428571,0.00027923472225666046,,475,,,False,,,,,,95,rider,0.1,0.5,argmax,segformer_b2_cityscapes,acdc_rain_targetcal25,0,0.868421052631579
,-1,False,,,,,475,,,False,,,,,,95,rider,0.2,0.5,region_crc,segformer_b2_cityscapes,acdc_rain_targetcal25,0,
,-1,False,,,,,475,,,False,,,,,,95,rider,0.2,0.5,heuristic,segformer_b2_cityscapes,acdc_rain_targetcal25,0,
,-1,True,,0.8571428571428571,0.00027923472225666046,,475,,,False,,,,,,95,rider,0.2,0.5,argmax,segformer_b2_cityscapes,acdc_rain_targetcal25,0,0.868421052631579
1.0,1000,False,0.0,0.0,1.0,0.8336842105263158,79,149.0,0.0,False,0.0,0.0,0.0,,,95,bicycle,0.05,0.1,region_crc,segformer_b2_cityscapes,acdc_rain_targetcal25,4,
1.0,1000,True,0.0,0.0,1.0,0.8336842105263158,79,149.0,0.0,False,0.0,0.0,0.0,,,95,bicycle,0.05,0.1,heuristic,segformer_b2_cityscapes,acdc_rain_targetcal25,4,
,-1,True,,0.7381856540084388,0.001137337414547801,,475,,,False,,,,,,95,bicycle,0.05,0.1,argmax,segformer_b2_cityscapes,acdc_rain_targetcal25,4,0.7315436241610739
1.0,1000,False,0.0,0.0,1.0,0.8336842105263158,79,149.0,0.0,False,0.0,0.0,0.0,,,95,bicycle,0.1,0.1,region_crc,segformer_b2_cityscapes,acdc_rain_targetcal25,4,
1.0,1000,True,0.0,0.0,1.0,0.8336842105263158,79,149.0,0.0,False,0.0,0.0,0.0,,,95,bicycle,0.1,0.1,heuristic,segformer_b2_cityscapes,acdc_rain_targetcal25,4,
,-1,True,,0.7381856540084388,0.001137337414547801,,475,,,False,,,,,,95,bicycle,0.1,0.1,argmax,segformer_b2_cityscapes,acdc_rain_targetcal25,4,0.7315436241610739
1.0,1000,True,0.0,0.0,1.0,0.8336842105263158,79,149.0,0.0,False,0.0,0.0,0.0,,,95,bicycle,0.2,0.1,region_crc,segformer_b2_cityscapes,acdc_rain_targetcal25,4,
1.0,1000,True,0.0,0.0,1.0,0.8336842105263158,79,149.0,0.0,False,0.0,0.0,0.0,,,95,bicycle,0.2,0.1,heuristic,segformer_b2_cityscapes,acdc_rain_targetcal25,4,
,-1,True,,0.7381856540084388,0.001137337414547801,,475,,,False,,,,,,95,bicycle,0.2,0.1,argmax,segformer_b2_cityscapes,acdc_rain_targetcal25,4,0.7315436241610739
1.0,1000,False,0.0,0.0,1.0,0.8336842105263158,79,149.0,0.0,False,0.0,0.0,0.0,,,95,bicycle,0.05,0.5,region_crc,segformer_b2_cityscapes,acdc_rain_targetcal25,4,
1.0,1000,True,0.0,0.0,1.0,0.8336842105263158,79,149.0,0.0,False,0.0,0.0,0.0,,,95,bicycle,0.05,0.5,heuristic,segformer_b2_cityscapes,acdc_rain_targetcal25,4,
,-1,True,,0.7824894514767932,0.001137337414547801,,475,,,False,,,,,,95,bicycle,0.05,0.5,argmax,segformer_b2_cityscapes,acdc_rain_targetcal25,4,0.7718120805369127
1.0,1000,False,0.0,0.0,1.0,0.8336842105263158,79,149.0,0.0,False,0.0,0.0,0.0,,,95,bicycle,0.1,0.5,region_crc,segformer_b2_cityscapes,acdc_rain_targetcal25,4,
1.0,1000,True,0.0,0.0,1.0,0.8336842105263158,79,149.0,0.0,False,0.0,0.0,0.0,,,95,bicycle,0.1,0.5,heuristic,segformer_b2_cityscapes,acdc_rain_targetcal25,4,
,-1,True,,0.7824894514767932,0.001137337414547801,,475,,,False,,,,,,95,bicycle,0.1,0.5,argmax,segformer_b2_cityscapes,acdc_rain_targetcal25,4,0.7718120805369127
1.0,1000,True,0.0,0.0,1.0,0.8336842105263158,79,149.0,0.0,False,0.0,0.0,0.0,,,95,bicycle,0.2,0.5,region_crc,segformer_b2_cityscapes,acdc_rain_targetcal25,4,
1.0,1000,True,0.0,0.0,1.0,0.8336842105263158,79,149.0,0.0,False,0.0,0.0,0.0,,,95,bicycle,0.2,0.5,heuristic,segformer_b2_cityscapes,acdc_rain_targetcal25,4,
,-1,True,,0.7824894514767932,0.001137337414547801,,475,,,False,,,,,,95,bicycle,0.2,0.5,argmax,segformer_b2_cityscapes,acdc_rain_targetcal25,4,0.7718120805369127
1.0,1000,False,0.0,0.0,1.0,0.6736842105263158,155,308.0,0.0,False,0.0,0.0,0.0,,,96,person,0.05,0.1,region_crc,segformer_b2_cityscapes,acdc_rain_targetcal25,15,
1.0,1000,True,0.0,0.0,1.0,0.6736842105263158,155,308.0,0.0,False,0.0,0.0,0.0,,,96,person,0.05,0.1,heuristic,segformer_b2_cityscapes,acdc_rain_targetcal25,15,
,-1,True,,0.6379447792351017,0.001742557273246348,,475,,,False,,,,,,96,person,0.05,0.1,argmax,segformer_b2_cityscapes,acdc_rain_targetcal25,15,0.577922077922078
1.0,1000,True,0.0,0.0,1.0,0.6736842105263158,155,308.0,0.0,False,0.0,0.0,0.0,,,96,person,0.1,0.1,region_crc,segformer_b2_cityscapes,acdc_rain_targetcal25,15,
0.997,997,True,0.08924731182795698,0.08924731182795698,0.026870878413319588,0.6736842105263158,155,308.0,0.17263157894736836,False,0.0898876404494382,0.06422018348623854,0.0,,,96,person,0.1,0.1,heuristic,segformer_b2_cityscapes,acdc_rain_targetcal25,15,
,-1,True,,0.6379447792351017,0.001742557273246348,,475,,,False,,,,,,96,person,0.1,0.1,argmax,segformer_b2_cityscapes,acdc_rain_targetcal25,15,0.577922077922078
0.993,993,True,0.13053763440860217,0.13053763440860217,0.018661171197891235,0.6736842105263158,155,308.0,0.19789473684210523,False,0.16853932584269662,0.07339449541284404,0.0,,,96,person,0.2,0.1,region_crc,segformer_b2_cityscapes,acdc_rain_targetcal25,15,
0.988,988,True,0.16727598566308244,0.16727598566308244,0.01459057629108429,0.6736842105263158,155,308.0,0.19999999999999996,False,0.2247191011235955,0.07339449541284404,0.0,,,96,person,0.2,0.1,heuristic,segformer_b2_cityscapes,acdc_rain_targetcal25,15,
,-1,True,,0.6379447792351017,0.001742557273246348,,475,,,False,,,,,,96,person,0.2,0.1,argmax,segformer_b2_cityscapes,acdc_rain_targetcal25,15,0.577922077922078
1.0,1000,False,0.0,0.0,1.0,0.6736842105263158,155,308.0,0.0,False,0.0,0.0,0.0,,,96,person,0.05,0.5,region_crc,segformer_b2_cityscapes,acdc_rain_targetcal25,15,
1.0,1000,True,0.0,0.0,1.0,0.6736842105263158,155,308.0,0.0,False,0.0,0.0,0.0,,,96,person,0.05,0.5,heuristic,segformer_b2_cityscapes,acdc_rain_targetcal25,15,
,-1,True,,0.7538229154358186,0.001742557273246348,,475,,,False,,,,,,96,person,0.05,0.5,argmax,segformer_b2_cityscapes,acdc_rain_targetcal25,15,0.6948051948051948
1.0,1000,True,0.0,0.0,1.0,0.6736842105263158,155,308.0,0.0,False,0.0,0.0,0.0,,,96,person,0.1,0.5,region_crc,segformer_b2_cityscapes,acdc_rain_targetcal25,15,
0.998,998,True,0.11440860215053764,0.11440860215053764,0.0316438265144825,0.6736842105263158,155,308.0,0.15578947368421048,False,0.12359550561797752,0.08256880733944955,0.0,,,96,person,0.1,0.5,heuristic,segformer_b2_cityscapes,acdc_rain_targetcal25,15,
,-1,True,,0.7538229154358186,0.001742557273246348,,475,,,False,,,,,,96,person,0.1,0.5,argmax,segformer_b2_cityscapes,acdc_rain_targetcal25,15,0.6948051948051948
0.997,997,True,0.1332258064516129,0.1332258064516129,0.026870878413319588,0.6736842105263158,155,308.0,0.17263157894736836,False,0.15730337078651685,0.09174311926605505,0.0,,,96,person,0.2,0.5,region_crc,segformer_b2_cityscapes,acdc_rain_targetcal25,15,
0.996,996,True,0.1461290322580645,0.1461290322580645,0.023830775171518326,0.6736842105263158,155,308.0,0.16421052631578947,False,0.1797752808988764,0.09174311926605505,0.0,,,96,person,0.2,0.5,heuristic,segformer_b2_cityscapes,acdc_rain_targetcal25,15,
,-1,True,,0.7538229154358186,0.001742557273246348,,475,,,False,,,,,,96,person,0.2,0.5,argmax,segformer_b2_cityscapes,acdc_rain_targetcal25,15,0.6948051948051948
1.0,1000,False,0.0,0.0,1.0,0.9452631578947368,26,36.0,0.0,False,0.0,0.0,0.0,,,96,rider,0.05,0.1,region_crc,segformer_b2_cityscapes,acdc_rain_targetcal25,2,
1.0,1000,True,0.0,0.0,1.0,0.9452631578947368,26,36.0,0.0,False,0.0,0.0,0.0,,,96,rider,0.05,0.1,heuristic,segformer_b2_cityscapes,acdc_rain_targetcal25,2,
,-1,True,,0.7884615384615384,0.0002491664490662515,,475,,,False,,,,,,96,rider,0.05,0.1,argmax,segformer_b2_cityscapes,acdc_rain_targetcal25,2,0.8055555555555556
1.0,1000,False,0.0,0.0,1.0,0.9452631578947368,26,36.0,0.0,False,0.0,0.0,0.0,,,96,rider,0.1,0.1,region_crc,segformer_b2_cityscapes,acdc_rain_targetcal25,2,
1.0,1000,True,0.0,0.0,1.0,0.9452631578947368,26,36.0,0.0,False,0.0,0.0,0.0,,,96,rider,0.1,0.1,heuristic,segformer_b2_cityscapes,acdc_rain_targetcal25,2,
,-1,True,,0.7884615384615384,0.0002491664490662515,,475,,,False,,,,,,96,rider,0.1,0.1,argmax,segformer_b2_cityscapes,acdc_rain_targetcal25,2,0.8055555555555556
1.0,1000,False,0.0,0.0,1.0,0.9452631578947368,26,36.0,0.0,False,0.0,0.0,0.0,,,96,rider,0.2,0.1,region_crc,segformer_b2_cityscapes,acdc_rain_targetcal25,2,
1.0,1000,True,0.0,0.0,1.0,0.9452631578947368,26,36.0,0.0,False,0.0,0.0,0.0,,,96,rider,0.2,0.1,heuristic,segformer_b2_cityscapes,acdc_rain_targetcal25,2,
,-1,True,,0.7884615384615384,0.0002491664490662515,,475,,,False,,,,,,96,rider,0.2,0.1,argmax,segformer_b2_cityscapes,acdc_rain_targetcal25,2,0.8055555555555556
1.0,1000,False,0.0,0.0,1.0,0.9452631578947368,26,36.0,0.0,False,0.0,0.0,0.0,,,96,rider,0.05,0.5,region_crc,segformer_b2_cityscapes,acdc_rain_targetcal25,2,
1.0,1000,True,0.0,0.0,1.0,0.9452631578947368,26,36.0,0.0,False,0.0,0.0,0.0,,,96,rider,0.05,0.5,heuristic,segformer_b2_cityscapes,acdc_rain_targetcal25,2,
,-1,True,,0.8461538461538461,0.0002491664490662515,,475,,,False,,,,,,96,rider,0.05,0.5,argmax,segformer_b2_cityscapes,acdc_rain_targetcal25,2,0.8611111111111112
1.0,1000,False,0.0,0.0,1.0,0.9452631578947368,26,36.0,0.0,False,0.0,0.0,0.0,,,96,rider,0.1,0.5,region_crc,segformer_b2_cityscapes,acdc_rain_targetcal25,2,
1.0,1000,True,0.0,0.0,1.0,0.9452631578947368,26,36.0,0.0,False,0.0,0.0,0.0,,,96,rider,0.1,0.5,heuristic,segformer_b2_cityscapes,acdc_rain_targetcal25,2,
,-1,True,,0.8461538461538461,0.0002491664490662515,,475,,,False,,,,,,96,rider,0.1,0.5,argmax,segformer_b2_cityscapes,acdc_rain_targetcal25,2,0.8611111111111112
1.0,1000,False,0.0,0.0,1.0,0.9452631578947368,26,36.0,0.0,False,0.0,0.0,0.0,,,96,rider,0.2,0.5,region_crc,segformer_b2_cityscapes,acdc_rain_targetcal25,2,
1.0,1000,True,0.0,0.0,1.0,0.9452631578947368,26,36.0,0.0,False,0.0,0.0,0.0,,,96,rider,0.2,0.5,heuristic,segformer_b2_cityscapes,acdc_rain_targetcal25,2,
,-1,True,,0.8461538461538461,0.0002491664490662515,,475,,,False,,,,,,96,rider,0.2,0.5,argmax,segformer_b2_cityscapes,acdc_rain_targetcal25,2,0.8611111111111112
1.0,1000,False,0.0,0.0,1.0,0.8357894736842105,78,153.0,0.0,False,0.0,0.0,0.0,,,96,bicycle,0.05,0.1,region_crc,segformer_b2_cityscapes,acdc_rain_targetcal25,5,
1.0,1000,True,0.0,0.0,1.0,0.8357894736842105,78,153.0,0.0,False,0.0,0.0,0.0,,,96,bicycle,0.05,0.1,heuristic,segformer_b2_cityscapes,acdc_rain_targetcal25,5,
,-1,True,,0.7384920634920635,0.001158082508482039,,475,,,False,,,,,,96,bicycle,0.05,0.1,argmax,segformer_b2_cityscapes,acdc_rain_targetcal25,5,0.7124183006535948
1.0,1000,False,0.0,0.0,1.0,0.8357894736842105,78,153.0,0.0,False,0.0,0.0,0.0,,,96,bicycle,0.1,0.1,region_crc,segformer_b2_cityscapes,acdc_rain_targetcal25,5,
1.0,1000,True,0.0,0.0,1.0,0.8357894736842105,78,153.0,0.0,False,0.0,0.0,0.0,,,96,bicycle,0.1,0.1,heuristic,segformer_b2_cityscapes,acdc_rain_targetcal25,5,
,-1,True,,0.7384920634920635,0.001158082508482039,,475,,,False,,,,,,96,bicycle,0.1,0.1,argmax,segformer_b2_cityscapes,acdc_rain_targetcal25,5,0.7124183006535948
1.0,1000,True,0.0,0.0,1.0,0.8357894736842105,78,153.0,0.0,False,0.0,0.0,0.0,,,96,bicycle,0.2,0.1,region_crc,segformer_b2_cityscapes,acdc_rain_targetcal25,5,
1.0,1000,True,0.0,0.0,1.0,0.8357894736842105,78,153.0,0.0,False,0.0,0.0,0.0,,,96,bicycle,0.2,0.1,heuristic,segformer_b2_cityscapes,acdc_rain_targetcal25,5,
,-1,True,,0.7384920634920635,0.001158082508482039,,475,,,False,,,,,,96,bicycle,0.2,0.1,argmax,segformer_b2_cityscapes,acdc_rain_targetcal25,5,0.7124183006535948
1.0,1000,False,0.0,0.0,1.0,0.8357894736842105,78,153.0,0.0,False,0.0,0.0,0.0,,,96,bicycle,0.05,0.5,region_crc,segformer_b2_cityscapes,acdc_rain_targetcal25,5,
1.0,1000,True,0.0,0.0,1.0,0.8357894736842105,78,153.0,0.0,False,0.0,0.0,0.0,,,96,bicycle,0.05,0.5,heuristic,segformer_b2_cityscapes,acdc_rain_targetcal25,5,
,-1,True,,0.7851953601953602,0.001158082508482039,,475,,,False,,,,,,96,bicycle,0.05,0.5,argmax,segformer_b2_cityscapes,acdc_rain_targetcal25,5,0.7581699346405228
1.0,1000,False,0.0,0.0,1.0,0.8357894736842105,78,153.0,0.0,False,0.0,0.0,0.0,,,96,bicycle,0.1,0.5,region_crc,segformer_b2_cityscapes,acdc_rain_targetcal25,5,
1.0,1000,True,0.0,0.0,1.0,0.8357894736842105,78,153.0,0.0,False,0.0,0.0,0.0,,,96,bicycle,0.1,0.5,heuristic,segformer_b2_cityscapes,acdc_rain_targetcal25,5,
,-1,True,,0.7851953601953602,0.001158082508482039,,475,,,False,,,,,,96,bicycle,0.1,0.5,argmax,segformer_b2_cityscapes,acdc_rain_targetcal25,5,0.7581699346405228
1.0,1000,True,0.0,0.0,1.0,0.8357894736842105,78,153.0,0.0,False,0.0,0.0,0.0,,,96,bicycle,0.2,0.5,region_crc,segformer_b2_cityscapes,acdc_rain_targetcal25,5,
1.0,1000,True,0.0,0.0,1.0,0.8357894736842105,78,153.0,0.0,False,0.0,0.0,0.0,,,96,bicycle,0.2,0.5,heuristic,segformer_b2_cityscapes,acdc_rain_targetcal25,5,
,-1,True,,0.7851953601953602,0.001158082508482039,,475,,,False,,,,,,96,bicycle,0.2,0.5,argmax,segformer_b2_cityscapes,acdc_rain_targetcal25,5,0.7581699346405228
1.0,1000,False,0.0,0.0,1.0,0.6673684210526316,158,310.0,0.0,False,0.0,0.0,0.0,,,97,person,0.05,0.1,region_crc,segformer_b2_cityscapes,acdc_rain_targetcal25,12,
0.972,972,True,0.2972013570114836,0.2972013570114836,0.010032895021140575,9.795789473684211,158,310.0,0.07999999999999996,False,0.3546511627906977,0.17094017094017094,0.0,,,97,person,0.05,0.1,heuristic,segformer_b2_cityscapes,acdc_rain_targetcal25,12,
,-1,True,,0.6346926631736758,0.001921035349369049,,475,,,False,,,,,,97,person,0.05,0.1,argmax,segformer_b2_cityscapes,acdc_rain_targetcal25,12,0.567741935483871
0.987,987,True,0.19890998593530237,0.19890998593530237,0.014566698111593723,9.795789473684211,158,310.0,0.08842105263157896,False,0.2558139534883721,0.08547008547008547,0.0,,,97,person,0.1,0.1,region_crc,segformer_b2_cityscapes,acdc_rain_targetcal25,12,
0.9570000000000001,957,True,0.3350705553237199,0.33507055532371993,0.008019973523914814,7.256842105263158,158,310.0,0.08842105263157896,False,0.43023255813953487,0.17094017094017094,0.0,,,97,person,0.1,0.1,heuristic,segformer_b2_cityscapes,acdc_rain_targetcal25,12,
,-1,True,,0.6346926631736758,0.001921035349369049,,475,,,False,,,,,,97,person,0.1,0.1,argmax,segformer_b2_cityscapes,acdc_rain_targetcal25,12,0.567741935483871
0.927,927,True,0.4241650051776634,0.4241650051776634,0.005972577258944511,5.905263157894737,158,310.0,0.09894736842105267,False,0.5348837209302325,0.19658119658119658,0.0,,,97,person,0.2,0.1,region_crc,segformer_b2_cityscapes,acdc_rain_targetcal25,12,
0.922,922,True,0.4304941191017141,0.4304941191017141,0.005747969727963209,5.905263157894737,158,310.0,0.09684210526315795,False,0.5406976744186046,0.19658119658119658,0.0,,,97,person,0.2,0.1,heuristic,segformer_b2_cityscapes,acdc_rain_targetcal25,12,
,-1,True,,0.6346926631736758,0.001921035349369049,,475,,,False,,,,,,97,person,0.2,0.1,argmax,segformer_b2_cityscapes,acdc_rain_targetcal25,12,0.567741935483871
1.0,1000,False,0.0,0.0,1.0,0.6673684210526316,158,310.0,0.0,False,0.0,0.0,0.0,,,97,person,0.05,0.5,region_crc,segformer_b2_cityscapes,acdc_rain_targetcal25,12,
0.988,988,True,0.3163996692477705,0.3163996692477705,0.015108663588762283,0.6673684210526316,158,310.0,0.09052631578947379,False,0.37209302325581395,0.19658119658119658,0.0,,,97,person,0.05,0.5,heuristic,segformer_b2_cityscapes,acdc_rain_targetcal25,12,
,-1,True,,0.7420414676743791,0.001921035349369049,,475,,,False,,,,,,97,person,0.05,0.5,argmax,segformer_b2_cityscapes,acdc_rain_targetcal25,12,0.6838709677419355
0.989,989,True,0.312330953153738,0.312330953153738,0.015715327113866806,0.6673684210526316,158,310.0,0.08631578947368423,False,0.36627906976744184,0.18803418803418803,0.0,,,97,person,0.1,0.5,region_crc,segformer_b2_cityscapes,acdc_rain_targetcal25,12,
0.984,984,True,0.34192709540810806,0.34192709540810806,0.013218604028224945,9.795789473684211,158,310.0,0.08210526315789479,False,0.4011627906976744,0.20512820512820512,0.0,,,97,person,0.1,0.5,heuristic,segformer_b2_cityscapes,acdc_rain_targetcal25,12,
,-1,True,,0.7420414676743791,0.001921035349369049,,475,,,False,,,,,,97,person,0.1,0.5,argmax,segformer_b2_cityscapes,acdc_rain_targetcal25,12,0.6838709677419355
0.983,983,True,0.35036591397350886,0.35036591397350886,0.012839616276323795,9.795789473684211,158,310.0,0.08210526315789474,False,0.4127906976744186,0.20512820512820512,0.0,,,97,person,0.2,0.5,region_crc,segformer_b2_cityscapes,acdc_rain_targetcal25,12,
0.9570000000000001,957,True,0.4583422203675368,0.4583422203675368,0.008019973523914814,7.256842105263158,158,310.0,0.08842105263157896,False,0.5581395348837209,0.23931623931623933,0.09523809523809523,,,97,person,0.2,0.5,heuristic,segformer_b2_cityscapes,acdc_rain_targetcal25,12,
,-1,True,,0.7420414676743791,0.001921035349369049,,475,,,False,,,,,,97,person,0.2,0.5,argmax,segformer_b2_cityscapes,acdc_rain_targetcal25,12,0.6838709677419355
1.0,1000,False,0.0,0.0,1.0,0.9494736842105264,24,34.0,0.0,False,0.0,0.0,0.0,,,97,rider,0.05,0.1,region_crc,segformer_b2_cityscapes,acdc_rain_targetcal25,4,
1.0,1000,True,0.0,0.0,1.0,0.9494736842105264,24,34.0,0.0,False,0.0,0.0,0.0,,,97,rider,0.05,0.1,heuristic,segformer_b2_cityscapes,acdc_rain_targetcal25,4,
,-1,True,,0.8125,0.00026861293008551,,475,,,False,,,,,,97,rider,0.05,0.1,argmax,segformer_b2_cityscapes,acdc_rain_targetcal25,4,0.8235294117647058
1.0,1000,False,0.0,0.0,1.0,0.9494736842105264,24,34.0,0.0,False,0.0,0.0,0.0,,,97,rider,0.1,0.1,region_crc,segformer_b2_cityscapes,acdc_rain_targetcal25,4,
1.0,1000,True,0.0,0.0,1.0,0.9494736842105264,24,34.0,0.0,False,0.0,0.0,0.0,,,97,rider,0.1,0.1,heuristic,segformer_b2_cityscapes,acdc_rain_targetcal25,4,
,-1,True,,0.8125,0.00026861293008551,,475,,,False,,,,,,97,rider,0.1,0.1,argmax,segformer_b2_cityscapes,acdc_rain_targetcal25,4,0.8235294117647058
1.0,1000,True,0.0,0.0,1.0,0.9494736842105264,24,34.0,0.0,False,0.0,0.0,0.0,,,97,rider,0.2,0.1,region_crc,segformer_b2_cityscapes,acdc_rain_targetcal25,4,
1.0,1000,True,0.0,0.0,1.0,0.9494736842105264,24,34.0,0.0,False,0.0,0.0,0.0,,,97,rider,0.2,0.1,heuristic,segformer_b2_cityscapes,acdc_rain_targetcal25,4,
,-1,True,,0.8125,0.00026861293008551,,475,,,False,,,,,,97,rider,0.2,0.1,argmax,segformer_b2_cityscapes,acdc_rain_targetcal25,4,0.8235294117647058
1.0,1000,False,0.0,0.0,1.0,0.9494736842105264,24,34.0,0.0,False,0.0,0.0,0.0,,,97,rider,0.05,0.5,region_crc,segformer_b2_cityscapes,acdc_rain_targetcal25,4,
1.0,1000,True,0.0,0.0,1.0,0.9494736842105264,24,34.0,0.0,False,0.0,0.0,0.0,,,97,rider,0.05,0.5,heuristic,segformer_b2_cityscapes,acdc_rain_targetcal25,4,
,-1,True,,0.8333333333333334,0.00026861293008551,,475,,,False,,,,,,97,rider,0.05,0.5,argmax,segformer_b2_cityscapes,acdc_rain_targetcal25,4,0.8529411764705882
1.0,1000,False,0.0,0.0,1.0,0.9494736842105264,24,34.0,0.0,False,0.0,0.0,0.0,,,97,rider,0.1,0.5,region_crc,segformer_b2_cityscapes,acdc_rain_targetcal25,4,
1.0,1000,True,0.0,0.0,1.0,0.9494736842105264,24,34.0,0.0,False,0.0,0.0,0.0,,,97,rider,0.1,0.5,heuristic,segformer_b2_cityscapes,acdc_rain_targetcal25,4,
,-1,True,,0.8333333333333334,0.00026861293008551,,475,,,False,,,,,,97,rider,0.1,0.5,argmax,segformer_b2_cityscapes,acdc_rain_targetcal25,4,0.8529411764705882
1.0,1000,True,0.0,0.0,1.0,0.9494736842105264,24,34.0,0.0,False,0.0,0.0,0.0,,,97,rider,0.2,0.5,region_crc,segformer_b2_cityscapes,acdc_rain_targetcal25,4,
1.0,1000,True,0.0,0.0,1.0,0.9494736842105264,24,34.0,0.0,False,0.0,0.0,0.0,,,97,rider,0.2,0.5,heuristic,segformer_b2_cityscapes,acdc_rain_targetcal25,4,
,-1,True,,0.8333333333333334,0.00026861293008551,,475,,,False,,,,,,97,rider,0.2,0.5,argmax,segformer_b2_cityscapes,acdc_rain_targetcal25,4,0.8529411764705882
1.0,1000,False,0.0,0.0,1.0,0.848421052631579,72,144.0,0.0,False,0.0,0.0,0.0,,,97,bicycle,0.05,0.1,region_crc,segformer_b2_cityscapes,acdc_rain_targetcal25,11,
1.0,1000,True,0.0,0.0,1.0,0.848421052631579,72,144.0,0.0,False,0.0,0.0,0.0,,,97,bicycle,0.05,0.1,heuristic,segformer_b2_cityscapes,acdc_rain_targetcal25,11,
,-1,True,,0.7305886243386244,0.001018507406115532,,475,,,False,,,,,,97,bicycle,0.05,0.1,argmax,segformer_b2_cityscapes,acdc_rain_targetcal25,11,0.7083333333333334
1.0,1000,True,0.0,0.0,1.0,0.848421052631579,72,144.0,0.0,False,0.0,0.0,0.0,,,97,bicycle,0.1,0.1,region_crc,segformer_b2_cityscapes,acdc_rain_targetcal25,11,
1.0,1000,True,0.0,0.0,1.0,0.848421052631579,72,144.0,0.0,False,0.0,0.0,0.0,,,97,bicycle,0.1,0.1,heuristic,segformer_b2_cityscapes,acdc_rain_targetcal25,11,
,-1,True,,0.7305886243386244,0.001018507406115532,,475,,,False,,,,,,97,bicycle,0.1,0.1,argmax,segformer_b2_cityscapes,acdc_rain_targetcal25,11,0.7083333333333334
1.0,1000,True,0.0,0.0,1.0,0.848421052631579,72,144.0,0.0,False,0.0,0.0,0.0,,,97,bicycle,0.2,0.1,region_crc,segformer_b2_cityscapes,acdc_rain_targetcal25,11,
0.986,986,True,0.4132275132275132,0.41322751322751317,0.005361464340239763,3.7094736842105265,72,144.0,0.08842105263157896,False,0.5512820512820513,0.2037037037037037,0.0,,,97,bicycle,0.2,0.1,heuristic,segformer_b2_cityscapes,acdc_rain_targetcal25,11,
,-1,True,,0.7305886243386244,0.001018507406115532,,475,,,False,,,,,,97,bicycle,0.2,0.1,argmax,segformer_b2_cityscapes,acdc_rain_targetcal25,11,0.7083333333333334
1.0,1000,False,0.0,0.0,1.0,0.848421052631579,72,144.0,0.0,False,0.0,0.0,0.0,,,97,bicycle,0.05,0.5,region_crc,segformer_b2_cityscapes,acdc_rain_targetcal25,11,
1.0,1000,True,0.0,0.0,1.0,0.848421052631579,72,144.0,0.0,False,0.0,0.0,0.0,,,97,bicycle,0.05,0.5,heuristic,segformer_b2_cityscapes,acdc_rain_targetcal25,11,
,-1,True,,0.774239417989418,0.001018507406115532,,475,,,False,,,,,,97,bicycle,0.05,0.5,argmax,segformer_b2_cityscapes,acdc_rain_targetcal25,11,0.75
1.0,1000,True,0.0,0.0,1.0,0.848421052631579,72,144.0,0.0,False,0.0,0.0,0.0,,,97,bicycle,0.1,0.5,region_crc,segformer_b2_cityscapes,acdc_rain_targetcal25,11,
1.0,1000,True,0.0,0.0,1.0,0.848421052631579,72,144.0,0.0,False,0.0,0.0,0.0,,,97,bicycle,0.1,0.5,heuristic,segformer_b2_cityscapes,acdc_rain_targetcal25,11,
,-1,True,,0.774239417989418,0.001018507406115532,,475,,,False,,,,,,97,bicycle,0.1,0.5,argmax,segformer_b2_cityscapes,acdc_rain_targetcal25,11,0.75
1.0,1000,True,0.0,0.0,1.0,0.848421052631579,72,144.0,0.0,False,0.0,0.0,0.0,,,97,bicycle,0.2,0.5,region_crc,segformer_b2_cityscapes,acdc_rain_targetcal25,11,
0.995,995,True,0.42275132275132277,0.42275132275132277,0.00888959039002657,0.848421052631579,72,144.0,0.12631578947368421,False,0.5641025641025641,0.25925925925925924,0.0,,,97,bicycle,0.2,0.5,heuristic,segformer_b2_cityscapes,acdc_rain_targetcal25,11,
,-1,True,,0.774239417989418,0.001018507406115532,,475,,,False,,,,,,97,bicycle,0.2,0.5,argmax,segformer_b2_cityscapes,acdc_rain_targetcal25,11,0.75
1.0,1000,False,0.0,0.0,1.0,0.6673684210526316,158,299.0,0.0,False,0.0,0.0,0.0,,,98,person,0.05,0.1,region_crc,segformer_b2_cityscapes,acdc_rain_targetcal25,12,
0.988,988,True,0.17992264416315049,0.17992264416315049,0.014737381599843502,0.6673684210526316,158,299.0,0.3052631578947368,False,0.24,0.0761904761904762,0.0,,,98,person,0.05,0.1,heuristic,segformer_b2_cityscapes,acdc_rain_targetcal25,12,
,-1,True,,0.6439672493469961,0.0018105212366208434,,475,,,False,,,,,,98,person,0.05,0.1,argmax,segformer_b2_cityscapes,acdc_rain_targetcal25,12,0.5986622073578596
0.998,998,True,0.0701476793248945,0.0701476793248945,0.03172523155808449,0.6673684210526316,158,299.0,0.2947368421052632,False,0.06285714285714286,0.047619047619047616,0.0,,,98,person,0.1,0.1,region_crc,segformer_b2_cityscapes,acdc_rain_targetcal25,12,
0.988,988,True,0.17992264416315049,0.17992264416315049,0.014737381599843502,0.6673684210526316,158,299.0,0.3052631578947368,False,0.24,0.0761904761904762,0.0,,,98,person,0.1,0.1,heuristic,segformer_b2_cityscapes,acdc_rain_targetcal25,12,
,-1,True,,0.6439672493469961,0.0018105212366208434,,475,,,False,,,,,,98,person,0.1,0.1,argmax,segformer_b2_cityscapes,acdc_rain_targetcal25,12,0.5986622073578596
0.978,978,True,0.23287623066104074,0.2328762306610408,0.011015208438038826,9.701052631578948,158,299.0,0.30105263157894735,False,0.2857142857142857,0.13333333333333333,0.0,,,98,person,0.2,0.1,region_crc,segformer_b2_cityscapes,acdc_rain_targetcal25,12,
0.974,974,True,0.2677466345187864,0.2677466345187864,0.010122082196176052,9.701052631578948,158,299.0,0.31368421052631573,False,0.32,0.1619047619047619,0.0,,,98,person,0.2,0.1,heuristic,segformer_b2_cityscapes,acdc_rain_targetcal25,12,
,-1,True,,0.6439672493469961,0.0018105212366208434,,475,,,False,,,,,,98,person,0.2,0.1,argmax,segformer_b2_cityscapes,acdc_rain_targetcal25,12,0.5986622073578596
1.0,1000,False,0.0,0.0,1.0,0.6673684210526316,158,299.0,0.0,False,0.0,0.0,0.0,,,98,person,0.05,0.5,region_crc,segformer_b2_cityscapes,acdc_rain_targetcal25,12,
0.992,992,True,0.24068213783403658,0.24068213783403652,0.017712177708745003,0.6673684210526316,158,299.0,0.31999999999999995,False,0.2742857142857143,0.18095238095238095,0.0,,,98,person,0.05,0.5,heuristic,segformer_b2_cityscapes,acdc_rain_targetcal25,12,
,-1,True,,0.7539531846493872,0.0018105212366208434,,475,,,False,,,,,,98,person,0.05,0.5,argmax,segformer_b2_cityscapes,acdc_rain_targetcal25,12,0.7123745819397993
1.0,1000,True,0.0,0.0,1.0,0.6673684210526316,158,299.0,0.0,False,0.0,0.0,0.0,,,98,person,0.1,0.5,region_crc,segformer_b2_cityscapes,acdc_rain_targetcal25,12,
0.991,991,True,0.264943741209564,0.264943741209564,0.01679971069097519,0.6673684210526316,158,299.0,0.3157894736842105,False,0.3028571428571429,0.19047619047619047,0.0,,,98,person,0.1,0.5,heuristic,segformer_b2_cityscapes,acdc_rain_targetcal25,12,
,-1,True,,0.7539531846493872,0.0018105212366208434,,475,,,False,,,,,,98,person,0.1,0.5,argmax,segformer_b2_cityscapes,acdc_rain_targetcal25,12,0.7123745819397993
0.991,991,True,0.264943741209564,0.264943741209564,0.01679971069097519,0.6673684210526316,158,299.0,0.3157894736842105,False,0.3028571428571429,0.19047619047619047,0.0,,,98,person,0.2,0.5,region_crc,segformer_b2_cityscapes,acdc_rain_targetcal25,12,
0.984,984,True,0.33399136025718307,0.333991360257183,0.01287135947495699,9.701052631578948,158,299.0,0.29894736842105263,False,0.3942857142857143,0.20952380952380953,0.0,,,98,person,0.2,0.5,heuristic,segformer_b2_cityscapes,acdc_rain_targetcal25,12,
,-1,True,,0.7539531846493872,0.0018105212366208434,,475,,,False,,,,,,98,person,0.2,0.5,argmax,segformer_b2_cityscapes,acdc_rain_targetcal25,12,0.7123745819397993
1.0,1000,False,0.0,0.0,1.0,0.9431578947368421,27,35.0,0.0,False,0.0,0.0,0.0,,,98,rider,0.05,0.1,region_crc,segformer_b2_cityscapes,acdc_rain_targetcal25,1,
0.969,969,True,0.7222222222222222,0.7222222222222222,0.0012304621050134301,1.2715789473684211,27,35.0,0.13684210526315788,False,0.9583333333333334,0.3333333333333333,0.2,,,98,rider,0.05,0.1,heuristic,segformer_b2_cityscapes,acdc_rain_targetcal25,1,
,-1,True,,0.7962962962962963,0.0002693053684197366,,475,,,False,,,,,,98,rider,0.05,0.1,argmax,segformer_b2_cityscapes,acdc_rain_targetcal25,1,0.8
1.0,1000,False,0.0,0.0,1.0,0.9431578947368421,27,35.0,0.0,False,0.0,0.0,0.0,,,98,rider,0.1,0.1,region_crc,segformer_b2_cityscapes,acdc_rain_targetcal25,1,
0.969,969,True,0.7222222222222222,0.7222222222222222,0.0012304621050134301,1.2715789473684211,27,35.0,0.13684210526315788,False,0.9583333333333334,0.3333333333333333,0.2,,,98,rider,0.1,0.1,heuristic,segformer_b2_cityscapes,acdc_rain_targetcal25,1,
,-1,True,,0.7962962962962963,0.0002693053684197366,,475,,,False,,,,,,98,rider,0.1,0.1,argmax,segformer_b2_cityscapes,acdc_rain_targetcal25,1,0.8
1.0,1000,False,0.0,0.0,1.0,0.9431578947368421,27,35.0,0.0,False,0.0,0.0,0.0,,,98,rider,0.2,0.1,region_crc,segformer_b2_cityscapes,acdc_rain_targetcal25,1,
0.969,969,True,0.7222222222222222,0.7222222222222222,0.0012304621050134301,1.2715789473684211,27,35.0,0.13684210526315788,False,0.9583333333333334,0.3333333333333333,0.2,,,98,rider,0.2,0.1,heuristic,segformer_b2_cityscapes,acdc_rain_targetcal25,1,
,-1,True,,0.7962962962962963,0.0002693053684197366,,475,,,False,,,,,,98,rider,0.2,0.1,argmax,segformer_b2_cityscapes,acdc_rain_targetcal25,1,0.8
1.0,1000,False,0.0,0.0,1.0,0.9431578947368421,27,35.0,0.0,False,0.0,0.0,0.0,,,98,rider,0.05,0.5,region_crc,segformer_b2_cityscapes,acdc_rain_targetcal25,1,
0.972,972,True,0.7222222222222222,0.7222222222222222,0.0013003142084926367,1.2715789473684211,27,35.0,0.16000000000000003,False,0.9583333333333334,0.3333333333333333,0.2,,,98,rider,0.05,0.5,heuristic,segformer_b2_cityscapes,acdc_rain_targetcal25,1,
,-1,True,,0.8518518518518519,0.0002693053684197366,,475,,,False,,,,,,98,rider,0.05,0.5,argmax,segformer_b2_cityscapes,acdc_rain_targetcal25,1,0.8571428571428571
1.0,1000,False,0.0,0.0,1.0,0.9431578947368421,27,35.0,0.0,False,0.0,0.0,0.0,,,98,rider,0.1,0.5,region_crc,segformer_b2_cityscapes,acdc_rain_targetcal25,1,
0.972,972,True,0.7222222222222222,0.7222222222222222,0.0013003142084926367,1.2715789473684211,27,35.0,0.16000000000000003,False,0.9583333333333334,0.3333333333333333,0.2,,,98,rider,0.1,0.5,heuristic,segformer_b2_cityscapes,acdc_rain_targetcal25,1,
,-1,True,,0.8518518518518519,0.0002693053684197366,,475,,,False,,,,,,98,rider,0.1,0.5,argmax,segformer_b2_cityscapes,acdc_rain_targetcal25,1,0.8571428571428571
1.0,1000,False,0.0,0.0,1.0,0.9431578947368421,27,35.0,0.0,False,0.0,0.0,0.0,,,98,rider,0.2,0.5,region_crc,segformer_b2_cityscapes,acdc_rain_targetcal25,1,
0.972,972,True,0.7222222222222222,0.7222222222222222,0.0013003142084926367,1.2715789473684211,27,35.0,0.16000000000000003,False,0.9583333333333334,0.3333333333333333,0.2,,,98,rider,0.2,0.5,heuristic,segformer_b2_cityscapes,acdc_rain_targetcal25,1,
,-1,True,,0.8518518518518519,0.0002693053684197366,,475,,,False,,,,,,98,rider,0.2,0.5,argmax,segformer_b2_cityscapes,acdc_rain_targetcal25,1,0.8571428571428571
1.0,1000,False,0.0,0.0,1.0,0.8357894736842105,78,151.0,0.0,False,0.0,0.0,0.0,,,98,bicycle,0.05,0.1,region_crc,segformer_b2_cityscapes,acdc_rain_targetcal25,5,
0.995,995,True,0.3353785103785104,0.33537851037851035,0.008816801011562347,0.8357894736842105,78,151.0,0.3242105263157895,False,0.525,0.10526315789473684,0.0,,,98,bicycle,0.05,0.1,heuristic,segformer_b2_cityscapes,acdc_rain_targetcal25,5,
,-1,True,,0.7256715506715506,0.0011657802388072014,,475,,,False,,,,,,98,bicycle,0.05,0.1,argmax,segformer_b2_cityscapes,acdc_rain_targetcal25,5,0.7218543046357616
1.0,1000,False,0.0,0.0,1.0,0.8357894736842105,78,151.0,0.0,False,0.0,0.0,0.0,,,98,bicycle,0.1,0.1,region_crc,segformer_b2_cityscapes,acdc_rain_targetcal25,5,
0.995,995,True,0.3353785103785104,0.33537851037851035,0.008816801011562347,0.8357894736842105,78,151.0,0.3242105263157895,False,0.525,0.10526315789473684,0.0,,,98,bicycle,0.1,0.1,heuristic,segformer_b2_cityscapes,acdc_rain_targetcal25,5,
,-1,True,,0.7256715506715506,0.0011657802388072014,,475,,,False,,,,,,98,bicycle,0.1,0.1,argmax,segformer_b2_cityscapes,acdc_rain_targetcal25,5,0.7218543046357616
0.995,995,True,0.3353785103785104,0.33537851037851035,0.008816801011562347,0.8357894736842105,78,151.0,0.3242105263157895,False,0.525,0.10526315789473684,0.0,,,98,bicycle,0.2,0.1,region_crc,segformer_b2_cityscapes,acdc_rain_targetcal25,5,
0.985,985,True,0.4089133089133089,0.4089133089133089,0.005209699738770723,3.614736842105263,78,151.0,0.28421052631578947,False,0.575,0.21052631578947367,0.0,,,98,bicycle,0.2,0.1,heuristic,segformer_b2_cityscapes,acdc_rain_targetcal25,5,
,-1,True,,0.7256715506715506,0.0011657802388072014,,475,,,False,,,,,,98,bicycle,0.2,0.1,argmax,segformer_b2_cityscapes,acdc_rain_targetcal25,5,0.7218543046357616
1.0,1000,False,0.0,0.0,1.0,0.8357894736842105,78,151.0,0.0,False,0.0,0.0,0.0,,,98,bicycle,0.05,0.5,region_crc,segformer_b2_cityscapes,acdc_rain_targetcal25,5,
0.997,997,True,0.35793650793650794,0.35793650793650794,0.011217895895242691,0.8357894736842105,78,151.0,0.37473684210526315,True,0.525,0.17543859649122806,0.0,,,98,bicycle,0.05,0.5,heuristic,segformer_b2_cityscapes,acdc_rain_targetcal25,5,
,-1,True,,0.7723748473748474,0.0011657802388072014,,475,,,False,,,,,,98,bicycle,0.05,0.5,argmax,segformer_b2_cityscapes,acdc_rain_targetcal25,5,0.7682119205298014
1.0,1000,False,0.0,0.0,1.0,0.8357894736842105,78,151.0,0.0,False,0.0,0.0,0.0,,,98,bicycle,0.1,0.5,region_crc,segformer_b2_cityscapes,acdc_rain_targetcal25,5,
0.997,997,True,0.35793650793650794,0.35793650793650794,0.011217895895242691,0.8357894736842105,78,151.0,0.37473684210526315,True,0.525,0.17543859649122806,0.0,,,98,bicycle,0.1,0.5,heuristic,segformer_b2_cityscapes,acdc_rain_targetcal25,5,
,-1,True,,0.7723748473748474,0.0011657802388072014,,475,,,False,,,,,,98,bicycle,0.1,0.5,argmax,segformer_b2_cityscapes,acdc_rain_targetcal25,5,0.7682119205298014
0.997,997,True,0.35793650793650794,0.35793650793650794,0.011217895895242691,0.8357894736842105,78,151.0,0.37473684210526315,True,0.525,0.17543859649122806,0.0,,,98,bicycle,0.2,0.5,region_crc,segformer_b2_cityscapes,acdc_rain_targetcal25,5,
0.996,996,True,0.373015873015873,0.373015873015873,0.009805300273001194,0.8357894736842105,78,151.0,0.3473684210526316,True,0.55,0.21052631578947367,0.0,,,98,bicycle,0.2,0.5,heuristic,segformer_b2_cityscapes,acdc_rain_targetcal25,5,
,-1,True,,0.7723748473748474,0.0011657802388072014,,475,,,False,,,,,,98,bicycle,0.2,0.5,argmax,segformer_b2_cityscapes,acdc_rain_targetcal25,5,0.7682119205298014
1.0,1000,False,0.0,0.0,1.0,0.6673684210526316,158,310.0,0.0,False,0.0,0.0,0.0,,,99,person,0.05,0.1,region_crc,segformer_b2_cityscapes,acdc_rain_targetcal25,12,
0.993,993,True,0.13755274261603376,0.13755274261603376,0.018781878054142,0.6673684210526316,158,310.0,0.25894736842105265,False,0.17613636363636365,0.07079646017699115,0.0,,,99,person,0.05,0.1,heuristic,segformer_b2_cityscapes,acdc_rain_targetcal25,12,
,-1,True,,0.6337432960850682,0.0018226202810183167,,475,,,False,,,,,,99,person,0.05,0.1,argmax,segformer_b2_cityscapes,acdc_rain_targetcal25,12,0.5806451612903226
1.0,1000,True,0.0,0.0,1.0,0.6673684210526316,158,310.0,0.0,False,0.0,0.0,0.0,,,99,person,0.1,0.1,region_crc,segformer_b2_cityscapes,acdc_rain_targetcal25,12,
0.987,987,True,0.1941631504922644,0.1941631504922644,0.014192339032888412,9.696842105263158,158,310.0,0.25894736842105265,False,0.24431818181818182,0.07964601769911504,0.0,,,99,person,0.1,0.1,heuristic,segformer_b2_cityscapes,acdc_rain_targetcal25,12,
,-1,True,,0.6337432960850682,0.0018226202810183167,,475,,,False,,,,,,99,person,0.1,0.1,argmax,segformer_b2_cityscapes,acdc_rain_targetcal25,12,0.5806451612903226
0.987,987,True,0.1941631504922644,0.1941631504922644,0.014192339032888412,9.696842105263158,158,310.0,0.25894736842105265,False,0.24431818181818182,0.07964601769911504,0.0,,,99,person,0.2,0.1,region_crc,segformer_b2_cityscapes,acdc_rain_targetcal25,12,
0.977,977,True,0.24254030076814886,0.24254030076814886,0.010759207420051098,9.696842105263158,158,310.0,0.29473684210526313,False,0.2897727272727273,0.1415929203539823,0.0,,,99,person,0.2,0.1,heuristic,segformer_b2_cityscapes,acdc_rain_targetcal25,12,
,-1,True,,0.6337432960850682,0.0018226202810183167,,475,,,False,,,,,,99,person,0.2,0.1,argmax,segformer_b2_cityscapes,acdc_rain_targetcal25,12,0.5806451612903226
1.0,1000,False,0.0,0.0,1.0,0.6673684210526316,158,310.0,0.0,False,0.0,0.0,0.0,,,99,person,0.05,0.5,region_crc,segformer_b2_cityscapes,acdc_rain_targetcal25,12,
0.999,999,True,0.07489451476793248,0.07489451476793248,0.04138203710317612,0.6673684210526316,158,310.0,0.21894736842105267,False,0.056818181818181816,0.07079646017699115,0.0,,,99,person,0.05,0.5,heuristic,segformer_b2_cityscapes,acdc_rain_targetcal25,12,
,-1,True,,0.7379275436237461,0.0018226202810183167,,475,,,False,,,,,,99,person,0.05,0.5,argmax,segformer_b2_cityscapes,acdc_rain_targetcal25,12,0.6870967741935484
1.0,1000,True,0.0,0.0,1.0,0.6673684210526316,158,310.0,0.0,False,0.0,0.0,0.0,,,99,person,0.1,0.5,region_crc,segformer_b2_cityscapes,acdc_rain_targetcal25,12,
0.996,996,True,0.15759493670886074,0.15759493670886074,0.023943988606333733,0.6673684210526316,158,310.0,0.25894736842105265,False,0.1875,0.08849557522123894,0.0,,,99,person,0.1,0.5,heuristic,segformer_b2_cityscapes,acdc_rain_targetcal25,12,
,-1,True,,0.7379275436237461,0.0018226202810183167,,475,,,False,,,,,,99,person,0.1,0.5,argmax,segformer_b2_cityscapes,acdc_rain_targetcal25,12,0.6870967741935484
0.996,996,True,0.15759493670886074,0.15759493670886074,0.023943988606333733,0.6673684210526316,158,310.0,0.25894736842105265,False,0.1875,0.08849557522123894,0.0,,,99,person,0.2,0.5,region_crc,segformer_b2_cityscapes,acdc_rain_targetcal25,12,
0.995,995,True,0.194901547116737,0.194901547116737,0.021770164370536804,0.6673684210526316,158,310.0,0.25894736842105265,False,0.23863636363636365,0.10619469026548672,0.0,,,99,person,0.2,0.5,heuristic,segformer_b2_cityscapes,acdc_rain_targetcal25,12,
,-1,True,,0.7379275436237461,0.0018226202810183167,,475,,,False,,,,,,99,person,0.2,0.5,argmax,segformer_b2_cityscapes,acdc_rain_targetcal25,12,0.6870967741935484
1.0,1000,False,0.0,0.0,1.0,0.9452631578947368,26,35.0,0.0,False,0.0,0.0,0.0,,,99,rider,0.05,0.1,region_crc,segformer_b2_cityscapes,acdc_rain_targetcal25,2,
0.998,998,True,0.46153846153846156,0.46153846153846156,0.0050215390510857105,0.9452631578947368,26,35.0,0.27578947368421053,False,0.64,0.0,0.0,,,99,rider,0.05,0.1,heuristic,segformer_b2_cityscapes,acdc_rain_targetcal25,2,
,-1,True,,0.7884615384615384,0.000279673287877813,,475,,,False,,,,,,99,rider,0.05,0.1,argmax,segformer_b2_cityscapes,acdc_rain_targetcal25,2,0.8
1.0,1000,False,0.0,0.0,1.0,0.9452631578947368,26,35.0,0.0,False,0.0,0.0,0.0,,,99,rider,0.1,0.1,region_crc,segformer_b2_cityscapes,acdc_rain_targetcal25,2,
0.998,998,True,0.46153846153846156,0.46153846153846156,0.0050215390510857105,0.9452631578947368,26,35.0,0.27578947368421053,False,0.64,0.0,0.0,,,99,rider,0.1,0.1,heuristic,segformer_b2_cityscapes,acdc_rain_targetcal25,2,
,-1,True,,0.7884615384615384,0.000279673287877813,,475,,,False,,,,,,99,rider,0.1,0.1,argmax,segformer_b2_cityscapes,acdc_rain_targetcal25,2,0.8
1.0,1000,False,0.0,0.0,1.0,0.9452631578947368,26,35.0,0.0,False,0.0,0.0,0.0,,,99,rider,0.2,0.1,region_crc,segformer_b2_cityscapes,acdc_rain_targetcal25,2,
0.998,998,True,0.46153846153846156,0.46153846153846156,0.0050215390510857105,0.9452631578947368,26,35.0,0.27578947368421053,False,0.64,0.0,0.0,,,99,rider,0.2,0.1,heuristic,segformer_b2_cityscapes,acdc_rain_targetcal25,2,
,-1,True,,0.7884615384615384,0.000279673287877813,,475,,,False,,,,,,99,rider,0.2,0.1,argmax,segformer_b2_cityscapes,acdc_rain_targetcal25,2,0.8
1.0,1000,False,0.0,0.0,1.0,0.9452631578947368,26,35.0,0.0,False,0.0,0.0,0.0,,,99,rider,0.05,0.5,region_crc,segformer_b2_cityscapes,acdc_rain_targetcal25,2,
1.0,1000,True,0.0,0.0,1.0,0.9452631578947368,26,35.0,0.0,False,0.0,0.0,0.0,,,99,rider,0.05,0.5,heuristic,segformer_b2_cityscapes,acdc_rain_targetcal25,2,
,-1,True,,0.8461538461538461,0.000279673287877813,,475,,,False,,,,,,99,rider,0.05,0.5,argmax,segformer_b2_cityscapes,acdc_rain_targetcal25,2,0.8571428571428571
1.0,1000,False,0.0,0.0,1.0,0.9452631578947368,26,35.0,0.0,False,0.0,0.0,0.0,,,99,rider,0.1,0.5,region_crc,segformer_b2_cityscapes,acdc_rain_targetcal25,2,
1.0,1000,True,0.0,0.0,1.0,0.9452631578947368,26,35.0,0.0,False,0.0,0.0,0.0,,,99,rider,0.1,0.5,heuristic,segformer_b2_cityscapes,acdc_rain_targetcal25,2,
,-1,True,,0.8461538461538461,0.000279673287877813,,475,,,False,,,,,,99,rider,0.1,0.5,argmax,segformer_b2_cityscapes,acdc_rain_targetcal25,2,0.8571428571428571
1.0,1000,False,0.0,0.0,1.0,0.9452631578947368,26,35.0,0.0,False,0.0,0.0,0.0,,,99,rider,0.2,0.5,region_crc,segformer_b2_cityscapes,acdc_rain_targetcal25,2,
1.0,1000,True,0.0,0.0,1.0,0.9452631578947368,26,35.0,0.0,False,0.0,0.0,0.0,,,99,rider,0.2,0.5,heuristic,segformer_b2_cityscapes,acdc_rain_targetcal25,2,
,-1,True,,0.8461538461538461,0.000279673287877813,,475,,,False,,,,,,99,rider,0.2,0.5,argmax,segformer_b2_cityscapes,acdc_rain_targetcal25,2,0.8571428571428571
1.0,1000,False,0.0,0.0,1.0,0.8336842105263158,79,155.0,0.0,False,0.0,0.0,0.0,,,99,bicycle,0.05,0.1,region_crc,segformer_b2_cityscapes,acdc_rain_targetcal25,4,
0.999,999,True,0.22079566003616638,0.22079566003616638,0.018728267401456833,0.8336842105263158,79,155.0,0.20210526315789473,False,0.32142857142857145,0.07017543859649122,0.0,,,99,bicycle,0.05,0.1,heuristic,segformer_b2_cityscapes,acdc_rain_targetcal25,4,
,-1,True,,0.7291440626883665,0.0011842215899378061,,475,,,False,,,,,,99,bicycle,0.05,0.1,argmax,segformer_b2_cityscapes,acdc_rain_targetcal25,4,0.7096774193548387
1.0,1000,False,0.0,0.0,1.0,0.8336842105263158,79,155.0,0.0,False,0.0,0.0,0.0,,,99,bicycle,0.1,0.1,region_crc,segformer_b2_cityscapes,acdc_rain_targetcal25,4,
0.999,999,True,0.22079566003616638,0.22079566003616638,0.018728267401456833,0.8336842105263158,79,155.0,0.20210526315789473,False,0.32142857142857145,0.07017543859649122,0.0,,,99,bicycle,0.1,0.1,heuristic,segformer_b2_cityscapes,acdc_rain_targetcal25,4,
,-1,True,,0.7291440626883665,0.0011842215899378061,,475,,,False,,,,,,99,bicycle,0.1,0.1,argmax,segformer_b2_cityscapes,acdc_rain_targetcal25,4,0.7096774193548387
0.999,999,True,0.22079566003616638,0.22079566003616638,0.018728267401456833,0.8336842105263158,79,155.0,0.20210526315789473,False,0.32142857142857145,0.07017543859649122,0.0,,,99,bicycle,0.2,0.1,region_crc,segformer_b2_cityscapes,acdc_rain_targetcal25,4,
0.999,999,True,0.22079566003616638,0.22079566003616638,0.018728267401456833,0.8336842105263158,79,155.0,0.20210526315789473,False,0.32142857142857145,0.07017543859649122,0.0,,,99,bicycle,0.2,0.1,heuristic,segformer_b2_cityscapes,acdc_rain_targetcal25,4,
,-1,True,,0.7291440626883665,0.0011842215899378061,,475,,,False,,,,,,99,bicycle,0.2,0.1,argmax,segformer_b2_cityscapes,acdc_rain_targetcal25,4,0.7096774193548387
1.0,1000,False,0.0,0.0,1.0,0.8336842105263158,79,155.0,0.0,False,0.0,0.0,0.0,,,99,bicycle,0.05,0.5,region_crc,segformer_b2_cityscapes,acdc_rain_targetcal25,4,
0.999,999,True,0.29737793851717903,0.297377938517179,0.018728267401456833,0.8336842105263158,79,155.0,0.20210526315789473,False,0.4166666666666667,0.12280701754385964,0.0,,,99,bicycle,0.05,0.5,heuristic,segformer_b2_cityscapes,acdc_rain_targetcal25,4,
,-1,True,,0.7752561784207354,0.0011842215899378061,,475,,,False,,,,,,99,bicycle,0.05,0.5,argmax,segformer_b2_cityscapes,acdc_rain_targetcal25,4,0.7548387096774194
1.0,1000,False,0.0,0.0,1.0,0.8336842105263158,79,155.0,0.0,False,0.0,0.0,0.0,,,99,bicycle,0.1,0.5,region_crc,segformer_b2_cityscapes,acdc_rain_targetcal25,4,
0.999,999,True,0.29737793851717903,0.297377938517179,0.018728267401456833,0.8336842105263158,79,155.0,0.20210526315789473,False,0.4166666666666667,0.12280701754385964,0.0,,,99,bicycle,0.1,0.5,heuristic,segformer_b2_cityscapes,acdc_rain_targetcal25,4,
,-1,True,,0.7752561784207354,0.0011842215899378061,,475,,,False,,,,,,99,bicycle,0.1,0.5,argmax,segformer_b2_cityscapes,acdc_rain_targetcal25,4,0.7548387096774194
0.999,999,True,0.29737793851717903,0.297377938517179,0.018728267401456833,0.8336842105263158,79,155.0,0.20210526315789473,False,0.4166666666666667,0.12280701754385964,0.0,,,99,bicycle,0.2,0.5,region_crc,segformer_b2_cityscapes,acdc_rain_targetcal25,4,
0.999,999,True,0.29737793851717903,0.297377938517179,0.018728267401456833,0.8336842105263158,79,155.0,0.20210526315789473,False,0.4166666666666667,0.12280701754385964,0.0,,,99,bicycle,0.2,0.5,heuristic,segformer_b2_cityscapes,acdc_rain_targetcal25,4,
,-1,True,,0.7752561784207354,0.0011842215899378061,,475,,,False,,,,,,99,bicycle,0.2,0.5,argmax,segformer_b2_cityscapes,acdc_rain_targetcal25,4,0.7548387096774194
