lam,lam_index,feasible,controlled_risk,region_fnr,marked_area_fraction,fp_components_per_image,n_test_images,n_test_components,monitor_ks,monitor_flag,fnr_stratum0,fnr_stratum1,fnr_stratum2,weight_ess,weight_p_test,seed,class_name,alpha,rho,method,model,scheme,n_cal_images
1.0,1000,False,0.0,0.0,1.0,0.66,170,334,0.0,False,0.0,0.0,0.0,32.254782521863596,0.5192536672827568,0,person,0.05,0.1,weighted_crc,segformer_b2_cityscapes,cityscapes_val_half,202
1.0,1000,False,0.0,0.0,1.0,0.66,170,334,0.0,False,0.0,0.0,0.0,32.254782521863596,0.5192536672827568,0,person,0.1,0.1,weighted_crc,segformer_b2_cityscapes,cityscapes_val_half,202
1.0,1000,False,0.0,0.0,1.0,0.66,170,334,0.0,False,0.0,0.0,0.0,32.254782521863596,0.5192536672827568,0,person,0.2,0.1,weighted_crc,segformer_b2_cityscapes,cityscapes_val_half,202
1.0,1000,False,0.0,0.0,1.0,0.66,170,334,0.0,False,0.0,0.0,0.0,32.254782521863596,0.5192536672827568,0,person,0.05,0.5,weighted_crc,segformer_b2_cityscapes,cityscapes_val_half,202
1.0,1000,False,0.0,0.0,1.0,0.66,170,334,0.0,False,0.0,0.0,0.0,32.254782521863596,0.5192536672827568,0,person,0.1,0.5,weighted_crc,segformer_b2_cityscapes,cityscapes_val_half,202
1.0,1000,False,0.0,0.0,1.0,0.66,170,334,0.0,False,0.0,0.0,0.0,32.254782521863596,0.5192536672827568,0,person,0.2,0.5,weighted_crc,segformer_b2_cityscapes,cityscapes_val_half,202
1.0,1000,False,0.0,0.0,1.0,0.944,28,38,0.0,False,0.0,0.0,0.0,13.981196649196818,0.5708748345247341,0,rider,0.05,0.1,weighted_crc,segformer_b2_cityscapes,cityscapes_val_half,127
1.0,1000,False,0.0,0.0,1.0,0.944,28,38,0.0,False,0.0,0.0,0.0,13.981196649196818,0.5708748345247341,0,rider,0.1,0.1,weighted_crc,segformer_b2_cityscapes,cityscapes_val_half,127
1.0,1000,False,0.0,0.0,1.0,0.944,28,38,0.0,False,0.0,0.0,0.0,13.981196649196818,0.5708748345247341,0,rider,0.2,0.1,weighted_crc,segformer_b2_cityscapes,cityscapes_val_half,127
1.0,1000,False,0.0,0.0,1.0,0.944,28,38,0.0,False,0.0,0.0,0.0,13.981196649196818,0.5708748345247341,0,rider,0.05,0.5,weighted_crc,segformer_b2_cityscapes,cityscapes_val_half,127
1.0,1000,False,0.0,0.0,1.0,0.944,28,38,0.0,False,0.0,0.0,0.0,13.981196649196818,0.5708748345247341,0,rider,0.1,0.5,weighted_crc,segformer_b2_cityscapes,cityscapes_val_half,127
1.0,1000,False,0.0,0.0,1.0,0.944,28,38,0.0,False,0.0,0.0,0.0,13.981196649196818,0.5708748345247341,0,rider,0.2,0.5,weighted_crc,segformer_b2_cityscapes,cityscapes_val_half,127
1.0,1000,False,0.0,0.0,1.0,0.834,83,159,0.0,False,0.0,0.0,0.0,31.071088243580792,0.5384782244108779,0,bicycle,0.05,0.1,weighted_crc,segformer_b2_cityscapes,cityscapes_val_half,180
1.0,1000,False,0.0,0.0,1.0,0.834,83,159,0.0,False,0.0,0.0,0.0,31.071088243580792,0.5384782244108779,0,bicycle,0.1,0.1,weighted_crc,segformer_b2_cityscapes,cityscapes_val_half,180
1.0,1000,False,0.0,0.0,1.0,0.834,83,159,0.0,False,0.0,0.0,0.0,31.071088243580792,0.5384782244108779,0,bicycle,0.2,0.1,weighted_crc,segformer_b2_cityscapes,cityscapes_val_half,180
1.0,1000,False,0.0,0.0,1.0,0.834,83,159,0.0,False,0.0,0.0,0.0,31.071088243580792,0.5384782244108779,0,bicycle,0.05,0.5,weighted_crc,segformer_b2_cityscapes,cityscapes_val_half,180
1.0,1000,False,0.0,0.0,1.0,0.834,83,159,0.0,False,0.0,0.0,0.0,31.071088243580792,0.5384782244108779,0,bicycle,0.1,0.5,weighted_crc,segformer_b2_cityscapes,cityscapes_val_half,180
1.0,1000,False,0.0,0.0,1.0,0.834,83,159,0.0,False,0.0,0.0,0.0,31.071088243580792,0.5384782244108779,0,bicycle,0.2,0.5,weighted_crc,segformer_b2_cityscapes,cityscapes_val_half,180
1.0,1000,False,0.0,0.0,1.0,0.66,170,334,0.0,False,0.0,0.0,0.0,62.4308838262546,0.5341290178425402,1,person,0.05,0.1,weighted_crc,segformer_b2_cityscapes,cityscapes_val_half,198
1.0,1000,False,0.0,0.0,1.0,0.66,170,334,0.0,False,0.0,0.0,0.0,62.4308838262546,0.5341290178425402,1,person,0.1,0.1,weighted_crc,segformer_b2_cityscapes,cityscapes_val_half,198
1.0,1000,False,0.0,0.0,1.0,0.66,170,334,0.0,False,0.0,0.0,0.0,62.4308838262546,0.5341290178425402,1,person,0.2,0.1,weighted_crc,segformer_b2_cityscapes,cityscapes_val_half,198
1.0,1000,False,0.0,0.0,1.0,0.66,170,334,0.0,False,0.0,0.0,0.0,62.4308838262546,0.5341290178425402,1,person,0.05,0.5,weighted_crc,segformer_b2_cityscapes,cityscapes_val_half,198
1.0,1000,False,0.0,0.0,1.0,0.66,170,334,0.0,False,0.0,0.0,0.0,62.4308838262546,0.5341290178425402,1,person,0.1,0.5,weighted_crc,segformer_b2_cityscapes,cityscapes_val_half,198
1.0,1000,False,0.0,0.0,1.0,0.66,170,334,0.0,False,0.0,0.0,0.0,62.4308838262546,0.5341290178425402,1,person,0.2,0.5,weighted_crc,segformer_b2_cityscapes,cityscapes_val_half,198
1.0,1000,False,0.0,0.0,1.0,0.944,28,38,0.0,False,0.0,0.0,0.0,31.978783443629464,0.6123796600797579,1,rider,0.05,0.1,weighted_crc,segformer_b2_cityscapes,cityscapes_val_half,133
1.0,1000,False,0.0,0.0,1.0,0.944,28,38,0.0,False,0.0,0.0,0.0,31.978783443629464,0.6123796600797579,1,rider,0.1,0.1,weighted_crc,segformer_b2_cityscapes,cityscapes_val_half,133
1.0,1000,False,0.0,0.0,1.0,0.944,28,38,0.0,False,0.0,0.0,0.0,31.978783443629464,0.6123796600797579,1,rider,0.2,0.1,weighted_crc,segformer_b2_cityscapes,cityscapes_val_half,133
1.0,1000,False,0.0,0.0,1.0,0.944,28,38,0.0,False,0.0,0.0,0.0,31.978783443629464,0.6123796600797579,1,rider,0.05,0.5,weighted_crc,segformer_b2_cityscapes,cityscapes_val_half,133
1.0,1000,False,0.0,0.0,1.0,0.944,28,38,0.0,False,0.0,0.0,0.0,31.978783443629464,0.6123796600797579,1,rider,0.1,0.5,weighted_crc,segformer_b2_cityscapes,cityscapes_val_half,133
1.0,1000,False,0.0,0.0,1.0,0.944,28,38,0.0,False,0.0,0.0,0.0,31.978783443629464,0.6123796600797579,1,rider,0.2,0.5,weighted_crc,segformer_b2_cityscapes,cityscapes_val_half,133
1.0,1000,False,0.0,0.0,1.0,0.834,83,159,0.0,False,0.0,0.0,0.0,62.9908309590072,0.5467998563932125,1,bicycle,0.05,0.1,weighted_crc,segformer_b2_cityscapes,cityscapes_val_half,191
1.0,1000,False,0.0,0.0,1.0,0.834,83,159,0.0,False,0.0,0.0,0.0,62.9908309590072,0.5467998563932125,1,bicycle,0.1,0.1,weighted_crc,segformer_b2_cityscapes,cityscapes_val_half,191
1.0,1000,False,0.0,0.0,1.0,0.834,83,159,0.0,False,0.0,0.0,0.0,62.9908309590072,0.5467998563932125,1,bicycle,0.2,0.1,weighted_crc,segformer_b2_cityscapes,cityscapes_val_half,191
1.0,1000,False,0.0,0.0,1.0,0.834,83,159,0.0,False,0.0,0.0,0.0,62.9908309590072,0.5467998563932125,1,bicycle,0.05,0.5,weighted_crc,segformer_b2_cityscapes,cityscapes_val_half,191
1.0,1000,False,0.0,0.0,1.0,0.834,83,159,0.0,False,0.0,0.0,0.0,62.9908309590072,0.5467998563932125,1,bicycle,0.1,0.5,weighted_crc,segformer_b2_cityscapes,cityscapes_val_half,191
1.0,1000,False,0.0,0.0,1.0,0.834,83,159,0.0,False,0.0,0.0,0.0,62.9908309590072,0.5467998563932125,1,bicycle,0.2,0.5,weighted_crc,segformer_b2_cityscapes,cityscapes_val_half,191
1.0,1000,False,0.0,0.0,1.0,0.66,170,334,0.0,False,0.0,0.0,0.0,70.07504122876489,0.5465370089811082,2,person,0.05,0.1,weighted_crc,segformer_b2_cityscapes,cityscapes_val_half,195
1.0,1000,False,0.0,0.0,1.0,0.66,170,334,0.0,False,0.0,0.0,0.0,70.07504122876489,0.5465370089811082,2,person,0.1,0.1,weighted_crc,segformer_b2_cityscapes,cityscapes_val_half,195
1.0,1000,False,0.0,0.0,1.0,0.66,170,334,0.0,False,0.0,0.0,0.0,70.07504122876489,0.5465370089811082,2,person,0.2,0.1,weighted_crc,segformer_b2_cityscapes,cityscapes_val_half,195
1.0,1000,False,0.0,0.0,1.0,0.66,170,334,0.0,False,0.0,0.0,0.0,70.07504122876489,0.5465370089811082,2,person,0.05,0.5,weighted_crc,segformer_b2_cityscapes,cityscapes_val_half,195
1.0,1000,False,0.0,0.0,1.0,0.66,170,334,0.0,False,0.0,0.0,0.0,70.07504122876489,0.5465370089811082,2,person,0.1,0.5,weighted_crc,segformer_b2_cityscapes,cityscapes_val_half,195
1.0,1000,False,0.0,0.0,1.0,0.66,170,334,0.0,False,0.0,0.0,0.0,70.07504122876489,0.5465370089811082,2,person,0.2,0.5,weighted_crc,segformer_b2_cityscapes,cityscapes_val_half,195
1.0,1000,False,0.0,0.0,1.0,0.944,28,38,0.0,False,0.0,0.0,0.0,39.75544296189586,0.6364974489471562,2,rider,0.05,0.1,weighted_crc,segformer_b2_cityscapes,cityscapes_val_half,126
1.0,1000,False,0.0,0.0,1.0,0.944,28,38,0.0,False,0.0,0.0,0.0,39.75544296189586,0.6364974489471562,2,rider,0.1,0.1,weighted_crc,segformer_b2_cityscapes,cityscapes_val_half,126
1.0,1000,False,0.0,0.0,1.0,0.944,28,38,0.0,False,0.0,0.0,0.0,39.75544296189586,0.6364974489471562,2,rider,0.2,0.1,weighted_crc,segformer_b2_cityscapes,cityscapes_val_half,126
1.0,1000,False,0.0,0.0,1.0,0.944,28,38,0.0,False,0.0,0.0,0.0,39.75544296189586,0.6364974489471562,2,rider,0.05,0.5,weighted_crc,segformer_b2_cityscapes,cityscapes_val_half,126
1.0,1000,False,0.0,0.0,1.0,0.944,28,38,0.0,False,0.0,0.0,0.0,39.75544296189586,0.6364974489471562,2,rider,0.1,0.5,weighted_crc,segformer_b2_cityscapes,cityscapes_val_half,126
1.0,1000,False,0.0,0.0,1.0,0.944,28,38,0.0,False,0.0,0.0,0.0,39.75544296189586,0.6364974489471562,2,rider,0.2,0.5,weighted_crc,segformer_b2_cityscapes,cityscapes_val_half,126
1.0,1000,False,0.0,0.0,1.0,0.834,83,159,0.0,False,0.0,0.0,0.0,55.24321082358243,0.5845502286075552,2,bicycle,0.05,0.1,weighted_crc,segformer_b2_cityscapes,cityscapes_val_half,172
1.0,1000,False,0.0,0.0,1.0,0.834,83,159,0.0,False,0.0,0.0,0.0,55.24321082358243,0.5845502286075552,2,bicycle,0.1,0.1,weighted_crc,segformer_b2_cityscapes,cityscapes_val_half,172
1.0,1000,False,0.0,0.0,1.0,0.834,83,159,0.0,False,0.0,0.0,0.0,55.24321082358243,0.5845502286075552,2,bicycle,0.2,0.1,weighted_crc,segformer_b2_cityscapes,cityscapes_val_half,172
1.0,1000,False,0.0,0.0,1.0,0.834,83,159,0.0,False,0.0,0.0,0.0,55.24321082358243,0.5845502286075552,2,bicycle,0.05,0.5,weighted_crc,segformer_b2_cityscapes,cityscapes_val_half,172
1.0,1000,False,0.0,0.0,1.0,0.834,83,159,0.0,False,0.0,0.0,0.0,55.24321082358243,0.5845502286075552,2,bicycle,0.1,0.5,weighted_crc,segformer_b2_cityscapes,cityscapes_val_half,172
1.0,1000,False,0.0,0.0,1.0,0.834,83,159,0.0,False,0.0,0.0,0.0,55.24321082358243,0.5845502286075552,2,bicycle,0.2,0.5,weighted_crc,segformer_b2_cityscapes,cityscapes_val_half,172
1.0,1000,False,0.0,0.0,1.0,0.66,170,334,0.0,False,0.0,0.0,0.0,51.97929254288507,0.5131193183025996,3,person,0.05,0.1,weighted_crc,segformer_b2_cityscapes,cityscapes_val_half,206
1.0,1000,False,0.0,0.0,1.0,0.66,170,334,0.0,False,0.0,0.0,0.0,51.97929254288507,0.5131193183025996,3,person,0.1,0.1,weighted_crc,segformer_b2_cityscapes,cityscapes_val_half,206
1.0,1000,False,0.0,0.0,1.0,0.66,170,334,0.0,False,0.0,0.0,0.0,51.97929254288507,0.5131193183025996,3,person,0.2,0.1,weighted_crc,segformer_b2_cityscapes,cityscapes_val_half,206
1.0,1000,False,0.0,0.0,1.0,0.66,170,334,0.0,False,0.0,0.0,0.0,51.97929254288507,0.5131193183025996,3,person,0.05,0.5,weighted_crc,segformer_b2_cityscapes,cityscapes_val_half,206
1.0,1000,False,0.0,0.0,1.0,0.66,170,334,0.0,False,0.0,0.0,0.0,51.97929254288507,0.5131193183025996,3,person,0.1,0.5,weighted_crc,segformer_b2_cityscapes,cityscapes_val_half,206
1.0,1000,False,0.0,0.0,1.0,0.66,170,334,0.0,False,0.0,0.0,0.0,51.97929254288507,0.5131193183025996,3,person,0.2,0.5,weighted_crc,segformer_b2_cityscapes,cityscapes_val_half,206
1.0,1000,False,0.0,0.0,1.0,0.944,28,38,0.0,False,0.0,0.0,0.0,27.60619961781103,0.6189215892092719,3,rider,0.05,0.1,weighted_crc,segformer_b2_cityscapes,cityscapes_val_half,127
1.0,1000,False,0.0,0.0,1.0,0.944,28,38,0.0,False,0.0,0.0,0.0,27.60619961781103,0.6189215892092719,3,rider,0.1,0.1,weighted_crc,segformer_b2_cityscapes,cityscapes_val_half,127
1.0,1000,False,0.0,0.0,1.0,0.944,28,38,0.0,False,0.0,0.0,0.0,27.60619961781103,0.6189215892092719,3,rider,0.2,0.1,weighted_crc,segformer_b2_cityscapes,cityscapes_val_half,127
1.0,1000,False,0.0,0.0,1.0,0.944,28,38,0.0,False,0.0,0.0,0.0,27.60619961781103,0.6189215892092719,3,rider,0.05,0.5,weighted_crc,segformer_b2_cityscapes,cityscapes_val_half,127
1.0,1000,False,0.0,0.0,1.0,0.944,28,38,0.0,False,0.0,0.0,0.0,27.60619961781103,0.6189215892092719,3,rider,0.1,0.5,weighted_crc,segformer_b2_cityscapes,cityscapes_val_half,127
1.0,1000,False,0.0,0.0,1.0,0.944,28,38,0.0,False,0.0,0.0,0.0,27.60619961781103,0.6189215892092719,3,rider,0.2,0.5,weighted_crc,segformer_b2_cityscapes,cityscapes_val_half,127
1.0,1000,False,0.0,0.0,1.0,0.834,83,159,0.0,False,0.0,0.0,0.0,40.4238727252024,0.5690834973042477,3,bicycle,0.05,0.1,weighted_crc,segformer_b2_cityscapes,cityscapes_val_half,169
1.0,1000,False,0.0,0.0,1.0,0.834,83,159,0.0,False,0.0,0.0,0.0,40.4238727252024,0.5690834973042477,3,bicycle,0.1,0.1,weighted_crc,segformer_b2_cityscapes,cityscapes_val_half,169
1.0,1000,False,0.0,0.0,1.0,0.834,83,159,0.0,False,0.0,0.0,0.0,40.4238727252024,0.5690834973042477,3,bicycle,0.2,0.1,weighted_crc,segformer_b2_cityscapes,cityscapes_val_half,169
1.0,1000,False,0.0,0.0,1.0,0.834,83,159,0.0,False,0.0,0.0,0.0,40.4238727252024,0.5690834973042477,3,bicycle,0.05,0.5,weighted_crc,segformer_b2_cityscapes,cityscapes_val_half,169
1.0,1000,False,0.0,0.0,1.0,0.834,83,159,0.0,False,0.0,0.0,0.0,40.4238727252024,0.5690834973042477,3,bicycle,0.1,0.5,weighted_crc,segformer_b2_cityscapes,cityscapes_val_half,169
1.0,1000,False,0.0,0.0,1.0,0.834,83,159,0.0,False,0.0,0.0,0.0,40.4238727252024,0.5690834973042477,3,bicycle,0.2,0.5,weighted_crc,segformer_b2_cityscapes,cityscapes_val_half,169
1.0,1000,False,0.0,0.0,1.0,0.66,170,334,0.0,False,0.0,0.0,0.0,48.38830863341408,0.5260327950620513,4,person,0.05,0.1,weighted_crc,segformer_b2_cityscapes,cityscapes_val_half,199
1.0,1000,False,0.0,0.0,1.0,0.66,170,334,0.0,False,0.0,0.0,0.0,48.38830863341408,0.5260327950620513,4,person,0.1,0.1,weighted_crc,segformer_b2_cityscapes,cityscapes_val_half,199
1.0,1000,False,0.0,0.0,1.0,0.66,170,334,0.0,False,0.0,0.0,0.0,48.38830863341408,0.5260327950620513,4,person,0.2,0.1,weighted_crc,segformer_b2_cityscapes,cityscapes_val_half,199
1.0,1000,False,0.0,0.0,1.0,0.66,170,334,0.0,False,0.0,0.0,0.0,48.38830863341408,0.5260327950620513,4,person,0.05,0.5,weighted_crc,segformer_b2_cityscapes,cityscapes_val_half,199
1.0,1000,False,0.0,0.0,1.0,0.66,170,334,0.0,False,0.0,0.0,0.0,48.38830863341408,0.5260327950620513,4,person,0.1,0.5,weighted_crc,segformer_b2_cityscapes,cityscapes_val_half,199
1.0,1000,False,0.0,0.0,1.0,0.66,170,334,0.0,False,0.0,0.0,0.0,48.38830863341408,0.5260327950620513,4,person,0.2,0.5,weighted_crc,segformer_b2_cityscapes,cityscapes_val_half,199
1.0,1000,False,0.0,0.0,1.0,0.944,28,38,0.0,False,0.0,0.0,0.0,21.623063601655304,0.5947148965912858,4,rider,0.05,0.1,weighted_crc,segformer_b2_cityscapes,cityscapes_val_half,130
1.0,1000,False,0.0,0.0,1.0,0.944,28,38,0.0,False,0.0,0.0,0.0,21.623063601655304,0.5947148965912858,4,rider,0.1,0.1,weighted_crc,segformer_b2_cityscapes,cityscapes_val_half,130
1.0,1000,False,0.0,0.0,1.0,0.944,28,38,0.0,False,0.0,0.0,0.0,21.623063601655304,0.5947148965912858,4,rider,0.2,0.1,weighted_crc,segformer_b2_cityscapes,cityscapes_val_half,130
1.0,1000,False,0.0,0.0,1.0,0.944,28,38,0.0,False,0.0,0.0,0.0,21.623063601655304,0.5947148965912858,4,rider,0.05,0.5,weighted_crc,segformer_b2_cityscapes,cityscapes_val_half,130
1.0,1000,False,0.0,0.0,1.0,0.944,28,38,0.0,False,0.0,0.0,0.0,21.623063601655304,0.5947148965912858,4,rider,0.1,0.5,weighted_crc,segformer_b2_cityscapes,cityscapes_val_half,130
1.0,1000,False,0.0,0.0,1.0,0.944,28,38,0.0,False,0.0,0.0,0.0,21.623063601655304,0.5947148965912858,4,rider,0.2,0.5,weighted_crc,segformer_b2_cityscapes,cityscapes_val_half,130
1.0,1000,False,0.0,0.0,1.0,0.834,83,159,0.0,False,0.0,0.0,0.0,40.4145678048984,0.5645032231764264,4,bicycle,0.05,0.1,weighted_crc,segformer_b2_cityscapes,cityscapes_val_half,170
1.0,1000,False,0.0,0.0,1.0,0.834,83,159,0.0,False,0.0,0.0,0.0,40.4145678048984,0.5645032231764264,4,bicycle,0.1,0.1,weighted_crc,segformer_b2_cityscapes,cityscapes_val_half,170
1.0,1000,False,0.0,0.0,1.0,0.834,83,159,0.0,False,0.0,0.0,0.0,40.4145678048984,0.5645032231764264,4,bicycle,0.2,0.1,weighted_crc,segformer_b2_cityscapes,cityscapes_val_half,170
1.0,1000,False,0.0,0.0,1.0,0.834,83,159,0.0,False,0.0,0.0,0.0,40.4145678048984,0.5645032231764264,4,bicycle,0.05,0.5,weighted_crc,segformer_b2_cityscapes,cityscapes_val_half,170
1.0,1000,False,0.0,0.0,1.0,0.834,83,159,0.0,False,0.0,0.0,0.0,40.4145678048984,0.5645032231764264,4,bicycle,0.1,0.5,weighted_crc,segformer_b2_cityscapes,cityscapes_val_half,170
1.0,1000,False,0.0,0.0,1.0,0.834,83,159,0.0,False,0.0,0.0,0.0,40.4145678048984,0.5645032231764264,4,bicycle,0.2,0.5,weighted_crc,segformer_b2_cityscapes,cityscapes_val_half,170
1.0,1000,False,0.0,0.0,1.0,0.66,170,334,0.0,False,0.0,0.0,0.0,78.72088081371886,0.5532429460990592,5,person,0.05,0.1,weighted_crc,segformer_b2_cityscapes,cityscapes_val_half,201
1.0,1000,False,0.0,0.0,1.0,0.66,170,334,0.0,False,0.0,0.0,0.0,78.72088081371886,0.5532429460990592,5,person,0.1,0.1,weighted_crc,segformer_b2_cityscapes,cityscapes_val_half,201
1.0,1000,False,0.0,0.0,1.0,0.66,170,334,0.0,False,0.0,0.0,0.0,78.72088081371886,0.5532429460990592,5,person,0.2,0.1,weighted_crc,segformer_b2_cityscapes,cityscapes_val_half,201
1.0,1000,False,0.0,0.0,1.0,0.66,170,334,0.0,False,0.0,0.0,0.0,78.72088081371886,0.5532429460990592,5,person,0.05,0.5,weighted_crc,segformer_b2_cityscapes,cityscapes_val_half,201
1.0,1000,False,0.0,0.0,1.0,0.66,170,334,0.0,False,0.0,0.0,0.0,78.72088081371886,0.5532429460990592,5,person,0.1,0.5,weighted_crc,segformer_b2_cityscapes,cityscapes_val_half,201
1.0,1000,False,0.0,0.0,1.0,0.66,170,334,0.0,False,0.0,0.0,0.0,78.72088081371886,0.5532429460990592,5,person,0.2,0.5,weighted_crc,segformer_b2_cityscapes,cityscapes_val_half,201
1.0,1000,False,0.0,0.0,1.0,0.944,28,38,0.0,False,0.0,0.0,0.0,30.40695142452628,0.6254688663080376,5,rider,0.05,0.1,weighted_crc,segformer_b2_cityscapes,cityscapes_val_half,129
1.0,1000,False,0.0,0.0,1.0,0.944,28,38,0.0,False,0.0,0.0,0.0,30.40695142452628,0.6254688663080376,5,rider,0.1,0.1,weighted_crc,segformer_b2_cityscapes,cityscapes_val_half,129
1.0,1000,False,0.0,0.0,1.0,0.944,28,38,0.0,False,0.0,0.0,0.0,30.40695142452628,0.6254688663080376,5,rider,0.2,0.1,weighted_crc,segformer_b2_cityscapes,cityscapes_val_half,129
1.0,1000,False,0.0,0.0,1.0,0.944,28,38,0.0,False,0.0,0.0,0.0,30.40695142452628,0.6254688663080376,5,rider,0.05,0.5,weighted_crc,segformer_b2_cityscapes,cityscapes_val_half,129
1.0,1000,False,0.0,0.0,1.0,0.944,28,38,0.0,False,0.0,0.0,0.0,30.40695142452628,0.6254688663080376,5,rider,0.1,0.5,weighted_crc,segformer_b2_cityscapes,cityscapes_val_half,129
1.0,1000,False,0.0,0.0,1.0,0.944,28,38,0.0,False,0.0,0.0,0.0,30.40695142452628,0.6254688663080376,5,rider,0.2,0.5,weighted_crc,segformer_b2_cityscapes,cityscapes_val_half,129
1.0,1000,False,0.0,0.0,1.0,0.834,83,159,0.0,False,0.0,0.0,0.0,59.754377159026696,0.5843261145797152,5,bicycle,0.05,0.1,weighted_crc,segformer_b2_cityscapes,cityscapes_val_half,173
1.0,1000,False,0.0,0.0,1.0,0.834,83,159,0.0,False,0.0,0.0,0.0,59.754377159026696,0.5843261145797152,5,bicycle,0.1,0.1,weighted_crc,segformer_b2_cityscapes,cityscapes_val_half,173
1.0,1000,False,0.0,0.0,1.0,0.834,83,159,0.0,False,0.0,0.0,0.0,59.754377159026696,0.5843261145797152,5,bicycle,0.2,0.1,weighted_crc,segformer_b2_cityscapes,cityscapes_val_half,173
1.0,1000,False,0.0,0.0,1.0,0.834,83,159,0.0,False,0.0,0.0,0.0,59.754377159026696,0.5843261145797152,5,bicycle,0.05,0.5,weighted_crc,segformer_b2_cityscapes,cityscapes_val_half,173
1.0,1000,False,0.0,0.0,1.0,0.834,83,159,0.0,False,0.0,0.0,0.0,59.754377159026696,0.5843261145797152,5,bicycle,0.1,0.5,weighted_crc,segformer_b2_cityscapes,cityscapes_val_half,173
1.0,1000,False,0.0,0.0,1.0,0.834,83,159,0.0,False,0.0,0.0,0.0,59.754377159026696,0.5843261145797152,5,bicycle,0.2,0.5,weighted_crc,segformer_b2_cityscapes,cityscapes_val_half,173
1.0,1000,False,0.0,0.0,1.0,0.66,170,334,0.0,False,0.0,0.0,0.0,50.75499515586202,0.5404489087586627,6,person,0.05,0.1,weighted_crc,segformer_b2_cityscapes,cityscapes_val_half,200
1.0,1000,False,0.0,0.0,1.0,0.66,170,334,0.0,False,0.0,0.0,0.0,50.75499515586202,0.5404489087586627,6,person,0.1,0.1,weighted_crc,segformer_b2_cityscapes,cityscapes_val_half,200
1.0,1000,False,0.0,0.0,1.0,0.66,170,334,0.0,False,0.0,0.0,0.0,50.75499515586202,0.5404489087586627,6,person,0.2,0.1,weighted_crc,segformer_b2_cityscapes,cityscapes_val_half,200
1.0,1000,False,0.0,0.0,1.0,0.66,170,334,0.0,False,0.0,0.0,0.0,50.75499515586202,0.5404489087586627,6,person,0.05,0.5,weighted_crc,segformer_b2_cityscapes,cityscapes_val_half,200
1.0,1000,False,0.0,0.0,1.0,0.66,170,334,0.0,False,0.0,0.0,0.0,50.75499515586202,0.5404489087586627,6,person,0.1,0.5,weighted_crc,segformer_b2_cityscapes,cityscapes_val_half,200
1.0,1000,False,0.0,0.0,1.0,0.66,170,334,0.0,False,0.0,0.0,0.0,50.75499515586202,0.5404489087586627,6,person,0.2,0.5,weighted_crc,segformer_b2_cityscapes,cityscapes_val_half,200
1.0,1000,False,0.0,0.0,1.0,0.944,28,38,0.0,False,0.0,0.0,0.0,10.352970680748168,0.5791821945533738,6,rider,0.05,0.1,weighted_crc,segformer_b2_cityscapes,cityscapes_val_half,125
1.0,1000,False,0.0,0.0,1.0,0.944,28,38,0.0,False,0.0,0.0,0.0,10.352970680748168,0.5791821945533738,6,rider,0.1,0.1,weighted_crc,segformer_b2_cityscapes,cityscapes_val_half,125
1.0,1000,False,0.0,0.0,1.0,0.944,28,38,0.0,False,0.0,0.0,0.0,10.352970680748168,0.5791821945533738,6,rider,0.2,0.1,weighted_crc,segformer_b2_cityscapes,cityscapes_val_half,125
1.0,1000,False,0.0,0.0,1.0,0.944,28,38,0.0,False,0.0,0.0,0.0,10.352970680748168,0.5791821945533738,6,rider,0.05,0.5,weighted_crc,segformer_b2_cityscapes,cityscapes_val_half,125
1.0,1000,False,0.0,0.0,1.0,0.944,28,38,0.0,False,0.0,0.0,0.0,10.352970680748168,0.5791821945533738,6,rider,0.1,0.5,weighted_crc,segformer_b2_cityscapes,cityscapes_val_half,125
1.0,1000,False,0.0,0.0,1.0,0.944,28,38,0.0,False,0.0,0.0,0.0,10.352970680748168,0.5791821945533738,6,rider,0.2,0.5,weighted_crc,segformer_b2_cityscapes,cityscapes_val_half,125
1.0,1000,False,0.0,0.0,1.0,0.834,83,159,0.0,False,0.0,0.0,0.0,28.8975117974942,0.5562221228862132,6,bicycle,0.05,0.1,weighted_crc,segformer_b2_cityscapes,cityscapes_val_half,163
1.0,1000,False,0.0,0.0,1.0,0.834,83,159,0.0,False,0.0,0.0,0.0,28.8975117974942,0.5562221228862132,6,bicycle,0.1,0.1,weighted_crc,segformer_b2_cityscapes,cityscapes_val_half,163
1.0,1000,False,0.0,0.0,1.0,0.834,83,159,0.0,False,0.0,0.0,0.0,28.8975117974942,0.5562221228862132,6,bicycle,0.2,0.1,weighted_crc,segformer_b2_cityscapes,cityscapes_val_half,163
1.0,1000,False,0.0,0.0,1.0,0.834,83,159,0.0,False,0.0,0.0,0.0,28.8975117974942,0.5562221228862132,6,bicycle,0.05,0.5,weighted_crc,segformer_b2_cityscapes,cityscapes_val_half,163
1.0,1000,False,0.0,0.0,1.0,0.834,83,159,0.0,False,0.0,0.0,0.0,28.8975117974942,0.5562221228862132,6,bicycle,0.1,0.5,weighted_crc,segformer_b2_cityscapes,cityscapes_val_half,163
1.0,1000,False,0.0,0.0,1.0,0.834,83,159,0.0,False,0.0,0.0,0.0,28.8975117974942,0.5562221228862132,6,bicycle,0.2,0.5,weighted_crc,segformer_b2_cityscapes,cityscapes_val_half,163
1.0,1000,False,0.0,0.0,1.0,0.66,170,334,0.0,False,0.0,0.0,0.0,42.32128938289971,0.5321997225224423,7,person,0.05,0.1,weighted_crc,segformer_b2_cityscapes,cityscapes_val_half,194
1.0,1000,False,0.0,0.0,1.0,0.66,170,334,0.0,False,0.0,0.0,0.0,42.32128938289971,0.5321997225224423,7,person,0.1,0.1,weighted_crc,segformer_b2_cityscapes,cityscapes_val_half,194
1.0,1000,False,0.0,0.0,1.0,0.66,170,334,0.0,False,0.0,0.0,0.0,42.32128938289971,0.5321997225224423,7,person,0.2,0.1,weighted_crc,segformer_b2_cityscapes,cityscapes_val_half,194
1.0,1000,False,0.0,0.0,1.0,0.66,170,334,0.0,False,0.0,0.0,0.0,42.32128938289971,0.5321997225224423,7,person,0.05,0.5,weighted_crc,segformer_b2_cityscapes,cityscapes_val_half,194
1.0,1000,False,0.0,0.0,1.0,0.66,170,334,0.0,False,0.0,0.0,0.0,42.32128938289971,0.5321997225224423,7,person,0.1,0.5,weighted_crc,segformer_b2_cityscapes,cityscapes_val_half,194
1.0,1000,False,0.0,0.0,1.0,0.66,170,334,0.0,False,0.0,0.0,0.0,42.32128938289971,0.5321997225224423,7,person,0.2,0.5,weighted_crc,segformer_b2_cityscapes,cityscapes_val_half,194
1.0,1000,False,0.0,0.0,1.0,0.944,28,38,0.0,False,0.0,0.0,0.0,18.96357961142277,0.6171240282778703,7,rider,0.05,0.1,weighted_crc,segformer_b2_cityscapes,cityscapes_val_half,122
1.0,1000,False,0.0,0.0,1.0,0.944,28,38,0.0,False,0.0,0.0,0.0,18.96357961142277,0.6171240282778703,7,rider,0.1,0.1,weighted_crc,segformer_b2_cityscapes,cityscapes_val_half,122
1.0,1000,False,0.0,0.0,1.0,0.944,28,38,0.0,False,0.0,0.0,0.0,18.96357961142277,0.6171240282778703,7,rider,0.2,0.1,weighted_crc,segformer_b2_cityscapes,cityscapes_val_half,122
1.0,1000,False,0.0,0.0,1.0,0.944,28,38,0.0,False,0.0,0.0,0.0,18.96357961142277,0.6171240282778703,7,rider,0.05,0.5,weighted_crc,segformer_b2_cityscapes,cityscapes_val_half,122
1.0,1000,False,0.0,0.0,1.0,0.944,28,38,0.0,False,0.0,0.0,0.0,18.96357961142277,0.6171240282778703,7,rider,0.1,0.5,weighted_crc,segformer_b2_cityscapes,cityscapes_val_half,122
1.0,1000,False,0.0,0.0,1.0,0.944,28,38,0.0,False,0.0,0.0,0.0,18.96357961142277,0.6171240282778703,7,rider,0.2,0.5,weighted_crc,segformer_b2_cityscapes,cityscapes_val_half,122
1.0,1000,False,0.0,0.0,1.0,0.834,83,159,0.0,False,0.0,0.0,0.0,45.545734534599276,0.5574874758115359,7,bicycle,0.05,0.1,weighted_crc,segformer_b2_cityscapes,cityscapes_val_half,177
1.0,1000,False,0.0,0.0,1.0,0.834,83,159,0.0,False,0.0,0.0,0.0,45.545734534599276,0.5574874758115359,7,bicycle,0.1,0.1,weighted_crc,segformer_b2_cityscapes,cityscapes_val_half,177
1.0,1000,False,0.0,0.0,1.0,0.834,83,159,0.0,False,0.0,0.0,0.0,45.545734534599276,0.5574874758115359,7,bicycle,0.2,0.1,weighted_crc,segformer_b2_cityscapes,cityscapes_val_half,177
1.0,1000,False,0.0,0.0,1.0,0.834,83,159,0.0,False,0.0,0.0,0.0,45.545734534599276,0.5574874758115359,7,bicycle,0.05,0.5,weighted_crc,segformer_b2_cityscapes,cityscapes_val_half,177
1.0,1000,False,0.0,0.0,1.0,0.834,83,159,0.0,False,0.0,0.0,0.0,45.545734534599276,0.5574874758115359,7,bicycle,0.1,0.5,weighted_crc,segformer_b2_cityscapes,cityscapes_val_half,177
1.0,1000,False,0.0,0.0,1.0,0.834,83,159,0.0,False,0.0,0.0,0.0,45.545734534599276,0.5574874758115359,7,bicycle,0.2,0.5,weighted_crc,segformer_b2_cityscapes,cityscapes_val_half,177
1.0,1000,False,0.0,0.0,1.0,0.66,170,334,0.0,False,0.0,0.0,0.0,48.32596286331066,0.5282503892203732,8,person,0.05,0.1,weighted_crc,segformer_b2_cityscapes,cityscapes_val_half,208
1.0,1000,False,0.0,0.0,1.0,0.66,170,334,0.0,False,0.0,0.0,0.0,48.32596286331066,0.5282503892203732,8,person,0.1,0.1,weighted_crc,segformer_b2_cityscapes,cityscapes_val_half,208
1.0,1000,False,0.0,0.0,1.0,0.66,170,334,0.0,False,0.0,0.0,0.0,48.32596286331066,0.5282503892203732,8,person,0.2,0.1,weighted_crc,segformer_b2_cityscapes,cityscapes_val_half,208
1.0,1000,False,0.0,0.0,1.0,0.66,170,334,0.0,False,0.0,0.0,0.0,48.32596286331066,0.5282503892203732,8,person,0.05,0.5,weighted_crc,segformer_b2_cityscapes,cityscapes_val_half,208
1.0,1000,False,0.0,0.0,1.0,0.66,170,334,0.0,False,0.0,0.0,0.0,48.32596286331066,0.5282503892203732,8,person,0.1,0.5,weighted_crc,segformer_b2_cityscapes,cityscapes_val_half,208
1.0,1000,False,0.0,0.0,1.0,0.66,170,334,0.0,False,0.0,0.0,0.0,48.32596286331066,0.5282503892203732,8,person,0.2,0.5,weighted_crc,segformer_b2_cityscapes,cityscapes_val_half,208
1.0,1000,False,0.0,0.0,1.0,0.944,28,38,0.0,False,0.0,0.0,0.0,19.04372480039758,0.5648892171839324,8,rider,0.05,0.1,weighted_crc,segformer_b2_cityscapes,cityscapes_val_half,139
1.0,1000,False,0.0,0.0,1.0,0.944,28,38,0.0,False,0.0,0.0,0.0,19.04372480039758,0.5648892171839324,8,rider,0.1,0.1,weighted_crc,segformer_b2_cityscapes,cityscapes_val_half,139
1.0,1000,False,0.0,0.0,1.0,0.944,28,38,0.0,False,0.0,0.0,0.0,19.04372480039758,0.5648892171839324,8,rider,0.2,0.1,weighted_crc,segformer_b2_cityscapes,cityscapes_val_half,139
1.0,1000,False,0.0,0.0,1.0,0.944,28,38,0.0,False,0.0,0.0,0.0,19.04372480039758,0.5648892171839324,8,rider,0.05,0.5,weighted_crc,segformer_b2_cityscapes,cityscapes_val_half,139
1.0,1000,False,0.0,0.0,1.0,0.944,28,38,0.0,False,0.0,0.0,0.0,19.04372480039758,0.5648892171839324,8,rider,0.1,0.5,weighted_crc,segformer_b2_cityscapes,cityscapes_val_half,139
1.0,1000,False,0.0,0.0,1.0,0.944,28,38,0.0,False,0.0,0.0,0.0,19.04372480039758,0.5648892171839324,8,rider,0.2,0.5,weighted_crc,segformer_b2_cityscapes,cityscapes_val_half,139
1.0,1000,False,0.0,0.0,1.0,0.834,83,159,0.0,False,0.0,0.0,0.0,35.72485898328888,0.5273867529109866,8,bicycle,0.05,0.1,weighted_crc,segformer_b2_cityscapes,cityscapes_val_half,184
1.0,1000,False,0.0,0.0,1.0,0.834,83,159,0.0,False,0.0,0.0,0.0,35.72485898328888,0.5273867529109866,8,bicycle,0.1,0.1,weighted_crc,segformer_b2_cityscapes,cityscapes_val_half,184
1.0,1000,False,0.0,0.0,1.0,0.834,83,159,0.0,False,0.0,0.0,0.0,35.72485898328888,0.5273867529109866,8,bicycle,0.2,0.1,weighted_crc,segformer_b2_cityscapes,cityscapes_val_half,184
1.0,1000,False,0.0,0.0,1.0,0.834,83,159,0.0,False,0.0,0.0,0.0,35.72485898328888,0.5273867529109866,8,bicycle,0.05,0.5,weighted_crc,segformer_b2_cityscapes,cityscapes_val_half,184
1.0,1000,False,0.0,0.0,1.0,0.834,83,159,0.0,False,0.0,0.0,0.0,35.72485898328888,0.5273867529109866,8,bicycle,0.1,0.5,weighted_crc,segformer_b2_cityscapes,cityscapes_val_half,184
1.0,1000,False,0.0,0.0,1.0,0.834,83,159,0.0,False,0.0,0.0,0.0,35.72485898328888,0.5273867529109866,8,bicycle,0.2,0.5,weighted_crc,segformer_b2_cityscapes,cityscapes_val_half,184
1.0,1000,False,0.0,0.0,1.0,0.66,170,334,0.0,False,0.0,0.0,0.0,55.275093462911514,0.5322863525629525,9,person,0.05,0.1,weighted_crc,segformer_b2_cityscapes,cityscapes_val_half,204
1.0,1000,False,0.0,0.0,1.0,0.66,170,334,0.0,False,0.0,0.0,0.0,55.275093462911514,0.5322863525629525,9,person,0.1,0.1,weighted_crc,segformer_b2_cityscapes,cityscapes_val_half,204
1.0,1000,False,0.0,0.0,1.0,0.66,170,334,0.0,False,0.0,0.0,0.0,55.275093462911514,0.5322863525629525,9,person,0.2,0.1,weighted_crc,segformer_b2_cityscapes,cityscapes_val_half,204
1.0,1000,False,0.0,0.0,1.0,0.66,170,334,0.0,False,0.0,0.0,0.0,55.275093462911514,0.5322863525629525,9,person,0.05,0.5,weighted_crc,segformer_b2_cityscapes,cityscapes_val_half,204
1.0,1000,False,0.0,0.0,1.0,0.66,170,334,0.0,False,0.0,0.0,0.0,55.275093462911514,0.5322863525629525,9,person,0.1,0.5,weighted_crc,segformer_b2_cityscapes,cityscapes_val_half,204
1.0,1000,False,0.0,0.0,1.0,0.66,170,334,0.0,False,0.0,0.0,0.0,55.275093462911514,0.5322863525629525,9,person,0.2,0.5,weighted_crc,segformer_b2_cityscapes,cityscapes_val_half,204
1.0,1000,False,0.0,0.0,1.0,0.944,28,38,0.0,False,0.0,0.0,0.0,13.188849654407765,0.5713264840658858,9,rider,0.05,0.1,weighted_crc,segformer_b2_cityscapes,cityscapes_val_half,128
1.0,1000,False,0.0,0.0,1.0,0.944,28,38,0.0,False,0.0,0.0,0.0,13.188849654407765,0.5713264840658858,9,rider,0.1,0.1,weighted_crc,segformer_b2_cityscapes,cityscapes_val_half,128
1.0,1000,False,0.0,0.0,1.0,0.944,28,38,0.0,False,0.0,0.0,0.0,13.188849654407765,0.5713264840658858,9,rider,0.2,0.1,weighted_crc,segformer_b2_cityscapes,cityscapes_val_half,128
1.0,1000,False,0.0,0.0,1.0,0.944,28,38,0.0,False,0.0,0.0,0.0,13.188849654407765,0.5713264840658858,9,rider,0.05,0.5,weighted_crc,segformer_b2_cityscapes,cityscapes_val_half,128
1.0,1000,False,0.0,0.0,1.0,0.944,28,38,0.0,False,0.0,0.0,0.0,13.188849654407765,0.5713264840658858,9,rider,0.1,0.5,weighted_crc,segformer_b2_cityscapes,cityscapes_val_half,128
1.0,1000,False,0.0,0.0,1.0,0.944,28,38,0.0,False,0.0,0.0,0.0,13.188849654407765,0.5713264840658858,9,rider,0.2,0.5,weighted_crc,segformer_b2_cityscapes,cityscapes_val_half,128
1.0,1000,False,0.0,0.0,1.0,0.834,83,159,0.0,False,0.0,0.0,0.0,36.81057467651125,0.5592550853083597,9,bicycle,0.05,0.1,weighted_crc,segformer_b2_cityscapes,cityscapes_val_half,176
1.0,1000,False,0.0,0.0,1.0,0.834,83,159,0.0,False,0.0,0.0,0.0,36.81057467651125,0.5592550853083597,9,bicycle,0.1,0.1,weighted_crc,segformer_b2_cityscapes,cityscapes_val_half,176
1.0,1000,False,0.0,0.0,1.0,0.834,83,159,0.0,False,0.0,0.0,0.0,36.81057467651125,0.5592550853083597,9,bicycle,0.2,0.1,weighted_crc,segformer_b2_cityscapes,cityscapes_val_half,176
1.0,1000,False,0.0,0.0,1.0,0.834,83,159,0.0,False,0.0,0.0,0.0,36.81057467651125,0.5592550853083597,9,bicycle,0.05,0.5,weighted_crc,segformer_b2_cityscapes,cityscapes_val_half,176
1.0,1000,False,0.0,0.0,1.0,0.834,83,159,0.0,False,0.0,0.0,0.0,36.81057467651125,0.5592550853083597,9,bicycle,0.1,0.5,weighted_crc,segformer_b2_cityscapes,cityscapes_val_half,176
1.0,1000,False,0.0,0.0,1.0,0.834,83,159,0.0,False,0.0,0.0,0.0,36.81057467651125,0.5592550853083597,9,bicycle,0.2,0.5,weighted_crc,segformer_b2_cityscapes,cityscapes_val_half,176
1.0,1000,False,0.0,0.0,1.0,0.66,170,334,0.0,False,0.0,0.0,0.0,25.561438675033727,0.512949232164373,10,person,0.05,0.1,weighted_crc,segformer_b2_cityscapes,cityscapes_val_half,201
1.0,1000,False,0.0,0.0,1.0,0.66,170,334,0.0,False,0.0,0.0,0.0,25.561438675033727,0.512949232164373,10,person,0.1,0.1,weighted_crc,segformer_b2_cityscapes,cityscapes_val_half,201
1.0,1000,False,0.0,0.0,1.0,0.66,170,334,0.0,False,0.0,0.0,0.0,25.561438675033727,0.512949232164373,10,person,0.2,0.1,weighted_crc,segformer_b2_cityscapes,cityscapes_val_half,201
1.0,1000,False,0.0,0.0,1.0,0.66,170,334,0.0,False,0.0,0.0,0.0,25.561438675033727,0.512949232164373,10,person,0.05,0.5,weighted_crc,segformer_b2_cityscapes,cityscapes_val_half,201
1.0,1000,False,0.0,0.0,1.0,0.66,170,334,0.0,False,0.0,0.0,0.0,25.561438675033727,0.512949232164373,10,person,0.1,0.5,weighted_crc,segformer_b2_cityscapes,cityscapes_val_half,201
1.0,1000,False,0.0,0.0,1.0,0.66,170,334,0.0,False,0.0,0.0,0.0,25.561438675033727,0.512949232164373,10,person,0.2,0.5,weighted_crc,segformer_b2_cityscapes,cityscapes_val_half,201
1.0,1000,False,0.0,0.0,1.0,0.944,28,38,0.0,False,0.0,0.0,0.0,13.34060023597268,0.6012639005083965,10,rider,0.05,0.1,weighted_crc,segformer_b2_cityscapes,cityscapes_val_half,128
1.0,1000,False,0.0,0.0,1.0,0.944,28,38,0.0,False,0.0,0.0,0.0,13.34060023597268,0.6012639005083965,10,rider,0.1,0.1,weighted_crc,segformer_b2_cityscapes,cityscapes_val_half,128
1.0,1000,False,0.0,0.0,1.0,0.944,28,38,0.0,False,0.0,0.0,0.0,13.34060023597268,0.6012639005083965,10,rider,0.2,0.1,weighted_crc,segformer_b2_cityscapes,cityscapes_val_half,128
1.0,1000,False,0.0,0.0,1.0,0.944,28,38,0.0,False,0.0,0.0,0.0,13.34060023597268,0.6012639005083965,10,rider,0.05,0.5,weighted_crc,segformer_b2_cityscapes,cityscapes_val_half,128
1.0,1000,False,0.0,0.0,1.0,0.944,28,38,0.0,False,0.0,0.0,0.0,13.34060023597268,0.6012639005083965,10,rider,0.1,0.5,weighted_crc,segformer_b2_cityscapes,cityscapes_val_half,128
1.0,1000,False,0.0,0.0,1.0,0.944,28,38,0.0,False,0.0,0.0,0.0,13.34060023597268,0.6012639005083965,10,rider,0.2,0.5,weighted_crc,segformer_b2_cityscapes,cityscapes_val_half,128
1.0,1000,False,0.0,0.0,1.0,0.834,83,159,0.0,False,0.0,0.0,0.0,13.031884525467895,0.5394033761185144,10,bicycle,0.05,0.1,weighted_crc,segformer_b2_cityscapes,cityscapes_val_half,181
1.0,1000,False,0.0,0.0,1.0,0.834,83,159,0.0,False,0.0,0.0,0.0,13.031884525467895,0.5394033761185144,10,bicycle,0.1,0.1,weighted_crc,segformer_b2_cityscapes,cityscapes_val_half,181
1.0,1000,False,0.0,0.0,1.0,0.834,83,159,0.0,False,0.0,0.0,0.0,13.031884525467895,0.5394033761185144,10,bicycle,0.2,0.1,weighted_crc,segformer_b2_cityscapes,cityscapes_val_half,181
1.0,1000,False,0.0,0.0,1.0,0.834,83,159,0.0,False,0.0,0.0,0.0,13.031884525467895,0.5394033761185144,10,bicycle,0.05,0.5,weighted_crc,segformer_b2_cityscapes,cityscapes_val_half,181
1.0,1000,False,0.0,0.0,1.0,0.834,83,159,0.0,False,0.0,0.0,0.0,13.031884525467895,0.5394033761185144,10,bicycle,0.1,0.5,weighted_crc,segformer_b2_cityscapes,cityscapes_val_half,181
1.0,1000,False,0.0,0.0,1.0,0.834,83,159,0.0,False,0.0,0.0,0.0,13.031884525467895,0.5394033761185144,10,bicycle,0.2,0.5,weighted_crc,segformer_b2_cityscapes,cityscapes_val_half,181
1.0,1000,False,0.0,0.0,1.0,0.66,170,334,0.0,False,0.0,0.0,0.0,39.05185631917888,0.514608410828892,11,person,0.05,0.1,weighted_crc,segformer_b2_cityscapes,cityscapes_val_half,201
1.0,1000,False,0.0,0.0,1.0,0.66,170,334,0.0,False,0.0,0.0,0.0,39.05185631917888,0.514608410828892,11,person,0.1,0.1,weighted_crc,segformer_b2_cityscapes,cityscapes_val_half,201
1.0,1000,False,0.0,0.0,1.0,0.66,170,334,0.0,False,0.0,0.0,0.0,39.05185631917888,0.514608410828892,11,person,0.2,0.1,weighted_crc,segformer_b2_cityscapes,cityscapes_val_half,201
1.0,1000,False,0.0,0.0,1.0,0.66,170,334,0.0,False,0.0,0.0,0.0,39.05185631917888,0.514608410828892,11,person,0.05,0.5,weighted_crc,segformer_b2_cityscapes,cityscapes_val_half,201
1.0,1000,False,0.0,0.0,1.0,0.66,170,334,0.0,False,0.0,0.0,0.0,39.05185631917888,0.514608410828892,11,person,0.1,0.5,weighted_crc,segformer_b2_cityscapes,cityscapes_val_half,201
1.0,1000,False,0.0,0.0,1.0,0.66,170,334,0.0,False,0.0,0.0,0.0,39.05185631917888,0.514608410828892,11,person,0.2,0.5,weighted_crc,segformer_b2_cityscapes,cityscapes_val_half,201
1.0,1000,False,0.0,0.0,1.0,0.944,28,38,0.0,False,0.0,0.0,0.0,5.7067754213007165,0.5734105624027982,11,rider,0.05,0.1,weighted_crc,segformer_b2_cityscapes,cityscapes_val_half,127
1.0,1000,False,0.0,0.0,1.0,0.944,28,38,0.0,False,0.0,0.0,0.0,5.7067754213007165,0.5734105624027982,11,rider,0.1,0.1,weighted_crc,segformer_b2_cityscapes,cityscapes_val_half,127
1.0,1000,False,0.0,0.0,1.0,0.944,28,38,0.0,False,0.0,0.0,0.0,5.7067754213007165,0.5734105624027982,11,rider,0.2,0.1,weighted_crc,segformer_b2_cityscapes,cityscapes_val_half,127
1.0,1000,False,0.0,0.0,1.0,0.944,28,38,0.0,False,0.0,0.0,0.0,5.7067754213007165,0.5734105624027982,11,rider,0.05,0.5,weighted_crc,segformer_b2_cityscapes,cityscapes_val_half,127
1.0,1000,False,0.0,0.0,1.0,0.944,28,38,0.0,False,0.0,0.0,0.0,5.7067754213007165,0.5734105624027982,11,rider,0.1,0.5,weighted_crc,segformer_b2_cityscapes,cityscapes_val_half,127
1.0,1000,False,0.0,0.0,1.0,0.944,28,38,0.0,False,0.0,0.0,0.0,5.7067754213007165,0.5734105624027982,11,rider,0.2,0.5,weighted_crc,segformer_b2_cityscapes,cityscapes_val_half,127
1.0,1000,False,0.0,0.0,1.0,0.834,83,159,0.0,False,0.0,0.0,0.0,33.88707904889582,0.5486797485226986,11,bicycle,0.05,0.1,weighted_crc,segformer_b2_cityscapes,cityscapes_val_half,178
1.0,1000,False,0.0,0.0,1.0,0.834,83,159,0.0,False,0.0,0.0,0.0,33.88707904889582,0.5486797485226986,11,bicycle,0.1,0.1,weighted_crc,segformer_b2_cityscapes,cityscapes_val_half,178
1.0,1000,False,0.0,0.0,1.0,0.834,83,159,0.0,False,0.0,0.0,0.0,33.88707904889582,0.5486797485226986,11,bicycle,0.2,0.1,weighted_crc,segformer_b2_cityscapes,cityscapes_val_half,178
1.0,1000,False,0.0,0.0,1.0,0.834,83,159,0.0,False,0.0,0.0,0.0,33.88707904889582,0.5486797485226986,11,bicycle,0.05,0.5,weighted_crc,segformer_b2_cityscapes,cityscapes_val_half,178
1.0,1000,False,0.0,0.0,1.0,0.834,83,159,0.0,False,0.0,0.0,0.0,33.88707904889582,0.5486797485226986,11,bicycle,0.1,0.5,weighted_crc,segformer_b2_cityscapes,cityscapes_val_half,178
1.0,1000,False,0.0,0.0,1.0,0.834,83,159,0.0,False,0.0,0.0,0.0,33.88707904889582,0.5486797485226986,11,bicycle,0.2,0.5,weighted_crc,segformer_b2_cityscapes,cityscapes_val_half,178
1.0,1000,False,0.0,0.0,1.0,0.66,170,334,0.0,False,0.0,0.0,0.0,51.8078963581654,0.5445417443870854,12,person,0.05,0.1,weighted_crc,segformer_b2_cityscapes,cityscapes_val_half,200
1.0,1000,False,0.0,0.0,1.0,0.66,170,334,0.0,False,0.0,0.0,0.0,51.8078963581654,0.5445417443870854,12,person,0.1,0.1,weighted_crc,segformer_b2_cityscapes,cityscapes_val_half,200
1.0,1000,False,0.0,0.0,1.0,0.66,170,334,0.0,False,0.0,0.0,0.0,51.8078963581654,0.5445417443870854,12,person,0.2,0.1,weighted_crc,segformer_b2_cityscapes,cityscapes_val_half,200
1.0,1000,False,0.0,0.0,1.0,0.66,170,334,0.0,False,0.0,0.0,0.0,51.8078963581654,0.5445417443870854,12,person,0.05,0.5,weighted_crc,segformer_b2_cityscapes,cityscapes_val_half,200
1.0,1000,False,0.0,0.0,1.0,0.66,170,334,0.0,False,0.0,0.0,0.0,51.8078963581654,0.5445417443870854,12,person,0.1,0.5,weighted_crc,segformer_b2_cityscapes,cityscapes_val_half,200
1.0,1000,False,0.0,0.0,1.0,0.66,170,334,0.0,False,0.0,0.0,0.0,51.8078963581654,0.5445417443870854,12,person,0.2,0.5,weighted_crc,segformer_b2_cityscapes,cityscapes_val_half,200
1.0,1000,False,0.0,0.0,1.0,0.944,28,38,0.0,False,0.0,0.0,0.0,18.361727058064133,0.6263166455234808,12,rider,0.05,0.1,weighted_crc,segformer_b2_cityscapes,cityscapes_val_half,120
1.0,1000,False,0.0,0.0,1.0,0.944,28,38,0.0,False,0.0,0.0,0.0,18.361727058064133,0.6263166455234808,12,rider,0.1,0.1,weighted_crc,segformer_b2_cityscapes,cityscapes_val_half,120
1.0,1000,False,0.0,0.0,1.0,0.944,28,38,0.0,False,0.0,0.0,0.0,18.361727058064133,0.6263166455234808,12,rider,0.2,0.1,weighted_crc,segformer_b2_cityscapes,cityscapes_val_half,120
1.0,1000,False,0.0,0.0,1.0,0.944,28,38,0.0,False,0.0,0.0,0.0,18.361727058064133,0.6263166455234808,12,rider,0.05,0.5,weighted_crc,segformer_b2_cityscapes,cityscapes_val_half,120
1.0,1000,False,0.0,0.0,1.0,0.944,28,38,0.0,False,0.0,0.0,0.0,18.361727058064133,0.6263166455234808,12,rider,0.1,0.5,weighted_crc,segformer_b2_cityscapes,cityscapes_val_half,120
1.0,1000,False,0.0,0.0,1.0,0.944,28,38,0.0,False,0.0,0.0,0.0,18.361727058064133,0.6263166455234808,12,rider,0.2,0.5,weighted_crc,segformer_b2_cityscapes,cityscapes_val_half,120
1.0,1000,False,0.0,0.0,1.0,0.834,83,159,0.0,False,0.0,0.0,0.0,38.39106468011011,0.5899336132584853,12,bicycle,0.05,0.1,weighted_crc,segformer_b2_cityscapes,cityscapes_val_half,171
1.0,1000,False,0.0,0.0,1.0,0.834,83,159,0.0,False,0.0,0.0,0.0,38.39106468011011,0.5899336132584853,12,bicycle,0.1,0.1,weighted_crc,segformer_b2_cityscapes,cityscapes_val_half,171
1.0,1000,False,0.0,0.0,1.0,0.834,83,159,0.0,False,0.0,0.0,0.0,38.39106468011011,0.5899336132584853,12,bicycle,0.2,0.1,weighted_crc,segformer_b2_cityscapes,cityscapes_val_half,171
1.0,1000,False,0.0,0.0,1.0,0.834,83,159,0.0,False,0.0,0.0,0.0,38.39106468011011,0.5899336132584853,12,bicycle,0.05,0.5,weighted_crc,segformer_b2_cityscapes,cityscapes_val_half,171
1.0,1000,False,0.0,0.0,1.0,0.834,83,159,0.0,False,0.0,0.0,0.0,38.39106468011011,0.5899336132584853,12,bicycle,0.1,0.5,weighted_crc,segformer_b2_cityscapes,cityscapes_val_half,171
1.0,1000,False,0.0,0.0,1.0,0.834,83,159,0.0,False,0.0,0.0,0.0,38.39106468011011,0.5899336132584853,12,bicycle,0.2,0.5,weighted_crc,segformer_b2_cityscapes,cityscapes_val_half,171
1.0,1000,False,0.0,0.0,1.0,0.66,170,334,0.0,False,0.0,0.0,0.0,41.65617752992349,0.5183044052817349,13,person,0.05,0.1,weighted_crc,segformer_b2_cityscapes,cityscapes_val_half,202
1.0,1000,False,0.0,0.0,1.0,0.66,170,334,0.0,False,0.0,0.0,0.0,41.65617752992349,0.5183044052817349,13,person,0.1,0.1,weighted_crc,segformer_b2_cityscapes,cityscapes_val_half,202
1.0,1000,False,0.0,0.0,1.0,0.66,170,334,0.0,False,0.0,0.0,0.0,41.65617752992349,0.5183044052817349,13,person,0.2,0.1,weighted_crc,segformer_b2_cityscapes,cityscapes_val_half,202
1.0,1000,False,0.0,0.0,1.0,0.66,170,334,0.0,False,0.0,0.0,0.0,41.65617752992349,0.5183044052817349,13,person,0.05,0.5,weighted_crc,segformer_b2_cityscapes,cityscapes_val_half,202
1.0,1000,False,0.0,0.0,1.0,0.66,170,334,0.0,False,0.0,0.0,0.0,41.65617752992349,0.5183044052817349,13,person,0.1,0.5,weighted_crc,segformer_b2_cityscapes,cityscapes_val_half,202
1.0,1000,False,0.0,0.0,1.0,0.66,170,334,0.0,False,0.0,0.0,0.0,41.65617752992349,0.5183044052817349,13,person,0.2,0.5,weighted_crc,segformer_b2_cityscapes,cityscapes_val_half,202
1.0,1000,False,0.0,0.0,1.0,0.944,28,38,0.0,False,0.0,0.0,0.0,27.50794175254208,0.6417543644959718,13,rider,0.05,0.1,weighted_crc,segformer_b2_cityscapes,cityscapes_val_half,121
1.0,1000,False,0.0,0.0,1.0,0.944,28,38,0.0,False,0.0,0.0,0.0,27.50794175254208,0.6417543644959718,13,rider,0.1,0.1,weighted_crc,segformer_b2_cityscapes,cityscapes_val_half,121
1.0,1000,False,0.0,0.0,1.0,0.944,28,38,0.0,False,0.0,0.0,0.0,27.50794175254208,0.6417543644959718,13,rider,0.2,0.1,weighted_crc,segformer_b2_cityscapes,cityscapes_val_half,121
1.0,1000,False,0.0,0.0,1.0,0.944,28,38,0.0,False,0.0,0.0,0.0,27.50794175254208,0.6417543644959718,13,rider,0.05,0.5,weighted_crc,segformer_b2_cityscapes,cityscapes_val_half,121
1.0,1000,False,0.0,0.0,1.0,0.944,28,38,0.0,False,0.0,0.0,0.0,27.50794175254208,0.6417543644959718,13,rider,0.1,0.5,weighted_crc,segformer_b2_cityscapes,cityscapes_val_half,121
1.0,1000,False,0.0,0.0,1.0,0.944,28,38,0.0,False,0.0,0.0,0.0,27.50794175254208,0.6417543644959718,13,rider,0.2,0.5,weighted_crc,segformer_b2_cityscapes,cityscapes_val_half,121
1.0,1000,False,0.0,0.0,1.0,0.834,83,159,0.0,False,0.0,0.0,0.0,40.04108183652151,0.5571272045213967,13,bicycle,0.05,0.1,weighted_crc,segformer_b2_cityscapes,cityscapes_val_half,176
1.0,1000,False,0.0,0.0,1.0,0.834,83,159,0.0,False,0.0,0.0,0.0,40.04108183652151,0.5571272045213967,13,bicycle,0.1,0.1,weighted_crc,segformer_b2_cityscapes,cityscapes_val_half,176
1.0,1000,False,0.0,0.0,1.0,0.834,83,159,0.0,False,0.0,0.0,0.0,40.04108183652151,0.5571272045213967,13,bicycle,0.2,0.1,weighted_crc,segformer_b2_cityscapes,cityscapes_val_half,176
1.0,1000,False,0.0,0.0,1.0,0.834,83,159,0.0,False,0.0,0.0,0.0,40.04108183652151,0.5571272045213967,13,bicycle,0.05,0.5,weighted_crc,segformer_b2_cityscapes,cityscapes_val_half,176
1.0,1000,False,0.0,0.0,1.0,0.834,83,159,0.0,False,0.0,0.0,0.0,40.04108183652151,0.5571272045213967,13,bicycle,0.1,0.5,weighted_crc,segformer_b2_cityscapes,cityscapes_val_half,176
1.0,1000,False,0.0,0.0,1.0,0.834,83,159,0.0,False,0.0,0.0,0.0,40.04108183652151,0.5571272045213967,13,bicycle,0.2,0.5,weighted_crc,segformer_b2_cityscapes,cityscapes_val_half,176
1.0,1000,False,0.0,0.0,1.0,0.66,170,334,0.0,False,0.0,0.0,0.0,32.302811845631766,0.5033324493613556,14,person,0.05,0.1,weighted_crc,segformer_b2_cityscapes,cityscapes_val_half,202
1.0,1000,False,0.0,0.0,1.0,0.66,170,334,0.0,False,0.0,0.0,0.0,32.302811845631766,0.5033324493613556,14,person,0.1,0.1,weighted_crc,segformer_b2_cityscapes,cityscapes_val_half,202
1.0,1000,False,0.0,0.0,1.0,0.66,170,334,0.0,False,0.0,0.0,0.0,32.302811845631766,0.5033324493613556,14,person,0.2,0.1,weighted_crc,segformer_b2_cityscapes,cityscapes_val_half,202
1.0,1000,False,0.0,0.0,1.0,0.66,170,334,0.0,False,0.0,0.0,0.0,32.302811845631766,0.5033324493613556,14,person,0.05,0.5,weighted_crc,segformer_b2_cityscapes,cityscapes_val_half,202
1.0,1000,False,0.0,0.0,1.0,0.66,170,334,0.0,False,0.0,0.0,0.0,32.302811845631766,0.5033324493613556,14,person,0.1,0.5,weighted_crc,segformer_b2_cityscapes,cityscapes_val_half,202
1.0,1000,False,0.0,0.0,1.0,0.66,170,334,0.0,False,0.0,0.0,0.0,32.302811845631766,0.5033324493613556,14,person,0.2,0.5,weighted_crc,segformer_b2_cityscapes,cityscapes_val_half,202
1.0,1000,False,0.0,0.0,1.0,0.944,28,38,0.0,False,0.0,0.0,0.0,19.138606609030777,0.6070894658708857,14,rider,0.05,0.1,weighted_crc,segformer_b2_cityscapes,cityscapes_val_half,121
1.0,1000,False,0.0,0.0,1.0,0.944,28,38,0.0,False,0.0,0.0,0.0,19.138606609030777,0.6070894658708857,14,rider,0.1,0.1,weighted_crc,segformer_b2_cityscapes,cityscapes_val_half,121
1.0,1000,False,0.0,0.0,1.0,0.944,28,38,0.0,False,0.0,0.0,0.0,19.138606609030777,0.6070894658708857,14,rider,0.2,0.1,weighted_crc,segformer_b2_cityscapes,cityscapes_val_half,121
1.0,1000,False,0.0,0.0,1.0,0.944,28,38,0.0,False,0.0,0.0,0.0,19.138606609030777,0.6070894658708857,14,rider,0.05,0.5,weighted_crc,segformer_b2_cityscapes,cityscapes_val_half,121
1.0,1000,False,0.0,0.0,1.0,0.944,28,38,0.0,False,0.0,0.0,0.0,19.138606609030777,0.6070894658708857,14,rider,0.1,0.5,weighted_crc,segformer_b2_cityscapes,cityscapes_val_half,121
1.0,1000,False,0.0,0.0,1.0,0.944,28,38,0.0,False,0.0,0.0,0.0,19.138606609030777,0.6070894658708857,14,rider,0.2,0.5,weighted_crc,segformer_b2_cityscapes,cityscapes_val_half,121
1.0,1000,False,0.0,0.0,1.0,0.834,83,159,0.0,False,0.0,0.0,0.0,26.46658826727985,0.5489171055999809,14,bicycle,0.05,0.1,weighted_crc,segformer_b2_cityscapes,cityscapes_val_half,170
1.0,1000,False,0.0,0.0,1.0,0.834,83,159,0.0,False,0.0,0.0,0.0,26.46658826727985,0.5489171055999809,14,bicycle,0.1,0.1,weighted_crc,segformer_b2_cityscapes,cityscapes_val_half,170
1.0,1000,False,0.0,0.0,1.0,0.834,83,159,0.0,False,0.0,0.0,0.0,26.46658826727985,0.5489171055999809,14,bicycle,0.2,0.1,weighted_crc,segformer_b2_cityscapes,cityscapes_val_half,170
1.0,1000,False,0.0,0.0,1.0,0.834,83,159,0.0,False,0.0,0.0,0.0,26.46658826727985,0.5489171055999809,14,bicycle,0.05,0.5,weighted_crc,segformer_b2_cityscapes,cityscapes_val_half,170
1.0,1000,False,0.0,0.0,1.0,0.834,83,159,0.0,False,0.0,0.0,0.0,26.46658826727985,0.5489171055999809,14,bicycle,0.1,0.5,weighted_crc,segformer_b2_cityscapes,cityscapes_val_half,170
1.0,1000,False,0.0,0.0,1.0,0.834,83,159,0.0,False,0.0,0.0,0.0,26.46658826727985,0.5489171055999809,14,bicycle,0.2,0.5,weighted_crc,segformer_b2_cityscapes,cityscapes_val_half,170
1.0,1000,False,0.0,0.0,1.0,0.66,170,334,0.0,False,0.0,0.0,0.0,35.80413392075432,0.5394288659677342,15,person,0.05,0.1,weighted_crc,segformer_b2_cityscapes,cityscapes_val_half,202
1.0,1000,False,0.0,0.0,1.0,0.66,170,334,0.0,False,0.0,0.0,0.0,35.80413392075432,0.5394288659677342,15,person,0.1,0.1,weighted_crc,segformer_b2_cityscapes,cityscapes_val_half,202
1.0,1000,False,0.0,0.0,1.0,0.66,170,334,0.0,False,0.0,0.0,0.0,35.80413392075432,0.5394288659677342,15,person,0.2,0.1,weighted_crc,segformer_b2_cityscapes,cityscapes_val_half,202
1.0,1000,False,0.0,0.0,1.0,0.66,170,334,0.0,False,0.0,0.0,0.0,35.80413392075432,0.5394288659677342,15,person,0.05,0.5,weighted_crc,segformer_b2_cityscapes,cityscapes_val_half,202
1.0,1000,False,0.0,0.0,1.0,0.66,170,334,0.0,False,0.0,0.0,0.0,35.80413392075432,0.5394288659677342,15,person,0.1,0.5,weighted_crc,segformer_b2_cityscapes,cityscapes_val_half,202
1.0,1000,False,0.0,0.0,1.0,0.66,170,334,0.0,False,0.0,0.0,0.0,35.80413392075432,0.5394288659677342,15,person,0.2,0.5,weighted_crc,segformer_b2_cityscapes,cityscapes_val_half,202
1.0,1000,False,0.0,0.0,1.0,0.944,28,38,0.0,False,0.0,0.0,0.0,18.414650217384782,0.6549430951441376,15,rider,0.05,0.1,weighted_crc,segformer_b2_cityscapes,cityscapes_val_half,124
1.0,1000,False,0.0,0.0,1.0,0.944,28,38,0.0,False,0.0,0.0,0.0,18.414650217384782,0.6549430951441376,15,rider,0.1,0.1,weighted_crc,segformer_b2_cityscapes,cityscapes_val_half,124
1.0,1000,False,0.0,0.0,1.0,0.944,28,38,0.0,False,0.0,0.0,0.0,18.414650217384782,0.6549430951441376,15,rider,0.2,0.1,weighted_crc,segformer_b2_cityscapes,cityscapes_val_half,124
1.0,1000,False,0.0,0.0,1.0,0.944,28,38,0.0,False,0.0,0.0,0.0,18.414650217384782,0.6549430951441376,15,rider,0.05,0.5,weighted_crc,segformer_b2_cityscapes,cityscapes_val_half,124
1.0,1000,False,0.0,0.0,1.0,0.944,28,38,0.0,False,0.0,0.0,0.0,18.414650217384782,0.6549430951441376,15,rider,0.1,0.5,weighted_crc,segformer_b2_cityscapes,cityscapes_val_half,124
1.0,1000,False,0.0,0.0,1.0,0.944,28,38,0.0,False,0.0,0.0,0.0,18.414650217384782,0.6549430951441376,15,rider,0.2,0.5,weighted_crc,segformer_b2_cityscapes,cityscapes_val_half,124
1.0,1000,False,0.0,0.0,1.0,0.834,83,159,0.0,False,0.0,0.0,0.0,24.82226874525634,0.5659133880391749,15,bicycle,0.05,0.1,weighted_crc,segformer_b2_cityscapes,cityscapes_val_half,167
1.0,1000,False,0.0,0.0,1.0,0.834,83,159,0.0,False,0.0,0.0,0.0,24.82226874525634,0.5659133880391749,15,bicycle,0.1,0.1,weighted_crc,segformer_b2_cityscapes,cityscapes_val_half,167
1.0,1000,False,0.0,0.0,1.0,0.834,83,159,0.0,False,0.0,0.0,0.0,24.82226874525634,0.5659133880391749,15,bicycle,0.2,0.1,weighted_crc,segformer_b2_cityscapes,cityscapes_val_half,167
1.0,1000,False,0.0,0.0,1.0,0.834,83,159,0.0,False,0.0,0.0,0.0,24.82226874525634,0.5659133880391749,15,bicycle,0.05,0.5,weighted_crc,segformer_b2_cityscapes,cityscapes_val_half,167
1.0,1000,False,0.0,0.0,1.0,0.834,83,159,0.0,False,0.0,0.0,0.0,24.82226874525634,0.5659133880391749,15,bicycle,0.1,0.5,weighted_crc,segformer_b2_cityscapes,cityscapes_val_half,167
1.0,1000,False,0.0,0.0,1.0,0.834,83,159,0.0,False,0.0,0.0,0.0,24.82226874525634,0.5659133880391749,15,bicycle,0.2,0.5,weighted_crc,segformer_b2_cityscapes,cityscapes_val_half,167
1.0,1000,False,0.0,0.0,1.0,0.66,170,334,0.0,False,0.0,0.0,0.0,32.7487194442278,0.5229525033303818,16,person,0.05,0.1,weighted_crc,segformer_b2_cityscapes,cityscapes_val_half,198
1.0,1000,False,0.0,0.0,1.0,0.66,170,334,0.0,False,0.0,0.0,0.0,32.7487194442278,0.5229525033303818,16,person,0.1,0.1,weighted_crc,segformer_b2_cityscapes,cityscapes_val_half,198
1.0,1000,False,0.0,0.0,1.0,0.66,170,334,0.0,False,0.0,0.0,0.0,32.7487194442278,0.5229525033303818,16,person,0.2,0.1,weighted_crc,segformer_b2_cityscapes,cityscapes_val_half,198
1.0,1000,False,0.0,0.0,1.0,0.66,170,334,0.0,False,0.0,0.0,0.0,32.7487194442278,0.5229525033303818,16,person,0.05,0.5,weighted_crc,segformer_b2_cityscapes,cityscapes_val_half,198
1.0,1000,False,0.0,0.0,1.0,0.66,170,334,0.0,False,0.0,0.0,0.0,32.7487194442278,0.5229525033303818,16,person,0.1,0.5,weighted_crc,segformer_b2_cityscapes,cityscapes_val_half,198
1.0,1000,False,0.0,0.0,1.0,0.66,170,334,0.0,False,0.0,0.0,0.0,32.7487194442278,0.5229525033303818,16,person,0.2,0.5,weighted_crc,segformer_b2_cityscapes,cityscapes_val_half,198
1.0,1000,False,0.0,0.0,1.0,0.944,28,38,0.0,False,0.0,0.0,0.0,21.59261428237583,0.5969163715394875,16,rider,0.05,0.1,weighted_crc,segformer_b2_cityscapes,cityscapes_val_half,135
1.0,1000,False,0.0,0.0,1.0,0.944,28,38,0.0,False,0.0,0.0,0.0,21.59261428237583,0.5969163715394875,16,rider,0.1,0.1,weighted_crc,segformer_b2_cityscapes,cityscapes_val_half,135
1.0,1000,False,0.0,0.0,1.0,0.944,28,38,0.0,False,0.0,0.0,0.0,21.59261428237583,0.5969163715394875,16,rider,0.2,0.1,weighted_crc,segformer_b2_cityscapes,cityscapes_val_half,135
1.0,1000,False,0.0,0.0,1.0,0.944,28,38,0.0,False,0.0,0.0,0.0,21.59261428237583,0.5969163715394875,16,rider,0.05,0.5,weighted_crc,segformer_b2_cityscapes,cityscapes_val_half,135
1.0,1000,False,0.0,0.0,1.0,0.944,28,38,0.0,False,0.0,0.0,0.0,21.59261428237583,0.5969163715394875,16,rider,0.1,0.5,weighted_crc,segformer_b2_cityscapes,cityscapes_val_half,135
1.0,1000,False,0.0,0.0,1.0,0.944,28,38,0.0,False,0.0,0.0,0.0,21.59261428237583,0.5969163715394875,16,rider,0.2,0.5,weighted_crc,segformer_b2_cityscapes,cityscapes_val_half,135
1.0,1000,False,0.0,0.0,1.0,0.834,83,159,0.0,False,0.0,0.0,0.0,28.449454397229054,0.5492257580089744,16,bicycle,0.05,0.1,weighted_crc,segformer_b2_cityscapes,cityscapes_val_half,172
1.0,1000,False,0.0,0.0,1.0,0.834,83,159,0.0,False,0.0,0.0,0.0,28.449454397229054,0.5492257580089744,16,bicycle,0.1,0.1,weighted_crc,segformer_b2_cityscapes,cityscapes_val_half,172
1.0,1000,False,0.0,0.0,1.0,0.834,83,159,0.0,False,0.0,0.0,0.0,28.449454397229054,0.5492257580089744,16,bicycle,0.2,0.1,weighted_crc,segformer_b2_cityscapes,cityscapes_val_half,172
1.0,1000,False,0.0,0.0,1.0,0.834,83,159,0.0,False,0.0,0.0,0.0,28.449454397229054,0.5492257580089744,16,bicycle,0.05,0.5,weighted_crc,segformer_b2_cityscapes,cityscapes_val_half,172
1.0,1000,False,0.0,0.0,1.0,0.834,83,159,0.0,False,0.0,0.0,0.0,28.449454397229054,0.5492257580089744,16,bicycle,0.1,0.5,weighted_crc,segformer_b2_cityscapes,cityscapes_val_half,172
1.0,1000,False,0.0,0.0,1.0,0.834,83,159,0.0,False,0.0,0.0,0.0,28.449454397229054,0.5492257580089744,16,bicycle,0.2,0.5,weighted_crc,segformer_b2_cityscapes,cityscapes_val_half,172
1.0,1000,False,0.0,0.0,1.0,0.66,170,334,0.0,False,0.0,0.0,0.0,29.057611552465048,0.5141020767829255,17,person,0.05,0.1,weighted_crc,segformer_b2_cityscapes,cityscapes_val_half,201
1.0,1000,False,0.0,0.0,1.0,0.66,170,334,0.0,False,0.0,0.0,0.0,29.057611552465048,0.5141020767829255,17,person,0.1,0.1,weighted_crc,segformer_b2_cityscapes,cityscapes_val_half,201
1.0,1000,False,0.0,0.0,1.0,0.66,170,334,0.0,False,0.0,0.0,0.0,29.057611552465048,0.5141020767829255,17,person,0.2,0.1,weighted_crc,segformer_b2_cityscapes,cityscapes_val_half,201
1.0,1000,False,0.0,0.0,1.0,0.66,170,334,0.0,False,0.0,0.0,0.0,29.057611552465048,0.5141020767829255,17,person,0.05,0.5,weighted_crc,segformer_b2_cityscapes,cityscapes_val_half,201
1.0,1000,False,0.0,0.0,1.0,0.66,170,334,0.0,False,0.0,0.0,0.0,29.057611552465048,0.5141020767829255,17,person,0.1,0.5,weighted_crc,segformer_b2_cityscapes,cityscapes_val_half,201
1.0,1000,False,0.0,0.0,1.0,0.66,170,334,0.0,False,0.0,0.0,0.0,29.057611552465048,0.5141020767829255,17,person,0.2,0.5,weighted_crc,segformer_b2_cityscapes,cityscapes_val_half,201
1.0,1000,False,0.0,0.0,1.0,0.944,28,38,0.0,False,0.0,0.0,0.0,23.924503638906174,0.5995555081039622,17,rider,0.05,0.1,weighted_crc,segformer_b2_cityscapes,cityscapes_val_half,143
1.0,1000,False,0.0,0.0,1.0,0.944,28,38,0.0,False,0.0,0.0,0.0,23.924503638906174,0.5995555081039622,17,rider,0.1,0.1,weighted_crc,segformer_b2_cityscapes,cityscapes_val_half,143
1.0,1000,False,0.0,0.0,1.0,0.944,28,38,0.0,False,0.0,0.0,0.0,23.924503638906174,0.5995555081039622,17,rider,0.2,0.1,weighted_crc,segformer_b2_cityscapes,cityscapes_val_half,143
1.0,1000,False,0.0,0.0,1.0,0.944,28,38,0.0,False,0.0,0.0,0.0,23.924503638906174,0.5995555081039622,17,rider,0.05,0.5,weighted_crc,segformer_b2_cityscapes,cityscapes_val_half,143
1.0,1000,False,0.0,0.0,1.0,0.944,28,38,0.0,False,0.0,0.0,0.0,23.924503638906174,0.5995555081039622,17,rider,0.1,0.5,weighted_crc,segformer_b2_cityscapes,cityscapes_val_half,143
1.0,1000,False,0.0,0.0,1.0,0.944,28,38,0.0,False,0.0,0.0,0.0,23.924503638906174,0.5995555081039622,17,rider,0.2,0.5,weighted_crc,segformer_b2_cityscapes,cityscapes_val_half,143
1.0,1000,False,0.0,0.0,1.0,0.834,83,159,0.0,False,0.0,0.0,0.0,31.390289824653404,0.5259699489843902,17,bicycle,0.05,0.1,weighted_crc,segformer_b2_cityscapes,cityscapes_val_half,192
1.0,1000,False,0.0,0.0,1.0,0.834,83,159,0.0,False,0.0,0.0,0.0,31.390289824653404,0.5259699489843902,17,bicycle,0.1,0.1,weighted_crc,segformer_b2_cityscapes,cityscapes_val_half,192
1.0,1000,False,0.0,0.0,1.0,0.834,83,159,0.0,False,0.0,0.0,0.0,31.390289824653404,0.5259699489843902,17,bicycle,0.2,0.1,weighted_crc,segformer_b2_cityscapes,cityscapes_val_half,192
1.0,1000,False,0.0,0.0,1.0,0.834,83,159,0.0,False,0.0,0.0,0.0,31.390289824653404,0.5259699489843902,17,bicycle,0.05,0.5,weighted_crc,segformer_b2_cityscapes,cityscapes_val_half,192
1.0,1000,False,0.0,0.0,1.0,0.834,83,159,0.0,False,0.0,0.0,0.0,31.390289824653404,0.5259699489843902,17,bicycle,0.1,0.5,weighted_crc,segformer_b2_cityscapes,cityscapes_val_half,192
1.0,1000,False,0.0,0.0,1.0,0.834,83,159,0.0,False,0.0,0.0,0.0,31.390289824653404,0.5259699489843902,17,bicycle,0.2,0.5,weighted_crc,segformer_b2_cityscapes,cityscapes_val_half,192
1.0,1000,False,0.0,0.0,1.0,0.66,170,334,0.0,False,0.0,0.0,0.0,38.1971924221962,0.5239055794183531,18,person,0.05,0.1,weighted_crc,segformer_b2_cityscapes,cityscapes_val_half,200
1.0,1000,False,0.0,0.0,1.0,0.66,170,334,0.0,False,0.0,0.0,0.0,38.1971924221962,0.5239055794183531,18,person,0.1,0.1,weighted_crc,segformer_b2_cityscapes,cityscapes_val_half,200
1.0,1000,False,0.0,0.0,1.0,0.66,170,334,0.0,False,0.0,0.0,0.0,38.1971924221962,0.5239055794183531,18,person,0.2,0.1,weighted_crc,segformer_b2_cityscapes,cityscapes_val_half,200
1.0,1000,False,0.0,0.0,1.0,0.66,170,334,0.0,False,0.0,0.0,0.0,38.1971924221962,0.5239055794183531,18,person,0.05,0.5,weighted_crc,segformer_b2_cityscapes,cityscapes_val_half,200
1.0,1000,False,0.0,0.0,1.0,0.66,170,334,0.0,False,0.0,0.0,0.0,38.1971924221962,0.5239055794183531,18,person,0.1,0.5,weighted_crc,segformer_b2_cityscapes,cityscapes_val_half,200
1.0,1000,False,0.0,0.0,1.0,0.66,170,334,0.0,False,0.0,0.0,0.0,38.1971924221962,0.5239055794183531,18,person,0.2,0.5,weighted_crc,segformer_b2_cityscapes,cityscapes_val_half,200
1.0,1000,False,0.0,0.0,1.0,0.944,28,38,0.0,False,0.0,0.0,0.0,16.190073214667414,0.5795178611150611,18,rider,0.05,0.1,weighted_crc,segformer_b2_cityscapes,cityscapes_val_half,125
1.0,1000,False,0.0,0.0,1.0,0.944,28,38,0.0,False,0.0,0.0,0.0,16.190073214667414,0.5795178611150611,18,rider,0.1,0.1,weighted_crc,segformer_b2_cityscapes,cityscapes_val_half,125
1.0,1000,False,0.0,0.0,1.0,0.944,28,38,0.0,False,0.0,0.0,0.0,16.190073214667414,0.5795178611150611,18,rider,0.2,0.1,weighted_crc,segformer_b2_cityscapes,cityscapes_val_half,125
1.0,1000,False,0.0,0.0,1.0,0.944,28,38,0.0,False,0.0,0.0,0.0,16.190073214667414,0.5795178611150611,18,rider,0.05,0.5,weighted_crc,segformer_b2_cityscapes,cityscapes_val_half,125
1.0,1000,False,0.0,0.0,1.0,0.944,28,38,0.0,False,0.0,0.0,0.0,16.190073214667414,0.5795178611150611,18,rider,0.1,0.5,weighted_crc,segformer_b2_cityscapes,cityscapes_val_half,125
1.0,1000,False,0.0,0.0,1.0,0.944,28,38,0.0,False,0.0,0.0,0.0,16.190073214667414,0.5795178611150611,18,rider,0.2,0.5,weighted_crc,segformer_b2_cityscapes,cityscapes_val_half,125
1.0,1000,False,0.0,0.0,1.0,0.834,83,159,0.0,False,0.0,0.0,0.0,29.224714320507008,0.5520291006069392,18,bicycle,0.05,0.1,weighted_crc,segformer_b2_cityscapes,cityscapes_val_half,169
1.0,1000,False,0.0,0.0,1.0,0.834,83,159,0.0,False,0.0,0.0,0.0,29.224714320507008,0.5520291006069392,18,bicycle,0.1,0.1,weighted_crc,segformer_b2_cityscapes,cityscapes_val_half,169
1.0,1000,False,0.0,0.0,1.0,0.834,83,159,0.0,False,0.0,0.0,0.0,29.224714320507008,0.5520291006069392,18,bicycle,0.2,0.1,weighted_crc,segformer_b2_cityscapes,cityscapes_val_half,169
1.0,1000,False,0.0,0.0,1.0,0.834,83,159,0.0,False,0.0,0.0,0.0,29.224714320507008,0.5520291006069392,18,bicycle,0.05,0.5,weighted_crc,segformer_b2_cityscapes,cityscapes_val_half,169
1.0,1000,False,0.0,0.0,1.0,0.834,83,159,0.0,False,0.0,0.0,0.0,29.224714320507008,0.5520291006069392,18,bicycle,0.1,0.5,weighted_crc,segformer_b2_cityscapes,cityscapes_val_half,169
1.0,1000,False,0.0,0.0,1.0,0.834,83,159,0.0,False,0.0,0.0,0.0,29.224714320507008,0.5520291006069392,18,bicycle,0.2,0.5,weighted_crc,segformer_b2_cityscapes,cityscapes_val_half,169
1.0,1000,False,0.0,0.0,1.0,0.66,170,334,0.0,False,0.0,0.0,0.0,43.46475733562322,0.521595691558231,19,person,0.05,0.1,weighted_crc,segformer_b2_cityscapes,cityscapes_val_half,201
1.0,1000,False,0.0,0.0,1.0,0.66,170,334,0.0,False,0.0,0.0,0.0,43.46475733562322,0.521595691558231,19,person,0.1,0.1,weighted_crc,segformer_b2_cityscapes,cityscapes_val_half,201
1.0,1000,False,0.0,0.0,1.0,0.66,170,334,0.0,False,0.0,0.0,0.0,43.46475733562322,0.521595691558231,19,person,0.2,0.1,weighted_crc,segformer_b2_cityscapes,cityscapes_val_half,201
1.0,1000,False,0.0,0.0,1.0,0.66,170,334,0.0,False,0.0,0.0,0.0,43.46475733562322,0.521595691558231,19,person,0.05,0.5,weighted_crc,segformer_b2_cityscapes,cityscapes_val_half,201
1.0,1000,False,0.0,0.0,1.0,0.66,170,334,0.0,False,0.0,0.0,0.0,43.46475733562322,0.521595691558231,19,person,0.1,0.5,weighted_crc,segformer_b2_cityscapes,cityscapes_val_half,201
1.0,1000,False,0.0,0.0,1.0,0.66,170,334,0.0,False,0.0,0.0,0.0,43.46475733562322,0.521595691558231,19,person,0.2,0.5,weighted_crc,segformer_b2_cityscapes,cityscapes_val_half,201
1.0,1000,False,0.0,0.0,1.0,0.944,28,38,0.0,False,0.0,0.0,0.0,34.24895721312058,0.6043692040303233,19,rider,0.05,0.1,weighted_crc,segformer_b2_cityscapes,cityscapes_val_half,131
1.0,1000,False,0.0,0.0,1.0,0.944,28,38,0.0,False,0.0,0.0,0.0,34.24895721312058,0.6043692040303233,19,rider,0.1,0.1,weighted_crc,segformer_b2_cityscapes,cityscapes_val_half,131
1.0,1000,False,0.0,0.0,1.0,0.944,28,38,0.0,False,0.0,0.0,0.0,34.24895721312058,0.6043692040303233,19,rider,0.2,0.1,weighted_crc,segformer_b2_cityscapes,cityscapes_val_half,131
1.0,1000,False,0.0,0.0,1.0,0.944,28,38,0.0,False,0.0,0.0,0.0,34.24895721312058,0.6043692040303233,19,rider,0.05,0.5,weighted_crc,segformer_b2_cityscapes,cityscapes_val_half,131
1.0,1000,False,0.0,0.0,1.0,0.944,28,38,0.0,False,0.0,0.0,0.0,34.24895721312058,0.6043692040303233,19,rider,0.1,0.5,weighted_crc,segformer_b2_cityscapes,cityscapes_val_half,131
1.0,1000,False,0.0,0.0,1.0,0.944,28,38,0.0,False,0.0,0.0,0.0,34.24895721312058,0.6043692040303233,19,rider,0.2,0.5,weighted_crc,segformer_b2_cityscapes,cityscapes_val_half,131
1.0,1000,False,0.0,0.0,1.0,0.834,83,159,0.0,False,0.0,0.0,0.0,39.79082988125454,0.5499595768838074,19,bicycle,0.05,0.1,weighted_crc,segformer_b2_cityscapes,cityscapes_val_half,172
1.0,1000,False,0.0,0.0,1.0,0.834,83,159,0.0,False,0.0,0.0,0.0,39.79082988125454,0.5499595768838074,19,bicycle,0.1,0.1,weighted_crc,segformer_b2_cityscapes,cityscapes_val_half,172
1.0,1000,False,0.0,0.0,1.0,0.834,83,159,0.0,False,0.0,0.0,0.0,39.79082988125454,0.5499595768838074,19,bicycle,0.2,0.1,weighted_crc,segformer_b2_cityscapes,cityscapes_val_half,172
1.0,1000,False,0.0,0.0,1.0,0.834,83,159,0.0,False,0.0,0.0,0.0,39.79082988125454,0.5499595768838074,19,bicycle,0.05,0.5,weighted_crc,segformer_b2_cityscapes,cityscapes_val_half,172
1.0,1000,False,0.0,0.0,1.0,0.834,83,159,0.0,False,0.0,0.0,0.0,39.79082988125454,0.5499595768838074,19,bicycle,0.1,0.5,weighted_crc,segformer_b2_cityscapes,cityscapes_val_half,172
1.0,1000,False,0.0,0.0,1.0,0.834,83,159,0.0,False,0.0,0.0,0.0,39.79082988125454,0.5499595768838074,19,bicycle,0.2,0.5,weighted_crc,segformer_b2_cityscapes,cityscapes_val_half,172
1.0,1000,False,0.0,0.0,1.0,0.66,170,334,0.0,False,0.0,0.0,0.0,46.3624324703079,0.5143806973227072,20,person,0.05,0.1,weighted_crc,segformer_b2_cityscapes,cityscapes_val_half,201
1.0,1000,False,0.0,0.0,1.0,0.66,170,334,0.0,False,0.0,0.0,0.0,46.3624324703079,0.5143806973227072,20,person,0.1,0.1,weighted_crc,segformer_b2_cityscapes,cityscapes_val_half,201
1.0,1000,False,0.0,0.0,1.0,0.66,170,334,0.0,False,0.0,0.0,0.0,46.3624324703079,0.5143806973227072,20,person,0.2,0.1,weighted_crc,segformer_b2_cityscapes,cityscapes_val_half,201
1.0,1000,False,0.0,0.0,1.0,0.66,170,334,0.0,False,0.0,0.0,0.0,46.3624324703079,0.5143806973227072,20,person,0.05,0.5,weighted_crc,segformer_b2_cityscapes,cityscapes_val_half,201
1.0,1000,False,0.0,0.0,1.0,0.66,170,334,0.0,False,0.0,0.0,0.0,46.3624324703079,0.5143806973227072,20,person,0.1,0.5,weighted_crc,segformer_b2_cityscapes,cityscapes_val_half,201
1.0,1000,False,0.0,0.0,1.0,0.66,170,334,0.0,False,0.0,0.0,0.0,46.3624324703079,0.5143806973227072,20,person,0.2,0.5,weighted_crc,segformer_b2_cityscapes,cityscapes_val_half,201
1.0,1000,False,0.0,0.0,1.0,0.944,28,38,0.0,False,0.0,0.0,0.0,18.427519730165752,0.5975635495428064,20,rider,0.05,0.1,weighted_crc,segformer_b2_cityscapes,cityscapes_val_half,123
1.0,1000,False,0.0,0.0,1.0,0.944,28,38,0.0,False,0.0,0.0,0.0,18.427519730165752,0.5975635495428064,20,rider,0.1,0.1,weighted_crc,segformer_b2_cityscapes,cityscapes_val_half,123
1.0,1000,False,0.0,0.0,1.0,0.944,28,38,0.0,False,0.0,0.0,0.0,18.427519730165752,0.5975635495428064,20,rider,0.2,0.1,weighted_crc,segformer_b2_cityscapes,cityscapes_val_half,123
1.0,1000,False,0.0,0.0,1.0,0.944,28,38,0.0,False,0.0,0.0,0.0,18.427519730165752,0.5975635495428064,20,rider,0.05,0.5,weighted_crc,segformer_b2_cityscapes,cityscapes_val_half,123
1.0,1000,False,0.0,0.0,1.0,0.944,28,38,0.0,False,0.0,0.0,0.0,18.427519730165752,0.5975635495428064,20,rider,0.1,0.5,weighted_crc,segformer_b2_cityscapes,cityscapes_val_half,123
1.0,1000,False,0.0,0.0,1.0,0.944,28,38,0.0,False,0.0,0.0,0.0,18.427519730165752,0.5975635495428064,20,rider,0.2,0.5,weighted_crc,segformer_b2_cityscapes,cityscapes_val_half,123
1.0,1000,False,0.0,0.0,1.0,0.834,83,159,0.0,False,0.0,0.0,0.0,35.850912694475056,0.5471140223814044,20,bicycle,0.05,0.1,weighted_crc,segformer_b2_cityscapes,cityscapes_val_half,171
1.0,1000,False,0.0,0.0,1.0,0.834,83,159,0.0,False,0.0,0.0,0.0,35.850912694475056,0.5471140223814044,20,bicycle,0.1,0.1,weighted_crc,segformer_b2_cityscapes,cityscapes_val_half,171
1.0,1000,False,0.0,0.0,1.0,0.834,83,159,0.0,False,0.0,0.0,0.0,35.850912694475056,0.5471140223814044,20,bicycle,0.2,0.1,weighted_crc,segformer_b2_cityscapes,cityscapes_val_half,171
1.0,1000,False,0.0,0.0,1.0,0.834,83,159,0.0,False,0.0,0.0,0.0,35.850912694475056,0.5471140223814044,20,bicycle,0.05,0.5,weighted_crc,segformer_b2_cityscapes,cityscapes_val_half,171
1.0,1000,False,0.0,0.0,1.0,0.834,83,159,0.0,False,0.0,0.0,0.0,35.850912694475056,0.5471140223814044,20,bicycle,0.1,0.5,weighted_crc,segformer_b2_cityscapes,cityscapes_val_half,171
1.0,1000,False,0.0,0.0,1.0,0.834,83,159,0.0,False,0.0,0.0,0.0,35.850912694475056,0.5471140223814044,20,bicycle,0.2,0.5,weighted_crc,segformer_b2_cityscapes,cityscapes_val_half,171
1.0,1000,False,0.0,0.0,1.0,0.66,170,334,0.0,False,0.0,0.0,0.0,60.05031040808408,0.566765210105123,21,person,0.05,0.1,weighted_crc,segformer_b2_cityscapes,cityscapes_val_half,203
1.0,1000,False,0.0,0.0,1.0,0.66,170,334,0.0,False,0.0,0.0,0.0,60.05031040808408,0.566765210105123,21,person,0.1,0.1,weighted_crc,segformer_b2_cityscapes,cityscapes_val_half,203
1.0,1000,False,0.0,0.0,1.0,0.66,170,334,0.0,False,0.0,0.0,0.0,60.05031040808408,0.566765210105123,21,person,0.2,0.1,weighted_crc,segformer_b2_cityscapes,cityscapes_val_half,203
1.0,1000,False,0.0,0.0,1.0,0.66,170,334,0.0,False,0.0,0.0,0.0,60.05031040808408,0.566765210105123,21,person,0.05,0.5,weighted_crc,segformer_b2_cityscapes,cityscapes_val_half,203
1.0,1000,False,0.0,0.0,1.0,0.66,170,334,0.0,False,0.0,0.0,0.0,60.05031040808408,0.566765210105123,21,person,0.1,0.5,weighted_crc,segformer_b2_cityscapes,cityscapes_val_half,203
1.0,1000,False,0.0,0.0,1.0,0.66,170,334,0.0,False,0.0,0.0,0.0,60.05031040808408,0.566765210105123,21,person,0.2,0.5,weighted_crc,segformer_b2_cityscapes,cityscapes_val_half,203
1.0,1000,False,0.0,0.0,1.0,0.944,28,38,0.0,False,0.0,0.0,0.0,12.348399271961698,0.606199369392087,21,rider,0.05,0.1,weighted_crc,segformer_b2_cityscapes,cityscapes_val_half,130
1.0,1000,False,0.0,0.0,1.0,0.944,28,38,0.0,False,0.0,0.0,0.0,12.348399271961698,0.606199369392087,21,rider,0.1,0.1,weighted_crc,segformer_b2_cityscapes,cityscapes_val_half,130
1.0,1000,False,0.0,0.0,1.0,0.944,28,38,0.0,False,0.0,0.0,0.0,12.348399271961698,0.606199369392087,21,rider,0.2,0.1,weighted_crc,segformer_b2_cityscapes,cityscapes_val_half,130
1.0,1000,False,0.0,0.0,1.0,0.944,28,38,0.0,False,0.0,0.0,0.0,12.348399271961698,0.606199369392087,21,rider,0.05,0.5,weighted_crc,segformer_b2_cityscapes,cityscapes_val_half,130
1.0,1000,False,0.0,0.0,1.0,0.944,28,38,0.0,False,0.0,0.0,0.0,12.348399271961698,0.606199369392087,21,rider,0.1,0.5,weighted_crc,segformer_b2_cityscapes,cityscapes_val_half,130
1.0,1000,False,0.0,0.0,1.0,0.944,28,38,0.0,False,0.0,0.0,0.0,12.348399271961698,0.606199369392087,21,rider,0.2,0.5,weighted_crc,segformer_b2_cityscapes,cityscapes_val_half,130
1.0,1000,False,0.0,0.0,1.0,0.834,83,159,0.0,False,0.0,0.0,0.0,34.67330250239875,0.5876087669902601,21,bicycle,0.05,0.1,weighted_crc,segformer_b2_cityscapes,cityscapes_val_half,174
1.0,1000,False,0.0,0.0,1.0,0.834,83,159,0.0,False,0.0,0.0,0.0,34.67330250239875,0.5876087669902601,21,bicycle,0.1,0.1,weighted_crc,segformer_b2_cityscapes,cityscapes_val_half,174
1.0,1000,False,0.0,0.0,1.0,0.834,83,159,0.0,False,0.0,0.0,0.0,34.67330250239875,0.5876087669902601,21,bicycle,0.2,0.1,weighted_crc,segformer_b2_cityscapes,cityscapes_val_half,174
1.0,1000,False,0.0,0.0,1.0,0.834,83,159,0.0,False,0.0,0.0,0.0,34.67330250239875,0.5876087669902601,21,bicycle,0.05,0.5,weighted_crc,segformer_b2_cityscapes,cityscapes_val_half,174
1.0,1000,False,0.0,0.0,1.0,0.834,83,159,0.0,False,0.0,0.0,0.0,34.67330250239875,0.5876087669902601,21,bicycle,0.1,0.5,weighted_crc,segformer_b2_cityscapes,cityscapes_val_half,174
1.0,1000,False,0.0,0.0,1.0,0.834,83,159,0.0,False,0.0,0.0,0.0,34.67330250239875,0.5876087669902601,21,bicycle,0.2,0.5,weighted_crc,segformer_b2_cityscapes,cityscapes_val_half,174
1.0,1000,False,0.0,0.0,1.0,0.66,170,334,0.0,False,0.0,0.0,0.0,49.39849849592058,0.5388719889744854,22,person,0.05,0.1,weighted_crc,segformer_b2_cityscapes,cityscapes_val_half,196
1.0,1000,False,0.0,0.0,1.0,0.66,170,334,0.0,False,0.0,0.0,0.0,49.39849849592058,0.5388719889744854,22,person,0.1,0.1,weighted_crc,segformer_b2_cityscapes,cityscapes_val_half,196
1.0,1000,False,0.0,0.0,1.0,0.66,170,334,0.0,False,0.0,0.0,0.0,49.39849849592058,0.5388719889744854,22,person,0.2,0.1,weighted_crc,segformer_b2_cityscapes,cityscapes_val_half,196
1.0,1000,False,0.0,0.0,1.0,0.66,170,334,0.0,False,0.0,0.0,0.0,49.39849849592058,0.5388719889744854,22,person,0.05,0.5,weighted_crc,segformer_b2_cityscapes,cityscapes_val_half,196
1.0,1000,False,0.0,0.0,1.0,0.66,170,334,0.0,False,0.0,0.0,0.0,49.39849849592058,0.5388719889744854,22,person,0.1,0.5,weighted_crc,segformer_b2_cityscapes,cityscapes_val_half,196
1.0,1000,False,0.0,0.0,1.0,0.66,170,334,0.0,False,0.0,0.0,0.0,49.39849849592058,0.5388719889744854,22,person,0.2,0.5,weighted_crc,segformer_b2_cityscapes,cityscapes_val_half,196
1.0,1000,False,0.0,0.0,1.0,0.944,28,38,0.0,False,0.0,0.0,0.0,26.427945179859133,0.6385769238721056,22,rider,0.05,0.1,weighted_crc,segformer_b2_cityscapes,cityscapes_val_half,122
1.0,1000,False,0.0,0.0,1.0,0.944,28,38,0.0,False,0.0,0.0,0.0,26.427945179859133,0.6385769238721056,22,rider,0.1,0.1,weighted_crc,segformer_b2_cityscapes,cityscapes_val_half,122
1.0,1000,False,0.0,0.0,1.0,0.944,28,38,0.0,False,0.0,0.0,0.0,26.427945179859133,0.6385769238721056,22,rider,0.2,0.1,weighted_crc,segformer_b2_cityscapes,cityscapes_val_half,122
1.0,1000,False,0.0,0.0,1.0,0.944,28,38,0.0,False,0.0,0.0,0.0,26.427945179859133,0.6385769238721056,22,rider,0.05,0.5,weighted_crc,segformer_b2_cityscapes,cityscapes_val_half,122
1.0,1000,False,0.0,0.0,1.0,0.944,28,38,0.0,False,0.0,0.0,0.0,26.427945179859133,0.6385769238721056,22,rider,0.1,0.5,weighted_crc,segformer_b2_cityscapes,cityscapes_val_half,122
1.0,1000,False,0.0,0.0,1.0,0.944,28,38,0.0,False,0.0,0.0,0.0,26.427945179859133,0.6385769238721056,22,rider,0.2,0.5,weighted_crc,segformer_b2_cityscapes,cityscapes_val_half,122
1.0,1000,False,0.0,0.0,1.0,0.834,83,159,0.0,False,0.0,0.0,0.0,41.433067376221125,0.5826365727285415,22,bicycle,0.05,0.1,weighted_crc,segformer_b2_cityscapes,cityscapes_val_half,174
1.0,1000,False,0.0,0.0,1.0,0.834,83,159,0.0,False,0.0,0.0,0.0,41.433067376221125,0.5826365727285415,22,bicycle,0.1,0.1,weighted_crc,segformer_b2_cityscapes,cityscapes_val_half,174
1.0,1000,False,0.0,0.0,1.0,0.834,83,159,0.0,False,0.0,0.0,0.0,41.433067376221125,0.5826365727285415,22,bicycle,0.2,0.1,weighted_crc,segformer_b2_cityscapes,cityscapes_val_half,174
1.0,1000,False,0.0,0.0,1.0,0.834,83,159,0.0,False,0.0,0.0,0.0,41.433067376221125,0.5826365727285415,22,bicycle,0.05,0.5,weighted_crc,segformer_b2_cityscapes,cityscapes_val_half,174
1.0,1000,False,0.0,0.0,1.0,0.834,83,159,0.0,False,0.0,0.0,0.0,41.433067376221125,0.5826365727285415,22,bicycle,0.1,0.5,weighted_crc,segformer_b2_cityscapes,cityscapes_val_half,174
1.0,1000,False,0.0,0.0,1.0,0.834,83,159,0.0,False,0.0,0.0,0.0,41.433067376221125,0.5826365727285415,22,bicycle,0.2,0.5,weighted_crc,segformer_b2_cityscapes,cityscapes_val_half,174
1.0,1000,False,0.0,0.0,1.0,0.66,170,334,0.0,False,0.0,0.0,0.0,41.21924151991594,0.5197408498456783,23,person,0.05,0.1,weighted_crc,segformer_b2_cityscapes,cityscapes_val_half,199
1.0,1000,False,0.0,0.0,1.0,0.66,170,334,0.0,False,0.0,0.0,0.0,41.21924151991594,0.5197408498456783,23,person,0.1,0.1,weighted_crc,segformer_b2_cityscapes,cityscapes_val_half,199
1.0,1000,False,0.0,0.0,1.0,0.66,170,334,0.0,False,0.0,0.0,0.0,41.21924151991594,0.5197408498456783,23,person,0.2,0.1,weighted_crc,segformer_b2_cityscapes,cityscapes_val_half,199
1.0,1000,False,0.0,0.0,1.0,0.66,170,334,0.0,False,0.0,0.0,0.0,41.21924151991594,0.5197408498456783,23,person,0.05,0.5,weighted_crc,segformer_b2_cityscapes,cityscapes_val_half,199
1.0,1000,False,0.0,0.0,1.0,0.66,170,334,0.0,False,0.0,0.0,0.0,41.21924151991594,0.5197408498456783,23,person,0.1,0.5,weighted_crc,segformer_b2_cityscapes,cityscapes_val_half,199
1.0,1000,False,0.0,0.0,1.0,0.66,170,334,0.0,False,0.0,0.0,0.0,41.21924151991594,0.5197408498456783,23,person,0.2,0.5,weighted_crc,segformer_b2_cityscapes,cityscapes_val_half,199
1.0,1000,False,0.0,0.0,1.0,0.944,28,38,0.0,False,0.0,0.0,0.0,29.414905800140147,0.6133987902197972,23,rider,0.05,0.1,weighted_crc,segformer_b2_cityscapes,cityscapes_val_half,127
1.0,1000,False,0.0,0.0,1.0,0.944,28,38,0.0,False,0.0,0.0,0.0,29.414905800140147,0.6133987902197972,23,rider,0.1,0.1,weighted_crc,segformer_b2_cityscapes,cityscapes_val_half,127
1.0,1000,False,0.0,0.0,1.0,0.944,28,38,0.0,False,0.0,0.0,0.0,29.414905800140147,0.6133987902197972,23,rider,0.2,0.1,weighted_crc,segformer_b2_cityscapes,cityscapes_val_half,127
1.0,1000,False,0.0,0.0,1.0,0.944,28,38,0.0,False,0.0,0.0,0.0,29.414905800140147,0.6133987902197972,23,rider,0.05,0.5,weighted_crc,segformer_b2_cityscapes,cityscapes_val_half,127
1.0,1000,False,0.0,0.0,1.0,0.944,28,38,0.0,False,0.0,0.0,0.0,29.414905800140147,0.6133987902197972,23,rider,0.1,0.5,weighted_crc,segformer_b2_cityscapes,cityscapes_val_half,127
1.0,1000,False,0.0,0.0,1.0,0.944,28,38,0.0,False,0.0,0.0,0.0,29.414905800140147,0.6133987902197972,23,rider,0.2,0.5,weighted_crc,segformer_b2_cityscapes,cityscapes_val_half,127
1.0,1000,False,0.0,0.0,1.0,0.834,83,159,0.0,False,0.0,0.0,0.0,36.837399517341545,0.5629306820844721,23,bicycle,0.05,0.1,weighted_crc,segformer_b2_cityscapes,cityscapes_val_half,171
1.0,1000,False,0.0,0.0,1.0,0.834,83,159,0.0,False,0.0,0.0,0.0,36.837399517341545,0.5629306820844721,23,bicycle,0.1,0.1,weighted_crc,segformer_b2_cityscapes,cityscapes_val_half,171
1.0,1000,False,0.0,0.0,1.0,0.834,83,159,0.0,False,0.0,0.0,0.0,36.837399517341545,0.5629306820844721,23,bicycle,0.2,0.1,weighted_crc,segformer_b2_cityscapes,cityscapes_val_half,171
1.0,1000,False,0.0,0.0,1.0,0.834,83,159,0.0,False,0.0,0.0,0.0,36.837399517341545,0.5629306820844721,23,bicycle,0.05,0.5,weighted_crc,segformer_b2_cityscapes,cityscapes_val_half,171
1.0,1000,False,0.0,0.0,1.0,0.834,83,159,0.0,False,0.0,0.0,0.0,36.837399517341545,0.5629306820844721,23,bicycle,0.1,0.5,weighted_crc,segformer_b2_cityscapes,cityscapes_val_half,171
1.0,1000,False,0.0,0.0,1.0,0.834,83,159,0.0,False,0.0,0.0,0.0,36.837399517341545,0.5629306820844721,23,bicycle,0.2,0.5,weighted_crc,segformer_b2_cityscapes,cityscapes_val_half,171
1.0,1000,False,0.0,0.0,1.0,0.66,170,334,0.0,False,0.0,0.0,0.0,34.813176218167435,0.4795823740500665,24,person,0.05,0.1,weighted_crc,segformer_b2_cityscapes,cityscapes_val_half,203
1.0,1000,False,0.0,0.0,1.0,0.66,170,334,0.0,False,0.0,0.0,0.0,34.813176218167435,0.4795823740500665,24,person,0.1,0.1,weighted_crc,segformer_b2_cityscapes,cityscapes_val_half,203
1.0,1000,False,0.0,0.0,1.0,0.66,170,334,0.0,False,0.0,0.0,0.0,34.813176218167435,0.4795823740500665,24,person,0.2,0.1,weighted_crc,segformer_b2_cityscapes,cityscapes_val_half,203
1.0,1000,False,0.0,0.0,1.0,0.66,170,334,0.0,False,0.0,0.0,0.0,34.813176218167435,0.4795823740500665,24,person,0.05,0.5,weighted_crc,segformer_b2_cityscapes,cityscapes_val_half,203
1.0,1000,False,0.0,0.0,1.0,0.66,170,334,0.0,False,0.0,0.0,0.0,34.813176218167435,0.4795823740500665,24,person,0.1,0.5,weighted_crc,segformer_b2_cityscapes,cityscapes_val_half,203
1.0,1000,False,0.0,0.0,1.0,0.66,170,334,0.0,False,0.0,0.0,0.0,34.813176218167435,0.4795823740500665,24,person,0.2,0.5,weighted_crc,segformer_b2_cityscapes,cityscapes_val_half,203
1.0,1000,False,0.0,0.0,1.0,0.944,28,38,0.0,False,0.0,0.0,0.0,29.354149848283747,0.6202585973608488,24,rider,0.05,0.1,weighted_crc,segformer_b2_cityscapes,cityscapes_val_half,124
1.0,1000,False,0.0,0.0,1.0,0.944,28,38,0.0,False,0.0,0.0,0.0,29.354149848283747,0.6202585973608488,24,rider,0.1,0.1,weighted_crc,segformer_b2_cityscapes,cityscapes_val_half,124
1.0,1000,False,0.0,0.0,1.0,0.944,28,38,0.0,False,0.0,0.0,0.0,29.354149848283747,0.6202585973608488,24,rider,0.2,0.1,weighted_crc,segformer_b2_cityscapes,cityscapes_val_half,124
1.0,1000,False,0.0,0.0,1.0,0.944,28,38,0.0,False,0.0,0.0,0.0,29.354149848283747,0.6202585973608488,24,rider,0.05,0.5,weighted_crc,segformer_b2_cityscapes,cityscapes_val_half,124
1.0,1000,False,0.0,0.0,1.0,0.944,28,38,0.0,False,0.0,0.0,0.0,29.354149848283747,0.6202585973608488,24,rider,0.1,0.5,weighted_crc,segformer_b2_cityscapes,cityscapes_val_half,124
1.0,1000,False,0.0,0.0,1.0,0.944,28,38,0.0,False,0.0,0.0,0.0,29.354149848283747,0.6202585973608488,24,rider,0.2,0.5,weighted_crc,segformer_b2_cityscapes,cityscapes_val_half,124
1.0,1000,False,0.0,0.0,1.0,0.834,83,159,0.0,False,0.0,0.0,0.0,34.8426789108918,0.5580484903217732,24,bicycle,0.05,0.1,weighted_crc,segformer_b2_cityscapes,cityscapes_val_half,164
1.0,1000,False,0.0,0.0,1.0,0.834,83,159,0.0,False,0.0,0.0,0.0,34.8426789108918,0.5580484903217732,24,bicycle,0.1,0.1,weighted_crc,segformer_b2_cityscapes,cityscapes_val_half,164
1.0,1000,False,0.0,0.0,1.0,0.834,83,159,0.0,False,0.0,0.0,0.0,34.8426789108918,0.5580484903217732,24,bicycle,0.2,0.1,weighted_crc,segformer_b2_cityscapes,cityscapes_val_half,164
1.0,1000,False,0.0,0.0,1.0,0.834,83,159,0.0,False,0.0,0.0,0.0,34.8426789108918,0.5580484903217732,24,bicycle,0.05,0.5,weighted_crc,segformer_b2_cityscapes,cityscapes_val_half,164
1.0,1000,False,0.0,0.0,1.0,0.834,83,159,0.0,False,0.0,0.0,0.0,34.8426789108918,0.5580484903217732,24,bicycle,0.1,0.5,weighted_crc,segformer_b2_cityscapes,cityscapes_val_half,164
1.0,1000,False,0.0,0.0,1.0,0.834,83,159,0.0,False,0.0,0.0,0.0,34.8426789108918,0.5580484903217732,24,bicycle,0.2,0.5,weighted_crc,segformer_b2_cityscapes,cityscapes_val_half,164
1.0,1000,False,0.0,0.0,1.0,0.66,170,334,0.0,False,0.0,0.0,0.0,42.1065862672103,0.5301902892505406,25,person,0.05,0.1,weighted_crc,segformer_b2_cityscapes,cityscapes_val_half,198
1.0,1000,False,0.0,0.0,1.0,0.66,170,334,0.0,False,0.0,0.0,0.0,42.1065862672103,0.5301902892505406,25,person,0.1,0.1,weighted_crc,segformer_b2_cityscapes,cityscapes_val_half,198
1.0,1000,False,0.0,0.0,1.0,0.66,170,334,0.0,False,0.0,0.0,0.0,42.1065862672103,0.5301902892505406,25,person,0.2,0.1,weighted_crc,segformer_b2_cityscapes,cityscapes_val_half,198
1.0,1000,False,0.0,0.0,1.0,0.66,170,334,0.0,False,0.0,0.0,0.0,42.1065862672103,0.5301902892505406,25,person,0.05,0.5,weighted_crc,segformer_b2_cityscapes,cityscapes_val_half,198
1.0,1000,False,0.0,0.0,1.0,0.66,170,334,0.0,False,0.0,0.0,0.0,42.1065862672103,0.5301902892505406,25,person,0.1,0.5,weighted_crc,segformer_b2_cityscapes,cityscapes_val_half,198
1.0,1000,False,0.0,0.0,1.0,0.66,170,334,0.0,False,0.0,0.0,0.0,42.1065862672103,0.5301902892505406,25,person,0.2,0.5,weighted_crc,segformer_b2_cityscapes,cityscapes_val_half,198
1.0,1000,False,0.0,0.0,1.0,0.944,28,38,0.0,False,0.0,0.0,0.0,5.042540610901117,0.6064932449443519,25,rider,0.05,0.1,weighted_crc,segformer_b2_cityscapes,cityscapes_val_half,118
1.0,1000,False,0.0,0.0,1.0,0.944,28,38,0.0,False,0.0,0.0,0.0,5.042540610901117,0.6064932449443519,25,rider,0.1,0.1,weighted_crc,segformer_b2_cityscapes,cityscapes_val_half,118
1.0,1000,False,0.0,0.0,1.0,0.944,28,38,0.0,False,0.0,0.0,0.0,5.042540610901117,0.6064932449443519,25,rider,0.2,0.1,weighted_crc,segformer_b2_cityscapes,cityscapes_val_half,118
1.0,1000,False,0.0,0.0,1.0,0.944,28,38,0.0,False,0.0,0.0,0.0,5.042540610901117,0.6064932449443519,25,rider,0.05,0.5,weighted_crc,segformer_b2_cityscapes,cityscapes_val_half,118
1.0,1000,False,0.0,0.0,1.0,0.944,28,38,0.0,False,0.0,0.0,0.0,5.042540610901117,0.6064932449443519,25,rider,0.1,0.5,weighted_crc,segformer_b2_cityscapes,cityscapes_val_half,118
1.0,1000,False,0.0,0.0,1.0,0.944,28,38,0.0,False,0.0,0.0,0.0,5.042540610901117,0.6064932449443519,25,rider,0.2,0.5,weighted_crc,segformer_b2_cityscapes,cityscapes_val_half,118
1.0,1000,False,0.0,0.0,1.0,0.834,83,159,0.0,False,0.0,0.0,0.0,27.507563584763332,0.5620189906807996,25,bicycle,0.05,0.1,weighted_crc,segformer_b2_cityscapes,cityscapes_val_half,163
1.0,1000,False,0.0,0.0,1.0,0.834,83,159,0.0,False,0.0,0.0,0.0,27.507563584763332,0.5620189906807996,25,bicycle,0.1,0.1,weighted_crc,segformer_b2_cityscapes,cityscapes_val_half,163
1.0,1000,False,0.0,0.0,1.0,0.834,83,159,0.0,False,0.0,0.0,0.0,27.507563584763332,0.5620189906807996,25,bicycle,0.2,0.1,weighted_crc,segformer_b2_cityscapes,cityscapes_val_half,163
1.0,1000,False,0.0,0.0,1.0,0.834,83,159,0.0,False,0.0,0.0,0.0,27.507563584763332,0.5620189906807996,25,bicycle,0.05,0.5,weighted_crc,segformer_b2_cityscapes,cityscapes_val_half,163
1.0,1000,False,0.0,0.0,1.0,0.834,83,159,0.0,False,0.0,0.0,0.0,27.507563584763332,0.5620189906807996,25,bicycle,0.1,0.5,weighted_crc,segformer_b2_cityscapes,cityscapes_val_half,163
1.0,1000,False,0.0,0.0,1.0,0.834,83,159,0.0,False,0.0,0.0,0.0,27.507563584763332,0.5620189906807996,25,bicycle,0.2,0.5,weighted_crc,segformer_b2_cityscapes,cityscapes_val_half,163
1.0,1000,False,0.0,0.0,1.0,0.66,170,334,0.0,False,0.0,0.0,0.0,54.50030455691284,0.5255885640400518,26,person,0.05,0.1,weighted_crc,segformer_b2_cityscapes,cityscapes_val_half,202
1.0,1000,False,0.0,0.0,1.0,0.66,170,334,0.0,False,0.0,0.0,0.0,54.50030455691284,0.5255885640400518,26,person,0.1,0.1,weighted_crc,segformer_b2_cityscapes,cityscapes_val_half,202
1.0,1000,False,0.0,0.0,1.0,0.66,170,334,0.0,False,0.0,0.0,0.0,54.50030455691284,0.5255885640400518,26,person,0.2,0.1,weighted_crc,segformer_b2_cityscapes,cityscapes_val_half,202
1.0,1000,False,0.0,0.0,1.0,0.66,170,334,0.0,False,0.0,0.0,0.0,54.50030455691284,0.5255885640400518,26,person,0.05,0.5,weighted_crc,segformer_b2_cityscapes,cityscapes_val_half,202
1.0,1000,False,0.0,0.0,1.0,0.66,170,334,0.0,False,0.0,0.0,0.0,54.50030455691284,0.5255885640400518,26,person,0.1,0.5,weighted_crc,segformer_b2_cityscapes,cityscapes_val_half,202
1.0,1000,False,0.0,0.0,1.0,0.66,170,334,0.0,False,0.0,0.0,0.0,54.50030455691284,0.5255885640400518,26,person,0.2,0.5,weighted_crc,segformer_b2_cityscapes,cityscapes_val_half,202
1.0,1000,False,0.0,0.0,1.0,0.944,28,38,0.0,False,0.0,0.0,0.0,22.636040394051424,0.584431121013414,26,rider,0.05,0.1,weighted_crc,segformer_b2_cityscapes,cityscapes_val_half,129
1.0,1000,False,0.0,0.0,1.0,0.944,28,38,0.0,False,0.0,0.0,0.0,22.636040394051424,0.584431121013414,26,rider,0.1,0.1,weighted_crc,segformer_b2_cityscapes,cityscapes_val_half,129
1.0,1000,False,0.0,0.0,1.0,0.944,28,38,0.0,False,0.0,0.0,0.0,22.636040394051424,0.584431121013414,26,rider,0.2,0.1,weighted_crc,segformer_b2_cityscapes,cityscapes_val_half,129
1.0,1000,False,0.0,0.0,1.0,0.944,28,38,0.0,False,0.0,0.0,0.0,22.636040394051424,0.584431121013414,26,rider,0.05,0.5,weighted_crc,segformer_b2_cityscapes,cityscapes_val_half,129
1.0,1000,False,0.0,0.0,1.0,0.944,28,38,0.0,False,0.0,0.0,0.0,22.636040394051424,0.584431121013414,26,rider,0.1,0.5,weighted_crc,segformer_b2_cityscapes,cityscapes_val_half,129
1.0,1000,False,0.0,0.0,1.0,0.944,28,38,0.0,False,0.0,0.0,0.0,22.636040394051424,0.584431121013414,26,rider,0.2,0.5,weighted_crc,segformer_b2_cityscapes,cityscapes_val_half,129
1.0,1000,False,0.0,0.0,1.0,0.834,83,159,0.0,False,0.0,0.0,0.0,44.20182780852646,0.5748577710379358,26,bicycle,0.05,0.1,weighted_crc,segformer_b2_cityscapes,cityscapes_val_half,172
1.0,1000,False,0.0,0.0,1.0,0.834,83,159,0.0,False,0.0,0.0,0.0,44.20182780852646,0.5748577710379358,26,bicycle,0.1,0.1,weighted_crc,segformer_b2_cityscapes,cityscapes_val_half,172
1.0,1000,False,0.0,0.0,1.0,0.834,83,159,0.0,False,0.0,0.0,0.0,44.20182780852646,0.5748577710379358,26,bicycle,0.2,0.1,weighted_crc,segformer_b2_cityscapes,cityscapes_val_half,172
1.0,1000,False,0.0,0.0,1.0,0.834,83,159,0.0,False,0.0,0.0,0.0,44.20182780852646,0.5748577710379358,26,bicycle,0.05,0.5,weighted_crc,segformer_b2_cityscapes,cityscapes_val_half,172
1.0,1000,False,0.0,0.0,1.0,0.834,83,159,0.0,False,0.0,0.0,0.0,44.20182780852646,0.5748577710379358,26,bicycle,0.1,0.5,weighted_crc,segformer_b2_cityscapes,cityscapes_val_half,172
1.0,1000,False,0.0,0.0,1.0,0.834,83,159,0.0,False,0.0,0.0,0.0,44.20182780852646,0.5748577710379358,26,bicycle,0.2,0.5,weighted_crc,segformer_b2_cityscapes,cityscapes_val_half,172
1.0,1000,False,0.0,0.0,1.0,0.66,170,334,0.0,False,0.0,0.0,0.0,27.407301646385566,0.4817978353109743,27,person,0.05,0.1,weighted_crc,segformer_b2_cityscapes,cityscapes_val_half,197
1.0,1000,False,0.0,0.0,1.0,0.66,170,334,0.0,False,0.0,0.0,0.0,27.407301646385566,0.4817978353109743,27,person,0.1,0.1,weighted_crc,segformer_b2_cityscapes,cityscapes_val_half,197
1.0,1000,False,0.0,0.0,1.0,0.66,170,334,0.0,False,0.0,0.0,0.0,27.407301646385566,0.4817978353109743,27,person,0.2,0.1,weighted_crc,segformer_b2_cityscapes,cityscapes_val_half,197
1.0,1000,False,0.0,0.0,1.0,0.66,170,334,0.0,False,0.0,0.0,0.0,27.407301646385566,0.4817978353109743,27,person,0.05,0.5,weighted_crc,segformer_b2_cityscapes,cityscapes_val_half,197
1.0,1000,False,0.0,0.0,1.0,0.66,170,334,0.0,False,0.0,0.0,0.0,27.407301646385566,0.4817978353109743,27,person,0.1,0.5,weighted_crc,segformer_b2_cityscapes,cityscapes_val_half,197
1.0,1000,False,0.0,0.0,1.0,0.66,170,334,0.0,False,0.0,0.0,0.0,27.407301646385566,0.4817978353109743,27,person,0.2,0.5,weighted_crc,segformer_b2_cityscapes,cityscapes_val_half,197
1.0,1000,False,0.0,0.0,1.0,0.944,28,38,0.0,False,0.0,0.0,0.0,1.7933274453669974,0.4273383251820896,27,rider,0.05,0.1,weighted_crc,segformer_b2_cityscapes,cityscapes_val_half,116
1.0,1000,False,0.0,0.0,1.0,0.944,28,38,0.0,False,0.0,0.0,0.0,1.7933274453669974,0.4273383251820896,27,rider,0.1,0.1,weighted_crc,segformer_b2_cityscapes,cityscapes_val_half,116
1.0,1000,False,0.0,0.0,1.0,0.944,28,38,0.0,False,0.0,0.0,0.0,1.7933274453669974,0.4273383251820896,27,rider,0.2,0.1,weighted_crc,segformer_b2_cityscapes,cityscapes_val_half,116
1.0,1000,False,0.0,0.0,1.0,0.944,28,38,0.0,False,0.0,0.0,0.0,1.7933274453669974,0.4273383251820896,27,rider,0.05,0.5,weighted_crc,segformer_b2_cityscapes,cityscapes_val_half,116
1.0,1000,False,0.0,0.0,1.0,0.944,28,38,0.0,False,0.0,0.0,0.0,1.7933274453669974,0.4273383251820896,27,rider,0.1,0.5,weighted_crc,segformer_b2_cityscapes,cityscapes_val_half,116
1.0,1000,False,0.0,0.0,1.0,0.944,28,38,0.0,False,0.0,0.0,0.0,1.7933274453669974,0.4273383251820896,27,rider,0.2,0.5,weighted_crc,segformer_b2_cityscapes,cityscapes_val_half,116
1.0,1000,False,0.0,0.0,1.0,0.834,83,159,0.0,False,0.0,0.0,0.0,24.03484738782685,0.5477193108131542,27,bicycle,0.05,0.1,weighted_crc,segformer_b2_cityscapes,cityscapes_val_half,172
1.0,1000,False,0.0,0.0,1.0,0.834,83,159,0.0,False,0.0,0.0,0.0,24.03484738782685,0.5477193108131542,27,bicycle,0.1,0.1,weighted_crc,segformer_b2_cityscapes,cityscapes_val_half,172
1.0,1000,False,0.0,0.0,1.0,0.834,83,159,0.0,False,0.0,0.0,0.0,24.03484738782685,0.5477193108131542,27,bicycle,0.2,0.1,weighted_crc,segformer_b2_cityscapes,cityscapes_val_half,172
1.0,1000,False,0.0,0.0,1.0,0.834,83,159,0.0,False,0.0,0.0,0.0,24.03484738782685,0.5477193108131542,27,bicycle,0.05,0.5,weighted_crc,segformer_b2_cityscapes,cityscapes_val_half,172
1.0,1000,False,0.0,0.0,1.0,0.834,83,159,0.0,False,0.0,0.0,0.0,24.03484738782685,0.5477193108131542,27,bicycle,0.1,0.5,weighted_crc,segformer_b2_cityscapes,cityscapes_val_half,172
1.0,1000,False,0.0,0.0,1.0,0.834,83,159,0.0,False,0.0,0.0,0.0,24.03484738782685,0.5477193108131542,27,bicycle,0.2,0.5,weighted_crc,segformer_b2_cityscapes,cityscapes_val_half,172
1.0,1000,False,0.0,0.0,1.0,0.66,170,334,0.0,False,0.0,0.0,0.0,49.10554689439767,0.5274402530705052,28,person,0.05,0.1,weighted_crc,segformer_b2_cityscapes,cityscapes_val_half,201
1.0,1000,False,0.0,0.0,1.0,0.66,170,334,0.0,False,0.0,0.0,0.0,49.10554689439767,0.5274402530705052,28,person,0.1,0.1,weighted_crc,segformer_b2_cityscapes,cityscapes_val_half,201
1.0,1000,False,0.0,0.0,1.0,0.66,170,334,0.0,False,0.0,0.0,0.0,49.10554689439767,0.5274402530705052,28,person,0.2,0.1,weighted_crc,segformer_b2_cityscapes,cityscapes_val_half,201
1.0,1000,False,0.0,0.0,1.0,0.66,170,334,0.0,False,0.0,0.0,0.0,49.10554689439767,0.5274402530705052,28,person,0.05,0.5,weighted_crc,segformer_b2_cityscapes,cityscapes_val_half,201
1.0,1000,False,0.0,0.0,1.0,0.66,170,334,0.0,False,0.0,0.0,0.0,49.10554689439767,0.5274402530705052,28,person,0.1,0.5,weighted_crc,segformer_b2_cityscapes,cityscapes_val_half,201
1.0,1000,False,0.0,0.0,1.0,0.66,170,334,0.0,False,0.0,0.0,0.0,49.10554689439767,0.5274402530705052,28,person,0.2,0.5,weighted_crc,segformer_b2_cityscapes,cityscapes_val_half,201
1.0,1000,False,0.0,0.0,1.0,0.944,28,38,0.0,False,0.0,0.0,0.0,25.624633431053322,0.5913359225782915,28,rider,0.05,0.1,weighted_crc,segformer_b2_cityscapes,cityscapes_val_half,137
1.0,1000,False,0.0,0.0,1.0,0.944,28,38,0.0,False,0.0,0.0,0.0,25.624633431053322,0.5913359225782915,28,rider,0.1,0.1,weighted_crc,segformer_b2_cityscapes,cityscapes_val_half,137
1.0,1000,False,0.0,0.0,1.0,0.944,28,38,0.0,False,0.0,0.0,0.0,25.624633431053322,0.5913359225782915,28,rider,0.2,0.1,weighted_crc,segformer_b2_cityscapes,cityscapes_val_half,137
1.0,1000,False,0.0,0.0,1.0,0.944,28,38,0.0,False,0.0,0.0,0.0,25.624633431053322,0.5913359225782915,28,rider,0.05,0.5,weighted_crc,segformer_b2_cityscapes,cityscapes_val_half,137
1.0,1000,False,0.0,0.0,1.0,0.944,28,38,0.0,False,0.0,0.0,0.0,25.624633431053322,0.5913359225782915,28,rider,0.1,0.5,weighted_crc,segformer_b2_cityscapes,cityscapes_val_half,137
1.0,1000,False,0.0,0.0,1.0,0.944,28,38,0.0,False,0.0,0.0,0.0,25.624633431053322,0.5913359225782915,28,rider,0.2,0.5,weighted_crc,segformer_b2_cityscapes,cityscapes_val_half,137
1.0,1000,False,0.0,0.0,1.0,0.834,83,159,0.0,False,0.0,0.0,0.0,44.90410782297233,0.5471922977563307,28,bicycle,0.05,0.1,weighted_crc,segformer_b2_cityscapes,cityscapes_val_half,182
1.0,1000,False,0.0,0.0,1.0,0.834,83,159,0.0,False,0.0,0.0,0.0,44.90410782297233,0.5471922977563307,28,bicycle,0.1,0.1,weighted_crc,segformer_b2_cityscapes,cityscapes_val_half,182
1.0,1000,False,0.0,0.0,1.0,0.834,83,159,0.0,False,0.0,0.0,0.0,44.90410782297233,0.5471922977563307,28,bicycle,0.2,0.1,weighted_crc,segformer_b2_cityscapes,cityscapes_val_half,182
1.0,1000,False,0.0,0.0,1.0,0.834,83,159,0.0,False,0.0,0.0,0.0,44.90410782297233,0.5471922977563307,28,bicycle,0.05,0.5,weighted_crc,segformer_b2_cityscapes,cityscapes_val_half,182
1.0,1000,False,0.0,0.0,1.0,0.834,83,159,0.0,False,0.0,0.0,0.0,44.90410782297233,0.5471922977563307,28,bicycle,0.1,0.5,weighted_crc,segformer_b2_cityscapes,cityscapes_val_half,182
1.0,1000,False,0.0,0.0,1.0,0.834,83,159,0.0,False,0.0,0.0,0.0,44.90410782297233,0.5471922977563307,28,bicycle,0.2,0.5,weighted_crc,segformer_b2_cityscapes,cityscapes_val_half,182
1.0,1000,False,0.0,0.0,1.0,0.66,170,334,0.0,False,0.0,0.0,0.0,46.09754533377526,0.5018786402164321,29,person,0.05,0.1,weighted_crc,segformer_b2_cityscapes,cityscapes_val_half,203
1.0,1000,False,0.0,0.0,1.0,0.66,170,334,0.0,False,0.0,0.0,0.0,46.09754533377526,0.5018786402164321,29,person,0.1,0.1,weighted_crc,segformer_b2_cityscapes,cityscapes_val_half,203
1.0,1000,False,0.0,0.0,1.0,0.66,170,334,0.0,False,0.0,0.0,0.0,46.09754533377526,0.5018786402164321,29,person,0.2,0.1,weighted_crc,segformer_b2_cityscapes,cityscapes_val_half,203
1.0,1000,False,0.0,0.0,1.0,0.66,170,334,0.0,False,0.0,0.0,0.0,46.09754533377526,0.5018786402164321,29,person,0.05,0.5,weighted_crc,segformer_b2_cityscapes,cityscapes_val_half,203
1.0,1000,False,0.0,0.0,1.0,0.66,170,334,0.0,False,0.0,0.0,0.0,46.09754533377526,0.5018786402164321,29,person,0.1,0.5,weighted_crc,segformer_b2_cityscapes,cityscapes_val_half,203
1.0,1000,False,0.0,0.0,1.0,0.66,170,334,0.0,False,0.0,0.0,0.0,46.09754533377526,0.5018786402164321,29,person,0.2,0.5,weighted_crc,segformer_b2_cityscapes,cityscapes_val_half,203
1.0,1000,False,0.0,0.0,1.0,0.944,28,38,0.0,False,0.0,0.0,0.0,23.10035478546738,0.5779109578864484,29,rider,0.05,0.1,weighted_crc,segformer_b2_cityscapes,cityscapes_val_half,127
1.0,1000,False,0.0,0.0,1.0,0.944,28,38,0.0,False,0.0,0.0,0.0,23.10035478546738,0.5779109578864484,29,rider,0.1,0.1,weighted_crc,segformer_b2_cityscapes,cityscapes_val_half,127
1.0,1000,False,0.0,0.0,1.0,0.944,28,38,0.0,False,0.0,0.0,0.0,23.10035478546738,0.5779109578864484,29,rider,0.2,0.1,weighted_crc,segformer_b2_cityscapes,cityscapes_val_half,127
1.0,1000,False,0.0,0.0,1.0,0.944,28,38,0.0,False,0.0,0.0,0.0,23.10035478546738,0.5779109578864484,29,rider,0.05,0.5,weighted_crc,segformer_b2_cityscapes,cityscapes_val_half,127
1.0,1000,False,0.0,0.0,1.0,0.944,28,38,0.0,False,0.0,0.0,0.0,23.10035478546738,0.5779109578864484,29,rider,0.1,0.5,weighted_crc,segformer_b2_cityscapes,cityscapes_val_half,127
1.0,1000,False,0.0,0.0,1.0,0.944,28,38,0.0,False,0.0,0.0,0.0,23.10035478546738,0.5779109578864484,29,rider,0.2,0.5,weighted_crc,segformer_b2_cityscapes,cityscapes_val_half,127
1.0,1000,False,0.0,0.0,1.0,0.834,83,159,0.0,False,0.0,0.0,0.0,26.874839872377887,0.5331034627564777,29,bicycle,0.05,0.1,weighted_crc,segformer_b2_cityscapes,cityscapes_val_half,165
1.0,1000,False,0.0,0.0,1.0,0.834,83,159,0.0,False,0.0,0.0,0.0,26.874839872377887,0.5331034627564777,29,bicycle,0.1,0.1,weighted_crc,segformer_b2_cityscapes,cityscapes_val_half,165
1.0,1000,False,0.0,0.0,1.0,0.834,83,159,0.0,False,0.0,0.0,0.0,26.874839872377887,0.5331034627564777,29,bicycle,0.2,0.1,weighted_crc,segformer_b2_cityscapes,cityscapes_val_half,165
1.0,1000,False,0.0,0.0,1.0,0.834,83,159,0.0,False,0.0,0.0,0.0,26.874839872377887,0.5331034627564777,29,bicycle,0.05,0.5,weighted_crc,segformer_b2_cityscapes,cityscapes_val_half,165
1.0,1000,False,0.0,0.0,1.0,0.834,83,159,0.0,False,0.0,0.0,0.0,26.874839872377887,0.5331034627564777,29,bicycle,0.1,0.5,weighted_crc,segformer_b2_cityscapes,cityscapes_val_half,165
1.0,1000,False,0.0,0.0,1.0,0.834,83,159,0.0,False,0.0,0.0,0.0,26.874839872377887,0.5331034627564777,29,bicycle,0.2,0.5,weighted_crc,segformer_b2_cityscapes,cityscapes_val_half,165
1.0,1000,False,0.0,0.0,1.0,0.66,170,334,0.0,False,0.0,0.0,0.0,29.950629915722168,0.5001351788024542,30,person,0.05,0.1,weighted_crc,segformer_b2_cityscapes,cityscapes_val_half,196
1.0,1000,False,0.0,0.0,1.0,0.66,170,334,0.0,False,0.0,0.0,0.0,29.950629915722168,0.5001351788024542,30,person,0.1,0.1,weighted_crc,segformer_b2_cityscapes,cityscapes_val_half,196
1.0,1000,False,0.0,0.0,1.0,0.66,170,334,0.0,False,0.0,0.0,0.0,29.950629915722168,0.5001351788024542,30,person,0.2,0.1,weighted_crc,segformer_b2_cityscapes,cityscapes_val_half,196
1.0,1000,False,0.0,0.0,1.0,0.66,170,334,0.0,False,0.0,0.0,0.0,29.950629915722168,0.5001351788024542,30,person,0.05,0.5,weighted_crc,segformer_b2_cityscapes,cityscapes_val_half,196
1.0,1000,False,0.0,0.0,1.0,0.66,170,334,0.0,False,0.0,0.0,0.0,29.950629915722168,0.5001351788024542,30,person,0.1,0.5,weighted_crc,segformer_b2_cityscapes,cityscapes_val_half,196
1.0,1000,False,0.0,0.0,1.0,0.66,170,334,0.0,False,0.0,0.0,0.0,29.950629915722168,0.5001351788024542,30,person,0.2,0.5,weighted_crc,segformer_b2_cityscapes,cityscapes_val_half,196
1.0,1000,False,0.0,0.0,1.0,0.944,28,38,0.0,False,0.0,0.0,0.0,27.675583823060553,0.5996971829826029,30,rider,0.05,0.1,weighted_crc,segformer_b2_cityscapes,cityscapes_val_half,130
1.0,1000,False,0.0,0.0,1.0,0.944,28,38,0.0,False,0.0,0.0,0.0,27.675583823060553,0.5996971829826029,30,rider,0.1,0.1,weighted_crc,segformer_b2_cityscapes,cityscapes_val_half,130
1.0,1000,False,0.0,0.0,1.0,0.944,28,38,0.0,False,0.0,0.0,0.0,27.675583823060553,0.5996971829826029,30,rider,0.2,0.1,weighted_crc,segformer_b2_cityscapes,cityscapes_val_half,130
1.0,1000,False,0.0,0.0,1.0,0.944,28,38,0.0,False,0.0,0.0,0.0,27.675583823060553,0.5996971829826029,30,rider,0.05,0.5,weighted_crc,segformer_b2_cityscapes,cityscapes_val_half,130
1.0,1000,False,0.0,0.0,1.0,0.944,28,38,0.0,False,0.0,0.0,0.0,27.675583823060553,0.5996971829826029,30,rider,0.1,0.5,weighted_crc,segformer_b2_cityscapes,cityscapes_val_half,130
1.0,1000,False,0.0,0.0,1.0,0.944,28,38,0.0,False,0.0,0.0,0.0,27.675583823060553,0.5996971829826029,30,rider,0.2,0.5,weighted_crc,segformer_b2_cityscapes,cityscapes_val_half,130
1.0,1000,False,0.0,0.0,1.0,0.834,83,159,0.0,False,0.0,0.0,0.0,44.288892320338206,0.5594675902967975,30,bicycle,0.05,0.1,weighted_crc,segformer_b2_cityscapes,cityscapes_val_half,171
1.0,1000,False,0.0,0.0,1.0,0.834,83,159,0.0,False,0.0,0.0,0.0,44.288892320338206,0.5594675902967975,30,bicycle,0.1,0.1,weighted_crc,segformer_b2_cityscapes,cityscapes_val_half,171
1.0,1000,False,0.0,0.0,1.0,0.834,83,159,0.0,False,0.0,0.0,0.0,44.288892320338206,0.5594675902967975,30,bicycle,0.2,0.1,weighted_crc,segformer_b2_cityscapes,cityscapes_val_half,171
1.0,1000,False,0.0,0.0,1.0,0.834,83,159,0.0,False,0.0,0.0,0.0,44.288892320338206,0.5594675902967975,30,bicycle,0.05,0.5,weighted_crc,segformer_b2_cityscapes,cityscapes_val_half,171
1.0,1000,False,0.0,0.0,1.0,0.834,83,159,0.0,False,0.0,0.0,0.0,44.288892320338206,0.5594675902967975,30,bicycle,0.1,0.5,weighted_crc,segformer_b2_cityscapes,cityscapes_val_half,171
1.0,1000,False,0.0,0.0,1.0,0.834,83,159,0.0,False,0.0,0.0,0.0,44.288892320338206,0.5594675902967975,30,bicycle,0.2,0.5,weighted_crc,segformer_b2_cityscapes,cityscapes_val_half,171
1.0,1000,False,0.0,0.0,1.0,0.66,170,334,0.0,False,0.0,0.0,0.0,79.44136854833097,0.5433112863221317,31,person,0.05,0.1,weighted_crc,segformer_b2_cityscapes,cityscapes_val_half,210
1.0,1000,False,0.0,0.0,1.0,0.66,170,334,0.0,False,0.0,0.0,0.0,79.44136854833097,0.5433112863221317,31,person,0.1,0.1,weighted_crc,segformer_b2_cityscapes,cityscapes_val_half,210
1.0,1000,False,0.0,0.0,1.0,0.66,170,334,0.0,False,0.0,0.0,0.0,79.44136854833097,0.5433112863221317,31,person,0.2,0.1,weighted_crc,segformer_b2_cityscapes,cityscapes_val_half,210
1.0,1000,False,0.0,0.0,1.0,0.66,170,334,0.0,False,0.0,0.0,0.0,79.44136854833097,0.5433112863221317,31,person,0.05,0.5,weighted_crc,segformer_b2_cityscapes,cityscapes_val_half,210
1.0,1000,False,0.0,0.0,1.0,0.66,170,334,0.0,False,0.0,0.0,0.0,79.44136854833097,0.5433112863221317,31,person,0.1,0.5,weighted_crc,segformer_b2_cityscapes,cityscapes_val_half,210
1.0,1000,False,0.0,0.0,1.0,0.66,170,334,0.0,False,0.0,0.0,0.0,79.44136854833097,0.5433112863221317,31,person,0.2,0.5,weighted_crc,segformer_b2_cityscapes,cityscapes_val_half,210
1.0,1000,False,0.0,0.0,1.0,0.944,28,38,0.0,False,0.0,0.0,0.0,45.85506893162159,0.6204902632012711,31,rider,0.05,0.1,weighted_crc,segformer_b2_cityscapes,cityscapes_val_half,137
1.0,1000,False,0.0,0.0,1.0,0.944,28,38,0.0,False,0.0,0.0,0.0,45.85506893162159,0.6204902632012711,31,rider,0.1,0.1,weighted_crc,segformer_b2_cityscapes,cityscapes_val_half,137
1.0,1000,False,0.0,0.0,1.0,0.944,28,38,0.0,False,0.0,0.0,0.0,45.85506893162159,0.6204902632012711,31,rider,0.2,0.1,weighted_crc,segformer_b2_cityscapes,cityscapes_val_half,137
1.0,1000,False,0.0,0.0,1.0,0.944,28,38,0.0,False,0.0,0.0,0.0,45.85506893162159,0.6204902632012711,31,rider,0.05,0.5,weighted_crc,segformer_b2_cityscapes,cityscapes_val_half,137
1.0,1000,False,0.0,0.0,1.0,0.944,28,38,0.0,False,0.0,0.0,0.0,45.85506893162159,0.6204902632012711,31,rider,0.1,0.5,weighted_crc,segformer_b2_cityscapes,cityscapes_val_half,137
1.0,1000,False,0.0,0.0,1.0,0.944,28,38,0.0,False,0.0,0.0,0.0,45.85506893162159,0.6204902632012711,31,rider,0.2,0.5,weighted_crc,segformer_b2_cityscapes,cityscapes_val_half,137
1.0,1000,False,0.0,0.0,1.0,0.834,83,159,0.0,False,0.0,0.0,0.0,61.527498001502515,0.5861468671363791,31,bicycle,0.05,0.1,weighted_crc,segformer_b2_cityscapes,cityscapes_val_half,172
1.0,1000,False,0.0,0.0,1.0,0.834,83,159,0.0,False,0.0,0.0,0.0,61.527498001502515,0.5861468671363791,31,bicycle,0.1,0.1,weighted_crc,segformer_b2_cityscapes,cityscapes_val_half,172
1.0,1000,False,0.0,0.0,1.0,0.834,83,159,0.0,False,0.0,0.0,0.0,61.527498001502515,0.5861468671363791,31,bicycle,0.2,0.1,weighted_crc,segformer_b2_cityscapes,cityscapes_val_half,172
1.0,1000,False,0.0,0.0,1.0,0.834,83,159,0.0,False,0.0,0.0,0.0,61.527498001502515,0.5861468671363791,31,bicycle,0.05,0.5,weighted_crc,segformer_b2_cityscapes,cityscapes_val_half,172
1.0,1000,False,0.0,0.0,1.0,0.834,83,159,0.0,False,0.0,0.0,0.0,61.527498001502515,0.5861468671363791,31,bicycle,0.1,0.5,weighted_crc,segformer_b2_cityscapes,cityscapes_val_half,172
1.0,1000,False,0.0,0.0,1.0,0.834,83,159,0.0,False,0.0,0.0,0.0,61.527498001502515,0.5861468671363791,31,bicycle,0.2,0.5,weighted_crc,segformer_b2_cityscapes,cityscapes_val_half,172
1.0,1000,False,0.0,0.0,1.0,0.66,170,334,0.0,False,0.0,0.0,0.0,58.56201164715329,0.5393320958227037,32,person,0.05,0.1,weighted_crc,segformer_b2_cityscapes,cityscapes_val_half,206
1.0,1000,False,0.0,0.0,1.0,0.66,170,334,0.0,False,0.0,0.0,0.0,58.56201164715329,0.5393320958227037,32,person,0.1,0.1,weighted_crc,segformer_b2_cityscapes,cityscapes_val_half,206
1.0,1000,False,0.0,0.0,1.0,0.66,170,334,0.0,False,0.0,0.0,0.0,58.56201164715329,0.5393320958227037,32,person,0.2,0.1,weighted_crc,segformer_b2_cityscapes,cityscapes_val_half,206
1.0,1000,False,0.0,0.0,1.0,0.66,170,334,0.0,False,0.0,0.0,0.0,58.56201164715329,0.5393320958227037,32,person,0.05,0.5,weighted_crc,segformer_b2_cityscapes,cityscapes_val_half,206
1.0,1000,False,0.0,0.0,1.0,0.66,170,334,0.0,False,0.0,0.0,0.0,58.56201164715329,0.5393320958227037,32,person,0.1,0.5,weighted_crc,segformer_b2_cityscapes,cityscapes_val_half,206
1.0,1000,False,0.0,0.0,1.0,0.66,170,334,0.0,False,0.0,0.0,0.0,58.56201164715329,0.5393320958227037,32,person,0.2,0.5,weighted_crc,segformer_b2_cityscapes,cityscapes_val_half,206
1.0,1000,False,0.0,0.0,1.0,0.944,28,38,0.0,False,0.0,0.0,0.0,23.548106737422483,0.6145692181686068,32,rider,0.05,0.1,weighted_crc,segformer_b2_cityscapes,cityscapes_val_half,135
1.0,1000,False,0.0,0.0,1.0,0.944,28,38,0.0,False,0.0,0.0,0.0,23.548106737422483,0.6145692181686068,32,rider,0.1,0.1,weighted_crc,segformer_b2_cityscapes,cityscapes_val_half,135
1.0,1000,False,0.0,0.0,1.0,0.944,28,38,0.0,False,0.0,0.0,0.0,23.548106737422483,0.6145692181686068,32,rider,0.2,0.1,weighted_crc,segformer_b2_cityscapes,cityscapes_val_half,135
1.0,1000,False,0.0,0.0,1.0,0.944,28,38,0.0,False,0.0,0.0,0.0,23.548106737422483,0.6145692181686068,32,rider,0.05,0.5,weighted_crc,segformer_b2_cityscapes,cityscapes_val_half,135
1.0,1000,False,0.0,0.0,1.0,0.944,28,38,0.0,False,0.0,0.0,0.0,23.548106737422483,0.6145692181686068,32,rider,0.1,0.5,weighted_crc,segformer_b2_cityscapes,cityscapes_val_half,135
1.0,1000,False,0.0,0.0,1.0,0.944,28,38,0.0,False,0.0,0.0,0.0,23.548106737422483,0.6145692181686068,32,rider,0.2,0.5,weighted_crc,segformer_b2_cityscapes,cityscapes_val_half,135
1.0,1000,False,0.0,0.0,1.0,0.834,83,159,0.0,False,0.0,0.0,0.0,31.504815592596305,0.5660672669192452,32,bicycle,0.05,0.1,weighted_crc,segformer_b2_cityscapes,cityscapes_val_half,178
1.0,1000,False,0.0,0.0,1.0,0.834,83,159,0.0,False,0.0,0.0,0.0,31.504815592596305,0.5660672669192452,32,bicycle,0.1,0.1,weighted_crc,segformer_b2_cityscapes,cityscapes_val_half,178
1.0,1000,False,0.0,0.0,1.0,0.834,83,159,0.0,False,0.0,0.0,0.0,31.504815592596305,0.5660672669192452,32,bicycle,0.2,0.1,weighted_crc,segformer_b2_cityscapes,cityscapes_val_half,178
1.0,1000,False,0.0,0.0,1.0,0.834,83,159,0.0,False,0.0,0.0,0.0,31.504815592596305,0.5660672669192452,32,bicycle,0.05,0.5,weighted_crc,segformer_b2_cityscapes,cityscapes_val_half,178
1.0,1000,False,0.0,0.0,1.0,0.834,83,159,0.0,False,0.0,0.0,0.0,31.504815592596305,0.5660672669192452,32,bicycle,0.1,0.5,weighted_crc,segformer_b2_cityscapes,cityscapes_val_half,178
1.0,1000,False,0.0,0.0,1.0,0.834,83,159,0.0,False,0.0,0.0,0.0,31.504815592596305,0.5660672669192452,32,bicycle,0.2,0.5,weighted_crc,segformer_b2_cityscapes,cityscapes_val_half,178
1.0,1000,False,0.0,0.0,1.0,0.66,170,334,0.0,False,0.0,0.0,0.0,29.313853729708114,0.4983108146087743,33,person,0.05,0.1,weighted_crc,segformer_b2_cityscapes,cityscapes_val_half,203
1.0,1000,False,0.0,0.0,1.0,0.66,170,334,0.0,False,0.0,0.0,0.0,29.313853729708114,0.4983108146087743,33,person,0.1,0.1,weighted_crc,segformer_b2_cityscapes,cityscapes_val_half,203
1.0,1000,False,0.0,0.0,1.0,0.66,170,334,0.0,False,0.0,0.0,0.0,29.313853729708114,0.4983108146087743,33,person,0.2,0.1,weighted_crc,segformer_b2_cityscapes,cityscapes_val_half,203
1.0,1000,False,0.0,0.0,1.0,0.66,170,334,0.0,False,0.0,0.0,0.0,29.313853729708114,0.4983108146087743,33,person,0.05,0.5,weighted_crc,segformer_b2_cityscapes,cityscapes_val_half,203
1.0,1000,False,0.0,0.0,1.0,0.66,170,334,0.0,False,0.0,0.0,0.0,29.313853729708114,0.4983108146087743,33,person,0.1,0.5,weighted_crc,segformer_b2_cityscapes,cityscapes_val_half,203
1.0,1000,False,0.0,0.0,1.0,0.66,170,334,0.0,False,0.0,0.0,0.0,29.313853729708114,0.4983108146087743,33,person,0.2,0.5,weighted_crc,segformer_b2_cityscapes,cityscapes_val_half,203
1.0,1000,False,0.0,0.0,1.0,0.944,28,38,0.0,False,0.0,0.0,0.0,20.086974814396882,0.5862340214646242,33,rider,0.05,0.1,weighted_crc,segformer_b2_cityscapes,cityscapes_val_half,137
1.0,1000,False,0.0,0.0,1.0,0.944,28,38,0.0,False,0.0,0.0,0.0,20.086974814396882,0.5862340214646242,33,rider,0.1,0.1,weighted_crc,segformer_b2_cityscapes,cityscapes_val_half,137
1.0,1000,False,0.0,0.0,1.0,0.944,28,38,0.0,False,0.0,0.0,0.0,20.086974814396882,0.5862340214646242,33,rider,0.2,0.1,weighted_crc,segformer_b2_cityscapes,cityscapes_val_half,137
1.0,1000,False,0.0,0.0,1.0,0.944,28,38,0.0,False,0.0,0.0,0.0,20.086974814396882,0.5862340214646242,33,rider,0.05,0.5,weighted_crc,segformer_b2_cityscapes,cityscapes_val_half,137
1.0,1000,False,0.0,0.0,1.0,0.944,28,38,0.0,False,0.0,0.0,0.0,20.086974814396882,0.5862340214646242,33,rider,0.1,0.5,weighted_crc,segformer_b2_cityscapes,cityscapes_val_half,137
1.0,1000,False,0.0,0.0,1.0,0.944,28,38,0.0,False,0.0,0.0,0.0,20.086974814396882,0.5862340214646242,33,rider,0.2,0.5,weighted_crc,segformer_b2_cityscapes,cityscapes_val_half,137
1.0,1000,False,0.0,0.0,1.0,0.834,83,159,0.0,False,0.0,0.0,0.0,19.629481753344365,0.5187287612403725,33,bicycle,0.05,0.1,weighted_crc,segformer_b2_cityscapes,cityscapes_val_half,177
1.0,1000,False,0.0,0.0,1.0,0.834,83,159,0.0,False,0.0,0.0,0.0,19.629481753344365,0.5187287612403725,33,bicycle,0.1,0.1,weighted_crc,segformer_b2_cityscapes,cityscapes_val_half,177
1.0,1000,False,0.0,0.0,1.0,0.834,83,159,0.0,False,0.0,0.0,0.0,19.629481753344365,0.5187287612403725,33,bicycle,0.2,0.1,weighted_crc,segformer_b2_cityscapes,cityscapes_val_half,177
1.0,1000,False,0.0,0.0,1.0,0.834,83,159,0.0,False,0.0,0.0,0.0,19.629481753344365,0.5187287612403725,33,bicycle,0.05,0.5,weighted_crc,segformer_b2_cityscapes,cityscapes_val_half,177
1.0,1000,False,0.0,0.0,1.0,0.834,83,159,0.0,False,0.0,0.0,0.0,19.629481753344365,0.5187287612403725,33,bicycle,0.1,0.5,weighted_crc,segformer_b2_cityscapes,cityscapes_val_half,177
1.0,1000,False,0.0,0.0,1.0,0.834,83,159,0.0,False,0.0,0.0,0.0,19.629481753344365,0.5187287612403725,33,bicycle,0.2,0.5,weighted_crc,segformer_b2_cityscapes,cityscapes_val_half,177
1.0,1000,False,0.0,0.0,1.0,0.66,170,334,0.0,False,0.0,0.0,0.0,34.152565324173686,0.47066209178499113,34,person,0.05,0.1,weighted_crc,segformer_b2_cityscapes,cityscapes_val_half,209
1.0,1000,False,0.0,0.0,1.0,0.66,170,334,0.0,False,0.0,0.0,0.0,34.152565324173686,0.47066209178499113,34,person,0.1,0.1,weighted_crc,segformer_b2_cityscapes,cityscapes_val_half,209
1.0,1000,False,0.0,0.0,1.0,0.66,170,334,0.0,False,0.0,0.0,0.0,34.152565324173686,0.47066209178499113,34,person,0.2,0.1,weighted_crc,segformer_b2_cityscapes,cityscapes_val_half,209
1.0,1000,False,0.0,0.0,1.0,0.66,170,334,0.0,False,0.0,0.0,0.0,34.152565324173686,0.47066209178499113,34,person,0.05,0.5,weighted_crc,segformer_b2_cityscapes,cityscapes_val_half,209
1.0,1000,False,0.0,0.0,1.0,0.66,170,334,0.0,False,0.0,0.0,0.0,34.152565324173686,0.47066209178499113,34,person,0.1,0.5,weighted_crc,segformer_b2_cityscapes,cityscapes_val_half,209
1.0,1000,False,0.0,0.0,1.0,0.66,170,334,0.0,False,0.0,0.0,0.0,34.152565324173686,0.47066209178499113,34,person,0.2,0.5,weighted_crc,segformer_b2_cityscapes,cityscapes_val_half,209
1.0,1000,False,0.0,0.0,1.0,0.944,28,38,0.0,False,0.0,0.0,0.0,22.440729005057268,0.5822437607853412,34,rider,0.05,0.1,weighted_crc,segformer_b2_cityscapes,cityscapes_val_half,133
1.0,1000,False,0.0,0.0,1.0,0.944,28,38,0.0,False,0.0,0.0,0.0,22.440729005057268,0.5822437607853412,34,rider,0.1,0.1,weighted_crc,segformer_b2_cityscapes,cityscapes_val_half,133
1.0,1000,False,0.0,0.0,1.0,0.944,28,38,0.0,False,0.0,0.0,0.0,22.440729005057268,0.5822437607853412,34,rider,0.2,0.1,weighted_crc,segformer_b2_cityscapes,cityscapes_val_half,133
1.0,1000,False,0.0,0.0,1.0,0.944,28,38,0.0,False,0.0,0.0,0.0,22.440729005057268,0.5822437607853412,34,rider,0.05,0.5,weighted_crc,segformer_b2_cityscapes,cityscapes_val_half,133
1.0,1000,False,0.0,0.0,1.0,0.944,28,38,0.0,False,0.0,0.0,0.0,22.440729005057268,0.5822437607853412,34,rider,0.1,0.5,weighted_crc,segformer_b2_cityscapes,cityscapes_val_half,133
1.0,1000,False,0.0,0.0,1.0,0.944,28,38,0.0,False,0.0,0.0,0.0,22.440729005057268,0.5822437607853412,34,rider,0.2,0.5,weighted_crc,segformer_b2_cityscapes,cityscapes_val_half,133
1.0,1000,False,0.0,0.0,1.0,0.834,83,159,0.0,False,0.0,0.0,0.0,37.598465533266335,0.5477993730728731,34,bicycle,0.05,0.1,weighted_crc,segformer_b2_cityscapes,cityscapes_val_half,175
1.0,1000,False,0.0,0.0,1.0,0.834,83,159,0.0,False,0.0,0.0,0.0,37.598465533266335,0.5477993730728731,34,bicycle,0.1,0.1,weighted_crc,segformer_b2_cityscapes,cityscapes_val_half,175
1.0,1000,False,0.0,0.0,1.0,0.834,83,159,0.0,False,0.0,0.0,0.0,37.598465533266335,0.5477993730728731,34,bicycle,0.2,0.1,weighted_crc,segformer_b2_cityscapes,cityscapes_val_half,175
1.0,1000,False,0.0,0.0,1.0,0.834,83,159,0.0,False,0.0,0.0,0.0,37.598465533266335,0.5477993730728731,34,bicycle,0.05,0.5,weighted_crc,segformer_b2_cityscapes,cityscapes_val_half,175
1.0,1000,False,0.0,0.0,1.0,0.834,83,159,0.0,False,0.0,0.0,0.0,37.598465533266335,0.5477993730728731,34,bicycle,0.1,0.5,weighted_crc,segformer_b2_cityscapes,cityscapes_val_half,175
1.0,1000,False,0.0,0.0,1.0,0.834,83,159,0.0,False,0.0,0.0,0.0,37.598465533266335,0.5477993730728731,34,bicycle,0.2,0.5,weighted_crc,segformer_b2_cityscapes,cityscapes_val_half,175
1.0,1000,False,0.0,0.0,1.0,0.66,170,334,0.0,False,0.0,0.0,0.0,46.47518825999583,0.5113574570139381,35,person,0.05,0.1,weighted_crc,segformer_b2_cityscapes,cityscapes_val_half,200
1.0,1000,False,0.0,0.0,1.0,0.66,170,334,0.0,False,0.0,0.0,0.0,46.47518825999583,0.5113574570139381,35,person,0.1,0.1,weighted_crc,segformer_b2_cityscapes,cityscapes_val_half,200
1.0,1000,False,0.0,0.0,1.0,0.66,170,334,0.0,False,0.0,0.0,0.0,46.47518825999583,0.5113574570139381,35,person,0.2,0.1,weighted_crc,segformer_b2_cityscapes,cityscapes_val_half,200
1.0,1000,False,0.0,0.0,1.0,0.66,170,334,0.0,False,0.0,0.0,0.0,46.47518825999583,0.5113574570139381,35,person,0.05,0.5,weighted_crc,segformer_b2_cityscapes,cityscapes_val_half,200
1.0,1000,False,0.0,0.0,1.0,0.66,170,334,0.0,False,0.0,0.0,0.0,46.47518825999583,0.5113574570139381,35,person,0.1,0.5,weighted_crc,segformer_b2_cityscapes,cityscapes_val_half,200
1.0,1000,False,0.0,0.0,1.0,0.66,170,334,0.0,False,0.0,0.0,0.0,46.47518825999583,0.5113574570139381,35,person,0.2,0.5,weighted_crc,segformer_b2_cityscapes,cityscapes_val_half,200
1.0,1000,False,0.0,0.0,1.0,0.944,28,38,0.0,False,0.0,0.0,0.0,26.115052614739234,0.6099124210790244,35,rider,0.05,0.1,weighted_crc,segformer_b2_cityscapes,cityscapes_val_half,121
1.0,1000,False,0.0,0.0,1.0,0.944,28,38,0.0,False,0.0,0.0,0.0,26.115052614739234,0.6099124210790244,35,rider,0.1,0.1,weighted_crc,segformer_b2_cityscapes,cityscapes_val_half,121
1.0,1000,False,0.0,0.0,1.0,0.944,28,38,0.0,False,0.0,0.0,0.0,26.115052614739234,0.6099124210790244,35,rider,0.2,0.1,weighted_crc,segformer_b2_cityscapes,cityscapes_val_half,121
1.0,1000,False,0.0,0.0,1.0,0.944,28,38,0.0,False,0.0,0.0,0.0,26.115052614739234,0.6099124210790244,35,rider,0.05,0.5,weighted_crc,segformer_b2_cityscapes,cityscapes_val_half,121
1.0,1000,False,0.0,0.0,1.0,0.944,28,38,0.0,False,0.0,0.0,0.0,26.115052614739234,0.6099124210790244,35,rider,0.1,0.5,weighted_crc,segformer_b2_cityscapes,cityscapes_val_half,121
1.0,1000,False,0.0,0.0,1.0,0.944,28,38,0.0,False,0.0,0.0,0.0,26.115052614739234,0.6099124210790244,35,rider,0.2,0.5,weighted_crc,segformer_b2_cityscapes,cityscapes_val_half,121
1.0,1000,False,0.0,0.0,1.0,0.834,83,159,0.0,False,0.0,0.0,0.0,45.031085625374004,0.5671601927452832,35,bicycle,0.05,0.1,weighted_crc,segformer_b2_cityscapes,cityscapes_val_half,167
1.0,1000,False,0.0,0.0,1.0,0.834,83,159,0.0,False,0.0,0.0,0.0,45.031085625374004,0.5671601927452832,35,bicycle,0.1,0.1,weighted_crc,segformer_b2_cityscapes,cityscapes_val_half,167
1.0,1000,False,0.0,0.0,1.0,0.834,83,159,0.0,False,0.0,0.0,0.0,45.031085625374004,0.5671601927452832,35,bicycle,0.2,0.1,weighted_crc,segformer_b2_cityscapes,cityscapes_val_half,167
1.0,1000,False,0.0,0.0,1.0,0.834,83,159,0.0,False,0.0,0.0,0.0,45.031085625374004,0.5671601927452832,35,bicycle,0.05,0.5,weighted_crc,segformer_b2_cityscapes,cityscapes_val_half,167
1.0,1000,False,0.0,0.0,1.0,0.834,83,159,0.0,False,0.0,0.0,0.0,45.031085625374004,0.5671601927452832,35,bicycle,0.1,0.5,weighted_crc,segformer_b2_cityscapes,cityscapes_val_half,167
1.0,1000,False,0.0,0.0,1.0,0.834,83,159,0.0,False,0.0,0.0,0.0,45.031085625374004,0.5671601927452832,35,bicycle,0.2,0.5,weighted_crc,segformer_b2_cityscapes,cityscapes_val_half,167
1.0,1000,False,0.0,0.0,1.0,0.66,170,334,0.0,False,0.0,0.0,0.0,32.534421864807655,0.4911537890759273,36,person,0.05,0.1,weighted_crc,segformer_b2_cityscapes,cityscapes_val_half,203
1.0,1000,False,0.0,0.0,1.0,0.66,170,334,0.0,False,0.0,0.0,0.0,32.534421864807655,0.4911537890759273,36,person,0.1,0.1,weighted_crc,segformer_b2_cityscapes,cityscapes_val_half,203
1.0,1000,False,0.0,0.0,1.0,0.66,170,334,0.0,False,0.0,0.0,0.0,32.534421864807655,0.4911537890759273,36,person,0.2,0.1,weighted_crc,segformer_b2_cityscapes,cityscapes_val_half,203
1.0,1000,False,0.0,0.0,1.0,0.66,170,334,0.0,False,0.0,0.0,0.0,32.534421864807655,0.4911537890759273,36,person,0.05,0.5,weighted_crc,segformer_b2_cityscapes,cityscapes_val_half,203
1.0,1000,False,0.0,0.0,1.0,0.66,170,334,0.0,False,0.0,0.0,0.0,32.534421864807655,0.4911537890759273,36,person,0.1,0.5,weighted_crc,segformer_b2_cityscapes,cityscapes_val_half,203
1.0,1000,False,0.0,0.0,1.0,0.66,170,334,0.0,False,0.0,0.0,0.0,32.534421864807655,0.4911537890759273,36,person,0.2,0.5,weighted_crc,segformer_b2_cityscapes,cityscapes_val_half,203
1.0,1000,False,0.0,0.0,1.0,0.944,28,38,0.0,False,0.0,0.0,0.0,13.729876189214975,0.5673616061682207,36,rider,0.05,0.1,weighted_crc,segformer_b2_cityscapes,cityscapes_val_half,125
1.0,1000,False,0.0,0.0,1.0,0.944,28,38,0.0,False,0.0,0.0,0.0,13.729876189214975,0.5673616061682207,36,rider,0.1,0.1,weighted_crc,segformer_b2_cityscapes,cityscapes_val_half,125
1.0,1000,False,0.0,0.0,1.0,0.944,28,38,0.0,False,0.0,0.0,0.0,13.729876189214975,0.5673616061682207,36,rider,0.2,0.1,weighted_crc,segformer_b2_cityscapes,cityscapes_val_half,125
1.0,1000,False,0.0,0.0,1.0,0.944,28,38,0.0,False,0.0,0.0,0.0,13.729876189214975,0.5673616061682207,36,rider,0.05,0.5,weighted_crc,segformer_b2_cityscapes,cityscapes_val_half,125
1.0,1000,False,0.0,0.0,1.0,0.944,28,38,0.0,False,0.0,0.0,0.0,13.729876189214975,0.5673616061682207,36,rider,0.1,0.5,weighted_crc,segformer_b2_cityscapes,cityscapes_val_half,125
1.0,1000,False,0.0,0.0,1.0,0.944,28,38,0.0,False,0.0,0.0,0.0,13.729876189214975,0.5673616061682207,36,rider,0.2,0.5,weighted_crc,segformer_b2_cityscapes,cityscapes_val_half,125
1.0,1000,False,0.0,0.0,1.0,0.834,83,159,0.0,False,0.0,0.0,0.0,29.56003406599433,0.5198726887121933,36,bicycle,0.05,0.1,weighted_crc,segformer_b2_cityscapes,cityscapes_val_half,177
1.0,1000,False,0.0,0.0,1.0,0.834,83,159,0.0,False,0.0,0.0,0.0,29.56003406599433,0.5198726887121933,36,bicycle,0.1,0.1,weighted_crc,segformer_b2_cityscapes,cityscapes_val_half,177
1.0,1000,False,0.0,0.0,1.0,0.834,83,159,0.0,False,0.0,0.0,0.0,29.56003406599433,0.5198726887121933,36,bicycle,0.2,0.1,weighted_crc,segformer_b2_cityscapes,cityscapes_val_half,177
1.0,1000,False,0.0,0.0,1.0,0.834,83,159,0.0,False,0.0,0.0,0.0,29.56003406599433,0.5198726887121933,36,bicycle,0.05,0.5,weighted_crc,segformer_b2_cityscapes,cityscapes_val_half,177
1.0,1000,False,0.0,0.0,1.0,0.834,83,159,0.0,False,0.0,0.0,0.0,29.56003406599433,0.5198726887121933,36,bicycle,0.1,0.5,weighted_crc,segformer_b2_cityscapes,cityscapes_val_half,177
1.0,1000,False,0.0,0.0,1.0,0.834,83,159,0.0,False,0.0,0.0,0.0,29.56003406599433,0.5198726887121933,36,bicycle,0.2,0.5,weighted_crc,segformer_b2_cityscapes,cityscapes_val_half,177
1.0,1000,False,0.0,0.0,1.0,0.66,170,334,0.0,False,0.0,0.0,0.0,29.600217917445065,0.4849155618781215,37,person,0.05,0.1,weighted_crc,segformer_b2_cityscapes,cityscapes_val_half,200
1.0,1000,False,0.0,0.0,1.0,0.66,170,334,0.0,False,0.0,0.0,0.0,29.600217917445065,0.4849155618781215,37,person,0.1,0.1,weighted_crc,segformer_b2_cityscapes,cityscapes_val_half,200
1.0,1000,False,0.0,0.0,1.0,0.66,170,334,0.0,False,0.0,0.0,0.0,29.600217917445065,0.4849155618781215,37,person,0.2,0.1,weighted_crc,segformer_b2_cityscapes,cityscapes_val_half,200
1.0,1000,False,0.0,0.0,1.0,0.66,170,334,0.0,False,0.0,0.0,0.0,29.600217917445065,0.4849155618781215,37,person,0.05,0.5,weighted_crc,segformer_b2_cityscapes,cityscapes_val_half,200
1.0,1000,False,0.0,0.0,1.0,0.66,170,334,0.0,False,0.0,0.0,0.0,29.600217917445065,0.4849155618781215,37,person,0.1,0.5,weighted_crc,segformer_b2_cityscapes,cityscapes_val_half,200
1.0,1000,False,0.0,0.0,1.0,0.66,170,334,0.0,False,0.0,0.0,0.0,29.600217917445065,0.4849155618781215,37,person,0.2,0.5,weighted_crc,segformer_b2_cityscapes,cityscapes_val_half,200
1.0,1000,False,0.0,0.0,1.0,0.944,28,38,0.0,False,0.0,0.0,0.0,7.944324179440619,0.5053572397380239,37,rider,0.05,0.1,weighted_crc,segformer_b2_cityscapes,cityscapes_val_half,127
1.0,1000,False,0.0,0.0,1.0,0.944,28,38,0.0,False,0.0,0.0,0.0,7.944324179440619,0.5053572397380239,37,rider,0.1,0.1,weighted_crc,segformer_b2_cityscapes,cityscapes_val_half,127
1.0,1000,False,0.0,0.0,1.0,0.944,28,38,0.0,False,0.0,0.0,0.0,7.944324179440619,0.5053572397380239,37,rider,0.2,0.1,weighted_crc,segformer_b2_cityscapes,cityscapes_val_half,127
1.0,1000,False,0.0,0.0,1.0,0.944,28,38,0.0,False,0.0,0.0,0.0,7.944324179440619,0.5053572397380239,37,rider,0.05,0.5,weighted_crc,segformer_b2_cityscapes,cityscapes_val_half,127
1.0,1000,False,0.0,0.0,1.0,0.944,28,38,0.0,False,0.0,0.0,0.0,7.944324179440619,0.5053572397380239,37,rider,0.1,0.5,weighted_crc,segformer_b2_cityscapes,cityscapes_val_half,127
1.0,1000,False,0.0,0.0,1.0,0.944,28,38,0.0,False,0.0,0.0,0.0,7.944324179440619,0.5053572397380239,37,rider,0.2,0.5,weighted_crc,segformer_b2_cityscapes,cityscapes_val_half,127
1.0,1000,False,0.0,0.0,1.0,0.834,83,159,0.0,False,0.0,0.0,0.0,25.0098189204795,0.5117308794404245,37,bicycle,0.05,0.1,weighted_crc,segformer_b2_cityscapes,cityscapes_val_half,171
1.0,1000,False,0.0,0.0,1.0,0.834,83,159,0.0,False,0.0,0.0,0.0,25.0098189204795,0.5117308794404245,37,bicycle,0.1,0.1,weighted_crc,segformer_b2_cityscapes,cityscapes_val_half,171
1.0,1000,False,0.0,0.0,1.0,0.834,83,159,0.0,False,0.0,0.0,0.0,25.0098189204795,0.5117308794404245,37,bicycle,0.2,0.1,weighted_crc,segformer_b2_cityscapes,cityscapes_val_half,171
1.0,1000,False,0.0,0.0,1.0,0.834,83,159,0.0,False,0.0,0.0,0.0,25.0098189204795,0.5117308794404245,37,bicycle,0.05,0.5,weighted_crc,segformer_b2_cityscapes,cityscapes_val_half,171
1.0,1000,False,0.0,0.0,1.0,0.834,83,159,0.0,False,0.0,0.0,0.0,25.0098189204795,0.5117308794404245,37,bicycle,0.1,0.5,weighted_crc,segformer_b2_cityscapes,cityscapes_val_half,171
1.0,1000,False,0.0,0.0,1.0,0.834,83,159,0.0,False,0.0,0.0,0.0,25.0098189204795,0.5117308794404245,37,bicycle,0.2,0.5,weighted_crc,segformer_b2_cityscapes,cityscapes_val_half,171
1.0,1000,False,0.0,0.0,1.0,0.66,170,334,0.0,False,0.0,0.0,0.0,46.63805225328954,0.5148715448174993,38,person,0.05,0.1,weighted_crc,segformer_b2_cityscapes,cityscapes_val_half,199
1.0,1000,False,0.0,0.0,1.0,0.66,170,334,0.0,False,0.0,0.0,0.0,46.63805225328954,0.5148715448174993,38,person,0.1,0.1,weighted_crc,segformer_b2_cityscapes,cityscapes_val_half,199
1.0,1000,False,0.0,0.0,1.0,0.66,170,334,0.0,False,0.0,0.0,0.0,46.63805225328954,0.5148715448174993,38,person,0.2,0.1,weighted_crc,segformer_b2_cityscapes,cityscapes_val_half,199
1.0,1000,False,0.0,0.0,1.0,0.66,170,334,0.0,False,0.0,0.0,0.0,46.63805225328954,0.5148715448174993,38,person,0.05,0.5,weighted_crc,segformer_b2_cityscapes,cityscapes_val_half,199
1.0,1000,False,0.0,0.0,1.0,0.66,170,334,0.0,False,0.0,0.0,0.0,46.63805225328954,0.5148715448174993,38,person,0.1,0.5,weighted_crc,segformer_b2_cityscapes,cityscapes_val_half,199
1.0,1000,False,0.0,0.0,1.0,0.66,170,334,0.0,False,0.0,0.0,0.0,46.63805225328954,0.5148715448174993,38,person,0.2,0.5,weighted_crc,segformer_b2_cityscapes,cityscapes_val_half,199
1.0,1000,False,0.0,0.0,1.0,0.944,28,38,0.0,False,0.0,0.0,0.0,19.916993833891063,0.6211721349095577,38,rider,0.05,0.1,weighted_crc,segformer_b2_cityscapes,cityscapes_val_half,124
1.0,1000,False,0.0,0.0,1.0,0.944,28,38,0.0,False,0.0,0.0,0.0,19.916993833891063,0.6211721349095577,38,rider,0.1,0.1,weighted_crc,segformer_b2_cityscapes,cityscapes_val_half,124
1.0,1000,False,0.0,0.0,1.0,0.944,28,38,0.0,False,0.0,0.0,0.0,19.916993833891063,0.6211721349095577,38,rider,0.2,0.1,weighted_crc,segformer_b2_cityscapes,cityscapes_val_half,124
1.0,1000,False,0.0,0.0,1.0,0.944,28,38,0.0,False,0.0,0.0,0.0,19.916993833891063,0.6211721349095577,38,rider,0.05,0.5,weighted_crc,segformer_b2_cityscapes,cityscapes_val_half,124
1.0,1000,False,0.0,0.0,1.0,0.944,28,38,0.0,False,0.0,0.0,0.0,19.916993833891063,0.6211721349095577,38,rider,0.1,0.5,weighted_crc,segformer_b2_cityscapes,cityscapes_val_half,124
1.0,1000,False,0.0,0.0,1.0,0.944,28,38,0.0,False,0.0,0.0,0.0,19.916993833891063,0.6211721349095577,38,rider,0.2,0.5,weighted_crc,segformer_b2_cityscapes,cityscapes_val_half,124
1.0,1000,False,0.0,0.0,1.0,0.834,83,159,0.0,False,0.0,0.0,0.0,45.089866103440926,0.5612277266775257,38,bicycle,0.05,0.1,weighted_crc,segformer_b2_cityscapes,cityscapes_val_half,170
1.0,1000,False,0.0,0.0,1.0,0.834,83,159,0.0,False,0.0,0.0,0.0,45.089866103440926,0.5612277266775257,38,bicycle,0.1,0.1,weighted_crc,segformer_b2_cityscapes,cityscapes_val_half,170
1.0,1000,False,0.0,0.0,1.0,0.834,83,159,0.0,False,0.0,0.0,0.0,45.089866103440926,0.5612277266775257,38,bicycle,0.2,0.1,weighted_crc,segformer_b2_cityscapes,cityscapes_val_half,170
1.0,1000,False,0.0,0.0,1.0,0.834,83,159,0.0,False,0.0,0.0,0.0,45.089866103440926,0.5612277266775257,38,bicycle,0.05,0.5,weighted_crc,segformer_b2_cityscapes,cityscapes_val_half,170
1.0,1000,False,0.0,0.0,1.0,0.834,83,159,0.0,False,0.0,0.0,0.0,45.089866103440926,0.5612277266775257,38,bicycle,0.1,0.5,weighted_crc,segformer_b2_cityscapes,cityscapes_val_half,170
1.0,1000,False,0.0,0.0,1.0,0.834,83,159,0.0,False,0.0,0.0,0.0,45.089866103440926,0.5612277266775257,38,bicycle,0.2,0.5,weighted_crc,segformer_b2_cityscapes,cityscapes_val_half,170
1.0,1000,False,0.0,0.0,1.0,0.66,170,334,0.0,False,0.0,0.0,0.0,61.4380961367032,0.5498623066988871,39,person,0.05,0.1,weighted_crc,segformer_b2_cityscapes,cityscapes_val_half,199
1.0,1000,False,0.0,0.0,1.0,0.66,170,334,0.0,False,0.0,0.0,0.0,61.4380961367032,0.5498623066988871,39,person,0.1,0.1,weighted_crc,segformer_b2_cityscapes,cityscapes_val_half,199
1.0,1000,False,0.0,0.0,1.0,0.66,170,334,0.0,False,0.0,0.0,0.0,61.4380961367032,0.5498623066988871,39,person,0.2,0.1,weighted_crc,segformer_b2_cityscapes,cityscapes_val_half,199
1.0,1000,False,0.0,0.0,1.0,0.66,170,334,0.0,False,0.0,0.0,0.0,61.4380961367032,0.5498623066988871,39,person,0.05,0.5,weighted_crc,segformer_b2_cityscapes,cityscapes_val_half,199
1.0,1000,False,0.0,0.0,1.0,0.66,170,334,0.0,False,0.0,0.0,0.0,61.4380961367032,0.5498623066988871,39,person,0.1,0.5,weighted_crc,segformer_b2_cityscapes,cityscapes_val_half,199
1.0,1000,False,0.0,0.0,1.0,0.66,170,334,0.0,False,0.0,0.0,0.0,61.4380961367032,0.5498623066988871,39,person,0.2,0.5,weighted_crc,segformer_b2_cityscapes,cityscapes_val_half,199
1.0,1000,False,0.0,0.0,1.0,0.944,28,38,0.0,False,0.0,0.0,0.0,18.073020550675217,0.586793956553682,39,rider,0.05,0.1,weighted_crc,segformer_b2_cityscapes,cityscapes_val_half,128
1.0,1000,False,0.0,0.0,1.0,0.944,28,38,0.0,False,0.0,0.0,0.0,18.073020550675217,0.586793956553682,39,rider,0.1,0.1,weighted_crc,segformer_b2_cityscapes,cityscapes_val_half,128
1.0,1000,False,0.0,0.0,1.0,0.944,28,38,0.0,False,0.0,0.0,0.0,18.073020550675217,0.586793956553682,39,rider,0.2,0.1,weighted_crc,segformer_b2_cityscapes,cityscapes_val_half,128
1.0,1000,False,0.0,0.0,1.0,0.944,28,38,0.0,False,0.0,0.0,0.0,18.073020550675217,0.586793956553682,39,rider,0.05,0.5,weighted_crc,segformer_b2_cityscapes,cityscapes_val_half,128
1.0,1000,False,0.0,0.0,1.0,0.944,28,38,0.0,False,0.0,0.0,0.0,18.073020550675217,0.586793956553682,39,rider,0.1,0.5,weighted_crc,segformer_b2_cityscapes,cityscapes_val_half,128
1.0,1000,False,0.0,0.0,1.0,0.944,28,38,0.0,False,0.0,0.0,0.0,18.073020550675217,0.586793956553682,39,rider,0.2,0.5,weighted_crc,segformer_b2_cityscapes,cityscapes_val_half,128
1.0,1000,False,0.0,0.0,1.0,0.834,83,159,0.0,False,0.0,0.0,0.0,37.74829484747307,0.5559585727567866,39,bicycle,0.05,0.1,weighted_crc,segformer_b2_cityscapes,cityscapes_val_half,173
1.0,1000,False,0.0,0.0,1.0,0.834,83,159,0.0,False,0.0,0.0,0.0,37.74829484747307,0.5559585727567866,39,bicycle,0.1,0.1,weighted_crc,segformer_b2_cityscapes,cityscapes_val_half,173
1.0,1000,False,0.0,0.0,1.0,0.834,83,159,0.0,False,0.0,0.0,0.0,37.74829484747307,0.5559585727567866,39,bicycle,0.2,0.1,weighted_crc,segformer_b2_cityscapes,cityscapes_val_half,173
1.0,1000,False,0.0,0.0,1.0,0.834,83,159,0.0,False,0.0,0.0,0.0,37.74829484747307,0.5559585727567866,39,bicycle,0.05,0.5,weighted_crc,segformer_b2_cityscapes,cityscapes_val_half,173
1.0,1000,False,0.0,0.0,1.0,0.834,83,159,0.0,False,0.0,0.0,0.0,37.74829484747307,0.5559585727567866,39,bicycle,0.1,0.5,weighted_crc,segformer_b2_cityscapes,cityscapes_val_half,173
1.0,1000,False,0.0,0.0,1.0,0.834,83,159,0.0,False,0.0,0.0,0.0,37.74829484747307,0.5559585727567866,39,bicycle,0.2,0.5,weighted_crc,segformer_b2_cityscapes,cityscapes_val_half,173
1.0,1000,False,0.0,0.0,1.0,0.66,170,334,0.0,False,0.0,0.0,0.0,52.70863296835345,0.5465237998135996,40,person,0.05,0.1,weighted_crc,segformer_b2_cityscapes,cityscapes_val_half,201
1.0,1000,False,0.0,0.0,1.0,0.66,170,334,0.0,False,0.0,0.0,0.0,52.70863296835345,0.5465237998135996,40,person,0.1,0.1,weighted_crc,segformer_b2_cityscapes,cityscapes_val_half,201
1.0,1000,False,0.0,0.0,1.0,0.66,170,334,0.0,False,0.0,0.0,0.0,52.70863296835345,0.5465237998135996,40,person,0.2,0.1,weighted_crc,segformer_b2_cityscapes,cityscapes_val_half,201
1.0,1000,False,0.0,0.0,1.0,0.66,170,334,0.0,False,0.0,0.0,0.0,52.70863296835345,0.5465237998135996,40,person,0.05,0.5,weighted_crc,segformer_b2_cityscapes,cityscapes_val_half,201
1.0,1000,False,0.0,0.0,1.0,0.66,170,334,0.0,False,0.0,0.0,0.0,52.70863296835345,0.5465237998135996,40,person,0.1,0.5,weighted_crc,segformer_b2_cityscapes,cityscapes_val_half,201
1.0,1000,False,0.0,0.0,1.0,0.66,170,334,0.0,False,0.0,0.0,0.0,52.70863296835345,0.5465237998135996,40,person,0.2,0.5,weighted_crc,segformer_b2_cityscapes,cityscapes_val_half,201
1.0,1000,False,0.0,0.0,1.0,0.944,28,38,0.0,False,0.0,0.0,0.0,28.7616798506041,0.6132716114860614,40,rider,0.05,0.1,weighted_crc,segformer_b2_cityscapes,cityscapes_val_half,136
1.0,1000,False,0.0,0.0,1.0,0.944,28,38,0.0,False,0.0,0.0,0.0,28.7616798506041,0.6132716114860614,40,rider,0.1,0.1,weighted_crc,segformer_b2_cityscapes,cityscapes_val_half,136
1.0,1000,False,0.0,0.0,1.0,0.944,28,38,0.0,False,0.0,0.0,0.0,28.7616798506041,0.6132716114860614,40,rider,0.2,0.1,weighted_crc,segformer_b2_cityscapes,cityscapes_val_half,136
1.0,1000,False,0.0,0.0,1.0,0.944,28,38,0.0,False,0.0,0.0,0.0,28.7616798506041,0.6132716114860614,40,rider,0.05,0.5,weighted_crc,segformer_b2_cityscapes,cityscapes_val_half,136
1.0,1000,False,0.0,0.0,1.0,0.944,28,38,0.0,False,0.0,0.0,0.0,28.7616798506041,0.6132716114860614,40,rider,0.1,0.5,weighted_crc,segformer_b2_cityscapes,cityscapes_val_half,136
1.0,1000,False,0.0,0.0,1.0,0.944,28,38,0.0,False,0.0,0.0,0.0,28.7616798506041,0.6132716114860614,40,rider,0.2,0.5,weighted_crc,segformer_b2_cityscapes,cityscapes_val_half,136
1.0,1000,False,0.0,0.0,1.0,0.834,83,159,0.0,False,0.0,0.0,0.0,41.751234682326086,0.5777881000106219,40,bicycle,0.05,0.1,weighted_crc,segformer_b2_cityscapes,cityscapes_val_half,177
1.0,1000,False,0.0,0.0,1.0,0.834,83,159,0.0,False,0.0,0.0,0.0,41.751234682326086,0.5777881000106219,40,bicycle,0.1,0.1,weighted_crc,segformer_b2_cityscapes,cityscapes_val_half,177
1.0,1000,False,0.0,0.0,1.0,0.834,83,159,0.0,False,0.0,0.0,0.0,41.751234682326086,0.5777881000106219,40,bicycle,0.2,0.1,weighted_crc,segformer_b2_cityscapes,cityscapes_val_half,177
1.0,1000,False,0.0,0.0,1.0,0.834,83,159,0.0,False,0.0,0.0,0.0,41.751234682326086,0.5777881000106219,40,bicycle,0.05,0.5,weighted_crc,segformer_b2_cityscapes,cityscapes_val_half,177
1.0,1000,False,0.0,0.0,1.0,0.834,83,159,0.0,False,0.0,0.0,0.0,41.751234682326086,0.5777881000106219,40,bicycle,0.1,0.5,weighted_crc,segformer_b2_cityscapes,cityscapes_val_half,177
1.0,1000,False,0.0,0.0,1.0,0.834,83,159,0.0,False,0.0,0.0,0.0,41.751234682326086,0.5777881000106219,40,bicycle,0.2,0.5,weighted_crc,segformer_b2_cityscapes,cityscapes_val_half,177
1.0,1000,False,0.0,0.0,1.0,0.66,170,334,0.0,False,0.0,0.0,0.0,40.3348543114945,0.5193932505356177,41,person,0.05,0.1,weighted_crc,segformer_b2_cityscapes,cityscapes_val_half,200
1.0,1000,False,0.0,0.0,1.0,0.66,170,334,0.0,False,0.0,0.0,0.0,40.3348543114945,0.5193932505356177,41,person,0.1,0.1,weighted_crc,segformer_b2_cityscapes,cityscapes_val_half,200
1.0,1000,False,0.0,0.0,1.0,0.66,170,334,0.0,False,0.0,0.0,0.0,40.3348543114945,0.5193932505356177,41,person,0.2,0.1,weighted_crc,segformer_b2_cityscapes,cityscapes_val_half,200
1.0,1000,False,0.0,0.0,1.0,0.66,170,334,0.0,False,0.0,0.0,0.0,40.3348543114945,0.5193932505356177,41,person,0.05,0.5,weighted_crc,segformer_b2_cityscapes,cityscapes_val_half,200
1.0,1000,False,0.0,0.0,1.0,0.66,170,334,0.0,False,0.0,0.0,0.0,40.3348543114945,0.5193932505356177,41,person,0.1,0.5,weighted_crc,segformer_b2_cityscapes,cityscapes_val_half,200
1.0,1000,False,0.0,0.0,1.0,0.66,170,334,0.0,False,0.0,0.0,0.0,40.3348543114945,0.5193932505356177,41,person,0.2,0.5,weighted_crc,segformer_b2_cityscapes,cityscapes_val_half,200
1.0,1000,False,0.0,0.0,1.0,0.944,28,38,0.0,False,0.0,0.0,0.0,26.499558901946124,0.6007988153023273,41,rider,0.05,0.1,weighted_crc,segformer_b2_cityscapes,cityscapes_val_half,135
1.0,1000,False,0.0,0.0,1.0,0.944,28,38,0.0,False,0.0,0.0,0.0,26.499558901946124,0.6007988153023273,41,rider,0.1,0.1,weighted_crc,segformer_b2_cityscapes,cityscapes_val_half,135
1.0,1000,False,0.0,0.0,1.0,0.944,28,38,0.0,False,0.0,0.0,0.0,26.499558901946124,0.6007988153023273,41,rider,0.2,0.1,weighted_crc,segformer_b2_cityscapes,cityscapes_val_half,135
1.0,1000,False,0.0,0.0,1.0,0.944,28,38,0.0,False,0.0,0.0,0.0,26.499558901946124,0.6007988153023273,41,rider,0.05,0.5,weighted_crc,segformer_b2_cityscapes,cityscapes_val_half,135
1.0,1000,False,0.0,0.0,1.0,0.944,28,38,0.0,False,0.0,0.0,0.0,26.499558901946124,0.6007988153023273,41,rider,0.1,0.5,weighted_crc,segformer_b2_cityscapes,cityscapes_val_half,135
1.0,1000,False,0.0,0.0,1.0,0.944,28,38,0.0,False,0.0,0.0,0.0,26.499558901946124,0.6007988153023273,41,rider,0.2,0.5,weighted_crc,segformer_b2_cityscapes,cityscapes_val_half,135
1.0,1000,False,0.0,0.0,1.0,0.834,83,159,0.0,False,0.0,0.0,0.0,25.227201249283198,0.5505259122718116,41,bicycle,0.05,0.1,weighted_crc,segformer_b2_cityscapes,cityscapes_val_half,176
1.0,1000,False,0.0,0.0,1.0,0.834,83,159,0.0,False,0.0,0.0,0.0,25.227201249283198,0.5505259122718116,41,bicycle,0.1,0.1,weighted_crc,segformer_b2_cityscapes,cityscapes_val_half,176
1.0,1000,False,0.0,0.0,1.0,0.834,83,159,0.0,False,0.0,0.0,0.0,25.227201249283198,0.5505259122718116,41,bicycle,0.2,0.1,weighted_crc,segformer_b2_cityscapes,cityscapes_val_half,176
1.0,1000,False,0.0,0.0,1.0,0.834,83,159,0.0,False,0.0,0.0,0.0,25.227201249283198,0.5505259122718116,41,bicycle,0.05,0.5,weighted_crc,segformer_b2_cityscapes,cityscapes_val_half,176
1.0,1000,False,0.0,0.0,1.0,0.834,83,159,0.0,False,0.0,0.0,0.0,25.227201249283198,0.5505259122718116,41,bicycle,0.1,0.5,weighted_crc,segformer_b2_cityscapes,cityscapes_val_half,176
1.0,1000,False,0.0,0.0,1.0,0.834,83,159,0.0,False,0.0,0.0,0.0,25.227201249283198,0.5505259122718116,41,bicycle,0.2,0.5,weighted_crc,segformer_b2_cityscapes,cityscapes_val_half,176
1.0,1000,False,0.0,0.0,1.0,0.66,170,334,0.0,False,0.0,0.0,0.0,25.61845924143432,0.474968586019791,42,person,0.05,0.1,weighted_crc,segformer_b2_cityscapes,cityscapes_val_half,204
1.0,1000,False,0.0,0.0,1.0,0.66,170,334,0.0,False,0.0,0.0,0.0,25.61845924143432,0.474968586019791,42,person,0.1,0.1,weighted_crc,segformer_b2_cityscapes,cityscapes_val_half,204
1.0,1000,False,0.0,0.0,1.0,0.66,170,334,0.0,False,0.0,0.0,0.0,25.61845924143432,0.474968586019791,42,person,0.2,0.1,weighted_crc,segformer_b2_cityscapes,cityscapes_val_half,204
1.0,1000,False,0.0,0.0,1.0,0.66,170,334,0.0,False,0.0,0.0,0.0,25.61845924143432,0.474968586019791,42,person,0.05,0.5,weighted_crc,segformer_b2_cityscapes,cityscapes_val_half,204
1.0,1000,False,0.0,0.0,1.0,0.66,170,334,0.0,False,0.0,0.0,0.0,25.61845924143432,0.474968586019791,42,person,0.1,0.5,weighted_crc,segformer_b2_cityscapes,cityscapes_val_half,204
1.0,1000,False,0.0,0.0,1.0,0.66,170,334,0.0,False,0.0,0.0,0.0,25.61845924143432,0.474968586019791,42,person,0.2,0.5,weighted_crc,segformer_b2_cityscapes,cityscapes_val_half,204
1.0,1000,False,0.0,0.0,1.0,0.944,28,38,0.0,False,0.0,0.0,0.0,6.9100896516702,0.5121245670565974,42,rider,0.05,0.1,weighted_crc,segformer_b2_cityscapes,cityscapes_val_half,124
1.0,1000,False,0.0,0.0,1.0,0.944,28,38,0.0,False,0.0,0.0,0.0,6.9100896516702,0.5121245670565974,42,rider,0.1,0.1,weighted_crc,segformer_b2_cityscapes,cityscapes_val_half,124
1.0,1000,False,0.0,0.0,1.0,0.944,28,38,0.0,False,0.0,0.0,0.0,6.9100896516702,0.5121245670565974,42,rider,0.2,0.1,weighted_crc,segformer_b2_cityscapes,cityscapes_val_half,124
1.0,1000,False,0.0,0.0,1.0,0.944,28,38,0.0,False,0.0,0.0,0.0,6.9100896516702,0.5121245670565974,42,rider,0.05,0.5,weighted_crc,segformer_b2_cityscapes,cityscapes_val_half,124
1.0,1000,False,0.0,0.0,1.0,0.944,28,38,0.0,False,0.0,0.0,0.0,6.9100896516702,0.5121245670565974,42,rider,0.1,0.5,weighted_crc,segformer_b2_cityscapes,cityscapes_val_half,124
1.0,1000,False,0.0,0.0,1.0,0.944,28,38,0.0,False,0.0,0.0,0.0,6.9100896516702,0.5121245670565974,42,rider,0.2,0.5,weighted_crc,segformer_b2_cityscapes,cityscapes_val_half,124
1.0,1000,False,0.0,0.0,1.0,0.834,83,159,0.0,False,0.0,0.0,0.0,23.958750101636813,0.5140071778421946,42,bicycle,0.05,0.1,weighted_crc,segformer_b2_cityscapes,cityscapes_val_half,172
1.0,1000,False,0.0,0.0,1.0,0.834,83,159,0.0,False,0.0,0.0,0.0,23.958750101636813,0.5140071778421946,42,bicycle,0.1,0.1,weighted_crc,segformer_b2_cityscapes,cityscapes_val_half,172
1.0,1000,False,0.0,0.0,1.0,0.834,83,159,0.0,False,0.0,0.0,0.0,23.958750101636813,0.5140071778421946,42,bicycle,0.2,0.1,weighted_crc,segformer_b2_cityscapes,cityscapes_val_half,172
1.0,1000,False,0.0,0.0,1.0,0.834,83,159,0.0,False,0.0,0.0,0.0,23.958750101636813,0.5140071778421946,42,bicycle,0.05,0.5,weighted_crc,segformer_b2_cityscapes,cityscapes_val_half,172
1.0,1000,False,0.0,0.0,1.0,0.834,83,159,0.0,False,0.0,0.0,0.0,23.958750101636813,0.5140071778421946,42,bicycle,0.1,0.5,weighted_crc,segformer_b2_cityscapes,cityscapes_val_half,172
1.0,1000,False,0.0,0.0,1.0,0.834,83,159,0.0,False,0.0,0.0,0.0,23.958750101636813,0.5140071778421946,42,bicycle,0.2,0.5,weighted_crc,segformer_b2_cityscapes,cityscapes_val_half,172
1.0,1000,False,0.0,0.0,1.0,0.66,170,334,0.0,False,0.0,0.0,0.0,60.77718112476498,0.5349687938567065,43,person,0.05,0.1,weighted_crc,segformer_b2_cityscapes,cityscapes_val_half,201
1.0,1000,False,0.0,0.0,1.0,0.66,170,334,0.0,False,0.0,0.0,0.0,60.77718112476498,0.5349687938567065,43,person,0.1,0.1,weighted_crc,segformer_b2_cityscapes,cityscapes_val_half,201
1.0,1000,False,0.0,0.0,1.0,0.66,170,334,0.0,False,0.0,0.0,0.0,60.77718112476498,0.5349687938567065,43,person,0.2,0.1,weighted_crc,segformer_b2_cityscapes,cityscapes_val_half,201
1.0,1000,False,0.0,0.0,1.0,0.66,170,334,0.0,False,0.0,0.0,0.0,60.77718112476498,0.5349687938567065,43,person,0.05,0.5,weighted_crc,segformer_b2_cityscapes,cityscapes_val_half,201
1.0,1000,False,0.0,0.0,1.0,0.66,170,334,0.0,False,0.0,0.0,0.0,60.77718112476498,0.5349687938567065,43,person,0.1,0.5,weighted_crc,segformer_b2_cityscapes,cityscapes_val_half,201
1.0,1000,False,0.0,0.0,1.0,0.66,170,334,0.0,False,0.0,0.0,0.0,60.77718112476498,0.5349687938567065,43,person,0.2,0.5,weighted_crc,segformer_b2_cityscapes,cityscapes_val_half,201
1.0,1000,False,0.0,0.0,1.0,0.944,28,38,0.0,False,0.0,0.0,0.0,27.593005934434288,0.6243629717705783,43,rider,0.05,0.1,weighted_crc,segformer_b2_cityscapes,cityscapes_val_half,119
1.0,1000,False,0.0,0.0,1.0,0.944,28,38,0.0,False,0.0,0.0,0.0,27.593005934434288,0.6243629717705783,43,rider,0.1,0.1,weighted_crc,segformer_b2_cityscapes,cityscapes_val_half,119
1.0,1000,False,0.0,0.0,1.0,0.944,28,38,0.0,False,0.0,0.0,0.0,27.593005934434288,0.6243629717705783,43,rider,0.2,0.1,weighted_crc,segformer_b2_cityscapes,cityscapes_val_half,119
1.0,1000,False,0.0,0.0,1.0,0.944,28,38,0.0,False,0.0,0.0,0.0,27.593005934434288,0.6243629717705783,43,rider,0.05,0.5,weighted_crc,segformer_b2_cityscapes,cityscapes_val_half,119
1.0,1000,False,0.0,0.0,1.0,0.944,28,38,0.0,False,0.0,0.0,0.0,27.593005934434288,0.6243629717705783,43,rider,0.1,0.5,weighted_crc,segformer_b2_cityscapes,cityscapes_val_half,119
1.0,1000,False,0.0,0.0,1.0,0.944,28,38,0.0,False,0.0,0.0,0.0,27.593005934434288,0.6243629717705783,43,rider,0.2,0.5,weighted_crc,segformer_b2_cityscapes,cityscapes_val_half,119
1.0,1000,False,0.0,0.0,1.0,0.834,83,159,0.0,False,0.0,0.0,0.0,50.06568716112205,0.5634538374550987,43,bicycle,0.05,0.1,weighted_crc,segformer_b2_cityscapes,cityscapes_val_half,169
1.0,1000,False,0.0,0.0,1.0,0.834,83,159,0.0,False,0.0,0.0,0.0,50.06568716112205,0.5634538374550987,43,bicycle,0.1,0.1,weighted_crc,segformer_b2_cityscapes,cityscapes_val_half,169
1.0,1000,False,0.0,0.0,1.0,0.834,83,159,0.0,False,0.0,0.0,0.0,50.06568716112205,0.5634538374550987,43,bicycle,0.2,0.1,weighted_crc,segformer_b2_cityscapes,cityscapes_val_half,169
1.0,1000,False,0.0,0.0,1.0,0.834,83,159,0.0,False,0.0,0.0,0.0,50.06568716112205,0.5634538374550987,43,bicycle,0.05,0.5,weighted_crc,segformer_b2_cityscapes,cityscapes_val_half,169
1.0,1000,False,0.0,0.0,1.0,0.834,83,159,0.0,False,0.0,0.0,0.0,50.06568716112205,0.5634538374550987,43,bicycle,0.1,0.5,weighted_crc,segformer_b2_cityscapes,cityscapes_val_half,169
1.0,1000,False,0.0,0.0,1.0,0.834,83,159,0.0,False,0.0,0.0,0.0,50.06568716112205,0.5634538374550987,43,bicycle,0.2,0.5,weighted_crc,segformer_b2_cityscapes,cityscapes_val_half,169
1.0,1000,False,0.0,0.0,1.0,0.66,170,334,0.0,False,0.0,0.0,0.0,36.423630766466616,0.5024416509872854,44,person,0.05,0.1,weighted_crc,segformer_b2_cityscapes,cityscapes_val_half,195
1.0,1000,False,0.0,0.0,1.0,0.66,170,334,0.0,False,0.0,0.0,0.0,36.423630766466616,0.5024416509872854,44,person,0.1,0.1,weighted_crc,segformer_b2_cityscapes,cityscapes_val_half,195
1.0,1000,False,0.0,0.0,1.0,0.66,170,334,0.0,False,0.0,0.0,0.0,36.423630766466616,0.5024416509872854,44,person,0.2,0.1,weighted_crc,segformer_b2_cityscapes,cityscapes_val_half,195
1.0,1000,False,0.0,0.0,1.0,0.66,170,334,0.0,False,0.0,0.0,0.0,36.423630766466616,0.5024416509872854,44,person,0.05,0.5,weighted_crc,segformer_b2_cityscapes,cityscapes_val_half,195
1.0,1000,False,0.0,0.0,1.0,0.66,170,334,0.0,False,0.0,0.0,0.0,36.423630766466616,0.5024416509872854,44,person,0.1,0.5,weighted_crc,segformer_b2_cityscapes,cityscapes_val_half,195
1.0,1000,False,0.0,0.0,1.0,0.66,170,334,0.0,False,0.0,0.0,0.0,36.423630766466616,0.5024416509872854,44,person,0.2,0.5,weighted_crc,segformer_b2_cityscapes,cityscapes_val_half,195
1.0,1000,False,0.0,0.0,1.0,0.944,28,38,0.0,False,0.0,0.0,0.0,21.23537767203309,0.6127131240121263,44,rider,0.05,0.1,weighted_crc,segformer_b2_cityscapes,cityscapes_val_half,118
1.0,1000,False,0.0,0.0,1.0,0.944,28,38,0.0,False,0.0,0.0,0.0,21.23537767203309,0.6127131240121263,44,rider,0.1,0.1,weighted_crc,segformer_b2_cityscapes,cityscapes_val_half,118
1.0,1000,False,0.0,0.0,1.0,0.944,28,38,0.0,False,0.0,0.0,0.0,21.23537767203309,0.6127131240121263,44,rider,0.2,0.1,weighted_crc,segformer_b2_cityscapes,cityscapes_val_half,118
1.0,1000,False,0.0,0.0,1.0,0.944,28,38,0.0,False,0.0,0.0,0.0,21.23537767203309,0.6127131240121263,44,rider,0.05,0.5,weighted_crc,segformer_b2_cityscapes,cityscapes_val_half,118
1.0,1000,False,0.0,0.0,1.0,0.944,28,38,0.0,False,0.0,0.0,0.0,21.23537767203309,0.6127131240121263,44,rider,0.1,0.5,weighted_crc,segformer_b2_cityscapes,cityscapes_val_half,118
1.0,1000,False,0.0,0.0,1.0,0.944,28,38,0.0,False,0.0,0.0,0.0,21.23537767203309,0.6127131240121263,44,rider,0.2,0.5,weighted_crc,segformer_b2_cityscapes,cityscapes_val_half,118
1.0,1000,False,0.0,0.0,1.0,0.834,83,159,0.0,False,0.0,0.0,0.0,37.08193229166679,0.5651212454101809,44,bicycle,0.05,0.1,weighted_crc,segformer_b2_cityscapes,cityscapes_val_half,169
1.0,1000,False,0.0,0.0,1.0,0.834,83,159,0.0,False,0.0,0.0,0.0,37.08193229166679,0.5651212454101809,44,bicycle,0.1,0.1,weighted_crc,segformer_b2_cityscapes,cityscapes_val_half,169
1.0,1000,False,0.0,0.0,1.0,0.834,83,159,0.0,False,0.0,0.0,0.0,37.08193229166679,0.5651212454101809,44,bicycle,0.2,0.1,weighted_crc,segformer_b2_cityscapes,cityscapes_val_half,169
1.0,1000,False,0.0,0.0,1.0,0.834,83,159,0.0,False,0.0,0.0,0.0,37.08193229166679,0.5651212454101809,44,bicycle,0.05,0.5,weighted_crc,segformer_b2_cityscapes,cityscapes_val_half,169
1.0,1000,False,0.0,0.0,1.0,0.834,83,159,0.0,False,0.0,0.0,0.0,37.08193229166679,0.5651212454101809,44,bicycle,0.1,0.5,weighted_crc,segformer_b2_cityscapes,cityscapes_val_half,169
1.0,1000,False,0.0,0.0,1.0,0.834,83,159,0.0,False,0.0,0.0,0.0,37.08193229166679,0.5651212454101809,44,bicycle,0.2,0.5,weighted_crc,segformer_b2_cityscapes,cityscapes_val_half,169
1.0,1000,False,0.0,0.0,1.0,0.66,170,334,0.0,False,0.0,0.0,0.0,61.79163045931213,0.5260368067748901,45,person,0.05,0.1,weighted_crc,segformer_b2_cityscapes,cityscapes_val_half,205
1.0,1000,False,0.0,0.0,1.0,0.66,170,334,0.0,False,0.0,0.0,0.0,61.79163045931213,0.5260368067748901,45,person,0.1,0.1,weighted_crc,segformer_b2_cityscapes,cityscapes_val_half,205
1.0,1000,False,0.0,0.0,1.0,0.66,170,334,0.0,False,0.0,0.0,0.0,61.79163045931213,0.5260368067748901,45,person,0.2,0.1,weighted_crc,segformer_b2_cityscapes,cityscapes_val_half,205
1.0,1000,False,0.0,0.0,1.0,0.66,170,334,0.0,False,0.0,0.0,0.0,61.79163045931213,0.5260368067748901,45,person,0.05,0.5,weighted_crc,segformer_b2_cityscapes,cityscapes_val_half,205
1.0,1000,False,0.0,0.0,1.0,0.66,170,334,0.0,False,0.0,0.0,0.0,61.79163045931213,0.5260368067748901,45,person,0.1,0.5,weighted_crc,segformer_b2_cityscapes,cityscapes_val_half,205
1.0,1000,False,0.0,0.0,1.0,0.66,170,334,0.0,False,0.0,0.0,0.0,61.79163045931213,0.5260368067748901,45,person,0.2,0.5,weighted_crc,segformer_b2_cityscapes,cityscapes_val_half,205
1.0,1000,False,0.0,0.0,1.0,0.944,28,38,0.0,False,0.0,0.0,0.0,24.11931975944966,0.623822187261456,45,rider,0.05,0.1,weighted_crc,segformer_b2_cityscapes,cityscapes_val_half,128
1.0,1000,False,0.0,0.0,1.0,0.944,28,38,0.0,False,0.0,0.0,0.0,24.11931975944966,0.623822187261456,45,rider,0.1,0.1,weighted_crc,segformer_b2_cityscapes,cityscapes_val_half,128
1.0,1000,False,0.0,0.0,1.0,0.944,28,38,0.0,False,0.0,0.0,0.0,24.11931975944966,0.623822187261456,45,rider,0.2,0.1,weighted_crc,segformer_b2_cityscapes,cityscapes_val_half,128
1.0,1000,False,0.0,0.0,1.0,0.944,28,38,0.0,False,0.0,0.0,0.0,24.11931975944966,0.623822187261456,45,rider,0.05,0.5,weighted_crc,segformer_b2_cityscapes,cityscapes_val_half,128
1.0,1000,False,0.0,0.0,1.0,0.944,28,38,0.0,False,0.0,0.0,0.0,24.11931975944966,0.623822187261456,45,rider,0.1,0.5,weighted_crc,segformer_b2_cityscapes,cityscapes_val_half,128
1.0,1000,False,0.0,0.0,1.0,0.944,28,38,0.0,False,0.0,0.0,0.0,24.11931975944966,0.623822187261456,45,rider,0.2,0.5,weighted_crc,segformer_b2_cityscapes,cityscapes_val_half,128
1.0,1000,False,0.0,0.0,1.0,0.834,83,159,0.0,False,0.0,0.0,0.0,49.59796950835809,0.5831448268207431,45,bicycle,0.05,0.1,weighted_crc,segformer_b2_cityscapes,cityscapes_val_half,168
1.0,1000,False,0.0,0.0,1.0,0.834,83,159,0.0,False,0.0,0.0,0.0,49.59796950835809,0.5831448268207431,45,bicycle,0.1,0.1,weighted_crc,segformer_b2_cityscapes,cityscapes_val_half,168
1.0,1000,False,0.0,0.0,1.0,0.834,83,159,0.0,False,0.0,0.0,0.0,49.59796950835809,0.5831448268207431,45,bicycle,0.2,0.1,weighted_crc,segformer_b2_cityscapes,cityscapes_val_half,168
1.0,1000,False,0.0,0.0,1.0,0.834,83,159,0.0,False,0.0,0.0,0.0,49.59796950835809,0.5831448268207431,45,bicycle,0.05,0.5,weighted_crc,segformer_b2_cityscapes,cityscapes_val_half,168
1.0,1000,False,0.0,0.0,1.0,0.834,83,159,0.0,False,0.0,0.0,0.0,49.59796950835809,0.5831448268207431,45,bicycle,0.1,0.5,weighted_crc,segformer_b2_cityscapes,cityscapes_val_half,168
1.0,1000,False,0.0,0.0,1.0,0.834,83,159,0.0,False,0.0,0.0,0.0,49.59796950835809,0.5831448268207431,45,bicycle,0.2,0.5,weighted_crc,segformer_b2_cityscapes,cityscapes_val_half,168
1.0,1000,False,0.0,0.0,1.0,0.66,170,334,0.0,False,0.0,0.0,0.0,54.461571655581906,0.5330593947369962,46,person,0.05,0.1,weighted_crc,segformer_b2_cityscapes,cityscapes_val_half,209
1.0,1000,False,0.0,0.0,1.0,0.66,170,334,0.0,False,0.0,0.0,0.0,54.461571655581906,0.5330593947369962,46,person,0.1,0.1,weighted_crc,segformer_b2_cityscapes,cityscapes_val_half,209
1.0,1000,False,0.0,0.0,1.0,0.66,170,334,0.0,False,0.0,0.0,0.0,54.461571655581906,0.5330593947369962,46,person,0.2,0.1,weighted_crc,segformer_b2_cityscapes,cityscapes_val_half,209
1.0,1000,False,0.0,0.0,1.0,0.66,170,334,0.0,False,0.0,0.0,0.0,54.461571655581906,0.5330593947369962,46,person,0.05,0.5,weighted_crc,segformer_b2_cityscapes,cityscapes_val_half,209
1.0,1000,False,0.0,0.0,1.0,0.66,170,334,0.0,False,0.0,0.0,0.0,54.461571655581906,0.5330593947369962,46,person,0.1,0.5,weighted_crc,segformer_b2_cityscapes,cityscapes_val_half,209
1.0,1000,False,0.0,0.0,1.0,0.66,170,334,0.0,False,0.0,0.0,0.0,54.461571655581906,0.5330593947369962,46,person,0.2,0.5,weighted_crc,segformer_b2_cityscapes,cityscapes_val_half,209
1.0,1000,False,0.0,0.0,1.0,0.944,28,38,0.0,False,0.0,0.0,0.0,35.85140696551508,0.6333019294024581,46,rider,0.05,0.1,weighted_crc,segformer_b2_cityscapes,cityscapes_val_half,130
1.0,1000,False,0.0,0.0,1.0,0.944,28,38,0.0,False,0.0,0.0,0.0,35.85140696551508,0.6333019294024581,46,rider,0.1,0.1,weighted_crc,segformer_b2_cityscapes,cityscapes_val_half,130
1.0,1000,False,0.0,0.0,1.0,0.944,28,38,0.0,False,0.0,0.0,0.0,35.85140696551508,0.6333019294024581,46,rider,0.2,0.1,weighted_crc,segformer_b2_cityscapes,cityscapes_val_half,130
1.0,1000,False,0.0,0.0,1.0,0.944,28,38,0.0,False,0.0,0.0,0.0,35.85140696551508,0.6333019294024581,46,rider,0.05,0.5,weighted_crc,segformer_b2_cityscapes,cityscapes_val_half,130
1.0,1000,False,0.0,0.0,1.0,0.944,28,38,0.0,False,0.0,0.0,0.0,35.85140696551508,0.6333019294024581,46,rider,0.1,0.5,weighted_crc,segformer_b2_cityscapes,cityscapes_val_half,130
1.0,1000,False,0.0,0.0,1.0,0.944,28,38,0.0,False,0.0,0.0,0.0,35.85140696551508,0.6333019294024581,46,rider,0.2,0.5,weighted_crc,segformer_b2_cityscapes,cityscapes_val_half,130
1.0,1000,False,0.0,0.0,1.0,0.834,83,159,0.0,False,0.0,0.0,0.0,38.57164248366292,0.5662261136763267,46,bicycle,0.05,0.1,weighted_crc,segformer_b2_cityscapes,cityscapes_val_half,179
1.0,1000,False,0.0,0.0,1.0,0.834,83,159,0.0,False,0.0,0.0,0.0,38.57164248366292,0.5662261136763267,46,bicycle,0.1,0.1,weighted_crc,segformer_b2_cityscapes,cityscapes_val_half,179
1.0,1000,False,0.0,0.0,1.0,0.834,83,159,0.0,False,0.0,0.0,0.0,38.57164248366292,0.5662261136763267,46,bicycle,0.2,0.1,weighted_crc,segformer_b2_cityscapes,cityscapes_val_half,179
1.0,1000,False,0.0,0.0,1.0,0.834,83,159,0.0,False,0.0,0.0,0.0,38.57164248366292,0.5662261136763267,46,bicycle,0.05,0.5,weighted_crc,segformer_b2_cityscapes,cityscapes_val_half,179
1.0,1000,False,0.0,0.0,1.0,0.834,83,159,0.0,False,0.0,0.0,0.0,38.57164248366292,0.5662261136763267,46,bicycle,0.1,0.5,weighted_crc,segformer_b2_cityscapes,cityscapes_val_half,179
1.0,1000,False,0.0,0.0,1.0,0.834,83,159,0.0,False,0.0,0.0,0.0,38.57164248366292,0.5662261136763267,46,bicycle,0.2,0.5,weighted_crc,segformer_b2_cityscapes,cityscapes_val_half,179
1.0,1000,False,0.0,0.0,1.0,0.66,170,334,0.0,False,0.0,0.0,0.0,48.314033500528524,0.516429724023784,47,person,0.05,0.1,weighted_crc,segformer_b2_cityscapes,cityscapes_val_half,201
1.0,1000,False,0.0,0.0,1.0,0.66,170,334,0.0,False,0.0,0.0,0.0,48.314033500528524,0.516429724023784,47,person,0.1,0.1,weighted_crc,segformer_b2_cityscapes,cityscapes_val_half,201
1.0,1000,False,0.0,0.0,1.0,0.66,170,334,0.0,False,0.0,0.0,0.0,48.314033500528524,0.516429724023784,47,person,0.2,0.1,weighted_crc,segformer_b2_cityscapes,cityscapes_val_half,201
1.0,1000,False,0.0,0.0,1.0,0.66,170,334,0.0,False,0.0,0.0,0.0,48.314033500528524,0.516429724023784,47,person,0.05,0.5,weighted_crc,segformer_b2_cityscapes,cityscapes_val_half,201
1.0,1000,False,0.0,0.0,1.0,0.66,170,334,0.0,False,0.0,0.0,0.0,48.314033500528524,0.516429724023784,47,person,0.1,0.5,weighted_crc,segformer_b2_cityscapes,cityscapes_val_half,201
1.0,1000,False,0.0,0.0,1.0,0.66,170,334,0.0,False,0.0,0.0,0.0,48.314033500528524,0.516429724023784,47,person,0.2,0.5,weighted_crc,segformer_b2_cityscapes,cityscapes_val_half,201
1.0,1000,False,0.0,0.0,1.0,0.944,28,38,0.0,False,0.0,0.0,0.0,21.82089301207859,0.6140383909820041,47,rider,0.05,0.1,weighted_crc,segformer_b2_cityscapes,cityscapes_val_half,111
1.0,1000,False,0.0,0.0,1.0,0.944,28,38,0.0,False,0.0,0.0,0.0,21.82089301207859,0.6140383909820041,47,rider,0.1,0.1,weighted_crc,segformer_b2_cityscapes,cityscapes_val_half,111
1.0,1000,False,0.0,0.0,1.0,0.944,28,38,0.0,False,0.0,0.0,0.0,21.82089301207859,0.6140383909820041,47,rider,0.2,0.1,weighted_crc,segformer_b2_cityscapes,cityscapes_val_half,111
1.0,1000,False,0.0,0.0,1.0,0.944,28,38,0.0,False,0.0,0.0,0.0,21.82089301207859,0.6140383909820041,47,rider,0.05,0.5,weighted_crc,segformer_b2_cityscapes,cityscapes_val_half,111
1.0,1000,False,0.0,0.0,1.0,0.944,28,38,0.0,False,0.0,0.0,0.0,21.82089301207859,0.6140383909820041,47,rider,0.1,0.5,weighted_crc,segformer_b2_cityscapes,cityscapes_val_half,111
1.0,1000,False,0.0,0.0,1.0,0.944,28,38,0.0,False,0.0,0.0,0.0,21.82089301207859,0.6140383909820041,47,rider,0.2,0.5,weighted_crc,segformer_b2_cityscapes,cityscapes_val_half,111
1.0,1000,False,0.0,0.0,1.0,0.834,83,159,0.0,False,0.0,0.0,0.0,39.77193457706847,0.5613515169833837,47,bicycle,0.05,0.1,weighted_crc,segformer_b2_cityscapes,cityscapes_val_half,164
1.0,1000,False,0.0,0.0,1.0,0.834,83,159,0.0,False,0.0,0.0,0.0,39.77193457706847,0.5613515169833837,47,bicycle,0.1,0.1,weighted_crc,segformer_b2_cityscapes,cityscapes_val_half,164
1.0,1000,False,0.0,0.0,1.0,0.834,83,159,0.0,False,0.0,0.0,0.0,39.77193457706847,0.5613515169833837,47,bicycle,0.2,0.1,weighted_crc,segformer_b2_cityscapes,cityscapes_val_half,164
1.0,1000,False,0.0,0.0,1.0,0.834,83,159,0.0,False,0.0,0.0,0.0,39.77193457706847,0.5613515169833837,47,bicycle,0.05,0.5,weighted_crc,segformer_b2_cityscapes,cityscapes_val_half,164
1.0,1000,False,0.0,0.0,1.0,0.834,83,159,0.0,False,0.0,0.0,0.0,39.77193457706847,0.5613515169833837,47,bicycle,0.1,0.5,weighted_crc,segformer_b2_cityscapes,cityscapes_val_half,164
1.0,1000,False,0.0,0.0,1.0,0.834,83,159,0.0,False,0.0,0.0,0.0,39.77193457706847,0.5613515169833837,47,bicycle,0.2,0.5,weighted_crc,segformer_b2_cityscapes,cityscapes_val_half,164
1.0,1000,False,0.0,0.0,1.0,0.66,170,334,0.0,False,0.0,0.0,0.0,56.57859992760172,0.5318485063391614,48,person,0.05,0.1,weighted_crc,segformer_b2_cityscapes,cityscapes_val_half,197
1.0,1000,False,0.0,0.0,1.0,0.66,170,334,0.0,False,0.0,0.0,0.0,56.57859992760172,0.5318485063391614,48,person,0.1,0.1,weighted_crc,segformer_b2_cityscapes,cityscapes_val_half,197
1.0,1000,False,0.0,0.0,1.0,0.66,170,334,0.0,False,0.0,0.0,0.0,56.57859992760172,0.5318485063391614,48,person,0.2,0.1,weighted_crc,segformer_b2_cityscapes,cityscapes_val_half,197
1.0,1000,False,0.0,0.0,1.0,0.66,170,334,0.0,False,0.0,0.0,0.0,56.57859992760172,0.5318485063391614,48,person,0.05,0.5,weighted_crc,segformer_b2_cityscapes,cityscapes_val_half,197
1.0,1000,False,0.0,0.0,1.0,0.66,170,334,0.0,False,0.0,0.0,0.0,56.57859992760172,0.5318485063391614,48,person,0.1,0.5,weighted_crc,segformer_b2_cityscapes,cityscapes_val_half,197
1.0,1000,False,0.0,0.0,1.0,0.66,170,334,0.0,False,0.0,0.0,0.0,56.57859992760172,0.5318485063391614,48,person,0.2,0.5,weighted_crc,segformer_b2_cityscapes,cityscapes_val_half,197
1.0,1000,False,0.0,0.0,1.0,0.944,28,38,0.0,False,0.0,0.0,0.0,27.23103004995642,0.6141641352429084,48,rider,0.05,0.1,weighted_crc,segformer_b2_cityscapes,cityscapes_val_half,124
1.0,1000,False,0.0,0.0,1.0,0.944,28,38,0.0,False,0.0,0.0,0.0,27.23103004995642,0.6141641352429084,48,rider,0.1,0.1,weighted_crc,segformer_b2_cityscapes,cityscapes_val_half,124
1.0,1000,False,0.0,0.0,1.0,0.944,28,38,0.0,False,0.0,0.0,0.0,27.23103004995642,0.6141641352429084,48,rider,0.2,0.1,weighted_crc,segformer_b2_cityscapes,cityscapes_val_half,124
1.0,1000,False,0.0,0.0,1.0,0.944,28,38,0.0,False,0.0,0.0,0.0,27.23103004995642,0.6141641352429084,48,rider,0.05,0.5,weighted_crc,segformer_b2_cityscapes,cityscapes_val_half,124
1.0,1000,False,0.0,0.0,1.0,0.944,28,38,0.0,False,0.0,0.0,0.0,27.23103004995642,0.6141641352429084,48,rider,0.1,0.5,weighted_crc,segformer_b2_cityscapes,cityscapes_val_half,124
1.0,1000,False,0.0,0.0,1.0,0.944,28,38,0.0,False,0.0,0.0,0.0,27.23103004995642,0.6141641352429084,48,rider,0.2,0.5,weighted_crc,segformer_b2_cityscapes,cityscapes_val_half,124
1.0,1000,False,0.0,0.0,1.0,0.834,83,159,0.0,False,0.0,0.0,0.0,45.47729381713441,0.5621941732996054,48,bicycle,0.05,0.1,weighted_crc,segformer_b2_cityscapes,cityscapes_val_half,165
1.0,1000,False,0.0,0.0,1.0,0.834,83,159,0.0,False,0.0,0.0,0.0,45.47729381713441,0.5621941732996054,48,bicycle,0.1,0.1,weighted_crc,segformer_b2_cityscapes,cityscapes_val_half,165
1.0,1000,False,0.0,0.0,1.0,0.834,83,159,0.0,False,0.0,0.0,0.0,45.47729381713441,0.5621941732996054,48,bicycle,0.2,0.1,weighted_crc,segformer_b2_cityscapes,cityscapes_val_half,165
1.0,1000,False,0.0,0.0,1.0,0.834,83,159,0.0,False,0.0,0.0,0.0,45.47729381713441,0.5621941732996054,48,bicycle,0.05,0.5,weighted_crc,segformer_b2_cityscapes,cityscapes_val_half,165
1.0,1000,False,0.0,0.0,1.0,0.834,83,159,0.0,False,0.0,0.0,0.0,45.47729381713441,0.5621941732996054,48,bicycle,0.1,0.5,weighted_crc,segformer_b2_cityscapes,cityscapes_val_half,165
1.0,1000,False,0.0,0.0,1.0,0.834,83,159,0.0,False,0.0,0.0,0.0,45.47729381713441,0.5621941732996054,48,bicycle,0.2,0.5,weighted_crc,segformer_b2_cityscapes,cityscapes_val_half,165
1.0,1000,False,0.0,0.0,1.0,0.66,170,334,0.0,False,0.0,0.0,0.0,34.71441667215077,0.5204480451131228,49,person,0.05,0.1,weighted_crc,segformer_b2_cityscapes,cityscapes_val_half,198
1.0,1000,False,0.0,0.0,1.0,0.66,170,334,0.0,False,0.0,0.0,0.0,34.71441667215077,0.5204480451131228,49,person,0.1,0.1,weighted_crc,segformer_b2_cityscapes,cityscapes_val_half,198
1.0,1000,False,0.0,0.0,1.0,0.66,170,334,0.0,False,0.0,0.0,0.0,34.71441667215077,0.5204480451131228,49,person,0.2,0.1,weighted_crc,segformer_b2_cityscapes,cityscapes_val_half,198
1.0,1000,False,0.0,0.0,1.0,0.66,170,334,0.0,False,0.0,0.0,0.0,34.71441667215077,0.5204480451131228,49,person,0.05,0.5,weighted_crc,segformer_b2_cityscapes,cityscapes_val_half,198
1.0,1000,False,0.0,0.0,1.0,0.66,170,334,0.0,False,0.0,0.0,0.0,34.71441667215077,0.5204480451131228,49,person,0.1,0.5,weighted_crc,segformer_b2_cityscapes,cityscapes_val_half,198
1.0,1000,False,0.0,0.0,1.0,0.66,170,334,0.0,False,0.0,0.0,0.0,34.71441667215077,0.5204480451131228,49,person,0.2,0.5,weighted_crc,segformer_b2_cityscapes,cityscapes_val_half,198
1.0,1000,False,0.0,0.0,1.0,0.944,28,38,0.0,False,0.0,0.0,0.0,13.932439695705918,0.589186609329039,49,rider,0.05,0.1,weighted_crc,segformer_b2_cityscapes,cityscapes_val_half,123
1.0,1000,False,0.0,0.0,1.0,0.944,28,38,0.0,False,0.0,0.0,0.0,13.932439695705918,0.589186609329039,49,rider,0.1,0.1,weighted_crc,segformer_b2_cityscapes,cityscapes_val_half,123
1.0,1000,False,0.0,0.0,1.0,0.944,28,38,0.0,False,0.0,0.0,0.0,13.932439695705918,0.589186609329039,49,rider,0.2,0.1,weighted_crc,segformer_b2_cityscapes,cityscapes_val_half,123
1.0,1000,False,0.0,0.0,1.0,0.944,28,38,0.0,False,0.0,0.0,0.0,13.932439695705918,0.589186609329039,49,rider,0.05,0.5,weighted_crc,segformer_b2_cityscapes,cityscapes_val_half,123
1.0,1000,False,0.0,0.0,1.0,0.944,28,38,0.0,False,0.0,0.0,0.0,13.932439695705918,0.589186609329039,49,rider,0.1,0.5,weighted_crc,segformer_b2_cityscapes,cityscapes_val_half,123
1.0,1000,False,0.0,0.0,1.0,0.944,28,38,0.0,False,0.0,0.0,0.0,13.932439695705918,0.589186609329039,49,rider,0.2,0.5,weighted_crc,segformer_b2_cityscapes,cityscapes_val_half,123
1.0,1000,False,0.0,0.0,1.0,0.834,83,159,0.0,False,0.0,0.0,0.0,18.0775435184764,0.5127867729717445,49,bicycle,0.05,0.1,weighted_crc,segformer_b2_cityscapes,cityscapes_val_half,174
1.0,1000,False,0.0,0.0,1.0,0.834,83,159,0.0,False,0.0,0.0,0.0,18.0775435184764,0.5127867729717445,49,bicycle,0.1,0.1,weighted_crc,segformer_b2_cityscapes,cityscapes_val_half,174
1.0,1000,False,0.0,0.0,1.0,0.834,83,159,0.0,False,0.0,0.0,0.0,18.0775435184764,0.5127867729717445,49,bicycle,0.2,0.1,weighted_crc,segformer_b2_cityscapes,cityscapes_val_half,174
1.0,1000,False,0.0,0.0,1.0,0.834,83,159,0.0,False,0.0,0.0,0.0,18.0775435184764,0.5127867729717445,49,bicycle,0.05,0.5,weighted_crc,segformer_b2_cityscapes,cityscapes_val_half,174
1.0,1000,False,0.0,0.0,1.0,0.834,83,159,0.0,False,0.0,0.0,0.0,18.0775435184764,0.5127867729717445,49,bicycle,0.1,0.5,weighted_crc,segformer_b2_cityscapes,cityscapes_val_half,174
1.0,1000,False,0.0,0.0,1.0,0.834,83,159,0.0,False,0.0,0.0,0.0,18.0775435184764,0.5127867729717445,49,bicycle,0.2,0.5,weighted_crc,segformer_b2_cityscapes,cityscapes_val_half,174
1.0,1000,False,0.0,0.0,1.0,0.66,170,334,0.0,False,0.0,0.0,0.0,61.22438629703722,0.5506998543026831,50,person,0.05,0.1,weighted_crc,segformer_b2_cityscapes,cityscapes_val_half,197
1.0,1000,False,0.0,0.0,1.0,0.66,170,334,0.0,False,0.0,0.0,0.0,61.22438629703722,0.5506998543026831,50,person,0.1,0.1,weighted_crc,segformer_b2_cityscapes,cityscapes_val_half,197
1.0,1000,False,0.0,0.0,1.0,0.66,170,334,0.0,False,0.0,0.0,0.0,61.22438629703722,0.5506998543026831,50,person,0.2,0.1,weighted_crc,segformer_b2_cityscapes,cityscapes_val_half,197
1.0,1000,False,0.0,0.0,1.0,0.66,170,334,0.0,False,0.0,0.0,0.0,61.22438629703722,0.5506998543026831,50,person,0.05,0.5,weighted_crc,segformer_b2_cityscapes,cityscapes_val_half,197
1.0,1000,False,0.0,0.0,1.0,0.66,170,334,0.0,False,0.0,0.0,0.0,61.22438629703722,0.5506998543026831,50,person,0.1,0.5,weighted_crc,segformer_b2_cityscapes,cityscapes_val_half,197
1.0,1000,False,0.0,0.0,1.0,0.66,170,334,0.0,False,0.0,0.0,0.0,61.22438629703722,0.5506998543026831,50,person,0.2,0.5,weighted_crc,segformer_b2_cityscapes,cityscapes_val_half,197
1.0,1000,False,0.0,0.0,1.0,0.944,28,38,0.0,False,0.0,0.0,0.0,21.4194780287873,0.6232872780271318,50,rider,0.05,0.1,weighted_crc,segformer_b2_cityscapes,cityscapes_val_half,120
1.0,1000,False,0.0,0.0,1.0,0.944,28,38,0.0,False,0.0,0.0,0.0,21.4194780287873,0.6232872780271318,50,rider,0.1,0.1,weighted_crc,segformer_b2_cityscapes,cityscapes_val_half,120
1.0,1000,False,0.0,0.0,1.0,0.944,28,38,0.0,False,0.0,0.0,0.0,21.4194780287873,0.6232872780271318,50,rider,0.2,0.1,weighted_crc,segformer_b2_cityscapes,cityscapes_val_half,120
1.0,1000,False,0.0,0.0,1.0,0.944,28,38,0.0,False,0.0,0.0,0.0,21.4194780287873,0.6232872780271318,50,rider,0.05,0.5,weighted_crc,segformer_b2_cityscapes,cityscapes_val_half,120
1.0,1000,False,0.0,0.0,1.0,0.944,28,38,0.0,False,0.0,0.0,0.0,21.4194780287873,0.6232872780271318,50,rider,0.1,0.5,weighted_crc,segformer_b2_cityscapes,cityscapes_val_half,120
1.0,1000,False,0.0,0.0,1.0,0.944,28,38,0.0,False,0.0,0.0,0.0,21.4194780287873,0.6232872780271318,50,rider,0.2,0.5,weighted_crc,segformer_b2_cityscapes,cityscapes_val_half,120
1.0,1000,False,0.0,0.0,1.0,0.834,83,159,0.0,False,0.0,0.0,0.0,41.72652203472378,0.5718028042728998,50,bicycle,0.05,0.1,weighted_crc,segformer_b2_cityscapes,cityscapes_val_half,168
1.0,1000,False,0.0,0.0,1.0,0.834,83,159,0.0,False,0.0,0.0,0.0,41.72652203472378,0.5718028042728998,50,bicycle,0.1,0.1,weighted_crc,segformer_b2_cityscapes,cityscapes_val_half,168
1.0,1000,False,0.0,0.0,1.0,0.834,83,159,0.0,False,0.0,0.0,0.0,41.72652203472378,0.5718028042728998,50,bicycle,0.2,0.1,weighted_crc,segformer_b2_cityscapes,cityscapes_val_half,168
1.0,1000,False,0.0,0.0,1.0,0.834,83,159,0.0,False,0.0,0.0,0.0,41.72652203472378,0.5718028042728998,50,bicycle,0.05,0.5,weighted_crc,segformer_b2_cityscapes,cityscapes_val_half,168
1.0,1000,False,0.0,0.0,1.0,0.834,83,159,0.0,False,0.0,0.0,0.0,41.72652203472378,0.5718028042728998,50,bicycle,0.1,0.5,weighted_crc,segformer_b2_cityscapes,cityscapes_val_half,168
1.0,1000,False,0.0,0.0,1.0,0.834,83,159,0.0,False,0.0,0.0,0.0,41.72652203472378,0.5718028042728998,50,bicycle,0.2,0.5,weighted_crc,segformer_b2_cityscapes,cityscapes_val_half,168
1.0,1000,False,0.0,0.0,1.0,0.66,170,334,0.0,False,0.0,0.0,0.0,46.681635387486956,0.5368808644710358,51,person,0.05,0.1,weighted_crc,segformer_b2_cityscapes,cityscapes_val_half,198
1.0,1000,False,0.0,0.0,1.0,0.66,170,334,0.0,False,0.0,0.0,0.0,46.681635387486956,0.5368808644710358,51,person,0.1,0.1,weighted_crc,segformer_b2_cityscapes,cityscapes_val_half,198
1.0,1000,False,0.0,0.0,1.0,0.66,170,334,0.0,False,0.0,0.0,0.0,46.681635387486956,0.5368808644710358,51,person,0.2,0.1,weighted_crc,segformer_b2_cityscapes,cityscapes_val_half,198
1.0,1000,False,0.0,0.0,1.0,0.66,170,334,0.0,False,0.0,0.0,0.0,46.681635387486956,0.5368808644710358,51,person,0.05,0.5,weighted_crc,segformer_b2_cityscapes,cityscapes_val_half,198
1.0,1000,False,0.0,0.0,1.0,0.66,170,334,0.0,False,0.0,0.0,0.0,46.681635387486956,0.5368808644710358,51,person,0.1,0.5,weighted_crc,segformer_b2_cityscapes,cityscapes_val_half,198
1.0,1000,False,0.0,0.0,1.0,0.66,170,334,0.0,False,0.0,0.0,0.0,46.681635387486956,0.5368808644710358,51,person,0.2,0.5,weighted_crc,segformer_b2_cityscapes,cityscapes_val_half,198
1.0,1000,False,0.0,0.0,1.0,0.944,28,38,0.0,False,0.0,0.0,0.0,18.453623285675874,0.5926308628197452,51,rider,0.05,0.1,weighted_crc,segformer_b2_cityscapes,cityscapes_val_half,121
1.0,1000,False,0.0,0.0,1.0,0.944,28,38,0.0,False,0.0,0.0,0.0,18.453623285675874,0.5926308628197452,51,rider,0.1,0.1,weighted_crc,segformer_b2_cityscapes,cityscapes_val_half,121
1.0,1000,False,0.0,0.0,1.0,0.944,28,38,0.0,False,0.0,0.0,0.0,18.453623285675874,0.5926308628197452,51,rider,0.2,0.1,weighted_crc,segformer_b2_cityscapes,cityscapes_val_half,121
1.0,1000,False,0.0,0.0,1.0,0.944,28,38,0.0,False,0.0,0.0,0.0,18.453623285675874,0.5926308628197452,51,rider,0.05,0.5,weighted_crc,segformer_b2_cityscapes,cityscapes_val_half,121
1.0,1000,False,0.0,0.0,1.0,0.944,28,38,0.0,False,0.0,0.0,0.0,18.453623285675874,0.5926308628197452,51,rider,0.1,0.5,weighted_crc,segformer_b2_cityscapes,cityscapes_val_half,121
1.0,1000,False,0.0,0.0,1.0,0.944,28,38,0.0,False,0.0,0.0,0.0,18.453623285675874,0.5926308628197452,51,rider,0.2,0.5,weighted_crc,segformer_b2_cityscapes,cityscapes_val_half,121
1.0,1000,False,0.0,0.0,1.0,0.834,83,159,0.0,False,0.0,0.0,0.0,33.11332321650818,0.5477818090944337,51,bicycle,0.05,0.1,weighted_crc,segformer_b2_cityscapes,cityscapes_val_half,169
1.0,1000,False,0.0,0.0,1.0,0.834,83,159,0.0,False,0.0,0.0,0.0,33.11332321650818,0.5477818090944337,51,bicycle,0.1,0.1,weighted_crc,segformer_b2_cityscapes,cityscapes_val_half,169
1.0,1000,False,0.0,0.0,1.0,0.834,83,159,0.0,False,0.0,0.0,0.0,33.11332321650818,0.5477818090944337,51,bicycle,0.2,0.1,weighted_crc,segformer_b2_cityscapes,cityscapes_val_half,169
1.0,1000,False,0.0,0.0,1.0,0.834,83,159,0.0,False,0.0,0.0,0.0,33.11332321650818,0.5477818090944337,51,bicycle,0.05,0.5,weighted_crc,segformer_b2_cityscapes,cityscapes_val_half,169
1.0,1000,False,0.0,0.0,1.0,0.834,83,159,0.0,False,0.0,0.0,0.0,33.11332321650818,0.5477818090944337,51,bicycle,0.1,0.5,weighted_crc,segformer_b2_cityscapes,cityscapes_val_half,169
1.0,1000,False,0.0,0.0,1.0,0.834,83,159,0.0,False,0.0,0.0,0.0,33.11332321650818,0.5477818090944337,51,bicycle,0.2,0.5,weighted_crc,segformer_b2_cityscapes,cityscapes_val_half,169
1.0,1000,False,0.0,0.0,1.0,0.66,170,334,0.0,False,0.0,0.0,0.0,38.613840744616034,0.5021050187728202,52,person,0.05,0.1,weighted_crc,segformer_b2_cityscapes,cityscapes_val_half,206
1.0,1000,False,0.0,0.0,1.0,0.66,170,334,0.0,False,0.0,0.0,0.0,38.613840744616034,0.5021050187728202,52,person,0.1,0.1,weighted_crc,segformer_b2_cityscapes,cityscapes_val_half,206
1.0,1000,False,0.0,0.0,1.0,0.66,170,334,0.0,False,0.0,0.0,0.0,38.613840744616034,0.5021050187728202,52,person,0.2,0.1,weighted_crc,segformer_b2_cityscapes,cityscapes_val_half,206
1.0,1000,False,0.0,0.0,1.0,0.66,170,334,0.0,False,0.0,0.0,0.0,38.613840744616034,0.5021050187728202,52,person,0.05,0.5,weighted_crc,segformer_b2_cityscapes,cityscapes_val_half,206
1.0,1000,False,0.0,0.0,1.0,0.66,170,334,0.0,False,0.0,0.0,0.0,38.613840744616034,0.5021050187728202,52,person,0.1,0.5,weighted_crc,segformer_b2_cityscapes,cityscapes_val_half,206
1.0,1000,False,0.0,0.0,1.0,0.66,170,334,0.0,False,0.0,0.0,0.0,38.613840744616034,0.5021050187728202,52,person,0.2,0.5,weighted_crc,segformer_b2_cityscapes,cityscapes_val_half,206
1.0,1000,False,0.0,0.0,1.0,0.944,28,38,0.0,False,0.0,0.0,0.0,10.688441354096337,0.5823905726292359,52,rider,0.05,0.1,weighted_crc,segformer_b2_cityscapes,cityscapes_val_half,129
1.0,1000,False,0.0,0.0,1.0,0.944,28,38,0.0,False,0.0,0.0,0.0,10.688441354096337,0.5823905726292359,52,rider,0.1,0.1,weighted_crc,segformer_b2_cityscapes,cityscapes_val_half,129
1.0,1000,False,0.0,0.0,1.0,0.944,28,38,0.0,False,0.0,0.0,0.0,10.688441354096337,0.5823905726292359,52,rider,0.2,0.1,weighted_crc,segformer_b2_cityscapes,cityscapes_val_half,129
1.0,1000,False,0.0,0.0,1.0,0.944,28,38,0.0,False,0.0,0.0,0.0,10.688441354096337,0.5823905726292359,52,rider,0.05,0.5,weighted_crc,segformer_b2_cityscapes,cityscapes_val_half,129
1.0,1000,False,0.0,0.0,1.0,0.944,28,38,0.0,False,0.0,0.0,0.0,10.688441354096337,0.5823905726292359,52,rider,0.1,0.5,weighted_crc,segformer_b2_cityscapes,cityscapes_val_half,129
1.0,1000,False,0.0,0.0,1.0,0.944,28,38,0.0,False,0.0,0.0,0.0,10.688441354096337,0.5823905726292359,52,rider,0.2,0.5,weighted_crc,segformer_b2_cityscapes,cityscapes_val_half,129
1.0,1000,False,0.0,0.0,1.0,0.834,83,159,0.0,False,0.0,0.0,0.0,36.545202224132595,0.564873582818872,52,bicycle,0.05,0.1,weighted_crc,segformer_b2_cityscapes,cityscapes_val_half,174
1.0,1000,False,0.0,0.0,1.0,0.834,83,159,0.0,False,0.0,0.0,0.0,36.545202224132595,0.564873582818872,52,bicycle,0.1,0.1,weighted_crc,segformer_b2_cityscapes,cityscapes_val_half,174
1.0,1000,False,0.0,0.0,1.0,0.834,83,159,0.0,False,0.0,0.0,0.0,36.545202224132595,0.564873582818872,52,bicycle,0.2,0.1,weighted_crc,segformer_b2_cityscapes,cityscapes_val_half,174
1.0,1000,False,0.0,0.0,1.0,0.834,83,159,0.0,False,0.0,0.0,0.0,36.545202224132595,0.564873582818872,52,bicycle,0.05,0.5,weighted_crc,segformer_b2_cityscapes,cityscapes_val_half,174
1.0,1000,False,0.0,0.0,1.0,0.834,83,159,0.0,False,0.0,0.0,0.0,36.545202224132595,0.564873582818872,52,bicycle,0.1,0.5,weighted_crc,segformer_b2_cityscapes,cityscapes_val_half,174
1.0,1000,False,0.0,0.0,1.0,0.834,83,159,0.0,False,0.0,0.0,0.0,36.545202224132595,0.564873582818872,52,bicycle,0.2,0.5,weighted_crc,segformer_b2_cityscapes,cityscapes_val_half,174
1.0,1000,False,0.0,0.0,1.0,0.66,170,334,0.0,False,0.0,0.0,0.0,50.22728493676957,0.5249350680492737,53,person,0.05,0.1,weighted_crc,segformer_b2_cityscapes,cityscapes_val_half,195
1.0,1000,False,0.0,0.0,1.0,0.66,170,334,0.0,False,0.0,0.0,0.0,50.22728493676957,0.5249350680492737,53,person,0.1,0.1,weighted_crc,segformer_b2_cityscapes,cityscapes_val_half,195
1.0,1000,False,0.0,0.0,1.0,0.66,170,334,0.0,False,0.0,0.0,0.0,50.22728493676957,0.5249350680492737,53,person,0.2,0.1,weighted_crc,segformer_b2_cityscapes,cityscapes_val_half,195
1.0,1000,False,0.0,0.0,1.0,0.66,170,334,0.0,False,0.0,0.0,0.0,50.22728493676957,0.5249350680492737,53,person,0.05,0.5,weighted_crc,segformer_b2_cityscapes,cityscapes_val_half,195
1.0,1000,False,0.0,0.0,1.0,0.66,170,334,0.0,False,0.0,0.0,0.0,50.22728493676957,0.5249350680492737,53,person,0.1,0.5,weighted_crc,segformer_b2_cityscapes,cityscapes_val_half,195
1.0,1000,False,0.0,0.0,1.0,0.66,170,334,0.0,False,0.0,0.0,0.0,50.22728493676957,0.5249350680492737,53,person,0.2,0.5,weighted_crc,segformer_b2_cityscapes,cityscapes_val_half,195
1.0,1000,False,0.0,0.0,1.0,0.944,28,38,0.0,False,0.0,0.0,0.0,17.411696324648297,0.5932931612629813,53,rider,0.05,0.1,weighted_crc,segformer_b2_cityscapes,cityscapes_val_half,118
1.0,1000,False,0.0,0.0,1.0,0.944,28,38,0.0,False,0.0,0.0,0.0,17.411696324648297,0.5932931612629813,53,rider,0.1,0.1,weighted_crc,segformer_b2_cityscapes,cityscapes_val_half,118
1.0,1000,False,0.0,0.0,1.0,0.944,28,38,0.0,False,0.0,0.0,0.0,17.411696324648297,0.5932931612629813,53,rider,0.2,0.1,weighted_crc,segformer_b2_cityscapes,cityscapes_val_half,118
1.0,1000,False,0.0,0.0,1.0,0.944,28,38,0.0,False,0.0,0.0,0.0,17.411696324648297,0.5932931612629813,53,rider,0.05,0.5,weighted_crc,segformer_b2_cityscapes,cityscapes_val_half,118
1.0,1000,False,0.0,0.0,1.0,0.944,28,38,0.0,False,0.0,0.0,0.0,17.411696324648297,0.5932931612629813,53,rider,0.1,0.5,weighted_crc,segformer_b2_cityscapes,cityscapes_val_half,118
1.0,1000,False,0.0,0.0,1.0,0.944,28,38,0.0,False,0.0,0.0,0.0,17.411696324648297,0.5932931612629813,53,rider,0.2,0.5,weighted_crc,segformer_b2_cityscapes,cityscapes_val_half,118
1.0,1000,False,0.0,0.0,1.0,0.834,83,159,0.0,False,0.0,0.0,0.0,40.26616516716888,0.5459704022973073,53,bicycle,0.05,0.1,weighted_crc,segformer_b2_cityscapes,cityscapes_val_half,169
1.0,1000,False,0.0,0.0,1.0,0.834,83,159,0.0,False,0.0,0.0,0.0,40.26616516716888,0.5459704022973073,53,bicycle,0.1,0.1,weighted_crc,segformer_b2_cityscapes,cityscapes_val_half,169
1.0,1000,False,0.0,0.0,1.0,0.834,83,159,0.0,False,0.0,0.0,0.0,40.26616516716888,0.5459704022973073,53,bicycle,0.2,0.1,weighted_crc,segformer_b2_cityscapes,cityscapes_val_half,169
1.0,1000,False,0.0,0.0,1.0,0.834,83,159,0.0,False,0.0,0.0,0.0,40.26616516716888,0.5459704022973073,53,bicycle,0.05,0.5,weighted_crc,segformer_b2_cityscapes,cityscapes_val_half,169
1.0,1000,False,0.0,0.0,1.0,0.834,83,159,0.0,False,0.0,0.0,0.0,40.26616516716888,0.5459704022973073,53,bicycle,0.1,0.5,weighted_crc,segformer_b2_cityscapes,cityscapes_val_half,169
1.0,1000,False,0.0,0.0,1.0,0.834,83,159,0.0,False,0.0,0.0,0.0,40.26616516716888,0.5459704022973073,53,bicycle,0.2,0.5,weighted_crc,segformer_b2_cityscapes,cityscapes_val_half,169
1.0,1000,False,0.0,0.0,1.0,0.66,170,334,0.0,False,0.0,0.0,0.0,65.77298950272696,0.5442429700343456,54,person,0.05,0.1,weighted_crc,segformer_b2_cityscapes,cityscapes_val_half,206
1.0,1000,False,0.0,0.0,1.0,0.66,170,334,0.0,False,0.0,0.0,0.0,65.77298950272696,0.5442429700343456,54,person,0.1,0.1,weighted_crc,segformer_b2_cityscapes,cityscapes_val_half,206
1.0,1000,False,0.0,0.0,1.0,0.66,170,334,0.0,False,0.0,0.0,0.0,65.77298950272696,0.5442429700343456,54,person,0.2,0.1,weighted_crc,segformer_b2_cityscapes,cityscapes_val_half,206
1.0,1000,False,0.0,0.0,1.0,0.66,170,334,0.0,False,0.0,0.0,0.0,65.77298950272696,0.5442429700343456,54,person,0.05,0.5,weighted_crc,segformer_b2_cityscapes,cityscapes_val_half,206
1.0,1000,False,0.0,0.0,1.0,0.66,170,334,0.0,False,0.0,0.0,0.0,65.77298950272696,0.5442429700343456,54,person,0.1,0.5,weighted_crc,segformer_b2_cityscapes,cityscapes_val_half,206
1.0,1000,False,0.0,0.0,1.0,0.66,170,334,0.0,False,0.0,0.0,0.0,65.77298950272696,0.5442429700343456,54,person,0.2,0.5,weighted_crc,segformer_b2_cityscapes,cityscapes_val_half,206
1.0,1000,False,0.0,0.0,1.0,0.944,28,38,0.0,False,0.0,0.0,0.0,42.60373239062364,0.6483452099497182,54,rider,0.05,0.1,weighted_crc,segformer_b2_cityscapes,cityscapes_val_half,122
1.0,1000,False,0.0,0.0,1.0,0.944,28,38,0.0,False,0.0,0.0,0.0,42.60373239062364,0.6483452099497182,54,rider,0.1,0.1,weighted_crc,segformer_b2_cityscapes,cityscapes_val_half,122
1.0,1000,False,0.0,0.0,1.0,0.944,28,38,0.0,False,0.0,0.0,0.0,42.60373239062364,0.6483452099497182,54,rider,0.2,0.1,weighted_crc,segformer_b2_cityscapes,cityscapes_val_half,122
1.0,1000,False,0.0,0.0,1.0,0.944,28,38,0.0,False,0.0,0.0,0.0,42.60373239062364,0.6483452099497182,54,rider,0.05,0.5,weighted_crc,segformer_b2_cityscapes,cityscapes_val_half,122
1.0,1000,False,0.0,0.0,1.0,0.944,28,38,0.0,False,0.0,0.0,0.0,42.60373239062364,0.6483452099497182,54,rider,0.1,0.5,weighted_crc,segformer_b2_cityscapes,cityscapes_val_half,122
1.0,1000,False,0.0,0.0,1.0,0.944,28,38,0.0,False,0.0,0.0,0.0,42.60373239062364,0.6483452099497182,54,rider,0.2,0.5,weighted_crc,segformer_b2_cityscapes,cityscapes_val_half,122
1.0,1000,False,0.0,0.0,1.0,0.834,83,159,0.0,False,0.0,0.0,0.0,47.71525705828288,0.5915697178357235,54,bicycle,0.05,0.1,weighted_crc,segformer_b2_cityscapes,cityscapes_val_half,172
1.0,1000,False,0.0,0.0,1.0,0.834,83,159,0.0,False,0.0,0.0,0.0,47.71525705828288,0.5915697178357235,54,bicycle,0.1,0.1,weighted_crc,segformer_b2_cityscapes,cityscapes_val_half,172
1.0,1000,False,0.0,0.0,1.0,0.834,83,159,0.0,False,0.0,0.0,0.0,47.71525705828288,0.5915697178357235,54,bicycle,0.2,0.1,weighted_crc,segformer_b2_cityscapes,cityscapes_val_half,172
1.0,1000,False,0.0,0.0,1.0,0.834,83,159,0.0,False,0.0,0.0,0.0,47.71525705828288,0.5915697178357235,54,bicycle,0.05,0.5,weighted_crc,segformer_b2_cityscapes,cityscapes_val_half,172
1.0,1000,False,0.0,0.0,1.0,0.834,83,159,0.0,False,0.0,0.0,0.0,47.71525705828288,0.5915697178357235,54,bicycle,0.1,0.5,weighted_crc,segformer_b2_cityscapes,cityscapes_val_half,172
1.0,1000,False,0.0,0.0,1.0,0.834,83,159,0.0,False,0.0,0.0,0.0,47.71525705828288,0.5915697178357235,54,bicycle,0.2,0.5,weighted_crc,segformer_b2_cityscapes,cityscapes_val_half,172
1.0,1000,False,0.0,0.0,1.0,0.66,170,334,0.0,False,0.0,0.0,0.0,45.99784110511582,0.5155609035300156,55,person,0.05,0.1,weighted_crc,segformer_b2_cityscapes,cityscapes_val_half,199
1.0,1000,False,0.0,0.0,1.0,0.66,170,334,0.0,False,0.0,0.0,0.0,45.99784110511582,0.5155609035300156,55,person,0.1,0.1,weighted_crc,segformer_b2_cityscapes,cityscapes_val_half,199
1.0,1000,False,0.0,0.0,1.0,0.66,170,334,0.0,False,0.0,0.0,0.0,45.99784110511582,0.5155609035300156,55,person,0.2,0.1,weighted_crc,segformer_b2_cityscapes,cityscapes_val_half,199
1.0,1000,False,0.0,0.0,1.0,0.66,170,334,0.0,False,0.0,0.0,0.0,45.99784110511582,0.5155609035300156,55,person,0.05,0.5,weighted_crc,segformer_b2_cityscapes,cityscapes_val_half,199
1.0,1000,False,0.0,0.0,1.0,0.66,170,334,0.0,False,0.0,0.0,0.0,45.99784110511582,0.5155609035300156,55,person,0.1,0.5,weighted_crc,segformer_b2_cityscapes,cityscapes_val_half,199
1.0,1000,False,0.0,0.0,1.0,0.66,170,334,0.0,False,0.0,0.0,0.0,45.99784110511582,0.5155609035300156,55,person,0.2,0.5,weighted_crc,segformer_b2_cityscapes,cityscapes_val_half,199
1.0,1000,False,0.0,0.0,1.0,0.944,28,38,0.0,False,0.0,0.0,0.0,14.193244628252177,0.6042686154759905,55,rider,0.05,0.1,weighted_crc,segformer_b2_cityscapes,cityscapes_val_half,125
1.0,1000,False,0.0,0.0,1.0,0.944,28,38,0.0,False,0.0,0.0,0.0,14.193244628252177,0.6042686154759905,55,rider,0.1,0.1,weighted_crc,segformer_b2_cityscapes,cityscapes_val_half,125
1.0,1000,False,0.0,0.0,1.0,0.944,28,38,0.0,False,0.0,0.0,0.0,14.193244628252177,0.6042686154759905,55,rider,0.2,0.1,weighted_crc,segformer_b2_cityscapes,cityscapes_val_half,125
1.0,1000,False,0.0,0.0,1.0,0.944,28,38,0.0,False,0.0,0.0,0.0,14.193244628252177,0.6042686154759905,55,rider,0.05,0.5,weighted_crc,segformer_b2_cityscapes,cityscapes_val_half,125
1.0,1000,False,0.0,0.0,1.0,0.944,28,38,0.0,False,0.0,0.0,0.0,14.193244628252177,0.6042686154759905,55,rider,0.1,0.5,weighted_crc,segformer_b2_cityscapes,cityscapes_val_half,125
1.0,1000,False,0.0,0.0,1.0,0.944,28,38,0.0,False,0.0,0.0,0.0,14.193244628252177,0.6042686154759905,55,rider,0.2,0.5,weighted_crc,segformer_b2_cityscapes,cityscapes_val_half,125
1.0,1000,False,0.0,0.0,1.0,0.834,83,159,0.0,False,0.0,0.0,0.0,32.25181034374146,0.5788625607574507,55,bicycle,0.05,0.1,weighted_crc,segformer_b2_cityscapes,cityscapes_val_half,166
1.0,1000,False,0.0,0.0,1.0,0.834,83,159,0.0,False,0.0,0.0,0.0,32.25181034374146,0.5788625607574507,55,bicycle,0.1,0.1,weighted_crc,segformer_b2_cityscapes,cityscapes_val_half,166
1.0,1000,False,0.0,0.0,1.0,0.834,83,159,0.0,False,0.0,0.0,0.0,32.25181034374146,0.5788625607574507,55,bicycle,0.2,0.1,weighted_crc,segformer_b2_cityscapes,cityscapes_val_half,166
1.0,1000,False,0.0,0.0,1.0,0.834,83,159,0.0,False,0.0,0.0,0.0,32.25181034374146,0.5788625607574507,55,bicycle,0.05,0.5,weighted_crc,segformer_b2_cityscapes,cityscapes_val_half,166
1.0,1000,False,0.0,0.0,1.0,0.834,83,159,0.0,False,0.0,0.0,0.0,32.25181034374146,0.5788625607574507,55,bicycle,0.1,0.5,weighted_crc,segformer_b2_cityscapes,cityscapes_val_half,166
1.0,1000,False,0.0,0.0,1.0,0.834,83,159,0.0,False,0.0,0.0,0.0,32.25181034374146,0.5788625607574507,55,bicycle,0.2,0.5,weighted_crc,segformer_b2_cityscapes,cityscapes_val_half,166
1.0,1000,False,0.0,0.0,1.0,0.66,170,334,0.0,False,0.0,0.0,0.0,58.55097482046838,0.5332740695679478,56,person,0.05,0.1,weighted_crc,segformer_b2_cityscapes,cityscapes_val_half,204
1.0,1000,False,0.0,0.0,1.0,0.66,170,334,0.0,False,0.0,0.0,0.0,58.55097482046838,0.5332740695679478,56,person,0.1,0.1,weighted_crc,segformer_b2_cityscapes,cityscapes_val_half,204
1.0,1000,False,0.0,0.0,1.0,0.66,170,334,0.0,False,0.0,0.0,0.0,58.55097482046838,0.5332740695679478,56,person,0.2,0.1,weighted_crc,segformer_b2_cityscapes,cityscapes_val_half,204
1.0,1000,False,0.0,0.0,1.0,0.66,170,334,0.0,False,0.0,0.0,0.0,58.55097482046838,0.5332740695679478,56,person,0.05,0.5,weighted_crc,segformer_b2_cityscapes,cityscapes_val_half,204
1.0,1000,False,0.0,0.0,1.0,0.66,170,334,0.0,False,0.0,0.0,0.0,58.55097482046838,0.5332740695679478,56,person,0.1,0.5,weighted_crc,segformer_b2_cityscapes,cityscapes_val_half,204
1.0,1000,False,0.0,0.0,1.0,0.66,170,334,0.0,False,0.0,0.0,0.0,58.55097482046838,0.5332740695679478,56,person,0.2,0.5,weighted_crc,segformer_b2_cityscapes,cityscapes_val_half,204
1.0,1000,False,0.0,0.0,1.0,0.944,28,38,0.0,False,0.0,0.0,0.0,29.808005000968183,0.6205475623299557,56,rider,0.05,0.1,weighted_crc,segformer_b2_cityscapes,cityscapes_val_half,121
1.0,1000,False,0.0,0.0,1.0,0.944,28,38,0.0,False,0.0,0.0,0.0,29.808005000968183,0.6205475623299557,56,rider,0.1,0.1,weighted_crc,segformer_b2_cityscapes,cityscapes_val_half,121
1.0,1000,False,0.0,0.0,1.0,0.944,28,38,0.0,False,0.0,0.0,0.0,29.808005000968183,0.6205475623299557,56,rider,0.2,0.1,weighted_crc,segformer_b2_cityscapes,cityscapes_val_half,121
1.0,1000,False,0.0,0.0,1.0,0.944,28,38,0.0,False,0.0,0.0,0.0,29.808005000968183,0.6205475623299557,56,rider,0.05,0.5,weighted_crc,segformer_b2_cityscapes,cityscapes_val_half,121
1.0,1000,False,0.0,0.0,1.0,0.944,28,38,0.0,False,0.0,0.0,0.0,29.808005000968183,0.6205475623299557,56,rider,0.1,0.5,weighted_crc,segformer_b2_cityscapes,cityscapes_val_half,121
1.0,1000,False,0.0,0.0,1.0,0.944,28,38,0.0,False,0.0,0.0,0.0,29.808005000968183,0.6205475623299557,56,rider,0.2,0.5,weighted_crc,segformer_b2_cityscapes,cityscapes_val_half,121
1.0,1000,False,0.0,0.0,1.0,0.834,83,159,0.0,False,0.0,0.0,0.0,50.06401054162252,0.5718878004628901,56,bicycle,0.05,0.1,weighted_crc,segformer_b2_cityscapes,cityscapes_val_half,175
1.0,1000,False,0.0,0.0,1.0,0.834,83,159,0.0,False,0.0,0.0,0.0,50.06401054162252,0.5718878004628901,56,bicycle,0.1,0.1,weighted_crc,segformer_b2_cityscapes,cityscapes_val_half,175
1.0,1000,False,0.0,0.0,1.0,0.834,83,159,0.0,False,0.0,0.0,0.0,50.06401054162252,0.5718878004628901,56,bicycle,0.2,0.1,weighted_crc,segformer_b2_cityscapes,cityscapes_val_half,175
1.0,1000,False,0.0,0.0,1.0,0.834,83,159,0.0,False,0.0,0.0,0.0,50.06401054162252,0.5718878004628901,56,bicycle,0.05,0.5,weighted_crc,segformer_b2_cityscapes,cityscapes_val_half,175
1.0,1000,False,0.0,0.0,1.0,0.834,83,159,0.0,False,0.0,0.0,0.0,50.06401054162252,0.5718878004628901,56,bicycle,0.1,0.5,weighted_crc,segformer_b2_cityscapes,cityscapes_val_half,175
1.0,1000,False,0.0,0.0,1.0,0.834,83,159,0.0,False,0.0,0.0,0.0,50.06401054162252,0.5718878004628901,56,bicycle,0.2,0.5,weighted_crc,segformer_b2_cityscapes,cityscapes_val_half,175
1.0,1000,False,0.0,0.0,1.0,0.66,170,334,0.0,False,0.0,0.0,0.0,39.038393261267345,0.5163648000196992,57,person,0.05,0.1,weighted_crc,segformer_b2_cityscapes,cityscapes_val_half,197
1.0,1000,False,0.0,0.0,1.0,0.66,170,334,0.0,False,0.0,0.0,0.0,39.038393261267345,0.5163648000196992,57,person,0.1,0.1,weighted_crc,segformer_b2_cityscapes,cityscapes_val_half,197
1.0,1000,False,0.0,0.0,1.0,0.66,170,334,0.0,False,0.0,0.0,0.0,39.038393261267345,0.5163648000196992,57,person,0.2,0.1,weighted_crc,segformer_b2_cityscapes,cityscapes_val_half,197
1.0,1000,False,0.0,0.0,1.0,0.66,170,334,0.0,False,0.0,0.0,0.0,39.038393261267345,0.5163648000196992,57,person,0.05,0.5,weighted_crc,segformer_b2_cityscapes,cityscapes_val_half,197
1.0,1000,False,0.0,0.0,1.0,0.66,170,334,0.0,False,0.0,0.0,0.0,39.038393261267345,0.5163648000196992,57,person,0.1,0.5,weighted_crc,segformer_b2_cityscapes,cityscapes_val_half,197
1.0,1000,False,0.0,0.0,1.0,0.66,170,334,0.0,False,0.0,0.0,0.0,39.038393261267345,0.5163648000196992,57,person,0.2,0.5,weighted_crc,segformer_b2_cityscapes,cityscapes_val_half,197
1.0,1000,False,0.0,0.0,1.0,0.944,28,38,0.0,False,0.0,0.0,0.0,17.759728861105447,0.6150925714490058,57,rider,0.05,0.1,weighted_crc,segformer_b2_cityscapes,cityscapes_val_half,122
1.0,1000,False,0.0,0.0,1.0,0.944,28,38,0.0,False,0.0,0.0,0.0,17.759728861105447,0.6150925714490058,57,rider,0.1,0.1,weighted_crc,segformer_b2_cityscapes,cityscapes_val_half,122
1.0,1000,False,0.0,0.0,1.0,0.944,28,38,0.0,False,0.0,0.0,0.0,17.759728861105447,0.6150925714490058,57,rider,0.2,0.1,weighted_crc,segformer_b2_cityscapes,cityscapes_val_half,122
1.0,1000,False,0.0,0.0,1.0,0.944,28,38,0.0,False,0.0,0.0,0.0,17.759728861105447,0.6150925714490058,57,rider,0.05,0.5,weighted_crc,segformer_b2_cityscapes,cityscapes_val_half,122
1.0,1000,False,0.0,0.0,1.0,0.944,28,38,0.0,False,0.0,0.0,0.0,17.759728861105447,0.6150925714490058,57,rider,0.1,0.5,weighted_crc,segformer_b2_cityscapes,cityscapes_val_half,122
1.0,1000,False,0.0,0.0,1.0,0.944,28,38,0.0,False,0.0,0.0,0.0,17.759728861105447,0.6150925714490058,57,rider,0.2,0.5,weighted_crc,segformer_b2_cityscapes,cityscapes_val_half,122
1.0,1000,False,0.0,0.0,1.0,0.834,83,159,0.0,False,0.0,0.0,0.0,32.49232536154258,0.5613910926562191,57,bicycle,0.05,0.1,weighted_crc,segformer_b2_cityscapes,cityscapes_val_half,165
1.0,1000,False,0.0,0.0,1.0,0.834,83,159,0.0,False,0.0,0.0,0.0,32.49232536154258,0.5613910926562191,57,bicycle,0.1,0.1,weighted_crc,segformer_b2_cityscapes,cityscapes_val_half,165
1.0,1000,False,0.0,0.0,1.0,0.834,83,159,0.0,False,0.0,0.0,0.0,32.49232536154258,0.5613910926562191,57,bicycle,0.2,0.1,weighted_crc,segformer_b2_cityscapes,cityscapes_val_half,165
1.0,1000,False,0.0,0.0,1.0,0.834,83,159,0.0,False,0.0,0.0,0.0,32.49232536154258,0.5613910926562191,57,bicycle,0.05,0.5,weighted_crc,segformer_b2_cityscapes,cityscapes_val_half,165
1.0,1000,False,0.0,0.0,1.0,0.834,83,159,0.0,False,0.0,0.0,0.0,32.49232536154258,0.5613910926562191,57,bicycle,0.1,0.5,weighted_crc,segformer_b2_cityscapes,cityscapes_val_half,165
1.0,1000,False,0.0,0.0,1.0,0.834,83,159,0.0,False,0.0,0.0,0.0,32.49232536154258,0.5613910926562191,57,bicycle,0.2,0.5,weighted_crc,segformer_b2_cityscapes,cityscapes_val_half,165
1.0,1000,False,0.0,0.0,1.0,0.66,170,334,0.0,False,0.0,0.0,0.0,7.381300616931634,0.43067521470201775,58,person,0.05,0.1,weighted_crc,segformer_b2_cityscapes,cityscapes_val_half,198
1.0,1000,False,0.0,0.0,1.0,0.66,170,334,0.0,False,0.0,0.0,0.0,7.381300616931634,0.43067521470201775,58,person,0.1,0.1,weighted_crc,segformer_b2_cityscapes,cityscapes_val_half,198
1.0,1000,False,0.0,0.0,1.0,0.66,170,334,0.0,False,0.0,0.0,0.0,7.381300616931634,0.43067521470201775,58,person,0.2,0.1,weighted_crc,segformer_b2_cityscapes,cityscapes_val_half,198
1.0,1000,False,0.0,0.0,1.0,0.66,170,334,0.0,False,0.0,0.0,0.0,7.381300616931634,0.43067521470201775,58,person,0.05,0.5,weighted_crc,segformer_b2_cityscapes,cityscapes_val_half,198
1.0,1000,False,0.0,0.0,1.0,0.66,170,334,0.0,False,0.0,0.0,0.0,7.381300616931634,0.43067521470201775,58,person,0.1,0.5,weighted_crc,segformer_b2_cityscapes,cityscapes_val_half,198
1.0,1000,False,0.0,0.0,1.0,0.66,170,334,0.0,False,0.0,0.0,0.0,7.381300616931634,0.43067521470201775,58,person,0.2,0.5,weighted_crc,segformer_b2_cityscapes,cityscapes_val_half,198
1.0,1000,False,0.0,0.0,1.0,0.944,28,38,0.0,False,0.0,0.0,0.0,31.272677788186627,0.6182622227015038,58,rider,0.05,0.1,weighted_crc,segformer_b2_cityscapes,cityscapes_val_half,122
1.0,1000,False,0.0,0.0,1.0,0.944,28,38,0.0,False,0.0,0.0,0.0,31.272677788186627,0.6182622227015038,58,rider,0.1,0.1,weighted_crc,segformer_b2_cityscapes,cityscapes_val_half,122
1.0,1000,False,0.0,0.0,1.0,0.944,28,38,0.0,False,0.0,0.0,0.0,31.272677788186627,0.6182622227015038,58,rider,0.2,0.1,weighted_crc,segformer_b2_cityscapes,cityscapes_val_half,122
1.0,1000,False,0.0,0.0,1.0,0.944,28,38,0.0,False,0.0,0.0,0.0,31.272677788186627,0.6182622227015038,58,rider,0.05,0.5,weighted_crc,segformer_b2_cityscapes,cityscapes_val_half,122
1.0,1000,False,0.0,0.0,1.0,0.944,28,38,0.0,False,0.0,0.0,0.0,31.272677788186627,0.6182622227015038,58,rider,0.1,0.5,weighted_crc,segformer_b2_cityscapes,cityscapes_val_half,122
1.0,1000,False,0.0,0.0,1.0,0.944,28,38,0.0,False,0.0,0.0,0.0,31.272677788186627,0.6182622227015038,58,rider,0.2,0.5,weighted_crc,segformer_b2_cityscapes,cityscapes_val_half,122
1.0,1000,False,0.0,0.0,1.0,0.834,83,159,0.0,False,0.0,0.0,0.0,43.40215471578468,0.5603320212985852,58,bicycle,0.05,0.1,weighted_crc,segformer_b2_cityscapes,cityscapes_val_half,165
1.0,1000,False,0.0,0.0,1.0,0.834,83,159,0.0,False,0.0,0.0,0.0,43.40215471578468,0.5603320212985852,58,bicycle,0.1,0.1,weighted_crc,segformer_b2_cityscapes,cityscapes_val_half,165
1.0,1000,False,0.0,0.0,1.0,0.834,83,159,0.0,False,0.0,0.0,0.0,43.40215471578468,0.5603320212985852,58,bicycle,0.2,0.1,weighted_crc,segformer_b2_cityscapes,cityscapes_val_half,165
1.0,1000,False,0.0,0.0,1.0,0.834,83,159,0.0,False,0.0,0.0,0.0,43.40215471578468,0.5603320212985852,58,bicycle,0.05,0.5,weighted_crc,segformer_b2_cityscapes,cityscapes_val_half,165
1.0,1000,False,0.0,0.0,1.0,0.834,83,159,0.0,False,0.0,0.0,0.0,43.40215471578468,0.5603320212985852,58,bicycle,0.1,0.5,weighted_crc,segformer_b2_cityscapes,cityscapes_val_half,165
1.0,1000,False,0.0,0.0,1.0,0.834,83,159,0.0,False,0.0,0.0,0.0,43.40215471578468,0.5603320212985852,58,bicycle,0.2,0.5,weighted_crc,segformer_b2_cityscapes,cityscapes_val_half,165
1.0,1000,False,0.0,0.0,1.0,0.66,170,334,0.0,False,0.0,0.0,0.0,68.10829685434942,0.5355576025636947,59,person,0.05,0.1,weighted_crc,segformer_b2_cityscapes,cityscapes_val_half,205
1.0,1000,False,0.0,0.0,1.0,0.66,170,334,0.0,False,0.0,0.0,0.0,68.10829685434942,0.5355576025636947,59,person,0.1,0.1,weighted_crc,segformer_b2_cityscapes,cityscapes_val_half,205
1.0,1000,False,0.0,0.0,1.0,0.66,170,334,0.0,False,0.0,0.0,0.0,68.10829685434942,0.5355576025636947,59,person,0.2,0.1,weighted_crc,segformer_b2_cityscapes,cityscapes_val_half,205
1.0,1000,False,0.0,0.0,1.0,0.66,170,334,0.0,False,0.0,0.0,0.0,68.10829685434942,0.5355576025636947,59,person,0.05,0.5,weighted_crc,segformer_b2_cityscapes,cityscapes_val_half,205
1.0,1000,False,0.0,0.0,1.0,0.66,170,334,0.0,False,0.0,0.0,0.0,68.10829685434942,0.5355576025636947,59,person,0.1,0.5,weighted_crc,segformer_b2_cityscapes,cityscapes_val_half,205
1.0,1000,False,0.0,0.0,1.0,0.66,170,334,0.0,False,0.0,0.0,0.0,68.10829685434942,0.5355576025636947,59,person,0.2,0.5,weighted_crc,segformer_b2_cityscapes,cityscapes_val_half,205
1.0,1000,False,0.0,0.0,1.0,0.944,28,38,0.0,False,0.0,0.0,0.0,37.479201216019334,0.6187306607544609,59,rider,0.05,0.1,weighted_crc,segformer_b2_cityscapes,cityscapes_val_half,138
1.0,1000,False,0.0,0.0,1.0,0.944,28,38,0.0,False,0.0,0.0,0.0,37.479201216019334,0.6187306607544609,59,rider,0.1,0.1,weighted_crc,segformer_b2_cityscapes,cityscapes_val_half,138
1.0,1000,False,0.0,0.0,1.0,0.944,28,38,0.0,False,0.0,0.0,0.0,37.479201216019334,0.6187306607544609,59,rider,0.2,0.1,weighted_crc,segformer_b2_cityscapes,cityscapes_val_half,138
1.0,1000,False,0.0,0.0,1.0,0.944,28,38,0.0,False,0.0,0.0,0.0,37.479201216019334,0.6187306607544609,59,rider,0.05,0.5,weighted_crc,segformer_b2_cityscapes,cityscapes_val_half,138
1.0,1000,False,0.0,0.0,1.0,0.944,28,38,0.0,False,0.0,0.0,0.0,37.479201216019334,0.6187306607544609,59,rider,0.1,0.5,weighted_crc,segformer_b2_cityscapes,cityscapes_val_half,138
1.0,1000,False,0.0,0.0,1.0,0.944,28,38,0.0,False,0.0,0.0,0.0,37.479201216019334,0.6187306607544609,59,rider,0.2,0.5,weighted_crc,segformer_b2_cityscapes,cityscapes_val_half,138
1.0,1000,False,0.0,0.0,1.0,0.834,83,159,0.0,False,0.0,0.0,0.0,43.10127012479448,0.5516164584687613,59,bicycle,0.05,0.1,weighted_crc,segformer_b2_cityscapes,cityscapes_val_half,177
1.0,1000,False,0.0,0.0,1.0,0.834,83,159,0.0,False,0.0,0.0,0.0,43.10127012479448,0.5516164584687613,59,bicycle,0.1,0.1,weighted_crc,segformer_b2_cityscapes,cityscapes_val_half,177
1.0,1000,False,0.0,0.0,1.0,0.834,83,159,0.0,False,0.0,0.0,0.0,43.10127012479448,0.5516164584687613,59,bicycle,0.2,0.1,weighted_crc,segformer_b2_cityscapes,cityscapes_val_half,177
1.0,1000,False,0.0,0.0,1.0,0.834,83,159,0.0,False,0.0,0.0,0.0,43.10127012479448,0.5516164584687613,59,bicycle,0.05,0.5,weighted_crc,segformer_b2_cityscapes,cityscapes_val_half,177
1.0,1000,False,0.0,0.0,1.0,0.834,83,159,0.0,False,0.0,0.0,0.0,43.10127012479448,0.5516164584687613,59,bicycle,0.1,0.5,weighted_crc,segformer_b2_cityscapes,cityscapes_val_half,177
1.0,1000,False,0.0,0.0,1.0,0.834,83,159,0.0,False,0.0,0.0,0.0,43.10127012479448,0.5516164584687613,59,bicycle,0.2,0.5,weighted_crc,segformer_b2_cityscapes,cityscapes_val_half,177
1.0,1000,False,0.0,0.0,1.0,0.66,170,334,0.0,False,0.0,0.0,0.0,37.729091459061856,0.5147726861806236,60,person,0.05,0.1,weighted_crc,segformer_b2_cityscapes,cityscapes_val_half,202
1.0,1000,False,0.0,0.0,1.0,0.66,170,334,0.0,False,0.0,0.0,0.0,37.729091459061856,0.5147726861806236,60,person,0.1,0.1,weighted_crc,segformer_b2_cityscapes,cityscapes_val_half,202
1.0,1000,False,0.0,0.0,1.0,0.66,170,334,0.0,False,0.0,0.0,0.0,37.729091459061856,0.5147726861806236,60,person,0.2,0.1,weighted_crc,segformer_b2_cityscapes,cityscapes_val_half,202
1.0,1000,False,0.0,0.0,1.0,0.66,170,334,0.0,False,0.0,0.0,0.0,37.729091459061856,0.5147726861806236,60,person,0.05,0.5,weighted_crc,segformer_b2_cityscapes,cityscapes_val_half,202
1.0,1000,False,0.0,0.0,1.0,0.66,170,334,0.0,False,0.0,0.0,0.0,37.729091459061856,0.5147726861806236,60,person,0.1,0.5,weighted_crc,segformer_b2_cityscapes,cityscapes_val_half,202
1.0,1000,False,0.0,0.0,1.0,0.66,170,334,0.0,False,0.0,0.0,0.0,37.729091459061856,0.5147726861806236,60,person,0.2,0.5,weighted_crc,segformer_b2_cityscapes,cityscapes_val_half,202
1.0,1000,False,0.0,0.0,1.0,0.944,28,38,0.0,False,0.0,0.0,0.0,14.578435807223093,0.5413974820397401,60,rider,0.05,0.1,weighted_crc,segformer_b2_cityscapes,cityscapes_val_half,129
1.0,1000,False,0.0,0.0,1.0,0.944,28,38,0.0,False,0.0,0.0,0.0,14.578435807223093,0.5413974820397401,60,rider,0.1,0.1,weighted_crc,segformer_b2_cityscapes,cityscapes_val_half,129
1.0,1000,False,0.0,0.0,1.0,0.944,28,38,0.0,False,0.0,0.0,0.0,14.578435807223093,0.5413974820397401,60,rider,0.2,0.1,weighted_crc,segformer_b2_cityscapes,cityscapes_val_half,129
1.0,1000,False,0.0,0.0,1.0,0.944,28,38,0.0,False,0.0,0.0,0.0,14.578435807223093,0.5413974820397401,60,rider,0.05,0.5,weighted_crc,segformer_b2_cityscapes,cityscapes_val_half,129
1.0,1000,False,0.0,0.0,1.0,0.944,28,38,0.0,False,0.0,0.0,0.0,14.578435807223093,0.5413974820397401,60,rider,0.1,0.5,weighted_crc,segformer_b2_cityscapes,cityscapes_val_half,129
1.0,1000,False,0.0,0.0,1.0,0.944,28,38,0.0,False,0.0,0.0,0.0,14.578435807223093,0.5413974820397401,60,rider,0.2,0.5,weighted_crc,segformer_b2_cityscapes,cityscapes_val_half,129
1.0,1000,False,0.0,0.0,1.0,0.834,83,159,0.0,False,0.0,0.0,0.0,21.37272751161911,0.5104795266123261,60,bicycle,0.05,0.1,weighted_crc,segformer_b2_cityscapes,cityscapes_val_half,178
1.0,1000,False,0.0,0.0,1.0,0.834,83,159,0.0,False,0.0,0.0,0.0,21.37272751161911,0.5104795266123261,60,bicycle,0.1,0.1,weighted_crc,segformer_b2_cityscapes,cityscapes_val_half,178
1.0,1000,False,0.0,0.0,1.0,0.834,83,159,0.0,False,0.0,0.0,0.0,21.37272751161911,0.5104795266123261,60,bicycle,0.2,0.1,weighted_crc,segformer_b2_cityscapes,cityscapes_val_half,178
1.0,1000,False,0.0,0.0,1.0,0.834,83,159,0.0,False,0.0,0.0,0.0,21.37272751161911,0.5104795266123261,60,bicycle,0.05,0.5,weighted_crc,segformer_b2_cityscapes,cityscapes_val_half,178
1.0,1000,False,0.0,0.0,1.0,0.834,83,159,0.0,False,0.0,0.0,0.0,21.37272751161911,0.5104795266123261,60,bicycle,0.1,0.5,weighted_crc,segformer_b2_cityscapes,cityscapes_val_half,178
1.0,1000,False,0.0,0.0,1.0,0.834,83,159,0.0,False,0.0,0.0,0.0,21.37272751161911,0.5104795266123261,60,bicycle,0.2,0.5,weighted_crc,segformer_b2_cityscapes,cityscapes_val_half,178
1.0,1000,False,0.0,0.0,1.0,0.66,170,334,0.0,False,0.0,0.0,0.0,42.937076968562145,0.5275079472593869,61,person,0.05,0.1,weighted_crc,segformer_b2_cityscapes,cityscapes_val_half,206
1.0,1000,False,0.0,0.0,1.0,0.66,170,334,0.0,False,0.0,0.0,0.0,42.937076968562145,0.5275079472593869,61,person,0.1,0.1,weighted_crc,segformer_b2_cityscapes,cityscapes_val_half,206
1.0,1000,False,0.0,0.0,1.0,0.66,170,334,0.0,False,0.0,0.0,0.0,42.937076968562145,0.5275079472593869,61,person,0.2,0.1,weighted_crc,segformer_b2_cityscapes,cityscapes_val_half,206
1.0,1000,False,0.0,0.0,1.0,0.66,170,334,0.0,False,0.0,0.0,0.0,42.937076968562145,0.5275079472593869,61,person,0.05,0.5,weighted_crc,segformer_b2_cityscapes,cityscapes_val_half,206
1.0,1000,False,0.0,0.0,1.0,0.66,170,334,0.0,False,0.0,0.0,0.0,42.937076968562145,0.5275079472593869,61,person,0.1,0.5,weighted_crc,segformer_b2_cityscapes,cityscapes_val_half,206
1.0,1000,False,0.0,0.0,1.0,0.66,170,334,0.0,False,0.0,0.0,0.0,42.937076968562145,0.5275079472593869,61,person,0.2,0.5,weighted_crc,segformer_b2_cityscapes,cityscapes_val_half,206
1.0,1000,False,0.0,0.0,1.0,0.944,28,38,0.0,False,0.0,0.0,0.0,20.93313488744085,0.6105589841814048,61,rider,0.05,0.1,weighted_crc,segformer_b2_cityscapes,cityscapes_val_half,128
1.0,1000,False,0.0,0.0,1.0,0.944,28,38,0.0,False,0.0,0.0,0.0,20.93313488744085,0.6105589841814048,61,rider,0.1,0.1,weighted_crc,segformer_b2_cityscapes,cityscapes_val_half,128
1.0,1000,False,0.0,0.0,1.0,0.944,28,38,0.0,False,0.0,0.0,0.0,20.93313488744085,0.6105589841814048,61,rider,0.2,0.1,weighted_crc,segformer_b2_cityscapes,cityscapes_val_half,128
1.0,1000,False,0.0,0.0,1.0,0.944,28,38,0.0,False,0.0,0.0,0.0,20.93313488744085,0.6105589841814048,61,rider,0.05,0.5,weighted_crc,segformer_b2_cityscapes,cityscapes_val_half,128
1.0,1000,False,0.0,0.0,1.0,0.944,28,38,0.0,False,0.0,0.0,0.0,20.93313488744085,0.6105589841814048,61,rider,0.1,0.5,weighted_crc,segformer_b2_cityscapes,cityscapes_val_half,128
1.0,1000,False,0.0,0.0,1.0,0.944,28,38,0.0,False,0.0,0.0,0.0,20.93313488744085,0.6105589841814048,61,rider,0.2,0.5,weighted_crc,segformer_b2_cityscapes,cityscapes_val_half,128
1.0,1000,False,0.0,0.0,1.0,0.834,83,159,0.0,False,0.0,0.0,0.0,31.23678209160573,0.5484821313609799,61,bicycle,0.05,0.1,weighted_crc,segformer_b2_cityscapes,cityscapes_val_half,173
1.0,1000,False,0.0,0.0,1.0,0.834,83,159,0.0,False,0.0,0.0,0.0,31.23678209160573,0.5484821313609799,61,bicycle,0.1,0.1,weighted_crc,segformer_b2_cityscapes,cityscapes_val_half,173
1.0,1000,False,0.0,0.0,1.0,0.834,83,159,0.0,False,0.0,0.0,0.0,31.23678209160573,0.5484821313609799,61,bicycle,0.2,0.1,weighted_crc,segformer_b2_cityscapes,cityscapes_val_half,173
1.0,1000,False,0.0,0.0,1.0,0.834,83,159,0.0,False,0.0,0.0,0.0,31.23678209160573,0.5484821313609799,61,bicycle,0.05,0.5,weighted_crc,segformer_b2_cityscapes,cityscapes_val_half,173
1.0,1000,False,0.0,0.0,1.0,0.834,83,159,0.0,False,0.0,0.0,0.0,31.23678209160573,0.5484821313609799,61,bicycle,0.1,0.5,weighted_crc,segformer_b2_cityscapes,cityscapes_val_half,173
1.0,1000,False,0.0,0.0,1.0,0.834,83,159,0.0,False,0.0,0.0,0.0,31.23678209160573,0.5484821313609799,61,bicycle,0.2,0.5,weighted_crc,segformer_b2_cityscapes,cityscapes_val_half,173
1.0,1000,False,0.0,0.0,1.0,0.66,170,334,0.0,False,0.0,0.0,0.0,83.31831754004753,0.5579335528958129,62,person,0.05,0.1,weighted_crc,segformer_b2_cityscapes,cityscapes_val_half,206
1.0,1000,False,0.0,0.0,1.0,0.66,170,334,0.0,False,0.0,0.0,0.0,83.31831754004753,0.5579335528958129,62,person,0.1,0.1,weighted_crc,segformer_b2_cityscapes,cityscapes_val_half,206
1.0,1000,False,0.0,0.0,1.0,0.66,170,334,0.0,False,0.0,0.0,0.0,83.31831754004753,0.5579335528958129,62,person,0.2,0.1,weighted_crc,segformer_b2_cityscapes,cityscapes_val_half,206
1.0,1000,False,0.0,0.0,1.0,0.66,170,334,0.0,False,0.0,0.0,0.0,83.31831754004753,0.5579335528958129,62,person,0.05,0.5,weighted_crc,segformer_b2_cityscapes,cityscapes_val_half,206
1.0,1000,False,0.0,0.0,1.0,0.66,170,334,0.0,False,0.0,0.0,0.0,83.31831754004753,0.5579335528958129,62,person,0.1,0.5,weighted_crc,segformer_b2_cityscapes,cityscapes_val_half,206
1.0,1000,False,0.0,0.0,1.0,0.66,170,334,0.0,False,0.0,0.0,0.0,83.31831754004753,0.5579335528958129,62,person,0.2,0.5,weighted_crc,segformer_b2_cityscapes,cityscapes_val_half,206
1.0,1000,False,0.0,0.0,1.0,0.944,28,38,0.0,False,0.0,0.0,0.0,31.839650448809603,0.6203587599471502,62,rider,0.05,0.1,weighted_crc,segformer_b2_cityscapes,cityscapes_val_half,135
1.0,1000,False,0.0,0.0,1.0,0.944,28,38,0.0,False,0.0,0.0,0.0,31.839650448809603,0.6203587599471502,62,rider,0.1,0.1,weighted_crc,segformer_b2_cityscapes,cityscapes_val_half,135
1.0,1000,False,0.0,0.0,1.0,0.944,28,38,0.0,False,0.0,0.0,0.0,31.839650448809603,0.6203587599471502,62,rider,0.2,0.1,weighted_crc,segformer_b2_cityscapes,cityscapes_val_half,135
1.0,1000,False,0.0,0.0,1.0,0.944,28,38,0.0,False,0.0,0.0,0.0,31.839650448809603,0.6203587599471502,62,rider,0.05,0.5,weighted_crc,segformer_b2_cityscapes,cityscapes_val_half,135
1.0,1000,False,0.0,0.0,1.0,0.944,28,38,0.0,False,0.0,0.0,0.0,31.839650448809603,0.6203587599471502,62,rider,0.1,0.5,weighted_crc,segformer_b2_cityscapes,cityscapes_val_half,135
1.0,1000,False,0.0,0.0,1.0,0.944,28,38,0.0,False,0.0,0.0,0.0,31.839650448809603,0.6203587599471502,62,rider,0.2,0.5,weighted_crc,segformer_b2_cityscapes,cityscapes_val_half,135
1.0,1000,False,0.0,0.0,1.0,0.834,83,159,0.0,False,0.0,0.0,0.0,51.26243605419488,0.5760990145645362,62,bicycle,0.05,0.1,weighted_crc,segformer_b2_cityscapes,cityscapes_val_half,171
1.0,1000,False,0.0,0.0,1.0,0.834,83,159,0.0,False,0.0,0.0,0.0,51.26243605419488,0.5760990145645362,62,bicycle,0.1,0.1,weighted_crc,segformer_b2_cityscapes,cityscapes_val_half,171
1.0,1000,False,0.0,0.0,1.0,0.834,83,159,0.0,False,0.0,0.0,0.0,51.26243605419488,0.5760990145645362,62,bicycle,0.2,0.1,weighted_crc,segformer_b2_cityscapes,cityscapes_val_half,171
1.0,1000,False,0.0,0.0,1.0,0.834,83,159,0.0,False,0.0,0.0,0.0,51.26243605419488,0.5760990145645362,62,bicycle,0.05,0.5,weighted_crc,segformer_b2_cityscapes,cityscapes_val_half,171
1.0,1000,False,0.0,0.0,1.0,0.834,83,159,0.0,False,0.0,0.0,0.0,51.26243605419488,0.5760990145645362,62,bicycle,0.1,0.5,weighted_crc,segformer_b2_cityscapes,cityscapes_val_half,171
1.0,1000,False,0.0,0.0,1.0,0.834,83,159,0.0,False,0.0,0.0,0.0,51.26243605419488,0.5760990145645362,62,bicycle,0.2,0.5,weighted_crc,segformer_b2_cityscapes,cityscapes_val_half,171
1.0,1000,False,0.0,0.0,1.0,0.66,170,334,0.0,False,0.0,0.0,0.0,59.403460208077924,0.5283009061814694,63,person,0.05,0.1,weighted_crc,segformer_b2_cityscapes,cityscapes_val_half,199
1.0,1000,False,0.0,0.0,1.0,0.66,170,334,0.0,False,0.0,0.0,0.0,59.403460208077924,0.5283009061814694,63,person,0.1,0.1,weighted_crc,segformer_b2_cityscapes,cityscapes_val_half,199
1.0,1000,False,0.0,0.0,1.0,0.66,170,334,0.0,False,0.0,0.0,0.0,59.403460208077924,0.5283009061814694,63,person,0.2,0.1,weighted_crc,segformer_b2_cityscapes,cityscapes_val_half,199
1.0,1000,False,0.0,0.0,1.0,0.66,170,334,0.0,False,0.0,0.0,0.0,59.403460208077924,0.5283009061814694,63,person,0.05,0.5,weighted_crc,segformer_b2_cityscapes,cityscapes_val_half,199
1.0,1000,False,0.0,0.0,1.0,0.66,170,334,0.0,False,0.0,0.0,0.0,59.403460208077924,0.5283009061814694,63,person,0.1,0.5,weighted_crc,segformer_b2_cityscapes,cityscapes_val_half,199
1.0,1000,False,0.0,0.0,1.0,0.66,170,334,0.0,False,0.0,0.0,0.0,59.403460208077924,0.5283009061814694,63,person,0.2,0.5,weighted_crc,segformer_b2_cityscapes,cityscapes_val_half,199
1.0,1000,False,0.0,0.0,1.0,0.944,28,38,0.0,False,0.0,0.0,0.0,26.854114031208045,0.6337339625922446,63,rider,0.05,0.1,weighted_crc,segformer_b2_cityscapes,cityscapes_val_half,117
1.0,1000,False,0.0,0.0,1.0,0.944,28,38,0.0,False,0.0,0.0,0.0,26.854114031208045,0.6337339625922446,63,rider,0.1,0.1,weighted_crc,segformer_b2_cityscapes,cityscapes_val_half,117
1.0,1000,False,0.0,0.0,1.0,0.944,28,38,0.0,False,0.0,0.0,0.0,26.854114031208045,0.6337339625922446,63,rider,0.2,0.1,weighted_crc,segformer_b2_cityscapes,cityscapes_val_half,117
1.0,1000,False,0.0,0.0,1.0,0.944,28,38,0.0,False,0.0,0.0,0.0,26.854114031208045,0.6337339625922446,63,rider,0.05,0.5,weighted_crc,segformer_b2_cityscapes,cityscapes_val_half,117
1.0,1000,False,0.0,0.0,1.0,0.944,28,38,0.0,False,0.0,0.0,0.0,26.854114031208045,0.6337339625922446,63,rider,0.1,0.5,weighted_crc,segformer_b2_cityscapes,cityscapes_val_half,117
1.0,1000,False,0.0,0.0,1.0,0.944,28,38,0.0,False,0.0,0.0,0.0,26.854114031208045,0.6337339625922446,63,rider,0.2,0.5,weighted_crc,segformer_b2_cityscapes,cityscapes_val_half,117
1.0,1000,False,0.0,0.0,1.0,0.834,83,159,0.0,False,0.0,0.0,0.0,48.391435710347835,0.5724926629372877,63,bicycle,0.05,0.1,weighted_crc,segformer_b2_cityscapes,cityscapes_val_half,167
1.0,1000,False,0.0,0.0,1.0,0.834,83,159,0.0,False,0.0,0.0,0.0,48.391435710347835,0.5724926629372877,63,bicycle,0.1,0.1,weighted_crc,segformer_b2_cityscapes,cityscapes_val_half,167
1.0,1000,False,0.0,0.0,1.0,0.834,83,159,0.0,False,0.0,0.0,0.0,48.391435710347835,0.5724926629372877,63,bicycle,0.2,0.1,weighted_crc,segformer_b2_cityscapes,cityscapes_val_half,167
1.0,1000,False,0.0,0.0,1.0,0.834,83,159,0.0,False,0.0,0.0,0.0,48.391435710347835,0.5724926629372877,63,bicycle,0.05,0.5,weighted_crc,segformer_b2_cityscapes,cityscapes_val_half,167
1.0,1000,False,0.0,0.0,1.0,0.834,83,159,0.0,False,0.0,0.0,0.0,48.391435710347835,0.5724926629372877,63,bicycle,0.1,0.5,weighted_crc,segformer_b2_cityscapes,cityscapes_val_half,167
1.0,1000,False,0.0,0.0,1.0,0.834,83,159,0.0,False,0.0,0.0,0.0,48.391435710347835,0.5724926629372877,63,bicycle,0.2,0.5,weighted_crc,segformer_b2_cityscapes,cityscapes_val_half,167
1.0,1000,False,0.0,0.0,1.0,0.66,170,334,0.0,False,0.0,0.0,0.0,47.05776675806347,0.5412398388280869,64,person,0.05,0.1,weighted_crc,segformer_b2_cityscapes,cityscapes_val_half,197
1.0,1000,False,0.0,0.0,1.0,0.66,170,334,0.0,False,0.0,0.0,0.0,47.05776675806347,0.5412398388280869,64,person,0.1,0.1,weighted_crc,segformer_b2_cityscapes,cityscapes_val_half,197
1.0,1000,False,0.0,0.0,1.0,0.66,170,334,0.0,False,0.0,0.0,0.0,47.05776675806347,0.5412398388280869,64,person,0.2,0.1,weighted_crc,segformer_b2_cityscapes,cityscapes_val_half,197
1.0,1000,False,0.0,0.0,1.0,0.66,170,334,0.0,False,0.0,0.0,0.0,47.05776675806347,0.5412398388280869,64,person,0.05,0.5,weighted_crc,segformer_b2_cityscapes,cityscapes_val_half,197
1.0,1000,False,0.0,0.0,1.0,0.66,170,334,0.0,False,0.0,0.0,0.0,47.05776675806347,0.5412398388280869,64,person,0.1,0.5,weighted_crc,segformer_b2_cityscapes,cityscapes_val_half,197
1.0,1000,False,0.0,0.0,1.0,0.66,170,334,0.0,False,0.0,0.0,0.0,47.05776675806347,0.5412398388280869,64,person,0.2,0.5,weighted_crc,segformer_b2_cityscapes,cityscapes_val_half,197
1.0,1000,False,0.0,0.0,1.0,0.944,28,38,0.0,False,0.0,0.0,0.0,9.282602565009334,0.5645607180480917,64,rider,0.05,0.1,weighted_crc,segformer_b2_cityscapes,cityscapes_val_half,126
1.0,1000,False,0.0,0.0,1.0,0.944,28,38,0.0,False,0.0,0.0,0.0,9.282602565009334,0.5645607180480917,64,rider,0.1,0.1,weighted_crc,segformer_b2_cityscapes,cityscapes_val_half,126
1.0,1000,False,0.0,0.0,1.0,0.944,28,38,0.0,False,0.0,0.0,0.0,9.282602565009334,0.5645607180480917,64,rider,0.2,0.1,weighted_crc,segformer_b2_cityscapes,cityscapes_val_half,126
1.0,1000,False,0.0,0.0,1.0,0.944,28,38,0.0,False,0.0,0.0,0.0,9.282602565009334,0.5645607180480917,64,rider,0.05,0.5,weighted_crc,segformer_b2_cityscapes,cityscapes_val_half,126
1.0,1000,False,0.0,0.0,1.0,0.944,28,38,0.0,False,0.0,0.0,0.0,9.282602565009334,0.5645607180480917,64,rider,0.1,0.5,weighted_crc,segformer_b2_cityscapes,cityscapes_val_half,126
1.0,1000,False,0.0,0.0,1.0,0.944,28,38,0.0,False,0.0,0.0,0.0,9.282602565009334,0.5645607180480917,64,rider,0.2,0.5,weighted_crc,segformer_b2_cityscapes,cityscapes_val_half,126
1.0,1000,False,0.0,0.0,1.0,0.834,83,159,0.0,False,0.0,0.0,0.0,23.11402869278497,0.5211666872142491,64,bicycle,0.05,0.1,weighted_crc,segformer_b2_cityscapes,cityscapes_val_half,175
1.0,1000,False,0.0,0.0,1.0,0.834,83,159,0.0,False,0.0,0.0,0.0,23.11402869278497,0.5211666872142491,64,bicycle,0.1,0.1,weighted_crc,segformer_b2_cityscapes,cityscapes_val_half,175
1.0,1000,False,0.0,0.0,1.0,0.834,83,159,0.0,False,0.0,0.0,0.0,23.11402869278497,0.5211666872142491,64,bicycle,0.2,0.1,weighted_crc,segformer_b2_cityscapes,cityscapes_val_half,175
1.0,1000,False,0.0,0.0,1.0,0.834,83,159,0.0,False,0.0,0.0,0.0,23.11402869278497,0.5211666872142491,64,bicycle,0.05,0.5,weighted_crc,segformer_b2_cityscapes,cityscapes_val_half,175
1.0,1000,False,0.0,0.0,1.0,0.834,83,159,0.0,False,0.0,0.0,0.0,23.11402869278497,0.5211666872142491,64,bicycle,0.1,0.5,weighted_crc,segformer_b2_cityscapes,cityscapes_val_half,175
1.0,1000,False,0.0,0.0,1.0,0.834,83,159,0.0,False,0.0,0.0,0.0,23.11402869278497,0.5211666872142491,64,bicycle,0.2,0.5,weighted_crc,segformer_b2_cityscapes,cityscapes_val_half,175
1.0,1000,False,0.0,0.0,1.0,0.66,170,334,0.0,False,0.0,0.0,0.0,52.28287002057272,0.557166599277636,65,person,0.05,0.1,weighted_crc,segformer_b2_cityscapes,cityscapes_val_half,195
1.0,1000,False,0.0,0.0,1.0,0.66,170,334,0.0,False,0.0,0.0,0.0,52.28287002057272,0.557166599277636,65,person,0.1,0.1,weighted_crc,segformer_b2_cityscapes,cityscapes_val_half,195
1.0,1000,False,0.0,0.0,1.0,0.66,170,334,0.0,False,0.0,0.0,0.0,52.28287002057272,0.557166599277636,65,person,0.2,0.1,weighted_crc,segformer_b2_cityscapes,cityscapes_val_half,195
1.0,1000,False,0.0,0.0,1.0,0.66,170,334,0.0,False,0.0,0.0,0.0,52.28287002057272,0.557166599277636,65,person,0.05,0.5,weighted_crc,segformer_b2_cityscapes,cityscapes_val_half,195
1.0,1000,False,0.0,0.0,1.0,0.66,170,334,0.0,False,0.0,0.0,0.0,52.28287002057272,0.557166599277636,65,person,0.1,0.5,weighted_crc,segformer_b2_cityscapes,cityscapes_val_half,195
1.0,1000,False,0.0,0.0,1.0,0.66,170,334,0.0,False,0.0,0.0,0.0,52.28287002057272,0.557166599277636,65,person,0.2,0.5,weighted_crc,segformer_b2_cityscapes,cityscapes_val_half,195
1.0,1000,False,0.0,0.0,1.0,0.944,28,38,0.0,False,0.0,0.0,0.0,30.612232849425297,0.6434781666769455,65,rider,0.05,0.1,weighted_crc,segformer_b2_cityscapes,cityscapes_val_half,124
1.0,1000,False,0.0,0.0,1.0,0.944,28,38,0.0,False,0.0,0.0,0.0,30.612232849425297,0.6434781666769455,65,rider,0.1,0.1,weighted_crc,segformer_b2_cityscapes,cityscapes_val_half,124
1.0,1000,False,0.0,0.0,1.0,0.944,28,38,0.0,False,0.0,0.0,0.0,30.612232849425297,0.6434781666769455,65,rider,0.2,0.1,weighted_crc,segformer_b2_cityscapes,cityscapes_val_half,124
1.0,1000,False,0.0,0.0,1.0,0.944,28,38,0.0,False,0.0,0.0,0.0,30.612232849425297,0.6434781666769455,65,rider,0.05,0.5,weighted_crc,segformer_b2_cityscapes,cityscapes_val_half,124
1.0,1000,False,0.0,0.0,1.0,0.944,28,38,0.0,False,0.0,0.0,0.0,30.612232849425297,0.6434781666769455,65,rider,0.1,0.5,weighted_crc,segformer_b2_cityscapes,cityscapes_val_half,124
1.0,1000,False,0.0,0.0,1.0,0.944,28,38,0.0,False,0.0,0.0,0.0,30.612232849425297,0.6434781666769455,65,rider,0.2,0.5,weighted_crc,segformer_b2_cityscapes,cityscapes_val_half,124
1.0,1000,False,0.0,0.0,1.0,0.834,83,159,0.0,False,0.0,0.0,0.0,45.18140439133981,0.5723829386157558,65,bicycle,0.05,0.1,weighted_crc,segformer_b2_cityscapes,cityscapes_val_half,171
1.0,1000,False,0.0,0.0,1.0,0.834,83,159,0.0,False,0.0,0.0,0.0,45.18140439133981,0.5723829386157558,65,bicycle,0.1,0.1,weighted_crc,segformer_b2_cityscapes,cityscapes_val_half,171
1.0,1000,False,0.0,0.0,1.0,0.834,83,159,0.0,False,0.0,0.0,0.0,45.18140439133981,0.5723829386157558,65,bicycle,0.2,0.1,weighted_crc,segformer_b2_cityscapes,cityscapes_val_half,171
1.0,1000,False,0.0,0.0,1.0,0.834,83,159,0.0,False,0.0,0.0,0.0,45.18140439133981,0.5723829386157558,65,bicycle,0.05,0.5,weighted_crc,segformer_b2_cityscapes,cityscapes_val_half,171
1.0,1000,False,0.0,0.0,1.0,0.834,83,159,0.0,False,0.0,0.0,0.0,45.18140439133981,0.5723829386157558,65,bicycle,0.1,0.5,weighted_crc,segformer_b2_cityscapes,cityscapes_val_half,171
1.0,1000,False,0.0,0.0,1.0,0.834,83,159,0.0,False,0.0,0.0,0.0,45.18140439133981,0.5723829386157558,65,bicycle,0.2,0.5,weighted_crc,segformer_b2_cityscapes,cityscapes_val_half,171
1.0,1000,False,0.0,0.0,1.0,0.66,170,334,0.0,False,0.0,0.0,0.0,38.094890522210214,0.5081033082340838,66,person,0.05,0.1,weighted_crc,segformer_b2_cityscapes,cityscapes_val_half,208
1.0,1000,False,0.0,0.0,1.0,0.66,170,334,0.0,False,0.0,0.0,0.0,38.094890522210214,0.5081033082340838,66,person,0.1,0.1,weighted_crc,segformer_b2_cityscapes,cityscapes_val_half,208
1.0,1000,False,0.0,0.0,1.0,0.66,170,334,0.0,False,0.0,0.0,0.0,38.094890522210214,0.5081033082340838,66,person,0.2,0.1,weighted_crc,segformer_b2_cityscapes,cityscapes_val_half,208
1.0,1000,False,0.0,0.0,1.0,0.66,170,334,0.0,False,0.0,0.0,0.0,38.094890522210214,0.5081033082340838,66,person,0.05,0.5,weighted_crc,segformer_b2_cityscapes,cityscapes_val_half,208
1.0,1000,False,0.0,0.0,1.0,0.66,170,334,0.0,False,0.0,0.0,0.0,38.094890522210214,0.5081033082340838,66,person,0.1,0.5,weighted_crc,segformer_b2_cityscapes,cityscapes_val_half,208
1.0,1000,False,0.0,0.0,1.0,0.66,170,334,0.0,False,0.0,0.0,0.0,38.094890522210214,0.5081033082340838,66,person,0.2,0.5,weighted_crc,segformer_b2_cityscapes,cityscapes_val_half,208
1.0,1000,False,0.0,0.0,1.0,0.944,28,38,0.0,False,0.0,0.0,0.0,19.82007864670285,0.6150706886174965,66,rider,0.05,0.1,weighted_crc,segformer_b2_cityscapes,cityscapes_val_half,129
1.0,1000,False,0.0,0.0,1.0,0.944,28,38,0.0,False,0.0,0.0,0.0,19.82007864670285,0.6150706886174965,66,rider,0.1,0.1,weighted_crc,segformer_b2_cityscapes,cityscapes_val_half,129
1.0,1000,False,0.0,0.0,1.0,0.944,28,38,0.0,False,0.0,0.0,0.0,19.82007864670285,0.6150706886174965,66,rider,0.2,0.1,weighted_crc,segformer_b2_cityscapes,cityscapes_val_half,129
1.0,1000,False,0.0,0.0,1.0,0.944,28,38,0.0,False,0.0,0.0,0.0,19.82007864670285,0.6150706886174965,66,rider,0.05,0.5,weighted_crc,segformer_b2_cityscapes,cityscapes_val_half,129
1.0,1000,False,0.0,0.0,1.0,0.944,28,38,0.0,False,0.0,0.0,0.0,19.82007864670285,0.6150706886174965,66,rider,0.1,0.5,weighted_crc,segformer_b2_cityscapes,cityscapes_val_half,129
1.0,1000,False,0.0,0.0,1.0,0.944,28,38,0.0,False,0.0,0.0,0.0,19.82007864670285,0.6150706886174965,66,rider,0.2,0.5,weighted_crc,segformer_b2_cityscapes,cityscapes_val_half,129
1.0,1000,False,0.0,0.0,1.0,0.834,83,159,0.0,False,0.0,0.0,0.0,33.17338339718364,0.5276496001369168,66,bicycle,0.05,0.1,weighted_crc,segformer_b2_cityscapes,cityscapes_val_half,185
1.0,1000,False,0.0,0.0,1.0,0.834,83,159,0.0,False,0.0,0.0,0.0,33.17338339718364,0.5276496001369168,66,bicycle,0.1,0.1,weighted_crc,segformer_b2_cityscapes,cityscapes_val_half,185
1.0,1000,False,0.0,0.0,1.0,0.834,83,159,0.0,False,0.0,0.0,0.0,33.17338339718364,0.5276496001369168,66,bicycle,0.2,0.1,weighted_crc,segformer_b2_cityscapes,cityscapes_val_half,185
1.0,1000,False,0.0,0.0,1.0,0.834,83,159,0.0,False,0.0,0.0,0.0,33.17338339718364,0.5276496001369168,66,bicycle,0.05,0.5,weighted_crc,segformer_b2_cityscapes,cityscapes_val_half,185
1.0,1000,False,0.0,0.0,1.0,0.834,83,159,0.0,False,0.0,0.0,0.0,33.17338339718364,0.5276496001369168,66,bicycle,0.1,0.5,weighted_crc,segformer_b2_cityscapes,cityscapes_val_half,185
1.0,1000,False,0.0,0.0,1.0,0.834,83,159,0.0,False,0.0,0.0,0.0,33.17338339718364,0.5276496001369168,66,bicycle,0.2,0.5,weighted_crc,segformer_b2_cityscapes,cityscapes_val_half,185
1.0,1000,False,0.0,0.0,1.0,0.66,170,334,0.0,False,0.0,0.0,0.0,60.286703145513606,0.5242555056283436,67,person,0.05,0.1,weighted_crc,segformer_b2_cityscapes,cityscapes_val_half,206
1.0,1000,False,0.0,0.0,1.0,0.66,170,334,0.0,False,0.0,0.0,0.0,60.286703145513606,0.5242555056283436,67,person,0.1,0.1,weighted_crc,segformer_b2_cityscapes,cityscapes_val_half,206
1.0,1000,False,0.0,0.0,1.0,0.66,170,334,0.0,False,0.0,0.0,0.0,60.286703145513606,0.5242555056283436,67,person,0.2,0.1,weighted_crc,segformer_b2_cityscapes,cityscapes_val_half,206
1.0,1000,False,0.0,0.0,1.0,0.66,170,334,0.0,False,0.0,0.0,0.0,60.286703145513606,0.5242555056283436,67,person,0.05,0.5,weighted_crc,segformer_b2_cityscapes,cityscapes_val_half,206
1.0,1000,False,0.0,0.0,1.0,0.66,170,334,0.0,False,0.0,0.0,0.0,60.286703145513606,0.5242555056283436,67,person,0.1,0.5,weighted_crc,segformer_b2_cityscapes,cityscapes_val_half,206
1.0,1000,False,0.0,0.0,1.0,0.66,170,334,0.0,False,0.0,0.0,0.0,60.286703145513606,0.5242555056283436,67,person,0.2,0.5,weighted_crc,segformer_b2_cityscapes,cityscapes_val_half,206
1.0,1000,False,0.0,0.0,1.0,0.944,28,38,0.0,False,0.0,0.0,0.0,24.405486507454395,0.6038239311404517,67,rider,0.05,0.1,weighted_crc,segformer_b2_cityscapes,cityscapes_val_half,130
1.0,1000,False,0.0,0.0,1.0,0.944,28,38,0.0,False,0.0,0.0,0.0,24.405486507454395,0.6038239311404517,67,rider,0.1,0.1,weighted_crc,segformer_b2_cityscapes,cityscapes_val_half,130
1.0,1000,False,0.0,0.0,1.0,0.944,28,38,0.0,False,0.0,0.0,0.0,24.405486507454395,0.6038239311404517,67,rider,0.2,0.1,weighted_crc,segformer_b2_cityscapes,cityscapes_val_half,130
1.0,1000,False,0.0,0.0,1.0,0.944,28,38,0.0,False,0.0,0.0,0.0,24.405486507454395,0.6038239311404517,67,rider,0.05,0.5,weighted_crc,segformer_b2_cityscapes,cityscapes_val_half,130
1.0,1000,False,0.0,0.0,1.0,0.944,28,38,0.0,False,0.0,0.0,0.0,24.405486507454395,0.6038239311404517,67,rider,0.1,0.5,weighted_crc,segformer_b2_cityscapes,cityscapes_val_half,130
1.0,1000,False,0.0,0.0,1.0,0.944,28,38,0.0,False,0.0,0.0,0.0,24.405486507454395,0.6038239311404517,67,rider,0.2,0.5,weighted_crc,segformer_b2_cityscapes,cityscapes_val_half,130
1.0,1000,False,0.0,0.0,1.0,0.834,83,159,0.0,False,0.0,0.0,0.0,40.36777539930591,0.5443623585434324,67,bicycle,0.05,0.1,weighted_crc,segformer_b2_cityscapes,cityscapes_val_half,177
1.0,1000,False,0.0,0.0,1.0,0.834,83,159,0.0,False,0.0,0.0,0.0,40.36777539930591,0.5443623585434324,67,bicycle,0.1,0.1,weighted_crc,segformer_b2_cityscapes,cityscapes_val_half,177
1.0,1000,False,0.0,0.0,1.0,0.834,83,159,0.0,False,0.0,0.0,0.0,40.36777539930591,0.5443623585434324,67,bicycle,0.2,0.1,weighted_crc,segformer_b2_cityscapes,cityscapes_val_half,177
1.0,1000,False,0.0,0.0,1.0,0.834,83,159,0.0,False,0.0,0.0,0.0,40.36777539930591,0.5443623585434324,67,bicycle,0.05,0.5,weighted_crc,segformer_b2_cityscapes,cityscapes_val_half,177
1.0,1000,False,0.0,0.0,1.0,0.834,83,159,0.0,False,0.0,0.0,0.0,40.36777539930591,0.5443623585434324,67,bicycle,0.1,0.5,weighted_crc,segformer_b2_cityscapes,cityscapes_val_half,177
1.0,1000,False,0.0,0.0,1.0,0.834,83,159,0.0,False,0.0,0.0,0.0,40.36777539930591,0.5443623585434324,67,bicycle,0.2,0.5,weighted_crc,segformer_b2_cityscapes,cityscapes_val_half,177
1.0,1000,False,0.0,0.0,1.0,0.66,170,334,0.0,False,0.0,0.0,0.0,59.14774625774717,0.5374083554552441,68,person,0.05,0.1,weighted_crc,segformer_b2_cityscapes,cityscapes_val_half,201
1.0,1000,False,0.0,0.0,1.0,0.66,170,334,0.0,False,0.0,0.0,0.0,59.14774625774717,0.5374083554552441,68,person,0.1,0.1,weighted_crc,segformer_b2_cityscapes,cityscapes_val_half,201
1.0,1000,False,0.0,0.0,1.0,0.66,170,334,0.0,False,0.0,0.0,0.0,59.14774625774717,0.5374083554552441,68,person,0.2,0.1,weighted_crc,segformer_b2_cityscapes,cityscapes_val_half,201
1.0,1000,False,0.0,0.0,1.0,0.66,170,334,0.0,False,0.0,0.0,0.0,59.14774625774717,0.5374083554552441,68,person,0.05,0.5,weighted_crc,segformer_b2_cityscapes,cityscapes_val_half,201
1.0,1000,False,0.0,0.0,1.0,0.66,170,334,0.0,False,0.0,0.0,0.0,59.14774625774717,0.5374083554552441,68,person,0.1,0.5,weighted_crc,segformer_b2_cityscapes,cityscapes_val_half,201
1.0,1000,False,0.0,0.0,1.0,0.66,170,334,0.0,False,0.0,0.0,0.0,59.14774625774717,0.5374083554552441,68,person,0.2,0.5,weighted_crc,segformer_b2_cityscapes,cityscapes_val_half,201
1.0,1000,False,0.0,0.0,1.0,0.944,28,38,0.0,False,0.0,0.0,0.0,30.49434519948302,0.6102106417132945,68,rider,0.05,0.1,weighted_crc,segformer_b2_cityscapes,cityscapes_val_half,132
1.0,1000,False,0.0,0.0,1.0,0.944,28,38,0.0,False,0.0,0.0,0.0,30.49434519948302,0.6102106417132945,68,rider,0.1,0.1,weighted_crc,segformer_b2_cityscapes,cityscapes_val_half,132
1.0,1000,False,0.0,0.0,1.0,0.944,28,38,0.0,False,0.0,0.0,0.0,30.49434519948302,0.6102106417132945,68,rider,0.2,0.1,weighted_crc,segformer_b2_cityscapes,cityscapes_val_half,132
1.0,1000,False,0.0,0.0,1.0,0.944,28,38,0.0,False,0.0,0.0,0.0,30.49434519948302,0.6102106417132945,68,rider,0.05,0.5,weighted_crc,segformer_b2_cityscapes,cityscapes_val_half,132
1.0,1000,False,0.0,0.0,1.0,0.944,28,38,0.0,False,0.0,0.0,0.0,30.49434519948302,0.6102106417132945,68,rider,0.1,0.5,weighted_crc,segformer_b2_cityscapes,cityscapes_val_half,132
1.0,1000,False,0.0,0.0,1.0,0.944,28,38,0.0,False,0.0,0.0,0.0,30.49434519948302,0.6102106417132945,68,rider,0.2,0.5,weighted_crc,segformer_b2_cityscapes,cityscapes_val_half,132
1.0,1000,False,0.0,0.0,1.0,0.834,83,159,0.0,False,0.0,0.0,0.0,49.76350915123973,0.555631344326855,68,bicycle,0.05,0.1,weighted_crc,segformer_b2_cityscapes,cityscapes_val_half,184
1.0,1000,False,0.0,0.0,1.0,0.834,83,159,0.0,False,0.0,0.0,0.0,49.76350915123973,0.555631344326855,68,bicycle,0.1,0.1,weighted_crc,segformer_b2_cityscapes,cityscapes_val_half,184
1.0,1000,False,0.0,0.0,1.0,0.834,83,159,0.0,False,0.0,0.0,0.0,49.76350915123973,0.555631344326855,68,bicycle,0.2,0.1,weighted_crc,segformer_b2_cityscapes,cityscapes_val_half,184
1.0,1000,False,0.0,0.0,1.0,0.834,83,159,0.0,False,0.0,0.0,0.0,49.76350915123973,0.555631344326855,68,bicycle,0.05,0.5,weighted_crc,segformer_b2_cityscapes,cityscapes_val_half,184
1.0,1000,False,0.0,0.0,1.0,0.834,83,159,0.0,False,0.0,0.0,0.0,49.76350915123973,0.555631344326855,68,bicycle,0.1,0.5,weighted_crc,segformer_b2_cityscapes,cityscapes_val_half,184
1.0,1000,False,0.0,0.0,1.0,0.834,83,159,0.0,False,0.0,0.0,0.0,49.76350915123973,0.555631344326855,68,bicycle,0.2,0.5,weighted_crc,segformer_b2_cityscapes,cityscapes_val_half,184
1.0,1000,False,0.0,0.0,1.0,0.66,170,334,0.0,False,0.0,0.0,0.0,26.458995099026478,0.5063819102075696,69,person,0.05,0.1,weighted_crc,segformer_b2_cityscapes,cityscapes_val_half,202
1.0,1000,False,0.0,0.0,1.0,0.66,170,334,0.0,False,0.0,0.0,0.0,26.458995099026478,0.5063819102075696,69,person,0.1,0.1,weighted_crc,segformer_b2_cityscapes,cityscapes_val_half,202
1.0,1000,False,0.0,0.0,1.0,0.66,170,334,0.0,False,0.0,0.0,0.0,26.458995099026478,0.5063819102075696,69,person,0.2,0.1,weighted_crc,segformer_b2_cityscapes,cityscapes_val_half,202
1.0,1000,False,0.0,0.0,1.0,0.66,170,334,0.0,False,0.0,0.0,0.0,26.458995099026478,0.5063819102075696,69,person,0.05,0.5,weighted_crc,segformer_b2_cityscapes,cityscapes_val_half,202
1.0,1000,False,0.0,0.0,1.0,0.66,170,334,0.0,False,0.0,0.0,0.0,26.458995099026478,0.5063819102075696,69,person,0.1,0.5,weighted_crc,segformer_b2_cityscapes,cityscapes_val_half,202
1.0,1000,False,0.0,0.0,1.0,0.66,170,334,0.0,False,0.0,0.0,0.0,26.458995099026478,0.5063819102075696,69,person,0.2,0.5,weighted_crc,segformer_b2_cityscapes,cityscapes_val_half,202
1.0,1000,False,0.0,0.0,1.0,0.944,28,38,0.0,False,0.0,0.0,0.0,6.404681940080042,0.5672214403223369,69,rider,0.05,0.1,weighted_crc,segformer_b2_cityscapes,cityscapes_val_half,119
1.0,1000,False,0.0,0.0,1.0,0.944,28,38,0.0,False,0.0,0.0,0.0,6.404681940080042,0.5672214403223369,69,rider,0.1,0.1,weighted_crc,segformer_b2_cityscapes,cityscapes_val_half,119
1.0,1000,False,0.0,0.0,1.0,0.944,28,38,0.0,False,0.0,0.0,0.0,6.404681940080042,0.5672214403223369,69,rider,0.2,0.1,weighted_crc,segformer_b2_cityscapes,cityscapes_val_half,119
1.0,1000,False,0.0,0.0,1.0,0.944,28,38,0.0,False,0.0,0.0,0.0,6.404681940080042,0.5672214403223369,69,rider,0.05,0.5,weighted_crc,segformer_b2_cityscapes,cityscapes_val_half,119
1.0,1000,False,0.0,0.0,1.0,0.944,28,38,0.0,False,0.0,0.0,0.0,6.404681940080042,0.5672214403223369,69,rider,0.1,0.5,weighted_crc,segformer_b2_cityscapes,cityscapes_val_half,119
1.0,1000,False,0.0,0.0,1.0,0.944,28,38,0.0,False,0.0,0.0,0.0,6.404681940080042,0.5672214403223369,69,rider,0.2,0.5,weighted_crc,segformer_b2_cityscapes,cityscapes_val_half,119
1.0,1000,False,0.0,0.0,1.0,0.834,83,159,0.0,False,0.0,0.0,0.0,30.094830040253544,0.5508619017083406,69,bicycle,0.05,0.1,weighted_crc,segformer_b2_cityscapes,cityscapes_val_half,165
1.0,1000,False,0.0,0.0,1.0,0.834,83,159,0.0,False,0.0,0.0,0.0,30.094830040253544,0.5508619017083406,69,bicycle,0.1,0.1,weighted_crc,segformer_b2_cityscapes,cityscapes_val_half,165
1.0,1000,False,0.0,0.0,1.0,0.834,83,159,0.0,False,0.0,0.0,0.0,30.094830040253544,0.5508619017083406,69,bicycle,0.2,0.1,weighted_crc,segformer_b2_cityscapes,cityscapes_val_half,165
1.0,1000,False,0.0,0.0,1.0,0.834,83,159,0.0,False,0.0,0.0,0.0,30.094830040253544,0.5508619017083406,69,bicycle,0.05,0.5,weighted_crc,segformer_b2_cityscapes,cityscapes_val_half,165
1.0,1000,False,0.0,0.0,1.0,0.834,83,159,0.0,False,0.0,0.0,0.0,30.094830040253544,0.5508619017083406,69,bicycle,0.1,0.5,weighted_crc,segformer_b2_cityscapes,cityscapes_val_half,165
1.0,1000,False,0.0,0.0,1.0,0.834,83,159,0.0,False,0.0,0.0,0.0,30.094830040253544,0.5508619017083406,69,bicycle,0.2,0.5,weighted_crc,segformer_b2_cityscapes,cityscapes_val_half,165
1.0,1000,False,0.0,0.0,1.0,0.66,170,334,0.0,False,0.0,0.0,0.0,39.75871214606006,0.5160088480870838,70,person,0.05,0.1,weighted_crc,segformer_b2_cityscapes,cityscapes_val_half,202
1.0,1000,False,0.0,0.0,1.0,0.66,170,334,0.0,False,0.0,0.0,0.0,39.75871214606006,0.5160088480870838,70,person,0.1,0.1,weighted_crc,segformer_b2_cityscapes,cityscapes_val_half,202
1.0,1000,False,0.0,0.0,1.0,0.66,170,334,0.0,False,0.0,0.0,0.0,39.75871214606006,0.5160088480870838,70,person,0.2,0.1,weighted_crc,segformer_b2_cityscapes,cityscapes_val_half,202
1.0,1000,False,0.0,0.0,1.0,0.66,170,334,0.0,False,0.0,0.0,0.0,39.75871214606006,0.5160088480870838,70,person,0.05,0.5,weighted_crc,segformer_b2_cityscapes,cityscapes_val_half,202
1.0,1000,False,0.0,0.0,1.0,0.66,170,334,0.0,False,0.0,0.0,0.0,39.75871214606006,0.5160088480870838,70,person,0.1,0.5,weighted_crc,segformer_b2_cityscapes,cityscapes_val_half,202
1.0,1000,False,0.0,0.0,1.0,0.66,170,334,0.0,False,0.0,0.0,0.0,39.75871214606006,0.5160088480870838,70,person,0.2,0.5,weighted_crc,segformer_b2_cityscapes,cityscapes_val_half,202
1.0,1000,False,0.0,0.0,1.0,0.944,28,38,0.0,False,0.0,0.0,0.0,22.481864872219653,0.6143935410762615,70,rider,0.05,0.1,weighted_crc,segformer_b2_cityscapes,cityscapes_val_half,131
1.0,1000,False,0.0,0.0,1.0,0.944,28,38,0.0,False,0.0,0.0,0.0,22.481864872219653,0.6143935410762615,70,rider,0.1,0.1,weighted_crc,segformer_b2_cityscapes,cityscapes_val_half,131
1.0,1000,False,0.0,0.0,1.0,0.944,28,38,0.0,False,0.0,0.0,0.0,22.481864872219653,0.6143935410762615,70,rider,0.2,0.1,weighted_crc,segformer_b2_cityscapes,cityscapes_val_half,131
1.0,1000,False,0.0,0.0,1.0,0.944,28,38,0.0,False,0.0,0.0,0.0,22.481864872219653,0.6143935410762615,70,rider,0.05,0.5,weighted_crc,segformer_b2_cityscapes,cityscapes_val_half,131
1.0,1000,False,0.0,0.0,1.0,0.944,28,38,0.0,False,0.0,0.0,0.0,22.481864872219653,0.6143935410762615,70,rider,0.1,0.5,weighted_crc,segformer_b2_cityscapes,cityscapes_val_half,131
1.0,1000,False,0.0,0.0,1.0,0.944,28,38,0.0,False,0.0,0.0,0.0,22.481864872219653,0.6143935410762615,70,rider,0.2,0.5,weighted_crc,segformer_b2_cityscapes,cityscapes_val_half,131
1.0,1000,False,0.0,0.0,1.0,0.834,83,159,0.0,False,0.0,0.0,0.0,32.76604607685918,0.5715427634018818,70,bicycle,0.05,0.1,weighted_crc,segformer_b2_cityscapes,cityscapes_val_half,170
1.0,1000,False,0.0,0.0,1.0,0.834,83,159,0.0,False,0.0,0.0,0.0,32.76604607685918,0.5715427634018818,70,bicycle,0.1,0.1,weighted_crc,segformer_b2_cityscapes,cityscapes_val_half,170
1.0,1000,False,0.0,0.0,1.0,0.834,83,159,0.0,False,0.0,0.0,0.0,32.76604607685918,0.5715427634018818,70,bicycle,0.2,0.1,weighted_crc,segformer_b2_cityscapes,cityscapes_val_half,170
1.0,1000,False,0.0,0.0,1.0,0.834,83,159,0.0,False,0.0,0.0,0.0,32.76604607685918,0.5715427634018818,70,bicycle,0.05,0.5,weighted_crc,segformer_b2_cityscapes,cityscapes_val_half,170
1.0,1000,False,0.0,0.0,1.0,0.834,83,159,0.0,False,0.0,0.0,0.0,32.76604607685918,0.5715427634018818,70,bicycle,0.1,0.5,weighted_crc,segformer_b2_cityscapes,cityscapes_val_half,170
1.0,1000,False,0.0,0.0,1.0,0.834,83,159,0.0,False,0.0,0.0,0.0,32.76604607685918,0.5715427634018818,70,bicycle,0.2,0.5,weighted_crc,segformer_b2_cityscapes,cityscapes_val_half,170
1.0,1000,False,0.0,0.0,1.0,0.66,170,334,0.0,False,0.0,0.0,0.0,54.007444731147515,0.5300836114550274,71,person,0.05,0.1,weighted_crc,segformer_b2_cityscapes,cityscapes_val_half,204
1.0,1000,False,0.0,0.0,1.0,0.66,170,334,0.0,False,0.0,0.0,0.0,54.007444731147515,0.5300836114550274,71,person,0.1,0.1,weighted_crc,segformer_b2_cityscapes,cityscapes_val_half,204
1.0,1000,False,0.0,0.0,1.0,0.66,170,334,0.0,False,0.0,0.0,0.0,54.007444731147515,0.5300836114550274,71,person,0.2,0.1,weighted_crc,segformer_b2_cityscapes,cityscapes_val_half,204
1.0,1000,False,0.0,0.0,1.0,0.66,170,334,0.0,False,0.0,0.0,0.0,54.007444731147515,0.5300836114550274,71,person,0.05,0.5,weighted_crc,segformer_b2_cityscapes,cityscapes_val_half,204
1.0,1000,False,0.0,0.0,1.0,0.66,170,334,0.0,False,0.0,0.0,0.0,54.007444731147515,0.5300836114550274,71,person,0.1,0.5,weighted_crc,segformer_b2_cityscapes,cityscapes_val_half,204
1.0,1000,False,0.0,0.0,1.0,0.66,170,334,0.0,False,0.0,0.0,0.0,54.007444731147515,0.5300836114550274,71,person,0.2,0.5,weighted_crc,segformer_b2_cityscapes,cityscapes_val_half,204
1.0,1000,False,0.0,0.0,1.0,0.944,28,38,0.0,False,0.0,0.0,0.0,31.9246153992842,0.6418558961510075,71,rider,0.05,0.1,weighted_crc,segformer_b2_cityscapes,cityscapes_val_half,127
1.0,1000,False,0.0,0.0,1.0,0.944,28,38,0.0,False,0.0,0.0,0.0,31.9246153992842,0.6418558961510075,71,rider,0.1,0.1,weighted_crc,segformer_b2_cityscapes,cityscapes_val_half,127
1.0,1000,False,0.0,0.0,1.0,0.944,28,38,0.0,False,0.0,0.0,0.0,31.9246153992842,0.6418558961510075,71,rider,0.2,0.1,weighted_crc,segformer_b2_cityscapes,cityscapes_val_half,127
1.0,1000,False,0.0,0.0,1.0,0.944,28,38,0.0,False,0.0,0.0,0.0,31.9246153992842,0.6418558961510075,71,rider,0.05,0.5,weighted_crc,segformer_b2_cityscapes,cityscapes_val_half,127
1.0,1000,False,0.0,0.0,1.0,0.944,28,38,0.0,False,0.0,0.0,0.0,31.9246153992842,0.6418558961510075,71,rider,0.1,0.5,weighted_crc,segformer_b2_cityscapes,cityscapes_val_half,127
1.0,1000,False,0.0,0.0,1.0,0.944,28,38,0.0,False,0.0,0.0,0.0,31.9246153992842,0.6418558961510075,71,rider,0.2,0.5,weighted_crc,segformer_b2_cityscapes,cityscapes_val_half,127
1.0,1000,False,0.0,0.0,1.0,0.834,83,159,0.0,False,0.0,0.0,0.0,43.62381409413093,0.5751084359172984,71,bicycle,0.05,0.1,weighted_crc,segformer_b2_cityscapes,cityscapes_val_half,166
1.0,1000,False,0.0,0.0,1.0,0.834,83,159,0.0,False,0.0,0.0,0.0,43.62381409413093,0.5751084359172984,71,bicycle,0.1,0.1,weighted_crc,segformer_b2_cityscapes,cityscapes_val_half,166
1.0,1000,False,0.0,0.0,1.0,0.834,83,159,0.0,False,0.0,0.0,0.0,43.62381409413093,0.5751084359172984,71,bicycle,0.2,0.1,weighted_crc,segformer_b2_cityscapes,cityscapes_val_half,166
1.0,1000,False,0.0,0.0,1.0,0.834,83,159,0.0,False,0.0,0.0,0.0,43.62381409413093,0.5751084359172984,71,bicycle,0.05,0.5,weighted_crc,segformer_b2_cityscapes,cityscapes_val_half,166
1.0,1000,False,0.0,0.0,1.0,0.834,83,159,0.0,False,0.0,0.0,0.0,43.62381409413093,0.5751084359172984,71,bicycle,0.1,0.5,weighted_crc,segformer_b2_cityscapes,cityscapes_val_half,166
1.0,1000,False,0.0,0.0,1.0,0.834,83,159,0.0,False,0.0,0.0,0.0,43.62381409413093,0.5751084359172984,71,bicycle,0.2,0.5,weighted_crc,segformer_b2_cityscapes,cityscapes_val_half,166
1.0,1000,False,0.0,0.0,1.0,0.66,170,334,0.0,False,0.0,0.0,0.0,75.39626248401999,0.5702837831807862,72,person,0.05,0.1,weighted_crc,segformer_b2_cityscapes,cityscapes_val_half,194
1.0,1000,False,0.0,0.0,1.0,0.66,170,334,0.0,False,0.0,0.0,0.0,75.39626248401999,0.5702837831807862,72,person,0.1,0.1,weighted_crc,segformer_b2_cityscapes,cityscapes_val_half,194
1.0,1000,False,0.0,0.0,1.0,0.66,170,334,0.0,False,0.0,0.0,0.0,75.39626248401999,0.5702837831807862,72,person,0.2,0.1,weighted_crc,segformer_b2_cityscapes,cityscapes_val_half,194
1.0,1000,False,0.0,0.0,1.0,0.66,170,334,0.0,False,0.0,0.0,0.0,75.39626248401999,0.5702837831807862,72,person,0.05,0.5,weighted_crc,segformer_b2_cityscapes,cityscapes_val_half,194
1.0,1000,False,0.0,0.0,1.0,0.66,170,334,0.0,False,0.0,0.0,0.0,75.39626248401999,0.5702837831807862,72,person,0.1,0.5,weighted_crc,segformer_b2_cityscapes,cityscapes_val_half,194
1.0,1000,False,0.0,0.0,1.0,0.66,170,334,0.0,False,0.0,0.0,0.0,75.39626248401999,0.5702837831807862,72,person,0.2,0.5,weighted_crc,segformer_b2_cityscapes,cityscapes_val_half,194
1.0,1000,False,0.0,0.0,1.0,0.944,28,38,0.0,False,0.0,0.0,0.0,33.899106416328095,0.6462649315741572,72,rider,0.05,0.1,weighted_crc,segformer_b2_cityscapes,cityscapes_val_half,129
1.0,1000,False,0.0,0.0,1.0,0.944,28,38,0.0,False,0.0,0.0,0.0,33.899106416328095,0.6462649315741572,72,rider,0.1,0.1,weighted_crc,segformer_b2_cityscapes,cityscapes_val_half,129
1.0,1000,False,0.0,0.0,1.0,0.944,28,38,0.0,False,0.0,0.0,0.0,33.899106416328095,0.6462649315741572,72,rider,0.2,0.1,weighted_crc,segformer_b2_cityscapes,cityscapes_val_half,129
1.0,1000,False,0.0,0.0,1.0,0.944,28,38,0.0,False,0.0,0.0,0.0,33.899106416328095,0.6462649315741572,72,rider,0.05,0.5,weighted_crc,segformer_b2_cityscapes,cityscapes_val_half,129
1.0,1000,False,0.0,0.0,1.0,0.944,28,38,0.0,False,0.0,0.0,0.0,33.899106416328095,0.6462649315741572,72,rider,0.1,0.5,weighted_crc,segformer_b2_cityscapes,cityscapes_val_half,129
1.0,1000,False,0.0,0.0,1.0,0.944,28,38,0.0,False,0.0,0.0,0.0,33.899106416328095,0.6462649315741572,72,rider,0.2,0.5,weighted_crc,segformer_b2_cityscapes,cityscapes_val_half,129
1.0,1000,False,0.0,0.0,1.0,0.834,83,159,0.0,False,0.0,0.0,0.0,55.24072399085326,0.581891999021022,72,bicycle,0.05,0.1,weighted_crc,segformer_b2_cityscapes,cityscapes_val_half,176
1.0,1000,False,0.0,0.0,1.0,0.834,83,159,0.0,False,0.0,0.0,0.0,55.24072399085326,0.581891999021022,72,bicycle,0.1,0.1,weighted_crc,segformer_b2_cityscapes,cityscapes_val_half,176
1.0,1000,False,0.0,0.0,1.0,0.834,83,159,0.0,False,0.0,0.0,0.0,55.24072399085326,0.581891999021022,72,bicycle,0.2,0.1,weighted_crc,segformer_b2_cityscapes,cityscapes_val_half,176
1.0,1000,False,0.0,0.0,1.0,0.834,83,159,0.0,False,0.0,0.0,0.0,55.24072399085326,0.581891999021022,72,bicycle,0.05,0.5,weighted_crc,segformer_b2_cityscapes,cityscapes_val_half,176
1.0,1000,False,0.0,0.0,1.0,0.834,83,159,0.0,False,0.0,0.0,0.0,55.24072399085326,0.581891999021022,72,bicycle,0.1,0.5,weighted_crc,segformer_b2_cityscapes,cityscapes_val_half,176
1.0,1000,False,0.0,0.0,1.0,0.834,83,159,0.0,False,0.0,0.0,0.0,55.24072399085326,0.581891999021022,72,bicycle,0.2,0.5,weighted_crc,segformer_b2_cityscapes,cityscapes_val_half,176
1.0,1000,False,0.0,0.0,1.0,0.66,170,334,0.0,False,0.0,0.0,0.0,51.00586951960842,0.511242141058009,73,person,0.05,0.1,weighted_crc,segformer_b2_cityscapes,cityscapes_val_half,210
1.0,1000,False,0.0,0.0,1.0,0.66,170,334,0.0,False,0.0,0.0,0.0,51.00586951960842,0.511242141058009,73,person,0.1,0.1,weighted_crc,segformer_b2_cityscapes,cityscapes_val_half,210
1.0,1000,False,0.0,0.0,1.0,0.66,170,334,0.0,False,0.0,0.0,0.0,51.00586951960842,0.511242141058009,73,person,0.2,0.1,weighted_crc,segformer_b2_cityscapes,cityscapes_val_half,210
1.0,1000,False,0.0,0.0,1.0,0.66,170,334,0.0,False,0.0,0.0,0.0,51.00586951960842,0.511242141058009,73,person,0.05,0.5,weighted_crc,segformer_b2_cityscapes,cityscapes_val_half,210
1.0,1000,False,0.0,0.0,1.0,0.66,170,334,0.0,False,0.0,0.0,0.0,51.00586951960842,0.511242141058009,73,person,0.1,0.5,weighted_crc,segformer_b2_cityscapes,cityscapes_val_half,210
1.0,1000,False,0.0,0.0,1.0,0.66,170,334,0.0,False,0.0,0.0,0.0,51.00586951960842,0.511242141058009,73,person,0.2,0.5,weighted_crc,segformer_b2_cityscapes,cityscapes_val_half,210
1.0,1000,False,0.0,0.0,1.0,0.944,28,38,0.0,False,0.0,0.0,0.0,19.104936732183134,0.6162190825983028,73,rider,0.05,0.1,weighted_crc,segformer_b2_cityscapes,cityscapes_val_half,113
1.0,1000,False,0.0,0.0,1.0,0.944,28,38,0.0,False,0.0,0.0,0.0,19.104936732183134,0.6162190825983028,73,rider,0.1,0.1,weighted_crc,segformer_b2_cityscapes,cityscapes_val_half,113
1.0,1000,False,0.0,0.0,1.0,0.944,28,38,0.0,False,0.0,0.0,0.0,19.104936732183134,0.6162190825983028,73,rider,0.2,0.1,weighted_crc,segformer_b2_cityscapes,cityscapes_val_half,113
1.0,1000,False,0.0,0.0,1.0,0.944,28,38,0.0,False,0.0,0.0,0.0,19.104936732183134,0.6162190825983028,73,rider,0.05,0.5,weighted_crc,segformer_b2_cityscapes,cityscapes_val_half,113
1.0,1000,False,0.0,0.0,1.0,0.944,28,38,0.0,False,0.0,0.0,0.0,19.104936732183134,0.6162190825983028,73,rider,0.1,0.5,weighted_crc,segformer_b2_cityscapes,cityscapes_val_half,113
1.0,1000,False,0.0,0.0,1.0,0.944,28,38,0.0,False,0.0,0.0,0.0,19.104936732183134,0.6162190825983028,73,rider,0.2,0.5,weighted_crc,segformer_b2_cityscapes,cityscapes_val_half,113
1.0,1000,False,0.0,0.0,1.0,0.834,83,159,0.0,False,0.0,0.0,0.0,37.711994303366446,0.5541723062980313,73,bicycle,0.05,0.1,weighted_crc,segformer_b2_cityscapes,cityscapes_val_half,165
1.0,1000,False,0.0,0.0,1.0,0.834,83,159,0.0,False,0.0,0.0,0.0,37.711994303366446,0.5541723062980313,73,bicycle,0.1,0.1,weighted_crc,segformer_b2_cityscapes,cityscapes_val_half,165
1.0,1000,False,0.0,0.0,1.0,0.834,83,159,0.0,False,0.0,0.0,0.0,37.711994303366446,0.5541723062980313,73,bicycle,0.2,0.1,weighted_crc,segformer_b2_cityscapes,cityscapes_val_half,165
1.0,1000,False,0.0,0.0,1.0,0.834,83,159,0.0,False,0.0,0.0,0.0,37.711994303366446,0.5541723062980313,73,bicycle,0.05,0.5,weighted_crc,segformer_b2_cityscapes,cityscapes_val_half,165
1.0,1000,False,0.0,0.0,1.0,0.834,83,159,0.0,False,0.0,0.0,0.0,37.711994303366446,0.5541723062980313,73,bicycle,0.1,0.5,weighted_crc,segformer_b2_cityscapes,cityscapes_val_half,165
1.0,1000,False,0.0,0.0,1.0,0.834,83,159,0.0,False,0.0,0.0,0.0,37.711994303366446,0.5541723062980313,73,bicycle,0.2,0.5,weighted_crc,segformer_b2_cityscapes,cityscapes_val_half,165
1.0,1000,False,0.0,0.0,1.0,0.66,170,334,0.0,False,0.0,0.0,0.0,30.33732731437792,0.5193141074818398,74,person,0.05,0.1,weighted_crc,segformer_b2_cityscapes,cityscapes_val_half,202
1.0,1000,False,0.0,0.0,1.0,0.66,170,334,0.0,False,0.0,0.0,0.0,30.33732731437792,0.5193141074818398,74,person,0.1,0.1,weighted_crc,segformer_b2_cityscapes,cityscapes_val_half,202
1.0,1000,False,0.0,0.0,1.0,0.66,170,334,0.0,False,0.0,0.0,0.0,30.33732731437792,0.5193141074818398,74,person,0.2,0.1,weighted_crc,segformer_b2_cityscapes,cityscapes_val_half,202
1.0,1000,False,0.0,0.0,1.0,0.66,170,334,0.0,False,0.0,0.0,0.0,30.33732731437792,0.5193141074818398,74,person,0.05,0.5,weighted_crc,segformer_b2_cityscapes,cityscapes_val_half,202
1.0,1000,False,0.0,0.0,1.0,0.66,170,334,0.0,False,0.0,0.0,0.0,30.33732731437792,0.5193141074818398,74,person,0.1,0.5,weighted_crc,segformer_b2_cityscapes,cityscapes_val_half,202
1.0,1000,False,0.0,0.0,1.0,0.66,170,334,0.0,False,0.0,0.0,0.0,30.33732731437792,0.5193141074818398,74,person,0.2,0.5,weighted_crc,segformer_b2_cityscapes,cityscapes_val_half,202
1.0,1000,False,0.0,0.0,1.0,0.944,28,38,0.0,False,0.0,0.0,0.0,20.7121883261728,0.6114665407285182,74,rider,0.05,0.1,weighted_crc,segformer_b2_cityscapes,cityscapes_val_half,131
1.0,1000,False,0.0,0.0,1.0,0.944,28,38,0.0,False,0.0,0.0,0.0,20.7121883261728,0.6114665407285182,74,rider,0.1,0.1,weighted_crc,segformer_b2_cityscapes,cityscapes_val_half,131
1.0,1000,False,0.0,0.0,1.0,0.944,28,38,0.0,False,0.0,0.0,0.0,20.7121883261728,0.6114665407285182,74,rider,0.2,0.1,weighted_crc,segformer_b2_cityscapes,cityscapes_val_half,131
1.0,1000,False,0.0,0.0,1.0,0.944,28,38,0.0,False,0.0,0.0,0.0,20.7121883261728,0.6114665407285182,74,rider,0.05,0.5,weighted_crc,segformer_b2_cityscapes,cityscapes_val_half,131
1.0,1000,False,0.0,0.0,1.0,0.944,28,38,0.0,False,0.0,0.0,0.0,20.7121883261728,0.6114665407285182,74,rider,0.1,0.5,weighted_crc,segformer_b2_cityscapes,cityscapes_val_half,131
1.0,1000,False,0.0,0.0,1.0,0.944,28,38,0.0,False,0.0,0.0,0.0,20.7121883261728,0.6114665407285182,74,rider,0.2,0.5,weighted_crc,segformer_b2_cityscapes,cityscapes_val_half,131
1.0,1000,False,0.0,0.0,1.0,0.834,83,159,0.0,False,0.0,0.0,0.0,21.785075424305994,0.5429941965624022,74,bicycle,0.05,0.1,weighted_crc,segformer_b2_cityscapes,cityscapes_val_half,181
1.0,1000,False,0.0,0.0,1.0,0.834,83,159,0.0,False,0.0,0.0,0.0,21.785075424305994,0.5429941965624022,74,bicycle,0.1,0.1,weighted_crc,segformer_b2_cityscapes,cityscapes_val_half,181
1.0,1000,False,0.0,0.0,1.0,0.834,83,159,0.0,False,0.0,0.0,0.0,21.785075424305994,0.5429941965624022,74,bicycle,0.2,0.1,weighted_crc,segformer_b2_cityscapes,cityscapes_val_half,181
1.0,1000,False,0.0,0.0,1.0,0.834,83,159,0.0,False,0.0,0.0,0.0,21.785075424305994,0.5429941965624022,74,bicycle,0.05,0.5,weighted_crc,segformer_b2_cityscapes,cityscapes_val_half,181
1.0,1000,False,0.0,0.0,1.0,0.834,83,159,0.0,False,0.0,0.0,0.0,21.785075424305994,0.5429941965624022,74,bicycle,0.1,0.5,weighted_crc,segformer_b2_cityscapes,cityscapes_val_half,181
1.0,1000,False,0.0,0.0,1.0,0.834,83,159,0.0,False,0.0,0.0,0.0,21.785075424305994,0.5429941965624022,74,bicycle,0.2,0.5,weighted_crc,segformer_b2_cityscapes,cityscapes_val_half,181
1.0,1000,False,0.0,0.0,1.0,0.66,170,334,0.0,False,0.0,0.0,0.0,47.24281822730193,0.521620661914394,75,person,0.05,0.1,weighted_crc,segformer_b2_cityscapes,cityscapes_val_half,210
1.0,1000,False,0.0,0.0,1.0,0.66,170,334,0.0,False,0.0,0.0,0.0,47.24281822730193,0.521620661914394,75,person,0.1,0.1,weighted_crc,segformer_b2_cityscapes,cityscapes_val_half,210
1.0,1000,False,0.0,0.0,1.0,0.66,170,334,0.0,False,0.0,0.0,0.0,47.24281822730193,0.521620661914394,75,person,0.2,0.1,weighted_crc,segformer_b2_cityscapes,cityscapes_val_half,210
1.0,1000,False,0.0,0.0,1.0,0.66,170,334,0.0,False,0.0,0.0,0.0,47.24281822730193,0.521620661914394,75,person,0.05,0.5,weighted_crc,segformer_b2_cityscapes,cityscapes_val_half,210
1.0,1000,False,0.0,0.0,1.0,0.66,170,334,0.0,False,0.0,0.0,0.0,47.24281822730193,0.521620661914394,75,person,0.1,0.5,weighted_crc,segformer_b2_cityscapes,cityscapes_val_half,210
1.0,1000,False,0.0,0.0,1.0,0.66,170,334,0.0,False,0.0,0.0,0.0,47.24281822730193,0.521620661914394,75,person,0.2,0.5,weighted_crc,segformer_b2_cityscapes,cityscapes_val_half,210
1.0,1000,False,0.0,0.0,1.0,0.944,28,38,0.0,False,0.0,0.0,0.0,10.577132897105177,0.57915345384012,75,rider,0.05,0.1,weighted_crc,segformer_b2_cityscapes,cityscapes_val_half,129
1.0,1000,False,0.0,0.0,1.0,0.944,28,38,0.0,False,0.0,0.0,0.0,10.577132897105177,0.57915345384012,75,rider,0.1,0.1,weighted_crc,segformer_b2_cityscapes,cityscapes_val_half,129
1.0,1000,False,0.0,0.0,1.0,0.944,28,38,0.0,False,0.0,0.0,0.0,10.577132897105177,0.57915345384012,75,rider,0.2,0.1,weighted_crc,segformer_b2_cityscapes,cityscapes_val_half,129
1.0,1000,False,0.0,0.0,1.0,0.944,28,38,0.0,False,0.0,0.0,0.0,10.577132897105177,0.57915345384012,75,rider,0.05,0.5,weighted_crc,segformer_b2_cityscapes,cityscapes_val_half,129
1.0,1000,False,0.0,0.0,1.0,0.944,28,38,0.0,False,0.0,0.0,0.0,10.577132897105177,0.57915345384012,75,rider,0.1,0.5,weighted_crc,segformer_b2_cityscapes,cityscapes_val_half,129
1.0,1000,False,0.0,0.0,1.0,0.944,28,38,0.0,False,0.0,0.0,0.0,10.577132897105177,0.57915345384012,75,rider,0.2,0.5,weighted_crc,segformer_b2_cityscapes,cityscapes_val_half,129
1.0,1000,False,0.0,0.0,1.0,0.834,83,159,0.0,False,0.0,0.0,0.0,28.010213844688437,0.5432553779619402,75,bicycle,0.05,0.1,weighted_crc,segformer_b2_cityscapes,cityscapes_val_half,174
1.0,1000,False,0.0,0.0,1.0,0.834,83,159,0.0,False,0.0,0.0,0.0,28.010213844688437,0.5432553779619402,75,bicycle,0.1,0.1,weighted_crc,segformer_b2_cityscapes,cityscapes_val_half,174
1.0,1000,False,0.0,0.0,1.0,0.834,83,159,0.0,False,0.0,0.0,0.0,28.010213844688437,0.5432553779619402,75,bicycle,0.2,0.1,weighted_crc,segformer_b2_cityscapes,cityscapes_val_half,174
1.0,1000,False,0.0,0.0,1.0,0.834,83,159,0.0,False,0.0,0.0,0.0,28.010213844688437,0.5432553779619402,75,bicycle,0.05,0.5,weighted_crc,segformer_b2_cityscapes,cityscapes_val_half,174
1.0,1000,False,0.0,0.0,1.0,0.834,83,159,0.0,False,0.0,0.0,0.0,28.010213844688437,0.5432553779619402,75,bicycle,0.1,0.5,weighted_crc,segformer_b2_cityscapes,cityscapes_val_half,174
1.0,1000,False,0.0,0.0,1.0,0.834,83,159,0.0,False,0.0,0.0,0.0,28.010213844688437,0.5432553779619402,75,bicycle,0.2,0.5,weighted_crc,segformer_b2_cityscapes,cityscapes_val_half,174
1.0,1000,False,0.0,0.0,1.0,0.66,170,334,0.0,False,0.0,0.0,0.0,39.04868960902955,0.5151226248244508,76,person,0.05,0.1,weighted_crc,segformer_b2_cityscapes,cityscapes_val_half,196
1.0,1000,False,0.0,0.0,1.0,0.66,170,334,0.0,False,0.0,0.0,0.0,39.04868960902955,0.5151226248244508,76,person,0.1,0.1,weighted_crc,segformer_b2_cityscapes,cityscapes_val_half,196
1.0,1000,False,0.0,0.0,1.0,0.66,170,334,0.0,False,0.0,0.0,0.0,39.04868960902955,0.5151226248244508,76,person,0.2,0.1,weighted_crc,segformer_b2_cityscapes,cityscapes_val_half,196
1.0,1000,False,0.0,0.0,1.0,0.66,170,334,0.0,False,0.0,0.0,0.0,39.04868960902955,0.5151226248244508,76,person,0.05,0.5,weighted_crc,segformer_b2_cityscapes,cityscapes_val_half,196
1.0,1000,False,0.0,0.0,1.0,0.66,170,334,0.0,False,0.0,0.0,0.0,39.04868960902955,0.5151226248244508,76,person,0.1,0.5,weighted_crc,segformer_b2_cityscapes,cityscapes_val_half,196
1.0,1000,False,0.0,0.0,1.0,0.66,170,334,0.0,False,0.0,0.0,0.0,39.04868960902955,0.5151226248244508,76,person,0.2,0.5,weighted_crc,segformer_b2_cityscapes,cityscapes_val_half,196
1.0,1000,False,0.0,0.0,1.0,0.944,28,38,0.0,False,0.0,0.0,0.0,9.53648826930109,0.5630038872325437,76,rider,0.05,0.1,weighted_crc,segformer_b2_cityscapes,cityscapes_val_half,125
1.0,1000,False,0.0,0.0,1.0,0.944,28,38,0.0,False,0.0,0.0,0.0,9.53648826930109,0.5630038872325437,76,rider,0.1,0.1,weighted_crc,segformer_b2_cityscapes,cityscapes_val_half,125
1.0,1000,False,0.0,0.0,1.0,0.944,28,38,0.0,False,0.0,0.0,0.0,9.53648826930109,0.5630038872325437,76,rider,0.2,0.1,weighted_crc,segformer_b2_cityscapes,cityscapes_val_half,125
1.0,1000,False,0.0,0.0,1.0,0.944,28,38,0.0,False,0.0,0.0,0.0,9.53648826930109,0.5630038872325437,76,rider,0.05,0.5,weighted_crc,segformer_b2_cityscapes,cityscapes_val_half,125
1.0,1000,False,0.0,0.0,1.0,0.944,28,38,0.0,False,0.0,0.0,0.0,9.53648826930109,0.5630038872325437,76,rider,0.1,0.5,weighted_crc,segformer_b2_cityscapes,cityscapes_val_half,125
1.0,1000,False,0.0,0.0,1.0,0.944,28,38,0.0,False,0.0,0.0,0.0,9.53648826930109,0.5630038872325437,76,rider,0.2,0.5,weighted_crc,segformer_b2_cityscapes,cityscapes_val_half,125
1.0,1000,False,0.0,0.0,1.0,0.834,83,159,0.0,False,0.0,0.0,0.0,32.20577929433558,0.5593184764184999,76,bicycle,0.05,0.1,weighted_crc,segformer_b2_cityscapes,cityscapes_val_half,171
1.0,1000,False,0.0,0.0,1.0,0.834,83,159,0.0,False,0.0,0.0,0.0,32.20577929433558,0.5593184764184999,76,bicycle,0.1,0.1,weighted_crc,segformer_b2_cityscapes,cityscapes_val_half,171
1.0,1000,False,0.0,0.0,1.0,0.834,83,159,0.0,False,0.0,0.0,0.0,32.20577929433558,0.5593184764184999,76,bicycle,0.2,0.1,weighted_crc,segformer_b2_cityscapes,cityscapes_val_half,171
1.0,1000,False,0.0,0.0,1.0,0.834,83,159,0.0,False,0.0,0.0,0.0,32.20577929433558,0.5593184764184999,76,bicycle,0.05,0.5,weighted_crc,segformer_b2_cityscapes,cityscapes_val_half,171
1.0,1000,False,0.0,0.0,1.0,0.834,83,159,0.0,False,0.0,0.0,0.0,32.20577929433558,0.5593184764184999,76,bicycle,0.1,0.5,weighted_crc,segformer_b2_cityscapes,cityscapes_val_half,171
1.0,1000,False,0.0,0.0,1.0,0.834,83,159,0.0,False,0.0,0.0,0.0,32.20577929433558,0.5593184764184999,76,bicycle,0.2,0.5,weighted_crc,segformer_b2_cityscapes,cityscapes_val_half,171
1.0,1000,False,0.0,0.0,1.0,0.66,170,334,0.0,False,0.0,0.0,0.0,55.36309241531685,0.5424841138610023,77,person,0.05,0.1,weighted_crc,segformer_b2_cityscapes,cityscapes_val_half,195
1.0,1000,False,0.0,0.0,1.0,0.66,170,334,0.0,False,0.0,0.0,0.0,55.36309241531685,0.5424841138610023,77,person,0.1,0.1,weighted_crc,segformer_b2_cityscapes,cityscapes_val_half,195
1.0,1000,False,0.0,0.0,1.0,0.66,170,334,0.0,False,0.0,0.0,0.0,55.36309241531685,0.5424841138610023,77,person,0.2,0.1,weighted_crc,segformer_b2_cityscapes,cityscapes_val_half,195
1.0,1000,False,0.0,0.0,1.0,0.66,170,334,0.0,False,0.0,0.0,0.0,55.36309241531685,0.5424841138610023,77,person,0.05,0.5,weighted_crc,segformer_b2_cityscapes,cityscapes_val_half,195
1.0,1000,False,0.0,0.0,1.0,0.66,170,334,0.0,False,0.0,0.0,0.0,55.36309241531685,0.5424841138610023,77,person,0.1,0.5,weighted_crc,segformer_b2_cityscapes,cityscapes_val_half,195
1.0,1000,False,0.0,0.0,1.0,0.66,170,334,0.0,False,0.0,0.0,0.0,55.36309241531685,0.5424841138610023,77,person,0.2,0.5,weighted_crc,segformer_b2_cityscapes,cityscapes_val_half,195
1.0,1000,False,0.0,0.0,1.0,0.944,28,38,0.0,False,0.0,0.0,0.0,18.202283412283155,0.5940680443560844,77,rider,0.05,0.1,weighted_crc,segformer_b2_cityscapes,cityscapes_val_half,129
1.0,1000,False,0.0,0.0,1.0,0.944,28,38,0.0,False,0.0,0.0,0.0,18.202283412283155,0.5940680443560844,77,rider,0.1,0.1,weighted_crc,segformer_b2_cityscapes,cityscapes_val_half,129
1.0,1000,False,0.0,0.0,1.0,0.944,28,38,0.0,False,0.0,0.0,0.0,18.202283412283155,0.5940680443560844,77,rider,0.2,0.1,weighted_crc,segformer_b2_cityscapes,cityscapes_val_half,129
1.0,1000,False,0.0,0.0,1.0,0.944,28,38,0.0,False,0.0,0.0,0.0,18.202283412283155,0.5940680443560844,77,rider,0.05,0.5,weighted_crc,segformer_b2_cityscapes,cityscapes_val_half,129
1.0,1000,False,0.0,0.0,1.0,0.944,28,38,0.0,False,0.0,0.0,0.0,18.202283412283155,0.5940680443560844,77,rider,0.1,0.5,weighted_crc,segformer_b2_cityscapes,cityscapes_val_half,129
1.0,1000,False,0.0,0.0,1.0,0.944,28,38,0.0,False,0.0,0.0,0.0,18.202283412283155,0.5940680443560844,77,rider,0.2,0.5,weighted_crc,segformer_b2_cityscapes,cityscapes_val_half,129
1.0,1000,False,0.0,0.0,1.0,0.834,83,159,0.0,False,0.0,0.0,0.0,44.463158425537216,0.5639357367494239,77,bicycle,0.05,0.1,weighted_crc,segformer_b2_cityscapes,cityscapes_val_half,170
1.0,1000,False,0.0,0.0,1.0,0.834,83,159,0.0,False,0.0,0.0,0.0,44.463158425537216,0.5639357367494239,77,bicycle,0.1,0.1,weighted_crc,segformer_b2_cityscapes,cityscapes_val_half,170
1.0,1000,False,0.0,0.0,1.0,0.834,83,159,0.0,False,0.0,0.0,0.0,44.463158425537216,0.5639357367494239,77,bicycle,0.2,0.1,weighted_crc,segformer_b2_cityscapes,cityscapes_val_half,170
1.0,1000,False,0.0,0.0,1.0,0.834,83,159,0.0,False,0.0,0.0,0.0,44.463158425537216,0.5639357367494239,77,bicycle,0.05,0.5,weighted_crc,segformer_b2_cityscapes,cityscapes_val_half,170
1.0,1000,False,0.0,0.0,1.0,0.834,83,159,0.0,False,0.0,0.0,0.0,44.463158425537216,0.5639357367494239,77,bicycle,0.1,0.5,weighted_crc,segformer_b2_cityscapes,cityscapes_val_half,170
1.0,1000,False,0.0,0.0,1.0,0.834,83,159,0.0,False,0.0,0.0,0.0,44.463158425537216,0.5639357367494239,77,bicycle,0.2,0.5,weighted_crc,segformer_b2_cityscapes,cityscapes_val_half,170
1.0,1000,False,0.0,0.0,1.0,0.66,170,334,0.0,False,0.0,0.0,0.0,48.068973789593116,0.5427293182998617,78,person,0.05,0.1,weighted_crc,segformer_b2_cityscapes,cityscapes_val_half,198
1.0,1000,False,0.0,0.0,1.0,0.66,170,334,0.0,False,0.0,0.0,0.0,48.068973789593116,0.5427293182998617,78,person,0.1,0.1,weighted_crc,segformer_b2_cityscapes,cityscapes_val_half,198
1.0,1000,False,0.0,0.0,1.0,0.66,170,334,0.0,False,0.0,0.0,0.0,48.068973789593116,0.5427293182998617,78,person,0.2,0.1,weighted_crc,segformer_b2_cityscapes,cityscapes_val_half,198
1.0,1000,False,0.0,0.0,1.0,0.66,170,334,0.0,False,0.0,0.0,0.0,48.068973789593116,0.5427293182998617,78,person,0.05,0.5,weighted_crc,segformer_b2_cityscapes,cityscapes_val_half,198
1.0,1000,False,0.0,0.0,1.0,0.66,170,334,0.0,False,0.0,0.0,0.0,48.068973789593116,0.5427293182998617,78,person,0.1,0.5,weighted_crc,segformer_b2_cityscapes,cityscapes_val_half,198
1.0,1000,False,0.0,0.0,1.0,0.66,170,334,0.0,False,0.0,0.0,0.0,48.068973789593116,0.5427293182998617,78,person,0.2,0.5,weighted_crc,segformer_b2_cityscapes,cityscapes_val_half,198
1.0,1000,False,0.0,0.0,1.0,0.944,28,38,0.0,False,0.0,0.0,0.0,17.936231321264362,0.6278760507769432,78,rider,0.05,0.1,weighted_crc,segformer_b2_cityscapes,cityscapes_val_half,124
1.0,1000,False,0.0,0.0,1.0,0.944,28,38,0.0,False,0.0,0.0,0.0,17.936231321264362,0.6278760507769432,78,rider,0.1,0.1,weighted_crc,segformer_b2_cityscapes,cityscapes_val_half,124
1.0,1000,False,0.0,0.0,1.0,0.944,28,38,0.0,False,0.0,0.0,0.0,17.936231321264362,0.6278760507769432,78,rider,0.2,0.1,weighted_crc,segformer_b2_cityscapes,cityscapes_val_half,124
1.0,1000,False,0.0,0.0,1.0,0.944,28,38,0.0,False,0.0,0.0,0.0,17.936231321264362,0.6278760507769432,78,rider,0.05,0.5,weighted_crc,segformer_b2_cityscapes,cityscapes_val_half,124
1.0,1000,False,0.0,0.0,1.0,0.944,28,38,0.0,False,0.0,0.0,0.0,17.936231321264362,0.6278760507769432,78,rider,0.1,0.5,weighted_crc,segformer_b2_cityscapes,cityscapes_val_half,124
1.0,1000,False,0.0,0.0,1.0,0.944,28,38,0.0,False,0.0,0.0,0.0,17.936231321264362,0.6278760507769432,78,rider,0.2,0.5,weighted_crc,segformer_b2_cityscapes,cityscapes_val_half,124
1.0,1000,False,0.0,0.0,1.0,0.834,83,159,0.0,False,0.0,0.0,0.0,33.37779870640573,0.5717684786907964,78,bicycle,0.05,0.1,weighted_crc,segformer_b2_cityscapes,cityscapes_val_half,171
1.0,1000,False,0.0,0.0,1.0,0.834,83,159,0.0,False,0.0,0.0,0.0,33.37779870640573,0.5717684786907964,78,bicycle,0.1,0.1,weighted_crc,segformer_b2_cityscapes,cityscapes_val_half,171
1.0,1000,False,0.0,0.0,1.0,0.834,83,159,0.0,False,0.0,0.0,0.0,33.37779870640573,0.5717684786907964,78,bicycle,0.2,0.1,weighted_crc,segformer_b2_cityscapes,cityscapes_val_half,171
1.0,1000,False,0.0,0.0,1.0,0.834,83,159,0.0,False,0.0,0.0,0.0,33.37779870640573,0.5717684786907964,78,bicycle,0.05,0.5,weighted_crc,segformer_b2_cityscapes,cityscapes_val_half,171
1.0,1000,False,0.0,0.0,1.0,0.834,83,159,0.0,False,0.0,0.0,0.0,33.37779870640573,0.5717684786907964,78,bicycle,0.1,0.5,weighted_crc,segformer_b2_cityscapes,cityscapes_val_half,171
1.0,1000,False,0.0,0.0,1.0,0.834,83,159,0.0,False,0.0,0.0,0.0,33.37779870640573,0.5717684786907964,78,bicycle,0.2,0.5,weighted_crc,segformer_b2_cityscapes,cityscapes_val_half,171
1.0,1000,False,0.0,0.0,1.0,0.66,170,334,0.0,False,0.0,0.0,0.0,60.882634845171,0.5282841348585652,79,person,0.05,0.1,weighted_crc,segformer_b2_cityscapes,cityscapes_val_half,207
1.0,1000,False,0.0,0.0,1.0,0.66,170,334,0.0,False,0.0,0.0,0.0,60.882634845171,0.5282841348585652,79,person,0.1,0.1,weighted_crc,segformer_b2_cityscapes,cityscapes_val_half,207
1.0,1000,False,0.0,0.0,1.0,0.66,170,334,0.0,False,0.0,0.0,0.0,60.882634845171,0.5282841348585652,79,person,0.2,0.1,weighted_crc,segformer_b2_cityscapes,cityscapes_val_half,207
1.0,1000,False,0.0,0.0,1.0,0.66,170,334,0.0,False,0.0,0.0,0.0,60.882634845171,0.5282841348585652,79,person,0.05,0.5,weighted_crc,segformer_b2_cityscapes,cityscapes_val_half,207
1.0,1000,False,0.0,0.0,1.0,0.66,170,334,0.0,False,0.0,0.0,0.0,60.882634845171,0.5282841348585652,79,person,0.1,0.5,weighted_crc,segformer_b2_cityscapes,cityscapes_val_half,207
1.0,1000,False,0.0,0.0,1.0,0.66,170,334,0.0,False,0.0,0.0,0.0,60.882634845171,0.5282841348585652,79,person,0.2,0.5,weighted_crc,segformer_b2_cityscapes,cityscapes_val_half,207
1.0,1000,False,0.0,0.0,1.0,0.944,28,38,0.0,False,0.0,0.0,0.0,21.631162811833534,0.6154626122393599,79,rider,0.05,0.1,weighted_crc,segformer_b2_cityscapes,cityscapes_val_half,119
1.0,1000,False,0.0,0.0,1.0,0.944,28,38,0.0,False,0.0,0.0,0.0,21.631162811833534,0.6154626122393599,79,rider,0.1,0.1,weighted_crc,segformer_b2_cityscapes,cityscapes_val_half,119
1.0,1000,False,0.0,0.0,1.0,0.944,28,38,0.0,False,0.0,0.0,0.0,21.631162811833534,0.6154626122393599,79,rider,0.2,0.1,weighted_crc,segformer_b2_cityscapes,cityscapes_val_half,119
1.0,1000,False,0.0,0.0,1.0,0.944,28,38,0.0,False,0.0,0.0,0.0,21.631162811833534,0.6154626122393599,79,rider,0.05,0.5,weighted_crc,segformer_b2_cityscapes,cityscapes_val_half,119
1.0,1000,False,0.0,0.0,1.0,0.944,28,38,0.0,False,0.0,0.0,0.0,21.631162811833534,0.6154626122393599,79,rider,0.1,0.5,weighted_crc,segformer_b2_cityscapes,cityscapes_val_half,119
1.0,1000,False,0.0,0.0,1.0,0.944,28,38,0.0,False,0.0,0.0,0.0,21.631162811833534,0.6154626122393599,79,rider,0.2,0.5,weighted_crc,segformer_b2_cityscapes,cityscapes_val_half,119
1.0,1000,False,0.0,0.0,1.0,0.834,83,159,0.0,False,0.0,0.0,0.0,44.16176407807128,0.5677715493126013,79,bicycle,0.05,0.1,weighted_crc,segformer_b2_cityscapes,cityscapes_val_half,165
1.0,1000,False,0.0,0.0,1.0,0.834,83,159,0.0,False,0.0,0.0,0.0,44.16176407807128,0.5677715493126013,79,bicycle,0.1,0.1,weighted_crc,segformer_b2_cityscapes,cityscapes_val_half,165
1.0,1000,False,0.0,0.0,1.0,0.834,83,159,0.0,False,0.0,0.0,0.0,44.16176407807128,0.5677715493126013,79,bicycle,0.2,0.1,weighted_crc,segformer_b2_cityscapes,cityscapes_val_half,165
1.0,1000,False,0.0,0.0,1.0,0.834,83,159,0.0,False,0.0,0.0,0.0,44.16176407807128,0.5677715493126013,79,bicycle,0.05,0.5,weighted_crc,segformer_b2_cityscapes,cityscapes_val_half,165
1.0,1000,False,0.0,0.0,1.0,0.834,83,159,0.0,False,0.0,0.0,0.0,44.16176407807128,0.5677715493126013,79,bicycle,0.1,0.5,weighted_crc,segformer_b2_cityscapes,cityscapes_val_half,165
1.0,1000,False,0.0,0.0,1.0,0.834,83,159,0.0,False,0.0,0.0,0.0,44.16176407807128,0.5677715493126013,79,bicycle,0.2,0.5,weighted_crc,segformer_b2_cityscapes,cityscapes_val_half,165
1.0,1000,False,0.0,0.0,1.0,0.66,170,334,0.0,False,0.0,0.0,0.0,35.60347171072355,0.49699096683248567,80,person,0.05,0.1,weighted_crc,segformer_b2_cityscapes,cityscapes_val_half,199
1.0,1000,False,0.0,0.0,1.0,0.66,170,334,0.0,False,0.0,0.0,0.0,35.60347171072355,0.49699096683248567,80,person,0.1,0.1,weighted_crc,segformer_b2_cityscapes,cityscapes_val_half,199
1.0,1000,False,0.0,0.0,1.0,0.66,170,334,0.0,False,0.0,0.0,0.0,35.60347171072355,0.49699096683248567,80,person,0.2,0.1,weighted_crc,segformer_b2_cityscapes,cityscapes_val_half,199
1.0,1000,False,0.0,0.0,1.0,0.66,170,334,0.0,False,0.0,0.0,0.0,35.60347171072355,0.49699096683248567,80,person,0.05,0.5,weighted_crc,segformer_b2_cityscapes,cityscapes_val_half,199
1.0,1000,False,0.0,0.0,1.0,0.66,170,334,0.0,False,0.0,0.0,0.0,35.60347171072355,0.49699096683248567,80,person,0.1,0.5,weighted_crc,segformer_b2_cityscapes,cityscapes_val_half,199
1.0,1000,False,0.0,0.0,1.0,0.66,170,334,0.0,False,0.0,0.0,0.0,35.60347171072355,0.49699096683248567,80,person,0.2,0.5,weighted_crc,segformer_b2_cityscapes,cityscapes_val_half,199
1.0,1000,False,0.0,0.0,1.0,0.944,28,38,0.0,False,0.0,0.0,0.0,21.972674655139556,0.5605031061027149,80,rider,0.05,0.1,weighted_crc,segformer_b2_cityscapes,cityscapes_val_half,136
1.0,1000,False,0.0,0.0,1.0,0.944,28,38,0.0,False,0.0,0.0,0.0,21.972674655139556,0.5605031061027149,80,rider,0.1,0.1,weighted_crc,segformer_b2_cityscapes,cityscapes_val_half,136
1.0,1000,False,0.0,0.0,1.0,0.944,28,38,0.0,False,0.0,0.0,0.0,21.972674655139556,0.5605031061027149,80,rider,0.2,0.1,weighted_crc,segformer_b2_cityscapes,cityscapes_val_half,136
1.0,1000,False,0.0,0.0,1.0,0.944,28,38,0.0,False,0.0,0.0,0.0,21.972674655139556,0.5605031061027149,80,rider,0.05,0.5,weighted_crc,segformer_b2_cityscapes,cityscapes_val_half,136
1.0,1000,False,0.0,0.0,1.0,0.944,28,38,0.0,False,0.0,0.0,0.0,21.972674655139556,0.5605031061027149,80,rider,0.1,0.5,weighted_crc,segformer_b2_cityscapes,cityscapes_val_half,136
1.0,1000,False,0.0,0.0,1.0,0.944,28,38,0.0,False,0.0,0.0,0.0,21.972674655139556,0.5605031061027149,80,rider,0.2,0.5,weighted_crc,segformer_b2_cityscapes,cityscapes_val_half,136
1.0,1000,False,0.0,0.0,1.0,0.834,83,159,0.0,False,0.0,0.0,0.0,25.88757241968925,0.5258488998658917,80,bicycle,0.05,0.1,weighted_crc,segformer_b2_cityscapes,cityscapes_val_half,182
1.0,1000,False,0.0,0.0,1.0,0.834,83,159,0.0,False,0.0,0.0,0.0,25.88757241968925,0.5258488998658917,80,bicycle,0.1,0.1,weighted_crc,segformer_b2_cityscapes,cityscapes_val_half,182
1.0,1000,False,0.0,0.0,1.0,0.834,83,159,0.0,False,0.0,0.0,0.0,25.88757241968925,0.5258488998658917,80,bicycle,0.2,0.1,weighted_crc,segformer_b2_cityscapes,cityscapes_val_half,182
1.0,1000,False,0.0,0.0,1.0,0.834,83,159,0.0,False,0.0,0.0,0.0,25.88757241968925,0.5258488998658917,80,bicycle,0.05,0.5,weighted_crc,segformer_b2_cityscapes,cityscapes_val_half,182
1.0,1000,False,0.0,0.0,1.0,0.834,83,159,0.0,False,0.0,0.0,0.0,25.88757241968925,0.5258488998658917,80,bicycle,0.1,0.5,weighted_crc,segformer_b2_cityscapes,cityscapes_val_half,182
1.0,1000,False,0.0,0.0,1.0,0.834,83,159,0.0,False,0.0,0.0,0.0,25.88757241968925,0.5258488998658917,80,bicycle,0.2,0.5,weighted_crc,segformer_b2_cityscapes,cityscapes_val_half,182
1.0,1000,False,0.0,0.0,1.0,0.66,170,334,0.0,False,0.0,0.0,0.0,18.835362183887234,0.4660224880104347,81,person,0.05,0.1,weighted_crc,segformer_b2_cityscapes,cityscapes_val_half,204
1.0,1000,False,0.0,0.0,1.0,0.66,170,334,0.0,False,0.0,0.0,0.0,18.835362183887234,0.4660224880104347,81,person,0.1,0.1,weighted_crc,segformer_b2_cityscapes,cityscapes_val_half,204
1.0,1000,False,0.0,0.0,1.0,0.66,170,334,0.0,False,0.0,0.0,0.0,18.835362183887234,0.4660224880104347,81,person,0.2,0.1,weighted_crc,segformer_b2_cityscapes,cityscapes_val_half,204
1.0,1000,False,0.0,0.0,1.0,0.66,170,334,0.0,False,0.0,0.0,0.0,18.835362183887234,0.4660224880104347,81,person,0.05,0.5,weighted_crc,segformer_b2_cityscapes,cityscapes_val_half,204
1.0,1000,False,0.0,0.0,1.0,0.66,170,334,0.0,False,0.0,0.0,0.0,18.835362183887234,0.4660224880104347,81,person,0.1,0.5,weighted_crc,segformer_b2_cityscapes,cityscapes_val_half,204
1.0,1000,False,0.0,0.0,1.0,0.66,170,334,0.0,False,0.0,0.0,0.0,18.835362183887234,0.4660224880104347,81,person,0.2,0.5,weighted_crc,segformer_b2_cityscapes,cityscapes_val_half,204
1.0,1000,False,0.0,0.0,1.0,0.944,28,38,0.0,False,0.0,0.0,0.0,1.941060829116687,0.41761973392917817,81,rider,0.05,0.1,weighted_crc,segformer_b2_cityscapes,cityscapes_val_half,128
1.0,1000,False,0.0,0.0,1.0,0.944,28,38,0.0,False,0.0,0.0,0.0,1.941060829116687,0.41761973392917817,81,rider,0.1,0.1,weighted_crc,segformer_b2_cityscapes,cityscapes_val_half,128
1.0,1000,False,0.0,0.0,1.0,0.944,28,38,0.0,False,0.0,0.0,0.0,1.941060829116687,0.41761973392917817,81,rider,0.2,0.1,weighted_crc,segformer_b2_cityscapes,cityscapes_val_half,128
1.0,1000,False,0.0,0.0,1.0,0.944,28,38,0.0,False,0.0,0.0,0.0,1.941060829116687,0.41761973392917817,81,rider,0.05,0.5,weighted_crc,segformer_b2_cityscapes,cityscapes_val_half,128
1.0,1000,False,0.0,0.0,1.0,0.944,28,38,0.0,False,0.0,0.0,0.0,1.941060829116687,0.41761973392917817,81,rider,0.1,0.5,weighted_crc,segformer_b2_cityscapes,cityscapes_val_half,128
1.0,1000,False,0.0,0.0,1.0,0.944,28,38,0.0,False,0.0,0.0,0.0,1.941060829116687,0.41761973392917817,81,rider,0.2,0.5,weighted_crc,segformer_b2_cityscapes,cityscapes_val_half,128
1.0,1000,False,0.0,0.0,1.0,0.834,83,159,0.0,False,0.0,0.0,0.0,16.614615323018906,0.5145467099522818,81,bicycle,0.05,0.1,weighted_crc,segformer_b2_cityscapes,cityscapes_val_half,178
1.0,1000,False,0.0,0.0,1.0,0.834,83,159,0.0,False,0.0,0.0,0.0,16.614615323018906,0.5145467099522818,81,bicycle,0.1,0.1,weighted_crc,segformer_b2_cityscapes,cityscapes_val_half,178
1.0,1000,False,0.0,0.0,1.0,0.834,83,159,0.0,False,0.0,0.0,0.0,16.614615323018906,0.5145467099522818,81,bicycle,0.2,0.1,weighted_crc,segformer_b2_cityscapes,cityscapes_val_half,178
1.0,1000,False,0.0,0.0,1.0,0.834,83,159,0.0,False,0.0,0.0,0.0,16.614615323018906,0.5145467099522818,81,bicycle,0.05,0.5,weighted_crc,segformer_b2_cityscapes,cityscapes_val_half,178
1.0,1000,False,0.0,0.0,1.0,0.834,83,159,0.0,False,0.0,0.0,0.0,16.614615323018906,0.5145467099522818,81,bicycle,0.1,0.5,weighted_crc,segformer_b2_cityscapes,cityscapes_val_half,178
1.0,1000,False,0.0,0.0,1.0,0.834,83,159,0.0,False,0.0,0.0,0.0,16.614615323018906,0.5145467099522818,81,bicycle,0.2,0.5,weighted_crc,segformer_b2_cityscapes,cityscapes_val_half,178
1.0,1000,False,0.0,0.0,1.0,0.66,170,334,0.0,False,0.0,0.0,0.0,65.58782851272983,0.5431111093060436,82,person,0.05,0.1,weighted_crc,segformer_b2_cityscapes,cityscapes_val_half,202
1.0,1000,False,0.0,0.0,1.0,0.66,170,334,0.0,False,0.0,0.0,0.0,65.58782851272983,0.5431111093060436,82,person,0.1,0.1,weighted_crc,segformer_b2_cityscapes,cityscapes_val_half,202
1.0,1000,False,0.0,0.0,1.0,0.66,170,334,0.0,False,0.0,0.0,0.0,65.58782851272983,0.5431111093060436,82,person,0.2,0.1,weighted_crc,segformer_b2_cityscapes,cityscapes_val_half,202
1.0,1000,False,0.0,0.0,1.0,0.66,170,334,0.0,False,0.0,0.0,0.0,65.58782851272983,0.5431111093060436,82,person,0.05,0.5,weighted_crc,segformer_b2_cityscapes,cityscapes_val_half,202
1.0,1000,False,0.0,0.0,1.0,0.66,170,334,0.0,False,0.0,0.0,0.0,65.58782851272983,0.5431111093060436,82,person,0.1,0.5,weighted_crc,segformer_b2_cityscapes,cityscapes_val_half,202
1.0,1000,False,0.0,0.0,1.0,0.66,170,334,0.0,False,0.0,0.0,0.0,65.58782851272983,0.5431111093060436,82,person,0.2,0.5,weighted_crc,segformer_b2_cityscapes,cityscapes_val_half,202
1.0,1000,False,0.0,0.0,1.0,0.944,28,38,0.0,False,0.0,0.0,0.0,28.750495107023582,0.6014959004082724,82,rider,0.05,0.1,weighted_crc,segformer_b2_cityscapes,cityscapes_val_half,139
1.0,1000,False,0.0,0.0,1.0,0.944,28,38,0.0,False,0.0,0.0,0.0,28.750495107023582,0.6014959004082724,82,rider,0.1,0.1,weighted_crc,segformer_b2_cityscapes,cityscapes_val_half,139
1.0,1000,False,0.0,0.0,1.0,0.944,28,38,0.0,False,0.0,0.0,0.0,28.750495107023582,0.6014959004082724,82,rider,0.2,0.1,weighted_crc,segformer_b2_cityscapes,cityscapes_val_half,139
1.0,1000,False,0.0,0.0,1.0,0.944,28,38,0.0,False,0.0,0.0,0.0,28.750495107023582,0.6014959004082724,82,rider,0.05,0.5,weighted_crc,segformer_b2_cityscapes,cityscapes_val_half,139
1.0,1000,False,0.0,0.0,1.0,0.944,28,38,0.0,False,0.0,0.0,0.0,28.750495107023582,0.6014959004082724,82,rider,0.1,0.5,weighted_crc,segformer_b2_cityscapes,cityscapes_val_half,139
1.0,1000,False,0.0,0.0,1.0,0.944,28,38,0.0,False,0.0,0.0,0.0,28.750495107023582,0.6014959004082724,82,rider,0.2,0.5,weighted_crc,segformer_b2_cityscapes,cityscapes_val_half,139
1.0,1000,False,0.0,0.0,1.0,0.834,83,159,0.0,False,0.0,0.0,0.0,47.36332642924555,0.5580834490155625,82,bicycle,0.05,0.1,weighted_crc,segformer_b2_cityscapes,cityscapes_val_half,179
1.0,1000,False,0.0,0.0,1.0,0.834,83,159,0.0,False,0.0,0.0,0.0,47.36332642924555,0.5580834490155625,82,bicycle,0.1,0.1,weighted_crc,segformer_b2_cityscapes,cityscapes_val_half,179
1.0,1000,False,0.0,0.0,1.0,0.834,83,159,0.0,False,0.0,0.0,0.0,47.36332642924555,0.5580834490155625,82,bicycle,0.2,0.1,weighted_crc,segformer_b2_cityscapes,cityscapes_val_half,179
1.0,1000,False,0.0,0.0,1.0,0.834,83,159,0.0,False,0.0,0.0,0.0,47.36332642924555,0.5580834490155625,82,bicycle,0.05,0.5,weighted_crc,segformer_b2_cityscapes,cityscapes_val_half,179
1.0,1000,False,0.0,0.0,1.0,0.834,83,159,0.0,False,0.0,0.0,0.0,47.36332642924555,0.5580834490155625,82,bicycle,0.1,0.5,weighted_crc,segformer_b2_cityscapes,cityscapes_val_half,179
1.0,1000,False,0.0,0.0,1.0,0.834,83,159,0.0,False,0.0,0.0,0.0,47.36332642924555,0.5580834490155625,82,bicycle,0.2,0.5,weighted_crc,segformer_b2_cityscapes,cityscapes_val_half,179
1.0,1000,False,0.0,0.0,1.0,0.66,170,334,0.0,False,0.0,0.0,0.0,65.24823735242457,0.523596486313095,83,person,0.05,0.1,weighted_crc,segformer_b2_cityscapes,cityscapes_val_half,214
1.0,1000,False,0.0,0.0,1.0,0.66,170,334,0.0,False,0.0,0.0,0.0,65.24823735242457,0.523596486313095,83,person,0.1,0.1,weighted_crc,segformer_b2_cityscapes,cityscapes_val_half,214
1.0,1000,False,0.0,0.0,1.0,0.66,170,334,0.0,False,0.0,0.0,0.0,65.24823735242457,0.523596486313095,83,person,0.2,0.1,weighted_crc,segformer_b2_cityscapes,cityscapes_val_half,214
1.0,1000,False,0.0,0.0,1.0,0.66,170,334,0.0,False,0.0,0.0,0.0,65.24823735242457,0.523596486313095,83,person,0.05,0.5,weighted_crc,segformer_b2_cityscapes,cityscapes_val_half,214
1.0,1000,False,0.0,0.0,1.0,0.66,170,334,0.0,False,0.0,0.0,0.0,65.24823735242457,0.523596486313095,83,person,0.1,0.5,weighted_crc,segformer_b2_cityscapes,cityscapes_val_half,214
1.0,1000,False,0.0,0.0,1.0,0.66,170,334,0.0,False,0.0,0.0,0.0,65.24823735242457,0.523596486313095,83,person,0.2,0.5,weighted_crc,segformer_b2_cityscapes,cityscapes_val_half,214
1.0,1000,False,0.0,0.0,1.0,0.944,28,38,0.0,False,0.0,0.0,0.0,25.24648213172537,0.6114646271945291,83,rider,0.05,0.1,weighted_crc,segformer_b2_cityscapes,cityscapes_val_half,126
1.0,1000,False,0.0,0.0,1.0,0.944,28,38,0.0,False,0.0,0.0,0.0,25.24648213172537,0.6114646271945291,83,rider,0.1,0.1,weighted_crc,segformer_b2_cityscapes,cityscapes_val_half,126
1.0,1000,False,0.0,0.0,1.0,0.944,28,38,0.0,False,0.0,0.0,0.0,25.24648213172537,0.6114646271945291,83,rider,0.2,0.1,weighted_crc,segformer_b2_cityscapes,cityscapes_val_half,126
1.0,1000,False,0.0,0.0,1.0,0.944,28,38,0.0,False,0.0,0.0,0.0,25.24648213172537,0.6114646271945291,83,rider,0.05,0.5,weighted_crc,segformer_b2_cityscapes,cityscapes_val_half,126
1.0,1000,False,0.0,0.0,1.0,0.944,28,38,0.0,False,0.0,0.0,0.0,25.24648213172537,0.6114646271945291,83,rider,0.1,0.5,weighted_crc,segformer_b2_cityscapes,cityscapes_val_half,126
1.0,1000,False,0.0,0.0,1.0,0.944,28,38,0.0,False,0.0,0.0,0.0,25.24648213172537,0.6114646271945291,83,rider,0.2,0.5,weighted_crc,segformer_b2_cityscapes,cityscapes_val_half,126
1.0,1000,False,0.0,0.0,1.0,0.834,83,159,0.0,False,0.0,0.0,0.0,51.262801804707976,0.5564040485357691,83,bicycle,0.05,0.1,weighted_crc,segformer_b2_cityscapes,cityscapes_val_half,174
1.0,1000,False,0.0,0.0,1.0,0.834,83,159,0.0,False,0.0,0.0,0.0,51.262801804707976,0.5564040485357691,83,bicycle,0.1,0.1,weighted_crc,segformer_b2_cityscapes,cityscapes_val_half,174
1.0,1000,False,0.0,0.0,1.0,0.834,83,159,0.0,False,0.0,0.0,0.0,51.262801804707976,0.5564040485357691,83,bicycle,0.2,0.1,weighted_crc,segformer_b2_cityscapes,cityscapes_val_half,174
1.0,1000,False,0.0,0.0,1.0,0.834,83,159,0.0,False,0.0,0.0,0.0,51.262801804707976,0.5564040485357691,83,bicycle,0.05,0.5,weighted_crc,segformer_b2_cityscapes,cityscapes_val_half,174
1.0,1000,False,0.0,0.0,1.0,0.834,83,159,0.0,False,0.0,0.0,0.0,51.262801804707976,0.5564040485357691,83,bicycle,0.1,0.5,weighted_crc,segformer_b2_cityscapes,cityscapes_val_half,174
1.0,1000,False,0.0,0.0,1.0,0.834,83,159,0.0,False,0.0,0.0,0.0,51.262801804707976,0.5564040485357691,83,bicycle,0.2,0.5,weighted_crc,segformer_b2_cityscapes,cityscapes_val_half,174
1.0,1000,False,0.0,0.0,1.0,0.66,170,334,0.0,False,0.0,0.0,0.0,42.84153314738881,0.5058810955690392,84,person,0.05,0.1,weighted_crc,segformer_b2_cityscapes,cityscapes_val_half,203
1.0,1000,False,0.0,0.0,1.0,0.66,170,334,0.0,False,0.0,0.0,0.0,42.84153314738881,0.5058810955690392,84,person,0.1,0.1,weighted_crc,segformer_b2_cityscapes,cityscapes_val_half,203
1.0,1000,False,0.0,0.0,1.0,0.66,170,334,0.0,False,0.0,0.0,0.0,42.84153314738881,0.5058810955690392,84,person,0.2,0.1,weighted_crc,segformer_b2_cityscapes,cityscapes_val_half,203
1.0,1000,False,0.0,0.0,1.0,0.66,170,334,0.0,False,0.0,0.0,0.0,42.84153314738881,0.5058810955690392,84,person,0.05,0.5,weighted_crc,segformer_b2_cityscapes,cityscapes_val_half,203
1.0,1000,False,0.0,0.0,1.0,0.66,170,334,0.0,False,0.0,0.0,0.0,42.84153314738881,0.5058810955690392,84,person,0.1,0.5,weighted_crc,segformer_b2_cityscapes,cityscapes_val_half,203
1.0,1000,False,0.0,0.0,1.0,0.66,170,334,0.0,False,0.0,0.0,0.0,42.84153314738881,0.5058810955690392,84,person,0.2,0.5,weighted_crc,segformer_b2_cityscapes,cityscapes_val_half,203
1.0,1000,False,0.0,0.0,1.0,0.944,28,38,0.0,False,0.0,0.0,0.0,14.208264554614725,0.6019965197270345,84,rider,0.05,0.1,weighted_crc,segformer_b2_cityscapes,cityscapes_val_half,120
1.0,1000,False,0.0,0.0,1.0,0.944,28,38,0.0,False,0.0,0.0,0.0,14.208264554614725,0.6019965197270345,84,rider,0.1,0.1,weighted_crc,segformer_b2_cityscapes,cityscapes_val_half,120
1.0,1000,False,0.0,0.0,1.0,0.944,28,38,0.0,False,0.0,0.0,0.0,14.208264554614725,0.6019965197270345,84,rider,0.2,0.1,weighted_crc,segformer_b2_cityscapes,cityscapes_val_half,120
1.0,1000,False,0.0,0.0,1.0,0.944,28,38,0.0,False,0.0,0.0,0.0,14.208264554614725,0.6019965197270345,84,rider,0.05,0.5,weighted_crc,segformer_b2_cityscapes,cityscapes_val_half,120
1.0,1000,False,0.0,0.0,1.0,0.944,28,38,0.0,False,0.0,0.0,0.0,14.208264554614725,0.6019965197270345,84,rider,0.1,0.5,weighted_crc,segformer_b2_cityscapes,cityscapes_val_half,120
1.0,1000,False,0.0,0.0,1.0,0.944,28,38,0.0,False,0.0,0.0,0.0,14.208264554614725,0.6019965197270345,84,rider,0.2,0.5,weighted_crc,segformer_b2_cityscapes,cityscapes_val_half,120
1.0,1000,False,0.0,0.0,1.0,0.834,83,159,0.0,False,0.0,0.0,0.0,29.777116147860998,0.5610360617366807,84,bicycle,0.05,0.1,weighted_crc,segformer_b2_cityscapes,cityscapes_val_half,170
1.0,1000,False,0.0,0.0,1.0,0.834,83,159,0.0,False,0.0,0.0,0.0,29.777116147860998,0.5610360617366807,84,bicycle,0.1,0.1,weighted_crc,segformer_b2_cityscapes,cityscapes_val_half,170
1.0,1000,False,0.0,0.0,1.0,0.834,83,159,0.0,False,0.0,0.0,0.0,29.777116147860998,0.5610360617366807,84,bicycle,0.2,0.1,weighted_crc,segformer_b2_cityscapes,cityscapes_val_half,170
1.0,1000,False,0.0,0.0,1.0,0.834,83,159,0.0,False,0.0,0.0,0.0,29.777116147860998,0.5610360617366807,84,bicycle,0.05,0.5,weighted_crc,segformer_b2_cityscapes,cityscapes_val_half,170
1.0,1000,False,0.0,0.0,1.0,0.834,83,159,0.0,False,0.0,0.0,0.0,29.777116147860998,0.5610360617366807,84,bicycle,0.1,0.5,weighted_crc,segformer_b2_cityscapes,cityscapes_val_half,170
1.0,1000,False,0.0,0.0,1.0,0.834,83,159,0.0,False,0.0,0.0,0.0,29.777116147860998,0.5610360617366807,84,bicycle,0.2,0.5,weighted_crc,segformer_b2_cityscapes,cityscapes_val_half,170
1.0,1000,False,0.0,0.0,1.0,0.66,170,334,0.0,False,0.0,0.0,0.0,34.23958268571063,0.4803867406034742,85,person,0.05,0.1,weighted_crc,segformer_b2_cityscapes,cityscapes_val_half,210
1.0,1000,False,0.0,0.0,1.0,0.66,170,334,0.0,False,0.0,0.0,0.0,34.23958268571063,0.4803867406034742,85,person,0.1,0.1,weighted_crc,segformer_b2_cityscapes,cityscapes_val_half,210
1.0,1000,False,0.0,0.0,1.0,0.66,170,334,0.0,False,0.0,0.0,0.0,34.23958268571063,0.4803867406034742,85,person,0.2,0.1,weighted_crc,segformer_b2_cityscapes,cityscapes_val_half,210
1.0,1000,False,0.0,0.0,1.0,0.66,170,334,0.0,False,0.0,0.0,0.0,34.23958268571063,0.4803867406034742,85,person,0.05,0.5,weighted_crc,segformer_b2_cityscapes,cityscapes_val_half,210
1.0,1000,False,0.0,0.0,1.0,0.66,170,334,0.0,False,0.0,0.0,0.0,34.23958268571063,0.4803867406034742,85,person,0.1,0.5,weighted_crc,segformer_b2_cityscapes,cityscapes_val_half,210
1.0,1000,False,0.0,0.0,1.0,0.66,170,334,0.0,False,0.0,0.0,0.0,34.23958268571063,0.4803867406034742,85,person,0.2,0.5,weighted_crc,segformer_b2_cityscapes,cityscapes_val_half,210
1.0,1000,False,0.0,0.0,1.0,0.944,28,38,0.0,False,0.0,0.0,0.0,22.115004537792004,0.5978262228634998,85,rider,0.05,0.1,weighted_crc,segformer_b2_cityscapes,cityscapes_val_half,124
1.0,1000,False,0.0,0.0,1.0,0.944,28,38,0.0,False,0.0,0.0,0.0,22.115004537792004,0.5978262228634998,85,rider,0.1,0.1,weighted_crc,segformer_b2_cityscapes,cityscapes_val_half,124
1.0,1000,False,0.0,0.0,1.0,0.944,28,38,0.0,False,0.0,0.0,0.0,22.115004537792004,0.5978262228634998,85,rider,0.2,0.1,weighted_crc,segformer_b2_cityscapes,cityscapes_val_half,124
1.0,1000,False,0.0,0.0,1.0,0.944,28,38,0.0,False,0.0,0.0,0.0,22.115004537792004,0.5978262228634998,85,rider,0.05,0.5,weighted_crc,segformer_b2_cityscapes,cityscapes_val_half,124
1.0,1000,False,0.0,0.0,1.0,0.944,28,38,0.0,False,0.0,0.0,0.0,22.115004537792004,0.5978262228634998,85,rider,0.1,0.5,weighted_crc,segformer_b2_cityscapes,cityscapes_val_half,124
1.0,1000,False,0.0,0.0,1.0,0.944,28,38,0.0,False,0.0,0.0,0.0,22.115004537792004,0.5978262228634998,85,rider,0.2,0.5,weighted_crc,segformer_b2_cityscapes,cityscapes_val_half,124
1.0,1000,False,0.0,0.0,1.0,0.834,83,159,0.0,False,0.0,0.0,0.0,25.280371813814956,0.5285236643556063,85,bicycle,0.05,0.1,weighted_crc,segformer_b2_cityscapes,cityscapes_val_half,171
1.0,1000,False,0.0,0.0,1.0,0.834,83,159,0.0,False,0.0,0.0,0.0,25.280371813814956,0.5285236643556063,85,bicycle,0.1,0.1,weighted_crc,segformer_b2_cityscapes,cityscapes_val_half,171
1.0,1000,False,0.0,0.0,1.0,0.834,83,159,0.0,False,0.0,0.0,0.0,25.280371813814956,0.5285236643556063,85,bicycle,0.2,0.1,weighted_crc,segformer_b2_cityscapes,cityscapes_val_half,171
1.0,1000,False,0.0,0.0,1.0,0.834,83,159,0.0,False,0.0,0.0,0.0,25.280371813814956,0.5285236643556063,85,bicycle,0.05,0.5,weighted_crc,segformer_b2_cityscapes,cityscapes_val_half,171
1.0,1000,False,0.0,0.0,1.0,0.834,83,159,0.0,False,0.0,0.0,0.0,25.280371813814956,0.5285236643556063,85,bicycle,0.1,0.5,weighted_crc,segformer_b2_cityscapes,cityscapes_val_half,171
1.0,1000,False,0.0,0.0,1.0,0.834,83,159,0.0,False,0.0,0.0,0.0,25.280371813814956,0.5285236643556063,85,bicycle,0.2,0.5,weighted_crc,segformer_b2_cityscapes,cityscapes_val_half,171
1.0,1000,False,0.0,0.0,1.0,0.66,170,334,0.0,False,0.0,0.0,0.0,44.90234786148428,0.5134250023983116,86,person,0.05,0.1,weighted_crc,segformer_b2_cityscapes,cityscapes_val_half,188
1.0,1000,False,0.0,0.0,1.0,0.66,170,334,0.0,False,0.0,0.0,0.0,44.90234786148428,0.5134250023983116,86,person,0.1,0.1,weighted_crc,segformer_b2_cityscapes,cityscapes_val_half,188
1.0,1000,False,0.0,0.0,1.0,0.66,170,334,0.0,False,0.0,0.0,0.0,44.90234786148428,0.5134250023983116,86,person,0.2,0.1,weighted_crc,segformer_b2_cityscapes,cityscapes_val_half,188
1.0,1000,False,0.0,0.0,1.0,0.66,170,334,0.0,False,0.0,0.0,0.0,44.90234786148428,0.5134250023983116,86,person,0.05,0.5,weighted_crc,segformer_b2_cityscapes,cityscapes_val_half,188
1.0,1000,False,0.0,0.0,1.0,0.66,170,334,0.0,False,0.0,0.0,0.0,44.90234786148428,0.5134250023983116,86,person,0.1,0.5,weighted_crc,segformer_b2_cityscapes,cityscapes_val_half,188
1.0,1000,False,0.0,0.0,1.0,0.66,170,334,0.0,False,0.0,0.0,0.0,44.90234786148428,0.5134250023983116,86,person,0.2,0.5,weighted_crc,segformer_b2_cityscapes,cityscapes_val_half,188
1.0,1000,False,0.0,0.0,1.0,0.944,28,38,0.0,False,0.0,0.0,0.0,19.849622138582763,0.603604111256379,86,rider,0.05,0.1,weighted_crc,segformer_b2_cityscapes,cityscapes_val_half,124
1.0,1000,False,0.0,0.0,1.0,0.944,28,38,0.0,False,0.0,0.0,0.0,19.849622138582763,0.603604111256379,86,rider,0.1,0.1,weighted_crc,segformer_b2_cityscapes,cityscapes_val_half,124
1.0,1000,False,0.0,0.0,1.0,0.944,28,38,0.0,False,0.0,0.0,0.0,19.849622138582763,0.603604111256379,86,rider,0.2,0.1,weighted_crc,segformer_b2_cityscapes,cityscapes_val_half,124
1.0,1000,False,0.0,0.0,1.0,0.944,28,38,0.0,False,0.0,0.0,0.0,19.849622138582763,0.603604111256379,86,rider,0.05,0.5,weighted_crc,segformer_b2_cityscapes,cityscapes_val_half,124
1.0,1000,False,0.0,0.0,1.0,0.944,28,38,0.0,False,0.0,0.0,0.0,19.849622138582763,0.603604111256379,86,rider,0.1,0.5,weighted_crc,segformer_b2_cityscapes,cityscapes_val_half,124
1.0,1000,False,0.0,0.0,1.0,0.944,28,38,0.0,False,0.0,0.0,0.0,19.849622138582763,0.603604111256379,86,rider,0.2,0.5,weighted_crc,segformer_b2_cityscapes,cityscapes_val_half,124
1.0,1000,False,0.0,0.0,1.0,0.834,83,159,0.0,False,0.0,0.0,0.0,37.53077129362678,0.5471391581256164,86,bicycle,0.05,0.1,weighted_crc,segformer_b2_cityscapes,cityscapes_val_half,168
1.0,1000,False,0.0,0.0,1.0,0.834,83,159,0.0,False,0.0,0.0,0.0,37.53077129362678,0.5471391581256164,86,bicycle,0.1,0.1,weighted_crc,segformer_b2_cityscapes,cityscapes_val_half,168
1.0,1000,False,0.0,0.0,1.0,0.834,83,159,0.0,False,0.0,0.0,0.0,37.53077129362678,0.5471391581256164,86,bicycle,0.2,0.1,weighted_crc,segformer_b2_cityscapes,cityscapes_val_half,168
1.0,1000,False,0.0,0.0,1.0,0.834,83,159,0.0,False,0.0,0.0,0.0,37.53077129362678,0.5471391581256164,86,bicycle,0.05,0.5,weighted_crc,segformer_b2_cityscapes,cityscapes_val_half,168
1.0,1000,False,0.0,0.0,1.0,0.834,83,159,0.0,False,0.0,0.0,0.0,37.53077129362678,0.5471391581256164,86,bicycle,0.1,0.5,weighted_crc,segformer_b2_cityscapes,cityscapes_val_half,168
1.0,1000,False,0.0,0.0,1.0,0.834,83,159,0.0,False,0.0,0.0,0.0,37.53077129362678,0.5471391581256164,86,bicycle,0.2,0.5,weighted_crc,segformer_b2_cityscapes,cityscapes_val_half,168
1.0,1000,False,0.0,0.0,1.0,0.66,170,334,0.0,False,0.0,0.0,0.0,42.46780132203295,0.5225848899218751,87,person,0.05,0.1,weighted_crc,segformer_b2_cityscapes,cityscapes_val_half,201
1.0,1000,False,0.0,0.0,1.0,0.66,170,334,0.0,False,0.0,0.0,0.0,42.46780132203295,0.5225848899218751,87,person,0.1,0.1,weighted_crc,segformer_b2_cityscapes,cityscapes_val_half,201
1.0,1000,False,0.0,0.0,1.0,0.66,170,334,0.0,False,0.0,0.0,0.0,42.46780132203295,0.5225848899218751,87,person,0.2,0.1,weighted_crc,segformer_b2_cityscapes,cityscapes_val_half,201
1.0,1000,False,0.0,0.0,1.0,0.66,170,334,0.0,False,0.0,0.0,0.0,42.46780132203295,0.5225848899218751,87,person,0.05,0.5,weighted_crc,segformer_b2_cityscapes,cityscapes_val_half,201
1.0,1000,False,0.0,0.0,1.0,0.66,170,334,0.0,False,0.0,0.0,0.0,42.46780132203295,0.5225848899218751,87,person,0.1,0.5,weighted_crc,segformer_b2_cityscapes,cityscapes_val_half,201
1.0,1000,False,0.0,0.0,1.0,0.66,170,334,0.0,False,0.0,0.0,0.0,42.46780132203295,0.5225848899218751,87,person,0.2,0.5,weighted_crc,segformer_b2_cityscapes,cityscapes_val_half,201
1.0,1000,False,0.0,0.0,1.0,0.944,28,38,0.0,False,0.0,0.0,0.0,22.596884652017813,0.6148994311266177,87,rider,0.05,0.1,weighted_crc,segformer_b2_cityscapes,cityscapes_val_half,130
1.0,1000,False,0.0,0.0,1.0,0.944,28,38,0.0,False,0.0,0.0,0.0,22.596884652017813,0.6148994311266177,87,rider,0.1,0.1,weighted_crc,segformer_b2_cityscapes,cityscapes_val_half,130
1.0,1000,False,0.0,0.0,1.0,0.944,28,38,0.0,False,0.0,0.0,0.0,22.596884652017813,0.6148994311266177,87,rider,0.2,0.1,weighted_crc,segformer_b2_cityscapes,cityscapes_val_half,130
1.0,1000,False,0.0,0.0,1.0,0.944,28,38,0.0,False,0.0,0.0,0.0,22.596884652017813,0.6148994311266177,87,rider,0.05,0.5,weighted_crc,segformer_b2_cityscapes,cityscapes_val_half,130
1.0,1000,False,0.0,0.0,1.0,0.944,28,38,0.0,False,0.0,0.0,0.0,22.596884652017813,0.6148994311266177,87,rider,0.1,0.5,weighted_crc,segformer_b2_cityscapes,cityscapes_val_half,130
1.0,1000,False,0.0,0.0,1.0,0.944,28,38,0.0,False,0.0,0.0,0.0,22.596884652017813,0.6148994311266177,87,rider,0.2,0.5,weighted_crc,segformer_b2_cityscapes,cityscapes_val_half,130
1.0,1000,False,0.0,0.0,1.0,0.834,83,159,0.0,False,0.0,0.0,0.0,46.35425943763109,0.5599048038188722,87,bicycle,0.05,0.1,weighted_crc,segformer_b2_cityscapes,cityscapes_val_half,180
1.0,1000,False,0.0,0.0,1.0,0.834,83,159,0.0,False,0.0,0.0,0.0,46.35425943763109,0.5599048038188722,87,bicycle,0.1,0.1,weighted_crc,segformer_b2_cityscapes,cityscapes_val_half,180
1.0,1000,False,0.0,0.0,1.0,0.834,83,159,0.0,False,0.0,0.0,0.0,46.35425943763109,0.5599048038188722,87,bicycle,0.2,0.1,weighted_crc,segformer_b2_cityscapes,cityscapes_val_half,180
1.0,1000,False,0.0,0.0,1.0,0.834,83,159,0.0,False,0.0,0.0,0.0,46.35425943763109,0.5599048038188722,87,bicycle,0.05,0.5,weighted_crc,segformer_b2_cityscapes,cityscapes_val_half,180
1.0,1000,False,0.0,0.0,1.0,0.834,83,159,0.0,False,0.0,0.0,0.0,46.35425943763109,0.5599048038188722,87,bicycle,0.1,0.5,weighted_crc,segformer_b2_cityscapes,cityscapes_val_half,180
1.0,1000,False,0.0,0.0,1.0,0.834,83,159,0.0,False,0.0,0.0,0.0,46.35425943763109,0.5599048038188722,87,bicycle,0.2,0.5,weighted_crc,segformer_b2_cityscapes,cityscapes_val_half,180
1.0,1000,False,0.0,0.0,1.0,0.66,170,334,0.0,False,0.0,0.0,0.0,48.39248471370112,0.5149290816114098,88,person,0.05,0.1,weighted_crc,segformer_b2_cityscapes,cityscapes_val_half,208
1.0,1000,False,0.0,0.0,1.0,0.66,170,334,0.0,False,0.0,0.0,0.0,48.39248471370112,0.5149290816114098,88,person,0.1,0.1,weighted_crc,segformer_b2_cityscapes,cityscapes_val_half,208
1.0,1000,False,0.0,0.0,1.0,0.66,170,334,0.0,False,0.0,0.0,0.0,48.39248471370112,0.5149290816114098,88,person,0.2,0.1,weighted_crc,segformer_b2_cityscapes,cityscapes_val_half,208
1.0,1000,False,0.0,0.0,1.0,0.66,170,334,0.0,False,0.0,0.0,0.0,48.39248471370112,0.5149290816114098,88,person,0.05,0.5,weighted_crc,segformer_b2_cityscapes,cityscapes_val_half,208
1.0,1000,False,0.0,0.0,1.0,0.66,170,334,0.0,False,0.0,0.0,0.0,48.39248471370112,0.5149290816114098,88,person,0.1,0.5,weighted_crc,segformer_b2_cityscapes,cityscapes_val_half,208
1.0,1000,False,0.0,0.0,1.0,0.66,170,334,0.0,False,0.0,0.0,0.0,48.39248471370112,0.5149290816114098,88,person,0.2,0.5,weighted_crc,segformer_b2_cityscapes,cityscapes_val_half,208
1.0,1000,False,0.0,0.0,1.0,0.944,28,38,0.0,False,0.0,0.0,0.0,26.034613642055948,0.6069577138520272,88,rider,0.05,0.1,weighted_crc,segformer_b2_cityscapes,cityscapes_val_half,124
1.0,1000,False,0.0,0.0,1.0,0.944,28,38,0.0,False,0.0,0.0,0.0,26.034613642055948,0.6069577138520272,88,rider,0.1,0.1,weighted_crc,segformer_b2_cityscapes,cityscapes_val_half,124
1.0,1000,False,0.0,0.0,1.0,0.944,28,38,0.0,False,0.0,0.0,0.0,26.034613642055948,0.6069577138520272,88,rider,0.2,0.1,weighted_crc,segformer_b2_cityscapes,cityscapes_val_half,124
1.0,1000,False,0.0,0.0,1.0,0.944,28,38,0.0,False,0.0,0.0,0.0,26.034613642055948,0.6069577138520272,88,rider,0.05,0.5,weighted_crc,segformer_b2_cityscapes,cityscapes_val_half,124
1.0,1000,False,0.0,0.0,1.0,0.944,28,38,0.0,False,0.0,0.0,0.0,26.034613642055948,0.6069577138520272,88,rider,0.1,0.5,weighted_crc,segformer_b2_cityscapes,cityscapes_val_half,124
1.0,1000,False,0.0,0.0,1.0,0.944,28,38,0.0,False,0.0,0.0,0.0,26.034613642055948,0.6069577138520272,88,rider,0.2,0.5,weighted_crc,segformer_b2_cityscapes,cityscapes_val_half,124
1.0,1000,False,0.0,0.0,1.0,0.834,83,159,0.0,False,0.0,0.0,0.0,34.26651069096041,0.5502195551249006,88,bicycle,0.05,0.1,weighted_crc,segformer_b2_cityscapes,cityscapes_val_half,175
1.0,1000,False,0.0,0.0,1.0,0.834,83,159,0.0,False,0.0,0.0,0.0,34.26651069096041,0.5502195551249006,88,bicycle,0.1,0.1,weighted_crc,segformer_b2_cityscapes,cityscapes_val_half,175
1.0,1000,False,0.0,0.0,1.0,0.834,83,159,0.0,False,0.0,0.0,0.0,34.26651069096041,0.5502195551249006,88,bicycle,0.2,0.1,weighted_crc,segformer_b2_cityscapes,cityscapes_val_half,175
1.0,1000,False,0.0,0.0,1.0,0.834,83,159,0.0,False,0.0,0.0,0.0,34.26651069096041,0.5502195551249006,88,bicycle,0.05,0.5,weighted_crc,segformer_b2_cityscapes,cityscapes_val_half,175
1.0,1000,False,0.0,0.0,1.0,0.834,83,159,0.0,False,0.0,0.0,0.0,34.26651069096041,0.5502195551249006,88,bicycle,0.1,0.5,weighted_crc,segformer_b2_cityscapes,cityscapes_val_half,175
1.0,1000,False,0.0,0.0,1.0,0.834,83,159,0.0,False,0.0,0.0,0.0,34.26651069096041,0.5502195551249006,88,bicycle,0.2,0.5,weighted_crc,segformer_b2_cityscapes,cityscapes_val_half,175
1.0,1000,False,0.0,0.0,1.0,0.66,170,334,0.0,False,0.0,0.0,0.0,34.12805373102858,0.4775742086505626,89,person,0.05,0.1,weighted_crc,segformer_b2_cityscapes,cityscapes_val_half,195
1.0,1000,False,0.0,0.0,1.0,0.66,170,334,0.0,False,0.0,0.0,0.0,34.12805373102858,0.4775742086505626,89,person,0.1,0.1,weighted_crc,segformer_b2_cityscapes,cityscapes_val_half,195
1.0,1000,False,0.0,0.0,1.0,0.66,170,334,0.0,False,0.0,0.0,0.0,34.12805373102858,0.4775742086505626,89,person,0.2,0.1,weighted_crc,segformer_b2_cityscapes,cityscapes_val_half,195
1.0,1000,False,0.0,0.0,1.0,0.66,170,334,0.0,False,0.0,0.0,0.0,34.12805373102858,0.4775742086505626,89,person,0.05,0.5,weighted_crc,segformer_b2_cityscapes,cityscapes_val_half,195
1.0,1000,False,0.0,0.0,1.0,0.66,170,334,0.0,False,0.0,0.0,0.0,34.12805373102858,0.4775742086505626,89,person,0.1,0.5,weighted_crc,segformer_b2_cityscapes,cityscapes_val_half,195
1.0,1000,False,0.0,0.0,1.0,0.66,170,334,0.0,False,0.0,0.0,0.0,34.12805373102858,0.4775742086505626,89,person,0.2,0.5,weighted_crc,segformer_b2_cityscapes,cityscapes_val_half,195
1.0,1000,False,0.0,0.0,1.0,0.944,28,38,0.0,False,0.0,0.0,0.0,13.87284224603181,0.5527028485252046,89,rider,0.05,0.1,weighted_crc,segformer_b2_cityscapes,cityscapes_val_half,128
1.0,1000,False,0.0,0.0,1.0,0.944,28,38,0.0,False,0.0,0.0,0.0,13.87284224603181,0.5527028485252046,89,rider,0.1,0.1,weighted_crc,segformer_b2_cityscapes,cityscapes_val_half,128
1.0,1000,False,0.0,0.0,1.0,0.944,28,38,0.0,False,0.0,0.0,0.0,13.87284224603181,0.5527028485252046,89,rider,0.2,0.1,weighted_crc,segformer_b2_cityscapes,cityscapes_val_half,128
1.0,1000,False,0.0,0.0,1.0,0.944,28,38,0.0,False,0.0,0.0,0.0,13.87284224603181,0.5527028485252046,89,rider,0.05,0.5,weighted_crc,segformer_b2_cityscapes,cityscapes_val_half,128
1.0,1000,False,0.0,0.0,1.0,0.944,28,38,0.0,False,0.0,0.0,0.0,13.87284224603181,0.5527028485252046,89,rider,0.1,0.5,weighted_crc,segformer_b2_cityscapes,cityscapes_val_half,128
1.0,1000,False,0.0,0.0,1.0,0.944,28,38,0.0,False,0.0,0.0,0.0,13.87284224603181,0.5527028485252046,89,rider,0.2,0.5,weighted_crc,segformer_b2_cityscapes,cityscapes_val_half,128
1.0,1000,False,0.0,0.0,1.0,0.834,83,159,0.0,False,0.0,0.0,0.0,30.68955151003988,0.5276284139207219,89,bicycle,0.05,0.1,weighted_crc,segformer_b2_cityscapes,cityscapes_val_half,174
1.0,1000,False,0.0,0.0,1.0,0.834,83,159,0.0,False,0.0,0.0,0.0,30.68955151003988,0.5276284139207219,89,bicycle,0.1,0.1,weighted_crc,segformer_b2_cityscapes,cityscapes_val_half,174
1.0,1000,False,0.0,0.0,1.0,0.834,83,159,0.0,False,0.0,0.0,0.0,30.68955151003988,0.5276284139207219,89,bicycle,0.2,0.1,weighted_crc,segformer_b2_cityscapes,cityscapes_val_half,174
1.0,1000,False,0.0,0.0,1.0,0.834,83,159,0.0,False,0.0,0.0,0.0,30.68955151003988,0.5276284139207219,89,bicycle,0.05,0.5,weighted_crc,segformer_b2_cityscapes,cityscapes_val_half,174
1.0,1000,False,0.0,0.0,1.0,0.834,83,159,0.0,False,0.0,0.0,0.0,30.68955151003988,0.5276284139207219,89,bicycle,0.1,0.5,weighted_crc,segformer_b2_cityscapes,cityscapes_val_half,174
1.0,1000,False,0.0,0.0,1.0,0.834,83,159,0.0,False,0.0,0.0,0.0,30.68955151003988,0.5276284139207219,89,bicycle,0.2,0.5,weighted_crc,segformer_b2_cityscapes,cityscapes_val_half,174
1.0,1000,False,0.0,0.0,1.0,0.66,170,334,0.0,False,0.0,0.0,0.0,32.69147640722259,0.5182137253862978,90,person,0.05,0.1,weighted_crc,segformer_b2_cityscapes,cityscapes_val_half,199
1.0,1000,False,0.0,0.0,1.0,0.66,170,334,0.0,False,0.0,0.0,0.0,32.69147640722259,0.5182137253862978,90,person,0.1,0.1,weighted_crc,segformer_b2_cityscapes,cityscapes_val_half,199
1.0,1000,False,0.0,0.0,1.0,0.66,170,334,0.0,False,0.0,0.0,0.0,32.69147640722259,0.5182137253862978,90,person,0.2,0.1,weighted_crc,segformer_b2_cityscapes,cityscapes_val_half,199
1.0,1000,False,0.0,0.0,1.0,0.66,170,334,0.0,False,0.0,0.0,0.0,32.69147640722259,0.5182137253862978,90,person,0.05,0.5,weighted_crc,segformer_b2_cityscapes,cityscapes_val_half,199
1.0,1000,False,0.0,0.0,1.0,0.66,170,334,0.0,False,0.0,0.0,0.0,32.69147640722259,0.5182137253862978,90,person,0.1,0.5,weighted_crc,segformer_b2_cityscapes,cityscapes_val_half,199
1.0,1000,False,0.0,0.0,1.0,0.66,170,334,0.0,False,0.0,0.0,0.0,32.69147640722259,0.5182137253862978,90,person,0.2,0.5,weighted_crc,segformer_b2_cityscapes,cityscapes_val_half,199
1.0,1000,False,0.0,0.0,1.0,0.944,28,38,0.0,False,0.0,0.0,0.0,5.2729235339852565,0.5053771575137798,90,rider,0.05,0.1,weighted_crc,segformer_b2_cityscapes,cityscapes_val_half,125
1.0,1000,False,0.0,0.0,1.0,0.944,28,38,0.0,False,0.0,0.0,0.0,5.2729235339852565,0.5053771575137798,90,rider,0.1,0.1,weighted_crc,segformer_b2_cityscapes,cityscapes_val_half,125
1.0,1000,False,0.0,0.0,1.0,0.944,28,38,0.0,False,0.0,0.0,0.0,5.2729235339852565,0.5053771575137798,90,rider,0.2,0.1,weighted_crc,segformer_b2_cityscapes,cityscapes_val_half,125
1.0,1000,False,0.0,0.0,1.0,0.944,28,38,0.0,False,0.0,0.0,0.0,5.2729235339852565,0.5053771575137798,90,rider,0.05,0.5,weighted_crc,segformer_b2_cityscapes,cityscapes_val_half,125
1.0,1000,False,0.0,0.0,1.0,0.944,28,38,0.0,False,0.0,0.0,0.0,5.2729235339852565,0.5053771575137798,90,rider,0.1,0.5,weighted_crc,segformer_b2_cityscapes,cityscapes_val_half,125
1.0,1000,False,0.0,0.0,1.0,0.944,28,38,0.0,False,0.0,0.0,0.0,5.2729235339852565,0.5053771575137798,90,rider,0.2,0.5,weighted_crc,segformer_b2_cityscapes,cityscapes_val_half,125
1.0,1000,False,0.0,0.0,1.0,0.834,83,159,0.0,False,0.0,0.0,0.0,16.993657277566253,0.516212637618111,90,bicycle,0.05,0.1,weighted_crc,segformer_b2_cityscapes,cityscapes_val_half,168
1.0,1000,False,0.0,0.0,1.0,0.834,83,159,0.0,False,0.0,0.0,0.0,16.993657277566253,0.516212637618111,90,bicycle,0.1,0.1,weighted_crc,segformer_b2_cityscapes,cityscapes_val_half,168
1.0,1000,False,0.0,0.0,1.0,0.834,83,159,0.0,False,0.0,0.0,0.0,16.993657277566253,0.516212637618111,90,bicycle,0.2,0.1,weighted_crc,segformer_b2_cityscapes,cityscapes_val_half,168
1.0,1000,False,0.0,0.0,1.0,0.834,83,159,0.0,False,0.0,0.0,0.0,16.993657277566253,0.516212637618111,90,bicycle,0.05,0.5,weighted_crc,segformer_b2_cityscapes,cityscapes_val_half,168
1.0,1000,False,0.0,0.0,1.0,0.834,83,159,0.0,False,0.0,0.0,0.0,16.993657277566253,0.516212637618111,90,bicycle,0.1,0.5,weighted_crc,segformer_b2_cityscapes,cityscapes_val_half,168
1.0,1000,False,0.0,0.0,1.0,0.834,83,159,0.0,False,0.0,0.0,0.0,16.993657277566253,0.516212637618111,90,bicycle,0.2,0.5,weighted_crc,segformer_b2_cityscapes,cityscapes_val_half,168
1.0,1000,False,0.0,0.0,1.0,0.66,170,334,0.0,False,0.0,0.0,0.0,52.19428117553423,0.5342389459824963,91,person,0.05,0.1,weighted_crc,segformer_b2_cityscapes,cityscapes_val_half,202
1.0,1000,False,0.0,0.0,1.0,0.66,170,334,0.0,False,0.0,0.0,0.0,52.19428117553423,0.5342389459824963,91,person,0.1,0.1,weighted_crc,segformer_b2_cityscapes,cityscapes_val_half,202
1.0,1000,False,0.0,0.0,1.0,0.66,170,334,0.0,False,0.0,0.0,0.0,52.19428117553423,0.5342389459824963,91,person,0.2,0.1,weighted_crc,segformer_b2_cityscapes,cityscapes_val_half,202
1.0,1000,False,0.0,0.0,1.0,0.66,170,334,0.0,False,0.0,0.0,0.0,52.19428117553423,0.5342389459824963,91,person,0.05,0.5,weighted_crc,segformer_b2_cityscapes,cityscapes_val_half,202
1.0,1000,False,0.0,0.0,1.0,0.66,170,334,0.0,False,0.0,0.0,0.0,52.19428117553423,0.5342389459824963,91,person,0.1,0.5,weighted_crc,segformer_b2_cityscapes,cityscapes_val_half,202
1.0,1000,False,0.0,0.0,1.0,0.66,170,334,0.0,False,0.0,0.0,0.0,52.19428117553423,0.5342389459824963,91,person,0.2,0.5,weighted_crc,segformer_b2_cityscapes,cityscapes_val_half,202
1.0,1000,False,0.0,0.0,1.0,0.944,28,38,0.0,False,0.0,0.0,0.0,17.9852667500731,0.6023393313190761,91,rider,0.05,0.1,weighted_crc,segformer_b2_cityscapes,cityscapes_val_half,126
1.0,1000,False,0.0,0.0,1.0,0.944,28,38,0.0,False,0.0,0.0,0.0,17.9852667500731,0.6023393313190761,91,rider,0.1,0.1,weighted_crc,segformer_b2_cityscapes,cityscapes_val_half,126
1.0,1000,False,0.0,0.0,1.0,0.944,28,38,0.0,False,0.0,0.0,0.0,17.9852667500731,0.6023393313190761,91,rider,0.2,0.1,weighted_crc,segformer_b2_cityscapes,cityscapes_val_half,126
1.0,1000,False,0.0,0.0,1.0,0.944,28,38,0.0,False,0.0,0.0,0.0,17.9852667500731,0.6023393313190761,91,rider,0.05,0.5,weighted_crc,segformer_b2_cityscapes,cityscapes_val_half,126
1.0,1000,False,0.0,0.0,1.0,0.944,28,38,0.0,False,0.0,0.0,0.0,17.9852667500731,0.6023393313190761,91,rider,0.1,0.5,weighted_crc,segformer_b2_cityscapes,cityscapes_val_half,126
1.0,1000,False,0.0,0.0,1.0,0.944,28,38,0.0,False,0.0,0.0,0.0,17.9852667500731,0.6023393313190761,91,rider,0.2,0.5,weighted_crc,segformer_b2_cityscapes,cityscapes_val_half,126
1.0,1000,False,0.0,0.0,1.0,0.834,83,159,0.0,False,0.0,0.0,0.0,42.22264064747059,0.5602867934053827,91,bicycle,0.05,0.1,weighted_crc,segformer_b2_cityscapes,cityscapes_val_half,174
1.0,1000,False,0.0,0.0,1.0,0.834,83,159,0.0,False,0.0,0.0,0.0,42.22264064747059,0.5602867934053827,91,bicycle,0.1,0.1,weighted_crc,segformer_b2_cityscapes,cityscapes_val_half,174
1.0,1000,False,0.0,0.0,1.0,0.834,83,159,0.0,False,0.0,0.0,0.0,42.22264064747059,0.5602867934053827,91,bicycle,0.2,0.1,weighted_crc,segformer_b2_cityscapes,cityscapes_val_half,174
1.0,1000,False,0.0,0.0,1.0,0.834,83,159,0.0,False,0.0,0.0,0.0,42.22264064747059,0.5602867934053827,91,bicycle,0.05,0.5,weighted_crc,segformer_b2_cityscapes,cityscapes_val_half,174
1.0,1000,False,0.0,0.0,1.0,0.834,83,159,0.0,False,0.0,0.0,0.0,42.22264064747059,0.5602867934053827,91,bicycle,0.1,0.5,weighted_crc,segformer_b2_cityscapes,cityscapes_val_half,174
1.0,1000,False,0.0,0.0,1.0,0.834,83,159,0.0,False,0.0,0.0,0.0,42.22264064747059,0.5602867934053827,91,bicycle,0.2,0.5,weighted_crc,segformer_b2_cityscapes,cityscapes_val_half,174
1.0,1000,False,0.0,0.0,1.0,0.66,170,334,0.0,False,0.0,0.0,0.0,40.38380766238896,0.515013916872968,92,person,0.05,0.1,weighted_crc,segformer_b2_cityscapes,cityscapes_val_half,200
1.0,1000,False,0.0,0.0,1.0,0.66,170,334,0.0,False,0.0,0.0,0.0,40.38380766238896,0.515013916872968,92,person,0.1,0.1,weighted_crc,segformer_b2_cityscapes,cityscapes_val_half,200
1.0,1000,False,0.0,0.0,1.0,0.66,170,334,0.0,False,0.0,0.0,0.0,40.38380766238896,0.515013916872968,92,person,0.2,0.1,weighted_crc,segformer_b2_cityscapes,cityscapes_val_half,200
1.0,1000,False,0.0,0.0,1.0,0.66,170,334,0.0,False,0.0,0.0,0.0,40.38380766238896,0.515013916872968,92,person,0.05,0.5,weighted_crc,segformer_b2_cityscapes,cityscapes_val_half,200
1.0,1000,False,0.0,0.0,1.0,0.66,170,334,0.0,False,0.0,0.0,0.0,40.38380766238896,0.515013916872968,92,person,0.1,0.5,weighted_crc,segformer_b2_cityscapes,cityscapes_val_half,200
1.0,1000,False,0.0,0.0,1.0,0.66,170,334,0.0,False,0.0,0.0,0.0,40.38380766238896,0.515013916872968,92,person,0.2,0.5,weighted_crc,segformer_b2_cityscapes,cityscapes_val_half,200
1.0,1000,False,0.0,0.0,1.0,0.944,28,38,0.0,False,0.0,0.0,0.0,17.997008928664208,0.6131308138535314,92,rider,0.05,0.1,weighted_crc,segformer_b2_cityscapes,cityscapes_val_half,119
1.0,1000,False,0.0,0.0,1.0,0.944,28,38,0.0,False,0.0,0.0,0.0,17.997008928664208,0.6131308138535314,92,rider,0.1,0.1,weighted_crc,segformer_b2_cityscapes,cityscapes_val_half,119
1.0,1000,False,0.0,0.0,1.0,0.944,28,38,0.0,False,0.0,0.0,0.0,17.997008928664208,0.6131308138535314,92,rider,0.2,0.1,weighted_crc,segformer_b2_cityscapes,cityscapes_val_half,119
1.0,1000,False,0.0,0.0,1.0,0.944,28,38,0.0,False,0.0,0.0,0.0,17.997008928664208,0.6131308138535314,92,rider,0.05,0.5,weighted_crc,segformer_b2_cityscapes,cityscapes_val_half,119
1.0,1000,False,0.0,0.0,1.0,0.944,28,38,0.0,False,0.0,0.0,0.0,17.997008928664208,0.6131308138535314,92,rider,0.1,0.5,weighted_crc,segformer_b2_cityscapes,cityscapes_val_half,119
1.0,1000,False,0.0,0.0,1.0,0.944,28,38,0.0,False,0.0,0.0,0.0,17.997008928664208,0.6131308138535314,92,rider,0.2,0.5,weighted_crc,segformer_b2_cityscapes,cityscapes_val_half,119
1.0,1000,False,0.0,0.0,1.0,0.834,83,159,0.0,False,0.0,0.0,0.0,27.75220613813631,0.5804621710164685,92,bicycle,0.05,0.1,weighted_crc,segformer_b2_cityscapes,cityscapes_val_half,168
1.0,1000,False,0.0,0.0,1.0,0.834,83,159,0.0,False,0.0,0.0,0.0,27.75220613813631,0.5804621710164685,92,bicycle,0.1,0.1,weighted_crc,segformer_b2_cityscapes,cityscapes_val_half,168
1.0,1000,False,0.0,0.0,1.0,0.834,83,159,0.0,False,0.0,0.0,0.0,27.75220613813631,0.5804621710164685,92,bicycle,0.2,0.1,weighted_crc,segformer_b2_cityscapes,cityscapes_val_half,168
1.0,1000,False,0.0,0.0,1.0,0.834,83,159,0.0,False,0.0,0.0,0.0,27.75220613813631,0.5804621710164685,92,bicycle,0.05,0.5,weighted_crc,segformer_b2_cityscapes,cityscapes_val_half,168
1.0,1000,False,0.0,0.0,1.0,0.834,83,159,0.0,False,0.0,0.0,0.0,27.75220613813631,0.5804621710164685,92,bicycle,0.1,0.5,weighted_crc,segformer_b2_cityscapes,cityscapes_val_half,168
1.0,1000,False,0.0,0.0,1.0,0.834,83,159,0.0,False,0.0,0.0,0.0,27.75220613813631,0.5804621710164685,92,bicycle,0.2,0.5,weighted_crc,segformer_b2_cityscapes,cityscapes_val_half,168
1.0,1000,False,0.0,0.0,1.0,0.66,170,334,0.0,False,0.0,0.0,0.0,28.275979970280943,0.49866474770734087,93,person,0.05,0.1,weighted_crc,segformer_b2_cityscapes,cityscapes_val_half,199
1.0,1000,False,0.0,0.0,1.0,0.66,170,334,0.0,False,0.0,0.0,0.0,28.275979970280943,0.49866474770734087,93,person,0.1,0.1,weighted_crc,segformer_b2_cityscapes,cityscapes_val_half,199
1.0,1000,False,0.0,0.0,1.0,0.66,170,334,0.0,False,0.0,0.0,0.0,28.275979970280943,0.49866474770734087,93,person,0.2,0.1,weighted_crc,segformer_b2_cityscapes,cityscapes_val_half,199
1.0,1000,False,0.0,0.0,1.0,0.66,170,334,0.0,False,0.0,0.0,0.0,28.275979970280943,0.49866474770734087,93,person,0.05,0.5,weighted_crc,segformer_b2_cityscapes,cityscapes_val_half,199
1.0,1000,False,0.0,0.0,1.0,0.66,170,334,0.0,False,0.0,0.0,0.0,28.275979970280943,0.49866474770734087,93,person,0.1,0.5,weighted_crc,segformer_b2_cityscapes,cityscapes_val_half,199
1.0,1000,False,0.0,0.0,1.0,0.66,170,334,0.0,False,0.0,0.0,0.0,28.275979970280943,0.49866474770734087,93,person,0.2,0.5,weighted_crc,segformer_b2_cityscapes,cityscapes_val_half,199
1.0,1000,False,0.0,0.0,1.0,0.944,28,38,0.0,False,0.0,0.0,0.0,27.19888008192974,0.6303103863975121,93,rider,0.05,0.1,weighted_crc,segformer_b2_cityscapes,cityscapes_val_half,130
1.0,1000,False,0.0,0.0,1.0,0.944,28,38,0.0,False,0.0,0.0,0.0,27.19888008192974,0.6303103863975121,93,rider,0.1,0.1,weighted_crc,segformer_b2_cityscapes,cityscapes_val_half,130
1.0,1000,False,0.0,0.0,1.0,0.944,28,38,0.0,False,0.0,0.0,0.0,27.19888008192974,0.6303103863975121,93,rider,0.2,0.1,weighted_crc,segformer_b2_cityscapes,cityscapes_val_half,130
1.0,1000,False,0.0,0.0,1.0,0.944,28,38,0.0,False,0.0,0.0,0.0,27.19888008192974,0.6303103863975121,93,rider,0.05,0.5,weighted_crc,segformer_b2_cityscapes,cityscapes_val_half,130
1.0,1000,False,0.0,0.0,1.0,0.944,28,38,0.0,False,0.0,0.0,0.0,27.19888008192974,0.6303103863975121,93,rider,0.1,0.5,weighted_crc,segformer_b2_cityscapes,cityscapes_val_half,130
1.0,1000,False,0.0,0.0,1.0,0.944,28,38,0.0,False,0.0,0.0,0.0,27.19888008192974,0.6303103863975121,93,rider,0.2,0.5,weighted_crc,segformer_b2_cityscapes,cityscapes_val_half,130
1.0,1000,False,0.0,0.0,1.0,0.834,83,159,0.0,False,0.0,0.0,0.0,33.643990153655686,0.5807698782107144,93,bicycle,0.05,0.1,weighted_crc,segformer_b2_cityscapes,cityscapes_val_half,162
1.0,1000,False,0.0,0.0,1.0,0.834,83,159,0.0,False,0.0,0.0,0.0,33.643990153655686,0.5807698782107144,93,bicycle,0.1,0.1,weighted_crc,segformer_b2_cityscapes,cityscapes_val_half,162
1.0,1000,False,0.0,0.0,1.0,0.834,83,159,0.0,False,0.0,0.0,0.0,33.643990153655686,0.5807698782107144,93,bicycle,0.2,0.1,weighted_crc,segformer_b2_cityscapes,cityscapes_val_half,162
1.0,1000,False,0.0,0.0,1.0,0.834,83,159,0.0,False,0.0,0.0,0.0,33.643990153655686,0.5807698782107144,93,bicycle,0.05,0.5,weighted_crc,segformer_b2_cityscapes,cityscapes_val_half,162
1.0,1000,False,0.0,0.0,1.0,0.834,83,159,0.0,False,0.0,0.0,0.0,33.643990153655686,0.5807698782107144,93,bicycle,0.1,0.5,weighted_crc,segformer_b2_cityscapes,cityscapes_val_half,162
1.0,1000,False,0.0,0.0,1.0,0.834,83,159,0.0,False,0.0,0.0,0.0,33.643990153655686,0.5807698782107144,93,bicycle,0.2,0.5,weighted_crc,segformer_b2_cityscapes,cityscapes_val_half,162
1.0,1000,False,0.0,0.0,1.0,0.66,170,334,0.0,False,0.0,0.0,0.0,39.451913340848314,0.5078656932092983,94,person,0.05,0.1,weighted_crc,segformer_b2_cityscapes,cityscapes_val_half,208
1.0,1000,False,0.0,0.0,1.0,0.66,170,334,0.0,False,0.0,0.0,0.0,39.451913340848314,0.5078656932092983,94,person,0.1,0.1,weighted_crc,segformer_b2_cityscapes,cityscapes_val_half,208
1.0,1000,False,0.0,0.0,1.0,0.66,170,334,0.0,False,0.0,0.0,0.0,39.451913340848314,0.5078656932092983,94,person,0.2,0.1,weighted_crc,segformer_b2_cityscapes,cityscapes_val_half,208
1.0,1000,False,0.0,0.0,1.0,0.66,170,334,0.0,False,0.0,0.0,0.0,39.451913340848314,0.5078656932092983,94,person,0.05,0.5,weighted_crc,segformer_b2_cityscapes,cityscapes_val_half,208
1.0,1000,False,0.0,0.0,1.0,0.66,170,334,0.0,False,0.0,0.0,0.0,39.451913340848314,0.5078656932092983,94,person,0.1,0.5,weighted_crc,segformer_b2_cityscapes,cityscapes_val_half,208
1.0,1000,False,0.0,0.0,1.0,0.66,170,334,0.0,False,0.0,0.0,0.0,39.451913340848314,0.5078656932092983,94,person,0.2,0.5,weighted_crc,segformer_b2_cityscapes,cityscapes_val_half,208
1.0,1000,False,0.0,0.0,1.0,0.944,28,38,0.0,False,0.0,0.0,0.0,24.372219931418012,0.6198555240149108,94,rider,0.05,0.1,weighted_crc,segformer_b2_cityscapes,cityscapes_val_half,125
1.0,1000,False,0.0,0.0,1.0,0.944,28,38,0.0,False,0.0,0.0,0.0,24.372219931418012,0.6198555240149108,94,rider,0.1,0.1,weighted_crc,segformer_b2_cityscapes,cityscapes_val_half,125
1.0,1000,False,0.0,0.0,1.0,0.944,28,38,0.0,False,0.0,0.0,0.0,24.372219931418012,0.6198555240149108,94,rider,0.2,0.1,weighted_crc,segformer_b2_cityscapes,cityscapes_val_half,125
1.0,1000,False,0.0,0.0,1.0,0.944,28,38,0.0,False,0.0,0.0,0.0,24.372219931418012,0.6198555240149108,94,rider,0.05,0.5,weighted_crc,segformer_b2_cityscapes,cityscapes_val_half,125
1.0,1000,False,0.0,0.0,1.0,0.944,28,38,0.0,False,0.0,0.0,0.0,24.372219931418012,0.6198555240149108,94,rider,0.1,0.5,weighted_crc,segformer_b2_cityscapes,cityscapes_val_half,125
1.0,1000,False,0.0,0.0,1.0,0.944,28,38,0.0,False,0.0,0.0,0.0,24.372219931418012,0.6198555240149108,94,rider,0.2,0.5,weighted_crc,segformer_b2_cityscapes,cityscapes_val_half,125
1.0,1000,False,0.0,0.0,1.0,0.834,83,159,0.0,False,0.0,0.0,0.0,39.69516562567615,0.5681467930884254,94,bicycle,0.05,0.1,weighted_crc,segformer_b2_cityscapes,cityscapes_val_half,170
1.0,1000,False,0.0,0.0,1.0,0.834,83,159,0.0,False,0.0,0.0,0.0,39.69516562567615,0.5681467930884254,94,bicycle,0.1,0.1,weighted_crc,segformer_b2_cityscapes,cityscapes_val_half,170
1.0,1000,False,0.0,0.0,1.0,0.834,83,159,0.0,False,0.0,0.0,0.0,39.69516562567615,0.5681467930884254,94,bicycle,0.2,0.1,weighted_crc,segformer_b2_cityscapes,cityscapes_val_half,170
1.0,1000,False,0.0,0.0,1.0,0.834,83,159,0.0,False,0.0,0.0,0.0,39.69516562567615,0.5681467930884254,94,bicycle,0.05,0.5,weighted_crc,segformer_b2_cityscapes,cityscapes_val_half,170
1.0,1000,False,0.0,0.0,1.0,0.834,83,159,0.0,False,0.0,0.0,0.0,39.69516562567615,0.5681467930884254,94,bicycle,0.1,0.5,weighted_crc,segformer_b2_cityscapes,cityscapes_val_half,170
1.0,1000,False,0.0,0.0,1.0,0.834,83,159,0.0,False,0.0,0.0,0.0,39.69516562567615,0.5681467930884254,94,bicycle,0.2,0.5,weighted_crc,segformer_b2_cityscapes,cityscapes_val_half,170
1.0,1000,False,0.0,0.0,1.0,0.66,170,334,0.0,False,0.0,0.0,0.0,45.753802804584886,0.5086045681022788,95,person,0.05,0.1,weighted_crc,segformer_b2_cityscapes,cityscapes_val_half,208
1.0,1000,False,0.0,0.0,1.0,0.66,170,334,0.0,False,0.0,0.0,0.0,45.753802804584886,0.5086045681022788,95,person,0.1,0.1,weighted_crc,segformer_b2_cityscapes,cityscapes_val_half,208
1.0,1000,False,0.0,0.0,1.0,0.66,170,334,0.0,False,0.0,0.0,0.0,45.753802804584886,0.5086045681022788,95,person,0.2,0.1,weighted_crc,segformer_b2_cityscapes,cityscapes_val_half,208
1.0,1000,False,0.0,0.0,1.0,0.66,170,334,0.0,False,0.0,0.0,0.0,45.753802804584886,0.5086045681022788,95,person,0.05,0.5,weighted_crc,segformer_b2_cityscapes,cityscapes_val_half,208
1.0,1000,False,0.0,0.0,1.0,0.66,170,334,0.0,False,0.0,0.0,0.0,45.753802804584886,0.5086045681022788,95,person,0.1,0.5,weighted_crc,segformer_b2_cityscapes,cityscapes_val_half,208
1.0,1000,False,0.0,0.0,1.0,0.66,170,334,0.0,False,0.0,0.0,0.0,45.753802804584886,0.5086045681022788,95,person,0.2,0.5,weighted_crc,segformer_b2_cityscapes,cityscapes_val_half,208
1.0,1000,False,0.0,0.0,1.0,0.944,28,38,0.0,False,0.0,0.0,0.0,20.20160329460326,0.5648075672630157,95,rider,0.05,0.1,weighted_crc,segformer_b2_cityscapes,cityscapes_val_half,128
1.0,1000,False,0.0,0.0,1.0,0.944,28,38,0.0,False,0.0,0.0,0.0,20.20160329460326,0.5648075672630157,95,rider,0.1,0.1,weighted_crc,segformer_b2_cityscapes,cityscapes_val_half,128
1.0,1000,False,0.0,0.0,1.0,0.944,28,38,0.0,False,0.0,0.0,0.0,20.20160329460326,0.5648075672630157,95,rider,0.2,0.1,weighted_crc,segformer_b2_cityscapes,cityscapes_val_half,128
1.0,1000,False,0.0,0.0,1.0,0.944,28,38,0.0,False,0.0,0.0,0.0,20.20160329460326,0.5648075672630157,95,rider,0.05,0.5,weighted_crc,segformer_b2_cityscapes,cityscapes_val_half,128
1.0,1000,False,0.0,0.0,1.0,0.944,28,38,0.0,False,0.0,0.0,0.0,20.20160329460326,0.5648075672630157,95,rider,0.1,0.5,weighted_crc,segformer_b2_cityscapes,cityscapes_val_half,128
1.0,1000,False,0.0,0.0,1.0,0.944,28,38,0.0,False,0.0,0.0,0.0,20.20160329460326,0.5648075672630157,95,rider,0.2,0.5,weighted_crc,segformer_b2_cityscapes,cityscapes_val_half,128
1.0,1000,False,0.0,0.0,1.0,0.834,83,159,0.0,False,0.0,0.0,0.0,37.87046936753971,0.545523610529076,95,bicycle,0.05,0.1,weighted_crc,segformer_b2_cityscapes,cityscapes_val_half,180
1.0,1000,False,0.0,0.0,1.0,0.834,83,159,0.0,False,0.0,0.0,0.0,37.87046936753971,0.545523610529076,95,bicycle,0.1,0.1,weighted_crc,segformer_b2_cityscapes,cityscapes_val_half,180
1.0,1000,False,0.0,0.0,1.0,0.834,83,159,0.0,False,0.0,0.0,0.0,37.87046936753971,0.545523610529076,95,bicycle,0.2,0.1,weighted_crc,segformer_b2_cityscapes,cityscapes_val_half,180
1.0,1000,False,0.0,0.0,1.0,0.834,83,159,0.0,False,0.0,0.0,0.0,37.87046936753971,0.545523610529076,95,bicycle,0.05,0.5,weighted_crc,segformer_b2_cityscapes,cityscapes_val_half,180
1.0,1000,False,0.0,0.0,1.0,0.834,83,159,0.0,False,0.0,0.0,0.0,37.87046936753971,0.545523610529076,95,bicycle,0.1,0.5,weighted_crc,segformer_b2_cityscapes,cityscapes_val_half,180
1.0,1000,False,0.0,0.0,1.0,0.834,83,159,0.0,False,0.0,0.0,0.0,37.87046936753971,0.545523610529076,95,bicycle,0.2,0.5,weighted_crc,segformer_b2_cityscapes,cityscapes_val_half,180
1.0,1000,False,0.0,0.0,1.0,0.66,170,334,0.0,False,0.0,0.0,0.0,24.671260952741065,0.488609903428532,96,person,0.05,0.1,weighted_crc,segformer_b2_cityscapes,cityscapes_val_half,203
1.0,1000,False,0.0,0.0,1.0,0.66,170,334,0.0,False,0.0,0.0,0.0,24.671260952741065,0.488609903428532,96,person,0.1,0.1,weighted_crc,segformer_b2_cityscapes,cityscapes_val_half,203
1.0,1000,False,0.0,0.0,1.0,0.66,170,334,0.0,False,0.0,0.0,0.0,24.671260952741065,0.488609903428532,96,person,0.2,0.1,weighted_crc,segformer_b2_cityscapes,cityscapes_val_half,203
1.0,1000,False,0.0,0.0,1.0,0.66,170,334,0.0,False,0.0,0.0,0.0,24.671260952741065,0.488609903428532,96,person,0.05,0.5,weighted_crc,segformer_b2_cityscapes,cityscapes_val_half,203
1.0,1000,False,0.0,0.0,1.0,0.66,170,334,0.0,False,0.0,0.0,0.0,24.671260952741065,0.488609903428532,96,person,0.1,0.5,weighted_crc,segformer_b2_cityscapes,cityscapes_val_half,203
1.0,1000,False,0.0,0.0,1.0,0.66,170,334,0.0,False,0.0,0.0,0.0,24.671260952741065,0.488609903428532,96,person,0.2,0.5,weighted_crc,segformer_b2_cityscapes,cityscapes_val_half,203
1.0,1000,False,0.0,0.0,1.0,0.944,28,38,0.0,False,0.0,0.0,0.0,11.066054050021776,0.5927955172658069,96,rider,0.05,0.1,weighted_crc,segformer_b2_cityscapes,cityscapes_val_half,123
1.0,1000,False,0.0,0.0,1.0,0.944,28,38,0.0,False,0.0,0.0,0.0,11.066054050021776,0.5927955172658069,96,rider,0.1,0.1,weighted_crc,segformer_b2_cityscapes,cityscapes_val_half,123
1.0,1000,False,0.0,0.0,1.0,0.944,28,38,0.0,False,0.0,0.0,0.0,11.066054050021776,0.5927955172658069,96,rider,0.2,0.1,weighted_crc,segformer_b2_cityscapes,cityscapes_val_half,123
1.0,1000,False,0.0,0.0,1.0,0.944,28,38,0.0,False,0.0,0.0,0.0,11.066054050021776,0.5927955172658069,96,rider,0.05,0.5,weighted_crc,segformer_b2_cityscapes,cityscapes_val_half,123
1.0,1000,False,0.0,0.0,1.0,0.944,28,38,0.0,False,0.0,0.0,0.0,11.066054050021776,0.5927955172658069,96,rider,0.1,0.5,weighted_crc,segformer_b2_cityscapes,cityscapes_val_half,123
1.0,1000,False,0.0,0.0,1.0,0.944,28,38,0.0,False,0.0,0.0,0.0,11.066054050021776,0.5927955172658069,96,rider,0.2,0.5,weighted_crc,segformer_b2_cityscapes,cityscapes_val_half,123
1.0,1000,False,0.0,0.0,1.0,0.834,83,159,0.0,False,0.0,0.0,0.0,19.76548312844373,0.5348245714561412,96,bicycle,0.05,0.1,weighted_crc,segformer_b2_cityscapes,cityscapes_val_half,166
1.0,1000,False,0.0,0.0,1.0,0.834,83,159,0.0,False,0.0,0.0,0.0,19.76548312844373,0.5348245714561412,96,bicycle,0.1,0.1,weighted_crc,segformer_b2_cityscapes,cityscapes_val_half,166
1.0,1000,False,0.0,0.0,1.0,0.834,83,159,0.0,False,0.0,0.0,0.0,19.76548312844373,0.5348245714561412,96,bicycle,0.2,0.1,weighted_crc,segformer_b2_cityscapes,cityscapes_val_half,166
1.0,1000,False,0.0,0.0,1.0,0.834,83,159,0.0,False,0.0,0.0,0.0,19.76548312844373,0.5348245714561412,96,bicycle,0.05,0.5,weighted_crc,segformer_b2_cityscapes,cityscapes_val_half,166
1.0,1000,False,0.0,0.0,1.0,0.834,83,159,0.0,False,0.0,0.0,0.0,19.76548312844373,0.5348245714561412,96,bicycle,0.1,0.5,weighted_crc,segformer_b2_cityscapes,cityscapes_val_half,166
1.0,1000,False,0.0,0.0,1.0,0.834,83,159,0.0,False,0.0,0.0,0.0,19.76548312844373,0.5348245714561412,96,bicycle,0.2,0.5,weighted_crc,segformer_b2_cityscapes,cityscapes_val_half,166
1.0,1000,False,0.0,0.0,1.0,0.66,170,334,0.0,False,0.0,0.0,0.0,25.731394279458968,0.5143560514469857,97,person,0.05,0.1,weighted_crc,segformer_b2_cityscapes,cityscapes_val_half,197
1.0,1000,False,0.0,0.0,1.0,0.66,170,334,0.0,False,0.0,0.0,0.0,25.731394279458968,0.5143560514469857,97,person,0.1,0.1,weighted_crc,segformer_b2_cityscapes,cityscapes_val_half,197
1.0,1000,False,0.0,0.0,1.0,0.66,170,334,0.0,False,0.0,0.0,0.0,25.731394279458968,0.5143560514469857,97,person,0.2,0.1,weighted_crc,segformer_b2_cityscapes,cityscapes_val_half,197
1.0,1000,False,0.0,0.0,1.0,0.66,170,334,0.0,False,0.0,0.0,0.0,25.731394279458968,0.5143560514469857,97,person,0.05,0.5,weighted_crc,segformer_b2_cityscapes,cityscapes_val_half,197
1.0,1000,False,0.0,0.0,1.0,0.66,170,334,0.0,False,0.0,0.0,0.0,25.731394279458968,0.5143560514469857,97,person,0.1,0.5,weighted_crc,segformer_b2_cityscapes,cityscapes_val_half,197
1.0,1000,False,0.0,0.0,1.0,0.66,170,334,0.0,False,0.0,0.0,0.0,25.731394279458968,0.5143560514469857,97,person,0.2,0.5,weighted_crc,segformer_b2_cityscapes,cityscapes_val_half,197
1.0,1000,False,0.0,0.0,1.0,0.944,28,38,0.0,False,0.0,0.0,0.0,14.690987573727051,0.5693810027367318,97,rider,0.05,0.1,weighted_crc,segformer_b2_cityscapes,cityscapes_val_half,128
1.0,1000,False,0.0,0.0,1.0,0.944,28,38,0.0,False,0.0,0.0,0.0,14.690987573727051,0.5693810027367318,97,rider,0.1,0.1,weighted_crc,segformer_b2_cityscapes,cityscapes_val_half,128
1.0,1000,False,0.0,0.0,1.0,0.944,28,38,0.0,False,0.0,0.0,0.0,14.690987573727051,0.5693810027367318,97,rider,0.2,0.1,weighted_crc,segformer_b2_cityscapes,cityscapes_val_half,128
1.0,1000,False,0.0,0.0,1.0,0.944,28,38,0.0,False,0.0,0.0,0.0,14.690987573727051,0.5693810027367318,97,rider,0.05,0.5,weighted_crc,segformer_b2_cityscapes,cityscapes_val_half,128
1.0,1000,False,0.0,0.0,1.0,0.944,28,38,0.0,False,0.0,0.0,0.0,14.690987573727051,0.5693810027367318,97,rider,0.1,0.5,weighted_crc,segformer_b2_cityscapes,cityscapes_val_half,128
1.0,1000,False,0.0,0.0,1.0,0.944,28,38,0.0,False,0.0,0.0,0.0,14.690987573727051,0.5693810027367318,97,rider,0.2,0.5,weighted_crc,segformer_b2_cityscapes,cityscapes_val_half,128
1.0,1000,False,0.0,0.0,1.0,0.834,83,159,0.0,False,0.0,0.0,0.0,24.406351977623398,0.5224717877594672,97,bicycle,0.05,0.1,weighted_crc,segformer_b2_cityscapes,cityscapes_val_half,170
1.0,1000,False,0.0,0.0,1.0,0.834,83,159,0.0,False,0.0,0.0,0.0,24.406351977623398,0.5224717877594672,97,bicycle,0.1,0.1,weighted_crc,segformer_b2_cityscapes,cityscapes_val_half,170
1.0,1000,False,0.0,0.0,1.0,0.834,83,159,0.0,False,0.0,0.0,0.0,24.406351977623398,0.5224717877594672,97,bicycle,0.2,0.1,weighted_crc,segformer_b2_cityscapes,cityscapes_val_half,170
1.0,1000,False,0.0,0.0,1.0,0.834,83,159,0.0,False,0.0,0.0,0.0,24.406351977623398,0.5224717877594672,97,bicycle,0.05,0.5,weighted_crc,segformer_b2_cityscapes,cityscapes_val_half,170
1.0,1000,False,0.0,0.0,1.0,0.834,83,159,0.0,False,0.0,0.0,0.0,24.406351977623398,0.5224717877594672,97,bicycle,0.1,0.5,weighted_crc,segformer_b2_cityscapes,cityscapes_val_half,170
1.0,1000,False,0.0,0.0,1.0,0.834,83,159,0.0,False,0.0,0.0,0.0,24.406351977623398,0.5224717877594672,97,bicycle,0.2,0.5,weighted_crc,segformer_b2_cityscapes,cityscapes_val_half,170
1.0,1000,False,0.0,0.0,1.0,0.66,170,334,0.0,False,0.0,0.0,0.0,54.90778699908058,0.5202203204720284,98,person,0.05,0.1,weighted_crc,segformer_b2_cityscapes,cityscapes_val_half,200
1.0,1000,False,0.0,0.0,1.0,0.66,170,334,0.0,False,0.0,0.0,0.0,54.90778699908058,0.5202203204720284,98,person,0.1,0.1,weighted_crc,segformer_b2_cityscapes,cityscapes_val_half,200
1.0,1000,False,0.0,0.0,1.0,0.66,170,334,0.0,False,0.0,0.0,0.0,54.90778699908058,0.5202203204720284,98,person,0.2,0.1,weighted_crc,segformer_b2_cityscapes,cityscapes_val_half,200
1.0,1000,False,0.0,0.0,1.0,0.66,170,334,0.0,False,0.0,0.0,0.0,54.90778699908058,0.5202203204720284,98,person,0.05,0.5,weighted_crc,segformer_b2_cityscapes,cityscapes_val_half,200
1.0,1000,False,0.0,0.0,1.0,0.66,170,334,0.0,False,0.0,0.0,0.0,54.90778699908058,0.5202203204720284,98,person,0.1,0.5,weighted_crc,segformer_b2_cityscapes,cityscapes_val_half,200
1.0,1000,False,0.0,0.0,1.0,0.66,170,334,0.0,False,0.0,0.0,0.0,54.90778699908058,0.5202203204720284,98,person,0.2,0.5,weighted_crc,segformer_b2_cityscapes,cityscapes_val_half,200
1.0,1000,False,0.0,0.0,1.0,0.944,28,38,0.0,False,0.0,0.0,0.0,41.20074223289819,0.61348896875806,98,rider,0.05,0.1,weighted_crc,segformer_b2_cityscapes,cityscapes_val_half,135
1.0,1000,False,0.0,0.0,1.0,0.944,28,38,0.0,False,0.0,0.0,0.0,41.20074223289819,0.61348896875806,98,rider,0.1,0.1,weighted_crc,segformer_b2_cityscapes,cityscapes_val_half,135
1.0,1000,False,0.0,0.0,1.0,0.944,28,38,0.0,False,0.0,0.0,0.0,41.20074223289819,0.61348896875806,98,rider,0.2,0.1,weighted_crc,segformer_b2_cityscapes,cityscapes_val_half,135
1.0,1000,False,0.0,0.0,1.0,0.944,28,38,0.0,False,0.0,0.0,0.0,41.20074223289819,0.61348896875806,98,rider,0.05,0.5,weighted_crc,segformer_b2_cityscapes,cityscapes_val_half,135
1.0,1000,False,0.0,0.0,1.0,0.944,28,38,0.0,False,0.0,0.0,0.0,41.20074223289819,0.61348896875806,98,rider,0.1,0.5,weighted_crc,segformer_b2_cityscapes,cityscapes_val_half,135
1.0,1000,False,0.0,0.0,1.0,0.944,28,38,0.0,False,0.0,0.0,0.0,41.20074223289819,0.61348896875806,98,rider,0.2,0.5,weighted_crc,segformer_b2_cityscapes,cityscapes_val_half,135
1.0,1000,False,0.0,0.0,1.0,0.834,83,159,0.0,False,0.0,0.0,0.0,45.33717011543806,0.5677442641614864,98,bicycle,0.05,0.1,weighted_crc,segformer_b2_cityscapes,cityscapes_val_half,167
1.0,1000,False,0.0,0.0,1.0,0.834,83,159,0.0,False,0.0,0.0,0.0,45.33717011543806,0.5677442641614864,98,bicycle,0.1,0.1,weighted_crc,segformer_b2_cityscapes,cityscapes_val_half,167
1.0,1000,False,0.0,0.0,1.0,0.834,83,159,0.0,False,0.0,0.0,0.0,45.33717011543806,0.5677442641614864,98,bicycle,0.2,0.1,weighted_crc,segformer_b2_cityscapes,cityscapes_val_half,167
1.0,1000,False,0.0,0.0,1.0,0.834,83,159,0.0,False,0.0,0.0,0.0,45.33717011543806,0.5677442641614864,98,bicycle,0.05,0.5,weighted_crc,segformer_b2_cityscapes,cityscapes_val_half,167
1.0,1000,False,0.0,0.0,1.0,0.834,83,159,0.0,False,0.0,0.0,0.0,45.33717011543806,0.5677442641614864,98,bicycle,0.1,0.5,weighted_crc,segformer_b2_cityscapes,cityscapes_val_half,167
1.0,1000,False,0.0,0.0,1.0,0.834,83,159,0.0,False,0.0,0.0,0.0,45.33717011543806,0.5677442641614864,98,bicycle,0.2,0.5,weighted_crc,segformer_b2_cityscapes,cityscapes_val_half,167
1.0,1000,False,0.0,0.0,1.0,0.66,170,334,0.0,False,0.0,0.0,0.0,31.860687885191357,0.4890489333106606,99,person,0.05,0.1,weighted_crc,segformer_b2_cityscapes,cityscapes_val_half,202
1.0,1000,False,0.0,0.0,1.0,0.66,170,334,0.0,False,0.0,0.0,0.0,31.860687885191357,0.4890489333106606,99,person,0.1,0.1,weighted_crc,segformer_b2_cityscapes,cityscapes_val_half,202
1.0,1000,False,0.0,0.0,1.0,0.66,170,334,0.0,False,0.0,0.0,0.0,31.860687885191357,0.4890489333106606,99,person,0.2,0.1,weighted_crc,segformer_b2_cityscapes,cityscapes_val_half,202
1.0,1000,False,0.0,0.0,1.0,0.66,170,334,0.0,False,0.0,0.0,0.0,31.860687885191357,0.4890489333106606,99,person,0.05,0.5,weighted_crc,segformer_b2_cityscapes,cityscapes_val_half,202
1.0,1000,False,0.0,0.0,1.0,0.66,170,334,0.0,False,0.0,0.0,0.0,31.860687885191357,0.4890489333106606,99,person,0.1,0.5,weighted_crc,segformer_b2_cityscapes,cityscapes_val_half,202
1.0,1000,False,0.0,0.0,1.0,0.66,170,334,0.0,False,0.0,0.0,0.0,31.860687885191357,0.4890489333106606,99,person,0.2,0.5,weighted_crc,segformer_b2_cityscapes,cityscapes_val_half,202
1.0,1000,False,0.0,0.0,1.0,0.944,28,38,0.0,False,0.0,0.0,0.0,13.101830630246997,0.5837319608171019,99,rider,0.05,0.1,weighted_crc,segformer_b2_cityscapes,cityscapes_val_half,138
1.0,1000,False,0.0,0.0,1.0,0.944,28,38,0.0,False,0.0,0.0,0.0,13.101830630246997,0.5837319608171019,99,rider,0.1,0.1,weighted_crc,segformer_b2_cityscapes,cityscapes_val_half,138
1.0,1000,False,0.0,0.0,1.0,0.944,28,38,0.0,False,0.0,0.0,0.0,13.101830630246997,0.5837319608171019,99,rider,0.2,0.1,weighted_crc,segformer_b2_cityscapes,cityscapes_val_half,138
1.0,1000,False,0.0,0.0,1.0,0.944,28,38,0.0,False,0.0,0.0,0.0,13.101830630246997,0.5837319608171019,99,rider,0.05,0.5,weighted_crc,segformer_b2_cityscapes,cityscapes_val_half,138
1.0,1000,False,0.0,0.0,1.0,0.944,28,38,0.0,False,0.0,0.0,0.0,13.101830630246997,0.5837319608171019,99,rider,0.1,0.5,weighted_crc,segformer_b2_cityscapes,cityscapes_val_half,138
1.0,1000,False,0.0,0.0,1.0,0.944,28,38,0.0,False,0.0,0.0,0.0,13.101830630246997,0.5837319608171019,99,rider,0.2,0.5,weighted_crc,segformer_b2_cityscapes,cityscapes_val_half,138
1.0,1000,False,0.0,0.0,1.0,0.834,83,159,0.0,False,0.0,0.0,0.0,29.870571842243706,0.5572486418591901,99,bicycle,0.05,0.1,weighted_crc,segformer_b2_cityscapes,cityscapes_val_half,181
1.0,1000,False,0.0,0.0,1.0,0.834,83,159,0.0,False,0.0,0.0,0.0,29.870571842243706,0.5572486418591901,99,bicycle,0.1,0.1,weighted_crc,segformer_b2_cityscapes,cityscapes_val_half,181
1.0,1000,False,0.0,0.0,1.0,0.834,83,159,0.0,False,0.0,0.0,0.0,29.870571842243706,0.5572486418591901,99,bicycle,0.2,0.1,weighted_crc,segformer_b2_cityscapes,cityscapes_val_half,181
1.0,1000,False,0.0,0.0,1.0,0.834,83,159,0.0,False,0.0,0.0,0.0,29.870571842243706,0.5572486418591901,99,bicycle,0.05,0.5,weighted_crc,segformer_b2_cityscapes,cityscapes_val_half,181
1.0,1000,False,0.0,0.0,1.0,0.834,83,159,0.0,False,0.0,0.0,0.0,29.870571842243706,0.5572486418591901,99,bicycle,0.1,0.5,weighted_crc,segformer_b2_cityscapes,cityscapes_val_half,181
1.0,1000,False,0.0,0.0,1.0,0.834,83,159,0.0,False,0.0,0.0,0.0,29.870571842243706,0.5572486418591901,99,bicycle,0.2,0.5,weighted_crc,segformer_b2_cityscapes,cityscapes_val_half,181
