lam,lam_index,feasible,controlled_risk,region_fnr,marked_area_fraction,fp_components_per_image,n_test_images,n_test_components,monitor_ks,monitor_flag,fnr_stratum0,fnr_stratum1,fnr_stratum2,weight_ess,weight_p_test,seed,class_name,alpha,rho,method,model,scheme,n_cal_images
1.0,1000,False,0.0,0.0,1.0,0.4747983870967742,521,5883,0.0,False,0.0,0.0,0.0,279.00001049041754,0.5891016067909026,0,building,0.05,0.1,weighted_crc,segformer_b2_loveda_urban,loveda_urban_val_half,279
1.0,1000,False,0.0,0.0,1.0,0.4747983870967742,521,5883,0.0,False,0.0,0.0,0.0,279.00001049041754,0.5891016067909026,0,building,0.1,0.1,weighted_crc,segformer_b2_loveda_urban,loveda_urban_val_half,279
1.0,1000,False,0.0,0.0,1.0,0.4747983870967742,521,5883,0.0,False,0.0,0.0,0.0,279.00001049041754,0.5891016067909026,0,building,0.2,0.1,weighted_crc,segformer_b2_loveda_urban,loveda_urban_val_half,279
1.0,1000,False,0.0,0.0,1.0,0.4747983870967742,521,5883,0.0,False,0.0,0.0,0.0,279.00001049041754,0.5891016067909026,0,building,0.05,0.5,weighted_crc,segformer_b2_loveda_urban,loveda_urban_val_half,279
1.0,1000,False,0.0,0.0,1.0,0.4747983870967742,521,5883,0.0,False,0.0,0.0,0.0,279.00001049041754,0.5891016067909026,0,building,0.1,0.5,weighted_crc,segformer_b2_loveda_urban,loveda_urban_val_half,279
1.0,1000,False,0.0,0.0,1.0,0.4747983870967742,521,5883,0.0,False,0.0,0.0,0.0,279.00001049041754,0.5891016067909026,0,building,0.2,0.5,weighted_crc,segformer_b2_loveda_urban,loveda_urban_val_half,279
1.0,1000,False,0.0,0.0,1.0,0.14516129032258066,848,2882,0.0,False,0.0,0.0,0.0,285.00006198883256,0.5839415733202873,0,water,0.05,0.1,weighted_crc,segformer_b2_loveda_urban,loveda_urban_val_half,285
1.0,1000,False,0.0,0.0,1.0,0.14516129032258066,848,2882,0.0,False,0.0,0.0,0.0,285.00006198883256,0.5839415733202873,0,water,0.1,0.1,weighted_crc,segformer_b2_loveda_urban,loveda_urban_val_half,285
1.0,1000,False,0.0,0.0,1.0,0.14516129032258066,848,2882,0.0,False,0.0,0.0,0.0,285.00006198883256,0.5839415733202873,0,water,0.2,0.1,weighted_crc,segformer_b2_loveda_urban,loveda_urban_val_half,285
1.0,1000,False,0.0,0.0,1.0,0.14516129032258066,848,2882,0.0,False,0.0,0.0,0.0,285.00006198883256,0.5839415733202873,0,water,0.05,0.5,weighted_crc,segformer_b2_loveda_urban,loveda_urban_val_half,285
1.0,1000,False,0.0,0.0,1.0,0.14516129032258066,848,2882,0.0,False,0.0,0.0,0.0,285.00006198883256,0.5839415733202873,0,water,0.1,0.5,weighted_crc,segformer_b2_loveda_urban,loveda_urban_val_half,285
1.0,1000,False,0.0,0.0,1.0,0.14516129032258066,848,2882,0.0,False,0.0,0.0,0.0,285.00006198883256,0.5839415733202873,0,water,0.2,0.5,weighted_crc,segformer_b2_loveda_urban,loveda_urban_val_half,285
1.0,1000,False,0.0,0.0,1.0,0.4747983870967742,521,5883,0.0,False,0.0,0.0,0.0,289.0000581741353,0.5805514950193704,1,building,0.05,0.1,weighted_crc,segformer_b2_loveda_urban,loveda_urban_val_half,289
1.0,1000,False,0.0,0.0,1.0,0.4747983870967742,521,5883,0.0,False,0.0,0.0,0.0,289.0000581741353,0.5805514950193704,1,building,0.1,0.1,weighted_crc,segformer_b2_loveda_urban,loveda_urban_val_half,289
1.0,1000,False,0.0,0.0,1.0,0.4747983870967742,521,5883,0.0,False,0.0,0.0,0.0,289.0000581741353,0.5805514950193704,1,building,0.2,0.1,weighted_crc,segformer_b2_loveda_urban,loveda_urban_val_half,289
1.0,1000,False,0.0,0.0,1.0,0.4747983870967742,521,5883,0.0,False,0.0,0.0,0.0,289.0000581741353,0.5805514950193704,1,building,0.05,0.5,weighted_crc,segformer_b2_loveda_urban,loveda_urban_val_half,289
1.0,1000,False,0.0,0.0,1.0,0.4747983870967742,521,5883,0.0,False,0.0,0.0,0.0,289.0000581741353,0.5805514950193704,1,building,0.1,0.5,weighted_crc,segformer_b2_loveda_urban,loveda_urban_val_half,289
1.0,1000,False,0.0,0.0,1.0,0.4747983870967742,521,5883,0.0,False,0.0,0.0,0.0,289.0000581741353,0.5805514950193704,1,building,0.2,0.5,weighted_crc,segformer_b2_loveda_urban,loveda_urban_val_half,289
1.0,1000,False,0.0,0.0,1.0,0.14516129032258066,848,2882,0.0,False,0.0,0.0,0.0,283.0000448226936,0.5856515111674001,1,water,0.05,0.1,weighted_crc,segformer_b2_loveda_urban,loveda_urban_val_half,283
1.0,1000,False,0.0,0.0,1.0,0.14516129032258066,848,2882,0.0,False,0.0,0.0,0.0,283.0000448226936,0.5856515111674001,1,water,0.1,0.1,weighted_crc,segformer_b2_loveda_urban,loveda_urban_val_half,283
1.0,1000,False,0.0,0.0,1.0,0.14516129032258066,848,2882,0.0,False,0.0,0.0,0.0,283.0000448226936,0.5856515111674001,1,water,0.2,0.1,weighted_crc,segformer_b2_loveda_urban,loveda_urban_val_half,283
1.0,1000,False,0.0,0.0,1.0,0.14516129032258066,848,2882,0.0,False,0.0,0.0,0.0,283.0000448226936,0.5856515111674001,1,water,0.05,0.5,weighted_crc,segformer_b2_loveda_urban,loveda_urban_val_half,283
1.0,1000,False,0.0,0.0,1.0,0.14516129032258066,848,2882,0.0,False,0.0,0.0,0.0,283.0000448226936,0.5856515111674001,1,water,0.1,0.5,weighted_crc,segformer_b2_loveda_urban,loveda_urban_val_half,283
1.0,1000,False,0.0,0.0,1.0,0.14516129032258066,848,2882,0.0,False,0.0,0.0,0.0,283.0000448226936,0.5856515111674001,1,water,0.2,0.5,weighted_crc,segformer_b2_loveda_urban,loveda_urban_val_half,283
1.0,1000,False,0.0,0.0,1.0,0.4747983870967742,521,5883,0.0,False,0.0,0.0,0.0,283.0000448226936,0.5856515111674001,2,building,0.05,0.1,weighted_crc,segformer_b2_loveda_urban,loveda_urban_val_half,283
1.0,1000,False,0.0,0.0,1.0,0.4747983870967742,521,5883,0.0,False,0.0,0.0,0.0,283.0000448226936,0.5856515111674001,2,building,0.1,0.1,weighted_crc,segformer_b2_loveda_urban,loveda_urban_val_half,283
1.0,1000,False,0.0,0.0,1.0,0.4747983870967742,521,5883,0.0,False,0.0,0.0,0.0,283.0000448226936,0.5856515111674001,2,building,0.2,0.1,weighted_crc,segformer_b2_loveda_urban,loveda_urban_val_half,283
1.0,1000,False,0.0,0.0,1.0,0.4747983870967742,521,5883,0.0,False,0.0,0.0,0.0,283.0000448226936,0.5856515111674001,2,building,0.05,0.5,weighted_crc,segformer_b2_loveda_urban,loveda_urban_val_half,283
1.0,1000,False,0.0,0.0,1.0,0.4747983870967742,521,5883,0.0,False,0.0,0.0,0.0,283.0000448226936,0.5856515111674001,2,building,0.1,0.5,weighted_crc,segformer_b2_loveda_urban,loveda_urban_val_half,283
1.0,1000,False,0.0,0.0,1.0,0.4747983870967742,521,5883,0.0,False,0.0,0.0,0.0,283.0000448226936,0.5856515111674001,2,building,0.2,0.5,weighted_crc,segformer_b2_loveda_urban,loveda_urban_val_half,283
1.0,1000,False,0.0,0.0,1.0,0.14516129032258066,848,2882,0.0,False,0.0,0.0,0.0,278.00004005432163,0.5899704749196607,2,water,0.05,0.1,weighted_crc,segformer_b2_loveda_urban,loveda_urban_val_half,278
1.0,1000,False,0.0,0.0,1.0,0.14516129032258066,848,2882,0.0,False,0.0,0.0,0.0,278.00004005432163,0.5899704749196607,2,water,0.1,0.1,weighted_crc,segformer_b2_loveda_urban,loveda_urban_val_half,278
1.0,1000,False,0.0,0.0,1.0,0.14516129032258066,848,2882,0.0,False,0.0,0.0,0.0,278.00004005432163,0.5899704749196607,2,water,0.2,0.1,weighted_crc,segformer_b2_loveda_urban,loveda_urban_val_half,278
1.0,1000,False,0.0,0.0,1.0,0.14516129032258066,848,2882,0.0,False,0.0,0.0,0.0,278.00004005432163,0.5899704749196607,2,water,0.05,0.5,weighted_crc,segformer_b2_loveda_urban,loveda_urban_val_half,278
1.0,1000,False,0.0,0.0,1.0,0.14516129032258066,848,2882,0.0,False,0.0,0.0,0.0,278.00004005432163,0.5899704749196607,2,water,0.1,0.5,weighted_crc,segformer_b2_loveda_urban,loveda_urban_val_half,278
1.0,1000,False,0.0,0.0,1.0,0.14516129032258066,848,2882,0.0,False,0.0,0.0,0.0,278.00004005432163,0.5899704749196607,2,water,0.2,0.5,weighted_crc,segformer_b2_loveda_urban,loveda_urban_val_half,278
1.0,1000,False,0.0,0.0,1.0,0.4747983870967742,521,5883,0.0,False,0.0,0.0,0.0,289.0000581741353,0.5805514950193704,3,building,0.05,0.1,weighted_crc,segformer_b2_loveda_urban,loveda_urban_val_half,289
1.0,1000,False,0.0,0.0,1.0,0.4747983870967742,521,5883,0.0,False,0.0,0.0,0.0,289.0000581741353,0.5805514950193704,3,building,0.1,0.1,weighted_crc,segformer_b2_loveda_urban,loveda_urban_val_half,289
1.0,1000,False,0.0,0.0,1.0,0.4747983870967742,521,5883,0.0,False,0.0,0.0,0.0,289.0000581741353,0.5805514950193704,3,building,0.2,0.1,weighted_crc,segformer_b2_loveda_urban,loveda_urban_val_half,289
1.0,1000,False,0.0,0.0,1.0,0.4747983870967742,521,5883,0.0,False,0.0,0.0,0.0,289.0000581741353,0.5805514950193704,3,building,0.05,0.5,weighted_crc,segformer_b2_loveda_urban,loveda_urban_val_half,289
1.0,1000,False,0.0,0.0,1.0,0.4747983870967742,521,5883,0.0,False,0.0,0.0,0.0,289.0000581741353,0.5805514950193704,3,building,0.1,0.5,weighted_crc,segformer_b2_loveda_urban,loveda_urban_val_half,289
1.0,1000,False,0.0,0.0,1.0,0.4747983870967742,521,5883,0.0,False,0.0,0.0,0.0,289.0000581741353,0.5805514950193704,3,building,0.2,0.5,weighted_crc,segformer_b2_loveda_urban,loveda_urban_val_half,289
1.0,1000,False,0.0,0.0,1.0,0.14516129032258066,848,2882,0.0,False,0.0,0.0,0.0,288.0000495910657,0.581395323048289,3,water,0.05,0.1,weighted_crc,segformer_b2_loveda_urban,loveda_urban_val_half,288
1.0,1000,False,0.0,0.0,1.0,0.14516129032258066,848,2882,0.0,False,0.0,0.0,0.0,288.0000495910657,0.581395323048289,3,water,0.1,0.1,weighted_crc,segformer_b2_loveda_urban,loveda_urban_val_half,288
1.0,1000,False,0.0,0.0,1.0,0.14516129032258066,848,2882,0.0,False,0.0,0.0,0.0,288.0000495910657,0.581395323048289,3,water,0.2,0.1,weighted_crc,segformer_b2_loveda_urban,loveda_urban_val_half,288
1.0,1000,False,0.0,0.0,1.0,0.14516129032258066,848,2882,0.0,False,0.0,0.0,0.0,288.0000495910657,0.581395323048289,3,water,0.05,0.5,weighted_crc,segformer_b2_loveda_urban,loveda_urban_val_half,288
1.0,1000,False,0.0,0.0,1.0,0.14516129032258066,848,2882,0.0,False,0.0,0.0,0.0,288.0000495910657,0.581395323048289,3,water,0.1,0.5,weighted_crc,segformer_b2_loveda_urban,loveda_urban_val_half,288
1.0,1000,False,0.0,0.0,1.0,0.14516129032258066,848,2882,0.0,False,0.0,0.0,0.0,288.0000495910657,0.581395323048289,3,water,0.2,0.5,weighted_crc,segformer_b2_loveda_urban,loveda_urban_val_half,288
1.0,1000,False,0.0,0.0,1.0,0.4747983870967742,521,5883,0.0,False,0.0,0.0,0.0,281.00002765655523,0.587371492740284,4,building,0.05,0.1,weighted_crc,segformer_b2_loveda_urban,loveda_urban_val_half,281
1.0,1000,False,0.0,0.0,1.0,0.4747983870967742,521,5883,0.0,False,0.0,0.0,0.0,281.00002765655523,0.587371492740284,4,building,0.1,0.1,weighted_crc,segformer_b2_loveda_urban,loveda_urban_val_half,281
1.0,1000,False,0.0,0.0,1.0,0.4747983870967742,521,5883,0.0,False,0.0,0.0,0.0,281.00002765655523,0.587371492740284,4,building,0.2,0.1,weighted_crc,segformer_b2_loveda_urban,loveda_urban_val_half,281
1.0,1000,False,0.0,0.0,1.0,0.4747983870967742,521,5883,0.0,False,0.0,0.0,0.0,281.00002765655523,0.587371492740284,4,building,0.05,0.5,weighted_crc,segformer_b2_loveda_urban,loveda_urban_val_half,281
1.0,1000,False,0.0,0.0,1.0,0.4747983870967742,521,5883,0.0,False,0.0,0.0,0.0,281.00002765655523,0.587371492740284,4,building,0.1,0.5,weighted_crc,segformer_b2_loveda_urban,loveda_urban_val_half,281
1.0,1000,False,0.0,0.0,1.0,0.4747983870967742,521,5883,0.0,False,0.0,0.0,0.0,281.00002765655523,0.587371492740284,4,building,0.2,0.5,weighted_crc,segformer_b2_loveda_urban,loveda_urban_val_half,281
1.0,1000,False,0.0,0.0,1.0,0.14516129032258066,848,2882,0.0,False,0.0,0.0,0.0,287.000002861023,0.5822416238105516,4,water,0.05,0.1,weighted_crc,segformer_b2_loveda_urban,loveda_urban_val_half,287
1.0,1000,False,0.0,0.0,1.0,0.14516129032258066,848,2882,0.0,False,0.0,0.0,0.0,287.000002861023,0.5822416238105516,4,water,0.1,0.1,weighted_crc,segformer_b2_loveda_urban,loveda_urban_val_half,287
1.0,1000,False,0.0,0.0,1.0,0.14516129032258066,848,2882,0.0,False,0.0,0.0,0.0,287.000002861023,0.5822416238105516,4,water,0.2,0.1,weighted_crc,segformer_b2_loveda_urban,loveda_urban_val_half,287
1.0,1000,False,0.0,0.0,1.0,0.14516129032258066,848,2882,0.0,False,0.0,0.0,0.0,287.000002861023,0.5822416238105516,4,water,0.05,0.5,weighted_crc,segformer_b2_loveda_urban,loveda_urban_val_half,287
1.0,1000,False,0.0,0.0,1.0,0.14516129032258066,848,2882,0.0,False,0.0,0.0,0.0,287.000002861023,0.5822416238105516,4,water,0.1,0.5,weighted_crc,segformer_b2_loveda_urban,loveda_urban_val_half,287
1.0,1000,False,0.0,0.0,1.0,0.14516129032258066,848,2882,0.0,False,0.0,0.0,0.0,287.000002861023,0.5822416238105516,4,water,0.2,0.5,weighted_crc,segformer_b2_loveda_urban,loveda_urban_val_half,287
1.0,1000,False,0.0,0.0,1.0,0.4747983870967742,521,5883,0.0,False,0.0,0.0,0.0,281.00002765655523,0.587371492740284,5,building,0.05,0.1,weighted_crc,segformer_b2_loveda_urban,loveda_urban_val_half,281
1.0,1000,False,0.0,0.0,1.0,0.4747983870967742,521,5883,0.0,False,0.0,0.0,0.0,281.00002765655523,0.587371492740284,5,building,0.1,0.1,weighted_crc,segformer_b2_loveda_urban,loveda_urban_val_half,281
1.0,1000,False,0.0,0.0,1.0,0.4747983870967742,521,5883,0.0,False,0.0,0.0,0.0,281.00002765655523,0.587371492740284,5,building,0.2,0.1,weighted_crc,segformer_b2_loveda_urban,loveda_urban_val_half,281
1.0,1000,False,0.0,0.0,1.0,0.4747983870967742,521,5883,0.0,False,0.0,0.0,0.0,281.00002765655523,0.587371492740284,5,building,0.05,0.5,weighted_crc,segformer_b2_loveda_urban,loveda_urban_val_half,281
1.0,1000,False,0.0,0.0,1.0,0.4747983870967742,521,5883,0.0,False,0.0,0.0,0.0,281.00002765655523,0.587371492740284,5,building,0.1,0.5,weighted_crc,segformer_b2_loveda_urban,loveda_urban_val_half,281
1.0,1000,False,0.0,0.0,1.0,0.4747983870967742,521,5883,0.0,False,0.0,0.0,0.0,281.00002765655523,0.587371492740284,5,building,0.2,0.5,weighted_crc,segformer_b2_loveda_urban,loveda_urban_val_half,281
1.0,1000,False,0.0,0.0,1.0,0.14516129032258066,848,2882,0.0,False,0.0,0.0,0.0,296.0000419616712,0.5747126247785517,5,water,0.05,0.1,weighted_crc,segformer_b2_loveda_urban,loveda_urban_val_half,296
1.0,1000,False,0.0,0.0,1.0,0.14516129032258066,848,2882,0.0,False,0.0,0.0,0.0,296.0000419616712,0.5747126247785517,5,water,0.1,0.1,weighted_crc,segformer_b2_loveda_urban,loveda_urban_val_half,296
1.0,1000,False,0.0,0.0,1.0,0.14516129032258066,848,2882,0.0,False,0.0,0.0,0.0,296.0000419616712,0.5747126247785517,5,water,0.2,0.1,weighted_crc,segformer_b2_loveda_urban,loveda_urban_val_half,296
1.0,1000,False,0.0,0.0,1.0,0.14516129032258066,848,2882,0.0,False,0.0,0.0,0.0,296.0000419616712,0.5747126247785517,5,water,0.05,0.5,weighted_crc,segformer_b2_loveda_urban,loveda_urban_val_half,296
1.0,1000,False,0.0,0.0,1.0,0.14516129032258066,848,2882,0.0,False,0.0,0.0,0.0,296.0000419616712,0.5747126247785517,5,water,0.1,0.5,weighted_crc,segformer_b2_loveda_urban,loveda_urban_val_half,296
1.0,1000,False,0.0,0.0,1.0,0.14516129032258066,848,2882,0.0,False,0.0,0.0,0.0,296.0000419616712,0.5747126247785517,5,water,0.2,0.5,weighted_crc,segformer_b2_loveda_urban,loveda_urban_val_half,296
1.0,1000,False,0.0,0.0,1.0,0.4747983870967742,521,5883,0.0,False,0.0,0.0,0.0,281.00002765655523,0.587371492740284,6,building,0.05,0.1,weighted_crc,segformer_b2_loveda_urban,loveda_urban_val_half,281
1.0,1000,False,0.0,0.0,1.0,0.4747983870967742,521,5883,0.0,False,0.0,0.0,0.0,281.00002765655523,0.587371492740284,6,building,0.1,0.1,weighted_crc,segformer_b2_loveda_urban,loveda_urban_val_half,281
1.0,1000,False,0.0,0.0,1.0,0.4747983870967742,521,5883,0.0,False,0.0,0.0,0.0,281.00002765655523,0.587371492740284,6,building,0.2,0.1,weighted_crc,segformer_b2_loveda_urban,loveda_urban_val_half,281
1.0,1000,False,0.0,0.0,1.0,0.4747983870967742,521,5883,0.0,False,0.0,0.0,0.0,281.00002765655523,0.587371492740284,6,building,0.05,0.5,weighted_crc,segformer_b2_loveda_urban,loveda_urban_val_half,281
1.0,1000,False,0.0,0.0,1.0,0.4747983870967742,521,5883,0.0,False,0.0,0.0,0.0,281.00002765655523,0.587371492740284,6,building,0.1,0.5,weighted_crc,segformer_b2_loveda_urban,loveda_urban_val_half,281
1.0,1000,False,0.0,0.0,1.0,0.4747983870967742,521,5883,0.0,False,0.0,0.0,0.0,281.00002765655523,0.587371492740284,6,building,0.2,0.5,weighted_crc,segformer_b2_loveda_urban,loveda_urban_val_half,281
1.0,1000,False,0.0,0.0,1.0,0.14516129032258066,848,2882,0.0,False,0.0,0.0,0.0,290.000066757205,0.5797101128779916,6,water,0.05,0.1,weighted_crc,segformer_b2_loveda_urban,loveda_urban_val_half,290
1.0,1000,False,0.0,0.0,1.0,0.14516129032258066,848,2882,0.0,False,0.0,0.0,0.0,290.000066757205,0.5797101128779916,6,water,0.1,0.1,weighted_crc,segformer_b2_loveda_urban,loveda_urban_val_half,290
1.0,1000,False,0.0,0.0,1.0,0.14516129032258066,848,2882,0.0,False,0.0,0.0,0.0,290.000066757205,0.5797101128779916,6,water,0.2,0.1,weighted_crc,segformer_b2_loveda_urban,loveda_urban_val_half,290
1.0,1000,False,0.0,0.0,1.0,0.14516129032258066,848,2882,0.0,False,0.0,0.0,0.0,290.000066757205,0.5797101128779916,6,water,0.05,0.5,weighted_crc,segformer_b2_loveda_urban,loveda_urban_val_half,290
1.0,1000,False,0.0,0.0,1.0,0.14516129032258066,848,2882,0.0,False,0.0,0.0,0.0,290.000066757205,0.5797101128779916,6,water,0.1,0.5,weighted_crc,segformer_b2_loveda_urban,loveda_urban_val_half,290
1.0,1000,False,0.0,0.0,1.0,0.14516129032258066,848,2882,0.0,False,0.0,0.0,0.0,290.000066757205,0.5797101128779916,6,water,0.2,0.5,weighted_crc,segformer_b2_loveda_urban,loveda_urban_val_half,290
1.0,1000,False,0.0,0.0,1.0,0.4747983870967742,521,5883,0.0,False,0.0,0.0,0.0,282.00003623962436,0.5865102409655233,7,building,0.05,0.1,weighted_crc,segformer_b2_loveda_urban,loveda_urban_val_half,282
1.0,1000,False,0.0,0.0,1.0,0.4747983870967742,521,5883,0.0,False,0.0,0.0,0.0,282.00003623962436,0.5865102409655233,7,building,0.1,0.1,weighted_crc,segformer_b2_loveda_urban,loveda_urban_val_half,282
1.0,1000,False,0.0,0.0,1.0,0.4747983870967742,521,5883,0.0,False,0.0,0.0,0.0,282.00003623962436,0.5865102409655233,7,building,0.2,0.1,weighted_crc,segformer_b2_loveda_urban,loveda_urban_val_half,282
1.0,1000,False,0.0,0.0,1.0,0.4747983870967742,521,5883,0.0,False,0.0,0.0,0.0,282.00003623962436,0.5865102409655233,7,building,0.05,0.5,weighted_crc,segformer_b2_loveda_urban,loveda_urban_val_half,282
1.0,1000,False,0.0,0.0,1.0,0.4747983870967742,521,5883,0.0,False,0.0,0.0,0.0,282.00003623962436,0.5865102409655233,7,building,0.1,0.5,weighted_crc,segformer_b2_loveda_urban,loveda_urban_val_half,282
1.0,1000,False,0.0,0.0,1.0,0.4747983870967742,521,5883,0.0,False,0.0,0.0,0.0,282.00003623962436,0.5865102409655233,7,building,0.2,0.5,weighted_crc,segformer_b2_loveda_urban,loveda_urban_val_half,282
1.0,1000,False,0.0,0.0,1.0,0.14516129032258066,848,2882,0.0,False,0.0,0.0,0.0,289.0000581741353,0.5805514950193704,7,water,0.05,0.1,weighted_crc,segformer_b2_loveda_urban,loveda_urban_val_half,289
1.0,1000,False,0.0,0.0,1.0,0.14516129032258066,848,2882,0.0,False,0.0,0.0,0.0,289.0000581741353,0.5805514950193704,7,water,0.1,0.1,weighted_crc,segformer_b2_loveda_urban,loveda_urban_val_half,289
1.0,1000,False,0.0,0.0,1.0,0.14516129032258066,848,2882,0.0,False,0.0,0.0,0.0,289.0000581741353,0.5805514950193704,7,water,0.2,0.1,weighted_crc,segformer_b2_loveda_urban,loveda_urban_val_half,289
1.0,1000,False,0.0,0.0,1.0,0.14516129032258066,848,2882,0.0,False,0.0,0.0,0.0,289.0000581741353,0.5805514950193704,7,water,0.05,0.5,weighted_crc,segformer_b2_loveda_urban,loveda_urban_val_half,289
1.0,1000,False,0.0,0.0,1.0,0.14516129032258066,848,2882,0.0,False,0.0,0.0,0.0,289.0000581741353,0.5805514950193704,7,water,0.1,0.5,weighted_crc,segformer_b2_loveda_urban,loveda_urban_val_half,289
1.0,1000,False,0.0,0.0,1.0,0.14516129032258066,848,2882,0.0,False,0.0,0.0,0.0,289.0000581741353,0.5805514950193704,7,water,0.2,0.5,weighted_crc,segformer_b2_loveda_urban,loveda_urban_val_half,289
1.0,1000,False,0.0,0.0,1.0,0.4747983870967742,521,5883,0.0,False,0.0,0.0,0.0,290.000066757205,0.5797101128779916,8,building,0.05,0.1,weighted_crc,segformer_b2_loveda_urban,loveda_urban_val_half,290
1.0,1000,False,0.0,0.0,1.0,0.4747983870967742,521,5883,0.0,False,0.0,0.0,0.0,290.000066757205,0.5797101128779916,8,building,0.1,0.1,weighted_crc,segformer_b2_loveda_urban,loveda_urban_val_half,290
1.0,1000,False,0.0,0.0,1.0,0.4747983870967742,521,5883,0.0,False,0.0,0.0,0.0,290.000066757205,0.5797101128779916,8,building,0.2,0.1,weighted_crc,segformer_b2_loveda_urban,loveda_urban_val_half,290
1.0,1000,False,0.0,0.0,1.0,0.4747983870967742,521,5883,0.0,False,0.0,0.0,0.0,290.000066757205,0.5797101128779916,8,building,0.05,0.5,weighted_crc,segformer_b2_loveda_urban,loveda_urban_val_half,290
1.0,1000,False,0.0,0.0,1.0,0.4747983870967742,521,5883,0.0,False,0.0,0.0,0.0,290.000066757205,0.5797101128779916,8,building,0.1,0.5,weighted_crc,segformer_b2_loveda_urban,loveda_urban_val_half,290
1.0,1000,False,0.0,0.0,1.0,0.4747983870967742,521,5883,0.0,False,0.0,0.0,0.0,290.000066757205,0.5797101128779916,8,building,0.2,0.5,weighted_crc,segformer_b2_loveda_urban,loveda_urban_val_half,290
1.0,1000,False,0.0,0.0,1.0,0.14516129032258066,848,2882,0.0,False,0.0,0.0,0.0,286.0000324249271,0.5830903595541119,8,water,0.05,0.1,weighted_crc,segformer_b2_loveda_urban,loveda_urban_val_half,286
1.0,1000,False,0.0,0.0,1.0,0.14516129032258066,848,2882,0.0,False,0.0,0.0,0.0,286.0000324249271,0.5830903595541119,8,water,0.1,0.1,weighted_crc,segformer_b2_loveda_urban,loveda_urban_val_half,286
1.0,1000,False,0.0,0.0,1.0,0.14516129032258066,848,2882,0.0,False,0.0,0.0,0.0,286.0000324249271,0.5830903595541119,8,water,0.2,0.1,weighted_crc,segformer_b2_loveda_urban,loveda_urban_val_half,286
1.0,1000,False,0.0,0.0,1.0,0.14516129032258066,848,2882,0.0,False,0.0,0.0,0.0,286.0000324249271,0.5830903595541119,8,water,0.05,0.5,weighted_crc,segformer_b2_loveda_urban,loveda_urban_val_half,286
1.0,1000,False,0.0,0.0,1.0,0.14516129032258066,848,2882,0.0,False,0.0,0.0,0.0,286.0000324249271,0.5830903595541119,8,water,0.1,0.5,weighted_crc,segformer_b2_loveda_urban,loveda_urban_val_half,286
1.0,1000,False,0.0,0.0,1.0,0.14516129032258066,848,2882,0.0,False,0.0,0.0,0.0,286.0000324249271,0.5830903595541119,8,water,0.2,0.5,weighted_crc,segformer_b2_loveda_urban,loveda_urban_val_half,286
1.0,1000,False,0.0,0.0,1.0,0.4747983870967742,521,5883,0.0,False,0.0,0.0,0.0,290.000066757205,0.5797101128779916,9,building,0.05,0.1,weighted_crc,segformer_b2_loveda_urban,loveda_urban_val_half,290
1.0,1000,False,0.0,0.0,1.0,0.4747983870967742,521,5883,0.0,False,0.0,0.0,0.0,290.000066757205,0.5797101128779916,9,building,0.1,0.1,weighted_crc,segformer_b2_loveda_urban,loveda_urban_val_half,290
1.0,1000,False,0.0,0.0,1.0,0.4747983870967742,521,5883,0.0,False,0.0,0.0,0.0,290.000066757205,0.5797101128779916,9,building,0.2,0.1,weighted_crc,segformer_b2_loveda_urban,loveda_urban_val_half,290
1.0,1000,False,0.0,0.0,1.0,0.4747983870967742,521,5883,0.0,False,0.0,0.0,0.0,290.000066757205,0.5797101128779916,9,building,0.05,0.5,weighted_crc,segformer_b2_loveda_urban,loveda_urban_val_half,290
1.0,1000,False,0.0,0.0,1.0,0.4747983870967742,521,5883,0.0,False,0.0,0.0,0.0,290.000066757205,0.5797101128779916,9,building,0.1,0.5,weighted_crc,segformer_b2_loveda_urban,loveda_urban_val_half,290
1.0,1000,False,0.0,0.0,1.0,0.4747983870967742,521,5883,0.0,False,0.0,0.0,0.0,290.000066757205,0.5797101128779916,9,building,0.2,0.5,weighted_crc,segformer_b2_loveda_urban,loveda_urban_val_half,290
1.0,1000,False,0.0,0.0,1.0,0.14516129032258066,848,2882,0.0,False,0.0,0.0,0.0,279.00001049041754,0.5891016067909026,9,water,0.05,0.1,weighted_crc,segformer_b2_loveda_urban,loveda_urban_val_half,279
1.0,1000,False,0.0,0.0,1.0,0.14516129032258066,848,2882,0.0,False,0.0,0.0,0.0,279.00001049041754,0.5891016067909026,9,water,0.1,0.1,weighted_crc,segformer_b2_loveda_urban,loveda_urban_val_half,279
1.0,1000,False,0.0,0.0,1.0,0.14516129032258066,848,2882,0.0,False,0.0,0.0,0.0,279.00001049041754,0.5891016067909026,9,water,0.2,0.1,weighted_crc,segformer_b2_loveda_urban,loveda_urban_val_half,279
1.0,1000,False,0.0,0.0,1.0,0.14516129032258066,848,2882,0.0,False,0.0,0.0,0.0,279.00001049041754,0.5891016067909026,9,water,0.05,0.5,weighted_crc,segformer_b2_loveda_urban,loveda_urban_val_half,279
1.0,1000,False,0.0,0.0,1.0,0.14516129032258066,848,2882,0.0,False,0.0,0.0,0.0,279.00001049041754,0.5891016067909026,9,water,0.1,0.5,weighted_crc,segformer_b2_loveda_urban,loveda_urban_val_half,279
1.0,1000,False,0.0,0.0,1.0,0.14516129032258066,848,2882,0.0,False,0.0,0.0,0.0,279.00001049041754,0.5891016067909026,9,water,0.2,0.5,weighted_crc,segformer_b2_loveda_urban,loveda_urban_val_half,279
1.0,1000,False,0.0,0.0,1.0,0.4747983870967742,521,5883,0.0,False,0.0,0.0,0.0,283.0000448226936,0.5856515111674001,10,building,0.05,0.1,weighted_crc,segformer_b2_loveda_urban,loveda_urban_val_half,283
1.0,1000,False,0.0,0.0,1.0,0.4747983870967742,521,5883,0.0,False,0.0,0.0,0.0,283.0000448226936,0.5856515111674001,10,building,0.1,0.1,weighted_crc,segformer_b2_loveda_urban,loveda_urban_val_half,283
1.0,1000,False,0.0,0.0,1.0,0.4747983870967742,521,5883,0.0,False,0.0,0.0,0.0,283.0000448226936,0.5856515111674001,10,building,0.2,0.1,weighted_crc,segformer_b2_loveda_urban,loveda_urban_val_half,283
1.0,1000,False,0.0,0.0,1.0,0.4747983870967742,521,5883,0.0,False,0.0,0.0,0.0,283.0000448226936,0.5856515111674001,10,building,0.05,0.5,weighted_crc,segformer_b2_loveda_urban,loveda_urban_val_half,283
1.0,1000,False,0.0,0.0,1.0,0.4747983870967742,521,5883,0.0,False,0.0,0.0,0.0,283.0000448226936,0.5856515111674001,10,building,0.1,0.5,weighted_crc,segformer_b2_loveda_urban,loveda_urban_val_half,283
1.0,1000,False,0.0,0.0,1.0,0.4747983870967742,521,5883,0.0,False,0.0,0.0,0.0,283.0000448226936,0.5856515111674001,10,building,0.2,0.5,weighted_crc,segformer_b2_loveda_urban,loveda_urban_val_half,283
1.0,1000,False,0.0,0.0,1.0,0.14516129032258066,848,2882,0.0,False,0.0,0.0,0.0,278.00004005432163,0.5899704749196607,10,water,0.05,0.1,weighted_crc,segformer_b2_loveda_urban,loveda_urban_val_half,278
1.0,1000,False,0.0,0.0,1.0,0.14516129032258066,848,2882,0.0,False,0.0,0.0,0.0,278.00004005432163,0.5899704749196607,10,water,0.1,0.1,weighted_crc,segformer_b2_loveda_urban,loveda_urban_val_half,278
1.0,1000,False,0.0,0.0,1.0,0.14516129032258066,848,2882,0.0,False,0.0,0.0,0.0,278.00004005432163,0.5899704749196607,10,water,0.2,0.1,weighted_crc,segformer_b2_loveda_urban,loveda_urban_val_half,278
1.0,1000,False,0.0,0.0,1.0,0.14516129032258066,848,2882,0.0,False,0.0,0.0,0.0,278.00004005432163,0.5899704749196607,10,water,0.05,0.5,weighted_crc,segformer_b2_loveda_urban,loveda_urban_val_half,278
1.0,1000,False,0.0,0.0,1.0,0.14516129032258066,848,2882,0.0,False,0.0,0.0,0.0,278.00004005432163,0.5899704749196607,10,water,0.1,0.5,weighted_crc,segformer_b2_loveda_urban,loveda_urban_val_half,278
1.0,1000,False,0.0,0.0,1.0,0.14516129032258066,848,2882,0.0,False,0.0,0.0,0.0,278.00004005432163,0.5899704749196607,10,water,0.2,0.5,weighted_crc,segformer_b2_loveda_urban,loveda_urban_val_half,278
1.0,1000,False,0.0,0.0,1.0,0.4747983870967742,521,5883,0.0,False,0.0,0.0,0.0,287.000002861023,0.5822416238105516,11,building,0.05,0.1,weighted_crc,segformer_b2_loveda_urban,loveda_urban_val_half,287
1.0,1000,False,0.0,0.0,1.0,0.4747983870967742,521,5883,0.0,False,0.0,0.0,0.0,287.000002861023,0.5822416238105516,11,building,0.1,0.1,weighted_crc,segformer_b2_loveda_urban,loveda_urban_val_half,287
1.0,1000,False,0.0,0.0,1.0,0.4747983870967742,521,5883,0.0,False,0.0,0.0,0.0,287.000002861023,0.5822416238105516,11,building,0.2,0.1,weighted_crc,segformer_b2_loveda_urban,loveda_urban_val_half,287
1.0,1000,False,0.0,0.0,1.0,0.4747983870967742,521,5883,0.0,False,0.0,0.0,0.0,287.000002861023,0.5822416238105516,11,building,0.05,0.5,weighted_crc,segformer_b2_loveda_urban,loveda_urban_val_half,287
1.0,1000,False,0.0,0.0,1.0,0.4747983870967742,521,5883,0.0,False,0.0,0.0,0.0,287.000002861023,0.5822416238105516,11,building,0.1,0.5,weighted_crc,segformer_b2_loveda_urban,loveda_urban_val_half,287
1.0,1000,False,0.0,0.0,1.0,0.4747983870967742,521,5883,0.0,False,0.0,0.0,0.0,287.000002861023,0.5822416238105516,11,building,0.2,0.5,weighted_crc,segformer_b2_loveda_urban,loveda_urban_val_half,287
1.0,1000,False,0.0,0.0,1.0,0.14516129032258066,848,2882,0.0,False,0.0,0.0,0.0,288.0000495910657,0.581395323048289,11,water,0.05,0.1,weighted_crc,segformer_b2_loveda_urban,loveda_urban_val_half,288
1.0,1000,False,0.0,0.0,1.0,0.14516129032258066,848,2882,0.0,False,0.0,0.0,0.0,288.0000495910657,0.581395323048289,11,water,0.1,0.1,weighted_crc,segformer_b2_loveda_urban,loveda_urban_val_half,288
1.0,1000,False,0.0,0.0,1.0,0.14516129032258066,848,2882,0.0,False,0.0,0.0,0.0,288.0000495910657,0.581395323048289,11,water,0.2,0.1,weighted_crc,segformer_b2_loveda_urban,loveda_urban_val_half,288
1.0,1000,False,0.0,0.0,1.0,0.14516129032258066,848,2882,0.0,False,0.0,0.0,0.0,288.0000495910657,0.581395323048289,11,water,0.05,0.5,weighted_crc,segformer_b2_loveda_urban,loveda_urban_val_half,288
1.0,1000,False,0.0,0.0,1.0,0.14516129032258066,848,2882,0.0,False,0.0,0.0,0.0,288.0000495910657,0.581395323048289,11,water,0.1,0.5,weighted_crc,segformer_b2_loveda_urban,loveda_urban_val_half,288
1.0,1000,False,0.0,0.0,1.0,0.14516129032258066,848,2882,0.0,False,0.0,0.0,0.0,288.0000495910657,0.581395323048289,11,water,0.2,0.5,weighted_crc,segformer_b2_loveda_urban,loveda_urban_val_half,288
1.0,1000,False,0.0,0.0,1.0,0.4747983870967742,521,5883,0.0,False,0.0,0.0,0.0,278.00004005432163,0.5899704749196607,12,building,0.05,0.1,weighted_crc,segformer_b2_loveda_urban,loveda_urban_val_half,278
1.0,1000,False,0.0,0.0,1.0,0.4747983870967742,521,5883,0.0,False,0.0,0.0,0.0,278.00004005432163,0.5899704749196607,12,building,0.1,0.1,weighted_crc,segformer_b2_loveda_urban,loveda_urban_val_half,278
1.0,1000,False,0.0,0.0,1.0,0.4747983870967742,521,5883,0.0,False,0.0,0.0,0.0,278.00004005432163,0.5899704749196607,12,building,0.2,0.1,weighted_crc,segformer_b2_loveda_urban,loveda_urban_val_half,278
1.0,1000,False,0.0,0.0,1.0,0.4747983870967742,521,5883,0.0,False,0.0,0.0,0.0,278.00004005432163,0.5899704749196607,12,building,0.05,0.5,weighted_crc,segformer_b2_loveda_urban,loveda_urban_val_half,278
1.0,1000,False,0.0,0.0,1.0,0.4747983870967742,521,5883,0.0,False,0.0,0.0,0.0,278.00004005432163,0.5899704749196607,12,building,0.1,0.5,weighted_crc,segformer_b2_loveda_urban,loveda_urban_val_half,278
1.0,1000,False,0.0,0.0,1.0,0.4747983870967742,521,5883,0.0,False,0.0,0.0,0.0,278.00004005432163,0.5899704749196607,12,building,0.2,0.5,weighted_crc,segformer_b2_loveda_urban,loveda_urban_val_half,278
1.0,1000,False,0.0,0.0,1.0,0.14516129032258066,848,2882,0.0,False,0.0,0.0,0.0,288.0000495910657,0.581395323048289,12,water,0.05,0.1,weighted_crc,segformer_b2_loveda_urban,loveda_urban_val_half,288
1.0,1000,False,0.0,0.0,1.0,0.14516129032258066,848,2882,0.0,False,0.0,0.0,0.0,288.0000495910657,0.581395323048289,12,water,0.1,0.1,weighted_crc,segformer_b2_loveda_urban,loveda_urban_val_half,288
1.0,1000,False,0.0,0.0,1.0,0.14516129032258066,848,2882,0.0,False,0.0,0.0,0.0,288.0000495910657,0.581395323048289,12,water,0.2,0.1,weighted_crc,segformer_b2_loveda_urban,loveda_urban_val_half,288
1.0,1000,False,0.0,0.0,1.0,0.14516129032258066,848,2882,0.0,False,0.0,0.0,0.0,288.0000495910657,0.581395323048289,12,water,0.05,0.5,weighted_crc,segformer_b2_loveda_urban,loveda_urban_val_half,288
1.0,1000,False,0.0,0.0,1.0,0.14516129032258066,848,2882,0.0,False,0.0,0.0,0.0,288.0000495910657,0.581395323048289,12,water,0.1,0.5,weighted_crc,segformer_b2_loveda_urban,loveda_urban_val_half,288
1.0,1000,False,0.0,0.0,1.0,0.14516129032258066,848,2882,0.0,False,0.0,0.0,0.0,288.0000495910657,0.581395323048289,12,water,0.2,0.5,weighted_crc,segformer_b2_loveda_urban,loveda_urban_val_half,288
1.0,1000,False,0.0,0.0,1.0,0.4747983870967742,521,5883,0.0,False,0.0,0.0,0.0,276.9999933242805,0.5908419431199907,13,building,0.05,0.1,weighted_crc,segformer_b2_loveda_urban,loveda_urban_val_half,277
1.0,1000,False,0.0,0.0,1.0,0.4747983870967742,521,5883,0.0,False,0.0,0.0,0.0,276.9999933242805,0.5908419431199907,13,building,0.1,0.1,weighted_crc,segformer_b2_loveda_urban,loveda_urban_val_half,277
1.0,1000,False,0.0,0.0,1.0,0.4747983870967742,521,5883,0.0,False,0.0,0.0,0.0,276.9999933242805,0.5908419431199907,13,building,0.2,0.1,weighted_crc,segformer_b2_loveda_urban,loveda_urban_val_half,277
1.0,1000,False,0.0,0.0,1.0,0.4747983870967742,521,5883,0.0,False,0.0,0.0,0.0,276.9999933242805,0.5908419431199907,13,building,0.05,0.5,weighted_crc,segformer_b2_loveda_urban,loveda_urban_val_half,277
1.0,1000,False,0.0,0.0,1.0,0.4747983870967742,521,5883,0.0,False,0.0,0.0,0.0,276.9999933242805,0.5908419431199907,13,building,0.1,0.5,weighted_crc,segformer_b2_loveda_urban,loveda_urban_val_half,277
1.0,1000,False,0.0,0.0,1.0,0.4747983870967742,521,5883,0.0,False,0.0,0.0,0.0,276.9999933242805,0.5908419431199907,13,building,0.2,0.5,weighted_crc,segformer_b2_loveda_urban,loveda_urban_val_half,277
1.0,1000,False,0.0,0.0,1.0,0.14516129032258066,848,2882,0.0,False,0.0,0.0,0.0,281.00002765655523,0.587371492740284,13,water,0.05,0.1,weighted_crc,segformer_b2_loveda_urban,loveda_urban_val_half,281
1.0,1000,False,0.0,0.0,1.0,0.14516129032258066,848,2882,0.0,False,0.0,0.0,0.0,281.00002765655523,0.587371492740284,13,water,0.1,0.1,weighted_crc,segformer_b2_loveda_urban,loveda_urban_val_half,281
1.0,1000,False,0.0,0.0,1.0,0.14516129032258066,848,2882,0.0,False,0.0,0.0,0.0,281.00002765655523,0.587371492740284,13,water,0.2,0.1,weighted_crc,segformer_b2_loveda_urban,loveda_urban_val_half,281
1.0,1000,False,0.0,0.0,1.0,0.14516129032258066,848,2882,0.0,False,0.0,0.0,0.0,281.00002765655523,0.587371492740284,13,water,0.05,0.5,weighted_crc,segformer_b2_loveda_urban,loveda_urban_val_half,281
1.0,1000,False,0.0,0.0,1.0,0.14516129032258066,848,2882,0.0,False,0.0,0.0,0.0,281.00002765655523,0.587371492740284,13,water,0.1,0.5,weighted_crc,segformer_b2_loveda_urban,loveda_urban_val_half,281
1.0,1000,False,0.0,0.0,1.0,0.14516129032258066,848,2882,0.0,False,0.0,0.0,0.0,281.00002765655523,0.587371492740284,13,water,0.2,0.5,weighted_crc,segformer_b2_loveda_urban,loveda_urban_val_half,281
1.0,1000,False,0.0,0.0,1.0,0.4747983870967742,521,5883,0.0,False,0.0,0.0,0.0,283.0000448226936,0.5856515111674001,14,building,0.05,0.1,weighted_crc,segformer_b2_loveda_urban,loveda_urban_val_half,283
1.0,1000,False,0.0,0.0,1.0,0.4747983870967742,521,5883,0.0,False,0.0,0.0,0.0,283.0000448226936,0.5856515111674001,14,building,0.1,0.1,weighted_crc,segformer_b2_loveda_urban,loveda_urban_val_half,283
1.0,1000,False,0.0,0.0,1.0,0.4747983870967742,521,5883,0.0,False,0.0,0.0,0.0,283.0000448226936,0.5856515111674001,14,building,0.2,0.1,weighted_crc,segformer_b2_loveda_urban,loveda_urban_val_half,283
1.0,1000,False,0.0,0.0,1.0,0.4747983870967742,521,5883,0.0,False,0.0,0.0,0.0,283.0000448226936,0.5856515111674001,14,building,0.05,0.5,weighted_crc,segformer_b2_loveda_urban,loveda_urban_val_half,283
1.0,1000,False,0.0,0.0,1.0,0.4747983870967742,521,5883,0.0,False,0.0,0.0,0.0,283.0000448226936,0.5856515111674001,14,building,0.1,0.5,weighted_crc,segformer_b2_loveda_urban,loveda_urban_val_half,283
1.0,1000,False,0.0,0.0,1.0,0.4747983870967742,521,5883,0.0,False,0.0,0.0,0.0,283.0000448226936,0.5856515111674001,14,building,0.2,0.5,weighted_crc,segformer_b2_loveda_urban,loveda_urban_val_half,283
1.0,1000,False,0.0,0.0,1.0,0.14516129032258066,848,2882,0.0,False,0.0,0.0,0.0,285.00006198883256,0.5839415733202873,14,water,0.05,0.1,weighted_crc,segformer_b2_loveda_urban,loveda_urban_val_half,285
1.0,1000,False,0.0,0.0,1.0,0.14516129032258066,848,2882,0.0,False,0.0,0.0,0.0,285.00006198883256,0.5839415733202873,14,water,0.1,0.1,weighted_crc,segformer_b2_loveda_urban,loveda_urban_val_half,285
1.0,1000,False,0.0,0.0,1.0,0.14516129032258066,848,2882,0.0,False,0.0,0.0,0.0,285.00006198883256,0.5839415733202873,14,water,0.2,0.1,weighted_crc,segformer_b2_loveda_urban,loveda_urban_val_half,285
1.0,1000,False,0.0,0.0,1.0,0.14516129032258066,848,2882,0.0,False,0.0,0.0,0.0,285.00006198883256,0.5839415733202873,14,water,0.05,0.5,weighted_crc,segformer_b2_loveda_urban,loveda_urban_val_half,285
1.0,1000,False,0.0,0.0,1.0,0.14516129032258066,848,2882,0.0,False,0.0,0.0,0.0,285.00006198883256,0.5839415733202873,14,water,0.1,0.5,weighted_crc,segformer_b2_loveda_urban,loveda_urban_val_half,285
1.0,1000,False,0.0,0.0,1.0,0.14516129032258066,848,2882,0.0,False,0.0,0.0,0.0,285.00006198883256,0.5839415733202873,14,water,0.2,0.5,weighted_crc,segformer_b2_loveda_urban,loveda_urban_val_half,285
1.0,1000,False,0.0,0.0,1.0,0.4747983870967742,521,5883,0.0,False,0.0,0.0,0.0,288.0000495910657,0.581395323048289,15,building,0.05,0.1,weighted_crc,segformer_b2_loveda_urban,loveda_urban_val_half,288
1.0,1000,False,0.0,0.0,1.0,0.4747983870967742,521,5883,0.0,False,0.0,0.0,0.0,288.0000495910657,0.581395323048289,15,building,0.1,0.1,weighted_crc,segformer_b2_loveda_urban,loveda_urban_val_half,288
1.0,1000,False,0.0,0.0,1.0,0.4747983870967742,521,5883,0.0,False,0.0,0.0,0.0,288.0000495910657,0.581395323048289,15,building,0.2,0.1,weighted_crc,segformer_b2_loveda_urban,loveda_urban_val_half,288
1.0,1000,False,0.0,0.0,1.0,0.4747983870967742,521,5883,0.0,False,0.0,0.0,0.0,288.0000495910657,0.581395323048289,15,building,0.05,0.5,weighted_crc,segformer_b2_loveda_urban,loveda_urban_val_half,288
1.0,1000,False,0.0,0.0,1.0,0.4747983870967742,521,5883,0.0,False,0.0,0.0,0.0,288.0000495910657,0.581395323048289,15,building,0.1,0.5,weighted_crc,segformer_b2_loveda_urban,loveda_urban_val_half,288
1.0,1000,False,0.0,0.0,1.0,0.4747983870967742,521,5883,0.0,False,0.0,0.0,0.0,288.0000495910657,0.581395323048289,15,building,0.2,0.5,weighted_crc,segformer_b2_loveda_urban,loveda_urban_val_half,288
1.0,1000,False,0.0,0.0,1.0,0.14516129032258066,848,2882,0.0,False,0.0,0.0,0.0,282.00003623962436,0.5865102409655233,15,water,0.05,0.1,weighted_crc,segformer_b2_loveda_urban,loveda_urban_val_half,282
1.0,1000,False,0.0,0.0,1.0,0.14516129032258066,848,2882,0.0,False,0.0,0.0,0.0,282.00003623962436,0.5865102409655233,15,water,0.1,0.1,weighted_crc,segformer_b2_loveda_urban,loveda_urban_val_half,282
1.0,1000,False,0.0,0.0,1.0,0.14516129032258066,848,2882,0.0,False,0.0,0.0,0.0,282.00003623962436,0.5865102409655233,15,water,0.2,0.1,weighted_crc,segformer_b2_loveda_urban,loveda_urban_val_half,282
1.0,1000,False,0.0,0.0,1.0,0.14516129032258066,848,2882,0.0,False,0.0,0.0,0.0,282.00003623962436,0.5865102409655233,15,water,0.05,0.5,weighted_crc,segformer_b2_loveda_urban,loveda_urban_val_half,282
1.0,1000,False,0.0,0.0,1.0,0.14516129032258066,848,2882,0.0,False,0.0,0.0,0.0,282.00003623962436,0.5865102409655233,15,water,0.1,0.5,weighted_crc,segformer_b2_loveda_urban,loveda_urban_val_half,282
1.0,1000,False,0.0,0.0,1.0,0.14516129032258066,848,2882,0.0,False,0.0,0.0,0.0,282.00003623962436,0.5865102409655233,15,water,0.2,0.5,weighted_crc,segformer_b2_loveda_urban,loveda_urban_val_half,282
1.0,1000,False,0.0,0.0,1.0,0.4747983870967742,521,5883,0.0,False,0.0,0.0,0.0,281.00002765655523,0.587371492740284,16,building,0.05,0.1,weighted_crc,segformer_b2_loveda_urban,loveda_urban_val_half,281
1.0,1000,False,0.0,0.0,1.0,0.4747983870967742,521,5883,0.0,False,0.0,0.0,0.0,281.00002765655523,0.587371492740284,16,building,0.1,0.1,weighted_crc,segformer_b2_loveda_urban,loveda_urban_val_half,281
1.0,1000,False,0.0,0.0,1.0,0.4747983870967742,521,5883,0.0,False,0.0,0.0,0.0,281.00002765655523,0.587371492740284,16,building,0.2,0.1,weighted_crc,segformer_b2_loveda_urban,loveda_urban_val_half,281
1.0,1000,False,0.0,0.0,1.0,0.4747983870967742,521,5883,0.0,False,0.0,0.0,0.0,281.00002765655523,0.587371492740284,16,building,0.05,0.5,weighted_crc,segformer_b2_loveda_urban,loveda_urban_val_half,281
1.0,1000,False,0.0,0.0,1.0,0.4747983870967742,521,5883,0.0,False,0.0,0.0,0.0,281.00002765655523,0.587371492740284,16,building,0.1,0.5,weighted_crc,segformer_b2_loveda_urban,loveda_urban_val_half,281
1.0,1000,False,0.0,0.0,1.0,0.4747983870967742,521,5883,0.0,False,0.0,0.0,0.0,281.00002765655523,0.587371492740284,16,building,0.2,0.5,weighted_crc,segformer_b2_loveda_urban,loveda_urban_val_half,281
1.0,1000,False,0.0,0.0,1.0,0.14516129032258066,848,2882,0.0,False,0.0,0.0,0.0,286.0000324249271,0.5830903595541119,16,water,0.05,0.1,weighted_crc,segformer_b2_loveda_urban,loveda_urban_val_half,286
1.0,1000,False,0.0,0.0,1.0,0.14516129032258066,848,2882,0.0,False,0.0,0.0,0.0,286.0000324249271,0.5830903595541119,16,water,0.1,0.1,weighted_crc,segformer_b2_loveda_urban,loveda_urban_val_half,286
1.0,1000,False,0.0,0.0,1.0,0.14516129032258066,848,2882,0.0,False,0.0,0.0,0.0,286.0000324249271,0.5830903595541119,16,water,0.2,0.1,weighted_crc,segformer_b2_loveda_urban,loveda_urban_val_half,286
1.0,1000,False,0.0,0.0,1.0,0.14516129032258066,848,2882,0.0,False,0.0,0.0,0.0,286.0000324249271,0.5830903595541119,16,water,0.05,0.5,weighted_crc,segformer_b2_loveda_urban,loveda_urban_val_half,286
1.0,1000,False,0.0,0.0,1.0,0.14516129032258066,848,2882,0.0,False,0.0,0.0,0.0,286.0000324249271,0.5830903595541119,16,water,0.1,0.5,weighted_crc,segformer_b2_loveda_urban,loveda_urban_val_half,286
1.0,1000,False,0.0,0.0,1.0,0.14516129032258066,848,2882,0.0,False,0.0,0.0,0.0,286.0000324249271,0.5830903595541119,16,water,0.2,0.5,weighted_crc,segformer_b2_loveda_urban,loveda_urban_val_half,286
1.0,1000,False,0.0,0.0,1.0,0.4747983870967742,521,5883,0.0,False,0.0,0.0,0.0,276.0000228881836,0.5917159562968884,17,building,0.05,0.1,weighted_crc,segformer_b2_loveda_urban,loveda_urban_val_half,276
1.0,1000,False,0.0,0.0,1.0,0.4747983870967742,521,5883,0.0,False,0.0,0.0,0.0,276.0000228881836,0.5917159562968884,17,building,0.1,0.1,weighted_crc,segformer_b2_loveda_urban,loveda_urban_val_half,276
1.0,1000,False,0.0,0.0,1.0,0.4747983870967742,521,5883,0.0,False,0.0,0.0,0.0,276.0000228881836,0.5917159562968884,17,building,0.2,0.1,weighted_crc,segformer_b2_loveda_urban,loveda_urban_val_half,276
1.0,1000,False,0.0,0.0,1.0,0.4747983870967742,521,5883,0.0,False,0.0,0.0,0.0,276.0000228881836,0.5917159562968884,17,building,0.05,0.5,weighted_crc,segformer_b2_loveda_urban,loveda_urban_val_half,276
1.0,1000,False,0.0,0.0,1.0,0.4747983870967742,521,5883,0.0,False,0.0,0.0,0.0,276.0000228881836,0.5917159562968884,17,building,0.1,0.5,weighted_crc,segformer_b2_loveda_urban,loveda_urban_val_half,276
1.0,1000,False,0.0,0.0,1.0,0.4747983870967742,521,5883,0.0,False,0.0,0.0,0.0,276.0000228881836,0.5917159562968884,17,building,0.2,0.5,weighted_crc,segformer_b2_loveda_urban,loveda_urban_val_half,276
1.0,1000,False,0.0,0.0,1.0,0.14516129032258066,848,2882,0.0,False,0.0,0.0,0.0,285.00006198883256,0.5839415733202873,17,water,0.05,0.1,weighted_crc,segformer_b2_loveda_urban,loveda_urban_val_half,285
1.0,1000,False,0.0,0.0,1.0,0.14516129032258066,848,2882,0.0,False,0.0,0.0,0.0,285.00006198883256,0.5839415733202873,17,water,0.1,0.1,weighted_crc,segformer_b2_loveda_urban,loveda_urban_val_half,285
1.0,1000,False,0.0,0.0,1.0,0.14516129032258066,848,2882,0.0,False,0.0,0.0,0.0,285.00006198883256,0.5839415733202873,17,water,0.2,0.1,weighted_crc,segformer_b2_loveda_urban,loveda_urban_val_half,285
1.0,1000,False,0.0,0.0,1.0,0.14516129032258066,848,2882,0.0,False,0.0,0.0,0.0,285.00006198883256,0.5839415733202873,17,water,0.05,0.5,weighted_crc,segformer_b2_loveda_urban,loveda_urban_val_half,285
1.0,1000,False,0.0,0.0,1.0,0.14516129032258066,848,2882,0.0,False,0.0,0.0,0.0,285.00006198883256,0.5839415733202873,17,water,0.1,0.5,weighted_crc,segformer_b2_loveda_urban,loveda_urban_val_half,285
1.0,1000,False,0.0,0.0,1.0,0.14516129032258066,848,2882,0.0,False,0.0,0.0,0.0,285.00006198883256,0.5839415733202873,17,water,0.2,0.5,weighted_crc,segformer_b2_loveda_urban,loveda_urban_val_half,285
1.0,1000,False,0.0,0.0,1.0,0.4747983870967742,521,5883,0.0,False,0.0,0.0,0.0,287.000002861023,0.5822416238105516,18,building,0.05,0.1,weighted_crc,segformer_b2_loveda_urban,loveda_urban_val_half,287
1.0,1000,False,0.0,0.0,1.0,0.4747983870967742,521,5883,0.0,False,0.0,0.0,0.0,287.000002861023,0.5822416238105516,18,building,0.1,0.1,weighted_crc,segformer_b2_loveda_urban,loveda_urban_val_half,287
1.0,1000,False,0.0,0.0,1.0,0.4747983870967742,521,5883,0.0,False,0.0,0.0,0.0,287.000002861023,0.5822416238105516,18,building,0.2,0.1,weighted_crc,segformer_b2_loveda_urban,loveda_urban_val_half,287
1.0,1000,False,0.0,0.0,1.0,0.4747983870967742,521,5883,0.0,False,0.0,0.0,0.0,287.000002861023,0.5822416238105516,18,building,0.05,0.5,weighted_crc,segformer_b2_loveda_urban,loveda_urban_val_half,287
1.0,1000,False,0.0,0.0,1.0,0.4747983870967742,521,5883,0.0,False,0.0,0.0,0.0,287.000002861023,0.5822416238105516,18,building,0.1,0.5,weighted_crc,segformer_b2_loveda_urban,loveda_urban_val_half,287
1.0,1000,False,0.0,0.0,1.0,0.4747983870967742,521,5883,0.0,False,0.0,0.0,0.0,287.000002861023,0.5822416238105516,18,building,0.2,0.5,weighted_crc,segformer_b2_loveda_urban,loveda_urban_val_half,287
1.0,1000,False,0.0,0.0,1.0,0.14516129032258066,848,2882,0.0,False,0.0,0.0,0.0,289.0000581741353,0.5805514950193704,18,water,0.05,0.1,weighted_crc,segformer_b2_loveda_urban,loveda_urban_val_half,289
1.0,1000,False,0.0,0.0,1.0,0.14516129032258066,848,2882,0.0,False,0.0,0.0,0.0,289.0000581741353,0.5805514950193704,18,water,0.1,0.1,weighted_crc,segformer_b2_loveda_urban,loveda_urban_val_half,289
1.0,1000,False,0.0,0.0,1.0,0.14516129032258066,848,2882,0.0,False,0.0,0.0,0.0,289.0000581741353,0.5805514950193704,18,water,0.2,0.1,weighted_crc,segformer_b2_loveda_urban,loveda_urban_val_half,289
1.0,1000,False,0.0,0.0,1.0,0.14516129032258066,848,2882,0.0,False,0.0,0.0,0.0,289.0000581741353,0.5805514950193704,18,water,0.05,0.5,weighted_crc,segformer_b2_loveda_urban,loveda_urban_val_half,289
1.0,1000,False,0.0,0.0,1.0,0.14516129032258066,848,2882,0.0,False,0.0,0.0,0.0,289.0000581741353,0.5805514950193704,18,water,0.1,0.5,weighted_crc,segformer_b2_loveda_urban,loveda_urban_val_half,289
1.0,1000,False,0.0,0.0,1.0,0.14516129032258066,848,2882,0.0,False,0.0,0.0,0.0,289.0000581741353,0.5805514950193704,18,water,0.2,0.5,weighted_crc,segformer_b2_loveda_urban,loveda_urban_val_half,289
1.0,1000,False,0.0,0.0,1.0,0.4747983870967742,521,5883,0.0,False,0.0,0.0,0.0,288.0000495910657,0.581395323048289,19,building,0.05,0.1,weighted_crc,segformer_b2_loveda_urban,loveda_urban_val_half,288
1.0,1000,False,0.0,0.0,1.0,0.4747983870967742,521,5883,0.0,False,0.0,0.0,0.0,288.0000495910657,0.581395323048289,19,building,0.1,0.1,weighted_crc,segformer_b2_loveda_urban,loveda_urban_val_half,288
1.0,1000,False,0.0,0.0,1.0,0.4747983870967742,521,5883,0.0,False,0.0,0.0,0.0,288.0000495910657,0.581395323048289,19,building,0.2,0.1,weighted_crc,segformer_b2_loveda_urban,loveda_urban_val_half,288
1.0,1000,False,0.0,0.0,1.0,0.4747983870967742,521,5883,0.0,False,0.0,0.0,0.0,288.0000495910657,0.581395323048289,19,building,0.05,0.5,weighted_crc,segformer_b2_loveda_urban,loveda_urban_val_half,288
1.0,1000,False,0.0,0.0,1.0,0.4747983870967742,521,5883,0.0,False,0.0,0.0,0.0,288.0000495910657,0.581395323048289,19,building,0.1,0.5,weighted_crc,segformer_b2_loveda_urban,loveda_urban_val_half,288
1.0,1000,False,0.0,0.0,1.0,0.4747983870967742,521,5883,0.0,False,0.0,0.0,0.0,288.0000495910657,0.581395323048289,19,building,0.2,0.5,weighted_crc,segformer_b2_loveda_urban,loveda_urban_val_half,288
1.0,1000,False,0.0,0.0,1.0,0.14516129032258066,848,2882,0.0,False,0.0,0.0,0.0,278.00004005432163,0.5899704749196607,19,water,0.05,0.1,weighted_crc,segformer_b2_loveda_urban,loveda_urban_val_half,278
1.0,1000,False,0.0,0.0,1.0,0.14516129032258066,848,2882,0.0,False,0.0,0.0,0.0,278.00004005432163,0.5899704749196607,19,water,0.1,0.1,weighted_crc,segformer_b2_loveda_urban,loveda_urban_val_half,278
1.0,1000,False,0.0,0.0,1.0,0.14516129032258066,848,2882,0.0,False,0.0,0.0,0.0,278.00004005432163,0.5899704749196607,19,water,0.2,0.1,weighted_crc,segformer_b2_loveda_urban,loveda_urban_val_half,278
1.0,1000,False,0.0,0.0,1.0,0.14516129032258066,848,2882,0.0,False,0.0,0.0,0.0,278.00004005432163,0.5899704749196607,19,water,0.05,0.5,weighted_crc,segformer_b2_loveda_urban,loveda_urban_val_half,278
1.0,1000,False,0.0,0.0,1.0,0.14516129032258066,848,2882,0.0,False,0.0,0.0,0.0,278.00004005432163,0.5899704749196607,19,water,0.1,0.5,weighted_crc,segformer_b2_loveda_urban,loveda_urban_val_half,278
1.0,1000,False,0.0,0.0,1.0,0.14516129032258066,848,2882,0.0,False,0.0,0.0,0.0,278.00004005432163,0.5899704749196607,19,water,0.2,0.5,weighted_crc,segformer_b2_loveda_urban,loveda_urban_val_half,278
1.0,1000,False,0.0,0.0,1.0,0.4747983870967742,521,5883,0.0,False,0.0,0.0,0.0,282.00003623962436,0.5865102409655233,20,building,0.05,0.1,weighted_crc,segformer_b2_loveda_urban,loveda_urban_val_half,282
1.0,1000,False,0.0,0.0,1.0,0.4747983870967742,521,5883,0.0,False,0.0,0.0,0.0,282.00003623962436,0.5865102409655233,20,building,0.1,0.1,weighted_crc,segformer_b2_loveda_urban,loveda_urban_val_half,282
1.0,1000,False,0.0,0.0,1.0,0.4747983870967742,521,5883,0.0,False,0.0,0.0,0.0,282.00003623962436,0.5865102409655233,20,building,0.2,0.1,weighted_crc,segformer_b2_loveda_urban,loveda_urban_val_half,282
1.0,1000,False,0.0,0.0,1.0,0.4747983870967742,521,5883,0.0,False,0.0,0.0,0.0,282.00003623962436,0.5865102409655233,20,building,0.05,0.5,weighted_crc,segformer_b2_loveda_urban,loveda_urban_val_half,282
1.0,1000,False,0.0,0.0,1.0,0.4747983870967742,521,5883,0.0,False,0.0,0.0,0.0,282.00003623962436,0.5865102409655233,20,building,0.1,0.5,weighted_crc,segformer_b2_loveda_urban,loveda_urban_val_half,282
1.0,1000,False,0.0,0.0,1.0,0.4747983870967742,521,5883,0.0,False,0.0,0.0,0.0,282.00003623962436,0.5865102409655233,20,building,0.2,0.5,weighted_crc,segformer_b2_loveda_urban,loveda_urban_val_half,282
1.0,1000,False,0.0,0.0,1.0,0.14516129032258066,848,2882,0.0,False,0.0,0.0,0.0,279.00001049041754,0.5891016067909026,20,water,0.05,0.1,weighted_crc,segformer_b2_loveda_urban,loveda_urban_val_half,279
1.0,1000,False,0.0,0.0,1.0,0.14516129032258066,848,2882,0.0,False,0.0,0.0,0.0,279.00001049041754,0.5891016067909026,20,water,0.1,0.1,weighted_crc,segformer_b2_loveda_urban,loveda_urban_val_half,279
1.0,1000,False,0.0,0.0,1.0,0.14516129032258066,848,2882,0.0,False,0.0,0.0,0.0,279.00001049041754,0.5891016067909026,20,water,0.2,0.1,weighted_crc,segformer_b2_loveda_urban,loveda_urban_val_half,279
1.0,1000,False,0.0,0.0,1.0,0.14516129032258066,848,2882,0.0,False,0.0,0.0,0.0,279.00001049041754,0.5891016067909026,20,water,0.05,0.5,weighted_crc,segformer_b2_loveda_urban,loveda_urban_val_half,279
1.0,1000,False,0.0,0.0,1.0,0.14516129032258066,848,2882,0.0,False,0.0,0.0,0.0,279.00001049041754,0.5891016067909026,20,water,0.1,0.5,weighted_crc,segformer_b2_loveda_urban,loveda_urban_val_half,279
1.0,1000,False,0.0,0.0,1.0,0.14516129032258066,848,2882,0.0,False,0.0,0.0,0.0,279.00001049041754,0.5891016067909026,20,water,0.2,0.5,weighted_crc,segformer_b2_loveda_urban,loveda_urban_val_half,279
1.0,1000,False,0.0,0.0,1.0,0.4747983870967742,521,5883,0.0,False,0.0,0.0,0.0,275.00005245208814,0.5925925591027968,21,building,0.05,0.1,weighted_crc,segformer_b2_loveda_urban,loveda_urban_val_half,275
1.0,1000,False,0.0,0.0,1.0,0.4747983870967742,521,5883,0.0,False,0.0,0.0,0.0,275.00005245208814,0.5925925591027968,21,building,0.1,0.1,weighted_crc,segformer_b2_loveda_urban,loveda_urban_val_half,275
1.0,1000,False,0.0,0.0,1.0,0.4747983870967742,521,5883,0.0,False,0.0,0.0,0.0,275.00005245208814,0.5925925591027968,21,building,0.2,0.1,weighted_crc,segformer_b2_loveda_urban,loveda_urban_val_half,275
1.0,1000,False,0.0,0.0,1.0,0.4747983870967742,521,5883,0.0,False,0.0,0.0,0.0,275.00005245208814,0.5925925591027968,21,building,0.05,0.5,weighted_crc,segformer_b2_loveda_urban,loveda_urban_val_half,275
1.0,1000,False,0.0,0.0,1.0,0.4747983870967742,521,5883,0.0,False,0.0,0.0,0.0,275.00005245208814,0.5925925591027968,21,building,0.1,0.5,weighted_crc,segformer_b2_loveda_urban,loveda_urban_val_half,275
1.0,1000,False,0.0,0.0,1.0,0.4747983870967742,521,5883,0.0,False,0.0,0.0,0.0,275.00005245208814,0.5925925591027968,21,building,0.2,0.5,weighted_crc,segformer_b2_loveda_urban,loveda_urban_val_half,275
1.0,1000,False,0.0,0.0,1.0,0.14516129032258066,848,2882,0.0,False,0.0,0.0,0.0,285.00006198883256,0.5839415733202873,21,water,0.05,0.1,weighted_crc,segformer_b2_loveda_urban,loveda_urban_val_half,285
1.0,1000,False,0.0,0.0,1.0,0.14516129032258066,848,2882,0.0,False,0.0,0.0,0.0,285.00006198883256,0.5839415733202873,21,water,0.1,0.1,weighted_crc,segformer_b2_loveda_urban,loveda_urban_val_half,285
1.0,1000,False,0.0,0.0,1.0,0.14516129032258066,848,2882,0.0,False,0.0,0.0,0.0,285.00006198883256,0.5839415733202873,21,water,0.2,0.1,weighted_crc,segformer_b2_loveda_urban,loveda_urban_val_half,285
1.0,1000,False,0.0,0.0,1.0,0.14516129032258066,848,2882,0.0,False,0.0,0.0,0.0,285.00006198883256,0.5839415733202873,21,water,0.05,0.5,weighted_crc,segformer_b2_loveda_urban,loveda_urban_val_half,285
1.0,1000,False,0.0,0.0,1.0,0.14516129032258066,848,2882,0.0,False,0.0,0.0,0.0,285.00006198883256,0.5839415733202873,21,water,0.1,0.5,weighted_crc,segformer_b2_loveda_urban,loveda_urban_val_half,285
1.0,1000,False,0.0,0.0,1.0,0.14516129032258066,848,2882,0.0,False,0.0,0.0,0.0,285.00006198883256,0.5839415733202873,21,water,0.2,0.5,weighted_crc,segformer_b2_loveda_urban,loveda_urban_val_half,285
1.0,1000,False,0.0,0.0,1.0,0.4747983870967742,521,5883,0.0,False,0.0,0.0,0.0,290.000066757205,0.5797101128779916,22,building,0.05,0.1,weighted_crc,segformer_b2_loveda_urban,loveda_urban_val_half,290
1.0,1000,False,0.0,0.0,1.0,0.4747983870967742,521,5883,0.0,False,0.0,0.0,0.0,290.000066757205,0.5797101128779916,22,building,0.1,0.1,weighted_crc,segformer_b2_loveda_urban,loveda_urban_val_half,290
1.0,1000,False,0.0,0.0,1.0,0.4747983870967742,521,5883,0.0,False,0.0,0.0,0.0,290.000066757205,0.5797101128779916,22,building,0.2,0.1,weighted_crc,segformer_b2_loveda_urban,loveda_urban_val_half,290
1.0,1000,False,0.0,0.0,1.0,0.4747983870967742,521,5883,0.0,False,0.0,0.0,0.0,290.000066757205,0.5797101128779916,22,building,0.05,0.5,weighted_crc,segformer_b2_loveda_urban,loveda_urban_val_half,290
1.0,1000,False,0.0,0.0,1.0,0.4747983870967742,521,5883,0.0,False,0.0,0.0,0.0,290.000066757205,0.5797101128779916,22,building,0.1,0.5,weighted_crc,segformer_b2_loveda_urban,loveda_urban_val_half,290
1.0,1000,False,0.0,0.0,1.0,0.4747983870967742,521,5883,0.0,False,0.0,0.0,0.0,290.000066757205,0.5797101128779916,22,building,0.2,0.5,weighted_crc,segformer_b2_loveda_urban,loveda_urban_val_half,290
1.0,1000,False,0.0,0.0,1.0,0.14516129032258066,848,2882,0.0,False,0.0,0.0,0.0,286.0000324249271,0.5830903595541119,22,water,0.05,0.1,weighted_crc,segformer_b2_loveda_urban,loveda_urban_val_half,286
1.0,1000,False,0.0,0.0,1.0,0.14516129032258066,848,2882,0.0,False,0.0,0.0,0.0,286.0000324249271,0.5830903595541119,22,water,0.1,0.1,weighted_crc,segformer_b2_loveda_urban,loveda_urban_val_half,286
1.0,1000,False,0.0,0.0,1.0,0.14516129032258066,848,2882,0.0,False,0.0,0.0,0.0,286.0000324249271,0.5830903595541119,22,water,0.2,0.1,weighted_crc,segformer_b2_loveda_urban,loveda_urban_val_half,286
1.0,1000,False,0.0,0.0,1.0,0.14516129032258066,848,2882,0.0,False,0.0,0.0,0.0,286.0000324249271,0.5830903595541119,22,water,0.05,0.5,weighted_crc,segformer_b2_loveda_urban,loveda_urban_val_half,286
1.0,1000,False,0.0,0.0,1.0,0.14516129032258066,848,2882,0.0,False,0.0,0.0,0.0,286.0000324249271,0.5830903595541119,22,water,0.1,0.5,weighted_crc,segformer_b2_loveda_urban,loveda_urban_val_half,286
1.0,1000,False,0.0,0.0,1.0,0.14516129032258066,848,2882,0.0,False,0.0,0.0,0.0,286.0000324249271,0.5830903595541119,22,water,0.2,0.5,weighted_crc,segformer_b2_loveda_urban,loveda_urban_val_half,286
1.0,1000,False,0.0,0.0,1.0,0.4747983870967742,521,5883,0.0,False,0.0,0.0,0.0,286.0000324249271,0.5830903595541119,23,building,0.05,0.1,weighted_crc,segformer_b2_loveda_urban,loveda_urban_val_half,286
1.0,1000,False,0.0,0.0,1.0,0.4747983870967742,521,5883,0.0,False,0.0,0.0,0.0,286.0000324249271,0.5830903595541119,23,building,0.1,0.1,weighted_crc,segformer_b2_loveda_urban,loveda_urban_val_half,286
1.0,1000,False,0.0,0.0,1.0,0.4747983870967742,521,5883,0.0,False,0.0,0.0,0.0,286.0000324249271,0.5830903595541119,23,building,0.2,0.1,weighted_crc,segformer_b2_loveda_urban,loveda_urban_val_half,286
1.0,1000,False,0.0,0.0,1.0,0.4747983870967742,521,5883,0.0,False,0.0,0.0,0.0,286.0000324249271,0.5830903595541119,23,building,0.05,0.5,weighted_crc,segformer_b2_loveda_urban,loveda_urban_val_half,286
1.0,1000,False,0.0,0.0,1.0,0.4747983870967742,521,5883,0.0,False,0.0,0.0,0.0,286.0000324249271,0.5830903595541119,23,building,0.1,0.5,weighted_crc,segformer_b2_loveda_urban,loveda_urban_val_half,286
1.0,1000,False,0.0,0.0,1.0,0.4747983870967742,521,5883,0.0,False,0.0,0.0,0.0,286.0000324249271,0.5830903595541119,23,building,0.2,0.5,weighted_crc,segformer_b2_loveda_urban,loveda_urban_val_half,286
1.0,1000,False,0.0,0.0,1.0,0.14516129032258066,848,2882,0.0,False,0.0,0.0,0.0,285.00006198883256,0.5839415733202873,23,water,0.05,0.1,weighted_crc,segformer_b2_loveda_urban,loveda_urban_val_half,285
1.0,1000,False,0.0,0.0,1.0,0.14516129032258066,848,2882,0.0,False,0.0,0.0,0.0,285.00006198883256,0.5839415733202873,23,water,0.1,0.1,weighted_crc,segformer_b2_loveda_urban,loveda_urban_val_half,285
1.0,1000,False,0.0,0.0,1.0,0.14516129032258066,848,2882,0.0,False,0.0,0.0,0.0,285.00006198883256,0.5839415733202873,23,water,0.2,0.1,weighted_crc,segformer_b2_loveda_urban,loveda_urban_val_half,285
1.0,1000,False,0.0,0.0,1.0,0.14516129032258066,848,2882,0.0,False,0.0,0.0,0.0,285.00006198883256,0.5839415733202873,23,water,0.05,0.5,weighted_crc,segformer_b2_loveda_urban,loveda_urban_val_half,285
1.0,1000,False,0.0,0.0,1.0,0.14516129032258066,848,2882,0.0,False,0.0,0.0,0.0,285.00006198883256,0.5839415733202873,23,water,0.1,0.5,weighted_crc,segformer_b2_loveda_urban,loveda_urban_val_half,285
1.0,1000,False,0.0,0.0,1.0,0.14516129032258066,848,2882,0.0,False,0.0,0.0,0.0,285.00006198883256,0.5839415733202873,23,water,0.2,0.5,weighted_crc,segformer_b2_loveda_urban,loveda_urban_val_half,285
1.0,1000,False,0.0,0.0,1.0,0.4747983870967742,521,5883,0.0,False,0.0,0.0,0.0,282.00003623962436,0.5865102409655233,24,building,0.05,0.1,weighted_crc,segformer_b2_loveda_urban,loveda_urban_val_half,282
1.0,1000,False,0.0,0.0,1.0,0.4747983870967742,521,5883,0.0,False,0.0,0.0,0.0,282.00003623962436,0.5865102409655233,24,building,0.1,0.1,weighted_crc,segformer_b2_loveda_urban,loveda_urban_val_half,282
1.0,1000,False,0.0,0.0,1.0,0.4747983870967742,521,5883,0.0,False,0.0,0.0,0.0,282.00003623962436,0.5865102409655233,24,building,0.2,0.1,weighted_crc,segformer_b2_loveda_urban,loveda_urban_val_half,282
1.0,1000,False,0.0,0.0,1.0,0.4747983870967742,521,5883,0.0,False,0.0,0.0,0.0,282.00003623962436,0.5865102409655233,24,building,0.05,0.5,weighted_crc,segformer_b2_loveda_urban,loveda_urban_val_half,282
1.0,1000,False,0.0,0.0,1.0,0.4747983870967742,521,5883,0.0,False,0.0,0.0,0.0,282.00003623962436,0.5865102409655233,24,building,0.1,0.5,weighted_crc,segformer_b2_loveda_urban,loveda_urban_val_half,282
1.0,1000,False,0.0,0.0,1.0,0.4747983870967742,521,5883,0.0,False,0.0,0.0,0.0,282.00003623962436,0.5865102409655233,24,building,0.2,0.5,weighted_crc,segformer_b2_loveda_urban,loveda_urban_val_half,282
1.0,1000,False,0.0,0.0,1.0,0.14516129032258066,848,2882,0.0,False,0.0,0.0,0.0,282.00003623962436,0.5865102409655233,24,water,0.05,0.1,weighted_crc,segformer_b2_loveda_urban,loveda_urban_val_half,282
1.0,1000,False,0.0,0.0,1.0,0.14516129032258066,848,2882,0.0,False,0.0,0.0,0.0,282.00003623962436,0.5865102409655233,24,water,0.1,0.1,weighted_crc,segformer_b2_loveda_urban,loveda_urban_val_half,282
1.0,1000,False,0.0,0.0,1.0,0.14516129032258066,848,2882,0.0,False,0.0,0.0,0.0,282.00003623962436,0.5865102409655233,24,water,0.2,0.1,weighted_crc,segformer_b2_loveda_urban,loveda_urban_val_half,282
1.0,1000,False,0.0,0.0,1.0,0.14516129032258066,848,2882,0.0,False,0.0,0.0,0.0,282.00003623962436,0.5865102409655233,24,water,0.05,0.5,weighted_crc,segformer_b2_loveda_urban,loveda_urban_val_half,282
1.0,1000,False,0.0,0.0,1.0,0.14516129032258066,848,2882,0.0,False,0.0,0.0,0.0,282.00003623962436,0.5865102409655233,24,water,0.1,0.5,weighted_crc,segformer_b2_loveda_urban,loveda_urban_val_half,282
1.0,1000,False,0.0,0.0,1.0,0.14516129032258066,848,2882,0.0,False,0.0,0.0,0.0,282.00003623962436,0.5865102409655233,24,water,0.2,0.5,weighted_crc,segformer_b2_loveda_urban,loveda_urban_val_half,282
1.0,1000,False,0.0,0.0,1.0,0.4747983870967742,521,5883,0.0,False,0.0,0.0,0.0,275.00005245208814,0.5925925591027968,25,building,0.05,0.1,weighted_crc,segformer_b2_loveda_urban,loveda_urban_val_half,275
1.0,1000,False,0.0,0.0,1.0,0.4747983870967742,521,5883,0.0,False,0.0,0.0,0.0,275.00005245208814,0.5925925591027968,25,building,0.1,0.1,weighted_crc,segformer_b2_loveda_urban,loveda_urban_val_half,275
1.0,1000,False,0.0,0.0,1.0,0.4747983870967742,521,5883,0.0,False,0.0,0.0,0.0,275.00005245208814,0.5925925591027968,25,building,0.2,0.1,weighted_crc,segformer_b2_loveda_urban,loveda_urban_val_half,275
1.0,1000,False,0.0,0.0,1.0,0.4747983870967742,521,5883,0.0,False,0.0,0.0,0.0,275.00005245208814,0.5925925591027968,25,building,0.05,0.5,weighted_crc,segformer_b2_loveda_urban,loveda_urban_val_half,275
1.0,1000,False,0.0,0.0,1.0,0.4747983870967742,521,5883,0.0,False,0.0,0.0,0.0,275.00005245208814,0.5925925591027968,25,building,0.1,0.5,weighted_crc,segformer_b2_loveda_urban,loveda_urban_val_half,275
1.0,1000,False,0.0,0.0,1.0,0.4747983870967742,521,5883,0.0,False,0.0,0.0,0.0,275.00005245208814,0.5925925591027968,25,building,0.2,0.5,weighted_crc,segformer_b2_loveda_urban,loveda_urban_val_half,275
1.0,1000,False,0.0,0.0,1.0,0.14516129032258066,848,2882,0.0,False,0.0,0.0,0.0,291.000037193299,0.5788711819836325,25,water,0.05,0.1,weighted_crc,segformer_b2_loveda_urban,loveda_urban_val_half,291
1.0,1000,False,0.0,0.0,1.0,0.14516129032258066,848,2882,0.0,False,0.0,0.0,0.0,291.000037193299,0.5788711819836325,25,water,0.1,0.1,weighted_crc,segformer_b2_loveda_urban,loveda_urban_val_half,291
1.0,1000,False,0.0,0.0,1.0,0.14516129032258066,848,2882,0.0,False,0.0,0.0,0.0,291.000037193299,0.5788711819836325,25,water,0.2,0.1,weighted_crc,segformer_b2_loveda_urban,loveda_urban_val_half,291
1.0,1000,False,0.0,0.0,1.0,0.14516129032258066,848,2882,0.0,False,0.0,0.0,0.0,291.000037193299,0.5788711819836325,25,water,0.05,0.5,weighted_crc,segformer_b2_loveda_urban,loveda_urban_val_half,291
1.0,1000,False,0.0,0.0,1.0,0.14516129032258066,848,2882,0.0,False,0.0,0.0,0.0,291.000037193299,0.5788711819836325,25,water,0.1,0.5,weighted_crc,segformer_b2_loveda_urban,loveda_urban_val_half,291
1.0,1000,False,0.0,0.0,1.0,0.14516129032258066,848,2882,0.0,False,0.0,0.0,0.0,291.000037193299,0.5788711819836325,25,water,0.2,0.5,weighted_crc,segformer_b2_loveda_urban,loveda_urban_val_half,291
1.0,1000,False,0.0,0.0,1.0,0.4747983870967742,521,5883,0.0,False,0.0,0.0,0.0,284.00001525878906,0.584795308591713,26,building,0.05,0.1,weighted_crc,segformer_b2_loveda_urban,loveda_urban_val_half,284
1.0,1000,False,0.0,0.0,1.0,0.4747983870967742,521,5883,0.0,False,0.0,0.0,0.0,284.00001525878906,0.584795308591713,26,building,0.1,0.1,weighted_crc,segformer_b2_loveda_urban,loveda_urban_val_half,284
1.0,1000,False,0.0,0.0,1.0,0.4747983870967742,521,5883,0.0,False,0.0,0.0,0.0,284.00001525878906,0.584795308591713,26,building,0.2,0.1,weighted_crc,segformer_b2_loveda_urban,loveda_urban_val_half,284
1.0,1000,False,0.0,0.0,1.0,0.4747983870967742,521,5883,0.0,False,0.0,0.0,0.0,284.00001525878906,0.584795308591713,26,building,0.05,0.5,weighted_crc,segformer_b2_loveda_urban,loveda_urban_val_half,284
1.0,1000,False,0.0,0.0,1.0,0.4747983870967742,521,5883,0.0,False,0.0,0.0,0.0,284.00001525878906,0.584795308591713,26,building,0.1,0.5,weighted_crc,segformer_b2_loveda_urban,loveda_urban_val_half,284
1.0,1000,False,0.0,0.0,1.0,0.4747983870967742,521,5883,0.0,False,0.0,0.0,0.0,284.00001525878906,0.584795308591713,26,building,0.2,0.5,weighted_crc,segformer_b2_loveda_urban,loveda_urban_val_half,284
1.0,1000,False,0.0,0.0,1.0,0.14516129032258066,848,2882,0.0,False,0.0,0.0,0.0,286.0000324249271,0.5830903595541119,26,water,0.05,0.1,weighted_crc,segformer_b2_loveda_urban,loveda_urban_val_half,286
1.0,1000,False,0.0,0.0,1.0,0.14516129032258066,848,2882,0.0,False,0.0,0.0,0.0,286.0000324249271,0.5830903595541119,26,water,0.1,0.1,weighted_crc,segformer_b2_loveda_urban,loveda_urban_val_half,286
1.0,1000,False,0.0,0.0,1.0,0.14516129032258066,848,2882,0.0,False,0.0,0.0,0.0,286.0000324249271,0.5830903595541119,26,water,0.2,0.1,weighted_crc,segformer_b2_loveda_urban,loveda_urban_val_half,286
1.0,1000,False,0.0,0.0,1.0,0.14516129032258066,848,2882,0.0,False,0.0,0.0,0.0,286.0000324249271,0.5830903595541119,26,water,0.05,0.5,weighted_crc,segformer_b2_loveda_urban,loveda_urban_val_half,286
1.0,1000,False,0.0,0.0,1.0,0.14516129032258066,848,2882,0.0,False,0.0,0.0,0.0,286.0000324249271,0.5830903595541119,26,water,0.1,0.5,weighted_crc,segformer_b2_loveda_urban,loveda_urban_val_half,286
1.0,1000,False,0.0,0.0,1.0,0.14516129032258066,848,2882,0.0,False,0.0,0.0,0.0,286.0000324249271,0.5830903595541119,26,water,0.2,0.5,weighted_crc,segformer_b2_loveda_urban,loveda_urban_val_half,286
1.0,1000,False,0.0,0.0,1.0,0.4747983870967742,521,5883,0.0,False,0.0,0.0,0.0,282.00003623962436,0.5865102409655233,27,building,0.05,0.1,weighted_crc,segformer_b2_loveda_urban,loveda_urban_val_half,282
1.0,1000,False,0.0,0.0,1.0,0.4747983870967742,521,5883,0.0,False,0.0,0.0,0.0,282.00003623962436,0.5865102409655233,27,building,0.1,0.1,weighted_crc,segformer_b2_loveda_urban,loveda_urban_val_half,282
1.0,1000,False,0.0,0.0,1.0,0.4747983870967742,521,5883,0.0,False,0.0,0.0,0.0,282.00003623962436,0.5865102409655233,27,building,0.2,0.1,weighted_crc,segformer_b2_loveda_urban,loveda_urban_val_half,282
1.0,1000,False,0.0,0.0,1.0,0.4747983870967742,521,5883,0.0,False,0.0,0.0,0.0,282.00003623962436,0.5865102409655233,27,building,0.05,0.5,weighted_crc,segformer_b2_loveda_urban,loveda_urban_val_half,282
1.0,1000,False,0.0,0.0,1.0,0.4747983870967742,521,5883,0.0,False,0.0,0.0,0.0,282.00003623962436,0.5865102409655233,27,building,0.1,0.5,weighted_crc,segformer_b2_loveda_urban,loveda_urban_val_half,282
1.0,1000,False,0.0,0.0,1.0,0.4747983870967742,521,5883,0.0,False,0.0,0.0,0.0,282.00003623962436,0.5865102409655233,27,building,0.2,0.5,weighted_crc,segformer_b2_loveda_urban,loveda_urban_val_half,282
1.0,1000,False,0.0,0.0,1.0,0.14516129032258066,848,2882,0.0,False,0.0,0.0,0.0,283.0000448226936,0.5856515111674001,27,water,0.05,0.1,weighted_crc,segformer_b2_loveda_urban,loveda_urban_val_half,283
1.0,1000,False,0.0,0.0,1.0,0.14516129032258066,848,2882,0.0,False,0.0,0.0,0.0,283.0000448226936,0.5856515111674001,27,water,0.1,0.1,weighted_crc,segformer_b2_loveda_urban,loveda_urban_val_half,283
1.0,1000,False,0.0,0.0,1.0,0.14516129032258066,848,2882,0.0,False,0.0,0.0,0.0,283.0000448226936,0.5856515111674001,27,water,0.2,0.1,weighted_crc,segformer_b2_loveda_urban,loveda_urban_val_half,283
1.0,1000,False,0.0,0.0,1.0,0.14516129032258066,848,2882,0.0,False,0.0,0.0,0.0,283.0000448226936,0.5856515111674001,27,water,0.05,0.5,weighted_crc,segformer_b2_loveda_urban,loveda_urban_val_half,283
1.0,1000,False,0.0,0.0,1.0,0.14516129032258066,848,2882,0.0,False,0.0,0.0,0.0,283.0000448226936,0.5856515111674001,27,water,0.1,0.5,weighted_crc,segformer_b2_loveda_urban,loveda_urban_val_half,283
1.0,1000,False,0.0,0.0,1.0,0.14516129032258066,848,2882,0.0,False,0.0,0.0,0.0,283.0000448226936,0.5856515111674001,27,water,0.2,0.5,weighted_crc,segformer_b2_loveda_urban,loveda_urban_val_half,283
1.0,1000,False,0.0,0.0,1.0,0.4747983870967742,521,5883,0.0,False,0.0,0.0,0.0,287.000002861023,0.5822416238105516,28,building,0.05,0.1,weighted_crc,segformer_b2_loveda_urban,loveda_urban_val_half,287
1.0,1000,False,0.0,0.0,1.0,0.4747983870967742,521,5883,0.0,False,0.0,0.0,0.0,287.000002861023,0.5822416238105516,28,building,0.1,0.1,weighted_crc,segformer_b2_loveda_urban,loveda_urban_val_half,287
1.0,1000,False,0.0,0.0,1.0,0.4747983870967742,521,5883,0.0,False,0.0,0.0,0.0,287.000002861023,0.5822416238105516,28,building,0.2,0.1,weighted_crc,segformer_b2_loveda_urban,loveda_urban_val_half,287
1.0,1000,False,0.0,0.0,1.0,0.4747983870967742,521,5883,0.0,False,0.0,0.0,0.0,287.000002861023,0.5822416238105516,28,building,0.05,0.5,weighted_crc,segformer_b2_loveda_urban,loveda_urban_val_half,287
1.0,1000,False,0.0,0.0,1.0,0.4747983870967742,521,5883,0.0,False,0.0,0.0,0.0,287.000002861023,0.5822416238105516,28,building,0.1,0.5,weighted_crc,segformer_b2_loveda_urban,loveda_urban_val_half,287
1.0,1000,False,0.0,0.0,1.0,0.4747983870967742,521,5883,0.0,False,0.0,0.0,0.0,287.000002861023,0.5822416238105516,28,building,0.2,0.5,weighted_crc,segformer_b2_loveda_urban,loveda_urban_val_half,287
1.0,1000,False,0.0,0.0,1.0,0.14516129032258066,848,2882,0.0,False,0.0,0.0,0.0,286.0000324249271,0.5830903595541119,28,water,0.05,0.1,weighted_crc,segformer_b2_loveda_urban,loveda_urban_val_half,286
1.0,1000,False,0.0,0.0,1.0,0.14516129032258066,848,2882,0.0,False,0.0,0.0,0.0,286.0000324249271,0.5830903595541119,28,water,0.1,0.1,weighted_crc,segformer_b2_loveda_urban,loveda_urban_val_half,286
1.0,1000,False,0.0,0.0,1.0,0.14516129032258066,848,2882,0.0,False,0.0,0.0,0.0,286.0000324249271,0.5830903595541119,28,water,0.2,0.1,weighted_crc,segformer_b2_loveda_urban,loveda_urban_val_half,286
1.0,1000,False,0.0,0.0,1.0,0.14516129032258066,848,2882,0.0,False,0.0,0.0,0.0,286.0000324249271,0.5830903595541119,28,water,0.05,0.5,weighted_crc,segformer_b2_loveda_urban,loveda_urban_val_half,286
1.0,1000,False,0.0,0.0,1.0,0.14516129032258066,848,2882,0.0,False,0.0,0.0,0.0,286.0000324249271,0.5830903595541119,28,water,0.1,0.5,weighted_crc,segformer_b2_loveda_urban,loveda_urban_val_half,286
1.0,1000,False,0.0,0.0,1.0,0.14516129032258066,848,2882,0.0,False,0.0,0.0,0.0,286.0000324249271,0.5830903595541119,28,water,0.2,0.5,weighted_crc,segformer_b2_loveda_urban,loveda_urban_val_half,286
1.0,1000,False,0.0,0.0,1.0,0.4747983870967742,521,5883,0.0,False,0.0,0.0,0.0,282.00003623962436,0.5865102409655233,29,building,0.05,0.1,weighted_crc,segformer_b2_loveda_urban,loveda_urban_val_half,282
1.0,1000,False,0.0,0.0,1.0,0.4747983870967742,521,5883,0.0,False,0.0,0.0,0.0,282.00003623962436,0.5865102409655233,29,building,0.1,0.1,weighted_crc,segformer_b2_loveda_urban,loveda_urban_val_half,282
1.0,1000,False,0.0,0.0,1.0,0.4747983870967742,521,5883,0.0,False,0.0,0.0,0.0,282.00003623962436,0.5865102409655233,29,building,0.2,0.1,weighted_crc,segformer_b2_loveda_urban,loveda_urban_val_half,282
1.0,1000,False,0.0,0.0,1.0,0.4747983870967742,521,5883,0.0,False,0.0,0.0,0.0,282.00003623962436,0.5865102409655233,29,building,0.05,0.5,weighted_crc,segformer_b2_loveda_urban,loveda_urban_val_half,282
1.0,1000,False,0.0,0.0,1.0,0.4747983870967742,521,5883,0.0,False,0.0,0.0,0.0,282.00003623962436,0.5865102409655233,29,building,0.1,0.5,weighted_crc,segformer_b2_loveda_urban,loveda_urban_val_half,282
1.0,1000,False,0.0,0.0,1.0,0.4747983870967742,521,5883,0.0,False,0.0,0.0,0.0,282.00003623962436,0.5865102409655233,29,building,0.2,0.5,weighted_crc,segformer_b2_loveda_urban,loveda_urban_val_half,282
1.0,1000,False,0.0,0.0,1.0,0.14516129032258066,848,2882,0.0,False,0.0,0.0,0.0,282.00003623962436,0.5865102409655233,29,water,0.05,0.1,weighted_crc,segformer_b2_loveda_urban,loveda_urban_val_half,282
1.0,1000,False,0.0,0.0,1.0,0.14516129032258066,848,2882,0.0,False,0.0,0.0,0.0,282.00003623962436,0.5865102409655233,29,water,0.1,0.1,weighted_crc,segformer_b2_loveda_urban,loveda_urban_val_half,282
1.0,1000,False,0.0,0.0,1.0,0.14516129032258066,848,2882,0.0,False,0.0,0.0,0.0,282.00003623962436,0.5865102409655233,29,water,0.2,0.1,weighted_crc,segformer_b2_loveda_urban,loveda_urban_val_half,282
1.0,1000,False,0.0,0.0,1.0,0.14516129032258066,848,2882,0.0,False,0.0,0.0,0.0,282.00003623962436,0.5865102409655233,29,water,0.05,0.5,weighted_crc,segformer_b2_loveda_urban,loveda_urban_val_half,282
1.0,1000,False,0.0,0.0,1.0,0.14516129032258066,848,2882,0.0,False,0.0,0.0,0.0,282.00003623962436,0.5865102409655233,29,water,0.1,0.5,weighted_crc,segformer_b2_loveda_urban,loveda_urban_val_half,282
1.0,1000,False,0.0,0.0,1.0,0.14516129032258066,848,2882,0.0,False,0.0,0.0,0.0,282.00003623962436,0.5865102409655233,29,water,0.2,0.5,weighted_crc,segformer_b2_loveda_urban,loveda_urban_val_half,282
1.0,1000,False,0.0,0.0,1.0,0.4747983870967742,521,5883,0.0,False,0.0,0.0,0.0,284.00001525878906,0.584795308591713,30,building,0.05,0.1,weighted_crc,segformer_b2_loveda_urban,loveda_urban_val_half,284
1.0,1000,False,0.0,0.0,1.0,0.4747983870967742,521,5883,0.0,False,0.0,0.0,0.0,284.00001525878906,0.584795308591713,30,building,0.1,0.1,weighted_crc,segformer_b2_loveda_urban,loveda_urban_val_half,284
1.0,1000,False,0.0,0.0,1.0,0.4747983870967742,521,5883,0.0,False,0.0,0.0,0.0,284.00001525878906,0.584795308591713,30,building,0.2,0.1,weighted_crc,segformer_b2_loveda_urban,loveda_urban_val_half,284
1.0,1000,False,0.0,0.0,1.0,0.4747983870967742,521,5883,0.0,False,0.0,0.0,0.0,284.00001525878906,0.584795308591713,30,building,0.05,0.5,weighted_crc,segformer_b2_loveda_urban,loveda_urban_val_half,284
1.0,1000,False,0.0,0.0,1.0,0.4747983870967742,521,5883,0.0,False,0.0,0.0,0.0,284.00001525878906,0.584795308591713,30,building,0.1,0.5,weighted_crc,segformer_b2_loveda_urban,loveda_urban_val_half,284
1.0,1000,False,0.0,0.0,1.0,0.4747983870967742,521,5883,0.0,False,0.0,0.0,0.0,284.00001525878906,0.584795308591713,30,building,0.2,0.5,weighted_crc,segformer_b2_loveda_urban,loveda_urban_val_half,284
1.0,1000,False,0.0,0.0,1.0,0.14516129032258066,848,2882,0.0,False,0.0,0.0,0.0,279.00001049041754,0.5891016067909026,30,water,0.05,0.1,weighted_crc,segformer_b2_loveda_urban,loveda_urban_val_half,279
1.0,1000,False,0.0,0.0,1.0,0.14516129032258066,848,2882,0.0,False,0.0,0.0,0.0,279.00001049041754,0.5891016067909026,30,water,0.1,0.1,weighted_crc,segformer_b2_loveda_urban,loveda_urban_val_half,279
1.0,1000,False,0.0,0.0,1.0,0.14516129032258066,848,2882,0.0,False,0.0,0.0,0.0,279.00001049041754,0.5891016067909026,30,water,0.2,0.1,weighted_crc,segformer_b2_loveda_urban,loveda_urban_val_half,279
1.0,1000,False,0.0,0.0,1.0,0.14516129032258066,848,2882,0.0,False,0.0,0.0,0.0,279.00001049041754,0.5891016067909026,30,water,0.05,0.5,weighted_crc,segformer_b2_loveda_urban,loveda_urban_val_half,279
1.0,1000,False,0.0,0.0,1.0,0.14516129032258066,848,2882,0.0,False,0.0,0.0,0.0,279.00001049041754,0.5891016067909026,30,water,0.1,0.5,weighted_crc,segformer_b2_loveda_urban,loveda_urban_val_half,279
1.0,1000,False,0.0,0.0,1.0,0.14516129032258066,848,2882,0.0,False,0.0,0.0,0.0,279.00001049041754,0.5891016067909026,30,water,0.2,0.5,weighted_crc,segformer_b2_loveda_urban,loveda_urban_val_half,279
1.0,1000,False,0.0,0.0,1.0,0.4747983870967742,521,5883,0.0,False,0.0,0.0,0.0,288.0000495910657,0.581395323048289,31,building,0.05,0.1,weighted_crc,segformer_b2_loveda_urban,loveda_urban_val_half,288
1.0,1000,False,0.0,0.0,1.0,0.4747983870967742,521,5883,0.0,False,0.0,0.0,0.0,288.0000495910657,0.581395323048289,31,building,0.1,0.1,weighted_crc,segformer_b2_loveda_urban,loveda_urban_val_half,288
1.0,1000,False,0.0,0.0,1.0,0.4747983870967742,521,5883,0.0,False,0.0,0.0,0.0,288.0000495910657,0.581395323048289,31,building,0.2,0.1,weighted_crc,segformer_b2_loveda_urban,loveda_urban_val_half,288
1.0,1000,False,0.0,0.0,1.0,0.4747983870967742,521,5883,0.0,False,0.0,0.0,0.0,288.0000495910657,0.581395323048289,31,building,0.05,0.5,weighted_crc,segformer_b2_loveda_urban,loveda_urban_val_half,288
1.0,1000,False,0.0,0.0,1.0,0.4747983870967742,521,5883,0.0,False,0.0,0.0,0.0,288.0000495910657,0.581395323048289,31,building,0.1,0.5,weighted_crc,segformer_b2_loveda_urban,loveda_urban_val_half,288
1.0,1000,False,0.0,0.0,1.0,0.4747983870967742,521,5883,0.0,False,0.0,0.0,0.0,288.0000495910657,0.581395323048289,31,building,0.2,0.5,weighted_crc,segformer_b2_loveda_urban,loveda_urban_val_half,288
1.0,1000,False,0.0,0.0,1.0,0.14516129032258066,848,2882,0.0,False,0.0,0.0,0.0,291.000037193299,0.5788711819836325,31,water,0.05,0.1,weighted_crc,segformer_b2_loveda_urban,loveda_urban_val_half,291
1.0,1000,False,0.0,0.0,1.0,0.14516129032258066,848,2882,0.0,False,0.0,0.0,0.0,291.000037193299,0.5788711819836325,31,water,0.1,0.1,weighted_crc,segformer_b2_loveda_urban,loveda_urban_val_half,291
1.0,1000,False,0.0,0.0,1.0,0.14516129032258066,848,2882,0.0,False,0.0,0.0,0.0,291.000037193299,0.5788711819836325,31,water,0.2,0.1,weighted_crc,segformer_b2_loveda_urban,loveda_urban_val_half,291
1.0,1000,False,0.0,0.0,1.0,0.14516129032258066,848,2882,0.0,False,0.0,0.0,0.0,291.000037193299,0.5788711819836325,31,water,0.05,0.5,weighted_crc,segformer_b2_loveda_urban,loveda_urban_val_half,291
1.0,1000,False,0.0,0.0,1.0,0.14516129032258066,848,2882,0.0,False,0.0,0.0,0.0,291.000037193299,0.5788711819836325,31,water,0.1,0.5,weighted_crc,segformer_b2_loveda_urban,loveda_urban_val_half,291
1.0,1000,False,0.0,0.0,1.0,0.14516129032258066,848,2882,0.0,False,0.0,0.0,0.0,291.000037193299,0.5788711819836325,31,water,0.2,0.5,weighted_crc,segformer_b2_loveda_urban,loveda_urban_val_half,291
1.0,1000,False,0.0,0.0,1.0,0.4747983870967742,521,5883,0.0,False,0.0,0.0,0.0,285.00006198883256,0.5839415733202873,32,building,0.05,0.1,weighted_crc,segformer_b2_loveda_urban,loveda_urban_val_half,285
1.0,1000,False,0.0,0.0,1.0,0.4747983870967742,521,5883,0.0,False,0.0,0.0,0.0,285.00006198883256,0.5839415733202873,32,building,0.1,0.1,weighted_crc,segformer_b2_loveda_urban,loveda_urban_val_half,285
1.0,1000,False,0.0,0.0,1.0,0.4747983870967742,521,5883,0.0,False,0.0,0.0,0.0,285.00006198883256,0.5839415733202873,32,building,0.2,0.1,weighted_crc,segformer_b2_loveda_urban,loveda_urban_val_half,285
1.0,1000,False,0.0,0.0,1.0,0.4747983870967742,521,5883,0.0,False,0.0,0.0,0.0,285.00006198883256,0.5839415733202873,32,building,0.05,0.5,weighted_crc,segformer_b2_loveda_urban,loveda_urban_val_half,285
1.0,1000,False,0.0,0.0,1.0,0.4747983870967742,521,5883,0.0,False,0.0,0.0,0.0,285.00006198883256,0.5839415733202873,32,building,0.1,0.5,weighted_crc,segformer_b2_loveda_urban,loveda_urban_val_half,285
1.0,1000,False,0.0,0.0,1.0,0.4747983870967742,521,5883,0.0,False,0.0,0.0,0.0,285.00006198883256,0.5839415733202873,32,building,0.2,0.5,weighted_crc,segformer_b2_loveda_urban,loveda_urban_val_half,285
1.0,1000,False,0.0,0.0,1.0,0.14516129032258066,848,2882,0.0,False,0.0,0.0,0.0,280.0000572204603,0.5882352611185376,32,water,0.05,0.1,weighted_crc,segformer_b2_loveda_urban,loveda_urban_val_half,280
1.0,1000,False,0.0,0.0,1.0,0.14516129032258066,848,2882,0.0,False,0.0,0.0,0.0,280.0000572204603,0.5882352611185376,32,water,0.1,0.1,weighted_crc,segformer_b2_loveda_urban,loveda_urban_val_half,280
1.0,1000,False,0.0,0.0,1.0,0.14516129032258066,848,2882,0.0,False,0.0,0.0,0.0,280.0000572204603,0.5882352611185376,32,water,0.2,0.1,weighted_crc,segformer_b2_loveda_urban,loveda_urban_val_half,280
1.0,1000,False,0.0,0.0,1.0,0.14516129032258066,848,2882,0.0,False,0.0,0.0,0.0,280.0000572204603,0.5882352611185376,32,water,0.05,0.5,weighted_crc,segformer_b2_loveda_urban,loveda_urban_val_half,280
1.0,1000,False,0.0,0.0,1.0,0.14516129032258066,848,2882,0.0,False,0.0,0.0,0.0,280.0000572204603,0.5882352611185376,32,water,0.1,0.5,weighted_crc,segformer_b2_loveda_urban,loveda_urban_val_half,280
1.0,1000,False,0.0,0.0,1.0,0.14516129032258066,848,2882,0.0,False,0.0,0.0,0.0,280.0000572204603,0.5882352611185376,32,water,0.2,0.5,weighted_crc,segformer_b2_loveda_urban,loveda_urban_val_half,280
1.0,1000,False,0.0,0.0,1.0,0.4747983870967742,521,5883,0.0,False,0.0,0.0,0.0,288.0000495910657,0.581395323048289,33,building,0.05,0.1,weighted_crc,segformer_b2_loveda_urban,loveda_urban_val_half,288
1.0,1000,False,0.0,0.0,1.0,0.4747983870967742,521,5883,0.0,False,0.0,0.0,0.0,288.0000495910657,0.581395323048289,33,building,0.1,0.1,weighted_crc,segformer_b2_loveda_urban,loveda_urban_val_half,288
1.0,1000,False,0.0,0.0,1.0,0.4747983870967742,521,5883,0.0,False,0.0,0.0,0.0,288.0000495910657,0.581395323048289,33,building,0.2,0.1,weighted_crc,segformer_b2_loveda_urban,loveda_urban_val_half,288
1.0,1000,False,0.0,0.0,1.0,0.4747983870967742,521,5883,0.0,False,0.0,0.0,0.0,288.0000495910657,0.581395323048289,33,building,0.05,0.5,weighted_crc,segformer_b2_loveda_urban,loveda_urban_val_half,288
1.0,1000,False,0.0,0.0,1.0,0.4747983870967742,521,5883,0.0,False,0.0,0.0,0.0,288.0000495910657,0.581395323048289,33,building,0.1,0.5,weighted_crc,segformer_b2_loveda_urban,loveda_urban_val_half,288
1.0,1000,False,0.0,0.0,1.0,0.4747983870967742,521,5883,0.0,False,0.0,0.0,0.0,288.0000495910657,0.581395323048289,33,building,0.2,0.5,weighted_crc,segformer_b2_loveda_urban,loveda_urban_val_half,288
1.0,1000,False,0.0,0.0,1.0,0.14516129032258066,848,2882,0.0,False,0.0,0.0,0.0,278.00004005432163,0.5899704749196607,33,water,0.05,0.1,weighted_crc,segformer_b2_loveda_urban,loveda_urban_val_half,278
1.0,1000,False,0.0,0.0,1.0,0.14516129032258066,848,2882,0.0,False,0.0,0.0,0.0,278.00004005432163,0.5899704749196607,33,water,0.1,0.1,weighted_crc,segformer_b2_loveda_urban,loveda_urban_val_half,278
1.0,1000,False,0.0,0.0,1.0,0.14516129032258066,848,2882,0.0,False,0.0,0.0,0.0,278.00004005432163,0.5899704749196607,33,water,0.2,0.1,weighted_crc,segformer_b2_loveda_urban,loveda_urban_val_half,278
1.0,1000,False,0.0,0.0,1.0,0.14516129032258066,848,2882,0.0,False,0.0,0.0,0.0,278.00004005432163,0.5899704749196607,33,water,0.05,0.5,weighted_crc,segformer_b2_loveda_urban,loveda_urban_val_half,278
1.0,1000,False,0.0,0.0,1.0,0.14516129032258066,848,2882,0.0,False,0.0,0.0,0.0,278.00004005432163,0.5899704749196607,33,water,0.1,0.5,weighted_crc,segformer_b2_loveda_urban,loveda_urban_val_half,278
1.0,1000,False,0.0,0.0,1.0,0.14516129032258066,848,2882,0.0,False,0.0,0.0,0.0,278.00004005432163,0.5899704749196607,33,water,0.2,0.5,weighted_crc,segformer_b2_loveda_urban,loveda_urban_val_half,278
1.0,1000,False,0.0,0.0,1.0,0.4747983870967742,521,5883,0.0,False,0.0,0.0,0.0,279.00001049041754,0.5891016067909026,34,building,0.05,0.1,weighted_crc,segformer_b2_loveda_urban,loveda_urban_val_half,279
1.0,1000,False,0.0,0.0,1.0,0.4747983870967742,521,5883,0.0,False,0.0,0.0,0.0,279.00001049041754,0.5891016067909026,34,building,0.1,0.1,weighted_crc,segformer_b2_loveda_urban,loveda_urban_val_half,279
1.0,1000,False,0.0,0.0,1.0,0.4747983870967742,521,5883,0.0,False,0.0,0.0,0.0,279.00001049041754,0.5891016067909026,34,building,0.2,0.1,weighted_crc,segformer_b2_loveda_urban,loveda_urban_val_half,279
1.0,1000,False,0.0,0.0,1.0,0.4747983870967742,521,5883,0.0,False,0.0,0.0,0.0,279.00001049041754,0.5891016067909026,34,building,0.05,0.5,weighted_crc,segformer_b2_loveda_urban,loveda_urban_val_half,279
1.0,1000,False,0.0,0.0,1.0,0.4747983870967742,521,5883,0.0,False,0.0,0.0,0.0,279.00001049041754,0.5891016067909026,34,building,0.1,0.5,weighted_crc,segformer_b2_loveda_urban,loveda_urban_val_half,279
1.0,1000,False,0.0,0.0,1.0,0.4747983870967742,521,5883,0.0,False,0.0,0.0,0.0,279.00001049041754,0.5891016067909026,34,building,0.2,0.5,weighted_crc,segformer_b2_loveda_urban,loveda_urban_val_half,279
1.0,1000,False,0.0,0.0,1.0,0.14516129032258066,848,2882,0.0,False,0.0,0.0,0.0,283.0000448226936,0.5856515111674001,34,water,0.05,0.1,weighted_crc,segformer_b2_loveda_urban,loveda_urban_val_half,283
1.0,1000,False,0.0,0.0,1.0,0.14516129032258066,848,2882,0.0,False,0.0,0.0,0.0,283.0000448226936,0.5856515111674001,34,water,0.1,0.1,weighted_crc,segformer_b2_loveda_urban,loveda_urban_val_half,283
1.0,1000,False,0.0,0.0,1.0,0.14516129032258066,848,2882,0.0,False,0.0,0.0,0.0,283.0000448226936,0.5856515111674001,34,water,0.2,0.1,weighted_crc,segformer_b2_loveda_urban,loveda_urban_val_half,283
1.0,1000,False,0.0,0.0,1.0,0.14516129032258066,848,2882,0.0,False,0.0,0.0,0.0,283.0000448226936,0.5856515111674001,34,water,0.05,0.5,weighted_crc,segformer_b2_loveda_urban,loveda_urban_val_half,283
1.0,1000,False,0.0,0.0,1.0,0.14516129032258066,848,2882,0.0,False,0.0,0.0,0.0,283.0000448226936,0.5856515111674001,34,water,0.1,0.5,weighted_crc,segformer_b2_loveda_urban,loveda_urban_val_half,283
1.0,1000,False,0.0,0.0,1.0,0.14516129032258066,848,2882,0.0,False,0.0,0.0,0.0,283.0000448226936,0.5856515111674001,34,water,0.2,0.5,weighted_crc,segformer_b2_loveda_urban,loveda_urban_val_half,283
1.0,1000,False,0.0,0.0,1.0,0.4747983870967742,521,5883,0.0,False,0.0,0.0,0.0,283.0000448226936,0.5856515111674001,35,building,0.05,0.1,weighted_crc,segformer_b2_loveda_urban,loveda_urban_val_half,283
1.0,1000,False,0.0,0.0,1.0,0.4747983870967742,521,5883,0.0,False,0.0,0.0,0.0,283.0000448226936,0.5856515111674001,35,building,0.1,0.1,weighted_crc,segformer_b2_loveda_urban,loveda_urban_val_half,283
1.0,1000,False,0.0,0.0,1.0,0.4747983870967742,521,5883,0.0,False,0.0,0.0,0.0,283.0000448226936,0.5856515111674001,35,building,0.2,0.1,weighted_crc,segformer_b2_loveda_urban,loveda_urban_val_half,283
1.0,1000,False,0.0,0.0,1.0,0.4747983870967742,521,5883,0.0,False,0.0,0.0,0.0,283.0000448226936,0.5856515111674001,35,building,0.05,0.5,weighted_crc,segformer_b2_loveda_urban,loveda_urban_val_half,283
1.0,1000,False,0.0,0.0,1.0,0.4747983870967742,521,5883,0.0,False,0.0,0.0,0.0,283.0000448226936,0.5856515111674001,35,building,0.1,0.5,weighted_crc,segformer_b2_loveda_urban,loveda_urban_val_half,283
1.0,1000,False,0.0,0.0,1.0,0.4747983870967742,521,5883,0.0,False,0.0,0.0,0.0,283.0000448226936,0.5856515111674001,35,building,0.2,0.5,weighted_crc,segformer_b2_loveda_urban,loveda_urban_val_half,283
1.0,1000,False,0.0,0.0,1.0,0.14516129032258066,848,2882,0.0,False,0.0,0.0,0.0,276.9999933242805,0.5908419431199907,35,water,0.05,0.1,weighted_crc,segformer_b2_loveda_urban,loveda_urban_val_half,277
1.0,1000,False,0.0,0.0,1.0,0.14516129032258066,848,2882,0.0,False,0.0,0.0,0.0,276.9999933242805,0.5908419431199907,35,water,0.1,0.1,weighted_crc,segformer_b2_loveda_urban,loveda_urban_val_half,277
1.0,1000,False,0.0,0.0,1.0,0.14516129032258066,848,2882,0.0,False,0.0,0.0,0.0,276.9999933242805,0.5908419431199907,35,water,0.2,0.1,weighted_crc,segformer_b2_loveda_urban,loveda_urban_val_half,277
1.0,1000,False,0.0,0.0,1.0,0.14516129032258066,848,2882,0.0,False,0.0,0.0,0.0,276.9999933242805,0.5908419431199907,35,water,0.05,0.5,weighted_crc,segformer_b2_loveda_urban,loveda_urban_val_half,277
1.0,1000,False,0.0,0.0,1.0,0.14516129032258066,848,2882,0.0,False,0.0,0.0,0.0,276.9999933242805,0.5908419431199907,35,water,0.1,0.5,weighted_crc,segformer_b2_loveda_urban,loveda_urban_val_half,277
1.0,1000,False,0.0,0.0,1.0,0.14516129032258066,848,2882,0.0,False,0.0,0.0,0.0,276.9999933242805,0.5908419431199907,35,water,0.2,0.5,weighted_crc,segformer_b2_loveda_urban,loveda_urban_val_half,277
1.0,1000,False,0.0,0.0,1.0,0.4747983870967742,521,5883,0.0,False,0.0,0.0,0.0,284.00001525878906,0.584795308591713,36,building,0.05,0.1,weighted_crc,segformer_b2_loveda_urban,loveda_urban_val_half,284
1.0,1000,False,0.0,0.0,1.0,0.4747983870967742,521,5883,0.0,False,0.0,0.0,0.0,284.00001525878906,0.584795308591713,36,building,0.1,0.1,weighted_crc,segformer_b2_loveda_urban,loveda_urban_val_half,284
1.0,1000,False,0.0,0.0,1.0,0.4747983870967742,521,5883,0.0,False,0.0,0.0,0.0,284.00001525878906,0.584795308591713,36,building,0.2,0.1,weighted_crc,segformer_b2_loveda_urban,loveda_urban_val_half,284
1.0,1000,False,0.0,0.0,1.0,0.4747983870967742,521,5883,0.0,False,0.0,0.0,0.0,284.00001525878906,0.584795308591713,36,building,0.05,0.5,weighted_crc,segformer_b2_loveda_urban,loveda_urban_val_half,284
1.0,1000,False,0.0,0.0,1.0,0.4747983870967742,521,5883,0.0,False,0.0,0.0,0.0,284.00001525878906,0.584795308591713,36,building,0.1,0.5,weighted_crc,segformer_b2_loveda_urban,loveda_urban_val_half,284
1.0,1000,False,0.0,0.0,1.0,0.4747983870967742,521,5883,0.0,False,0.0,0.0,0.0,284.00001525878906,0.584795308591713,36,building,0.2,0.5,weighted_crc,segformer_b2_loveda_urban,loveda_urban_val_half,284
1.0,1000,False,0.0,0.0,1.0,0.14516129032258066,848,2882,0.0,False,0.0,0.0,0.0,281.00002765655523,0.587371492740284,36,water,0.05,0.1,weighted_crc,segformer_b2_loveda_urban,loveda_urban_val_half,281
1.0,1000,False,0.0,0.0,1.0,0.14516129032258066,848,2882,0.0,False,0.0,0.0,0.0,281.00002765655523,0.587371492740284,36,water,0.1,0.1,weighted_crc,segformer_b2_loveda_urban,loveda_urban_val_half,281
1.0,1000,False,0.0,0.0,1.0,0.14516129032258066,848,2882,0.0,False,0.0,0.0,0.0,281.00002765655523,0.587371492740284,36,water,0.2,0.1,weighted_crc,segformer_b2_loveda_urban,loveda_urban_val_half,281
1.0,1000,False,0.0,0.0,1.0,0.14516129032258066,848,2882,0.0,False,0.0,0.0,0.0,281.00002765655523,0.587371492740284,36,water,0.05,0.5,weighted_crc,segformer_b2_loveda_urban,loveda_urban_val_half,281
1.0,1000,False,0.0,0.0,1.0,0.14516129032258066,848,2882,0.0,False,0.0,0.0,0.0,281.00002765655523,0.587371492740284,36,water,0.1,0.5,weighted_crc,segformer_b2_loveda_urban,loveda_urban_val_half,281
1.0,1000,False,0.0,0.0,1.0,0.14516129032258066,848,2882,0.0,False,0.0,0.0,0.0,281.00002765655523,0.587371492740284,36,water,0.2,0.5,weighted_crc,segformer_b2_loveda_urban,loveda_urban_val_half,281
1.0,1000,False,0.0,0.0,1.0,0.4747983870967742,521,5883,0.0,False,0.0,0.0,0.0,280.0000572204603,0.5882352611185376,37,building,0.05,0.1,weighted_crc,segformer_b2_loveda_urban,loveda_urban_val_half,280
1.0,1000,False,0.0,0.0,1.0,0.4747983870967742,521,5883,0.0,False,0.0,0.0,0.0,280.0000572204603,0.5882352611185376,37,building,0.1,0.1,weighted_crc,segformer_b2_loveda_urban,loveda_urban_val_half,280
1.0,1000,False,0.0,0.0,1.0,0.4747983870967742,521,5883,0.0,False,0.0,0.0,0.0,280.0000572204603,0.5882352611185376,37,building,0.2,0.1,weighted_crc,segformer_b2_loveda_urban,loveda_urban_val_half,280
1.0,1000,False,0.0,0.0,1.0,0.4747983870967742,521,5883,0.0,False,0.0,0.0,0.0,280.0000572204603,0.5882352611185376,37,building,0.05,0.5,weighted_crc,segformer_b2_loveda_urban,loveda_urban_val_half,280
1.0,1000,False,0.0,0.0,1.0,0.4747983870967742,521,5883,0.0,False,0.0,0.0,0.0,280.0000572204603,0.5882352611185376,37,building,0.1,0.5,weighted_crc,segformer_b2_loveda_urban,loveda_urban_val_half,280
1.0,1000,False,0.0,0.0,1.0,0.4747983870967742,521,5883,0.0,False,0.0,0.0,0.0,280.0000572204603,0.5882352611185376,37,building,0.2,0.5,weighted_crc,segformer_b2_loveda_urban,loveda_urban_val_half,280
1.0,1000,False,0.0,0.0,1.0,0.14516129032258066,848,2882,0.0,False,0.0,0.0,0.0,281.00002765655523,0.587371492740284,37,water,0.05,0.1,weighted_crc,segformer_b2_loveda_urban,loveda_urban_val_half,281
1.0,1000,False,0.0,0.0,1.0,0.14516129032258066,848,2882,0.0,False,0.0,0.0,0.0,281.00002765655523,0.587371492740284,37,water,0.1,0.1,weighted_crc,segformer_b2_loveda_urban,loveda_urban_val_half,281
1.0,1000,False,0.0,0.0,1.0,0.14516129032258066,848,2882,0.0,False,0.0,0.0,0.0,281.00002765655523,0.587371492740284,37,water,0.2,0.1,weighted_crc,segformer_b2_loveda_urban,loveda_urban_val_half,281
1.0,1000,False,0.0,0.0,1.0,0.14516129032258066,848,2882,0.0,False,0.0,0.0,0.0,281.00002765655523,0.587371492740284,37,water,0.05,0.5,weighted_crc,segformer_b2_loveda_urban,loveda_urban_val_half,281
1.0,1000,False,0.0,0.0,1.0,0.14516129032258066,848,2882,0.0,False,0.0,0.0,0.0,281.00002765655523,0.587371492740284,37,water,0.1,0.5,weighted_crc,segformer_b2_loveda_urban,loveda_urban_val_half,281
1.0,1000,False,0.0,0.0,1.0,0.14516129032258066,848,2882,0.0,False,0.0,0.0,0.0,281.00002765655523,0.587371492740284,37,water,0.2,0.5,weighted_crc,segformer_b2_loveda_urban,loveda_urban_val_half,281
1.0,1000,False,0.0,0.0,1.0,0.4747983870967742,521,5883,0.0,False,0.0,0.0,0.0,284.00001525878906,0.584795308591713,38,building,0.05,0.1,weighted_crc,segformer_b2_loveda_urban,loveda_urban_val_half,284
1.0,1000,False,0.0,0.0,1.0,0.4747983870967742,521,5883,0.0,False,0.0,0.0,0.0,284.00001525878906,0.584795308591713,38,building,0.1,0.1,weighted_crc,segformer_b2_loveda_urban,loveda_urban_val_half,284
1.0,1000,False,0.0,0.0,1.0,0.4747983870967742,521,5883,0.0,False,0.0,0.0,0.0,284.00001525878906,0.584795308591713,38,building,0.2,0.1,weighted_crc,segformer_b2_loveda_urban,loveda_urban_val_half,284
1.0,1000,False,0.0,0.0,1.0,0.4747983870967742,521,5883,0.0,False,0.0,0.0,0.0,284.00001525878906,0.584795308591713,38,building,0.05,0.5,weighted_crc,segformer_b2_loveda_urban,loveda_urban_val_half,284
1.0,1000,False,0.0,0.0,1.0,0.4747983870967742,521,5883,0.0,False,0.0,0.0,0.0,284.00001525878906,0.584795308591713,38,building,0.1,0.5,weighted_crc,segformer_b2_loveda_urban,loveda_urban_val_half,284
1.0,1000,False,0.0,0.0,1.0,0.4747983870967742,521,5883,0.0,False,0.0,0.0,0.0,284.00001525878906,0.584795308591713,38,building,0.2,0.5,weighted_crc,segformer_b2_loveda_urban,loveda_urban_val_half,284
1.0,1000,False,0.0,0.0,1.0,0.14516129032258066,848,2882,0.0,False,0.0,0.0,0.0,276.0000228881836,0.5917159562968884,38,water,0.05,0.1,weighted_crc,segformer_b2_loveda_urban,loveda_urban_val_half,276
1.0,1000,False,0.0,0.0,1.0,0.14516129032258066,848,2882,0.0,False,0.0,0.0,0.0,276.0000228881836,0.5917159562968884,38,water,0.1,0.1,weighted_crc,segformer_b2_loveda_urban,loveda_urban_val_half,276
1.0,1000,False,0.0,0.0,1.0,0.14516129032258066,848,2882,0.0,False,0.0,0.0,0.0,276.0000228881836,0.5917159562968884,38,water,0.2,0.1,weighted_crc,segformer_b2_loveda_urban,loveda_urban_val_half,276
1.0,1000,False,0.0,0.0,1.0,0.14516129032258066,848,2882,0.0,False,0.0,0.0,0.0,276.0000228881836,0.5917159562968884,38,water,0.05,0.5,weighted_crc,segformer_b2_loveda_urban,loveda_urban_val_half,276
1.0,1000,False,0.0,0.0,1.0,0.14516129032258066,848,2882,0.0,False,0.0,0.0,0.0,276.0000228881836,0.5917159562968884,38,water,0.1,0.5,weighted_crc,segformer_b2_loveda_urban,loveda_urban_val_half,276
1.0,1000,False,0.0,0.0,1.0,0.14516129032258066,848,2882,0.0,False,0.0,0.0,0.0,276.0000228881836,0.5917159562968884,38,water,0.2,0.5,weighted_crc,segformer_b2_loveda_urban,loveda_urban_val_half,276
1.0,1000,False,0.0,0.0,1.0,0.4747983870967742,521,5883,0.0,False,0.0,0.0,0.0,288.0000495910657,0.581395323048289,39,building,0.05,0.1,weighted_crc,segformer_b2_loveda_urban,loveda_urban_val_half,288
1.0,1000,False,0.0,0.0,1.0,0.4747983870967742,521,5883,0.0,False,0.0,0.0,0.0,288.0000495910657,0.581395323048289,39,building,0.1,0.1,weighted_crc,segformer_b2_loveda_urban,loveda_urban_val_half,288
1.0,1000,False,0.0,0.0,1.0,0.4747983870967742,521,5883,0.0,False,0.0,0.0,0.0,288.0000495910657,0.581395323048289,39,building,0.2,0.1,weighted_crc,segformer_b2_loveda_urban,loveda_urban_val_half,288
1.0,1000,False,0.0,0.0,1.0,0.4747983870967742,521,5883,0.0,False,0.0,0.0,0.0,288.0000495910657,0.581395323048289,39,building,0.05,0.5,weighted_crc,segformer_b2_loveda_urban,loveda_urban_val_half,288
1.0,1000,False,0.0,0.0,1.0,0.4747983870967742,521,5883,0.0,False,0.0,0.0,0.0,288.0000495910657,0.581395323048289,39,building,0.1,0.5,weighted_crc,segformer_b2_loveda_urban,loveda_urban_val_half,288
1.0,1000,False,0.0,0.0,1.0,0.4747983870967742,521,5883,0.0,False,0.0,0.0,0.0,288.0000495910657,0.581395323048289,39,building,0.2,0.5,weighted_crc,segformer_b2_loveda_urban,loveda_urban_val_half,288
1.0,1000,False,0.0,0.0,1.0,0.14516129032258066,848,2882,0.0,False,0.0,0.0,0.0,289.0000581741353,0.5805514950193704,39,water,0.05,0.1,weighted_crc,segformer_b2_loveda_urban,loveda_urban_val_half,289
1.0,1000,False,0.0,0.0,1.0,0.14516129032258066,848,2882,0.0,False,0.0,0.0,0.0,289.0000581741353,0.5805514950193704,39,water,0.1,0.1,weighted_crc,segformer_b2_loveda_urban,loveda_urban_val_half,289
1.0,1000,False,0.0,0.0,1.0,0.14516129032258066,848,2882,0.0,False,0.0,0.0,0.0,289.0000581741353,0.5805514950193704,39,water,0.2,0.1,weighted_crc,segformer_b2_loveda_urban,loveda_urban_val_half,289
1.0,1000,False,0.0,0.0,1.0,0.14516129032258066,848,2882,0.0,False,0.0,0.0,0.0,289.0000581741353,0.5805514950193704,39,water,0.05,0.5,weighted_crc,segformer_b2_loveda_urban,loveda_urban_val_half,289
1.0,1000,False,0.0,0.0,1.0,0.14516129032258066,848,2882,0.0,False,0.0,0.0,0.0,289.0000581741353,0.5805514950193704,39,water,0.1,0.5,weighted_crc,segformer_b2_loveda_urban,loveda_urban_val_half,289
1.0,1000,False,0.0,0.0,1.0,0.14516129032258066,848,2882,0.0,False,0.0,0.0,0.0,289.0000581741353,0.5805514950193704,39,water,0.2,0.5,weighted_crc,segformer_b2_loveda_urban,loveda_urban_val_half,289
1.0,1000,False,0.0,0.0,1.0,0.4747983870967742,521,5883,0.0,False,0.0,0.0,0.0,284.00001525878906,0.584795308591713,40,building,0.05,0.1,weighted_crc,segformer_b2_loveda_urban,loveda_urban_val_half,284
1.0,1000,False,0.0,0.0,1.0,0.4747983870967742,521,5883,0.0,False,0.0,0.0,0.0,284.00001525878906,0.584795308591713,40,building,0.1,0.1,weighted_crc,segformer_b2_loveda_urban,loveda_urban_val_half,284
1.0,1000,False,0.0,0.0,1.0,0.4747983870967742,521,5883,0.0,False,0.0,0.0,0.0,284.00001525878906,0.584795308591713,40,building,0.2,0.1,weighted_crc,segformer_b2_loveda_urban,loveda_urban_val_half,284
1.0,1000,False,0.0,0.0,1.0,0.4747983870967742,521,5883,0.0,False,0.0,0.0,0.0,284.00001525878906,0.584795308591713,40,building,0.05,0.5,weighted_crc,segformer_b2_loveda_urban,loveda_urban_val_half,284
1.0,1000,False,0.0,0.0,1.0,0.4747983870967742,521,5883,0.0,False,0.0,0.0,0.0,284.00001525878906,0.584795308591713,40,building,0.1,0.5,weighted_crc,segformer_b2_loveda_urban,loveda_urban_val_half,284
1.0,1000,False,0.0,0.0,1.0,0.4747983870967742,521,5883,0.0,False,0.0,0.0,0.0,284.00001525878906,0.584795308591713,40,building,0.2,0.5,weighted_crc,segformer_b2_loveda_urban,loveda_urban_val_half,284
1.0,1000,False,0.0,0.0,1.0,0.14516129032258066,848,2882,0.0,False,0.0,0.0,0.0,284.00001525878906,0.584795308591713,40,water,0.05,0.1,weighted_crc,segformer_b2_loveda_urban,loveda_urban_val_half,284
1.0,1000,False,0.0,0.0,1.0,0.14516129032258066,848,2882,0.0,False,0.0,0.0,0.0,284.00001525878906,0.584795308591713,40,water,0.1,0.1,weighted_crc,segformer_b2_loveda_urban,loveda_urban_val_half,284
1.0,1000,False,0.0,0.0,1.0,0.14516129032258066,848,2882,0.0,False,0.0,0.0,0.0,284.00001525878906,0.584795308591713,40,water,0.2,0.1,weighted_crc,segformer_b2_loveda_urban,loveda_urban_val_half,284
1.0,1000,False,0.0,0.0,1.0,0.14516129032258066,848,2882,0.0,False,0.0,0.0,0.0,284.00001525878906,0.584795308591713,40,water,0.05,0.5,weighted_crc,segformer_b2_loveda_urban,loveda_urban_val_half,284
1.0,1000,False,0.0,0.0,1.0,0.14516129032258066,848,2882,0.0,False,0.0,0.0,0.0,284.00001525878906,0.584795308591713,40,water,0.1,0.5,weighted_crc,segformer_b2_loveda_urban,loveda_urban_val_half,284
1.0,1000,False,0.0,0.0,1.0,0.14516129032258066,848,2882,0.0,False,0.0,0.0,0.0,284.00001525878906,0.584795308591713,40,water,0.2,0.5,weighted_crc,segformer_b2_loveda_urban,loveda_urban_val_half,284
1.0,1000,False,0.0,0.0,1.0,0.4747983870967742,521,5883,0.0,False,0.0,0.0,0.0,286.0000324249271,0.5830903595541119,41,building,0.05,0.1,weighted_crc,segformer_b2_loveda_urban,loveda_urban_val_half,286
1.0,1000,False,0.0,0.0,1.0,0.4747983870967742,521,5883,0.0,False,0.0,0.0,0.0,286.0000324249271,0.5830903595541119,41,building,0.1,0.1,weighted_crc,segformer_b2_loveda_urban,loveda_urban_val_half,286
1.0,1000,False,0.0,0.0,1.0,0.4747983870967742,521,5883,0.0,False,0.0,0.0,0.0,286.0000324249271,0.5830903595541119,41,building,0.2,0.1,weighted_crc,segformer_b2_loveda_urban,loveda_urban_val_half,286
1.0,1000,False,0.0,0.0,1.0,0.4747983870967742,521,5883,0.0,False,0.0,0.0,0.0,286.0000324249271,0.5830903595541119,41,building,0.05,0.5,weighted_crc,segformer_b2_loveda_urban,loveda_urban_val_half,286
1.0,1000,False,0.0,0.0,1.0,0.4747983870967742,521,5883,0.0,False,0.0,0.0,0.0,286.0000324249271,0.5830903595541119,41,building,0.1,0.5,weighted_crc,segformer_b2_loveda_urban,loveda_urban_val_half,286
1.0,1000,False,0.0,0.0,1.0,0.4747983870967742,521,5883,0.0,False,0.0,0.0,0.0,286.0000324249271,0.5830903595541119,41,building,0.2,0.5,weighted_crc,segformer_b2_loveda_urban,loveda_urban_val_half,286
1.0,1000,False,0.0,0.0,1.0,0.14516129032258066,848,2882,0.0,False,0.0,0.0,0.0,286.0000324249271,0.5830903595541119,41,water,0.05,0.1,weighted_crc,segformer_b2_loveda_urban,loveda_urban_val_half,286
1.0,1000,False,0.0,0.0,1.0,0.14516129032258066,848,2882,0.0,False,0.0,0.0,0.0,286.0000324249271,0.5830903595541119,41,water,0.1,0.1,weighted_crc,segformer_b2_loveda_urban,loveda_urban_val_half,286
1.0,1000,False,0.0,0.0,1.0,0.14516129032258066,848,2882,0.0,False,0.0,0.0,0.0,286.0000324249271,0.5830903595541119,41,water,0.2,0.1,weighted_crc,segformer_b2_loveda_urban,loveda_urban_val_half,286
1.0,1000,False,0.0,0.0,1.0,0.14516129032258066,848,2882,0.0,False,0.0,0.0,0.0,286.0000324249271,0.5830903595541119,41,water,0.05,0.5,weighted_crc,segformer_b2_loveda_urban,loveda_urban_val_half,286
1.0,1000,False,0.0,0.0,1.0,0.14516129032258066,848,2882,0.0,False,0.0,0.0,0.0,286.0000324249271,0.5830903595541119,41,water,0.1,0.5,weighted_crc,segformer_b2_loveda_urban,loveda_urban_val_half,286
1.0,1000,False,0.0,0.0,1.0,0.14516129032258066,848,2882,0.0,False,0.0,0.0,0.0,286.0000324249271,0.5830903595541119,41,water,0.2,0.5,weighted_crc,segformer_b2_loveda_urban,loveda_urban_val_half,286
1.0,1000,False,0.0,0.0,1.0,0.4747983870967742,521,5883,0.0,False,0.0,0.0,0.0,283.0000448226936,0.5856515111674001,42,building,0.05,0.1,weighted_crc,segformer_b2_loveda_urban,loveda_urban_val_half,283
1.0,1000,False,0.0,0.0,1.0,0.4747983870967742,521,5883,0.0,False,0.0,0.0,0.0,283.0000448226936,0.5856515111674001,42,building,0.1,0.1,weighted_crc,segformer_b2_loveda_urban,loveda_urban_val_half,283
1.0,1000,False,0.0,0.0,1.0,0.4747983870967742,521,5883,0.0,False,0.0,0.0,0.0,283.0000448226936,0.5856515111674001,42,building,0.2,0.1,weighted_crc,segformer_b2_loveda_urban,loveda_urban_val_half,283
1.0,1000,False,0.0,0.0,1.0,0.4747983870967742,521,5883,0.0,False,0.0,0.0,0.0,283.0000448226936,0.5856515111674001,42,building,0.05,0.5,weighted_crc,segformer_b2_loveda_urban,loveda_urban_val_half,283
1.0,1000,False,0.0,0.0,1.0,0.4747983870967742,521,5883,0.0,False,0.0,0.0,0.0,283.0000448226936,0.5856515111674001,42,building,0.1,0.5,weighted_crc,segformer_b2_loveda_urban,loveda_urban_val_half,283
1.0,1000,False,0.0,0.0,1.0,0.4747983870967742,521,5883,0.0,False,0.0,0.0,0.0,283.0000448226936,0.5856515111674001,42,building,0.2,0.5,weighted_crc,segformer_b2_loveda_urban,loveda_urban_val_half,283
1.0,1000,False,0.0,0.0,1.0,0.14516129032258066,848,2882,0.0,False,0.0,0.0,0.0,284.00001525878906,0.584795308591713,42,water,0.05,0.1,weighted_crc,segformer_b2_loveda_urban,loveda_urban_val_half,284
1.0,1000,False,0.0,0.0,1.0,0.14516129032258066,848,2882,0.0,False,0.0,0.0,0.0,284.00001525878906,0.584795308591713,42,water,0.1,0.1,weighted_crc,segformer_b2_loveda_urban,loveda_urban_val_half,284
1.0,1000,False,0.0,0.0,1.0,0.14516129032258066,848,2882,0.0,False,0.0,0.0,0.0,284.00001525878906,0.584795308591713,42,water,0.2,0.1,weighted_crc,segformer_b2_loveda_urban,loveda_urban_val_half,284
1.0,1000,False,0.0,0.0,1.0,0.14516129032258066,848,2882,0.0,False,0.0,0.0,0.0,284.00001525878906,0.584795308591713,42,water,0.05,0.5,weighted_crc,segformer_b2_loveda_urban,loveda_urban_val_half,284
1.0,1000,False,0.0,0.0,1.0,0.14516129032258066,848,2882,0.0,False,0.0,0.0,0.0,284.00001525878906,0.584795308591713,42,water,0.1,0.5,weighted_crc,segformer_b2_loveda_urban,loveda_urban_val_half,284
1.0,1000,False,0.0,0.0,1.0,0.14516129032258066,848,2882,0.0,False,0.0,0.0,0.0,284.00001525878906,0.584795308591713,42,water,0.2,0.5,weighted_crc,segformer_b2_loveda_urban,loveda_urban_val_half,284
1.0,1000,False,0.0,0.0,1.0,0.4747983870967742,521,5883,0.0,False,0.0,0.0,0.0,287.000002861023,0.5822416238105516,43,building,0.05,0.1,weighted_crc,segformer_b2_loveda_urban,loveda_urban_val_half,287
1.0,1000,False,0.0,0.0,1.0,0.4747983870967742,521,5883,0.0,False,0.0,0.0,0.0,287.000002861023,0.5822416238105516,43,building,0.1,0.1,weighted_crc,segformer_b2_loveda_urban,loveda_urban_val_half,287
1.0,1000,False,0.0,0.0,1.0,0.4747983870967742,521,5883,0.0,False,0.0,0.0,0.0,287.000002861023,0.5822416238105516,43,building,0.2,0.1,weighted_crc,segformer_b2_loveda_urban,loveda_urban_val_half,287
1.0,1000,False,0.0,0.0,1.0,0.4747983870967742,521,5883,0.0,False,0.0,0.0,0.0,287.000002861023,0.5822416238105516,43,building,0.05,0.5,weighted_crc,segformer_b2_loveda_urban,loveda_urban_val_half,287
1.0,1000,False,0.0,0.0,1.0,0.4747983870967742,521,5883,0.0,False,0.0,0.0,0.0,287.000002861023,0.5822416238105516,43,building,0.1,0.5,weighted_crc,segformer_b2_loveda_urban,loveda_urban_val_half,287
1.0,1000,False,0.0,0.0,1.0,0.4747983870967742,521,5883,0.0,False,0.0,0.0,0.0,287.000002861023,0.5822416238105516,43,building,0.2,0.5,weighted_crc,segformer_b2_loveda_urban,loveda_urban_val_half,287
1.0,1000,False,0.0,0.0,1.0,0.14516129032258066,848,2882,0.0,False,0.0,0.0,0.0,276.9999933242805,0.5908419431199907,43,water,0.05,0.1,weighted_crc,segformer_b2_loveda_urban,loveda_urban_val_half,277
1.0,1000,False,0.0,0.0,1.0,0.14516129032258066,848,2882,0.0,False,0.0,0.0,0.0,276.9999933242805,0.5908419431199907,43,water,0.1,0.1,weighted_crc,segformer_b2_loveda_urban,loveda_urban_val_half,277
1.0,1000,False,0.0,0.0,1.0,0.14516129032258066,848,2882,0.0,False,0.0,0.0,0.0,276.9999933242805,0.5908419431199907,43,water,0.2,0.1,weighted_crc,segformer_b2_loveda_urban,loveda_urban_val_half,277
1.0,1000,False,0.0,0.0,1.0,0.14516129032258066,848,2882,0.0,False,0.0,0.0,0.0,276.9999933242805,0.5908419431199907,43,water,0.05,0.5,weighted_crc,segformer_b2_loveda_urban,loveda_urban_val_half,277
1.0,1000,False,0.0,0.0,1.0,0.14516129032258066,848,2882,0.0,False,0.0,0.0,0.0,276.9999933242805,0.5908419431199907,43,water,0.1,0.5,weighted_crc,segformer_b2_loveda_urban,loveda_urban_val_half,277
1.0,1000,False,0.0,0.0,1.0,0.14516129032258066,848,2882,0.0,False,0.0,0.0,0.0,276.9999933242805,0.5908419431199907,43,water,0.2,0.5,weighted_crc,segformer_b2_loveda_urban,loveda_urban_val_half,277
1.0,1000,False,0.0,0.0,1.0,0.4747983870967742,521,5883,0.0,False,0.0,0.0,0.0,286.0000324249271,0.5830903595541119,44,building,0.05,0.1,weighted_crc,segformer_b2_loveda_urban,loveda_urban_val_half,286
1.0,1000,False,0.0,0.0,1.0,0.4747983870967742,521,5883,0.0,False,0.0,0.0,0.0,286.0000324249271,0.5830903595541119,44,building,0.1,0.1,weighted_crc,segformer_b2_loveda_urban,loveda_urban_val_half,286
1.0,1000,False,0.0,0.0,1.0,0.4747983870967742,521,5883,0.0,False,0.0,0.0,0.0,286.0000324249271,0.5830903595541119,44,building,0.2,0.1,weighted_crc,segformer_b2_loveda_urban,loveda_urban_val_half,286
1.0,1000,False,0.0,0.0,1.0,0.4747983870967742,521,5883,0.0,False,0.0,0.0,0.0,286.0000324249271,0.5830903595541119,44,building,0.05,0.5,weighted_crc,segformer_b2_loveda_urban,loveda_urban_val_half,286
1.0,1000,False,0.0,0.0,1.0,0.4747983870967742,521,5883,0.0,False,0.0,0.0,0.0,286.0000324249271,0.5830903595541119,44,building,0.1,0.5,weighted_crc,segformer_b2_loveda_urban,loveda_urban_val_half,286
1.0,1000,False,0.0,0.0,1.0,0.4747983870967742,521,5883,0.0,False,0.0,0.0,0.0,286.0000324249271,0.5830903595541119,44,building,0.2,0.5,weighted_crc,segformer_b2_loveda_urban,loveda_urban_val_half,286
1.0,1000,False,0.0,0.0,1.0,0.14516129032258066,848,2882,0.0,False,0.0,0.0,0.0,286.0000324249271,0.5830903595541119,44,water,0.05,0.1,weighted_crc,segformer_b2_loveda_urban,loveda_urban_val_half,286
1.0,1000,False,0.0,0.0,1.0,0.14516129032258066,848,2882,0.0,False,0.0,0.0,0.0,286.0000324249271,0.5830903595541119,44,water,0.1,0.1,weighted_crc,segformer_b2_loveda_urban,loveda_urban_val_half,286
1.0,1000,False,0.0,0.0,1.0,0.14516129032258066,848,2882,0.0,False,0.0,0.0,0.0,286.0000324249271,0.5830903595541119,44,water,0.2,0.1,weighted_crc,segformer_b2_loveda_urban,loveda_urban_val_half,286
1.0,1000,False,0.0,0.0,1.0,0.14516129032258066,848,2882,0.0,False,0.0,0.0,0.0,286.0000324249271,0.5830903595541119,44,water,0.05,0.5,weighted_crc,segformer_b2_loveda_urban,loveda_urban_val_half,286
1.0,1000,False,0.0,0.0,1.0,0.14516129032258066,848,2882,0.0,False,0.0,0.0,0.0,286.0000324249271,0.5830903595541119,44,water,0.1,0.5,weighted_crc,segformer_b2_loveda_urban,loveda_urban_val_half,286
1.0,1000,False,0.0,0.0,1.0,0.14516129032258066,848,2882,0.0,False,0.0,0.0,0.0,286.0000324249271,0.5830903595541119,44,water,0.2,0.5,weighted_crc,segformer_b2_loveda_urban,loveda_urban_val_half,286
1.0,1000,False,0.0,0.0,1.0,0.4747983870967742,521,5883,0.0,False,0.0,0.0,0.0,278.00004005432163,0.5899704749196607,45,building,0.05,0.1,weighted_crc,segformer_b2_loveda_urban,loveda_urban_val_half,278
1.0,1000,False,0.0,0.0,1.0,0.4747983870967742,521,5883,0.0,False,0.0,0.0,0.0,278.00004005432163,0.5899704749196607,45,building,0.1,0.1,weighted_crc,segformer_b2_loveda_urban,loveda_urban_val_half,278
1.0,1000,False,0.0,0.0,1.0,0.4747983870967742,521,5883,0.0,False,0.0,0.0,0.0,278.00004005432163,0.5899704749196607,45,building,0.2,0.1,weighted_crc,segformer_b2_loveda_urban,loveda_urban_val_half,278
1.0,1000,False,0.0,0.0,1.0,0.4747983870967742,521,5883,0.0,False,0.0,0.0,0.0,278.00004005432163,0.5899704749196607,45,building,0.05,0.5,weighted_crc,segformer_b2_loveda_urban,loveda_urban_val_half,278
1.0,1000,False,0.0,0.0,1.0,0.4747983870967742,521,5883,0.0,False,0.0,0.0,0.0,278.00004005432163,0.5899704749196607,45,building,0.1,0.5,weighted_crc,segformer_b2_loveda_urban,loveda_urban_val_half,278
1.0,1000,False,0.0,0.0,1.0,0.4747983870967742,521,5883,0.0,False,0.0,0.0,0.0,278.00004005432163,0.5899704749196607,45,building,0.2,0.5,weighted_crc,segformer_b2_loveda_urban,loveda_urban_val_half,278
1.0,1000,False,0.0,0.0,1.0,0.14516129032258066,848,2882,0.0,False,0.0,0.0,0.0,292.00004577636844,0.5780346597757361,45,water,0.05,0.1,weighted_crc,segformer_b2_loveda_urban,loveda_urban_val_half,292
1.0,1000,False,0.0,0.0,1.0,0.14516129032258066,848,2882,0.0,False,0.0,0.0,0.0,292.00004577636844,0.5780346597757361,45,water,0.1,0.1,weighted_crc,segformer_b2_loveda_urban,loveda_urban_val_half,292
1.0,1000,False,0.0,0.0,1.0,0.14516129032258066,848,2882,0.0,False,0.0,0.0,0.0,292.00004577636844,0.5780346597757361,45,water,0.2,0.1,weighted_crc,segformer_b2_loveda_urban,loveda_urban_val_half,292
1.0,1000,False,0.0,0.0,1.0,0.14516129032258066,848,2882,0.0,False,0.0,0.0,0.0,292.00004577636844,0.5780346597757361,45,water,0.05,0.5,weighted_crc,segformer_b2_loveda_urban,loveda_urban_val_half,292
1.0,1000,False,0.0,0.0,1.0,0.14516129032258066,848,2882,0.0,False,0.0,0.0,0.0,292.00004577636844,0.5780346597757361,45,water,0.1,0.5,weighted_crc,segformer_b2_loveda_urban,loveda_urban_val_half,292
1.0,1000,False,0.0,0.0,1.0,0.14516129032258066,848,2882,0.0,False,0.0,0.0,0.0,292.00004577636844,0.5780346597757361,45,water,0.2,0.5,weighted_crc,segformer_b2_loveda_urban,loveda_urban_val_half,292
1.0,1000,False,0.0,0.0,1.0,0.4747983870967742,521,5883,0.0,False,0.0,0.0,0.0,280.0000572204603,0.5882352611185376,46,building,0.05,0.1,weighted_crc,segformer_b2_loveda_urban,loveda_urban_val_half,280
1.0,1000,False,0.0,0.0,1.0,0.4747983870967742,521,5883,0.0,False,0.0,0.0,0.0,280.0000572204603,0.5882352611185376,46,building,0.1,0.1,weighted_crc,segformer_b2_loveda_urban,loveda_urban_val_half,280
1.0,1000,False,0.0,0.0,1.0,0.4747983870967742,521,5883,0.0,False,0.0,0.0,0.0,280.0000572204603,0.5882352611185376,46,building,0.2,0.1,weighted_crc,segformer_b2_loveda_urban,loveda_urban_val_half,280
1.0,1000,False,0.0,0.0,1.0,0.4747983870967742,521,5883,0.0,False,0.0,0.0,0.0,280.0000572204603,0.5882352611185376,46,building,0.05,0.5,weighted_crc,segformer_b2_loveda_urban,loveda_urban_val_half,280
1.0,1000,False,0.0,0.0,1.0,0.4747983870967742,521,5883,0.0,False,0.0,0.0,0.0,280.0000572204603,0.5882352611185376,46,building,0.1,0.5,weighted_crc,segformer_b2_loveda_urban,loveda_urban_val_half,280
1.0,1000,False,0.0,0.0,1.0,0.4747983870967742,521,5883,0.0,False,0.0,0.0,0.0,280.0000572204603,0.5882352611185376,46,building,0.2,0.5,weighted_crc,segformer_b2_loveda_urban,loveda_urban_val_half,280
1.0,1000,False,0.0,0.0,1.0,0.14516129032258066,848,2882,0.0,False,0.0,0.0,0.0,276.9999933242805,0.5908419431199907,46,water,0.05,0.1,weighted_crc,segformer_b2_loveda_urban,loveda_urban_val_half,277
1.0,1000,False,0.0,0.0,1.0,0.14516129032258066,848,2882,0.0,False,0.0,0.0,0.0,276.9999933242805,0.5908419431199907,46,water,0.1,0.1,weighted_crc,segformer_b2_loveda_urban,loveda_urban_val_half,277
1.0,1000,False,0.0,0.0,1.0,0.14516129032258066,848,2882,0.0,False,0.0,0.0,0.0,276.9999933242805,0.5908419431199907,46,water,0.2,0.1,weighted_crc,segformer_b2_loveda_urban,loveda_urban_val_half,277
1.0,1000,False,0.0,0.0,1.0,0.14516129032258066,848,2882,0.0,False,0.0,0.0,0.0,276.9999933242805,0.5908419431199907,46,water,0.05,0.5,weighted_crc,segformer_b2_loveda_urban,loveda_urban_val_half,277
1.0,1000,False,0.0,0.0,1.0,0.14516129032258066,848,2882,0.0,False,0.0,0.0,0.0,276.9999933242805,0.5908419431199907,46,water,0.1,0.5,weighted_crc,segformer_b2_loveda_urban,loveda_urban_val_half,277
1.0,1000,False,0.0,0.0,1.0,0.14516129032258066,848,2882,0.0,False,0.0,0.0,0.0,276.9999933242805,0.5908419431199907,46,water,0.2,0.5,weighted_crc,segformer_b2_loveda_urban,loveda_urban_val_half,277
1.0,1000,False,0.0,0.0,1.0,0.4747983870967742,521,5883,0.0,False,0.0,0.0,0.0,281.00002765655523,0.587371492740284,47,building,0.05,0.1,weighted_crc,segformer_b2_loveda_urban,loveda_urban_val_half,281
1.0,1000,False,0.0,0.0,1.0,0.4747983870967742,521,5883,0.0,False,0.0,0.0,0.0,281.00002765655523,0.587371492740284,47,building,0.1,0.1,weighted_crc,segformer_b2_loveda_urban,loveda_urban_val_half,281
1.0,1000,False,0.0,0.0,1.0,0.4747983870967742,521,5883,0.0,False,0.0,0.0,0.0,281.00002765655523,0.587371492740284,47,building,0.2,0.1,weighted_crc,segformer_b2_loveda_urban,loveda_urban_val_half,281
1.0,1000,False,0.0,0.0,1.0,0.4747983870967742,521,5883,0.0,False,0.0,0.0,0.0,281.00002765655523,0.587371492740284,47,building,0.05,0.5,weighted_crc,segformer_b2_loveda_urban,loveda_urban_val_half,281
1.0,1000,False,0.0,0.0,1.0,0.4747983870967742,521,5883,0.0,False,0.0,0.0,0.0,281.00002765655523,0.587371492740284,47,building,0.1,0.5,weighted_crc,segformer_b2_loveda_urban,loveda_urban_val_half,281
1.0,1000,False,0.0,0.0,1.0,0.4747983870967742,521,5883,0.0,False,0.0,0.0,0.0,281.00002765655523,0.587371492740284,47,building,0.2,0.5,weighted_crc,segformer_b2_loveda_urban,loveda_urban_val_half,281
1.0,1000,False,0.0,0.0,1.0,0.14516129032258066,848,2882,0.0,False,0.0,0.0,0.0,280.0000572204603,0.5882352611185376,47,water,0.05,0.1,weighted_crc,segformer_b2_loveda_urban,loveda_urban_val_half,280
1.0,1000,False,0.0,0.0,1.0,0.14516129032258066,848,2882,0.0,False,0.0,0.0,0.0,280.0000572204603,0.5882352611185376,47,water,0.1,0.1,weighted_crc,segformer_b2_loveda_urban,loveda_urban_val_half,280
1.0,1000,False,0.0,0.0,1.0,0.14516129032258066,848,2882,0.0,False,0.0,0.0,0.0,280.0000572204603,0.5882352611185376,47,water,0.2,0.1,weighted_crc,segformer_b2_loveda_urban,loveda_urban_val_half,280
1.0,1000,False,0.0,0.0,1.0,0.14516129032258066,848,2882,0.0,False,0.0,0.0,0.0,280.0000572204603,0.5882352611185376,47,water,0.05,0.5,weighted_crc,segformer_b2_loveda_urban,loveda_urban_val_half,280
1.0,1000,False,0.0,0.0,1.0,0.14516129032258066,848,2882,0.0,False,0.0,0.0,0.0,280.0000572204603,0.5882352611185376,47,water,0.1,0.5,weighted_crc,segformer_b2_loveda_urban,loveda_urban_val_half,280
1.0,1000,False,0.0,0.0,1.0,0.14516129032258066,848,2882,0.0,False,0.0,0.0,0.0,280.0000572204603,0.5882352611185376,47,water,0.2,0.5,weighted_crc,segformer_b2_loveda_urban,loveda_urban_val_half,280
1.0,1000,False,0.0,0.0,1.0,0.4747983870967742,521,5883,0.0,False,0.0,0.0,0.0,284.00001525878906,0.584795308591713,48,building,0.05,0.1,weighted_crc,segformer_b2_loveda_urban,loveda_urban_val_half,284
1.0,1000,False,0.0,0.0,1.0,0.4747983870967742,521,5883,0.0,False,0.0,0.0,0.0,284.00001525878906,0.584795308591713,48,building,0.1,0.1,weighted_crc,segformer_b2_loveda_urban,loveda_urban_val_half,284
1.0,1000,False,0.0,0.0,1.0,0.4747983870967742,521,5883,0.0,False,0.0,0.0,0.0,284.00001525878906,0.584795308591713,48,building,0.2,0.1,weighted_crc,segformer_b2_loveda_urban,loveda_urban_val_half,284
1.0,1000,False,0.0,0.0,1.0,0.4747983870967742,521,5883,0.0,False,0.0,0.0,0.0,284.00001525878906,0.584795308591713,48,building,0.05,0.5,weighted_crc,segformer_b2_loveda_urban,loveda_urban_val_half,284
1.0,1000,False,0.0,0.0,1.0,0.4747983870967742,521,5883,0.0,False,0.0,0.0,0.0,284.00001525878906,0.584795308591713,48,building,0.1,0.5,weighted_crc,segformer_b2_loveda_urban,loveda_urban_val_half,284
1.0,1000,False,0.0,0.0,1.0,0.4747983870967742,521,5883,0.0,False,0.0,0.0,0.0,284.00001525878906,0.584795308591713,48,building,0.2,0.5,weighted_crc,segformer_b2_loveda_urban,loveda_urban_val_half,284
1.0,1000,False,0.0,0.0,1.0,0.14516129032258066,848,2882,0.0,False,0.0,0.0,0.0,280.0000572204603,0.5882352611185376,48,water,0.05,0.1,weighted_crc,segformer_b2_loveda_urban,loveda_urban_val_half,280
1.0,1000,False,0.0,0.0,1.0,0.14516129032258066,848,2882,0.0,False,0.0,0.0,0.0,280.0000572204603,0.5882352611185376,48,water,0.1,0.1,weighted_crc,segformer_b2_loveda_urban,loveda_urban_val_half,280
1.0,1000,False,0.0,0.0,1.0,0.14516129032258066,848,2882,0.0,False,0.0,0.0,0.0,280.0000572204603,0.5882352611185376,48,water,0.2,0.1,weighted_crc,segformer_b2_loveda_urban,loveda_urban_val_half,280
1.0,1000,False,0.0,0.0,1.0,0.14516129032258066,848,2882,0.0,False,0.0,0.0,0.0,280.0000572204603,0.5882352611185376,48,water,0.05,0.5,weighted_crc,segformer_b2_loveda_urban,loveda_urban_val_half,280
1.0,1000,False,0.0,0.0,1.0,0.14516129032258066,848,2882,0.0,False,0.0,0.0,0.0,280.0000572204603,0.5882352611185376,48,water,0.1,0.5,weighted_crc,segformer_b2_loveda_urban,loveda_urban_val_half,280
1.0,1000,False,0.0,0.0,1.0,0.14516129032258066,848,2882,0.0,False,0.0,0.0,0.0,280.0000572204603,0.5882352611185376,48,water,0.2,0.5,weighted_crc,segformer_b2_loveda_urban,loveda_urban_val_half,280
1.0,1000,False,0.0,0.0,1.0,0.4747983870967742,521,5883,0.0,False,0.0,0.0,0.0,283.0000448226936,0.5856515111674001,49,building,0.05,0.1,weighted_crc,segformer_b2_loveda_urban,loveda_urban_val_half,283
1.0,1000,False,0.0,0.0,1.0,0.4747983870967742,521,5883,0.0,False,0.0,0.0,0.0,283.0000448226936,0.5856515111674001,49,building,0.1,0.1,weighted_crc,segformer_b2_loveda_urban,loveda_urban_val_half,283
1.0,1000,False,0.0,0.0,1.0,0.4747983870967742,521,5883,0.0,False,0.0,0.0,0.0,283.0000448226936,0.5856515111674001,49,building,0.2,0.1,weighted_crc,segformer_b2_loveda_urban,loveda_urban_val_half,283
1.0,1000,False,0.0,0.0,1.0,0.4747983870967742,521,5883,0.0,False,0.0,0.0,0.0,283.0000448226936,0.5856515111674001,49,building,0.05,0.5,weighted_crc,segformer_b2_loveda_urban,loveda_urban_val_half,283
1.0,1000,False,0.0,0.0,1.0,0.4747983870967742,521,5883,0.0,False,0.0,0.0,0.0,283.0000448226936,0.5856515111674001,49,building,0.1,0.5,weighted_crc,segformer_b2_loveda_urban,loveda_urban_val_half,283
1.0,1000,False,0.0,0.0,1.0,0.4747983870967742,521,5883,0.0,False,0.0,0.0,0.0,283.0000448226936,0.5856515111674001,49,building,0.2,0.5,weighted_crc,segformer_b2_loveda_urban,loveda_urban_val_half,283
1.0,1000,False,0.0,0.0,1.0,0.14516129032258066,848,2882,0.0,False,0.0,0.0,0.0,294.0000247955325,0.5763688634082264,49,water,0.05,0.1,weighted_crc,segformer_b2_loveda_urban,loveda_urban_val_half,294
1.0,1000,False,0.0,0.0,1.0,0.14516129032258066,848,2882,0.0,False,0.0,0.0,0.0,294.0000247955325,0.5763688634082264,49,water,0.1,0.1,weighted_crc,segformer_b2_loveda_urban,loveda_urban_val_half,294
1.0,1000,False,0.0,0.0,1.0,0.14516129032258066,848,2882,0.0,False,0.0,0.0,0.0,294.0000247955325,0.5763688634082264,49,water,0.2,0.1,weighted_crc,segformer_b2_loveda_urban,loveda_urban_val_half,294
1.0,1000,False,0.0,0.0,1.0,0.14516129032258066,848,2882,0.0,False,0.0,0.0,0.0,294.0000247955325,0.5763688634082264,49,water,0.05,0.5,weighted_crc,segformer_b2_loveda_urban,loveda_urban_val_half,294
1.0,1000,False,0.0,0.0,1.0,0.14516129032258066,848,2882,0.0,False,0.0,0.0,0.0,294.0000247955325,0.5763688634082264,49,water,0.1,0.5,weighted_crc,segformer_b2_loveda_urban,loveda_urban_val_half,294
1.0,1000,False,0.0,0.0,1.0,0.14516129032258066,848,2882,0.0,False,0.0,0.0,0.0,294.0000247955325,0.5763688634082264,49,water,0.2,0.5,weighted_crc,segformer_b2_loveda_urban,loveda_urban_val_half,294
1.0,1000,False,0.0,0.0,1.0,0.4747983870967742,521,5883,0.0,False,0.0,0.0,0.0,288.0000495910657,0.581395323048289,50,building,0.05,0.1,weighted_crc,segformer_b2_loveda_urban,loveda_urban_val_half,288
1.0,1000,False,0.0,0.0,1.0,0.4747983870967742,521,5883,0.0,False,0.0,0.0,0.0,288.0000495910657,0.581395323048289,50,building,0.1,0.1,weighted_crc,segformer_b2_loveda_urban,loveda_urban_val_half,288
1.0,1000,False,0.0,0.0,1.0,0.4747983870967742,521,5883,0.0,False,0.0,0.0,0.0,288.0000495910657,0.581395323048289,50,building,0.2,0.1,weighted_crc,segformer_b2_loveda_urban,loveda_urban_val_half,288
1.0,1000,False,0.0,0.0,1.0,0.4747983870967742,521,5883,0.0,False,0.0,0.0,0.0,288.0000495910657,0.581395323048289,50,building,0.05,0.5,weighted_crc,segformer_b2_loveda_urban,loveda_urban_val_half,288
1.0,1000,False,0.0,0.0,1.0,0.4747983870967742,521,5883,0.0,False,0.0,0.0,0.0,288.0000495910657,0.581395323048289,50,building,0.1,0.5,weighted_crc,segformer_b2_loveda_urban,loveda_urban_val_half,288
1.0,1000,False,0.0,0.0,1.0,0.4747983870967742,521,5883,0.0,False,0.0,0.0,0.0,288.0000495910657,0.581395323048289,50,building,0.2,0.5,weighted_crc,segformer_b2_loveda_urban,loveda_urban_val_half,288
1.0,1000,False,0.0,0.0,1.0,0.14516129032258066,848,2882,0.0,False,0.0,0.0,0.0,284.00001525878906,0.584795308591713,50,water,0.05,0.1,weighted_crc,segformer_b2_loveda_urban,loveda_urban_val_half,284
1.0,1000,False,0.0,0.0,1.0,0.14516129032258066,848,2882,0.0,False,0.0,0.0,0.0,284.00001525878906,0.584795308591713,50,water,0.1,0.1,weighted_crc,segformer_b2_loveda_urban,loveda_urban_val_half,284
1.0,1000,False,0.0,0.0,1.0,0.14516129032258066,848,2882,0.0,False,0.0,0.0,0.0,284.00001525878906,0.584795308591713,50,water,0.2,0.1,weighted_crc,segformer_b2_loveda_urban,loveda_urban_val_half,284
1.0,1000,False,0.0,0.0,1.0,0.14516129032258066,848,2882,0.0,False,0.0,0.0,0.0,284.00001525878906,0.584795308591713,50,water,0.05,0.5,weighted_crc,segformer_b2_loveda_urban,loveda_urban_val_half,284
1.0,1000,False,0.0,0.0,1.0,0.14516129032258066,848,2882,0.0,False,0.0,0.0,0.0,284.00001525878906,0.584795308591713,50,water,0.1,0.5,weighted_crc,segformer_b2_loveda_urban,loveda_urban_val_half,284
1.0,1000,False,0.0,0.0,1.0,0.14516129032258066,848,2882,0.0,False,0.0,0.0,0.0,284.00001525878906,0.584795308591713,50,water,0.2,0.5,weighted_crc,segformer_b2_loveda_urban,loveda_urban_val_half,284
1.0,1000,False,0.0,0.0,1.0,0.4747983870967742,521,5883,0.0,False,0.0,0.0,0.0,279.00001049041754,0.5891016067909026,51,building,0.05,0.1,weighted_crc,segformer_b2_loveda_urban,loveda_urban_val_half,279
1.0,1000,False,0.0,0.0,1.0,0.4747983870967742,521,5883,0.0,False,0.0,0.0,0.0,279.00001049041754,0.5891016067909026,51,building,0.1,0.1,weighted_crc,segformer_b2_loveda_urban,loveda_urban_val_half,279
1.0,1000,False,0.0,0.0,1.0,0.4747983870967742,521,5883,0.0,False,0.0,0.0,0.0,279.00001049041754,0.5891016067909026,51,building,0.2,0.1,weighted_crc,segformer_b2_loveda_urban,loveda_urban_val_half,279
1.0,1000,False,0.0,0.0,1.0,0.4747983870967742,521,5883,0.0,False,0.0,0.0,0.0,279.00001049041754,0.5891016067909026,51,building,0.05,0.5,weighted_crc,segformer_b2_loveda_urban,loveda_urban_val_half,279
1.0,1000,False,0.0,0.0,1.0,0.4747983870967742,521,5883,0.0,False,0.0,0.0,0.0,279.00001049041754,0.5891016067909026,51,building,0.1,0.5,weighted_crc,segformer_b2_loveda_urban,loveda_urban_val_half,279
1.0,1000,False,0.0,0.0,1.0,0.4747983870967742,521,5883,0.0,False,0.0,0.0,0.0,279.00001049041754,0.5891016067909026,51,building,0.2,0.5,weighted_crc,segformer_b2_loveda_urban,loveda_urban_val_half,279
1.0,1000,False,0.0,0.0,1.0,0.14516129032258066,848,2882,0.0,False,0.0,0.0,0.0,282.00003623962436,0.5865102409655233,51,water,0.05,0.1,weighted_crc,segformer_b2_loveda_urban,loveda_urban_val_half,282
1.0,1000,False,0.0,0.0,1.0,0.14516129032258066,848,2882,0.0,False,0.0,0.0,0.0,282.00003623962436,0.5865102409655233,51,water,0.1,0.1,weighted_crc,segformer_b2_loveda_urban,loveda_urban_val_half,282
1.0,1000,False,0.0,0.0,1.0,0.14516129032258066,848,2882,0.0,False,0.0,0.0,0.0,282.00003623962436,0.5865102409655233,51,water,0.2,0.1,weighted_crc,segformer_b2_loveda_urban,loveda_urban_val_half,282
1.0,1000,False,0.0,0.0,1.0,0.14516129032258066,848,2882,0.0,False,0.0,0.0,0.0,282.00003623962436,0.5865102409655233,51,water,0.05,0.5,weighted_crc,segformer_b2_loveda_urban,loveda_urban_val_half,282
1.0,1000,False,0.0,0.0,1.0,0.14516129032258066,848,2882,0.0,False,0.0,0.0,0.0,282.00003623962436,0.5865102409655233,51,water,0.1,0.5,weighted_crc,segformer_b2_loveda_urban,loveda_urban_val_half,282
1.0,1000,False,0.0,0.0,1.0,0.14516129032258066,848,2882,0.0,False,0.0,0.0,0.0,282.00003623962436,0.5865102409655233,51,water,0.2,0.5,weighted_crc,segformer_b2_loveda_urban,loveda_urban_val_half,282
1.0,1000,False,0.0,0.0,1.0,0.4747983870967742,521,5883,0.0,False,0.0,0.0,0.0,291.000037193299,0.5788711819836325,52,building,0.05,0.1,weighted_crc,segformer_b2_loveda_urban,loveda_urban_val_half,291
1.0,1000,False,0.0,0.0,1.0,0.4747983870967742,521,5883,0.0,False,0.0,0.0,0.0,291.000037193299,0.5788711819836325,52,building,0.1,0.1,weighted_crc,segformer_b2_loveda_urban,loveda_urban_val_half,291
1.0,1000,False,0.0,0.0,1.0,0.4747983870967742,521,5883,0.0,False,0.0,0.0,0.0,291.000037193299,0.5788711819836325,52,building,0.2,0.1,weighted_crc,segformer_b2_loveda_urban,loveda_urban_val_half,291
1.0,1000,False,0.0,0.0,1.0,0.4747983870967742,521,5883,0.0,False,0.0,0.0,0.0,291.000037193299,0.5788711819836325,52,building,0.05,0.5,weighted_crc,segformer_b2_loveda_urban,loveda_urban_val_half,291
1.0,1000,False,0.0,0.0,1.0,0.4747983870967742,521,5883,0.0,False,0.0,0.0,0.0,291.000037193299,0.5788711819836325,52,building,0.1,0.5,weighted_crc,segformer_b2_loveda_urban,loveda_urban_val_half,291
1.0,1000,False,0.0,0.0,1.0,0.4747983870967742,521,5883,0.0,False,0.0,0.0,0.0,291.000037193299,0.5788711819836325,52,building,0.2,0.5,weighted_crc,segformer_b2_loveda_urban,loveda_urban_val_half,291
1.0,1000,False,0.0,0.0,1.0,0.14516129032258066,848,2882,0.0,False,0.0,0.0,0.0,274.00000572204624,0.5934717966533221,52,water,0.05,0.1,weighted_crc,segformer_b2_loveda_urban,loveda_urban_val_half,274
1.0,1000,False,0.0,0.0,1.0,0.14516129032258066,848,2882,0.0,False,0.0,0.0,0.0,274.00000572204624,0.5934717966533221,52,water,0.1,0.1,weighted_crc,segformer_b2_loveda_urban,loveda_urban_val_half,274
1.0,1000,False,0.0,0.0,1.0,0.14516129032258066,848,2882,0.0,False,0.0,0.0,0.0,274.00000572204624,0.5934717966533221,52,water,0.2,0.1,weighted_crc,segformer_b2_loveda_urban,loveda_urban_val_half,274
1.0,1000,False,0.0,0.0,1.0,0.14516129032258066,848,2882,0.0,False,0.0,0.0,0.0,274.00000572204624,0.5934717966533221,52,water,0.05,0.5,weighted_crc,segformer_b2_loveda_urban,loveda_urban_val_half,274
1.0,1000,False,0.0,0.0,1.0,0.14516129032258066,848,2882,0.0,False,0.0,0.0,0.0,274.00000572204624,0.5934717966533221,52,water,0.1,0.5,weighted_crc,segformer_b2_loveda_urban,loveda_urban_val_half,274
1.0,1000,False,0.0,0.0,1.0,0.14516129032258066,848,2882,0.0,False,0.0,0.0,0.0,274.00000572204624,0.5934717966533221,52,water,0.2,0.5,weighted_crc,segformer_b2_loveda_urban,loveda_urban_val_half,274
1.0,1000,False,0.0,0.0,1.0,0.4747983870967742,521,5883,0.0,False,0.0,0.0,0.0,285.00006198883256,0.5839415733202873,53,building,0.05,0.1,weighted_crc,segformer_b2_loveda_urban,loveda_urban_val_half,285
1.0,1000,False,0.0,0.0,1.0,0.4747983870967742,521,5883,0.0,False,0.0,0.0,0.0,285.00006198883256,0.5839415733202873,53,building,0.1,0.1,weighted_crc,segformer_b2_loveda_urban,loveda_urban_val_half,285
1.0,1000,False,0.0,0.0,1.0,0.4747983870967742,521,5883,0.0,False,0.0,0.0,0.0,285.00006198883256,0.5839415733202873,53,building,0.2,0.1,weighted_crc,segformer_b2_loveda_urban,loveda_urban_val_half,285
1.0,1000,False,0.0,0.0,1.0,0.4747983870967742,521,5883,0.0,False,0.0,0.0,0.0,285.00006198883256,0.5839415733202873,53,building,0.05,0.5,weighted_crc,segformer_b2_loveda_urban,loveda_urban_val_half,285
1.0,1000,False,0.0,0.0,1.0,0.4747983870967742,521,5883,0.0,False,0.0,0.0,0.0,285.00006198883256,0.5839415733202873,53,building,0.1,0.5,weighted_crc,segformer_b2_loveda_urban,loveda_urban_val_half,285
1.0,1000,False,0.0,0.0,1.0,0.4747983870967742,521,5883,0.0,False,0.0,0.0,0.0,285.00006198883256,0.5839415733202873,53,building,0.2,0.5,weighted_crc,segformer_b2_loveda_urban,loveda_urban_val_half,285
1.0,1000,False,0.0,0.0,1.0,0.14516129032258066,848,2882,0.0,False,0.0,0.0,0.0,286.0000324249271,0.5830903595541119,53,water,0.05,0.1,weighted_crc,segformer_b2_loveda_urban,loveda_urban_val_half,286
1.0,1000,False,0.0,0.0,1.0,0.14516129032258066,848,2882,0.0,False,0.0,0.0,0.0,286.0000324249271,0.5830903595541119,53,water,0.1,0.1,weighted_crc,segformer_b2_loveda_urban,loveda_urban_val_half,286
1.0,1000,False,0.0,0.0,1.0,0.14516129032258066,848,2882,0.0,False,0.0,0.0,0.0,286.0000324249271,0.5830903595541119,53,water,0.2,0.1,weighted_crc,segformer_b2_loveda_urban,loveda_urban_val_half,286
1.0,1000,False,0.0,0.0,1.0,0.14516129032258066,848,2882,0.0,False,0.0,0.0,0.0,286.0000324249271,0.5830903595541119,53,water,0.05,0.5,weighted_crc,segformer_b2_loveda_urban,loveda_urban_val_half,286
1.0,1000,False,0.0,0.0,1.0,0.14516129032258066,848,2882,0.0,False,0.0,0.0,0.0,286.0000324249271,0.5830903595541119,53,water,0.1,0.5,weighted_crc,segformer_b2_loveda_urban,loveda_urban_val_half,286
1.0,1000,False,0.0,0.0,1.0,0.14516129032258066,848,2882,0.0,False,0.0,0.0,0.0,286.0000324249271,0.5830903595541119,53,water,0.2,0.5,weighted_crc,segformer_b2_loveda_urban,loveda_urban_val_half,286
1.0,1000,False,0.0,0.0,1.0,0.4747983870967742,521,5883,0.0,False,0.0,0.0,0.0,285.00006198883256,0.5839415733202873,54,building,0.05,0.1,weighted_crc,segformer_b2_loveda_urban,loveda_urban_val_half,285
1.0,1000,False,0.0,0.0,1.0,0.4747983870967742,521,5883,0.0,False,0.0,0.0,0.0,285.00006198883256,0.5839415733202873,54,building,0.1,0.1,weighted_crc,segformer_b2_loveda_urban,loveda_urban_val_half,285
1.0,1000,False,0.0,0.0,1.0,0.4747983870967742,521,5883,0.0,False,0.0,0.0,0.0,285.00006198883256,0.5839415733202873,54,building,0.2,0.1,weighted_crc,segformer_b2_loveda_urban,loveda_urban_val_half,285
1.0,1000,False,0.0,0.0,1.0,0.4747983870967742,521,5883,0.0,False,0.0,0.0,0.0,285.00006198883256,0.5839415733202873,54,building,0.05,0.5,weighted_crc,segformer_b2_loveda_urban,loveda_urban_val_half,285
1.0,1000,False,0.0,0.0,1.0,0.4747983870967742,521,5883,0.0,False,0.0,0.0,0.0,285.00006198883256,0.5839415733202873,54,building,0.1,0.5,weighted_crc,segformer_b2_loveda_urban,loveda_urban_val_half,285
1.0,1000,False,0.0,0.0,1.0,0.4747983870967742,521,5883,0.0,False,0.0,0.0,0.0,285.00006198883256,0.5839415733202873,54,building,0.2,0.5,weighted_crc,segformer_b2_loveda_urban,loveda_urban_val_half,285
1.0,1000,False,0.0,0.0,1.0,0.14516129032258066,848,2882,0.0,False,0.0,0.0,0.0,288.0000495910657,0.581395323048289,54,water,0.05,0.1,weighted_crc,segformer_b2_loveda_urban,loveda_urban_val_half,288
1.0,1000,False,0.0,0.0,1.0,0.14516129032258066,848,2882,0.0,False,0.0,0.0,0.0,288.0000495910657,0.581395323048289,54,water,0.1,0.1,weighted_crc,segformer_b2_loveda_urban,loveda_urban_val_half,288
1.0,1000,False,0.0,0.0,1.0,0.14516129032258066,848,2882,0.0,False,0.0,0.0,0.0,288.0000495910657,0.581395323048289,54,water,0.2,0.1,weighted_crc,segformer_b2_loveda_urban,loveda_urban_val_half,288
1.0,1000,False,0.0,0.0,1.0,0.14516129032258066,848,2882,0.0,False,0.0,0.0,0.0,288.0000495910657,0.581395323048289,54,water,0.05,0.5,weighted_crc,segformer_b2_loveda_urban,loveda_urban_val_half,288
1.0,1000,False,0.0,0.0,1.0,0.14516129032258066,848,2882,0.0,False,0.0,0.0,0.0,288.0000495910657,0.581395323048289,54,water,0.1,0.5,weighted_crc,segformer_b2_loveda_urban,loveda_urban_val_half,288
1.0,1000,False,0.0,0.0,1.0,0.14516129032258066,848,2882,0.0,False,0.0,0.0,0.0,288.0000495910657,0.581395323048289,54,water,0.2,0.5,weighted_crc,segformer_b2_loveda_urban,loveda_urban_val_half,288
1.0,1000,False,0.0,0.0,1.0,0.4747983870967742,521,5883,0.0,False,0.0,0.0,0.0,285.00006198883256,0.5839415733202873,55,building,0.05,0.1,weighted_crc,segformer_b2_loveda_urban,loveda_urban_val_half,285
1.0,1000,False,0.0,0.0,1.0,0.4747983870967742,521,5883,0.0,False,0.0,0.0,0.0,285.00006198883256,0.5839415733202873,55,building,0.1,0.1,weighted_crc,segformer_b2_loveda_urban,loveda_urban_val_half,285
1.0,1000,False,0.0,0.0,1.0,0.4747983870967742,521,5883,0.0,False,0.0,0.0,0.0,285.00006198883256,0.5839415733202873,55,building,0.2,0.1,weighted_crc,segformer_b2_loveda_urban,loveda_urban_val_half,285
1.0,1000,False,0.0,0.0,1.0,0.4747983870967742,521,5883,0.0,False,0.0,0.0,0.0,285.00006198883256,0.5839415733202873,55,building,0.05,0.5,weighted_crc,segformer_b2_loveda_urban,loveda_urban_val_half,285
1.0,1000,False,0.0,0.0,1.0,0.4747983870967742,521,5883,0.0,False,0.0,0.0,0.0,285.00006198883256,0.5839415733202873,55,building,0.1,0.5,weighted_crc,segformer_b2_loveda_urban,loveda_urban_val_half,285
1.0,1000,False,0.0,0.0,1.0,0.4747983870967742,521,5883,0.0,False,0.0,0.0,0.0,285.00006198883256,0.5839415733202873,55,building,0.2,0.5,weighted_crc,segformer_b2_loveda_urban,loveda_urban_val_half,285
1.0,1000,False,0.0,0.0,1.0,0.14516129032258066,848,2882,0.0,False,0.0,0.0,0.0,293.00005435943797,0.5772005517824489,55,water,0.05,0.1,weighted_crc,segformer_b2_loveda_urban,loveda_urban_val_half,293
1.0,1000,False,0.0,0.0,1.0,0.14516129032258066,848,2882,0.0,False,0.0,0.0,0.0,293.00005435943797,0.5772005517824489,55,water,0.1,0.1,weighted_crc,segformer_b2_loveda_urban,loveda_urban_val_half,293
1.0,1000,False,0.0,0.0,1.0,0.14516129032258066,848,2882,0.0,False,0.0,0.0,0.0,293.00005435943797,0.5772005517824489,55,water,0.2,0.1,weighted_crc,segformer_b2_loveda_urban,loveda_urban_val_half,293
1.0,1000,False,0.0,0.0,1.0,0.14516129032258066,848,2882,0.0,False,0.0,0.0,0.0,293.00005435943797,0.5772005517824489,55,water,0.05,0.5,weighted_crc,segformer_b2_loveda_urban,loveda_urban_val_half,293
1.0,1000,False,0.0,0.0,1.0,0.14516129032258066,848,2882,0.0,False,0.0,0.0,0.0,293.00005435943797,0.5772005517824489,55,water,0.1,0.5,weighted_crc,segformer_b2_loveda_urban,loveda_urban_val_half,293
1.0,1000,False,0.0,0.0,1.0,0.14516129032258066,848,2882,0.0,False,0.0,0.0,0.0,293.00005435943797,0.5772005517824489,55,water,0.2,0.5,weighted_crc,segformer_b2_loveda_urban,loveda_urban_val_half,293
1.0,1000,False,0.0,0.0,1.0,0.4747983870967742,521,5883,0.0,False,0.0,0.0,0.0,287.000002861023,0.5822416238105516,56,building,0.05,0.1,weighted_crc,segformer_b2_loveda_urban,loveda_urban_val_half,287
1.0,1000,False,0.0,0.0,1.0,0.4747983870967742,521,5883,0.0,False,0.0,0.0,0.0,287.000002861023,0.5822416238105516,56,building,0.1,0.1,weighted_crc,segformer_b2_loveda_urban,loveda_urban_val_half,287
1.0,1000,False,0.0,0.0,1.0,0.4747983870967742,521,5883,0.0,False,0.0,0.0,0.0,287.000002861023,0.5822416238105516,56,building,0.2,0.1,weighted_crc,segformer_b2_loveda_urban,loveda_urban_val_half,287
1.0,1000,False,0.0,0.0,1.0,0.4747983870967742,521,5883,0.0,False,0.0,0.0,0.0,287.000002861023,0.5822416238105516,56,building,0.05,0.5,weighted_crc,segformer_b2_loveda_urban,loveda_urban_val_half,287
1.0,1000,False,0.0,0.0,1.0,0.4747983870967742,521,5883,0.0,False,0.0,0.0,0.0,287.000002861023,0.5822416238105516,56,building,0.1,0.5,weighted_crc,segformer_b2_loveda_urban,loveda_urban_val_half,287
1.0,1000,False,0.0,0.0,1.0,0.4747983870967742,521,5883,0.0,False,0.0,0.0,0.0,287.000002861023,0.5822416238105516,56,building,0.2,0.5,weighted_crc,segformer_b2_loveda_urban,loveda_urban_val_half,287
1.0,1000,False,0.0,0.0,1.0,0.14516129032258066,848,2882,0.0,False,0.0,0.0,0.0,286.0000324249271,0.5830903595541119,56,water,0.05,0.1,weighted_crc,segformer_b2_loveda_urban,loveda_urban_val_half,286
1.0,1000,False,0.0,0.0,1.0,0.14516129032258066,848,2882,0.0,False,0.0,0.0,0.0,286.0000324249271,0.5830903595541119,56,water,0.1,0.1,weighted_crc,segformer_b2_loveda_urban,loveda_urban_val_half,286
1.0,1000,False,0.0,0.0,1.0,0.14516129032258066,848,2882,0.0,False,0.0,0.0,0.0,286.0000324249271,0.5830903595541119,56,water,0.2,0.1,weighted_crc,segformer_b2_loveda_urban,loveda_urban_val_half,286
1.0,1000,False,0.0,0.0,1.0,0.14516129032258066,848,2882,0.0,False,0.0,0.0,0.0,286.0000324249271,0.5830903595541119,56,water,0.05,0.5,weighted_crc,segformer_b2_loveda_urban,loveda_urban_val_half,286
1.0,1000,False,0.0,0.0,1.0,0.14516129032258066,848,2882,0.0,False,0.0,0.0,0.0,286.0000324249271,0.5830903595541119,56,water,0.1,0.5,weighted_crc,segformer_b2_loveda_urban,loveda_urban_val_half,286
1.0,1000,False,0.0,0.0,1.0,0.14516129032258066,848,2882,0.0,False,0.0,0.0,0.0,286.0000324249271,0.5830903595541119,56,water,0.2,0.5,weighted_crc,segformer_b2_loveda_urban,loveda_urban_val_half,286
1.0,1000,False,0.0,0.0,1.0,0.4747983870967742,521,5883,0.0,False,0.0,0.0,0.0,290.000066757205,0.5797101128779916,57,building,0.05,0.1,weighted_crc,segformer_b2_loveda_urban,loveda_urban_val_half,290
1.0,1000,False,0.0,0.0,1.0,0.4747983870967742,521,5883,0.0,False,0.0,0.0,0.0,290.000066757205,0.5797101128779916,57,building,0.1,0.1,weighted_crc,segformer_b2_loveda_urban,loveda_urban_val_half,290
1.0,1000,False,0.0,0.0,1.0,0.4747983870967742,521,5883,0.0,False,0.0,0.0,0.0,290.000066757205,0.5797101128779916,57,building,0.2,0.1,weighted_crc,segformer_b2_loveda_urban,loveda_urban_val_half,290
1.0,1000,False,0.0,0.0,1.0,0.4747983870967742,521,5883,0.0,False,0.0,0.0,0.0,290.000066757205,0.5797101128779916,57,building,0.05,0.5,weighted_crc,segformer_b2_loveda_urban,loveda_urban_val_half,290
1.0,1000,False,0.0,0.0,1.0,0.4747983870967742,521,5883,0.0,False,0.0,0.0,0.0,290.000066757205,0.5797101128779916,57,building,0.1,0.5,weighted_crc,segformer_b2_loveda_urban,loveda_urban_val_half,290
1.0,1000,False,0.0,0.0,1.0,0.4747983870967742,521,5883,0.0,False,0.0,0.0,0.0,290.000066757205,0.5797101128779916,57,building,0.2,0.5,weighted_crc,segformer_b2_loveda_urban,loveda_urban_val_half,290
1.0,1000,False,0.0,0.0,1.0,0.14516129032258066,848,2882,0.0,False,0.0,0.0,0.0,284.00001525878906,0.584795308591713,57,water,0.05,0.1,weighted_crc,segformer_b2_loveda_urban,loveda_urban_val_half,284
1.0,1000,False,0.0,0.0,1.0,0.14516129032258066,848,2882,0.0,False,0.0,0.0,0.0,284.00001525878906,0.584795308591713,57,water,0.1,0.1,weighted_crc,segformer_b2_loveda_urban,loveda_urban_val_half,284
1.0,1000,False,0.0,0.0,1.0,0.14516129032258066,848,2882,0.0,False,0.0,0.0,0.0,284.00001525878906,0.584795308591713,57,water,0.2,0.1,weighted_crc,segformer_b2_loveda_urban,loveda_urban_val_half,284
1.0,1000,False,0.0,0.0,1.0,0.14516129032258066,848,2882,0.0,False,0.0,0.0,0.0,284.00001525878906,0.584795308591713,57,water,0.05,0.5,weighted_crc,segformer_b2_loveda_urban,loveda_urban_val_half,284
1.0,1000,False,0.0,0.0,1.0,0.14516129032258066,848,2882,0.0,False,0.0,0.0,0.0,284.00001525878906,0.584795308591713,57,water,0.1,0.5,weighted_crc,segformer_b2_loveda_urban,loveda_urban_val_half,284
1.0,1000,False,0.0,0.0,1.0,0.14516129032258066,848,2882,0.0,False,0.0,0.0,0.0,284.00001525878906,0.584795308591713,57,water,0.2,0.5,weighted_crc,segformer_b2_loveda_urban,loveda_urban_val_half,284
1.0,1000,False,0.0,0.0,1.0,0.4747983870967742,521,5883,0.0,False,0.0,0.0,0.0,288.0000495910657,0.581395323048289,58,building,0.05,0.1,weighted_crc,segformer_b2_loveda_urban,loveda_urban_val_half,288
1.0,1000,False,0.0,0.0,1.0,0.4747983870967742,521,5883,0.0,False,0.0,0.0,0.0,288.0000495910657,0.581395323048289,58,building,0.1,0.1,weighted_crc,segformer_b2_loveda_urban,loveda_urban_val_half,288
1.0,1000,False,0.0,0.0,1.0,0.4747983870967742,521,5883,0.0,False,0.0,0.0,0.0,288.0000495910657,0.581395323048289,58,building,0.2,0.1,weighted_crc,segformer_b2_loveda_urban,loveda_urban_val_half,288
1.0,1000,False,0.0,0.0,1.0,0.4747983870967742,521,5883,0.0,False,0.0,0.0,0.0,288.0000495910657,0.581395323048289,58,building,0.05,0.5,weighted_crc,segformer_b2_loveda_urban,loveda_urban_val_half,288
1.0,1000,False,0.0,0.0,1.0,0.4747983870967742,521,5883,0.0,False,0.0,0.0,0.0,288.0000495910657,0.581395323048289,58,building,0.1,0.5,weighted_crc,segformer_b2_loveda_urban,loveda_urban_val_half,288
1.0,1000,False,0.0,0.0,1.0,0.4747983870967742,521,5883,0.0,False,0.0,0.0,0.0,288.0000495910657,0.581395323048289,58,building,0.2,0.5,weighted_crc,segformer_b2_loveda_urban,loveda_urban_val_half,288
1.0,1000,False,0.0,0.0,1.0,0.14516129032258066,848,2882,0.0,False,0.0,0.0,0.0,285.00006198883256,0.5839415733202873,58,water,0.05,0.1,weighted_crc,segformer_b2_loveda_urban,loveda_urban_val_half,285
1.0,1000,False,0.0,0.0,1.0,0.14516129032258066,848,2882,0.0,False,0.0,0.0,0.0,285.00006198883256,0.5839415733202873,58,water,0.1,0.1,weighted_crc,segformer_b2_loveda_urban,loveda_urban_val_half,285
1.0,1000,False,0.0,0.0,1.0,0.14516129032258066,848,2882,0.0,False,0.0,0.0,0.0,285.00006198883256,0.5839415733202873,58,water,0.2,0.1,weighted_crc,segformer_b2_loveda_urban,loveda_urban_val_half,285
1.0,1000,False,0.0,0.0,1.0,0.14516129032258066,848,2882,0.0,False,0.0,0.0,0.0,285.00006198883256,0.5839415733202873,58,water,0.05,0.5,weighted_crc,segformer_b2_loveda_urban,loveda_urban_val_half,285
1.0,1000,False,0.0,0.0,1.0,0.14516129032258066,848,2882,0.0,False,0.0,0.0,0.0,285.00006198883256,0.5839415733202873,58,water,0.1,0.5,weighted_crc,segformer_b2_loveda_urban,loveda_urban_val_half,285
1.0,1000,False,0.0,0.0,1.0,0.14516129032258066,848,2882,0.0,False,0.0,0.0,0.0,285.00006198883256,0.5839415733202873,58,water,0.2,0.5,weighted_crc,segformer_b2_loveda_urban,loveda_urban_val_half,285
1.0,1000,False,0.0,0.0,1.0,0.4747983870967742,521,5883,0.0,False,0.0,0.0,0.0,283.0000448226936,0.5856515111674001,59,building,0.05,0.1,weighted_crc,segformer_b2_loveda_urban,loveda_urban_val_half,283
1.0,1000,False,0.0,0.0,1.0,0.4747983870967742,521,5883,0.0,False,0.0,0.0,0.0,283.0000448226936,0.5856515111674001,59,building,0.1,0.1,weighted_crc,segformer_b2_loveda_urban,loveda_urban_val_half,283
1.0,1000,False,0.0,0.0,1.0,0.4747983870967742,521,5883,0.0,False,0.0,0.0,0.0,283.0000448226936,0.5856515111674001,59,building,0.2,0.1,weighted_crc,segformer_b2_loveda_urban,loveda_urban_val_half,283
1.0,1000,False,0.0,0.0,1.0,0.4747983870967742,521,5883,0.0,False,0.0,0.0,0.0,283.0000448226936,0.5856515111674001,59,building,0.05,0.5,weighted_crc,segformer_b2_loveda_urban,loveda_urban_val_half,283
1.0,1000,False,0.0,0.0,1.0,0.4747983870967742,521,5883,0.0,False,0.0,0.0,0.0,283.0000448226936,0.5856515111674001,59,building,0.1,0.5,weighted_crc,segformer_b2_loveda_urban,loveda_urban_val_half,283
1.0,1000,False,0.0,0.0,1.0,0.4747983870967742,521,5883,0.0,False,0.0,0.0,0.0,283.0000448226936,0.5856515111674001,59,building,0.2,0.5,weighted_crc,segformer_b2_loveda_urban,loveda_urban_val_half,283
1.0,1000,False,0.0,0.0,1.0,0.14516129032258066,848,2882,0.0,False,0.0,0.0,0.0,282.00003623962436,0.5865102409655233,59,water,0.05,0.1,weighted_crc,segformer_b2_loveda_urban,loveda_urban_val_half,282
1.0,1000,False,0.0,0.0,1.0,0.14516129032258066,848,2882,0.0,False,0.0,0.0,0.0,282.00003623962436,0.5865102409655233,59,water,0.1,0.1,weighted_crc,segformer_b2_loveda_urban,loveda_urban_val_half,282
1.0,1000,False,0.0,0.0,1.0,0.14516129032258066,848,2882,0.0,False,0.0,0.0,0.0,282.00003623962436,0.5865102409655233,59,water,0.2,0.1,weighted_crc,segformer_b2_loveda_urban,loveda_urban_val_half,282
1.0,1000,False,0.0,0.0,1.0,0.14516129032258066,848,2882,0.0,False,0.0,0.0,0.0,282.00003623962436,0.5865102409655233,59,water,0.05,0.5,weighted_crc,segformer_b2_loveda_urban,loveda_urban_val_half,282
1.0,1000,False,0.0,0.0,1.0,0.14516129032258066,848,2882,0.0,False,0.0,0.0,0.0,282.00003623962436,0.5865102409655233,59,water,0.1,0.5,weighted_crc,segformer_b2_loveda_urban,loveda_urban_val_half,282
1.0,1000,False,0.0,0.0,1.0,0.14516129032258066,848,2882,0.0,False,0.0,0.0,0.0,282.00003623962436,0.5865102409655233,59,water,0.2,0.5,weighted_crc,segformer_b2_loveda_urban,loveda_urban_val_half,282
1.0,1000,False,0.0,0.0,1.0,0.4747983870967742,521,5883,0.0,False,0.0,0.0,0.0,286.0000324249271,0.5830903595541119,60,building,0.05,0.1,weighted_crc,segformer_b2_loveda_urban,loveda_urban_val_half,286
1.0,1000,False,0.0,0.0,1.0,0.4747983870967742,521,5883,0.0,False,0.0,0.0,0.0,286.0000324249271,0.5830903595541119,60,building,0.1,0.1,weighted_crc,segformer_b2_loveda_urban,loveda_urban_val_half,286
1.0,1000,False,0.0,0.0,1.0,0.4747983870967742,521,5883,0.0,False,0.0,0.0,0.0,286.0000324249271,0.5830903595541119,60,building,0.2,0.1,weighted_crc,segformer_b2_loveda_urban,loveda_urban_val_half,286
1.0,1000,False,0.0,0.0,1.0,0.4747983870967742,521,5883,0.0,False,0.0,0.0,0.0,286.0000324249271,0.5830903595541119,60,building,0.05,0.5,weighted_crc,segformer_b2_loveda_urban,loveda_urban_val_half,286
1.0,1000,False,0.0,0.0,1.0,0.4747983870967742,521,5883,0.0,False,0.0,0.0,0.0,286.0000324249271,0.5830903595541119,60,building,0.1,0.5,weighted_crc,segformer_b2_loveda_urban,loveda_urban_val_half,286
1.0,1000,False,0.0,0.0,1.0,0.4747983870967742,521,5883,0.0,False,0.0,0.0,0.0,286.0000324249271,0.5830903595541119,60,building,0.2,0.5,weighted_crc,segformer_b2_loveda_urban,loveda_urban_val_half,286
1.0,1000,False,0.0,0.0,1.0,0.14516129032258066,848,2882,0.0,False,0.0,0.0,0.0,286.0000324249271,0.5830903595541119,60,water,0.05,0.1,weighted_crc,segformer_b2_loveda_urban,loveda_urban_val_half,286
1.0,1000,False,0.0,0.0,1.0,0.14516129032258066,848,2882,0.0,False,0.0,0.0,0.0,286.0000324249271,0.5830903595541119,60,water,0.1,0.1,weighted_crc,segformer_b2_loveda_urban,loveda_urban_val_half,286
1.0,1000,False,0.0,0.0,1.0,0.14516129032258066,848,2882,0.0,False,0.0,0.0,0.0,286.0000324249271,0.5830903595541119,60,water,0.2,0.1,weighted_crc,segformer_b2_loveda_urban,loveda_urban_val_half,286
1.0,1000,False,0.0,0.0,1.0,0.14516129032258066,848,2882,0.0,False,0.0,0.0,0.0,286.0000324249271,0.5830903595541119,60,water,0.05,0.5,weighted_crc,segformer_b2_loveda_urban,loveda_urban_val_half,286
1.0,1000,False,0.0,0.0,1.0,0.14516129032258066,848,2882,0.0,False,0.0,0.0,0.0,286.0000324249271,0.5830903595541119,60,water,0.1,0.5,weighted_crc,segformer_b2_loveda_urban,loveda_urban_val_half,286
1.0,1000,False,0.0,0.0,1.0,0.14516129032258066,848,2882,0.0,False,0.0,0.0,0.0,286.0000324249271,0.5830903595541119,60,water,0.2,0.5,weighted_crc,segformer_b2_loveda_urban,loveda_urban_val_half,286
1.0,1000,False,0.0,0.0,1.0,0.4747983870967742,521,5883,0.0,False,0.0,0.0,0.0,287.000002861023,0.5822416238105516,61,building,0.05,0.1,weighted_crc,segformer_b2_loveda_urban,loveda_urban_val_half,287
1.0,1000,False,0.0,0.0,1.0,0.4747983870967742,521,5883,0.0,False,0.0,0.0,0.0,287.000002861023,0.5822416238105516,61,building,0.1,0.1,weighted_crc,segformer_b2_loveda_urban,loveda_urban_val_half,287
1.0,1000,False,0.0,0.0,1.0,0.4747983870967742,521,5883,0.0,False,0.0,0.0,0.0,287.000002861023,0.5822416238105516,61,building,0.2,0.1,weighted_crc,segformer_b2_loveda_urban,loveda_urban_val_half,287
1.0,1000,False,0.0,0.0,1.0,0.4747983870967742,521,5883,0.0,False,0.0,0.0,0.0,287.000002861023,0.5822416238105516,61,building,0.05,0.5,weighted_crc,segformer_b2_loveda_urban,loveda_urban_val_half,287
1.0,1000,False,0.0,0.0,1.0,0.4747983870967742,521,5883,0.0,False,0.0,0.0,0.0,287.000002861023,0.5822416238105516,61,building,0.1,0.5,weighted_crc,segformer_b2_loveda_urban,loveda_urban_val_half,287
1.0,1000,False,0.0,0.0,1.0,0.4747983870967742,521,5883,0.0,False,0.0,0.0,0.0,287.000002861023,0.5822416238105516,61,building,0.2,0.5,weighted_crc,segformer_b2_loveda_urban,loveda_urban_val_half,287
1.0,1000,False,0.0,0.0,1.0,0.14516129032258066,848,2882,0.0,False,0.0,0.0,0.0,280.0000572204603,0.5882352611185376,61,water,0.05,0.1,weighted_crc,segformer_b2_loveda_urban,loveda_urban_val_half,280
1.0,1000,False,0.0,0.0,1.0,0.14516129032258066,848,2882,0.0,False,0.0,0.0,0.0,280.0000572204603,0.5882352611185376,61,water,0.1,0.1,weighted_crc,segformer_b2_loveda_urban,loveda_urban_val_half,280
1.0,1000,False,0.0,0.0,1.0,0.14516129032258066,848,2882,0.0,False,0.0,0.0,0.0,280.0000572204603,0.5882352611185376,61,water,0.2,0.1,weighted_crc,segformer_b2_loveda_urban,loveda_urban_val_half,280
1.0,1000,False,0.0,0.0,1.0,0.14516129032258066,848,2882,0.0,False,0.0,0.0,0.0,280.0000572204603,0.5882352611185376,61,water,0.05,0.5,weighted_crc,segformer_b2_loveda_urban,loveda_urban_val_half,280
1.0,1000,False,0.0,0.0,1.0,0.14516129032258066,848,2882,0.0,False,0.0,0.0,0.0,280.0000572204603,0.5882352611185376,61,water,0.1,0.5,weighted_crc,segformer_b2_loveda_urban,loveda_urban_val_half,280
1.0,1000,False,0.0,0.0,1.0,0.14516129032258066,848,2882,0.0,False,0.0,0.0,0.0,280.0000572204603,0.5882352611185376,61,water,0.2,0.5,weighted_crc,segformer_b2_loveda_urban,loveda_urban_val_half,280
1.0,1000,False,0.0,0.0,1.0,0.4747983870967742,521,5883,0.0,False,0.0,0.0,0.0,283.0000448226936,0.5856515111674001,62,building,0.05,0.1,weighted_crc,segformer_b2_loveda_urban,loveda_urban_val_half,283
1.0,1000,False,0.0,0.0,1.0,0.4747983870967742,521,5883,0.0,False,0.0,0.0,0.0,283.0000448226936,0.5856515111674001,62,building,0.1,0.1,weighted_crc,segformer_b2_loveda_urban,loveda_urban_val_half,283
1.0,1000,False,0.0,0.0,1.0,0.4747983870967742,521,5883,0.0,False,0.0,0.0,0.0,283.0000448226936,0.5856515111674001,62,building,0.2,0.1,weighted_crc,segformer_b2_loveda_urban,loveda_urban_val_half,283
1.0,1000,False,0.0,0.0,1.0,0.4747983870967742,521,5883,0.0,False,0.0,0.0,0.0,283.0000448226936,0.5856515111674001,62,building,0.05,0.5,weighted_crc,segformer_b2_loveda_urban,loveda_urban_val_half,283
1.0,1000,False,0.0,0.0,1.0,0.4747983870967742,521,5883,0.0,False,0.0,0.0,0.0,283.0000448226936,0.5856515111674001,62,building,0.1,0.5,weighted_crc,segformer_b2_loveda_urban,loveda_urban_val_half,283
1.0,1000,False,0.0,0.0,1.0,0.4747983870967742,521,5883,0.0,False,0.0,0.0,0.0,283.0000448226936,0.5856515111674001,62,building,0.2,0.5,weighted_crc,segformer_b2_loveda_urban,loveda_urban_val_half,283
1.0,1000,False,0.0,0.0,1.0,0.14516129032258066,848,2882,0.0,False,0.0,0.0,0.0,286.0000324249271,0.5830903595541119,62,water,0.05,0.1,weighted_crc,segformer_b2_loveda_urban,loveda_urban_val_half,286
1.0,1000,False,0.0,0.0,1.0,0.14516129032258066,848,2882,0.0,False,0.0,0.0,0.0,286.0000324249271,0.5830903595541119,62,water,0.1,0.1,weighted_crc,segformer_b2_loveda_urban,loveda_urban_val_half,286
1.0,1000,False,0.0,0.0,1.0,0.14516129032258066,848,2882,0.0,False,0.0,0.0,0.0,286.0000324249271,0.5830903595541119,62,water,0.2,0.1,weighted_crc,segformer_b2_loveda_urban,loveda_urban_val_half,286
1.0,1000,False,0.0,0.0,1.0,0.14516129032258066,848,2882,0.0,False,0.0,0.0,0.0,286.0000324249271,0.5830903595541119,62,water,0.05,0.5,weighted_crc,segformer_b2_loveda_urban,loveda_urban_val_half,286
1.0,1000,False,0.0,0.0,1.0,0.14516129032258066,848,2882,0.0,False,0.0,0.0,0.0,286.0000324249271,0.5830903595541119,62,water,0.1,0.5,weighted_crc,segformer_b2_loveda_urban,loveda_urban_val_half,286
1.0,1000,False,0.0,0.0,1.0,0.14516129032258066,848,2882,0.0,False,0.0,0.0,0.0,286.0000324249271,0.5830903595541119,62,water,0.2,0.5,weighted_crc,segformer_b2_loveda_urban,loveda_urban_val_half,286
1.0,1000,False,0.0,0.0,1.0,0.4747983870967742,521,5883,0.0,False,0.0,0.0,0.0,278.00004005432163,0.5899704749196607,63,building,0.05,0.1,weighted_crc,segformer_b2_loveda_urban,loveda_urban_val_half,278
1.0,1000,False,0.0,0.0,1.0,0.4747983870967742,521,5883,0.0,False,0.0,0.0,0.0,278.00004005432163,0.5899704749196607,63,building,0.1,0.1,weighted_crc,segformer_b2_loveda_urban,loveda_urban_val_half,278
1.0,1000,False,0.0,0.0,1.0,0.4747983870967742,521,5883,0.0,False,0.0,0.0,0.0,278.00004005432163,0.5899704749196607,63,building,0.2,0.1,weighted_crc,segformer_b2_loveda_urban,loveda_urban_val_half,278
1.0,1000,False,0.0,0.0,1.0,0.4747983870967742,521,5883,0.0,False,0.0,0.0,0.0,278.00004005432163,0.5899704749196607,63,building,0.05,0.5,weighted_crc,segformer_b2_loveda_urban,loveda_urban_val_half,278
1.0,1000,False,0.0,0.0,1.0,0.4747983870967742,521,5883,0.0,False,0.0,0.0,0.0,278.00004005432163,0.5899704749196607,63,building,0.1,0.5,weighted_crc,segformer_b2_loveda_urban,loveda_urban_val_half,278
1.0,1000,False,0.0,0.0,1.0,0.4747983870967742,521,5883,0.0,False,0.0,0.0,0.0,278.00004005432163,0.5899704749196607,63,building,0.2,0.5,weighted_crc,segformer_b2_loveda_urban,loveda_urban_val_half,278
1.0,1000,False,0.0,0.0,1.0,0.14516129032258066,848,2882,0.0,False,0.0,0.0,0.0,282.00003623962436,0.5865102409655233,63,water,0.05,0.1,weighted_crc,segformer_b2_loveda_urban,loveda_urban_val_half,282
1.0,1000,False,0.0,0.0,1.0,0.14516129032258066,848,2882,0.0,False,0.0,0.0,0.0,282.00003623962436,0.5865102409655233,63,water,0.1,0.1,weighted_crc,segformer_b2_loveda_urban,loveda_urban_val_half,282
1.0,1000,False,0.0,0.0,1.0,0.14516129032258066,848,2882,0.0,False,0.0,0.0,0.0,282.00003623962436,0.5865102409655233,63,water,0.2,0.1,weighted_crc,segformer_b2_loveda_urban,loveda_urban_val_half,282
1.0,1000,False,0.0,0.0,1.0,0.14516129032258066,848,2882,0.0,False,0.0,0.0,0.0,282.00003623962436,0.5865102409655233,63,water,0.05,0.5,weighted_crc,segformer_b2_loveda_urban,loveda_urban_val_half,282
1.0,1000,False,0.0,0.0,1.0,0.14516129032258066,848,2882,0.0,False,0.0,0.0,0.0,282.00003623962436,0.5865102409655233,63,water,0.1,0.5,weighted_crc,segformer_b2_loveda_urban,loveda_urban_val_half,282
1.0,1000,False,0.0,0.0,1.0,0.14516129032258066,848,2882,0.0,False,0.0,0.0,0.0,282.00003623962436,0.5865102409655233,63,water,0.2,0.5,weighted_crc,segformer_b2_loveda_urban,loveda_urban_val_half,282
1.0,1000,False,0.0,0.0,1.0,0.4747983870967742,521,5883,0.0,False,0.0,0.0,0.0,275.00005245208814,0.5925925591027968,64,building,0.05,0.1,weighted_crc,segformer_b2_loveda_urban,loveda_urban_val_half,275
1.0,1000,False,0.0,0.0,1.0,0.4747983870967742,521,5883,0.0,False,0.0,0.0,0.0,275.00005245208814,0.5925925591027968,64,building,0.1,0.1,weighted_crc,segformer_b2_loveda_urban,loveda_urban_val_half,275
1.0,1000,False,0.0,0.0,1.0,0.4747983870967742,521,5883,0.0,False,0.0,0.0,0.0,275.00005245208814,0.5925925591027968,64,building,0.2,0.1,weighted_crc,segformer_b2_loveda_urban,loveda_urban_val_half,275
1.0,1000,False,0.0,0.0,1.0,0.4747983870967742,521,5883,0.0,False,0.0,0.0,0.0,275.00005245208814,0.5925925591027968,64,building,0.05,0.5,weighted_crc,segformer_b2_loveda_urban,loveda_urban_val_half,275
1.0,1000,False,0.0,0.0,1.0,0.4747983870967742,521,5883,0.0,False,0.0,0.0,0.0,275.00005245208814,0.5925925591027968,64,building,0.1,0.5,weighted_crc,segformer_b2_loveda_urban,loveda_urban_val_half,275
1.0,1000,False,0.0,0.0,1.0,0.4747983870967742,521,5883,0.0,False,0.0,0.0,0.0,275.00005245208814,0.5925925591027968,64,building,0.2,0.5,weighted_crc,segformer_b2_loveda_urban,loveda_urban_val_half,275
1.0,1000,False,0.0,0.0,1.0,0.14516129032258066,848,2882,0.0,False,0.0,0.0,0.0,281.00002765655523,0.587371492740284,64,water,0.05,0.1,weighted_crc,segformer_b2_loveda_urban,loveda_urban_val_half,281
1.0,1000,False,0.0,0.0,1.0,0.14516129032258066,848,2882,0.0,False,0.0,0.0,0.0,281.00002765655523,0.587371492740284,64,water,0.1,0.1,weighted_crc,segformer_b2_loveda_urban,loveda_urban_val_half,281
1.0,1000,False,0.0,0.0,1.0,0.14516129032258066,848,2882,0.0,False,0.0,0.0,0.0,281.00002765655523,0.587371492740284,64,water,0.2,0.1,weighted_crc,segformer_b2_loveda_urban,loveda_urban_val_half,281
1.0,1000,False,0.0,0.0,1.0,0.14516129032258066,848,2882,0.0,False,0.0,0.0,0.0,281.00002765655523,0.587371492740284,64,water,0.05,0.5,weighted_crc,segformer_b2_loveda_urban,loveda_urban_val_half,281
1.0,1000,False,0.0,0.0,1.0,0.14516129032258066,848,2882,0.0,False,0.0,0.0,0.0,281.00002765655523,0.587371492740284,64,water,0.1,0.5,weighted_crc,segformer_b2_loveda_urban,loveda_urban_val_half,281
1.0,1000,False,0.0,0.0,1.0,0.14516129032258066,848,2882,0.0,False,0.0,0.0,0.0,281.00002765655523,0.587371492740284,64,water,0.2,0.5,weighted_crc,segformer_b2_loveda_urban,loveda_urban_val_half,281
1.0,1000,False,0.0,0.0,1.0,0.4747983870967742,521,5883,0.0,False,0.0,0.0,0.0,279.00001049041754,0.5891016067909026,65,building,0.05,0.1,weighted_crc,segformer_b2_loveda_urban,loveda_urban_val_half,279
1.0,1000,False,0.0,0.0,1.0,0.4747983870967742,521,5883,0.0,False,0.0,0.0,0.0,279.00001049041754,0.5891016067909026,65,building,0.1,0.1,weighted_crc,segformer_b2_loveda_urban,loveda_urban_val_half,279
1.0,1000,False,0.0,0.0,1.0,0.4747983870967742,521,5883,0.0,False,0.0,0.0,0.0,279.00001049041754,0.5891016067909026,65,building,0.2,0.1,weighted_crc,segformer_b2_loveda_urban,loveda_urban_val_half,279
1.0,1000,False,0.0,0.0,1.0,0.4747983870967742,521,5883,0.0,False,0.0,0.0,0.0,279.00001049041754,0.5891016067909026,65,building,0.05,0.5,weighted_crc,segformer_b2_loveda_urban,loveda_urban_val_half,279
1.0,1000,False,0.0,0.0,1.0,0.4747983870967742,521,5883,0.0,False,0.0,0.0,0.0,279.00001049041754,0.5891016067909026,65,building,0.1,0.5,weighted_crc,segformer_b2_loveda_urban,loveda_urban_val_half,279
1.0,1000,False,0.0,0.0,1.0,0.4747983870967742,521,5883,0.0,False,0.0,0.0,0.0,279.00001049041754,0.5891016067909026,65,building,0.2,0.5,weighted_crc,segformer_b2_loveda_urban,loveda_urban_val_half,279
1.0,1000,False,0.0,0.0,1.0,0.14516129032258066,848,2882,0.0,False,0.0,0.0,0.0,289.0000581741353,0.5805514950193704,65,water,0.05,0.1,weighted_crc,segformer_b2_loveda_urban,loveda_urban_val_half,289
1.0,1000,False,0.0,0.0,1.0,0.14516129032258066,848,2882,0.0,False,0.0,0.0,0.0,289.0000581741353,0.5805514950193704,65,water,0.1,0.1,weighted_crc,segformer_b2_loveda_urban,loveda_urban_val_half,289
1.0,1000,False,0.0,0.0,1.0,0.14516129032258066,848,2882,0.0,False,0.0,0.0,0.0,289.0000581741353,0.5805514950193704,65,water,0.2,0.1,weighted_crc,segformer_b2_loveda_urban,loveda_urban_val_half,289
1.0,1000,False,0.0,0.0,1.0,0.14516129032258066,848,2882,0.0,False,0.0,0.0,0.0,289.0000581741353,0.5805514950193704,65,water,0.05,0.5,weighted_crc,segformer_b2_loveda_urban,loveda_urban_val_half,289
1.0,1000,False,0.0,0.0,1.0,0.14516129032258066,848,2882,0.0,False,0.0,0.0,0.0,289.0000581741353,0.5805514950193704,65,water,0.1,0.5,weighted_crc,segformer_b2_loveda_urban,loveda_urban_val_half,289
1.0,1000,False,0.0,0.0,1.0,0.14516129032258066,848,2882,0.0,False,0.0,0.0,0.0,289.0000581741353,0.5805514950193704,65,water,0.2,0.5,weighted_crc,segformer_b2_loveda_urban,loveda_urban_val_half,289
1.0,1000,False,0.0,0.0,1.0,0.4747983870967742,521,5883,0.0,False,0.0,0.0,0.0,291.000037193299,0.5788711819836325,66,building,0.05,0.1,weighted_crc,segformer_b2_loveda_urban,loveda_urban_val_half,291
1.0,1000,False,0.0,0.0,1.0,0.4747983870967742,521,5883,0.0,False,0.0,0.0,0.0,291.000037193299,0.5788711819836325,66,building,0.1,0.1,weighted_crc,segformer_b2_loveda_urban,loveda_urban_val_half,291
1.0,1000,False,0.0,0.0,1.0,0.4747983870967742,521,5883,0.0,False,0.0,0.0,0.0,291.000037193299,0.5788711819836325,66,building,0.2,0.1,weighted_crc,segformer_b2_loveda_urban,loveda_urban_val_half,291
1.0,1000,False,0.0,0.0,1.0,0.4747983870967742,521,5883,0.0,False,0.0,0.0,0.0,291.000037193299,0.5788711819836325,66,building,0.05,0.5,weighted_crc,segformer_b2_loveda_urban,loveda_urban_val_half,291
1.0,1000,False,0.0,0.0,1.0,0.4747983870967742,521,5883,0.0,False,0.0,0.0,0.0,291.000037193299,0.5788711819836325,66,building,0.1,0.5,weighted_crc,segformer_b2_loveda_urban,loveda_urban_val_half,291
1.0,1000,False,0.0,0.0,1.0,0.4747983870967742,521,5883,0.0,False,0.0,0.0,0.0,291.000037193299,0.5788711819836325,66,building,0.2,0.5,weighted_crc,segformer_b2_loveda_urban,loveda_urban_val_half,291
1.0,1000,False,0.0,0.0,1.0,0.14516129032258066,848,2882,0.0,False,0.0,0.0,0.0,281.00002765655523,0.587371492740284,66,water,0.05,0.1,weighted_crc,segformer_b2_loveda_urban,loveda_urban_val_half,281
1.0,1000,False,0.0,0.0,1.0,0.14516129032258066,848,2882,0.0,False,0.0,0.0,0.0,281.00002765655523,0.587371492740284,66,water,0.1,0.1,weighted_crc,segformer_b2_loveda_urban,loveda_urban_val_half,281
1.0,1000,False,0.0,0.0,1.0,0.14516129032258066,848,2882,0.0,False,0.0,0.0,0.0,281.00002765655523,0.587371492740284,66,water,0.2,0.1,weighted_crc,segformer_b2_loveda_urban,loveda_urban_val_half,281
1.0,1000,False,0.0,0.0,1.0,0.14516129032258066,848,2882,0.0,False,0.0,0.0,0.0,281.00002765655523,0.587371492740284,66,water,0.05,0.5,weighted_crc,segformer_b2_loveda_urban,loveda_urban_val_half,281
1.0,1000,False,0.0,0.0,1.0,0.14516129032258066,848,2882,0.0,False,0.0,0.0,0.0,281.00002765655523,0.587371492740284,66,water,0.1,0.5,weighted_crc,segformer_b2_loveda_urban,loveda_urban_val_half,281
1.0,1000,False,0.0,0.0,1.0,0.14516129032258066,848,2882,0.0,False,0.0,0.0,0.0,281.00002765655523,0.587371492740284,66,water,0.2,0.5,weighted_crc,segformer_b2_loveda_urban,loveda_urban_val_half,281
1.0,1000,False,0.0,0.0,1.0,0.4747983870967742,521,5883,0.0,False,0.0,0.0,0.0,276.9999933242805,0.5908419431199907,67,building,0.05,0.1,weighted_crc,segformer_b2_loveda_urban,loveda_urban_val_half,277
1.0,1000,False,0.0,0.0,1.0,0.4747983870967742,521,5883,0.0,False,0.0,0.0,0.0,276.9999933242805,0.5908419431199907,67,building,0.1,0.1,weighted_crc,segformer_b2_loveda_urban,loveda_urban_val_half,277
1.0,1000,False,0.0,0.0,1.0,0.4747983870967742,521,5883,0.0,False,0.0,0.0,0.0,276.9999933242805,0.5908419431199907,67,building,0.2,0.1,weighted_crc,segformer_b2_loveda_urban,loveda_urban_val_half,277
1.0,1000,False,0.0,0.0,1.0,0.4747983870967742,521,5883,0.0,False,0.0,0.0,0.0,276.9999933242805,0.5908419431199907,67,building,0.05,0.5,weighted_crc,segformer_b2_loveda_urban,loveda_urban_val_half,277
1.0,1000,False,0.0,0.0,1.0,0.4747983870967742,521,5883,0.0,False,0.0,0.0,0.0,276.9999933242805,0.5908419431199907,67,building,0.1,0.5,weighted_crc,segformer_b2_loveda_urban,loveda_urban_val_half,277
1.0,1000,False,0.0,0.0,1.0,0.4747983870967742,521,5883,0.0,False,0.0,0.0,0.0,276.9999933242805,0.5908419431199907,67,building,0.2,0.5,weighted_crc,segformer_b2_loveda_urban,loveda_urban_val_half,277
1.0,1000,False,0.0,0.0,1.0,0.14516129032258066,848,2882,0.0,False,0.0,0.0,0.0,282.00003623962436,0.5865102409655233,67,water,0.05,0.1,weighted_crc,segformer_b2_loveda_urban,loveda_urban_val_half,282
1.0,1000,False,0.0,0.0,1.0,0.14516129032258066,848,2882,0.0,False,0.0,0.0,0.0,282.00003623962436,0.5865102409655233,67,water,0.1,0.1,weighted_crc,segformer_b2_loveda_urban,loveda_urban_val_half,282
1.0,1000,False,0.0,0.0,1.0,0.14516129032258066,848,2882,0.0,False,0.0,0.0,0.0,282.00003623962436,0.5865102409655233,67,water,0.2,0.1,weighted_crc,segformer_b2_loveda_urban,loveda_urban_val_half,282
1.0,1000,False,0.0,0.0,1.0,0.14516129032258066,848,2882,0.0,False,0.0,0.0,0.0,282.00003623962436,0.5865102409655233,67,water,0.05,0.5,weighted_crc,segformer_b2_loveda_urban,loveda_urban_val_half,282
1.0,1000,False,0.0,0.0,1.0,0.14516129032258066,848,2882,0.0,False,0.0,0.0,0.0,282.00003623962436,0.5865102409655233,67,water,0.1,0.5,weighted_crc,segformer_b2_loveda_urban,loveda_urban_val_half,282
1.0,1000,False,0.0,0.0,1.0,0.14516129032258066,848,2882,0.0,False,0.0,0.0,0.0,282.00003623962436,0.5865102409655233,67,water,0.2,0.5,weighted_crc,segformer_b2_loveda_urban,loveda_urban_val_half,282
1.0,1000,False,0.0,0.0,1.0,0.4747983870967742,521,5883,0.0,False,0.0,0.0,0.0,276.9999933242805,0.5908419431199907,68,building,0.05,0.1,weighted_crc,segformer_b2_loveda_urban,loveda_urban_val_half,277
1.0,1000,False,0.0,0.0,1.0,0.4747983870967742,521,5883,0.0,False,0.0,0.0,0.0,276.9999933242805,0.5908419431199907,68,building,0.1,0.1,weighted_crc,segformer_b2_loveda_urban,loveda_urban_val_half,277
1.0,1000,False,0.0,0.0,1.0,0.4747983870967742,521,5883,0.0,False,0.0,0.0,0.0,276.9999933242805,0.5908419431199907,68,building,0.2,0.1,weighted_crc,segformer_b2_loveda_urban,loveda_urban_val_half,277
1.0,1000,False,0.0,0.0,1.0,0.4747983870967742,521,5883,0.0,False,0.0,0.0,0.0,276.9999933242805,0.5908419431199907,68,building,0.05,0.5,weighted_crc,segformer_b2_loveda_urban,loveda_urban_val_half,277
1.0,1000,False,0.0,0.0,1.0,0.4747983870967742,521,5883,0.0,False,0.0,0.0,0.0,276.9999933242805,0.5908419431199907,68,building,0.1,0.5,weighted_crc,segformer_b2_loveda_urban,loveda_urban_val_half,277
1.0,1000,False,0.0,0.0,1.0,0.4747983870967742,521,5883,0.0,False,0.0,0.0,0.0,276.9999933242805,0.5908419431199907,68,building,0.2,0.5,weighted_crc,segformer_b2_loveda_urban,loveda_urban_val_half,277
1.0,1000,False,0.0,0.0,1.0,0.14516129032258066,848,2882,0.0,False,0.0,0.0,0.0,293.00005435943797,0.5772005517824489,68,water,0.05,0.1,weighted_crc,segformer_b2_loveda_urban,loveda_urban_val_half,293
1.0,1000,False,0.0,0.0,1.0,0.14516129032258066,848,2882,0.0,False,0.0,0.0,0.0,293.00005435943797,0.5772005517824489,68,water,0.1,0.1,weighted_crc,segformer_b2_loveda_urban,loveda_urban_val_half,293
1.0,1000,False,0.0,0.0,1.0,0.14516129032258066,848,2882,0.0,False,0.0,0.0,0.0,293.00005435943797,0.5772005517824489,68,water,0.2,0.1,weighted_crc,segformer_b2_loveda_urban,loveda_urban_val_half,293
1.0,1000,False,0.0,0.0,1.0,0.14516129032258066,848,2882,0.0,False,0.0,0.0,0.0,293.00005435943797,0.5772005517824489,68,water,0.05,0.5,weighted_crc,segformer_b2_loveda_urban,loveda_urban_val_half,293
1.0,1000,False,0.0,0.0,1.0,0.14516129032258066,848,2882,0.0,False,0.0,0.0,0.0,293.00005435943797,0.5772005517824489,68,water,0.1,0.5,weighted_crc,segformer_b2_loveda_urban,loveda_urban_val_half,293
1.0,1000,False,0.0,0.0,1.0,0.14516129032258066,848,2882,0.0,False,0.0,0.0,0.0,293.00005435943797,0.5772005517824489,68,water,0.2,0.5,weighted_crc,segformer_b2_loveda_urban,loveda_urban_val_half,293
1.0,1000,False,0.0,0.0,1.0,0.4747983870967742,521,5883,0.0,False,0.0,0.0,0.0,287.000002861023,0.5822416238105516,69,building,0.05,0.1,weighted_crc,segformer_b2_loveda_urban,loveda_urban_val_half,287
1.0,1000,False,0.0,0.0,1.0,0.4747983870967742,521,5883,0.0,False,0.0,0.0,0.0,287.000002861023,0.5822416238105516,69,building,0.1,0.1,weighted_crc,segformer_b2_loveda_urban,loveda_urban_val_half,287
1.0,1000,False,0.0,0.0,1.0,0.4747983870967742,521,5883,0.0,False,0.0,0.0,0.0,287.000002861023,0.5822416238105516,69,building,0.2,0.1,weighted_crc,segformer_b2_loveda_urban,loveda_urban_val_half,287
1.0,1000,False,0.0,0.0,1.0,0.4747983870967742,521,5883,0.0,False,0.0,0.0,0.0,287.000002861023,0.5822416238105516,69,building,0.05,0.5,weighted_crc,segformer_b2_loveda_urban,loveda_urban_val_half,287
1.0,1000,False,0.0,0.0,1.0,0.4747983870967742,521,5883,0.0,False,0.0,0.0,0.0,287.000002861023,0.5822416238105516,69,building,0.1,0.5,weighted_crc,segformer_b2_loveda_urban,loveda_urban_val_half,287
1.0,1000,False,0.0,0.0,1.0,0.4747983870967742,521,5883,0.0,False,0.0,0.0,0.0,287.000002861023,0.5822416238105516,69,building,0.2,0.5,weighted_crc,segformer_b2_loveda_urban,loveda_urban_val_half,287
1.0,1000,False,0.0,0.0,1.0,0.14516129032258066,848,2882,0.0,False,0.0,0.0,0.0,283.0000448226936,0.5856515111674001,69,water,0.05,0.1,weighted_crc,segformer_b2_loveda_urban,loveda_urban_val_half,283
1.0,1000,False,0.0,0.0,1.0,0.14516129032258066,848,2882,0.0,False,0.0,0.0,0.0,283.0000448226936,0.5856515111674001,69,water,0.1,0.1,weighted_crc,segformer_b2_loveda_urban,loveda_urban_val_half,283
1.0,1000,False,0.0,0.0,1.0,0.14516129032258066,848,2882,0.0,False,0.0,0.0,0.0,283.0000448226936,0.5856515111674001,69,water,0.2,0.1,weighted_crc,segformer_b2_loveda_urban,loveda_urban_val_half,283
1.0,1000,False,0.0,0.0,1.0,0.14516129032258066,848,2882,0.0,False,0.0,0.0,0.0,283.0000448226936,0.5856515111674001,69,water,0.05,0.5,weighted_crc,segformer_b2_loveda_urban,loveda_urban_val_half,283
1.0,1000,False,0.0,0.0,1.0,0.14516129032258066,848,2882,0.0,False,0.0,0.0,0.0,283.0000448226936,0.5856515111674001,69,water,0.1,0.5,weighted_crc,segformer_b2_loveda_urban,loveda_urban_val_half,283
1.0,1000,False,0.0,0.0,1.0,0.14516129032258066,848,2882,0.0,False,0.0,0.0,0.0,283.0000448226936,0.5856515111674001,69,water,0.2,0.5,weighted_crc,segformer_b2_loveda_urban,loveda_urban_val_half,283
1.0,1000,False,0.0,0.0,1.0,0.4747983870967742,521,5883,0.0,False,0.0,0.0,0.0,278.00004005432163,0.5899704749196607,70,building,0.05,0.1,weighted_crc,segformer_b2_loveda_urban,loveda_urban_val_half,278
1.0,1000,False,0.0,0.0,1.0,0.4747983870967742,521,5883,0.0,False,0.0,0.0,0.0,278.00004005432163,0.5899704749196607,70,building,0.1,0.1,weighted_crc,segformer_b2_loveda_urban,loveda_urban_val_half,278
1.0,1000,False,0.0,0.0,1.0,0.4747983870967742,521,5883,0.0,False,0.0,0.0,0.0,278.00004005432163,0.5899704749196607,70,building,0.2,0.1,weighted_crc,segformer_b2_loveda_urban,loveda_urban_val_half,278
1.0,1000,False,0.0,0.0,1.0,0.4747983870967742,521,5883,0.0,False,0.0,0.0,0.0,278.00004005432163,0.5899704749196607,70,building,0.05,0.5,weighted_crc,segformer_b2_loveda_urban,loveda_urban_val_half,278
1.0,1000,False,0.0,0.0,1.0,0.4747983870967742,521,5883,0.0,False,0.0,0.0,0.0,278.00004005432163,0.5899704749196607,70,building,0.1,0.5,weighted_crc,segformer_b2_loveda_urban,loveda_urban_val_half,278
1.0,1000,False,0.0,0.0,1.0,0.4747983870967742,521,5883,0.0,False,0.0,0.0,0.0,278.00004005432163,0.5899704749196607,70,building,0.2,0.5,weighted_crc,segformer_b2_loveda_urban,loveda_urban_val_half,278
1.0,1000,False,0.0,0.0,1.0,0.14516129032258066,848,2882,0.0,False,0.0,0.0,0.0,279.00001049041754,0.5891016067909026,70,water,0.05,0.1,weighted_crc,segformer_b2_loveda_urban,loveda_urban_val_half,279
1.0,1000,False,0.0,0.0,1.0,0.14516129032258066,848,2882,0.0,False,0.0,0.0,0.0,279.00001049041754,0.5891016067909026,70,water,0.1,0.1,weighted_crc,segformer_b2_loveda_urban,loveda_urban_val_half,279
1.0,1000,False,0.0,0.0,1.0,0.14516129032258066,848,2882,0.0,False,0.0,0.0,0.0,279.00001049041754,0.5891016067909026,70,water,0.2,0.1,weighted_crc,segformer_b2_loveda_urban,loveda_urban_val_half,279
1.0,1000,False,0.0,0.0,1.0,0.14516129032258066,848,2882,0.0,False,0.0,0.0,0.0,279.00001049041754,0.5891016067909026,70,water,0.05,0.5,weighted_crc,segformer_b2_loveda_urban,loveda_urban_val_half,279
1.0,1000,False,0.0,0.0,1.0,0.14516129032258066,848,2882,0.0,False,0.0,0.0,0.0,279.00001049041754,0.5891016067909026,70,water,0.1,0.5,weighted_crc,segformer_b2_loveda_urban,loveda_urban_val_half,279
1.0,1000,False,0.0,0.0,1.0,0.14516129032258066,848,2882,0.0,False,0.0,0.0,0.0,279.00001049041754,0.5891016067909026,70,water,0.2,0.5,weighted_crc,segformer_b2_loveda_urban,loveda_urban_val_half,279
1.0,1000,False,0.0,0.0,1.0,0.4747983870967742,521,5883,0.0,False,0.0,0.0,0.0,288.0000495910657,0.581395323048289,71,building,0.05,0.1,weighted_crc,segformer_b2_loveda_urban,loveda_urban_val_half,288
1.0,1000,False,0.0,0.0,1.0,0.4747983870967742,521,5883,0.0,False,0.0,0.0,0.0,288.0000495910657,0.581395323048289,71,building,0.1,0.1,weighted_crc,segformer_b2_loveda_urban,loveda_urban_val_half,288
1.0,1000,False,0.0,0.0,1.0,0.4747983870967742,521,5883,0.0,False,0.0,0.0,0.0,288.0000495910657,0.581395323048289,71,building,0.2,0.1,weighted_crc,segformer_b2_loveda_urban,loveda_urban_val_half,288
1.0,1000,False,0.0,0.0,1.0,0.4747983870967742,521,5883,0.0,False,0.0,0.0,0.0,288.0000495910657,0.581395323048289,71,building,0.05,0.5,weighted_crc,segformer_b2_loveda_urban,loveda_urban_val_half,288
1.0,1000,False,0.0,0.0,1.0,0.4747983870967742,521,5883,0.0,False,0.0,0.0,0.0,288.0000495910657,0.581395323048289,71,building,0.1,0.5,weighted_crc,segformer_b2_loveda_urban,loveda_urban_val_half,288
1.0,1000,False,0.0,0.0,1.0,0.4747983870967742,521,5883,0.0,False,0.0,0.0,0.0,288.0000495910657,0.581395323048289,71,building,0.2,0.5,weighted_crc,segformer_b2_loveda_urban,loveda_urban_val_half,288
1.0,1000,False,0.0,0.0,1.0,0.14516129032258066,848,2882,0.0,False,0.0,0.0,0.0,291.000037193299,0.5788711819836325,71,water,0.05,0.1,weighted_crc,segformer_b2_loveda_urban,loveda_urban_val_half,291
1.0,1000,False,0.0,0.0,1.0,0.14516129032258066,848,2882,0.0,False,0.0,0.0,0.0,291.000037193299,0.5788711819836325,71,water,0.1,0.1,weighted_crc,segformer_b2_loveda_urban,loveda_urban_val_half,291
1.0,1000,False,0.0,0.0,1.0,0.14516129032258066,848,2882,0.0,False,0.0,0.0,0.0,291.000037193299,0.5788711819836325,71,water,0.2,0.1,weighted_crc,segformer_b2_loveda_urban,loveda_urban_val_half,291
1.0,1000,False,0.0,0.0,1.0,0.14516129032258066,848,2882,0.0,False,0.0,0.0,0.0,291.000037193299,0.5788711819836325,71,water,0.05,0.5,weighted_crc,segformer_b2_loveda_urban,loveda_urban_val_half,291
1.0,1000,False,0.0,0.0,1.0,0.14516129032258066,848,2882,0.0,False,0.0,0.0,0.0,291.000037193299,0.5788711819836325,71,water,0.1,0.5,weighted_crc,segformer_b2_loveda_urban,loveda_urban_val_half,291
1.0,1000,False,0.0,0.0,1.0,0.14516129032258066,848,2882,0.0,False,0.0,0.0,0.0,291.000037193299,0.5788711819836325,71,water,0.2,0.5,weighted_crc,segformer_b2_loveda_urban,loveda_urban_val_half,291
1.0,1000,False,0.0,0.0,1.0,0.4747983870967742,521,5883,0.0,False,0.0,0.0,0.0,285.00006198883256,0.5839415733202873,72,building,0.05,0.1,weighted_crc,segformer_b2_loveda_urban,loveda_urban_val_half,285
1.0,1000,False,0.0,0.0,1.0,0.4747983870967742,521,5883,0.0,False,0.0,0.0,0.0,285.00006198883256,0.5839415733202873,72,building,0.1,0.1,weighted_crc,segformer_b2_loveda_urban,loveda_urban_val_half,285
1.0,1000,False,0.0,0.0,1.0,0.4747983870967742,521,5883,0.0,False,0.0,0.0,0.0,285.00006198883256,0.5839415733202873,72,building,0.2,0.1,weighted_crc,segformer_b2_loveda_urban,loveda_urban_val_half,285
1.0,1000,False,0.0,0.0,1.0,0.4747983870967742,521,5883,0.0,False,0.0,0.0,0.0,285.00006198883256,0.5839415733202873,72,building,0.05,0.5,weighted_crc,segformer_b2_loveda_urban,loveda_urban_val_half,285
1.0,1000,False,0.0,0.0,1.0,0.4747983870967742,521,5883,0.0,False,0.0,0.0,0.0,285.00006198883256,0.5839415733202873,72,building,0.1,0.5,weighted_crc,segformer_b2_loveda_urban,loveda_urban_val_half,285
1.0,1000,False,0.0,0.0,1.0,0.4747983870967742,521,5883,0.0,False,0.0,0.0,0.0,285.00006198883256,0.5839415733202873,72,building,0.2,0.5,weighted_crc,segformer_b2_loveda_urban,loveda_urban_val_half,285
1.0,1000,False,0.0,0.0,1.0,0.14516129032258066,848,2882,0.0,False,0.0,0.0,0.0,280.0000572204603,0.5882352611185376,72,water,0.05,0.1,weighted_crc,segformer_b2_loveda_urban,loveda_urban_val_half,280
1.0,1000,False,0.0,0.0,1.0,0.14516129032258066,848,2882,0.0,False,0.0,0.0,0.0,280.0000572204603,0.5882352611185376,72,water,0.1,0.1,weighted_crc,segformer_b2_loveda_urban,loveda_urban_val_half,280
1.0,1000,False,0.0,0.0,1.0,0.14516129032258066,848,2882,0.0,False,0.0,0.0,0.0,280.0000572204603,0.5882352611185376,72,water,0.2,0.1,weighted_crc,segformer_b2_loveda_urban,loveda_urban_val_half,280
1.0,1000,False,0.0,0.0,1.0,0.14516129032258066,848,2882,0.0,False,0.0,0.0,0.0,280.0000572204603,0.5882352611185376,72,water,0.05,0.5,weighted_crc,segformer_b2_loveda_urban,loveda_urban_val_half,280
1.0,1000,False,0.0,0.0,1.0,0.14516129032258066,848,2882,0.0,False,0.0,0.0,0.0,280.0000572204603,0.5882352611185376,72,water,0.1,0.5,weighted_crc,segformer_b2_loveda_urban,loveda_urban_val_half,280
1.0,1000,False,0.0,0.0,1.0,0.14516129032258066,848,2882,0.0,False,0.0,0.0,0.0,280.0000572204603,0.5882352611185376,72,water,0.2,0.5,weighted_crc,segformer_b2_loveda_urban,loveda_urban_val_half,280
1.0,1000,False,0.0,0.0,1.0,0.4747983870967742,521,5883,0.0,False,0.0,0.0,0.0,293.00005435943797,0.5772005517824489,73,building,0.05,0.1,weighted_crc,segformer_b2_loveda_urban,loveda_urban_val_half,293
1.0,1000,False,0.0,0.0,1.0,0.4747983870967742,521,5883,0.0,False,0.0,0.0,0.0,293.00005435943797,0.5772005517824489,73,building,0.1,0.1,weighted_crc,segformer_b2_loveda_urban,loveda_urban_val_half,293
1.0,1000,False,0.0,0.0,1.0,0.4747983870967742,521,5883,0.0,False,0.0,0.0,0.0,293.00005435943797,0.5772005517824489,73,building,0.2,0.1,weighted_crc,segformer_b2_loveda_urban,loveda_urban_val_half,293
1.0,1000,False,0.0,0.0,1.0,0.4747983870967742,521,5883,0.0,False,0.0,0.0,0.0,293.00005435943797,0.5772005517824489,73,building,0.05,0.5,weighted_crc,segformer_b2_loveda_urban,loveda_urban_val_half,293
1.0,1000,False,0.0,0.0,1.0,0.4747983870967742,521,5883,0.0,False,0.0,0.0,0.0,293.00005435943797,0.5772005517824489,73,building,0.1,0.5,weighted_crc,segformer_b2_loveda_urban,loveda_urban_val_half,293
1.0,1000,False,0.0,0.0,1.0,0.4747983870967742,521,5883,0.0,False,0.0,0.0,0.0,293.00005435943797,0.5772005517824489,73,building,0.2,0.5,weighted_crc,segformer_b2_loveda_urban,loveda_urban_val_half,293
1.0,1000,False,0.0,0.0,1.0,0.14516129032258066,848,2882,0.0,False,0.0,0.0,0.0,280.0000572204603,0.5882352611185376,73,water,0.05,0.1,weighted_crc,segformer_b2_loveda_urban,loveda_urban_val_half,280
1.0,1000,False,0.0,0.0,1.0,0.14516129032258066,848,2882,0.0,False,0.0,0.0,0.0,280.0000572204603,0.5882352611185376,73,water,0.1,0.1,weighted_crc,segformer_b2_loveda_urban,loveda_urban_val_half,280
1.0,1000,False,0.0,0.0,1.0,0.14516129032258066,848,2882,0.0,False,0.0,0.0,0.0,280.0000572204603,0.5882352611185376,73,water,0.2,0.1,weighted_crc,segformer_b2_loveda_urban,loveda_urban_val_half,280
1.0,1000,False,0.0,0.0,1.0,0.14516129032258066,848,2882,0.0,False,0.0,0.0,0.0,280.0000572204603,0.5882352611185376,73,water,0.05,0.5,weighted_crc,segformer_b2_loveda_urban,loveda_urban_val_half,280
1.0,1000,False,0.0,0.0,1.0,0.14516129032258066,848,2882,0.0,False,0.0,0.0,0.0,280.0000572204603,0.5882352611185376,73,water,0.1,0.5,weighted_crc,segformer_b2_loveda_urban,loveda_urban_val_half,280
1.0,1000,False,0.0,0.0,1.0,0.14516129032258066,848,2882,0.0,False,0.0,0.0,0.0,280.0000572204603,0.5882352611185376,73,water,0.2,0.5,weighted_crc,segformer_b2_loveda_urban,loveda_urban_val_half,280
1.0,1000,False,0.0,0.0,1.0,0.4747983870967742,521,5883,0.0,False,0.0,0.0,0.0,285.00006198883256,0.5839415733202873,74,building,0.05,0.1,weighted_crc,segformer_b2_loveda_urban,loveda_urban_val_half,285
1.0,1000,False,0.0,0.0,1.0,0.4747983870967742,521,5883,0.0,False,0.0,0.0,0.0,285.00006198883256,0.5839415733202873,74,building,0.1,0.1,weighted_crc,segformer_b2_loveda_urban,loveda_urban_val_half,285
1.0,1000,False,0.0,0.0,1.0,0.4747983870967742,521,5883,0.0,False,0.0,0.0,0.0,285.00006198883256,0.5839415733202873,74,building,0.2,0.1,weighted_crc,segformer_b2_loveda_urban,loveda_urban_val_half,285
1.0,1000,False,0.0,0.0,1.0,0.4747983870967742,521,5883,0.0,False,0.0,0.0,0.0,285.00006198883256,0.5839415733202873,74,building,0.05,0.5,weighted_crc,segformer_b2_loveda_urban,loveda_urban_val_half,285
1.0,1000,False,0.0,0.0,1.0,0.4747983870967742,521,5883,0.0,False,0.0,0.0,0.0,285.00006198883256,0.5839415733202873,74,building,0.1,0.5,weighted_crc,segformer_b2_loveda_urban,loveda_urban_val_half,285
1.0,1000,False,0.0,0.0,1.0,0.4747983870967742,521,5883,0.0,False,0.0,0.0,0.0,285.00006198883256,0.5839415733202873,74,building,0.2,0.5,weighted_crc,segformer_b2_loveda_urban,loveda_urban_val_half,285
1.0,1000,False,0.0,0.0,1.0,0.14516129032258066,848,2882,0.0,False,0.0,0.0,0.0,283.0000448226936,0.5856515111674001,74,water,0.05,0.1,weighted_crc,segformer_b2_loveda_urban,loveda_urban_val_half,283
1.0,1000,False,0.0,0.0,1.0,0.14516129032258066,848,2882,0.0,False,0.0,0.0,0.0,283.0000448226936,0.5856515111674001,74,water,0.1,0.1,weighted_crc,segformer_b2_loveda_urban,loveda_urban_val_half,283
1.0,1000,False,0.0,0.0,1.0,0.14516129032258066,848,2882,0.0,False,0.0,0.0,0.0,283.0000448226936,0.5856515111674001,74,water,0.2,0.1,weighted_crc,segformer_b2_loveda_urban,loveda_urban_val_half,283
1.0,1000,False,0.0,0.0,1.0,0.14516129032258066,848,2882,0.0,False,0.0,0.0,0.0,283.0000448226936,0.5856515111674001,74,water,0.05,0.5,weighted_crc,segformer_b2_loveda_urban,loveda_urban_val_half,283
1.0,1000,False,0.0,0.0,1.0,0.14516129032258066,848,2882,0.0,False,0.0,0.0,0.0,283.0000448226936,0.5856515111674001,74,water,0.1,0.5,weighted_crc,segformer_b2_loveda_urban,loveda_urban_val_half,283
1.0,1000,False,0.0,0.0,1.0,0.14516129032258066,848,2882,0.0,False,0.0,0.0,0.0,283.0000448226936,0.5856515111674001,74,water,0.2,0.5,weighted_crc,segformer_b2_loveda_urban,loveda_urban_val_half,283
1.0,1000,False,0.0,0.0,1.0,0.4747983870967742,521,5883,0.0,False,0.0,0.0,0.0,274.00000572204624,0.5934717966533221,75,building,0.05,0.1,weighted_crc,segformer_b2_loveda_urban,loveda_urban_val_half,274
1.0,1000,False,0.0,0.0,1.0,0.4747983870967742,521,5883,0.0,False,0.0,0.0,0.0,274.00000572204624,0.5934717966533221,75,building,0.1,0.1,weighted_crc,segformer_b2_loveda_urban,loveda_urban_val_half,274
1.0,1000,False,0.0,0.0,1.0,0.4747983870967742,521,5883,0.0,False,0.0,0.0,0.0,274.00000572204624,0.5934717966533221,75,building,0.2,0.1,weighted_crc,segformer_b2_loveda_urban,loveda_urban_val_half,274
1.0,1000,False,0.0,0.0,1.0,0.4747983870967742,521,5883,0.0,False,0.0,0.0,0.0,274.00000572204624,0.5934717966533221,75,building,0.05,0.5,weighted_crc,segformer_b2_loveda_urban,loveda_urban_val_half,274
1.0,1000,False,0.0,0.0,1.0,0.4747983870967742,521,5883,0.0,False,0.0,0.0,0.0,274.00000572204624,0.5934717966533221,75,building,0.1,0.5,weighted_crc,segformer_b2_loveda_urban,loveda_urban_val_half,274
1.0,1000,False,0.0,0.0,1.0,0.4747983870967742,521,5883,0.0,False,0.0,0.0,0.0,274.00000572204624,0.5934717966533221,75,building,0.2,0.5,weighted_crc,segformer_b2_loveda_urban,loveda_urban_val_half,274
1.0,1000,False,0.0,0.0,1.0,0.14516129032258066,848,2882,0.0,False,0.0,0.0,0.0,281.00002765655523,0.587371492740284,75,water,0.05,0.1,weighted_crc,segformer_b2_loveda_urban,loveda_urban_val_half,281
1.0,1000,False,0.0,0.0,1.0,0.14516129032258066,848,2882,0.0,False,0.0,0.0,0.0,281.00002765655523,0.587371492740284,75,water,0.1,0.1,weighted_crc,segformer_b2_loveda_urban,loveda_urban_val_half,281
1.0,1000,False,0.0,0.0,1.0,0.14516129032258066,848,2882,0.0,False,0.0,0.0,0.0,281.00002765655523,0.587371492740284,75,water,0.2,0.1,weighted_crc,segformer_b2_loveda_urban,loveda_urban_val_half,281
1.0,1000,False,0.0,0.0,1.0,0.14516129032258066,848,2882,0.0,False,0.0,0.0,0.0,281.00002765655523,0.587371492740284,75,water,0.05,0.5,weighted_crc,segformer_b2_loveda_urban,loveda_urban_val_half,281
1.0,1000,False,0.0,0.0,1.0,0.14516129032258066,848,2882,0.0,False,0.0,0.0,0.0,281.00002765655523,0.587371492740284,75,water,0.1,0.5,weighted_crc,segformer_b2_loveda_urban,loveda_urban_val_half,281
1.0,1000,False,0.0,0.0,1.0,0.14516129032258066,848,2882,0.0,False,0.0,0.0,0.0,281.00002765655523,0.587371492740284,75,water,0.2,0.5,weighted_crc,segformer_b2_loveda_urban,loveda_urban_val_half,281
1.0,1000,False,0.0,0.0,1.0,0.4747983870967742,521,5883,0.0,False,0.0,0.0,0.0,294.0000247955325,0.5763688634082264,76,building,0.05,0.1,weighted_crc,segformer_b2_loveda_urban,loveda_urban_val_half,294
1.0,1000,False,0.0,0.0,1.0,0.4747983870967742,521,5883,0.0,False,0.0,0.0,0.0,294.0000247955325,0.5763688634082264,76,building,0.1,0.1,weighted_crc,segformer_b2_loveda_urban,loveda_urban_val_half,294
1.0,1000,False,0.0,0.0,1.0,0.4747983870967742,521,5883,0.0,False,0.0,0.0,0.0,294.0000247955325,0.5763688634082264,76,building,0.2,0.1,weighted_crc,segformer_b2_loveda_urban,loveda_urban_val_half,294
1.0,1000,False,0.0,0.0,1.0,0.4747983870967742,521,5883,0.0,False,0.0,0.0,0.0,294.0000247955325,0.5763688634082264,76,building,0.05,0.5,weighted_crc,segformer_b2_loveda_urban,loveda_urban_val_half,294
1.0,1000,False,0.0,0.0,1.0,0.4747983870967742,521,5883,0.0,False,0.0,0.0,0.0,294.0000247955325,0.5763688634082264,76,building,0.1,0.5,weighted_crc,segformer_b2_loveda_urban,loveda_urban_val_half,294
1.0,1000,False,0.0,0.0,1.0,0.4747983870967742,521,5883,0.0,False,0.0,0.0,0.0,294.0000247955325,0.5763688634082264,76,building,0.2,0.5,weighted_crc,segformer_b2_loveda_urban,loveda_urban_val_half,294
1.0,1000,False,0.0,0.0,1.0,0.14516129032258066,848,2882,0.0,False,0.0,0.0,0.0,281.00002765655523,0.587371492740284,76,water,0.05,0.1,weighted_crc,segformer_b2_loveda_urban,loveda_urban_val_half,281
1.0,1000,False,0.0,0.0,1.0,0.14516129032258066,848,2882,0.0,False,0.0,0.0,0.0,281.00002765655523,0.587371492740284,76,water,0.1,0.1,weighted_crc,segformer_b2_loveda_urban,loveda_urban_val_half,281
1.0,1000,False,0.0,0.0,1.0,0.14516129032258066,848,2882,0.0,False,0.0,0.0,0.0,281.00002765655523,0.587371492740284,76,water,0.2,0.1,weighted_crc,segformer_b2_loveda_urban,loveda_urban_val_half,281
1.0,1000,False,0.0,0.0,1.0,0.14516129032258066,848,2882,0.0,False,0.0,0.0,0.0,281.00002765655523,0.587371492740284,76,water,0.05,0.5,weighted_crc,segformer_b2_loveda_urban,loveda_urban_val_half,281
1.0,1000,False,0.0,0.0,1.0,0.14516129032258066,848,2882,0.0,False,0.0,0.0,0.0,281.00002765655523,0.587371492740284,76,water,0.1,0.5,weighted_crc,segformer_b2_loveda_urban,loveda_urban_val_half,281
1.0,1000,False,0.0,0.0,1.0,0.14516129032258066,848,2882,0.0,False,0.0,0.0,0.0,281.00002765655523,0.587371492740284,76,water,0.2,0.5,weighted_crc,segformer_b2_loveda_urban,loveda_urban_val_half,281
1.0,1000,False,0.0,0.0,1.0,0.4747983870967742,521,5883,0.0,False,0.0,0.0,0.0,286.0000324249271,0.5830903595541119,77,building,0.05,0.1,weighted_crc,segformer_b2_loveda_urban,loveda_urban_val_half,286
1.0,1000,False,0.0,0.0,1.0,0.4747983870967742,521,5883,0.0,False,0.0,0.0,0.0,286.0000324249271,0.5830903595541119,77,building,0.1,0.1,weighted_crc,segformer_b2_loveda_urban,loveda_urban_val_half,286
1.0,1000,False,0.0,0.0,1.0,0.4747983870967742,521,5883,0.0,False,0.0,0.0,0.0,286.0000324249271,0.5830903595541119,77,building,0.2,0.1,weighted_crc,segformer_b2_loveda_urban,loveda_urban_val_half,286
1.0,1000,False,0.0,0.0,1.0,0.4747983870967742,521,5883,0.0,False,0.0,0.0,0.0,286.0000324249271,0.5830903595541119,77,building,0.05,0.5,weighted_crc,segformer_b2_loveda_urban,loveda_urban_val_half,286
1.0,1000,False,0.0,0.0,1.0,0.4747983870967742,521,5883,0.0,False,0.0,0.0,0.0,286.0000324249271,0.5830903595541119,77,building,0.1,0.5,weighted_crc,segformer_b2_loveda_urban,loveda_urban_val_half,286
1.0,1000,False,0.0,0.0,1.0,0.4747983870967742,521,5883,0.0,False,0.0,0.0,0.0,286.0000324249271,0.5830903595541119,77,building,0.2,0.5,weighted_crc,segformer_b2_loveda_urban,loveda_urban_val_half,286
1.0,1000,False,0.0,0.0,1.0,0.14516129032258066,848,2882,0.0,False,0.0,0.0,0.0,276.0000228881836,0.5917159562968884,77,water,0.05,0.1,weighted_crc,segformer_b2_loveda_urban,loveda_urban_val_half,276
1.0,1000,False,0.0,0.0,1.0,0.14516129032258066,848,2882,0.0,False,0.0,0.0,0.0,276.0000228881836,0.5917159562968884,77,water,0.1,0.1,weighted_crc,segformer_b2_loveda_urban,loveda_urban_val_half,276
1.0,1000,False,0.0,0.0,1.0,0.14516129032258066,848,2882,0.0,False,0.0,0.0,0.0,276.0000228881836,0.5917159562968884,77,water,0.2,0.1,weighted_crc,segformer_b2_loveda_urban,loveda_urban_val_half,276
1.0,1000,False,0.0,0.0,1.0,0.14516129032258066,848,2882,0.0,False,0.0,0.0,0.0,276.0000228881836,0.5917159562968884,77,water,0.05,0.5,weighted_crc,segformer_b2_loveda_urban,loveda_urban_val_half,276
1.0,1000,False,0.0,0.0,1.0,0.14516129032258066,848,2882,0.0,False,0.0,0.0,0.0,276.0000228881836,0.5917159562968884,77,water,0.1,0.5,weighted_crc,segformer_b2_loveda_urban,loveda_urban_val_half,276
1.0,1000,False,0.0,0.0,1.0,0.14516129032258066,848,2882,0.0,False,0.0,0.0,0.0,276.0000228881836,0.5917159562968884,77,water,0.2,0.5,weighted_crc,segformer_b2_loveda_urban,loveda_urban_val_half,276
1.0,1000,False,0.0,0.0,1.0,0.4747983870967742,521,5883,0.0,False,0.0,0.0,0.0,276.9999933242805,0.5908419431199907,78,building,0.05,0.1,weighted_crc,segformer_b2_loveda_urban,loveda_urban_val_half,277
1.0,1000,False,0.0,0.0,1.0,0.4747983870967742,521,5883,0.0,False,0.0,0.0,0.0,276.9999933242805,0.5908419431199907,78,building,0.1,0.1,weighted_crc,segformer_b2_loveda_urban,loveda_urban_val_half,277
1.0,1000,False,0.0,0.0,1.0,0.4747983870967742,521,5883,0.0,False,0.0,0.0,0.0,276.9999933242805,0.5908419431199907,78,building,0.2,0.1,weighted_crc,segformer_b2_loveda_urban,loveda_urban_val_half,277
1.0,1000,False,0.0,0.0,1.0,0.4747983870967742,521,5883,0.0,False,0.0,0.0,0.0,276.9999933242805,0.5908419431199907,78,building,0.05,0.5,weighted_crc,segformer_b2_loveda_urban,loveda_urban_val_half,277
1.0,1000,False,0.0,0.0,1.0,0.4747983870967742,521,5883,0.0,False,0.0,0.0,0.0,276.9999933242805,0.5908419431199907,78,building,0.1,0.5,weighted_crc,segformer_b2_loveda_urban,loveda_urban_val_half,277
1.0,1000,False,0.0,0.0,1.0,0.4747983870967742,521,5883,0.0,False,0.0,0.0,0.0,276.9999933242805,0.5908419431199907,78,building,0.2,0.5,weighted_crc,segformer_b2_loveda_urban,loveda_urban_val_half,277
1.0,1000,False,0.0,0.0,1.0,0.14516129032258066,848,2882,0.0,False,0.0,0.0,0.0,284.00001525878906,0.584795308591713,78,water,0.05,0.1,weighted_crc,segformer_b2_loveda_urban,loveda_urban_val_half,284
1.0,1000,False,0.0,0.0,1.0,0.14516129032258066,848,2882,0.0,False,0.0,0.0,0.0,284.00001525878906,0.584795308591713,78,water,0.1,0.1,weighted_crc,segformer_b2_loveda_urban,loveda_urban_val_half,284
1.0,1000,False,0.0,0.0,1.0,0.14516129032258066,848,2882,0.0,False,0.0,0.0,0.0,284.00001525878906,0.584795308591713,78,water,0.2,0.1,weighted_crc,segformer_b2_loveda_urban,loveda_urban_val_half,284
1.0,1000,False,0.0,0.0,1.0,0.14516129032258066,848,2882,0.0,False,0.0,0.0,0.0,284.00001525878906,0.584795308591713,78,water,0.05,0.5,weighted_crc,segformer_b2_loveda_urban,loveda_urban_val_half,284
1.0,1000,False,0.0,0.0,1.0,0.14516129032258066,848,2882,0.0,False,0.0,0.0,0.0,284.00001525878906,0.584795308591713,78,water,0.1,0.5,weighted_crc,segformer_b2_loveda_urban,loveda_urban_val_half,284
1.0,1000,False,0.0,0.0,1.0,0.14516129032258066,848,2882,0.0,False,0.0,0.0,0.0,284.00001525878906,0.584795308591713,78,water,0.2,0.5,weighted_crc,segformer_b2_loveda_urban,loveda_urban_val_half,284
1.0,1000,False,0.0,0.0,1.0,0.4747983870967742,521,5883,0.0,False,0.0,0.0,0.0,281.00002765655523,0.587371492740284,79,building,0.05,0.1,weighted_crc,segformer_b2_loveda_urban,loveda_urban_val_half,281
1.0,1000,False,0.0,0.0,1.0,0.4747983870967742,521,5883,0.0,False,0.0,0.0,0.0,281.00002765655523,0.587371492740284,79,building,0.1,0.1,weighted_crc,segformer_b2_loveda_urban,loveda_urban_val_half,281
1.0,1000,False,0.0,0.0,1.0,0.4747983870967742,521,5883,0.0,False,0.0,0.0,0.0,281.00002765655523,0.587371492740284,79,building,0.2,0.1,weighted_crc,segformer_b2_loveda_urban,loveda_urban_val_half,281
1.0,1000,False,0.0,0.0,1.0,0.4747983870967742,521,5883,0.0,False,0.0,0.0,0.0,281.00002765655523,0.587371492740284,79,building,0.05,0.5,weighted_crc,segformer_b2_loveda_urban,loveda_urban_val_half,281
1.0,1000,False,0.0,0.0,1.0,0.4747983870967742,521,5883,0.0,False,0.0,0.0,0.0,281.00002765655523,0.587371492740284,79,building,0.1,0.5,weighted_crc,segformer_b2_loveda_urban,loveda_urban_val_half,281
1.0,1000,False,0.0,0.0,1.0,0.4747983870967742,521,5883,0.0,False,0.0,0.0,0.0,281.00002765655523,0.587371492740284,79,building,0.2,0.5,weighted_crc,segformer_b2_loveda_urban,loveda_urban_val_half,281
1.0,1000,False,0.0,0.0,1.0,0.14516129032258066,848,2882,0.0,False,0.0,0.0,0.0,284.00001525878906,0.584795308591713,79,water,0.05,0.1,weighted_crc,segformer_b2_loveda_urban,loveda_urban_val_half,284
1.0,1000,False,0.0,0.0,1.0,0.14516129032258066,848,2882,0.0,False,0.0,0.0,0.0,284.00001525878906,0.584795308591713,79,water,0.1,0.1,weighted_crc,segformer_b2_loveda_urban,loveda_urban_val_half,284
1.0,1000,False,0.0,0.0,1.0,0.14516129032258066,848,2882,0.0,False,0.0,0.0,0.0,284.00001525878906,0.584795308591713,79,water,0.2,0.1,weighted_crc,segformer_b2_loveda_urban,loveda_urban_val_half,284
1.0,1000,False,0.0,0.0,1.0,0.14516129032258066,848,2882,0.0,False,0.0,0.0,0.0,284.00001525878906,0.584795308591713,79,water,0.05,0.5,weighted_crc,segformer_b2_loveda_urban,loveda_urban_val_half,284
1.0,1000,False,0.0,0.0,1.0,0.14516129032258066,848,2882,0.0,False,0.0,0.0,0.0,284.00001525878906,0.584795308591713,79,water,0.1,0.5,weighted_crc,segformer_b2_loveda_urban,loveda_urban_val_half,284
1.0,1000,False,0.0,0.0,1.0,0.14516129032258066,848,2882,0.0,False,0.0,0.0,0.0,284.00001525878906,0.584795308591713,79,water,0.2,0.5,weighted_crc,segformer_b2_loveda_urban,loveda_urban_val_half,284
1.0,1000,False,0.0,0.0,1.0,0.4747983870967742,521,5883,0.0,False,0.0,0.0,0.0,281.00002765655523,0.587371492740284,80,building,0.05,0.1,weighted_crc,segformer_b2_loveda_urban,loveda_urban_val_half,281
1.0,1000,False,0.0,0.0,1.0,0.4747983870967742,521,5883,0.0,False,0.0,0.0,0.0,281.00002765655523,0.587371492740284,80,building,0.1,0.1,weighted_crc,segformer_b2_loveda_urban,loveda_urban_val_half,281
1.0,1000,False,0.0,0.0,1.0,0.4747983870967742,521,5883,0.0,False,0.0,0.0,0.0,281.00002765655523,0.587371492740284,80,building,0.2,0.1,weighted_crc,segformer_b2_loveda_urban,loveda_urban_val_half,281
1.0,1000,False,0.0,0.0,1.0,0.4747983870967742,521,5883,0.0,False,0.0,0.0,0.0,281.00002765655523,0.587371492740284,80,building,0.05,0.5,weighted_crc,segformer_b2_loveda_urban,loveda_urban_val_half,281
1.0,1000,False,0.0,0.0,1.0,0.4747983870967742,521,5883,0.0,False,0.0,0.0,0.0,281.00002765655523,0.587371492740284,80,building,0.1,0.5,weighted_crc,segformer_b2_loveda_urban,loveda_urban_val_half,281
1.0,1000,False,0.0,0.0,1.0,0.4747983870967742,521,5883,0.0,False,0.0,0.0,0.0,281.00002765655523,0.587371492740284,80,building,0.2,0.5,weighted_crc,segformer_b2_loveda_urban,loveda_urban_val_half,281
1.0,1000,False,0.0,0.0,1.0,0.14516129032258066,848,2882,0.0,False,0.0,0.0,0.0,266.00001335144077,0.6006005799599755,80,water,0.05,0.1,weighted_crc,segformer_b2_loveda_urban,loveda_urban_val_half,266
1.0,1000,False,0.0,0.0,1.0,0.14516129032258066,848,2882,0.0,False,0.0,0.0,0.0,266.00001335144077,0.6006005799599755,80,water,0.1,0.1,weighted_crc,segformer_b2_loveda_urban,loveda_urban_val_half,266
1.0,1000,False,0.0,0.0,1.0,0.14516129032258066,848,2882,0.0,False,0.0,0.0,0.0,266.00001335144077,0.6006005799599755,80,water,0.2,0.1,weighted_crc,segformer_b2_loveda_urban,loveda_urban_val_half,266
1.0,1000,False,0.0,0.0,1.0,0.14516129032258066,848,2882,0.0,False,0.0,0.0,0.0,266.00001335144077,0.6006005799599755,80,water,0.05,0.5,weighted_crc,segformer_b2_loveda_urban,loveda_urban_val_half,266
1.0,1000,False,0.0,0.0,1.0,0.14516129032258066,848,2882,0.0,False,0.0,0.0,0.0,266.00001335144077,0.6006005799599755,80,water,0.1,0.5,weighted_crc,segformer_b2_loveda_urban,loveda_urban_val_half,266
1.0,1000,False,0.0,0.0,1.0,0.14516129032258066,848,2882,0.0,False,0.0,0.0,0.0,266.00001335144077,0.6006005799599755,80,water,0.2,0.5,weighted_crc,segformer_b2_loveda_urban,loveda_urban_val_half,266
1.0,1000,False,0.0,0.0,1.0,0.4747983870967742,521,5883,0.0,False,0.0,0.0,0.0,296.0000419616712,0.5747126247785517,81,building,0.05,0.1,weighted_crc,segformer_b2_loveda_urban,loveda_urban_val_half,296
1.0,1000,False,0.0,0.0,1.0,0.4747983870967742,521,5883,0.0,False,0.0,0.0,0.0,296.0000419616712,0.5747126247785517,81,building,0.1,0.1,weighted_crc,segformer_b2_loveda_urban,loveda_urban_val_half,296
1.0,1000,False,0.0,0.0,1.0,0.4747983870967742,521,5883,0.0,False,0.0,0.0,0.0,296.0000419616712,0.5747126247785517,81,building,0.2,0.1,weighted_crc,segformer_b2_loveda_urban,loveda_urban_val_half,296
1.0,1000,False,0.0,0.0,1.0,0.4747983870967742,521,5883,0.0,False,0.0,0.0,0.0,296.0000419616712,0.5747126247785517,81,building,0.05,0.5,weighted_crc,segformer_b2_loveda_urban,loveda_urban_val_half,296
1.0,1000,False,0.0,0.0,1.0,0.4747983870967742,521,5883,0.0,False,0.0,0.0,0.0,296.0000419616712,0.5747126247785517,81,building,0.1,0.5,weighted_crc,segformer_b2_loveda_urban,loveda_urban_val_half,296
1.0,1000,False,0.0,0.0,1.0,0.4747983870967742,521,5883,0.0,False,0.0,0.0,0.0,296.0000419616712,0.5747126247785517,81,building,0.2,0.5,weighted_crc,segformer_b2_loveda_urban,loveda_urban_val_half,296
1.0,1000,False,0.0,0.0,1.0,0.14516129032258066,848,2882,0.0,False,0.0,0.0,0.0,280.0000572204603,0.5882352611185376,81,water,0.05,0.1,weighted_crc,segformer_b2_loveda_urban,loveda_urban_val_half,280
1.0,1000,False,0.0,0.0,1.0,0.14516129032258066,848,2882,0.0,False,0.0,0.0,0.0,280.0000572204603,0.5882352611185376,81,water,0.1,0.1,weighted_crc,segformer_b2_loveda_urban,loveda_urban_val_half,280
1.0,1000,False,0.0,0.0,1.0,0.14516129032258066,848,2882,0.0,False,0.0,0.0,0.0,280.0000572204603,0.5882352611185376,81,water,0.2,0.1,weighted_crc,segformer_b2_loveda_urban,loveda_urban_val_half,280
1.0,1000,False,0.0,0.0,1.0,0.14516129032258066,848,2882,0.0,False,0.0,0.0,0.0,280.0000572204603,0.5882352611185376,81,water,0.05,0.5,weighted_crc,segformer_b2_loveda_urban,loveda_urban_val_half,280
1.0,1000,False,0.0,0.0,1.0,0.14516129032258066,848,2882,0.0,False,0.0,0.0,0.0,280.0000572204603,0.5882352611185376,81,water,0.1,0.5,weighted_crc,segformer_b2_loveda_urban,loveda_urban_val_half,280
1.0,1000,False,0.0,0.0,1.0,0.14516129032258066,848,2882,0.0,False,0.0,0.0,0.0,280.0000572204603,0.5882352611185376,81,water,0.2,0.5,weighted_crc,segformer_b2_loveda_urban,loveda_urban_val_half,280
1.0,1000,False,0.0,0.0,1.0,0.4747983870967742,521,5883,0.0,False,0.0,0.0,0.0,285.00006198883256,0.5839415733202873,82,building,0.05,0.1,weighted_crc,segformer_b2_loveda_urban,loveda_urban_val_half,285
1.0,1000,False,0.0,0.0,1.0,0.4747983870967742,521,5883,0.0,False,0.0,0.0,0.0,285.00006198883256,0.5839415733202873,82,building,0.1,0.1,weighted_crc,segformer_b2_loveda_urban,loveda_urban_val_half,285
1.0,1000,False,0.0,0.0,1.0,0.4747983870967742,521,5883,0.0,False,0.0,0.0,0.0,285.00006198883256,0.5839415733202873,82,building,0.2,0.1,weighted_crc,segformer_b2_loveda_urban,loveda_urban_val_half,285
1.0,1000,False,0.0,0.0,1.0,0.4747983870967742,521,5883,0.0,False,0.0,0.0,0.0,285.00006198883256,0.5839415733202873,82,building,0.05,0.5,weighted_crc,segformer_b2_loveda_urban,loveda_urban_val_half,285
1.0,1000,False,0.0,0.0,1.0,0.4747983870967742,521,5883,0.0,False,0.0,0.0,0.0,285.00006198883256,0.5839415733202873,82,building,0.1,0.5,weighted_crc,segformer_b2_loveda_urban,loveda_urban_val_half,285
1.0,1000,False,0.0,0.0,1.0,0.4747983870967742,521,5883,0.0,False,0.0,0.0,0.0,285.00006198883256,0.5839415733202873,82,building,0.2,0.5,weighted_crc,segformer_b2_loveda_urban,loveda_urban_val_half,285
1.0,1000,False,0.0,0.0,1.0,0.14516129032258066,848,2882,0.0,False,0.0,0.0,0.0,266.00001335144077,0.6006005799599755,82,water,0.05,0.1,weighted_crc,segformer_b2_loveda_urban,loveda_urban_val_half,266
1.0,1000,False,0.0,0.0,1.0,0.14516129032258066,848,2882,0.0,False,0.0,0.0,0.0,266.00001335144077,0.6006005799599755,82,water,0.1,0.1,weighted_crc,segformer_b2_loveda_urban,loveda_urban_val_half,266
1.0,1000,False,0.0,0.0,1.0,0.14516129032258066,848,2882,0.0,False,0.0,0.0,0.0,266.00001335144077,0.6006005799599755,82,water,0.2,0.1,weighted_crc,segformer_b2_loveda_urban,loveda_urban_val_half,266
1.0,1000,False,0.0,0.0,1.0,0.14516129032258066,848,2882,0.0,False,0.0,0.0,0.0,266.00001335144077,0.6006005799599755,82,water,0.05,0.5,weighted_crc,segformer_b2_loveda_urban,loveda_urban_val_half,266
1.0,1000,False,0.0,0.0,1.0,0.14516129032258066,848,2882,0.0,False,0.0,0.0,0.0,266.00001335144077,0.6006005799599755,82,water,0.1,0.5,weighted_crc,segformer_b2_loveda_urban,loveda_urban_val_half,266
1.0,1000,False,0.0,0.0,1.0,0.14516129032258066,848,2882,0.0,False,0.0,0.0,0.0,266.00001335144077,0.6006005799599755,82,water,0.2,0.5,weighted_crc,segformer_b2_loveda_urban,loveda_urban_val_half,266
1.0,1000,False,0.0,0.0,1.0,0.4747983870967742,521,5883,0.0,False,0.0,0.0,0.0,284.00001525878906,0.584795308591713,83,building,0.05,0.1,weighted_crc,segformer_b2_loveda_urban,loveda_urban_val_half,284
1.0,1000,False,0.0,0.0,1.0,0.4747983870967742,521,5883,0.0,False,0.0,0.0,0.0,284.00001525878906,0.584795308591713,83,building,0.1,0.1,weighted_crc,segformer_b2_loveda_urban,loveda_urban_val_half,284
1.0,1000,False,0.0,0.0,1.0,0.4747983870967742,521,5883,0.0,False,0.0,0.0,0.0,284.00001525878906,0.584795308591713,83,building,0.2,0.1,weighted_crc,segformer_b2_loveda_urban,loveda_urban_val_half,284
1.0,1000,False,0.0,0.0,1.0,0.4747983870967742,521,5883,0.0,False,0.0,0.0,0.0,284.00001525878906,0.584795308591713,83,building,0.05,0.5,weighted_crc,segformer_b2_loveda_urban,loveda_urban_val_half,284
1.0,1000,False,0.0,0.0,1.0,0.4747983870967742,521,5883,0.0,False,0.0,0.0,0.0,284.00001525878906,0.584795308591713,83,building,0.1,0.5,weighted_crc,segformer_b2_loveda_urban,loveda_urban_val_half,284
1.0,1000,False,0.0,0.0,1.0,0.4747983870967742,521,5883,0.0,False,0.0,0.0,0.0,284.00001525878906,0.584795308591713,83,building,0.2,0.5,weighted_crc,segformer_b2_loveda_urban,loveda_urban_val_half,284
1.0,1000,False,0.0,0.0,1.0,0.14516129032258066,848,2882,0.0,False,0.0,0.0,0.0,280.0000572204603,0.5882352611185376,83,water,0.05,0.1,weighted_crc,segformer_b2_loveda_urban,loveda_urban_val_half,280
1.0,1000,False,0.0,0.0,1.0,0.14516129032258066,848,2882,0.0,False,0.0,0.0,0.0,280.0000572204603,0.5882352611185376,83,water,0.1,0.1,weighted_crc,segformer_b2_loveda_urban,loveda_urban_val_half,280
1.0,1000,False,0.0,0.0,1.0,0.14516129032258066,848,2882,0.0,False,0.0,0.0,0.0,280.0000572204603,0.5882352611185376,83,water,0.2,0.1,weighted_crc,segformer_b2_loveda_urban,loveda_urban_val_half,280
1.0,1000,False,0.0,0.0,1.0,0.14516129032258066,848,2882,0.0,False,0.0,0.0,0.0,280.0000572204603,0.5882352611185376,83,water,0.05,0.5,weighted_crc,segformer_b2_loveda_urban,loveda_urban_val_half,280
1.0,1000,False,0.0,0.0,1.0,0.14516129032258066,848,2882,0.0,False,0.0,0.0,0.0,280.0000572204603,0.5882352611185376,83,water,0.1,0.5,weighted_crc,segformer_b2_loveda_urban,loveda_urban_val_half,280
1.0,1000,False,0.0,0.0,1.0,0.14516129032258066,848,2882,0.0,False,0.0,0.0,0.0,280.0000572204603,0.5882352611185376,83,water,0.2,0.5,weighted_crc,segformer_b2_loveda_urban,loveda_urban_val_half,280
1.0,1000,False,0.0,0.0,1.0,0.4747983870967742,521,5883,0.0,False,0.0,0.0,0.0,279.00001049041754,0.5891016067909026,84,building,0.05,0.1,weighted_crc,segformer_b2_loveda_urban,loveda_urban_val_half,279
1.0,1000,False,0.0,0.0,1.0,0.4747983870967742,521,5883,0.0,False,0.0,0.0,0.0,279.00001049041754,0.5891016067909026,84,building,0.1,0.1,weighted_crc,segformer_b2_loveda_urban,loveda_urban_val_half,279
1.0,1000,False,0.0,0.0,1.0,0.4747983870967742,521,5883,0.0,False,0.0,0.0,0.0,279.00001049041754,0.5891016067909026,84,building,0.2,0.1,weighted_crc,segformer_b2_loveda_urban,loveda_urban_val_half,279
1.0,1000,False,0.0,0.0,1.0,0.4747983870967742,521,5883,0.0,False,0.0,0.0,0.0,279.00001049041754,0.5891016067909026,84,building,0.05,0.5,weighted_crc,segformer_b2_loveda_urban,loveda_urban_val_half,279
1.0,1000,False,0.0,0.0,1.0,0.4747983870967742,521,5883,0.0,False,0.0,0.0,0.0,279.00001049041754,0.5891016067909026,84,building,0.1,0.5,weighted_crc,segformer_b2_loveda_urban,loveda_urban_val_half,279
1.0,1000,False,0.0,0.0,1.0,0.4747983870967742,521,5883,0.0,False,0.0,0.0,0.0,279.00001049041754,0.5891016067909026,84,building,0.2,0.5,weighted_crc,segformer_b2_loveda_urban,loveda_urban_val_half,279
1.0,1000,False,0.0,0.0,1.0,0.14516129032258066,848,2882,0.0,False,0.0,0.0,0.0,282.00003623962436,0.5865102409655233,84,water,0.05,0.1,weighted_crc,segformer_b2_loveda_urban,loveda_urban_val_half,282
1.0,1000,False,0.0,0.0,1.0,0.14516129032258066,848,2882,0.0,False,0.0,0.0,0.0,282.00003623962436,0.5865102409655233,84,water,0.1,0.1,weighted_crc,segformer_b2_loveda_urban,loveda_urban_val_half,282
1.0,1000,False,0.0,0.0,1.0,0.14516129032258066,848,2882,0.0,False,0.0,0.0,0.0,282.00003623962436,0.5865102409655233,84,water,0.2,0.1,weighted_crc,segformer_b2_loveda_urban,loveda_urban_val_half,282
1.0,1000,False,0.0,0.0,1.0,0.14516129032258066,848,2882,0.0,False,0.0,0.0,0.0,282.00003623962436,0.5865102409655233,84,water,0.05,0.5,weighted_crc,segformer_b2_loveda_urban,loveda_urban_val_half,282
1.0,1000,False,0.0,0.0,1.0,0.14516129032258066,848,2882,0.0,False,0.0,0.0,0.0,282.00003623962436,0.5865102409655233,84,water,0.1,0.5,weighted_crc,segformer_b2_loveda_urban,loveda_urban_val_half,282
1.0,1000,False,0.0,0.0,1.0,0.14516129032258066,848,2882,0.0,False,0.0,0.0,0.0,282.00003623962436,0.5865102409655233,84,water,0.2,0.5,weighted_crc,segformer_b2_loveda_urban,loveda_urban_val_half,282
1.0,1000,False,0.0,0.0,1.0,0.4747983870967742,521,5883,0.0,False,0.0,0.0,0.0,282.00003623962436,0.5865102409655233,85,building,0.05,0.1,weighted_crc,segformer_b2_loveda_urban,loveda_urban_val_half,282
1.0,1000,False,0.0,0.0,1.0,0.4747983870967742,521,5883,0.0,False,0.0,0.0,0.0,282.00003623962436,0.5865102409655233,85,building,0.1,0.1,weighted_crc,segformer_b2_loveda_urban,loveda_urban_val_half,282
1.0,1000,False,0.0,0.0,1.0,0.4747983870967742,521,5883,0.0,False,0.0,0.0,0.0,282.00003623962436,0.5865102409655233,85,building,0.2,0.1,weighted_crc,segformer_b2_loveda_urban,loveda_urban_val_half,282
1.0,1000,False,0.0,0.0,1.0,0.4747983870967742,521,5883,0.0,False,0.0,0.0,0.0,282.00003623962436,0.5865102409655233,85,building,0.05,0.5,weighted_crc,segformer_b2_loveda_urban,loveda_urban_val_half,282
1.0,1000,False,0.0,0.0,1.0,0.4747983870967742,521,5883,0.0,False,0.0,0.0,0.0,282.00003623962436,0.5865102409655233,85,building,0.1,0.5,weighted_crc,segformer_b2_loveda_urban,loveda_urban_val_half,282
1.0,1000,False,0.0,0.0,1.0,0.4747983870967742,521,5883,0.0,False,0.0,0.0,0.0,282.00003623962436,0.5865102409655233,85,building,0.2,0.5,weighted_crc,segformer_b2_loveda_urban,loveda_urban_val_half,282
1.0,1000,False,0.0,0.0,1.0,0.14516129032258066,848,2882,0.0,False,0.0,0.0,0.0,286.0000324249271,0.5830903595541119,85,water,0.05,0.1,weighted_crc,segformer_b2_loveda_urban,loveda_urban_val_half,286
1.0,1000,False,0.0,0.0,1.0,0.14516129032258066,848,2882,0.0,False,0.0,0.0,0.0,286.0000324249271,0.5830903595541119,85,water,0.1,0.1,weighted_crc,segformer_b2_loveda_urban,loveda_urban_val_half,286
1.0,1000,False,0.0,0.0,1.0,0.14516129032258066,848,2882,0.0,False,0.0,0.0,0.0,286.0000324249271,0.5830903595541119,85,water,0.2,0.1,weighted_crc,segformer_b2_loveda_urban,loveda_urban_val_half,286
1.0,1000,False,0.0,0.0,1.0,0.14516129032258066,848,2882,0.0,False,0.0,0.0,0.0,286.0000324249271,0.5830903595541119,85,water,0.05,0.5,weighted_crc,segformer_b2_loveda_urban,loveda_urban_val_half,286
1.0,1000,False,0.0,0.0,1.0,0.14516129032258066,848,2882,0.0,False,0.0,0.0,0.0,286.0000324249271,0.5830903595541119,85,water,0.1,0.5,weighted_crc,segformer_b2_loveda_urban,loveda_urban_val_half,286
1.0,1000,False,0.0,0.0,1.0,0.14516129032258066,848,2882,0.0,False,0.0,0.0,0.0,286.0000324249271,0.5830903595541119,85,water,0.2,0.5,weighted_crc,segformer_b2_loveda_urban,loveda_urban_val_half,286
1.0,1000,False,0.0,0.0,1.0,0.4747983870967742,521,5883,0.0,False,0.0,0.0,0.0,286.0000324249271,0.5830903595541119,86,building,0.05,0.1,weighted_crc,segformer_b2_loveda_urban,loveda_urban_val_half,286
1.0,1000,False,0.0,0.0,1.0,0.4747983870967742,521,5883,0.0,False,0.0,0.0,0.0,286.0000324249271,0.5830903595541119,86,building,0.1,0.1,weighted_crc,segformer_b2_loveda_urban,loveda_urban_val_half,286
1.0,1000,False,0.0,0.0,1.0,0.4747983870967742,521,5883,0.0,False,0.0,0.0,0.0,286.0000324249271,0.5830903595541119,86,building,0.2,0.1,weighted_crc,segformer_b2_loveda_urban,loveda_urban_val_half,286
1.0,1000,False,0.0,0.0,1.0,0.4747983870967742,521,5883,0.0,False,0.0,0.0,0.0,286.0000324249271,0.5830903595541119,86,building,0.05,0.5,weighted_crc,segformer_b2_loveda_urban,loveda_urban_val_half,286
1.0,1000,False,0.0,0.0,1.0,0.4747983870967742,521,5883,0.0,False,0.0,0.0,0.0,286.0000324249271,0.5830903595541119,86,building,0.1,0.5,weighted_crc,segformer_b2_loveda_urban,loveda_urban_val_half,286
1.0,1000,False,0.0,0.0,1.0,0.4747983870967742,521,5883,0.0,False,0.0,0.0,0.0,286.0000324249271,0.5830903595541119,86,building,0.2,0.5,weighted_crc,segformer_b2_loveda_urban,loveda_urban_val_half,286
1.0,1000,False,0.0,0.0,1.0,0.14516129032258066,848,2882,0.0,False,0.0,0.0,0.0,280.0000572204603,0.5882352611185376,86,water,0.05,0.1,weighted_crc,segformer_b2_loveda_urban,loveda_urban_val_half,280
1.0,1000,False,0.0,0.0,1.0,0.14516129032258066,848,2882,0.0,False,0.0,0.0,0.0,280.0000572204603,0.5882352611185376,86,water,0.1,0.1,weighted_crc,segformer_b2_loveda_urban,loveda_urban_val_half,280
1.0,1000,False,0.0,0.0,1.0,0.14516129032258066,848,2882,0.0,False,0.0,0.0,0.0,280.0000572204603,0.5882352611185376,86,water,0.2,0.1,weighted_crc,segformer_b2_loveda_urban,loveda_urban_val_half,280
1.0,1000,False,0.0,0.0,1.0,0.14516129032258066,848,2882,0.0,False,0.0,0.0,0.0,280.0000572204603,0.5882352611185376,86,water,0.05,0.5,weighted_crc,segformer_b2_loveda_urban,loveda_urban_val_half,280
1.0,1000,False,0.0,0.0,1.0,0.14516129032258066,848,2882,0.0,False,0.0,0.0,0.0,280.0000572204603,0.5882352611185376,86,water,0.1,0.5,weighted_crc,segformer_b2_loveda_urban,loveda_urban_val_half,280
1.0,1000,False,0.0,0.0,1.0,0.14516129032258066,848,2882,0.0,False,0.0,0.0,0.0,280.0000572204603,0.5882352611185376,86,water,0.2,0.5,weighted_crc,segformer_b2_loveda_urban,loveda_urban_val_half,280
1.0,1000,False,0.0,0.0,1.0,0.4747983870967742,521,5883,0.0,False,0.0,0.0,0.0,290.000066757205,0.5797101128779916,87,building,0.05,0.1,weighted_crc,segformer_b2_loveda_urban,loveda_urban_val_half,290
1.0,1000,False,0.0,0.0,1.0,0.4747983870967742,521,5883,0.0,False,0.0,0.0,0.0,290.000066757205,0.5797101128779916,87,building,0.1,0.1,weighted_crc,segformer_b2_loveda_urban,loveda_urban_val_half,290
1.0,1000,False,0.0,0.0,1.0,0.4747983870967742,521,5883,0.0,False,0.0,0.0,0.0,290.000066757205,0.5797101128779916,87,building,0.2,0.1,weighted_crc,segformer_b2_loveda_urban,loveda_urban_val_half,290
1.0,1000,False,0.0,0.0,1.0,0.4747983870967742,521,5883,0.0,False,0.0,0.0,0.0,290.000066757205,0.5797101128779916,87,building,0.05,0.5,weighted_crc,segformer_b2_loveda_urban,loveda_urban_val_half,290
1.0,1000,False,0.0,0.0,1.0,0.4747983870967742,521,5883,0.0,False,0.0,0.0,0.0,290.000066757205,0.5797101128779916,87,building,0.1,0.5,weighted_crc,segformer_b2_loveda_urban,loveda_urban_val_half,290
1.0,1000,False,0.0,0.0,1.0,0.4747983870967742,521,5883,0.0,False,0.0,0.0,0.0,290.000066757205,0.5797101128779916,87,building,0.2,0.5,weighted_crc,segformer_b2_loveda_urban,loveda_urban_val_half,290
1.0,1000,False,0.0,0.0,1.0,0.14516129032258066,848,2882,0.0,False,0.0,0.0,0.0,275.00005245208814,0.5925925591027968,87,water,0.05,0.1,weighted_crc,segformer_b2_loveda_urban,loveda_urban_val_half,275
1.0,1000,False,0.0,0.0,1.0,0.14516129032258066,848,2882,0.0,False,0.0,0.0,0.0,275.00005245208814,0.5925925591027968,87,water,0.1,0.1,weighted_crc,segformer_b2_loveda_urban,loveda_urban_val_half,275
1.0,1000,False,0.0,0.0,1.0,0.14516129032258066,848,2882,0.0,False,0.0,0.0,0.0,275.00005245208814,0.5925925591027968,87,water,0.2,0.1,weighted_crc,segformer_b2_loveda_urban,loveda_urban_val_half,275
1.0,1000,False,0.0,0.0,1.0,0.14516129032258066,848,2882,0.0,False,0.0,0.0,0.0,275.00005245208814,0.5925925591027968,87,water,0.05,0.5,weighted_crc,segformer_b2_loveda_urban,loveda_urban_val_half,275
1.0,1000,False,0.0,0.0,1.0,0.14516129032258066,848,2882,0.0,False,0.0,0.0,0.0,275.00005245208814,0.5925925591027968,87,water,0.1,0.5,weighted_crc,segformer_b2_loveda_urban,loveda_urban_val_half,275
1.0,1000,False,0.0,0.0,1.0,0.14516129032258066,848,2882,0.0,False,0.0,0.0,0.0,275.00005245208814,0.5925925591027968,87,water,0.2,0.5,weighted_crc,segformer_b2_loveda_urban,loveda_urban_val_half,275
1.0,1000,False,0.0,0.0,1.0,0.4747983870967742,521,5883,0.0,False,0.0,0.0,0.0,281.00002765655523,0.587371492740284,88,building,0.05,0.1,weighted_crc,segformer_b2_loveda_urban,loveda_urban_val_half,281
1.0,1000,False,0.0,0.0,1.0,0.4747983870967742,521,5883,0.0,False,0.0,0.0,0.0,281.00002765655523,0.587371492740284,88,building,0.1,0.1,weighted_crc,segformer_b2_loveda_urban,loveda_urban_val_half,281
1.0,1000,False,0.0,0.0,1.0,0.4747983870967742,521,5883,0.0,False,0.0,0.0,0.0,281.00002765655523,0.587371492740284,88,building,0.2,0.1,weighted_crc,segformer_b2_loveda_urban,loveda_urban_val_half,281
1.0,1000,False,0.0,0.0,1.0,0.4747983870967742,521,5883,0.0,False,0.0,0.0,0.0,281.00002765655523,0.587371492740284,88,building,0.05,0.5,weighted_crc,segformer_b2_loveda_urban,loveda_urban_val_half,281
1.0,1000,False,0.0,0.0,1.0,0.4747983870967742,521,5883,0.0,False,0.0,0.0,0.0,281.00002765655523,0.587371492740284,88,building,0.1,0.5,weighted_crc,segformer_b2_loveda_urban,loveda_urban_val_half,281
1.0,1000,False,0.0,0.0,1.0,0.4747983870967742,521,5883,0.0,False,0.0,0.0,0.0,281.00002765655523,0.587371492740284,88,building,0.2,0.5,weighted_crc,segformer_b2_loveda_urban,loveda_urban_val_half,281
1.0,1000,False,0.0,0.0,1.0,0.14516129032258066,848,2882,0.0,False,0.0,0.0,0.0,285.00006198883256,0.5839415733202873,88,water,0.05,0.1,weighted_crc,segformer_b2_loveda_urban,loveda_urban_val_half,285
1.0,1000,False,0.0,0.0,1.0,0.14516129032258066,848,2882,0.0,False,0.0,0.0,0.0,285.00006198883256,0.5839415733202873,88,water,0.1,0.1,weighted_crc,segformer_b2_loveda_urban,loveda_urban_val_half,285
1.0,1000,False,0.0,0.0,1.0,0.14516129032258066,848,2882,0.0,False,0.0,0.0,0.0,285.00006198883256,0.5839415733202873,88,water,0.2,0.1,weighted_crc,segformer_b2_loveda_urban,loveda_urban_val_half,285
1.0,1000,False,0.0,0.0,1.0,0.14516129032258066,848,2882,0.0,False,0.0,0.0,0.0,285.00006198883256,0.5839415733202873,88,water,0.05,0.5,weighted_crc,segformer_b2_loveda_urban,loveda_urban_val_half,285
1.0,1000,False,0.0,0.0,1.0,0.14516129032258066,848,2882,0.0,False,0.0,0.0,0.0,285.00006198883256,0.5839415733202873,88,water,0.1,0.5,weighted_crc,segformer_b2_loveda_urban,loveda_urban_val_half,285
1.0,1000,False,0.0,0.0,1.0,0.14516129032258066,848,2882,0.0,False,0.0,0.0,0.0,285.00006198883256,0.5839415733202873,88,water,0.2,0.5,weighted_crc,segformer_b2_loveda_urban,loveda_urban_val_half,285
1.0,1000,False,0.0,0.0,1.0,0.4747983870967742,521,5883,0.0,False,0.0,0.0,0.0,286.0000324249271,0.5830903595541119,89,building,0.05,0.1,weighted_crc,segformer_b2_loveda_urban,loveda_urban_val_half,286
1.0,1000,False,0.0,0.0,1.0,0.4747983870967742,521,5883,0.0,False,0.0,0.0,0.0,286.0000324249271,0.5830903595541119,89,building,0.1,0.1,weighted_crc,segformer_b2_loveda_urban,loveda_urban_val_half,286
1.0,1000,False,0.0,0.0,1.0,0.4747983870967742,521,5883,0.0,False,0.0,0.0,0.0,286.0000324249271,0.5830903595541119,89,building,0.2,0.1,weighted_crc,segformer_b2_loveda_urban,loveda_urban_val_half,286
1.0,1000,False,0.0,0.0,1.0,0.4747983870967742,521,5883,0.0,False,0.0,0.0,0.0,286.0000324249271,0.5830903595541119,89,building,0.05,0.5,weighted_crc,segformer_b2_loveda_urban,loveda_urban_val_half,286
1.0,1000,False,0.0,0.0,1.0,0.4747983870967742,521,5883,0.0,False,0.0,0.0,0.0,286.0000324249271,0.5830903595541119,89,building,0.1,0.5,weighted_crc,segformer_b2_loveda_urban,loveda_urban_val_half,286
1.0,1000,False,0.0,0.0,1.0,0.4747983870967742,521,5883,0.0,False,0.0,0.0,0.0,286.0000324249271,0.5830903595541119,89,building,0.2,0.5,weighted_crc,segformer_b2_loveda_urban,loveda_urban_val_half,286
1.0,1000,False,0.0,0.0,1.0,0.14516129032258066,848,2882,0.0,False,0.0,0.0,0.0,286.0000324249271,0.5830903595541119,89,water,0.05,0.1,weighted_crc,segformer_b2_loveda_urban,loveda_urban_val_half,286
1.0,1000,False,0.0,0.0,1.0,0.14516129032258066,848,2882,0.0,False,0.0,0.0,0.0,286.0000324249271,0.5830903595541119,89,water,0.1,0.1,weighted_crc,segformer_b2_loveda_urban,loveda_urban_val_half,286
1.0,1000,False,0.0,0.0,1.0,0.14516129032258066,848,2882,0.0,False,0.0,0.0,0.0,286.0000324249271,0.5830903595541119,89,water,0.2,0.1,weighted_crc,segformer_b2_loveda_urban,loveda_urban_val_half,286
1.0,1000,False,0.0,0.0,1.0,0.14516129032258066,848,2882,0.0,False,0.0,0.0,0.0,286.0000324249271,0.5830903595541119,89,water,0.05,0.5,weighted_crc,segformer_b2_loveda_urban,loveda_urban_val_half,286
1.0,1000,False,0.0,0.0,1.0,0.14516129032258066,848,2882,0.0,False,0.0,0.0,0.0,286.0000324249271,0.5830903595541119,89,water,0.1,0.5,weighted_crc,segformer_b2_loveda_urban,loveda_urban_val_half,286
1.0,1000,False,0.0,0.0,1.0,0.14516129032258066,848,2882,0.0,False,0.0,0.0,0.0,286.0000324249271,0.5830903595541119,89,water,0.2,0.5,weighted_crc,segformer_b2_loveda_urban,loveda_urban_val_half,286
1.0,1000,False,0.0,0.0,1.0,0.4747983870967742,521,5883,0.0,False,0.0,0.0,0.0,286.0000324249271,0.5830903595541119,90,building,0.05,0.1,weighted_crc,segformer_b2_loveda_urban,loveda_urban_val_half,286
1.0,1000,False,0.0,0.0,1.0,0.4747983870967742,521,5883,0.0,False,0.0,0.0,0.0,286.0000324249271,0.5830903595541119,90,building,0.1,0.1,weighted_crc,segformer_b2_loveda_urban,loveda_urban_val_half,286
1.0,1000,False,0.0,0.0,1.0,0.4747983870967742,521,5883,0.0,False,0.0,0.0,0.0,286.0000324249271,0.5830903595541119,90,building,0.2,0.1,weighted_crc,segformer_b2_loveda_urban,loveda_urban_val_half,286
1.0,1000,False,0.0,0.0,1.0,0.4747983870967742,521,5883,0.0,False,0.0,0.0,0.0,286.0000324249271,0.5830903595541119,90,building,0.05,0.5,weighted_crc,segformer_b2_loveda_urban,loveda_urban_val_half,286
1.0,1000,False,0.0,0.0,1.0,0.4747983870967742,521,5883,0.0,False,0.0,0.0,0.0,286.0000324249271,0.5830903595541119,90,building,0.1,0.5,weighted_crc,segformer_b2_loveda_urban,loveda_urban_val_half,286
1.0,1000,False,0.0,0.0,1.0,0.4747983870967742,521,5883,0.0,False,0.0,0.0,0.0,286.0000324249271,0.5830903595541119,90,building,0.2,0.5,weighted_crc,segformer_b2_loveda_urban,loveda_urban_val_half,286
1.0,1000,False,0.0,0.0,1.0,0.14516129032258066,848,2882,0.0,False,0.0,0.0,0.0,286.0000324249271,0.5830903595541119,90,water,0.05,0.1,weighted_crc,segformer_b2_loveda_urban,loveda_urban_val_half,286
1.0,1000,False,0.0,0.0,1.0,0.14516129032258066,848,2882,0.0,False,0.0,0.0,0.0,286.0000324249271,0.5830903595541119,90,water,0.1,0.1,weighted_crc,segformer_b2_loveda_urban,loveda_urban_val_half,286
1.0,1000,False,0.0,0.0,1.0,0.14516129032258066,848,2882,0.0,False,0.0,0.0,0.0,286.0000324249271,0.5830903595541119,90,water,0.2,0.1,weighted_crc,segformer_b2_loveda_urban,loveda_urban_val_half,286
1.0,1000,False,0.0,0.0,1.0,0.14516129032258066,848,2882,0.0,False,0.0,0.0,0.0,286.0000324249271,0.5830903595541119,90,water,0.05,0.5,weighted_crc,segformer_b2_loveda_urban,loveda_urban_val_half,286
1.0,1000,False,0.0,0.0,1.0,0.14516129032258066,848,2882,0.0,False,0.0,0.0,0.0,286.0000324249271,0.5830903595541119,90,water,0.1,0.5,weighted_crc,segformer_b2_loveda_urban,loveda_urban_val_half,286
1.0,1000,False,0.0,0.0,1.0,0.14516129032258066,848,2882,0.0,False,0.0,0.0,0.0,286.0000324249271,0.5830903595541119,90,water,0.2,0.5,weighted_crc,segformer_b2_loveda_urban,loveda_urban_val_half,286
1.0,1000,False,0.0,0.0,1.0,0.4747983870967742,521,5883,0.0,False,0.0,0.0,0.0,282.00003623962436,0.5865102409655233,91,building,0.05,0.1,weighted_crc,segformer_b2_loveda_urban,loveda_urban_val_half,282
1.0,1000,False,0.0,0.0,1.0,0.4747983870967742,521,5883,0.0,False,0.0,0.0,0.0,282.00003623962436,0.5865102409655233,91,building,0.1,0.1,weighted_crc,segformer_b2_loveda_urban,loveda_urban_val_half,282
1.0,1000,False,0.0,0.0,1.0,0.4747983870967742,521,5883,0.0,False,0.0,0.0,0.0,282.00003623962436,0.5865102409655233,91,building,0.2,0.1,weighted_crc,segformer_b2_loveda_urban,loveda_urban_val_half,282
1.0,1000,False,0.0,0.0,1.0,0.4747983870967742,521,5883,0.0,False,0.0,0.0,0.0,282.00003623962436,0.5865102409655233,91,building,0.05,0.5,weighted_crc,segformer_b2_loveda_urban,loveda_urban_val_half,282
1.0,1000,False,0.0,0.0,1.0,0.4747983870967742,521,5883,0.0,False,0.0,0.0,0.0,282.00003623962436,0.5865102409655233,91,building,0.1,0.5,weighted_crc,segformer_b2_loveda_urban,loveda_urban_val_half,282
1.0,1000,False,0.0,0.0,1.0,0.4747983870967742,521,5883,0.0,False,0.0,0.0,0.0,282.00003623962436,0.5865102409655233,91,building,0.2,0.5,weighted_crc,segformer_b2_loveda_urban,loveda_urban_val_half,282
1.0,1000,False,0.0,0.0,1.0,0.14516129032258066,848,2882,0.0,False,0.0,0.0,0.0,282.00003623962436,0.5865102409655233,91,water,0.05,0.1,weighted_crc,segformer_b2_loveda_urban,loveda_urban_val_half,282
1.0,1000,False,0.0,0.0,1.0,0.14516129032258066,848,2882,0.0,False,0.0,0.0,0.0,282.00003623962436,0.5865102409655233,91,water,0.1,0.1,weighted_crc,segformer_b2_loveda_urban,loveda_urban_val_half,282
1.0,1000,False,0.0,0.0,1.0,0.14516129032258066,848,2882,0.0,False,0.0,0.0,0.0,282.00003623962436,0.5865102409655233,91,water,0.2,0.1,weighted_crc,segformer_b2_loveda_urban,loveda_urban_val_half,282
1.0,1000,False,0.0,0.0,1.0,0.14516129032258066,848,2882,0.0,False,0.0,0.0,0.0,282.00003623962436,0.5865102409655233,91,water,0.05,0.5,weighted_crc,segformer_b2_loveda_urban,loveda_urban_val_half,282
1.0,1000,False,0.0,0.0,1.0,0.14516129032258066,848,2882,0.0,False,0.0,0.0,0.0,282.00003623962436,0.5865102409655233,91,water,0.1,0.5,weighted_crc,segformer_b2_loveda_urban,loveda_urban_val_half,282
1.0,1000,False,0.0,0.0,1.0,0.14516129032258066,848,2882,0.0,False,0.0,0.0,0.0,282.00003623962436,0.5865102409655233,91,water,0.2,0.5,weighted_crc,segformer_b2_loveda_urban,loveda_urban_val_half,282
1.0,1000,False,0.0,0.0,1.0,0.4747983870967742,521,5883,0.0,False,0.0,0.0,0.0,284.00001525878906,0.584795308591713,92,building,0.05,0.1,weighted_crc,segformer_b2_loveda_urban,loveda_urban_val_half,284
1.0,1000,False,0.0,0.0,1.0,0.4747983870967742,521,5883,0.0,False,0.0,0.0,0.0,284.00001525878906,0.584795308591713,92,building,0.1,0.1,weighted_crc,segformer_b2_loveda_urban,loveda_urban_val_half,284
1.0,1000,False,0.0,0.0,1.0,0.4747983870967742,521,5883,0.0,False,0.0,0.0,0.0,284.00001525878906,0.584795308591713,92,building,0.2,0.1,weighted_crc,segformer_b2_loveda_urban,loveda_urban_val_half,284
1.0,1000,False,0.0,0.0,1.0,0.4747983870967742,521,5883,0.0,False,0.0,0.0,0.0,284.00001525878906,0.584795308591713,92,building,0.05,0.5,weighted_crc,segformer_b2_loveda_urban,loveda_urban_val_half,284
1.0,1000,False,0.0,0.0,1.0,0.4747983870967742,521,5883,0.0,False,0.0,0.0,0.0,284.00001525878906,0.584795308591713,92,building,0.1,0.5,weighted_crc,segformer_b2_loveda_urban,loveda_urban_val_half,284
1.0,1000,False,0.0,0.0,1.0,0.4747983870967742,521,5883,0.0,False,0.0,0.0,0.0,284.00001525878906,0.584795308591713,92,building,0.2,0.5,weighted_crc,segformer_b2_loveda_urban,loveda_urban_val_half,284
1.0,1000,False,0.0,0.0,1.0,0.14516129032258066,848,2882,0.0,False,0.0,0.0,0.0,282.00003623962436,0.5865102409655233,92,water,0.05,0.1,weighted_crc,segformer_b2_loveda_urban,loveda_urban_val_half,282
1.0,1000,False,0.0,0.0,1.0,0.14516129032258066,848,2882,0.0,False,0.0,0.0,0.0,282.00003623962436,0.5865102409655233,92,water,0.1,0.1,weighted_crc,segformer_b2_loveda_urban,loveda_urban_val_half,282
1.0,1000,False,0.0,0.0,1.0,0.14516129032258066,848,2882,0.0,False,0.0,0.0,0.0,282.00003623962436,0.5865102409655233,92,water,0.2,0.1,weighted_crc,segformer_b2_loveda_urban,loveda_urban_val_half,282
1.0,1000,False,0.0,0.0,1.0,0.14516129032258066,848,2882,0.0,False,0.0,0.0,0.0,282.00003623962436,0.5865102409655233,92,water,0.05,0.5,weighted_crc,segformer_b2_loveda_urban,loveda_urban_val_half,282
1.0,1000,False,0.0,0.0,1.0,0.14516129032258066,848,2882,0.0,False,0.0,0.0,0.0,282.00003623962436,0.5865102409655233,92,water,0.1,0.5,weighted_crc,segformer_b2_loveda_urban,loveda_urban_val_half,282
1.0,1000,False,0.0,0.0,1.0,0.14516129032258066,848,2882,0.0,False,0.0,0.0,0.0,282.00003623962436,0.5865102409655233,92,water,0.2,0.5,weighted_crc,segformer_b2_loveda_urban,loveda_urban_val_half,282
1.0,1000,False,0.0,0.0,1.0,0.4747983870967742,521,5883,0.0,False,0.0,0.0,0.0,278.00004005432163,0.5899704749196607,93,building,0.05,0.1,weighted_crc,segformer_b2_loveda_urban,loveda_urban_val_half,278
1.0,1000,False,0.0,0.0,1.0,0.4747983870967742,521,5883,0.0,False,0.0,0.0,0.0,278.00004005432163,0.5899704749196607,93,building,0.1,0.1,weighted_crc,segformer_b2_loveda_urban,loveda_urban_val_half,278
1.0,1000,False,0.0,0.0,1.0,0.4747983870967742,521,5883,0.0,False,0.0,0.0,0.0,278.00004005432163,0.5899704749196607,93,building,0.2,0.1,weighted_crc,segformer_b2_loveda_urban,loveda_urban_val_half,278
1.0,1000,False,0.0,0.0,1.0,0.4747983870967742,521,5883,0.0,False,0.0,0.0,0.0,278.00004005432163,0.5899704749196607,93,building,0.05,0.5,weighted_crc,segformer_b2_loveda_urban,loveda_urban_val_half,278
1.0,1000,False,0.0,0.0,1.0,0.4747983870967742,521,5883,0.0,False,0.0,0.0,0.0,278.00004005432163,0.5899704749196607,93,building,0.1,0.5,weighted_crc,segformer_b2_loveda_urban,loveda_urban_val_half,278
1.0,1000,False,0.0,0.0,1.0,0.4747983870967742,521,5883,0.0,False,0.0,0.0,0.0,278.00004005432163,0.5899704749196607,93,building,0.2,0.5,weighted_crc,segformer_b2_loveda_urban,loveda_urban_val_half,278
1.0,1000,False,0.0,0.0,1.0,0.14516129032258066,848,2882,0.0,False,0.0,0.0,0.0,285.00006198883256,0.5839415733202873,93,water,0.05,0.1,weighted_crc,segformer_b2_loveda_urban,loveda_urban_val_half,285
1.0,1000,False,0.0,0.0,1.0,0.14516129032258066,848,2882,0.0,False,0.0,0.0,0.0,285.00006198883256,0.5839415733202873,93,water,0.1,0.1,weighted_crc,segformer_b2_loveda_urban,loveda_urban_val_half,285
1.0,1000,False,0.0,0.0,1.0,0.14516129032258066,848,2882,0.0,False,0.0,0.0,0.0,285.00006198883256,0.5839415733202873,93,water,0.2,0.1,weighted_crc,segformer_b2_loveda_urban,loveda_urban_val_half,285
1.0,1000,False,0.0,0.0,1.0,0.14516129032258066,848,2882,0.0,False,0.0,0.0,0.0,285.00006198883256,0.5839415733202873,93,water,0.05,0.5,weighted_crc,segformer_b2_loveda_urban,loveda_urban_val_half,285
1.0,1000,False,0.0,0.0,1.0,0.14516129032258066,848,2882,0.0,False,0.0,0.0,0.0,285.00006198883256,0.5839415733202873,93,water,0.1,0.5,weighted_crc,segformer_b2_loveda_urban,loveda_urban_val_half,285
1.0,1000,False,0.0,0.0,1.0,0.14516129032258066,848,2882,0.0,False,0.0,0.0,0.0,285.00006198883256,0.5839415733202873,93,water,0.2,0.5,weighted_crc,segformer_b2_loveda_urban,loveda_urban_val_half,285
1.0,1000,False,0.0,0.0,1.0,0.4747983870967742,521,5883,0.0,False,0.0,0.0,0.0,286.0000324249271,0.5830903595541119,94,building,0.05,0.1,weighted_crc,segformer_b2_loveda_urban,loveda_urban_val_half,286
1.0,1000,False,0.0,0.0,1.0,0.4747983870967742,521,5883,0.0,False,0.0,0.0,0.0,286.0000324249271,0.5830903595541119,94,building,0.1,0.1,weighted_crc,segformer_b2_loveda_urban,loveda_urban_val_half,286
1.0,1000,False,0.0,0.0,1.0,0.4747983870967742,521,5883,0.0,False,0.0,0.0,0.0,286.0000324249271,0.5830903595541119,94,building,0.2,0.1,weighted_crc,segformer_b2_loveda_urban,loveda_urban_val_half,286
1.0,1000,False,0.0,0.0,1.0,0.4747983870967742,521,5883,0.0,False,0.0,0.0,0.0,286.0000324249271,0.5830903595541119,94,building,0.05,0.5,weighted_crc,segformer_b2_loveda_urban,loveda_urban_val_half,286
1.0,1000,False,0.0,0.0,1.0,0.4747983870967742,521,5883,0.0,False,0.0,0.0,0.0,286.0000324249271,0.5830903595541119,94,building,0.1,0.5,weighted_crc,segformer_b2_loveda_urban,loveda_urban_val_half,286
1.0,1000,False,0.0,0.0,1.0,0.4747983870967742,521,5883,0.0,False,0.0,0.0,0.0,286.0000324249271,0.5830903595541119,94,building,0.2,0.5,weighted_crc,segformer_b2_loveda_urban,loveda_urban_val_half,286
1.0,1000,False,0.0,0.0,1.0,0.14516129032258066,848,2882,0.0,False,0.0,0.0,0.0,284.00001525878906,0.584795308591713,94,water,0.05,0.1,weighted_crc,segformer_b2_loveda_urban,loveda_urban_val_half,284
1.0,1000,False,0.0,0.0,1.0,0.14516129032258066,848,2882,0.0,False,0.0,0.0,0.0,284.00001525878906,0.584795308591713,94,water,0.1,0.1,weighted_crc,segformer_b2_loveda_urban,loveda_urban_val_half,284
1.0,1000,False,0.0,0.0,1.0,0.14516129032258066,848,2882,0.0,False,0.0,0.0,0.0,284.00001525878906,0.584795308591713,94,water,0.2,0.1,weighted_crc,segformer_b2_loveda_urban,loveda_urban_val_half,284
1.0,1000,False,0.0,0.0,1.0,0.14516129032258066,848,2882,0.0,False,0.0,0.0,0.0,284.00001525878906,0.584795308591713,94,water,0.05,0.5,weighted_crc,segformer_b2_loveda_urban,loveda_urban_val_half,284
1.0,1000,False,0.0,0.0,1.0,0.14516129032258066,848,2882,0.0,False,0.0,0.0,0.0,284.00001525878906,0.584795308591713,94,water,0.1,0.5,weighted_crc,segformer_b2_loveda_urban,loveda_urban_val_half,284
1.0,1000,False,0.0,0.0,1.0,0.14516129032258066,848,2882,0.0,False,0.0,0.0,0.0,284.00001525878906,0.584795308591713,94,water,0.2,0.5,weighted_crc,segformer_b2_loveda_urban,loveda_urban_val_half,284
1.0,1000,False,0.0,0.0,1.0,0.4747983870967742,521,5883,0.0,False,0.0,0.0,0.0,281.00002765655523,0.587371492740284,95,building,0.05,0.1,weighted_crc,segformer_b2_loveda_urban,loveda_urban_val_half,281
1.0,1000,False,0.0,0.0,1.0,0.4747983870967742,521,5883,0.0,False,0.0,0.0,0.0,281.00002765655523,0.587371492740284,95,building,0.1,0.1,weighted_crc,segformer_b2_loveda_urban,loveda_urban_val_half,281
1.0,1000,False,0.0,0.0,1.0,0.4747983870967742,521,5883,0.0,False,0.0,0.0,0.0,281.00002765655523,0.587371492740284,95,building,0.2,0.1,weighted_crc,segformer_b2_loveda_urban,loveda_urban_val_half,281
1.0,1000,False,0.0,0.0,1.0,0.4747983870967742,521,5883,0.0,False,0.0,0.0,0.0,281.00002765655523,0.587371492740284,95,building,0.05,0.5,weighted_crc,segformer_b2_loveda_urban,loveda_urban_val_half,281
1.0,1000,False,0.0,0.0,1.0,0.4747983870967742,521,5883,0.0,False,0.0,0.0,0.0,281.00002765655523,0.587371492740284,95,building,0.1,0.5,weighted_crc,segformer_b2_loveda_urban,loveda_urban_val_half,281
1.0,1000,False,0.0,0.0,1.0,0.4747983870967742,521,5883,0.0,False,0.0,0.0,0.0,281.00002765655523,0.587371492740284,95,building,0.2,0.5,weighted_crc,segformer_b2_loveda_urban,loveda_urban_val_half,281
1.0,1000,False,0.0,0.0,1.0,0.14516129032258066,848,2882,0.0,False,0.0,0.0,0.0,282.00003623962436,0.5865102409655233,95,water,0.05,0.1,weighted_crc,segformer_b2_loveda_urban,loveda_urban_val_half,282
1.0,1000,False,0.0,0.0,1.0,0.14516129032258066,848,2882,0.0,False,0.0,0.0,0.0,282.00003623962436,0.5865102409655233,95,water,0.1,0.1,weighted_crc,segformer_b2_loveda_urban,loveda_urban_val_half,282
1.0,1000,False,0.0,0.0,1.0,0.14516129032258066,848,2882,0.0,False,0.0,0.0,0.0,282.00003623962436,0.5865102409655233,95,water,0.2,0.1,weighted_crc,segformer_b2_loveda_urban,loveda_urban_val_half,282
1.0,1000,False,0.0,0.0,1.0,0.14516129032258066,848,2882,0.0,False,0.0,0.0,0.0,282.00003623962436,0.5865102409655233,95,water,0.05,0.5,weighted_crc,segformer_b2_loveda_urban,loveda_urban_val_half,282
1.0,1000,False,0.0,0.0,1.0,0.14516129032258066,848,2882,0.0,False,0.0,0.0,0.0,282.00003623962436,0.5865102409655233,95,water,0.1,0.5,weighted_crc,segformer_b2_loveda_urban,loveda_urban_val_half,282
1.0,1000,False,0.0,0.0,1.0,0.14516129032258066,848,2882,0.0,False,0.0,0.0,0.0,282.00003623962436,0.5865102409655233,95,water,0.2,0.5,weighted_crc,segformer_b2_loveda_urban,loveda_urban_val_half,282
1.0,1000,False,0.0,0.0,1.0,0.4747983870967742,521,5883,0.0,False,0.0,0.0,0.0,284.00001525878906,0.584795308591713,96,building,0.05,0.1,weighted_crc,segformer_b2_loveda_urban,loveda_urban_val_half,284
1.0,1000,False,0.0,0.0,1.0,0.4747983870967742,521,5883,0.0,False,0.0,0.0,0.0,284.00001525878906,0.584795308591713,96,building,0.1,0.1,weighted_crc,segformer_b2_loveda_urban,loveda_urban_val_half,284
1.0,1000,False,0.0,0.0,1.0,0.4747983870967742,521,5883,0.0,False,0.0,0.0,0.0,284.00001525878906,0.584795308591713,96,building,0.2,0.1,weighted_crc,segformer_b2_loveda_urban,loveda_urban_val_half,284
1.0,1000,False,0.0,0.0,1.0,0.4747983870967742,521,5883,0.0,False,0.0,0.0,0.0,284.00001525878906,0.584795308591713,96,building,0.05,0.5,weighted_crc,segformer_b2_loveda_urban,loveda_urban_val_half,284
1.0,1000,False,0.0,0.0,1.0,0.4747983870967742,521,5883,0.0,False,0.0,0.0,0.0,284.00001525878906,0.584795308591713,96,building,0.1,0.5,weighted_crc,segformer_b2_loveda_urban,loveda_urban_val_half,284
1.0,1000,False,0.0,0.0,1.0,0.4747983870967742,521,5883,0.0,False,0.0,0.0,0.0,284.00001525878906,0.584795308591713,96,building,0.2,0.5,weighted_crc,segformer_b2_loveda_urban,loveda_urban_val_half,284
1.0,1000,False,0.0,0.0,1.0,0.14516129032258066,848,2882,0.0,False,0.0,0.0,0.0,276.0000228881836,0.5917159562968884,96,water,0.05,0.1,weighted_crc,segformer_b2_loveda_urban,loveda_urban_val_half,276
1.0,1000,False,0.0,0.0,1.0,0.14516129032258066,848,2882,0.0,False,0.0,0.0,0.0,276.0000228881836,0.5917159562968884,96,water,0.1,0.1,weighted_crc,segformer_b2_loveda_urban,loveda_urban_val_half,276
1.0,1000,False,0.0,0.0,1.0,0.14516129032258066,848,2882,0.0,False,0.0,0.0,0.0,276.0000228881836,0.5917159562968884,96,water,0.2,0.1,weighted_crc,segformer_b2_loveda_urban,loveda_urban_val_half,276
1.0,1000,False,0.0,0.0,1.0,0.14516129032258066,848,2882,0.0,False,0.0,0.0,0.0,276.0000228881836,0.5917159562968884,96,water,0.05,0.5,weighted_crc,segformer_b2_loveda_urban,loveda_urban_val_half,276
1.0,1000,False,0.0,0.0,1.0,0.14516129032258066,848,2882,0.0,False,0.0,0.0,0.0,276.0000228881836,0.5917159562968884,96,water,0.1,0.5,weighted_crc,segformer_b2_loveda_urban,loveda_urban_val_half,276
1.0,1000,False,0.0,0.0,1.0,0.14516129032258066,848,2882,0.0,False,0.0,0.0,0.0,276.0000228881836,0.5917159562968884,96,water,0.2,0.5,weighted_crc,segformer_b2_loveda_urban,loveda_urban_val_half,276
1.0,1000,False,0.0,0.0,1.0,0.4747983870967742,521,5883,0.0,False,0.0,0.0,0.0,290.000066757205,0.5797101128779916,97,building,0.05,0.1,weighted_crc,segformer_b2_loveda_urban,loveda_urban_val_half,290
1.0,1000,False,0.0,0.0,1.0,0.4747983870967742,521,5883,0.0,False,0.0,0.0,0.0,290.000066757205,0.5797101128779916,97,building,0.1,0.1,weighted_crc,segformer_b2_loveda_urban,loveda_urban_val_half,290
1.0,1000,False,0.0,0.0,1.0,0.4747983870967742,521,5883,0.0,False,0.0,0.0,0.0,290.000066757205,0.5797101128779916,97,building,0.2,0.1,weighted_crc,segformer_b2_loveda_urban,loveda_urban_val_half,290
1.0,1000,False,0.0,0.0,1.0,0.4747983870967742,521,5883,0.0,False,0.0,0.0,0.0,290.000066757205,0.5797101128779916,97,building,0.05,0.5,weighted_crc,segformer_b2_loveda_urban,loveda_urban_val_half,290
1.0,1000,False,0.0,0.0,1.0,0.4747983870967742,521,5883,0.0,False,0.0,0.0,0.0,290.000066757205,0.5797101128779916,97,building,0.1,0.5,weighted_crc,segformer_b2_loveda_urban,loveda_urban_val_half,290
1.0,1000,False,0.0,0.0,1.0,0.4747983870967742,521,5883,0.0,False,0.0,0.0,0.0,290.000066757205,0.5797101128779916,97,building,0.2,0.5,weighted_crc,segformer_b2_loveda_urban,loveda_urban_val_half,290
1.0,1000,False,0.0,0.0,1.0,0.14516129032258066,848,2882,0.0,False,0.0,0.0,0.0,284.00001525878906,0.584795308591713,97,water,0.05,0.1,weighted_crc,segformer_b2_loveda_urban,loveda_urban_val_half,284
1.0,1000,False,0.0,0.0,1.0,0.14516129032258066,848,2882,0.0,False,0.0,0.0,0.0,284.00001525878906,0.584795308591713,97,water,0.1,0.1,weighted_crc,segformer_b2_loveda_urban,loveda_urban_val_half,284
1.0,1000,False,0.0,0.0,1.0,0.14516129032258066,848,2882,0.0,False,0.0,0.0,0.0,284.00001525878906,0.584795308591713,97,water,0.2,0.1,weighted_crc,segformer_b2_loveda_urban,loveda_urban_val_half,284
1.0,1000,False,0.0,0.0,1.0,0.14516129032258066,848,2882,0.0,False,0.0,0.0,0.0,284.00001525878906,0.584795308591713,97,water,0.05,0.5,weighted_crc,segformer_b2_loveda_urban,loveda_urban_val_half,284
1.0,1000,False,0.0,0.0,1.0,0.14516129032258066,848,2882,0.0,False,0.0,0.0,0.0,284.00001525878906,0.584795308591713,97,water,0.1,0.5,weighted_crc,segformer_b2_loveda_urban,loveda_urban_val_half,284
1.0,1000,False,0.0,0.0,1.0,0.14516129032258066,848,2882,0.0,False,0.0,0.0,0.0,284.00001525878906,0.584795308591713,97,water,0.2,0.5,weighted_crc,segformer_b2_loveda_urban,loveda_urban_val_half,284
1.0,1000,False,0.0,0.0,1.0,0.4747983870967742,521,5883,0.0,False,0.0,0.0,0.0,287.000002861023,0.5822416238105516,98,building,0.05,0.1,weighted_crc,segformer_b2_loveda_urban,loveda_urban_val_half,287
1.0,1000,False,0.0,0.0,1.0,0.4747983870967742,521,5883,0.0,False,0.0,0.0,0.0,287.000002861023,0.5822416238105516,98,building,0.1,0.1,weighted_crc,segformer_b2_loveda_urban,loveda_urban_val_half,287
1.0,1000,False,0.0,0.0,1.0,0.4747983870967742,521,5883,0.0,False,0.0,0.0,0.0,287.000002861023,0.5822416238105516,98,building,0.2,0.1,weighted_crc,segformer_b2_loveda_urban,loveda_urban_val_half,287
1.0,1000,False,0.0,0.0,1.0,0.4747983870967742,521,5883,0.0,False,0.0,0.0,0.0,287.000002861023,0.5822416238105516,98,building,0.05,0.5,weighted_crc,segformer_b2_loveda_urban,loveda_urban_val_half,287
1.0,1000,False,0.0,0.0,1.0,0.4747983870967742,521,5883,0.0,False,0.0,0.0,0.0,287.000002861023,0.5822416238105516,98,building,0.1,0.5,weighted_crc,segformer_b2_loveda_urban,loveda_urban_val_half,287
1.0,1000,False,0.0,0.0,1.0,0.4747983870967742,521,5883,0.0,False,0.0,0.0,0.0,287.000002861023,0.5822416238105516,98,building,0.2,0.5,weighted_crc,segformer_b2_loveda_urban,loveda_urban_val_half,287
1.0,1000,False,0.0,0.0,1.0,0.14516129032258066,848,2882,0.0,False,0.0,0.0,0.0,287.000002861023,0.5822416238105516,98,water,0.05,0.1,weighted_crc,segformer_b2_loveda_urban,loveda_urban_val_half,287
1.0,1000,False,0.0,0.0,1.0,0.14516129032258066,848,2882,0.0,False,0.0,0.0,0.0,287.000002861023,0.5822416238105516,98,water,0.1,0.1,weighted_crc,segformer_b2_loveda_urban,loveda_urban_val_half,287
1.0,1000,False,0.0,0.0,1.0,0.14516129032258066,848,2882,0.0,False,0.0,0.0,0.0,287.000002861023,0.5822416238105516,98,water,0.2,0.1,weighted_crc,segformer_b2_loveda_urban,loveda_urban_val_half,287
1.0,1000,False,0.0,0.0,1.0,0.14516129032258066,848,2882,0.0,False,0.0,0.0,0.0,287.000002861023,0.5822416238105516,98,water,0.05,0.5,weighted_crc,segformer_b2_loveda_urban,loveda_urban_val_half,287
1.0,1000,False,0.0,0.0,1.0,0.14516129032258066,848,2882,0.0,False,0.0,0.0,0.0,287.000002861023,0.5822416238105516,98,water,0.1,0.5,weighted_crc,segformer_b2_loveda_urban,loveda_urban_val_half,287
1.0,1000,False,0.0,0.0,1.0,0.14516129032258066,848,2882,0.0,False,0.0,0.0,0.0,287.000002861023,0.5822416238105516,98,water,0.2,0.5,weighted_crc,segformer_b2_loveda_urban,loveda_urban_val_half,287
1.0,1000,False,0.0,0.0,1.0,0.4747983870967742,521,5883,0.0,False,0.0,0.0,0.0,282.00003623962436,0.5865102409655233,99,building,0.05,0.1,weighted_crc,segformer_b2_loveda_urban,loveda_urban_val_half,282
1.0,1000,False,0.0,0.0,1.0,0.4747983870967742,521,5883,0.0,False,0.0,0.0,0.0,282.00003623962436,0.5865102409655233,99,building,0.1,0.1,weighted_crc,segformer_b2_loveda_urban,loveda_urban_val_half,282
1.0,1000,False,0.0,0.0,1.0,0.4747983870967742,521,5883,0.0,False,0.0,0.0,0.0,282.00003623962436,0.5865102409655233,99,building,0.2,0.1,weighted_crc,segformer_b2_loveda_urban,loveda_urban_val_half,282
1.0,1000,False,0.0,0.0,1.0,0.4747983870967742,521,5883,0.0,False,0.0,0.0,0.0,282.00003623962436,0.5865102409655233,99,building,0.05,0.5,weighted_crc,segformer_b2_loveda_urban,loveda_urban_val_half,282
1.0,1000,False,0.0,0.0,1.0,0.4747983870967742,521,5883,0.0,False,0.0,0.0,0.0,282.00003623962436,0.5865102409655233,99,building,0.1,0.5,weighted_crc,segformer_b2_loveda_urban,loveda_urban_val_half,282
1.0,1000,False,0.0,0.0,1.0,0.4747983870967742,521,5883,0.0,False,0.0,0.0,0.0,282.00003623962436,0.5865102409655233,99,building,0.2,0.5,weighted_crc,segformer_b2_loveda_urban,loveda_urban_val_half,282
1.0,1000,False,0.0,0.0,1.0,0.14516129032258066,848,2882,0.0,False,0.0,0.0,0.0,285.00006198883256,0.5839415733202873,99,water,0.05,0.1,weighted_crc,segformer_b2_loveda_urban,loveda_urban_val_half,285
1.0,1000,False,0.0,0.0,1.0,0.14516129032258066,848,2882,0.0,False,0.0,0.0,0.0,285.00006198883256,0.5839415733202873,99,water,0.1,0.1,weighted_crc,segformer_b2_loveda_urban,loveda_urban_val_half,285
1.0,1000,False,0.0,0.0,1.0,0.14516129032258066,848,2882,0.0,False,0.0,0.0,0.0,285.00006198883256,0.5839415733202873,99,water,0.2,0.1,weighted_crc,segformer_b2_loveda_urban,loveda_urban_val_half,285
1.0,1000,False,0.0,0.0,1.0,0.14516129032258066,848,2882,0.0,False,0.0,0.0,0.0,285.00006198883256,0.5839415733202873,99,water,0.05,0.5,weighted_crc,segformer_b2_loveda_urban,loveda_urban_val_half,285
1.0,1000,False,0.0,0.0,1.0,0.14516129032258066,848,2882,0.0,False,0.0,0.0,0.0,285.00006198883256,0.5839415733202873,99,water,0.1,0.5,weighted_crc,segformer_b2_loveda_urban,loveda_urban_val_half,285
1.0,1000,False,0.0,0.0,1.0,0.14516129032258066,848,2882,0.0,False,0.0,0.0,0.0,285.00006198883256,0.5839415733202873,99,water,0.2,0.5,weighted_crc,segformer_b2_loveda_urban,loveda_urban_val_half,285
