lam,lam_index,feasible,controlled_risk,region_fnr,marked_area_fraction,fp_components_per_image,n_test_images,n_test_components,monitor_ks,monitor_flag,fnr_stratum0,fnr_stratum1,fnr_stratum2,weight_ess,weight_p_test,seed,class_name,alpha,rho,method,model,scheme,n_cal_images
1.0,1000,False,0.0,0.0,1.0,0.66,170,334,0.0,False,0.0,0.0,0.0,200.972659364238,0.6633236773927053,0,person,0.05,0.1,weighted_crc,segformer_b2_cityscapes,cityscapes_val_half,202
1.0,1000,False,0.0,0.0,1.0,0.66,170,334,0.0,False,0.0,0.0,0.0,200.972659364238,0.6633236773927053,0,person,0.1,0.1,weighted_crc,segformer_b2_cityscapes,cityscapes_val_half,202
1.0,1000,False,0.0,0.0,1.0,0.66,170,334,0.0,False,0.0,0.0,0.0,200.972659364238,0.6633236773927053,0,person,0.2,0.1,weighted_crc,segformer_b2_cityscapes,cityscapes_val_half,202
1.0,1000,False,0.0,0.0,1.0,0.66,170,334,0.0,False,0.0,0.0,0.0,200.972659364238,0.6633236773927053,0,person,0.05,0.5,weighted_crc,segformer_b2_cityscapes,cityscapes_val_half,202
1.0,1000,False,0.0,0.0,1.0,0.66,170,334,0.0,False,0.0,0.0,0.0,200.972659364238,0.6633236773927053,0,person,0.1,0.5,weighted_crc,segformer_b2_cityscapes,cityscapes_val_half,202
1.0,1000,False,0.0,0.0,1.0,0.66,170,334,0.0,False,0.0,0.0,0.0,200.972659364238,0.6633236773927053,0,person,0.2,0.5,weighted_crc,segformer_b2_cityscapes,cityscapes_val_half,202
1.0,1000,False,0.0,0.0,1.0,0.944,28,38,0.0,False,0.0,0.0,0.0,126.99999999999993,0.7590132827324477,0,rider,0.05,0.1,weighted_crc,segformer_b2_cityscapes,cityscapes_val_half,127
1.0,1000,False,0.0,0.0,1.0,0.944,28,38,0.0,False,0.0,0.0,0.0,126.99999999999993,0.7590132827324477,0,rider,0.1,0.1,weighted_crc,segformer_b2_cityscapes,cityscapes_val_half,127
1.0,1000,False,0.0,0.0,1.0,0.944,28,38,0.0,False,0.0,0.0,0.0,126.99999999999993,0.7590132827324477,0,rider,0.2,0.1,weighted_crc,segformer_b2_cityscapes,cityscapes_val_half,127
1.0,1000,False,0.0,0.0,1.0,0.944,28,38,0.0,False,0.0,0.0,0.0,126.99999999999993,0.7590132827324477,0,rider,0.05,0.5,weighted_crc,segformer_b2_cityscapes,cityscapes_val_half,127
1.0,1000,False,0.0,0.0,1.0,0.944,28,38,0.0,False,0.0,0.0,0.0,126.99999999999993,0.7590132827324477,0,rider,0.1,0.5,weighted_crc,segformer_b2_cityscapes,cityscapes_val_half,127
1.0,1000,False,0.0,0.0,1.0,0.944,28,38,0.0,False,0.0,0.0,0.0,126.99999999999993,0.7590132827324477,0,rider,0.2,0.5,weighted_crc,segformer_b2_cityscapes,cityscapes_val_half,127
1.0,1000,False,0.0,0.0,1.0,0.834,83,159,0.0,False,0.0,0.0,0.0,179.99999999999986,0.6896551724137931,0,bicycle,0.05,0.1,weighted_crc,segformer_b2_cityscapes,cityscapes_val_half,180
1.0,1000,False,0.0,0.0,1.0,0.834,83,159,0.0,False,0.0,0.0,0.0,179.99999999999986,0.6896551724137931,0,bicycle,0.1,0.1,weighted_crc,segformer_b2_cityscapes,cityscapes_val_half,180
1.0,1000,False,0.0,0.0,1.0,0.834,83,159,0.0,False,0.0,0.0,0.0,179.99999999999986,0.6896551724137931,0,bicycle,0.2,0.1,weighted_crc,segformer_b2_cityscapes,cityscapes_val_half,180
1.0,1000,False,0.0,0.0,1.0,0.834,83,159,0.0,False,0.0,0.0,0.0,179.99999999999986,0.6896551724137931,0,bicycle,0.05,0.5,weighted_crc,segformer_b2_cityscapes,cityscapes_val_half,180
1.0,1000,False,0.0,0.0,1.0,0.834,83,159,0.0,False,0.0,0.0,0.0,179.99999999999986,0.6896551724137931,0,bicycle,0.1,0.5,weighted_crc,segformer_b2_cityscapes,cityscapes_val_half,180
1.0,1000,False,0.0,0.0,1.0,0.834,83,159,0.0,False,0.0,0.0,0.0,179.99999999999986,0.6896551724137931,0,bicycle,0.2,0.5,weighted_crc,segformer_b2_cityscapes,cityscapes_val_half,180
1.0,1000,False,0.0,0.0,1.0,0.66,170,334,0.0,False,0.0,0.0,0.0,197.99999999999986,0.6688963210702341,1,person,0.05,0.1,weighted_crc,segformer_b2_cityscapes,cityscapes_val_half,198
1.0,1000,False,0.0,0.0,1.0,0.66,170,334,0.0,False,0.0,0.0,0.0,197.99999999999986,0.6688963210702341,1,person,0.1,0.1,weighted_crc,segformer_b2_cityscapes,cityscapes_val_half,198
1.0,1000,False,0.0,0.0,1.0,0.66,170,334,0.0,False,0.0,0.0,0.0,197.99999999999986,0.6688963210702341,1,person,0.2,0.1,weighted_crc,segformer_b2_cityscapes,cityscapes_val_half,198
1.0,1000,False,0.0,0.0,1.0,0.66,170,334,0.0,False,0.0,0.0,0.0,197.99999999999986,0.6688963210702341,1,person,0.05,0.5,weighted_crc,segformer_b2_cityscapes,cityscapes_val_half,198
1.0,1000,False,0.0,0.0,1.0,0.66,170,334,0.0,False,0.0,0.0,0.0,197.99999999999986,0.6688963210702341,1,person,0.1,0.5,weighted_crc,segformer_b2_cityscapes,cityscapes_val_half,198
1.0,1000,False,0.0,0.0,1.0,0.66,170,334,0.0,False,0.0,0.0,0.0,197.99999999999986,0.6688963210702341,1,person,0.2,0.5,weighted_crc,segformer_b2_cityscapes,cityscapes_val_half,198
1.0,1000,False,0.0,0.0,1.0,0.944,28,38,0.0,False,0.0,0.0,0.0,132.99999999999991,0.75046904315197,1,rider,0.05,0.1,weighted_crc,segformer_b2_cityscapes,cityscapes_val_half,133
1.0,1000,False,0.0,0.0,1.0,0.944,28,38,0.0,False,0.0,0.0,0.0,132.99999999999991,0.75046904315197,1,rider,0.1,0.1,weighted_crc,segformer_b2_cityscapes,cityscapes_val_half,133
1.0,1000,False,0.0,0.0,1.0,0.944,28,38,0.0,False,0.0,0.0,0.0,132.99999999999991,0.75046904315197,1,rider,0.2,0.1,weighted_crc,segformer_b2_cityscapes,cityscapes_val_half,133
1.0,1000,False,0.0,0.0,1.0,0.944,28,38,0.0,False,0.0,0.0,0.0,132.99999999999991,0.75046904315197,1,rider,0.05,0.5,weighted_crc,segformer_b2_cityscapes,cityscapes_val_half,133
1.0,1000,False,0.0,0.0,1.0,0.944,28,38,0.0,False,0.0,0.0,0.0,132.99999999999991,0.75046904315197,1,rider,0.1,0.5,weighted_crc,segformer_b2_cityscapes,cityscapes_val_half,133
1.0,1000,False,0.0,0.0,1.0,0.944,28,38,0.0,False,0.0,0.0,0.0,132.99999999999991,0.75046904315197,1,rider,0.2,0.5,weighted_crc,segformer_b2_cityscapes,cityscapes_val_half,133
1.0,1000,False,0.0,0.0,1.0,0.834,83,159,0.0,False,0.0,0.0,0.0,190.9999999999998,0.6768189509306262,1,bicycle,0.05,0.1,weighted_crc,segformer_b2_cityscapes,cityscapes_val_half,191
1.0,1000,False,0.0,0.0,1.0,0.834,83,159,0.0,False,0.0,0.0,0.0,190.9999999999998,0.6768189509306262,1,bicycle,0.1,0.1,weighted_crc,segformer_b2_cityscapes,cityscapes_val_half,191
1.0,1000,False,0.0,0.0,1.0,0.834,83,159,0.0,False,0.0,0.0,0.0,190.9999999999998,0.6768189509306262,1,bicycle,0.2,0.1,weighted_crc,segformer_b2_cityscapes,cityscapes_val_half,191
1.0,1000,False,0.0,0.0,1.0,0.834,83,159,0.0,False,0.0,0.0,0.0,190.9999999999998,0.6768189509306262,1,bicycle,0.05,0.5,weighted_crc,segformer_b2_cityscapes,cityscapes_val_half,191
1.0,1000,False,0.0,0.0,1.0,0.834,83,159,0.0,False,0.0,0.0,0.0,190.9999999999998,0.6768189509306262,1,bicycle,0.1,0.5,weighted_crc,segformer_b2_cityscapes,cityscapes_val_half,191
1.0,1000,False,0.0,0.0,1.0,0.834,83,159,0.0,False,0.0,0.0,0.0,190.9999999999998,0.6768189509306262,1,bicycle,0.2,0.5,weighted_crc,segformer_b2_cityscapes,cityscapes_val_half,191
1.0,1000,False,0.0,0.0,1.0,0.66,170,334,0.0,False,0.0,0.0,0.0,194.99999999999991,0.6722689075630253,2,person,0.05,0.1,weighted_crc,segformer_b2_cityscapes,cityscapes_val_half,195
1.0,1000,False,0.0,0.0,1.0,0.66,170,334,0.0,False,0.0,0.0,0.0,194.99999999999991,0.6722689075630253,2,person,0.1,0.1,weighted_crc,segformer_b2_cityscapes,cityscapes_val_half,195
1.0,1000,False,0.0,0.0,1.0,0.66,170,334,0.0,False,0.0,0.0,0.0,194.99999999999991,0.6722689075630253,2,person,0.2,0.1,weighted_crc,segformer_b2_cityscapes,cityscapes_val_half,195
1.0,1000,False,0.0,0.0,1.0,0.66,170,334,0.0,False,0.0,0.0,0.0,194.99999999999991,0.6722689075630253,2,person,0.05,0.5,weighted_crc,segformer_b2_cityscapes,cityscapes_val_half,195
1.0,1000,False,0.0,0.0,1.0,0.66,170,334,0.0,False,0.0,0.0,0.0,194.99999999999991,0.6722689075630253,2,person,0.1,0.5,weighted_crc,segformer_b2_cityscapes,cityscapes_val_half,195
1.0,1000,False,0.0,0.0,1.0,0.66,170,334,0.0,False,0.0,0.0,0.0,194.99999999999991,0.6722689075630253,2,person,0.2,0.5,weighted_crc,segformer_b2_cityscapes,cityscapes_val_half,195
1.0,1000,False,0.0,0.0,1.0,0.944,28,38,0.0,False,0.0,0.0,0.0,125.99999999999993,0.7604562737642585,2,rider,0.05,0.1,weighted_crc,segformer_b2_cityscapes,cityscapes_val_half,126
1.0,1000,False,0.0,0.0,1.0,0.944,28,38,0.0,False,0.0,0.0,0.0,125.99999999999993,0.7604562737642585,2,rider,0.1,0.1,weighted_crc,segformer_b2_cityscapes,cityscapes_val_half,126
1.0,1000,False,0.0,0.0,1.0,0.944,28,38,0.0,False,0.0,0.0,0.0,125.99999999999993,0.7604562737642585,2,rider,0.2,0.1,weighted_crc,segformer_b2_cityscapes,cityscapes_val_half,126
1.0,1000,False,0.0,0.0,1.0,0.944,28,38,0.0,False,0.0,0.0,0.0,125.99999999999993,0.7604562737642585,2,rider,0.05,0.5,weighted_crc,segformer_b2_cityscapes,cityscapes_val_half,126
1.0,1000,False,0.0,0.0,1.0,0.944,28,38,0.0,False,0.0,0.0,0.0,125.99999999999993,0.7604562737642585,2,rider,0.1,0.5,weighted_crc,segformer_b2_cityscapes,cityscapes_val_half,126
1.0,1000,False,0.0,0.0,1.0,0.944,28,38,0.0,False,0.0,0.0,0.0,125.99999999999993,0.7604562737642585,2,rider,0.2,0.5,weighted_crc,segformer_b2_cityscapes,cityscapes_val_half,126
1.0,1000,False,0.0,0.0,1.0,0.834,83,159,0.0,False,0.0,0.0,0.0,171.99999999999986,0.6993006993006994,2,bicycle,0.05,0.1,weighted_crc,segformer_b2_cityscapes,cityscapes_val_half,172
1.0,1000,False,0.0,0.0,1.0,0.834,83,159,0.0,False,0.0,0.0,0.0,171.99999999999986,0.6993006993006994,2,bicycle,0.1,0.1,weighted_crc,segformer_b2_cityscapes,cityscapes_val_half,172
1.0,1000,False,0.0,0.0,1.0,0.834,83,159,0.0,False,0.0,0.0,0.0,171.99999999999986,0.6993006993006994,2,bicycle,0.2,0.1,weighted_crc,segformer_b2_cityscapes,cityscapes_val_half,172
1.0,1000,False,0.0,0.0,1.0,0.834,83,159,0.0,False,0.0,0.0,0.0,171.99999999999986,0.6993006993006994,2,bicycle,0.05,0.5,weighted_crc,segformer_b2_cityscapes,cityscapes_val_half,172
1.0,1000,False,0.0,0.0,1.0,0.834,83,159,0.0,False,0.0,0.0,0.0,171.99999999999986,0.6993006993006994,2,bicycle,0.1,0.5,weighted_crc,segformer_b2_cityscapes,cityscapes_val_half,172
1.0,1000,False,0.0,0.0,1.0,0.834,83,159,0.0,False,0.0,0.0,0.0,171.99999999999986,0.6993006993006994,2,bicycle,0.2,0.5,weighted_crc,segformer_b2_cityscapes,cityscapes_val_half,172
1.0,1000,False,0.0,0.0,1.0,0.66,170,334,0.0,False,0.0,0.0,0.0,205.99999999999986,0.6600660066006602,3,person,0.05,0.1,weighted_crc,segformer_b2_cityscapes,cityscapes_val_half,206
1.0,1000,False,0.0,0.0,1.0,0.66,170,334,0.0,False,0.0,0.0,0.0,205.99999999999986,0.6600660066006602,3,person,0.1,0.1,weighted_crc,segformer_b2_cityscapes,cityscapes_val_half,206
1.0,1000,False,0.0,0.0,1.0,0.66,170,334,0.0,False,0.0,0.0,0.0,205.99999999999986,0.6600660066006602,3,person,0.2,0.1,weighted_crc,segformer_b2_cityscapes,cityscapes_val_half,206
1.0,1000,False,0.0,0.0,1.0,0.66,170,334,0.0,False,0.0,0.0,0.0,205.99999999999986,0.6600660066006602,3,person,0.05,0.5,weighted_crc,segformer_b2_cityscapes,cityscapes_val_half,206
1.0,1000,False,0.0,0.0,1.0,0.66,170,334,0.0,False,0.0,0.0,0.0,205.99999999999986,0.6600660066006602,3,person,0.1,0.5,weighted_crc,segformer_b2_cityscapes,cityscapes_val_half,206
1.0,1000,False,0.0,0.0,1.0,0.66,170,334,0.0,False,0.0,0.0,0.0,205.99999999999986,0.6600660066006602,3,person,0.2,0.5,weighted_crc,segformer_b2_cityscapes,cityscapes_val_half,206
1.0,1000,False,0.0,0.0,1.0,0.944,28,38,0.0,False,0.0,0.0,0.0,126.99999999999993,0.7590132827324477,3,rider,0.05,0.1,weighted_crc,segformer_b2_cityscapes,cityscapes_val_half,127
1.0,1000,False,0.0,0.0,1.0,0.944,28,38,0.0,False,0.0,0.0,0.0,126.99999999999993,0.7590132827324477,3,rider,0.1,0.1,weighted_crc,segformer_b2_cityscapes,cityscapes_val_half,127
1.0,1000,False,0.0,0.0,1.0,0.944,28,38,0.0,False,0.0,0.0,0.0,126.99999999999993,0.7590132827324477,3,rider,0.2,0.1,weighted_crc,segformer_b2_cityscapes,cityscapes_val_half,127
1.0,1000,False,0.0,0.0,1.0,0.944,28,38,0.0,False,0.0,0.0,0.0,126.99999999999993,0.7590132827324477,3,rider,0.05,0.5,weighted_crc,segformer_b2_cityscapes,cityscapes_val_half,127
1.0,1000,False,0.0,0.0,1.0,0.944,28,38,0.0,False,0.0,0.0,0.0,126.99999999999993,0.7590132827324477,3,rider,0.1,0.5,weighted_crc,segformer_b2_cityscapes,cityscapes_val_half,127
1.0,1000,False,0.0,0.0,1.0,0.944,28,38,0.0,False,0.0,0.0,0.0,126.99999999999993,0.7590132827324477,3,rider,0.2,0.5,weighted_crc,segformer_b2_cityscapes,cityscapes_val_half,127
1.0,1000,False,0.0,0.0,1.0,0.834,83,159,0.0,False,0.0,0.0,0.0,168.99999999999991,0.70298769771529,3,bicycle,0.05,0.1,weighted_crc,segformer_b2_cityscapes,cityscapes_val_half,169
1.0,1000,False,0.0,0.0,1.0,0.834,83,159,0.0,False,0.0,0.0,0.0,168.99999999999991,0.70298769771529,3,bicycle,0.1,0.1,weighted_crc,segformer_b2_cityscapes,cityscapes_val_half,169
1.0,1000,False,0.0,0.0,1.0,0.834,83,159,0.0,False,0.0,0.0,0.0,168.99999999999991,0.70298769771529,3,bicycle,0.2,0.1,weighted_crc,segformer_b2_cityscapes,cityscapes_val_half,169
1.0,1000,False,0.0,0.0,1.0,0.834,83,159,0.0,False,0.0,0.0,0.0,168.99999999999991,0.70298769771529,3,bicycle,0.05,0.5,weighted_crc,segformer_b2_cityscapes,cityscapes_val_half,169
1.0,1000,False,0.0,0.0,1.0,0.834,83,159,0.0,False,0.0,0.0,0.0,168.99999999999991,0.70298769771529,3,bicycle,0.1,0.5,weighted_crc,segformer_b2_cityscapes,cityscapes_val_half,169
1.0,1000,False,0.0,0.0,1.0,0.834,83,159,0.0,False,0.0,0.0,0.0,168.99999999999991,0.70298769771529,3,bicycle,0.2,0.5,weighted_crc,segformer_b2_cityscapes,cityscapes_val_half,169
1.0,1000,False,0.0,0.0,1.0,0.66,170,334,0.0,False,0.0,0.0,0.0,198.9999999999999,0.667779632721202,4,person,0.05,0.1,weighted_crc,segformer_b2_cityscapes,cityscapes_val_half,199
1.0,1000,False,0.0,0.0,1.0,0.66,170,334,0.0,False,0.0,0.0,0.0,198.9999999999999,0.667779632721202,4,person,0.1,0.1,weighted_crc,segformer_b2_cityscapes,cityscapes_val_half,199
1.0,1000,False,0.0,0.0,1.0,0.66,170,334,0.0,False,0.0,0.0,0.0,198.9999999999999,0.667779632721202,4,person,0.2,0.1,weighted_crc,segformer_b2_cityscapes,cityscapes_val_half,199
1.0,1000,False,0.0,0.0,1.0,0.66,170,334,0.0,False,0.0,0.0,0.0,198.9999999999999,0.667779632721202,4,person,0.05,0.5,weighted_crc,segformer_b2_cityscapes,cityscapes_val_half,199
1.0,1000,False,0.0,0.0,1.0,0.66,170,334,0.0,False,0.0,0.0,0.0,198.9999999999999,0.667779632721202,4,person,0.1,0.5,weighted_crc,segformer_b2_cityscapes,cityscapes_val_half,199
1.0,1000,False,0.0,0.0,1.0,0.66,170,334,0.0,False,0.0,0.0,0.0,198.9999999999999,0.667779632721202,4,person,0.2,0.5,weighted_crc,segformer_b2_cityscapes,cityscapes_val_half,199
1.0,1000,False,0.0,0.0,1.0,0.944,28,38,0.0,False,0.0,0.0,0.0,128.30574675837832,0.7526621875245075,4,rider,0.05,0.1,weighted_crc,segformer_b2_cityscapes,cityscapes_val_half,130
1.0,1000,False,0.0,0.0,1.0,0.944,28,38,0.0,False,0.0,0.0,0.0,128.30574675837832,0.7526621875245075,4,rider,0.1,0.1,weighted_crc,segformer_b2_cityscapes,cityscapes_val_half,130
1.0,1000,False,0.0,0.0,1.0,0.944,28,38,0.0,False,0.0,0.0,0.0,128.30574675837832,0.7526621875245075,4,rider,0.2,0.1,weighted_crc,segformer_b2_cityscapes,cityscapes_val_half,130
1.0,1000,False,0.0,0.0,1.0,0.944,28,38,0.0,False,0.0,0.0,0.0,128.30574675837832,0.7526621875245075,4,rider,0.05,0.5,weighted_crc,segformer_b2_cityscapes,cityscapes_val_half,130
1.0,1000,False,0.0,0.0,1.0,0.944,28,38,0.0,False,0.0,0.0,0.0,128.30574675837832,0.7526621875245075,4,rider,0.1,0.5,weighted_crc,segformer_b2_cityscapes,cityscapes_val_half,130
1.0,1000,False,0.0,0.0,1.0,0.944,28,38,0.0,False,0.0,0.0,0.0,128.30574675837832,0.7526621875245075,4,rider,0.2,0.5,weighted_crc,segformer_b2_cityscapes,cityscapes_val_half,130
1.0,1000,False,0.0,0.0,1.0,0.834,83,159,0.0,False,0.0,0.0,0.0,169.99999999999986,0.7017543859649122,4,bicycle,0.05,0.1,weighted_crc,segformer_b2_cityscapes,cityscapes_val_half,170
1.0,1000,False,0.0,0.0,1.0,0.834,83,159,0.0,False,0.0,0.0,0.0,169.99999999999986,0.7017543859649122,4,bicycle,0.1,0.1,weighted_crc,segformer_b2_cityscapes,cityscapes_val_half,170
1.0,1000,False,0.0,0.0,1.0,0.834,83,159,0.0,False,0.0,0.0,0.0,169.99999999999986,0.7017543859649122,4,bicycle,0.2,0.1,weighted_crc,segformer_b2_cityscapes,cityscapes_val_half,170
1.0,1000,False,0.0,0.0,1.0,0.834,83,159,0.0,False,0.0,0.0,0.0,169.99999999999986,0.7017543859649122,4,bicycle,0.05,0.5,weighted_crc,segformer_b2_cityscapes,cityscapes_val_half,170
1.0,1000,False,0.0,0.0,1.0,0.834,83,159,0.0,False,0.0,0.0,0.0,169.99999999999986,0.7017543859649122,4,bicycle,0.1,0.5,weighted_crc,segformer_b2_cityscapes,cityscapes_val_half,170
1.0,1000,False,0.0,0.0,1.0,0.834,83,159,0.0,False,0.0,0.0,0.0,169.99999999999986,0.7017543859649122,4,bicycle,0.2,0.5,weighted_crc,segformer_b2_cityscapes,cityscapes_val_half,170
1.0,1000,False,0.0,0.0,1.0,0.66,170,334,0.0,False,0.0,0.0,0.0,200.99999999999994,0.6655574043261231,5,person,0.05,0.1,weighted_crc,segformer_b2_cityscapes,cityscapes_val_half,201
1.0,1000,False,0.0,0.0,1.0,0.66,170,334,0.0,False,0.0,0.0,0.0,200.99999999999994,0.6655574043261231,5,person,0.1,0.1,weighted_crc,segformer_b2_cityscapes,cityscapes_val_half,201
1.0,1000,False,0.0,0.0,1.0,0.66,170,334,0.0,False,0.0,0.0,0.0,200.99999999999994,0.6655574043261231,5,person,0.2,0.1,weighted_crc,segformer_b2_cityscapes,cityscapes_val_half,201
1.0,1000,False,0.0,0.0,1.0,0.66,170,334,0.0,False,0.0,0.0,0.0,200.99999999999994,0.6655574043261231,5,person,0.05,0.5,weighted_crc,segformer_b2_cityscapes,cityscapes_val_half,201
1.0,1000,False,0.0,0.0,1.0,0.66,170,334,0.0,False,0.0,0.0,0.0,200.99999999999994,0.6655574043261231,5,person,0.1,0.5,weighted_crc,segformer_b2_cityscapes,cityscapes_val_half,201
1.0,1000,False,0.0,0.0,1.0,0.66,170,334,0.0,False,0.0,0.0,0.0,200.99999999999994,0.6655574043261231,5,person,0.2,0.5,weighted_crc,segformer_b2_cityscapes,cityscapes_val_half,201
1.0,1000,False,0.0,0.0,1.0,0.944,28,38,0.0,False,0.0,0.0,0.0,128.99999999999994,0.7561436672967864,5,rider,0.05,0.1,weighted_crc,segformer_b2_cityscapes,cityscapes_val_half,129
1.0,1000,False,0.0,0.0,1.0,0.944,28,38,0.0,False,0.0,0.0,0.0,128.99999999999994,0.7561436672967864,5,rider,0.1,0.1,weighted_crc,segformer_b2_cityscapes,cityscapes_val_half,129
1.0,1000,False,0.0,0.0,1.0,0.944,28,38,0.0,False,0.0,0.0,0.0,128.99999999999994,0.7561436672967864,5,rider,0.2,0.1,weighted_crc,segformer_b2_cityscapes,cityscapes_val_half,129
1.0,1000,False,0.0,0.0,1.0,0.944,28,38,0.0,False,0.0,0.0,0.0,128.99999999999994,0.7561436672967864,5,rider,0.05,0.5,weighted_crc,segformer_b2_cityscapes,cityscapes_val_half,129
1.0,1000,False,0.0,0.0,1.0,0.944,28,38,0.0,False,0.0,0.0,0.0,128.99999999999994,0.7561436672967864,5,rider,0.1,0.5,weighted_crc,segformer_b2_cityscapes,cityscapes_val_half,129
1.0,1000,False,0.0,0.0,1.0,0.944,28,38,0.0,False,0.0,0.0,0.0,128.99999999999994,0.7561436672967864,5,rider,0.2,0.5,weighted_crc,segformer_b2_cityscapes,cityscapes_val_half,129
1.0,1000,False,0.0,0.0,1.0,0.834,83,159,0.0,False,0.0,0.0,0.0,172.9999999999999,0.6980802792321117,5,bicycle,0.05,0.1,weighted_crc,segformer_b2_cityscapes,cityscapes_val_half,173
1.0,1000,False,0.0,0.0,1.0,0.834,83,159,0.0,False,0.0,0.0,0.0,172.9999999999999,0.6980802792321117,5,bicycle,0.1,0.1,weighted_crc,segformer_b2_cityscapes,cityscapes_val_half,173
1.0,1000,False,0.0,0.0,1.0,0.834,83,159,0.0,False,0.0,0.0,0.0,172.9999999999999,0.6980802792321117,5,bicycle,0.2,0.1,weighted_crc,segformer_b2_cityscapes,cityscapes_val_half,173
1.0,1000,False,0.0,0.0,1.0,0.834,83,159,0.0,False,0.0,0.0,0.0,172.9999999999999,0.6980802792321117,5,bicycle,0.05,0.5,weighted_crc,segformer_b2_cityscapes,cityscapes_val_half,173
1.0,1000,False,0.0,0.0,1.0,0.834,83,159,0.0,False,0.0,0.0,0.0,172.9999999999999,0.6980802792321117,5,bicycle,0.1,0.5,weighted_crc,segformer_b2_cityscapes,cityscapes_val_half,173
1.0,1000,False,0.0,0.0,1.0,0.834,83,159,0.0,False,0.0,0.0,0.0,172.9999999999999,0.6980802792321117,5,bicycle,0.2,0.5,weighted_crc,segformer_b2_cityscapes,cityscapes_val_half,173
1.0,1000,False,0.0,0.0,1.0,0.66,170,334,0.0,False,0.0,0.0,0.0,199.99999999999991,0.6666666666666666,6,person,0.05,0.1,weighted_crc,segformer_b2_cityscapes,cityscapes_val_half,200
1.0,1000,False,0.0,0.0,1.0,0.66,170,334,0.0,False,0.0,0.0,0.0,199.99999999999991,0.6666666666666666,6,person,0.1,0.1,weighted_crc,segformer_b2_cityscapes,cityscapes_val_half,200
1.0,1000,False,0.0,0.0,1.0,0.66,170,334,0.0,False,0.0,0.0,0.0,199.99999999999991,0.6666666666666666,6,person,0.2,0.1,weighted_crc,segformer_b2_cityscapes,cityscapes_val_half,200
1.0,1000,False,0.0,0.0,1.0,0.66,170,334,0.0,False,0.0,0.0,0.0,199.99999999999991,0.6666666666666666,6,person,0.05,0.5,weighted_crc,segformer_b2_cityscapes,cityscapes_val_half,200
1.0,1000,False,0.0,0.0,1.0,0.66,170,334,0.0,False,0.0,0.0,0.0,199.99999999999991,0.6666666666666666,6,person,0.1,0.5,weighted_crc,segformer_b2_cityscapes,cityscapes_val_half,200
1.0,1000,False,0.0,0.0,1.0,0.66,170,334,0.0,False,0.0,0.0,0.0,199.99999999999991,0.6666666666666666,6,person,0.2,0.5,weighted_crc,segformer_b2_cityscapes,cityscapes_val_half,200
1.0,1000,False,0.0,0.0,1.0,0.944,28,38,0.0,False,0.0,0.0,0.0,124.99999999999993,0.7619047619047619,6,rider,0.05,0.1,weighted_crc,segformer_b2_cityscapes,cityscapes_val_half,125
1.0,1000,False,0.0,0.0,1.0,0.944,28,38,0.0,False,0.0,0.0,0.0,124.99999999999993,0.7619047619047619,6,rider,0.1,0.1,weighted_crc,segformer_b2_cityscapes,cityscapes_val_half,125
1.0,1000,False,0.0,0.0,1.0,0.944,28,38,0.0,False,0.0,0.0,0.0,124.99999999999993,0.7619047619047619,6,rider,0.2,0.1,weighted_crc,segformer_b2_cityscapes,cityscapes_val_half,125
1.0,1000,False,0.0,0.0,1.0,0.944,28,38,0.0,False,0.0,0.0,0.0,124.99999999999993,0.7619047619047619,6,rider,0.05,0.5,weighted_crc,segformer_b2_cityscapes,cityscapes_val_half,125
1.0,1000,False,0.0,0.0,1.0,0.944,28,38,0.0,False,0.0,0.0,0.0,124.99999999999993,0.7619047619047619,6,rider,0.1,0.5,weighted_crc,segformer_b2_cityscapes,cityscapes_val_half,125
1.0,1000,False,0.0,0.0,1.0,0.944,28,38,0.0,False,0.0,0.0,0.0,124.99999999999993,0.7619047619047619,6,rider,0.2,0.5,weighted_crc,segformer_b2_cityscapes,cityscapes_val_half,125
1.0,1000,False,0.0,0.0,1.0,0.834,83,159,0.0,False,0.0,0.0,0.0,162.9999999999999,0.7104795737122558,6,bicycle,0.05,0.1,weighted_crc,segformer_b2_cityscapes,cityscapes_val_half,163
1.0,1000,False,0.0,0.0,1.0,0.834,83,159,0.0,False,0.0,0.0,0.0,162.9999999999999,0.7104795737122558,6,bicycle,0.1,0.1,weighted_crc,segformer_b2_cityscapes,cityscapes_val_half,163
1.0,1000,False,0.0,0.0,1.0,0.834,83,159,0.0,False,0.0,0.0,0.0,162.9999999999999,0.7104795737122558,6,bicycle,0.2,0.1,weighted_crc,segformer_b2_cityscapes,cityscapes_val_half,163
1.0,1000,False,0.0,0.0,1.0,0.834,83,159,0.0,False,0.0,0.0,0.0,162.9999999999999,0.7104795737122558,6,bicycle,0.05,0.5,weighted_crc,segformer_b2_cityscapes,cityscapes_val_half,163
1.0,1000,False,0.0,0.0,1.0,0.834,83,159,0.0,False,0.0,0.0,0.0,162.9999999999999,0.7104795737122558,6,bicycle,0.1,0.5,weighted_crc,segformer_b2_cityscapes,cityscapes_val_half,163
1.0,1000,False,0.0,0.0,1.0,0.834,83,159,0.0,False,0.0,0.0,0.0,162.9999999999999,0.7104795737122558,6,bicycle,0.2,0.5,weighted_crc,segformer_b2_cityscapes,cityscapes_val_half,163
1.0,1000,False,0.0,0.0,1.0,0.66,170,334,0.0,False,0.0,0.0,0.0,193.9999999999999,0.6734006734006734,7,person,0.05,0.1,weighted_crc,segformer_b2_cityscapes,cityscapes_val_half,194
1.0,1000,False,0.0,0.0,1.0,0.66,170,334,0.0,False,0.0,0.0,0.0,193.9999999999999,0.6734006734006734,7,person,0.1,0.1,weighted_crc,segformer_b2_cityscapes,cityscapes_val_half,194
1.0,1000,False,0.0,0.0,1.0,0.66,170,334,0.0,False,0.0,0.0,0.0,193.9999999999999,0.6734006734006734,7,person,0.2,0.1,weighted_crc,segformer_b2_cityscapes,cityscapes_val_half,194
1.0,1000,False,0.0,0.0,1.0,0.66,170,334,0.0,False,0.0,0.0,0.0,193.9999999999999,0.6734006734006734,7,person,0.05,0.5,weighted_crc,segformer_b2_cityscapes,cityscapes_val_half,194
1.0,1000,False,0.0,0.0,1.0,0.66,170,334,0.0,False,0.0,0.0,0.0,193.9999999999999,0.6734006734006734,7,person,0.1,0.5,weighted_crc,segformer_b2_cityscapes,cityscapes_val_half,194
1.0,1000,False,0.0,0.0,1.0,0.66,170,334,0.0,False,0.0,0.0,0.0,193.9999999999999,0.6734006734006734,7,person,0.2,0.5,weighted_crc,segformer_b2_cityscapes,cityscapes_val_half,194
1.0,1000,False,0.0,0.0,1.0,0.944,28,38,0.0,False,0.0,0.0,0.0,121.99999999999996,0.7662835249042145,7,rider,0.05,0.1,weighted_crc,segformer_b2_cityscapes,cityscapes_val_half,122
1.0,1000,False,0.0,0.0,1.0,0.944,28,38,0.0,False,0.0,0.0,0.0,121.99999999999996,0.7662835249042145,7,rider,0.1,0.1,weighted_crc,segformer_b2_cityscapes,cityscapes_val_half,122
1.0,1000,False,0.0,0.0,1.0,0.944,28,38,0.0,False,0.0,0.0,0.0,121.99999999999996,0.7662835249042145,7,rider,0.2,0.1,weighted_crc,segformer_b2_cityscapes,cityscapes_val_half,122
1.0,1000,False,0.0,0.0,1.0,0.944,28,38,0.0,False,0.0,0.0,0.0,121.99999999999996,0.7662835249042145,7,rider,0.05,0.5,weighted_crc,segformer_b2_cityscapes,cityscapes_val_half,122
1.0,1000,False,0.0,0.0,1.0,0.944,28,38,0.0,False,0.0,0.0,0.0,121.99999999999996,0.7662835249042145,7,rider,0.1,0.5,weighted_crc,segformer_b2_cityscapes,cityscapes_val_half,122
1.0,1000,False,0.0,0.0,1.0,0.944,28,38,0.0,False,0.0,0.0,0.0,121.99999999999996,0.7662835249042145,7,rider,0.2,0.5,weighted_crc,segformer_b2_cityscapes,cityscapes_val_half,122
1.0,1000,False,0.0,0.0,1.0,0.834,83,159,0.0,False,0.0,0.0,0.0,176.99999999999986,0.6932409012131716,7,bicycle,0.05,0.1,weighted_crc,segformer_b2_cityscapes,cityscapes_val_half,177
1.0,1000,False,0.0,0.0,1.0,0.834,83,159,0.0,False,0.0,0.0,0.0,176.99999999999986,0.6932409012131716,7,bicycle,0.1,0.1,weighted_crc,segformer_b2_cityscapes,cityscapes_val_half,177
1.0,1000,False,0.0,0.0,1.0,0.834,83,159,0.0,False,0.0,0.0,0.0,176.99999999999986,0.6932409012131716,7,bicycle,0.2,0.1,weighted_crc,segformer_b2_cityscapes,cityscapes_val_half,177
1.0,1000,False,0.0,0.0,1.0,0.834,83,159,0.0,False,0.0,0.0,0.0,176.99999999999986,0.6932409012131716,7,bicycle,0.05,0.5,weighted_crc,segformer_b2_cityscapes,cityscapes_val_half,177
1.0,1000,False,0.0,0.0,1.0,0.834,83,159,0.0,False,0.0,0.0,0.0,176.99999999999986,0.6932409012131716,7,bicycle,0.1,0.5,weighted_crc,segformer_b2_cityscapes,cityscapes_val_half,177
1.0,1000,False,0.0,0.0,1.0,0.834,83,159,0.0,False,0.0,0.0,0.0,176.99999999999986,0.6932409012131716,7,bicycle,0.2,0.5,weighted_crc,segformer_b2_cityscapes,cityscapes_val_half,177
1.0,1000,False,0.0,0.0,1.0,0.66,170,334,0.0,False,0.0,0.0,0.0,207.99999999999991,0.6578947368421053,8,person,0.05,0.1,weighted_crc,segformer_b2_cityscapes,cityscapes_val_half,208
1.0,1000,False,0.0,0.0,1.0,0.66,170,334,0.0,False,0.0,0.0,0.0,207.99999999999991,0.6578947368421053,8,person,0.1,0.1,weighted_crc,segformer_b2_cityscapes,cityscapes_val_half,208
1.0,1000,False,0.0,0.0,1.0,0.66,170,334,0.0,False,0.0,0.0,0.0,207.99999999999991,0.6578947368421053,8,person,0.2,0.1,weighted_crc,segformer_b2_cityscapes,cityscapes_val_half,208
1.0,1000,False,0.0,0.0,1.0,0.66,170,334,0.0,False,0.0,0.0,0.0,207.99999999999991,0.6578947368421053,8,person,0.05,0.5,weighted_crc,segformer_b2_cityscapes,cityscapes_val_half,208
1.0,1000,False,0.0,0.0,1.0,0.66,170,334,0.0,False,0.0,0.0,0.0,207.99999999999991,0.6578947368421053,8,person,0.1,0.5,weighted_crc,segformer_b2_cityscapes,cityscapes_val_half,208
1.0,1000,False,0.0,0.0,1.0,0.66,170,334,0.0,False,0.0,0.0,0.0,207.99999999999991,0.6578947368421053,8,person,0.2,0.5,weighted_crc,segformer_b2_cityscapes,cityscapes_val_half,208
1.0,1000,False,0.0,0.0,1.0,0.944,28,38,0.0,False,0.0,0.0,0.0,138.99999999999994,0.7421150278293136,8,rider,0.05,0.1,weighted_crc,segformer_b2_cityscapes,cityscapes_val_half,139
1.0,1000,False,0.0,0.0,1.0,0.944,28,38,0.0,False,0.0,0.0,0.0,138.99999999999994,0.7421150278293136,8,rider,0.1,0.1,weighted_crc,segformer_b2_cityscapes,cityscapes_val_half,139
1.0,1000,False,0.0,0.0,1.0,0.944,28,38,0.0,False,0.0,0.0,0.0,138.99999999999994,0.7421150278293136,8,rider,0.2,0.1,weighted_crc,segformer_b2_cityscapes,cityscapes_val_half,139
1.0,1000,False,0.0,0.0,1.0,0.944,28,38,0.0,False,0.0,0.0,0.0,138.99999999999994,0.7421150278293136,8,rider,0.05,0.5,weighted_crc,segformer_b2_cityscapes,cityscapes_val_half,139
1.0,1000,False,0.0,0.0,1.0,0.944,28,38,0.0,False,0.0,0.0,0.0,138.99999999999994,0.7421150278293136,8,rider,0.1,0.5,weighted_crc,segformer_b2_cityscapes,cityscapes_val_half,139
1.0,1000,False,0.0,0.0,1.0,0.944,28,38,0.0,False,0.0,0.0,0.0,138.99999999999994,0.7421150278293136,8,rider,0.2,0.5,weighted_crc,segformer_b2_cityscapes,cityscapes_val_half,139
1.0,1000,False,0.0,0.0,1.0,0.834,83,159,0.0,False,0.0,0.0,0.0,183.9999999999999,0.684931506849315,8,bicycle,0.05,0.1,weighted_crc,segformer_b2_cityscapes,cityscapes_val_half,184
1.0,1000,False,0.0,0.0,1.0,0.834,83,159,0.0,False,0.0,0.0,0.0,183.9999999999999,0.684931506849315,8,bicycle,0.1,0.1,weighted_crc,segformer_b2_cityscapes,cityscapes_val_half,184
1.0,1000,False,0.0,0.0,1.0,0.834,83,159,0.0,False,0.0,0.0,0.0,183.9999999999999,0.684931506849315,8,bicycle,0.2,0.1,weighted_crc,segformer_b2_cityscapes,cityscapes_val_half,184
1.0,1000,False,0.0,0.0,1.0,0.834,83,159,0.0,False,0.0,0.0,0.0,183.9999999999999,0.684931506849315,8,bicycle,0.05,0.5,weighted_crc,segformer_b2_cityscapes,cityscapes_val_half,184
1.0,1000,False,0.0,0.0,1.0,0.834,83,159,0.0,False,0.0,0.0,0.0,183.9999999999999,0.684931506849315,8,bicycle,0.1,0.5,weighted_crc,segformer_b2_cityscapes,cityscapes_val_half,184
1.0,1000,False,0.0,0.0,1.0,0.834,83,159,0.0,False,0.0,0.0,0.0,183.9999999999999,0.684931506849315,8,bicycle,0.2,0.5,weighted_crc,segformer_b2_cityscapes,cityscapes_val_half,184
1.0,1000,False,0.0,0.0,1.0,0.66,170,334,0.0,False,0.0,0.0,0.0,203.9999999999999,0.6622516556291391,9,person,0.05,0.1,weighted_crc,segformer_b2_cityscapes,cityscapes_val_half,204
1.0,1000,False,0.0,0.0,1.0,0.66,170,334,0.0,False,0.0,0.0,0.0,203.9999999999999,0.6622516556291391,9,person,0.1,0.1,weighted_crc,segformer_b2_cityscapes,cityscapes_val_half,204
1.0,1000,False,0.0,0.0,1.0,0.66,170,334,0.0,False,0.0,0.0,0.0,203.9999999999999,0.6622516556291391,9,person,0.2,0.1,weighted_crc,segformer_b2_cityscapes,cityscapes_val_half,204
1.0,1000,False,0.0,0.0,1.0,0.66,170,334,0.0,False,0.0,0.0,0.0,203.9999999999999,0.6622516556291391,9,person,0.05,0.5,weighted_crc,segformer_b2_cityscapes,cityscapes_val_half,204
1.0,1000,False,0.0,0.0,1.0,0.66,170,334,0.0,False,0.0,0.0,0.0,203.9999999999999,0.6622516556291391,9,person,0.1,0.5,weighted_crc,segformer_b2_cityscapes,cityscapes_val_half,204
1.0,1000,False,0.0,0.0,1.0,0.66,170,334,0.0,False,0.0,0.0,0.0,203.9999999999999,0.6622516556291391,9,person,0.2,0.5,weighted_crc,segformer_b2_cityscapes,cityscapes_val_half,204
1.0,1000,False,0.0,0.0,1.0,0.944,28,38,0.0,False,0.0,0.0,0.0,127.99999999999997,0.7575757575757576,9,rider,0.05,0.1,weighted_crc,segformer_b2_cityscapes,cityscapes_val_half,128
1.0,1000,False,0.0,0.0,1.0,0.944,28,38,0.0,False,0.0,0.0,0.0,127.99999999999997,0.7575757575757576,9,rider,0.1,0.1,weighted_crc,segformer_b2_cityscapes,cityscapes_val_half,128
1.0,1000,False,0.0,0.0,1.0,0.944,28,38,0.0,False,0.0,0.0,0.0,127.99999999999997,0.7575757575757576,9,rider,0.2,0.1,weighted_crc,segformer_b2_cityscapes,cityscapes_val_half,128
1.0,1000,False,0.0,0.0,1.0,0.944,28,38,0.0,False,0.0,0.0,0.0,127.99999999999997,0.7575757575757576,9,rider,0.05,0.5,weighted_crc,segformer_b2_cityscapes,cityscapes_val_half,128
1.0,1000,False,0.0,0.0,1.0,0.944,28,38,0.0,False,0.0,0.0,0.0,127.99999999999997,0.7575757575757576,9,rider,0.1,0.5,weighted_crc,segformer_b2_cityscapes,cityscapes_val_half,128
1.0,1000,False,0.0,0.0,1.0,0.944,28,38,0.0,False,0.0,0.0,0.0,127.99999999999997,0.7575757575757576,9,rider,0.2,0.5,weighted_crc,segformer_b2_cityscapes,cityscapes_val_half,128
1.0,1000,False,0.0,0.0,1.0,0.834,83,159,0.0,False,0.0,0.0,0.0,175.9999999999999,0.6944444444444445,9,bicycle,0.05,0.1,weighted_crc,segformer_b2_cityscapes,cityscapes_val_half,176
1.0,1000,False,0.0,0.0,1.0,0.834,83,159,0.0,False,0.0,0.0,0.0,175.9999999999999,0.6944444444444445,9,bicycle,0.1,0.1,weighted_crc,segformer_b2_cityscapes,cityscapes_val_half,176
1.0,1000,False,0.0,0.0,1.0,0.834,83,159,0.0,False,0.0,0.0,0.0,175.9999999999999,0.6944444444444445,9,bicycle,0.2,0.1,weighted_crc,segformer_b2_cityscapes,cityscapes_val_half,176
1.0,1000,False,0.0,0.0,1.0,0.834,83,159,0.0,False,0.0,0.0,0.0,175.9999999999999,0.6944444444444445,9,bicycle,0.05,0.5,weighted_crc,segformer_b2_cityscapes,cityscapes_val_half,176
1.0,1000,False,0.0,0.0,1.0,0.834,83,159,0.0,False,0.0,0.0,0.0,175.9999999999999,0.6944444444444445,9,bicycle,0.1,0.5,weighted_crc,segformer_b2_cityscapes,cityscapes_val_half,176
1.0,1000,False,0.0,0.0,1.0,0.834,83,159,0.0,False,0.0,0.0,0.0,175.9999999999999,0.6944444444444445,9,bicycle,0.2,0.5,weighted_crc,segformer_b2_cityscapes,cityscapes_val_half,176
1.0,1000,False,0.0,0.0,1.0,0.66,170,334,0.0,False,0.0,0.0,0.0,189.4460285902157,0.6616246929368548,10,person,0.05,0.1,weighted_crc,segformer_b2_cityscapes,cityscapes_val_half,201
1.0,1000,False,0.0,0.0,1.0,0.66,170,334,0.0,False,0.0,0.0,0.0,189.4460285902157,0.6616246929368548,10,person,0.1,0.1,weighted_crc,segformer_b2_cityscapes,cityscapes_val_half,201
1.0,1000,False,0.0,0.0,1.0,0.66,170,334,0.0,False,0.0,0.0,0.0,189.4460285902157,0.6616246929368548,10,person,0.2,0.1,weighted_crc,segformer_b2_cityscapes,cityscapes_val_half,201
1.0,1000,False,0.0,0.0,1.0,0.66,170,334,0.0,False,0.0,0.0,0.0,189.4460285902157,0.6616246929368548,10,person,0.05,0.5,weighted_crc,segformer_b2_cityscapes,cityscapes_val_half,201
1.0,1000,False,0.0,0.0,1.0,0.66,170,334,0.0,False,0.0,0.0,0.0,189.4460285902157,0.6616246929368548,10,person,0.1,0.5,weighted_crc,segformer_b2_cityscapes,cityscapes_val_half,201
1.0,1000,False,0.0,0.0,1.0,0.66,170,334,0.0,False,0.0,0.0,0.0,189.4460285902157,0.6616246929368548,10,person,0.2,0.5,weighted_crc,segformer_b2_cityscapes,cityscapes_val_half,201
1.0,1000,False,0.0,0.0,1.0,0.944,28,38,0.0,False,0.0,0.0,0.0,127.99999999999997,0.7575757575757576,10,rider,0.05,0.1,weighted_crc,segformer_b2_cityscapes,cityscapes_val_half,128
1.0,1000,False,0.0,0.0,1.0,0.944,28,38,0.0,False,0.0,0.0,0.0,127.99999999999997,0.7575757575757576,10,rider,0.1,0.1,weighted_crc,segformer_b2_cityscapes,cityscapes_val_half,128
1.0,1000,False,0.0,0.0,1.0,0.944,28,38,0.0,False,0.0,0.0,0.0,127.99999999999997,0.7575757575757576,10,rider,0.2,0.1,weighted_crc,segformer_b2_cityscapes,cityscapes_val_half,128
1.0,1000,False,0.0,0.0,1.0,0.944,28,38,0.0,False,0.0,0.0,0.0,127.99999999999997,0.7575757575757576,10,rider,0.05,0.5,weighted_crc,segformer_b2_cityscapes,cityscapes_val_half,128
1.0,1000,False,0.0,0.0,1.0,0.944,28,38,0.0,False,0.0,0.0,0.0,127.99999999999997,0.7575757575757576,10,rider,0.1,0.5,weighted_crc,segformer_b2_cityscapes,cityscapes_val_half,128
1.0,1000,False,0.0,0.0,1.0,0.944,28,38,0.0,False,0.0,0.0,0.0,127.99999999999997,0.7575757575757576,10,rider,0.2,0.5,weighted_crc,segformer_b2_cityscapes,cityscapes_val_half,128
1.0,1000,False,0.0,0.0,1.0,0.834,83,159,0.0,False,0.0,0.0,0.0,180.9999999999998,0.6884681583476765,10,bicycle,0.05,0.1,weighted_crc,segformer_b2_cityscapes,cityscapes_val_half,181
1.0,1000,False,0.0,0.0,1.0,0.834,83,159,0.0,False,0.0,0.0,0.0,180.9999999999998,0.6884681583476765,10,bicycle,0.1,0.1,weighted_crc,segformer_b2_cityscapes,cityscapes_val_half,181
1.0,1000,False,0.0,0.0,1.0,0.834,83,159,0.0,False,0.0,0.0,0.0,180.9999999999998,0.6884681583476765,10,bicycle,0.2,0.1,weighted_crc,segformer_b2_cityscapes,cityscapes_val_half,181
1.0,1000,False,0.0,0.0,1.0,0.834,83,159,0.0,False,0.0,0.0,0.0,180.9999999999998,0.6884681583476765,10,bicycle,0.05,0.5,weighted_crc,segformer_b2_cityscapes,cityscapes_val_half,181
1.0,1000,False,0.0,0.0,1.0,0.834,83,159,0.0,False,0.0,0.0,0.0,180.9999999999998,0.6884681583476765,10,bicycle,0.1,0.5,weighted_crc,segformer_b2_cityscapes,cityscapes_val_half,181
1.0,1000,False,0.0,0.0,1.0,0.834,83,159,0.0,False,0.0,0.0,0.0,180.9999999999998,0.6884681583476765,10,bicycle,0.2,0.5,weighted_crc,segformer_b2_cityscapes,cityscapes_val_half,181
1.0,1000,False,0.0,0.0,1.0,0.66,170,334,0.0,False,0.0,0.0,0.0,200.96585575925857,0.6653521198109243,11,person,0.05,0.1,weighted_crc,segformer_b2_cityscapes,cityscapes_val_half,201
1.0,1000,False,0.0,0.0,1.0,0.66,170,334,0.0,False,0.0,0.0,0.0,200.96585575925857,0.6653521198109243,11,person,0.1,0.1,weighted_crc,segformer_b2_cityscapes,cityscapes_val_half,201
1.0,1000,False,0.0,0.0,1.0,0.66,170,334,0.0,False,0.0,0.0,0.0,200.96585575925857,0.6653521198109243,11,person,0.2,0.1,weighted_crc,segformer_b2_cityscapes,cityscapes_val_half,201
1.0,1000,False,0.0,0.0,1.0,0.66,170,334,0.0,False,0.0,0.0,0.0,200.96585575925857,0.6653521198109243,11,person,0.05,0.5,weighted_crc,segformer_b2_cityscapes,cityscapes_val_half,201
1.0,1000,False,0.0,0.0,1.0,0.66,170,334,0.0,False,0.0,0.0,0.0,200.96585575925857,0.6653521198109243,11,person,0.1,0.5,weighted_crc,segformer_b2_cityscapes,cityscapes_val_half,201
1.0,1000,False,0.0,0.0,1.0,0.66,170,334,0.0,False,0.0,0.0,0.0,200.96585575925857,0.6653521198109243,11,person,0.2,0.5,weighted_crc,segformer_b2_cityscapes,cityscapes_val_half,201
1.0,1000,False,0.0,0.0,1.0,0.944,28,38,0.0,False,0.0,0.0,0.0,126.99999999999993,0.7590132827324477,11,rider,0.05,0.1,weighted_crc,segformer_b2_cityscapes,cityscapes_val_half,127
1.0,1000,False,0.0,0.0,1.0,0.944,28,38,0.0,False,0.0,0.0,0.0,126.99999999999993,0.7590132827324477,11,rider,0.1,0.1,weighted_crc,segformer_b2_cityscapes,cityscapes_val_half,127
1.0,1000,False,0.0,0.0,1.0,0.944,28,38,0.0,False,0.0,0.0,0.0,126.99999999999993,0.7590132827324477,11,rider,0.2,0.1,weighted_crc,segformer_b2_cityscapes,cityscapes_val_half,127
1.0,1000,False,0.0,0.0,1.0,0.944,28,38,0.0,False,0.0,0.0,0.0,126.99999999999993,0.7590132827324477,11,rider,0.05,0.5,weighted_crc,segformer_b2_cityscapes,cityscapes_val_half,127
1.0,1000,False,0.0,0.0,1.0,0.944,28,38,0.0,False,0.0,0.0,0.0,126.99999999999993,0.7590132827324477,11,rider,0.1,0.5,weighted_crc,segformer_b2_cityscapes,cityscapes_val_half,127
1.0,1000,False,0.0,0.0,1.0,0.944,28,38,0.0,False,0.0,0.0,0.0,126.99999999999993,0.7590132827324477,11,rider,0.2,0.5,weighted_crc,segformer_b2_cityscapes,cityscapes_val_half,127
1.0,1000,False,0.0,0.0,1.0,0.834,83,159,0.0,False,0.0,0.0,0.0,177.9999999999999,0.6920415224913495,11,bicycle,0.05,0.1,weighted_crc,segformer_b2_cityscapes,cityscapes_val_half,178
1.0,1000,False,0.0,0.0,1.0,0.834,83,159,0.0,False,0.0,0.0,0.0,177.9999999999999,0.6920415224913495,11,bicycle,0.1,0.1,weighted_crc,segformer_b2_cityscapes,cityscapes_val_half,178
1.0,1000,False,0.0,0.0,1.0,0.834,83,159,0.0,False,0.0,0.0,0.0,177.9999999999999,0.6920415224913495,11,bicycle,0.2,0.1,weighted_crc,segformer_b2_cityscapes,cityscapes_val_half,178
1.0,1000,False,0.0,0.0,1.0,0.834,83,159,0.0,False,0.0,0.0,0.0,177.9999999999999,0.6920415224913495,11,bicycle,0.05,0.5,weighted_crc,segformer_b2_cityscapes,cityscapes_val_half,178
1.0,1000,False,0.0,0.0,1.0,0.834,83,159,0.0,False,0.0,0.0,0.0,177.9999999999999,0.6920415224913495,11,bicycle,0.1,0.5,weighted_crc,segformer_b2_cityscapes,cityscapes_val_half,178
1.0,1000,False,0.0,0.0,1.0,0.834,83,159,0.0,False,0.0,0.0,0.0,177.9999999999999,0.6920415224913495,11,bicycle,0.2,0.5,weighted_crc,segformer_b2_cityscapes,cityscapes_val_half,178
1.0,1000,False,0.0,0.0,1.0,0.66,170,334,0.0,False,0.0,0.0,0.0,199.99999999999991,0.6666666666666666,12,person,0.05,0.1,weighted_crc,segformer_b2_cityscapes,cityscapes_val_half,200
1.0,1000,False,0.0,0.0,1.0,0.66,170,334,0.0,False,0.0,0.0,0.0,199.99999999999991,0.6666666666666666,12,person,0.1,0.1,weighted_crc,segformer_b2_cityscapes,cityscapes_val_half,200
1.0,1000,False,0.0,0.0,1.0,0.66,170,334,0.0,False,0.0,0.0,0.0,199.99999999999991,0.6666666666666666,12,person,0.2,0.1,weighted_crc,segformer_b2_cityscapes,cityscapes_val_half,200
1.0,1000,False,0.0,0.0,1.0,0.66,170,334,0.0,False,0.0,0.0,0.0,199.99999999999991,0.6666666666666666,12,person,0.05,0.5,weighted_crc,segformer_b2_cityscapes,cityscapes_val_half,200
1.0,1000,False,0.0,0.0,1.0,0.66,170,334,0.0,False,0.0,0.0,0.0,199.99999999999991,0.6666666666666666,12,person,0.1,0.5,weighted_crc,segformer_b2_cityscapes,cityscapes_val_half,200
1.0,1000,False,0.0,0.0,1.0,0.66,170,334,0.0,False,0.0,0.0,0.0,199.99999999999991,0.6666666666666666,12,person,0.2,0.5,weighted_crc,segformer_b2_cityscapes,cityscapes_val_half,200
1.0,1000,False,0.0,0.0,1.0,0.944,28,38,0.0,False,0.0,0.0,0.0,119.99999999999999,0.7692307692307693,12,rider,0.05,0.1,weighted_crc,segformer_b2_cityscapes,cityscapes_val_half,120
1.0,1000,False,0.0,0.0,1.0,0.944,28,38,0.0,False,0.0,0.0,0.0,119.99999999999999,0.7692307692307693,12,rider,0.1,0.1,weighted_crc,segformer_b2_cityscapes,cityscapes_val_half,120
1.0,1000,False,0.0,0.0,1.0,0.944,28,38,0.0,False,0.0,0.0,0.0,119.99999999999999,0.7692307692307693,12,rider,0.2,0.1,weighted_crc,segformer_b2_cityscapes,cityscapes_val_half,120
1.0,1000,False,0.0,0.0,1.0,0.944,28,38,0.0,False,0.0,0.0,0.0,119.99999999999999,0.7692307692307693,12,rider,0.05,0.5,weighted_crc,segformer_b2_cityscapes,cityscapes_val_half,120
1.0,1000,False,0.0,0.0,1.0,0.944,28,38,0.0,False,0.0,0.0,0.0,119.99999999999999,0.7692307692307693,12,rider,0.1,0.5,weighted_crc,segformer_b2_cityscapes,cityscapes_val_half,120
1.0,1000,False,0.0,0.0,1.0,0.944,28,38,0.0,False,0.0,0.0,0.0,119.99999999999999,0.7692307692307693,12,rider,0.2,0.5,weighted_crc,segformer_b2_cityscapes,cityscapes_val_half,120
1.0,1000,False,0.0,0.0,1.0,0.834,83,159,0.0,False,0.0,0.0,0.0,170.9999999999999,0.7005253940455343,12,bicycle,0.05,0.1,weighted_crc,segformer_b2_cityscapes,cityscapes_val_half,171
1.0,1000,False,0.0,0.0,1.0,0.834,83,159,0.0,False,0.0,0.0,0.0,170.9999999999999,0.7005253940455343,12,bicycle,0.1,0.1,weighted_crc,segformer_b2_cityscapes,cityscapes_val_half,171
1.0,1000,False,0.0,0.0,1.0,0.834,83,159,0.0,False,0.0,0.0,0.0,170.9999999999999,0.7005253940455343,12,bicycle,0.2,0.1,weighted_crc,segformer_b2_cityscapes,cityscapes_val_half,171
1.0,1000,False,0.0,0.0,1.0,0.834,83,159,0.0,False,0.0,0.0,0.0,170.9999999999999,0.7005253940455343,12,bicycle,0.05,0.5,weighted_crc,segformer_b2_cityscapes,cityscapes_val_half,171
1.0,1000,False,0.0,0.0,1.0,0.834,83,159,0.0,False,0.0,0.0,0.0,170.9999999999999,0.7005253940455343,12,bicycle,0.1,0.5,weighted_crc,segformer_b2_cityscapes,cityscapes_val_half,171
1.0,1000,False,0.0,0.0,1.0,0.834,83,159,0.0,False,0.0,0.0,0.0,170.9999999999999,0.7005253940455343,12,bicycle,0.2,0.5,weighted_crc,segformer_b2_cityscapes,cityscapes_val_half,171
1.0,1000,False,0.0,0.0,1.0,0.66,170,334,0.0,False,0.0,0.0,0.0,201.9999999999999,0.6644518272425249,13,person,0.05,0.1,weighted_crc,segformer_b2_cityscapes,cityscapes_val_half,202
1.0,1000,False,0.0,0.0,1.0,0.66,170,334,0.0,False,0.0,0.0,0.0,201.9999999999999,0.6644518272425249,13,person,0.1,0.1,weighted_crc,segformer_b2_cityscapes,cityscapes_val_half,202
1.0,1000,False,0.0,0.0,1.0,0.66,170,334,0.0,False,0.0,0.0,0.0,201.9999999999999,0.6644518272425249,13,person,0.2,0.1,weighted_crc,segformer_b2_cityscapes,cityscapes_val_half,202
1.0,1000,False,0.0,0.0,1.0,0.66,170,334,0.0,False,0.0,0.0,0.0,201.9999999999999,0.6644518272425249,13,person,0.05,0.5,weighted_crc,segformer_b2_cityscapes,cityscapes_val_half,202
1.0,1000,False,0.0,0.0,1.0,0.66,170,334,0.0,False,0.0,0.0,0.0,201.9999999999999,0.6644518272425249,13,person,0.1,0.5,weighted_crc,segformer_b2_cityscapes,cityscapes_val_half,202
1.0,1000,False,0.0,0.0,1.0,0.66,170,334,0.0,False,0.0,0.0,0.0,201.9999999999999,0.6644518272425249,13,person,0.2,0.5,weighted_crc,segformer_b2_cityscapes,cityscapes_val_half,202
1.0,1000,False,0.0,0.0,1.0,0.944,28,38,0.0,False,0.0,0.0,0.0,120.99999999999996,0.7677543186180422,13,rider,0.05,0.1,weighted_crc,segformer_b2_cityscapes,cityscapes_val_half,121
1.0,1000,False,0.0,0.0,1.0,0.944,28,38,0.0,False,0.0,0.0,0.0,120.99999999999996,0.7677543186180422,13,rider,0.1,0.1,weighted_crc,segformer_b2_cityscapes,cityscapes_val_half,121
1.0,1000,False,0.0,0.0,1.0,0.944,28,38,0.0,False,0.0,0.0,0.0,120.99999999999996,0.7677543186180422,13,rider,0.2,0.1,weighted_crc,segformer_b2_cityscapes,cityscapes_val_half,121
1.0,1000,False,0.0,0.0,1.0,0.944,28,38,0.0,False,0.0,0.0,0.0,120.99999999999996,0.7677543186180422,13,rider,0.05,0.5,weighted_crc,segformer_b2_cityscapes,cityscapes_val_half,121
1.0,1000,False,0.0,0.0,1.0,0.944,28,38,0.0,False,0.0,0.0,0.0,120.99999999999996,0.7677543186180422,13,rider,0.1,0.5,weighted_crc,segformer_b2_cityscapes,cityscapes_val_half,121
1.0,1000,False,0.0,0.0,1.0,0.944,28,38,0.0,False,0.0,0.0,0.0,120.99999999999996,0.7677543186180422,13,rider,0.2,0.5,weighted_crc,segformer_b2_cityscapes,cityscapes_val_half,121
1.0,1000,False,0.0,0.0,1.0,0.834,83,159,0.0,False,0.0,0.0,0.0,175.9999999999999,0.6944444444444445,13,bicycle,0.05,0.1,weighted_crc,segformer_b2_cityscapes,cityscapes_val_half,176
1.0,1000,False,0.0,0.0,1.0,0.834,83,159,0.0,False,0.0,0.0,0.0,175.9999999999999,0.6944444444444445,13,bicycle,0.1,0.1,weighted_crc,segformer_b2_cityscapes,cityscapes_val_half,176
1.0,1000,False,0.0,0.0,1.0,0.834,83,159,0.0,False,0.0,0.0,0.0,175.9999999999999,0.6944444444444445,13,bicycle,0.2,0.1,weighted_crc,segformer_b2_cityscapes,cityscapes_val_half,176
1.0,1000,False,0.0,0.0,1.0,0.834,83,159,0.0,False,0.0,0.0,0.0,175.9999999999999,0.6944444444444445,13,bicycle,0.05,0.5,weighted_crc,segformer_b2_cityscapes,cityscapes_val_half,176
1.0,1000,False,0.0,0.0,1.0,0.834,83,159,0.0,False,0.0,0.0,0.0,175.9999999999999,0.6944444444444445,13,bicycle,0.1,0.5,weighted_crc,segformer_b2_cityscapes,cityscapes_val_half,176
1.0,1000,False,0.0,0.0,1.0,0.834,83,159,0.0,False,0.0,0.0,0.0,175.9999999999999,0.6944444444444445,13,bicycle,0.2,0.5,weighted_crc,segformer_b2_cityscapes,cityscapes_val_half,176
1.0,1000,False,0.0,0.0,1.0,0.66,170,334,0.0,False,0.0,0.0,0.0,201.95816551677765,0.6642253367953522,14,person,0.05,0.1,weighted_crc,segformer_b2_cityscapes,cityscapes_val_half,202
1.0,1000,False,0.0,0.0,1.0,0.66,170,334,0.0,False,0.0,0.0,0.0,201.95816551677765,0.6642253367953522,14,person,0.1,0.1,weighted_crc,segformer_b2_cityscapes,cityscapes_val_half,202
1.0,1000,False,0.0,0.0,1.0,0.66,170,334,0.0,False,0.0,0.0,0.0,201.95816551677765,0.6642253367953522,14,person,0.2,0.1,weighted_crc,segformer_b2_cityscapes,cityscapes_val_half,202
1.0,1000,False,0.0,0.0,1.0,0.66,170,334,0.0,False,0.0,0.0,0.0,201.95816551677765,0.6642253367953522,14,person,0.05,0.5,weighted_crc,segformer_b2_cityscapes,cityscapes_val_half,202
1.0,1000,False,0.0,0.0,1.0,0.66,170,334,0.0,False,0.0,0.0,0.0,201.95816551677765,0.6642253367953522,14,person,0.1,0.5,weighted_crc,segformer_b2_cityscapes,cityscapes_val_half,202
1.0,1000,False,0.0,0.0,1.0,0.66,170,334,0.0,False,0.0,0.0,0.0,201.95816551677765,0.6642253367953522,14,person,0.2,0.5,weighted_crc,segformer_b2_cityscapes,cityscapes_val_half,202
1.0,1000,False,0.0,0.0,1.0,0.944,28,38,0.0,False,0.0,0.0,0.0,120.99999999999996,0.7677543186180422,14,rider,0.05,0.1,weighted_crc,segformer_b2_cityscapes,cityscapes_val_half,121
1.0,1000,False,0.0,0.0,1.0,0.944,28,38,0.0,False,0.0,0.0,0.0,120.99999999999996,0.7677543186180422,14,rider,0.1,0.1,weighted_crc,segformer_b2_cityscapes,cityscapes_val_half,121
1.0,1000,False,0.0,0.0,1.0,0.944,28,38,0.0,False,0.0,0.0,0.0,120.99999999999996,0.7677543186180422,14,rider,0.2,0.1,weighted_crc,segformer_b2_cityscapes,cityscapes_val_half,121
1.0,1000,False,0.0,0.0,1.0,0.944,28,38,0.0,False,0.0,0.0,0.0,120.99999999999996,0.7677543186180422,14,rider,0.05,0.5,weighted_crc,segformer_b2_cityscapes,cityscapes_val_half,121
1.0,1000,False,0.0,0.0,1.0,0.944,28,38,0.0,False,0.0,0.0,0.0,120.99999999999996,0.7677543186180422,14,rider,0.1,0.5,weighted_crc,segformer_b2_cityscapes,cityscapes_val_half,121
1.0,1000,False,0.0,0.0,1.0,0.944,28,38,0.0,False,0.0,0.0,0.0,120.99999999999996,0.7677543186180422,14,rider,0.2,0.5,weighted_crc,segformer_b2_cityscapes,cityscapes_val_half,121
1.0,1000,False,0.0,0.0,1.0,0.834,83,159,0.0,False,0.0,0.0,0.0,169.99999999999986,0.7017543859649122,14,bicycle,0.05,0.1,weighted_crc,segformer_b2_cityscapes,cityscapes_val_half,170
1.0,1000,False,0.0,0.0,1.0,0.834,83,159,0.0,False,0.0,0.0,0.0,169.99999999999986,0.7017543859649122,14,bicycle,0.1,0.1,weighted_crc,segformer_b2_cityscapes,cityscapes_val_half,170
1.0,1000,False,0.0,0.0,1.0,0.834,83,159,0.0,False,0.0,0.0,0.0,169.99999999999986,0.7017543859649122,14,bicycle,0.2,0.1,weighted_crc,segformer_b2_cityscapes,cityscapes_val_half,170
1.0,1000,False,0.0,0.0,1.0,0.834,83,159,0.0,False,0.0,0.0,0.0,169.99999999999986,0.7017543859649122,14,bicycle,0.05,0.5,weighted_crc,segformer_b2_cityscapes,cityscapes_val_half,170
1.0,1000,False,0.0,0.0,1.0,0.834,83,159,0.0,False,0.0,0.0,0.0,169.99999999999986,0.7017543859649122,14,bicycle,0.1,0.5,weighted_crc,segformer_b2_cityscapes,cityscapes_val_half,170
1.0,1000,False,0.0,0.0,1.0,0.834,83,159,0.0,False,0.0,0.0,0.0,169.99999999999986,0.7017543859649122,14,bicycle,0.2,0.5,weighted_crc,segformer_b2_cityscapes,cityscapes_val_half,170
1.0,1000,False,0.0,0.0,1.0,0.66,170,334,0.0,False,0.0,0.0,0.0,201.71885934953076,0.6638637024951393,15,person,0.05,0.1,weighted_crc,segformer_b2_cityscapes,cityscapes_val_half,202
1.0,1000,False,0.0,0.0,1.0,0.66,170,334,0.0,False,0.0,0.0,0.0,201.71885934953076,0.6638637024951393,15,person,0.1,0.1,weighted_crc,segformer_b2_cityscapes,cityscapes_val_half,202
1.0,1000,False,0.0,0.0,1.0,0.66,170,334,0.0,False,0.0,0.0,0.0,201.71885934953076,0.6638637024951393,15,person,0.2,0.1,weighted_crc,segformer_b2_cityscapes,cityscapes_val_half,202
1.0,1000,False,0.0,0.0,1.0,0.66,170,334,0.0,False,0.0,0.0,0.0,201.71885934953076,0.6638637024951393,15,person,0.05,0.5,weighted_crc,segformer_b2_cityscapes,cityscapes_val_half,202
1.0,1000,False,0.0,0.0,1.0,0.66,170,334,0.0,False,0.0,0.0,0.0,201.71885934953076,0.6638637024951393,15,person,0.1,0.5,weighted_crc,segformer_b2_cityscapes,cityscapes_val_half,202
1.0,1000,False,0.0,0.0,1.0,0.66,170,334,0.0,False,0.0,0.0,0.0,201.71885934953076,0.6638637024951393,15,person,0.2,0.5,weighted_crc,segformer_b2_cityscapes,cityscapes_val_half,202
1.0,1000,False,0.0,0.0,1.0,0.944,28,38,0.0,False,0.0,0.0,0.0,123.99999999999994,0.7633587786259542,15,rider,0.05,0.1,weighted_crc,segformer_b2_cityscapes,cityscapes_val_half,124
1.0,1000,False,0.0,0.0,1.0,0.944,28,38,0.0,False,0.0,0.0,0.0,123.99999999999994,0.7633587786259542,15,rider,0.1,0.1,weighted_crc,segformer_b2_cityscapes,cityscapes_val_half,124
1.0,1000,False,0.0,0.0,1.0,0.944,28,38,0.0,False,0.0,0.0,0.0,123.99999999999994,0.7633587786259542,15,rider,0.2,0.1,weighted_crc,segformer_b2_cityscapes,cityscapes_val_half,124
1.0,1000,False,0.0,0.0,1.0,0.944,28,38,0.0,False,0.0,0.0,0.0,123.99999999999994,0.7633587786259542,15,rider,0.05,0.5,weighted_crc,segformer_b2_cityscapes,cityscapes_val_half,124
1.0,1000,False,0.0,0.0,1.0,0.944,28,38,0.0,False,0.0,0.0,0.0,123.99999999999994,0.7633587786259542,15,rider,0.1,0.5,weighted_crc,segformer_b2_cityscapes,cityscapes_val_half,124
1.0,1000,False,0.0,0.0,1.0,0.944,28,38,0.0,False,0.0,0.0,0.0,123.99999999999994,0.7633587786259542,15,rider,0.2,0.5,weighted_crc,segformer_b2_cityscapes,cityscapes_val_half,124
1.0,1000,False,0.0,0.0,1.0,0.834,83,159,0.0,False,0.0,0.0,0.0,165.96884080684842,0.7041906854987462,15,bicycle,0.05,0.1,weighted_crc,segformer_b2_cityscapes,cityscapes_val_half,167
1.0,1000,False,0.0,0.0,1.0,0.834,83,159,0.0,False,0.0,0.0,0.0,165.96884080684842,0.7041906854987462,15,bicycle,0.1,0.1,weighted_crc,segformer_b2_cityscapes,cityscapes_val_half,167
1.0,1000,False,0.0,0.0,1.0,0.834,83,159,0.0,False,0.0,0.0,0.0,165.96884080684842,0.7041906854987462,15,bicycle,0.2,0.1,weighted_crc,segformer_b2_cityscapes,cityscapes_val_half,167
1.0,1000,False,0.0,0.0,1.0,0.834,83,159,0.0,False,0.0,0.0,0.0,165.96884080684842,0.7041906854987462,15,bicycle,0.05,0.5,weighted_crc,segformer_b2_cityscapes,cityscapes_val_half,167
1.0,1000,False,0.0,0.0,1.0,0.834,83,159,0.0,False,0.0,0.0,0.0,165.96884080684842,0.7041906854987462,15,bicycle,0.1,0.5,weighted_crc,segformer_b2_cityscapes,cityscapes_val_half,167
1.0,1000,False,0.0,0.0,1.0,0.834,83,159,0.0,False,0.0,0.0,0.0,165.96884080684842,0.7041906854987462,15,bicycle,0.2,0.5,weighted_crc,segformer_b2_cityscapes,cityscapes_val_half,167
1.0,1000,False,0.0,0.0,1.0,0.66,170,334,0.0,False,0.0,0.0,0.0,197.99999999999986,0.6688963210702341,16,person,0.05,0.1,weighted_crc,segformer_b2_cityscapes,cityscapes_val_half,198
1.0,1000,False,0.0,0.0,1.0,0.66,170,334,0.0,False,0.0,0.0,0.0,197.99999999999986,0.6688963210702341,16,person,0.1,0.1,weighted_crc,segformer_b2_cityscapes,cityscapes_val_half,198
1.0,1000,False,0.0,0.0,1.0,0.66,170,334,0.0,False,0.0,0.0,0.0,197.99999999999986,0.6688963210702341,16,person,0.2,0.1,weighted_crc,segformer_b2_cityscapes,cityscapes_val_half,198
1.0,1000,False,0.0,0.0,1.0,0.66,170,334,0.0,False,0.0,0.0,0.0,197.99999999999986,0.6688963210702341,16,person,0.05,0.5,weighted_crc,segformer_b2_cityscapes,cityscapes_val_half,198
1.0,1000,False,0.0,0.0,1.0,0.66,170,334,0.0,False,0.0,0.0,0.0,197.99999999999986,0.6688963210702341,16,person,0.1,0.5,weighted_crc,segformer_b2_cityscapes,cityscapes_val_half,198
1.0,1000,False,0.0,0.0,1.0,0.66,170,334,0.0,False,0.0,0.0,0.0,197.99999999999986,0.6688963210702341,16,person,0.2,0.5,weighted_crc,segformer_b2_cityscapes,cityscapes_val_half,198
1.0,1000,False,0.0,0.0,1.0,0.944,28,38,0.0,False,0.0,0.0,0.0,134.99999999999991,0.7476635514018691,16,rider,0.05,0.1,weighted_crc,segformer_b2_cityscapes,cityscapes_val_half,135
1.0,1000,False,0.0,0.0,1.0,0.944,28,38,0.0,False,0.0,0.0,0.0,134.99999999999991,0.7476635514018691,16,rider,0.1,0.1,weighted_crc,segformer_b2_cityscapes,cityscapes_val_half,135
1.0,1000,False,0.0,0.0,1.0,0.944,28,38,0.0,False,0.0,0.0,0.0,134.99999999999991,0.7476635514018691,16,rider,0.2,0.1,weighted_crc,segformer_b2_cityscapes,cityscapes_val_half,135
1.0,1000,False,0.0,0.0,1.0,0.944,28,38,0.0,False,0.0,0.0,0.0,134.99999999999991,0.7476635514018691,16,rider,0.05,0.5,weighted_crc,segformer_b2_cityscapes,cityscapes_val_half,135
1.0,1000,False,0.0,0.0,1.0,0.944,28,38,0.0,False,0.0,0.0,0.0,134.99999999999991,0.7476635514018691,16,rider,0.1,0.5,weighted_crc,segformer_b2_cityscapes,cityscapes_val_half,135
1.0,1000,False,0.0,0.0,1.0,0.944,28,38,0.0,False,0.0,0.0,0.0,134.99999999999991,0.7476635514018691,16,rider,0.2,0.5,weighted_crc,segformer_b2_cityscapes,cityscapes_val_half,135
1.0,1000,False,0.0,0.0,1.0,0.834,83,159,0.0,False,0.0,0.0,0.0,171.99999999999986,0.6993006993006994,16,bicycle,0.05,0.1,weighted_crc,segformer_b2_cityscapes,cityscapes_val_half,172
1.0,1000,False,0.0,0.0,1.0,0.834,83,159,0.0,False,0.0,0.0,0.0,171.99999999999986,0.6993006993006994,16,bicycle,0.1,0.1,weighted_crc,segformer_b2_cityscapes,cityscapes_val_half,172
1.0,1000,False,0.0,0.0,1.0,0.834,83,159,0.0,False,0.0,0.0,0.0,171.99999999999986,0.6993006993006994,16,bicycle,0.2,0.1,weighted_crc,segformer_b2_cityscapes,cityscapes_val_half,172
1.0,1000,False,0.0,0.0,1.0,0.834,83,159,0.0,False,0.0,0.0,0.0,171.99999999999986,0.6993006993006994,16,bicycle,0.05,0.5,weighted_crc,segformer_b2_cityscapes,cityscapes_val_half,172
1.0,1000,False,0.0,0.0,1.0,0.834,83,159,0.0,False,0.0,0.0,0.0,171.99999999999986,0.6993006993006994,16,bicycle,0.1,0.5,weighted_crc,segformer_b2_cityscapes,cityscapes_val_half,172
1.0,1000,False,0.0,0.0,1.0,0.834,83,159,0.0,False,0.0,0.0,0.0,171.99999999999986,0.6993006993006994,16,bicycle,0.2,0.5,weighted_crc,segformer_b2_cityscapes,cityscapes_val_half,172
1.0,1000,False,0.0,0.0,1.0,0.66,170,334,0.0,False,0.0,0.0,0.0,200.99999999999994,0.6655574043261231,17,person,0.05,0.1,weighted_crc,segformer_b2_cityscapes,cityscapes_val_half,201
1.0,1000,False,0.0,0.0,1.0,0.66,170,334,0.0,False,0.0,0.0,0.0,200.99999999999994,0.6655574043261231,17,person,0.1,0.1,weighted_crc,segformer_b2_cityscapes,cityscapes_val_half,201
1.0,1000,False,0.0,0.0,1.0,0.66,170,334,0.0,False,0.0,0.0,0.0,200.99999999999994,0.6655574043261231,17,person,0.2,0.1,weighted_crc,segformer_b2_cityscapes,cityscapes_val_half,201
1.0,1000,False,0.0,0.0,1.0,0.66,170,334,0.0,False,0.0,0.0,0.0,200.99999999999994,0.6655574043261231,17,person,0.05,0.5,weighted_crc,segformer_b2_cityscapes,cityscapes_val_half,201
1.0,1000,False,0.0,0.0,1.0,0.66,170,334,0.0,False,0.0,0.0,0.0,200.99999999999994,0.6655574043261231,17,person,0.1,0.5,weighted_crc,segformer_b2_cityscapes,cityscapes_val_half,201
1.0,1000,False,0.0,0.0,1.0,0.66,170,334,0.0,False,0.0,0.0,0.0,200.99999999999994,0.6655574043261231,17,person,0.2,0.5,weighted_crc,segformer_b2_cityscapes,cityscapes_val_half,201
1.0,1000,False,0.0,0.0,1.0,0.944,28,38,0.0,False,0.0,0.0,0.0,142.99999999999991,0.7366482504604052,17,rider,0.05,0.1,weighted_crc,segformer_b2_cityscapes,cityscapes_val_half,143
1.0,1000,False,0.0,0.0,1.0,0.944,28,38,0.0,False,0.0,0.0,0.0,142.99999999999991,0.7366482504604052,17,rider,0.1,0.1,weighted_crc,segformer_b2_cityscapes,cityscapes_val_half,143
1.0,1000,False,0.0,0.0,1.0,0.944,28,38,0.0,False,0.0,0.0,0.0,142.99999999999991,0.7366482504604052,17,rider,0.2,0.1,weighted_crc,segformer_b2_cityscapes,cityscapes_val_half,143
1.0,1000,False,0.0,0.0,1.0,0.944,28,38,0.0,False,0.0,0.0,0.0,142.99999999999991,0.7366482504604052,17,rider,0.05,0.5,weighted_crc,segformer_b2_cityscapes,cityscapes_val_half,143
1.0,1000,False,0.0,0.0,1.0,0.944,28,38,0.0,False,0.0,0.0,0.0,142.99999999999991,0.7366482504604052,17,rider,0.1,0.5,weighted_crc,segformer_b2_cityscapes,cityscapes_val_half,143
1.0,1000,False,0.0,0.0,1.0,0.944,28,38,0.0,False,0.0,0.0,0.0,142.99999999999991,0.7366482504604052,17,rider,0.2,0.5,weighted_crc,segformer_b2_cityscapes,cityscapes_val_half,143
1.0,1000,False,0.0,0.0,1.0,0.834,83,159,0.0,False,0.0,0.0,0.0,191.99999999999991,0.6756756756756757,17,bicycle,0.05,0.1,weighted_crc,segformer_b2_cityscapes,cityscapes_val_half,192
1.0,1000,False,0.0,0.0,1.0,0.834,83,159,0.0,False,0.0,0.0,0.0,191.99999999999991,0.6756756756756757,17,bicycle,0.1,0.1,weighted_crc,segformer_b2_cityscapes,cityscapes_val_half,192
1.0,1000,False,0.0,0.0,1.0,0.834,83,159,0.0,False,0.0,0.0,0.0,191.99999999999991,0.6756756756756757,17,bicycle,0.2,0.1,weighted_crc,segformer_b2_cityscapes,cityscapes_val_half,192
1.0,1000,False,0.0,0.0,1.0,0.834,83,159,0.0,False,0.0,0.0,0.0,191.99999999999991,0.6756756756756757,17,bicycle,0.05,0.5,weighted_crc,segformer_b2_cityscapes,cityscapes_val_half,192
1.0,1000,False,0.0,0.0,1.0,0.834,83,159,0.0,False,0.0,0.0,0.0,191.99999999999991,0.6756756756756757,17,bicycle,0.1,0.5,weighted_crc,segformer_b2_cityscapes,cityscapes_val_half,192
1.0,1000,False,0.0,0.0,1.0,0.834,83,159,0.0,False,0.0,0.0,0.0,191.99999999999991,0.6756756756756757,17,bicycle,0.2,0.5,weighted_crc,segformer_b2_cityscapes,cityscapes_val_half,192
1.0,1000,False,0.0,0.0,1.0,0.66,170,334,0.0,False,0.0,0.0,0.0,199.99999999999991,0.6666666666666666,18,person,0.05,0.1,weighted_crc,segformer_b2_cityscapes,cityscapes_val_half,200
1.0,1000,False,0.0,0.0,1.0,0.66,170,334,0.0,False,0.0,0.0,0.0,199.99999999999991,0.6666666666666666,18,person,0.1,0.1,weighted_crc,segformer_b2_cityscapes,cityscapes_val_half,200
1.0,1000,False,0.0,0.0,1.0,0.66,170,334,0.0,False,0.0,0.0,0.0,199.99999999999991,0.6666666666666666,18,person,0.2,0.1,weighted_crc,segformer_b2_cityscapes,cityscapes_val_half,200
1.0,1000,False,0.0,0.0,1.0,0.66,170,334,0.0,False,0.0,0.0,0.0,199.99999999999991,0.6666666666666666,18,person,0.05,0.5,weighted_crc,segformer_b2_cityscapes,cityscapes_val_half,200
1.0,1000,False,0.0,0.0,1.0,0.66,170,334,0.0,False,0.0,0.0,0.0,199.99999999999991,0.6666666666666666,18,person,0.1,0.5,weighted_crc,segformer_b2_cityscapes,cityscapes_val_half,200
1.0,1000,False,0.0,0.0,1.0,0.66,170,334,0.0,False,0.0,0.0,0.0,199.99999999999991,0.6666666666666666,18,person,0.2,0.5,weighted_crc,segformer_b2_cityscapes,cityscapes_val_half,200
1.0,1000,False,0.0,0.0,1.0,0.944,28,38,0.0,False,0.0,0.0,0.0,124.22028169533303,0.7606070634500347,18,rider,0.05,0.1,weighted_crc,segformer_b2_cityscapes,cityscapes_val_half,125
1.0,1000,False,0.0,0.0,1.0,0.944,28,38,0.0,False,0.0,0.0,0.0,124.22028169533303,0.7606070634500347,18,rider,0.1,0.1,weighted_crc,segformer_b2_cityscapes,cityscapes_val_half,125
1.0,1000,False,0.0,0.0,1.0,0.944,28,38,0.0,False,0.0,0.0,0.0,124.22028169533303,0.7606070634500347,18,rider,0.2,0.1,weighted_crc,segformer_b2_cityscapes,cityscapes_val_half,125
1.0,1000,False,0.0,0.0,1.0,0.944,28,38,0.0,False,0.0,0.0,0.0,124.22028169533303,0.7606070634500347,18,rider,0.05,0.5,weighted_crc,segformer_b2_cityscapes,cityscapes_val_half,125
1.0,1000,False,0.0,0.0,1.0,0.944,28,38,0.0,False,0.0,0.0,0.0,124.22028169533303,0.7606070634500347,18,rider,0.1,0.5,weighted_crc,segformer_b2_cityscapes,cityscapes_val_half,125
1.0,1000,False,0.0,0.0,1.0,0.944,28,38,0.0,False,0.0,0.0,0.0,124.22028169533303,0.7606070634500347,18,rider,0.2,0.5,weighted_crc,segformer_b2_cityscapes,cityscapes_val_half,125
1.0,1000,False,0.0,0.0,1.0,0.834,83,159,0.0,False,0.0,0.0,0.0,168.99999999999991,0.70298769771529,18,bicycle,0.05,0.1,weighted_crc,segformer_b2_cityscapes,cityscapes_val_half,169
1.0,1000,False,0.0,0.0,1.0,0.834,83,159,0.0,False,0.0,0.0,0.0,168.99999999999991,0.70298769771529,18,bicycle,0.1,0.1,weighted_crc,segformer_b2_cityscapes,cityscapes_val_half,169
1.0,1000,False,0.0,0.0,1.0,0.834,83,159,0.0,False,0.0,0.0,0.0,168.99999999999991,0.70298769771529,18,bicycle,0.2,0.1,weighted_crc,segformer_b2_cityscapes,cityscapes_val_half,169
1.0,1000,False,0.0,0.0,1.0,0.834,83,159,0.0,False,0.0,0.0,0.0,168.99999999999991,0.70298769771529,18,bicycle,0.05,0.5,weighted_crc,segformer_b2_cityscapes,cityscapes_val_half,169
1.0,1000,False,0.0,0.0,1.0,0.834,83,159,0.0,False,0.0,0.0,0.0,168.99999999999991,0.70298769771529,18,bicycle,0.1,0.5,weighted_crc,segformer_b2_cityscapes,cityscapes_val_half,169
1.0,1000,False,0.0,0.0,1.0,0.834,83,159,0.0,False,0.0,0.0,0.0,168.99999999999991,0.70298769771529,18,bicycle,0.2,0.5,weighted_crc,segformer_b2_cityscapes,cityscapes_val_half,169
1.0,1000,False,0.0,0.0,1.0,0.66,170,334,0.0,False,0.0,0.0,0.0,200.99999999999994,0.6655574043261231,19,person,0.05,0.1,weighted_crc,segformer_b2_cityscapes,cityscapes_val_half,201
1.0,1000,False,0.0,0.0,1.0,0.66,170,334,0.0,False,0.0,0.0,0.0,200.99999999999994,0.6655574043261231,19,person,0.1,0.1,weighted_crc,segformer_b2_cityscapes,cityscapes_val_half,201
1.0,1000,False,0.0,0.0,1.0,0.66,170,334,0.0,False,0.0,0.0,0.0,200.99999999999994,0.6655574043261231,19,person,0.2,0.1,weighted_crc,segformer_b2_cityscapes,cityscapes_val_half,201
1.0,1000,False,0.0,0.0,1.0,0.66,170,334,0.0,False,0.0,0.0,0.0,200.99999999999994,0.6655574043261231,19,person,0.05,0.5,weighted_crc,segformer_b2_cityscapes,cityscapes_val_half,201
1.0,1000,False,0.0,0.0,1.0,0.66,170,334,0.0,False,0.0,0.0,0.0,200.99999999999994,0.6655574043261231,19,person,0.1,0.5,weighted_crc,segformer_b2_cityscapes,cityscapes_val_half,201
1.0,1000,False,0.0,0.0,1.0,0.66,170,334,0.0,False,0.0,0.0,0.0,200.99999999999994,0.6655574043261231,19,person,0.2,0.5,weighted_crc,segformer_b2_cityscapes,cityscapes_val_half,201
1.0,1000,False,0.0,0.0,1.0,0.944,28,38,0.0,False,0.0,0.0,0.0,130.99999999999994,0.7532956685499059,19,rider,0.05,0.1,weighted_crc,segformer_b2_cityscapes,cityscapes_val_half,131
1.0,1000,False,0.0,0.0,1.0,0.944,28,38,0.0,False,0.0,0.0,0.0,130.99999999999994,0.7532956685499059,19,rider,0.1,0.1,weighted_crc,segformer_b2_cityscapes,cityscapes_val_half,131
1.0,1000,False,0.0,0.0,1.0,0.944,28,38,0.0,False,0.0,0.0,0.0,130.99999999999994,0.7532956685499059,19,rider,0.2,0.1,weighted_crc,segformer_b2_cityscapes,cityscapes_val_half,131
1.0,1000,False,0.0,0.0,1.0,0.944,28,38,0.0,False,0.0,0.0,0.0,130.99999999999994,0.7532956685499059,19,rider,0.05,0.5,weighted_crc,segformer_b2_cityscapes,cityscapes_val_half,131
1.0,1000,False,0.0,0.0,1.0,0.944,28,38,0.0,False,0.0,0.0,0.0,130.99999999999994,0.7532956685499059,19,rider,0.1,0.5,weighted_crc,segformer_b2_cityscapes,cityscapes_val_half,131
1.0,1000,False,0.0,0.0,1.0,0.944,28,38,0.0,False,0.0,0.0,0.0,130.99999999999994,0.7532956685499059,19,rider,0.2,0.5,weighted_crc,segformer_b2_cityscapes,cityscapes_val_half,131
1.0,1000,False,0.0,0.0,1.0,0.834,83,159,0.0,False,0.0,0.0,0.0,171.99999999999986,0.6993006993006994,19,bicycle,0.05,0.1,weighted_crc,segformer_b2_cityscapes,cityscapes_val_half,172
1.0,1000,False,0.0,0.0,1.0,0.834,83,159,0.0,False,0.0,0.0,0.0,171.99999999999986,0.6993006993006994,19,bicycle,0.1,0.1,weighted_crc,segformer_b2_cityscapes,cityscapes_val_half,172
1.0,1000,False,0.0,0.0,1.0,0.834,83,159,0.0,False,0.0,0.0,0.0,171.99999999999986,0.6993006993006994,19,bicycle,0.2,0.1,weighted_crc,segformer_b2_cityscapes,cityscapes_val_half,172
1.0,1000,False,0.0,0.0,1.0,0.834,83,159,0.0,False,0.0,0.0,0.0,171.99999999999986,0.6993006993006994,19,bicycle,0.05,0.5,weighted_crc,segformer_b2_cityscapes,cityscapes_val_half,172
1.0,1000,False,0.0,0.0,1.0,0.834,83,159,0.0,False,0.0,0.0,0.0,171.99999999999986,0.6993006993006994,19,bicycle,0.1,0.5,weighted_crc,segformer_b2_cityscapes,cityscapes_val_half,172
1.0,1000,False,0.0,0.0,1.0,0.834,83,159,0.0,False,0.0,0.0,0.0,171.99999999999986,0.6993006993006994,19,bicycle,0.2,0.5,weighted_crc,segformer_b2_cityscapes,cityscapes_val_half,172
1.0,1000,False,0.0,0.0,1.0,0.66,170,334,0.0,False,0.0,0.0,0.0,200.99999999999994,0.6655574043261231,20,person,0.05,0.1,weighted_crc,segformer_b2_cityscapes,cityscapes_val_half,201
1.0,1000,False,0.0,0.0,1.0,0.66,170,334,0.0,False,0.0,0.0,0.0,200.99999999999994,0.6655574043261231,20,person,0.1,0.1,weighted_crc,segformer_b2_cityscapes,cityscapes_val_half,201
1.0,1000,False,0.0,0.0,1.0,0.66,170,334,0.0,False,0.0,0.0,0.0,200.99999999999994,0.6655574043261231,20,person,0.2,0.1,weighted_crc,segformer_b2_cityscapes,cityscapes_val_half,201
1.0,1000,False,0.0,0.0,1.0,0.66,170,334,0.0,False,0.0,0.0,0.0,200.99999999999994,0.6655574043261231,20,person,0.05,0.5,weighted_crc,segformer_b2_cityscapes,cityscapes_val_half,201
1.0,1000,False,0.0,0.0,1.0,0.66,170,334,0.0,False,0.0,0.0,0.0,200.99999999999994,0.6655574043261231,20,person,0.1,0.5,weighted_crc,segformer_b2_cityscapes,cityscapes_val_half,201
1.0,1000,False,0.0,0.0,1.0,0.66,170,334,0.0,False,0.0,0.0,0.0,200.99999999999994,0.6655574043261231,20,person,0.2,0.5,weighted_crc,segformer_b2_cityscapes,cityscapes_val_half,201
1.0,1000,False,0.0,0.0,1.0,0.944,28,38,0.0,False,0.0,0.0,0.0,122.99999999999996,0.7648183556405355,20,rider,0.05,0.1,weighted_crc,segformer_b2_cityscapes,cityscapes_val_half,123
1.0,1000,False,0.0,0.0,1.0,0.944,28,38,0.0,False,0.0,0.0,0.0,122.99999999999996,0.7648183556405355,20,rider,0.1,0.1,weighted_crc,segformer_b2_cityscapes,cityscapes_val_half,123
1.0,1000,False,0.0,0.0,1.0,0.944,28,38,0.0,False,0.0,0.0,0.0,122.99999999999996,0.7648183556405355,20,rider,0.2,0.1,weighted_crc,segformer_b2_cityscapes,cityscapes_val_half,123
1.0,1000,False,0.0,0.0,1.0,0.944,28,38,0.0,False,0.0,0.0,0.0,122.99999999999996,0.7648183556405355,20,rider,0.05,0.5,weighted_crc,segformer_b2_cityscapes,cityscapes_val_half,123
1.0,1000,False,0.0,0.0,1.0,0.944,28,38,0.0,False,0.0,0.0,0.0,122.99999999999996,0.7648183556405355,20,rider,0.1,0.5,weighted_crc,segformer_b2_cityscapes,cityscapes_val_half,123
1.0,1000,False,0.0,0.0,1.0,0.944,28,38,0.0,False,0.0,0.0,0.0,122.99999999999996,0.7648183556405355,20,rider,0.2,0.5,weighted_crc,segformer_b2_cityscapes,cityscapes_val_half,123
1.0,1000,False,0.0,0.0,1.0,0.834,83,159,0.0,False,0.0,0.0,0.0,170.9999999999999,0.7005253940455343,20,bicycle,0.05,0.1,weighted_crc,segformer_b2_cityscapes,cityscapes_val_half,171
1.0,1000,False,0.0,0.0,1.0,0.834,83,159,0.0,False,0.0,0.0,0.0,170.9999999999999,0.7005253940455343,20,bicycle,0.1,0.1,weighted_crc,segformer_b2_cityscapes,cityscapes_val_half,171
1.0,1000,False,0.0,0.0,1.0,0.834,83,159,0.0,False,0.0,0.0,0.0,170.9999999999999,0.7005253940455343,20,bicycle,0.2,0.1,weighted_crc,segformer_b2_cityscapes,cityscapes_val_half,171
1.0,1000,False,0.0,0.0,1.0,0.834,83,159,0.0,False,0.0,0.0,0.0,170.9999999999999,0.7005253940455343,20,bicycle,0.05,0.5,weighted_crc,segformer_b2_cityscapes,cityscapes_val_half,171
1.0,1000,False,0.0,0.0,1.0,0.834,83,159,0.0,False,0.0,0.0,0.0,170.9999999999999,0.7005253940455343,20,bicycle,0.1,0.5,weighted_crc,segformer_b2_cityscapes,cityscapes_val_half,171
1.0,1000,False,0.0,0.0,1.0,0.834,83,159,0.0,False,0.0,0.0,0.0,170.9999999999999,0.7005253940455343,20,bicycle,0.2,0.5,weighted_crc,segformer_b2_cityscapes,cityscapes_val_half,171
1.0,1000,False,0.0,0.0,1.0,0.66,170,334,0.0,False,0.0,0.0,0.0,202.99999999999983,0.6633499170812603,21,person,0.05,0.1,weighted_crc,segformer_b2_cityscapes,cityscapes_val_half,203
1.0,1000,False,0.0,0.0,1.0,0.66,170,334,0.0,False,0.0,0.0,0.0,202.99999999999983,0.6633499170812603,21,person,0.1,0.1,weighted_crc,segformer_b2_cityscapes,cityscapes_val_half,203
1.0,1000,False,0.0,0.0,1.0,0.66,170,334,0.0,False,0.0,0.0,0.0,202.99999999999983,0.6633499170812603,21,person,0.2,0.1,weighted_crc,segformer_b2_cityscapes,cityscapes_val_half,203
1.0,1000,False,0.0,0.0,1.0,0.66,170,334,0.0,False,0.0,0.0,0.0,202.99999999999983,0.6633499170812603,21,person,0.05,0.5,weighted_crc,segformer_b2_cityscapes,cityscapes_val_half,203
1.0,1000,False,0.0,0.0,1.0,0.66,170,334,0.0,False,0.0,0.0,0.0,202.99999999999983,0.6633499170812603,21,person,0.1,0.5,weighted_crc,segformer_b2_cityscapes,cityscapes_val_half,203
1.0,1000,False,0.0,0.0,1.0,0.66,170,334,0.0,False,0.0,0.0,0.0,202.99999999999983,0.6633499170812603,21,person,0.2,0.5,weighted_crc,segformer_b2_cityscapes,cityscapes_val_half,203
1.0,1000,False,0.0,0.0,1.0,0.944,28,38,0.0,False,0.0,0.0,0.0,129.99999999999994,0.7547169811320755,21,rider,0.05,0.1,weighted_crc,segformer_b2_cityscapes,cityscapes_val_half,130
1.0,1000,False,0.0,0.0,1.0,0.944,28,38,0.0,False,0.0,0.0,0.0,129.99999999999994,0.7547169811320755,21,rider,0.1,0.1,weighted_crc,segformer_b2_cityscapes,cityscapes_val_half,130
1.0,1000,False,0.0,0.0,1.0,0.944,28,38,0.0,False,0.0,0.0,0.0,129.99999999999994,0.7547169811320755,21,rider,0.2,0.1,weighted_crc,segformer_b2_cityscapes,cityscapes_val_half,130
1.0,1000,False,0.0,0.0,1.0,0.944,28,38,0.0,False,0.0,0.0,0.0,129.99999999999994,0.7547169811320755,21,rider,0.05,0.5,weighted_crc,segformer_b2_cityscapes,cityscapes_val_half,130
1.0,1000,False,0.0,0.0,1.0,0.944,28,38,0.0,False,0.0,0.0,0.0,129.99999999999994,0.7547169811320755,21,rider,0.1,0.5,weighted_crc,segformer_b2_cityscapes,cityscapes_val_half,130
1.0,1000,False,0.0,0.0,1.0,0.944,28,38,0.0,False,0.0,0.0,0.0,129.99999999999994,0.7547169811320755,21,rider,0.2,0.5,weighted_crc,segformer_b2_cityscapes,cityscapes_val_half,130
1.0,1000,False,0.0,0.0,1.0,0.834,83,159,0.0,False,0.0,0.0,0.0,173.29152124014774,0.6958336995091464,21,bicycle,0.05,0.1,weighted_crc,segformer_b2_cityscapes,cityscapes_val_half,174
1.0,1000,False,0.0,0.0,1.0,0.834,83,159,0.0,False,0.0,0.0,0.0,173.29152124014774,0.6958336995091464,21,bicycle,0.1,0.1,weighted_crc,segformer_b2_cityscapes,cityscapes_val_half,174
1.0,1000,False,0.0,0.0,1.0,0.834,83,159,0.0,False,0.0,0.0,0.0,173.29152124014774,0.6958336995091464,21,bicycle,0.2,0.1,weighted_crc,segformer_b2_cityscapes,cityscapes_val_half,174
1.0,1000,False,0.0,0.0,1.0,0.834,83,159,0.0,False,0.0,0.0,0.0,173.29152124014774,0.6958336995091464,21,bicycle,0.05,0.5,weighted_crc,segformer_b2_cityscapes,cityscapes_val_half,174
1.0,1000,False,0.0,0.0,1.0,0.834,83,159,0.0,False,0.0,0.0,0.0,173.29152124014774,0.6958336995091464,21,bicycle,0.1,0.5,weighted_crc,segformer_b2_cityscapes,cityscapes_val_half,174
1.0,1000,False,0.0,0.0,1.0,0.834,83,159,0.0,False,0.0,0.0,0.0,173.29152124014774,0.6958336995091464,21,bicycle,0.2,0.5,weighted_crc,segformer_b2_cityscapes,cityscapes_val_half,174
1.0,1000,False,0.0,0.0,1.0,0.66,170,334,0.0,False,0.0,0.0,0.0,192.3497251928407,0.6689491029176095,22,person,0.05,0.1,weighted_crc,segformer_b2_cityscapes,cityscapes_val_half,196
1.0,1000,False,0.0,0.0,1.0,0.66,170,334,0.0,False,0.0,0.0,0.0,192.3497251928407,0.6689491029176095,22,person,0.1,0.1,weighted_crc,segformer_b2_cityscapes,cityscapes_val_half,196
1.0,1000,False,0.0,0.0,1.0,0.66,170,334,0.0,False,0.0,0.0,0.0,192.3497251928407,0.6689491029176095,22,person,0.2,0.1,weighted_crc,segformer_b2_cityscapes,cityscapes_val_half,196
1.0,1000,False,0.0,0.0,1.0,0.66,170,334,0.0,False,0.0,0.0,0.0,192.3497251928407,0.6689491029176095,22,person,0.05,0.5,weighted_crc,segformer_b2_cityscapes,cityscapes_val_half,196
1.0,1000,False,0.0,0.0,1.0,0.66,170,334,0.0,False,0.0,0.0,0.0,192.3497251928407,0.6689491029176095,22,person,0.1,0.5,weighted_crc,segformer_b2_cityscapes,cityscapes_val_half,196
1.0,1000,False,0.0,0.0,1.0,0.66,170,334,0.0,False,0.0,0.0,0.0,192.3497251928407,0.6689491029176095,22,person,0.2,0.5,weighted_crc,segformer_b2_cityscapes,cityscapes_val_half,196
1.0,1000,False,0.0,0.0,1.0,0.944,28,38,0.0,False,0.0,0.0,0.0,121.99999999999996,0.7662835249042145,22,rider,0.05,0.1,weighted_crc,segformer_b2_cityscapes,cityscapes_val_half,122
1.0,1000,False,0.0,0.0,1.0,0.944,28,38,0.0,False,0.0,0.0,0.0,121.99999999999996,0.7662835249042145,22,rider,0.1,0.1,weighted_crc,segformer_b2_cityscapes,cityscapes_val_half,122
1.0,1000,False,0.0,0.0,1.0,0.944,28,38,0.0,False,0.0,0.0,0.0,121.99999999999996,0.7662835249042145,22,rider,0.2,0.1,weighted_crc,segformer_b2_cityscapes,cityscapes_val_half,122
1.0,1000,False,0.0,0.0,1.0,0.944,28,38,0.0,False,0.0,0.0,0.0,121.99999999999996,0.7662835249042145,22,rider,0.05,0.5,weighted_crc,segformer_b2_cityscapes,cityscapes_val_half,122
1.0,1000,False,0.0,0.0,1.0,0.944,28,38,0.0,False,0.0,0.0,0.0,121.99999999999996,0.7662835249042145,22,rider,0.1,0.5,weighted_crc,segformer_b2_cityscapes,cityscapes_val_half,122
1.0,1000,False,0.0,0.0,1.0,0.944,28,38,0.0,False,0.0,0.0,0.0,121.99999999999996,0.7662835249042145,22,rider,0.2,0.5,weighted_crc,segformer_b2_cityscapes,cityscapes_val_half,122
1.0,1000,False,0.0,0.0,1.0,0.834,83,159,0.0,False,0.0,0.0,0.0,173.99999999999983,0.696864111498258,22,bicycle,0.05,0.1,weighted_crc,segformer_b2_cityscapes,cityscapes_val_half,174
1.0,1000,False,0.0,0.0,1.0,0.834,83,159,0.0,False,0.0,0.0,0.0,173.99999999999983,0.696864111498258,22,bicycle,0.1,0.1,weighted_crc,segformer_b2_cityscapes,cityscapes_val_half,174
1.0,1000,False,0.0,0.0,1.0,0.834,83,159,0.0,False,0.0,0.0,0.0,173.99999999999983,0.696864111498258,22,bicycle,0.2,0.1,weighted_crc,segformer_b2_cityscapes,cityscapes_val_half,174
1.0,1000,False,0.0,0.0,1.0,0.834,83,159,0.0,False,0.0,0.0,0.0,173.99999999999983,0.696864111498258,22,bicycle,0.05,0.5,weighted_crc,segformer_b2_cityscapes,cityscapes_val_half,174
1.0,1000,False,0.0,0.0,1.0,0.834,83,159,0.0,False,0.0,0.0,0.0,173.99999999999983,0.696864111498258,22,bicycle,0.1,0.5,weighted_crc,segformer_b2_cityscapes,cityscapes_val_half,174
1.0,1000,False,0.0,0.0,1.0,0.834,83,159,0.0,False,0.0,0.0,0.0,173.99999999999983,0.696864111498258,22,bicycle,0.2,0.5,weighted_crc,segformer_b2_cityscapes,cityscapes_val_half,174
1.0,1000,False,0.0,0.0,1.0,0.66,170,334,0.0,False,0.0,0.0,0.0,198.9999999999999,0.667779632721202,23,person,0.05,0.1,weighted_crc,segformer_b2_cityscapes,cityscapes_val_half,199
1.0,1000,False,0.0,0.0,1.0,0.66,170,334,0.0,False,0.0,0.0,0.0,198.9999999999999,0.667779632721202,23,person,0.1,0.1,weighted_crc,segformer_b2_cityscapes,cityscapes_val_half,199
1.0,1000,False,0.0,0.0,1.0,0.66,170,334,0.0,False,0.0,0.0,0.0,198.9999999999999,0.667779632721202,23,person,0.2,0.1,weighted_crc,segformer_b2_cityscapes,cityscapes_val_half,199
1.0,1000,False,0.0,0.0,1.0,0.66,170,334,0.0,False,0.0,0.0,0.0,198.9999999999999,0.667779632721202,23,person,0.05,0.5,weighted_crc,segformer_b2_cityscapes,cityscapes_val_half,199
1.0,1000,False,0.0,0.0,1.0,0.66,170,334,0.0,False,0.0,0.0,0.0,198.9999999999999,0.667779632721202,23,person,0.1,0.5,weighted_crc,segformer_b2_cityscapes,cityscapes_val_half,199
1.0,1000,False,0.0,0.0,1.0,0.66,170,334,0.0,False,0.0,0.0,0.0,198.9999999999999,0.667779632721202,23,person,0.2,0.5,weighted_crc,segformer_b2_cityscapes,cityscapes_val_half,199
1.0,1000,False,0.0,0.0,1.0,0.944,28,38,0.0,False,0.0,0.0,0.0,126.99999999999993,0.7590132827324477,23,rider,0.05,0.1,weighted_crc,segformer_b2_cityscapes,cityscapes_val_half,127
1.0,1000,False,0.0,0.0,1.0,0.944,28,38,0.0,False,0.0,0.0,0.0,126.99999999999993,0.7590132827324477,23,rider,0.1,0.1,weighted_crc,segformer_b2_cityscapes,cityscapes_val_half,127
1.0,1000,False,0.0,0.0,1.0,0.944,28,38,0.0,False,0.0,0.0,0.0,126.99999999999993,0.7590132827324477,23,rider,0.2,0.1,weighted_crc,segformer_b2_cityscapes,cityscapes_val_half,127
1.0,1000,False,0.0,0.0,1.0,0.944,28,38,0.0,False,0.0,0.0,0.0,126.99999999999993,0.7590132827324477,23,rider,0.05,0.5,weighted_crc,segformer_b2_cityscapes,cityscapes_val_half,127
1.0,1000,False,0.0,0.0,1.0,0.944,28,38,0.0,False,0.0,0.0,0.0,126.99999999999993,0.7590132827324477,23,rider,0.1,0.5,weighted_crc,segformer_b2_cityscapes,cityscapes_val_half,127
1.0,1000,False,0.0,0.0,1.0,0.944,28,38,0.0,False,0.0,0.0,0.0,126.99999999999993,0.7590132827324477,23,rider,0.2,0.5,weighted_crc,segformer_b2_cityscapes,cityscapes_val_half,127
1.0,1000,False,0.0,0.0,1.0,0.834,83,159,0.0,False,0.0,0.0,0.0,170.9999999999999,0.7005253940455343,23,bicycle,0.05,0.1,weighted_crc,segformer_b2_cityscapes,cityscapes_val_half,171
1.0,1000,False,0.0,0.0,1.0,0.834,83,159,0.0,False,0.0,0.0,0.0,170.9999999999999,0.7005253940455343,23,bicycle,0.1,0.1,weighted_crc,segformer_b2_cityscapes,cityscapes_val_half,171
1.0,1000,False,0.0,0.0,1.0,0.834,83,159,0.0,False,0.0,0.0,0.0,170.9999999999999,0.7005253940455343,23,bicycle,0.2,0.1,weighted_crc,segformer_b2_cityscapes,cityscapes_val_half,171
1.0,1000,False,0.0,0.0,1.0,0.834,83,159,0.0,False,0.0,0.0,0.0,170.9999999999999,0.7005253940455343,23,bicycle,0.05,0.5,weighted_crc,segformer_b2_cityscapes,cityscapes_val_half,171
1.0,1000,False,0.0,0.0,1.0,0.834,83,159,0.0,False,0.0,0.0,0.0,170.9999999999999,0.7005253940455343,23,bicycle,0.1,0.5,weighted_crc,segformer_b2_cityscapes,cityscapes_val_half,171
1.0,1000,False,0.0,0.0,1.0,0.834,83,159,0.0,False,0.0,0.0,0.0,170.9999999999999,0.7005253940455343,23,bicycle,0.2,0.5,weighted_crc,segformer_b2_cityscapes,cityscapes_val_half,171
1.0,1000,False,0.0,0.0,1.0,0.66,170,334,0.0,False,0.0,0.0,0.0,202.90077788309307,0.6630020954535627,24,person,0.05,0.1,weighted_crc,segformer_b2_cityscapes,cityscapes_val_half,203
1.0,1000,False,0.0,0.0,1.0,0.66,170,334,0.0,False,0.0,0.0,0.0,202.90077788309307,0.6630020954535627,24,person,0.1,0.1,weighted_crc,segformer_b2_cityscapes,cityscapes_val_half,203
1.0,1000,False,0.0,0.0,1.0,0.66,170,334,0.0,False,0.0,0.0,0.0,202.90077788309307,0.6630020954535627,24,person,0.2,0.1,weighted_crc,segformer_b2_cityscapes,cityscapes_val_half,203
1.0,1000,False,0.0,0.0,1.0,0.66,170,334,0.0,False,0.0,0.0,0.0,202.90077788309307,0.6630020954535627,24,person,0.05,0.5,weighted_crc,segformer_b2_cityscapes,cityscapes_val_half,203
1.0,1000,False,0.0,0.0,1.0,0.66,170,334,0.0,False,0.0,0.0,0.0,202.90077788309307,0.6630020954535627,24,person,0.1,0.5,weighted_crc,segformer_b2_cityscapes,cityscapes_val_half,203
1.0,1000,False,0.0,0.0,1.0,0.66,170,334,0.0,False,0.0,0.0,0.0,202.90077788309307,0.6630020954535627,24,person,0.2,0.5,weighted_crc,segformer_b2_cityscapes,cityscapes_val_half,203
1.0,1000,False,0.0,0.0,1.0,0.944,28,38,0.0,False,0.0,0.0,0.0,123.97944712253188,0.763148878324021,24,rider,0.05,0.1,weighted_crc,segformer_b2_cityscapes,cityscapes_val_half,124
1.0,1000,False,0.0,0.0,1.0,0.944,28,38,0.0,False,0.0,0.0,0.0,123.97944712253188,0.763148878324021,24,rider,0.1,0.1,weighted_crc,segformer_b2_cityscapes,cityscapes_val_half,124
1.0,1000,False,0.0,0.0,1.0,0.944,28,38,0.0,False,0.0,0.0,0.0,123.97944712253188,0.763148878324021,24,rider,0.2,0.1,weighted_crc,segformer_b2_cityscapes,cityscapes_val_half,124
1.0,1000,False,0.0,0.0,1.0,0.944,28,38,0.0,False,0.0,0.0,0.0,123.97944712253188,0.763148878324021,24,rider,0.05,0.5,weighted_crc,segformer_b2_cityscapes,cityscapes_val_half,124
1.0,1000,False,0.0,0.0,1.0,0.944,28,38,0.0,False,0.0,0.0,0.0,123.97944712253188,0.763148878324021,24,rider,0.1,0.5,weighted_crc,segformer_b2_cityscapes,cityscapes_val_half,124
1.0,1000,False,0.0,0.0,1.0,0.944,28,38,0.0,False,0.0,0.0,0.0,123.97944712253188,0.763148878324021,24,rider,0.2,0.5,weighted_crc,segformer_b2_cityscapes,cityscapes_val_half,124
1.0,1000,False,0.0,0.0,1.0,0.834,83,159,0.0,False,0.0,0.0,0.0,163.99999999999994,0.7092198581560284,24,bicycle,0.05,0.1,weighted_crc,segformer_b2_cityscapes,cityscapes_val_half,164
1.0,1000,False,0.0,0.0,1.0,0.834,83,159,0.0,False,0.0,0.0,0.0,163.99999999999994,0.7092198581560284,24,bicycle,0.1,0.1,weighted_crc,segformer_b2_cityscapes,cityscapes_val_half,164
1.0,1000,False,0.0,0.0,1.0,0.834,83,159,0.0,False,0.0,0.0,0.0,163.99999999999994,0.7092198581560284,24,bicycle,0.2,0.1,weighted_crc,segformer_b2_cityscapes,cityscapes_val_half,164
1.0,1000,False,0.0,0.0,1.0,0.834,83,159,0.0,False,0.0,0.0,0.0,163.99999999999994,0.7092198581560284,24,bicycle,0.05,0.5,weighted_crc,segformer_b2_cityscapes,cityscapes_val_half,164
1.0,1000,False,0.0,0.0,1.0,0.834,83,159,0.0,False,0.0,0.0,0.0,163.99999999999994,0.7092198581560284,24,bicycle,0.1,0.5,weighted_crc,segformer_b2_cityscapes,cityscapes_val_half,164
1.0,1000,False,0.0,0.0,1.0,0.834,83,159,0.0,False,0.0,0.0,0.0,163.99999999999994,0.7092198581560284,24,bicycle,0.2,0.5,weighted_crc,segformer_b2_cityscapes,cityscapes_val_half,164
1.0,1000,False,0.0,0.0,1.0,0.66,170,334,0.0,False,0.0,0.0,0.0,197.99999999999986,0.6688963210702341,25,person,0.05,0.1,weighted_crc,segformer_b2_cityscapes,cityscapes_val_half,198
1.0,1000,False,0.0,0.0,1.0,0.66,170,334,0.0,False,0.0,0.0,0.0,197.99999999999986,0.6688963210702341,25,person,0.1,0.1,weighted_crc,segformer_b2_cityscapes,cityscapes_val_half,198
1.0,1000,False,0.0,0.0,1.0,0.66,170,334,0.0,False,0.0,0.0,0.0,197.99999999999986,0.6688963210702341,25,person,0.2,0.1,weighted_crc,segformer_b2_cityscapes,cityscapes_val_half,198
1.0,1000,False,0.0,0.0,1.0,0.66,170,334,0.0,False,0.0,0.0,0.0,197.99999999999986,0.6688963210702341,25,person,0.05,0.5,weighted_crc,segformer_b2_cityscapes,cityscapes_val_half,198
1.0,1000,False,0.0,0.0,1.0,0.66,170,334,0.0,False,0.0,0.0,0.0,197.99999999999986,0.6688963210702341,25,person,0.1,0.5,weighted_crc,segformer_b2_cityscapes,cityscapes_val_half,198
1.0,1000,False,0.0,0.0,1.0,0.66,170,334,0.0,False,0.0,0.0,0.0,197.99999999999986,0.6688963210702341,25,person,0.2,0.5,weighted_crc,segformer_b2_cityscapes,cityscapes_val_half,198
1.0,1000,False,0.0,0.0,1.0,0.944,28,38,0.0,False,0.0,0.0,0.0,117.99999999999993,0.7722007722007722,25,rider,0.05,0.1,weighted_crc,segformer_b2_cityscapes,cityscapes_val_half,118
1.0,1000,False,0.0,0.0,1.0,0.944,28,38,0.0,False,0.0,0.0,0.0,117.99999999999993,0.7722007722007722,25,rider,0.1,0.1,weighted_crc,segformer_b2_cityscapes,cityscapes_val_half,118
1.0,1000,False,0.0,0.0,1.0,0.944,28,38,0.0,False,0.0,0.0,0.0,117.99999999999993,0.7722007722007722,25,rider,0.2,0.1,weighted_crc,segformer_b2_cityscapes,cityscapes_val_half,118
1.0,1000,False,0.0,0.0,1.0,0.944,28,38,0.0,False,0.0,0.0,0.0,117.99999999999993,0.7722007722007722,25,rider,0.05,0.5,weighted_crc,segformer_b2_cityscapes,cityscapes_val_half,118
1.0,1000,False,0.0,0.0,1.0,0.944,28,38,0.0,False,0.0,0.0,0.0,117.99999999999993,0.7722007722007722,25,rider,0.1,0.5,weighted_crc,segformer_b2_cityscapes,cityscapes_val_half,118
1.0,1000,False,0.0,0.0,1.0,0.944,28,38,0.0,False,0.0,0.0,0.0,117.99999999999993,0.7722007722007722,25,rider,0.2,0.5,weighted_crc,segformer_b2_cityscapes,cityscapes_val_half,118
1.0,1000,False,0.0,0.0,1.0,0.834,83,159,0.0,False,0.0,0.0,0.0,162.9999999999999,0.7104795737122558,25,bicycle,0.05,0.1,weighted_crc,segformer_b2_cityscapes,cityscapes_val_half,163
1.0,1000,False,0.0,0.0,1.0,0.834,83,159,0.0,False,0.0,0.0,0.0,162.9999999999999,0.7104795737122558,25,bicycle,0.1,0.1,weighted_crc,segformer_b2_cityscapes,cityscapes_val_half,163
1.0,1000,False,0.0,0.0,1.0,0.834,83,159,0.0,False,0.0,0.0,0.0,162.9999999999999,0.7104795737122558,25,bicycle,0.2,0.1,weighted_crc,segformer_b2_cityscapes,cityscapes_val_half,163
1.0,1000,False,0.0,0.0,1.0,0.834,83,159,0.0,False,0.0,0.0,0.0,162.9999999999999,0.7104795737122558,25,bicycle,0.05,0.5,weighted_crc,segformer_b2_cityscapes,cityscapes_val_half,163
1.0,1000,False,0.0,0.0,1.0,0.834,83,159,0.0,False,0.0,0.0,0.0,162.9999999999999,0.7104795737122558,25,bicycle,0.1,0.5,weighted_crc,segformer_b2_cityscapes,cityscapes_val_half,163
1.0,1000,False,0.0,0.0,1.0,0.834,83,159,0.0,False,0.0,0.0,0.0,162.9999999999999,0.7104795737122558,25,bicycle,0.2,0.5,weighted_crc,segformer_b2_cityscapes,cityscapes_val_half,163
1.0,1000,False,0.0,0.0,1.0,0.66,170,334,0.0,False,0.0,0.0,0.0,200.95385021400693,0.6633133084831556,26,person,0.05,0.1,weighted_crc,segformer_b2_cityscapes,cityscapes_val_half,202
1.0,1000,False,0.0,0.0,1.0,0.66,170,334,0.0,False,0.0,0.0,0.0,200.95385021400693,0.6633133084831556,26,person,0.1,0.1,weighted_crc,segformer_b2_cityscapes,cityscapes_val_half,202
1.0,1000,False,0.0,0.0,1.0,0.66,170,334,0.0,False,0.0,0.0,0.0,200.95385021400693,0.6633133084831556,26,person,0.2,0.1,weighted_crc,segformer_b2_cityscapes,cityscapes_val_half,202
1.0,1000,False,0.0,0.0,1.0,0.66,170,334,0.0,False,0.0,0.0,0.0,200.95385021400693,0.6633133084831556,26,person,0.05,0.5,weighted_crc,segformer_b2_cityscapes,cityscapes_val_half,202
1.0,1000,False,0.0,0.0,1.0,0.66,170,334,0.0,False,0.0,0.0,0.0,200.95385021400693,0.6633133084831556,26,person,0.1,0.5,weighted_crc,segformer_b2_cityscapes,cityscapes_val_half,202
1.0,1000,False,0.0,0.0,1.0,0.66,170,334,0.0,False,0.0,0.0,0.0,200.95385021400693,0.6633133084831556,26,person,0.2,0.5,weighted_crc,segformer_b2_cityscapes,cityscapes_val_half,202
1.0,1000,False,0.0,0.0,1.0,0.944,28,38,0.0,False,0.0,0.0,0.0,128.9979531214212,0.7560787285892855,26,rider,0.05,0.1,weighted_crc,segformer_b2_cityscapes,cityscapes_val_half,129
1.0,1000,False,0.0,0.0,1.0,0.944,28,38,0.0,False,0.0,0.0,0.0,128.9979531214212,0.7560787285892855,26,rider,0.1,0.1,weighted_crc,segformer_b2_cityscapes,cityscapes_val_half,129
1.0,1000,False,0.0,0.0,1.0,0.944,28,38,0.0,False,0.0,0.0,0.0,128.9979531214212,0.7560787285892855,26,rider,0.2,0.1,weighted_crc,segformer_b2_cityscapes,cityscapes_val_half,129
1.0,1000,False,0.0,0.0,1.0,0.944,28,38,0.0,False,0.0,0.0,0.0,128.9979531214212,0.7560787285892855,26,rider,0.05,0.5,weighted_crc,segformer_b2_cityscapes,cityscapes_val_half,129
1.0,1000,False,0.0,0.0,1.0,0.944,28,38,0.0,False,0.0,0.0,0.0,128.9979531214212,0.7560787285892855,26,rider,0.1,0.5,weighted_crc,segformer_b2_cityscapes,cityscapes_val_half,129
1.0,1000,False,0.0,0.0,1.0,0.944,28,38,0.0,False,0.0,0.0,0.0,128.9979531214212,0.7560787285892855,26,rider,0.2,0.5,weighted_crc,segformer_b2_cityscapes,cityscapes_val_half,129
1.0,1000,False,0.0,0.0,1.0,0.834,83,159,0.0,False,0.0,0.0,0.0,171.99999999999986,0.6993006993006994,26,bicycle,0.05,0.1,weighted_crc,segformer_b2_cityscapes,cityscapes_val_half,172
1.0,1000,False,0.0,0.0,1.0,0.834,83,159,0.0,False,0.0,0.0,0.0,171.99999999999986,0.6993006993006994,26,bicycle,0.1,0.1,weighted_crc,segformer_b2_cityscapes,cityscapes_val_half,172
1.0,1000,False,0.0,0.0,1.0,0.834,83,159,0.0,False,0.0,0.0,0.0,171.99999999999986,0.6993006993006994,26,bicycle,0.2,0.1,weighted_crc,segformer_b2_cityscapes,cityscapes_val_half,172
1.0,1000,False,0.0,0.0,1.0,0.834,83,159,0.0,False,0.0,0.0,0.0,171.99999999999986,0.6993006993006994,26,bicycle,0.05,0.5,weighted_crc,segformer_b2_cityscapes,cityscapes_val_half,172
1.0,1000,False,0.0,0.0,1.0,0.834,83,159,0.0,False,0.0,0.0,0.0,171.99999999999986,0.6993006993006994,26,bicycle,0.1,0.5,weighted_crc,segformer_b2_cityscapes,cityscapes_val_half,172
1.0,1000,False,0.0,0.0,1.0,0.834,83,159,0.0,False,0.0,0.0,0.0,171.99999999999986,0.6993006993006994,26,bicycle,0.2,0.5,weighted_crc,segformer_b2_cityscapes,cityscapes_val_half,172
1.0,1000,False,0.0,0.0,1.0,0.66,170,334,0.0,False,0.0,0.0,0.0,165.39532009501227,0.6623082332343982,27,person,0.05,0.1,weighted_crc,segformer_b2_cityscapes,cityscapes_val_half,197
1.0,1000,False,0.0,0.0,1.0,0.66,170,334,0.0,False,0.0,0.0,0.0,165.39532009501227,0.6623082332343982,27,person,0.1,0.1,weighted_crc,segformer_b2_cityscapes,cityscapes_val_half,197
1.0,1000,False,0.0,0.0,1.0,0.66,170,334,0.0,False,0.0,0.0,0.0,165.39532009501227,0.6623082332343982,27,person,0.2,0.1,weighted_crc,segformer_b2_cityscapes,cityscapes_val_half,197
1.0,1000,False,0.0,0.0,1.0,0.66,170,334,0.0,False,0.0,0.0,0.0,165.39532009501227,0.6623082332343982,27,person,0.05,0.5,weighted_crc,segformer_b2_cityscapes,cityscapes_val_half,197
1.0,1000,False,0.0,0.0,1.0,0.66,170,334,0.0,False,0.0,0.0,0.0,165.39532009501227,0.6623082332343982,27,person,0.1,0.5,weighted_crc,segformer_b2_cityscapes,cityscapes_val_half,197
1.0,1000,False,0.0,0.0,1.0,0.66,170,334,0.0,False,0.0,0.0,0.0,165.39532009501227,0.6623082332343982,27,person,0.2,0.5,weighted_crc,segformer_b2_cityscapes,cityscapes_val_half,197
1.0,1000,False,0.0,0.0,1.0,0.944,28,38,0.0,False,0.0,0.0,0.0,115.82461368027029,0.7745596507147557,27,rider,0.05,0.1,weighted_crc,segformer_b2_cityscapes,cityscapes_val_half,116
1.0,1000,False,0.0,0.0,1.0,0.944,28,38,0.0,False,0.0,0.0,0.0,115.82461368027029,0.7745596507147557,27,rider,0.1,0.1,weighted_crc,segformer_b2_cityscapes,cityscapes_val_half,116
1.0,1000,False,0.0,0.0,1.0,0.944,28,38,0.0,False,0.0,0.0,0.0,115.82461368027029,0.7745596507147557,27,rider,0.2,0.1,weighted_crc,segformer_b2_cityscapes,cityscapes_val_half,116
1.0,1000,False,0.0,0.0,1.0,0.944,28,38,0.0,False,0.0,0.0,0.0,115.82461368027029,0.7745596507147557,27,rider,0.05,0.5,weighted_crc,segformer_b2_cityscapes,cityscapes_val_half,116
1.0,1000,False,0.0,0.0,1.0,0.944,28,38,0.0,False,0.0,0.0,0.0,115.82461368027029,0.7745596507147557,27,rider,0.1,0.5,weighted_crc,segformer_b2_cityscapes,cityscapes_val_half,116
1.0,1000,False,0.0,0.0,1.0,0.944,28,38,0.0,False,0.0,0.0,0.0,115.82461368027029,0.7745596507147557,27,rider,0.2,0.5,weighted_crc,segformer_b2_cityscapes,cityscapes_val_half,116
1.0,1000,False,0.0,0.0,1.0,0.834,83,159,0.0,False,0.0,0.0,0.0,171.99999999999986,0.6993006993006994,27,bicycle,0.05,0.1,weighted_crc,segformer_b2_cityscapes,cityscapes_val_half,172
1.0,1000,False,0.0,0.0,1.0,0.834,83,159,0.0,False,0.0,0.0,0.0,171.99999999999986,0.6993006993006994,27,bicycle,0.1,0.1,weighted_crc,segformer_b2_cityscapes,cityscapes_val_half,172
1.0,1000,False,0.0,0.0,1.0,0.834,83,159,0.0,False,0.0,0.0,0.0,171.99999999999986,0.6993006993006994,27,bicycle,0.2,0.1,weighted_crc,segformer_b2_cityscapes,cityscapes_val_half,172
1.0,1000,False,0.0,0.0,1.0,0.834,83,159,0.0,False,0.0,0.0,0.0,171.99999999999986,0.6993006993006994,27,bicycle,0.05,0.5,weighted_crc,segformer_b2_cityscapes,cityscapes_val_half,172
1.0,1000,False,0.0,0.0,1.0,0.834,83,159,0.0,False,0.0,0.0,0.0,171.99999999999986,0.6993006993006994,27,bicycle,0.1,0.5,weighted_crc,segformer_b2_cityscapes,cityscapes_val_half,172
1.0,1000,False,0.0,0.0,1.0,0.834,83,159,0.0,False,0.0,0.0,0.0,171.99999999999986,0.6993006993006994,27,bicycle,0.2,0.5,weighted_crc,segformer_b2_cityscapes,cityscapes_val_half,172
1.0,1000,False,0.0,0.0,1.0,0.66,170,334,0.0,False,0.0,0.0,0.0,200.99999999999994,0.6655574043261231,28,person,0.05,0.1,weighted_crc,segformer_b2_cityscapes,cityscapes_val_half,201
1.0,1000,False,0.0,0.0,1.0,0.66,170,334,0.0,False,0.0,0.0,0.0,200.99999999999994,0.6655574043261231,28,person,0.1,0.1,weighted_crc,segformer_b2_cityscapes,cityscapes_val_half,201
1.0,1000,False,0.0,0.0,1.0,0.66,170,334,0.0,False,0.0,0.0,0.0,200.99999999999994,0.6655574043261231,28,person,0.2,0.1,weighted_crc,segformer_b2_cityscapes,cityscapes_val_half,201
1.0,1000,False,0.0,0.0,1.0,0.66,170,334,0.0,False,0.0,0.0,0.0,200.99999999999994,0.6655574043261231,28,person,0.05,0.5,weighted_crc,segformer_b2_cityscapes,cityscapes_val_half,201
1.0,1000,False,0.0,0.0,1.0,0.66,170,334,0.0,False,0.0,0.0,0.0,200.99999999999994,0.6655574043261231,28,person,0.1,0.5,weighted_crc,segformer_b2_cityscapes,cityscapes_val_half,201
1.0,1000,False,0.0,0.0,1.0,0.66,170,334,0.0,False,0.0,0.0,0.0,200.99999999999994,0.6655574043261231,28,person,0.2,0.5,weighted_crc,segformer_b2_cityscapes,cityscapes_val_half,201
1.0,1000,False,0.0,0.0,1.0,0.944,28,38,0.0,False,0.0,0.0,0.0,136.99999999999994,0.74487895716946,28,rider,0.05,0.1,weighted_crc,segformer_b2_cityscapes,cityscapes_val_half,137
1.0,1000,False,0.0,0.0,1.0,0.944,28,38,0.0,False,0.0,0.0,0.0,136.99999999999994,0.74487895716946,28,rider,0.1,0.1,weighted_crc,segformer_b2_cityscapes,cityscapes_val_half,137
1.0,1000,False,0.0,0.0,1.0,0.944,28,38,0.0,False,0.0,0.0,0.0,136.99999999999994,0.74487895716946,28,rider,0.2,0.1,weighted_crc,segformer_b2_cityscapes,cityscapes_val_half,137
1.0,1000,False,0.0,0.0,1.0,0.944,28,38,0.0,False,0.0,0.0,0.0,136.99999999999994,0.74487895716946,28,rider,0.05,0.5,weighted_crc,segformer_b2_cityscapes,cityscapes_val_half,137
1.0,1000,False,0.0,0.0,1.0,0.944,28,38,0.0,False,0.0,0.0,0.0,136.99999999999994,0.74487895716946,28,rider,0.1,0.5,weighted_crc,segformer_b2_cityscapes,cityscapes_val_half,137
1.0,1000,False,0.0,0.0,1.0,0.944,28,38,0.0,False,0.0,0.0,0.0,136.99999999999994,0.74487895716946,28,rider,0.2,0.5,weighted_crc,segformer_b2_cityscapes,cityscapes_val_half,137
1.0,1000,False,0.0,0.0,1.0,0.834,83,159,0.0,False,0.0,0.0,0.0,181.99999999999983,0.6872852233676976,28,bicycle,0.05,0.1,weighted_crc,segformer_b2_cityscapes,cityscapes_val_half,182
1.0,1000,False,0.0,0.0,1.0,0.834,83,159,0.0,False,0.0,0.0,0.0,181.99999999999983,0.6872852233676976,28,bicycle,0.1,0.1,weighted_crc,segformer_b2_cityscapes,cityscapes_val_half,182
1.0,1000,False,0.0,0.0,1.0,0.834,83,159,0.0,False,0.0,0.0,0.0,181.99999999999983,0.6872852233676976,28,bicycle,0.2,0.1,weighted_crc,segformer_b2_cityscapes,cityscapes_val_half,182
1.0,1000,False,0.0,0.0,1.0,0.834,83,159,0.0,False,0.0,0.0,0.0,181.99999999999983,0.6872852233676976,28,bicycle,0.05,0.5,weighted_crc,segformer_b2_cityscapes,cityscapes_val_half,182
1.0,1000,False,0.0,0.0,1.0,0.834,83,159,0.0,False,0.0,0.0,0.0,181.99999999999983,0.6872852233676976,28,bicycle,0.1,0.5,weighted_crc,segformer_b2_cityscapes,cityscapes_val_half,182
1.0,1000,False,0.0,0.0,1.0,0.834,83,159,0.0,False,0.0,0.0,0.0,181.99999999999983,0.6872852233676976,28,bicycle,0.2,0.5,weighted_crc,segformer_b2_cityscapes,cityscapes_val_half,182
1.0,1000,False,0.0,0.0,1.0,0.66,170,334,0.0,False,0.0,0.0,0.0,201.4932051628243,0.6619856512879866,29,person,0.05,0.1,weighted_crc,segformer_b2_cityscapes,cityscapes_val_half,203
1.0,1000,False,0.0,0.0,1.0,0.66,170,334,0.0,False,0.0,0.0,0.0,201.4932051628243,0.6619856512879866,29,person,0.1,0.1,weighted_crc,segformer_b2_cityscapes,cityscapes_val_half,203
1.0,1000,False,0.0,0.0,1.0,0.66,170,334,0.0,False,0.0,0.0,0.0,201.4932051628243,0.6619856512879866,29,person,0.2,0.1,weighted_crc,segformer_b2_cityscapes,cityscapes_val_half,203
1.0,1000,False,0.0,0.0,1.0,0.66,170,334,0.0,False,0.0,0.0,0.0,201.4932051628243,0.6619856512879866,29,person,0.05,0.5,weighted_crc,segformer_b2_cityscapes,cityscapes_val_half,203
1.0,1000,False,0.0,0.0,1.0,0.66,170,334,0.0,False,0.0,0.0,0.0,201.4932051628243,0.6619856512879866,29,person,0.1,0.5,weighted_crc,segformer_b2_cityscapes,cityscapes_val_half,203
1.0,1000,False,0.0,0.0,1.0,0.66,170,334,0.0,False,0.0,0.0,0.0,201.4932051628243,0.6619856512879866,29,person,0.2,0.5,weighted_crc,segformer_b2_cityscapes,cityscapes_val_half,203
1.0,1000,False,0.0,0.0,1.0,0.944,28,38,0.0,False,0.0,0.0,0.0,126.99999999999993,0.7590132827324477,29,rider,0.05,0.1,weighted_crc,segformer_b2_cityscapes,cityscapes_val_half,127
1.0,1000,False,0.0,0.0,1.0,0.944,28,38,0.0,False,0.0,0.0,0.0,126.99999999999993,0.7590132827324477,29,rider,0.1,0.1,weighted_crc,segformer_b2_cityscapes,cityscapes_val_half,127
1.0,1000,False,0.0,0.0,1.0,0.944,28,38,0.0,False,0.0,0.0,0.0,126.99999999999993,0.7590132827324477,29,rider,0.2,0.1,weighted_crc,segformer_b2_cityscapes,cityscapes_val_half,127
1.0,1000,False,0.0,0.0,1.0,0.944,28,38,0.0,False,0.0,0.0,0.0,126.99999999999993,0.7590132827324477,29,rider,0.05,0.5,weighted_crc,segformer_b2_cityscapes,cityscapes_val_half,127
1.0,1000,False,0.0,0.0,1.0,0.944,28,38,0.0,False,0.0,0.0,0.0,126.99999999999993,0.7590132827324477,29,rider,0.1,0.5,weighted_crc,segformer_b2_cityscapes,cityscapes_val_half,127
1.0,1000,False,0.0,0.0,1.0,0.944,28,38,0.0,False,0.0,0.0,0.0,126.99999999999993,0.7590132827324477,29,rider,0.2,0.5,weighted_crc,segformer_b2_cityscapes,cityscapes_val_half,127
1.0,1000,False,0.0,0.0,1.0,0.834,83,159,0.0,False,0.0,0.0,0.0,164.9999999999999,0.7079646017699115,29,bicycle,0.05,0.1,weighted_crc,segformer_b2_cityscapes,cityscapes_val_half,165
1.0,1000,False,0.0,0.0,1.0,0.834,83,159,0.0,False,0.0,0.0,0.0,164.9999999999999,0.7079646017699115,29,bicycle,0.1,0.1,weighted_crc,segformer_b2_cityscapes,cityscapes_val_half,165
1.0,1000,False,0.0,0.0,1.0,0.834,83,159,0.0,False,0.0,0.0,0.0,164.9999999999999,0.7079646017699115,29,bicycle,0.2,0.1,weighted_crc,segformer_b2_cityscapes,cityscapes_val_half,165
1.0,1000,False,0.0,0.0,1.0,0.834,83,159,0.0,False,0.0,0.0,0.0,164.9999999999999,0.7079646017699115,29,bicycle,0.05,0.5,weighted_crc,segformer_b2_cityscapes,cityscapes_val_half,165
1.0,1000,False,0.0,0.0,1.0,0.834,83,159,0.0,False,0.0,0.0,0.0,164.9999999999999,0.7079646017699115,29,bicycle,0.1,0.5,weighted_crc,segformer_b2_cityscapes,cityscapes_val_half,165
1.0,1000,False,0.0,0.0,1.0,0.834,83,159,0.0,False,0.0,0.0,0.0,164.9999999999999,0.7079646017699115,29,bicycle,0.2,0.5,weighted_crc,segformer_b2_cityscapes,cityscapes_val_half,165
1.0,1000,False,0.0,0.0,1.0,0.66,170,334,0.0,False,0.0,0.0,0.0,193.6408096231152,0.6693870618406811,30,person,0.05,0.1,weighted_crc,segformer_b2_cityscapes,cityscapes_val_half,196
1.0,1000,False,0.0,0.0,1.0,0.66,170,334,0.0,False,0.0,0.0,0.0,193.6408096231152,0.6693870618406811,30,person,0.1,0.1,weighted_crc,segformer_b2_cityscapes,cityscapes_val_half,196
1.0,1000,False,0.0,0.0,1.0,0.66,170,334,0.0,False,0.0,0.0,0.0,193.6408096231152,0.6693870618406811,30,person,0.2,0.1,weighted_crc,segformer_b2_cityscapes,cityscapes_val_half,196
1.0,1000,False,0.0,0.0,1.0,0.66,170,334,0.0,False,0.0,0.0,0.0,193.6408096231152,0.6693870618406811,30,person,0.05,0.5,weighted_crc,segformer_b2_cityscapes,cityscapes_val_half,196
1.0,1000,False,0.0,0.0,1.0,0.66,170,334,0.0,False,0.0,0.0,0.0,193.6408096231152,0.6693870618406811,30,person,0.1,0.5,weighted_crc,segformer_b2_cityscapes,cityscapes_val_half,196
1.0,1000,False,0.0,0.0,1.0,0.66,170,334,0.0,False,0.0,0.0,0.0,193.6408096231152,0.6693870618406811,30,person,0.2,0.5,weighted_crc,segformer_b2_cityscapes,cityscapes_val_half,196
1.0,1000,False,0.0,0.0,1.0,0.944,28,38,0.0,False,0.0,0.0,0.0,129.99999999999994,0.7547169811320755,30,rider,0.05,0.1,weighted_crc,segformer_b2_cityscapes,cityscapes_val_half,130
1.0,1000,False,0.0,0.0,1.0,0.944,28,38,0.0,False,0.0,0.0,0.0,129.99999999999994,0.7547169811320755,30,rider,0.1,0.1,weighted_crc,segformer_b2_cityscapes,cityscapes_val_half,130
1.0,1000,False,0.0,0.0,1.0,0.944,28,38,0.0,False,0.0,0.0,0.0,129.99999999999994,0.7547169811320755,30,rider,0.2,0.1,weighted_crc,segformer_b2_cityscapes,cityscapes_val_half,130
1.0,1000,False,0.0,0.0,1.0,0.944,28,38,0.0,False,0.0,0.0,0.0,129.99999999999994,0.7547169811320755,30,rider,0.05,0.5,weighted_crc,segformer_b2_cityscapes,cityscapes_val_half,130
1.0,1000,False,0.0,0.0,1.0,0.944,28,38,0.0,False,0.0,0.0,0.0,129.99999999999994,0.7547169811320755,30,rider,0.1,0.5,weighted_crc,segformer_b2_cityscapes,cityscapes_val_half,130
1.0,1000,False,0.0,0.0,1.0,0.944,28,38,0.0,False,0.0,0.0,0.0,129.99999999999994,0.7547169811320755,30,rider,0.2,0.5,weighted_crc,segformer_b2_cityscapes,cityscapes_val_half,130
1.0,1000,False,0.0,0.0,1.0,0.834,83,159,0.0,False,0.0,0.0,0.0,170.9999999999999,0.7005253940455343,30,bicycle,0.05,0.1,weighted_crc,segformer_b2_cityscapes,cityscapes_val_half,171
1.0,1000,False,0.0,0.0,1.0,0.834,83,159,0.0,False,0.0,0.0,0.0,170.9999999999999,0.7005253940455343,30,bicycle,0.1,0.1,weighted_crc,segformer_b2_cityscapes,cityscapes_val_half,171
1.0,1000,False,0.0,0.0,1.0,0.834,83,159,0.0,False,0.0,0.0,0.0,170.9999999999999,0.7005253940455343,30,bicycle,0.2,0.1,weighted_crc,segformer_b2_cityscapes,cityscapes_val_half,171
1.0,1000,False,0.0,0.0,1.0,0.834,83,159,0.0,False,0.0,0.0,0.0,170.9999999999999,0.7005253940455343,30,bicycle,0.05,0.5,weighted_crc,segformer_b2_cityscapes,cityscapes_val_half,171
1.0,1000,False,0.0,0.0,1.0,0.834,83,159,0.0,False,0.0,0.0,0.0,170.9999999999999,0.7005253940455343,30,bicycle,0.1,0.5,weighted_crc,segformer_b2_cityscapes,cityscapes_val_half,171
1.0,1000,False,0.0,0.0,1.0,0.834,83,159,0.0,False,0.0,0.0,0.0,170.9999999999999,0.7005253940455343,30,bicycle,0.2,0.5,weighted_crc,segformer_b2_cityscapes,cityscapes_val_half,171
1.0,1000,False,0.0,0.0,1.0,0.66,170,334,0.0,False,0.0,0.0,0.0,209.99999999999991,0.6557377049180327,31,person,0.05,0.1,weighted_crc,segformer_b2_cityscapes,cityscapes_val_half,210
1.0,1000,False,0.0,0.0,1.0,0.66,170,334,0.0,False,0.0,0.0,0.0,209.99999999999991,0.6557377049180327,31,person,0.1,0.1,weighted_crc,segformer_b2_cityscapes,cityscapes_val_half,210
1.0,1000,False,0.0,0.0,1.0,0.66,170,334,0.0,False,0.0,0.0,0.0,209.99999999999991,0.6557377049180327,31,person,0.2,0.1,weighted_crc,segformer_b2_cityscapes,cityscapes_val_half,210
1.0,1000,False,0.0,0.0,1.0,0.66,170,334,0.0,False,0.0,0.0,0.0,209.99999999999991,0.6557377049180327,31,person,0.05,0.5,weighted_crc,segformer_b2_cityscapes,cityscapes_val_half,210
1.0,1000,False,0.0,0.0,1.0,0.66,170,334,0.0,False,0.0,0.0,0.0,209.99999999999991,0.6557377049180327,31,person,0.1,0.5,weighted_crc,segformer_b2_cityscapes,cityscapes_val_half,210
1.0,1000,False,0.0,0.0,1.0,0.66,170,334,0.0,False,0.0,0.0,0.0,209.99999999999991,0.6557377049180327,31,person,0.2,0.5,weighted_crc,segformer_b2_cityscapes,cityscapes_val_half,210
1.0,1000,False,0.0,0.0,1.0,0.944,28,38,0.0,False,0.0,0.0,0.0,136.71900849596062,0.7441380665892792,31,rider,0.05,0.1,weighted_crc,segformer_b2_cityscapes,cityscapes_val_half,137
1.0,1000,False,0.0,0.0,1.0,0.944,28,38,0.0,False,0.0,0.0,0.0,136.71900849596062,0.7441380665892792,31,rider,0.1,0.1,weighted_crc,segformer_b2_cityscapes,cityscapes_val_half,137
1.0,1000,False,0.0,0.0,1.0,0.944,28,38,0.0,False,0.0,0.0,0.0,136.71900849596062,0.7441380665892792,31,rider,0.2,0.1,weighted_crc,segformer_b2_cityscapes,cityscapes_val_half,137
1.0,1000,False,0.0,0.0,1.0,0.944,28,38,0.0,False,0.0,0.0,0.0,136.71900849596062,0.7441380665892792,31,rider,0.05,0.5,weighted_crc,segformer_b2_cityscapes,cityscapes_val_half,137
1.0,1000,False,0.0,0.0,1.0,0.944,28,38,0.0,False,0.0,0.0,0.0,136.71900849596062,0.7441380665892792,31,rider,0.1,0.5,weighted_crc,segformer_b2_cityscapes,cityscapes_val_half,137
1.0,1000,False,0.0,0.0,1.0,0.944,28,38,0.0,False,0.0,0.0,0.0,136.71900849596062,0.7441380665892792,31,rider,0.2,0.5,weighted_crc,segformer_b2_cityscapes,cityscapes_val_half,137
1.0,1000,False,0.0,0.0,1.0,0.834,83,159,0.0,False,0.0,0.0,0.0,171.99999999999986,0.6993006993006994,31,bicycle,0.05,0.1,weighted_crc,segformer_b2_cityscapes,cityscapes_val_half,172
1.0,1000,False,0.0,0.0,1.0,0.834,83,159,0.0,False,0.0,0.0,0.0,171.99999999999986,0.6993006993006994,31,bicycle,0.1,0.1,weighted_crc,segformer_b2_cityscapes,cityscapes_val_half,172
1.0,1000,False,0.0,0.0,1.0,0.834,83,159,0.0,False,0.0,0.0,0.0,171.99999999999986,0.6993006993006994,31,bicycle,0.2,0.1,weighted_crc,segformer_b2_cityscapes,cityscapes_val_half,172
1.0,1000,False,0.0,0.0,1.0,0.834,83,159,0.0,False,0.0,0.0,0.0,171.99999999999986,0.6993006993006994,31,bicycle,0.05,0.5,weighted_crc,segformer_b2_cityscapes,cityscapes_val_half,172
1.0,1000,False,0.0,0.0,1.0,0.834,83,159,0.0,False,0.0,0.0,0.0,171.99999999999986,0.6993006993006994,31,bicycle,0.1,0.5,weighted_crc,segformer_b2_cityscapes,cityscapes_val_half,172
1.0,1000,False,0.0,0.0,1.0,0.834,83,159,0.0,False,0.0,0.0,0.0,171.99999999999986,0.6993006993006994,31,bicycle,0.2,0.5,weighted_crc,segformer_b2_cityscapes,cityscapes_val_half,172
1.0,1000,False,0.0,0.0,1.0,0.66,170,334,0.0,False,0.0,0.0,0.0,205.99999999999986,0.6600660066006602,32,person,0.05,0.1,weighted_crc,segformer_b2_cityscapes,cityscapes_val_half,206
1.0,1000,False,0.0,0.0,1.0,0.66,170,334,0.0,False,0.0,0.0,0.0,205.99999999999986,0.6600660066006602,32,person,0.1,0.1,weighted_crc,segformer_b2_cityscapes,cityscapes_val_half,206
1.0,1000,False,0.0,0.0,1.0,0.66,170,334,0.0,False,0.0,0.0,0.0,205.99999999999986,0.6600660066006602,32,person,0.2,0.1,weighted_crc,segformer_b2_cityscapes,cityscapes_val_half,206
1.0,1000,False,0.0,0.0,1.0,0.66,170,334,0.0,False,0.0,0.0,0.0,205.99999999999986,0.6600660066006602,32,person,0.05,0.5,weighted_crc,segformer_b2_cityscapes,cityscapes_val_half,206
1.0,1000,False,0.0,0.0,1.0,0.66,170,334,0.0,False,0.0,0.0,0.0,205.99999999999986,0.6600660066006602,32,person,0.1,0.5,weighted_crc,segformer_b2_cityscapes,cityscapes_val_half,206
1.0,1000,False,0.0,0.0,1.0,0.66,170,334,0.0,False,0.0,0.0,0.0,205.99999999999986,0.6600660066006602,32,person,0.2,0.5,weighted_crc,segformer_b2_cityscapes,cityscapes_val_half,206
1.0,1000,False,0.0,0.0,1.0,0.944,28,38,0.0,False,0.0,0.0,0.0,134.99999999999991,0.7476635514018691,32,rider,0.05,0.1,weighted_crc,segformer_b2_cityscapes,cityscapes_val_half,135
1.0,1000,False,0.0,0.0,1.0,0.944,28,38,0.0,False,0.0,0.0,0.0,134.99999999999991,0.7476635514018691,32,rider,0.1,0.1,weighted_crc,segformer_b2_cityscapes,cityscapes_val_half,135
1.0,1000,False,0.0,0.0,1.0,0.944,28,38,0.0,False,0.0,0.0,0.0,134.99999999999991,0.7476635514018691,32,rider,0.2,0.1,weighted_crc,segformer_b2_cityscapes,cityscapes_val_half,135
1.0,1000,False,0.0,0.0,1.0,0.944,28,38,0.0,False,0.0,0.0,0.0,134.99999999999991,0.7476635514018691,32,rider,0.05,0.5,weighted_crc,segformer_b2_cityscapes,cityscapes_val_half,135
1.0,1000,False,0.0,0.0,1.0,0.944,28,38,0.0,False,0.0,0.0,0.0,134.99999999999991,0.7476635514018691,32,rider,0.1,0.5,weighted_crc,segformer_b2_cityscapes,cityscapes_val_half,135
1.0,1000,False,0.0,0.0,1.0,0.944,28,38,0.0,False,0.0,0.0,0.0,134.99999999999991,0.7476635514018691,32,rider,0.2,0.5,weighted_crc,segformer_b2_cityscapes,cityscapes_val_half,135
1.0,1000,False,0.0,0.0,1.0,0.834,83,159,0.0,False,0.0,0.0,0.0,177.9999999999999,0.6920415224913495,32,bicycle,0.05,0.1,weighted_crc,segformer_b2_cityscapes,cityscapes_val_half,178
1.0,1000,False,0.0,0.0,1.0,0.834,83,159,0.0,False,0.0,0.0,0.0,177.9999999999999,0.6920415224913495,32,bicycle,0.1,0.1,weighted_crc,segformer_b2_cityscapes,cityscapes_val_half,178
1.0,1000,False,0.0,0.0,1.0,0.834,83,159,0.0,False,0.0,0.0,0.0,177.9999999999999,0.6920415224913495,32,bicycle,0.2,0.1,weighted_crc,segformer_b2_cityscapes,cityscapes_val_half,178
1.0,1000,False,0.0,0.0,1.0,0.834,83,159,0.0,False,0.0,0.0,0.0,177.9999999999999,0.6920415224913495,32,bicycle,0.05,0.5,weighted_crc,segformer_b2_cityscapes,cityscapes_val_half,178
1.0,1000,False,0.0,0.0,1.0,0.834,83,159,0.0,False,0.0,0.0,0.0,177.9999999999999,0.6920415224913495,32,bicycle,0.1,0.5,weighted_crc,segformer_b2_cityscapes,cityscapes_val_half,178
1.0,1000,False,0.0,0.0,1.0,0.834,83,159,0.0,False,0.0,0.0,0.0,177.9999999999999,0.6920415224913495,32,bicycle,0.2,0.5,weighted_crc,segformer_b2_cityscapes,cityscapes_val_half,178
1.0,1000,False,0.0,0.0,1.0,0.66,170,334,0.0,False,0.0,0.0,0.0,202.99999999999983,0.6633499170812603,33,person,0.05,0.1,weighted_crc,segformer_b2_cityscapes,cityscapes_val_half,203
1.0,1000,False,0.0,0.0,1.0,0.66,170,334,0.0,False,0.0,0.0,0.0,202.99999999999983,0.6633499170812603,33,person,0.1,0.1,weighted_crc,segformer_b2_cityscapes,cityscapes_val_half,203
1.0,1000,False,0.0,0.0,1.0,0.66,170,334,0.0,False,0.0,0.0,0.0,202.99999999999983,0.6633499170812603,33,person,0.2,0.1,weighted_crc,segformer_b2_cityscapes,cityscapes_val_half,203
1.0,1000,False,0.0,0.0,1.0,0.66,170,334,0.0,False,0.0,0.0,0.0,202.99999999999983,0.6633499170812603,33,person,0.05,0.5,weighted_crc,segformer_b2_cityscapes,cityscapes_val_half,203
1.0,1000,False,0.0,0.0,1.0,0.66,170,334,0.0,False,0.0,0.0,0.0,202.99999999999983,0.6633499170812603,33,person,0.1,0.5,weighted_crc,segformer_b2_cityscapes,cityscapes_val_half,203
1.0,1000,False,0.0,0.0,1.0,0.66,170,334,0.0,False,0.0,0.0,0.0,202.99999999999983,0.6633499170812603,33,person,0.2,0.5,weighted_crc,segformer_b2_cityscapes,cityscapes_val_half,203
1.0,1000,False,0.0,0.0,1.0,0.944,28,38,0.0,False,0.0,0.0,0.0,136.99999999999994,0.74487895716946,33,rider,0.05,0.1,weighted_crc,segformer_b2_cityscapes,cityscapes_val_half,137
1.0,1000,False,0.0,0.0,1.0,0.944,28,38,0.0,False,0.0,0.0,0.0,136.99999999999994,0.74487895716946,33,rider,0.1,0.1,weighted_crc,segformer_b2_cityscapes,cityscapes_val_half,137
1.0,1000,False,0.0,0.0,1.0,0.944,28,38,0.0,False,0.0,0.0,0.0,136.99999999999994,0.74487895716946,33,rider,0.2,0.1,weighted_crc,segformer_b2_cityscapes,cityscapes_val_half,137
1.0,1000,False,0.0,0.0,1.0,0.944,28,38,0.0,False,0.0,0.0,0.0,136.99999999999994,0.74487895716946,33,rider,0.05,0.5,weighted_crc,segformer_b2_cityscapes,cityscapes_val_half,137
1.0,1000,False,0.0,0.0,1.0,0.944,28,38,0.0,False,0.0,0.0,0.0,136.99999999999994,0.74487895716946,33,rider,0.1,0.5,weighted_crc,segformer_b2_cityscapes,cityscapes_val_half,137
1.0,1000,False,0.0,0.0,1.0,0.944,28,38,0.0,False,0.0,0.0,0.0,136.99999999999994,0.74487895716946,33,rider,0.2,0.5,weighted_crc,segformer_b2_cityscapes,cityscapes_val_half,137
1.0,1000,False,0.0,0.0,1.0,0.834,83,159,0.0,False,0.0,0.0,0.0,176.99999999999986,0.6932409012131716,33,bicycle,0.05,0.1,weighted_crc,segformer_b2_cityscapes,cityscapes_val_half,177
1.0,1000,False,0.0,0.0,1.0,0.834,83,159,0.0,False,0.0,0.0,0.0,176.99999999999986,0.6932409012131716,33,bicycle,0.1,0.1,weighted_crc,segformer_b2_cityscapes,cityscapes_val_half,177
1.0,1000,False,0.0,0.0,1.0,0.834,83,159,0.0,False,0.0,0.0,0.0,176.99999999999986,0.6932409012131716,33,bicycle,0.2,0.1,weighted_crc,segformer_b2_cityscapes,cityscapes_val_half,177
1.0,1000,False,0.0,0.0,1.0,0.834,83,159,0.0,False,0.0,0.0,0.0,176.99999999999986,0.6932409012131716,33,bicycle,0.05,0.5,weighted_crc,segformer_b2_cityscapes,cityscapes_val_half,177
1.0,1000,False,0.0,0.0,1.0,0.834,83,159,0.0,False,0.0,0.0,0.0,176.99999999999986,0.6932409012131716,33,bicycle,0.1,0.5,weighted_crc,segformer_b2_cityscapes,cityscapes_val_half,177
1.0,1000,False,0.0,0.0,1.0,0.834,83,159,0.0,False,0.0,0.0,0.0,176.99999999999986,0.6932409012131716,33,bicycle,0.2,0.5,weighted_crc,segformer_b2_cityscapes,cityscapes_val_half,177
1.0,1000,False,0.0,0.0,1.0,0.66,170,334,0.0,False,0.0,0.0,0.0,208.98019430516672,0.6566622287351311,34,person,0.05,0.1,weighted_crc,segformer_b2_cityscapes,cityscapes_val_half,209
1.0,1000,False,0.0,0.0,1.0,0.66,170,334,0.0,False,0.0,0.0,0.0,208.98019430516672,0.6566622287351311,34,person,0.1,0.1,weighted_crc,segformer_b2_cityscapes,cityscapes_val_half,209
1.0,1000,False,0.0,0.0,1.0,0.66,170,334,0.0,False,0.0,0.0,0.0,208.98019430516672,0.6566622287351311,34,person,0.2,0.1,weighted_crc,segformer_b2_cityscapes,cityscapes_val_half,209
1.0,1000,False,0.0,0.0,1.0,0.66,170,334,0.0,False,0.0,0.0,0.0,208.98019430516672,0.6566622287351311,34,person,0.05,0.5,weighted_crc,segformer_b2_cityscapes,cityscapes_val_half,209
1.0,1000,False,0.0,0.0,1.0,0.66,170,334,0.0,False,0.0,0.0,0.0,208.98019430516672,0.6566622287351311,34,person,0.1,0.5,weighted_crc,segformer_b2_cityscapes,cityscapes_val_half,209
1.0,1000,False,0.0,0.0,1.0,0.66,170,334,0.0,False,0.0,0.0,0.0,208.98019430516672,0.6566622287351311,34,person,0.2,0.5,weighted_crc,segformer_b2_cityscapes,cityscapes_val_half,209
1.0,1000,False,0.0,0.0,1.0,0.944,28,38,0.0,False,0.0,0.0,0.0,132.99999999999991,0.75046904315197,34,rider,0.05,0.1,weighted_crc,segformer_b2_cityscapes,cityscapes_val_half,133
1.0,1000,False,0.0,0.0,1.0,0.944,28,38,0.0,False,0.0,0.0,0.0,132.99999999999991,0.75046904315197,34,rider,0.1,0.1,weighted_crc,segformer_b2_cityscapes,cityscapes_val_half,133
1.0,1000,False,0.0,0.0,1.0,0.944,28,38,0.0,False,0.0,0.0,0.0,132.99999999999991,0.75046904315197,34,rider,0.2,0.1,weighted_crc,segformer_b2_cityscapes,cityscapes_val_half,133
1.0,1000,False,0.0,0.0,1.0,0.944,28,38,0.0,False,0.0,0.0,0.0,132.99999999999991,0.75046904315197,34,rider,0.05,0.5,weighted_crc,segformer_b2_cityscapes,cityscapes_val_half,133
1.0,1000,False,0.0,0.0,1.0,0.944,28,38,0.0,False,0.0,0.0,0.0,132.99999999999991,0.75046904315197,34,rider,0.1,0.5,weighted_crc,segformer_b2_cityscapes,cityscapes_val_half,133
1.0,1000,False,0.0,0.0,1.0,0.944,28,38,0.0,False,0.0,0.0,0.0,132.99999999999991,0.75046904315197,34,rider,0.2,0.5,weighted_crc,segformer_b2_cityscapes,cityscapes_val_half,133
1.0,1000,False,0.0,0.0,1.0,0.834,83,159,0.0,False,0.0,0.0,0.0,174.99186630618283,0.6955427080057084,34,bicycle,0.05,0.1,weighted_crc,segformer_b2_cityscapes,cityscapes_val_half,175
1.0,1000,False,0.0,0.0,1.0,0.834,83,159,0.0,False,0.0,0.0,0.0,174.99186630618283,0.6955427080057084,34,bicycle,0.1,0.1,weighted_crc,segformer_b2_cityscapes,cityscapes_val_half,175
1.0,1000,False,0.0,0.0,1.0,0.834,83,159,0.0,False,0.0,0.0,0.0,174.99186630618283,0.6955427080057084,34,bicycle,0.2,0.1,weighted_crc,segformer_b2_cityscapes,cityscapes_val_half,175
1.0,1000,False,0.0,0.0,1.0,0.834,83,159,0.0,False,0.0,0.0,0.0,174.99186630618283,0.6955427080057084,34,bicycle,0.05,0.5,weighted_crc,segformer_b2_cityscapes,cityscapes_val_half,175
1.0,1000,False,0.0,0.0,1.0,0.834,83,159,0.0,False,0.0,0.0,0.0,174.99186630618283,0.6955427080057084,34,bicycle,0.1,0.5,weighted_crc,segformer_b2_cityscapes,cityscapes_val_half,175
1.0,1000,False,0.0,0.0,1.0,0.834,83,159,0.0,False,0.0,0.0,0.0,174.99186630618283,0.6955427080057084,34,bicycle,0.2,0.5,weighted_crc,segformer_b2_cityscapes,cityscapes_val_half,175
1.0,1000,False,0.0,0.0,1.0,0.66,170,334,0.0,False,0.0,0.0,0.0,199.53117967055636,0.6659013260050717,35,person,0.05,0.1,weighted_crc,segformer_b2_cityscapes,cityscapes_val_half,200
1.0,1000,False,0.0,0.0,1.0,0.66,170,334,0.0,False,0.0,0.0,0.0,199.53117967055636,0.6659013260050717,35,person,0.1,0.1,weighted_crc,segformer_b2_cityscapes,cityscapes_val_half,200
1.0,1000,False,0.0,0.0,1.0,0.66,170,334,0.0,False,0.0,0.0,0.0,199.53117967055636,0.6659013260050717,35,person,0.2,0.1,weighted_crc,segformer_b2_cityscapes,cityscapes_val_half,200
1.0,1000,False,0.0,0.0,1.0,0.66,170,334,0.0,False,0.0,0.0,0.0,199.53117967055636,0.6659013260050717,35,person,0.05,0.5,weighted_crc,segformer_b2_cityscapes,cityscapes_val_half,200
1.0,1000,False,0.0,0.0,1.0,0.66,170,334,0.0,False,0.0,0.0,0.0,199.53117967055636,0.6659013260050717,35,person,0.1,0.5,weighted_crc,segformer_b2_cityscapes,cityscapes_val_half,200
1.0,1000,False,0.0,0.0,1.0,0.66,170,334,0.0,False,0.0,0.0,0.0,199.53117967055636,0.6659013260050717,35,person,0.2,0.5,weighted_crc,segformer_b2_cityscapes,cityscapes_val_half,200
1.0,1000,False,0.0,0.0,1.0,0.944,28,38,0.0,False,0.0,0.0,0.0,120.99999999999996,0.7677543186180422,35,rider,0.05,0.1,weighted_crc,segformer_b2_cityscapes,cityscapes_val_half,121
1.0,1000,False,0.0,0.0,1.0,0.944,28,38,0.0,False,0.0,0.0,0.0,120.99999999999996,0.7677543186180422,35,rider,0.1,0.1,weighted_crc,segformer_b2_cityscapes,cityscapes_val_half,121
1.0,1000,False,0.0,0.0,1.0,0.944,28,38,0.0,False,0.0,0.0,0.0,120.99999999999996,0.7677543186180422,35,rider,0.2,0.1,weighted_crc,segformer_b2_cityscapes,cityscapes_val_half,121
1.0,1000,False,0.0,0.0,1.0,0.944,28,38,0.0,False,0.0,0.0,0.0,120.99999999999996,0.7677543186180422,35,rider,0.05,0.5,weighted_crc,segformer_b2_cityscapes,cityscapes_val_half,121
1.0,1000,False,0.0,0.0,1.0,0.944,28,38,0.0,False,0.0,0.0,0.0,120.99999999999996,0.7677543186180422,35,rider,0.1,0.5,weighted_crc,segformer_b2_cityscapes,cityscapes_val_half,121
1.0,1000,False,0.0,0.0,1.0,0.944,28,38,0.0,False,0.0,0.0,0.0,120.99999999999996,0.7677543186180422,35,rider,0.2,0.5,weighted_crc,segformer_b2_cityscapes,cityscapes_val_half,121
1.0,1000,False,0.0,0.0,1.0,0.834,83,159,0.0,False,0.0,0.0,0.0,166.99999999999986,0.7054673721340389,35,bicycle,0.05,0.1,weighted_crc,segformer_b2_cityscapes,cityscapes_val_half,167
1.0,1000,False,0.0,0.0,1.0,0.834,83,159,0.0,False,0.0,0.0,0.0,166.99999999999986,0.7054673721340389,35,bicycle,0.1,0.1,weighted_crc,segformer_b2_cityscapes,cityscapes_val_half,167
1.0,1000,False,0.0,0.0,1.0,0.834,83,159,0.0,False,0.0,0.0,0.0,166.99999999999986,0.7054673721340389,35,bicycle,0.2,0.1,weighted_crc,segformer_b2_cityscapes,cityscapes_val_half,167
1.0,1000,False,0.0,0.0,1.0,0.834,83,159,0.0,False,0.0,0.0,0.0,166.99999999999986,0.7054673721340389,35,bicycle,0.05,0.5,weighted_crc,segformer_b2_cityscapes,cityscapes_val_half,167
1.0,1000,False,0.0,0.0,1.0,0.834,83,159,0.0,False,0.0,0.0,0.0,166.99999999999986,0.7054673721340389,35,bicycle,0.1,0.5,weighted_crc,segformer_b2_cityscapes,cityscapes_val_half,167
1.0,1000,False,0.0,0.0,1.0,0.834,83,159,0.0,False,0.0,0.0,0.0,166.99999999999986,0.7054673721340389,35,bicycle,0.2,0.5,weighted_crc,segformer_b2_cityscapes,cityscapes_val_half,167
1.0,1000,False,0.0,0.0,1.0,0.66,170,334,0.0,False,0.0,0.0,0.0,202.99999999999983,0.6633499170812603,36,person,0.05,0.1,weighted_crc,segformer_b2_cityscapes,cityscapes_val_half,203
1.0,1000,False,0.0,0.0,1.0,0.66,170,334,0.0,False,0.0,0.0,0.0,202.99999999999983,0.6633499170812603,36,person,0.1,0.1,weighted_crc,segformer_b2_cityscapes,cityscapes_val_half,203
1.0,1000,False,0.0,0.0,1.0,0.66,170,334,0.0,False,0.0,0.0,0.0,202.99999999999983,0.6633499170812603,36,person,0.2,0.1,weighted_crc,segformer_b2_cityscapes,cityscapes_val_half,203
1.0,1000,False,0.0,0.0,1.0,0.66,170,334,0.0,False,0.0,0.0,0.0,202.99999999999983,0.6633499170812603,36,person,0.05,0.5,weighted_crc,segformer_b2_cityscapes,cityscapes_val_half,203
1.0,1000,False,0.0,0.0,1.0,0.66,170,334,0.0,False,0.0,0.0,0.0,202.99999999999983,0.6633499170812603,36,person,0.1,0.5,weighted_crc,segformer_b2_cityscapes,cityscapes_val_half,203
1.0,1000,False,0.0,0.0,1.0,0.66,170,334,0.0,False,0.0,0.0,0.0,202.99999999999983,0.6633499170812603,36,person,0.2,0.5,weighted_crc,segformer_b2_cityscapes,cityscapes_val_half,203
1.0,1000,False,0.0,0.0,1.0,0.944,28,38,0.0,False,0.0,0.0,0.0,124.99999999999993,0.7619047619047619,36,rider,0.05,0.1,weighted_crc,segformer_b2_cityscapes,cityscapes_val_half,125
1.0,1000,False,0.0,0.0,1.0,0.944,28,38,0.0,False,0.0,0.0,0.0,124.99999999999993,0.7619047619047619,36,rider,0.1,0.1,weighted_crc,segformer_b2_cityscapes,cityscapes_val_half,125
1.0,1000,False,0.0,0.0,1.0,0.944,28,38,0.0,False,0.0,0.0,0.0,124.99999999999993,0.7619047619047619,36,rider,0.2,0.1,weighted_crc,segformer_b2_cityscapes,cityscapes_val_half,125
1.0,1000,False,0.0,0.0,1.0,0.944,28,38,0.0,False,0.0,0.0,0.0,124.99999999999993,0.7619047619047619,36,rider,0.05,0.5,weighted_crc,segformer_b2_cityscapes,cityscapes_val_half,125
1.0,1000,False,0.0,0.0,1.0,0.944,28,38,0.0,False,0.0,0.0,0.0,124.99999999999993,0.7619047619047619,36,rider,0.1,0.5,weighted_crc,segformer_b2_cityscapes,cityscapes_val_half,125
1.0,1000,False,0.0,0.0,1.0,0.944,28,38,0.0,False,0.0,0.0,0.0,124.99999999999993,0.7619047619047619,36,rider,0.2,0.5,weighted_crc,segformer_b2_cityscapes,cityscapes_val_half,125
1.0,1000,False,0.0,0.0,1.0,0.834,83,159,0.0,False,0.0,0.0,0.0,176.99999999999986,0.6932409012131716,36,bicycle,0.05,0.1,weighted_crc,segformer_b2_cityscapes,cityscapes_val_half,177
1.0,1000,False,0.0,0.0,1.0,0.834,83,159,0.0,False,0.0,0.0,0.0,176.99999999999986,0.6932409012131716,36,bicycle,0.1,0.1,weighted_crc,segformer_b2_cityscapes,cityscapes_val_half,177
1.0,1000,False,0.0,0.0,1.0,0.834,83,159,0.0,False,0.0,0.0,0.0,176.99999999999986,0.6932409012131716,36,bicycle,0.2,0.1,weighted_crc,segformer_b2_cityscapes,cityscapes_val_half,177
1.0,1000,False,0.0,0.0,1.0,0.834,83,159,0.0,False,0.0,0.0,0.0,176.99999999999986,0.6932409012131716,36,bicycle,0.05,0.5,weighted_crc,segformer_b2_cityscapes,cityscapes_val_half,177
1.0,1000,False,0.0,0.0,1.0,0.834,83,159,0.0,False,0.0,0.0,0.0,176.99999999999986,0.6932409012131716,36,bicycle,0.1,0.5,weighted_crc,segformer_b2_cityscapes,cityscapes_val_half,177
1.0,1000,False,0.0,0.0,1.0,0.834,83,159,0.0,False,0.0,0.0,0.0,176.99999999999986,0.6932409012131716,36,bicycle,0.2,0.5,weighted_crc,segformer_b2_cityscapes,cityscapes_val_half,177
1.0,1000,False,0.0,0.0,1.0,0.66,170,334,0.0,False,0.0,0.0,0.0,199.99999999999991,0.6666666666666666,37,person,0.05,0.1,weighted_crc,segformer_b2_cityscapes,cityscapes_val_half,200
1.0,1000,False,0.0,0.0,1.0,0.66,170,334,0.0,False,0.0,0.0,0.0,199.99999999999991,0.6666666666666666,37,person,0.1,0.1,weighted_crc,segformer_b2_cityscapes,cityscapes_val_half,200
1.0,1000,False,0.0,0.0,1.0,0.66,170,334,0.0,False,0.0,0.0,0.0,199.99999999999991,0.6666666666666666,37,person,0.2,0.1,weighted_crc,segformer_b2_cityscapes,cityscapes_val_half,200
1.0,1000,False,0.0,0.0,1.0,0.66,170,334,0.0,False,0.0,0.0,0.0,199.99999999999991,0.6666666666666666,37,person,0.05,0.5,weighted_crc,segformer_b2_cityscapes,cityscapes_val_half,200
1.0,1000,False,0.0,0.0,1.0,0.66,170,334,0.0,False,0.0,0.0,0.0,199.99999999999991,0.6666666666666666,37,person,0.1,0.5,weighted_crc,segformer_b2_cityscapes,cityscapes_val_half,200
1.0,1000,False,0.0,0.0,1.0,0.66,170,334,0.0,False,0.0,0.0,0.0,199.99999999999991,0.6666666666666666,37,person,0.2,0.5,weighted_crc,segformer_b2_cityscapes,cityscapes_val_half,200
1.0,1000,False,0.0,0.0,1.0,0.944,28,38,0.0,False,0.0,0.0,0.0,126.55725434255854,0.7580456038716824,37,rider,0.05,0.1,weighted_crc,segformer_b2_cityscapes,cityscapes_val_half,127
1.0,1000,False,0.0,0.0,1.0,0.944,28,38,0.0,False,0.0,0.0,0.0,126.55725434255854,0.7580456038716824,37,rider,0.1,0.1,weighted_crc,segformer_b2_cityscapes,cityscapes_val_half,127
1.0,1000,False,0.0,0.0,1.0,0.944,28,38,0.0,False,0.0,0.0,0.0,126.55725434255854,0.7580456038716824,37,rider,0.2,0.1,weighted_crc,segformer_b2_cityscapes,cityscapes_val_half,127
1.0,1000,False,0.0,0.0,1.0,0.944,28,38,0.0,False,0.0,0.0,0.0,126.55725434255854,0.7580456038716824,37,rider,0.05,0.5,weighted_crc,segformer_b2_cityscapes,cityscapes_val_half,127
1.0,1000,False,0.0,0.0,1.0,0.944,28,38,0.0,False,0.0,0.0,0.0,126.55725434255854,0.7580456038716824,37,rider,0.1,0.5,weighted_crc,segformer_b2_cityscapes,cityscapes_val_half,127
1.0,1000,False,0.0,0.0,1.0,0.944,28,38,0.0,False,0.0,0.0,0.0,126.55725434255854,0.7580456038716824,37,rider,0.2,0.5,weighted_crc,segformer_b2_cityscapes,cityscapes_val_half,127
1.0,1000,False,0.0,0.0,1.0,0.834,83,159,0.0,False,0.0,0.0,0.0,170.9999999393227,0.7005250909534717,37,bicycle,0.05,0.1,weighted_crc,segformer_b2_cityscapes,cityscapes_val_half,171
1.0,1000,False,0.0,0.0,1.0,0.834,83,159,0.0,False,0.0,0.0,0.0,170.9999999393227,0.7005250909534717,37,bicycle,0.1,0.1,weighted_crc,segformer_b2_cityscapes,cityscapes_val_half,171
1.0,1000,False,0.0,0.0,1.0,0.834,83,159,0.0,False,0.0,0.0,0.0,170.9999999393227,0.7005250909534717,37,bicycle,0.2,0.1,weighted_crc,segformer_b2_cityscapes,cityscapes_val_half,171
1.0,1000,False,0.0,0.0,1.0,0.834,83,159,0.0,False,0.0,0.0,0.0,170.9999999393227,0.7005250909534717,37,bicycle,0.05,0.5,weighted_crc,segformer_b2_cityscapes,cityscapes_val_half,171
1.0,1000,False,0.0,0.0,1.0,0.834,83,159,0.0,False,0.0,0.0,0.0,170.9999999393227,0.7005250909534717,37,bicycle,0.1,0.5,weighted_crc,segformer_b2_cityscapes,cityscapes_val_half,171
1.0,1000,False,0.0,0.0,1.0,0.834,83,159,0.0,False,0.0,0.0,0.0,170.9999999393227,0.7005250909534717,37,bicycle,0.2,0.5,weighted_crc,segformer_b2_cityscapes,cityscapes_val_half,171
1.0,1000,False,0.0,0.0,1.0,0.66,170,334,0.0,False,0.0,0.0,0.0,198.9999999999999,0.667779632721202,38,person,0.05,0.1,weighted_crc,segformer_b2_cityscapes,cityscapes_val_half,199
1.0,1000,False,0.0,0.0,1.0,0.66,170,334,0.0,False,0.0,0.0,0.0,198.9999999999999,0.667779632721202,38,person,0.1,0.1,weighted_crc,segformer_b2_cityscapes,cityscapes_val_half,199
1.0,1000,False,0.0,0.0,1.0,0.66,170,334,0.0,False,0.0,0.0,0.0,198.9999999999999,0.667779632721202,38,person,0.2,0.1,weighted_crc,segformer_b2_cityscapes,cityscapes_val_half,199
1.0,1000,False,0.0,0.0,1.0,0.66,170,334,0.0,False,0.0,0.0,0.0,198.9999999999999,0.667779632721202,38,person,0.05,0.5,weighted_crc,segformer_b2_cityscapes,cityscapes_val_half,199
1.0,1000,False,0.0,0.0,1.0,0.66,170,334,0.0,False,0.0,0.0,0.0,198.9999999999999,0.667779632721202,38,person,0.1,0.5,weighted_crc,segformer_b2_cityscapes,cityscapes_val_half,199
1.0,1000,False,0.0,0.0,1.0,0.66,170,334,0.0,False,0.0,0.0,0.0,198.9999999999999,0.667779632721202,38,person,0.2,0.5,weighted_crc,segformer_b2_cityscapes,cityscapes_val_half,199
1.0,1000,False,0.0,0.0,1.0,0.944,28,38,0.0,False,0.0,0.0,0.0,123.99999999999994,0.7633587786259542,38,rider,0.05,0.1,weighted_crc,segformer_b2_cityscapes,cityscapes_val_half,124
1.0,1000,False,0.0,0.0,1.0,0.944,28,38,0.0,False,0.0,0.0,0.0,123.99999999999994,0.7633587786259542,38,rider,0.1,0.1,weighted_crc,segformer_b2_cityscapes,cityscapes_val_half,124
1.0,1000,False,0.0,0.0,1.0,0.944,28,38,0.0,False,0.0,0.0,0.0,123.99999999999994,0.7633587786259542,38,rider,0.2,0.1,weighted_crc,segformer_b2_cityscapes,cityscapes_val_half,124
1.0,1000,False,0.0,0.0,1.0,0.944,28,38,0.0,False,0.0,0.0,0.0,123.99999999999994,0.7633587786259542,38,rider,0.05,0.5,weighted_crc,segformer_b2_cityscapes,cityscapes_val_half,124
1.0,1000,False,0.0,0.0,1.0,0.944,28,38,0.0,False,0.0,0.0,0.0,123.99999999999994,0.7633587786259542,38,rider,0.1,0.5,weighted_crc,segformer_b2_cityscapes,cityscapes_val_half,124
1.0,1000,False,0.0,0.0,1.0,0.944,28,38,0.0,False,0.0,0.0,0.0,123.99999999999994,0.7633587786259542,38,rider,0.2,0.5,weighted_crc,segformer_b2_cityscapes,cityscapes_val_half,124
1.0,1000,False,0.0,0.0,1.0,0.834,83,159,0.0,False,0.0,0.0,0.0,166.8498110668876,0.6995256706417619,38,bicycle,0.05,0.1,weighted_crc,segformer_b2_cityscapes,cityscapes_val_half,170
1.0,1000,False,0.0,0.0,1.0,0.834,83,159,0.0,False,0.0,0.0,0.0,166.8498110668876,0.6995256706417619,38,bicycle,0.1,0.1,weighted_crc,segformer_b2_cityscapes,cityscapes_val_half,170
1.0,1000,False,0.0,0.0,1.0,0.834,83,159,0.0,False,0.0,0.0,0.0,166.8498110668876,0.6995256706417619,38,bicycle,0.2,0.1,weighted_crc,segformer_b2_cityscapes,cityscapes_val_half,170
1.0,1000,False,0.0,0.0,1.0,0.834,83,159,0.0,False,0.0,0.0,0.0,166.8498110668876,0.6995256706417619,38,bicycle,0.05,0.5,weighted_crc,segformer_b2_cityscapes,cityscapes_val_half,170
1.0,1000,False,0.0,0.0,1.0,0.834,83,159,0.0,False,0.0,0.0,0.0,166.8498110668876,0.6995256706417619,38,bicycle,0.1,0.5,weighted_crc,segformer_b2_cityscapes,cityscapes_val_half,170
1.0,1000,False,0.0,0.0,1.0,0.834,83,159,0.0,False,0.0,0.0,0.0,166.8498110668876,0.6995256706417619,38,bicycle,0.2,0.5,weighted_crc,segformer_b2_cityscapes,cityscapes_val_half,170
1.0,1000,False,0.0,0.0,1.0,0.66,170,334,0.0,False,0.0,0.0,0.0,198.9999999999999,0.667779632721202,39,person,0.05,0.1,weighted_crc,segformer_b2_cityscapes,cityscapes_val_half,199
1.0,1000,False,0.0,0.0,1.0,0.66,170,334,0.0,False,0.0,0.0,0.0,198.9999999999999,0.667779632721202,39,person,0.1,0.1,weighted_crc,segformer_b2_cityscapes,cityscapes_val_half,199
1.0,1000,False,0.0,0.0,1.0,0.66,170,334,0.0,False,0.0,0.0,0.0,198.9999999999999,0.667779632721202,39,person,0.2,0.1,weighted_crc,segformer_b2_cityscapes,cityscapes_val_half,199
1.0,1000,False,0.0,0.0,1.0,0.66,170,334,0.0,False,0.0,0.0,0.0,198.9999999999999,0.667779632721202,39,person,0.05,0.5,weighted_crc,segformer_b2_cityscapes,cityscapes_val_half,199
1.0,1000,False,0.0,0.0,1.0,0.66,170,334,0.0,False,0.0,0.0,0.0,198.9999999999999,0.667779632721202,39,person,0.1,0.5,weighted_crc,segformer_b2_cityscapes,cityscapes_val_half,199
1.0,1000,False,0.0,0.0,1.0,0.66,170,334,0.0,False,0.0,0.0,0.0,198.9999999999999,0.667779632721202,39,person,0.2,0.5,weighted_crc,segformer_b2_cityscapes,cityscapes_val_half,199
1.0,1000,False,0.0,0.0,1.0,0.944,28,38,0.0,False,0.0,0.0,0.0,127.8410998154151,0.7569998434731154,39,rider,0.05,0.1,weighted_crc,segformer_b2_cityscapes,cityscapes_val_half,128
1.0,1000,False,0.0,0.0,1.0,0.944,28,38,0.0,False,0.0,0.0,0.0,127.8410998154151,0.7569998434731154,39,rider,0.1,0.1,weighted_crc,segformer_b2_cityscapes,cityscapes_val_half,128
1.0,1000,False,0.0,0.0,1.0,0.944,28,38,0.0,False,0.0,0.0,0.0,127.8410998154151,0.7569998434731154,39,rider,0.2,0.1,weighted_crc,segformer_b2_cityscapes,cityscapes_val_half,128
1.0,1000,False,0.0,0.0,1.0,0.944,28,38,0.0,False,0.0,0.0,0.0,127.8410998154151,0.7569998434731154,39,rider,0.05,0.5,weighted_crc,segformer_b2_cityscapes,cityscapes_val_half,128
1.0,1000,False,0.0,0.0,1.0,0.944,28,38,0.0,False,0.0,0.0,0.0,127.8410998154151,0.7569998434731154,39,rider,0.1,0.5,weighted_crc,segformer_b2_cityscapes,cityscapes_val_half,128
1.0,1000,False,0.0,0.0,1.0,0.944,28,38,0.0,False,0.0,0.0,0.0,127.8410998154151,0.7569998434731154,39,rider,0.2,0.5,weighted_crc,segformer_b2_cityscapes,cityscapes_val_half,128
1.0,1000,False,0.0,0.0,1.0,0.834,83,159,0.0,False,0.0,0.0,0.0,172.6863026464194,0.6973937714087197,39,bicycle,0.05,0.1,weighted_crc,segformer_b2_cityscapes,cityscapes_val_half,173
1.0,1000,False,0.0,0.0,1.0,0.834,83,159,0.0,False,0.0,0.0,0.0,172.6863026464194,0.6973937714087197,39,bicycle,0.1,0.1,weighted_crc,segformer_b2_cityscapes,cityscapes_val_half,173
1.0,1000,False,0.0,0.0,1.0,0.834,83,159,0.0,False,0.0,0.0,0.0,172.6863026464194,0.6973937714087197,39,bicycle,0.2,0.1,weighted_crc,segformer_b2_cityscapes,cityscapes_val_half,173
1.0,1000,False,0.0,0.0,1.0,0.834,83,159,0.0,False,0.0,0.0,0.0,172.6863026464194,0.6973937714087197,39,bicycle,0.05,0.5,weighted_crc,segformer_b2_cityscapes,cityscapes_val_half,173
1.0,1000,False,0.0,0.0,1.0,0.834,83,159,0.0,False,0.0,0.0,0.0,172.6863026464194,0.6973937714087197,39,bicycle,0.1,0.5,weighted_crc,segformer_b2_cityscapes,cityscapes_val_half,173
1.0,1000,False,0.0,0.0,1.0,0.834,83,159,0.0,False,0.0,0.0,0.0,172.6863026464194,0.6973937714087197,39,bicycle,0.2,0.5,weighted_crc,segformer_b2_cityscapes,cityscapes_val_half,173
1.0,1000,False,0.0,0.0,1.0,0.66,170,334,0.0,False,0.0,0.0,0.0,200.99999999999994,0.6655574043261231,40,person,0.05,0.1,weighted_crc,segformer_b2_cityscapes,cityscapes_val_half,201
1.0,1000,False,0.0,0.0,1.0,0.66,170,334,0.0,False,0.0,0.0,0.0,200.99999999999994,0.6655574043261231,40,person,0.1,0.1,weighted_crc,segformer_b2_cityscapes,cityscapes_val_half,201
1.0,1000,False,0.0,0.0,1.0,0.66,170,334,0.0,False,0.0,0.0,0.0,200.99999999999994,0.6655574043261231,40,person,0.2,0.1,weighted_crc,segformer_b2_cityscapes,cityscapes_val_half,201
1.0,1000,False,0.0,0.0,1.0,0.66,170,334,0.0,False,0.0,0.0,0.0,200.99999999999994,0.6655574043261231,40,person,0.05,0.5,weighted_crc,segformer_b2_cityscapes,cityscapes_val_half,201
1.0,1000,False,0.0,0.0,1.0,0.66,170,334,0.0,False,0.0,0.0,0.0,200.99999999999994,0.6655574043261231,40,person,0.1,0.5,weighted_crc,segformer_b2_cityscapes,cityscapes_val_half,201
1.0,1000,False,0.0,0.0,1.0,0.66,170,334,0.0,False,0.0,0.0,0.0,200.99999999999994,0.6655574043261231,40,person,0.2,0.5,weighted_crc,segformer_b2_cityscapes,cityscapes_val_half,201
1.0,1000,False,0.0,0.0,1.0,0.944,28,38,0.0,False,0.0,0.0,0.0,135.99999999999994,0.746268656716418,40,rider,0.05,0.1,weighted_crc,segformer_b2_cityscapes,cityscapes_val_half,136
1.0,1000,False,0.0,0.0,1.0,0.944,28,38,0.0,False,0.0,0.0,0.0,135.99999999999994,0.746268656716418,40,rider,0.1,0.1,weighted_crc,segformer_b2_cityscapes,cityscapes_val_half,136
1.0,1000,False,0.0,0.0,1.0,0.944,28,38,0.0,False,0.0,0.0,0.0,135.99999999999994,0.746268656716418,40,rider,0.2,0.1,weighted_crc,segformer_b2_cityscapes,cityscapes_val_half,136
1.0,1000,False,0.0,0.0,1.0,0.944,28,38,0.0,False,0.0,0.0,0.0,135.99999999999994,0.746268656716418,40,rider,0.05,0.5,weighted_crc,segformer_b2_cityscapes,cityscapes_val_half,136
1.0,1000,False,0.0,0.0,1.0,0.944,28,38,0.0,False,0.0,0.0,0.0,135.99999999999994,0.746268656716418,40,rider,0.1,0.5,weighted_crc,segformer_b2_cityscapes,cityscapes_val_half,136
1.0,1000,False,0.0,0.0,1.0,0.944,28,38,0.0,False,0.0,0.0,0.0,135.99999999999994,0.746268656716418,40,rider,0.2,0.5,weighted_crc,segformer_b2_cityscapes,cityscapes_val_half,136
1.0,1000,False,0.0,0.0,1.0,0.834,83,159,0.0,False,0.0,0.0,0.0,176.86430116123802,0.6927962470779264,40,bicycle,0.05,0.1,weighted_crc,segformer_b2_cityscapes,cityscapes_val_half,177
1.0,1000,False,0.0,0.0,1.0,0.834,83,159,0.0,False,0.0,0.0,0.0,176.86430116123802,0.6927962470779264,40,bicycle,0.1,0.1,weighted_crc,segformer_b2_cityscapes,cityscapes_val_half,177
1.0,1000,False,0.0,0.0,1.0,0.834,83,159,0.0,False,0.0,0.0,0.0,176.86430116123802,0.6927962470779264,40,bicycle,0.2,0.1,weighted_crc,segformer_b2_cityscapes,cityscapes_val_half,177
1.0,1000,False,0.0,0.0,1.0,0.834,83,159,0.0,False,0.0,0.0,0.0,176.86430116123802,0.6927962470779264,40,bicycle,0.05,0.5,weighted_crc,segformer_b2_cityscapes,cityscapes_val_half,177
1.0,1000,False,0.0,0.0,1.0,0.834,83,159,0.0,False,0.0,0.0,0.0,176.86430116123802,0.6927962470779264,40,bicycle,0.1,0.5,weighted_crc,segformer_b2_cityscapes,cityscapes_val_half,177
1.0,1000,False,0.0,0.0,1.0,0.834,83,159,0.0,False,0.0,0.0,0.0,176.86430116123802,0.6927962470779264,40,bicycle,0.2,0.5,weighted_crc,segformer_b2_cityscapes,cityscapes_val_half,177
1.0,1000,False,0.0,0.0,1.0,0.66,170,334,0.0,False,0.0,0.0,0.0,199.99999999999991,0.6666666666666666,41,person,0.05,0.1,weighted_crc,segformer_b2_cityscapes,cityscapes_val_half,200
1.0,1000,False,0.0,0.0,1.0,0.66,170,334,0.0,False,0.0,0.0,0.0,199.99999999999991,0.6666666666666666,41,person,0.1,0.1,weighted_crc,segformer_b2_cityscapes,cityscapes_val_half,200
1.0,1000,False,0.0,0.0,1.0,0.66,170,334,0.0,False,0.0,0.0,0.0,199.99999999999991,0.6666666666666666,41,person,0.2,0.1,weighted_crc,segformer_b2_cityscapes,cityscapes_val_half,200
1.0,1000,False,0.0,0.0,1.0,0.66,170,334,0.0,False,0.0,0.0,0.0,199.99999999999991,0.6666666666666666,41,person,0.05,0.5,weighted_crc,segformer_b2_cityscapes,cityscapes_val_half,200
1.0,1000,False,0.0,0.0,1.0,0.66,170,334,0.0,False,0.0,0.0,0.0,199.99999999999991,0.6666666666666666,41,person,0.1,0.5,weighted_crc,segformer_b2_cityscapes,cityscapes_val_half,200
1.0,1000,False,0.0,0.0,1.0,0.66,170,334,0.0,False,0.0,0.0,0.0,199.99999999999991,0.6666666666666666,41,person,0.2,0.5,weighted_crc,segformer_b2_cityscapes,cityscapes_val_half,200
1.0,1000,False,0.0,0.0,1.0,0.944,28,38,0.0,False,0.0,0.0,0.0,134.99999999999991,0.7476635514018691,41,rider,0.05,0.1,weighted_crc,segformer_b2_cityscapes,cityscapes_val_half,135
1.0,1000,False,0.0,0.0,1.0,0.944,28,38,0.0,False,0.0,0.0,0.0,134.99999999999991,0.7476635514018691,41,rider,0.1,0.1,weighted_crc,segformer_b2_cityscapes,cityscapes_val_half,135
1.0,1000,False,0.0,0.0,1.0,0.944,28,38,0.0,False,0.0,0.0,0.0,134.99999999999991,0.7476635514018691,41,rider,0.2,0.1,weighted_crc,segformer_b2_cityscapes,cityscapes_val_half,135
1.0,1000,False,0.0,0.0,1.0,0.944,28,38,0.0,False,0.0,0.0,0.0,134.99999999999991,0.7476635514018691,41,rider,0.05,0.5,weighted_crc,segformer_b2_cityscapes,cityscapes_val_half,135
1.0,1000,False,0.0,0.0,1.0,0.944,28,38,0.0,False,0.0,0.0,0.0,134.99999999999991,0.7476635514018691,41,rider,0.1,0.5,weighted_crc,segformer_b2_cityscapes,cityscapes_val_half,135
1.0,1000,False,0.0,0.0,1.0,0.944,28,38,0.0,False,0.0,0.0,0.0,134.99999999999991,0.7476635514018691,41,rider,0.2,0.5,weighted_crc,segformer_b2_cityscapes,cityscapes_val_half,135
1.0,1000,False,0.0,0.0,1.0,0.834,83,159,0.0,False,0.0,0.0,0.0,175.9999999999999,0.6944444444444445,41,bicycle,0.05,0.1,weighted_crc,segformer_b2_cityscapes,cityscapes_val_half,176
1.0,1000,False,0.0,0.0,1.0,0.834,83,159,0.0,False,0.0,0.0,0.0,175.9999999999999,0.6944444444444445,41,bicycle,0.1,0.1,weighted_crc,segformer_b2_cityscapes,cityscapes_val_half,176
1.0,1000,False,0.0,0.0,1.0,0.834,83,159,0.0,False,0.0,0.0,0.0,175.9999999999999,0.6944444444444445,41,bicycle,0.2,0.1,weighted_crc,segformer_b2_cityscapes,cityscapes_val_half,176
1.0,1000,False,0.0,0.0,1.0,0.834,83,159,0.0,False,0.0,0.0,0.0,175.9999999999999,0.6944444444444445,41,bicycle,0.05,0.5,weighted_crc,segformer_b2_cityscapes,cityscapes_val_half,176
1.0,1000,False,0.0,0.0,1.0,0.834,83,159,0.0,False,0.0,0.0,0.0,175.9999999999999,0.6944444444444445,41,bicycle,0.1,0.5,weighted_crc,segformer_b2_cityscapes,cityscapes_val_half,176
1.0,1000,False,0.0,0.0,1.0,0.834,83,159,0.0,False,0.0,0.0,0.0,175.9999999999999,0.6944444444444445,41,bicycle,0.2,0.5,weighted_crc,segformer_b2_cityscapes,cityscapes_val_half,176
1.0,1000,False,0.0,0.0,1.0,0.66,170,334,0.0,False,0.0,0.0,0.0,203.9999999999999,0.6622516556291391,42,person,0.05,0.1,weighted_crc,segformer_b2_cityscapes,cityscapes_val_half,204
1.0,1000,False,0.0,0.0,1.0,0.66,170,334,0.0,False,0.0,0.0,0.0,203.9999999999999,0.6622516556291391,42,person,0.1,0.1,weighted_crc,segformer_b2_cityscapes,cityscapes_val_half,204
1.0,1000,False,0.0,0.0,1.0,0.66,170,334,0.0,False,0.0,0.0,0.0,203.9999999999999,0.6622516556291391,42,person,0.2,0.1,weighted_crc,segformer_b2_cityscapes,cityscapes_val_half,204
1.0,1000,False,0.0,0.0,1.0,0.66,170,334,0.0,False,0.0,0.0,0.0,203.9999999999999,0.6622516556291391,42,person,0.05,0.5,weighted_crc,segformer_b2_cityscapes,cityscapes_val_half,204
1.0,1000,False,0.0,0.0,1.0,0.66,170,334,0.0,False,0.0,0.0,0.0,203.9999999999999,0.6622516556291391,42,person,0.1,0.5,weighted_crc,segformer_b2_cityscapes,cityscapes_val_half,204
1.0,1000,False,0.0,0.0,1.0,0.66,170,334,0.0,False,0.0,0.0,0.0,203.9999999999999,0.6622516556291391,42,person,0.2,0.5,weighted_crc,segformer_b2_cityscapes,cityscapes_val_half,204
1.0,1000,False,0.0,0.0,1.0,0.944,28,38,0.0,False,0.0,0.0,0.0,123.99999999999994,0.7633587786259542,42,rider,0.05,0.1,weighted_crc,segformer_b2_cityscapes,cityscapes_val_half,124
1.0,1000,False,0.0,0.0,1.0,0.944,28,38,0.0,False,0.0,0.0,0.0,123.99999999999994,0.7633587786259542,42,rider,0.1,0.1,weighted_crc,segformer_b2_cityscapes,cityscapes_val_half,124
1.0,1000,False,0.0,0.0,1.0,0.944,28,38,0.0,False,0.0,0.0,0.0,123.99999999999994,0.7633587786259542,42,rider,0.2,0.1,weighted_crc,segformer_b2_cityscapes,cityscapes_val_half,124
1.0,1000,False,0.0,0.0,1.0,0.944,28,38,0.0,False,0.0,0.0,0.0,123.99999999999994,0.7633587786259542,42,rider,0.05,0.5,weighted_crc,segformer_b2_cityscapes,cityscapes_val_half,124
1.0,1000,False,0.0,0.0,1.0,0.944,28,38,0.0,False,0.0,0.0,0.0,123.99999999999994,0.7633587786259542,42,rider,0.1,0.5,weighted_crc,segformer_b2_cityscapes,cityscapes_val_half,124
1.0,1000,False,0.0,0.0,1.0,0.944,28,38,0.0,False,0.0,0.0,0.0,123.99999999999994,0.7633587786259542,42,rider,0.2,0.5,weighted_crc,segformer_b2_cityscapes,cityscapes_val_half,124
1.0,1000,False,0.0,0.0,1.0,0.834,83,159,0.0,False,0.0,0.0,0.0,171.99999999999986,0.6993006993006994,42,bicycle,0.05,0.1,weighted_crc,segformer_b2_cityscapes,cityscapes_val_half,172
1.0,1000,False,0.0,0.0,1.0,0.834,83,159,0.0,False,0.0,0.0,0.0,171.99999999999986,0.6993006993006994,42,bicycle,0.1,0.1,weighted_crc,segformer_b2_cityscapes,cityscapes_val_half,172
1.0,1000,False,0.0,0.0,1.0,0.834,83,159,0.0,False,0.0,0.0,0.0,171.99999999999986,0.6993006993006994,42,bicycle,0.2,0.1,weighted_crc,segformer_b2_cityscapes,cityscapes_val_half,172
1.0,1000,False,0.0,0.0,1.0,0.834,83,159,0.0,False,0.0,0.0,0.0,171.99999999999986,0.6993006993006994,42,bicycle,0.05,0.5,weighted_crc,segformer_b2_cityscapes,cityscapes_val_half,172
1.0,1000,False,0.0,0.0,1.0,0.834,83,159,0.0,False,0.0,0.0,0.0,171.99999999999986,0.6993006993006994,42,bicycle,0.1,0.5,weighted_crc,segformer_b2_cityscapes,cityscapes_val_half,172
1.0,1000,False,0.0,0.0,1.0,0.834,83,159,0.0,False,0.0,0.0,0.0,171.99999999999986,0.6993006993006994,42,bicycle,0.2,0.5,weighted_crc,segformer_b2_cityscapes,cityscapes_val_half,172
1.0,1000,False,0.0,0.0,1.0,0.66,170,334,0.0,False,0.0,0.0,0.0,200.99999999999994,0.6655574043261231,43,person,0.05,0.1,weighted_crc,segformer_b2_cityscapes,cityscapes_val_half,201
1.0,1000,False,0.0,0.0,1.0,0.66,170,334,0.0,False,0.0,0.0,0.0,200.99999999999994,0.6655574043261231,43,person,0.1,0.1,weighted_crc,segformer_b2_cityscapes,cityscapes_val_half,201
1.0,1000,False,0.0,0.0,1.0,0.66,170,334,0.0,False,0.0,0.0,0.0,200.99999999999994,0.6655574043261231,43,person,0.2,0.1,weighted_crc,segformer_b2_cityscapes,cityscapes_val_half,201
1.0,1000,False,0.0,0.0,1.0,0.66,170,334,0.0,False,0.0,0.0,0.0,200.99999999999994,0.6655574043261231,43,person,0.05,0.5,weighted_crc,segformer_b2_cityscapes,cityscapes_val_half,201
1.0,1000,False,0.0,0.0,1.0,0.66,170,334,0.0,False,0.0,0.0,0.0,200.99999999999994,0.6655574043261231,43,person,0.1,0.5,weighted_crc,segformer_b2_cityscapes,cityscapes_val_half,201
1.0,1000,False,0.0,0.0,1.0,0.66,170,334,0.0,False,0.0,0.0,0.0,200.99999999999994,0.6655574043261231,43,person,0.2,0.5,weighted_crc,segformer_b2_cityscapes,cityscapes_val_half,201
1.0,1000,False,0.0,0.0,1.0,0.944,28,38,0.0,False,0.0,0.0,0.0,118.9999999999999,0.7707129094412332,43,rider,0.05,0.1,weighted_crc,segformer_b2_cityscapes,cityscapes_val_half,119
1.0,1000,False,0.0,0.0,1.0,0.944,28,38,0.0,False,0.0,0.0,0.0,118.9999999999999,0.7707129094412332,43,rider,0.1,0.1,weighted_crc,segformer_b2_cityscapes,cityscapes_val_half,119
1.0,1000,False,0.0,0.0,1.0,0.944,28,38,0.0,False,0.0,0.0,0.0,118.9999999999999,0.7707129094412332,43,rider,0.2,0.1,weighted_crc,segformer_b2_cityscapes,cityscapes_val_half,119
1.0,1000,False,0.0,0.0,1.0,0.944,28,38,0.0,False,0.0,0.0,0.0,118.9999999999999,0.7707129094412332,43,rider,0.05,0.5,weighted_crc,segformer_b2_cityscapes,cityscapes_val_half,119
1.0,1000,False,0.0,0.0,1.0,0.944,28,38,0.0,False,0.0,0.0,0.0,118.9999999999999,0.7707129094412332,43,rider,0.1,0.5,weighted_crc,segformer_b2_cityscapes,cityscapes_val_half,119
1.0,1000,False,0.0,0.0,1.0,0.944,28,38,0.0,False,0.0,0.0,0.0,118.9999999999999,0.7707129094412332,43,rider,0.2,0.5,weighted_crc,segformer_b2_cityscapes,cityscapes_val_half,119
1.0,1000,False,0.0,0.0,1.0,0.834,83,159,0.0,False,0.0,0.0,0.0,168.99999999999991,0.70298769771529,43,bicycle,0.05,0.1,weighted_crc,segformer_b2_cityscapes,cityscapes_val_half,169
1.0,1000,False,0.0,0.0,1.0,0.834,83,159,0.0,False,0.0,0.0,0.0,168.99999999999991,0.70298769771529,43,bicycle,0.1,0.1,weighted_crc,segformer_b2_cityscapes,cityscapes_val_half,169
1.0,1000,False,0.0,0.0,1.0,0.834,83,159,0.0,False,0.0,0.0,0.0,168.99999999999991,0.70298769771529,43,bicycle,0.2,0.1,weighted_crc,segformer_b2_cityscapes,cityscapes_val_half,169
1.0,1000,False,0.0,0.0,1.0,0.834,83,159,0.0,False,0.0,0.0,0.0,168.99999999999991,0.70298769771529,43,bicycle,0.05,0.5,weighted_crc,segformer_b2_cityscapes,cityscapes_val_half,169
1.0,1000,False,0.0,0.0,1.0,0.834,83,159,0.0,False,0.0,0.0,0.0,168.99999999999991,0.70298769771529,43,bicycle,0.1,0.5,weighted_crc,segformer_b2_cityscapes,cityscapes_val_half,169
1.0,1000,False,0.0,0.0,1.0,0.834,83,159,0.0,False,0.0,0.0,0.0,168.99999999999991,0.70298769771529,43,bicycle,0.2,0.5,weighted_crc,segformer_b2_cityscapes,cityscapes_val_half,169
1.0,1000,False,0.0,0.0,1.0,0.66,170,334,0.0,False,0.0,0.0,0.0,194.8832722264992,0.67188131722761,44,person,0.05,0.1,weighted_crc,segformer_b2_cityscapes,cityscapes_val_half,195
1.0,1000,False,0.0,0.0,1.0,0.66,170,334,0.0,False,0.0,0.0,0.0,194.8832722264992,0.67188131722761,44,person,0.1,0.1,weighted_crc,segformer_b2_cityscapes,cityscapes_val_half,195
1.0,1000,False,0.0,0.0,1.0,0.66,170,334,0.0,False,0.0,0.0,0.0,194.8832722264992,0.67188131722761,44,person,0.2,0.1,weighted_crc,segformer_b2_cityscapes,cityscapes_val_half,195
1.0,1000,False,0.0,0.0,1.0,0.66,170,334,0.0,False,0.0,0.0,0.0,194.8832722264992,0.67188131722761,44,person,0.05,0.5,weighted_crc,segformer_b2_cityscapes,cityscapes_val_half,195
1.0,1000,False,0.0,0.0,1.0,0.66,170,334,0.0,False,0.0,0.0,0.0,194.8832722264992,0.67188131722761,44,person,0.1,0.5,weighted_crc,segformer_b2_cityscapes,cityscapes_val_half,195
1.0,1000,False,0.0,0.0,1.0,0.66,170,334,0.0,False,0.0,0.0,0.0,194.8832722264992,0.67188131722761,44,person,0.2,0.5,weighted_crc,segformer_b2_cityscapes,cityscapes_val_half,195
1.0,1000,False,0.0,0.0,1.0,0.944,28,38,0.0,False,0.0,0.0,0.0,117.95696642779876,0.7718897266114737,44,rider,0.05,0.1,weighted_crc,segformer_b2_cityscapes,cityscapes_val_half,118
1.0,1000,False,0.0,0.0,1.0,0.944,28,38,0.0,False,0.0,0.0,0.0,117.95696642779876,0.7718897266114737,44,rider,0.1,0.1,weighted_crc,segformer_b2_cityscapes,cityscapes_val_half,118
1.0,1000,False,0.0,0.0,1.0,0.944,28,38,0.0,False,0.0,0.0,0.0,117.95696642779876,0.7718897266114737,44,rider,0.2,0.1,weighted_crc,segformer_b2_cityscapes,cityscapes_val_half,118
1.0,1000,False,0.0,0.0,1.0,0.944,28,38,0.0,False,0.0,0.0,0.0,117.95696642779876,0.7718897266114737,44,rider,0.05,0.5,weighted_crc,segformer_b2_cityscapes,cityscapes_val_half,118
1.0,1000,False,0.0,0.0,1.0,0.944,28,38,0.0,False,0.0,0.0,0.0,117.95696642779876,0.7718897266114737,44,rider,0.1,0.5,weighted_crc,segformer_b2_cityscapes,cityscapes_val_half,118
1.0,1000,False,0.0,0.0,1.0,0.944,28,38,0.0,False,0.0,0.0,0.0,117.95696642779876,0.7718897266114737,44,rider,0.2,0.5,weighted_crc,segformer_b2_cityscapes,cityscapes_val_half,118
1.0,1000,False,0.0,0.0,1.0,0.834,83,159,0.0,False,0.0,0.0,0.0,168.99999999999991,0.70298769771529,44,bicycle,0.05,0.1,weighted_crc,segformer_b2_cityscapes,cityscapes_val_half,169
1.0,1000,False,0.0,0.0,1.0,0.834,83,159,0.0,False,0.0,0.0,0.0,168.99999999999991,0.70298769771529,44,bicycle,0.1,0.1,weighted_crc,segformer_b2_cityscapes,cityscapes_val_half,169
1.0,1000,False,0.0,0.0,1.0,0.834,83,159,0.0,False,0.0,0.0,0.0,168.99999999999991,0.70298769771529,44,bicycle,0.2,0.1,weighted_crc,segformer_b2_cityscapes,cityscapes_val_half,169
1.0,1000,False,0.0,0.0,1.0,0.834,83,159,0.0,False,0.0,0.0,0.0,168.99999999999991,0.70298769771529,44,bicycle,0.05,0.5,weighted_crc,segformer_b2_cityscapes,cityscapes_val_half,169
1.0,1000,False,0.0,0.0,1.0,0.834,83,159,0.0,False,0.0,0.0,0.0,168.99999999999991,0.70298769771529,44,bicycle,0.1,0.5,weighted_crc,segformer_b2_cityscapes,cityscapes_val_half,169
1.0,1000,False,0.0,0.0,1.0,0.834,83,159,0.0,False,0.0,0.0,0.0,168.99999999999991,0.70298769771529,44,bicycle,0.2,0.5,weighted_crc,segformer_b2_cityscapes,cityscapes_val_half,169
1.0,1000,False,0.0,0.0,1.0,0.66,170,334,0.0,False,0.0,0.0,0.0,204.99999999999994,0.6611570247933884,45,person,0.05,0.1,weighted_crc,segformer_b2_cityscapes,cityscapes_val_half,205
1.0,1000,False,0.0,0.0,1.0,0.66,170,334,0.0,False,0.0,0.0,0.0,204.99999999999994,0.6611570247933884,45,person,0.1,0.1,weighted_crc,segformer_b2_cityscapes,cityscapes_val_half,205
1.0,1000,False,0.0,0.0,1.0,0.66,170,334,0.0,False,0.0,0.0,0.0,204.99999999999994,0.6611570247933884,45,person,0.2,0.1,weighted_crc,segformer_b2_cityscapes,cityscapes_val_half,205
1.0,1000,False,0.0,0.0,1.0,0.66,170,334,0.0,False,0.0,0.0,0.0,204.99999999999994,0.6611570247933884,45,person,0.05,0.5,weighted_crc,segformer_b2_cityscapes,cityscapes_val_half,205
1.0,1000,False,0.0,0.0,1.0,0.66,170,334,0.0,False,0.0,0.0,0.0,204.99999999999994,0.6611570247933884,45,person,0.1,0.5,weighted_crc,segformer_b2_cityscapes,cityscapes_val_half,205
1.0,1000,False,0.0,0.0,1.0,0.66,170,334,0.0,False,0.0,0.0,0.0,204.99999999999994,0.6611570247933884,45,person,0.2,0.5,weighted_crc,segformer_b2_cityscapes,cityscapes_val_half,205
1.0,1000,False,0.0,0.0,1.0,0.944,28,38,0.0,False,0.0,0.0,0.0,127.99999999999997,0.7575757575757576,45,rider,0.05,0.1,weighted_crc,segformer_b2_cityscapes,cityscapes_val_half,128
1.0,1000,False,0.0,0.0,1.0,0.944,28,38,0.0,False,0.0,0.0,0.0,127.99999999999997,0.7575757575757576,45,rider,0.1,0.1,weighted_crc,segformer_b2_cityscapes,cityscapes_val_half,128
1.0,1000,False,0.0,0.0,1.0,0.944,28,38,0.0,False,0.0,0.0,0.0,127.99999999999997,0.7575757575757576,45,rider,0.2,0.1,weighted_crc,segformer_b2_cityscapes,cityscapes_val_half,128
1.0,1000,False,0.0,0.0,1.0,0.944,28,38,0.0,False,0.0,0.0,0.0,127.99999999999997,0.7575757575757576,45,rider,0.05,0.5,weighted_crc,segformer_b2_cityscapes,cityscapes_val_half,128
1.0,1000,False,0.0,0.0,1.0,0.944,28,38,0.0,False,0.0,0.0,0.0,127.99999999999997,0.7575757575757576,45,rider,0.1,0.5,weighted_crc,segformer_b2_cityscapes,cityscapes_val_half,128
1.0,1000,False,0.0,0.0,1.0,0.944,28,38,0.0,False,0.0,0.0,0.0,127.99999999999997,0.7575757575757576,45,rider,0.2,0.5,weighted_crc,segformer_b2_cityscapes,cityscapes_val_half,128
1.0,1000,False,0.0,0.0,1.0,0.834,83,159,0.0,False,0.0,0.0,0.0,167.9999999999999,0.7042253521126761,45,bicycle,0.05,0.1,weighted_crc,segformer_b2_cityscapes,cityscapes_val_half,168
1.0,1000,False,0.0,0.0,1.0,0.834,83,159,0.0,False,0.0,0.0,0.0,167.9999999999999,0.7042253521126761,45,bicycle,0.1,0.1,weighted_crc,segformer_b2_cityscapes,cityscapes_val_half,168
1.0,1000,False,0.0,0.0,1.0,0.834,83,159,0.0,False,0.0,0.0,0.0,167.9999999999999,0.7042253521126761,45,bicycle,0.2,0.1,weighted_crc,segformer_b2_cityscapes,cityscapes_val_half,168
1.0,1000,False,0.0,0.0,1.0,0.834,83,159,0.0,False,0.0,0.0,0.0,167.9999999999999,0.7042253521126761,45,bicycle,0.05,0.5,weighted_crc,segformer_b2_cityscapes,cityscapes_val_half,168
1.0,1000,False,0.0,0.0,1.0,0.834,83,159,0.0,False,0.0,0.0,0.0,167.9999999999999,0.7042253521126761,45,bicycle,0.1,0.5,weighted_crc,segformer_b2_cityscapes,cityscapes_val_half,168
1.0,1000,False,0.0,0.0,1.0,0.834,83,159,0.0,False,0.0,0.0,0.0,167.9999999999999,0.7042253521126761,45,bicycle,0.2,0.5,weighted_crc,segformer_b2_cityscapes,cityscapes_val_half,168
1.0,1000,False,0.0,0.0,1.0,0.66,170,334,0.0,False,0.0,0.0,0.0,208.9999999999999,0.6568144499178982,46,person,0.05,0.1,weighted_crc,segformer_b2_cityscapes,cityscapes_val_half,209
1.0,1000,False,0.0,0.0,1.0,0.66,170,334,0.0,False,0.0,0.0,0.0,208.9999999999999,0.6568144499178982,46,person,0.1,0.1,weighted_crc,segformer_b2_cityscapes,cityscapes_val_half,209
1.0,1000,False,0.0,0.0,1.0,0.66,170,334,0.0,False,0.0,0.0,0.0,208.9999999999999,0.6568144499178982,46,person,0.2,0.1,weighted_crc,segformer_b2_cityscapes,cityscapes_val_half,209
1.0,1000,False,0.0,0.0,1.0,0.66,170,334,0.0,False,0.0,0.0,0.0,208.9999999999999,0.6568144499178982,46,person,0.05,0.5,weighted_crc,segformer_b2_cityscapes,cityscapes_val_half,209
1.0,1000,False,0.0,0.0,1.0,0.66,170,334,0.0,False,0.0,0.0,0.0,208.9999999999999,0.6568144499178982,46,person,0.1,0.5,weighted_crc,segformer_b2_cityscapes,cityscapes_val_half,209
1.0,1000,False,0.0,0.0,1.0,0.66,170,334,0.0,False,0.0,0.0,0.0,208.9999999999999,0.6568144499178982,46,person,0.2,0.5,weighted_crc,segformer_b2_cityscapes,cityscapes_val_half,209
1.0,1000,False,0.0,0.0,1.0,0.944,28,38,0.0,False,0.0,0.0,0.0,129.99999999999994,0.7547169811320755,46,rider,0.05,0.1,weighted_crc,segformer_b2_cityscapes,cityscapes_val_half,130
1.0,1000,False,0.0,0.0,1.0,0.944,28,38,0.0,False,0.0,0.0,0.0,129.99999999999994,0.7547169811320755,46,rider,0.1,0.1,weighted_crc,segformer_b2_cityscapes,cityscapes_val_half,130
1.0,1000,False,0.0,0.0,1.0,0.944,28,38,0.0,False,0.0,0.0,0.0,129.99999999999994,0.7547169811320755,46,rider,0.2,0.1,weighted_crc,segformer_b2_cityscapes,cityscapes_val_half,130
1.0,1000,False,0.0,0.0,1.0,0.944,28,38,0.0,False,0.0,0.0,0.0,129.99999999999994,0.7547169811320755,46,rider,0.05,0.5,weighted_crc,segformer_b2_cityscapes,cityscapes_val_half,130
1.0,1000,False,0.0,0.0,1.0,0.944,28,38,0.0,False,0.0,0.0,0.0,129.99999999999994,0.7547169811320755,46,rider,0.1,0.5,weighted_crc,segformer_b2_cityscapes,cityscapes_val_half,130
1.0,1000,False,0.0,0.0,1.0,0.944,28,38,0.0,False,0.0,0.0,0.0,129.99999999999994,0.7547169811320755,46,rider,0.2,0.5,weighted_crc,segformer_b2_cityscapes,cityscapes_val_half,130
1.0,1000,False,0.0,0.0,1.0,0.834,83,159,0.0,False,0.0,0.0,0.0,178.99999999999991,0.690846286701209,46,bicycle,0.05,0.1,weighted_crc,segformer_b2_cityscapes,cityscapes_val_half,179
1.0,1000,False,0.0,0.0,1.0,0.834,83,159,0.0,False,0.0,0.0,0.0,178.99999999999991,0.690846286701209,46,bicycle,0.1,0.1,weighted_crc,segformer_b2_cityscapes,cityscapes_val_half,179
1.0,1000,False,0.0,0.0,1.0,0.834,83,159,0.0,False,0.0,0.0,0.0,178.99999999999991,0.690846286701209,46,bicycle,0.2,0.1,weighted_crc,segformer_b2_cityscapes,cityscapes_val_half,179
1.0,1000,False,0.0,0.0,1.0,0.834,83,159,0.0,False,0.0,0.0,0.0,178.99999999999991,0.690846286701209,46,bicycle,0.05,0.5,weighted_crc,segformer_b2_cityscapes,cityscapes_val_half,179
1.0,1000,False,0.0,0.0,1.0,0.834,83,159,0.0,False,0.0,0.0,0.0,178.99999999999991,0.690846286701209,46,bicycle,0.1,0.5,weighted_crc,segformer_b2_cityscapes,cityscapes_val_half,179
1.0,1000,False,0.0,0.0,1.0,0.834,83,159,0.0,False,0.0,0.0,0.0,178.99999999999991,0.690846286701209,46,bicycle,0.2,0.5,weighted_crc,segformer_b2_cityscapes,cityscapes_val_half,179
1.0,1000,False,0.0,0.0,1.0,0.66,170,334,0.0,False,0.0,0.0,0.0,200.99999999999994,0.6655574043261231,47,person,0.05,0.1,weighted_crc,segformer_b2_cityscapes,cityscapes_val_half,201
1.0,1000,False,0.0,0.0,1.0,0.66,170,334,0.0,False,0.0,0.0,0.0,200.99999999999994,0.6655574043261231,47,person,0.1,0.1,weighted_crc,segformer_b2_cityscapes,cityscapes_val_half,201
1.0,1000,False,0.0,0.0,1.0,0.66,170,334,0.0,False,0.0,0.0,0.0,200.99999999999994,0.6655574043261231,47,person,0.2,0.1,weighted_crc,segformer_b2_cityscapes,cityscapes_val_half,201
1.0,1000,False,0.0,0.0,1.0,0.66,170,334,0.0,False,0.0,0.0,0.0,200.99999999999994,0.6655574043261231,47,person,0.05,0.5,weighted_crc,segformer_b2_cityscapes,cityscapes_val_half,201
1.0,1000,False,0.0,0.0,1.0,0.66,170,334,0.0,False,0.0,0.0,0.0,200.99999999999994,0.6655574043261231,47,person,0.1,0.5,weighted_crc,segformer_b2_cityscapes,cityscapes_val_half,201
1.0,1000,False,0.0,0.0,1.0,0.66,170,334,0.0,False,0.0,0.0,0.0,200.99999999999994,0.6655574043261231,47,person,0.2,0.5,weighted_crc,segformer_b2_cityscapes,cityscapes_val_half,201
1.0,1000,False,0.0,0.0,1.0,0.944,28,38,0.0,False,0.0,0.0,0.0,110.9999999999999,0.7827788649706459,47,rider,0.05,0.1,weighted_crc,segformer_b2_cityscapes,cityscapes_val_half,111
1.0,1000,False,0.0,0.0,1.0,0.944,28,38,0.0,False,0.0,0.0,0.0,110.9999999999999,0.7827788649706459,47,rider,0.1,0.1,weighted_crc,segformer_b2_cityscapes,cityscapes_val_half,111
1.0,1000,False,0.0,0.0,1.0,0.944,28,38,0.0,False,0.0,0.0,0.0,110.9999999999999,0.7827788649706459,47,rider,0.2,0.1,weighted_crc,segformer_b2_cityscapes,cityscapes_val_half,111
1.0,1000,False,0.0,0.0,1.0,0.944,28,38,0.0,False,0.0,0.0,0.0,110.9999999999999,0.7827788649706459,47,rider,0.05,0.5,weighted_crc,segformer_b2_cityscapes,cityscapes_val_half,111
1.0,1000,False,0.0,0.0,1.0,0.944,28,38,0.0,False,0.0,0.0,0.0,110.9999999999999,0.7827788649706459,47,rider,0.1,0.5,weighted_crc,segformer_b2_cityscapes,cityscapes_val_half,111
1.0,1000,False,0.0,0.0,1.0,0.944,28,38,0.0,False,0.0,0.0,0.0,110.9999999999999,0.7827788649706459,47,rider,0.2,0.5,weighted_crc,segformer_b2_cityscapes,cityscapes_val_half,111
1.0,1000,False,0.0,0.0,1.0,0.834,83,159,0.0,False,0.0,0.0,0.0,163.99999999999994,0.7092198581560284,47,bicycle,0.05,0.1,weighted_crc,segformer_b2_cityscapes,cityscapes_val_half,164
1.0,1000,False,0.0,0.0,1.0,0.834,83,159,0.0,False,0.0,0.0,0.0,163.99999999999994,0.7092198581560284,47,bicycle,0.1,0.1,weighted_crc,segformer_b2_cityscapes,cityscapes_val_half,164
1.0,1000,False,0.0,0.0,1.0,0.834,83,159,0.0,False,0.0,0.0,0.0,163.99999999999994,0.7092198581560284,47,bicycle,0.2,0.1,weighted_crc,segformer_b2_cityscapes,cityscapes_val_half,164
1.0,1000,False,0.0,0.0,1.0,0.834,83,159,0.0,False,0.0,0.0,0.0,163.99999999999994,0.7092198581560284,47,bicycle,0.05,0.5,weighted_crc,segformer_b2_cityscapes,cityscapes_val_half,164
1.0,1000,False,0.0,0.0,1.0,0.834,83,159,0.0,False,0.0,0.0,0.0,163.99999999999994,0.7092198581560284,47,bicycle,0.1,0.5,weighted_crc,segformer_b2_cityscapes,cityscapes_val_half,164
1.0,1000,False,0.0,0.0,1.0,0.834,83,159,0.0,False,0.0,0.0,0.0,163.99999999999994,0.7092198581560284,47,bicycle,0.2,0.5,weighted_crc,segformer_b2_cityscapes,cityscapes_val_half,164
1.0,1000,False,0.0,0.0,1.0,0.66,170,334,0.0,False,0.0,0.0,0.0,196.9999999999998,0.6700167504187605,48,person,0.05,0.1,weighted_crc,segformer_b2_cityscapes,cityscapes_val_half,197
1.0,1000,False,0.0,0.0,1.0,0.66,170,334,0.0,False,0.0,0.0,0.0,196.9999999999998,0.6700167504187605,48,person,0.1,0.1,weighted_crc,segformer_b2_cityscapes,cityscapes_val_half,197
1.0,1000,False,0.0,0.0,1.0,0.66,170,334,0.0,False,0.0,0.0,0.0,196.9999999999998,0.6700167504187605,48,person,0.2,0.1,weighted_crc,segformer_b2_cityscapes,cityscapes_val_half,197
1.0,1000,False,0.0,0.0,1.0,0.66,170,334,0.0,False,0.0,0.0,0.0,196.9999999999998,0.6700167504187605,48,person,0.05,0.5,weighted_crc,segformer_b2_cityscapes,cityscapes_val_half,197
1.0,1000,False,0.0,0.0,1.0,0.66,170,334,0.0,False,0.0,0.0,0.0,196.9999999999998,0.6700167504187605,48,person,0.1,0.5,weighted_crc,segformer_b2_cityscapes,cityscapes_val_half,197
1.0,1000,False,0.0,0.0,1.0,0.66,170,334,0.0,False,0.0,0.0,0.0,196.9999999999998,0.6700167504187605,48,person,0.2,0.5,weighted_crc,segformer_b2_cityscapes,cityscapes_val_half,197
1.0,1000,False,0.0,0.0,1.0,0.944,28,38,0.0,False,0.0,0.0,0.0,123.99999999999994,0.7633587786259542,48,rider,0.05,0.1,weighted_crc,segformer_b2_cityscapes,cityscapes_val_half,124
1.0,1000,False,0.0,0.0,1.0,0.944,28,38,0.0,False,0.0,0.0,0.0,123.99999999999994,0.7633587786259542,48,rider,0.1,0.1,weighted_crc,segformer_b2_cityscapes,cityscapes_val_half,124
1.0,1000,False,0.0,0.0,1.0,0.944,28,38,0.0,False,0.0,0.0,0.0,123.99999999999994,0.7633587786259542,48,rider,0.2,0.1,weighted_crc,segformer_b2_cityscapes,cityscapes_val_half,124
1.0,1000,False,0.0,0.0,1.0,0.944,28,38,0.0,False,0.0,0.0,0.0,123.99999999999994,0.7633587786259542,48,rider,0.05,0.5,weighted_crc,segformer_b2_cityscapes,cityscapes_val_half,124
1.0,1000,False,0.0,0.0,1.0,0.944,28,38,0.0,False,0.0,0.0,0.0,123.99999999999994,0.7633587786259542,48,rider,0.1,0.5,weighted_crc,segformer_b2_cityscapes,cityscapes_val_half,124
1.0,1000,False,0.0,0.0,1.0,0.944,28,38,0.0,False,0.0,0.0,0.0,123.99999999999994,0.7633587786259542,48,rider,0.2,0.5,weighted_crc,segformer_b2_cityscapes,cityscapes_val_half,124
1.0,1000,False,0.0,0.0,1.0,0.834,83,159,0.0,False,0.0,0.0,0.0,164.9999999999999,0.7079646017699115,48,bicycle,0.05,0.1,weighted_crc,segformer_b2_cityscapes,cityscapes_val_half,165
1.0,1000,False,0.0,0.0,1.0,0.834,83,159,0.0,False,0.0,0.0,0.0,164.9999999999999,0.7079646017699115,48,bicycle,0.1,0.1,weighted_crc,segformer_b2_cityscapes,cityscapes_val_half,165
1.0,1000,False,0.0,0.0,1.0,0.834,83,159,0.0,False,0.0,0.0,0.0,164.9999999999999,0.7079646017699115,48,bicycle,0.2,0.1,weighted_crc,segformer_b2_cityscapes,cityscapes_val_half,165
1.0,1000,False,0.0,0.0,1.0,0.834,83,159,0.0,False,0.0,0.0,0.0,164.9999999999999,0.7079646017699115,48,bicycle,0.05,0.5,weighted_crc,segformer_b2_cityscapes,cityscapes_val_half,165
1.0,1000,False,0.0,0.0,1.0,0.834,83,159,0.0,False,0.0,0.0,0.0,164.9999999999999,0.7079646017699115,48,bicycle,0.1,0.5,weighted_crc,segformer_b2_cityscapes,cityscapes_val_half,165
1.0,1000,False,0.0,0.0,1.0,0.834,83,159,0.0,False,0.0,0.0,0.0,164.9999999999999,0.7079646017699115,48,bicycle,0.2,0.5,weighted_crc,segformer_b2_cityscapes,cityscapes_val_half,165
1.0,1000,False,0.0,0.0,1.0,0.66,170,334,0.0,False,0.0,0.0,0.0,197.99999999999986,0.6688963210702341,49,person,0.05,0.1,weighted_crc,segformer_b2_cityscapes,cityscapes_val_half,198
1.0,1000,False,0.0,0.0,1.0,0.66,170,334,0.0,False,0.0,0.0,0.0,197.99999999999986,0.6688963210702341,49,person,0.1,0.1,weighted_crc,segformer_b2_cityscapes,cityscapes_val_half,198
1.0,1000,False,0.0,0.0,1.0,0.66,170,334,0.0,False,0.0,0.0,0.0,197.99999999999986,0.6688963210702341,49,person,0.2,0.1,weighted_crc,segformer_b2_cityscapes,cityscapes_val_half,198
1.0,1000,False,0.0,0.0,1.0,0.66,170,334,0.0,False,0.0,0.0,0.0,197.99999999999986,0.6688963210702341,49,person,0.05,0.5,weighted_crc,segformer_b2_cityscapes,cityscapes_val_half,198
1.0,1000,False,0.0,0.0,1.0,0.66,170,334,0.0,False,0.0,0.0,0.0,197.99999999999986,0.6688963210702341,49,person,0.1,0.5,weighted_crc,segformer_b2_cityscapes,cityscapes_val_half,198
1.0,1000,False,0.0,0.0,1.0,0.66,170,334,0.0,False,0.0,0.0,0.0,197.99999999999986,0.6688963210702341,49,person,0.2,0.5,weighted_crc,segformer_b2_cityscapes,cityscapes_val_half,198
1.0,1000,False,0.0,0.0,1.0,0.944,28,38,0.0,False,0.0,0.0,0.0,122.91275222283753,0.7643836828408543,49,rider,0.05,0.1,weighted_crc,segformer_b2_cityscapes,cityscapes_val_half,123
1.0,1000,False,0.0,0.0,1.0,0.944,28,38,0.0,False,0.0,0.0,0.0,122.91275222283753,0.7643836828408543,49,rider,0.1,0.1,weighted_crc,segformer_b2_cityscapes,cityscapes_val_half,123
1.0,1000,False,0.0,0.0,1.0,0.944,28,38,0.0,False,0.0,0.0,0.0,122.91275222283753,0.7643836828408543,49,rider,0.2,0.1,weighted_crc,segformer_b2_cityscapes,cityscapes_val_half,123
1.0,1000,False,0.0,0.0,1.0,0.944,28,38,0.0,False,0.0,0.0,0.0,122.91275222283753,0.7643836828408543,49,rider,0.05,0.5,weighted_crc,segformer_b2_cityscapes,cityscapes_val_half,123
1.0,1000,False,0.0,0.0,1.0,0.944,28,38,0.0,False,0.0,0.0,0.0,122.91275222283753,0.7643836828408543,49,rider,0.1,0.5,weighted_crc,segformer_b2_cityscapes,cityscapes_val_half,123
1.0,1000,False,0.0,0.0,1.0,0.944,28,38,0.0,False,0.0,0.0,0.0,122.91275222283753,0.7643836828408543,49,rider,0.2,0.5,weighted_crc,segformer_b2_cityscapes,cityscapes_val_half,123
1.0,1000,False,0.0,0.0,1.0,0.834,83,159,0.0,False,0.0,0.0,0.0,173.99999999999983,0.696864111498258,49,bicycle,0.05,0.1,weighted_crc,segformer_b2_cityscapes,cityscapes_val_half,174
1.0,1000,False,0.0,0.0,1.0,0.834,83,159,0.0,False,0.0,0.0,0.0,173.99999999999983,0.696864111498258,49,bicycle,0.1,0.1,weighted_crc,segformer_b2_cityscapes,cityscapes_val_half,174
1.0,1000,False,0.0,0.0,1.0,0.834,83,159,0.0,False,0.0,0.0,0.0,173.99999999999983,0.696864111498258,49,bicycle,0.2,0.1,weighted_crc,segformer_b2_cityscapes,cityscapes_val_half,174
1.0,1000,False,0.0,0.0,1.0,0.834,83,159,0.0,False,0.0,0.0,0.0,173.99999999999983,0.696864111498258,49,bicycle,0.05,0.5,weighted_crc,segformer_b2_cityscapes,cityscapes_val_half,174
1.0,1000,False,0.0,0.0,1.0,0.834,83,159,0.0,False,0.0,0.0,0.0,173.99999999999983,0.696864111498258,49,bicycle,0.1,0.5,weighted_crc,segformer_b2_cityscapes,cityscapes_val_half,174
1.0,1000,False,0.0,0.0,1.0,0.834,83,159,0.0,False,0.0,0.0,0.0,173.99999999999983,0.696864111498258,49,bicycle,0.2,0.5,weighted_crc,segformer_b2_cityscapes,cityscapes_val_half,174
1.0,1000,False,0.0,0.0,1.0,0.66,170,334,0.0,False,0.0,0.0,0.0,196.9999999999998,0.6700167504187605,50,person,0.05,0.1,weighted_crc,segformer_b2_cityscapes,cityscapes_val_half,197
1.0,1000,False,0.0,0.0,1.0,0.66,170,334,0.0,False,0.0,0.0,0.0,196.9999999999998,0.6700167504187605,50,person,0.1,0.1,weighted_crc,segformer_b2_cityscapes,cityscapes_val_half,197
1.0,1000,False,0.0,0.0,1.0,0.66,170,334,0.0,False,0.0,0.0,0.0,196.9999999999998,0.6700167504187605,50,person,0.2,0.1,weighted_crc,segformer_b2_cityscapes,cityscapes_val_half,197
1.0,1000,False,0.0,0.0,1.0,0.66,170,334,0.0,False,0.0,0.0,0.0,196.9999999999998,0.6700167504187605,50,person,0.05,0.5,weighted_crc,segformer_b2_cityscapes,cityscapes_val_half,197
1.0,1000,False,0.0,0.0,1.0,0.66,170,334,0.0,False,0.0,0.0,0.0,196.9999999999998,0.6700167504187605,50,person,0.1,0.5,weighted_crc,segformer_b2_cityscapes,cityscapes_val_half,197
1.0,1000,False,0.0,0.0,1.0,0.66,170,334,0.0,False,0.0,0.0,0.0,196.9999999999998,0.6700167504187605,50,person,0.2,0.5,weighted_crc,segformer_b2_cityscapes,cityscapes_val_half,197
1.0,1000,False,0.0,0.0,1.0,0.944,28,38,0.0,False,0.0,0.0,0.0,118.63405748395023,0.7671143687015262,50,rider,0.05,0.1,weighted_crc,segformer_b2_cityscapes,cityscapes_val_half,120
1.0,1000,False,0.0,0.0,1.0,0.944,28,38,0.0,False,0.0,0.0,0.0,118.63405748395023,0.7671143687015262,50,rider,0.1,0.1,weighted_crc,segformer_b2_cityscapes,cityscapes_val_half,120
1.0,1000,False,0.0,0.0,1.0,0.944,28,38,0.0,False,0.0,0.0,0.0,118.63405748395023,0.7671143687015262,50,rider,0.2,0.1,weighted_crc,segformer_b2_cityscapes,cityscapes_val_half,120
1.0,1000,False,0.0,0.0,1.0,0.944,28,38,0.0,False,0.0,0.0,0.0,118.63405748395023,0.7671143687015262,50,rider,0.05,0.5,weighted_crc,segformer_b2_cityscapes,cityscapes_val_half,120
1.0,1000,False,0.0,0.0,1.0,0.944,28,38,0.0,False,0.0,0.0,0.0,118.63405748395023,0.7671143687015262,50,rider,0.1,0.5,weighted_crc,segformer_b2_cityscapes,cityscapes_val_half,120
1.0,1000,False,0.0,0.0,1.0,0.944,28,38,0.0,False,0.0,0.0,0.0,118.63405748395023,0.7671143687015262,50,rider,0.2,0.5,weighted_crc,segformer_b2_cityscapes,cityscapes_val_half,120
1.0,1000,False,0.0,0.0,1.0,0.834,83,159,0.0,False,0.0,0.0,0.0,141.38402079003703,0.6970626430332088,50,bicycle,0.05,0.1,weighted_crc,segformer_b2_cityscapes,cityscapes_val_half,168
1.0,1000,False,0.0,0.0,1.0,0.834,83,159,0.0,False,0.0,0.0,0.0,141.38402079003703,0.6970626430332088,50,bicycle,0.1,0.1,weighted_crc,segformer_b2_cityscapes,cityscapes_val_half,168
1.0,1000,False,0.0,0.0,1.0,0.834,83,159,0.0,False,0.0,0.0,0.0,141.38402079003703,0.6970626430332088,50,bicycle,0.2,0.1,weighted_crc,segformer_b2_cityscapes,cityscapes_val_half,168
1.0,1000,False,0.0,0.0,1.0,0.834,83,159,0.0,False,0.0,0.0,0.0,141.38402079003703,0.6970626430332088,50,bicycle,0.05,0.5,weighted_crc,segformer_b2_cityscapes,cityscapes_val_half,168
1.0,1000,False,0.0,0.0,1.0,0.834,83,159,0.0,False,0.0,0.0,0.0,141.38402079003703,0.6970626430332088,50,bicycle,0.1,0.5,weighted_crc,segformer_b2_cityscapes,cityscapes_val_half,168
1.0,1000,False,0.0,0.0,1.0,0.834,83,159,0.0,False,0.0,0.0,0.0,141.38402079003703,0.6970626430332088,50,bicycle,0.2,0.5,weighted_crc,segformer_b2_cityscapes,cityscapes_val_half,168
1.0,1000,False,0.0,0.0,1.0,0.66,170,334,0.0,False,0.0,0.0,0.0,197.99999999999986,0.6688963210702341,51,person,0.05,0.1,weighted_crc,segformer_b2_cityscapes,cityscapes_val_half,198
1.0,1000,False,0.0,0.0,1.0,0.66,170,334,0.0,False,0.0,0.0,0.0,197.99999999999986,0.6688963210702341,51,person,0.1,0.1,weighted_crc,segformer_b2_cityscapes,cityscapes_val_half,198
1.0,1000,False,0.0,0.0,1.0,0.66,170,334,0.0,False,0.0,0.0,0.0,197.99999999999986,0.6688963210702341,51,person,0.2,0.1,weighted_crc,segformer_b2_cityscapes,cityscapes_val_half,198
1.0,1000,False,0.0,0.0,1.0,0.66,170,334,0.0,False,0.0,0.0,0.0,197.99999999999986,0.6688963210702341,51,person,0.05,0.5,weighted_crc,segformer_b2_cityscapes,cityscapes_val_half,198
1.0,1000,False,0.0,0.0,1.0,0.66,170,334,0.0,False,0.0,0.0,0.0,197.99999999999986,0.6688963210702341,51,person,0.1,0.5,weighted_crc,segformer_b2_cityscapes,cityscapes_val_half,198
1.0,1000,False,0.0,0.0,1.0,0.66,170,334,0.0,False,0.0,0.0,0.0,197.99999999999986,0.6688963210702341,51,person,0.2,0.5,weighted_crc,segformer_b2_cityscapes,cityscapes_val_half,198
1.0,1000,False,0.0,0.0,1.0,0.944,28,38,0.0,False,0.0,0.0,0.0,120.32878518421484,0.7665322246768211,51,rider,0.05,0.1,weighted_crc,segformer_b2_cityscapes,cityscapes_val_half,121
1.0,1000,False,0.0,0.0,1.0,0.944,28,38,0.0,False,0.0,0.0,0.0,120.32878518421484,0.7665322246768211,51,rider,0.1,0.1,weighted_crc,segformer_b2_cityscapes,cityscapes_val_half,121
1.0,1000,False,0.0,0.0,1.0,0.944,28,38,0.0,False,0.0,0.0,0.0,120.32878518421484,0.7665322246768211,51,rider,0.2,0.1,weighted_crc,segformer_b2_cityscapes,cityscapes_val_half,121
1.0,1000,False,0.0,0.0,1.0,0.944,28,38,0.0,False,0.0,0.0,0.0,120.32878518421484,0.7665322246768211,51,rider,0.05,0.5,weighted_crc,segformer_b2_cityscapes,cityscapes_val_half,121
1.0,1000,False,0.0,0.0,1.0,0.944,28,38,0.0,False,0.0,0.0,0.0,120.32878518421484,0.7665322246768211,51,rider,0.1,0.5,weighted_crc,segformer_b2_cityscapes,cityscapes_val_half,121
1.0,1000,False,0.0,0.0,1.0,0.944,28,38,0.0,False,0.0,0.0,0.0,120.32878518421484,0.7665322246768211,51,rider,0.2,0.5,weighted_crc,segformer_b2_cityscapes,cityscapes_val_half,121
1.0,1000,False,0.0,0.0,1.0,0.834,83,159,0.0,False,0.0,0.0,0.0,168.99999999999991,0.70298769771529,51,bicycle,0.05,0.1,weighted_crc,segformer_b2_cityscapes,cityscapes_val_half,169
1.0,1000,False,0.0,0.0,1.0,0.834,83,159,0.0,False,0.0,0.0,0.0,168.99999999999991,0.70298769771529,51,bicycle,0.1,0.1,weighted_crc,segformer_b2_cityscapes,cityscapes_val_half,169
1.0,1000,False,0.0,0.0,1.0,0.834,83,159,0.0,False,0.0,0.0,0.0,168.99999999999991,0.70298769771529,51,bicycle,0.2,0.1,weighted_crc,segformer_b2_cityscapes,cityscapes_val_half,169
1.0,1000,False,0.0,0.0,1.0,0.834,83,159,0.0,False,0.0,0.0,0.0,168.99999999999991,0.70298769771529,51,bicycle,0.05,0.5,weighted_crc,segformer_b2_cityscapes,cityscapes_val_half,169
1.0,1000,False,0.0,0.0,1.0,0.834,83,159,0.0,False,0.0,0.0,0.0,168.99999999999991,0.70298769771529,51,bicycle,0.1,0.5,weighted_crc,segformer_b2_cityscapes,cityscapes_val_half,169
1.0,1000,False,0.0,0.0,1.0,0.834,83,159,0.0,False,0.0,0.0,0.0,168.99999999999991,0.70298769771529,51,bicycle,0.2,0.5,weighted_crc,segformer_b2_cityscapes,cityscapes_val_half,169
1.0,1000,False,0.0,0.0,1.0,0.66,170,334,0.0,False,0.0,0.0,0.0,205.99999999999986,0.6600660066006602,52,person,0.05,0.1,weighted_crc,segformer_b2_cityscapes,cityscapes_val_half,206
1.0,1000,False,0.0,0.0,1.0,0.66,170,334,0.0,False,0.0,0.0,0.0,205.99999999999986,0.6600660066006602,52,person,0.1,0.1,weighted_crc,segformer_b2_cityscapes,cityscapes_val_half,206
1.0,1000,False,0.0,0.0,1.0,0.66,170,334,0.0,False,0.0,0.0,0.0,205.99999999999986,0.6600660066006602,52,person,0.2,0.1,weighted_crc,segformer_b2_cityscapes,cityscapes_val_half,206
1.0,1000,False,0.0,0.0,1.0,0.66,170,334,0.0,False,0.0,0.0,0.0,205.99999999999986,0.6600660066006602,52,person,0.05,0.5,weighted_crc,segformer_b2_cityscapes,cityscapes_val_half,206
1.0,1000,False,0.0,0.0,1.0,0.66,170,334,0.0,False,0.0,0.0,0.0,205.99999999999986,0.6600660066006602,52,person,0.1,0.5,weighted_crc,segformer_b2_cityscapes,cityscapes_val_half,206
1.0,1000,False,0.0,0.0,1.0,0.66,170,334,0.0,False,0.0,0.0,0.0,205.99999999999986,0.6600660066006602,52,person,0.2,0.5,weighted_crc,segformer_b2_cityscapes,cityscapes_val_half,206
1.0,1000,False,0.0,0.0,1.0,0.944,28,38,0.0,False,0.0,0.0,0.0,128.9976282862324,0.7560737639251626,52,rider,0.05,0.1,weighted_crc,segformer_b2_cityscapes,cityscapes_val_half,129
1.0,1000,False,0.0,0.0,1.0,0.944,28,38,0.0,False,0.0,0.0,0.0,128.9976282862324,0.7560737639251626,52,rider,0.1,0.1,weighted_crc,segformer_b2_cityscapes,cityscapes_val_half,129
1.0,1000,False,0.0,0.0,1.0,0.944,28,38,0.0,False,0.0,0.0,0.0,128.9976282862324,0.7560737639251626,52,rider,0.2,0.1,weighted_crc,segformer_b2_cityscapes,cityscapes_val_half,129
1.0,1000,False,0.0,0.0,1.0,0.944,28,38,0.0,False,0.0,0.0,0.0,128.9976282862324,0.7560737639251626,52,rider,0.05,0.5,weighted_crc,segformer_b2_cityscapes,cityscapes_val_half,129
1.0,1000,False,0.0,0.0,1.0,0.944,28,38,0.0,False,0.0,0.0,0.0,128.9976282862324,0.7560737639251626,52,rider,0.1,0.5,weighted_crc,segformer_b2_cityscapes,cityscapes_val_half,129
1.0,1000,False,0.0,0.0,1.0,0.944,28,38,0.0,False,0.0,0.0,0.0,128.9976282862324,0.7560737639251626,52,rider,0.2,0.5,weighted_crc,segformer_b2_cityscapes,cityscapes_val_half,129
1.0,1000,False,0.0,0.0,1.0,0.834,83,159,0.0,False,0.0,0.0,0.0,173.98388174434038,0.696709447782008,52,bicycle,0.05,0.1,weighted_crc,segformer_b2_cityscapes,cityscapes_val_half,174
1.0,1000,False,0.0,0.0,1.0,0.834,83,159,0.0,False,0.0,0.0,0.0,173.98388174434038,0.696709447782008,52,bicycle,0.1,0.1,weighted_crc,segformer_b2_cityscapes,cityscapes_val_half,174
1.0,1000,False,0.0,0.0,1.0,0.834,83,159,0.0,False,0.0,0.0,0.0,173.98388174434038,0.696709447782008,52,bicycle,0.2,0.1,weighted_crc,segformer_b2_cityscapes,cityscapes_val_half,174
1.0,1000,False,0.0,0.0,1.0,0.834,83,159,0.0,False,0.0,0.0,0.0,173.98388174434038,0.696709447782008,52,bicycle,0.05,0.5,weighted_crc,segformer_b2_cityscapes,cityscapes_val_half,174
1.0,1000,False,0.0,0.0,1.0,0.834,83,159,0.0,False,0.0,0.0,0.0,173.98388174434038,0.696709447782008,52,bicycle,0.1,0.5,weighted_crc,segformer_b2_cityscapes,cityscapes_val_half,174
1.0,1000,False,0.0,0.0,1.0,0.834,83,159,0.0,False,0.0,0.0,0.0,173.98388174434038,0.696709447782008,52,bicycle,0.2,0.5,weighted_crc,segformer_b2_cityscapes,cityscapes_val_half,174
1.0,1000,False,0.0,0.0,1.0,0.66,170,334,0.0,False,0.0,0.0,0.0,194.99999999999991,0.6722689075630253,53,person,0.05,0.1,weighted_crc,segformer_b2_cityscapes,cityscapes_val_half,195
1.0,1000,False,0.0,0.0,1.0,0.66,170,334,0.0,False,0.0,0.0,0.0,194.99999999999991,0.6722689075630253,53,person,0.1,0.1,weighted_crc,segformer_b2_cityscapes,cityscapes_val_half,195
1.0,1000,False,0.0,0.0,1.0,0.66,170,334,0.0,False,0.0,0.0,0.0,194.99999999999991,0.6722689075630253,53,person,0.2,0.1,weighted_crc,segformer_b2_cityscapes,cityscapes_val_half,195
1.0,1000,False,0.0,0.0,1.0,0.66,170,334,0.0,False,0.0,0.0,0.0,194.99999999999991,0.6722689075630253,53,person,0.05,0.5,weighted_crc,segformer_b2_cityscapes,cityscapes_val_half,195
1.0,1000,False,0.0,0.0,1.0,0.66,170,334,0.0,False,0.0,0.0,0.0,194.99999999999991,0.6722689075630253,53,person,0.1,0.5,weighted_crc,segformer_b2_cityscapes,cityscapes_val_half,195
1.0,1000,False,0.0,0.0,1.0,0.66,170,334,0.0,False,0.0,0.0,0.0,194.99999999999991,0.6722689075630253,53,person,0.2,0.5,weighted_crc,segformer_b2_cityscapes,cityscapes_val_half,195
1.0,1000,False,0.0,0.0,1.0,0.944,28,38,0.0,False,0.0,0.0,0.0,117.99999999999993,0.7722007722007722,53,rider,0.05,0.1,weighted_crc,segformer_b2_cityscapes,cityscapes_val_half,118
1.0,1000,False,0.0,0.0,1.0,0.944,28,38,0.0,False,0.0,0.0,0.0,117.99999999999993,0.7722007722007722,53,rider,0.1,0.1,weighted_crc,segformer_b2_cityscapes,cityscapes_val_half,118
1.0,1000,False,0.0,0.0,1.0,0.944,28,38,0.0,False,0.0,0.0,0.0,117.99999999999993,0.7722007722007722,53,rider,0.2,0.1,weighted_crc,segformer_b2_cityscapes,cityscapes_val_half,118
1.0,1000,False,0.0,0.0,1.0,0.944,28,38,0.0,False,0.0,0.0,0.0,117.99999999999993,0.7722007722007722,53,rider,0.05,0.5,weighted_crc,segformer_b2_cityscapes,cityscapes_val_half,118
1.0,1000,False,0.0,0.0,1.0,0.944,28,38,0.0,False,0.0,0.0,0.0,117.99999999999993,0.7722007722007722,53,rider,0.1,0.5,weighted_crc,segformer_b2_cityscapes,cityscapes_val_half,118
1.0,1000,False,0.0,0.0,1.0,0.944,28,38,0.0,False,0.0,0.0,0.0,117.99999999999993,0.7722007722007722,53,rider,0.2,0.5,weighted_crc,segformer_b2_cityscapes,cityscapes_val_half,118
1.0,1000,False,0.0,0.0,1.0,0.834,83,159,0.0,False,0.0,0.0,0.0,168.99999999999991,0.70298769771529,53,bicycle,0.05,0.1,weighted_crc,segformer_b2_cityscapes,cityscapes_val_half,169
1.0,1000,False,0.0,0.0,1.0,0.834,83,159,0.0,False,0.0,0.0,0.0,168.99999999999991,0.70298769771529,53,bicycle,0.1,0.1,weighted_crc,segformer_b2_cityscapes,cityscapes_val_half,169
1.0,1000,False,0.0,0.0,1.0,0.834,83,159,0.0,False,0.0,0.0,0.0,168.99999999999991,0.70298769771529,53,bicycle,0.2,0.1,weighted_crc,segformer_b2_cityscapes,cityscapes_val_half,169
1.0,1000,False,0.0,0.0,1.0,0.834,83,159,0.0,False,0.0,0.0,0.0,168.99999999999991,0.70298769771529,53,bicycle,0.05,0.5,weighted_crc,segformer_b2_cityscapes,cityscapes_val_half,169
1.0,1000,False,0.0,0.0,1.0,0.834,83,159,0.0,False,0.0,0.0,0.0,168.99999999999991,0.70298769771529,53,bicycle,0.1,0.5,weighted_crc,segformer_b2_cityscapes,cityscapes_val_half,169
1.0,1000,False,0.0,0.0,1.0,0.834,83,159,0.0,False,0.0,0.0,0.0,168.99999999999991,0.70298769771529,53,bicycle,0.2,0.5,weighted_crc,segformer_b2_cityscapes,cityscapes_val_half,169
1.0,1000,False,0.0,0.0,1.0,0.66,170,334,0.0,False,0.0,0.0,0.0,205.99999999999986,0.6600660066006602,54,person,0.05,0.1,weighted_crc,segformer_b2_cityscapes,cityscapes_val_half,206
1.0,1000,False,0.0,0.0,1.0,0.66,170,334,0.0,False,0.0,0.0,0.0,205.99999999999986,0.6600660066006602,54,person,0.1,0.1,weighted_crc,segformer_b2_cityscapes,cityscapes_val_half,206
1.0,1000,False,0.0,0.0,1.0,0.66,170,334,0.0,False,0.0,0.0,0.0,205.99999999999986,0.6600660066006602,54,person,0.2,0.1,weighted_crc,segformer_b2_cityscapes,cityscapes_val_half,206
1.0,1000,False,0.0,0.0,1.0,0.66,170,334,0.0,False,0.0,0.0,0.0,205.99999999999986,0.6600660066006602,54,person,0.05,0.5,weighted_crc,segformer_b2_cityscapes,cityscapes_val_half,206
1.0,1000,False,0.0,0.0,1.0,0.66,170,334,0.0,False,0.0,0.0,0.0,205.99999999999986,0.6600660066006602,54,person,0.1,0.5,weighted_crc,segformer_b2_cityscapes,cityscapes_val_half,206
1.0,1000,False,0.0,0.0,1.0,0.66,170,334,0.0,False,0.0,0.0,0.0,205.99999999999986,0.6600660066006602,54,person,0.2,0.5,weighted_crc,segformer_b2_cityscapes,cityscapes_val_half,206
1.0,1000,False,0.0,0.0,1.0,0.944,28,38,0.0,False,0.0,0.0,0.0,121.99999999999996,0.7662835249042145,54,rider,0.05,0.1,weighted_crc,segformer_b2_cityscapes,cityscapes_val_half,122
1.0,1000,False,0.0,0.0,1.0,0.944,28,38,0.0,False,0.0,0.0,0.0,121.99999999999996,0.7662835249042145,54,rider,0.1,0.1,weighted_crc,segformer_b2_cityscapes,cityscapes_val_half,122
1.0,1000,False,0.0,0.0,1.0,0.944,28,38,0.0,False,0.0,0.0,0.0,121.99999999999996,0.7662835249042145,54,rider,0.2,0.1,weighted_crc,segformer_b2_cityscapes,cityscapes_val_half,122
1.0,1000,False,0.0,0.0,1.0,0.944,28,38,0.0,False,0.0,0.0,0.0,121.99999999999996,0.7662835249042145,54,rider,0.05,0.5,weighted_crc,segformer_b2_cityscapes,cityscapes_val_half,122
1.0,1000,False,0.0,0.0,1.0,0.944,28,38,0.0,False,0.0,0.0,0.0,121.99999999999996,0.7662835249042145,54,rider,0.1,0.5,weighted_crc,segformer_b2_cityscapes,cityscapes_val_half,122
1.0,1000,False,0.0,0.0,1.0,0.944,28,38,0.0,False,0.0,0.0,0.0,121.99999999999996,0.7662835249042145,54,rider,0.2,0.5,weighted_crc,segformer_b2_cityscapes,cityscapes_val_half,122
1.0,1000,False,0.0,0.0,1.0,0.834,83,159,0.0,False,0.0,0.0,0.0,171.99999999999986,0.6993006993006994,54,bicycle,0.05,0.1,weighted_crc,segformer_b2_cityscapes,cityscapes_val_half,172
1.0,1000,False,0.0,0.0,1.0,0.834,83,159,0.0,False,0.0,0.0,0.0,171.99999999999986,0.6993006993006994,54,bicycle,0.1,0.1,weighted_crc,segformer_b2_cityscapes,cityscapes_val_half,172
1.0,1000,False,0.0,0.0,1.0,0.834,83,159,0.0,False,0.0,0.0,0.0,171.99999999999986,0.6993006993006994,54,bicycle,0.2,0.1,weighted_crc,segformer_b2_cityscapes,cityscapes_val_half,172
1.0,1000,False,0.0,0.0,1.0,0.834,83,159,0.0,False,0.0,0.0,0.0,171.99999999999986,0.6993006993006994,54,bicycle,0.05,0.5,weighted_crc,segformer_b2_cityscapes,cityscapes_val_half,172
1.0,1000,False,0.0,0.0,1.0,0.834,83,159,0.0,False,0.0,0.0,0.0,171.99999999999986,0.6993006993006994,54,bicycle,0.1,0.5,weighted_crc,segformer_b2_cityscapes,cityscapes_val_half,172
1.0,1000,False,0.0,0.0,1.0,0.834,83,159,0.0,False,0.0,0.0,0.0,171.99999999999986,0.6993006993006994,54,bicycle,0.2,0.5,weighted_crc,segformer_b2_cityscapes,cityscapes_val_half,172
1.0,1000,False,0.0,0.0,1.0,0.66,170,334,0.0,False,0.0,0.0,0.0,198.9999999999999,0.667779632721202,55,person,0.05,0.1,weighted_crc,segformer_b2_cityscapes,cityscapes_val_half,199
1.0,1000,False,0.0,0.0,1.0,0.66,170,334,0.0,False,0.0,0.0,0.0,198.9999999999999,0.667779632721202,55,person,0.1,0.1,weighted_crc,segformer_b2_cityscapes,cityscapes_val_half,199
1.0,1000,False,0.0,0.0,1.0,0.66,170,334,0.0,False,0.0,0.0,0.0,198.9999999999999,0.667779632721202,55,person,0.2,0.1,weighted_crc,segformer_b2_cityscapes,cityscapes_val_half,199
1.0,1000,False,0.0,0.0,1.0,0.66,170,334,0.0,False,0.0,0.0,0.0,198.9999999999999,0.667779632721202,55,person,0.05,0.5,weighted_crc,segformer_b2_cityscapes,cityscapes_val_half,199
1.0,1000,False,0.0,0.0,1.0,0.66,170,334,0.0,False,0.0,0.0,0.0,198.9999999999999,0.667779632721202,55,person,0.1,0.5,weighted_crc,segformer_b2_cityscapes,cityscapes_val_half,199
1.0,1000,False,0.0,0.0,1.0,0.66,170,334,0.0,False,0.0,0.0,0.0,198.9999999999999,0.667779632721202,55,person,0.2,0.5,weighted_crc,segformer_b2_cityscapes,cityscapes_val_half,199
1.0,1000,False,0.0,0.0,1.0,0.944,28,38,0.0,False,0.0,0.0,0.0,124.99999999999993,0.7619047619047619,55,rider,0.05,0.1,weighted_crc,segformer_b2_cityscapes,cityscapes_val_half,125
1.0,1000,False,0.0,0.0,1.0,0.944,28,38,0.0,False,0.0,0.0,0.0,124.99999999999993,0.7619047619047619,55,rider,0.1,0.1,weighted_crc,segformer_b2_cityscapes,cityscapes_val_half,125
1.0,1000,False,0.0,0.0,1.0,0.944,28,38,0.0,False,0.0,0.0,0.0,124.99999999999993,0.7619047619047619,55,rider,0.2,0.1,weighted_crc,segformer_b2_cityscapes,cityscapes_val_half,125
1.0,1000,False,0.0,0.0,1.0,0.944,28,38,0.0,False,0.0,0.0,0.0,124.99999999999993,0.7619047619047619,55,rider,0.05,0.5,weighted_crc,segformer_b2_cityscapes,cityscapes_val_half,125
1.0,1000,False,0.0,0.0,1.0,0.944,28,38,0.0,False,0.0,0.0,0.0,124.99999999999993,0.7619047619047619,55,rider,0.1,0.5,weighted_crc,segformer_b2_cityscapes,cityscapes_val_half,125
1.0,1000,False,0.0,0.0,1.0,0.944,28,38,0.0,False,0.0,0.0,0.0,124.99999999999993,0.7619047619047619,55,rider,0.2,0.5,weighted_crc,segformer_b2_cityscapes,cityscapes_val_half,125
1.0,1000,False,0.0,0.0,1.0,0.834,83,159,0.0,False,0.0,0.0,0.0,165.9850187436854,0.7065604040117833,55,bicycle,0.05,0.1,weighted_crc,segformer_b2_cityscapes,cityscapes_val_half,166
1.0,1000,False,0.0,0.0,1.0,0.834,83,159,0.0,False,0.0,0.0,0.0,165.9850187436854,0.7065604040117833,55,bicycle,0.1,0.1,weighted_crc,segformer_b2_cityscapes,cityscapes_val_half,166
1.0,1000,False,0.0,0.0,1.0,0.834,83,159,0.0,False,0.0,0.0,0.0,165.9850187436854,0.7065604040117833,55,bicycle,0.2,0.1,weighted_crc,segformer_b2_cityscapes,cityscapes_val_half,166
1.0,1000,False,0.0,0.0,1.0,0.834,83,159,0.0,False,0.0,0.0,0.0,165.9850187436854,0.7065604040117833,55,bicycle,0.05,0.5,weighted_crc,segformer_b2_cityscapes,cityscapes_val_half,166
1.0,1000,False,0.0,0.0,1.0,0.834,83,159,0.0,False,0.0,0.0,0.0,165.9850187436854,0.7065604040117833,55,bicycle,0.1,0.5,weighted_crc,segformer_b2_cityscapes,cityscapes_val_half,166
1.0,1000,False,0.0,0.0,1.0,0.834,83,159,0.0,False,0.0,0.0,0.0,165.9850187436854,0.7065604040117833,55,bicycle,0.2,0.5,weighted_crc,segformer_b2_cityscapes,cityscapes_val_half,166
1.0,1000,False,0.0,0.0,1.0,0.66,170,334,0.0,False,0.0,0.0,0.0,203.9999999999999,0.6622516556291391,56,person,0.05,0.1,weighted_crc,segformer_b2_cityscapes,cityscapes_val_half,204
1.0,1000,False,0.0,0.0,1.0,0.66,170,334,0.0,False,0.0,0.0,0.0,203.9999999999999,0.6622516556291391,56,person,0.1,0.1,weighted_crc,segformer_b2_cityscapes,cityscapes_val_half,204
1.0,1000,False,0.0,0.0,1.0,0.66,170,334,0.0,False,0.0,0.0,0.0,203.9999999999999,0.6622516556291391,56,person,0.2,0.1,weighted_crc,segformer_b2_cityscapes,cityscapes_val_half,204
1.0,1000,False,0.0,0.0,1.0,0.66,170,334,0.0,False,0.0,0.0,0.0,203.9999999999999,0.6622516556291391,56,person,0.05,0.5,weighted_crc,segformer_b2_cityscapes,cityscapes_val_half,204
1.0,1000,False,0.0,0.0,1.0,0.66,170,334,0.0,False,0.0,0.0,0.0,203.9999999999999,0.6622516556291391,56,person,0.1,0.5,weighted_crc,segformer_b2_cityscapes,cityscapes_val_half,204
1.0,1000,False,0.0,0.0,1.0,0.66,170,334,0.0,False,0.0,0.0,0.0,203.9999999999999,0.6622516556291391,56,person,0.2,0.5,weighted_crc,segformer_b2_cityscapes,cityscapes_val_half,204
1.0,1000,False,0.0,0.0,1.0,0.944,28,38,0.0,False,0.0,0.0,0.0,120.99999999999996,0.7677543186180422,56,rider,0.05,0.1,weighted_crc,segformer_b2_cityscapes,cityscapes_val_half,121
1.0,1000,False,0.0,0.0,1.0,0.944,28,38,0.0,False,0.0,0.0,0.0,120.99999999999996,0.7677543186180422,56,rider,0.1,0.1,weighted_crc,segformer_b2_cityscapes,cityscapes_val_half,121
1.0,1000,False,0.0,0.0,1.0,0.944,28,38,0.0,False,0.0,0.0,0.0,120.99999999999996,0.7677543186180422,56,rider,0.2,0.1,weighted_crc,segformer_b2_cityscapes,cityscapes_val_half,121
1.0,1000,False,0.0,0.0,1.0,0.944,28,38,0.0,False,0.0,0.0,0.0,120.99999999999996,0.7677543186180422,56,rider,0.05,0.5,weighted_crc,segformer_b2_cityscapes,cityscapes_val_half,121
1.0,1000,False,0.0,0.0,1.0,0.944,28,38,0.0,False,0.0,0.0,0.0,120.99999999999996,0.7677543186180422,56,rider,0.1,0.5,weighted_crc,segformer_b2_cityscapes,cityscapes_val_half,121
1.0,1000,False,0.0,0.0,1.0,0.944,28,38,0.0,False,0.0,0.0,0.0,120.99999999999996,0.7677543186180422,56,rider,0.2,0.5,weighted_crc,segformer_b2_cityscapes,cityscapes_val_half,121
1.0,1000,False,0.0,0.0,1.0,0.834,83,159,0.0,False,0.0,0.0,0.0,174.75222322104534,0.6950465961010739,56,bicycle,0.05,0.1,weighted_crc,segformer_b2_cityscapes,cityscapes_val_half,175
1.0,1000,False,0.0,0.0,1.0,0.834,83,159,0.0,False,0.0,0.0,0.0,174.75222322104534,0.6950465961010739,56,bicycle,0.1,0.1,weighted_crc,segformer_b2_cityscapes,cityscapes_val_half,175
1.0,1000,False,0.0,0.0,1.0,0.834,83,159,0.0,False,0.0,0.0,0.0,174.75222322104534,0.6950465961010739,56,bicycle,0.2,0.1,weighted_crc,segformer_b2_cityscapes,cityscapes_val_half,175
1.0,1000,False,0.0,0.0,1.0,0.834,83,159,0.0,False,0.0,0.0,0.0,174.75222322104534,0.6950465961010739,56,bicycle,0.05,0.5,weighted_crc,segformer_b2_cityscapes,cityscapes_val_half,175
1.0,1000,False,0.0,0.0,1.0,0.834,83,159,0.0,False,0.0,0.0,0.0,174.75222322104534,0.6950465961010739,56,bicycle,0.1,0.5,weighted_crc,segformer_b2_cityscapes,cityscapes_val_half,175
1.0,1000,False,0.0,0.0,1.0,0.834,83,159,0.0,False,0.0,0.0,0.0,174.75222322104534,0.6950465961010739,56,bicycle,0.2,0.5,weighted_crc,segformer_b2_cityscapes,cityscapes_val_half,175
1.0,1000,False,0.0,0.0,1.0,0.66,170,334,0.0,False,0.0,0.0,0.0,196.9999999999998,0.6700167504187605,57,person,0.05,0.1,weighted_crc,segformer_b2_cityscapes,cityscapes_val_half,197
1.0,1000,False,0.0,0.0,1.0,0.66,170,334,0.0,False,0.0,0.0,0.0,196.9999999999998,0.6700167504187605,57,person,0.1,0.1,weighted_crc,segformer_b2_cityscapes,cityscapes_val_half,197
1.0,1000,False,0.0,0.0,1.0,0.66,170,334,0.0,False,0.0,0.0,0.0,196.9999999999998,0.6700167504187605,57,person,0.2,0.1,weighted_crc,segformer_b2_cityscapes,cityscapes_val_half,197
1.0,1000,False,0.0,0.0,1.0,0.66,170,334,0.0,False,0.0,0.0,0.0,196.9999999999998,0.6700167504187605,57,person,0.05,0.5,weighted_crc,segformer_b2_cityscapes,cityscapes_val_half,197
1.0,1000,False,0.0,0.0,1.0,0.66,170,334,0.0,False,0.0,0.0,0.0,196.9999999999998,0.6700167504187605,57,person,0.1,0.5,weighted_crc,segformer_b2_cityscapes,cityscapes_val_half,197
1.0,1000,False,0.0,0.0,1.0,0.66,170,334,0.0,False,0.0,0.0,0.0,196.9999999999998,0.6700167504187605,57,person,0.2,0.5,weighted_crc,segformer_b2_cityscapes,cityscapes_val_half,197
1.0,1000,False,0.0,0.0,1.0,0.944,28,38,0.0,False,0.0,0.0,0.0,121.99999999999996,0.7662835249042145,57,rider,0.05,0.1,weighted_crc,segformer_b2_cityscapes,cityscapes_val_half,122
1.0,1000,False,0.0,0.0,1.0,0.944,28,38,0.0,False,0.0,0.0,0.0,121.99999999999996,0.7662835249042145,57,rider,0.1,0.1,weighted_crc,segformer_b2_cityscapes,cityscapes_val_half,122
1.0,1000,False,0.0,0.0,1.0,0.944,28,38,0.0,False,0.0,0.0,0.0,121.99999999999996,0.7662835249042145,57,rider,0.2,0.1,weighted_crc,segformer_b2_cityscapes,cityscapes_val_half,122
1.0,1000,False,0.0,0.0,1.0,0.944,28,38,0.0,False,0.0,0.0,0.0,121.99999999999996,0.7662835249042145,57,rider,0.05,0.5,weighted_crc,segformer_b2_cityscapes,cityscapes_val_half,122
1.0,1000,False,0.0,0.0,1.0,0.944,28,38,0.0,False,0.0,0.0,0.0,121.99999999999996,0.7662835249042145,57,rider,0.1,0.5,weighted_crc,segformer_b2_cityscapes,cityscapes_val_half,122
1.0,1000,False,0.0,0.0,1.0,0.944,28,38,0.0,False,0.0,0.0,0.0,121.99999999999996,0.7662835249042145,57,rider,0.2,0.5,weighted_crc,segformer_b2_cityscapes,cityscapes_val_half,122
1.0,1000,False,0.0,0.0,1.0,0.834,83,159,0.0,False,0.0,0.0,0.0,164.9999999999999,0.7079646017699115,57,bicycle,0.05,0.1,weighted_crc,segformer_b2_cityscapes,cityscapes_val_half,165
1.0,1000,False,0.0,0.0,1.0,0.834,83,159,0.0,False,0.0,0.0,0.0,164.9999999999999,0.7079646017699115,57,bicycle,0.1,0.1,weighted_crc,segformer_b2_cityscapes,cityscapes_val_half,165
1.0,1000,False,0.0,0.0,1.0,0.834,83,159,0.0,False,0.0,0.0,0.0,164.9999999999999,0.7079646017699115,57,bicycle,0.2,0.1,weighted_crc,segformer_b2_cityscapes,cityscapes_val_half,165
1.0,1000,False,0.0,0.0,1.0,0.834,83,159,0.0,False,0.0,0.0,0.0,164.9999999999999,0.7079646017699115,57,bicycle,0.05,0.5,weighted_crc,segformer_b2_cityscapes,cityscapes_val_half,165
1.0,1000,False,0.0,0.0,1.0,0.834,83,159,0.0,False,0.0,0.0,0.0,164.9999999999999,0.7079646017699115,57,bicycle,0.1,0.5,weighted_crc,segformer_b2_cityscapes,cityscapes_val_half,165
1.0,1000,False,0.0,0.0,1.0,0.834,83,159,0.0,False,0.0,0.0,0.0,164.9999999999999,0.7079646017699115,57,bicycle,0.2,0.5,weighted_crc,segformer_b2_cityscapes,cityscapes_val_half,165
1.0,1000,False,0.0,0.0,1.0,0.66,170,334,0.0,False,0.0,0.0,0.0,185.5906954791844,0.6647651760360935,58,person,0.05,0.1,weighted_crc,segformer_b2_cityscapes,cityscapes_val_half,198
1.0,1000,False,0.0,0.0,1.0,0.66,170,334,0.0,False,0.0,0.0,0.0,185.5906954791844,0.6647651760360935,58,person,0.1,0.1,weighted_crc,segformer_b2_cityscapes,cityscapes_val_half,198
1.0,1000,False,0.0,0.0,1.0,0.66,170,334,0.0,False,0.0,0.0,0.0,185.5906954791844,0.6647651760360935,58,person,0.2,0.1,weighted_crc,segformer_b2_cityscapes,cityscapes_val_half,198
1.0,1000,False,0.0,0.0,1.0,0.66,170,334,0.0,False,0.0,0.0,0.0,185.5906954791844,0.6647651760360935,58,person,0.05,0.5,weighted_crc,segformer_b2_cityscapes,cityscapes_val_half,198
1.0,1000,False,0.0,0.0,1.0,0.66,170,334,0.0,False,0.0,0.0,0.0,185.5906954791844,0.6647651760360935,58,person,0.1,0.5,weighted_crc,segformer_b2_cityscapes,cityscapes_val_half,198
1.0,1000,False,0.0,0.0,1.0,0.66,170,334,0.0,False,0.0,0.0,0.0,185.5906954791844,0.6647651760360935,58,person,0.2,0.5,weighted_crc,segformer_b2_cityscapes,cityscapes_val_half,198
1.0,1000,False,0.0,0.0,1.0,0.944,28,38,0.0,False,0.0,0.0,0.0,121.99999999999996,0.7662835249042145,58,rider,0.05,0.1,weighted_crc,segformer_b2_cityscapes,cityscapes_val_half,122
1.0,1000,False,0.0,0.0,1.0,0.944,28,38,0.0,False,0.0,0.0,0.0,121.99999999999996,0.7662835249042145,58,rider,0.1,0.1,weighted_crc,segformer_b2_cityscapes,cityscapes_val_half,122
1.0,1000,False,0.0,0.0,1.0,0.944,28,38,0.0,False,0.0,0.0,0.0,121.99999999999996,0.7662835249042145,58,rider,0.2,0.1,weighted_crc,segformer_b2_cityscapes,cityscapes_val_half,122
1.0,1000,False,0.0,0.0,1.0,0.944,28,38,0.0,False,0.0,0.0,0.0,121.99999999999996,0.7662835249042145,58,rider,0.05,0.5,weighted_crc,segformer_b2_cityscapes,cityscapes_val_half,122
1.0,1000,False,0.0,0.0,1.0,0.944,28,38,0.0,False,0.0,0.0,0.0,121.99999999999996,0.7662835249042145,58,rider,0.1,0.5,weighted_crc,segformer_b2_cityscapes,cityscapes_val_half,122
1.0,1000,False,0.0,0.0,1.0,0.944,28,38,0.0,False,0.0,0.0,0.0,121.99999999999996,0.7662835249042145,58,rider,0.2,0.5,weighted_crc,segformer_b2_cityscapes,cityscapes_val_half,122
1.0,1000,False,0.0,0.0,1.0,0.834,83,159,0.0,False,0.0,0.0,0.0,164.9999999999999,0.7079646017699115,58,bicycle,0.05,0.1,weighted_crc,segformer_b2_cityscapes,cityscapes_val_half,165
1.0,1000,False,0.0,0.0,1.0,0.834,83,159,0.0,False,0.0,0.0,0.0,164.9999999999999,0.7079646017699115,58,bicycle,0.1,0.1,weighted_crc,segformer_b2_cityscapes,cityscapes_val_half,165
1.0,1000,False,0.0,0.0,1.0,0.834,83,159,0.0,False,0.0,0.0,0.0,164.9999999999999,0.7079646017699115,58,bicycle,0.2,0.1,weighted_crc,segformer_b2_cityscapes,cityscapes_val_half,165
1.0,1000,False,0.0,0.0,1.0,0.834,83,159,0.0,False,0.0,0.0,0.0,164.9999999999999,0.7079646017699115,58,bicycle,0.05,0.5,weighted_crc,segformer_b2_cityscapes,cityscapes_val_half,165
1.0,1000,False,0.0,0.0,1.0,0.834,83,159,0.0,False,0.0,0.0,0.0,164.9999999999999,0.7079646017699115,58,bicycle,0.1,0.5,weighted_crc,segformer_b2_cityscapes,cityscapes_val_half,165
1.0,1000,False,0.0,0.0,1.0,0.834,83,159,0.0,False,0.0,0.0,0.0,164.9999999999999,0.7079646017699115,58,bicycle,0.2,0.5,weighted_crc,segformer_b2_cityscapes,cityscapes_val_half,165
1.0,1000,False,0.0,0.0,1.0,0.66,170,334,0.0,False,0.0,0.0,0.0,204.99999999999994,0.6611570247933884,59,person,0.05,0.1,weighted_crc,segformer_b2_cityscapes,cityscapes_val_half,205
1.0,1000,False,0.0,0.0,1.0,0.66,170,334,0.0,False,0.0,0.0,0.0,204.99999999999994,0.6611570247933884,59,person,0.1,0.1,weighted_crc,segformer_b2_cityscapes,cityscapes_val_half,205
1.0,1000,False,0.0,0.0,1.0,0.66,170,334,0.0,False,0.0,0.0,0.0,204.99999999999994,0.6611570247933884,59,person,0.2,0.1,weighted_crc,segformer_b2_cityscapes,cityscapes_val_half,205
1.0,1000,False,0.0,0.0,1.0,0.66,170,334,0.0,False,0.0,0.0,0.0,204.99999999999994,0.6611570247933884,59,person,0.05,0.5,weighted_crc,segformer_b2_cityscapes,cityscapes_val_half,205
1.0,1000,False,0.0,0.0,1.0,0.66,170,334,0.0,False,0.0,0.0,0.0,204.99999999999994,0.6611570247933884,59,person,0.1,0.5,weighted_crc,segformer_b2_cityscapes,cityscapes_val_half,205
1.0,1000,False,0.0,0.0,1.0,0.66,170,334,0.0,False,0.0,0.0,0.0,204.99999999999994,0.6611570247933884,59,person,0.2,0.5,weighted_crc,segformer_b2_cityscapes,cityscapes_val_half,205
1.0,1000,False,0.0,0.0,1.0,0.944,28,38,0.0,False,0.0,0.0,0.0,137.99999999999991,0.7434944237918216,59,rider,0.05,0.1,weighted_crc,segformer_b2_cityscapes,cityscapes_val_half,138
1.0,1000,False,0.0,0.0,1.0,0.944,28,38,0.0,False,0.0,0.0,0.0,137.99999999999991,0.7434944237918216,59,rider,0.1,0.1,weighted_crc,segformer_b2_cityscapes,cityscapes_val_half,138
1.0,1000,False,0.0,0.0,1.0,0.944,28,38,0.0,False,0.0,0.0,0.0,137.99999999999991,0.7434944237918216,59,rider,0.2,0.1,weighted_crc,segformer_b2_cityscapes,cityscapes_val_half,138
1.0,1000,False,0.0,0.0,1.0,0.944,28,38,0.0,False,0.0,0.0,0.0,137.99999999999991,0.7434944237918216,59,rider,0.05,0.5,weighted_crc,segformer_b2_cityscapes,cityscapes_val_half,138
1.0,1000,False,0.0,0.0,1.0,0.944,28,38,0.0,False,0.0,0.0,0.0,137.99999999999991,0.7434944237918216,59,rider,0.1,0.5,weighted_crc,segformer_b2_cityscapes,cityscapes_val_half,138
1.0,1000,False,0.0,0.0,1.0,0.944,28,38,0.0,False,0.0,0.0,0.0,137.99999999999991,0.7434944237918216,59,rider,0.2,0.5,weighted_crc,segformer_b2_cityscapes,cityscapes_val_half,138
1.0,1000,False,0.0,0.0,1.0,0.834,83,159,0.0,False,0.0,0.0,0.0,176.99999999999986,0.6932409012131716,59,bicycle,0.05,0.1,weighted_crc,segformer_b2_cityscapes,cityscapes_val_half,177
1.0,1000,False,0.0,0.0,1.0,0.834,83,159,0.0,False,0.0,0.0,0.0,176.99999999999986,0.6932409012131716,59,bicycle,0.1,0.1,weighted_crc,segformer_b2_cityscapes,cityscapes_val_half,177
1.0,1000,False,0.0,0.0,1.0,0.834,83,159,0.0,False,0.0,0.0,0.0,176.99999999999986,0.6932409012131716,59,bicycle,0.2,0.1,weighted_crc,segformer_b2_cityscapes,cityscapes_val_half,177
1.0,1000,False,0.0,0.0,1.0,0.834,83,159,0.0,False,0.0,0.0,0.0,176.99999999999986,0.6932409012131716,59,bicycle,0.05,0.5,weighted_crc,segformer_b2_cityscapes,cityscapes_val_half,177
1.0,1000,False,0.0,0.0,1.0,0.834,83,159,0.0,False,0.0,0.0,0.0,176.99999999999986,0.6932409012131716,59,bicycle,0.1,0.5,weighted_crc,segformer_b2_cityscapes,cityscapes_val_half,177
1.0,1000,False,0.0,0.0,1.0,0.834,83,159,0.0,False,0.0,0.0,0.0,176.99999999999986,0.6932409012131716,59,bicycle,0.2,0.5,weighted_crc,segformer_b2_cityscapes,cityscapes_val_half,177
1.0,1000,False,0.0,0.0,1.0,0.66,170,334,0.0,False,0.0,0.0,0.0,201.33585746714618,0.663546175925817,60,person,0.05,0.1,weighted_crc,segformer_b2_cityscapes,cityscapes_val_half,202
1.0,1000,False,0.0,0.0,1.0,0.66,170,334,0.0,False,0.0,0.0,0.0,201.33585746714618,0.663546175925817,60,person,0.1,0.1,weighted_crc,segformer_b2_cityscapes,cityscapes_val_half,202
1.0,1000,False,0.0,0.0,1.0,0.66,170,334,0.0,False,0.0,0.0,0.0,201.33585746714618,0.663546175925817,60,person,0.2,0.1,weighted_crc,segformer_b2_cityscapes,cityscapes_val_half,202
1.0,1000,False,0.0,0.0,1.0,0.66,170,334,0.0,False,0.0,0.0,0.0,201.33585746714618,0.663546175925817,60,person,0.05,0.5,weighted_crc,segformer_b2_cityscapes,cityscapes_val_half,202
1.0,1000,False,0.0,0.0,1.0,0.66,170,334,0.0,False,0.0,0.0,0.0,201.33585746714618,0.663546175925817,60,person,0.1,0.5,weighted_crc,segformer_b2_cityscapes,cityscapes_val_half,202
1.0,1000,False,0.0,0.0,1.0,0.66,170,334,0.0,False,0.0,0.0,0.0,201.33585746714618,0.663546175925817,60,person,0.2,0.5,weighted_crc,segformer_b2_cityscapes,cityscapes_val_half,202
1.0,1000,False,0.0,0.0,1.0,0.944,28,38,0.0,False,0.0,0.0,0.0,128.99999999999994,0.7561436672967864,60,rider,0.05,0.1,weighted_crc,segformer_b2_cityscapes,cityscapes_val_half,129
1.0,1000,False,0.0,0.0,1.0,0.944,28,38,0.0,False,0.0,0.0,0.0,128.99999999999994,0.7561436672967864,60,rider,0.1,0.1,weighted_crc,segformer_b2_cityscapes,cityscapes_val_half,129
1.0,1000,False,0.0,0.0,1.0,0.944,28,38,0.0,False,0.0,0.0,0.0,128.99999999999994,0.7561436672967864,60,rider,0.2,0.1,weighted_crc,segformer_b2_cityscapes,cityscapes_val_half,129
1.0,1000,False,0.0,0.0,1.0,0.944,28,38,0.0,False,0.0,0.0,0.0,128.99999999999994,0.7561436672967864,60,rider,0.05,0.5,weighted_crc,segformer_b2_cityscapes,cityscapes_val_half,129
1.0,1000,False,0.0,0.0,1.0,0.944,28,38,0.0,False,0.0,0.0,0.0,128.99999999999994,0.7561436672967864,60,rider,0.1,0.5,weighted_crc,segformer_b2_cityscapes,cityscapes_val_half,129
1.0,1000,False,0.0,0.0,1.0,0.944,28,38,0.0,False,0.0,0.0,0.0,128.99999999999994,0.7561436672967864,60,rider,0.2,0.5,weighted_crc,segformer_b2_cityscapes,cityscapes_val_half,129
1.0,1000,False,0.0,0.0,1.0,0.834,83,159,0.0,False,0.0,0.0,0.0,177.9999999999999,0.6920415224913495,60,bicycle,0.05,0.1,weighted_crc,segformer_b2_cityscapes,cityscapes_val_half,178
1.0,1000,False,0.0,0.0,1.0,0.834,83,159,0.0,False,0.0,0.0,0.0,177.9999999999999,0.6920415224913495,60,bicycle,0.1,0.1,weighted_crc,segformer_b2_cityscapes,cityscapes_val_half,178
1.0,1000,False,0.0,0.0,1.0,0.834,83,159,0.0,False,0.0,0.0,0.0,177.9999999999999,0.6920415224913495,60,bicycle,0.2,0.1,weighted_crc,segformer_b2_cityscapes,cityscapes_val_half,178
1.0,1000,False,0.0,0.0,1.0,0.834,83,159,0.0,False,0.0,0.0,0.0,177.9999999999999,0.6920415224913495,60,bicycle,0.05,0.5,weighted_crc,segformer_b2_cityscapes,cityscapes_val_half,178
1.0,1000,False,0.0,0.0,1.0,0.834,83,159,0.0,False,0.0,0.0,0.0,177.9999999999999,0.6920415224913495,60,bicycle,0.1,0.5,weighted_crc,segformer_b2_cityscapes,cityscapes_val_half,178
1.0,1000,False,0.0,0.0,1.0,0.834,83,159,0.0,False,0.0,0.0,0.0,177.9999999999999,0.6920415224913495,60,bicycle,0.2,0.5,weighted_crc,segformer_b2_cityscapes,cityscapes_val_half,178
1.0,1000,False,0.0,0.0,1.0,0.66,170,334,0.0,False,0.0,0.0,0.0,205.99999999999986,0.6600660066006602,61,person,0.05,0.1,weighted_crc,segformer_b2_cityscapes,cityscapes_val_half,206
1.0,1000,False,0.0,0.0,1.0,0.66,170,334,0.0,False,0.0,0.0,0.0,205.99999999999986,0.6600660066006602,61,person,0.1,0.1,weighted_crc,segformer_b2_cityscapes,cityscapes_val_half,206
1.0,1000,False,0.0,0.0,1.0,0.66,170,334,0.0,False,0.0,0.0,0.0,205.99999999999986,0.6600660066006602,61,person,0.2,0.1,weighted_crc,segformer_b2_cityscapes,cityscapes_val_half,206
1.0,1000,False,0.0,0.0,1.0,0.66,170,334,0.0,False,0.0,0.0,0.0,205.99999999999986,0.6600660066006602,61,person,0.05,0.5,weighted_crc,segformer_b2_cityscapes,cityscapes_val_half,206
1.0,1000,False,0.0,0.0,1.0,0.66,170,334,0.0,False,0.0,0.0,0.0,205.99999999999986,0.6600660066006602,61,person,0.1,0.5,weighted_crc,segformer_b2_cityscapes,cityscapes_val_half,206
1.0,1000,False,0.0,0.0,1.0,0.66,170,334,0.0,False,0.0,0.0,0.0,205.99999999999986,0.6600660066006602,61,person,0.2,0.5,weighted_crc,segformer_b2_cityscapes,cityscapes_val_half,206
1.0,1000,False,0.0,0.0,1.0,0.944,28,38,0.0,False,0.0,0.0,0.0,127.99999999999997,0.7575757575757576,61,rider,0.05,0.1,weighted_crc,segformer_b2_cityscapes,cityscapes_val_half,128
1.0,1000,False,0.0,0.0,1.0,0.944,28,38,0.0,False,0.0,0.0,0.0,127.99999999999997,0.7575757575757576,61,rider,0.1,0.1,weighted_crc,segformer_b2_cityscapes,cityscapes_val_half,128
1.0,1000,False,0.0,0.0,1.0,0.944,28,38,0.0,False,0.0,0.0,0.0,127.99999999999997,0.7575757575757576,61,rider,0.2,0.1,weighted_crc,segformer_b2_cityscapes,cityscapes_val_half,128
1.0,1000,False,0.0,0.0,1.0,0.944,28,38,0.0,False,0.0,0.0,0.0,127.99999999999997,0.7575757575757576,61,rider,0.05,0.5,weighted_crc,segformer_b2_cityscapes,cityscapes_val_half,128
1.0,1000,False,0.0,0.0,1.0,0.944,28,38,0.0,False,0.0,0.0,0.0,127.99999999999997,0.7575757575757576,61,rider,0.1,0.5,weighted_crc,segformer_b2_cityscapes,cityscapes_val_half,128
1.0,1000,False,0.0,0.0,1.0,0.944,28,38,0.0,False,0.0,0.0,0.0,127.99999999999997,0.7575757575757576,61,rider,0.2,0.5,weighted_crc,segformer_b2_cityscapes,cityscapes_val_half,128
1.0,1000,False,0.0,0.0,1.0,0.834,83,159,0.0,False,0.0,0.0,0.0,172.9999999999999,0.6980802792321117,61,bicycle,0.05,0.1,weighted_crc,segformer_b2_cityscapes,cityscapes_val_half,173
1.0,1000,False,0.0,0.0,1.0,0.834,83,159,0.0,False,0.0,0.0,0.0,172.9999999999999,0.6980802792321117,61,bicycle,0.1,0.1,weighted_crc,segformer_b2_cityscapes,cityscapes_val_half,173
1.0,1000,False,0.0,0.0,1.0,0.834,83,159,0.0,False,0.0,0.0,0.0,172.9999999999999,0.6980802792321117,61,bicycle,0.2,0.1,weighted_crc,segformer_b2_cityscapes,cityscapes_val_half,173
1.0,1000,False,0.0,0.0,1.0,0.834,83,159,0.0,False,0.0,0.0,0.0,172.9999999999999,0.6980802792321117,61,bicycle,0.05,0.5,weighted_crc,segformer_b2_cityscapes,cityscapes_val_half,173
1.0,1000,False,0.0,0.0,1.0,0.834,83,159,0.0,False,0.0,0.0,0.0,172.9999999999999,0.6980802792321117,61,bicycle,0.1,0.5,weighted_crc,segformer_b2_cityscapes,cityscapes_val_half,173
1.0,1000,False,0.0,0.0,1.0,0.834,83,159,0.0,False,0.0,0.0,0.0,172.9999999999999,0.6980802792321117,61,bicycle,0.2,0.5,weighted_crc,segformer_b2_cityscapes,cityscapes_val_half,173
1.0,1000,False,0.0,0.0,1.0,0.66,170,334,0.0,False,0.0,0.0,0.0,205.99999999999986,0.6600660066006602,62,person,0.05,0.1,weighted_crc,segformer_b2_cityscapes,cityscapes_val_half,206
1.0,1000,False,0.0,0.0,1.0,0.66,170,334,0.0,False,0.0,0.0,0.0,205.99999999999986,0.6600660066006602,62,person,0.1,0.1,weighted_crc,segformer_b2_cityscapes,cityscapes_val_half,206
1.0,1000,False,0.0,0.0,1.0,0.66,170,334,0.0,False,0.0,0.0,0.0,205.99999999999986,0.6600660066006602,62,person,0.2,0.1,weighted_crc,segformer_b2_cityscapes,cityscapes_val_half,206
1.0,1000,False,0.0,0.0,1.0,0.66,170,334,0.0,False,0.0,0.0,0.0,205.99999999999986,0.6600660066006602,62,person,0.05,0.5,weighted_crc,segformer_b2_cityscapes,cityscapes_val_half,206
1.0,1000,False,0.0,0.0,1.0,0.66,170,334,0.0,False,0.0,0.0,0.0,205.99999999999986,0.6600660066006602,62,person,0.1,0.5,weighted_crc,segformer_b2_cityscapes,cityscapes_val_half,206
1.0,1000,False,0.0,0.0,1.0,0.66,170,334,0.0,False,0.0,0.0,0.0,205.99999999999986,0.6600660066006602,62,person,0.2,0.5,weighted_crc,segformer_b2_cityscapes,cityscapes_val_half,206
1.0,1000,False,0.0,0.0,1.0,0.944,28,38,0.0,False,0.0,0.0,0.0,134.99999999999991,0.7476635514018691,62,rider,0.05,0.1,weighted_crc,segformer_b2_cityscapes,cityscapes_val_half,135
1.0,1000,False,0.0,0.0,1.0,0.944,28,38,0.0,False,0.0,0.0,0.0,134.99999999999991,0.7476635514018691,62,rider,0.1,0.1,weighted_crc,segformer_b2_cityscapes,cityscapes_val_half,135
1.0,1000,False,0.0,0.0,1.0,0.944,28,38,0.0,False,0.0,0.0,0.0,134.99999999999991,0.7476635514018691,62,rider,0.2,0.1,weighted_crc,segformer_b2_cityscapes,cityscapes_val_half,135
1.0,1000,False,0.0,0.0,1.0,0.944,28,38,0.0,False,0.0,0.0,0.0,134.99999999999991,0.7476635514018691,62,rider,0.05,0.5,weighted_crc,segformer_b2_cityscapes,cityscapes_val_half,135
1.0,1000,False,0.0,0.0,1.0,0.944,28,38,0.0,False,0.0,0.0,0.0,134.99999999999991,0.7476635514018691,62,rider,0.1,0.5,weighted_crc,segformer_b2_cityscapes,cityscapes_val_half,135
1.0,1000,False,0.0,0.0,1.0,0.944,28,38,0.0,False,0.0,0.0,0.0,134.99999999999991,0.7476635514018691,62,rider,0.2,0.5,weighted_crc,segformer_b2_cityscapes,cityscapes_val_half,135
1.0,1000,False,0.0,0.0,1.0,0.834,83,159,0.0,False,0.0,0.0,0.0,170.9999999999999,0.7005253940455343,62,bicycle,0.05,0.1,weighted_crc,segformer_b2_cityscapes,cityscapes_val_half,171
1.0,1000,False,0.0,0.0,1.0,0.834,83,159,0.0,False,0.0,0.0,0.0,170.9999999999999,0.7005253940455343,62,bicycle,0.1,0.1,weighted_crc,segformer_b2_cityscapes,cityscapes_val_half,171
1.0,1000,False,0.0,0.0,1.0,0.834,83,159,0.0,False,0.0,0.0,0.0,170.9999999999999,0.7005253940455343,62,bicycle,0.2,0.1,weighted_crc,segformer_b2_cityscapes,cityscapes_val_half,171
1.0,1000,False,0.0,0.0,1.0,0.834,83,159,0.0,False,0.0,0.0,0.0,170.9999999999999,0.7005253940455343,62,bicycle,0.05,0.5,weighted_crc,segformer_b2_cityscapes,cityscapes_val_half,171
1.0,1000,False,0.0,0.0,1.0,0.834,83,159,0.0,False,0.0,0.0,0.0,170.9999999999999,0.7005253940455343,62,bicycle,0.1,0.5,weighted_crc,segformer_b2_cityscapes,cityscapes_val_half,171
1.0,1000,False,0.0,0.0,1.0,0.834,83,159,0.0,False,0.0,0.0,0.0,170.9999999999999,0.7005253940455343,62,bicycle,0.2,0.5,weighted_crc,segformer_b2_cityscapes,cityscapes_val_half,171
1.0,1000,False,0.0,0.0,1.0,0.66,170,334,0.0,False,0.0,0.0,0.0,198.9999999999999,0.667779632721202,63,person,0.05,0.1,weighted_crc,segformer_b2_cityscapes,cityscapes_val_half,199
1.0,1000,False,0.0,0.0,1.0,0.66,170,334,0.0,False,0.0,0.0,0.0,198.9999999999999,0.667779632721202,63,person,0.1,0.1,weighted_crc,segformer_b2_cityscapes,cityscapes_val_half,199
1.0,1000,False,0.0,0.0,1.0,0.66,170,334,0.0,False,0.0,0.0,0.0,198.9999999999999,0.667779632721202,63,person,0.2,0.1,weighted_crc,segformer_b2_cityscapes,cityscapes_val_half,199
1.0,1000,False,0.0,0.0,1.0,0.66,170,334,0.0,False,0.0,0.0,0.0,198.9999999999999,0.667779632721202,63,person,0.05,0.5,weighted_crc,segformer_b2_cityscapes,cityscapes_val_half,199
1.0,1000,False,0.0,0.0,1.0,0.66,170,334,0.0,False,0.0,0.0,0.0,198.9999999999999,0.667779632721202,63,person,0.1,0.5,weighted_crc,segformer_b2_cityscapes,cityscapes_val_half,199
1.0,1000,False,0.0,0.0,1.0,0.66,170,334,0.0,False,0.0,0.0,0.0,198.9999999999999,0.667779632721202,63,person,0.2,0.5,weighted_crc,segformer_b2_cityscapes,cityscapes_val_half,199
1.0,1000,False,0.0,0.0,1.0,0.944,28,38,0.0,False,0.0,0.0,0.0,116.99999999999993,0.7736943907156673,63,rider,0.05,0.1,weighted_crc,segformer_b2_cityscapes,cityscapes_val_half,117
1.0,1000,False,0.0,0.0,1.0,0.944,28,38,0.0,False,0.0,0.0,0.0,116.99999999999993,0.7736943907156673,63,rider,0.1,0.1,weighted_crc,segformer_b2_cityscapes,cityscapes_val_half,117
1.0,1000,False,0.0,0.0,1.0,0.944,28,38,0.0,False,0.0,0.0,0.0,116.99999999999993,0.7736943907156673,63,rider,0.2,0.1,weighted_crc,segformer_b2_cityscapes,cityscapes_val_half,117
1.0,1000,False,0.0,0.0,1.0,0.944,28,38,0.0,False,0.0,0.0,0.0,116.99999999999993,0.7736943907156673,63,rider,0.05,0.5,weighted_crc,segformer_b2_cityscapes,cityscapes_val_half,117
1.0,1000,False,0.0,0.0,1.0,0.944,28,38,0.0,False,0.0,0.0,0.0,116.99999999999993,0.7736943907156673,63,rider,0.1,0.5,weighted_crc,segformer_b2_cityscapes,cityscapes_val_half,117
1.0,1000,False,0.0,0.0,1.0,0.944,28,38,0.0,False,0.0,0.0,0.0,116.99999999999993,0.7736943907156673,63,rider,0.2,0.5,weighted_crc,segformer_b2_cityscapes,cityscapes_val_half,117
1.0,1000,False,0.0,0.0,1.0,0.834,83,159,0.0,False,0.0,0.0,0.0,166.99999999999986,0.7054673721340389,63,bicycle,0.05,0.1,weighted_crc,segformer_b2_cityscapes,cityscapes_val_half,167
1.0,1000,False,0.0,0.0,1.0,0.834,83,159,0.0,False,0.0,0.0,0.0,166.99999999999986,0.7054673721340389,63,bicycle,0.1,0.1,weighted_crc,segformer_b2_cityscapes,cityscapes_val_half,167
1.0,1000,False,0.0,0.0,1.0,0.834,83,159,0.0,False,0.0,0.0,0.0,166.99999999999986,0.7054673721340389,63,bicycle,0.2,0.1,weighted_crc,segformer_b2_cityscapes,cityscapes_val_half,167
1.0,1000,False,0.0,0.0,1.0,0.834,83,159,0.0,False,0.0,0.0,0.0,166.99999999999986,0.7054673721340389,63,bicycle,0.05,0.5,weighted_crc,segformer_b2_cityscapes,cityscapes_val_half,167
1.0,1000,False,0.0,0.0,1.0,0.834,83,159,0.0,False,0.0,0.0,0.0,166.99999999999986,0.7054673721340389,63,bicycle,0.1,0.5,weighted_crc,segformer_b2_cityscapes,cityscapes_val_half,167
1.0,1000,False,0.0,0.0,1.0,0.834,83,159,0.0,False,0.0,0.0,0.0,166.99999999999986,0.7054673721340389,63,bicycle,0.2,0.5,weighted_crc,segformer_b2_cityscapes,cityscapes_val_half,167
1.0,1000,False,0.0,0.0,1.0,0.66,170,334,0.0,False,0.0,0.0,0.0,196.9999999999998,0.6700167504187605,64,person,0.05,0.1,weighted_crc,segformer_b2_cityscapes,cityscapes_val_half,197
1.0,1000,False,0.0,0.0,1.0,0.66,170,334,0.0,False,0.0,0.0,0.0,196.9999999999998,0.6700167504187605,64,person,0.1,0.1,weighted_crc,segformer_b2_cityscapes,cityscapes_val_half,197
1.0,1000,False,0.0,0.0,1.0,0.66,170,334,0.0,False,0.0,0.0,0.0,196.9999999999998,0.6700167504187605,64,person,0.2,0.1,weighted_crc,segformer_b2_cityscapes,cityscapes_val_half,197
1.0,1000,False,0.0,0.0,1.0,0.66,170,334,0.0,False,0.0,0.0,0.0,196.9999999999998,0.6700167504187605,64,person,0.05,0.5,weighted_crc,segformer_b2_cityscapes,cityscapes_val_half,197
1.0,1000,False,0.0,0.0,1.0,0.66,170,334,0.0,False,0.0,0.0,0.0,196.9999999999998,0.6700167504187605,64,person,0.1,0.5,weighted_crc,segformer_b2_cityscapes,cityscapes_val_half,197
1.0,1000,False,0.0,0.0,1.0,0.66,170,334,0.0,False,0.0,0.0,0.0,196.9999999999998,0.6700167504187605,64,person,0.2,0.5,weighted_crc,segformer_b2_cityscapes,cityscapes_val_half,197
1.0,1000,False,0.0,0.0,1.0,0.944,28,38,0.0,False,0.0,0.0,0.0,125.99999999999993,0.7604562737642585,64,rider,0.05,0.1,weighted_crc,segformer_b2_cityscapes,cityscapes_val_half,126
1.0,1000,False,0.0,0.0,1.0,0.944,28,38,0.0,False,0.0,0.0,0.0,125.99999999999993,0.7604562737642585,64,rider,0.1,0.1,weighted_crc,segformer_b2_cityscapes,cityscapes_val_half,126
1.0,1000,False,0.0,0.0,1.0,0.944,28,38,0.0,False,0.0,0.0,0.0,125.99999999999993,0.7604562737642585,64,rider,0.2,0.1,weighted_crc,segformer_b2_cityscapes,cityscapes_val_half,126
1.0,1000,False,0.0,0.0,1.0,0.944,28,38,0.0,False,0.0,0.0,0.0,125.99999999999993,0.7604562737642585,64,rider,0.05,0.5,weighted_crc,segformer_b2_cityscapes,cityscapes_val_half,126
1.0,1000,False,0.0,0.0,1.0,0.944,28,38,0.0,False,0.0,0.0,0.0,125.99999999999993,0.7604562737642585,64,rider,0.1,0.5,weighted_crc,segformer_b2_cityscapes,cityscapes_val_half,126
1.0,1000,False,0.0,0.0,1.0,0.944,28,38,0.0,False,0.0,0.0,0.0,125.99999999999993,0.7604562737642585,64,rider,0.2,0.5,weighted_crc,segformer_b2_cityscapes,cityscapes_val_half,126
1.0,1000,False,0.0,0.0,1.0,0.834,83,159,0.0,False,0.0,0.0,0.0,174.99801846612132,0.69559815460848,64,bicycle,0.05,0.1,weighted_crc,segformer_b2_cityscapes,cityscapes_val_half,175
1.0,1000,False,0.0,0.0,1.0,0.834,83,159,0.0,False,0.0,0.0,0.0,174.99801846612132,0.69559815460848,64,bicycle,0.1,0.1,weighted_crc,segformer_b2_cityscapes,cityscapes_val_half,175
1.0,1000,False,0.0,0.0,1.0,0.834,83,159,0.0,False,0.0,0.0,0.0,174.99801846612132,0.69559815460848,64,bicycle,0.2,0.1,weighted_crc,segformer_b2_cityscapes,cityscapes_val_half,175
1.0,1000,False,0.0,0.0,1.0,0.834,83,159,0.0,False,0.0,0.0,0.0,174.99801846612132,0.69559815460848,64,bicycle,0.05,0.5,weighted_crc,segformer_b2_cityscapes,cityscapes_val_half,175
1.0,1000,False,0.0,0.0,1.0,0.834,83,159,0.0,False,0.0,0.0,0.0,174.99801846612132,0.69559815460848,64,bicycle,0.1,0.5,weighted_crc,segformer_b2_cityscapes,cityscapes_val_half,175
1.0,1000,False,0.0,0.0,1.0,0.834,83,159,0.0,False,0.0,0.0,0.0,174.99801846612132,0.69559815460848,64,bicycle,0.2,0.5,weighted_crc,segformer_b2_cityscapes,cityscapes_val_half,175
1.0,1000,False,0.0,0.0,1.0,0.66,170,334,0.0,False,0.0,0.0,0.0,194.99999999999991,0.6722689075630253,65,person,0.05,0.1,weighted_crc,segformer_b2_cityscapes,cityscapes_val_half,195
1.0,1000,False,0.0,0.0,1.0,0.66,170,334,0.0,False,0.0,0.0,0.0,194.99999999999991,0.6722689075630253,65,person,0.1,0.1,weighted_crc,segformer_b2_cityscapes,cityscapes_val_half,195
1.0,1000,False,0.0,0.0,1.0,0.66,170,334,0.0,False,0.0,0.0,0.0,194.99999999999991,0.6722689075630253,65,person,0.2,0.1,weighted_crc,segformer_b2_cityscapes,cityscapes_val_half,195
1.0,1000,False,0.0,0.0,1.0,0.66,170,334,0.0,False,0.0,0.0,0.0,194.99999999999991,0.6722689075630253,65,person,0.05,0.5,weighted_crc,segformer_b2_cityscapes,cityscapes_val_half,195
1.0,1000,False,0.0,0.0,1.0,0.66,170,334,0.0,False,0.0,0.0,0.0,194.99999999999991,0.6722689075630253,65,person,0.1,0.5,weighted_crc,segformer_b2_cityscapes,cityscapes_val_half,195
1.0,1000,False,0.0,0.0,1.0,0.66,170,334,0.0,False,0.0,0.0,0.0,194.99999999999991,0.6722689075630253,65,person,0.2,0.5,weighted_crc,segformer_b2_cityscapes,cityscapes_val_half,195
1.0,1000,False,0.0,0.0,1.0,0.944,28,38,0.0,False,0.0,0.0,0.0,123.99999999999994,0.7633587786259542,65,rider,0.05,0.1,weighted_crc,segformer_b2_cityscapes,cityscapes_val_half,124
1.0,1000,False,0.0,0.0,1.0,0.944,28,38,0.0,False,0.0,0.0,0.0,123.99999999999994,0.7633587786259542,65,rider,0.1,0.1,weighted_crc,segformer_b2_cityscapes,cityscapes_val_half,124
1.0,1000,False,0.0,0.0,1.0,0.944,28,38,0.0,False,0.0,0.0,0.0,123.99999999999994,0.7633587786259542,65,rider,0.2,0.1,weighted_crc,segformer_b2_cityscapes,cityscapes_val_half,124
1.0,1000,False,0.0,0.0,1.0,0.944,28,38,0.0,False,0.0,0.0,0.0,123.99999999999994,0.7633587786259542,65,rider,0.05,0.5,weighted_crc,segformer_b2_cityscapes,cityscapes_val_half,124
1.0,1000,False,0.0,0.0,1.0,0.944,28,38,0.0,False,0.0,0.0,0.0,123.99999999999994,0.7633587786259542,65,rider,0.1,0.5,weighted_crc,segformer_b2_cityscapes,cityscapes_val_half,124
1.0,1000,False,0.0,0.0,1.0,0.944,28,38,0.0,False,0.0,0.0,0.0,123.99999999999994,0.7633587786259542,65,rider,0.2,0.5,weighted_crc,segformer_b2_cityscapes,cityscapes_val_half,124
1.0,1000,False,0.0,0.0,1.0,0.834,83,159,0.0,False,0.0,0.0,0.0,170.9999999999999,0.7005253940455343,65,bicycle,0.05,0.1,weighted_crc,segformer_b2_cityscapes,cityscapes_val_half,171
1.0,1000,False,0.0,0.0,1.0,0.834,83,159,0.0,False,0.0,0.0,0.0,170.9999999999999,0.7005253940455343,65,bicycle,0.1,0.1,weighted_crc,segformer_b2_cityscapes,cityscapes_val_half,171
1.0,1000,False,0.0,0.0,1.0,0.834,83,159,0.0,False,0.0,0.0,0.0,170.9999999999999,0.7005253940455343,65,bicycle,0.2,0.1,weighted_crc,segformer_b2_cityscapes,cityscapes_val_half,171
1.0,1000,False,0.0,0.0,1.0,0.834,83,159,0.0,False,0.0,0.0,0.0,170.9999999999999,0.7005253940455343,65,bicycle,0.05,0.5,weighted_crc,segformer_b2_cityscapes,cityscapes_val_half,171
1.0,1000,False,0.0,0.0,1.0,0.834,83,159,0.0,False,0.0,0.0,0.0,170.9999999999999,0.7005253940455343,65,bicycle,0.1,0.5,weighted_crc,segformer_b2_cityscapes,cityscapes_val_half,171
1.0,1000,False,0.0,0.0,1.0,0.834,83,159,0.0,False,0.0,0.0,0.0,170.9999999999999,0.7005253940455343,65,bicycle,0.2,0.5,weighted_crc,segformer_b2_cityscapes,cityscapes_val_half,171
1.0,1000,False,0.0,0.0,1.0,0.66,170,334,0.0,False,0.0,0.0,0.0,207.99999999999991,0.6578947368421053,66,person,0.05,0.1,weighted_crc,segformer_b2_cityscapes,cityscapes_val_half,208
1.0,1000,False,0.0,0.0,1.0,0.66,170,334,0.0,False,0.0,0.0,0.0,207.99999999999991,0.6578947368421053,66,person,0.1,0.1,weighted_crc,segformer_b2_cityscapes,cityscapes_val_half,208
1.0,1000,False,0.0,0.0,1.0,0.66,170,334,0.0,False,0.0,0.0,0.0,207.99999999999991,0.6578947368421053,66,person,0.2,0.1,weighted_crc,segformer_b2_cityscapes,cityscapes_val_half,208
1.0,1000,False,0.0,0.0,1.0,0.66,170,334,0.0,False,0.0,0.0,0.0,207.99999999999991,0.6578947368421053,66,person,0.05,0.5,weighted_crc,segformer_b2_cityscapes,cityscapes_val_half,208
1.0,1000,False,0.0,0.0,1.0,0.66,170,334,0.0,False,0.0,0.0,0.0,207.99999999999991,0.6578947368421053,66,person,0.1,0.5,weighted_crc,segformer_b2_cityscapes,cityscapes_val_half,208
1.0,1000,False,0.0,0.0,1.0,0.66,170,334,0.0,False,0.0,0.0,0.0,207.99999999999991,0.6578947368421053,66,person,0.2,0.5,weighted_crc,segformer_b2_cityscapes,cityscapes_val_half,208
1.0,1000,False,0.0,0.0,1.0,0.944,28,38,0.0,False,0.0,0.0,0.0,128.99999999999994,0.7561436672967864,66,rider,0.05,0.1,weighted_crc,segformer_b2_cityscapes,cityscapes_val_half,129
1.0,1000,False,0.0,0.0,1.0,0.944,28,38,0.0,False,0.0,0.0,0.0,128.99999999999994,0.7561436672967864,66,rider,0.1,0.1,weighted_crc,segformer_b2_cityscapes,cityscapes_val_half,129
1.0,1000,False,0.0,0.0,1.0,0.944,28,38,0.0,False,0.0,0.0,0.0,128.99999999999994,0.7561436672967864,66,rider,0.2,0.1,weighted_crc,segformer_b2_cityscapes,cityscapes_val_half,129
1.0,1000,False,0.0,0.0,1.0,0.944,28,38,0.0,False,0.0,0.0,0.0,128.99999999999994,0.7561436672967864,66,rider,0.05,0.5,weighted_crc,segformer_b2_cityscapes,cityscapes_val_half,129
1.0,1000,False,0.0,0.0,1.0,0.944,28,38,0.0,False,0.0,0.0,0.0,128.99999999999994,0.7561436672967864,66,rider,0.1,0.5,weighted_crc,segformer_b2_cityscapes,cityscapes_val_half,129
1.0,1000,False,0.0,0.0,1.0,0.944,28,38,0.0,False,0.0,0.0,0.0,128.99999999999994,0.7561436672967864,66,rider,0.2,0.5,weighted_crc,segformer_b2_cityscapes,cityscapes_val_half,129
1.0,1000,False,0.0,0.0,1.0,0.834,83,159,0.0,False,0.0,0.0,0.0,184.99999999999991,0.6837606837606838,66,bicycle,0.05,0.1,weighted_crc,segformer_b2_cityscapes,cityscapes_val_half,185
1.0,1000,False,0.0,0.0,1.0,0.834,83,159,0.0,False,0.0,0.0,0.0,184.99999999999991,0.6837606837606838,66,bicycle,0.1,0.1,weighted_crc,segformer_b2_cityscapes,cityscapes_val_half,185
1.0,1000,False,0.0,0.0,1.0,0.834,83,159,0.0,False,0.0,0.0,0.0,184.99999999999991,0.6837606837606838,66,bicycle,0.2,0.1,weighted_crc,segformer_b2_cityscapes,cityscapes_val_half,185
1.0,1000,False,0.0,0.0,1.0,0.834,83,159,0.0,False,0.0,0.0,0.0,184.99999999999991,0.6837606837606838,66,bicycle,0.05,0.5,weighted_crc,segformer_b2_cityscapes,cityscapes_val_half,185
1.0,1000,False,0.0,0.0,1.0,0.834,83,159,0.0,False,0.0,0.0,0.0,184.99999999999991,0.6837606837606838,66,bicycle,0.1,0.5,weighted_crc,segformer_b2_cityscapes,cityscapes_val_half,185
1.0,1000,False,0.0,0.0,1.0,0.834,83,159,0.0,False,0.0,0.0,0.0,184.99999999999991,0.6837606837606838,66,bicycle,0.2,0.5,weighted_crc,segformer_b2_cityscapes,cityscapes_val_half,185
1.0,1000,False,0.0,0.0,1.0,0.66,170,334,0.0,False,0.0,0.0,0.0,205.99999999999986,0.6600660066006602,67,person,0.05,0.1,weighted_crc,segformer_b2_cityscapes,cityscapes_val_half,206
1.0,1000,False,0.0,0.0,1.0,0.66,170,334,0.0,False,0.0,0.0,0.0,205.99999999999986,0.6600660066006602,67,person,0.1,0.1,weighted_crc,segformer_b2_cityscapes,cityscapes_val_half,206
1.0,1000,False,0.0,0.0,1.0,0.66,170,334,0.0,False,0.0,0.0,0.0,205.99999999999986,0.6600660066006602,67,person,0.2,0.1,weighted_crc,segformer_b2_cityscapes,cityscapes_val_half,206
1.0,1000,False,0.0,0.0,1.0,0.66,170,334,0.0,False,0.0,0.0,0.0,205.99999999999986,0.6600660066006602,67,person,0.05,0.5,weighted_crc,segformer_b2_cityscapes,cityscapes_val_half,206
1.0,1000,False,0.0,0.0,1.0,0.66,170,334,0.0,False,0.0,0.0,0.0,205.99999999999986,0.6600660066006602,67,person,0.1,0.5,weighted_crc,segformer_b2_cityscapes,cityscapes_val_half,206
1.0,1000,False,0.0,0.0,1.0,0.66,170,334,0.0,False,0.0,0.0,0.0,205.99999999999986,0.6600660066006602,67,person,0.2,0.5,weighted_crc,segformer_b2_cityscapes,cityscapes_val_half,206
1.0,1000,False,0.0,0.0,1.0,0.944,28,38,0.0,False,0.0,0.0,0.0,129.99999999999994,0.7547169811320755,67,rider,0.05,0.1,weighted_crc,segformer_b2_cityscapes,cityscapes_val_half,130
1.0,1000,False,0.0,0.0,1.0,0.944,28,38,0.0,False,0.0,0.0,0.0,129.99999999999994,0.7547169811320755,67,rider,0.1,0.1,weighted_crc,segformer_b2_cityscapes,cityscapes_val_half,130
1.0,1000,False,0.0,0.0,1.0,0.944,28,38,0.0,False,0.0,0.0,0.0,129.99999999999994,0.7547169811320755,67,rider,0.2,0.1,weighted_crc,segformer_b2_cityscapes,cityscapes_val_half,130
1.0,1000,False,0.0,0.0,1.0,0.944,28,38,0.0,False,0.0,0.0,0.0,129.99999999999994,0.7547169811320755,67,rider,0.05,0.5,weighted_crc,segformer_b2_cityscapes,cityscapes_val_half,130
1.0,1000,False,0.0,0.0,1.0,0.944,28,38,0.0,False,0.0,0.0,0.0,129.99999999999994,0.7547169811320755,67,rider,0.1,0.5,weighted_crc,segformer_b2_cityscapes,cityscapes_val_half,130
1.0,1000,False,0.0,0.0,1.0,0.944,28,38,0.0,False,0.0,0.0,0.0,129.99999999999994,0.7547169811320755,67,rider,0.2,0.5,weighted_crc,segformer_b2_cityscapes,cityscapes_val_half,130
1.0,1000,False,0.0,0.0,1.0,0.834,83,159,0.0,False,0.0,0.0,0.0,176.99999999999986,0.6932409012131716,67,bicycle,0.05,0.1,weighted_crc,segformer_b2_cityscapes,cityscapes_val_half,177
1.0,1000,False,0.0,0.0,1.0,0.834,83,159,0.0,False,0.0,0.0,0.0,176.99999999999986,0.6932409012131716,67,bicycle,0.1,0.1,weighted_crc,segformer_b2_cityscapes,cityscapes_val_half,177
1.0,1000,False,0.0,0.0,1.0,0.834,83,159,0.0,False,0.0,0.0,0.0,176.99999999999986,0.6932409012131716,67,bicycle,0.2,0.1,weighted_crc,segformer_b2_cityscapes,cityscapes_val_half,177
1.0,1000,False,0.0,0.0,1.0,0.834,83,159,0.0,False,0.0,0.0,0.0,176.99999999999986,0.6932409012131716,67,bicycle,0.05,0.5,weighted_crc,segformer_b2_cityscapes,cityscapes_val_half,177
1.0,1000,False,0.0,0.0,1.0,0.834,83,159,0.0,False,0.0,0.0,0.0,176.99999999999986,0.6932409012131716,67,bicycle,0.1,0.5,weighted_crc,segformer_b2_cityscapes,cityscapes_val_half,177
1.0,1000,False,0.0,0.0,1.0,0.834,83,159,0.0,False,0.0,0.0,0.0,176.99999999999986,0.6932409012131716,67,bicycle,0.2,0.5,weighted_crc,segformer_b2_cityscapes,cityscapes_val_half,177
1.0,1000,False,0.0,0.0,1.0,0.66,170,334,0.0,False,0.0,0.0,0.0,200.99999999999994,0.6655574043261231,68,person,0.05,0.1,weighted_crc,segformer_b2_cityscapes,cityscapes_val_half,201
1.0,1000,False,0.0,0.0,1.0,0.66,170,334,0.0,False,0.0,0.0,0.0,200.99999999999994,0.6655574043261231,68,person,0.1,0.1,weighted_crc,segformer_b2_cityscapes,cityscapes_val_half,201
1.0,1000,False,0.0,0.0,1.0,0.66,170,334,0.0,False,0.0,0.0,0.0,200.99999999999994,0.6655574043261231,68,person,0.2,0.1,weighted_crc,segformer_b2_cityscapes,cityscapes_val_half,201
1.0,1000,False,0.0,0.0,1.0,0.66,170,334,0.0,False,0.0,0.0,0.0,200.99999999999994,0.6655574043261231,68,person,0.05,0.5,weighted_crc,segformer_b2_cityscapes,cityscapes_val_half,201
1.0,1000,False,0.0,0.0,1.0,0.66,170,334,0.0,False,0.0,0.0,0.0,200.99999999999994,0.6655574043261231,68,person,0.1,0.5,weighted_crc,segformer_b2_cityscapes,cityscapes_val_half,201
1.0,1000,False,0.0,0.0,1.0,0.66,170,334,0.0,False,0.0,0.0,0.0,200.99999999999994,0.6655574043261231,68,person,0.2,0.5,weighted_crc,segformer_b2_cityscapes,cityscapes_val_half,201
1.0,1000,False,0.0,0.0,1.0,0.944,28,38,0.0,False,0.0,0.0,0.0,131.99999999999991,0.7518796992481204,68,rider,0.05,0.1,weighted_crc,segformer_b2_cityscapes,cityscapes_val_half,132
1.0,1000,False,0.0,0.0,1.0,0.944,28,38,0.0,False,0.0,0.0,0.0,131.99999999999991,0.7518796992481204,68,rider,0.1,0.1,weighted_crc,segformer_b2_cityscapes,cityscapes_val_half,132
1.0,1000,False,0.0,0.0,1.0,0.944,28,38,0.0,False,0.0,0.0,0.0,131.99999999999991,0.7518796992481204,68,rider,0.2,0.1,weighted_crc,segformer_b2_cityscapes,cityscapes_val_half,132
1.0,1000,False,0.0,0.0,1.0,0.944,28,38,0.0,False,0.0,0.0,0.0,131.99999999999991,0.7518796992481204,68,rider,0.05,0.5,weighted_crc,segformer_b2_cityscapes,cityscapes_val_half,132
1.0,1000,False,0.0,0.0,1.0,0.944,28,38,0.0,False,0.0,0.0,0.0,131.99999999999991,0.7518796992481204,68,rider,0.1,0.5,weighted_crc,segformer_b2_cityscapes,cityscapes_val_half,132
1.0,1000,False,0.0,0.0,1.0,0.944,28,38,0.0,False,0.0,0.0,0.0,131.99999999999991,0.7518796992481204,68,rider,0.2,0.5,weighted_crc,segformer_b2_cityscapes,cityscapes_val_half,132
1.0,1000,False,0.0,0.0,1.0,0.834,83,159,0.0,False,0.0,0.0,0.0,183.9999999999999,0.684931506849315,68,bicycle,0.05,0.1,weighted_crc,segformer_b2_cityscapes,cityscapes_val_half,184
1.0,1000,False,0.0,0.0,1.0,0.834,83,159,0.0,False,0.0,0.0,0.0,183.9999999999999,0.684931506849315,68,bicycle,0.1,0.1,weighted_crc,segformer_b2_cityscapes,cityscapes_val_half,184
1.0,1000,False,0.0,0.0,1.0,0.834,83,159,0.0,False,0.0,0.0,0.0,183.9999999999999,0.684931506849315,68,bicycle,0.2,0.1,weighted_crc,segformer_b2_cityscapes,cityscapes_val_half,184
1.0,1000,False,0.0,0.0,1.0,0.834,83,159,0.0,False,0.0,0.0,0.0,183.9999999999999,0.684931506849315,68,bicycle,0.05,0.5,weighted_crc,segformer_b2_cityscapes,cityscapes_val_half,184
1.0,1000,False,0.0,0.0,1.0,0.834,83,159,0.0,False,0.0,0.0,0.0,183.9999999999999,0.684931506849315,68,bicycle,0.1,0.5,weighted_crc,segformer_b2_cityscapes,cityscapes_val_half,184
1.0,1000,False,0.0,0.0,1.0,0.834,83,159,0.0,False,0.0,0.0,0.0,183.9999999999999,0.684931506849315,68,bicycle,0.2,0.5,weighted_crc,segformer_b2_cityscapes,cityscapes_val_half,184
1.0,1000,False,0.0,0.0,1.0,0.66,170,334,0.0,False,0.0,0.0,0.0,201.9999999999999,0.6644518272425249,69,person,0.05,0.1,weighted_crc,segformer_b2_cityscapes,cityscapes_val_half,202
1.0,1000,False,0.0,0.0,1.0,0.66,170,334,0.0,False,0.0,0.0,0.0,201.9999999999999,0.6644518272425249,69,person,0.1,0.1,weighted_crc,segformer_b2_cityscapes,cityscapes_val_half,202
1.0,1000,False,0.0,0.0,1.0,0.66,170,334,0.0,False,0.0,0.0,0.0,201.9999999999999,0.6644518272425249,69,person,0.2,0.1,weighted_crc,segformer_b2_cityscapes,cityscapes_val_half,202
1.0,1000,False,0.0,0.0,1.0,0.66,170,334,0.0,False,0.0,0.0,0.0,201.9999999999999,0.6644518272425249,69,person,0.05,0.5,weighted_crc,segformer_b2_cityscapes,cityscapes_val_half,202
1.0,1000,False,0.0,0.0,1.0,0.66,170,334,0.0,False,0.0,0.0,0.0,201.9999999999999,0.6644518272425249,69,person,0.1,0.5,weighted_crc,segformer_b2_cityscapes,cityscapes_val_half,202
1.0,1000,False,0.0,0.0,1.0,0.66,170,334,0.0,False,0.0,0.0,0.0,201.9999999999999,0.6644518272425249,69,person,0.2,0.5,weighted_crc,segformer_b2_cityscapes,cityscapes_val_half,202
1.0,1000,False,0.0,0.0,1.0,0.944,28,38,0.0,False,0.0,0.0,0.0,118.9999999999999,0.7707129094412332,69,rider,0.05,0.1,weighted_crc,segformer_b2_cityscapes,cityscapes_val_half,119
1.0,1000,False,0.0,0.0,1.0,0.944,28,38,0.0,False,0.0,0.0,0.0,118.9999999999999,0.7707129094412332,69,rider,0.1,0.1,weighted_crc,segformer_b2_cityscapes,cityscapes_val_half,119
1.0,1000,False,0.0,0.0,1.0,0.944,28,38,0.0,False,0.0,0.0,0.0,118.9999999999999,0.7707129094412332,69,rider,0.2,0.1,weighted_crc,segformer_b2_cityscapes,cityscapes_val_half,119
1.0,1000,False,0.0,0.0,1.0,0.944,28,38,0.0,False,0.0,0.0,0.0,118.9999999999999,0.7707129094412332,69,rider,0.05,0.5,weighted_crc,segformer_b2_cityscapes,cityscapes_val_half,119
1.0,1000,False,0.0,0.0,1.0,0.944,28,38,0.0,False,0.0,0.0,0.0,118.9999999999999,0.7707129094412332,69,rider,0.1,0.5,weighted_crc,segformer_b2_cityscapes,cityscapes_val_half,119
1.0,1000,False,0.0,0.0,1.0,0.944,28,38,0.0,False,0.0,0.0,0.0,118.9999999999999,0.7707129094412332,69,rider,0.2,0.5,weighted_crc,segformer_b2_cityscapes,cityscapes_val_half,119
1.0,1000,False,0.0,0.0,1.0,0.834,83,159,0.0,False,0.0,0.0,0.0,164.9999999999999,0.7079646017699115,69,bicycle,0.05,0.1,weighted_crc,segformer_b2_cityscapes,cityscapes_val_half,165
1.0,1000,False,0.0,0.0,1.0,0.834,83,159,0.0,False,0.0,0.0,0.0,164.9999999999999,0.7079646017699115,69,bicycle,0.1,0.1,weighted_crc,segformer_b2_cityscapes,cityscapes_val_half,165
1.0,1000,False,0.0,0.0,1.0,0.834,83,159,0.0,False,0.0,0.0,0.0,164.9999999999999,0.7079646017699115,69,bicycle,0.2,0.1,weighted_crc,segformer_b2_cityscapes,cityscapes_val_half,165
1.0,1000,False,0.0,0.0,1.0,0.834,83,159,0.0,False,0.0,0.0,0.0,164.9999999999999,0.7079646017699115,69,bicycle,0.05,0.5,weighted_crc,segformer_b2_cityscapes,cityscapes_val_half,165
1.0,1000,False,0.0,0.0,1.0,0.834,83,159,0.0,False,0.0,0.0,0.0,164.9999999999999,0.7079646017699115,69,bicycle,0.1,0.5,weighted_crc,segformer_b2_cityscapes,cityscapes_val_half,165
1.0,1000,False,0.0,0.0,1.0,0.834,83,159,0.0,False,0.0,0.0,0.0,164.9999999999999,0.7079646017699115,69,bicycle,0.2,0.5,weighted_crc,segformer_b2_cityscapes,cityscapes_val_half,165
1.0,1000,False,0.0,0.0,1.0,0.66,170,334,0.0,False,0.0,0.0,0.0,201.9999999999999,0.6644518272425249,70,person,0.05,0.1,weighted_crc,segformer_b2_cityscapes,cityscapes_val_half,202
1.0,1000,False,0.0,0.0,1.0,0.66,170,334,0.0,False,0.0,0.0,0.0,201.9999999999999,0.6644518272425249,70,person,0.1,0.1,weighted_crc,segformer_b2_cityscapes,cityscapes_val_half,202
1.0,1000,False,0.0,0.0,1.0,0.66,170,334,0.0,False,0.0,0.0,0.0,201.9999999999999,0.6644518272425249,70,person,0.2,0.1,weighted_crc,segformer_b2_cityscapes,cityscapes_val_half,202
1.0,1000,False,0.0,0.0,1.0,0.66,170,334,0.0,False,0.0,0.0,0.0,201.9999999999999,0.6644518272425249,70,person,0.05,0.5,weighted_crc,segformer_b2_cityscapes,cityscapes_val_half,202
1.0,1000,False,0.0,0.0,1.0,0.66,170,334,0.0,False,0.0,0.0,0.0,201.9999999999999,0.6644518272425249,70,person,0.1,0.5,weighted_crc,segformer_b2_cityscapes,cityscapes_val_half,202
1.0,1000,False,0.0,0.0,1.0,0.66,170,334,0.0,False,0.0,0.0,0.0,201.9999999999999,0.6644518272425249,70,person,0.2,0.5,weighted_crc,segformer_b2_cityscapes,cityscapes_val_half,202
1.0,1000,False,0.0,0.0,1.0,0.944,28,38,0.0,False,0.0,0.0,0.0,130.99999999999994,0.7532956685499059,70,rider,0.05,0.1,weighted_crc,segformer_b2_cityscapes,cityscapes_val_half,131
1.0,1000,False,0.0,0.0,1.0,0.944,28,38,0.0,False,0.0,0.0,0.0,130.99999999999994,0.7532956685499059,70,rider,0.1,0.1,weighted_crc,segformer_b2_cityscapes,cityscapes_val_half,131
1.0,1000,False,0.0,0.0,1.0,0.944,28,38,0.0,False,0.0,0.0,0.0,130.99999999999994,0.7532956685499059,70,rider,0.2,0.1,weighted_crc,segformer_b2_cityscapes,cityscapes_val_half,131
1.0,1000,False,0.0,0.0,1.0,0.944,28,38,0.0,False,0.0,0.0,0.0,130.99999999999994,0.7532956685499059,70,rider,0.05,0.5,weighted_crc,segformer_b2_cityscapes,cityscapes_val_half,131
1.0,1000,False,0.0,0.0,1.0,0.944,28,38,0.0,False,0.0,0.0,0.0,130.99999999999994,0.7532956685499059,70,rider,0.1,0.5,weighted_crc,segformer_b2_cityscapes,cityscapes_val_half,131
1.0,1000,False,0.0,0.0,1.0,0.944,28,38,0.0,False,0.0,0.0,0.0,130.99999999999994,0.7532956685499059,70,rider,0.2,0.5,weighted_crc,segformer_b2_cityscapes,cityscapes_val_half,131
1.0,1000,False,0.0,0.0,1.0,0.834,83,159,0.0,False,0.0,0.0,0.0,169.8527194828041,0.7012795505142735,70,bicycle,0.05,0.1,weighted_crc,segformer_b2_cityscapes,cityscapes_val_half,170
1.0,1000,False,0.0,0.0,1.0,0.834,83,159,0.0,False,0.0,0.0,0.0,169.8527194828041,0.7012795505142735,70,bicycle,0.1,0.1,weighted_crc,segformer_b2_cityscapes,cityscapes_val_half,170
1.0,1000,False,0.0,0.0,1.0,0.834,83,159,0.0,False,0.0,0.0,0.0,169.8527194828041,0.7012795505142735,70,bicycle,0.2,0.1,weighted_crc,segformer_b2_cityscapes,cityscapes_val_half,170
1.0,1000,False,0.0,0.0,1.0,0.834,83,159,0.0,False,0.0,0.0,0.0,169.8527194828041,0.7012795505142735,70,bicycle,0.05,0.5,weighted_crc,segformer_b2_cityscapes,cityscapes_val_half,170
1.0,1000,False,0.0,0.0,1.0,0.834,83,159,0.0,False,0.0,0.0,0.0,169.8527194828041,0.7012795505142735,70,bicycle,0.1,0.5,weighted_crc,segformer_b2_cityscapes,cityscapes_val_half,170
1.0,1000,False,0.0,0.0,1.0,0.834,83,159,0.0,False,0.0,0.0,0.0,169.8527194828041,0.7012795505142735,70,bicycle,0.2,0.5,weighted_crc,segformer_b2_cityscapes,cityscapes_val_half,170
1.0,1000,False,0.0,0.0,1.0,0.66,170,334,0.0,False,0.0,0.0,0.0,203.9999999999999,0.6622516556291391,71,person,0.05,0.1,weighted_crc,segformer_b2_cityscapes,cityscapes_val_half,204
1.0,1000,False,0.0,0.0,1.0,0.66,170,334,0.0,False,0.0,0.0,0.0,203.9999999999999,0.6622516556291391,71,person,0.1,0.1,weighted_crc,segformer_b2_cityscapes,cityscapes_val_half,204
1.0,1000,False,0.0,0.0,1.0,0.66,170,334,0.0,False,0.0,0.0,0.0,203.9999999999999,0.6622516556291391,71,person,0.2,0.1,weighted_crc,segformer_b2_cityscapes,cityscapes_val_half,204
1.0,1000,False,0.0,0.0,1.0,0.66,170,334,0.0,False,0.0,0.0,0.0,203.9999999999999,0.6622516556291391,71,person,0.05,0.5,weighted_crc,segformer_b2_cityscapes,cityscapes_val_half,204
1.0,1000,False,0.0,0.0,1.0,0.66,170,334,0.0,False,0.0,0.0,0.0,203.9999999999999,0.6622516556291391,71,person,0.1,0.5,weighted_crc,segformer_b2_cityscapes,cityscapes_val_half,204
1.0,1000,False,0.0,0.0,1.0,0.66,170,334,0.0,False,0.0,0.0,0.0,203.9999999999999,0.6622516556291391,71,person,0.2,0.5,weighted_crc,segformer_b2_cityscapes,cityscapes_val_half,204
1.0,1000,False,0.0,0.0,1.0,0.944,28,38,0.0,False,0.0,0.0,0.0,126.99999999999993,0.7590132827324477,71,rider,0.05,0.1,weighted_crc,segformer_b2_cityscapes,cityscapes_val_half,127
1.0,1000,False,0.0,0.0,1.0,0.944,28,38,0.0,False,0.0,0.0,0.0,126.99999999999993,0.7590132827324477,71,rider,0.1,0.1,weighted_crc,segformer_b2_cityscapes,cityscapes_val_half,127
1.0,1000,False,0.0,0.0,1.0,0.944,28,38,0.0,False,0.0,0.0,0.0,126.99999999999993,0.7590132827324477,71,rider,0.2,0.1,weighted_crc,segformer_b2_cityscapes,cityscapes_val_half,127
1.0,1000,False,0.0,0.0,1.0,0.944,28,38,0.0,False,0.0,0.0,0.0,126.99999999999993,0.7590132827324477,71,rider,0.05,0.5,weighted_crc,segformer_b2_cityscapes,cityscapes_val_half,127
1.0,1000,False,0.0,0.0,1.0,0.944,28,38,0.0,False,0.0,0.0,0.0,126.99999999999993,0.7590132827324477,71,rider,0.1,0.5,weighted_crc,segformer_b2_cityscapes,cityscapes_val_half,127
1.0,1000,False,0.0,0.0,1.0,0.944,28,38,0.0,False,0.0,0.0,0.0,126.99999999999993,0.7590132827324477,71,rider,0.2,0.5,weighted_crc,segformer_b2_cityscapes,cityscapes_val_half,127
1.0,1000,False,0.0,0.0,1.0,0.834,83,159,0.0,False,0.0,0.0,0.0,165.99999999999991,0.7067137809187279,71,bicycle,0.05,0.1,weighted_crc,segformer_b2_cityscapes,cityscapes_val_half,166
1.0,1000,False,0.0,0.0,1.0,0.834,83,159,0.0,False,0.0,0.0,0.0,165.99999999999991,0.7067137809187279,71,bicycle,0.1,0.1,weighted_crc,segformer_b2_cityscapes,cityscapes_val_half,166
1.0,1000,False,0.0,0.0,1.0,0.834,83,159,0.0,False,0.0,0.0,0.0,165.99999999999991,0.7067137809187279,71,bicycle,0.2,0.1,weighted_crc,segformer_b2_cityscapes,cityscapes_val_half,166
1.0,1000,False,0.0,0.0,1.0,0.834,83,159,0.0,False,0.0,0.0,0.0,165.99999999999991,0.7067137809187279,71,bicycle,0.05,0.5,weighted_crc,segformer_b2_cityscapes,cityscapes_val_half,166
1.0,1000,False,0.0,0.0,1.0,0.834,83,159,0.0,False,0.0,0.0,0.0,165.99999999999991,0.7067137809187279,71,bicycle,0.1,0.5,weighted_crc,segformer_b2_cityscapes,cityscapes_val_half,166
1.0,1000,False,0.0,0.0,1.0,0.834,83,159,0.0,False,0.0,0.0,0.0,165.99999999999991,0.7067137809187279,71,bicycle,0.2,0.5,weighted_crc,segformer_b2_cityscapes,cityscapes_val_half,166
1.0,1000,False,0.0,0.0,1.0,0.66,170,334,0.0,False,0.0,0.0,0.0,193.95331544457838,0.6731548773445595,72,person,0.05,0.1,weighted_crc,segformer_b2_cityscapes,cityscapes_val_half,194
1.0,1000,False,0.0,0.0,1.0,0.66,170,334,0.0,False,0.0,0.0,0.0,193.95331544457838,0.6731548773445595,72,person,0.1,0.1,weighted_crc,segformer_b2_cityscapes,cityscapes_val_half,194
1.0,1000,False,0.0,0.0,1.0,0.66,170,334,0.0,False,0.0,0.0,0.0,193.95331544457838,0.6731548773445595,72,person,0.2,0.1,weighted_crc,segformer_b2_cityscapes,cityscapes_val_half,194
1.0,1000,False,0.0,0.0,1.0,0.66,170,334,0.0,False,0.0,0.0,0.0,193.95331544457838,0.6731548773445595,72,person,0.05,0.5,weighted_crc,segformer_b2_cityscapes,cityscapes_val_half,194
1.0,1000,False,0.0,0.0,1.0,0.66,170,334,0.0,False,0.0,0.0,0.0,193.95331544457838,0.6731548773445595,72,person,0.1,0.5,weighted_crc,segformer_b2_cityscapes,cityscapes_val_half,194
1.0,1000,False,0.0,0.0,1.0,0.66,170,334,0.0,False,0.0,0.0,0.0,193.95331544457838,0.6731548773445595,72,person,0.2,0.5,weighted_crc,segformer_b2_cityscapes,cityscapes_val_half,194
1.0,1000,False,0.0,0.0,1.0,0.944,28,38,0.0,False,0.0,0.0,0.0,128.99999999999994,0.7561436672967864,72,rider,0.05,0.1,weighted_crc,segformer_b2_cityscapes,cityscapes_val_half,129
1.0,1000,False,0.0,0.0,1.0,0.944,28,38,0.0,False,0.0,0.0,0.0,128.99999999999994,0.7561436672967864,72,rider,0.1,0.1,weighted_crc,segformer_b2_cityscapes,cityscapes_val_half,129
1.0,1000,False,0.0,0.0,1.0,0.944,28,38,0.0,False,0.0,0.0,0.0,128.99999999999994,0.7561436672967864,72,rider,0.2,0.1,weighted_crc,segformer_b2_cityscapes,cityscapes_val_half,129
1.0,1000,False,0.0,0.0,1.0,0.944,28,38,0.0,False,0.0,0.0,0.0,128.99999999999994,0.7561436672967864,72,rider,0.05,0.5,weighted_crc,segformer_b2_cityscapes,cityscapes_val_half,129
1.0,1000,False,0.0,0.0,1.0,0.944,28,38,0.0,False,0.0,0.0,0.0,128.99999999999994,0.7561436672967864,72,rider,0.1,0.5,weighted_crc,segformer_b2_cityscapes,cityscapes_val_half,129
1.0,1000,False,0.0,0.0,1.0,0.944,28,38,0.0,False,0.0,0.0,0.0,128.99999999999994,0.7561436672967864,72,rider,0.2,0.5,weighted_crc,segformer_b2_cityscapes,cityscapes_val_half,129
1.0,1000,False,0.0,0.0,1.0,0.834,83,159,0.0,False,0.0,0.0,0.0,175.9999999999999,0.6944444444444445,72,bicycle,0.05,0.1,weighted_crc,segformer_b2_cityscapes,cityscapes_val_half,176
1.0,1000,False,0.0,0.0,1.0,0.834,83,159,0.0,False,0.0,0.0,0.0,175.9999999999999,0.6944444444444445,72,bicycle,0.1,0.1,weighted_crc,segformer_b2_cityscapes,cityscapes_val_half,176
1.0,1000,False,0.0,0.0,1.0,0.834,83,159,0.0,False,0.0,0.0,0.0,175.9999999999999,0.6944444444444445,72,bicycle,0.2,0.1,weighted_crc,segformer_b2_cityscapes,cityscapes_val_half,176
1.0,1000,False,0.0,0.0,1.0,0.834,83,159,0.0,False,0.0,0.0,0.0,175.9999999999999,0.6944444444444445,72,bicycle,0.05,0.5,weighted_crc,segformer_b2_cityscapes,cityscapes_val_half,176
1.0,1000,False,0.0,0.0,1.0,0.834,83,159,0.0,False,0.0,0.0,0.0,175.9999999999999,0.6944444444444445,72,bicycle,0.1,0.5,weighted_crc,segformer_b2_cityscapes,cityscapes_val_half,176
1.0,1000,False,0.0,0.0,1.0,0.834,83,159,0.0,False,0.0,0.0,0.0,175.9999999999999,0.6944444444444445,72,bicycle,0.2,0.5,weighted_crc,segformer_b2_cityscapes,cityscapes_val_half,176
1.0,1000,False,0.0,0.0,1.0,0.66,170,334,0.0,False,0.0,0.0,0.0,209.99999999999991,0.6557377049180327,73,person,0.05,0.1,weighted_crc,segformer_b2_cityscapes,cityscapes_val_half,210
1.0,1000,False,0.0,0.0,1.0,0.66,170,334,0.0,False,0.0,0.0,0.0,209.99999999999991,0.6557377049180327,73,person,0.1,0.1,weighted_crc,segformer_b2_cityscapes,cityscapes_val_half,210
1.0,1000,False,0.0,0.0,1.0,0.66,170,334,0.0,False,0.0,0.0,0.0,209.99999999999991,0.6557377049180327,73,person,0.2,0.1,weighted_crc,segformer_b2_cityscapes,cityscapes_val_half,210
1.0,1000,False,0.0,0.0,1.0,0.66,170,334,0.0,False,0.0,0.0,0.0,209.99999999999991,0.6557377049180327,73,person,0.05,0.5,weighted_crc,segformer_b2_cityscapes,cityscapes_val_half,210
1.0,1000,False,0.0,0.0,1.0,0.66,170,334,0.0,False,0.0,0.0,0.0,209.99999999999991,0.6557377049180327,73,person,0.1,0.5,weighted_crc,segformer_b2_cityscapes,cityscapes_val_half,210
1.0,1000,False,0.0,0.0,1.0,0.66,170,334,0.0,False,0.0,0.0,0.0,209.99999999999991,0.6557377049180327,73,person,0.2,0.5,weighted_crc,segformer_b2_cityscapes,cityscapes_val_half,210
1.0,1000,False,0.0,0.0,1.0,0.944,28,38,0.0,False,0.0,0.0,0.0,112.99999999999996,0.7797270955165693,73,rider,0.05,0.1,weighted_crc,segformer_b2_cityscapes,cityscapes_val_half,113
1.0,1000,False,0.0,0.0,1.0,0.944,28,38,0.0,False,0.0,0.0,0.0,112.99999999999996,0.7797270955165693,73,rider,0.1,0.1,weighted_crc,segformer_b2_cityscapes,cityscapes_val_half,113
1.0,1000,False,0.0,0.0,1.0,0.944,28,38,0.0,False,0.0,0.0,0.0,112.99999999999996,0.7797270955165693,73,rider,0.2,0.1,weighted_crc,segformer_b2_cityscapes,cityscapes_val_half,113
1.0,1000,False,0.0,0.0,1.0,0.944,28,38,0.0,False,0.0,0.0,0.0,112.99999999999996,0.7797270955165693,73,rider,0.05,0.5,weighted_crc,segformer_b2_cityscapes,cityscapes_val_half,113
1.0,1000,False,0.0,0.0,1.0,0.944,28,38,0.0,False,0.0,0.0,0.0,112.99999999999996,0.7797270955165693,73,rider,0.1,0.5,weighted_crc,segformer_b2_cityscapes,cityscapes_val_half,113
1.0,1000,False,0.0,0.0,1.0,0.944,28,38,0.0,False,0.0,0.0,0.0,112.99999999999996,0.7797270955165693,73,rider,0.2,0.5,weighted_crc,segformer_b2_cityscapes,cityscapes_val_half,113
1.0,1000,False,0.0,0.0,1.0,0.834,83,159,0.0,False,0.0,0.0,0.0,164.9999999999999,0.7079646017699115,73,bicycle,0.05,0.1,weighted_crc,segformer_b2_cityscapes,cityscapes_val_half,165
1.0,1000,False,0.0,0.0,1.0,0.834,83,159,0.0,False,0.0,0.0,0.0,164.9999999999999,0.7079646017699115,73,bicycle,0.1,0.1,weighted_crc,segformer_b2_cityscapes,cityscapes_val_half,165
1.0,1000,False,0.0,0.0,1.0,0.834,83,159,0.0,False,0.0,0.0,0.0,164.9999999999999,0.7079646017699115,73,bicycle,0.2,0.1,weighted_crc,segformer_b2_cityscapes,cityscapes_val_half,165
1.0,1000,False,0.0,0.0,1.0,0.834,83,159,0.0,False,0.0,0.0,0.0,164.9999999999999,0.7079646017699115,73,bicycle,0.05,0.5,weighted_crc,segformer_b2_cityscapes,cityscapes_val_half,165
1.0,1000,False,0.0,0.0,1.0,0.834,83,159,0.0,False,0.0,0.0,0.0,164.9999999999999,0.7079646017699115,73,bicycle,0.1,0.5,weighted_crc,segformer_b2_cityscapes,cityscapes_val_half,165
1.0,1000,False,0.0,0.0,1.0,0.834,83,159,0.0,False,0.0,0.0,0.0,164.9999999999999,0.7079646017699115,73,bicycle,0.2,0.5,weighted_crc,segformer_b2_cityscapes,cityscapes_val_half,165
1.0,1000,False,0.0,0.0,1.0,0.66,170,334,0.0,False,0.0,0.0,0.0,201.50990311836043,0.663350186669707,74,person,0.05,0.1,weighted_crc,segformer_b2_cityscapes,cityscapes_val_half,202
1.0,1000,False,0.0,0.0,1.0,0.66,170,334,0.0,False,0.0,0.0,0.0,201.50990311836043,0.663350186669707,74,person,0.1,0.1,weighted_crc,segformer_b2_cityscapes,cityscapes_val_half,202
1.0,1000,False,0.0,0.0,1.0,0.66,170,334,0.0,False,0.0,0.0,0.0,201.50990311836043,0.663350186669707,74,person,0.2,0.1,weighted_crc,segformer_b2_cityscapes,cityscapes_val_half,202
1.0,1000,False,0.0,0.0,1.0,0.66,170,334,0.0,False,0.0,0.0,0.0,201.50990311836043,0.663350186669707,74,person,0.05,0.5,weighted_crc,segformer_b2_cityscapes,cityscapes_val_half,202
1.0,1000,False,0.0,0.0,1.0,0.66,170,334,0.0,False,0.0,0.0,0.0,201.50990311836043,0.663350186669707,74,person,0.1,0.5,weighted_crc,segformer_b2_cityscapes,cityscapes_val_half,202
1.0,1000,False,0.0,0.0,1.0,0.66,170,334,0.0,False,0.0,0.0,0.0,201.50990311836043,0.663350186669707,74,person,0.2,0.5,weighted_crc,segformer_b2_cityscapes,cityscapes_val_half,202
1.0,1000,False,0.0,0.0,1.0,0.944,28,38,0.0,False,0.0,0.0,0.0,130.99999999999994,0.7532956685499059,74,rider,0.05,0.1,weighted_crc,segformer_b2_cityscapes,cityscapes_val_half,131
1.0,1000,False,0.0,0.0,1.0,0.944,28,38,0.0,False,0.0,0.0,0.0,130.99999999999994,0.7532956685499059,74,rider,0.1,0.1,weighted_crc,segformer_b2_cityscapes,cityscapes_val_half,131
1.0,1000,False,0.0,0.0,1.0,0.944,28,38,0.0,False,0.0,0.0,0.0,130.99999999999994,0.7532956685499059,74,rider,0.2,0.1,weighted_crc,segformer_b2_cityscapes,cityscapes_val_half,131
1.0,1000,False,0.0,0.0,1.0,0.944,28,38,0.0,False,0.0,0.0,0.0,130.99999999999994,0.7532956685499059,74,rider,0.05,0.5,weighted_crc,segformer_b2_cityscapes,cityscapes_val_half,131
1.0,1000,False,0.0,0.0,1.0,0.944,28,38,0.0,False,0.0,0.0,0.0,130.99999999999994,0.7532956685499059,74,rider,0.1,0.5,weighted_crc,segformer_b2_cityscapes,cityscapes_val_half,131
1.0,1000,False,0.0,0.0,1.0,0.944,28,38,0.0,False,0.0,0.0,0.0,130.99999999999994,0.7532956685499059,74,rider,0.2,0.5,weighted_crc,segformer_b2_cityscapes,cityscapes_val_half,131
1.0,1000,False,0.0,0.0,1.0,0.834,83,159,0.0,False,0.0,0.0,0.0,179.84729982756326,0.687183037053549,74,bicycle,0.05,0.1,weighted_crc,segformer_b2_cityscapes,cityscapes_val_half,181
1.0,1000,False,0.0,0.0,1.0,0.834,83,159,0.0,False,0.0,0.0,0.0,179.84729982756326,0.687183037053549,74,bicycle,0.1,0.1,weighted_crc,segformer_b2_cityscapes,cityscapes_val_half,181
1.0,1000,False,0.0,0.0,1.0,0.834,83,159,0.0,False,0.0,0.0,0.0,179.84729982756326,0.687183037053549,74,bicycle,0.2,0.1,weighted_crc,segformer_b2_cityscapes,cityscapes_val_half,181
1.0,1000,False,0.0,0.0,1.0,0.834,83,159,0.0,False,0.0,0.0,0.0,179.84729982756326,0.687183037053549,74,bicycle,0.05,0.5,weighted_crc,segformer_b2_cityscapes,cityscapes_val_half,181
1.0,1000,False,0.0,0.0,1.0,0.834,83,159,0.0,False,0.0,0.0,0.0,179.84729982756326,0.687183037053549,74,bicycle,0.1,0.5,weighted_crc,segformer_b2_cityscapes,cityscapes_val_half,181
1.0,1000,False,0.0,0.0,1.0,0.834,83,159,0.0,False,0.0,0.0,0.0,179.84729982756326,0.687183037053549,74,bicycle,0.2,0.5,weighted_crc,segformer_b2_cityscapes,cityscapes_val_half,181
1.0,1000,False,0.0,0.0,1.0,0.66,170,334,0.0,False,0.0,0.0,0.0,209.99999999999991,0.6557377049180327,75,person,0.05,0.1,weighted_crc,segformer_b2_cityscapes,cityscapes_val_half,210
1.0,1000,False,0.0,0.0,1.0,0.66,170,334,0.0,False,0.0,0.0,0.0,209.99999999999991,0.6557377049180327,75,person,0.1,0.1,weighted_crc,segformer_b2_cityscapes,cityscapes_val_half,210
1.0,1000,False,0.0,0.0,1.0,0.66,170,334,0.0,False,0.0,0.0,0.0,209.99999999999991,0.6557377049180327,75,person,0.2,0.1,weighted_crc,segformer_b2_cityscapes,cityscapes_val_half,210
1.0,1000,False,0.0,0.0,1.0,0.66,170,334,0.0,False,0.0,0.0,0.0,209.99999999999991,0.6557377049180327,75,person,0.05,0.5,weighted_crc,segformer_b2_cityscapes,cityscapes_val_half,210
1.0,1000,False,0.0,0.0,1.0,0.66,170,334,0.0,False,0.0,0.0,0.0,209.99999999999991,0.6557377049180327,75,person,0.1,0.5,weighted_crc,segformer_b2_cityscapes,cityscapes_val_half,210
1.0,1000,False,0.0,0.0,1.0,0.66,170,334,0.0,False,0.0,0.0,0.0,209.99999999999991,0.6557377049180327,75,person,0.2,0.5,weighted_crc,segformer_b2_cityscapes,cityscapes_val_half,210
1.0,1000,False,0.0,0.0,1.0,0.944,28,38,0.0,False,0.0,0.0,0.0,128.99999999999994,0.7561436672967864,75,rider,0.05,0.1,weighted_crc,segformer_b2_cityscapes,cityscapes_val_half,129
1.0,1000,False,0.0,0.0,1.0,0.944,28,38,0.0,False,0.0,0.0,0.0,128.99999999999994,0.7561436672967864,75,rider,0.1,0.1,weighted_crc,segformer_b2_cityscapes,cityscapes_val_half,129
1.0,1000,False,0.0,0.0,1.0,0.944,28,38,0.0,False,0.0,0.0,0.0,128.99999999999994,0.7561436672967864,75,rider,0.2,0.1,weighted_crc,segformer_b2_cityscapes,cityscapes_val_half,129
1.0,1000,False,0.0,0.0,1.0,0.944,28,38,0.0,False,0.0,0.0,0.0,128.99999999999994,0.7561436672967864,75,rider,0.05,0.5,weighted_crc,segformer_b2_cityscapes,cityscapes_val_half,129
1.0,1000,False,0.0,0.0,1.0,0.944,28,38,0.0,False,0.0,0.0,0.0,128.99999999999994,0.7561436672967864,75,rider,0.1,0.5,weighted_crc,segformer_b2_cityscapes,cityscapes_val_half,129
1.0,1000,False,0.0,0.0,1.0,0.944,28,38,0.0,False,0.0,0.0,0.0,128.99999999999994,0.7561436672967864,75,rider,0.2,0.5,weighted_crc,segformer_b2_cityscapes,cityscapes_val_half,129
1.0,1000,False,0.0,0.0,1.0,0.834,83,159,0.0,False,0.0,0.0,0.0,173.9970251348837,0.6967976882234206,75,bicycle,0.05,0.1,weighted_crc,segformer_b2_cityscapes,cityscapes_val_half,174
1.0,1000,False,0.0,0.0,1.0,0.834,83,159,0.0,False,0.0,0.0,0.0,173.9970251348837,0.6967976882234206,75,bicycle,0.1,0.1,weighted_crc,segformer_b2_cityscapes,cityscapes_val_half,174
1.0,1000,False,0.0,0.0,1.0,0.834,83,159,0.0,False,0.0,0.0,0.0,173.9970251348837,0.6967976882234206,75,bicycle,0.2,0.1,weighted_crc,segformer_b2_cityscapes,cityscapes_val_half,174
1.0,1000,False,0.0,0.0,1.0,0.834,83,159,0.0,False,0.0,0.0,0.0,173.9970251348837,0.6967976882234206,75,bicycle,0.05,0.5,weighted_crc,segformer_b2_cityscapes,cityscapes_val_half,174
1.0,1000,False,0.0,0.0,1.0,0.834,83,159,0.0,False,0.0,0.0,0.0,173.9970251348837,0.6967976882234206,75,bicycle,0.1,0.5,weighted_crc,segformer_b2_cityscapes,cityscapes_val_half,174
1.0,1000,False,0.0,0.0,1.0,0.834,83,159,0.0,False,0.0,0.0,0.0,173.9970251348837,0.6967976882234206,75,bicycle,0.2,0.5,weighted_crc,segformer_b2_cityscapes,cityscapes_val_half,174
1.0,1000,False,0.0,0.0,1.0,0.66,170,334,0.0,False,0.0,0.0,0.0,195.78351201914845,0.670614522834247,76,person,0.05,0.1,weighted_crc,segformer_b2_cityscapes,cityscapes_val_half,196
1.0,1000,False,0.0,0.0,1.0,0.66,170,334,0.0,False,0.0,0.0,0.0,195.78351201914845,0.670614522834247,76,person,0.1,0.1,weighted_crc,segformer_b2_cityscapes,cityscapes_val_half,196
1.0,1000,False,0.0,0.0,1.0,0.66,170,334,0.0,False,0.0,0.0,0.0,195.78351201914845,0.670614522834247,76,person,0.2,0.1,weighted_crc,segformer_b2_cityscapes,cityscapes_val_half,196
1.0,1000,False,0.0,0.0,1.0,0.66,170,334,0.0,False,0.0,0.0,0.0,195.78351201914845,0.670614522834247,76,person,0.05,0.5,weighted_crc,segformer_b2_cityscapes,cityscapes_val_half,196
1.0,1000,False,0.0,0.0,1.0,0.66,170,334,0.0,False,0.0,0.0,0.0,195.78351201914845,0.670614522834247,76,person,0.1,0.5,weighted_crc,segformer_b2_cityscapes,cityscapes_val_half,196
1.0,1000,False,0.0,0.0,1.0,0.66,170,334,0.0,False,0.0,0.0,0.0,195.78351201914845,0.670614522834247,76,person,0.2,0.5,weighted_crc,segformer_b2_cityscapes,cityscapes_val_half,196
1.0,1000,False,0.0,0.0,1.0,0.944,28,38,0.0,False,0.0,0.0,0.0,124.99999999999993,0.7619047619047619,76,rider,0.05,0.1,weighted_crc,segformer_b2_cityscapes,cityscapes_val_half,125
1.0,1000,False,0.0,0.0,1.0,0.944,28,38,0.0,False,0.0,0.0,0.0,124.99999999999993,0.7619047619047619,76,rider,0.1,0.1,weighted_crc,segformer_b2_cityscapes,cityscapes_val_half,125
1.0,1000,False,0.0,0.0,1.0,0.944,28,38,0.0,False,0.0,0.0,0.0,124.99999999999993,0.7619047619047619,76,rider,0.2,0.1,weighted_crc,segformer_b2_cityscapes,cityscapes_val_half,125
1.0,1000,False,0.0,0.0,1.0,0.944,28,38,0.0,False,0.0,0.0,0.0,124.99999999999993,0.7619047619047619,76,rider,0.05,0.5,weighted_crc,segformer_b2_cityscapes,cityscapes_val_half,125
1.0,1000,False,0.0,0.0,1.0,0.944,28,38,0.0,False,0.0,0.0,0.0,124.99999999999993,0.7619047619047619,76,rider,0.1,0.5,weighted_crc,segformer_b2_cityscapes,cityscapes_val_half,125
1.0,1000,False,0.0,0.0,1.0,0.944,28,38,0.0,False,0.0,0.0,0.0,124.99999999999993,0.7619047619047619,76,rider,0.2,0.5,weighted_crc,segformer_b2_cityscapes,cityscapes_val_half,125
1.0,1000,False,0.0,0.0,1.0,0.834,83,159,0.0,False,0.0,0.0,0.0,170.9999999999999,0.7005253940455343,76,bicycle,0.05,0.1,weighted_crc,segformer_b2_cityscapes,cityscapes_val_half,171
1.0,1000,False,0.0,0.0,1.0,0.834,83,159,0.0,False,0.0,0.0,0.0,170.9999999999999,0.7005253940455343,76,bicycle,0.1,0.1,weighted_crc,segformer_b2_cityscapes,cityscapes_val_half,171
1.0,1000,False,0.0,0.0,1.0,0.834,83,159,0.0,False,0.0,0.0,0.0,170.9999999999999,0.7005253940455343,76,bicycle,0.2,0.1,weighted_crc,segformer_b2_cityscapes,cityscapes_val_half,171
1.0,1000,False,0.0,0.0,1.0,0.834,83,159,0.0,False,0.0,0.0,0.0,170.9999999999999,0.7005253940455343,76,bicycle,0.05,0.5,weighted_crc,segformer_b2_cityscapes,cityscapes_val_half,171
1.0,1000,False,0.0,0.0,1.0,0.834,83,159,0.0,False,0.0,0.0,0.0,170.9999999999999,0.7005253940455343,76,bicycle,0.1,0.5,weighted_crc,segformer_b2_cityscapes,cityscapes_val_half,171
1.0,1000,False,0.0,0.0,1.0,0.834,83,159,0.0,False,0.0,0.0,0.0,170.9999999999999,0.7005253940455343,76,bicycle,0.2,0.5,weighted_crc,segformer_b2_cityscapes,cityscapes_val_half,171
1.0,1000,False,0.0,0.0,1.0,0.66,170,334,0.0,False,0.0,0.0,0.0,194.99999999999991,0.6722689075630253,77,person,0.05,0.1,weighted_crc,segformer_b2_cityscapes,cityscapes_val_half,195
1.0,1000,False,0.0,0.0,1.0,0.66,170,334,0.0,False,0.0,0.0,0.0,194.99999999999991,0.6722689075630253,77,person,0.1,0.1,weighted_crc,segformer_b2_cityscapes,cityscapes_val_half,195
1.0,1000,False,0.0,0.0,1.0,0.66,170,334,0.0,False,0.0,0.0,0.0,194.99999999999991,0.6722689075630253,77,person,0.2,0.1,weighted_crc,segformer_b2_cityscapes,cityscapes_val_half,195
1.0,1000,False,0.0,0.0,1.0,0.66,170,334,0.0,False,0.0,0.0,0.0,194.99999999999991,0.6722689075630253,77,person,0.05,0.5,weighted_crc,segformer_b2_cityscapes,cityscapes_val_half,195
1.0,1000,False,0.0,0.0,1.0,0.66,170,334,0.0,False,0.0,0.0,0.0,194.99999999999991,0.6722689075630253,77,person,0.1,0.5,weighted_crc,segformer_b2_cityscapes,cityscapes_val_half,195
1.0,1000,False,0.0,0.0,1.0,0.66,170,334,0.0,False,0.0,0.0,0.0,194.99999999999991,0.6722689075630253,77,person,0.2,0.5,weighted_crc,segformer_b2_cityscapes,cityscapes_val_half,195
1.0,1000,False,0.0,0.0,1.0,0.944,28,38,0.0,False,0.0,0.0,0.0,128.99999999999994,0.7561436672967864,77,rider,0.05,0.1,weighted_crc,segformer_b2_cityscapes,cityscapes_val_half,129
1.0,1000,False,0.0,0.0,1.0,0.944,28,38,0.0,False,0.0,0.0,0.0,128.99999999999994,0.7561436672967864,77,rider,0.1,0.1,weighted_crc,segformer_b2_cityscapes,cityscapes_val_half,129
1.0,1000,False,0.0,0.0,1.0,0.944,28,38,0.0,False,0.0,0.0,0.0,128.99999999999994,0.7561436672967864,77,rider,0.2,0.1,weighted_crc,segformer_b2_cityscapes,cityscapes_val_half,129
1.0,1000,False,0.0,0.0,1.0,0.944,28,38,0.0,False,0.0,0.0,0.0,128.99999999999994,0.7561436672967864,77,rider,0.05,0.5,weighted_crc,segformer_b2_cityscapes,cityscapes_val_half,129
1.0,1000,False,0.0,0.0,1.0,0.944,28,38,0.0,False,0.0,0.0,0.0,128.99999999999994,0.7561436672967864,77,rider,0.1,0.5,weighted_crc,segformer_b2_cityscapes,cityscapes_val_half,129
1.0,1000,False,0.0,0.0,1.0,0.944,28,38,0.0,False,0.0,0.0,0.0,128.99999999999994,0.7561436672967864,77,rider,0.2,0.5,weighted_crc,segformer_b2_cityscapes,cityscapes_val_half,129
1.0,1000,False,0.0,0.0,1.0,0.834,83,159,0.0,False,0.0,0.0,0.0,169.99999999999986,0.7017543859649122,77,bicycle,0.05,0.1,weighted_crc,segformer_b2_cityscapes,cityscapes_val_half,170
1.0,1000,False,0.0,0.0,1.0,0.834,83,159,0.0,False,0.0,0.0,0.0,169.99999999999986,0.7017543859649122,77,bicycle,0.1,0.1,weighted_crc,segformer_b2_cityscapes,cityscapes_val_half,170
1.0,1000,False,0.0,0.0,1.0,0.834,83,159,0.0,False,0.0,0.0,0.0,169.99999999999986,0.7017543859649122,77,bicycle,0.2,0.1,weighted_crc,segformer_b2_cityscapes,cityscapes_val_half,170
1.0,1000,False,0.0,0.0,1.0,0.834,83,159,0.0,False,0.0,0.0,0.0,169.99999999999986,0.7017543859649122,77,bicycle,0.05,0.5,weighted_crc,segformer_b2_cityscapes,cityscapes_val_half,170
1.0,1000,False,0.0,0.0,1.0,0.834,83,159,0.0,False,0.0,0.0,0.0,169.99999999999986,0.7017543859649122,77,bicycle,0.1,0.5,weighted_crc,segformer_b2_cityscapes,cityscapes_val_half,170
1.0,1000,False,0.0,0.0,1.0,0.834,83,159,0.0,False,0.0,0.0,0.0,169.99999999999986,0.7017543859649122,77,bicycle,0.2,0.5,weighted_crc,segformer_b2_cityscapes,cityscapes_val_half,170
1.0,1000,False,0.0,0.0,1.0,0.66,170,334,0.0,False,0.0,0.0,0.0,197.96900836398572,0.6686987731845445,78,person,0.05,0.1,weighted_crc,segformer_b2_cityscapes,cityscapes_val_half,198
1.0,1000,False,0.0,0.0,1.0,0.66,170,334,0.0,False,0.0,0.0,0.0,197.96900836398572,0.6686987731845445,78,person,0.1,0.1,weighted_crc,segformer_b2_cityscapes,cityscapes_val_half,198
1.0,1000,False,0.0,0.0,1.0,0.66,170,334,0.0,False,0.0,0.0,0.0,197.96900836398572,0.6686987731845445,78,person,0.2,0.1,weighted_crc,segformer_b2_cityscapes,cityscapes_val_half,198
1.0,1000,False,0.0,0.0,1.0,0.66,170,334,0.0,False,0.0,0.0,0.0,197.96900836398572,0.6686987731845445,78,person,0.05,0.5,weighted_crc,segformer_b2_cityscapes,cityscapes_val_half,198
1.0,1000,False,0.0,0.0,1.0,0.66,170,334,0.0,False,0.0,0.0,0.0,197.96900836398572,0.6686987731845445,78,person,0.1,0.5,weighted_crc,segformer_b2_cityscapes,cityscapes_val_half,198
1.0,1000,False,0.0,0.0,1.0,0.66,170,334,0.0,False,0.0,0.0,0.0,197.96900836398572,0.6686987731845445,78,person,0.2,0.5,weighted_crc,segformer_b2_cityscapes,cityscapes_val_half,198
1.0,1000,False,0.0,0.0,1.0,0.944,28,38,0.0,False,0.0,0.0,0.0,123.99999999999994,0.7633587786259542,78,rider,0.05,0.1,weighted_crc,segformer_b2_cityscapes,cityscapes_val_half,124
1.0,1000,False,0.0,0.0,1.0,0.944,28,38,0.0,False,0.0,0.0,0.0,123.99999999999994,0.7633587786259542,78,rider,0.1,0.1,weighted_crc,segformer_b2_cityscapes,cityscapes_val_half,124
1.0,1000,False,0.0,0.0,1.0,0.944,28,38,0.0,False,0.0,0.0,0.0,123.99999999999994,0.7633587786259542,78,rider,0.2,0.1,weighted_crc,segformer_b2_cityscapes,cityscapes_val_half,124
1.0,1000,False,0.0,0.0,1.0,0.944,28,38,0.0,False,0.0,0.0,0.0,123.99999999999994,0.7633587786259542,78,rider,0.05,0.5,weighted_crc,segformer_b2_cityscapes,cityscapes_val_half,124
1.0,1000,False,0.0,0.0,1.0,0.944,28,38,0.0,False,0.0,0.0,0.0,123.99999999999994,0.7633587786259542,78,rider,0.1,0.5,weighted_crc,segformer_b2_cityscapes,cityscapes_val_half,124
1.0,1000,False,0.0,0.0,1.0,0.944,28,38,0.0,False,0.0,0.0,0.0,123.99999999999994,0.7633587786259542,78,rider,0.2,0.5,weighted_crc,segformer_b2_cityscapes,cityscapes_val_half,124
1.0,1000,False,0.0,0.0,1.0,0.834,83,159,0.0,False,0.0,0.0,0.0,170.058424454145,0.6993233298426601,78,bicycle,0.05,0.1,weighted_crc,segformer_b2_cityscapes,cityscapes_val_half,171
1.0,1000,False,0.0,0.0,1.0,0.834,83,159,0.0,False,0.0,0.0,0.0,170.058424454145,0.6993233298426601,78,bicycle,0.1,0.1,weighted_crc,segformer_b2_cityscapes,cityscapes_val_half,171
1.0,1000,False,0.0,0.0,1.0,0.834,83,159,0.0,False,0.0,0.0,0.0,170.058424454145,0.6993233298426601,78,bicycle,0.2,0.1,weighted_crc,segformer_b2_cityscapes,cityscapes_val_half,171
1.0,1000,False,0.0,0.0,1.0,0.834,83,159,0.0,False,0.0,0.0,0.0,170.058424454145,0.6993233298426601,78,bicycle,0.05,0.5,weighted_crc,segformer_b2_cityscapes,cityscapes_val_half,171
1.0,1000,False,0.0,0.0,1.0,0.834,83,159,0.0,False,0.0,0.0,0.0,170.058424454145,0.6993233298426601,78,bicycle,0.1,0.5,weighted_crc,segformer_b2_cityscapes,cityscapes_val_half,171
1.0,1000,False,0.0,0.0,1.0,0.834,83,159,0.0,False,0.0,0.0,0.0,170.058424454145,0.6993233298426601,78,bicycle,0.2,0.5,weighted_crc,segformer_b2_cityscapes,cityscapes_val_half,171
1.0,1000,False,0.0,0.0,1.0,0.66,170,334,0.0,False,0.0,0.0,0.0,206.9583144447221,0.6587562246711461,79,person,0.05,0.1,weighted_crc,segformer_b2_cityscapes,cityscapes_val_half,207
1.0,1000,False,0.0,0.0,1.0,0.66,170,334,0.0,False,0.0,0.0,0.0,206.9583144447221,0.6587562246711461,79,person,0.1,0.1,weighted_crc,segformer_b2_cityscapes,cityscapes_val_half,207
1.0,1000,False,0.0,0.0,1.0,0.66,170,334,0.0,False,0.0,0.0,0.0,206.9583144447221,0.6587562246711461,79,person,0.2,0.1,weighted_crc,segformer_b2_cityscapes,cityscapes_val_half,207
1.0,1000,False,0.0,0.0,1.0,0.66,170,334,0.0,False,0.0,0.0,0.0,206.9583144447221,0.6587562246711461,79,person,0.05,0.5,weighted_crc,segformer_b2_cityscapes,cityscapes_val_half,207
1.0,1000,False,0.0,0.0,1.0,0.66,170,334,0.0,False,0.0,0.0,0.0,206.9583144447221,0.6587562246711461,79,person,0.1,0.5,weighted_crc,segformer_b2_cityscapes,cityscapes_val_half,207
1.0,1000,False,0.0,0.0,1.0,0.66,170,334,0.0,False,0.0,0.0,0.0,206.9583144447221,0.6587562246711461,79,person,0.2,0.5,weighted_crc,segformer_b2_cityscapes,cityscapes_val_half,207
1.0,1000,False,0.0,0.0,1.0,0.944,28,38,0.0,False,0.0,0.0,0.0,118.9999999999999,0.7707129094412332,79,rider,0.05,0.1,weighted_crc,segformer_b2_cityscapes,cityscapes_val_half,119
1.0,1000,False,0.0,0.0,1.0,0.944,28,38,0.0,False,0.0,0.0,0.0,118.9999999999999,0.7707129094412332,79,rider,0.1,0.1,weighted_crc,segformer_b2_cityscapes,cityscapes_val_half,119
1.0,1000,False,0.0,0.0,1.0,0.944,28,38,0.0,False,0.0,0.0,0.0,118.9999999999999,0.7707129094412332,79,rider,0.2,0.1,weighted_crc,segformer_b2_cityscapes,cityscapes_val_half,119
1.0,1000,False,0.0,0.0,1.0,0.944,28,38,0.0,False,0.0,0.0,0.0,118.9999999999999,0.7707129094412332,79,rider,0.05,0.5,weighted_crc,segformer_b2_cityscapes,cityscapes_val_half,119
1.0,1000,False,0.0,0.0,1.0,0.944,28,38,0.0,False,0.0,0.0,0.0,118.9999999999999,0.7707129094412332,79,rider,0.1,0.5,weighted_crc,segformer_b2_cityscapes,cityscapes_val_half,119
1.0,1000,False,0.0,0.0,1.0,0.944,28,38,0.0,False,0.0,0.0,0.0,118.9999999999999,0.7707129094412332,79,rider,0.2,0.5,weighted_crc,segformer_b2_cityscapes,cityscapes_val_half,119
1.0,1000,False,0.0,0.0,1.0,0.834,83,159,0.0,False,0.0,0.0,0.0,164.81650204548137,0.7074249144335445,79,bicycle,0.05,0.1,weighted_crc,segformer_b2_cityscapes,cityscapes_val_half,165
1.0,1000,False,0.0,0.0,1.0,0.834,83,159,0.0,False,0.0,0.0,0.0,164.81650204548137,0.7074249144335445,79,bicycle,0.1,0.1,weighted_crc,segformer_b2_cityscapes,cityscapes_val_half,165
1.0,1000,False,0.0,0.0,1.0,0.834,83,159,0.0,False,0.0,0.0,0.0,164.81650204548137,0.7074249144335445,79,bicycle,0.2,0.1,weighted_crc,segformer_b2_cityscapes,cityscapes_val_half,165
1.0,1000,False,0.0,0.0,1.0,0.834,83,159,0.0,False,0.0,0.0,0.0,164.81650204548137,0.7074249144335445,79,bicycle,0.05,0.5,weighted_crc,segformer_b2_cityscapes,cityscapes_val_half,165
1.0,1000,False,0.0,0.0,1.0,0.834,83,159,0.0,False,0.0,0.0,0.0,164.81650204548137,0.7074249144335445,79,bicycle,0.1,0.5,weighted_crc,segformer_b2_cityscapes,cityscapes_val_half,165
1.0,1000,False,0.0,0.0,1.0,0.834,83,159,0.0,False,0.0,0.0,0.0,164.81650204548137,0.7074249144335445,79,bicycle,0.2,0.5,weighted_crc,segformer_b2_cityscapes,cityscapes_val_half,165
1.0,1000,False,0.0,0.0,1.0,0.66,170,334,0.0,False,0.0,0.0,0.0,193.7132520003332,0.665154448737644,80,person,0.05,0.1,weighted_crc,segformer_b2_cityscapes,cityscapes_val_half,199
1.0,1000,False,0.0,0.0,1.0,0.66,170,334,0.0,False,0.0,0.0,0.0,193.7132520003332,0.665154448737644,80,person,0.1,0.1,weighted_crc,segformer_b2_cityscapes,cityscapes_val_half,199
1.0,1000,False,0.0,0.0,1.0,0.66,170,334,0.0,False,0.0,0.0,0.0,193.7132520003332,0.665154448737644,80,person,0.2,0.1,weighted_crc,segformer_b2_cityscapes,cityscapes_val_half,199
1.0,1000,False,0.0,0.0,1.0,0.66,170,334,0.0,False,0.0,0.0,0.0,193.7132520003332,0.665154448737644,80,person,0.05,0.5,weighted_crc,segformer_b2_cityscapes,cityscapes_val_half,199
1.0,1000,False,0.0,0.0,1.0,0.66,170,334,0.0,False,0.0,0.0,0.0,193.7132520003332,0.665154448737644,80,person,0.1,0.5,weighted_crc,segformer_b2_cityscapes,cityscapes_val_half,199
1.0,1000,False,0.0,0.0,1.0,0.66,170,334,0.0,False,0.0,0.0,0.0,193.7132520003332,0.665154448737644,80,person,0.2,0.5,weighted_crc,segformer_b2_cityscapes,cityscapes_val_half,199
1.0,1000,False,0.0,0.0,1.0,0.944,28,38,0.0,False,0.0,0.0,0.0,135.99999999999994,0.746268656716418,80,rider,0.05,0.1,weighted_crc,segformer_b2_cityscapes,cityscapes_val_half,136
1.0,1000,False,0.0,0.0,1.0,0.944,28,38,0.0,False,0.0,0.0,0.0,135.99999999999994,0.746268656716418,80,rider,0.1,0.1,weighted_crc,segformer_b2_cityscapes,cityscapes_val_half,136
1.0,1000,False,0.0,0.0,1.0,0.944,28,38,0.0,False,0.0,0.0,0.0,135.99999999999994,0.746268656716418,80,rider,0.2,0.1,weighted_crc,segformer_b2_cityscapes,cityscapes_val_half,136
1.0,1000,False,0.0,0.0,1.0,0.944,28,38,0.0,False,0.0,0.0,0.0,135.99999999999994,0.746268656716418,80,rider,0.05,0.5,weighted_crc,segformer_b2_cityscapes,cityscapes_val_half,136
1.0,1000,False,0.0,0.0,1.0,0.944,28,38,0.0,False,0.0,0.0,0.0,135.99999999999994,0.746268656716418,80,rider,0.1,0.5,weighted_crc,segformer_b2_cityscapes,cityscapes_val_half,136
1.0,1000,False,0.0,0.0,1.0,0.944,28,38,0.0,False,0.0,0.0,0.0,135.99999999999994,0.746268656716418,80,rider,0.2,0.5,weighted_crc,segformer_b2_cityscapes,cityscapes_val_half,136
1.0,1000,False,0.0,0.0,1.0,0.834,83,159,0.0,False,0.0,0.0,0.0,181.99999999999983,0.6872852233676976,80,bicycle,0.05,0.1,weighted_crc,segformer_b2_cityscapes,cityscapes_val_half,182
1.0,1000,False,0.0,0.0,1.0,0.834,83,159,0.0,False,0.0,0.0,0.0,181.99999999999983,0.6872852233676976,80,bicycle,0.1,0.1,weighted_crc,segformer_b2_cityscapes,cityscapes_val_half,182
1.0,1000,False,0.0,0.0,1.0,0.834,83,159,0.0,False,0.0,0.0,0.0,181.99999999999983,0.6872852233676976,80,bicycle,0.2,0.1,weighted_crc,segformer_b2_cityscapes,cityscapes_val_half,182
1.0,1000,False,0.0,0.0,1.0,0.834,83,159,0.0,False,0.0,0.0,0.0,181.99999999999983,0.6872852233676976,80,bicycle,0.05,0.5,weighted_crc,segformer_b2_cityscapes,cityscapes_val_half,182
1.0,1000,False,0.0,0.0,1.0,0.834,83,159,0.0,False,0.0,0.0,0.0,181.99999999999983,0.6872852233676976,80,bicycle,0.1,0.5,weighted_crc,segformer_b2_cityscapes,cityscapes_val_half,182
1.0,1000,False,0.0,0.0,1.0,0.834,83,159,0.0,False,0.0,0.0,0.0,181.99999999999983,0.6872852233676976,80,bicycle,0.2,0.5,weighted_crc,segformer_b2_cityscapes,cityscapes_val_half,182
1.0,1000,False,0.0,0.0,1.0,0.66,170,334,0.0,False,0.0,0.0,0.0,203.9999999999999,0.6622516556291391,81,person,0.05,0.1,weighted_crc,segformer_b2_cityscapes,cityscapes_val_half,204
1.0,1000,False,0.0,0.0,1.0,0.66,170,334,0.0,False,0.0,0.0,0.0,203.9999999999999,0.6622516556291391,81,person,0.1,0.1,weighted_crc,segformer_b2_cityscapes,cityscapes_val_half,204
1.0,1000,False,0.0,0.0,1.0,0.66,170,334,0.0,False,0.0,0.0,0.0,203.9999999999999,0.6622516556291391,81,person,0.2,0.1,weighted_crc,segformer_b2_cityscapes,cityscapes_val_half,204
1.0,1000,False,0.0,0.0,1.0,0.66,170,334,0.0,False,0.0,0.0,0.0,203.9999999999999,0.6622516556291391,81,person,0.05,0.5,weighted_crc,segformer_b2_cityscapes,cityscapes_val_half,204
1.0,1000,False,0.0,0.0,1.0,0.66,170,334,0.0,False,0.0,0.0,0.0,203.9999999999999,0.6622516556291391,81,person,0.1,0.5,weighted_crc,segformer_b2_cityscapes,cityscapes_val_half,204
1.0,1000,False,0.0,0.0,1.0,0.66,170,334,0.0,False,0.0,0.0,0.0,203.9999999999999,0.6622516556291391,81,person,0.2,0.5,weighted_crc,segformer_b2_cityscapes,cityscapes_val_half,204
1.0,1000,False,0.0,0.0,1.0,0.944,28,38,0.0,False,0.0,0.0,0.0,127.99999999999997,0.7575757575757576,81,rider,0.05,0.1,weighted_crc,segformer_b2_cityscapes,cityscapes_val_half,128
1.0,1000,False,0.0,0.0,1.0,0.944,28,38,0.0,False,0.0,0.0,0.0,127.99999999999997,0.7575757575757576,81,rider,0.1,0.1,weighted_crc,segformer_b2_cityscapes,cityscapes_val_half,128
1.0,1000,False,0.0,0.0,1.0,0.944,28,38,0.0,False,0.0,0.0,0.0,127.99999999999997,0.7575757575757576,81,rider,0.2,0.1,weighted_crc,segformer_b2_cityscapes,cityscapes_val_half,128
1.0,1000,False,0.0,0.0,1.0,0.944,28,38,0.0,False,0.0,0.0,0.0,127.99999999999997,0.7575757575757576,81,rider,0.05,0.5,weighted_crc,segformer_b2_cityscapes,cityscapes_val_half,128
1.0,1000,False,0.0,0.0,1.0,0.944,28,38,0.0,False,0.0,0.0,0.0,127.99999999999997,0.7575757575757576,81,rider,0.1,0.5,weighted_crc,segformer_b2_cityscapes,cityscapes_val_half,128
1.0,1000,False,0.0,0.0,1.0,0.944,28,38,0.0,False,0.0,0.0,0.0,127.99999999999997,0.7575757575757576,81,rider,0.2,0.5,weighted_crc,segformer_b2_cityscapes,cityscapes_val_half,128
1.0,1000,False,0.0,0.0,1.0,0.834,83,159,0.0,False,0.0,0.0,0.0,177.3953391707675,0.6911034348512275,81,bicycle,0.05,0.1,weighted_crc,segformer_b2_cityscapes,cityscapes_val_half,178
1.0,1000,False,0.0,0.0,1.0,0.834,83,159,0.0,False,0.0,0.0,0.0,177.3953391707675,0.6911034348512275,81,bicycle,0.1,0.1,weighted_crc,segformer_b2_cityscapes,cityscapes_val_half,178
1.0,1000,False,0.0,0.0,1.0,0.834,83,159,0.0,False,0.0,0.0,0.0,177.3953391707675,0.6911034348512275,81,bicycle,0.2,0.1,weighted_crc,segformer_b2_cityscapes,cityscapes_val_half,178
1.0,1000,False,0.0,0.0,1.0,0.834,83,159,0.0,False,0.0,0.0,0.0,177.3953391707675,0.6911034348512275,81,bicycle,0.05,0.5,weighted_crc,segformer_b2_cityscapes,cityscapes_val_half,178
1.0,1000,False,0.0,0.0,1.0,0.834,83,159,0.0,False,0.0,0.0,0.0,177.3953391707675,0.6911034348512275,81,bicycle,0.1,0.5,weighted_crc,segformer_b2_cityscapes,cityscapes_val_half,178
1.0,1000,False,0.0,0.0,1.0,0.834,83,159,0.0,False,0.0,0.0,0.0,177.3953391707675,0.6911034348512275,81,bicycle,0.2,0.5,weighted_crc,segformer_b2_cityscapes,cityscapes_val_half,178
1.0,1000,False,0.0,0.0,1.0,0.66,170,334,0.0,False,0.0,0.0,0.0,201.9999999999999,0.6644518272425249,82,person,0.05,0.1,weighted_crc,segformer_b2_cityscapes,cityscapes_val_half,202
1.0,1000,False,0.0,0.0,1.0,0.66,170,334,0.0,False,0.0,0.0,0.0,201.9999999999999,0.6644518272425249,82,person,0.1,0.1,weighted_crc,segformer_b2_cityscapes,cityscapes_val_half,202
1.0,1000,False,0.0,0.0,1.0,0.66,170,334,0.0,False,0.0,0.0,0.0,201.9999999999999,0.6644518272425249,82,person,0.2,0.1,weighted_crc,segformer_b2_cityscapes,cityscapes_val_half,202
1.0,1000,False,0.0,0.0,1.0,0.66,170,334,0.0,False,0.0,0.0,0.0,201.9999999999999,0.6644518272425249,82,person,0.05,0.5,weighted_crc,segformer_b2_cityscapes,cityscapes_val_half,202
1.0,1000,False,0.0,0.0,1.0,0.66,170,334,0.0,False,0.0,0.0,0.0,201.9999999999999,0.6644518272425249,82,person,0.1,0.5,weighted_crc,segformer_b2_cityscapes,cityscapes_val_half,202
1.0,1000,False,0.0,0.0,1.0,0.66,170,334,0.0,False,0.0,0.0,0.0,201.9999999999999,0.6644518272425249,82,person,0.2,0.5,weighted_crc,segformer_b2_cityscapes,cityscapes_val_half,202
1.0,1000,False,0.0,0.0,1.0,0.944,28,38,0.0,False,0.0,0.0,0.0,138.99999999999994,0.7421150278293136,82,rider,0.05,0.1,weighted_crc,segformer_b2_cityscapes,cityscapes_val_half,139
1.0,1000,False,0.0,0.0,1.0,0.944,28,38,0.0,False,0.0,0.0,0.0,138.99999999999994,0.7421150278293136,82,rider,0.1,0.1,weighted_crc,segformer_b2_cityscapes,cityscapes_val_half,139
1.0,1000,False,0.0,0.0,1.0,0.944,28,38,0.0,False,0.0,0.0,0.0,138.99999999999994,0.7421150278293136,82,rider,0.2,0.1,weighted_crc,segformer_b2_cityscapes,cityscapes_val_half,139
1.0,1000,False,0.0,0.0,1.0,0.944,28,38,0.0,False,0.0,0.0,0.0,138.99999999999994,0.7421150278293136,82,rider,0.05,0.5,weighted_crc,segformer_b2_cityscapes,cityscapes_val_half,139
1.0,1000,False,0.0,0.0,1.0,0.944,28,38,0.0,False,0.0,0.0,0.0,138.99999999999994,0.7421150278293136,82,rider,0.1,0.5,weighted_crc,segformer_b2_cityscapes,cityscapes_val_half,139
1.0,1000,False,0.0,0.0,1.0,0.944,28,38,0.0,False,0.0,0.0,0.0,138.99999999999994,0.7421150278293136,82,rider,0.2,0.5,weighted_crc,segformer_b2_cityscapes,cityscapes_val_half,139
1.0,1000,False,0.0,0.0,1.0,0.834,83,159,0.0,False,0.0,0.0,0.0,178.99999999999991,0.690846286701209,82,bicycle,0.05,0.1,weighted_crc,segformer_b2_cityscapes,cityscapes_val_half,179
1.0,1000,False,0.0,0.0,1.0,0.834,83,159,0.0,False,0.0,0.0,0.0,178.99999999999991,0.690846286701209,82,bicycle,0.1,0.1,weighted_crc,segformer_b2_cityscapes,cityscapes_val_half,179
1.0,1000,False,0.0,0.0,1.0,0.834,83,159,0.0,False,0.0,0.0,0.0,178.99999999999991,0.690846286701209,82,bicycle,0.2,0.1,weighted_crc,segformer_b2_cityscapes,cityscapes_val_half,179
1.0,1000,False,0.0,0.0,1.0,0.834,83,159,0.0,False,0.0,0.0,0.0,178.99999999999991,0.690846286701209,82,bicycle,0.05,0.5,weighted_crc,segformer_b2_cityscapes,cityscapes_val_half,179
1.0,1000,False,0.0,0.0,1.0,0.834,83,159,0.0,False,0.0,0.0,0.0,178.99999999999991,0.690846286701209,82,bicycle,0.1,0.5,weighted_crc,segformer_b2_cityscapes,cityscapes_val_half,179
1.0,1000,False,0.0,0.0,1.0,0.834,83,159,0.0,False,0.0,0.0,0.0,178.99999999999991,0.690846286701209,82,bicycle,0.2,0.5,weighted_crc,segformer_b2_cityscapes,cityscapes_val_half,179
1.0,1000,False,0.0,0.0,1.0,0.66,170,334,0.0,False,0.0,0.0,0.0,213.97587249791812,0.6513005155347599,83,person,0.05,0.1,weighted_crc,segformer_b2_cityscapes,cityscapes_val_half,214
1.0,1000,False,0.0,0.0,1.0,0.66,170,334,0.0,False,0.0,0.0,0.0,213.97587249791812,0.6513005155347599,83,person,0.1,0.1,weighted_crc,segformer_b2_cityscapes,cityscapes_val_half,214
1.0,1000,False,0.0,0.0,1.0,0.66,170,334,0.0,False,0.0,0.0,0.0,213.97587249791812,0.6513005155347599,83,person,0.2,0.1,weighted_crc,segformer_b2_cityscapes,cityscapes_val_half,214
1.0,1000,False,0.0,0.0,1.0,0.66,170,334,0.0,False,0.0,0.0,0.0,213.97587249791812,0.6513005155347599,83,person,0.05,0.5,weighted_crc,segformer_b2_cityscapes,cityscapes_val_half,214
1.0,1000,False,0.0,0.0,1.0,0.66,170,334,0.0,False,0.0,0.0,0.0,213.97587249791812,0.6513005155347599,83,person,0.1,0.5,weighted_crc,segformer_b2_cityscapes,cityscapes_val_half,214
1.0,1000,False,0.0,0.0,1.0,0.66,170,334,0.0,False,0.0,0.0,0.0,213.97587249791812,0.6513005155347599,83,person,0.2,0.5,weighted_crc,segformer_b2_cityscapes,cityscapes_val_half,214
1.0,1000,False,0.0,0.0,1.0,0.944,28,38,0.0,False,0.0,0.0,0.0,125.99999999999993,0.7604562737642585,83,rider,0.05,0.1,weighted_crc,segformer_b2_cityscapes,cityscapes_val_half,126
1.0,1000,False,0.0,0.0,1.0,0.944,28,38,0.0,False,0.0,0.0,0.0,125.99999999999993,0.7604562737642585,83,rider,0.1,0.1,weighted_crc,segformer_b2_cityscapes,cityscapes_val_half,126
1.0,1000,False,0.0,0.0,1.0,0.944,28,38,0.0,False,0.0,0.0,0.0,125.99999999999993,0.7604562737642585,83,rider,0.2,0.1,weighted_crc,segformer_b2_cityscapes,cityscapes_val_half,126
1.0,1000,False,0.0,0.0,1.0,0.944,28,38,0.0,False,0.0,0.0,0.0,125.99999999999993,0.7604562737642585,83,rider,0.05,0.5,weighted_crc,segformer_b2_cityscapes,cityscapes_val_half,126
1.0,1000,False,0.0,0.0,1.0,0.944,28,38,0.0,False,0.0,0.0,0.0,125.99999999999993,0.7604562737642585,83,rider,0.1,0.5,weighted_crc,segformer_b2_cityscapes,cityscapes_val_half,126
1.0,1000,False,0.0,0.0,1.0,0.944,28,38,0.0,False,0.0,0.0,0.0,125.99999999999993,0.7604562737642585,83,rider,0.2,0.5,weighted_crc,segformer_b2_cityscapes,cityscapes_val_half,126
1.0,1000,False,0.0,0.0,1.0,0.834,83,159,0.0,False,0.0,0.0,0.0,168.61316500986788,0.693965995067899,83,bicycle,0.05,0.1,weighted_crc,segformer_b2_cityscapes,cityscapes_val_half,174
1.0,1000,False,0.0,0.0,1.0,0.834,83,159,0.0,False,0.0,0.0,0.0,168.61316500986788,0.693965995067899,83,bicycle,0.1,0.1,weighted_crc,segformer_b2_cityscapes,cityscapes_val_half,174
1.0,1000,False,0.0,0.0,1.0,0.834,83,159,0.0,False,0.0,0.0,0.0,168.61316500986788,0.693965995067899,83,bicycle,0.2,0.1,weighted_crc,segformer_b2_cityscapes,cityscapes_val_half,174
1.0,1000,False,0.0,0.0,1.0,0.834,83,159,0.0,False,0.0,0.0,0.0,168.61316500986788,0.693965995067899,83,bicycle,0.05,0.5,weighted_crc,segformer_b2_cityscapes,cityscapes_val_half,174
1.0,1000,False,0.0,0.0,1.0,0.834,83,159,0.0,False,0.0,0.0,0.0,168.61316500986788,0.693965995067899,83,bicycle,0.1,0.5,weighted_crc,segformer_b2_cityscapes,cityscapes_val_half,174
1.0,1000,False,0.0,0.0,1.0,0.834,83,159,0.0,False,0.0,0.0,0.0,168.61316500986788,0.693965995067899,83,bicycle,0.2,0.5,weighted_crc,segformer_b2_cityscapes,cityscapes_val_half,174
1.0,1000,False,0.0,0.0,1.0,0.66,170,334,0.0,False,0.0,0.0,0.0,202.8255460734427,0.6628884723989861,84,person,0.05,0.1,weighted_crc,segformer_b2_cityscapes,cityscapes_val_half,203
1.0,1000,False,0.0,0.0,1.0,0.66,170,334,0.0,False,0.0,0.0,0.0,202.8255460734427,0.6628884723989861,84,person,0.1,0.1,weighted_crc,segformer_b2_cityscapes,cityscapes_val_half,203
1.0,1000,False,0.0,0.0,1.0,0.66,170,334,0.0,False,0.0,0.0,0.0,202.8255460734427,0.6628884723989861,84,person,0.2,0.1,weighted_crc,segformer_b2_cityscapes,cityscapes_val_half,203
1.0,1000,False,0.0,0.0,1.0,0.66,170,334,0.0,False,0.0,0.0,0.0,202.8255460734427,0.6628884723989861,84,person,0.05,0.5,weighted_crc,segformer_b2_cityscapes,cityscapes_val_half,203
1.0,1000,False,0.0,0.0,1.0,0.66,170,334,0.0,False,0.0,0.0,0.0,202.8255460734427,0.6628884723989861,84,person,0.1,0.5,weighted_crc,segformer_b2_cityscapes,cityscapes_val_half,203
1.0,1000,False,0.0,0.0,1.0,0.66,170,334,0.0,False,0.0,0.0,0.0,202.8255460734427,0.6628884723989861,84,person,0.2,0.5,weighted_crc,segformer_b2_cityscapes,cityscapes_val_half,203
1.0,1000,False,0.0,0.0,1.0,0.944,28,38,0.0,False,0.0,0.0,0.0,119.99999999999999,0.7692307692307693,84,rider,0.05,0.1,weighted_crc,segformer_b2_cityscapes,cityscapes_val_half,120
1.0,1000,False,0.0,0.0,1.0,0.944,28,38,0.0,False,0.0,0.0,0.0,119.99999999999999,0.7692307692307693,84,rider,0.1,0.1,weighted_crc,segformer_b2_cityscapes,cityscapes_val_half,120
1.0,1000,False,0.0,0.0,1.0,0.944,28,38,0.0,False,0.0,0.0,0.0,119.99999999999999,0.7692307692307693,84,rider,0.2,0.1,weighted_crc,segformer_b2_cityscapes,cityscapes_val_half,120
1.0,1000,False,0.0,0.0,1.0,0.944,28,38,0.0,False,0.0,0.0,0.0,119.99999999999999,0.7692307692307693,84,rider,0.05,0.5,weighted_crc,segformer_b2_cityscapes,cityscapes_val_half,120
1.0,1000,False,0.0,0.0,1.0,0.944,28,38,0.0,False,0.0,0.0,0.0,119.99999999999999,0.7692307692307693,84,rider,0.1,0.5,weighted_crc,segformer_b2_cityscapes,cityscapes_val_half,120
1.0,1000,False,0.0,0.0,1.0,0.944,28,38,0.0,False,0.0,0.0,0.0,119.99999999999999,0.7692307692307693,84,rider,0.2,0.5,weighted_crc,segformer_b2_cityscapes,cityscapes_val_half,120
1.0,1000,False,0.0,0.0,1.0,0.834,83,159,0.0,False,0.0,0.0,0.0,169.99999999999986,0.7017543859649122,84,bicycle,0.05,0.1,weighted_crc,segformer_b2_cityscapes,cityscapes_val_half,170
1.0,1000,False,0.0,0.0,1.0,0.834,83,159,0.0,False,0.0,0.0,0.0,169.99999999999986,0.7017543859649122,84,bicycle,0.1,0.1,weighted_crc,segformer_b2_cityscapes,cityscapes_val_half,170
1.0,1000,False,0.0,0.0,1.0,0.834,83,159,0.0,False,0.0,0.0,0.0,169.99999999999986,0.7017543859649122,84,bicycle,0.2,0.1,weighted_crc,segformer_b2_cityscapes,cityscapes_val_half,170
1.0,1000,False,0.0,0.0,1.0,0.834,83,159,0.0,False,0.0,0.0,0.0,169.99999999999986,0.7017543859649122,84,bicycle,0.05,0.5,weighted_crc,segformer_b2_cityscapes,cityscapes_val_half,170
1.0,1000,False,0.0,0.0,1.0,0.834,83,159,0.0,False,0.0,0.0,0.0,169.99999999999986,0.7017543859649122,84,bicycle,0.1,0.5,weighted_crc,segformer_b2_cityscapes,cityscapes_val_half,170
1.0,1000,False,0.0,0.0,1.0,0.834,83,159,0.0,False,0.0,0.0,0.0,169.99999999999986,0.7017543859649122,84,bicycle,0.2,0.5,weighted_crc,segformer_b2_cityscapes,cityscapes_val_half,170
1.0,1000,False,0.0,0.0,1.0,0.66,170,334,0.0,False,0.0,0.0,0.0,209.99999999999991,0.6557377049180327,85,person,0.05,0.1,weighted_crc,segformer_b2_cityscapes,cityscapes_val_half,210
1.0,1000,False,0.0,0.0,1.0,0.66,170,334,0.0,False,0.0,0.0,0.0,209.99999999999991,0.6557377049180327,85,person,0.1,0.1,weighted_crc,segformer_b2_cityscapes,cityscapes_val_half,210
1.0,1000,False,0.0,0.0,1.0,0.66,170,334,0.0,False,0.0,0.0,0.0,209.99999999999991,0.6557377049180327,85,person,0.2,0.1,weighted_crc,segformer_b2_cityscapes,cityscapes_val_half,210
1.0,1000,False,0.0,0.0,1.0,0.66,170,334,0.0,False,0.0,0.0,0.0,209.99999999999991,0.6557377049180327,85,person,0.05,0.5,weighted_crc,segformer_b2_cityscapes,cityscapes_val_half,210
1.0,1000,False,0.0,0.0,1.0,0.66,170,334,0.0,False,0.0,0.0,0.0,209.99999999999991,0.6557377049180327,85,person,0.1,0.5,weighted_crc,segformer_b2_cityscapes,cityscapes_val_half,210
1.0,1000,False,0.0,0.0,1.0,0.66,170,334,0.0,False,0.0,0.0,0.0,209.99999999999991,0.6557377049180327,85,person,0.2,0.5,weighted_crc,segformer_b2_cityscapes,cityscapes_val_half,210
1.0,1000,False,0.0,0.0,1.0,0.944,28,38,0.0,False,0.0,0.0,0.0,123.99999999999994,0.7633587786259542,85,rider,0.05,0.1,weighted_crc,segformer_b2_cityscapes,cityscapes_val_half,124
1.0,1000,False,0.0,0.0,1.0,0.944,28,38,0.0,False,0.0,0.0,0.0,123.99999999999994,0.7633587786259542,85,rider,0.1,0.1,weighted_crc,segformer_b2_cityscapes,cityscapes_val_half,124
1.0,1000,False,0.0,0.0,1.0,0.944,28,38,0.0,False,0.0,0.0,0.0,123.99999999999994,0.7633587786259542,85,rider,0.2,0.1,weighted_crc,segformer_b2_cityscapes,cityscapes_val_half,124
1.0,1000,False,0.0,0.0,1.0,0.944,28,38,0.0,False,0.0,0.0,0.0,123.99999999999994,0.7633587786259542,85,rider,0.05,0.5,weighted_crc,segformer_b2_cityscapes,cityscapes_val_half,124
1.0,1000,False,0.0,0.0,1.0,0.944,28,38,0.0,False,0.0,0.0,0.0,123.99999999999994,0.7633587786259542,85,rider,0.1,0.5,weighted_crc,segformer_b2_cityscapes,cityscapes_val_half,124
1.0,1000,False,0.0,0.0,1.0,0.944,28,38,0.0,False,0.0,0.0,0.0,123.99999999999994,0.7633587786259542,85,rider,0.2,0.5,weighted_crc,segformer_b2_cityscapes,cityscapes_val_half,124
1.0,1000,False,0.0,0.0,1.0,0.834,83,159,0.0,False,0.0,0.0,0.0,170.99364712197857,0.7004272877348026,85,bicycle,0.05,0.1,weighted_crc,segformer_b2_cityscapes,cityscapes_val_half,171
1.0,1000,False,0.0,0.0,1.0,0.834,83,159,0.0,False,0.0,0.0,0.0,170.99364712197857,0.7004272877348026,85,bicycle,0.1,0.1,weighted_crc,segformer_b2_cityscapes,cityscapes_val_half,171
1.0,1000,False,0.0,0.0,1.0,0.834,83,159,0.0,False,0.0,0.0,0.0,170.99364712197857,0.7004272877348026,85,bicycle,0.2,0.1,weighted_crc,segformer_b2_cityscapes,cityscapes_val_half,171
1.0,1000,False,0.0,0.0,1.0,0.834,83,159,0.0,False,0.0,0.0,0.0,170.99364712197857,0.7004272877348026,85,bicycle,0.05,0.5,weighted_crc,segformer_b2_cityscapes,cityscapes_val_half,171
1.0,1000,False,0.0,0.0,1.0,0.834,83,159,0.0,False,0.0,0.0,0.0,170.99364712197857,0.7004272877348026,85,bicycle,0.1,0.5,weighted_crc,segformer_b2_cityscapes,cityscapes_val_half,171
1.0,1000,False,0.0,0.0,1.0,0.834,83,159,0.0,False,0.0,0.0,0.0,170.99364712197857,0.7004272877348026,85,bicycle,0.2,0.5,weighted_crc,segformer_b2_cityscapes,cityscapes_val_half,171
1.0,1000,False,0.0,0.0,1.0,0.66,170,334,0.0,False,0.0,0.0,0.0,183.02380705917676,0.677534179649773,86,person,0.05,0.1,weighted_crc,segformer_b2_cityscapes,cityscapes_val_half,188
1.0,1000,False,0.0,0.0,1.0,0.66,170,334,0.0,False,0.0,0.0,0.0,183.02380705917676,0.677534179649773,86,person,0.1,0.1,weighted_crc,segformer_b2_cityscapes,cityscapes_val_half,188
1.0,1000,False,0.0,0.0,1.0,0.66,170,334,0.0,False,0.0,0.0,0.0,183.02380705917676,0.677534179649773,86,person,0.2,0.1,weighted_crc,segformer_b2_cityscapes,cityscapes_val_half,188
1.0,1000,False,0.0,0.0,1.0,0.66,170,334,0.0,False,0.0,0.0,0.0,183.02380705917676,0.677534179649773,86,person,0.05,0.5,weighted_crc,segformer_b2_cityscapes,cityscapes_val_half,188
1.0,1000,False,0.0,0.0,1.0,0.66,170,334,0.0,False,0.0,0.0,0.0,183.02380705917676,0.677534179649773,86,person,0.1,0.5,weighted_crc,segformer_b2_cityscapes,cityscapes_val_half,188
1.0,1000,False,0.0,0.0,1.0,0.66,170,334,0.0,False,0.0,0.0,0.0,183.02380705917676,0.677534179649773,86,person,0.2,0.5,weighted_crc,segformer_b2_cityscapes,cityscapes_val_half,188
1.0,1000,False,0.0,0.0,1.0,0.944,28,38,0.0,False,0.0,0.0,0.0,123.99999999999994,0.7633587786259542,86,rider,0.05,0.1,weighted_crc,segformer_b2_cityscapes,cityscapes_val_half,124
1.0,1000,False,0.0,0.0,1.0,0.944,28,38,0.0,False,0.0,0.0,0.0,123.99999999999994,0.7633587786259542,86,rider,0.1,0.1,weighted_crc,segformer_b2_cityscapes,cityscapes_val_half,124
1.0,1000,False,0.0,0.0,1.0,0.944,28,38,0.0,False,0.0,0.0,0.0,123.99999999999994,0.7633587786259542,86,rider,0.2,0.1,weighted_crc,segformer_b2_cityscapes,cityscapes_val_half,124
1.0,1000,False,0.0,0.0,1.0,0.944,28,38,0.0,False,0.0,0.0,0.0,123.99999999999994,0.7633587786259542,86,rider,0.05,0.5,weighted_crc,segformer_b2_cityscapes,cityscapes_val_half,124
1.0,1000,False,0.0,0.0,1.0,0.944,28,38,0.0,False,0.0,0.0,0.0,123.99999999999994,0.7633587786259542,86,rider,0.1,0.5,weighted_crc,segformer_b2_cityscapes,cityscapes_val_half,124
1.0,1000,False,0.0,0.0,1.0,0.944,28,38,0.0,False,0.0,0.0,0.0,123.99999999999994,0.7633587786259542,86,rider,0.2,0.5,weighted_crc,segformer_b2_cityscapes,cityscapes_val_half,124
1.0,1000,False,0.0,0.0,1.0,0.834,83,159,0.0,False,0.0,0.0,0.0,167.9999999999999,0.7042253521126761,86,bicycle,0.05,0.1,weighted_crc,segformer_b2_cityscapes,cityscapes_val_half,168
1.0,1000,False,0.0,0.0,1.0,0.834,83,159,0.0,False,0.0,0.0,0.0,167.9999999999999,0.7042253521126761,86,bicycle,0.1,0.1,weighted_crc,segformer_b2_cityscapes,cityscapes_val_half,168
1.0,1000,False,0.0,0.0,1.0,0.834,83,159,0.0,False,0.0,0.0,0.0,167.9999999999999,0.7042253521126761,86,bicycle,0.2,0.1,weighted_crc,segformer_b2_cityscapes,cityscapes_val_half,168
1.0,1000,False,0.0,0.0,1.0,0.834,83,159,0.0,False,0.0,0.0,0.0,167.9999999999999,0.7042253521126761,86,bicycle,0.05,0.5,weighted_crc,segformer_b2_cityscapes,cityscapes_val_half,168
1.0,1000,False,0.0,0.0,1.0,0.834,83,159,0.0,False,0.0,0.0,0.0,167.9999999999999,0.7042253521126761,86,bicycle,0.1,0.5,weighted_crc,segformer_b2_cityscapes,cityscapes_val_half,168
1.0,1000,False,0.0,0.0,1.0,0.834,83,159,0.0,False,0.0,0.0,0.0,167.9999999999999,0.7042253521126761,86,bicycle,0.2,0.5,weighted_crc,segformer_b2_cityscapes,cityscapes_val_half,168
1.0,1000,False,0.0,0.0,1.0,0.66,170,334,0.0,False,0.0,0.0,0.0,200.99999999999994,0.6655574043261231,87,person,0.05,0.1,weighted_crc,segformer_b2_cityscapes,cityscapes_val_half,201
1.0,1000,False,0.0,0.0,1.0,0.66,170,334,0.0,False,0.0,0.0,0.0,200.99999999999994,0.6655574043261231,87,person,0.1,0.1,weighted_crc,segformer_b2_cityscapes,cityscapes_val_half,201
1.0,1000,False,0.0,0.0,1.0,0.66,170,334,0.0,False,0.0,0.0,0.0,200.99999999999994,0.6655574043261231,87,person,0.2,0.1,weighted_crc,segformer_b2_cityscapes,cityscapes_val_half,201
1.0,1000,False,0.0,0.0,1.0,0.66,170,334,0.0,False,0.0,0.0,0.0,200.99999999999994,0.6655574043261231,87,person,0.05,0.5,weighted_crc,segformer_b2_cityscapes,cityscapes_val_half,201
1.0,1000,False,0.0,0.0,1.0,0.66,170,334,0.0,False,0.0,0.0,0.0,200.99999999999994,0.6655574043261231,87,person,0.1,0.5,weighted_crc,segformer_b2_cityscapes,cityscapes_val_half,201
1.0,1000,False,0.0,0.0,1.0,0.66,170,334,0.0,False,0.0,0.0,0.0,200.99999999999994,0.6655574043261231,87,person,0.2,0.5,weighted_crc,segformer_b2_cityscapes,cityscapes_val_half,201
1.0,1000,False,0.0,0.0,1.0,0.944,28,38,0.0,False,0.0,0.0,0.0,129.99330160297524,0.7545999264173913,87,rider,0.05,0.1,weighted_crc,segformer_b2_cityscapes,cityscapes_val_half,130
1.0,1000,False,0.0,0.0,1.0,0.944,28,38,0.0,False,0.0,0.0,0.0,129.99330160297524,0.7545999264173913,87,rider,0.1,0.1,weighted_crc,segformer_b2_cityscapes,cityscapes_val_half,130
1.0,1000,False,0.0,0.0,1.0,0.944,28,38,0.0,False,0.0,0.0,0.0,129.99330160297524,0.7545999264173913,87,rider,0.2,0.1,weighted_crc,segformer_b2_cityscapes,cityscapes_val_half,130
1.0,1000,False,0.0,0.0,1.0,0.944,28,38,0.0,False,0.0,0.0,0.0,129.99330160297524,0.7545999264173913,87,rider,0.05,0.5,weighted_crc,segformer_b2_cityscapes,cityscapes_val_half,130
1.0,1000,False,0.0,0.0,1.0,0.944,28,38,0.0,False,0.0,0.0,0.0,129.99330160297524,0.7545999264173913,87,rider,0.1,0.5,weighted_crc,segformer_b2_cityscapes,cityscapes_val_half,130
1.0,1000,False,0.0,0.0,1.0,0.944,28,38,0.0,False,0.0,0.0,0.0,129.99330160297524,0.7545999264173913,87,rider,0.2,0.5,weighted_crc,segformer_b2_cityscapes,cityscapes_val_half,130
1.0,1000,False,0.0,0.0,1.0,0.834,83,159,0.0,False,0.0,0.0,0.0,179.99999999999986,0.6896551724137931,87,bicycle,0.05,0.1,weighted_crc,segformer_b2_cityscapes,cityscapes_val_half,180
1.0,1000,False,0.0,0.0,1.0,0.834,83,159,0.0,False,0.0,0.0,0.0,179.99999999999986,0.6896551724137931,87,bicycle,0.1,0.1,weighted_crc,segformer_b2_cityscapes,cityscapes_val_half,180
1.0,1000,False,0.0,0.0,1.0,0.834,83,159,0.0,False,0.0,0.0,0.0,179.99999999999986,0.6896551724137931,87,bicycle,0.2,0.1,weighted_crc,segformer_b2_cityscapes,cityscapes_val_half,180
1.0,1000,False,0.0,0.0,1.0,0.834,83,159,0.0,False,0.0,0.0,0.0,179.99999999999986,0.6896551724137931,87,bicycle,0.05,0.5,weighted_crc,segformer_b2_cityscapes,cityscapes_val_half,180
1.0,1000,False,0.0,0.0,1.0,0.834,83,159,0.0,False,0.0,0.0,0.0,179.99999999999986,0.6896551724137931,87,bicycle,0.1,0.5,weighted_crc,segformer_b2_cityscapes,cityscapes_val_half,180
1.0,1000,False,0.0,0.0,1.0,0.834,83,159,0.0,False,0.0,0.0,0.0,179.99999999999986,0.6896551724137931,87,bicycle,0.2,0.5,weighted_crc,segformer_b2_cityscapes,cityscapes_val_half,180
1.0,1000,False,0.0,0.0,1.0,0.66,170,334,0.0,False,0.0,0.0,0.0,207.99999999999991,0.6578947368421053,88,person,0.05,0.1,weighted_crc,segformer_b2_cityscapes,cityscapes_val_half,208
1.0,1000,False,0.0,0.0,1.0,0.66,170,334,0.0,False,0.0,0.0,0.0,207.99999999999991,0.6578947368421053,88,person,0.1,0.1,weighted_crc,segformer_b2_cityscapes,cityscapes_val_half,208
1.0,1000,False,0.0,0.0,1.0,0.66,170,334,0.0,False,0.0,0.0,0.0,207.99999999999991,0.6578947368421053,88,person,0.2,0.1,weighted_crc,segformer_b2_cityscapes,cityscapes_val_half,208
1.0,1000,False,0.0,0.0,1.0,0.66,170,334,0.0,False,0.0,0.0,0.0,207.99999999999991,0.6578947368421053,88,person,0.05,0.5,weighted_crc,segformer_b2_cityscapes,cityscapes_val_half,208
1.0,1000,False,0.0,0.0,1.0,0.66,170,334,0.0,False,0.0,0.0,0.0,207.99999999999991,0.6578947368421053,88,person,0.1,0.5,weighted_crc,segformer_b2_cityscapes,cityscapes_val_half,208
1.0,1000,False,0.0,0.0,1.0,0.66,170,334,0.0,False,0.0,0.0,0.0,207.99999999999991,0.6578947368421053,88,person,0.2,0.5,weighted_crc,segformer_b2_cityscapes,cityscapes_val_half,208
1.0,1000,False,0.0,0.0,1.0,0.944,28,38,0.0,False,0.0,0.0,0.0,122.01859218095171,0.7612648277586765,88,rider,0.05,0.1,weighted_crc,segformer_b2_cityscapes,cityscapes_val_half,124
1.0,1000,False,0.0,0.0,1.0,0.944,28,38,0.0,False,0.0,0.0,0.0,122.01859218095171,0.7612648277586765,88,rider,0.1,0.1,weighted_crc,segformer_b2_cityscapes,cityscapes_val_half,124
1.0,1000,False,0.0,0.0,1.0,0.944,28,38,0.0,False,0.0,0.0,0.0,122.01859218095171,0.7612648277586765,88,rider,0.2,0.1,weighted_crc,segformer_b2_cityscapes,cityscapes_val_half,124
1.0,1000,False,0.0,0.0,1.0,0.944,28,38,0.0,False,0.0,0.0,0.0,122.01859218095171,0.7612648277586765,88,rider,0.05,0.5,weighted_crc,segformer_b2_cityscapes,cityscapes_val_half,124
1.0,1000,False,0.0,0.0,1.0,0.944,28,38,0.0,False,0.0,0.0,0.0,122.01859218095171,0.7612648277586765,88,rider,0.1,0.5,weighted_crc,segformer_b2_cityscapes,cityscapes_val_half,124
1.0,1000,False,0.0,0.0,1.0,0.944,28,38,0.0,False,0.0,0.0,0.0,122.01859218095171,0.7612648277586765,88,rider,0.2,0.5,weighted_crc,segformer_b2_cityscapes,cityscapes_val_half,124
1.0,1000,False,0.0,0.0,1.0,0.834,83,159,0.0,False,0.0,0.0,0.0,174.99999999999986,0.6956521739130435,88,bicycle,0.05,0.1,weighted_crc,segformer_b2_cityscapes,cityscapes_val_half,175
1.0,1000,False,0.0,0.0,1.0,0.834,83,159,0.0,False,0.0,0.0,0.0,174.99999999999986,0.6956521739130435,88,bicycle,0.1,0.1,weighted_crc,segformer_b2_cityscapes,cityscapes_val_half,175
1.0,1000,False,0.0,0.0,1.0,0.834,83,159,0.0,False,0.0,0.0,0.0,174.99999999999986,0.6956521739130435,88,bicycle,0.2,0.1,weighted_crc,segformer_b2_cityscapes,cityscapes_val_half,175
1.0,1000,False,0.0,0.0,1.0,0.834,83,159,0.0,False,0.0,0.0,0.0,174.99999999999986,0.6956521739130435,88,bicycle,0.05,0.5,weighted_crc,segformer_b2_cityscapes,cityscapes_val_half,175
1.0,1000,False,0.0,0.0,1.0,0.834,83,159,0.0,False,0.0,0.0,0.0,174.99999999999986,0.6956521739130435,88,bicycle,0.1,0.5,weighted_crc,segformer_b2_cityscapes,cityscapes_val_half,175
1.0,1000,False,0.0,0.0,1.0,0.834,83,159,0.0,False,0.0,0.0,0.0,174.99999999999986,0.6956521739130435,88,bicycle,0.2,0.5,weighted_crc,segformer_b2_cityscapes,cityscapes_val_half,175
1.0,1000,False,0.0,0.0,1.0,0.66,170,334,0.0,False,0.0,0.0,0.0,194.99999999999991,0.6722689075630253,89,person,0.05,0.1,weighted_crc,segformer_b2_cityscapes,cityscapes_val_half,195
1.0,1000,False,0.0,0.0,1.0,0.66,170,334,0.0,False,0.0,0.0,0.0,194.99999999999991,0.6722689075630253,89,person,0.1,0.1,weighted_crc,segformer_b2_cityscapes,cityscapes_val_half,195
1.0,1000,False,0.0,0.0,1.0,0.66,170,334,0.0,False,0.0,0.0,0.0,194.99999999999991,0.6722689075630253,89,person,0.2,0.1,weighted_crc,segformer_b2_cityscapes,cityscapes_val_half,195
1.0,1000,False,0.0,0.0,1.0,0.66,170,334,0.0,False,0.0,0.0,0.0,194.99999999999991,0.6722689075630253,89,person,0.05,0.5,weighted_crc,segformer_b2_cityscapes,cityscapes_val_half,195
1.0,1000,False,0.0,0.0,1.0,0.66,170,334,0.0,False,0.0,0.0,0.0,194.99999999999991,0.6722689075630253,89,person,0.1,0.5,weighted_crc,segformer_b2_cityscapes,cityscapes_val_half,195
1.0,1000,False,0.0,0.0,1.0,0.66,170,334,0.0,False,0.0,0.0,0.0,194.99999999999991,0.6722689075630253,89,person,0.2,0.5,weighted_crc,segformer_b2_cityscapes,cityscapes_val_half,195
1.0,1000,False,0.0,0.0,1.0,0.944,28,38,0.0,False,0.0,0.0,0.0,127.99999999999997,0.7575757575757576,89,rider,0.05,0.1,weighted_crc,segformer_b2_cityscapes,cityscapes_val_half,128
1.0,1000,False,0.0,0.0,1.0,0.944,28,38,0.0,False,0.0,0.0,0.0,127.99999999999997,0.7575757575757576,89,rider,0.1,0.1,weighted_crc,segformer_b2_cityscapes,cityscapes_val_half,128
1.0,1000,False,0.0,0.0,1.0,0.944,28,38,0.0,False,0.0,0.0,0.0,127.99999999999997,0.7575757575757576,89,rider,0.2,0.1,weighted_crc,segformer_b2_cityscapes,cityscapes_val_half,128
1.0,1000,False,0.0,0.0,1.0,0.944,28,38,0.0,False,0.0,0.0,0.0,127.99999999999997,0.7575757575757576,89,rider,0.05,0.5,weighted_crc,segformer_b2_cityscapes,cityscapes_val_half,128
1.0,1000,False,0.0,0.0,1.0,0.944,28,38,0.0,False,0.0,0.0,0.0,127.99999999999997,0.7575757575757576,89,rider,0.1,0.5,weighted_crc,segformer_b2_cityscapes,cityscapes_val_half,128
1.0,1000,False,0.0,0.0,1.0,0.944,28,38,0.0,False,0.0,0.0,0.0,127.99999999999997,0.7575757575757576,89,rider,0.2,0.5,weighted_crc,segformer_b2_cityscapes,cityscapes_val_half,128
1.0,1000,False,0.0,0.0,1.0,0.834,83,159,0.0,False,0.0,0.0,0.0,153.76425393420638,0.687062866055884,89,bicycle,0.05,0.1,weighted_crc,segformer_b2_cityscapes,cityscapes_val_half,174
1.0,1000,False,0.0,0.0,1.0,0.834,83,159,0.0,False,0.0,0.0,0.0,153.76425393420638,0.687062866055884,89,bicycle,0.1,0.1,weighted_crc,segformer_b2_cityscapes,cityscapes_val_half,174
1.0,1000,False,0.0,0.0,1.0,0.834,83,159,0.0,False,0.0,0.0,0.0,153.76425393420638,0.687062866055884,89,bicycle,0.2,0.1,weighted_crc,segformer_b2_cityscapes,cityscapes_val_half,174
1.0,1000,False,0.0,0.0,1.0,0.834,83,159,0.0,False,0.0,0.0,0.0,153.76425393420638,0.687062866055884,89,bicycle,0.05,0.5,weighted_crc,segformer_b2_cityscapes,cityscapes_val_half,174
1.0,1000,False,0.0,0.0,1.0,0.834,83,159,0.0,False,0.0,0.0,0.0,153.76425393420638,0.687062866055884,89,bicycle,0.1,0.5,weighted_crc,segformer_b2_cityscapes,cityscapes_val_half,174
1.0,1000,False,0.0,0.0,1.0,0.834,83,159,0.0,False,0.0,0.0,0.0,153.76425393420638,0.687062866055884,89,bicycle,0.2,0.5,weighted_crc,segformer_b2_cityscapes,cityscapes_val_half,174
1.0,1000,False,0.0,0.0,1.0,0.66,170,334,0.0,False,0.0,0.0,0.0,198.9999999999999,0.667779632721202,90,person,0.05,0.1,weighted_crc,segformer_b2_cityscapes,cityscapes_val_half,199
1.0,1000,False,0.0,0.0,1.0,0.66,170,334,0.0,False,0.0,0.0,0.0,198.9999999999999,0.667779632721202,90,person,0.1,0.1,weighted_crc,segformer_b2_cityscapes,cityscapes_val_half,199
1.0,1000,False,0.0,0.0,1.0,0.66,170,334,0.0,False,0.0,0.0,0.0,198.9999999999999,0.667779632721202,90,person,0.2,0.1,weighted_crc,segformer_b2_cityscapes,cityscapes_val_half,199
1.0,1000,False,0.0,0.0,1.0,0.66,170,334,0.0,False,0.0,0.0,0.0,198.9999999999999,0.667779632721202,90,person,0.05,0.5,weighted_crc,segformer_b2_cityscapes,cityscapes_val_half,199
1.0,1000,False,0.0,0.0,1.0,0.66,170,334,0.0,False,0.0,0.0,0.0,198.9999999999999,0.667779632721202,90,person,0.1,0.5,weighted_crc,segformer_b2_cityscapes,cityscapes_val_half,199
1.0,1000,False,0.0,0.0,1.0,0.66,170,334,0.0,False,0.0,0.0,0.0,198.9999999999999,0.667779632721202,90,person,0.2,0.5,weighted_crc,segformer_b2_cityscapes,cityscapes_val_half,199
1.0,1000,False,0.0,0.0,1.0,0.944,28,38,0.0,False,0.0,0.0,0.0,124.99999999999993,0.7619047619047619,90,rider,0.05,0.1,weighted_crc,segformer_b2_cityscapes,cityscapes_val_half,125
1.0,1000,False,0.0,0.0,1.0,0.944,28,38,0.0,False,0.0,0.0,0.0,124.99999999999993,0.7619047619047619,90,rider,0.1,0.1,weighted_crc,segformer_b2_cityscapes,cityscapes_val_half,125
1.0,1000,False,0.0,0.0,1.0,0.944,28,38,0.0,False,0.0,0.0,0.0,124.99999999999993,0.7619047619047619,90,rider,0.2,0.1,weighted_crc,segformer_b2_cityscapes,cityscapes_val_half,125
1.0,1000,False,0.0,0.0,1.0,0.944,28,38,0.0,False,0.0,0.0,0.0,124.99999999999993,0.7619047619047619,90,rider,0.05,0.5,weighted_crc,segformer_b2_cityscapes,cityscapes_val_half,125
1.0,1000,False,0.0,0.0,1.0,0.944,28,38,0.0,False,0.0,0.0,0.0,124.99999999999993,0.7619047619047619,90,rider,0.1,0.5,weighted_crc,segformer_b2_cityscapes,cityscapes_val_half,125
1.0,1000,False,0.0,0.0,1.0,0.944,28,38,0.0,False,0.0,0.0,0.0,124.99999999999993,0.7619047619047619,90,rider,0.2,0.5,weighted_crc,segformer_b2_cityscapes,cityscapes_val_half,125
1.0,1000,False,0.0,0.0,1.0,0.834,83,159,0.0,False,0.0,0.0,0.0,167.9999999999999,0.7042253521126761,90,bicycle,0.05,0.1,weighted_crc,segformer_b2_cityscapes,cityscapes_val_half,168
1.0,1000,False,0.0,0.0,1.0,0.834,83,159,0.0,False,0.0,0.0,0.0,167.9999999999999,0.7042253521126761,90,bicycle,0.1,0.1,weighted_crc,segformer_b2_cityscapes,cityscapes_val_half,168
1.0,1000,False,0.0,0.0,1.0,0.834,83,159,0.0,False,0.0,0.0,0.0,167.9999999999999,0.7042253521126761,90,bicycle,0.2,0.1,weighted_crc,segformer_b2_cityscapes,cityscapes_val_half,168
1.0,1000,False,0.0,0.0,1.0,0.834,83,159,0.0,False,0.0,0.0,0.0,167.9999999999999,0.7042253521126761,90,bicycle,0.05,0.5,weighted_crc,segformer_b2_cityscapes,cityscapes_val_half,168
1.0,1000,False,0.0,0.0,1.0,0.834,83,159,0.0,False,0.0,0.0,0.0,167.9999999999999,0.7042253521126761,90,bicycle,0.1,0.5,weighted_crc,segformer_b2_cityscapes,cityscapes_val_half,168
1.0,1000,False,0.0,0.0,1.0,0.834,83,159,0.0,False,0.0,0.0,0.0,167.9999999999999,0.7042253521126761,90,bicycle,0.2,0.5,weighted_crc,segformer_b2_cityscapes,cityscapes_val_half,168
1.0,1000,False,0.0,0.0,1.0,0.66,170,334,0.0,False,0.0,0.0,0.0,201.9999999999999,0.6644518272425249,91,person,0.05,0.1,weighted_crc,segformer_b2_cityscapes,cityscapes_val_half,202
1.0,1000,False,0.0,0.0,1.0,0.66,170,334,0.0,False,0.0,0.0,0.0,201.9999999999999,0.6644518272425249,91,person,0.1,0.1,weighted_crc,segformer_b2_cityscapes,cityscapes_val_half,202
1.0,1000,False,0.0,0.0,1.0,0.66,170,334,0.0,False,0.0,0.0,0.0,201.9999999999999,0.6644518272425249,91,person,0.2,0.1,weighted_crc,segformer_b2_cityscapes,cityscapes_val_half,202
1.0,1000,False,0.0,0.0,1.0,0.66,170,334,0.0,False,0.0,0.0,0.0,201.9999999999999,0.6644518272425249,91,person,0.05,0.5,weighted_crc,segformer_b2_cityscapes,cityscapes_val_half,202
1.0,1000,False,0.0,0.0,1.0,0.66,170,334,0.0,False,0.0,0.0,0.0,201.9999999999999,0.6644518272425249,91,person,0.1,0.5,weighted_crc,segformer_b2_cityscapes,cityscapes_val_half,202
1.0,1000,False,0.0,0.0,1.0,0.66,170,334,0.0,False,0.0,0.0,0.0,201.9999999999999,0.6644518272425249,91,person,0.2,0.5,weighted_crc,segformer_b2_cityscapes,cityscapes_val_half,202
1.0,1000,False,0.0,0.0,1.0,0.944,28,38,0.0,False,0.0,0.0,0.0,125.99999999999993,0.7604562737642585,91,rider,0.05,0.1,weighted_crc,segformer_b2_cityscapes,cityscapes_val_half,126
1.0,1000,False,0.0,0.0,1.0,0.944,28,38,0.0,False,0.0,0.0,0.0,125.99999999999993,0.7604562737642585,91,rider,0.1,0.1,weighted_crc,segformer_b2_cityscapes,cityscapes_val_half,126
1.0,1000,False,0.0,0.0,1.0,0.944,28,38,0.0,False,0.0,0.0,0.0,125.99999999999993,0.7604562737642585,91,rider,0.2,0.1,weighted_crc,segformer_b2_cityscapes,cityscapes_val_half,126
1.0,1000,False,0.0,0.0,1.0,0.944,28,38,0.0,False,0.0,0.0,0.0,125.99999999999993,0.7604562737642585,91,rider,0.05,0.5,weighted_crc,segformer_b2_cityscapes,cityscapes_val_half,126
1.0,1000,False,0.0,0.0,1.0,0.944,28,38,0.0,False,0.0,0.0,0.0,125.99999999999993,0.7604562737642585,91,rider,0.1,0.5,weighted_crc,segformer_b2_cityscapes,cityscapes_val_half,126
1.0,1000,False,0.0,0.0,1.0,0.944,28,38,0.0,False,0.0,0.0,0.0,125.99999999999993,0.7604562737642585,91,rider,0.2,0.5,weighted_crc,segformer_b2_cityscapes,cityscapes_val_half,126
1.0,1000,False,0.0,0.0,1.0,0.834,83,159,0.0,False,0.0,0.0,0.0,173.99999999999983,0.696864111498258,91,bicycle,0.05,0.1,weighted_crc,segformer_b2_cityscapes,cityscapes_val_half,174
1.0,1000,False,0.0,0.0,1.0,0.834,83,159,0.0,False,0.0,0.0,0.0,173.99999999999983,0.696864111498258,91,bicycle,0.1,0.1,weighted_crc,segformer_b2_cityscapes,cityscapes_val_half,174
1.0,1000,False,0.0,0.0,1.0,0.834,83,159,0.0,False,0.0,0.0,0.0,173.99999999999983,0.696864111498258,91,bicycle,0.2,0.1,weighted_crc,segformer_b2_cityscapes,cityscapes_val_half,174
1.0,1000,False,0.0,0.0,1.0,0.834,83,159,0.0,False,0.0,0.0,0.0,173.99999999999983,0.696864111498258,91,bicycle,0.05,0.5,weighted_crc,segformer_b2_cityscapes,cityscapes_val_half,174
1.0,1000,False,0.0,0.0,1.0,0.834,83,159,0.0,False,0.0,0.0,0.0,173.99999999999983,0.696864111498258,91,bicycle,0.1,0.5,weighted_crc,segformer_b2_cityscapes,cityscapes_val_half,174
1.0,1000,False,0.0,0.0,1.0,0.834,83,159,0.0,False,0.0,0.0,0.0,173.99999999999983,0.696864111498258,91,bicycle,0.2,0.5,weighted_crc,segformer_b2_cityscapes,cityscapes_val_half,174
1.0,1000,False,0.0,0.0,1.0,0.66,170,334,0.0,False,0.0,0.0,0.0,199.99999999999991,0.6666666666666666,92,person,0.05,0.1,weighted_crc,segformer_b2_cityscapes,cityscapes_val_half,200
1.0,1000,False,0.0,0.0,1.0,0.66,170,334,0.0,False,0.0,0.0,0.0,199.99999999999991,0.6666666666666666,92,person,0.1,0.1,weighted_crc,segformer_b2_cityscapes,cityscapes_val_half,200
1.0,1000,False,0.0,0.0,1.0,0.66,170,334,0.0,False,0.0,0.0,0.0,199.99999999999991,0.6666666666666666,92,person,0.2,0.1,weighted_crc,segformer_b2_cityscapes,cityscapes_val_half,200
1.0,1000,False,0.0,0.0,1.0,0.66,170,334,0.0,False,0.0,0.0,0.0,199.99999999999991,0.6666666666666666,92,person,0.05,0.5,weighted_crc,segformer_b2_cityscapes,cityscapes_val_half,200
1.0,1000,False,0.0,0.0,1.0,0.66,170,334,0.0,False,0.0,0.0,0.0,199.99999999999991,0.6666666666666666,92,person,0.1,0.5,weighted_crc,segformer_b2_cityscapes,cityscapes_val_half,200
1.0,1000,False,0.0,0.0,1.0,0.66,170,334,0.0,False,0.0,0.0,0.0,199.99999999999991,0.6666666666666666,92,person,0.2,0.5,weighted_crc,segformer_b2_cityscapes,cityscapes_val_half,200
1.0,1000,False,0.0,0.0,1.0,0.944,28,38,0.0,False,0.0,0.0,0.0,118.9999999999999,0.7707129094412332,92,rider,0.05,0.1,weighted_crc,segformer_b2_cityscapes,cityscapes_val_half,119
1.0,1000,False,0.0,0.0,1.0,0.944,28,38,0.0,False,0.0,0.0,0.0,118.9999999999999,0.7707129094412332,92,rider,0.1,0.1,weighted_crc,segformer_b2_cityscapes,cityscapes_val_half,119
1.0,1000,False,0.0,0.0,1.0,0.944,28,38,0.0,False,0.0,0.0,0.0,118.9999999999999,0.7707129094412332,92,rider,0.2,0.1,weighted_crc,segformer_b2_cityscapes,cityscapes_val_half,119
1.0,1000,False,0.0,0.0,1.0,0.944,28,38,0.0,False,0.0,0.0,0.0,118.9999999999999,0.7707129094412332,92,rider,0.05,0.5,weighted_crc,segformer_b2_cityscapes,cityscapes_val_half,119
1.0,1000,False,0.0,0.0,1.0,0.944,28,38,0.0,False,0.0,0.0,0.0,118.9999999999999,0.7707129094412332,92,rider,0.1,0.5,weighted_crc,segformer_b2_cityscapes,cityscapes_val_half,119
1.0,1000,False,0.0,0.0,1.0,0.944,28,38,0.0,False,0.0,0.0,0.0,118.9999999999999,0.7707129094412332,92,rider,0.2,0.5,weighted_crc,segformer_b2_cityscapes,cityscapes_val_half,119
1.0,1000,False,0.0,0.0,1.0,0.834,83,159,0.0,False,0.0,0.0,0.0,167.9999999999999,0.7042253521126761,92,bicycle,0.05,0.1,weighted_crc,segformer_b2_cityscapes,cityscapes_val_half,168
1.0,1000,False,0.0,0.0,1.0,0.834,83,159,0.0,False,0.0,0.0,0.0,167.9999999999999,0.7042253521126761,92,bicycle,0.1,0.1,weighted_crc,segformer_b2_cityscapes,cityscapes_val_half,168
1.0,1000,False,0.0,0.0,1.0,0.834,83,159,0.0,False,0.0,0.0,0.0,167.9999999999999,0.7042253521126761,92,bicycle,0.2,0.1,weighted_crc,segformer_b2_cityscapes,cityscapes_val_half,168
1.0,1000,False,0.0,0.0,1.0,0.834,83,159,0.0,False,0.0,0.0,0.0,167.9999999999999,0.7042253521126761,92,bicycle,0.05,0.5,weighted_crc,segformer_b2_cityscapes,cityscapes_val_half,168
1.0,1000,False,0.0,0.0,1.0,0.834,83,159,0.0,False,0.0,0.0,0.0,167.9999999999999,0.7042253521126761,92,bicycle,0.1,0.5,weighted_crc,segformer_b2_cityscapes,cityscapes_val_half,168
1.0,1000,False,0.0,0.0,1.0,0.834,83,159,0.0,False,0.0,0.0,0.0,167.9999999999999,0.7042253521126761,92,bicycle,0.2,0.5,weighted_crc,segformer_b2_cityscapes,cityscapes_val_half,168
1.0,1000,False,0.0,0.0,1.0,0.66,170,334,0.0,False,0.0,0.0,0.0,191.78568052735184,0.6646933741760729,93,person,0.05,0.1,weighted_crc,segformer_b2_cityscapes,cityscapes_val_half,199
1.0,1000,False,0.0,0.0,1.0,0.66,170,334,0.0,False,0.0,0.0,0.0,191.78568052735184,0.6646933741760729,93,person,0.1,0.1,weighted_crc,segformer_b2_cityscapes,cityscapes_val_half,199
1.0,1000,False,0.0,0.0,1.0,0.66,170,334,0.0,False,0.0,0.0,0.0,191.78568052735184,0.6646933741760729,93,person,0.2,0.1,weighted_crc,segformer_b2_cityscapes,cityscapes_val_half,199
1.0,1000,False,0.0,0.0,1.0,0.66,170,334,0.0,False,0.0,0.0,0.0,191.78568052735184,0.6646933741760729,93,person,0.05,0.5,weighted_crc,segformer_b2_cityscapes,cityscapes_val_half,199
1.0,1000,False,0.0,0.0,1.0,0.66,170,334,0.0,False,0.0,0.0,0.0,191.78568052735184,0.6646933741760729,93,person,0.1,0.5,weighted_crc,segformer_b2_cityscapes,cityscapes_val_half,199
1.0,1000,False,0.0,0.0,1.0,0.66,170,334,0.0,False,0.0,0.0,0.0,191.78568052735184,0.6646933741760729,93,person,0.2,0.5,weighted_crc,segformer_b2_cityscapes,cityscapes_val_half,199
1.0,1000,False,0.0,0.0,1.0,0.944,28,38,0.0,False,0.0,0.0,0.0,129.99999999999994,0.7547169811320755,93,rider,0.05,0.1,weighted_crc,segformer_b2_cityscapes,cityscapes_val_half,130
1.0,1000,False,0.0,0.0,1.0,0.944,28,38,0.0,False,0.0,0.0,0.0,129.99999999999994,0.7547169811320755,93,rider,0.1,0.1,weighted_crc,segformer_b2_cityscapes,cityscapes_val_half,130
1.0,1000,False,0.0,0.0,1.0,0.944,28,38,0.0,False,0.0,0.0,0.0,129.99999999999994,0.7547169811320755,93,rider,0.2,0.1,weighted_crc,segformer_b2_cityscapes,cityscapes_val_half,130
1.0,1000,False,0.0,0.0,1.0,0.944,28,38,0.0,False,0.0,0.0,0.0,129.99999999999994,0.7547169811320755,93,rider,0.05,0.5,weighted_crc,segformer_b2_cityscapes,cityscapes_val_half,130
1.0,1000,False,0.0,0.0,1.0,0.944,28,38,0.0,False,0.0,0.0,0.0,129.99999999999994,0.7547169811320755,93,rider,0.1,0.5,weighted_crc,segformer_b2_cityscapes,cityscapes_val_half,130
1.0,1000,False,0.0,0.0,1.0,0.944,28,38,0.0,False,0.0,0.0,0.0,129.99999999999994,0.7547169811320755,93,rider,0.2,0.5,weighted_crc,segformer_b2_cityscapes,cityscapes_val_half,130
1.0,1000,False,0.0,0.0,1.0,0.834,83,159,0.0,False,0.0,0.0,0.0,161.99999999999994,0.7117437722419928,93,bicycle,0.05,0.1,weighted_crc,segformer_b2_cityscapes,cityscapes_val_half,162
1.0,1000,False,0.0,0.0,1.0,0.834,83,159,0.0,False,0.0,0.0,0.0,161.99999999999994,0.7117437722419928,93,bicycle,0.1,0.1,weighted_crc,segformer_b2_cityscapes,cityscapes_val_half,162
1.0,1000,False,0.0,0.0,1.0,0.834,83,159,0.0,False,0.0,0.0,0.0,161.99999999999994,0.7117437722419928,93,bicycle,0.2,0.1,weighted_crc,segformer_b2_cityscapes,cityscapes_val_half,162
1.0,1000,False,0.0,0.0,1.0,0.834,83,159,0.0,False,0.0,0.0,0.0,161.99999999999994,0.7117437722419928,93,bicycle,0.05,0.5,weighted_crc,segformer_b2_cityscapes,cityscapes_val_half,162
1.0,1000,False,0.0,0.0,1.0,0.834,83,159,0.0,False,0.0,0.0,0.0,161.99999999999994,0.7117437722419928,93,bicycle,0.1,0.5,weighted_crc,segformer_b2_cityscapes,cityscapes_val_half,162
1.0,1000,False,0.0,0.0,1.0,0.834,83,159,0.0,False,0.0,0.0,0.0,161.99999999999994,0.7117437722419928,93,bicycle,0.2,0.5,weighted_crc,segformer_b2_cityscapes,cityscapes_val_half,162
1.0,1000,False,0.0,0.0,1.0,0.66,170,334,0.0,False,0.0,0.0,0.0,207.99110694488456,0.6577924160300419,94,person,0.05,0.1,weighted_crc,segformer_b2_cityscapes,cityscapes_val_half,208
1.0,1000,False,0.0,0.0,1.0,0.66,170,334,0.0,False,0.0,0.0,0.0,207.99110694488456,0.6577924160300419,94,person,0.1,0.1,weighted_crc,segformer_b2_cityscapes,cityscapes_val_half,208
1.0,1000,False,0.0,0.0,1.0,0.66,170,334,0.0,False,0.0,0.0,0.0,207.99110694488456,0.6577924160300419,94,person,0.2,0.1,weighted_crc,segformer_b2_cityscapes,cityscapes_val_half,208
1.0,1000,False,0.0,0.0,1.0,0.66,170,334,0.0,False,0.0,0.0,0.0,207.99110694488456,0.6577924160300419,94,person,0.05,0.5,weighted_crc,segformer_b2_cityscapes,cityscapes_val_half,208
1.0,1000,False,0.0,0.0,1.0,0.66,170,334,0.0,False,0.0,0.0,0.0,207.99110694488456,0.6577924160300419,94,person,0.1,0.5,weighted_crc,segformer_b2_cityscapes,cityscapes_val_half,208
1.0,1000,False,0.0,0.0,1.0,0.66,170,334,0.0,False,0.0,0.0,0.0,207.99110694488456,0.6577924160300419,94,person,0.2,0.5,weighted_crc,segformer_b2_cityscapes,cityscapes_val_half,208
1.0,1000,False,0.0,0.0,1.0,0.944,28,38,0.0,False,0.0,0.0,0.0,124.99999999999993,0.7619047619047619,94,rider,0.05,0.1,weighted_crc,segformer_b2_cityscapes,cityscapes_val_half,125
1.0,1000,False,0.0,0.0,1.0,0.944,28,38,0.0,False,0.0,0.0,0.0,124.99999999999993,0.7619047619047619,94,rider,0.1,0.1,weighted_crc,segformer_b2_cityscapes,cityscapes_val_half,125
1.0,1000,False,0.0,0.0,1.0,0.944,28,38,0.0,False,0.0,0.0,0.0,124.99999999999993,0.7619047619047619,94,rider,0.2,0.1,weighted_crc,segformer_b2_cityscapes,cityscapes_val_half,125
1.0,1000,False,0.0,0.0,1.0,0.944,28,38,0.0,False,0.0,0.0,0.0,124.99999999999993,0.7619047619047619,94,rider,0.05,0.5,weighted_crc,segformer_b2_cityscapes,cityscapes_val_half,125
1.0,1000,False,0.0,0.0,1.0,0.944,28,38,0.0,False,0.0,0.0,0.0,124.99999999999993,0.7619047619047619,94,rider,0.1,0.5,weighted_crc,segformer_b2_cityscapes,cityscapes_val_half,125
1.0,1000,False,0.0,0.0,1.0,0.944,28,38,0.0,False,0.0,0.0,0.0,124.99999999999993,0.7619047619047619,94,rider,0.2,0.5,weighted_crc,segformer_b2_cityscapes,cityscapes_val_half,125
1.0,1000,False,0.0,0.0,1.0,0.834,83,159,0.0,False,0.0,0.0,0.0,169.87488493928677,0.7013168207834586,94,bicycle,0.05,0.1,weighted_crc,segformer_b2_cityscapes,cityscapes_val_half,170
1.0,1000,False,0.0,0.0,1.0,0.834,83,159,0.0,False,0.0,0.0,0.0,169.87488493928677,0.7013168207834586,94,bicycle,0.1,0.1,weighted_crc,segformer_b2_cityscapes,cityscapes_val_half,170
1.0,1000,False,0.0,0.0,1.0,0.834,83,159,0.0,False,0.0,0.0,0.0,169.87488493928677,0.7013168207834586,94,bicycle,0.2,0.1,weighted_crc,segformer_b2_cityscapes,cityscapes_val_half,170
1.0,1000,False,0.0,0.0,1.0,0.834,83,159,0.0,False,0.0,0.0,0.0,169.87488493928677,0.7013168207834586,94,bicycle,0.05,0.5,weighted_crc,segformer_b2_cityscapes,cityscapes_val_half,170
1.0,1000,False,0.0,0.0,1.0,0.834,83,159,0.0,False,0.0,0.0,0.0,169.87488493928677,0.7013168207834586,94,bicycle,0.1,0.5,weighted_crc,segformer_b2_cityscapes,cityscapes_val_half,170
1.0,1000,False,0.0,0.0,1.0,0.834,83,159,0.0,False,0.0,0.0,0.0,169.87488493928677,0.7013168207834586,94,bicycle,0.2,0.5,weighted_crc,segformer_b2_cityscapes,cityscapes_val_half,170
1.0,1000,False,0.0,0.0,1.0,0.66,170,334,0.0,False,0.0,0.0,0.0,207.99999999999991,0.6578947368421053,95,person,0.05,0.1,weighted_crc,segformer_b2_cityscapes,cityscapes_val_half,208
1.0,1000,False,0.0,0.0,1.0,0.66,170,334,0.0,False,0.0,0.0,0.0,207.99999999999991,0.6578947368421053,95,person,0.1,0.1,weighted_crc,segformer_b2_cityscapes,cityscapes_val_half,208
1.0,1000,False,0.0,0.0,1.0,0.66,170,334,0.0,False,0.0,0.0,0.0,207.99999999999991,0.6578947368421053,95,person,0.2,0.1,weighted_crc,segformer_b2_cityscapes,cityscapes_val_half,208
1.0,1000,False,0.0,0.0,1.0,0.66,170,334,0.0,False,0.0,0.0,0.0,207.99999999999991,0.6578947368421053,95,person,0.05,0.5,weighted_crc,segformer_b2_cityscapes,cityscapes_val_half,208
1.0,1000,False,0.0,0.0,1.0,0.66,170,334,0.0,False,0.0,0.0,0.0,207.99999999999991,0.6578947368421053,95,person,0.1,0.5,weighted_crc,segformer_b2_cityscapes,cityscapes_val_half,208
1.0,1000,False,0.0,0.0,1.0,0.66,170,334,0.0,False,0.0,0.0,0.0,207.99999999999991,0.6578947368421053,95,person,0.2,0.5,weighted_crc,segformer_b2_cityscapes,cityscapes_val_half,208
1.0,1000,False,0.0,0.0,1.0,0.944,28,38,0.0,False,0.0,0.0,0.0,127.99999999999997,0.7575757575757576,95,rider,0.05,0.1,weighted_crc,segformer_b2_cityscapes,cityscapes_val_half,128
1.0,1000,False,0.0,0.0,1.0,0.944,28,38,0.0,False,0.0,0.0,0.0,127.99999999999997,0.7575757575757576,95,rider,0.1,0.1,weighted_crc,segformer_b2_cityscapes,cityscapes_val_half,128
1.0,1000,False,0.0,0.0,1.0,0.944,28,38,0.0,False,0.0,0.0,0.0,127.99999999999997,0.7575757575757576,95,rider,0.2,0.1,weighted_crc,segformer_b2_cityscapes,cityscapes_val_half,128
1.0,1000,False,0.0,0.0,1.0,0.944,28,38,0.0,False,0.0,0.0,0.0,127.99999999999997,0.7575757575757576,95,rider,0.05,0.5,weighted_crc,segformer_b2_cityscapes,cityscapes_val_half,128
1.0,1000,False,0.0,0.0,1.0,0.944,28,38,0.0,False,0.0,0.0,0.0,127.99999999999997,0.7575757575757576,95,rider,0.1,0.5,weighted_crc,segformer_b2_cityscapes,cityscapes_val_half,128
1.0,1000,False,0.0,0.0,1.0,0.944,28,38,0.0,False,0.0,0.0,0.0,127.99999999999997,0.7575757575757576,95,rider,0.2,0.5,weighted_crc,segformer_b2_cityscapes,cityscapes_val_half,128
1.0,1000,False,0.0,0.0,1.0,0.834,83,159,0.0,False,0.0,0.0,0.0,179.99999999999986,0.6896551724137931,95,bicycle,0.05,0.1,weighted_crc,segformer_b2_cityscapes,cityscapes_val_half,180
1.0,1000,False,0.0,0.0,1.0,0.834,83,159,0.0,False,0.0,0.0,0.0,179.99999999999986,0.6896551724137931,95,bicycle,0.1,0.1,weighted_crc,segformer_b2_cityscapes,cityscapes_val_half,180
1.0,1000,False,0.0,0.0,1.0,0.834,83,159,0.0,False,0.0,0.0,0.0,179.99999999999986,0.6896551724137931,95,bicycle,0.2,0.1,weighted_crc,segformer_b2_cityscapes,cityscapes_val_half,180
1.0,1000,False,0.0,0.0,1.0,0.834,83,159,0.0,False,0.0,0.0,0.0,179.99999999999986,0.6896551724137931,95,bicycle,0.05,0.5,weighted_crc,segformer_b2_cityscapes,cityscapes_val_half,180
1.0,1000,False,0.0,0.0,1.0,0.834,83,159,0.0,False,0.0,0.0,0.0,179.99999999999986,0.6896551724137931,95,bicycle,0.1,0.5,weighted_crc,segformer_b2_cityscapes,cityscapes_val_half,180
1.0,1000,False,0.0,0.0,1.0,0.834,83,159,0.0,False,0.0,0.0,0.0,179.99999999999986,0.6896551724137931,95,bicycle,0.2,0.5,weighted_crc,segformer_b2_cityscapes,cityscapes_val_half,180
1.0,1000,False,0.0,0.0,1.0,0.66,170,334,0.0,False,0.0,0.0,0.0,192.5417205289673,0.6596476870602274,96,person,0.05,0.1,weighted_crc,segformer_b2_cityscapes,cityscapes_val_half,203
1.0,1000,False,0.0,0.0,1.0,0.66,170,334,0.0,False,0.0,0.0,0.0,192.5417205289673,0.6596476870602274,96,person,0.1,0.1,weighted_crc,segformer_b2_cityscapes,cityscapes_val_half,203
1.0,1000,False,0.0,0.0,1.0,0.66,170,334,0.0,False,0.0,0.0,0.0,192.5417205289673,0.6596476870602274,96,person,0.2,0.1,weighted_crc,segformer_b2_cityscapes,cityscapes_val_half,203
1.0,1000,False,0.0,0.0,1.0,0.66,170,334,0.0,False,0.0,0.0,0.0,192.5417205289673,0.6596476870602274,96,person,0.05,0.5,weighted_crc,segformer_b2_cityscapes,cityscapes_val_half,203
1.0,1000,False,0.0,0.0,1.0,0.66,170,334,0.0,False,0.0,0.0,0.0,192.5417205289673,0.6596476870602274,96,person,0.1,0.5,weighted_crc,segformer_b2_cityscapes,cityscapes_val_half,203
1.0,1000,False,0.0,0.0,1.0,0.66,170,334,0.0,False,0.0,0.0,0.0,192.5417205289673,0.6596476870602274,96,person,0.2,0.5,weighted_crc,segformer_b2_cityscapes,cityscapes_val_half,203
1.0,1000,False,0.0,0.0,1.0,0.944,28,38,0.0,False,0.0,0.0,0.0,122.99999999999996,0.7648183556405355,96,rider,0.05,0.1,weighted_crc,segformer_b2_cityscapes,cityscapes_val_half,123
1.0,1000,False,0.0,0.0,1.0,0.944,28,38,0.0,False,0.0,0.0,0.0,122.99999999999996,0.7648183556405355,96,rider,0.1,0.1,weighted_crc,segformer_b2_cityscapes,cityscapes_val_half,123
1.0,1000,False,0.0,0.0,1.0,0.944,28,38,0.0,False,0.0,0.0,0.0,122.99999999999996,0.7648183556405355,96,rider,0.2,0.1,weighted_crc,segformer_b2_cityscapes,cityscapes_val_half,123
1.0,1000,False,0.0,0.0,1.0,0.944,28,38,0.0,False,0.0,0.0,0.0,122.99999999999996,0.7648183556405355,96,rider,0.05,0.5,weighted_crc,segformer_b2_cityscapes,cityscapes_val_half,123
1.0,1000,False,0.0,0.0,1.0,0.944,28,38,0.0,False,0.0,0.0,0.0,122.99999999999996,0.7648183556405355,96,rider,0.1,0.5,weighted_crc,segformer_b2_cityscapes,cityscapes_val_half,123
1.0,1000,False,0.0,0.0,1.0,0.944,28,38,0.0,False,0.0,0.0,0.0,122.99999999999996,0.7648183556405355,96,rider,0.2,0.5,weighted_crc,segformer_b2_cityscapes,cityscapes_val_half,123
1.0,1000,False,0.0,0.0,1.0,0.834,83,159,0.0,False,0.0,0.0,0.0,165.2328220123868,0.7056101488065233,96,bicycle,0.05,0.1,weighted_crc,segformer_b2_cityscapes,cityscapes_val_half,166
1.0,1000,False,0.0,0.0,1.0,0.834,83,159,0.0,False,0.0,0.0,0.0,165.2328220123868,0.7056101488065233,96,bicycle,0.1,0.1,weighted_crc,segformer_b2_cityscapes,cityscapes_val_half,166
1.0,1000,False,0.0,0.0,1.0,0.834,83,159,0.0,False,0.0,0.0,0.0,165.2328220123868,0.7056101488065233,96,bicycle,0.2,0.1,weighted_crc,segformer_b2_cityscapes,cityscapes_val_half,166
1.0,1000,False,0.0,0.0,1.0,0.834,83,159,0.0,False,0.0,0.0,0.0,165.2328220123868,0.7056101488065233,96,bicycle,0.05,0.5,weighted_crc,segformer_b2_cityscapes,cityscapes_val_half,166
1.0,1000,False,0.0,0.0,1.0,0.834,83,159,0.0,False,0.0,0.0,0.0,165.2328220123868,0.7056101488065233,96,bicycle,0.1,0.5,weighted_crc,segformer_b2_cityscapes,cityscapes_val_half,166
1.0,1000,False,0.0,0.0,1.0,0.834,83,159,0.0,False,0.0,0.0,0.0,165.2328220123868,0.7056101488065233,96,bicycle,0.2,0.5,weighted_crc,segformer_b2_cityscapes,cityscapes_val_half,166
1.0,1000,False,0.0,0.0,1.0,0.66,170,334,0.0,False,0.0,0.0,0.0,196.9999999999998,0.6700167504187605,97,person,0.05,0.1,weighted_crc,segformer_b2_cityscapes,cityscapes_val_half,197
1.0,1000,False,0.0,0.0,1.0,0.66,170,334,0.0,False,0.0,0.0,0.0,196.9999999999998,0.6700167504187605,97,person,0.1,0.1,weighted_crc,segformer_b2_cityscapes,cityscapes_val_half,197
1.0,1000,False,0.0,0.0,1.0,0.66,170,334,0.0,False,0.0,0.0,0.0,196.9999999999998,0.6700167504187605,97,person,0.2,0.1,weighted_crc,segformer_b2_cityscapes,cityscapes_val_half,197
1.0,1000,False,0.0,0.0,1.0,0.66,170,334,0.0,False,0.0,0.0,0.0,196.9999999999998,0.6700167504187605,97,person,0.05,0.5,weighted_crc,segformer_b2_cityscapes,cityscapes_val_half,197
1.0,1000,False,0.0,0.0,1.0,0.66,170,334,0.0,False,0.0,0.0,0.0,196.9999999999998,0.6700167504187605,97,person,0.1,0.5,weighted_crc,segformer_b2_cityscapes,cityscapes_val_half,197
1.0,1000,False,0.0,0.0,1.0,0.66,170,334,0.0,False,0.0,0.0,0.0,196.9999999999998,0.6700167504187605,97,person,0.2,0.5,weighted_crc,segformer_b2_cityscapes,cityscapes_val_half,197
1.0,1000,False,0.0,0.0,1.0,0.944,28,38,0.0,False,0.0,0.0,0.0,127.99999999999997,0.7575757575757576,97,rider,0.05,0.1,weighted_crc,segformer_b2_cityscapes,cityscapes_val_half,128
1.0,1000,False,0.0,0.0,1.0,0.944,28,38,0.0,False,0.0,0.0,0.0,127.99999999999997,0.7575757575757576,97,rider,0.1,0.1,weighted_crc,segformer_b2_cityscapes,cityscapes_val_half,128
1.0,1000,False,0.0,0.0,1.0,0.944,28,38,0.0,False,0.0,0.0,0.0,127.99999999999997,0.7575757575757576,97,rider,0.2,0.1,weighted_crc,segformer_b2_cityscapes,cityscapes_val_half,128
1.0,1000,False,0.0,0.0,1.0,0.944,28,38,0.0,False,0.0,0.0,0.0,127.99999999999997,0.7575757575757576,97,rider,0.05,0.5,weighted_crc,segformer_b2_cityscapes,cityscapes_val_half,128
1.0,1000,False,0.0,0.0,1.0,0.944,28,38,0.0,False,0.0,0.0,0.0,127.99999999999997,0.7575757575757576,97,rider,0.1,0.5,weighted_crc,segformer_b2_cityscapes,cityscapes_val_half,128
1.0,1000,False,0.0,0.0,1.0,0.944,28,38,0.0,False,0.0,0.0,0.0,127.99999999999997,0.7575757575757576,97,rider,0.2,0.5,weighted_crc,segformer_b2_cityscapes,cityscapes_val_half,128
1.0,1000,False,0.0,0.0,1.0,0.834,83,159,0.0,False,0.0,0.0,0.0,165.34075294709788,0.699027059360359,97,bicycle,0.05,0.1,weighted_crc,segformer_b2_cityscapes,cityscapes_val_half,170
1.0,1000,False,0.0,0.0,1.0,0.834,83,159,0.0,False,0.0,0.0,0.0,165.34075294709788,0.699027059360359,97,bicycle,0.1,0.1,weighted_crc,segformer_b2_cityscapes,cityscapes_val_half,170
1.0,1000,False,0.0,0.0,1.0,0.834,83,159,0.0,False,0.0,0.0,0.0,165.34075294709788,0.699027059360359,97,bicycle,0.2,0.1,weighted_crc,segformer_b2_cityscapes,cityscapes_val_half,170
1.0,1000,False,0.0,0.0,1.0,0.834,83,159,0.0,False,0.0,0.0,0.0,165.34075294709788,0.699027059360359,97,bicycle,0.05,0.5,weighted_crc,segformer_b2_cityscapes,cityscapes_val_half,170
1.0,1000,False,0.0,0.0,1.0,0.834,83,159,0.0,False,0.0,0.0,0.0,165.34075294709788,0.699027059360359,97,bicycle,0.1,0.5,weighted_crc,segformer_b2_cityscapes,cityscapes_val_half,170
1.0,1000,False,0.0,0.0,1.0,0.834,83,159,0.0,False,0.0,0.0,0.0,165.34075294709788,0.699027059360359,97,bicycle,0.2,0.5,weighted_crc,segformer_b2_cityscapes,cityscapes_val_half,170
1.0,1000,False,0.0,0.0,1.0,0.66,170,334,0.0,False,0.0,0.0,0.0,199.99999999999991,0.6666666666666666,98,person,0.05,0.1,weighted_crc,segformer_b2_cityscapes,cityscapes_val_half,200
1.0,1000,False,0.0,0.0,1.0,0.66,170,334,0.0,False,0.0,0.0,0.0,199.99999999999991,0.6666666666666666,98,person,0.1,0.1,weighted_crc,segformer_b2_cityscapes,cityscapes_val_half,200
1.0,1000,False,0.0,0.0,1.0,0.66,170,334,0.0,False,0.0,0.0,0.0,199.99999999999991,0.6666666666666666,98,person,0.2,0.1,weighted_crc,segformer_b2_cityscapes,cityscapes_val_half,200
1.0,1000,False,0.0,0.0,1.0,0.66,170,334,0.0,False,0.0,0.0,0.0,199.99999999999991,0.6666666666666666,98,person,0.05,0.5,weighted_crc,segformer_b2_cityscapes,cityscapes_val_half,200
1.0,1000,False,0.0,0.0,1.0,0.66,170,334,0.0,False,0.0,0.0,0.0,199.99999999999991,0.6666666666666666,98,person,0.1,0.5,weighted_crc,segformer_b2_cityscapes,cityscapes_val_half,200
1.0,1000,False,0.0,0.0,1.0,0.66,170,334,0.0,False,0.0,0.0,0.0,199.99999999999991,0.6666666666666666,98,person,0.2,0.5,weighted_crc,segformer_b2_cityscapes,cityscapes_val_half,200
1.0,1000,False,0.0,0.0,1.0,0.944,28,38,0.0,False,0.0,0.0,0.0,134.99999999999991,0.7476635514018691,98,rider,0.05,0.1,weighted_crc,segformer_b2_cityscapes,cityscapes_val_half,135
1.0,1000,False,0.0,0.0,1.0,0.944,28,38,0.0,False,0.0,0.0,0.0,134.99999999999991,0.7476635514018691,98,rider,0.1,0.1,weighted_crc,segformer_b2_cityscapes,cityscapes_val_half,135
1.0,1000,False,0.0,0.0,1.0,0.944,28,38,0.0,False,0.0,0.0,0.0,134.99999999999991,0.7476635514018691,98,rider,0.2,0.1,weighted_crc,segformer_b2_cityscapes,cityscapes_val_half,135
1.0,1000,False,0.0,0.0,1.0,0.944,28,38,0.0,False,0.0,0.0,0.0,134.99999999999991,0.7476635514018691,98,rider,0.05,0.5,weighted_crc,segformer_b2_cityscapes,cityscapes_val_half,135
1.0,1000,False,0.0,0.0,1.0,0.944,28,38,0.0,False,0.0,0.0,0.0,134.99999999999991,0.7476635514018691,98,rider,0.1,0.5,weighted_crc,segformer_b2_cityscapes,cityscapes_val_half,135
1.0,1000,False,0.0,0.0,1.0,0.944,28,38,0.0,False,0.0,0.0,0.0,134.99999999999991,0.7476635514018691,98,rider,0.2,0.5,weighted_crc,segformer_b2_cityscapes,cityscapes_val_half,135
1.0,1000,False,0.0,0.0,1.0,0.834,83,159,0.0,False,0.0,0.0,0.0,166.99999999999986,0.7054673721340389,98,bicycle,0.05,0.1,weighted_crc,segformer_b2_cityscapes,cityscapes_val_half,167
1.0,1000,False,0.0,0.0,1.0,0.834,83,159,0.0,False,0.0,0.0,0.0,166.99999999999986,0.7054673721340389,98,bicycle,0.1,0.1,weighted_crc,segformer_b2_cityscapes,cityscapes_val_half,167
1.0,1000,False,0.0,0.0,1.0,0.834,83,159,0.0,False,0.0,0.0,0.0,166.99999999999986,0.7054673721340389,98,bicycle,0.2,0.1,weighted_crc,segformer_b2_cityscapes,cityscapes_val_half,167
1.0,1000,False,0.0,0.0,1.0,0.834,83,159,0.0,False,0.0,0.0,0.0,166.99999999999986,0.7054673721340389,98,bicycle,0.05,0.5,weighted_crc,segformer_b2_cityscapes,cityscapes_val_half,167
1.0,1000,False,0.0,0.0,1.0,0.834,83,159,0.0,False,0.0,0.0,0.0,166.99999999999986,0.7054673721340389,98,bicycle,0.1,0.5,weighted_crc,segformer_b2_cityscapes,cityscapes_val_half,167
1.0,1000,False,0.0,0.0,1.0,0.834,83,159,0.0,False,0.0,0.0,0.0,166.99999999999986,0.7054673721340389,98,bicycle,0.2,0.5,weighted_crc,segformer_b2_cityscapes,cityscapes_val_half,167
1.0,1000,False,0.0,0.0,1.0,0.66,170,334,0.0,False,0.0,0.0,0.0,201.9999999999999,0.6644518272425249,99,person,0.05,0.1,weighted_crc,segformer_b2_cityscapes,cityscapes_val_half,202
1.0,1000,False,0.0,0.0,1.0,0.66,170,334,0.0,False,0.0,0.0,0.0,201.9999999999999,0.6644518272425249,99,person,0.1,0.1,weighted_crc,segformer_b2_cityscapes,cityscapes_val_half,202
1.0,1000,False,0.0,0.0,1.0,0.66,170,334,0.0,False,0.0,0.0,0.0,201.9999999999999,0.6644518272425249,99,person,0.2,0.1,weighted_crc,segformer_b2_cityscapes,cityscapes_val_half,202
1.0,1000,False,0.0,0.0,1.0,0.66,170,334,0.0,False,0.0,0.0,0.0,201.9999999999999,0.6644518272425249,99,person,0.05,0.5,weighted_crc,segformer_b2_cityscapes,cityscapes_val_half,202
1.0,1000,False,0.0,0.0,1.0,0.66,170,334,0.0,False,0.0,0.0,0.0,201.9999999999999,0.6644518272425249,99,person,0.1,0.5,weighted_crc,segformer_b2_cityscapes,cityscapes_val_half,202
1.0,1000,False,0.0,0.0,1.0,0.66,170,334,0.0,False,0.0,0.0,0.0,201.9999999999999,0.6644518272425249,99,person,0.2,0.5,weighted_crc,segformer_b2_cityscapes,cityscapes_val_half,202
1.0,1000,False,0.0,0.0,1.0,0.944,28,38,0.0,False,0.0,0.0,0.0,131.45184748369246,0.739805569731432,99,rider,0.05,0.1,weighted_crc,segformer_b2_cityscapes,cityscapes_val_half,138
1.0,1000,False,0.0,0.0,1.0,0.944,28,38,0.0,False,0.0,0.0,0.0,131.45184748369246,0.739805569731432,99,rider,0.1,0.1,weighted_crc,segformer_b2_cityscapes,cityscapes_val_half,138
1.0,1000,False,0.0,0.0,1.0,0.944,28,38,0.0,False,0.0,0.0,0.0,131.45184748369246,0.739805569731432,99,rider,0.2,0.1,weighted_crc,segformer_b2_cityscapes,cityscapes_val_half,138
1.0,1000,False,0.0,0.0,1.0,0.944,28,38,0.0,False,0.0,0.0,0.0,131.45184748369246,0.739805569731432,99,rider,0.05,0.5,weighted_crc,segformer_b2_cityscapes,cityscapes_val_half,138
1.0,1000,False,0.0,0.0,1.0,0.944,28,38,0.0,False,0.0,0.0,0.0,131.45184748369246,0.739805569731432,99,rider,0.1,0.5,weighted_crc,segformer_b2_cityscapes,cityscapes_val_half,138
1.0,1000,False,0.0,0.0,1.0,0.944,28,38,0.0,False,0.0,0.0,0.0,131.45184748369246,0.739805569731432,99,rider,0.2,0.5,weighted_crc,segformer_b2_cityscapes,cityscapes_val_half,138
1.0,1000,False,0.0,0.0,1.0,0.834,83,159,0.0,False,0.0,0.0,0.0,180.9999999999998,0.6884681583476765,99,bicycle,0.05,0.1,weighted_crc,segformer_b2_cityscapes,cityscapes_val_half,181
1.0,1000,False,0.0,0.0,1.0,0.834,83,159,0.0,False,0.0,0.0,0.0,180.9999999999998,0.6884681583476765,99,bicycle,0.1,0.1,weighted_crc,segformer_b2_cityscapes,cityscapes_val_half,181
1.0,1000,False,0.0,0.0,1.0,0.834,83,159,0.0,False,0.0,0.0,0.0,180.9999999999998,0.6884681583476765,99,bicycle,0.2,0.1,weighted_crc,segformer_b2_cityscapes,cityscapes_val_half,181
1.0,1000,False,0.0,0.0,1.0,0.834,83,159,0.0,False,0.0,0.0,0.0,180.9999999999998,0.6884681583476765,99,bicycle,0.05,0.5,weighted_crc,segformer_b2_cityscapes,cityscapes_val_half,181
1.0,1000,False,0.0,0.0,1.0,0.834,83,159,0.0,False,0.0,0.0,0.0,180.9999999999998,0.6884681583476765,99,bicycle,0.1,0.5,weighted_crc,segformer_b2_cityscapes,cityscapes_val_half,181
1.0,1000,False,0.0,0.0,1.0,0.834,83,159,0.0,False,0.0,0.0,0.0,180.9999999999998,0.6884681583476765,99,bicycle,0.2,0.5,weighted_crc,segformer_b2_cityscapes,cityscapes_val_half,181
