fnr_boot_lo,fnr_boot_hi,n_test_clusters,lam,lam_index,feasible,controlled_risk,region_fnr,marked_area_fraction,fp_components_per_image,n_test_images,n_test_components,monitor_ks,monitor_flag,fnr_stratum0,fnr_stratum1,fnr_stratum2,weight_ess,weight_p_test,seed,class_name,alpha,rho,method,model,scheme,n_cal_images
,,,0.999,999,True,0.041333224158882055,0.041333224158882055,0.05578656122088432,0.2,200,1321.0,0.04400000000000004,False,0.059593023255813955,0.008298755186721992,0.0,,,0,person,0.05,0.1,region_crc,segformer_b2_cityscapes,cityscapes_val_half,202
,,,0.991,991,True,0.14241968764666132,0.14241968764666132,0.03494212031364441,0.2,200,1321.0,0.052000000000000046,False,0.17732558139534885,0.029045643153526972,0.0,,,0,person,0.1,0.1,region_crc,segformer_b2_cityscapes,cityscapes_val_half,202
,,,0.972,972,True,0.2214279977776495,0.2214279977776495,0.027271298691630363,6.128,200,1321.0,0.06000000000000005,False,0.29505813953488375,0.06224066390041494,0.0,,,0,person,0.2,0.1,region_crc,segformer_b2_cityscapes,cityscapes_val_half,202
,,,0.999,999,True,0.06205291163514847,0.06205291163514847,0.05578656122088432,0.2,200,1321.0,0.04400000000000004,False,0.07703488372093023,0.02074688796680498,0.0,,,0,person,0.05,0.5,region_crc,segformer_b2_cityscapes,cityscapes_val_half,202
,,,0.998,998,True,0.10583484911774384,0.10583484911774384,0.04817335307598114,0.2,200,1321.0,0.04400000000000004,False,0.11337209302325581,0.029045643153526972,0.0,,,0,person,0.1,0.5,region_crc,segformer_b2_cityscapes,cityscapes_val_half,202
,,,0.987,987,True,0.22686482997996155,0.22686482997996155,0.03229951113462448,6.128,200,1321.0,0.052000000000000046,False,0.2703488372093023,0.08298755186721991,0.0,,,0,person,0.2,0.5,region_crc,segformer_b2_cityscapes,cityscapes_val_half,202
,,,1.0,1000,True,0.0,0.0,1.0,0.496,126,344.0,0.0,False,0.0,0.0,0.0,,,0,rider,0.05,0.1,region_crc,segformer_b2_cityscapes,cityscapes_val_half,127
,,,0.999,999,True,0.12982295482295486,0.12982295482295483,0.017004095017910004,0.496,126,344.0,0.06000000000000005,False,0.18686868686868688,0.05128205128205128,0.0,,,0,rider,0.1,0.1,region_crc,segformer_b2_cityscapes,cityscapes_val_half,127
,,,0.997,997,True,0.1945215278548612,0.19452152785486118,0.012004461139440536,0.496,126,344.0,0.06000000000000005,False,0.25757575757575757,0.06837606837606838,0.0,,,0,rider,0.2,0.1,region_crc,segformer_b2_cityscapes,cityscapes_val_half,127
,,,1.0,1000,True,0.0,0.0,1.0,0.496,126,344.0,0.0,False,0.0,0.0,0.0,,,0,rider,0.05,0.5,region_crc,segformer_b2_cityscapes,cityscapes_val_half,127
,,,1.0,1000,True,0.0,0.0,1.0,0.496,126,344.0,0.0,False,0.0,0.0,0.0,,,0,rider,0.1,0.5,region_crc,segformer_b2_cityscapes,cityscapes_val_half,127
,,,0.999,999,True,0.17197463030796364,0.17197463030796362,0.017004095017910004,0.496,126,344.0,0.06000000000000005,False,0.21717171717171718,0.07692307692307693,0.06896551724137931,,,0,rider,0.2,0.5,region_crc,segformer_b2_cityscapes,cityscapes_val_half,127
,,,1.0,1000,True,0.0,0.0,1.0,0.34,165,784.0,0.0,False,0.0,0.0,0.0,,,0,bicycle,0.05,0.1,region_crc,segformer_b2_cityscapes,cityscapes_val_half,180
,,,0.997,997,True,0.1281038994675358,0.1281038994675358,0.022880561649799347,0.34,165,784.0,0.10400000000000004,False,0.1934673366834171,0.02258064516129032,0.0,,,0,bicycle,0.1,0.1,region_crc,segformer_b2_cityscapes,cityscapes_val_half,180
,,,0.988,988,True,0.2149412372139645,0.2149412372139645,0.016652122139930725,0.34,165,784.0,0.09600000000000003,False,0.31909547738693467,0.054838709677419356,0.0,,,0,bicycle,0.2,0.1,region_crc,segformer_b2_cityscapes,cityscapes_val_half,180
,,,1.0,1000,True,0.0,0.0,1.0,0.34,165,784.0,0.0,False,0.0,0.0,0.0,,,0,bicycle,0.05,0.5,region_crc,segformer_b2_cityscapes,cityscapes_val_half,180
,,,0.999,999,True,0.13071916299189024,0.13071916299189026,0.029725775122642517,0.34,165,784.0,0.10000000000000003,False,0.18090452261306533,0.02903225806451613,0.0,,,0,bicycle,0.1,0.5,region_crc,segformer_b2_cityscapes,cityscapes_val_half,180
,,,0.994,994,True,0.19863156752484817,0.19863156752484817,0.01946701481938362,0.34,165,784.0,0.10400000000000004,False,0.30402010050251255,0.07419354838709677,0.0,,,0,bicycle,0.2,0.5,region_crc,segformer_b2_cityscapes,cityscapes_val_half,180
,,,1.0,1000,True,0.0,0.0,,,226,,,False,,,,,,0,max_over_classes,0.05,0.1,shared_crc,segformer_b2_cityscapes,cityscapes_val_half,224
,,,1.0,1000,True,0.0,0.0,1.0,,200,,,False,,,,,,0,person,0.05,0.1,shared_crc,segformer_b2_cityscapes,cityscapes_val_half,224
,,,1.0,1000,True,0.0,0.0,1.0,,126,,,False,,,,,,0,rider,0.05,0.1,shared_crc,segformer_b2_cityscapes,cityscapes_val_half,224
,,,1.0,1000,True,0.0,0.0,1.0,,165,,,False,,,,,,0,bicycle,0.05,0.1,shared_crc,segformer_b2_cityscapes,cityscapes_val_half,224
,,,0.999,999,True,0.14568583004481933,0.14568583004481933,,,226,,,False,,,,,,0,max_over_classes,0.1,0.1,shared_crc,segformer_b2_cityscapes,cityscapes_val_half,224
,,,0.999,999,True,0.041333224158882055,0.041333224158882055,0.05578656122088432,,200,,,False,,,,,,0,person,0.1,0.1,shared_crc,segformer_b2_cityscapes,cityscapes_val_half,224
,,,0.999,999,True,0.12982295482295486,0.12982295482295486,0.017004095017910004,,126,,,False,,,,,,0,rider,0.1,0.1,shared_crc,segformer_b2_cityscapes,cityscapes_val_half,224
,,,0.999,999,True,0.08958793731521003,0.08958793731521003,0.029725775122642517,,165,,,False,,,,,,0,bicycle,0.1,0.1,shared_crc,segformer_b2_cityscapes,cityscapes_val_half,224
,,,0.997,997,True,0.2113881603052539,0.2113881603052539,,,226,,,False,,,,,,0,max_over_classes,0.2,0.1,shared_crc,segformer_b2_cityscapes,cityscapes_val_half,224
,,,0.997,997,True,0.07994404572036151,0.07994404572036151,0.04420825466513634,,200,,,False,,,,,,0,person,0.2,0.1,shared_crc,segformer_b2_cityscapes,cityscapes_val_half,224
,,,0.997,997,True,0.1945215278548612,0.1945215278548612,0.012004461139440536,,126,,,False,,,,,,0,rider,0.2,0.1,shared_crc,segformer_b2_cityscapes,cityscapes_val_half,224
,,,0.997,997,True,0.1281038994675358,0.1281038994675358,0.022880561649799347,,165,,,False,,,,,,0,bicycle,0.2,0.1,shared_crc,segformer_b2_cityscapes,cityscapes_val_half,224
,,,1.0,1000,True,0.0,0.0,,,226,,,False,,,,,,0,max_over_classes,0.05,0.5,shared_crc,segformer_b2_cityscapes,cityscapes_val_half,224
,,,1.0,1000,True,0.0,0.0,1.0,,200,,,False,,,,,,0,person,0.05,0.5,shared_crc,segformer_b2_cityscapes,cityscapes_val_half,224
,,,1.0,1000,True,0.0,0.0,1.0,,126,,,False,,,,,,0,rider,0.05,0.5,shared_crc,segformer_b2_cityscapes,cityscapes_val_half,224
,,,1.0,1000,True,0.0,0.0,1.0,,165,,,False,,,,,,0,bicycle,0.05,0.5,shared_crc,segformer_b2_cityscapes,cityscapes_val_half,224
,,,1.0,1000,True,0.0,0.0,,,226,,,False,,,,,,0,max_over_classes,0.1,0.5,shared_crc,segformer_b2_cityscapes,cityscapes_val_half,224
,,,1.0,1000,True,0.0,0.0,1.0,,200,,,False,,,,,,0,person,0.1,0.5,shared_crc,segformer_b2_cityscapes,cityscapes_val_half,224
,,,1.0,1000,True,0.0,0.0,1.0,,126,,,False,,,,,,0,rider,0.1,0.5,shared_crc,segformer_b2_cityscapes,cityscapes_val_half,224
,,,1.0,1000,True,0.0,0.0,1.0,,165,,,False,,,,,,0,bicycle,0.1,0.5,shared_crc,segformer_b2_cityscapes,cityscapes_val_half,224
,,,0.999,999,True,0.19021408551858016,0.19021408551858016,,,226,,,False,,,,,,0,max_over_classes,0.2,0.5,shared_crc,segformer_b2_cityscapes,cityscapes_val_half,224
,,,0.999,999,True,0.06205291163514847,0.06205291163514847,0.05578656122088432,,200,,,False,,,,,,0,person,0.2,0.5,shared_crc,segformer_b2_cityscapes,cityscapes_val_half,224
,,,0.999,999,True,0.17197463030796364,0.17197463030796364,0.017004095017910004,,126,,,False,,,,,,0,rider,0.2,0.5,shared_crc,segformer_b2_cityscapes,cityscapes_val_half,224
,,,0.999,999,True,0.13071916299189024,0.13071916299189024,0.029725775122642517,,165,,,False,,,,,,0,bicycle,0.2,0.5,shared_crc,segformer_b2_cityscapes,cityscapes_val_half,224
,,,0.998,998,True,0.06604391499644338,0.06604391499644337,0.04713668301701546,0.184,204,1338.0,0.06800000000000006,False,0.08819538670284939,0.014705882352941176,0.0,,,1,person,0.05,0.1,region_crc,segformer_b2_cityscapes,cityscapes_val_half,198
,,,0.989,989,True,0.16535420211310303,0.16535420211310303,0.032535407692193985,0.184,204,1338.0,0.06399999999999995,False,0.18046132971506107,0.03571428571428571,0.0,,,1,person,0.1,0.1,region_crc,segformer_b2_cityscapes,cityscapes_val_half,198
,,,0.966,966,True,0.26108829405102096,0.26108829405102096,0.025192629545927048,6.14,204,1338.0,0.06000000000000005,False,0.3147896879240163,0.06302521008403361,0.0,,,1,person,0.2,0.1,region_crc,segformer_b2_cityscapes,cityscapes_val_half,198
,,,0.999,999,True,0.065619532280394,0.065619532280394,0.05465685576200485,0.184,204,1338.0,0.06000000000000005,False,0.08548168249660787,0.023109243697478993,0.0,,,1,person,0.05,0.5,region_crc,segformer_b2_cityscapes,cityscapes_val_half,198
,,,0.997,997,True,0.13243426257551644,0.13243426257551644,0.04319652542471886,0.184,204,1338.0,0.07200000000000006,False,0.13975576662143827,0.03991596638655462,0.0,,,1,person,0.1,0.5,region_crc,segformer_b2_cityscapes,cityscapes_val_half,198
,,,0.986,986,True,0.25415176852669263,0.25415176852669263,0.030840978026390076,6.14,204,1338.0,0.06399999999999995,False,0.2781546811397558,0.08823529411764706,0.0,,,1,person,0.2,0.5,region_crc,segformer_b2_cityscapes,cityscapes_val_half,198
,,,1.0,1000,True,0.0,0.0,1.0,0.52,120,336.0,0.0,False,0.0,0.0,0.0,,,1,rider,0.05,0.1,region_crc,segformer_b2_cityscapes,cityscapes_val_half,133
,,,1.0,1000,True,0.0,0.0,1.0,0.52,120,336.0,0.0,False,0.0,0.0,0.0,,,1,rider,0.1,0.1,region_crc,segformer_b2_cityscapes,cityscapes_val_half,133
,,,0.997,997,True,0.2075776307026307,0.2075776307026307,0.012146852910518646,0.52,120,336.0,0.07999999999999996,False,0.3298429319371728,0.07547169811320754,0.0,,,1,rider,0.2,0.1,region_crc,segformer_b2_cityscapes,cityscapes_val_half,133
,,,1.0,1000,True,0.0,0.0,1.0,0.52,120,336.0,0.0,False,0.0,0.0,0.0,,,1,rider,0.05,0.5,region_crc,segformer_b2_cityscapes,cityscapes_val_half,133
,,,1.0,1000,True,0.0,0.0,1.0,0.52,120,336.0,0.0,False,0.0,0.0,0.0,,,1,rider,0.1,0.5,region_crc,segformer_b2_cityscapes,cityscapes_val_half,133
,,,0.998,998,True,0.24115897990897991,0.24115897990897986,0.0137722073122859,0.52,120,336.0,0.08400000000000007,False,0.3298429319371728,0.11320754716981132,0.07692307692307693,,,1,rider,0.2,0.5,region_crc,segformer_b2_cityscapes,cityscapes_val_half,133
,,,1.0,1000,True,0.0,0.0,1.0,0.384,154,790.0,0.0,False,0.0,0.0,0.0,,,1,bicycle,0.05,0.1,region_crc,segformer_b2_cityscapes,cityscapes_val_half,191
,,,0.998,998,True,0.1059770496458808,0.10597704964588081,0.02405952289700508,0.384,154,790.0,0.08400000000000002,False,0.18226600985221675,0.022508038585209004,0.0,,,1,bicycle,0.1,0.1,region_crc,segformer_b2_cityscapes,cityscapes_val_half,191
,,,0.986,986,True,0.22901562722991295,0.22901562722991295,0.014921043068170547,3.02,154,790.0,0.10400000000000004,False,0.3817733990147783,0.05787781350482315,0.0,,,1,bicycle,0.2,0.1,region_crc,segformer_b2_cityscapes,cityscapes_val_half,191
,,,1.0,1000,True,0.0,0.0,1.0,0.384,154,790.0,0.0,False,0.0,0.0,0.0,,,1,bicycle,0.05,0.5,region_crc,segformer_b2_cityscapes,cityscapes_val_half,191
,,,0.999,999,True,0.12282924506950481,0.12282924506950481,0.028668822720646858,0.384,154,790.0,0.08399999999999996,False,0.1896551724137931,0.03536977491961415,0.0,,,1,bicycle,0.1,0.5,region_crc,segformer_b2_cityscapes,cityscapes_val_half,191
,,,0.994,994,True,0.20901919148672393,0.20901919148672393,0.018269145861268044,0.384,154,790.0,0.08800000000000002,False,0.3374384236453202,0.08360128617363344,0.0136986301369863,,,1,bicycle,0.2,0.5,region_crc,segformer_b2_cityscapes,cityscapes_val_half,191
,,,1.0,1000,True,0.0,0.0,,,222,,,False,,,,,,1,max_over_classes,0.05,0.1,shared_crc,segformer_b2_cityscapes,cityscapes_val_half,228
,,,1.0,1000,True,0.0,0.0,1.0,,204,,,False,,,,,,1,person,0.05,0.1,shared_crc,segformer_b2_cityscapes,cityscapes_val_half,228
,,,1.0,1000,True,0.0,0.0,1.0,,120,,,False,,,,,,1,rider,0.05,0.1,shared_crc,segformer_b2_cityscapes,cityscapes_val_half,228
,,,1.0,1000,True,0.0,0.0,1.0,,154,,,False,,,,,,1,bicycle,0.05,0.1,shared_crc,segformer_b2_cityscapes,cityscapes_val_half,228
,,,1.0,1000,True,0.0,0.0,,,222,,,False,,,,,,1,max_over_classes,0.1,0.1,shared_crc,segformer_b2_cityscapes,cityscapes_val_half,228
,,,1.0,1000,True,0.0,0.0,1.0,,204,,,False,,,,,,1,person,0.1,0.1,shared_crc,segformer_b2_cityscapes,cityscapes_val_half,228
,,,1.0,1000,True,0.0,0.0,1.0,,120,,,False,,,,,,1,rider,0.1,0.1,shared_crc,segformer_b2_cityscapes,cityscapes_val_half,228
,,,1.0,1000,True,0.0,0.0,1.0,,154,,,False,,,,,,1,bicycle,0.1,0.1,shared_crc,segformer_b2_cityscapes,cityscapes_val_half,228
,,,0.996,996,True,0.246433846214548,0.246433846214548,,,222,,,False,,,,,,1,max_over_classes,0.2,0.1,shared_crc,segformer_b2_cityscapes,cityscapes_val_half,228
,,,0.996,996,True,0.10623415776021555,0.10623415776021555,0.04058290272951126,,204,,,False,,,,,,1,person,0.2,0.1,shared_crc,segformer_b2_cityscapes,cityscapes_val_half,228
,,,0.996,996,True,0.2447204878454878,0.2447204878454878,0.011104492470622063,,120,,,False,,,,,,1,rider,0.2,0.1,shared_crc,segformer_b2_cityscapes,cityscapes_val_half,228
,,,0.996,996,True,0.13585755874716915,0.13585755874716915,0.020193157717585564,,154,,,False,,,,,,1,bicycle,0.2,0.1,shared_crc,segformer_b2_cityscapes,cityscapes_val_half,228
,,,1.0,1000,True,0.0,0.0,,,222,,,False,,,,,,1,max_over_classes,0.05,0.5,shared_crc,segformer_b2_cityscapes,cityscapes_val_half,228
,,,1.0,1000,True,0.0,0.0,1.0,,204,,,False,,,,,,1,person,0.05,0.5,shared_crc,segformer_b2_cityscapes,cityscapes_val_half,228
,,,1.0,1000,True,0.0,0.0,1.0,,120,,,False,,,,,,1,rider,0.05,0.5,shared_crc,segformer_b2_cityscapes,cityscapes_val_half,228
,,,1.0,1000,True,0.0,0.0,1.0,,154,,,False,,,,,,1,bicycle,0.05,0.5,shared_crc,segformer_b2_cityscapes,cityscapes_val_half,228
,,,1.0,1000,True,0.0,0.0,,,222,,,False,,,,,,1,max_over_classes,0.1,0.5,shared_crc,segformer_b2_cityscapes,cityscapes_val_half,228
,,,1.0,1000,True,0.0,0.0,1.0,,204,,,False,,,,,,1,person,0.1,0.5,shared_crc,segformer_b2_cityscapes,cityscapes_val_half,228
,,,1.0,1000,True,0.0,0.0,1.0,,120,,,False,,,,,,1,rider,0.1,0.5,shared_crc,segformer_b2_cityscapes,cityscapes_val_half,228
,,,1.0,1000,True,0.0,0.0,1.0,,154,,,False,,,,,,1,bicycle,0.1,0.5,shared_crc,segformer_b2_cityscapes,cityscapes_val_half,228
,,,0.999,999,True,0.18112175798579308,0.18112175798579308,,,222,,,False,,,,,,1,max_over_classes,0.2,0.5,shared_crc,segformer_b2_cityscapes,cityscapes_val_half,228
,,,0.999,999,True,0.065619532280394,0.065619532280394,0.05465685576200485,,204,,,False,,,,,,1,person,0.2,0.5,shared_crc,segformer_b2_cityscapes,cityscapes_val_half,228
,,,0.999,999,True,0.16522283272283272,0.16522283272283272,0.017046937718987465,,120,,,False,,,,,,1,rider,0.2,0.5,shared_crc,segformer_b2_cityscapes,cityscapes_val_half,228
,,,0.999,999,True,0.12282924506950481,0.12282924506950481,0.028668822720646858,,154,,,False,,,,,,1,bicycle,0.2,0.5,shared_crc,segformer_b2_cityscapes,cityscapes_val_half,228
,,,0.999,999,True,0.0353219197208967,0.035321919720896704,0.05858704447746277,0.172,207,1445.0,0.10799999999999998,False,0.04987531172069826,0.006036217303822937,0.0,,,2,person,0.05,0.1,region_crc,segformer_b2_cityscapes,cityscapes_val_half,195
,,,0.993,993,True,0.11151539881292652,0.1115153988129265,0.03955545648932457,0.172,207,1445.0,0.09199999999999997,False,0.11970074812967581,0.022132796780684104,0.0,,,2,person,0.1,0.1,region_crc,segformer_b2_cityscapes,cityscapes_val_half,195
,,,0.977,977,True,0.18988071252208794,0.18988071252208794,0.031057246029376984,5.928,207,1445.0,0.09599999999999997,False,0.22693266832917705,0.04627766599597585,0.0,,,2,person,0.2,0.1,region_crc,segformer_b2_cityscapes,cityscapes_val_half,195
,,,1.0,1000,True,0.0,0.0,1.0,0.172,207,1445.0,0.0,False,0.0,0.0,0.0,,,2,person,0.05,0.5,region_crc,segformer_b2_cityscapes,cityscapes_val_half,195
,,,0.997,997,True,0.1278498292777918,0.1278498292777918,0.04697798192501068,0.172,207,1445.0,0.09599999999999997,False,0.11845386533665836,0.03420523138832998,0.0,,,2,person,0.1,0.5,region_crc,segformer_b2_cityscapes,cityscapes_val_half,195
,,,0.991,991,True,0.18368517277298183,0.18368517277298183,0.03760407492518425,0.172,207,1445.0,0.09199999999999997,False,0.19326683291770574,0.06639839034205232,0.0,,,2,person,0.2,0.5,region_crc,segformer_b2_cityscapes,cityscapes_val_half,195
,,,1.0,1000,True,0.0,0.0,1.0,0.492,127,387.0,0.0,False,0.0,0.0,0.0,,,2,rider,0.05,0.1,region_crc,segformer_b2_cityscapes,cityscapes_val_half,126
,,,1.0,1000,True,0.0,0.0,1.0,0.492,127,387.0,0.0,False,0.0,0.0,0.0,,,2,rider,0.1,0.1,region_crc,segformer_b2_cityscapes,cityscapes_val_half,126
,,,0.998,998,True,0.13420005191658735,0.13420005191658735,0.014583826065063477,0.492,127,387.0,0.07600000000000001,False,0.21875,0.045112781954887216,0.0,,,2,rider,0.2,0.1,region_crc,segformer_b2_cityscapes,cityscapes_val_half,126
,,,1.0,1000,True,0.0,0.0,1.0,0.492,127,387.0,0.0,False,0.0,0.0,0.0,,,2,rider,0.05,0.5,region_crc,segformer_b2_cityscapes,cityscapes_val_half,126
,,,1.0,1000,True,0.0,0.0,1.0,0.492,127,387.0,0.0,False,0.0,0.0,0.0,,,2,rider,0.1,0.5,region_crc,segformer_b2_cityscapes,cityscapes_val_half,126
,,,0.999,999,True,0.13468124176785592,0.13468124176785595,0.01787211373448372,0.492,127,387.0,0.07200000000000001,False,0.21428571428571427,0.06015037593984962,0.03333333333333333,,,2,rider,0.2,0.5,region_crc,segformer_b2_cityscapes,cityscapes_val_half,126
,,,1.0,1000,True,0.0,0.0,1.0,0.308,173,873.0,0.0,False,0.0,0.0,0.0,,,2,bicycle,0.05,0.1,region_crc,segformer_b2_cityscapes,cityscapes_val_half,172
,,,0.999,999,True,0.05903446264717941,0.05903446264717941,0.030043404549360275,0.308,173,873.0,0.06400000000000006,False,0.09090909090909091,0.01775147928994083,0.0,,,2,bicycle,0.1,0.1,region_crc,segformer_b2_cityscapes,cityscapes_val_half,172
,,,0.99,990,True,0.1830948274589893,0.1830948274589893,0.017504828050732613,0.308,173,873.0,0.06,False,0.28354978354978355,0.05621301775147929,0.0,,,2,bicycle,0.2,0.1,region_crc,segformer_b2_cityscapes,cityscapes_val_half,172
,,,1.0,1000,True,0.0,0.0,1.0,0.308,173,873.0,0.0,False,0.0,0.0,0.0,,,2,bicycle,0.05,0.5,region_crc,segformer_b2_cityscapes,cityscapes_val_half,172
,,,1.0,1000,True,0.0,0.0,1.0,0.308,173,873.0,0.0,False,0.0,0.0,0.0,,,2,bicycle,0.1,0.5,region_crc,segformer_b2_cityscapes,cityscapes_val_half,172
,,,0.995,995,True,0.17537922899194575,0.17537922899194577,0.020508162677288055,0.308,173,873.0,0.05199999999999999,False,0.2619047619047619,0.07100591715976332,0.0,,,2,bicycle,0.2,0.5,region_crc,segformer_b2_cityscapes,cityscapes_val_half,172
,,,1.0,1000,True,0.0,0.0,,,225,,,False,,,,,,2,max_over_classes,0.05,0.1,shared_crc,segformer_b2_cityscapes,cityscapes_val_half,225
,,,1.0,1000,True,0.0,0.0,1.0,,207,,,False,,,,,,2,person,0.05,0.1,shared_crc,segformer_b2_cityscapes,cityscapes_val_half,225
,,,1.0,1000,True,0.0,0.0,1.0,,127,,,False,,,,,,2,rider,0.05,0.1,shared_crc,segformer_b2_cityscapes,cityscapes_val_half,225
,,,1.0,1000,True,0.0,0.0,1.0,,173,,,False,,,,,,2,bicycle,0.05,0.1,shared_crc,segformer_b2_cityscapes,cityscapes_val_half,225
,,,1.0,1000,True,0.0,0.0,,,225,,,False,,,,,,2,max_over_classes,0.1,0.1,shared_crc,segformer_b2_cityscapes,cityscapes_val_half,225
,,,1.0,1000,True,0.0,0.0,1.0,,207,,,False,,,,,,2,person,0.1,0.1,shared_crc,segformer_b2_cityscapes,cityscapes_val_half,225
,,,1.0,1000,True,0.0,0.0,1.0,,127,,,False,,,,,,2,rider,0.1,0.1,shared_crc,segformer_b2_cityscapes,cityscapes_val_half,225
,,,1.0,1000,True,0.0,0.0,1.0,,173,,,False,,,,,,2,bicycle,0.1,0.1,shared_crc,segformer_b2_cityscapes,cityscapes_val_half,225
,,,0.997,997,True,0.19122661676256447,0.19122661676256447,,,225,,,False,,,,,,2,max_over_classes,0.2,0.1,shared_crc,segformer_b2_cityscapes,cityscapes_val_half,225
,,,0.997,997,True,0.08073631030436941,0.08073631030436941,0.04697798192501068,,207,,,False,,,,,,2,person,0.2,0.1,shared_crc,segformer_b2_cityscapes,cityscapes_val_half,225
,,,0.997,997,True,0.1633591911150966,0.1633591911150966,0.012904518283903599,,127,,,False,,,,,,2,rider,0.2,0.1,shared_crc,segformer_b2_cityscapes,cityscapes_val_half,225
,,,0.997,997,True,0.09147155028657918,0.09147155028657918,0.023129219189286232,,173,,,False,,,,,,2,bicycle,0.2,0.1,shared_crc,segformer_b2_cityscapes,cityscapes_val_half,225
,,,1.0,1000,True,0.0,0.0,,,225,,,False,,,,,,2,max_over_classes,0.05,0.5,shared_crc,segformer_b2_cityscapes,cityscapes_val_half,225
,,,1.0,1000,True,0.0,0.0,1.0,,207,,,False,,,,,,2,person,0.05,0.5,shared_crc,segformer_b2_cityscapes,cityscapes_val_half,225
,,,1.0,1000,True,0.0,0.0,1.0,,127,,,False,,,,,,2,rider,0.05,0.5,shared_crc,segformer_b2_cityscapes,cityscapes_val_half,225
,,,1.0,1000,True,0.0,0.0,1.0,,173,,,False,,,,,,2,bicycle,0.05,0.5,shared_crc,segformer_b2_cityscapes,cityscapes_val_half,225
,,,1.0,1000,True,0.0,0.0,,,225,,,False,,,,,,2,max_over_classes,0.1,0.5,shared_crc,segformer_b2_cityscapes,cityscapes_val_half,225
,,,1.0,1000,True,0.0,0.0,1.0,,207,,,False,,,,,,2,person,0.1,0.5,shared_crc,segformer_b2_cityscapes,cityscapes_val_half,225
,,,1.0,1000,True,0.0,0.0,1.0,,127,,,False,,,,,,2,rider,0.1,0.5,shared_crc,segformer_b2_cityscapes,cityscapes_val_half,225
,,,1.0,1000,True,0.0,0.0,1.0,,173,,,False,,,,,,2,bicycle,0.1,0.5,shared_crc,segformer_b2_cityscapes,cityscapes_val_half,225
,,,0.999,999,True,0.16190190032673693,0.16190190032673693,,,225,,,False,,,,,,2,max_over_classes,0.2,0.5,shared_crc,segformer_b2_cityscapes,cityscapes_val_half,225
,,,0.999,999,True,0.0598188979618363,0.0598188979618363,0.05858704447746277,,207,,,False,,,,,,2,person,0.2,0.5,shared_crc,segformer_b2_cityscapes,cityscapes_val_half,225
,,,0.999,999,True,0.13468124176785592,0.13468124176785592,0.01787211373448372,,127,,,False,,,,,,2,rider,0.2,0.5,shared_crc,segformer_b2_cityscapes,cityscapes_val_half,225
,,,0.999,999,True,0.10246588671444162,0.10246588671444162,0.030043404549360275,,173,,,False,,,,,,2,bicycle,0.2,0.5,shared_crc,segformer_b2_cityscapes,cityscapes_val_half,225
,,,0.999,999,True,0.03879931523760108,0.03879931523760108,0.05312008783221245,0.216,196,1317.0,0.07200000000000006,False,0.06224066390041494,0.008639308855291577,0.0,,,3,person,0.05,0.1,region_crc,segformer_b2_cityscapes,cityscapes_val_half,206
,,,0.994,994,True,0.10313193010055965,0.10313193010055965,0.03582655265927315,0.216,196,1317.0,0.06800000000000006,False,0.1272475795297372,0.023758099352051837,0.0,,,3,person,0.1,0.1,region_crc,segformer_b2_cityscapes,cityscapes_val_half,206
,,,0.974,974,True,0.2081326065341514,0.2081326065341514,0.025682860985398293,6.2,196,1317.0,0.06000000000000005,False,0.2627939142461964,0.04535637149028078,0.0,,,3,person,0.2,0.1,region_crc,segformer_b2_cityscapes,cityscapes_val_half,206
,,,1.0,1000,True,0.0,0.0,1.0,0.216,196,1317.0,0.0,False,0.0,0.0,0.0,,,3,person,0.05,0.5,region_crc,segformer_b2_cityscapes,cityscapes_val_half,206
,,,0.997,997,True,0.1301642135171073,0.1301642135171073,0.04180729016661644,0.216,196,1317.0,0.06400000000000006,False,0.1313969571230982,0.04535637149028078,0.0,,,3,person,0.1,0.5,region_crc,segformer_b2_cityscapes,cityscapes_val_half,206
,,,0.99,990,True,0.18958798086246434,0.18958798086246434,0.031948622316122055,0.216,196,1317.0,0.06400000000000006,False,0.21991701244813278,0.058315334773218146,0.0,,,3,person,0.2,0.5,region_crc,segformer_b2_cityscapes,cityscapes_val_half,206
,,,1.0,1000,True,0.0,0.0,1.0,0.496,126,342.0,0.0,False,0.0,0.0,0.0,,,3,rider,0.05,0.1,region_crc,segformer_b2_cityscapes,cityscapes_val_half,127
,,,1.0,1000,True,0.0,0.0,1.0,0.496,126,342.0,0.0,False,0.0,0.0,0.0,,,3,rider,0.1,0.1,region_crc,segformer_b2_cityscapes,cityscapes_val_half,127
,,,0.999,999,True,0.05502645502645503,0.05502645502645503,0.01837306283414364,0.496,126,342.0,0.07200000000000001,False,0.09036144578313253,0.013793103448275862,0.0,,,3,rider,0.2,0.1,region_crc,segformer_b2_cityscapes,cityscapes_val_half,127
,,,1.0,1000,True,0.0,0.0,1.0,0.496,126,342.0,0.0,False,0.0,0.0,0.0,,,3,rider,0.05,0.5,region_crc,segformer_b2_cityscapes,cityscapes_val_half,127
,,,1.0,1000,True,0.0,0.0,1.0,0.496,126,342.0,0.0,False,0.0,0.0,0.0,,,3,rider,0.1,0.5,region_crc,segformer_b2_cityscapes,cityscapes_val_half,127
,,,1.0,1000,True,0.0,0.0,1.0,0.496,126,342.0,0.0,False,0.0,0.0,0.0,,,3,rider,0.2,0.5,region_crc,segformer_b2_cityscapes,cityscapes_val_half,127
,,,1.0,1000,True,0.0,0.0,1.0,0.296,176,819.0,0.0,False,0.0,0.0,0.0,,,3,bicycle,0.05,0.1,region_crc,segformer_b2_cityscapes,cityscapes_val_half,169
,,,1.0,1000,True,0.0,0.0,1.0,0.296,176,819.0,0.0,False,0.0,0.0,0.0,,,3,bicycle,0.1,0.1,region_crc,segformer_b2_cityscapes,cityscapes_val_half,169
,,,0.995,995,True,0.09325723203564112,0.09325723203564112,0.020832732319831848,0.296,176,819.0,0.10400000000000004,False,0.2019704433497537,0.02346041055718475,0.0,,,3,bicycle,0.2,0.1,region_crc,segformer_b2_cityscapes,cityscapes_val_half,169
,,,1.0,1000,True,0.0,0.0,1.0,0.296,176,819.0,0.0,False,0.0,0.0,0.0,,,3,bicycle,0.05,0.5,region_crc,segformer_b2_cityscapes,cityscapes_val_half,169
,,,1.0,1000,True,0.0,0.0,1.0,0.296,176,819.0,0.0,False,0.0,0.0,0.0,,,3,bicycle,0.1,0.5,region_crc,segformer_b2_cityscapes,cityscapes_val_half,169
,,,0.998,998,True,0.0944085980307571,0.0944085980307571,0.02592877671122551,0.296,176,819.0,0.08800000000000002,False,0.18719211822660098,0.02346041055718475,0.0,,,3,bicycle,0.2,0.5,region_crc,segformer_b2_cityscapes,cityscapes_val_half,169
,,,1.0,1000,True,0.0,0.0,,,225,,,False,,,,,,3,max_over_classes,0.05,0.1,shared_crc,segformer_b2_cityscapes,cityscapes_val_half,225
,,,1.0,1000,True,0.0,0.0,1.0,,196,,,False,,,,,,3,person,0.05,0.1,shared_crc,segformer_b2_cityscapes,cityscapes_val_half,225
,,,1.0,1000,True,0.0,0.0,1.0,,126,,,False,,,,,,3,rider,0.05,0.1,shared_crc,segformer_b2_cityscapes,cityscapes_val_half,225
,,,1.0,1000,True,0.0,0.0,1.0,,176,,,False,,,,,,3,bicycle,0.05,0.1,shared_crc,segformer_b2_cityscapes,cityscapes_val_half,225
,,,1.0,1000,True,0.0,0.0,,,225,,,False,,,,,,3,max_over_classes,0.1,0.1,shared_crc,segformer_b2_cityscapes,cityscapes_val_half,225
,,,1.0,1000,True,0.0,0.0,1.0,,196,,,False,,,,,,3,person,0.1,0.1,shared_crc,segformer_b2_cityscapes,cityscapes_val_half,225
,,,1.0,1000,True,0.0,0.0,1.0,,126,,,False,,,,,,3,rider,0.1,0.1,shared_crc,segformer_b2_cityscapes,cityscapes_val_half,225
,,,1.0,1000,True,0.0,0.0,1.0,,176,,,False,,,,,,3,bicycle,0.1,0.1,shared_crc,segformer_b2_cityscapes,cityscapes_val_half,225
,,,0.998,998,True,0.1215057415364261,0.1215057415364261,,,225,,,False,,,,,,3,max_over_classes,0.2,0.1,shared_crc,segformer_b2_cityscapes,cityscapes_val_half,225
,,,0.998,998,True,0.05355687885391871,0.05355687885391871,0.04570997506380081,,196,,,False,,,,,,3,person,0.2,0.1,shared_crc,segformer_b2_cityscapes,cityscapes_val_half,225
,,,0.998,998,True,0.0962962962962963,0.0962962962962963,0.014998874627053738,,126,,,False,,,,,,3,rider,0.2,0.1,shared_crc,segformer_b2_cityscapes,cityscapes_val_half,225
,,,0.998,998,True,0.05257051187448914,0.05257051187448914,0.02592877671122551,,176,,,False,,,,,,3,bicycle,0.2,0.1,shared_crc,segformer_b2_cityscapes,cityscapes_val_half,225
,,,1.0,1000,True,0.0,0.0,,,225,,,False,,,,,,3,max_over_classes,0.05,0.5,shared_crc,segformer_b2_cityscapes,cityscapes_val_half,225
,,,1.0,1000,True,0.0,0.0,1.0,,196,,,False,,,,,,3,person,0.05,0.5,shared_crc,segformer_b2_cityscapes,cityscapes_val_half,225
,,,1.0,1000,True,0.0,0.0,1.0,,126,,,False,,,,,,3,rider,0.05,0.5,shared_crc,segformer_b2_cityscapes,cityscapes_val_half,225
,,,1.0,1000,True,0.0,0.0,1.0,,176,,,False,,,,,,3,bicycle,0.05,0.5,shared_crc,segformer_b2_cityscapes,cityscapes_val_half,225
,,,1.0,1000,True,0.0,0.0,,,225,,,False,,,,,,3,max_over_classes,0.1,0.5,shared_crc,segformer_b2_cityscapes,cityscapes_val_half,225
,,,1.0,1000,True,0.0,0.0,1.0,,196,,,False,,,,,,3,person,0.1,0.5,shared_crc,segformer_b2_cityscapes,cityscapes_val_half,225
,,,1.0,1000,True,0.0,0.0,1.0,,126,,,False,,,,,,3,rider,0.1,0.5,shared_crc,segformer_b2_cityscapes,cityscapes_val_half,225
,,,1.0,1000,True,0.0,0.0,1.0,,176,,,False,,,,,,3,bicycle,0.1,0.5,shared_crc,segformer_b2_cityscapes,cityscapes_val_half,225
,,,1.0,1000,True,0.0,0.0,,,225,,,False,,,,,,3,max_over_classes,0.2,0.5,shared_crc,segformer_b2_cityscapes,cityscapes_val_half,225
,,,1.0,1000,True,0.0,0.0,1.0,,196,,,False,,,,,,3,person,0.2,0.5,shared_crc,segformer_b2_cityscapes,cityscapes_val_half,225
,,,1.0,1000,True,0.0,0.0,1.0,,126,,,False,,,,,,3,rider,0.2,0.5,shared_crc,segformer_b2_cityscapes,cityscapes_val_half,225
,,,1.0,1000,True,0.0,0.0,1.0,,176,,,False,,,,,,3,bicycle,0.2,0.5,shared_crc,segformer_b2_cityscapes,cityscapes_val_half,225
,,,0.999,999,True,0.03149483628902256,0.03149483628902256,0.05512652546167374,0.188,203,1307.0,0.064,False,0.04964539007092199,0.006423982869379015,0.0,,,4,person,0.05,0.1,region_crc,segformer_b2_cityscapes,cityscapes_val_half,199
,,,0.996,996,True,0.06981799777785686,0.06981799777785686,0.04171308875083923,0.188,203,1307.0,0.06,False,0.09361702127659574,0.01284796573875803,0.0,,,4,person,0.1,0.1,region_crc,segformer_b2_cityscapes,cityscapes_val_half,199
,,,0.981,981,True,0.16414508370722433,0.16414508370722436,0.030347658321261406,5.888,203,1307.0,0.06,False,0.22411347517730495,0.03854389721627409,0.0,,,4,person,0.2,0.1,region_crc,segformer_b2_cityscapes,cityscapes_val_half,199
,,,1.0,1000,True,0.0,0.0,1.0,0.188,203,1307.0,0.0,False,0.0,0.0,0.0,,,4,person,0.05,0.5,region_crc,segformer_b2_cityscapes,cityscapes_val_half,199
,,,0.999,999,True,0.04088239248109003,0.04088239248109004,0.05512652546167374,0.188,203,1307.0,0.064,False,0.062411347517730496,0.017130620985010708,0.0,,,4,person,0.1,0.5,region_crc,segformer_b2_cityscapes,cityscapes_val_half,199
,,,0.992,992,True,0.15903764507761822,0.1590376450776182,0.03627782687544823,0.188,203,1307.0,0.068,False,0.19858156028368795,0.047109207708779445,0.0,,,4,person,0.2,0.5,region_crc,segformer_b2_cityscapes,cityscapes_val_half,199
,,,1.0,1000,True,0.0,0.0,1.0,0.508,123,355.0,0.0,False,0.0,0.0,0.0,,,4,rider,0.05,0.1,region_crc,segformer_b2_cityscapes,cityscapes_val_half,130
,,,1.0,1000,True,0.0,0.0,1.0,0.508,123,355.0,0.0,False,0.0,0.0,0.0,,,4,rider,0.1,0.1,region_crc,segformer_b2_cityscapes,cityscapes_val_half,130
,,,0.997,997,True,0.20806679770094405,0.20806679770094408,0.011015873402357101,0.508,123,355.0,0.08800000000000002,False,0.2753623188405797,0.045454545454545456,0.0,,,4,rider,0.2,0.1,region_crc,segformer_b2_cityscapes,cityscapes_val_half,130
,,,1.0,1000,True,0.0,0.0,1.0,0.508,123,355.0,0.0,False,0.0,0.0,0.0,,,4,rider,0.05,0.5,region_crc,segformer_b2_cityscapes,cityscapes_val_half,130
,,,1.0,1000,True,0.0,0.0,1.0,0.508,123,355.0,0.0,False,0.0,0.0,0.0,,,4,rider,0.1,0.5,region_crc,segformer_b2_cityscapes,cityscapes_val_half,130
,,,0.999,999,True,0.16686470710860957,0.16686470710860954,0.015878956764936447,0.508,123,355.0,0.09599999999999997,False,0.21256038647342995,0.05303030303030303,0.0625,,,4,rider,0.2,0.5,region_crc,segformer_b2_cityscapes,cityscapes_val_half,130
,,,1.0,1000,True,0.0,0.0,1.0,0.3,175,862.0,0.0,False,0.0,0.0,0.0,,,4,bicycle,0.05,0.1,region_crc,segformer_b2_cityscapes,cityscapes_val_half,170
,,,0.998,998,True,0.08592946735803877,0.08592946735803879,0.024567576125264168,0.3,175,862.0,0.08400000000000007,False,0.16444444444444445,0.01749271137026239,0.0,,,4,bicycle,0.1,0.1,region_crc,segformer_b2_cityscapes,cityscapes_val_half,170
,,,0.991,991,True,0.15777731792017505,0.15777731792017508,0.017087694257497787,0.3,175,862.0,0.07999999999999996,False,0.28888888888888886,0.052478134110787174,0.0,,,4,bicycle,0.2,0.1,region_crc,segformer_b2_cityscapes,cityscapes_val_half,170
,,,1.0,1000,True,0.0,0.0,1.0,0.3,175,862.0,0.0,False,0.0,0.0,0.0,,,4,bicycle,0.05,0.5,region_crc,segformer_b2_cityscapes,cityscapes_val_half,170
,,,1.0,1000,True,0.0,0.0,1.0,0.3,175,862.0,0.0,False,0.0,0.0,0.0,,,4,bicycle,0.1,0.5,region_crc,segformer_b2_cityscapes,cityscapes_val_half,170
,,,0.996,996,True,0.15434099234099233,0.15434099234099233,0.020762935280799866,0.3,175,862.0,0.08000000000000007,False,0.2644444444444444,0.06705539358600583,0.0,,,4,bicycle,0.2,0.5,region_crc,segformer_b2_cityscapes,cityscapes_val_half,170
,,,1.0,1000,True,0.0,0.0,,,226,,,False,,,,,,4,max_over_classes,0.05,0.1,shared_crc,segformer_b2_cityscapes,cityscapes_val_half,224
,,,1.0,1000,True,0.0,0.0,1.0,,203,,,False,,,,,,4,person,0.05,0.1,shared_crc,segformer_b2_cityscapes,cityscapes_val_half,224
,,,1.0,1000,True,0.0,0.0,1.0,,123,,,False,,,,,,4,rider,0.05,0.1,shared_crc,segformer_b2_cityscapes,cityscapes_val_half,224
,,,1.0,1000,True,0.0,0.0,1.0,,175,,,False,,,,,,4,bicycle,0.05,0.1,shared_crc,segformer_b2_cityscapes,cityscapes_val_half,224
,,,1.0,1000,True,0.0,0.0,,,226,,,False,,,,,,4,max_over_classes,0.1,0.1,shared_crc,segformer_b2_cityscapes,cityscapes_val_half,224
,,,1.0,1000,True,0.0,0.0,1.0,,203,,,False,,,,,,4,person,0.1,0.1,shared_crc,segformer_b2_cityscapes,cityscapes_val_half,224
,,,1.0,1000,True,0.0,0.0,1.0,,123,,,False,,,,,,4,rider,0.1,0.1,shared_crc,segformer_b2_cityscapes,cityscapes_val_half,224
,,,1.0,1000,True,0.0,0.0,1.0,,175,,,False,,,,,,4,bicycle,0.1,0.1,shared_crc,segformer_b2_cityscapes,cityscapes_val_half,224
,,,0.998,998,True,0.15800518244420816,0.15800518244420816,,,226,,,False,,,,,,4,max_over_classes,0.2,0.1,shared_crc,segformer_b2_cityscapes,cityscapes_val_half,224
,,,0.998,998,True,0.04193342592128604,0.04193342592128604,0.04796585068106651,,203,,,False,,,,,,4,person,0.2,0.1,shared_crc,segformer_b2_cityscapes,cityscapes_val_half,224
,,,0.998,998,True,0.17242026266416507,0.17242026266416507,0.012652995996177197,,123,,,False,,,,,,4,rider,0.2,0.1,shared_crc,segformer_b2_cityscapes,cityscapes_val_half,224
,,,0.998,998,True,0.08592946735803877,0.08592946735803877,0.024567576125264168,,175,,,False,,,,,,4,bicycle,0.2,0.1,shared_crc,segformer_b2_cityscapes,cityscapes_val_half,224
,,,1.0,1000,True,0.0,0.0,,,226,,,False,,,,,,4,max_over_classes,0.05,0.5,shared_crc,segformer_b2_cityscapes,cityscapes_val_half,224
,,,1.0,1000,True,0.0,0.0,1.0,,203,,,False,,,,,,4,person,0.05,0.5,shared_crc,segformer_b2_cityscapes,cityscapes_val_half,224
,,,1.0,1000,True,0.0,0.0,1.0,,123,,,False,,,,,,4,rider,0.05,0.5,shared_crc,segformer_b2_cityscapes,cityscapes_val_half,224
,,,1.0,1000,True,0.0,0.0,1.0,,175,,,False,,,,,,4,bicycle,0.05,0.5,shared_crc,segformer_b2_cityscapes,cityscapes_val_half,224
,,,1.0,1000,True,0.0,0.0,,,226,,,False,,,,,,4,max_over_classes,0.1,0.5,shared_crc,segformer_b2_cityscapes,cityscapes_val_half,224
,,,1.0,1000,True,0.0,0.0,1.0,,203,,,False,,,,,,4,person,0.1,0.5,shared_crc,segformer_b2_cityscapes,cityscapes_val_half,224
,,,1.0,1000,True,0.0,0.0,1.0,,123,,,False,,,,,,4,rider,0.1,0.5,shared_crc,segformer_b2_cityscapes,cityscapes_val_half,224
,,,1.0,1000,True,0.0,0.0,1.0,,175,,,False,,,,,,4,bicycle,0.1,0.5,shared_crc,segformer_b2_cityscapes,cityscapes_val_half,224
,,,0.999,999,True,0.16589040625281343,0.16589040625281343,,,226,,,False,,,,,,4,max_over_classes,0.2,0.5,shared_crc,segformer_b2_cityscapes,cityscapes_val_half,224
,,,0.999,999,True,0.04088239248109003,0.04088239248109003,0.05512652546167374,,203,,,False,,,,,,4,person,0.2,0.5,shared_crc,segformer_b2_cityscapes,cityscapes_val_half,224
,,,0.999,999,True,0.16686470710860957,0.16686470710860957,0.015878956764936447,,123,,,False,,,,,,4,rider,0.2,0.5,shared_crc,segformer_b2_cityscapes,cityscapes_val_half,224
,,,0.999,999,True,0.0959072039072039,0.0959072039072039,0.02904847078025341,,175,,,False,,,,,,4,bicycle,0.2,0.5,shared_crc,segformer_b2_cityscapes,cityscapes_val_half,224
,,,0.999,999,True,0.026060504764007373,0.026060504764007373,0.05905957147479057,0.196,201,1373.0,0.08399999999999999,False,0.03856749311294766,0.006048387096774193,0.0,,,5,person,0.05,0.1,region_crc,segformer_b2_cityscapes,cityscapes_val_half,201
,,,0.996,996,True,0.06934954203379877,0.06934954203379877,0.04451935738325119,0.196,201,1373.0,0.09200000000000003,False,0.081267217630854,0.012096774193548387,0.0,,,5,person,0.1,0.1,region_crc,segformer_b2_cityscapes,cityscapes_val_half,201
,,,0.977,977,True,0.1903523929318717,0.1903523929318717,0.031012466177344322,6.348,201,1373.0,0.10400000000000001,False,0.22451790633608815,0.034274193548387094,0.0,,,5,person,0.2,0.1,region_crc,segformer_b2_cityscapes,cityscapes_val_half,201
,,,1.0,1000,True,0.0,0.0,1.0,0.196,201,1373.0,0.0,False,0.0,0.0,0.0,,,5,person,0.05,0.5,region_crc,segformer_b2_cityscapes,cityscapes_val_half,201
,,,0.999,999,True,0.04021321656008131,0.04021321656008131,0.05905957147479057,0.196,201,1373.0,0.08399999999999999,False,0.049586776859504134,0.016129032258064516,0.0,,,5,person,0.1,0.5,region_crc,segformer_b2_cityscapes,cityscapes_val_half,201
,,,0.99,990,True,0.19300116069257975,0.19300116069257975,0.03690939024090767,0.196,201,1373.0,0.10000000000000003,False,0.2066115702479339,0.05846774193548387,0.0,,,5,person,0.2,0.5,region_crc,segformer_b2_cityscapes,cityscapes_val_half,201
,,,1.0,1000,True,0.0,0.0,1.0,0.504,124,356.0,0.0,False,0.0,0.0,0.0,,,5,rider,0.05,0.1,region_crc,segformer_b2_cityscapes,cityscapes_val_half,129
,,,1.0,1000,True,0.0,0.0,1.0,0.504,124,356.0,0.0,False,0.0,0.0,0.0,,,5,rider,0.1,0.1,region_crc,segformer_b2_cityscapes,cityscapes_val_half,129
,,,0.997,997,True,0.17139686030815063,0.17139686030815063,0.012888462282717228,0.504,124,356.0,0.05199999999999999,False,0.22448979591836735,0.078125,0.0,,,5,rider,0.2,0.1,region_crc,segformer_b2_cityscapes,cityscapes_val_half,129
,,,1.0,1000,True,0.0,0.0,1.0,0.504,124,356.0,0.0,False,0.0,0.0,0.0,,,5,rider,0.05,0.5,region_crc,segformer_b2_cityscapes,cityscapes_val_half,129
,,,1.0,1000,True,0.0,0.0,1.0,0.504,124,356.0,0.0,False,0.0,0.0,0.0,,,5,rider,0.1,0.5,region_crc,segformer_b2_cityscapes,cityscapes_val_half,129
,,,0.999,999,True,0.144905273937532,0.144905273937532,0.018107224255800247,0.504,124,356.0,0.064,False,0.14795918367346939,0.078125,0.09375,,,5,rider,0.2,0.5,region_crc,segformer_b2_cityscapes,cityscapes_val_half,129
,,,1.0,1000,True,0.0,0.0,1.0,0.312,172,849.0,0.0,False,0.0,0.0,0.0,,,5,bicycle,0.05,0.1,region_crc,segformer_b2_cityscapes,cityscapes_val_half,173
,,,0.998,998,True,0.09180899849504502,0.09180899849504501,0.025745894759893417,0.312,172,849.0,0.04,False,0.1462882096069869,0.019543973941368076,0.0,,,5,bicycle,0.1,0.1,region_crc,segformer_b2_cityscapes,cityscapes_val_half,173
,,,0.985,985,True,0.23179457816085725,0.23179457816085725,0.015960758551955223,3.2,172,849.0,0.04800000000000004,False,0.36026200873362446,0.08794788273615635,0.0,,,5,bicycle,0.2,0.1,region_crc,segformer_b2_cityscapes,cityscapes_val_half,173
,,,1.0,1000,True,0.0,0.0,1.0,0.312,172,849.0,0.0,False,0.0,0.0,0.0,,,5,bicycle,0.05,0.5,region_crc,segformer_b2_cityscapes,cityscapes_val_half,173
,,,1.0,1000,True,0.0,0.0,1.0,0.312,172,849.0,0.0,False,0.0,0.0,0.0,,,5,bicycle,0.1,0.5,region_crc,segformer_b2_cityscapes,cityscapes_val_half,173
,,,0.993,993,True,0.2285792506280373,0.2285792506280373,0.019046612083911896,0.312,172,849.0,0.05199999999999999,False,0.3296943231441048,0.12052117263843648,0.011904761904761904,,,5,bicycle,0.2,0.5,region_crc,segformer_b2_cityscapes,cityscapes_val_half,173
,,,1.0,1000,True,0.0,0.0,,,230,,,False,,,,,,5,max_over_classes,0.05,0.1,shared_crc,segformer_b2_cityscapes,cityscapes_val_half,220
,,,1.0,1000,True,0.0,0.0,1.0,,201,,,False,,,,,,5,person,0.05,0.1,shared_crc,segformer_b2_cityscapes,cityscapes_val_half,220
,,,1.0,1000,True,0.0,0.0,1.0,,124,,,False,,,,,,5,rider,0.05,0.1,shared_crc,segformer_b2_cityscapes,cityscapes_val_half,220
,,,1.0,1000,True,0.0,0.0,1.0,,172,,,False,,,,,,5,bicycle,0.05,0.1,shared_crc,segformer_b2_cityscapes,cityscapes_val_half,220
,,,1.0,1000,True,0.0,0.0,,,230,,,False,,,,,,5,max_over_classes,0.1,0.1,shared_crc,segformer_b2_cityscapes,cityscapes_val_half,220
,,,1.0,1000,True,0.0,0.0,1.0,,201,,,False,,,,,,5,person,0.1,0.1,shared_crc,segformer_b2_cityscapes,cityscapes_val_half,220
,,,1.0,1000,True,0.0,0.0,1.0,,124,,,False,,,,,,5,rider,0.1,0.1,shared_crc,segformer_b2_cityscapes,cityscapes_val_half,220
,,,1.0,1000,True,0.0,0.0,1.0,,172,,,False,,,,,,5,bicycle,0.1,0.1,shared_crc,segformer_b2_cityscapes,cityscapes_val_half,220
,,,0.998,998,True,0.1360136525654092,0.1360136525654092,,,230,,,False,,,,,,5,max_over_classes,0.2,0.1,shared_crc,segformer_b2_cityscapes,cityscapes_val_half,220
,,,0.998,998,True,0.04309464276240303,0.04309464276240303,0.05129523575305939,,201,,,False,,,,,,5,person,0.2,0.1,shared_crc,segformer_b2_cityscapes,cityscapes_val_half,220
,,,0.998,998,True,0.13500384024577572,0.13500384024577572,0.01465597189962864,,124,,,False,,,,,,5,rider,0.2,0.1,shared_crc,segformer_b2_cityscapes,cityscapes_val_half,220
,,,0.998,998,True,0.09180899849504502,0.09180899849504502,0.025745894759893417,,172,,,False,,,,,,5,bicycle,0.2,0.1,shared_crc,segformer_b2_cityscapes,cityscapes_val_half,220
,,,1.0,1000,True,0.0,0.0,,,230,,,False,,,,,,5,max_over_classes,0.05,0.5,shared_crc,segformer_b2_cityscapes,cityscapes_val_half,220
,,,1.0,1000,True,0.0,0.0,1.0,,201,,,False,,,,,,5,person,0.05,0.5,shared_crc,segformer_b2_cityscapes,cityscapes_val_half,220
,,,1.0,1000,True,0.0,0.0,1.0,,124,,,False,,,,,,5,rider,0.05,0.5,shared_crc,segformer_b2_cityscapes,cityscapes_val_half,220
,,,1.0,1000,True,0.0,0.0,1.0,,172,,,False,,,,,,5,bicycle,0.05,0.5,shared_crc,segformer_b2_cityscapes,cityscapes_val_half,220
,,,1.0,1000,True,0.0,0.0,,,230,,,False,,,,,,5,max_over_classes,0.1,0.5,shared_crc,segformer_b2_cityscapes,cityscapes_val_half,220
,,,1.0,1000,True,0.0,0.0,1.0,,201,,,False,,,,,,5,person,0.1,0.5,shared_crc,segformer_b2_cityscapes,cityscapes_val_half,220
,,,1.0,1000,True,0.0,0.0,1.0,,124,,,False,,,,,,5,rider,0.1,0.5,shared_crc,segformer_b2_cityscapes,cityscapes_val_half,220
,,,1.0,1000,True,0.0,0.0,1.0,,172,,,False,,,,,,5,bicycle,0.1,0.5,shared_crc,segformer_b2_cityscapes,cityscapes_val_half,220
,,,0.999,999,True,0.154765566110801,0.154765566110801,,,230,,,False,,,,,,5,max_over_classes,0.2,0.5,shared_crc,segformer_b2_cityscapes,cityscapes_val_half,220
,,,0.999,999,True,0.04021321656008131,0.04021321656008131,0.05905957147479057,,201,,,False,,,,,,5,person,0.2,0.5,shared_crc,segformer_b2_cityscapes,cityscapes_val_half,220
,,,0.999,999,True,0.144905273937532,0.144905273937532,0.018107224255800247,,124,,,False,,,,,,5,rider,0.2,0.5,shared_crc,segformer_b2_cityscapes,cityscapes_val_half,220
,,,0.999,999,True,0.11072951596207412,0.11072951596207412,0.03039879910647869,,172,,,False,,,,,,5,bicycle,0.2,0.5,shared_crc,segformer_b2_cityscapes,cityscapes_val_half,220
,,,0.999,999,True,0.03664647667774296,0.03664647667774296,0.0550922192633152,0.192,202,1383.0,0.07200000000000001,False,0.05491698595146871,0.010822510822510822,0.0,,,6,person,0.05,0.1,region_crc,segformer_b2_cityscapes,cityscapes_val_half,200
,,,0.996,996,True,0.07447416970345579,0.0744741697034558,0.041312605142593384,0.192,202,1383.0,0.07600000000000001,False,0.09961685823754789,0.01948051948051948,0.0,,,6,person,0.1,0.1,region_crc,segformer_b2_cityscapes,cityscapes_val_half,200
,,,0.976,976,True,0.2018281763591821,0.2018281763591821,0.028087478131055832,6.18,202,1383.0,0.04800000000000004,False,0.2656449553001277,0.03896103896103896,0.0,,,6,person,0.2,0.1,region_crc,segformer_b2_cityscapes,cityscapes_val_half,200
,,,1.0,1000,True,0.0,0.0,1.0,0.192,202,1383.0,0.0,False,0.0,0.0,0.0,,,6,person,0.05,0.5,region_crc,segformer_b2_cityscapes,cityscapes_val_half,200
,,,0.999,999,True,0.04796700891411678,0.04796700891411679,0.0550922192633152,0.192,202,1383.0,0.07200000000000001,False,0.07407407407407407,0.021645021645021644,0.0,,,6,person,0.1,0.5,region_crc,segformer_b2_cityscapes,cityscapes_val_half,200
,,,0.99,990,True,0.19259394548477402,0.19259394548477402,0.03395453467965126,0.192,202,1383.0,0.06,False,0.23499361430395913,0.06493506493506493,0.0,,,6,person,0.2,0.5,region_crc,segformer_b2_cityscapes,cityscapes_val_half,200
,,,1.0,1000,True,0.0,0.0,1.0,0.488,128,339.0,0.0,False,0.0,0.0,0.0,,,6,rider,0.05,0.1,region_crc,segformer_b2_cityscapes,cityscapes_val_half,125
,,,1.0,1000,True,0.0,0.0,1.0,0.488,128,339.0,0.0,False,0.0,0.0,0.0,,,6,rider,0.1,0.1,region_crc,segformer_b2_cityscapes,cityscapes_val_half,125
,,,0.997,997,True,0.199753176510989,0.199753176510989,0.012409479357302189,0.488,128,339.0,0.04400000000000004,False,0.24725274725274726,0.09448818897637795,0.0,,,6,rider,0.2,0.1,region_crc,segformer_b2_cityscapes,cityscapes_val_half,125
,,,1.0,1000,True,0.0,0.0,1.0,0.488,128,339.0,0.0,False,0.0,0.0,0.0,,,6,rider,0.05,0.5,region_crc,segformer_b2_cityscapes,cityscapes_val_half,125
,,,1.0,1000,True,0.0,0.0,1.0,0.488,128,339.0,0.0,False,0.0,0.0,0.0,,,6,rider,0.1,0.5,region_crc,segformer_b2_cityscapes,cityscapes_val_half,125
,,,0.998,998,True,0.23419328067765566,0.23419328067765569,0.014132831245660782,0.488,128,339.0,0.05600000000000001,False,0.24725274725274726,0.12598425196850394,0.1,,,6,rider,0.2,0.5,region_crc,segformer_b2_cityscapes,cityscapes_val_half,125
,,,1.0,1000,True,0.0,0.0,1.0,0.272,182,899.0,0.0,False,0.0,0.0,0.0,,,6,bicycle,0.05,0.1,region_crc,segformer_b2_cityscapes,cityscapes_val_half,163
,,,0.998,998,True,0.09095114287421978,0.0909511428742198,0.025704195722937584,0.272,182,899.0,0.08399999999999996,False,0.1522633744855967,0.011834319526627219,0.0,,,6,bicycle,0.1,0.1,region_crc,segformer_b2_cityscapes,cityscapes_val_half,163
,,,0.99,990,True,0.18772259486545198,0.18772259486545198,0.01742839626967907,0.272,182,899.0,0.07600000000000007,False,0.28600823045267487,0.05621301775147929,0.0,,,6,bicycle,0.2,0.1,region_crc,segformer_b2_cityscapes,cityscapes_val_half,163
,,,1.0,1000,True,0.0,0.0,1.0,0.272,182,899.0,0.0,False,0.0,0.0,0.0,,,6,bicycle,0.05,0.5,region_crc,segformer_b2_cityscapes,cityscapes_val_half,163
,,,1.0,1000,True,0.0,0.0,1.0,0.272,182,899.0,0.0,False,0.0,0.0,0.0,,,6,bicycle,0.1,0.5,region_crc,segformer_b2_cityscapes,cityscapes_val_half,163
,,,0.995,995,True,0.18918936414755816,0.18918936414755816,0.020582016557455063,0.272,182,899.0,0.07200000000000006,False,0.2757201646090535,0.0650887573964497,0.0,,,6,bicycle,0.2,0.5,region_crc,segformer_b2_cityscapes,cityscapes_val_half,163
,,,1.0,1000,True,0.0,0.0,,,229,,,False,,,,,,6,max_over_classes,0.05,0.1,shared_crc,segformer_b2_cityscapes,cityscapes_val_half,221
,,,1.0,1000,True,0.0,0.0,1.0,,202,,,False,,,,,,6,person,0.05,0.1,shared_crc,segformer_b2_cityscapes,cityscapes_val_half,221
,,,1.0,1000,True,0.0,0.0,1.0,,128,,,False,,,,,,6,rider,0.05,0.1,shared_crc,segformer_b2_cityscapes,cityscapes_val_half,221
,,,1.0,1000,True,0.0,0.0,1.0,,182,,,False,,,,,,6,bicycle,0.05,0.1,shared_crc,segformer_b2_cityscapes,cityscapes_val_half,221
,,,1.0,1000,True,0.0,0.0,,,229,,,False,,,,,,6,max_over_classes,0.1,0.1,shared_crc,segformer_b2_cityscapes,cityscapes_val_half,221
,,,1.0,1000,True,0.0,0.0,1.0,,202,,,False,,,,,,6,person,0.1,0.1,shared_crc,segformer_b2_cityscapes,cityscapes_val_half,221
,,,1.0,1000,True,0.0,0.0,1.0,,128,,,False,,,,,,6,rider,0.1,0.1,shared_crc,segformer_b2_cityscapes,cityscapes_val_half,221
,,,1.0,1000,True,0.0,0.0,1.0,,182,,,False,,,,,,6,bicycle,0.1,0.1,shared_crc,segformer_b2_cityscapes,cityscapes_val_half,221
,,,0.997,997,True,0.19920882589579442,0.19920882589579442,,,229,,,False,,,,,,6,max_over_classes,0.2,0.1,shared_crc,segformer_b2_cityscapes,cityscapes_val_half,221
,,,0.997,997,True,0.06179963301901811,0.06179963301901811,0.04390140250325203,,202,,,False,,,,,,6,person,0.2,0.1,shared_crc,segformer_b2_cityscapes,cityscapes_val_half,221
,,,0.997,997,True,0.199753176510989,0.199753176510989,0.012409479357302189,,128,,,False,,,,,,6,rider,0.2,0.1,shared_crc,segformer_b2_cityscapes,cityscapes_val_half,221
,,,0.997,997,True,0.10238461172527107,0.10238461172527107,0.023296348750591278,,182,,,False,,,,,,6,bicycle,0.2,0.1,shared_crc,segformer_b2_cityscapes,cityscapes_val_half,221
,,,1.0,1000,True,0.0,0.0,,,229,,,False,,,,,,6,max_over_classes,0.05,0.5,shared_crc,segformer_b2_cityscapes,cityscapes_val_half,221
,,,1.0,1000,True,0.0,0.0,1.0,,202,,,False,,,,,,6,person,0.05,0.5,shared_crc,segformer_b2_cityscapes,cityscapes_val_half,221
,,,1.0,1000,True,0.0,0.0,1.0,,128,,,False,,,,,,6,rider,0.05,0.5,shared_crc,segformer_b2_cityscapes,cityscapes_val_half,221
,,,1.0,1000,True,0.0,0.0,1.0,,182,,,False,,,,,,6,bicycle,0.05,0.5,shared_crc,segformer_b2_cityscapes,cityscapes_val_half,221
,,,1.0,1000,True,0.0,0.0,,,229,,,False,,,,,,6,max_over_classes,0.1,0.5,shared_crc,segformer_b2_cityscapes,cityscapes_val_half,221
,,,1.0,1000,True,0.0,0.0,1.0,,202,,,False,,,,,,6,person,0.1,0.5,shared_crc,segformer_b2_cityscapes,cityscapes_val_half,221
,,,1.0,1000,True,0.0,0.0,1.0,,128,,,False,,,,,,6,rider,0.1,0.5,shared_crc,segformer_b2_cityscapes,cityscapes_val_half,221
,,,1.0,1000,True,0.0,0.0,1.0,,182,,,False,,,,,,6,bicycle,0.1,0.5,shared_crc,segformer_b2_cityscapes,cityscapes_val_half,221
,,,0.999,999,True,0.1820928263068001,0.1820928263068001,,,229,,,False,,,,,,6,max_over_classes,0.2,0.5,shared_crc,segformer_b2_cityscapes,cityscapes_val_half,221
,,,0.999,999,True,0.04796700891411678,0.04796700891411678,0.0550922192633152,,202,,,False,,,,,,6,person,0.2,0.5,shared_crc,segformer_b2_cityscapes,cityscapes_val_half,221
,,,0.999,999,True,0.17273494734432235,0.17273494734432235,0.01752406544983387,,128,,,False,,,,,,6,rider,0.2,0.5,shared_crc,segformer_b2_cityscapes,cityscapes_val_half,221
,,,0.999,999,True,0.11299695420574542,0.11299695420574542,0.030417930334806442,,182,,,False,,,,,,6,bicycle,0.2,0.5,shared_crc,segformer_b2_cityscapes,cityscapes_val_half,221
,,,0.999,999,True,0.037875801797531666,0.03787580179753168,0.05714856833219528,0.168,208,1425.0,0.05600000000000005,False,0.06422018348623854,0.005758157389635317,0.0,,,7,person,0.05,0.1,region_crc,segformer_b2_cityscapes,cityscapes_val_half,194
,,,0.994,994,True,0.10190403006854841,0.10190403006854841,0.03962478041648865,0.168,208,1425.0,0.064,False,0.14154652686762778,0.013435700575815739,0.0,,,7,person,0.1,0.1,region_crc,segformer_b2_cityscapes,cityscapes_val_half,194
,,,0.974,974,True,0.21123744074018694,0.21123744074018694,0.029244249686598778,6.004,208,1425.0,0.06399999999999995,False,0.29357798165137616,0.0345489443378119,0.0,,,7,person,0.2,0.1,region_crc,segformer_b2_cityscapes,cityscapes_val_half,194
,,,1.0,1000,True,0.0,0.0,1.0,0.168,208,1425.0,0.0,False,0.0,0.0,0.0,,,7,person,0.05,0.5,region_crc,segformer_b2_cityscapes,cityscapes_val_half,194
,,,0.998,998,True,0.09372147188599023,0.09372147188599021,0.04962586984038353,0.168,208,1425.0,0.05599999999999994,False,0.1127129750982962,0.02111324376199616,0.0,,,7,person,0.1,0.5,region_crc,segformer_b2_cityscapes,cityscapes_val_half,194
,,,0.988,988,True,0.21652151391174077,0.21652151391174077,0.03436991572380066,0.168,208,1425.0,0.06799999999999995,False,0.2699868938401048,0.0671785028790787,0.0,,,7,person,0.2,0.5,region_crc,segformer_b2_cityscapes,cityscapes_val_half,194
,,,1.0,1000,True,0.0,0.0,1.0,0.476,131,377.0,0.0,False,0.0,0.0,0.0,,,7,rider,0.05,0.1,region_crc,segformer_b2_cityscapes,cityscapes_val_half,122
,,,1.0,1000,True,0.0,0.0,1.0,0.476,131,377.0,0.0,False,0.0,0.0,0.0,,,7,rider,0.1,0.1,region_crc,segformer_b2_cityscapes,cityscapes_val_half,122
,,,0.998,998,True,0.14180717501328188,0.14180717501328188,0.014809627085924149,0.476,131,377.0,0.06399999999999995,False,0.19555555555555557,0.00819672131147541,0.0,,,7,rider,0.2,0.1,region_crc,segformer_b2_cityscapes,cityscapes_val_half,122
,,,1.0,1000,True,0.0,0.0,1.0,0.476,131,377.0,0.0,False,0.0,0.0,0.0,,,7,rider,0.05,0.5,region_crc,segformer_b2_cityscapes,cityscapes_val_half,122
,,,1.0,1000,True,0.0,0.0,1.0,0.476,131,377.0,0.0,False,0.0,0.0,0.0,,,7,rider,0.1,0.5,region_crc,segformer_b2_cityscapes,cityscapes_val_half,122
,,,0.999,999,True,0.1573288035120096,0.1573288035120096,0.01828031986951828,0.476,131,377.0,0.052000000000000046,False,0.18222222222222223,0.04918032786885246,0.1,,,7,rider,0.2,0.5,region_crc,segformer_b2_cityscapes,cityscapes_val_half,122
,,,1.0,1000,True,0.0,0.0,1.0,0.328,168,867.0,0.0,False,0.0,0.0,0.0,,,7,bicycle,0.05,0.1,region_crc,segformer_b2_cityscapes,cityscapes_val_half,177
,,,0.998,998,True,0.08639452478738194,0.08639452478738192,0.026330208405852318,0.328,168,867.0,0.055999999999999994,False,0.15418502202643172,0.01834862385321101,0.0,,,7,bicycle,0.1,0.1,region_crc,segformer_b2_cityscapes,cityscapes_val_half,177
,,,0.99,990,True,0.17838698999413286,0.17838698999413283,0.018173551186919212,0.328,168,867.0,0.03600000000000003,False,0.30837004405286345,0.05504587155963303,0.0,,,7,bicycle,0.2,0.1,region_crc,segformer_b2_cityscapes,cityscapes_val_half,177
,,,1.0,1000,True,0.0,0.0,1.0,0.328,168,867.0,0.0,False,0.0,0.0,0.0,,,7,bicycle,0.05,0.5,region_crc,segformer_b2_cityscapes,cityscapes_val_half,177
,,,1.0,1000,True,0.0,0.0,1.0,0.328,168,867.0,0.0,False,0.0,0.0,0.0,,,7,bicycle,0.1,0.5,region_crc,segformer_b2_cityscapes,cityscapes_val_half,177
,,,0.995,995,True,0.17275657543514686,0.17275657543514686,0.02125127799808979,0.328,168,867.0,0.04799999999999999,False,0.2907488986784141,0.07339449541284404,0.011627906976744186,,,7,bicycle,0.2,0.5,region_crc,segformer_b2_cityscapes,cityscapes_val_half,177
,,,1.0,1000,True,0.0,0.0,,,227,,,False,,,,,,7,max_over_classes,0.05,0.1,shared_crc,segformer_b2_cityscapes,cityscapes_val_half,223
,,,1.0,1000,True,0.0,0.0,1.0,,208,,,False,,,,,,7,person,0.05,0.1,shared_crc,segformer_b2_cityscapes,cityscapes_val_half,223
,,,1.0,1000,True,0.0,0.0,1.0,,131,,,False,,,,,,7,rider,0.05,0.1,shared_crc,segformer_b2_cityscapes,cityscapes_val_half,223
,,,1.0,1000,True,0.0,0.0,1.0,,168,,,False,,,,,,7,bicycle,0.05,0.1,shared_crc,segformer_b2_cityscapes,cityscapes_val_half,223
,,,1.0,1000,True,0.0,0.0,,,227,,,False,,,,,,7,max_over_classes,0.1,0.1,shared_crc,segformer_b2_cityscapes,cityscapes_val_half,223
,,,1.0,1000,True,0.0,0.0,1.0,,208,,,False,,,,,,7,person,0.1,0.1,shared_crc,segformer_b2_cityscapes,cityscapes_val_half,223
,,,1.0,1000,True,0.0,0.0,1.0,,131,,,False,,,,,,7,rider,0.1,0.1,shared_crc,segformer_b2_cityscapes,cityscapes_val_half,223
,,,1.0,1000,True,0.0,0.0,1.0,,168,,,False,,,,,,7,bicycle,0.1,0.1,shared_crc,segformer_b2_cityscapes,cityscapes_val_half,223
,,,0.998,998,True,0.15393726862105636,0.15393726862105636,,,227,,,False,,,,,,7,max_over_classes,0.2,0.1,shared_crc,segformer_b2_cityscapes,cityscapes_val_half,223
,,,0.998,998,True,0.052792738048602544,0.052792738048602544,0.04962586984038353,,208,,,False,,,,,,7,person,0.2,0.1,shared_crc,segformer_b2_cityscapes,cityscapes_val_half,223
,,,0.998,998,True,0.14180717501328188,0.14180717501328188,0.014809627085924149,,131,,,False,,,,,,7,rider,0.2,0.1,shared_crc,segformer_b2_cityscapes,cityscapes_val_half,223
,,,0.998,998,True,0.08639452478738194,0.08639452478738194,0.026330208405852318,,168,,,False,,,,,,7,bicycle,0.2,0.1,shared_crc,segformer_b2_cityscapes,cityscapes_val_half,223
,,,1.0,1000,True,0.0,0.0,,,227,,,False,,,,,,7,max_over_classes,0.05,0.5,shared_crc,segformer_b2_cityscapes,cityscapes_val_half,223
,,,1.0,1000,True,0.0,0.0,1.0,,208,,,False,,,,,,7,person,0.05,0.5,shared_crc,segformer_b2_cityscapes,cityscapes_val_half,223
,,,1.0,1000,True,0.0,0.0,1.0,,131,,,False,,,,,,7,rider,0.05,0.5,shared_crc,segformer_b2_cityscapes,cityscapes_val_half,223
,,,1.0,1000,True,0.0,0.0,1.0,,168,,,False,,,,,,7,bicycle,0.05,0.5,shared_crc,segformer_b2_cityscapes,cityscapes_val_half,223
,,,1.0,1000,True,0.0,0.0,,,227,,,False,,,,,,7,max_over_classes,0.1,0.5,shared_crc,segformer_b2_cityscapes,cityscapes_val_half,223
,,,1.0,1000,True,0.0,0.0,1.0,,208,,,False,,,,,,7,person,0.1,0.5,shared_crc,segformer_b2_cityscapes,cityscapes_val_half,223
,,,1.0,1000,True,0.0,0.0,1.0,,131,,,False,,,,,,7,rider,0.1,0.5,shared_crc,segformer_b2_cityscapes,cityscapes_val_half,223
,,,1.0,1000,True,0.0,0.0,1.0,,168,,,False,,,,,,7,bicycle,0.1,0.5,shared_crc,segformer_b2_cityscapes,cityscapes_val_half,223
,,,0.999,999,True,0.16595694804683364,0.16595694804683364,,,227,,,False,,,,,,7,max_over_classes,0.2,0.5,shared_crc,segformer_b2_cityscapes,cityscapes_val_half,223
,,,0.999,999,True,0.049825768675383166,0.049825768675383166,0.05714856833219528,,208,,,False,,,,,,7,person,0.2,0.5,shared_crc,segformer_b2_cityscapes,cityscapes_val_half,223
,,,0.999,999,True,0.1573288035120096,0.1573288035120096,0.01828031986951828,,131,,,False,,,,,,7,rider,0.2,0.5,shared_crc,segformer_b2_cityscapes,cityscapes_val_half,223
,,,0.999,999,True,0.09418029060886204,0.09418029060886204,0.031030822545289993,,168,,,False,,,,,,7,bicycle,0.2,0.5,shared_crc,segformer_b2_cityscapes,cityscapes_val_half,223
,,,0.999,999,True,0.03848099924130852,0.038480999241308524,0.05661088228225708,0.224,194,1334.0,0.096,False,0.057692307692307696,0.008968609865470852,0.0,,,8,person,0.05,0.1,region_crc,segformer_b2_cityscapes,cityscapes_val_half,208
,,,0.995,995,True,0.09103167737188356,0.09103167737188356,0.040800947695970535,0.224,194,1334.0,0.1,False,0.10989010989010989,0.01569506726457399,0.0,,,8,person,0.1,0.1,region_crc,segformer_b2_cityscapes,cityscapes_val_half,208
,,,0.97,970,True,0.2287684463359115,0.22876844633591148,0.028134070336818695,5.972,194,1334.0,0.10400000000000004,False,0.2857142857142857,0.0515695067264574,0.0,,,8,person,0.2,0.1,region_crc,segformer_b2_cityscapes,cityscapes_val_half,208
,,,1.0,1000,True,0.0,0.0,1.0,0.224,194,1334.0,0.0,False,0.0,0.0,0.0,,,8,person,0.05,0.5,region_crc,segformer_b2_cityscapes,cityscapes_val_half,208
,,,0.998,998,True,0.0897716544623761,0.0897716544623761,0.04921463876962662,0.224,194,1334.0,0.10400000000000001,False,0.10027472527472528,0.026905829596412557,0.0,,,8,person,0.1,0.5,region_crc,segformer_b2_cityscapes,cityscapes_val_half,208
,,,0.987,987,True,0.2402383436532921,0.24023834365329208,0.03353624418377876,5.972,194,1334.0,0.11200000000000002,False,0.2445054945054945,0.08968609865470852,0.0,,,8,person,0.2,0.5,region_crc,segformer_b2_cityscapes,cityscapes_val_half,208
,,,1.0,1000,True,0.0,0.0,1.0,0.544,114,323.0,0.0,False,0.0,0.0,0.0,,,8,rider,0.05,0.1,region_crc,segformer_b2_cityscapes,cityscapes_val_half,139
,,,1.0,1000,True,0.0,0.0,1.0,0.544,114,323.0,0.0,False,0.0,0.0,0.0,,,8,rider,0.1,0.1,region_crc,segformer_b2_cityscapes,cityscapes_val_half,139
,,,0.997,997,True,0.19693464430306537,0.19693464430306534,0.011853001080453396,0.544,114,323.0,0.14799999999999996,True,0.2808988764044944,0.09482758620689655,0.0,,,8,rider,0.2,0.1,region_crc,segformer_b2_cityscapes,cityscapes_val_half,139
,,,1.0,1000,True,0.0,0.0,1.0,0.544,114,323.0,0.0,False,0.0,0.0,0.0,,,8,rider,0.05,0.5,region_crc,segformer_b2_cityscapes,cityscapes_val_half,139
,,,1.0,1000,True,0.0,0.0,1.0,0.544,114,323.0,0.0,False,0.0,0.0,0.0,,,8,rider,0.1,0.5,region_crc,segformer_b2_cityscapes,cityscapes_val_half,139
,,,0.998,998,True,0.24497140286613972,0.24497140286613972,0.013476953841745853,0.544,114,323.0,0.12,False,0.28651685393258425,0.13793103448275862,0.10344827586206896,,,8,rider,0.2,0.5,region_crc,segformer_b2_cityscapes,cityscapes_val_half,139
,,,1.0,1000,True,0.0,0.0,1.0,0.356,161,746.0,0.0,False,0.0,0.0,0.0,,,8,bicycle,0.05,0.1,region_crc,segformer_b2_cityscapes,cityscapes_val_half,184
,,,0.998,998,True,0.08813960366755397,0.08813960366755397,0.02399672195315361,0.356,161,746.0,0.13999999999999999,False,0.14507772020725387,0.010869565217391304,0.0,,,8,bicycle,0.1,0.1,region_crc,segformer_b2_cityscapes,cityscapes_val_half,184
,,,0.991,991,True,0.1569385066279476,0.1569385066279476,0.01653418503701687,0.356,161,746.0,0.15200000000000002,True,0.25647668393782386,0.050724637681159424,0.0,,,8,bicycle,0.2,0.1,region_crc,segformer_b2_cityscapes,cityscapes_val_half,184
,,,1.0,1000,True,0.0,0.0,1.0,0.356,161,746.0,0.0,False,0.0,0.0,0.0,,,8,bicycle,0.05,0.5,region_crc,segformer_b2_cityscapes,cityscapes_val_half,184
,,,1.0,1000,True,0.0,0.0,1.0,0.356,161,746.0,0.0,False,0.0,0.0,0.0,,,8,bicycle,0.1,0.5,region_crc,segformer_b2_cityscapes,cityscapes_val_half,184
,,,0.996,996,True,0.15417058786624005,0.15417058786624005,0.020169757306575775,0.356,161,746.0,0.14800000000000002,True,0.22538860103626943,0.06521739130434782,0.011904761904761904,,,8,bicycle,0.2,0.5,region_crc,segformer_b2_cityscapes,cityscapes_val_half,184
,,,1.0,1000,True,0.0,0.0,,,219,,,False,,,,,,8,max_over_classes,0.05,0.1,shared_crc,segformer_b2_cityscapes,cityscapes_val_half,231
,,,1.0,1000,True,0.0,0.0,1.0,,194,,,False,,,,,,8,person,0.05,0.1,shared_crc,segformer_b2_cityscapes,cityscapes_val_half,231
,,,1.0,1000,True,0.0,0.0,1.0,,114,,,False,,,,,,8,rider,0.05,0.1,shared_crc,segformer_b2_cityscapes,cityscapes_val_half,231
,,,1.0,1000,True,0.0,0.0,1.0,,161,,,False,,,,,,8,bicycle,0.05,0.1,shared_crc,segformer_b2_cityscapes,cityscapes_val_half,231
,,,1.0,1000,True,0.0,0.0,,,219,,,False,,,,,,8,max_over_classes,0.1,0.1,shared_crc,segformer_b2_cityscapes,cityscapes_val_half,231
,,,1.0,1000,True,0.0,0.0,1.0,,194,,,False,,,,,,8,person,0.1,0.1,shared_crc,segformer_b2_cityscapes,cityscapes_val_half,231
,,,1.0,1000,True,0.0,0.0,1.0,,114,,,False,,,,,,8,rider,0.1,0.1,shared_crc,segformer_b2_cityscapes,cityscapes_val_half,231
,,,1.0,1000,True,0.0,0.0,1.0,,161,,,False,,,,,,8,bicycle,0.1,0.1,shared_crc,segformer_b2_cityscapes,cityscapes_val_half,231
,,,0.997,997,True,0.19067959775722332,0.19067959775722332,,,219,,,False,,,,,,8,max_over_classes,0.2,0.1,shared_crc,segformer_b2_cityscapes,cityscapes_val_half,231
,,,0.997,997,True,0.06874090495224516,0.06874090495224516,0.04531235620379448,,194,,,False,,,,,,8,person,0.2,0.1,shared_crc,segformer_b2_cityscapes,cityscapes_val_half,231
,,,0.997,997,True,0.19693464430306537,0.19693464430306537,0.011853001080453396,,114,,,False,,,,,,8,rider,0.2,0.1,shared_crc,segformer_b2_cityscapes,cityscapes_val_half,231
,,,0.997,997,True,0.10948930296756383,0.10948930296756383,0.02168034017086029,,161,,,False,,,,,,8,bicycle,0.2,0.1,shared_crc,segformer_b2_cityscapes,cityscapes_val_half,231
,,,1.0,1000,True,0.0,0.0,,,219,,,False,,,,,,8,max_over_classes,0.05,0.5,shared_crc,segformer_b2_cityscapes,cityscapes_val_half,231
,,,1.0,1000,True,0.0,0.0,1.0,,194,,,False,,,,,,8,person,0.05,0.5,shared_crc,segformer_b2_cityscapes,cityscapes_val_half,231
,,,1.0,1000,True,0.0,0.0,1.0,,114,,,False,,,,,,8,rider,0.05,0.5,shared_crc,segformer_b2_cityscapes,cityscapes_val_half,231
,,,1.0,1000,True,0.0,0.0,1.0,,161,,,False,,,,,,8,bicycle,0.05,0.5,shared_crc,segformer_b2_cityscapes,cityscapes_val_half,231
,,,1.0,1000,True,0.0,0.0,,,219,,,False,,,,,,8,max_over_classes,0.1,0.5,shared_crc,segformer_b2_cityscapes,cityscapes_val_half,231
,,,1.0,1000,True,0.0,0.0,1.0,,194,,,False,,,,,,8,person,0.1,0.5,shared_crc,segformer_b2_cityscapes,cityscapes_val_half,231
,,,1.0,1000,True,0.0,0.0,1.0,,114,,,False,,,,,,8,rider,0.1,0.5,shared_crc,segformer_b2_cityscapes,cityscapes_val_half,231
,,,1.0,1000,True,0.0,0.0,1.0,,161,,,False,,,,,,8,bicycle,0.1,0.5,shared_crc,segformer_b2_cityscapes,cityscapes_val_half,231
,,,0.999,999,True,0.16396599130617392,0.16396599130617392,,,219,,,False,,,,,,8,max_over_classes,0.2,0.5,shared_crc,segformer_b2_cityscapes,cityscapes_val_half,231
,,,0.999,999,True,0.0537702394016827,0.0537702394016827,0.05661088228225708,,194,,,False,,,,,,8,person,0.2,0.5,shared_crc,segformer_b2_cityscapes,cityscapes_val_half,231
,,,0.999,999,True,0.17220615641668272,0.17220615641668272,0.016750022768974304,,114,,,False,,,,,,8,rider,0.2,0.5,shared_crc,segformer_b2_cityscapes,cityscapes_val_half,231
,,,0.999,999,True,0.1026323572907424,0.1026323572907424,0.02852502651512623,,161,,,False,,,,,,8,bicycle,0.2,0.5,shared_crc,segformer_b2_cityscapes,cityscapes_val_half,231
,,,0.999,999,True,0.03587780765811069,0.03587780765811069,0.05368920788168907,0.208,198,1212.0,0.08400000000000007,False,0.059907834101382486,0.004662004662004662,0.0,,,9,person,0.05,0.1,region_crc,segformer_b2_cityscapes,cityscapes_val_half,204
,,,0.995,995,True,0.09089323975687612,0.09089323975687612,0.037889230996370316,0.208,198,1212.0,0.08399999999999996,False,0.11367127496159754,0.009324009324009324,0.0,,,9,person,0.1,0.1,region_crc,segformer_b2_cityscapes,cityscapes_val_half,204
,,,0.972,972,True,0.22086663421853558,0.22086663421853558,0.025951851159334183,6.168,198,1212.0,0.07999999999999996,False,0.3010752688172043,0.04428904428904429,0.0,,,9,person,0.2,0.1,region_crc,segformer_b2_cityscapes,cityscapes_val_half,204
,,,1.0,1000,True,0.0,0.0,1.0,0.208,198,1212.0,0.0,False,0.0,0.0,0.0,,,9,person,0.05,0.5,region_crc,segformer_b2_cityscapes,cityscapes_val_half,204
,,,0.998,998,True,0.08635246160498684,0.08635246160498684,0.04625676944851875,0.208,198,1212.0,0.08000000000000007,False,0.09831029185867896,0.016317016317016316,0.0,,,9,person,0.1,0.5,region_crc,segformer_b2_cityscapes,cityscapes_val_half,204
,,,0.987,987,True,0.22798017976939544,0.22798017976939547,0.030743606388568878,6.168,198,1212.0,0.08399999999999996,False,0.27035330261136714,0.08624708624708624,0.0,,,9,person,0.2,0.5,region_crc,segformer_b2_cityscapes,cityscapes_val_half,204
,,,1.0,1000,True,0.0,0.0,1.0,0.5,125,317.0,0.0,False,0.0,0.0,0.0,,,9,rider,0.05,0.1,region_crc,segformer_b2_cityscapes,cityscapes_val_half,128
,,,1.0,1000,True,0.0,0.0,1.0,0.5,125,317.0,0.0,False,0.0,0.0,0.0,,,9,rider,0.1,0.1,region_crc,segformer_b2_cityscapes,cityscapes_val_half,128
,,,0.995,995,True,0.2755018759018759,0.2755018759018759,0.009925773367285728,0.5,125,317.0,0.08399999999999996,False,0.39156626506024095,0.096,0.038461538461538464,,,9,rider,0.2,0.1,region_crc,segformer_b2_cityscapes,cityscapes_val_half,128
,,,1.0,1000,True,0.0,0.0,1.0,0.5,125,317.0,0.0,False,0.0,0.0,0.0,,,9,rider,0.05,0.5,region_crc,segformer_b2_cityscapes,cityscapes_val_half,128
,,,1.0,1000,True,0.0,0.0,1.0,0.5,125,317.0,0.0,False,0.0,0.0,0.0,,,9,rider,0.1,0.5,region_crc,segformer_b2_cityscapes,cityscapes_val_half,128
,,,0.998,998,True,0.2584923520923521,0.25849235209235205,0.013484769500792027,0.5,125,317.0,0.08399999999999996,False,0.3493975903614458,0.096,0.07692307692307693,,,9,rider,0.2,0.5,region_crc,segformer_b2_cityscapes,cityscapes_val_half,128
,,,1.0,1000,True,0.0,0.0,1.0,0.324,169,819.0,0.0,False,0.0,0.0,0.0,,,9,bicycle,0.05,0.1,region_crc,segformer_b2_cityscapes,cityscapes_val_half,176
,,,0.998,998,True,0.10008443233295304,0.10008443233295304,0.023405732586979866,0.324,169,819.0,0.08400000000000007,False,0.17209302325581396,0.02127659574468085,0.0,,,9,bicycle,0.1,0.1,region_crc,segformer_b2_cityscapes,cityscapes_val_half,176
,,,0.99,990,True,0.17951297551889267,0.17951297551889267,0.015640955418348312,0.324,169,819.0,0.10400000000000004,False,0.29767441860465116,0.04559270516717325,0.0,,,9,bicycle,0.2,0.1,region_crc,segformer_b2_cityscapes,cityscapes_val_half,176
,,,1.0,1000,True,0.0,0.0,1.0,0.324,169,819.0,0.0,False,0.0,0.0,0.0,,,9,bicycle,0.05,0.5,region_crc,segformer_b2_cityscapes,cityscapes_val_half,176
,,,1.0,1000,True,0.0,0.0,1.0,0.324,169,819.0,0.0,False,0.0,0.0,0.0,,,9,bicycle,0.1,0.5,region_crc,segformer_b2_cityscapes,cityscapes_val_half,176
,,,0.995,995,True,0.17365371029507895,0.17365371029507895,0.01856173202395439,0.324,169,819.0,0.08799999999999997,False,0.28837209302325584,0.057750759878419454,0.0,,,9,bicycle,0.2,0.5,region_crc,segformer_b2_cityscapes,cityscapes_val_half,176
,,,1.0,1000,True,0.0,0.0,,,225,,,False,,,,,,9,max_over_classes,0.05,0.1,shared_crc,segformer_b2_cityscapes,cityscapes_val_half,225
,,,1.0,1000,True,0.0,0.0,1.0,,198,,,False,,,,,,9,person,0.05,0.1,shared_crc,segformer_b2_cityscapes,cityscapes_val_half,225
,,,1.0,1000,True,0.0,0.0,1.0,,125,,,False,,,,,,9,rider,0.05,0.1,shared_crc,segformer_b2_cityscapes,cityscapes_val_half,225
,,,1.0,1000,True,0.0,0.0,1.0,,169,,,False,,,,,,9,bicycle,0.05,0.1,shared_crc,segformer_b2_cityscapes,cityscapes_val_half,225
,,,1.0,1000,True,0.0,0.0,,,225,,,False,,,,,,9,max_over_classes,0.1,0.1,shared_crc,segformer_b2_cityscapes,cityscapes_val_half,225
,,,1.0,1000,True,0.0,0.0,1.0,,198,,,False,,,,,,9,person,0.1,0.1,shared_crc,segformer_b2_cityscapes,cityscapes_val_half,225
,,,1.0,1000,True,0.0,0.0,1.0,,125,,,False,,,,,,9,rider,0.1,0.1,shared_crc,segformer_b2_cityscapes,cityscapes_val_half,225
,,,1.0,1000,True,0.0,0.0,1.0,,169,,,False,,,,,,9,bicycle,0.1,0.1,shared_crc,segformer_b2_cityscapes,cityscapes_val_half,225
,,,0.997,997,True,0.20665248331914998,0.20665248331914998,,,225,,,False,,,,,,9,max_over_classes,0.2,0.1,shared_crc,segformer_b2_cityscapes,cityscapes_val_half,225
,,,0.997,997,True,0.06958291427988399,0.06958291427988399,0.0423583984375,,198,,,False,,,,,,9,person,0.2,0.1,shared_crc,segformer_b2_cityscapes,cityscapes_val_half,225
,,,0.997,997,True,0.21868282828282826,0.21868282828282826,0.011794685386121273,,125,,,False,,,,,,9,rider,0.2,0.1,shared_crc,segformer_b2_cityscapes,cityscapes_val_half,225
,,,0.997,997,True,0.11246820240903083,0.11246820240903083,0.021125428378582,,169,,,False,,,,,,9,bicycle,0.2,0.1,shared_crc,segformer_b2_cityscapes,cityscapes_val_half,225
,,,1.0,1000,True,0.0,0.0,,,225,,,False,,,,,,9,max_over_classes,0.05,0.5,shared_crc,segformer_b2_cityscapes,cityscapes_val_half,225
,,,1.0,1000,True,0.0,0.0,1.0,,198,,,False,,,,,,9,person,0.05,0.5,shared_crc,segformer_b2_cityscapes,cityscapes_val_half,225
,,,1.0,1000,True,0.0,0.0,1.0,,125,,,False,,,,,,9,rider,0.05,0.5,shared_crc,segformer_b2_cityscapes,cityscapes_val_half,225
,,,1.0,1000,True,0.0,0.0,1.0,,169,,,False,,,,,,9,bicycle,0.05,0.5,shared_crc,segformer_b2_cityscapes,cityscapes_val_half,225
,,,1.0,1000,True,0.0,0.0,,,225,,,False,,,,,,9,max_over_classes,0.1,0.5,shared_crc,segformer_b2_cityscapes,cityscapes_val_half,225
,,,1.0,1000,True,0.0,0.0,1.0,,198,,,False,,,,,,9,person,0.1,0.5,shared_crc,segformer_b2_cityscapes,cityscapes_val_half,225
,,,1.0,1000,True,0.0,0.0,1.0,,125,,,False,,,,,,9,rider,0.1,0.5,shared_crc,segformer_b2_cityscapes,cityscapes_val_half,225
,,,1.0,1000,True,0.0,0.0,1.0,,169,,,False,,,,,,9,bicycle,0.1,0.5,shared_crc,segformer_b2_cityscapes,cityscapes_val_half,225
,,,0.999,999,True,0.17929710413043748,0.17929710413043748,,,225,,,False,,,,,,9,max_over_classes,0.2,0.5,shared_crc,segformer_b2_cityscapes,cityscapes_val_half,225
,,,0.999,999,True,0.050748739195708895,0.050748739195708895,0.05368920788168907,,198,,,False,,,,,,9,person,0.2,0.5,shared_crc,segformer_b2_cityscapes,cityscapes_val_half,225
,,,0.999,999,True,0.18294603174603175,0.18294603174603175,0.016877714544534683,,125,,,False,,,,,,9,rider,0.2,0.5,shared_crc,segformer_b2_cityscapes,cityscapes_val_half,225
,,,0.999,999,True,0.11514501277814888,0.11514501277814888,0.027944814413785934,,169,,,False,,,,,,9,bicycle,0.2,0.5,shared_crc,segformer_b2_cityscapes,cityscapes_val_half,225
,,,0.998,998,True,0.05864931521940594,0.05864931521940594,0.04894518479704857,0.196,201,1376.0,0.08800000000000002,False,0.07856191744340879,0.018480492813141684,0.0,,,10,person,0.05,0.1,region_crc,segformer_b2_cityscapes,cityscapes_val_half,201
,,,0.994,994,True,0.0975644538857884,0.0975644538857884,0.0390305370092392,0.196,201,1376.0,0.08399999999999999,False,0.12916111850865514,0.028747433264887063,0.0,,,10,person,0.1,0.1,region_crc,segformer_b2_cityscapes,cityscapes_val_half,201
,,,0.974,974,True,0.20962405073979554,0.20962405073979554,0.028759989887475967,5.984,201,1376.0,0.07199999999999995,False,0.2782956058588549,0.0513347022587269,0.0,,,10,person,0.2,0.1,region_crc,segformer_b2_cityscapes,cityscapes_val_half,201
,,,0.999,999,True,0.06622025680776046,0.06622025680776046,0.056372031569480896,0.196,201,1376.0,0.08400000000000002,False,0.08388814913448735,0.028747433264887063,0.0,,,10,person,0.05,0.5,region_crc,segformer_b2_cityscapes,cityscapes_val_half,201
,,,0.998,998,True,0.09724576115416032,0.09724576115416034,0.04894518479704857,0.196,201,1376.0,0.08800000000000002,False,0.1118508655126498,0.03490759753593429,0.0,,,10,person,0.1,0.5,region_crc,segformer_b2_cityscapes,cityscapes_val_half,201
,,,0.989,989,True,0.20268631876475013,0.20268631876475013,0.03446104750037193,0.196,201,1376.0,0.07999999999999999,False,0.24766977363515313,0.07186858316221766,0.0,,,10,person,0.2,0.5,region_crc,segformer_b2_cityscapes,cityscapes_val_half,201
,,,1.0,1000,True,0.0,0.0,1.0,0.5,125,362.0,0.0,False,0.0,0.0,0.0,,,10,rider,0.05,0.1,region_crc,segformer_b2_cityscapes,cityscapes_val_half,128
,,,1.0,1000,True,0.0,0.0,1.0,0.5,125,362.0,0.0,False,0.0,0.0,0.0,,,10,rider,0.1,0.1,region_crc,segformer_b2_cityscapes,cityscapes_val_half,128
,,,0.997,997,True,0.20403008103008102,0.20403008103008102,0.012695352546870708,0.5,125,362.0,0.055999999999999994,False,0.30303030303030304,0.06818181818181818,0.0,,,10,rider,0.2,0.1,region_crc,segformer_b2_cityscapes,cityscapes_val_half,128
,,,1.0,1000,True,0.0,0.0,1.0,0.5,125,362.0,0.0,False,0.0,0.0,0.0,,,10,rider,0.05,0.5,region_crc,segformer_b2_cityscapes,cityscapes_val_half,128
,,,1.0,1000,True,0.0,0.0,1.0,0.5,125,362.0,0.0,False,0.0,0.0,0.0,,,10,rider,0.1,0.5,region_crc,segformer_b2_cityscapes,cityscapes_val_half,128
,,,0.999,999,True,0.16222661782661782,0.16222661782661782,0.01779595948755741,0.5,125,362.0,0.048000000000000015,False,0.23232323232323232,0.06060606060606061,0.0625,,,10,rider,0.2,0.5,region_crc,segformer_b2_cityscapes,cityscapes_val_half,128
,,,1.0,1000,True,0.0,0.0,1.0,0.344,164,853.0,0.0,False,0.0,0.0,0.0,,,10,bicycle,0.05,0.1,region_crc,segformer_b2_cityscapes,cityscapes_val_half,181
,,,0.999,999,True,0.06393823825226264,0.06393823825226264,0.03035205416381359,0.344,164,853.0,0.07599999999999996,False,0.12264150943396226,0.011363636363636364,0.0,,,10,bicycle,0.1,0.1,region_crc,segformer_b2_cityscapes,cityscapes_val_half,181
,,,0.99,990,True,0.18575613918601722,0.18575613918601722,0.0176473967730999,0.344,164,853.0,0.08400000000000002,False,0.29245283018867924,0.03977272727272727,0.0,,,10,bicycle,0.2,0.1,region_crc,segformer_b2_cityscapes,cityscapes_val_half,181
,,,1.0,1000,True,0.0,0.0,1.0,0.344,164,853.0,0.0,False,0.0,0.0,0.0,,,10,bicycle,0.05,0.5,region_crc,segformer_b2_cityscapes,cityscapes_val_half,181
,,,1.0,1000,True,0.0,0.0,1.0,0.344,164,853.0,0.0,False,0.0,0.0,0.0,,,10,bicycle,0.1,0.5,region_crc,segformer_b2_cityscapes,cityscapes_val_half,181
,,,0.994,994,True,0.20213797043065332,0.20213797043065337,0.01983456313610077,0.344,164,853.0,0.08400000000000002,False,0.30660377358490565,0.06818181818181818,0.0,,,10,bicycle,0.2,0.5,region_crc,segformer_b2_cityscapes,cityscapes_val_half,181
,,,1.0,1000,True,0.0,0.0,,,221,,,False,,,,,,10,max_over_classes,0.05,0.1,shared_crc,segformer_b2_cityscapes,cityscapes_val_half,229
,,,1.0,1000,True,0.0,0.0,1.0,,201,,,False,,,,,,10,person,0.05,0.1,shared_crc,segformer_b2_cityscapes,cityscapes_val_half,229
,,,1.0,1000,True,0.0,0.0,1.0,,125,,,False,,,,,,10,rider,0.05,0.1,shared_crc,segformer_b2_cityscapes,cityscapes_val_half,229
,,,1.0,1000,True,0.0,0.0,1.0,,164,,,False,,,,,,10,bicycle,0.05,0.1,shared_crc,segformer_b2_cityscapes,cityscapes_val_half,229
,,,1.0,1000,True,0.0,0.0,,,221,,,False,,,,,,10,max_over_classes,0.1,0.1,shared_crc,segformer_b2_cityscapes,cityscapes_val_half,229
,,,1.0,1000,True,0.0,0.0,1.0,,201,,,False,,,,,,10,person,0.1,0.1,shared_crc,segformer_b2_cityscapes,cityscapes_val_half,229
,,,1.0,1000,True,0.0,0.0,1.0,,125,,,False,,,,,,10,rider,0.1,0.1,shared_crc,segformer_b2_cityscapes,cityscapes_val_half,229
,,,1.0,1000,True,0.0,0.0,1.0,,164,,,False,,,,,,10,bicycle,0.1,0.1,shared_crc,segformer_b2_cityscapes,cityscapes_val_half,229
,,,0.997,997,True,0.202638956238903,0.202638956238903,,,221,,,False,,,,,,10,max_over_classes,0.2,0.1,shared_crc,segformer_b2_cityscapes,cityscapes_val_half,229
,,,0.997,997,True,0.07166694987883164,0.07166694987883164,0.0450412817299366,,201,,,False,,,,,,10,person,0.2,0.1,shared_crc,segformer_b2_cityscapes,cityscapes_val_half,229
,,,0.997,997,True,0.20403008103008102,0.20403008103008102,0.012695352546870708,,125,,,False,,,,,,10,rider,0.2,0.1,shared_crc,segformer_b2_cityscapes,cityscapes_val_half,229
,,,0.997,997,True,0.09768518236506041,0.09768518236506041,0.023355863988399506,,164,,,False,,,,,,10,bicycle,0.2,0.1,shared_crc,segformer_b2_cityscapes,cityscapes_val_half,229
,,,1.0,1000,True,0.0,0.0,,,221,,,False,,,,,,10,max_over_classes,0.05,0.5,shared_crc,segformer_b2_cityscapes,cityscapes_val_half,229
,,,1.0,1000,True,0.0,0.0,1.0,,201,,,False,,,,,,10,person,0.05,0.5,shared_crc,segformer_b2_cityscapes,cityscapes_val_half,229
,,,1.0,1000,True,0.0,0.0,1.0,,125,,,False,,,,,,10,rider,0.05,0.5,shared_crc,segformer_b2_cityscapes,cityscapes_val_half,229
,,,1.0,1000,True,0.0,0.0,1.0,,164,,,False,,,,,,10,bicycle,0.05,0.5,shared_crc,segformer_b2_cityscapes,cityscapes_val_half,229
,,,1.0,1000,True,0.0,0.0,,,221,,,False,,,,,,10,max_over_classes,0.1,0.5,shared_crc,segformer_b2_cityscapes,cityscapes_val_half,229
,,,1.0,1000,True,0.0,0.0,1.0,,201,,,False,,,,,,10,person,0.1,0.5,shared_crc,segformer_b2_cityscapes,cityscapes_val_half,229
,,,1.0,1000,True,0.0,0.0,1.0,,125,,,False,,,,,,10,rider,0.1,0.5,shared_crc,segformer_b2_cityscapes,cityscapes_val_half,229
,,,1.0,1000,True,0.0,0.0,1.0,,164,,,False,,,,,,10,bicycle,0.1,0.5,shared_crc,segformer_b2_cityscapes,cityscapes_val_half,229
,,,0.999,999,True,0.1813012964962659,0.1813012964962659,,,221,,,False,,,,,,10,max_over_classes,0.2,0.5,shared_crc,segformer_b2_cityscapes,cityscapes_val_half,229
,,,0.999,999,True,0.06622025680776046,0.06622025680776046,0.056372031569480896,,201,,,False,,,,,,10,person,0.2,0.5,shared_crc,segformer_b2_cityscapes,cityscapes_val_half,229
,,,0.999,999,True,0.16222661782661782,0.16222661782661782,0.01779595948755741,,125,,,False,,,,,,10,rider,0.2,0.5,shared_crc,segformer_b2_cityscapes,cityscapes_val_half,229
,,,0.999,999,True,0.10323891047976413,0.10323891047976413,0.03035205416381359,,164,,,False,,,,,,10,bicycle,0.2,0.5,shared_crc,segformer_b2_cityscapes,cityscapes_val_half,229
,,,0.999,999,True,0.026668970372472983,0.026668970372472983,0.059059418737888336,0.196,201,1415.0,0.09200000000000003,False,0.03773584905660377,0.0038095238095238095,0.0,,,11,person,0.05,0.1,region_crc,segformer_b2_cityscapes,cityscapes_val_half,201
,,,0.996,996,True,0.0789123346183248,0.07891233461832478,0.044670287519693375,0.196,201,1415.0,0.07200000000000001,False,0.07951482479784366,0.009523809523809525,0.0,,,11,person,0.1,0.1,region_crc,segformer_b2_cityscapes,cityscapes_val_half,201
,,,0.982,982,True,0.153623958422643,0.153623958422643,0.03281731903553009,6.176,201,1415.0,0.07199999999999995,False,0.19002695417789758,0.03238095238095238,0.0,,,11,person,0.2,0.1,region_crc,segformer_b2_cityscapes,cityscapes_val_half,201
,,,1.0,1000,True,0.0,0.0,1.0,0.196,201,1415.0,0.0,False,0.0,0.0,0.0,,,11,person,0.05,0.5,region_crc,segformer_b2_cityscapes,cityscapes_val_half,201
,,,0.998,998,True,0.09514334885928928,0.09514334885928928,0.05140724033117294,0.196,201,1415.0,0.07200000000000001,False,0.08221024258760108,0.02095238095238095,0.0,,,11,person,0.1,0.5,region_crc,segformer_b2_cityscapes,cityscapes_val_half,201
,,,0.991,991,True,0.17232720284728048,0.17232720284728048,0.03785766288638115,0.196,201,1415.0,0.07599999999999996,False,0.19137466307277629,0.05523809523809524,0.0,,,11,person,0.2,0.5,region_crc,segformer_b2_cityscapes,cityscapes_val_half,201
,,,1.0,1000,True,0.0,0.0,1.0,0.496,126,349.0,0.0,False,0.0,0.0,0.0,,,11,rider,0.05,0.1,region_crc,segformer_b2_cityscapes,cityscapes_val_half,127
,,,1.0,1000,True,0.0,0.0,1.0,0.496,126,349.0,0.0,False,0.0,0.0,0.0,,,11,rider,0.1,0.1,region_crc,segformer_b2_cityscapes,cityscapes_val_half,127
,,,0.998,998,True,0.11342083842083842,0.11342083842083842,0.015212681144475937,0.496,126,349.0,0.08400000000000007,False,0.18316831683168316,0.02608695652173913,0.0,,,11,rider,0.2,0.1,region_crc,segformer_b2_cityscapes,cityscapes_val_half,127
,,,1.0,1000,True,0.0,0.0,1.0,0.496,126,349.0,0.0,False,0.0,0.0,0.0,,,11,rider,0.05,0.5,region_crc,segformer_b2_cityscapes,cityscapes_val_half,127
,,,1.0,1000,True,0.0,0.0,1.0,0.496,126,349.0,0.0,False,0.0,0.0,0.0,,,11,rider,0.1,0.5,region_crc,segformer_b2_cityscapes,cityscapes_val_half,127
,,,1.0,1000,True,0.0,0.0,1.0,0.496,126,349.0,0.0,False,0.0,0.0,0.0,,,11,rider,0.2,0.5,region_crc,segformer_b2_cityscapes,cityscapes_val_half,127
,,,1.0,1000,True,0.0,0.0,1.0,0.332,167,904.0,0.0,False,0.0,0.0,0.0,,,11,bicycle,0.05,0.1,region_crc,segformer_b2_cityscapes,cityscapes_val_half,178
,,,0.999,999,True,0.04385453202818472,0.04385453202818472,0.03068038448691368,0.332,167,904.0,0.04800000000000004,False,0.09109730848861283,0.011730205278592375,0.0,,,11,bicycle,0.1,0.1,region_crc,segformer_b2_cityscapes,cityscapes_val_half,178
,,,0.992,992,True,0.13832458293536137,0.13832458293536137,0.0186440609395504,0.332,167,904.0,0.04400000000000004,False,0.2194616977225673,0.04985337243401759,0.0,,,11,bicycle,0.2,0.1,region_crc,segformer_b2_cityscapes,cityscapes_val_half,178
,,,1.0,1000,True,0.0,0.0,1.0,0.332,167,904.0,0.0,False,0.0,0.0,0.0,,,11,bicycle,0.05,0.5,region_crc,segformer_b2_cityscapes,cityscapes_val_half,178
,,,1.0,1000,True,0.0,0.0,1.0,0.332,167,904.0,0.0,False,0.0,0.0,0.0,,,11,bicycle,0.1,0.5,region_crc,segformer_b2_cityscapes,cityscapes_val_half,178
,,,0.997,997,True,0.12883060053718734,0.12883060053718734,0.023560725152492523,0.332,167,904.0,0.043999999999999984,False,0.18426501035196688,0.05865102639296188,0.0,,,11,bicycle,0.2,0.5,region_crc,segformer_b2_cityscapes,cityscapes_val_half,178
,,,1.0,1000,True,0.0,0.0,,,220,,,False,,,,,,11,max_over_classes,0.05,0.1,shared_crc,segformer_b2_cityscapes,cityscapes_val_half,230
,,,1.0,1000,True,0.0,0.0,1.0,,201,,,False,,,,,,11,person,0.05,0.1,shared_crc,segformer_b2_cityscapes,cityscapes_val_half,230
,,,1.0,1000,True,0.0,0.0,1.0,,126,,,False,,,,,,11,rider,0.05,0.1,shared_crc,segformer_b2_cityscapes,cityscapes_val_half,230
,,,1.0,1000,True,0.0,0.0,1.0,,167,,,False,,,,,,11,bicycle,0.05,0.1,shared_crc,segformer_b2_cityscapes,cityscapes_val_half,230
,,,1.0,1000,True,0.0,0.0,,,220,,,False,,,,,,11,max_over_classes,0.1,0.1,shared_crc,segformer_b2_cityscapes,cityscapes_val_half,230
,,,1.0,1000,True,0.0,0.0,1.0,,201,,,False,,,,,,11,person,0.1,0.1,shared_crc,segformer_b2_cityscapes,cityscapes_val_half,230
,,,1.0,1000,True,0.0,0.0,1.0,,126,,,False,,,,,,11,rider,0.1,0.1,shared_crc,segformer_b2_cityscapes,cityscapes_val_half,230
,,,1.0,1000,True,0.0,0.0,1.0,,167,,,False,,,,,,11,bicycle,0.1,0.1,shared_crc,segformer_b2_cityscapes,cityscapes_val_half,230
,,,0.998,998,True,0.1130674581670219,0.1130674581670219,,,220,,,False,,,,,,11,max_over_classes,0.2,0.1,shared_crc,segformer_b2_cityscapes,cityscapes_val_half,230
,,,0.998,998,True,0.03871542539156481,0.03871542539156481,0.05140724033117294,,201,,,False,,,,,,11,person,0.2,0.1,shared_crc,segformer_b2_cityscapes,cityscapes_val_half,230
,,,0.998,998,True,0.11342083842083842,0.11342083842083842,0.015212681144475937,,126,,,False,,,,,,11,rider,0.2,0.1,shared_crc,segformer_b2_cityscapes,cityscapes_val_half,230
,,,0.998,998,True,0.06049333234961978,0.06049333234961978,0.025974486023187637,,167,,,False,,,,,,11,bicycle,0.2,0.1,shared_crc,segformer_b2_cityscapes,cityscapes_val_half,230
,,,1.0,1000,True,0.0,0.0,,,220,,,False,,,,,,11,max_over_classes,0.05,0.5,shared_crc,segformer_b2_cityscapes,cityscapes_val_half,230
,,,1.0,1000,True,0.0,0.0,1.0,,201,,,False,,,,,,11,person,0.05,0.5,shared_crc,segformer_b2_cityscapes,cityscapes_val_half,230
,,,1.0,1000,True,0.0,0.0,1.0,,126,,,False,,,,,,11,rider,0.05,0.5,shared_crc,segformer_b2_cityscapes,cityscapes_val_half,230
,,,1.0,1000,True,0.0,0.0,1.0,,167,,,False,,,,,,11,bicycle,0.05,0.5,shared_crc,segformer_b2_cityscapes,cityscapes_val_half,230
,,,1.0,1000,True,0.0,0.0,,,220,,,False,,,,,,11,max_over_classes,0.1,0.5,shared_crc,segformer_b2_cityscapes,cityscapes_val_half,230
,,,1.0,1000,True,0.0,0.0,1.0,,201,,,False,,,,,,11,person,0.1,0.5,shared_crc,segformer_b2_cityscapes,cityscapes_val_half,230
,,,1.0,1000,True,0.0,0.0,1.0,,126,,,False,,,,,,11,rider,0.1,0.5,shared_crc,segformer_b2_cityscapes,cityscapes_val_half,230
,,,1.0,1000,True,0.0,0.0,1.0,,167,,,False,,,,,,11,bicycle,0.1,0.5,shared_crc,segformer_b2_cityscapes,cityscapes_val_half,230
,,,1.0,1000,True,0.0,0.0,,,220,,,False,,,,,,11,max_over_classes,0.2,0.5,shared_crc,segformer_b2_cityscapes,cityscapes_val_half,230
,,,1.0,1000,True,0.0,0.0,1.0,,201,,,False,,,,,,11,person,0.2,0.5,shared_crc,segformer_b2_cityscapes,cityscapes_val_half,230
,,,1.0,1000,True,0.0,0.0,1.0,,126,,,False,,,,,,11,rider,0.2,0.5,shared_crc,segformer_b2_cityscapes,cityscapes_val_half,230
,,,1.0,1000,True,0.0,0.0,1.0,,167,,,False,,,,,,11,bicycle,0.2,0.5,shared_crc,segformer_b2_cityscapes,cityscapes_val_half,230
,,,0.999,999,True,0.02705610482543168,0.027056104825431682,0.05468543618917465,0.192,202,1257.0,0.11599999999999999,False,0.04700854700854701,0.002347417840375587,0.0,,,12,person,0.05,0.1,region_crc,segformer_b2_cityscapes,cityscapes_val_half,200
,,,0.996,996,True,0.08371934163783472,0.08371934163783472,0.040574781596660614,0.192,202,1257.0,0.09999999999999998,False,0.09544159544159544,0.004694835680751174,0.0,,,12,person,0.1,0.1,region_crc,segformer_b2_cityscapes,cityscapes_val_half,200
,,,0.982,982,True,0.15248720873261074,0.15248720873261074,0.029297875240445137,6.096,202,1257.0,0.09199999999999997,False,0.1908831908831909,0.025821596244131457,0.0,,,12,person,0.2,0.1,region_crc,segformer_b2_cityscapes,cityscapes_val_half,200
,,,1.0,1000,True,0.0,0.0,1.0,0.192,202,1257.0,0.0,False,0.0,0.0,0.0,,,12,person,0.05,0.5,region_crc,segformer_b2_cityscapes,cityscapes_val_half,200
,,,0.998,998,True,0.08914517244146647,0.08914517244146647,0.047158438712358475,0.192,202,1257.0,0.11199999999999999,False,0.09401709401709402,0.011737089201877934,0.0,,,12,person,0.1,0.5,region_crc,segformer_b2_cityscapes,cityscapes_val_half,200
,,,0.992,992,True,0.1635582265486781,0.16355822654867808,0.03490203246474266,0.192,202,1257.0,0.09199999999999997,False,0.19515669515669515,0.04460093896713615,0.0,,,12,person,0.2,0.5,region_crc,segformer_b2_cityscapes,cityscapes_val_half,200
,,,1.0,1000,True,0.0,0.0,1.0,0.468,133,357.0,0.0,False,0.0,0.0,0.0,,,12,rider,0.05,0.1,region_crc,segformer_b2_cityscapes,cityscapes_val_half,120
,,,1.0,1000,True,0.0,0.0,1.0,0.468,133,357.0,0.0,False,0.0,0.0,0.0,,,12,rider,0.1,0.1,region_crc,segformer_b2_cityscapes,cityscapes_val_half,120
,,,0.997,997,True,0.1754594820384294,0.1754594820384294,0.012296292930841446,0.468,133,357.0,0.07600000000000007,False,0.2634146341463415,0.056451612903225805,0.0,,,12,rider,0.2,0.1,region_crc,segformer_b2_cityscapes,cityscapes_val_half,120
,,,1.0,1000,True,0.0,0.0,1.0,0.468,133,357.0,0.0,False,0.0,0.0,0.0,,,12,rider,0.05,0.5,region_crc,segformer_b2_cityscapes,cityscapes_val_half,120
,,,1.0,1000,True,0.0,0.0,1.0,0.468,133,357.0,0.0,False,0.0,0.0,0.0,,,12,rider,0.1,0.5,region_crc,segformer_b2_cityscapes,cityscapes_val_half,120
,,,0.999,999,True,0.148937820742332,0.148937820742332,0.017194213345646858,0.468,133,357.0,0.09200000000000008,False,0.2048780487804878,0.056451612903225805,0.10714285714285714,,,12,rider,0.2,0.5,region_crc,segformer_b2_cityscapes,cityscapes_val_half,120
,,,0.999,999,True,0.10499784379094725,0.10499784379094725,0.029785972088575363,0.304,174,803.0,0.08399999999999996,False,0.1619047619047619,0.016666666666666666,0.0,,,12,bicycle,0.05,0.1,region_crc,segformer_b2_cityscapes,cityscapes_val_half,171
,,,0.996,996,True,0.15383141762452107,0.15383141762452107,0.021394280716776848,0.304,174,803.0,0.07200000000000006,False,0.23809523809523808,0.03333333333333333,0.0,,,12,bicycle,0.1,0.1,region_crc,segformer_b2_cityscapes,cityscapes_val_half,171
,,,0.987,987,True,0.22176630840423942,0.22176630840423942,0.016225222498178482,3.112,174,803.0,0.05999999999999994,False,0.35714285714285715,0.056666666666666664,0.0,,,12,bicycle,0.2,0.1,region_crc,segformer_b2_cityscapes,cityscapes_val_half,171
,,,1.0,1000,True,0.0,0.0,1.0,0.304,174,803.0,0.0,False,0.0,0.0,0.0,,,12,bicycle,0.05,0.5,region_crc,segformer_b2_cityscapes,cityscapes_val_half,171
,,,0.999,999,True,0.14005386376076032,0.14005386376076032,0.029785972088575363,0.304,174,803.0,0.08399999999999996,False,0.19523809523809524,0.03333333333333333,0.0,,,12,bicycle,0.1,0.5,region_crc,segformer_b2_cityscapes,cityscapes_val_half,171
,,,0.994,994,True,0.2085253188701465,0.2085253188701465,0.019436905160546303,0.304,174,803.0,0.06800000000000006,False,0.3238095238095238,0.06666666666666667,0.0,,,12,bicycle,0.2,0.5,region_crc,segformer_b2_cityscapes,cityscapes_val_half,171
,,,1.0,1000,True,0.0,0.0,,,229,,,False,,,,,,12,max_over_classes,0.05,0.1,shared_crc,segformer_b2_cityscapes,cityscapes_val_half,221
,,,1.0,1000,True,0.0,0.0,1.0,,202,,,False,,,,,,12,person,0.05,0.1,shared_crc,segformer_b2_cityscapes,cityscapes_val_half,221
,,,1.0,1000,True,0.0,0.0,1.0,,133,,,False,,,,,,12,rider,0.05,0.1,shared_crc,segformer_b2_cityscapes,cityscapes_val_half,221
,,,1.0,1000,True,0.0,0.0,1.0,,174,,,False,,,,,,12,bicycle,0.05,0.1,shared_crc,segformer_b2_cityscapes,cityscapes_val_half,221
,,,1.0,1000,True,0.0,0.0,,,229,,,False,,,,,,12,max_over_classes,0.1,0.1,shared_crc,segformer_b2_cityscapes,cityscapes_val_half,221
,,,1.0,1000,True,0.0,0.0,1.0,,202,,,False,,,,,,12,person,0.1,0.1,shared_crc,segformer_b2_cityscapes,cityscapes_val_half,221
,,,1.0,1000,True,0.0,0.0,1.0,,133,,,False,,,,,,12,rider,0.1,0.1,shared_crc,segformer_b2_cityscapes,cityscapes_val_half,221
,,,1.0,1000,True,0.0,0.0,1.0,,174,,,False,,,,,,12,bicycle,0.1,0.1,shared_crc,segformer_b2_cityscapes,cityscapes_val_half,221
,,,0.997,997,True,0.20376226871657266,0.20376226871657266,,,229,,,False,,,,,,12,max_over_classes,0.2,0.1,shared_crc,segformer_b2_cityscapes,cityscapes_val_half,221
,,,0.997,997,True,0.07233713198829834,0.07233713198829834,0.04320614039897919,,202,,,False,,,,,,12,person,0.2,0.1,shared_crc,segformer_b2_cityscapes,cityscapes_val_half,221
,,,0.997,997,True,0.1754594820384294,0.1754594820384294,0.012296292930841446,,133,,,False,,,,,,12,rider,0.2,0.1,shared_crc,segformer_b2_cityscapes,cityscapes_val_half,221
,,,0.997,997,True,0.1363136703653945,0.1363136703653945,0.022916126996278763,,174,,,False,,,,,,12,bicycle,0.2,0.1,shared_crc,segformer_b2_cityscapes,cityscapes_val_half,221
,,,1.0,1000,True,0.0,0.0,,,229,,,False,,,,,,12,max_over_classes,0.05,0.5,shared_crc,segformer_b2_cityscapes,cityscapes_val_half,221
,,,1.0,1000,True,0.0,0.0,1.0,,202,,,False,,,,,,12,person,0.05,0.5,shared_crc,segformer_b2_cityscapes,cityscapes_val_half,221
,,,1.0,1000,True,0.0,0.0,1.0,,133,,,False,,,,,,12,rider,0.05,0.5,shared_crc,segformer_b2_cityscapes,cityscapes_val_half,221
,,,1.0,1000,True,0.0,0.0,1.0,,174,,,False,,,,,,12,bicycle,0.05,0.5,shared_crc,segformer_b2_cityscapes,cityscapes_val_half,221
,,,1.0,1000,True,0.0,0.0,,,229,,,False,,,,,,12,max_over_classes,0.1,0.5,shared_crc,segformer_b2_cityscapes,cityscapes_val_half,221
,,,1.0,1000,True,0.0,0.0,1.0,,202,,,False,,,,,,12,person,0.1,0.5,shared_crc,segformer_b2_cityscapes,cityscapes_val_half,221
,,,1.0,1000,True,0.0,0.0,1.0,,133,,,False,,,,,,12,rider,0.1,0.5,shared_crc,segformer_b2_cityscapes,cityscapes_val_half,221
,,,1.0,1000,True,0.0,0.0,1.0,,174,,,False,,,,,,12,bicycle,0.1,0.5,shared_crc,segformer_b2_cityscapes,cityscapes_val_half,221
,,,0.999,999,True,0.17745972444402147,0.17745972444402147,,,229,,,False,,,,,,12,max_over_classes,0.2,0.5,shared_crc,segformer_b2_cityscapes,cityscapes_val_half,221
,,,0.999,999,True,0.05062148767950656,0.05062148767950656,0.05468543618917465,,202,,,False,,,,,,12,person,0.2,0.5,shared_crc,segformer_b2_cityscapes,cityscapes_val_half,221
,,,0.999,999,True,0.148937820742332,0.148937820742332,0.017194213345646858,,133,,,False,,,,,,12,rider,0.2,0.5,shared_crc,segformer_b2_cityscapes,cityscapes_val_half,221
,,,0.999,999,True,0.14005386376076032,0.14005386376076032,0.029785972088575363,,174,,,False,,,,,,12,bicycle,0.2,0.5,shared_crc,segformer_b2_cityscapes,cityscapes_val_half,221
,,,0.999,999,True,0.026291450216450213,0.026291450216450216,0.060374755412340164,0.2,200,1446.0,0.09999999999999998,False,0.05452127659574468,0.00927643784786642,0.0,,,13,person,0.05,0.1,region_crc,segformer_b2_cityscapes,cityscapes_val_half,202
,,,0.996,996,True,0.07686518617834408,0.07686518617834408,0.04606161639094353,0.2,200,1446.0,0.09599999999999997,False,0.10904255319148937,0.02040816326530612,0.0,,,13,person,0.1,0.1,region_crc,segformer_b2_cityscapes,cityscapes_val_half,202
,,,0.981,981,True,0.1645219612702972,0.1645219612702972,0.03402765095233917,6.052,200,1446.0,0.10000000000000003,False,0.22074468085106383,0.04452690166975881,0.0,,,13,person,0.2,0.1,region_crc,segformer_b2_cityscapes,cityscapes_val_half,202
,,,1.0,1000,True,0.0,0.0,1.0,0.2,200,1446.0,0.0,False,0.0,0.0,0.0,,,13,person,0.05,0.5,region_crc,segformer_b2_cityscapes,cityscapes_val_half,202
,,,0.998,998,True,0.08724210068683753,0.08724210068683753,0.052727654576301575,0.2,200,1446.0,0.09199999999999997,False,0.1077127659574468,0.03153988868274583,0.0,,,13,person,0.1,0.5,region_crc,segformer_b2_cityscapes,cityscapes_val_half,202
,,,0.992,992,True,0.16027806396389987,0.16027806396389987,0.04027574881911278,0.2,200,1446.0,0.09199999999999997,False,0.2047872340425532,0.059369202226345084,0.0,,,13,person,0.2,0.5,region_crc,segformer_b2_cityscapes,cityscapes_val_half,202
,,,1.0,1000,True,0.0,0.0,1.0,0.472,132,368.0,0.0,False,0.0,0.0,0.0,,,13,rider,0.05,0.1,region_crc,segformer_b2_cityscapes,cityscapes_val_half,121
,,,1.0,1000,True,0.0,0.0,1.0,0.472,132,368.0,0.0,False,0.0,0.0,0.0,,,13,rider,0.1,0.1,region_crc,segformer_b2_cityscapes,cityscapes_val_half,121
,,,0.998,998,True,0.13826173826173827,0.13826173826173827,0.013873699121177197,0.472,132,368.0,0.07199999999999995,False,0.19704433497536947,0.04964539007092199,0.0,,,13,rider,0.2,0.1,region_crc,segformer_b2_cityscapes,cityscapes_val_half,121
,,,1.0,1000,True,0.0,0.0,1.0,0.472,132,368.0,0.0,False,0.0,0.0,0.0,,,13,rider,0.05,0.5,region_crc,segformer_b2_cityscapes,cityscapes_val_half,121
,,,1.0,1000,True,0.0,0.0,1.0,0.472,132,368.0,0.0,False,0.0,0.0,0.0,,,13,rider,0.1,0.5,region_crc,segformer_b2_cityscapes,cityscapes_val_half,121
,,,0.999,999,True,0.15366577866577866,0.15366577866577869,0.017359619960188866,0.472,132,368.0,0.06800000000000006,False,0.1921182266009852,0.07801418439716312,0.125,,,13,rider,0.2,0.5,region_crc,segformer_b2_cityscapes,cityscapes_val_half,121
,,,1.0,1000,True,0.0,0.0,1.0,0.324,169,815.0,0.0,False,0.0,0.0,0.0,,,13,bicycle,0.05,0.1,region_crc,segformer_b2_cityscapes,cityscapes_val_half,176
,,,0.997,997,True,0.11856679645141184,0.11856679645141184,0.022914960980415344,0.324,169,815.0,0.048,False,0.1902552204176334,0.025974025974025976,0.0,,,13,bicycle,0.1,0.1,region_crc,segformer_b2_cityscapes,cityscapes_val_half,176
,,,0.99,990,True,0.1863637430945123,0.18636374309451229,0.01723804511129856,0.324,169,815.0,0.06,False,0.27842227378190254,0.06168831168831169,0.0,,,13,bicycle,0.2,0.1,region_crc,segformer_b2_cityscapes,cityscapes_val_half,176
,,,1.0,1000,True,0.0,0.0,1.0,0.324,169,815.0,0.0,False,0.0,0.0,0.0,,,13,bicycle,0.05,0.5,region_crc,segformer_b2_cityscapes,cityscapes_val_half,176
,,,0.999,999,True,0.11986336313259391,0.11986336313259391,0.029887229204177856,0.324,169,815.0,0.05599999999999994,False,0.18561484918793503,0.045454545454545456,0.0,,,13,bicycle,0.1,0.5,region_crc,segformer_b2_cityscapes,cityscapes_val_half,176
,,,0.994,994,True,0.201190095671701,0.201190095671701,0.019426915794610977,0.324,169,815.0,0.052000000000000005,False,0.30162412993039445,0.08766233766233766,0.013157894736842105,,,13,bicycle,0.2,0.5,region_crc,segformer_b2_cityscapes,cityscapes_val_half,176
,,,1.0,1000,True,0.0,0.0,,,227,,,False,,,,,,13,max_over_classes,0.05,0.1,shared_crc,segformer_b2_cityscapes,cityscapes_val_half,223
,,,1.0,1000,True,0.0,0.0,1.0,,200,,,False,,,,,,13,person,0.05,0.1,shared_crc,segformer_b2_cityscapes,cityscapes_val_half,223
,,,1.0,1000,True,0.0,0.0,1.0,,132,,,False,,,,,,13,rider,0.05,0.1,shared_crc,segformer_b2_cityscapes,cityscapes_val_half,223
,,,1.0,1000,True,0.0,0.0,1.0,,169,,,False,,,,,,13,bicycle,0.05,0.1,shared_crc,segformer_b2_cityscapes,cityscapes_val_half,223
,,,1.0,1000,True,0.0,0.0,,,227,,,False,,,,,,13,max_over_classes,0.1,0.1,shared_crc,segformer_b2_cityscapes,cityscapes_val_half,223
,,,1.0,1000,True,0.0,0.0,1.0,,200,,,False,,,,,,13,person,0.1,0.1,shared_crc,segformer_b2_cityscapes,cityscapes_val_half,223
,,,1.0,1000,True,0.0,0.0,1.0,,132,,,False,,,,,,13,rider,0.1,0.1,shared_crc,segformer_b2_cityscapes,cityscapes_val_half,223
,,,1.0,1000,True,0.0,0.0,1.0,,169,,,False,,,,,,13,bicycle,0.1,0.1,shared_crc,segformer_b2_cityscapes,cityscapes_val_half,223
,,,0.998,998,True,0.14323346827752112,0.14323346827752112,,,227,,,False,,,,,,13,max_over_classes,0.2,0.1,shared_crc,segformer_b2_cityscapes,cityscapes_val_half,223
,,,0.998,998,True,0.03967635673293568,0.03967635673293568,0.052727654576301575,,200,,,False,,,,,,13,person,0.2,0.1,shared_crc,segformer_b2_cityscapes,cityscapes_val_half,223
,,,0.998,998,True,0.13826173826173827,0.13826173826173827,0.013873699121177197,,132,,,False,,,,,,13,rider,0.2,0.1,shared_crc,segformer_b2_cityscapes,cityscapes_val_half,223
,,,0.998,998,True,0.10126145222299068,0.10126145222299068,0.02525770291686058,,169,,,False,,,,,,13,bicycle,0.2,0.1,shared_crc,segformer_b2_cityscapes,cityscapes_val_half,223
,,,1.0,1000,True,0.0,0.0,,,227,,,False,,,,,,13,max_over_classes,0.05,0.5,shared_crc,segformer_b2_cityscapes,cityscapes_val_half,223
,,,1.0,1000,True,0.0,0.0,1.0,,200,,,False,,,,,,13,person,0.05,0.5,shared_crc,segformer_b2_cityscapes,cityscapes_val_half,223
,,,1.0,1000,True,0.0,0.0,1.0,,132,,,False,,,,,,13,rider,0.05,0.5,shared_crc,segformer_b2_cityscapes,cityscapes_val_half,223
,,,1.0,1000,True,0.0,0.0,1.0,,169,,,False,,,,,,13,bicycle,0.05,0.5,shared_crc,segformer_b2_cityscapes,cityscapes_val_half,223
,,,1.0,1000,True,0.0,0.0,,,227,,,False,,,,,,13,max_over_classes,0.1,0.5,shared_crc,segformer_b2_cityscapes,cityscapes_val_half,223
,,,1.0,1000,True,0.0,0.0,1.0,,200,,,False,,,,,,13,person,0.1,0.5,shared_crc,segformer_b2_cityscapes,cityscapes_val_half,223
,,,1.0,1000,True,0.0,0.0,1.0,,132,,,False,,,,,,13,rider,0.1,0.5,shared_crc,segformer_b2_cityscapes,cityscapes_val_half,223
,,,1.0,1000,True,0.0,0.0,1.0,,169,,,False,,,,,,13,bicycle,0.1,0.5,shared_crc,segformer_b2_cityscapes,cityscapes_val_half,223
,,,0.999,999,True,0.16410050220622907,0.16410050220622907,,,227,,,False,,,,,,13,max_over_classes,0.2,0.5,shared_crc,segformer_b2_cityscapes,cityscapes_val_half,223
,,,0.999,999,True,0.0417762244578034,0.0417762244578034,0.060374755412340164,,200,,,False,,,,,,13,person,0.2,0.5,shared_crc,segformer_b2_cityscapes,cityscapes_val_half,223
,,,0.999,999,True,0.15366577866577866,0.15366577866577866,0.017359619960188866,,132,,,False,,,,,,13,rider,0.2,0.5,shared_crc,segformer_b2_cityscapes,cityscapes_val_half,223
,,,0.999,999,True,0.11986336313259391,0.11986336313259391,0.029887229204177856,,169,,,False,,,,,,13,bicycle,0.2,0.5,shared_crc,segformer_b2_cityscapes,cityscapes_val_half,223
,,,0.999,999,True,0.03472545948203843,0.03472545948203843,0.05695771053433418,0.2,200,1391.0,0.07599999999999996,False,0.061391541609822645,0.0136986301369863,0.0,,,14,person,0.05,0.1,region_crc,segformer_b2_cityscapes,cityscapes_val_half,202
,,,0.996,996,True,0.07386156363130049,0.07386156363130046,0.042682722210884094,0.2,200,1391.0,0.06799999999999995,False,0.10641200545702592,0.021526418786692758,0.0,,,14,person,0.1,0.1,region_crc,segformer_b2_cityscapes,cityscapes_val_half,202
,,,0.977,977,True,0.190240549411602,0.19024054941160207,0.02938159368932247,6.056,200,1391.0,0.04800000000000004,False,0.26193724420190995,0.03913894324853229,0.0,,,14,person,0.2,0.1,region_crc,segformer_b2_cityscapes,cityscapes_val_half,202
,,,1.0,1000,True,0.0,0.0,1.0,0.2,200,1391.0,0.0,False,0.0,0.0,0.0,,,14,person,0.05,0.5,region_crc,segformer_b2_cityscapes,cityscapes_val_half,202
,,,0.999,999,True,0.04568835282651072,0.04568835282651072,0.05695771053433418,0.2,200,1391.0,0.07599999999999996,False,0.07776261937244201,0.021526418786692758,0.0,,,14,person,0.1,0.5,region_crc,segformer_b2_cityscapes,cityscapes_val_half,202
,,,0.989,989,True,0.20059553726001092,0.20059553726001095,0.034429602324962616,0.2,200,1391.0,0.05599999999999994,False,0.252387448840382,0.06262230919765166,0.0,,,14,person,0.2,0.5,region_crc,segformer_b2_cityscapes,cityscapes_val_half,202
,,,1.0,1000,True,0.0,0.0,1.0,0.472,132,382.0,0.0,False,0.0,0.0,0.0,,,14,rider,0.05,0.1,region_crc,segformer_b2_cityscapes,cityscapes_val_half,121
,,,0.999,999,True,0.12026029526029525,0.12026029526029525,0.0184140857309103,0.472,132,382.0,0.07600000000000001,False,0.2048780487804878,0.04285714285714286,0.0,,,14,rider,0.1,0.1,region_crc,segformer_b2_cityscapes,cityscapes_val_half,121
,,,0.997,997,True,0.1947976055930601,0.1947976055930601,0.013142860494554043,0.472,132,382.0,0.07600000000000001,False,0.28292682926829266,0.08571428571428572,0.0,,,14,rider,0.2,0.1,region_crc,segformer_b2_cityscapes,cityscapes_val_half,121
,,,1.0,1000,True,0.0,0.0,1.0,0.472,132,382.0,0.0,False,0.0,0.0,0.0,,,14,rider,0.05,0.5,region_crc,segformer_b2_cityscapes,cityscapes_val_half,121
,,,1.0,1000,True,0.0,0.0,1.0,0.472,132,382.0,0.0,False,0.0,0.0,0.0,,,14,rider,0.1,0.5,region_crc,segformer_b2_cityscapes,cityscapes_val_half,121
,,,0.999,999,True,0.17357318607318606,0.17357318607318606,0.0184140857309103,0.472,132,382.0,0.07600000000000001,False,0.22926829268292684,0.08571428571428572,0.10810810810810811,,,14,rider,0.2,0.5,region_crc,segformer_b2_cityscapes,cityscapes_val_half,121
,,,1.0,1000,True,0.0,0.0,1.0,0.3,175,807.0,0.0,False,0.0,0.0,0.0,,,14,bicycle,0.05,0.1,region_crc,segformer_b2_cityscapes,cityscapes_val_half,170
,,,0.999,999,True,0.065147804576376,0.065147804576376,0.031749457120895386,0.3,175,807.0,0.068,False,0.10204081632653061,0.012658227848101266,0.0,,,14,bicycle,0.1,0.1,region_crc,segformer_b2_cityscapes,cityscapes_val_half,170
,,,0.99,990,True,0.181169449598021,0.18116944959802103,0.018802177160978317,0.3,175,807.0,0.07600000000000001,False,0.28061224489795916,0.05379746835443038,0.0,,,14,bicycle,0.2,0.1,region_crc,segformer_b2_cityscapes,cityscapes_val_half,170
,,,1.0,1000,True,0.0,0.0,1.0,0.3,175,807.0,0.0,False,0.0,0.0,0.0,,,14,bicycle,0.05,0.5,region_crc,segformer_b2_cityscapes,cityscapes_val_half,170
,,,1.0,1000,True,0.0,0.0,1.0,0.3,175,807.0,0.0,False,0.0,0.0,0.0,,,14,bicycle,0.1,0.5,region_crc,segformer_b2_cityscapes,cityscapes_val_half,170
,,,0.995,995,True,0.1787703566274995,0.1787703566274995,0.021927693858742714,0.3,175,807.0,0.07599999999999998,False,0.2627551020408163,0.0759493670886076,0.010101010101010102,,,14,bicycle,0.2,0.5,region_crc,segformer_b2_cityscapes,cityscapes_val_half,170
,,,1.0,1000,True,0.0,0.0,,,226,,,False,,,,,,14,max_over_classes,0.05,0.1,shared_crc,segformer_b2_cityscapes,cityscapes_val_half,224
,,,1.0,1000,True,0.0,0.0,1.0,,200,,,False,,,,,,14,person,0.05,0.1,shared_crc,segformer_b2_cityscapes,cityscapes_val_half,224
,,,1.0,1000,True,0.0,0.0,1.0,,132,,,False,,,,,,14,rider,0.05,0.1,shared_crc,segformer_b2_cityscapes,cityscapes_val_half,224
,,,1.0,1000,True,0.0,0.0,1.0,,175,,,False,,,,,,14,bicycle,0.05,0.1,shared_crc,segformer_b2_cityscapes,cityscapes_val_half,224
,,,1.0,1000,True,0.0,0.0,,,226,,,False,,,,,,14,max_over_classes,0.1,0.1,shared_crc,segformer_b2_cityscapes,cityscapes_val_half,224
,,,1.0,1000,True,0.0,0.0,1.0,,200,,,False,,,,,,14,person,0.1,0.1,shared_crc,segformer_b2_cityscapes,cityscapes_val_half,224
,,,1.0,1000,True,0.0,0.0,1.0,,132,,,False,,,,,,14,rider,0.1,0.1,shared_crc,segformer_b2_cityscapes,cityscapes_val_half,224
,,,1.0,1000,True,0.0,0.0,1.0,,175,,,False,,,,,,14,bicycle,0.1,0.1,shared_crc,segformer_b2_cityscapes,cityscapes_val_half,224
,,,0.997,997,True,0.1984490511213846,0.1984490511213846,,,226,,,False,,,,,,14,max_over_classes,0.2,0.1,shared_crc,segformer_b2_cityscapes,cityscapes_val_half,224
,,,0.997,997,True,0.0654448969646338,0.0654448969646338,0.045350149273872375,,200,,,False,,,,,,14,person,0.2,0.1,shared_crc,segformer_b2_cityscapes,cityscapes_val_half,224
,,,0.997,997,True,0.1947976055930601,0.1947976055930601,0.013142860494554043,,132,,,False,,,,,,14,rider,0.2,0.1,shared_crc,segformer_b2_cityscapes,cityscapes_val_half,224
,,,0.997,997,True,0.10272830344258915,0.10272830344258915,0.024638580158352852,,175,,,False,,,,,,14,bicycle,0.2,0.1,shared_crc,segformer_b2_cityscapes,cityscapes_val_half,224
,,,1.0,1000,True,0.0,0.0,,,226,,,False,,,,,,14,max_over_classes,0.05,0.5,shared_crc,segformer_b2_cityscapes,cityscapes_val_half,224
,,,1.0,1000,True,0.0,0.0,1.0,,200,,,False,,,,,,14,person,0.05,0.5,shared_crc,segformer_b2_cityscapes,cityscapes_val_half,224
,,,1.0,1000,True,0.0,0.0,1.0,,132,,,False,,,,,,14,rider,0.05,0.5,shared_crc,segformer_b2_cityscapes,cityscapes_val_half,224
,,,1.0,1000,True,0.0,0.0,1.0,,175,,,False,,,,,,14,bicycle,0.05,0.5,shared_crc,segformer_b2_cityscapes,cityscapes_val_half,224
,,,1.0,1000,True,0.0,0.0,,,226,,,False,,,,,,14,max_over_classes,0.1,0.5,shared_crc,segformer_b2_cityscapes,cityscapes_val_half,224
,,,1.0,1000,True,0.0,0.0,1.0,,200,,,False,,,,,,14,person,0.1,0.5,shared_crc,segformer_b2_cityscapes,cityscapes_val_half,224
,,,1.0,1000,True,0.0,0.0,1.0,,132,,,False,,,,,,14,rider,0.1,0.5,shared_crc,segformer_b2_cityscapes,cityscapes_val_half,224
,,,1.0,1000,True,0.0,0.0,1.0,,175,,,False,,,,,,14,bicycle,0.1,0.5,shared_crc,segformer_b2_cityscapes,cityscapes_val_half,224
,,,0.999,999,True,0.16701489677153394,0.16701489677153394,,,226,,,False,,,,,,14,max_over_classes,0.2,0.5,shared_crc,segformer_b2_cityscapes,cityscapes_val_half,224
,,,0.999,999,True,0.04568835282651072,0.04568835282651072,0.05695771053433418,,200,,,False,,,,,,14,person,0.2,0.5,shared_crc,segformer_b2_cityscapes,cityscapes_val_half,224
,,,0.999,999,True,0.17357318607318606,0.17357318607318606,0.0184140857309103,,132,,,False,,,,,,14,rider,0.2,0.5,shared_crc,segformer_b2_cityscapes,cityscapes_val_half,224
,,,0.999,999,True,0.0925155638012781,0.0925155638012781,0.031749457120895386,,175,,,False,,,,,,14,bicycle,0.2,0.5,shared_crc,segformer_b2_cityscapes,cityscapes_val_half,224
,,,0.999,999,True,0.02676127344877345,0.026761273448773448,0.05609471723437309,0.2,200,1341.0,0.06400000000000006,False,0.0453920220082531,0.002079002079002079,0.0,,,15,person,0.05,0.1,region_crc,segformer_b2_cityscapes,cityscapes_val_half,202
,,,0.997,997,True,0.056302396190554084,0.05630239619055409,0.04475975036621094,0.2,200,1341.0,0.064,False,0.08940852819807428,0.004158004158004158,0.0,,,15,person,0.1,0.1,region_crc,segformer_b2_cityscapes,cityscapes_val_half,202
,,,0.977,977,True,0.19520043886425462,0.19520043886425464,0.029189370572566986,6.228,200,1341.0,0.06799999999999995,False,0.25034387895460797,0.02702702702702703,0.0,,,15,person,0.2,0.1,region_crc,segformer_b2_cityscapes,cityscapes_val_half,202
,,,1.0,1000,True,0.0,0.0,1.0,0.2,200,1341.0,0.0,False,0.0,0.0,0.0,,,15,person,0.05,0.5,region_crc,segformer_b2_cityscapes,cityscapes_val_half,202
,,,0.999,999,True,0.0426605498546288,0.0426605498546288,0.05609471723437309,0.2,200,1341.0,0.06400000000000006,False,0.0687757909215956,0.010395010395010396,0.0,,,15,person,0.1,0.5,region_crc,segformer_b2_cityscapes,cityscapes_val_half,202
,,,0.99,990,True,0.18771514684146262,0.18771514684146265,0.03483559563755989,0.2,200,1341.0,0.06399999999999995,False,0.22833562585969738,0.04158004158004158,0.0,,,15,person,0.2,0.5,region_crc,segformer_b2_cityscapes,cityscapes_val_half,202
,,,1.0,1000,True,0.0,0.0,1.0,0.484,129,377.0,0.0,False,0.0,0.0,0.0,,,15,rider,0.05,0.1,region_crc,segformer_b2_cityscapes,cityscapes_val_half,124
,,,1.0,1000,True,0.0,0.0,1.0,0.484,129,377.0,0.0,False,0.0,0.0,0.0,,,15,rider,0.1,0.1,region_crc,segformer_b2_cityscapes,cityscapes_val_half,124
,,,0.997,997,True,0.1819471656680959,0.1819471656680959,0.012517559342086315,0.484,129,377.0,0.064,False,0.297029702970297,0.06206896551724138,0.0,,,15,rider,0.2,0.1,region_crc,segformer_b2_cityscapes,cityscapes_val_half,124
,,,1.0,1000,True,0.0,0.0,1.0,0.484,129,377.0,0.0,False,0.0,0.0,0.0,,,15,rider,0.05,0.5,region_crc,segformer_b2_cityscapes,cityscapes_val_half,124
,,,1.0,1000,True,0.0,0.0,1.0,0.484,129,377.0,0.0,False,0.0,0.0,0.0,,,15,rider,0.1,0.5,region_crc,segformer_b2_cityscapes,cityscapes_val_half,124
,,,0.999,999,True,0.15621811435764923,0.15621811435764923,0.017526444047689438,0.484,129,377.0,0.06,False,0.23267326732673269,0.05517241379310345,0.1,,,15,rider,0.2,0.5,region_crc,segformer_b2_cityscapes,cityscapes_val_half,124
,,,1.0,1000,True,0.0,0.0,1.0,0.288,178,901.0,0.0,False,0.0,0.0,0.0,,,15,bicycle,0.05,0.1,region_crc,segformer_b2_cityscapes,cityscapes_val_half,167
,,,0.998,998,True,0.09242400857569395,0.09242400857569398,0.024637535214424133,0.288,178,901.0,0.05600000000000005,False,0.16981132075471697,0.02318840579710145,0.0,,,15,bicycle,0.1,0.1,region_crc,segformer_b2_cityscapes,cityscapes_val_half,167
,,,0.99,990,True,0.1906863735515421,0.1906863735515421,0.016660334542393684,0.288,178,901.0,0.05599999999999994,False,0.3165618448637317,0.057971014492753624,0.0,,,15,bicycle,0.2,0.1,region_crc,segformer_b2_cityscapes,cityscapes_val_half,167
,,,1.0,1000,True,0.0,0.0,1.0,0.288,178,901.0,0.0,False,0.0,0.0,0.0,,,15,bicycle,0.05,0.5,region_crc,segformer_b2_cityscapes,cityscapes_val_half,167
,,,1.0,1000,True,0.0,0.0,1.0,0.288,178,901.0,0.0,False,0.0,0.0,0.0,,,15,bicycle,0.1,0.5,region_crc,segformer_b2_cityscapes,cityscapes_val_half,167
,,,0.994,994,True,0.19900144839690515,0.19900144839690517,0.018835514783859253,0.288,178,901.0,0.052000000000000046,False,0.3249475890985325,0.07246376811594203,0.0,,,15,bicycle,0.2,0.5,region_crc,segformer_b2_cityscapes,cityscapes_val_half,167
,,,1.0,1000,True,0.0,0.0,,,222,,,False,,,,,,15,max_over_classes,0.05,0.1,shared_crc,segformer_b2_cityscapes,cityscapes_val_half,228
,,,1.0,1000,True,0.0,0.0,1.0,,200,,,False,,,,,,15,person,0.05,0.1,shared_crc,segformer_b2_cityscapes,cityscapes_val_half,228
,,,1.0,1000,True,0.0,0.0,1.0,,129,,,False,,,,,,15,rider,0.05,0.1,shared_crc,segformer_b2_cityscapes,cityscapes_val_half,228
,,,1.0,1000,True,0.0,0.0,1.0,,178,,,False,,,,,,15,bicycle,0.05,0.1,shared_crc,segformer_b2_cityscapes,cityscapes_val_half,228
,,,1.0,1000,True,0.0,0.0,,,222,,,False,,,,,,15,max_over_classes,0.1,0.1,shared_crc,segformer_b2_cityscapes,cityscapes_val_half,228
,,,1.0,1000,True,0.0,0.0,1.0,,200,,,False,,,,,,15,person,0.1,0.1,shared_crc,segformer_b2_cityscapes,cityscapes_val_half,228
,,,1.0,1000,True,0.0,0.0,1.0,,129,,,False,,,,,,15,rider,0.1,0.1,shared_crc,segformer_b2_cityscapes,cityscapes_val_half,228
,,,1.0,1000,True,0.0,0.0,1.0,,178,,,False,,,,,,15,bicycle,0.1,0.1,shared_crc,segformer_b2_cityscapes,cityscapes_val_half,228
,,,0.998,998,True,0.14484252817586152,0.14484252817586152,,,222,,,False,,,,,,15,max_over_classes,0.2,0.1,shared_crc,segformer_b2_cityscapes,cityscapes_val_half,228
,,,0.998,998,True,0.04166286466944362,0.04166286466944362,0.048660844564437866,,200,,,False,,,,,,15,person,0.2,0.1,shared_crc,segformer_b2_cityscapes,cityscapes_val_half,228
,,,0.998,998,True,0.13830252434903598,0.13830252434903598,0.014191955327987671,,129,,,False,,,,,,15,rider,0.2,0.1,shared_crc,segformer_b2_cityscapes,cityscapes_val_half,228
,,,0.998,998,True,0.09242400857569395,0.09242400857569395,0.024637535214424133,,178,,,False,,,,,,15,bicycle,0.2,0.1,shared_crc,segformer_b2_cityscapes,cityscapes_val_half,228
,,,1.0,1000,True,0.0,0.0,,,222,,,False,,,,,,15,max_over_classes,0.05,0.5,shared_crc,segformer_b2_cityscapes,cityscapes_val_half,228
,,,1.0,1000,True,0.0,0.0,1.0,,200,,,False,,,,,,15,person,0.05,0.5,shared_crc,segformer_b2_cityscapes,cityscapes_val_half,228
,,,1.0,1000,True,0.0,0.0,1.0,,129,,,False,,,,,,15,rider,0.05,0.5,shared_crc,segformer_b2_cityscapes,cityscapes_val_half,228
,,,1.0,1000,True,0.0,0.0,1.0,,178,,,False,,,,,,15,bicycle,0.05,0.5,shared_crc,segformer_b2_cityscapes,cityscapes_val_half,228
,,,1.0,1000,True,0.0,0.0,,,222,,,False,,,,,,15,max_over_classes,0.1,0.5,shared_crc,segformer_b2_cityscapes,cityscapes_val_half,228
,,,1.0,1000,True,0.0,0.0,1.0,,200,,,False,,,,,,15,person,0.1,0.5,shared_crc,segformer_b2_cityscapes,cityscapes_val_half,228
,,,1.0,1000,True,0.0,0.0,1.0,,129,,,False,,,,,,15,rider,0.1,0.5,shared_crc,segformer_b2_cityscapes,cityscapes_val_half,228
,,,1.0,1000,True,0.0,0.0,1.0,,178,,,False,,,,,,15,bicycle,0.1,0.5,shared_crc,segformer_b2_cityscapes,cityscapes_val_half,228
,,,0.999,999,True,0.16174690966357633,0.16174690966357633,,,222,,,False,,,,,,15,max_over_classes,0.2,0.5,shared_crc,segformer_b2_cityscapes,cityscapes_val_half,228
,,,0.999,999,True,0.0426605498546288,0.0426605498546288,0.05609471723437309,,200,,,False,,,,,,15,person,0.2,0.5,shared_crc,segformer_b2_cityscapes,cityscapes_val_half,228
,,,0.999,999,True,0.15621811435764923,0.15621811435764923,0.017526444047689438,,129,,,False,,,,,,15,rider,0.2,0.5,shared_crc,segformer_b2_cityscapes,cityscapes_val_half,228
,,,0.999,999,True,0.10707087855964259,0.10707087855964259,0.029116496443748474,,178,,,False,,,,,,15,bicycle,0.2,0.5,shared_crc,segformer_b2_cityscapes,cityscapes_val_half,228
,,,0.999,999,True,0.035772765246449456,0.035772765246449456,0.056467074900865555,0.184,204,1449.0,0.039999999999999994,False,0.05317769130998703,0.003816793893129771,0.0,,,16,person,0.05,0.1,region_crc,segformer_b2_cityscapes,cityscapes_val_half,198
,,,0.996,996,True,0.07467328871869636,0.07467328871869636,0.042342301458120346,0.184,204,1449.0,0.04400000000000001,False,0.10116731517509728,0.007633587786259542,0.0,,,16,person,0.1,0.1,region_crc,segformer_b2_cityscapes,cityscapes_val_half,198
,,,0.979,979,True,0.1770419187514586,0.1770419187514586,0.029856080189347267,6.144,204,1449.0,0.04800000000000004,False,0.22568093385214008,0.03435114503816794,0.0,,,16,person,0.2,0.1,region_crc,segformer_b2_cityscapes,cityscapes_val_half,198
,,,1.0,1000,True,0.0,0.0,1.0,0.184,204,1449.0,0.0,False,0.0,0.0,0.0,,,16,person,0.05,0.5,region_crc,segformer_b2_cityscapes,cityscapes_val_half,198
,,,0.998,998,True,0.09116741073397419,0.09116741073397419,0.04893279820680618,0.184,204,1449.0,0.04000000000000001,False,0.09987029831387809,0.022900763358778626,0.0,,,16,person,0.1,0.5,region_crc,segformer_b2_cityscapes,cityscapes_val_half,198
,,,0.99,990,True,0.19103296398893738,0.1910329639889374,0.03494769334793091,0.184,204,1449.0,0.05599999999999994,False,0.2204928664072633,0.05725190839694656,0.0,,,16,person,0.2,0.5,region_crc,segformer_b2_cityscapes,cityscapes_val_half,198
,,,1.0,1000,True,0.0,0.0,1.0,0.528,118,328.0,0.0,False,0.0,0.0,0.0,,,16,rider,0.05,0.1,region_crc,segformer_b2_cityscapes,cityscapes_val_half,135
,,,0.999,999,True,0.13498789346246973,0.13498789346246973,0.01665349490940571,0.528,118,328.0,0.11599999999999999,False,0.18716577540106952,0.05737704918032787,0.0,,,16,rider,0.1,0.1,region_crc,segformer_b2_cityscapes,cityscapes_val_half,135
,,,0.996,996,True,0.25166801183750337,0.25166801183750337,0.010485944338142872,0.528,118,328.0,0.10400000000000009,False,0.29411764705882354,0.12295081967213115,0.0,,,16,rider,0.2,0.1,region_crc,segformer_b2_cityscapes,cityscapes_val_half,135
,,,1.0,1000,True,0.0,0.0,1.0,0.528,118,328.0,0.0,False,0.0,0.0,0.0,,,16,rider,0.05,0.5,region_crc,segformer_b2_cityscapes,cityscapes_val_half,135
,,,1.0,1000,True,0.0,0.0,1.0,0.528,118,328.0,0.0,False,0.0,0.0,0.0,,,16,rider,0.1,0.5,region_crc,segformer_b2_cityscapes,cityscapes_val_half,135
,,,0.998,998,True,0.2462200699488835,0.2462200699488835,0.013305296190083027,0.528,118,328.0,0.11199999999999999,False,0.2727272727272727,0.13934426229508196,0.05263157894736842,,,16,rider,0.2,0.5,region_crc,segformer_b2_cityscapes,cityscapes_val_half,135
,,,1.0,1000,True,0.0,0.0,1.0,0.308,173,846.0,0.0,False,0.0,0.0,0.0,,,16,bicycle,0.05,0.1,region_crc,segformer_b2_cityscapes,cityscapes_val_half,172
,,,0.998,998,True,0.09739186632250216,0.09739186632250216,0.02519288845360279,0.308,173,846.0,0.03999999999999998,False,0.1752808988764045,0.01834862385321101,0.0,,,16,bicycle,0.1,0.1,region_crc,segformer_b2_cityscapes,cityscapes_val_half,172
,,,0.985,985,True,0.22912190571150107,0.22912190571150112,0.01545332558453083,3.136,173,846.0,0.043999999999999984,False,0.36179775280898874,0.06422018348623854,0.0,,,16,bicycle,0.2,0.1,region_crc,segformer_b2_cityscapes,cityscapes_val_half,172
,,,1.0,1000,True,0.0,0.0,1.0,0.308,173,846.0,0.0,False,0.0,0.0,0.0,,,16,bicycle,0.05,0.5,region_crc,segformer_b2_cityscapes,cityscapes_val_half,172
,,,0.999,999,True,0.11860273637730286,0.11860273637730283,0.0298706516623497,0.308,173,846.0,0.052000000000000046,False,0.19325842696629214,0.03669724770642202,0.0,,,16,bicycle,0.1,0.5,region_crc,segformer_b2_cityscapes,cityscapes_val_half,172
,,,0.993,993,True,0.22266869011025836,0.22266869011025836,0.018528638407588005,0.308,173,846.0,0.03599999999999992,False,0.3393258426966292,0.08256880733944955,0.013513513513513514,,,16,bicycle,0.2,0.5,region_crc,segformer_b2_cityscapes,cityscapes_val_half,172
,,,1.0,1000,True,0.0,0.0,,,230,,,False,,,,,,16,max_over_classes,0.05,0.1,shared_crc,segformer_b2_cityscapes,cityscapes_val_half,220
,,,1.0,1000,True,0.0,0.0,1.0,,204,,,False,,,,,,16,person,0.05,0.1,shared_crc,segformer_b2_cityscapes,cityscapes_val_half,220
,,,1.0,1000,True,0.0,0.0,1.0,,118,,,False,,,,,,16,rider,0.05,0.1,shared_crc,segformer_b2_cityscapes,cityscapes_val_half,220
,,,1.0,1000,True,0.0,0.0,1.0,,173,,,False,,,,,,16,bicycle,0.05,0.1,shared_crc,segformer_b2_cityscapes,cityscapes_val_half,220
,,,1.0,1000,True,0.0,0.0,,,230,,,False,,,,,,16,max_over_classes,0.1,0.1,shared_crc,segformer_b2_cityscapes,cityscapes_val_half,220
,,,1.0,1000,True,0.0,0.0,1.0,,204,,,False,,,,,,16,person,0.1,0.1,shared_crc,segformer_b2_cityscapes,cityscapes_val_half,220
,,,1.0,1000,True,0.0,0.0,1.0,,118,,,False,,,,,,16,rider,0.1,0.1,shared_crc,segformer_b2_cityscapes,cityscapes_val_half,220
,,,1.0,1000,True,0.0,0.0,1.0,,173,,,False,,,,,,16,bicycle,0.1,0.1,shared_crc,segformer_b2_cityscapes,cityscapes_val_half,220
,,,0.997,997,True,0.20245713621914993,0.20245713621914993,,,230,,,False,,,,,,16,max_over_classes,0.2,0.1,shared_crc,segformer_b2_cityscapes,cityscapes_val_half,220
,,,0.997,997,True,0.06166393967993555,0.06166393967993555,0.0449698343873024,,204,,,False,,,,,,16,person,0.2,0.1,shared_crc,segformer_b2_cityscapes,cityscapes_val_half,220
,,,0.997,997,True,0.21567124024751144,0.21567124024751144,0.011598709039390087,,118,,,False,,,,,,16,rider,0.2,0.1,shared_crc,segformer_b2_cityscapes,cityscapes_val_half,220
,,,0.997,997,True,0.11453564098072769,0.11453564098072769,0.02279633656144142,,173,,,False,,,,,,16,bicycle,0.2,0.1,shared_crc,segformer_b2_cityscapes,cityscapes_val_half,220
,,,1.0,1000,True,0.0,0.0,,,230,,,False,,,,,,16,max_over_classes,0.05,0.5,shared_crc,segformer_b2_cityscapes,cityscapes_val_half,220
,,,1.0,1000,True,0.0,0.0,1.0,,204,,,False,,,,,,16,person,0.05,0.5,shared_crc,segformer_b2_cityscapes,cityscapes_val_half,220
,,,1.0,1000,True,0.0,0.0,1.0,,118,,,False,,,,,,16,rider,0.05,0.5,shared_crc,segformer_b2_cityscapes,cityscapes_val_half,220
,,,1.0,1000,True,0.0,0.0,1.0,,173,,,False,,,,,,16,bicycle,0.05,0.5,shared_crc,segformer_b2_cityscapes,cityscapes_val_half,220
,,,1.0,1000,True,0.0,0.0,,,230,,,False,,,,,,16,max_over_classes,0.1,0.5,shared_crc,segformer_b2_cityscapes,cityscapes_val_half,220
,,,1.0,1000,True,0.0,0.0,1.0,,204,,,False,,,,,,16,person,0.1,0.5,shared_crc,segformer_b2_cityscapes,cityscapes_val_half,220
,,,1.0,1000,True,0.0,0.0,1.0,,118,,,False,,,,,,16,rider,0.1,0.5,shared_crc,segformer_b2_cityscapes,cityscapes_val_half,220
,,,1.0,1000,True,0.0,0.0,1.0,,173,,,False,,,,,,16,bicycle,0.1,0.5,shared_crc,segformer_b2_cityscapes,cityscapes_val_half,220
,,,0.999,999,True,0.18799216060657706,0.18799216060657706,,,230,,,False,,,,,,16,max_over_classes,0.2,0.5,shared_crc,segformer_b2_cityscapes,cityscapes_val_half,220
,,,0.999,999,True,0.05362046288000881,0.05362046288000881,0.056467074900865555,,204,,,False,,,,,,16,person,0.2,0.5,shared_crc,segformer_b2_cityscapes,cityscapes_val_half,220
,,,0.999,999,True,0.19539278988431533,0.19539278988431533,0.01665349490940571,,118,,,False,,,,,,16,rider,0.2,0.5,shared_crc,segformer_b2_cityscapes,cityscapes_val_half,220
,,,0.999,999,True,0.11860273637730286,0.11860273637730286,0.0298706516623497,,173,,,False,,,,,,16,bicycle,0.2,0.5,shared_crc,segformer_b2_cityscapes,cityscapes_val_half,220
,,,0.998,998,True,0.05963507170629454,0.05963507170629454,0.044111695140600204,0.196,201,1275.0,0.10000000000000009,False,0.08333333333333333,0.013186813186813187,0.0,,,17,person,0.05,0.1,region_crc,segformer_b2_cityscapes,cityscapes_val_half,201
,,,0.991,991,True,0.1393932396485421,0.13939323964854206,0.03159333020448685,0.196,201,1275.0,0.10799999999999998,False,0.1765536723163842,0.026373626373626374,0.0,,,17,person,0.1,0.1,region_crc,segformer_b2_cityscapes,cityscapes_val_half,201
,,,0.968,968,True,0.24485575389280548,0.24485575389280548,0.023683516308665276,6.06,201,1275.0,0.09599999999999997,False,0.3361581920903955,0.046153846153846156,0.0,,,17,person,0.2,0.1,region_crc,segformer_b2_cityscapes,cityscapes_val_half,201
,,,0.999,999,True,0.06627317747375354,0.06627317747375354,0.05133002996444702,0.196,201,1275.0,0.09200000000000008,False,0.08615819209039548,0.02197802197802198,0.0,,,17,person,0.05,0.5,region_crc,segformer_b2_cityscapes,cityscapes_val_half,201
,,,0.997,997,True,0.130122203884969,0.130122203884969,0.040336936712265015,0.196,201,1275.0,0.10400000000000009,False,0.1497175141242938,0.035164835164835165,0.0,,,17,person,0.1,0.5,region_crc,segformer_b2_cityscapes,cityscapes_val_half,201
,,,0.987,987,True,0.2340816383484621,0.2340816383484621,0.029102269560098648,6.06,201,1275.0,0.10000000000000009,False,0.2796610169491525,0.07252747252747253,0.0,,,17,person,0.2,0.5,region_crc,segformer_b2_cityscapes,cityscapes_val_half,201
,,,1.0,1000,True,0.0,0.0,1.0,0.56,110,310.0,0.0,False,0.0,0.0,0.0,,,17,rider,0.05,0.1,region_crc,segformer_b2_cityscapes,cityscapes_val_half,143
,,,1.0,1000,True,0.0,0.0,1.0,0.56,110,310.0,0.0,False,0.0,0.0,0.0,,,17,rider,0.1,0.1,region_crc,segformer_b2_cityscapes,cityscapes_val_half,143
,,,0.997,997,True,0.18510822510822508,0.18510822510822508,0.010715575888752937,0.56,110,310.0,0.13600000000000007,False,0.22994652406417113,0.050505050505050504,0.0,,,17,rider,0.2,0.1,region_crc,segformer_b2_cityscapes,cityscapes_val_half,143
,,,1.0,1000,True,0.0,0.0,1.0,0.56,110,310.0,0.0,False,0.0,0.0,0.0,,,17,rider,0.05,0.5,region_crc,segformer_b2_cityscapes,cityscapes_val_half,143
,,,1.0,1000,True,0.0,0.0,1.0,0.56,110,310.0,0.0,False,0.0,0.0,0.0,,,17,rider,0.1,0.5,region_crc,segformer_b2_cityscapes,cityscapes_val_half,143
,,,0.999,999,True,0.16541125541125543,0.16541125541125543,0.0154250618070364,0.56,110,310.0,0.13199999999999995,False,0.19786096256684493,0.06060606060606061,0.041666666666666664,,,17,rider,0.2,0.5,region_crc,segformer_b2_cityscapes,cityscapes_val_half,143
,,,1.0,1000,True,0.0,0.0,1.0,0.388,153,750.0,0.0,False,0.0,0.0,0.0,,,17,bicycle,0.05,0.1,region_crc,segformer_b2_cityscapes,cityscapes_val_half,192
,,,0.998,998,True,0.08846463086659166,0.08846463086659165,0.022646812722086906,0.388,153,750.0,0.16,True,0.14357682619647355,0.01730103806228374,0.0,,,17,bicycle,0.1,0.1,region_crc,segformer_b2_cityscapes,cityscapes_val_half,192
,,,0.989,989,True,0.20558561808561812,0.2055856180856181,0.014743932522833347,0.388,153,750.0,0.16799999999999998,True,0.3198992443324937,0.0726643598615917,0.0,,,17,bicycle,0.2,0.1,region_crc,segformer_b2_cityscapes,cityscapes_val_half,192
,,,1.0,1000,True,0.0,0.0,1.0,0.388,153,750.0,0.0,False,0.0,0.0,0.0,,,17,bicycle,0.05,0.5,region_crc,segformer_b2_cityscapes,cityscapes_val_half,192
,,,1.0,1000,True,0.0,0.0,1.0,0.388,153,750.0,0.0,False,0.0,0.0,0.0,,,17,bicycle,0.1,0.5,region_crc,segformer_b2_cityscapes,cityscapes_val_half,192
,,,0.994,994,True,0.20847209845504813,0.20847209845504813,0.01708746701478958,0.388,153,750.0,0.17200000000000004,True,0.3198992443324937,0.08650519031141868,0.0,,,17,bicycle,0.2,0.5,region_crc,segformer_b2_cityscapes,cityscapes_val_half,192
,,,1.0,1000,True,0.0,0.0,,,219,,,False,,,,,,17,max_over_classes,0.05,0.1,shared_crc,segformer_b2_cityscapes,cityscapes_val_half,231
,,,1.0,1000,True,0.0,0.0,1.0,,201,,,False,,,,,,17,person,0.05,0.1,shared_crc,segformer_b2_cityscapes,cityscapes_val_half,231
,,,1.0,1000,True,0.0,0.0,1.0,,110,,,False,,,,,,17,rider,0.05,0.1,shared_crc,segformer_b2_cityscapes,cityscapes_val_half,231
,,,1.0,1000,True,0.0,0.0,1.0,,153,,,False,,,,,,17,bicycle,0.05,0.1,shared_crc,segformer_b2_cityscapes,cityscapes_val_half,231
,,,1.0,1000,True,0.0,0.0,,,219,,,False,,,,,,17,max_over_classes,0.1,0.1,shared_crc,segformer_b2_cityscapes,cityscapes_val_half,231
,,,1.0,1000,True,0.0,0.0,1.0,,201,,,False,,,,,,17,person,0.1,0.1,shared_crc,segformer_b2_cityscapes,cityscapes_val_half,231
,,,1.0,1000,True,0.0,0.0,1.0,,110,,,False,,,,,,17,rider,0.1,0.1,shared_crc,segformer_b2_cityscapes,cityscapes_val_half,231
,,,1.0,1000,True,0.0,0.0,1.0,,153,,,False,,,,,,17,bicycle,0.1,0.1,shared_crc,segformer_b2_cityscapes,cityscapes_val_half,231
,,,0.997,997,True,0.1962489689718721,0.1962489689718721,,,219,,,False,,,,,,17,max_over_classes,0.2,0.1,shared_crc,segformer_b2_cityscapes,cityscapes_val_half,231
,,,0.997,997,True,0.09404574119159087,0.09404574119159087,0.040336936712265015,,201,,,False,,,,,,17,person,0.2,0.1,shared_crc,segformer_b2_cityscapes,cityscapes_val_half,231
,,,0.997,997,True,0.18510822510822508,0.18510822510822508,0.010715575888752937,,110,,,False,,,,,,17,rider,0.2,0.1,shared_crc,segformer_b2_cityscapes,cityscapes_val_half,231
,,,0.997,997,True,0.11117924377728297,0.11117924377728297,0.020401405170559883,,153,,,False,,,,,,17,bicycle,0.2,0.1,shared_crc,segformer_b2_cityscapes,cityscapes_val_half,231
,,,1.0,1000,True,0.0,0.0,,,219,,,False,,,,,,17,max_over_classes,0.05,0.5,shared_crc,segformer_b2_cityscapes,cityscapes_val_half,231
,,,1.0,1000,True,0.0,0.0,1.0,,201,,,False,,,,,,17,person,0.05,0.5,shared_crc,segformer_b2_cityscapes,cityscapes_val_half,231
,,,1.0,1000,True,0.0,0.0,1.0,,110,,,False,,,,,,17,rider,0.05,0.5,shared_crc,segformer_b2_cityscapes,cityscapes_val_half,231
,,,1.0,1000,True,0.0,0.0,1.0,,153,,,False,,,,,,17,bicycle,0.05,0.5,shared_crc,segformer_b2_cityscapes,cityscapes_val_half,231
,,,1.0,1000,True,0.0,0.0,,,219,,,False,,,,,,17,max_over_classes,0.1,0.5,shared_crc,segformer_b2_cityscapes,cityscapes_val_half,231
,,,1.0,1000,True,0.0,0.0,1.0,,201,,,False,,,,,,17,person,0.1,0.5,shared_crc,segformer_b2_cityscapes,cityscapes_val_half,231
,,,1.0,1000,True,0.0,0.0,1.0,,110,,,False,,,,,,17,rider,0.1,0.5,shared_crc,segformer_b2_cityscapes,cityscapes_val_half,231
,,,1.0,1000,True,0.0,0.0,1.0,,153,,,False,,,,,,17,bicycle,0.1,0.5,shared_crc,segformer_b2_cityscapes,cityscapes_val_half,231
,,,0.999,999,True,0.16659981739890417,0.16659981739890417,,,219,,,False,,,,,,17,max_over_classes,0.2,0.5,shared_crc,segformer_b2_cityscapes,cityscapes_val_half,231
,,,0.999,999,True,0.06627317747375354,0.06627317747375354,0.05133002996444702,,201,,,False,,,,,,17,person,0.2,0.5,shared_crc,segformer_b2_cityscapes,cityscapes_val_half,231
,,,0.999,999,True,0.16541125541125543,0.16541125541125543,0.0154250618070364,,110,,,False,,,,,,17,rider,0.2,0.5,shared_crc,segformer_b2_cityscapes,cityscapes_val_half,231
,,,0.999,999,True,0.11125980954412326,0.11125980954412326,0.027102092280983925,,153,,,False,,,,,,17,bicycle,0.2,0.5,shared_crc,segformer_b2_cityscapes,cityscapes_val_half,231
,,,0.999,999,True,0.03557311724095894,0.03557311724095895,0.0596826933324337,0.192,202,1374.0,0.04799999999999993,False,0.05277401894451962,0.0041753653444676405,0.0,,,18,person,0.05,0.1,region_crc,segformer_b2_cityscapes,cityscapes_val_half,200
,,,0.996,996,True,0.0718919501074729,0.0718919501074729,0.04538630694150925,0.192,202,1374.0,0.04800000000000004,False,0.09878213802435724,0.008350730688935281,0.0,,,18,person,0.1,0.1,region_crc,segformer_b2_cityscapes,cityscapes_val_half,200
,,,0.982,982,True,0.15640002446473342,0.15640002446473344,0.03351752087473869,6.172,202,1374.0,0.064,False,0.21109607577807848,0.03549060542797495,0.0,,,18,person,0.2,0.1,region_crc,segformer_b2_cityscapes,cityscapes_val_half,200
,,,1.0,1000,True,0.0,0.0,1.0,0.192,202,1374.0,0.0,False,0.0,0.0,0.0,,,18,person,0.05,0.5,region_crc,segformer_b2_cityscapes,cityscapes_val_half,200
,,,0.998,998,True,0.08440694220818672,0.08440694220818674,0.05206569656729698,0.192,202,1374.0,0.055999999999999994,False,0.09878213802435724,0.022964509394572025,0.0,,,18,person,0.1,0.5,region_crc,segformer_b2_cityscapes,cityscapes_val_half,200
,,,0.992,992,True,0.16013831038123713,0.16013831038123716,0.039504524320364,0.192,202,1374.0,0.048000000000000015,False,0.21109607577807848,0.054279749478079335,0.0,,,18,person,0.2,0.5,region_crc,segformer_b2_cityscapes,cityscapes_val_half,200
,,,1.0,1000,True,0.0,0.0,1.0,0.488,128,363.0,0.0,False,0.0,0.0,0.0,,,18,rider,0.05,0.1,region_crc,segformer_b2_cityscapes,cityscapes_val_half,125
,,,1.0,1000,True,0.0,0.0,1.0,0.488,128,363.0,0.0,False,0.0,0.0,0.0,,,18,rider,0.1,0.1,region_crc,segformer_b2_cityscapes,cityscapes_val_half,125
,,,0.999,999,True,0.059784226190476186,0.059784226190476186,0.019010478630661964,0.488,128,363.0,0.136,False,0.1116751269035533,0.007575757575757576,0.0,,,18,rider,0.2,0.1,region_crc,segformer_b2_cityscapes,cityscapes_val_half,125
,,,1.0,1000,True,0.0,0.0,1.0,0.488,128,363.0,0.0,False,0.0,0.0,0.0,,,18,rider,0.05,0.5,region_crc,segformer_b2_cityscapes,cityscapes_val_half,125
,,,1.0,1000,True,0.0,0.0,1.0,0.488,128,363.0,0.0,False,0.0,0.0,0.0,,,18,rider,0.1,0.5,region_crc,segformer_b2_cityscapes,cityscapes_val_half,125
,,,0.999,999,True,0.11603422619047618,0.11603422619047618,0.019010478630661964,0.488,128,363.0,0.136,False,0.14213197969543148,0.045454545454545456,0.08823529411764706,,,18,rider,0.2,0.5,region_crc,segformer_b2_cityscapes,cityscapes_val_half,125
,,,1.0,1000,True,0.0,0.0,1.0,0.296,176,857.0,0.0,False,0.0,0.0,0.0,,,18,bicycle,0.05,0.1,region_crc,segformer_b2_cityscapes,cityscapes_val_half,169
,,,0.999,999,True,0.06484356867879595,0.06484356867879595,0.03226596862077713,0.296,176,857.0,0.09199999999999997,False,0.10576923076923077,0.0113314447592068,0.0,,,18,bicycle,0.1,0.1,region_crc,segformer_b2_cityscapes,cityscapes_val_half,169
,,,0.992,992,True,0.13694982416573326,0.13694982416573326,0.019743643701076508,0.296,176,857.0,0.08400000000000007,False,0.2283653846153846,0.039660056657223795,0.0,,,18,bicycle,0.2,0.1,region_crc,segformer_b2_cityscapes,cityscapes_val_half,169
,,,1.0,1000,True,0.0,0.0,1.0,0.296,176,857.0,0.0,False,0.0,0.0,0.0,,,18,bicycle,0.05,0.5,region_crc,segformer_b2_cityscapes,cityscapes_val_half,169
,,,1.0,1000,True,0.0,0.0,1.0,0.296,176,857.0,0.0,False,0.0,0.0,0.0,,,18,bicycle,0.1,0.5,region_crc,segformer_b2_cityscapes,cityscapes_val_half,169
,,,0.997,997,True,0.12870081307581308,0.12870081307581305,0.024871205911040306,0.296,176,857.0,0.09200000000000008,False,0.18990384615384615,0.059490084985835696,0.0,,,18,bicycle,0.2,0.5,region_crc,segformer_b2_cityscapes,cityscapes_val_half,169
,,,1.0,1000,True,0.0,0.0,,,225,,,False,,,,,,18,max_over_classes,0.05,0.1,shared_crc,segformer_b2_cityscapes,cityscapes_val_half,225
,,,1.0,1000,True,0.0,0.0,1.0,,202,,,False,,,,,,18,person,0.05,0.1,shared_crc,segformer_b2_cityscapes,cityscapes_val_half,225
,,,1.0,1000,True,0.0,0.0,1.0,,128,,,False,,,,,,18,rider,0.05,0.1,shared_crc,segformer_b2_cityscapes,cityscapes_val_half,225
,,,1.0,1000,True,0.0,0.0,1.0,,176,,,False,,,,,,18,bicycle,0.05,0.1,shared_crc,segformer_b2_cityscapes,cityscapes_val_half,225
,,,1.0,1000,True,0.0,0.0,,,225,,,False,,,,,,18,max_over_classes,0.1,0.1,shared_crc,segformer_b2_cityscapes,cityscapes_val_half,225
,,,1.0,1000,True,0.0,0.0,1.0,,202,,,False,,,,,,18,person,0.1,0.1,shared_crc,segformer_b2_cityscapes,cityscapes_val_half,225
,,,1.0,1000,True,0.0,0.0,1.0,,128,,,False,,,,,,18,rider,0.1,0.1,shared_crc,segformer_b2_cityscapes,cityscapes_val_half,225
,,,1.0,1000,True,0.0,0.0,1.0,,176,,,False,,,,,,18,bicycle,0.1,0.1,shared_crc,segformer_b2_cityscapes,cityscapes_val_half,225
,,,0.998,998,True,0.1296731042148999,0.1296731042148999,,,225,,,False,,,,,,18,max_over_classes,0.2,0.1,shared_crc,segformer_b2_cityscapes,cityscapes_val_half,225
,,,0.998,998,True,0.04570113987549539,0.04570113987549539,0.05206569656729698,,202,,,False,,,,,,18,person,0.2,0.1,shared_crc,segformer_b2_cityscapes,cityscapes_val_half,225
,,,0.998,998,True,0.09259672619047618,0.09259672619047618,0.015419219620525837,,128,,,False,,,,,,18,rider,0.2,0.1,shared_crc,segformer_b2_cityscapes,cityscapes_val_half,225
,,,0.998,998,True,0.0786469843288025,0.0786469843288025,0.027382470667362213,,176,,,False,,,,,,18,bicycle,0.2,0.1,shared_crc,segformer_b2_cityscapes,cityscapes_val_half,225
,,,1.0,1000,True,0.0,0.0,,,225,,,False,,,,,,18,max_over_classes,0.05,0.5,shared_crc,segformer_b2_cityscapes,cityscapes_val_half,225
,,,1.0,1000,True,0.0,0.0,1.0,,202,,,False,,,,,,18,person,0.05,0.5,shared_crc,segformer_b2_cityscapes,cityscapes_val_half,225
,,,1.0,1000,True,0.0,0.0,1.0,,128,,,False,,,,,,18,rider,0.05,0.5,shared_crc,segformer_b2_cityscapes,cityscapes_val_half,225
,,,1.0,1000,True,0.0,0.0,1.0,,176,,,False,,,,,,18,bicycle,0.05,0.5,shared_crc,segformer_b2_cityscapes,cityscapes_val_half,225
,,,1.0,1000,True,0.0,0.0,,,225,,,False,,,,,,18,max_over_classes,0.1,0.5,shared_crc,segformer_b2_cityscapes,cityscapes_val_half,225
,,,1.0,1000,True,0.0,0.0,1.0,,202,,,False,,,,,,18,person,0.1,0.5,shared_crc,segformer_b2_cityscapes,cityscapes_val_half,225
,,,1.0,1000,True,0.0,0.0,1.0,,128,,,False,,,,,,18,rider,0.1,0.5,shared_crc,segformer_b2_cityscapes,cityscapes_val_half,225
,,,1.0,1000,True,0.0,0.0,1.0,,176,,,False,,,,,,18,bicycle,0.1,0.5,shared_crc,segformer_b2_cityscapes,cityscapes_val_half,225
,,,0.999,999,True,0.1511955817373774,0.1511955817373774,,,225,,,False,,,,,,18,max_over_classes,0.2,0.5,shared_crc,segformer_b2_cityscapes,cityscapes_val_half,225
,,,0.999,999,True,0.04669123888539638,0.04669123888539638,0.0596826933324337,,202,,,False,,,,,,18,person,0.2,0.5,shared_crc,segformer_b2_cityscapes,cityscapes_val_half,225
,,,0.999,999,True,0.11603422619047618,0.11603422619047618,0.019010478630661964,,128,,,False,,,,,,18,rider,0.2,0.5,shared_crc,segformer_b2_cityscapes,cityscapes_val_half,225
,,,0.999,999,True,0.09239403273494183,0.09239403273494183,0.03226596862077713,,176,,,False,,,,,,18,bicycle,0.2,0.5,shared_crc,segformer_b2_cityscapes,cityscapes_val_half,225
,,,0.999,999,True,0.03275914798302858,0.03275914798302858,0.058845873922109604,0.196,201,1396.0,0.052000000000000005,False,0.05394736842105263,0.01016260162601626,0.0,,,19,person,0.05,0.1,region_crc,segformer_b2_cityscapes,cityscapes_val_half,201
,,,0.996,996,True,0.07232297412711133,0.07232297412711133,0.04450840875506401,0.196,201,1396.0,0.07600000000000001,False,0.09473684210526316,0.018292682926829267,0.0,,,19,person,0.1,0.1,region_crc,segformer_b2_cityscapes,cityscapes_val_half,201
,,,0.982,982,True,0.15625907802359135,0.15625907802359135,0.03269684687256813,6.228,201,1396.0,0.064,False,0.20921052631578949,0.04065040650406504,0.0,,,19,person,0.2,0.1,region_crc,segformer_b2_cityscapes,cityscapes_val_half,201
,,,1.0,1000,True,0.0,0.0,1.0,0.196,201,1396.0,0.0,False,0.0,0.0,0.0,,,19,person,0.05,0.5,region_crc,segformer_b2_cityscapes,cityscapes_val_half,201
,,,0.999,999,True,0.049948145402452813,0.049948145402452813,0.058845873922109604,0.196,201,1396.0,0.052000000000000005,False,0.07105263157894737,0.022357723577235773,0.0,,,19,person,0.1,0.5,region_crc,segformer_b2_cityscapes,cityscapes_val_half,201
,,,0.992,992,True,0.15452721167729716,0.15452721167729716,0.038647085428237915,0.196,201,1396.0,0.08000000000000002,False,0.19736842105263158,0.052845528455284556,0.0,,,19,person,0.2,0.5,region_crc,segformer_b2_cityscapes,cityscapes_val_half,201
,,,1.0,1000,True,0.0,0.0,1.0,0.512,122,381.0,0.0,False,0.0,0.0,0.0,,,19,rider,0.05,0.1,region_crc,segformer_b2_cityscapes,cityscapes_val_half,131
,,,1.0,1000,True,0.0,0.0,1.0,0.512,122,381.0,0.0,False,0.0,0.0,0.0,,,19,rider,0.1,0.1,region_crc,segformer_b2_cityscapes,cityscapes_val_half,131
,,,0.998,998,True,0.14254939050021018,0.14254939050021018,0.01547853834927082,0.512,122,381.0,0.08799999999999997,False,0.20095693779904306,0.04316546762589928,0.0,,,19,rider,0.2,0.1,region_crc,segformer_b2_cityscapes,cityscapes_val_half,131
,,,1.0,1000,True,0.0,0.0,1.0,0.512,122,381.0,0.0,False,0.0,0.0,0.0,,,19,rider,0.05,0.5,region_crc,segformer_b2_cityscapes,cityscapes_val_half,131
,,,1.0,1000,True,0.0,0.0,1.0,0.512,122,381.0,0.0,False,0.0,0.0,0.0,,,19,rider,0.1,0.5,region_crc,segformer_b2_cityscapes,cityscapes_val_half,131
,,,0.999,999,True,0.14004483676614823,0.14004483676614823,0.01898457109928131,0.512,122,381.0,0.09599999999999997,False,0.18660287081339713,0.050359712230215826,0.06060606060606061,,,19,rider,0.2,0.5,region_crc,segformer_b2_cityscapes,cityscapes_val_half,131
,,,1.0,1000,True,0.0,0.0,1.0,0.308,173,909.0,0.0,False,0.0,0.0,0.0,,,19,bicycle,0.05,0.1,region_crc,segformer_b2_cityscapes,cityscapes_val_half,172
,,,0.999,999,True,0.05219359157220429,0.05219359157220429,0.03226539120078087,0.308,173,909.0,0.08799999999999997,False,0.09401709401709402,0.002857142857142857,0.0,,,19,bicycle,0.1,0.1,region_crc,segformer_b2_cityscapes,cityscapes_val_half,172
,,,0.99,990,True,0.18570021019442984,0.18570021019442984,0.01874343305826187,0.308,173,909.0,0.06799999999999995,False,0.2841880341880342,0.05142857142857143,0.0,,,19,bicycle,0.2,0.1,region_crc,segformer_b2_cityscapes,cityscapes_val_half,172
,,,1.0,1000,True,0.0,0.0,1.0,0.308,173,909.0,0.0,False,0.0,0.0,0.0,,,19,bicycle,0.05,0.5,region_crc,segformer_b2_cityscapes,cityscapes_val_half,172
,,,1.0,1000,True,0.0,0.0,1.0,0.308,173,909.0,0.0,False,0.0,0.0,0.0,,,19,bicycle,0.1,0.5,region_crc,segformer_b2_cityscapes,cityscapes_val_half,172
,,,0.995,995,True,0.18087537584584581,0.18087537584584584,0.022006722167134285,0.308,173,909.0,0.06400000000000006,False,0.26282051282051283,0.06857142857142857,0.0,,,19,bicycle,0.2,0.5,region_crc,segformer_b2_cityscapes,cityscapes_val_half,172
,,,1.0,1000,True,0.0,0.0,,,226,,,False,,,,,,19,max_over_classes,0.05,0.1,shared_crc,segformer_b2_cityscapes,cityscapes_val_half,224
,,,1.0,1000,True,0.0,0.0,1.0,,201,,,False,,,,,,19,person,0.05,0.1,shared_crc,segformer_b2_cityscapes,cityscapes_val_half,224
,,,1.0,1000,True,0.0,0.0,1.0,,122,,,False,,,,,,19,rider,0.05,0.1,shared_crc,segformer_b2_cityscapes,cityscapes_val_half,224
,,,1.0,1000,True,0.0,0.0,1.0,,173,,,False,,,,,,19,bicycle,0.05,0.1,shared_crc,segformer_b2_cityscapes,cityscapes_val_half,224
,,,1.0,1000,True,0.0,0.0,,,226,,,False,,,,,,19,max_over_classes,0.1,0.1,shared_crc,segformer_b2_cityscapes,cityscapes_val_half,224
,,,1.0,1000,True,0.0,0.0,1.0,,201,,,False,,,,,,19,person,0.1,0.1,shared_crc,segformer_b2_cityscapes,cityscapes_val_half,224
,,,1.0,1000,True,0.0,0.0,1.0,,122,,,False,,,,,,19,rider,0.1,0.1,shared_crc,segformer_b2_cityscapes,cityscapes_val_half,224
,,,1.0,1000,True,0.0,0.0,1.0,,173,,,False,,,,,,19,bicycle,0.1,0.1,shared_crc,segformer_b2_cityscapes,cityscapes_val_half,224
,,,0.998,998,True,0.13944880177181063,0.13944880177181063,,,226,,,False,,,,,,19,max_over_classes,0.2,0.1,shared_crc,segformer_b2_cityscapes,cityscapes_val_half,224
,,,0.998,998,True,0.04368317396335202,0.04368317396335202,0.05120223015546799,,201,,,False,,,,,,19,person,0.2,0.1,shared_crc,segformer_b2_cityscapes,cityscapes_val_half,224
,,,0.998,998,True,0.14254939050021018,0.14254939050021018,0.01547853834927082,,122,,,False,,,,,,19,rider,0.2,0.1,shared_crc,segformer_b2_cityscapes,cityscapes_val_half,224
,,,0.998,998,True,0.08463943731284772,0.08463943731284772,0.02736629545688629,,173,,,False,,,,,,19,bicycle,0.2,0.1,shared_crc,segformer_b2_cityscapes,cityscapes_val_half,224
,,,1.0,1000,True,0.0,0.0,,,226,,,False,,,,,,19,max_over_classes,0.05,0.5,shared_crc,segformer_b2_cityscapes,cityscapes_val_half,224
,,,1.0,1000,True,0.0,0.0,1.0,,201,,,False,,,,,,19,person,0.05,0.5,shared_crc,segformer_b2_cityscapes,cityscapes_val_half,224
,,,1.0,1000,True,0.0,0.0,1.0,,122,,,False,,,,,,19,rider,0.05,0.5,shared_crc,segformer_b2_cityscapes,cityscapes_val_half,224
,,,1.0,1000,True,0.0,0.0,1.0,,173,,,False,,,,,,19,bicycle,0.05,0.5,shared_crc,segformer_b2_cityscapes,cityscapes_val_half,224
,,,1.0,1000,True,0.0,0.0,,,226,,,False,,,,,,19,max_over_classes,0.1,0.5,shared_crc,segformer_b2_cityscapes,cityscapes_val_half,224
,,,1.0,1000,True,0.0,0.0,1.0,,201,,,False,,,,,,19,person,0.1,0.5,shared_crc,segformer_b2_cityscapes,cityscapes_val_half,224
,,,1.0,1000,True,0.0,0.0,1.0,,122,,,False,,,,,,19,rider,0.1,0.5,shared_crc,segformer_b2_cityscapes,cityscapes_val_half,224
,,,1.0,1000,True,0.0,0.0,1.0,,173,,,False,,,,,,19,bicycle,0.1,0.5,shared_crc,segformer_b2_cityscapes,cityscapes_val_half,224
,,,0.999,999,True,0.14940580969342032,0.14940580969342032,,,226,,,False,,,,,,19,max_over_classes,0.2,0.5,shared_crc,segformer_b2_cityscapes,cityscapes_val_half,224
,,,0.999,999,True,0.049948145402452813,0.049948145402452813,0.058845873922109604,,201,,,False,,,,,,19,person,0.2,0.5,shared_crc,segformer_b2_cityscapes,cityscapes_val_half,224
,,,0.999,999,True,0.14004483676614823,0.14004483676614823,0.01898457109928131,,122,,,False,,,,,,19,rider,0.2,0.5,shared_crc,segformer_b2_cityscapes,cityscapes_val_half,224
,,,0.999,999,True,0.09740249313948736,0.09740249313948736,0.03226539120078087,,173,,,False,,,,,,19,bicycle,0.2,0.5,shared_crc,segformer_b2_cityscapes,cityscapes_val_half,224
,,,0.999,999,True,0.029930440798122508,0.029930440798122508,0.05916779860854149,0.196,201,1398.0,0.09199999999999997,False,0.046357615894039736,0.006109979633401222,0.0,,,20,person,0.05,0.1,region_crc,segformer_b2_cityscapes,cityscapes_val_half,201
,,,0.997,997,True,0.057604357975181875,0.057604357975181875,0.047344572842121124,0.196,201,1398.0,0.07999999999999996,False,0.07549668874172186,0.018329938900203666,0.0,,,20,person,0.1,0.1,region_crc,segformer_b2_cityscapes,cityscapes_val_half,201
,,,0.98,980,True,0.172948740320396,0.172948740320396,0.03187685087323189,6.152,201,1398.0,0.07999999999999996,False,0.2410596026490066,0.03665987780040733,0.0,,,20,person,0.2,0.1,region_crc,segformer_b2_cityscapes,cityscapes_val_half,201
,,,1.0,1000,True,0.0,0.0,1.0,0.196,201,1398.0,0.0,False,0.0,0.0,0.0,,,20,person,0.05,0.5,region_crc,segformer_b2_cityscapes,cityscapes_val_half,201
,,,0.999,999,True,0.045184663024065076,0.04518466302406509,0.05916779860854149,0.196,201,1398.0,0.09199999999999997,False,0.05827814569536424,0.020366598778004074,0.0,,,20,person,0.1,0.5,region_crc,segformer_b2_cityscapes,cityscapes_val_half,201
,,,0.992,992,True,0.15396159816750363,0.15396159816750363,0.03860955685377121,0.196,201,1398.0,0.07200000000000001,False,0.20662251655629138,0.054989816700611,0.0,,,20,person,0.2,0.5,region_crc,segformer_b2_cityscapes,cityscapes_val_half,201
,,,1.0,1000,True,0.0,0.0,1.0,0.48,130,374.0,0.0,False,0.0,0.0,0.0,,,20,rider,0.05,0.1,region_crc,segformer_b2_cityscapes,cityscapes_val_half,123
,,,0.999,999,True,0.12597069597069596,0.12597069597069596,0.018548427149653435,0.48,130,374.0,0.07600000000000007,False,0.21359223300970873,0.03937007874015748,0.0,,,20,rider,0.1,0.1,region_crc,segformer_b2_cityscapes,cityscapes_val_half,123
,,,0.996,996,True,0.2509554334554334,0.2509554334554335,0.012127120979130268,0.48,130,374.0,0.05600000000000005,False,0.38349514563106796,0.08661417322834646,0.0,,,20,rider,0.2,0.1,region_crc,segformer_b2_cityscapes,cityscapes_val_half,123
,,,1.0,1000,True,0.0,0.0,1.0,0.48,130,374.0,0.0,False,0.0,0.0,0.0,,,20,rider,0.05,0.5,region_crc,segformer_b2_cityscapes,cityscapes_val_half,123
,,,1.0,1000,True,0.0,0.0,1.0,0.48,130,374.0,0.0,False,0.0,0.0,0.0,,,20,rider,0.1,0.5,region_crc,segformer_b2_cityscapes,cityscapes_val_half,123
,,,0.998,998,True,0.23561660561660558,0.23561660561660563,0.01504642702639103,0.48,130,374.0,0.06400000000000006,False,0.33495145631067963,0.11811023622047244,0.04878048780487805,,,20,rider,0.2,0.5,region_crc,segformer_b2_cityscapes,cityscapes_val_half,123
,,,1.0,1000,True,0.0,0.0,1.0,0.304,174,946.0,0.0,False,0.0,0.0,0.0,,,20,bicycle,0.05,0.1,region_crc,segformer_b2_cityscapes,cityscapes_val_half,171
,,,0.997,997,True,0.1224044314561556,0.1224044314561556,0.025501513853669167,0.304,174,946.0,0.09600000000000003,False,0.19123505976095617,0.01729106628242075,0.0,,,20,bicycle,0.1,0.1,region_crc,segformer_b2_cityscapes,cityscapes_val_half,171
,,,0.987,987,True,0.22007826145757178,0.22007826145757178,0.018316715955734253,3.168,174,946.0,0.09599999999999997,False,0.3247011952191235,0.06051873198847262,0.0,,,20,bicycle,0.2,0.1,region_crc,segformer_b2_cityscapes,cityscapes_val_half,171
,,,1.0,1000,True,0.0,0.0,1.0,0.304,174,946.0,0.0,False,0.0,0.0,0.0,,,20,bicycle,0.05,0.5,region_crc,segformer_b2_cityscapes,cityscapes_val_half,171
,,,0.999,999,True,0.12208307337617683,0.12208307337617683,0.03281329944729805,0.304,174,946.0,0.09599999999999997,False,0.17928286852589642,0.0345821325648415,0.0,,,20,bicycle,0.1,0.5,region_crc,segformer_b2_cityscapes,cityscapes_val_half,171
,,,0.993,993,True,0.23276911189205043,0.2327691118920504,0.02099798060953617,0.304,174,946.0,0.08800000000000008,False,0.3286852589641434,0.09510086455331412,0.010309278350515464,,,20,bicycle,0.2,0.5,region_crc,segformer_b2_cityscapes,cityscapes_val_half,171
,,,1.0,1000,True,0.0,0.0,,,224,,,False,,,,,,20,max_over_classes,0.05,0.1,shared_crc,segformer_b2_cityscapes,cityscapes_val_half,226
,,,1.0,1000,True,0.0,0.0,1.0,,201,,,False,,,,,,20,person,0.05,0.1,shared_crc,segformer_b2_cityscapes,cityscapes_val_half,226
,,,1.0,1000,True,0.0,0.0,1.0,,130,,,False,,,,,,20,rider,0.05,0.1,shared_crc,segformer_b2_cityscapes,cityscapes_val_half,226
,,,1.0,1000,True,0.0,0.0,1.0,,174,,,False,,,,,,20,bicycle,0.05,0.1,shared_crc,segformer_b2_cityscapes,cityscapes_val_half,226
,,,1.0,1000,True,0.0,0.0,,,224,,,False,,,,,,20,max_over_classes,0.1,0.1,shared_crc,segformer_b2_cityscapes,cityscapes_val_half,226
,,,1.0,1000,True,0.0,0.0,1.0,,201,,,False,,,,,,20,person,0.1,0.1,shared_crc,segformer_b2_cityscapes,cityscapes_val_half,226
,,,1.0,1000,True,0.0,0.0,1.0,,130,,,False,,,,,,20,rider,0.1,0.1,shared_crc,segformer_b2_cityscapes,cityscapes_val_half,226
,,,1.0,1000,True,0.0,0.0,1.0,,174,,,False,,,,,,20,bicycle,0.1,0.1,shared_crc,segformer_b2_cityscapes,cityscapes_val_half,226
,,,0.997,997,True,0.2015175498413695,0.2015175498413695,,,224,,,False,,,,,,20,max_over_classes,0.2,0.1,shared_crc,segformer_b2_cityscapes,cityscapes_val_half,226
,,,0.997,997,True,0.057604357975181875,0.057604357975181875,0.047344572842121124,,201,,,False,,,,,,20,person,0.2,0.1,shared_crc,segformer_b2_cityscapes,cityscapes_val_half,226
,,,0.997,997,True,0.20839133089133088,0.20839133089133088,0.01327869389206171,,130,,,False,,,,,,20,rider,0.2,0.1,shared_crc,segformer_b2_cityscapes,cityscapes_val_half,226
,,,0.997,997,True,0.1224044314561556,0.1224044314561556,0.025501513853669167,,174,,,False,,,,,,20,bicycle,0.2,0.1,shared_crc,segformer_b2_cityscapes,cityscapes_val_half,226
,,,1.0,1000,True,0.0,0.0,,,224,,,False,,,,,,20,max_over_classes,0.05,0.5,shared_crc,segformer_b2_cityscapes,cityscapes_val_half,226
,,,1.0,1000,True,0.0,0.0,1.0,,201,,,False,,,,,,20,person,0.05,0.5,shared_crc,segformer_b2_cityscapes,cityscapes_val_half,226
,,,1.0,1000,True,0.0,0.0,1.0,,130,,,False,,,,,,20,rider,0.05,0.5,shared_crc,segformer_b2_cityscapes,cityscapes_val_half,226
,,,1.0,1000,True,0.0,0.0,1.0,,174,,,False,,,,,,20,bicycle,0.05,0.5,shared_crc,segformer_b2_cityscapes,cityscapes_val_half,226
,,,1.0,1000,True,0.0,0.0,,,224,,,False,,,,,,20,max_over_classes,0.1,0.5,shared_crc,segformer_b2_cityscapes,cityscapes_val_half,226
,,,1.0,1000,True,0.0,0.0,1.0,,201,,,False,,,,,,20,person,0.1,0.5,shared_crc,segformer_b2_cityscapes,cityscapes_val_half,226
,,,1.0,1000,True,0.0,0.0,1.0,,130,,,False,,,,,,20,rider,0.1,0.5,shared_crc,segformer_b2_cityscapes,cityscapes_val_half,226
,,,1.0,1000,True,0.0,0.0,1.0,,174,,,False,,,,,,20,bicycle,0.1,0.5,shared_crc,segformer_b2_cityscapes,cityscapes_val_half,226
,,,0.999,999,True,0.180923815111709,0.180923815111709,,,224,,,False,,,,,,20,max_over_classes,0.2,0.5,shared_crc,segformer_b2_cityscapes,cityscapes_val_half,226
,,,0.999,999,True,0.045184663024065076,0.045184663024065076,0.05916779860854149,,201,,,False,,,,,,20,person,0.2,0.5,shared_crc,segformer_b2_cityscapes,cityscapes_val_half,226
,,,0.999,999,True,0.17164224664224664,0.17164224664224664,0.018548427149653435,,130,,,False,,,,,,20,rider,0.2,0.5,shared_crc,segformer_b2_cityscapes,cityscapes_val_half,226
,,,0.999,999,True,0.12208307337617683,0.12208307337617683,0.03281329944729805,,174,,,False,,,,,,20,bicycle,0.2,0.5,shared_crc,segformer_b2_cityscapes,cityscapes_val_half,226
,,,0.998,998,True,0.0589486590187463,0.0589486590187463,0.04780454561114311,0.204,199,1396.0,0.06,False,0.07874015748031496,0.011976047904191617,0.0,,,21,person,0.05,0.1,region_crc,segformer_b2_cityscapes,cityscapes_val_half,203
,,,0.991,991,True,0.13840732310779916,0.13840732310779919,0.03457340970635414,0.204,199,1396.0,0.036,False,0.17585301837270342,0.021956087824351298,0.0,,,21,person,0.1,0.1,region_crc,segformer_b2_cityscapes,cityscapes_val_half,203
,,,0.974,974,True,0.208990697680859,0.208990697680859,0.027377571910619736,6.128,199,1396.0,0.04000000000000001,False,0.2847769028871391,0.03992015968063872,0.0,,,21,person,0.2,0.1,region_crc,segformer_b2_cityscapes,cityscapes_val_half,203
,,,1.0,1000,True,0.0,0.0,1.0,0.204,199,1396.0,0.0,False,0.0,0.0,0.0,,,21,person,0.05,0.5,region_crc,segformer_b2_cityscapes,cityscapes_val_half,203
,,,0.997,997,True,0.13092028660066216,0.13092028660066216,0.04385361075401306,0.204,199,1396.0,0.06,False,0.14698162729658792,0.033932135728542916,0.0,,,21,person,0.1,0.5,region_crc,segformer_b2_cityscapes,cityscapes_val_half,203
,,,0.989,989,True,0.20612118748061625,0.20612118748061617,0.03309021517634392,0.204,199,1396.0,0.04,False,0.25065616797900264,0.06187624750499002,0.0,,,21,person,0.2,0.5,region_crc,segformer_b2_cityscapes,cityscapes_val_half,203
,,,1.0,1000,True,0.0,0.0,1.0,0.508,123,366.0,0.0,False,0.0,0.0,0.0,,,21,rider,0.05,0.1,region_crc,segformer_b2_cityscapes,cityscapes_val_half,130
,,,1.0,1000,True,0.0,0.0,1.0,0.508,123,366.0,0.0,False,0.0,0.0,0.0,,,21,rider,0.1,0.1,region_crc,segformer_b2_cityscapes,cityscapes_val_half,130
,,,0.998,998,True,0.12466571369010392,0.12466571369010392,0.014281065203249454,0.508,123,366.0,0.08400000000000002,False,0.17535545023696683,0.03305785123966942,0.0,,,21,rider,0.2,0.1,region_crc,segformer_b2_cityscapes,cityscapes_val_half,130
,,,1.0,1000,True,0.0,0.0,1.0,0.508,123,366.0,0.0,False,0.0,0.0,0.0,,,21,rider,0.05,0.5,region_crc,segformer_b2_cityscapes,cityscapes_val_half,130
,,,1.0,1000,True,0.0,0.0,1.0,0.508,123,366.0,0.0,False,0.0,0.0,0.0,,,21,rider,0.1,0.5,region_crc,segformer_b2_cityscapes,cityscapes_val_half,130
,,,0.999,999,True,0.1353703207361744,0.1353703207361744,0.017580276355147362,0.508,123,366.0,0.07200000000000001,False,0.17535545023696683,0.049586776859504134,0.08823529411764706,,,21,rider,0.2,0.5,region_crc,segformer_b2_cityscapes,cityscapes_val_half,130
,,,1.0,1000,True,0.0,0.0,1.0,0.316,171,836.0,0.0,False,0.0,0.0,0.0,,,21,bicycle,0.05,0.1,region_crc,segformer_b2_cityscapes,cityscapes_val_half,174
,,,0.998,998,True,0.09117778744971726,0.09117778744971726,0.026026306673884392,0.316,171,836.0,0.07199999999999995,False,0.15492957746478872,0.023880597014925373,0.0,,,21,bicycle,0.1,0.1,region_crc,segformer_b2_cityscapes,cityscapes_val_half,174
,,,0.99,990,True,0.19220620996936785,0.19220620996936785,0.01802166923880577,0.316,171,836.0,0.08399999999999996,False,0.3192488262910798,0.06865671641791045,0.0,,,21,bicycle,0.2,0.1,region_crc,segformer_b2_cityscapes,cityscapes_val_half,174
,,,1.0,1000,True,0.0,0.0,1.0,0.316,171,836.0,0.0,False,0.0,0.0,0.0,,,21,bicycle,0.05,0.5,region_crc,segformer_b2_cityscapes,cityscapes_val_half,174
,,,1.0,1000,True,0.0,0.0,1.0,0.316,171,836.0,0.0,False,0.0,0.0,0.0,,,21,bicycle,0.1,0.5,region_crc,segformer_b2_cityscapes,cityscapes_val_half,174
,,,0.994,994,True,0.2004036411931149,0.20040364119311485,0.020168796181678772,0.316,171,836.0,0.06799999999999995,False,0.3192488262910798,0.09253731343283582,0.0,,,21,bicycle,0.2,0.5,region_crc,segformer_b2_cityscapes,cityscapes_val_half,174
,,,1.0,1000,True,0.0,0.0,,,224,,,False,,,,,,21,max_over_classes,0.05,0.1,shared_crc,segformer_b2_cityscapes,cityscapes_val_half,226
,,,1.0,1000,True,0.0,0.0,1.0,,199,,,False,,,,,,21,person,0.05,0.1,shared_crc,segformer_b2_cityscapes,cityscapes_val_half,226
,,,1.0,1000,True,0.0,0.0,1.0,,123,,,False,,,,,,21,rider,0.05,0.1,shared_crc,segformer_b2_cityscapes,cityscapes_val_half,226
,,,1.0,1000,True,0.0,0.0,1.0,,171,,,False,,,,,,21,bicycle,0.05,0.1,shared_crc,segformer_b2_cityscapes,cityscapes_val_half,226
,,,1.0,1000,True,0.0,0.0,,,224,,,False,,,,,,21,max_over_classes,0.1,0.1,shared_crc,segformer_b2_cityscapes,cityscapes_val_half,226
,,,1.0,1000,True,0.0,0.0,1.0,,199,,,False,,,,,,21,person,0.1,0.1,shared_crc,segformer_b2_cityscapes,cityscapes_val_half,226
,,,1.0,1000,True,0.0,0.0,1.0,,123,,,False,,,,,,21,rider,0.1,0.1,shared_crc,segformer_b2_cityscapes,cityscapes_val_half,226
,,,1.0,1000,True,0.0,0.0,1.0,,171,,,False,,,,,,21,bicycle,0.1,0.1,shared_crc,segformer_b2_cityscapes,cityscapes_val_half,226
,,,0.998,998,True,0.14502413135284375,0.14502413135284375,,,224,,,False,,,,,,21,max_over_classes,0.2,0.1,shared_crc,segformer_b2_cityscapes,cityscapes_val_half,226
,,,0.998,998,True,0.0589486590187463,0.0589486590187463,0.04780454561114311,,199,,,False,,,,,,21,person,0.2,0.1,shared_crc,segformer_b2_cityscapes,cityscapes_val_half,226
,,,0.998,998,True,0.12466571369010392,0.12466571369010392,0.014281065203249454,,123,,,False,,,,,,21,rider,0.2,0.1,shared_crc,segformer_b2_cityscapes,cityscapes_val_half,226
,,,0.998,998,True,0.09117778744971726,0.09117778744971726,0.026026306673884392,,171,,,False,,,,,,21,bicycle,0.2,0.1,shared_crc,segformer_b2_cityscapes,cityscapes_val_half,226
,,,1.0,1000,True,0.0,0.0,,,224,,,False,,,,,,21,max_over_classes,0.05,0.5,shared_crc,segformer_b2_cityscapes,cityscapes_val_half,226
,,,1.0,1000,True,0.0,0.0,1.0,,199,,,False,,,,,,21,person,0.05,0.5,shared_crc,segformer_b2_cityscapes,cityscapes_val_half,226
,,,1.0,1000,True,0.0,0.0,1.0,,123,,,False,,,,,,21,rider,0.05,0.5,shared_crc,segformer_b2_cityscapes,cityscapes_val_half,226
,,,1.0,1000,True,0.0,0.0,1.0,,171,,,False,,,,,,21,bicycle,0.05,0.5,shared_crc,segformer_b2_cityscapes,cityscapes_val_half,226
,,,1.0,1000,True,0.0,0.0,,,224,,,False,,,,,,21,max_over_classes,0.1,0.5,shared_crc,segformer_b2_cityscapes,cityscapes_val_half,226
,,,1.0,1000,True,0.0,0.0,1.0,,199,,,False,,,,,,21,person,0.1,0.5,shared_crc,segformer_b2_cityscapes,cityscapes_val_half,226
,,,1.0,1000,True,0.0,0.0,1.0,,123,,,False,,,,,,21,rider,0.1,0.5,shared_crc,segformer_b2_cityscapes,cityscapes_val_half,226
,,,1.0,1000,True,0.0,0.0,1.0,,171,,,False,,,,,,21,bicycle,0.1,0.5,shared_crc,segformer_b2_cityscapes,cityscapes_val_half,226
,,,0.999,999,True,0.1574396480147185,0.1574396480147185,,,224,,,False,,,,,,21,max_over_classes,0.2,0.5,shared_crc,segformer_b2_cityscapes,cityscapes_val_half,226
,,,0.999,999,True,0.06091251267857986,0.06091251267857986,0.05527922138571739,,199,,,False,,,,,,21,person,0.2,0.5,shared_crc,segformer_b2_cityscapes,cityscapes_val_half,226
,,,0.999,999,True,0.1353703207361744,0.1353703207361744,0.017580276355147362,,123,,,False,,,,,,21,rider,0.2,0.5,shared_crc,segformer_b2_cityscapes,cityscapes_val_half,226
,,,0.999,999,True,0.10518502777274706,0.10518502777274706,0.030625414103269577,,171,,,False,,,,,,21,bicycle,0.2,0.5,shared_crc,segformer_b2_cityscapes,cityscapes_val_half,226
,,,0.999,999,True,0.03346938433167355,0.03346938433167355,0.053480491042137146,0.176,206,1388.0,0.08399999999999996,False,0.05305039787798409,0.005988023952095809,0.0,,,22,person,0.05,0.1,region_crc,segformer_b2_cityscapes,cityscapes_val_half,196
,,,0.996,996,True,0.07386961247462014,0.07386961247462014,0.03981432318687439,0.176,206,1388.0,0.06000000000000005,False,0.09681697612732096,0.011976047904191617,0.0,,,22,person,0.1,0.1,region_crc,segformer_b2_cityscapes,cityscapes_val_half,196
,,,0.974,974,True,0.21001303929893608,0.21001303929893606,0.026206836104393005,6.024,206,1388.0,0.052000000000000046,False,0.27453580901856767,0.041916167664670656,0.0,,,22,person,0.2,0.1,region_crc,segformer_b2_cityscapes,cityscapes_val_half,196
,,,1.0,1000,True,0.0,0.0,1.0,0.176,206,1388.0,0.0,False,0.0,0.0,0.0,,,22,person,0.05,0.5,region_crc,segformer_b2_cityscapes,cityscapes_val_half,196
,,,0.999,999,True,0.04891095462761278,0.048910954627612774,0.053480491042137146,0.176,206,1388.0,0.08399999999999996,False,0.07029177718832891,0.00998003992015968,0.0,,,22,person,0.1,0.5,region_crc,segformer_b2_cityscapes,cityscapes_val_half,196
,,,0.99,990,True,0.19146184962485419,0.1914618496248542,0.03255119174718857,0.176,206,1388.0,0.05599999999999994,False,0.22679045092838196,0.04790419161676647,0.0,,,22,person,0.2,0.5,region_crc,segformer_b2_cityscapes,cityscapes_val_half,196
,,,1.0,1000,True,0.0,0.0,1.0,0.476,131,398.0,0.0,False,0.0,0.0,0.0,,,22,rider,0.05,0.1,region_crc,segformer_b2_cityscapes,cityscapes_val_half,122
,,,1.0,1000,True,0.0,0.0,1.0,0.476,131,398.0,0.0,False,0.0,0.0,0.0,,,22,rider,0.1,0.1,region_crc,segformer_b2_cityscapes,cityscapes_val_half,122
,,,0.997,997,True,0.17184804169536994,0.17184804169536994,0.013824062421917915,0.476,131,398.0,0.09199999999999997,False,0.26521739130434785,0.022556390977443608,0.0,,,22,rider,0.2,0.1,region_crc,segformer_b2_cityscapes,cityscapes_val_half,122
,,,1.0,1000,True,0.0,0.0,1.0,0.476,131,398.0,0.0,False,0.0,0.0,0.0,,,22,rider,0.05,0.5,region_crc,segformer_b2_cityscapes,cityscapes_val_half,122
,,,1.0,1000,True,0.0,0.0,1.0,0.476,131,398.0,0.0,False,0.0,0.0,0.0,,,22,rider,0.1,0.5,region_crc,segformer_b2_cityscapes,cityscapes_val_half,122
,,,0.999,999,True,0.14899849938017876,0.14899849938017876,0.01909175142645836,0.476,131,398.0,0.07600000000000007,False,0.21739130434782608,0.022556390977443608,0.08571428571428572,,,22,rider,0.2,0.5,region_crc,segformer_b2_cityscapes,cityscapes_val_half,122
,,,1.0,1000,True,0.0,0.0,1.0,0.316,171,911.0,0.0,False,0.0,0.0,0.0,,,22,bicycle,0.05,0.1,region_crc,segformer_b2_cityscapes,cityscapes_val_half,174
,,,0.998,998,True,0.09737118794136337,0.09737118794136337,0.02721484564244747,0.316,171,911.0,0.05199999999999999,False,0.15336134453781514,0.022922636103151862,0.0,,,22,bicycle,0.1,0.1,region_crc,segformer_b2_cityscapes,cityscapes_val_half,174
,,,0.989,989,True,0.2012017952807426,0.20120179528074267,0.0186221431940794,0.316,171,911.0,0.04800000000000004,False,0.3277310924369748,0.04871060171919771,0.0,,,22,bicycle,0.2,0.1,region_crc,segformer_b2_cityscapes,cityscapes_val_half,174
,,,1.0,1000,True,0.0,0.0,1.0,0.316,171,911.0,0.0,False,0.0,0.0,0.0,,,22,bicycle,0.05,0.5,region_crc,segformer_b2_cityscapes,cityscapes_val_half,174
,,,1.0,1000,True,0.0,0.0,1.0,0.316,171,911.0,0.0,False,0.0,0.0,0.0,,,22,bicycle,0.1,0.5,region_crc,segformer_b2_cityscapes,cityscapes_val_half,174
,,,0.995,995,True,0.18246701846053487,0.18246701846053484,0.02213139832019806,0.316,171,911.0,0.04800000000000004,False,0.28781512605042014,0.05730659025787966,0.0,,,22,bicycle,0.2,0.5,region_crc,segformer_b2_cityscapes,cityscapes_val_half,174
,,,1.0,1000,True,0.0,0.0,,,224,,,False,,,,,,22,max_over_classes,0.05,0.1,shared_crc,segformer_b2_cityscapes,cityscapes_val_half,226
,,,1.0,1000,True,0.0,0.0,1.0,,206,,,False,,,,,,22,person,0.05,0.1,shared_crc,segformer_b2_cityscapes,cityscapes_val_half,226
,,,1.0,1000,True,0.0,0.0,1.0,,131,,,False,,,,,,22,rider,0.05,0.1,shared_crc,segformer_b2_cityscapes,cityscapes_val_half,226
,,,1.0,1000,True,0.0,0.0,1.0,,171,,,False,,,,,,22,bicycle,0.05,0.1,shared_crc,segformer_b2_cityscapes,cityscapes_val_half,226
,,,1.0,1000,True,0.0,0.0,,,224,,,False,,,,,,22,max_over_classes,0.1,0.1,shared_crc,segformer_b2_cityscapes,cityscapes_val_half,226
,,,1.0,1000,True,0.0,0.0,1.0,,206,,,False,,,,,,22,person,0.1,0.1,shared_crc,segformer_b2_cityscapes,cityscapes_val_half,226
,,,1.0,1000,True,0.0,0.0,1.0,,131,,,False,,,,,,22,rider,0.1,0.1,shared_crc,segformer_b2_cityscapes,cityscapes_val_half,226
,,,1.0,1000,True,0.0,0.0,1.0,,171,,,False,,,,,,22,bicycle,0.1,0.1,shared_crc,segformer_b2_cityscapes,cityscapes_val_half,226
,,,0.998,998,True,0.14124290431268813,0.14124290431268813,,,224,,,False,,,,,,22,max_over_classes,0.2,0.1,shared_crc,segformer_b2_cityscapes,cityscapes_val_half,226
,,,0.998,998,True,0.04566315065165346,0.04566315065165346,0.04622305929660797,,206,,,False,,,,,,22,person,0.2,0.1,shared_crc,segformer_b2_cityscapes,cityscapes_val_half,226
,,,0.998,998,True,0.13428263848111177,0.13428263848111177,0.01561848446726799,,131,,,False,,,,,,22,rider,0.2,0.1,shared_crc,segformer_b2_cityscapes,cityscapes_val_half,226
,,,0.998,998,True,0.09737118794136337,0.09737118794136337,0.02721484564244747,,171,,,False,,,,,,22,bicycle,0.2,0.1,shared_crc,segformer_b2_cityscapes,cityscapes_val_half,226
,,,1.0,1000,True,0.0,0.0,,,224,,,False,,,,,,22,max_over_classes,0.05,0.5,shared_crc,segformer_b2_cityscapes,cityscapes_val_half,226
,,,1.0,1000,True,0.0,0.0,1.0,,206,,,False,,,,,,22,person,0.05,0.5,shared_crc,segformer_b2_cityscapes,cityscapes_val_half,226
,,,1.0,1000,True,0.0,0.0,1.0,,131,,,False,,,,,,22,rider,0.05,0.5,shared_crc,segformer_b2_cityscapes,cityscapes_val_half,226
,,,1.0,1000,True,0.0,0.0,1.0,,171,,,False,,,,,,22,bicycle,0.05,0.5,shared_crc,segformer_b2_cityscapes,cityscapes_val_half,226
,,,1.0,1000,True,0.0,0.0,,,224,,,False,,,,,,22,max_over_classes,0.1,0.5,shared_crc,segformer_b2_cityscapes,cityscapes_val_half,226
,,,1.0,1000,True,0.0,0.0,1.0,,206,,,False,,,,,,22,person,0.1,0.5,shared_crc,segformer_b2_cityscapes,cityscapes_val_half,226
,,,1.0,1000,True,0.0,0.0,1.0,,131,,,False,,,,,,22,rider,0.1,0.5,shared_crc,segformer_b2_cityscapes,cityscapes_val_half,226
,,,1.0,1000,True,0.0,0.0,1.0,,171,,,False,,,,,,22,bicycle,0.1,0.5,shared_crc,segformer_b2_cityscapes,cityscapes_val_half,226
,,,0.999,999,True,0.1574552099164411,0.1574552099164411,,,224,,,False,,,,,,22,max_over_classes,0.2,0.5,shared_crc,segformer_b2_cityscapes,cityscapes_val_half,226
,,,0.999,999,True,0.04891095462761278,0.04891095462761278,0.053480491042137146,,206,,,False,,,,,,22,person,0.2,0.5,shared_crc,segformer_b2_cityscapes,cityscapes_val_half,226
,,,0.999,999,True,0.14899849938017876,0.14899849938017876,0.01909175142645836,,131,,,False,,,,,,22,rider,0.2,0.5,shared_crc,segformer_b2_cityscapes,cityscapes_val_half,226
,,,0.999,999,True,0.10745447697202083,0.10745447697202083,0.0318504199385643,,171,,,False,,,,,,22,bicycle,0.2,0.5,shared_crc,segformer_b2_cityscapes,cityscapes_val_half,226
,,,0.998,998,True,0.056141796056237335,0.056141796056237335,0.050198934972286224,0.188,203,1439.0,0.07200000000000001,False,0.07672955974842767,0.008213552361396304,0.0,,,23,person,0.05,0.1,region_crc,segformer_b2_cityscapes,cityscapes_val_half,199
,,,0.994,994,True,0.098019786223053,0.09801978622305302,0.04027407243847847,0.188,203,1439.0,0.08399999999999996,False,0.1220125786163522,0.014373716632443531,0.0,,,23,person,0.1,0.1,region_crc,segformer_b2_cityscapes,cityscapes_val_half,199
,,,0.977,977,True,0.19423852380939569,0.19423852380939569,0.030758535489439964,6.112,203,1439.0,0.07600000000000001,False,0.2490566037735849,0.03285420944558522,0.0,,,23,person,0.2,0.1,region_crc,segformer_b2_cityscapes,cityscapes_val_half,199
,,,0.999,999,True,0.06270765994968742,0.06270765994968742,0.05762702599167824,0.188,203,1439.0,0.068,False,0.07672955974842767,0.01642710472279261,0.0,,,23,person,0.05,0.5,region_crc,segformer_b2_cityscapes,cityscapes_val_half,199
,,,0.998,998,True,0.09723401388555653,0.09723401388555654,0.050198934972286224,0.188,203,1439.0,0.07200000000000001,False,0.10314465408805032,0.024640657084188913,0.0,,,23,person,0.1,0.5,region_crc,segformer_b2_cityscapes,cityscapes_val_half,199
,,,0.99,990,True,0.19182301421408313,0.19182301421408313,0.036353886127471924,0.188,203,1439.0,0.08400000000000002,False,0.22138364779874214,0.055441478439425054,0.0,,,23,person,0.2,0.5,region_crc,segformer_b2_cityscapes,cityscapes_val_half,199
,,,1.0,1000,True,0.0,0.0,1.0,0.496,126,360.0,0.0,False,0.0,0.0,0.0,,,23,rider,0.05,0.1,region_crc,segformer_b2_cityscapes,cityscapes_val_half,127
,,,1.0,1000,True,0.0,0.0,1.0,0.496,126,360.0,0.0,False,0.0,0.0,0.0,,,23,rider,0.1,0.1,region_crc,segformer_b2_cityscapes,cityscapes_val_half,127
,,,0.997,997,True,0.2044629973201402,0.2044629973201402,0.011988814920186996,0.496,126,360.0,0.07199999999999995,False,0.27358490566037735,0.07936507936507936,0.0,,,23,rider,0.2,0.1,region_crc,segformer_b2_cityscapes,cityscapes_val_half,127
,,,1.0,1000,True,0.0,0.0,1.0,0.496,126,360.0,0.0,False,0.0,0.0,0.0,,,23,rider,0.05,0.5,region_crc,segformer_b2_cityscapes,cityscapes_val_half,127
,,,1.0,1000,True,0.0,0.0,1.0,0.496,126,360.0,0.0,False,0.0,0.0,0.0,,,23,rider,0.1,0.5,region_crc,segformer_b2_cityscapes,cityscapes_val_half,127
,,,0.999,999,True,0.14697656840513984,0.14697656840513984,0.01702745445072651,0.496,126,360.0,0.08799999999999997,False,0.2028301886792453,0.06349206349206349,0.0,,,23,rider,0.2,0.5,region_crc,segformer_b2_cityscapes,cityscapes_val_half,127
,,,1.0,1000,True,0.0,0.0,1.0,0.304,174,881.0,0.0,False,0.0,0.0,0.0,,,23,bicycle,0.05,0.1,region_crc,segformer_b2_cityscapes,cityscapes_val_half,171
,,,0.998,998,True,0.10160551453654902,0.10160551453654902,0.02496638335287571,0.304,174,881.0,0.04800000000000004,False,0.15126050420168066,0.018072289156626505,0.0,,,23,bicycle,0.1,0.1,region_crc,segformer_b2_cityscapes,cityscapes_val_half,171
,,,0.989,989,True,0.20476585993827373,0.20476585993827373,0.016515204682946205,0.304,174,881.0,0.07600000000000001,False,0.31092436974789917,0.05421686746987952,0.0,,,23,bicycle,0.2,0.1,region_crc,segformer_b2_cityscapes,cityscapes_val_half,171
,,,1.0,1000,True,0.0,0.0,1.0,0.304,174,881.0,0.0,False,0.0,0.0,0.0,,,23,bicycle,0.05,0.5,region_crc,segformer_b2_cityscapes,cityscapes_val_half,171
,,,0.999,999,True,0.12024760042001421,0.12024760042001421,0.029591040685772896,0.304,174,881.0,0.048,False,0.1722689075630252,0.03313253012048193,0.0,,,23,bicycle,0.1,0.5,region_crc,segformer_b2_cityscapes,cityscapes_val_half,171
,,,0.994,994,True,0.20408808665930103,0.20408808665930103,0.019083376973867416,0.304,174,881.0,0.06399999999999995,False,0.30462184873949577,0.060240963855421686,0.0,,,23,bicycle,0.2,0.5,region_crc,segformer_b2_cityscapes,cityscapes_val_half,171
,,,1.0,1000,True,0.0,0.0,,,226,,,False,,,,,,23,max_over_classes,0.05,0.1,shared_crc,segformer_b2_cityscapes,cityscapes_val_half,224
,,,1.0,1000,True,0.0,0.0,1.0,,203,,,False,,,,,,23,person,0.05,0.1,shared_crc,segformer_b2_cityscapes,cityscapes_val_half,224
,,,1.0,1000,True,0.0,0.0,1.0,,126,,,False,,,,,,23,rider,0.05,0.1,shared_crc,segformer_b2_cityscapes,cityscapes_val_half,224
,,,1.0,1000,True,0.0,0.0,1.0,,174,,,False,,,,,,23,bicycle,0.05,0.1,shared_crc,segformer_b2_cityscapes,cityscapes_val_half,224
,,,1.0,1000,True,0.0,0.0,,,226,,,False,,,,,,23,max_over_classes,0.1,0.1,shared_crc,segformer_b2_cityscapes,cityscapes_val_half,224
,,,1.0,1000,True,0.0,0.0,1.0,,203,,,False,,,,,,23,person,0.1,0.1,shared_crc,segformer_b2_cityscapes,cityscapes_val_half,224
,,,1.0,1000,True,0.0,0.0,1.0,,126,,,False,,,,,,23,rider,0.1,0.1,shared_crc,segformer_b2_cityscapes,cityscapes_val_half,224
,,,1.0,1000,True,0.0,0.0,1.0,,174,,,False,,,,,,23,bicycle,0.1,0.1,shared_crc,segformer_b2_cityscapes,cityscapes_val_half,224
,,,0.997,997,True,0.21580309579843815,0.21580309579843815,,,226,,,False,,,,,,23,max_over_classes,0.2,0.1,shared_crc,segformer_b2_cityscapes,cityscapes_val_half,224
,,,0.997,997,True,0.08000668753844796,0.08000668753844796,0.046310629695653915,,203,,,False,,,,,,23,person,0.2,0.1,shared_crc,segformer_b2_cityscapes,cityscapes_val_half,224
,,,0.997,997,True,0.2044629973201402,0.2044629973201402,0.011988814920186996,,126,,,False,,,,,,23,rider,0.2,0.1,shared_crc,segformer_b2_cityscapes,cityscapes_val_half,224
,,,0.997,997,True,0.1162105136243067,0.1162105136243067,0.022611336782574654,,174,,,False,,,,,,23,bicycle,0.2,0.1,shared_crc,segformer_b2_cityscapes,cityscapes_val_half,224
,,,1.0,1000,True,0.0,0.0,,,226,,,False,,,,,,23,max_over_classes,0.05,0.5,shared_crc,segformer_b2_cityscapes,cityscapes_val_half,224
,,,1.0,1000,True,0.0,0.0,1.0,,203,,,False,,,,,,23,person,0.05,0.5,shared_crc,segformer_b2_cityscapes,cityscapes_val_half,224
,,,1.0,1000,True,0.0,0.0,1.0,,126,,,False,,,,,,23,rider,0.05,0.5,shared_crc,segformer_b2_cityscapes,cityscapes_val_half,224
,,,1.0,1000,True,0.0,0.0,1.0,,174,,,False,,,,,,23,bicycle,0.05,0.5,shared_crc,segformer_b2_cityscapes,cityscapes_val_half,224
,,,1.0,1000,True,0.0,0.0,,,226,,,False,,,,,,23,max_over_classes,0.1,0.5,shared_crc,segformer_b2_cityscapes,cityscapes_val_half,224
,,,1.0,1000,True,0.0,0.0,1.0,,203,,,False,,,,,,23,person,0.1,0.5,shared_crc,segformer_b2_cityscapes,cityscapes_val_half,224
,,,1.0,1000,True,0.0,0.0,1.0,,126,,,False,,,,,,23,rider,0.1,0.5,shared_crc,segformer_b2_cityscapes,cityscapes_val_half,224
,,,1.0,1000,True,0.0,0.0,1.0,,174,,,False,,,,,,23,bicycle,0.1,0.5,shared_crc,segformer_b2_cityscapes,cityscapes_val_half,224
,,,0.999,999,True,0.18110407474927737,0.18110407474927737,,,226,,,False,,,,,,23,max_over_classes,0.2,0.5,shared_crc,segformer_b2_cityscapes,cityscapes_val_half,224
,,,0.999,999,True,0.06270765994968742,0.06270765994968742,0.05762702599167824,,203,,,False,,,,,,23,person,0.2,0.5,shared_crc,segformer_b2_cityscapes,cityscapes_val_half,224
,,,0.999,999,True,0.14697656840513984,0.14697656840513984,0.01702745445072651,,126,,,False,,,,,,23,rider,0.2,0.5,shared_crc,segformer_b2_cityscapes,cityscapes_val_half,224
,,,0.999,999,True,0.12024760042001421,0.12024760042001421,0.029591040685772896,,174,,,False,,,,,,23,bicycle,0.2,0.5,shared_crc,segformer_b2_cityscapes,cityscapes_val_half,224
,,,0.999,999,True,0.028797467629787125,0.028797467629787125,0.05260036513209343,0.204,199,1290.0,0.10399999999999998,False,0.04317548746518106,0.009111617312072893,0.0,,,24,person,0.05,0.1,region_crc,segformer_b2_cityscapes,cityscapes_val_half,203
,,,0.997,997,True,0.04930902333044623,0.04930902333044623,0.0413406677544117,0.204,199,1290.0,0.10799999999999998,False,0.07242339832869081,0.015945330296127564,0.0,,,24,person,0.1,0.1,region_crc,segformer_b2_cityscapes,cityscapes_val_half,203
,,,0.985,985,True,0.12427892427495704,0.12427892427495708,0.028745081275701523,6.056,199,1290.0,0.124,False,0.17688022284122562,0.029612756264236904,0.0,,,24,person,0.2,0.1,region_crc,segformer_b2_cityscapes,cityscapes_val_half,203
,,,1.0,1000,True,0.0,0.0,1.0,0.204,199,1290.0,0.0,False,0.0,0.0,0.0,,,24,person,0.05,0.5,region_crc,segformer_b2_cityscapes,cityscapes_val_half,203
,,,0.999,999,True,0.04102157307658498,0.04102157307658497,0.05260036513209343,0.204,199,1290.0,0.10399999999999998,False,0.057103064066852366,0.02050113895216401,0.0,,,24,person,0.1,0.5,region_crc,segformer_b2_cityscapes,cityscapes_val_half,203
,,,0.994,994,True,0.11620271864254937,0.1162027186425494,0.035406943410634995,0.204,199,1290.0,0.10799999999999998,False,0.15877437325905291,0.0387243735763098,0.0,,,24,person,0.2,0.5,region_crc,segformer_b2_cityscapes,cityscapes_val_half,203
,,,1.0,1000,True,0.0,0.0,1.0,0.484,129,397.0,0.0,False,0.0,0.0,0.0,,,24,rider,0.05,0.1,region_crc,segformer_b2_cityscapes,cityscapes_val_half,124
,,,1.0,1000,True,0.0,0.0,1.0,0.484,129,397.0,0.0,False,0.0,0.0,0.0,,,24,rider,0.1,0.1,region_crc,segformer_b2_cityscapes,cityscapes_val_half,124
,,,0.998,998,True,0.13133997785160575,0.13133997785160575,0.014904510229825974,0.484,129,397.0,0.07600000000000001,False,0.19282511210762332,0.02097902097902098,0.0,,,24,rider,0.2,0.1,region_crc,segformer_b2_cityscapes,cityscapes_val_half,124
,,,1.0,1000,True,0.0,0.0,1.0,0.484,129,397.0,0.0,False,0.0,0.0,0.0,,,24,rider,0.05,0.5,region_crc,segformer_b2_cityscapes,cityscapes_val_half,124
,,,1.0,1000,True,0.0,0.0,1.0,0.484,129,397.0,0.0,False,0.0,0.0,0.0,,,24,rider,0.1,0.5,region_crc,segformer_b2_cityscapes,cityscapes_val_half,124
,,,0.999,999,True,0.14731758336409498,0.14731758336409498,0.018285954371094704,0.484,129,397.0,0.06400000000000003,False,0.19282511210762332,0.055944055944055944,0.06451612903225806,,,24,rider,0.2,0.5,region_crc,segformer_b2_cityscapes,cityscapes_val_half,124
,,,1.0,1000,True,0.0,0.0,1.0,0.276,181,872.0,0.0,False,0.0,0.0,0.0,,,24,bicycle,0.05,0.1,region_crc,segformer_b2_cityscapes,cityscapes_val_half,164
,,,0.999,999,True,0.05538664834244945,0.05538664834244945,0.03221104294061661,0.276,181,872.0,0.07999999999999996,False,0.10588235294117647,0.0056179775280898875,0.0,,,24,bicycle,0.1,0.1,region_crc,segformer_b2_cityscapes,cityscapes_val_half,164
,,,0.991,991,True,0.15819119493152642,0.15819119493152642,0.019477980211377144,0.276,181,872.0,0.08400000000000002,False,0.2564705882352941,0.05056179775280899,0.0,,,24,bicycle,0.2,0.1,region_crc,segformer_b2_cityscapes,cityscapes_val_half,164
,,,1.0,1000,True,0.0,0.0,1.0,0.276,181,872.0,0.0,False,0.0,0.0,0.0,,,24,bicycle,0.05,0.5,region_crc,segformer_b2_cityscapes,cityscapes_val_half,164
,,,1.0,1000,True,0.0,0.0,1.0,0.276,181,872.0,0.0,False,0.0,0.0,0.0,,,24,bicycle,0.1,0.5,region_crc,segformer_b2_cityscapes,cityscapes_val_half,164
,,,0.995,995,True,0.17798826137163873,0.17798826137163878,0.022245515137910843,0.276,181,872.0,0.096,False,0.27058823529411763,0.08146067415730338,0.01098901098901099,,,24,bicycle,0.2,0.5,region_crc,segformer_b2_cityscapes,cityscapes_val_half,164
,,,1.0,1000,True,0.0,0.0,,,224,,,False,,,,,,24,max_over_classes,0.05,0.1,shared_crc,segformer_b2_cityscapes,cityscapes_val_half,226
,,,1.0,1000,True,0.0,0.0,1.0,,199,,,False,,,,,,24,person,0.05,0.1,shared_crc,segformer_b2_cityscapes,cityscapes_val_half,226
,,,1.0,1000,True,0.0,0.0,1.0,,129,,,False,,,,,,24,rider,0.05,0.1,shared_crc,segformer_b2_cityscapes,cityscapes_val_half,226
,,,1.0,1000,True,0.0,0.0,1.0,,181,,,False,,,,,,24,bicycle,0.05,0.1,shared_crc,segformer_b2_cityscapes,cityscapes_val_half,226
,,,1.0,1000,True,0.0,0.0,,,224,,,False,,,,,,24,max_over_classes,0.1,0.1,shared_crc,segformer_b2_cityscapes,cityscapes_val_half,226
,,,1.0,1000,True,0.0,0.0,1.0,,199,,,False,,,,,,24,person,0.1,0.1,shared_crc,segformer_b2_cityscapes,cityscapes_val_half,226
,,,1.0,1000,True,0.0,0.0,1.0,,129,,,False,,,,,,24,rider,0.1,0.1,shared_crc,segformer_b2_cityscapes,cityscapes_val_half,226
,,,1.0,1000,True,0.0,0.0,1.0,,181,,,False,,,,,,24,bicycle,0.1,0.1,shared_crc,segformer_b2_cityscapes,cityscapes_val_half,226
,,,0.998,998,True,0.12895140943190755,0.12895140943190755,,,224,,,False,,,,,,24,max_over_classes,0.2,0.1,shared_crc,segformer_b2_cityscapes,cityscapes_val_half,226
,,,0.998,998,True,0.037989880220771516,0.037989880220771516,0.04520814120769501,,199,,,False,,,,,,24,person,0.2,0.1,shared_crc,segformer_b2_cityscapes,cityscapes_val_half,226
,,,0.998,998,True,0.13133997785160575,0.13133997785160575,0.014904510229825974,,129,,,False,,,,,,24,rider,0.2,0.1,shared_crc,segformer_b2_cityscapes,cityscapes_val_half,226
,,,0.998,998,True,0.06808745275596104,0.06808745275596104,0.02747437357902527,,181,,,False,,,,,,24,bicycle,0.2,0.1,shared_crc,segformer_b2_cityscapes,cityscapes_val_half,226
,,,1.0,1000,True,0.0,0.0,,,224,,,False,,,,,,24,max_over_classes,0.05,0.5,shared_crc,segformer_b2_cityscapes,cityscapes_val_half,226
,,,1.0,1000,True,0.0,0.0,1.0,,199,,,False,,,,,,24,person,0.05,0.5,shared_crc,segformer_b2_cityscapes,cityscapes_val_half,226
,,,1.0,1000,True,0.0,0.0,1.0,,129,,,False,,,,,,24,rider,0.05,0.5,shared_crc,segformer_b2_cityscapes,cityscapes_val_half,226
,,,1.0,1000,True,0.0,0.0,1.0,,181,,,False,,,,,,24,bicycle,0.05,0.5,shared_crc,segformer_b2_cityscapes,cityscapes_val_half,226
,,,1.0,1000,True,0.0,0.0,,,224,,,False,,,,,,24,max_over_classes,0.1,0.5,shared_crc,segformer_b2_cityscapes,cityscapes_val_half,226
,,,1.0,1000,True,0.0,0.0,1.0,,199,,,False,,,,,,24,person,0.1,0.5,shared_crc,segformer_b2_cityscapes,cityscapes_val_half,226
,,,1.0,1000,True,0.0,0.0,1.0,,129,,,False,,,,,,24,rider,0.1,0.5,shared_crc,segformer_b2_cityscapes,cityscapes_val_half,226
,,,1.0,1000,True,0.0,0.0,1.0,,181,,,False,,,,,,24,bicycle,0.1,0.5,shared_crc,segformer_b2_cityscapes,cityscapes_val_half,226
,,,0.999,999,True,0.1558541117751644,0.1558541117751644,,,224,,,False,,,,,,24,max_over_classes,0.2,0.5,shared_crc,segformer_b2_cityscapes,cityscapes_val_half,226
,,,0.999,999,True,0.04102157307658498,0.04102157307658498,0.05260036513209343,,199,,,False,,,,,,24,person,0.2,0.5,shared_crc,segformer_b2_cityscapes,cityscapes_val_half,226
,,,0.999,999,True,0.14731758336409498,0.14731758336409498,0.018285954371094704,,129,,,False,,,,,,24,rider,0.2,0.5,shared_crc,segformer_b2_cityscapes,cityscapes_val_half,226
,,,0.999,999,True,0.085866266943615,0.085866266943615,0.03221104294061661,,181,,,False,,,,,,24,bicycle,0.2,0.5,shared_crc,segformer_b2_cityscapes,cityscapes_val_half,226
,,,0.999,999,True,0.03014705581234902,0.03014705581234902,0.05689800903201103,0.184,204,1412.0,0.06400000000000003,False,0.05019815059445178,0.00992063492063492,0.0,,,25,person,0.05,0.1,region_crc,segformer_b2_cityscapes,cityscapes_val_half,198
,,,0.996,996,True,0.07113901771181866,0.07113901771181866,0.04283710941672325,0.184,204,1412.0,0.05199999999999999,False,0.09907529722589167,0.015873015873015872,0.0,,,25,person,0.1,0.1,region_crc,segformer_b2_cityscapes,cityscapes_val_half,198
,,,0.979,979,True,0.17716530408606082,0.17716530408606082,0.030358480289578438,6.04,204,1412.0,0.055999999999999994,False,0.26023778071334214,0.02976190476190476,0.0,,,25,person,0.2,0.1,region_crc,segformer_b2_cityscapes,cityscapes_val_half,198
,,,1.0,1000,True,0.0,0.0,1.0,0.184,204,1412.0,0.0,False,0.0,0.0,0.0,,,25,person,0.05,0.5,region_crc,segformer_b2_cityscapes,cityscapes_val_half,198
,,,0.999,999,True,0.04656955373639493,0.04656955373639493,0.05689800903201103,0.184,204,1412.0,0.06400000000000003,False,0.06737120211360634,0.021825396825396824,0.0,,,25,person,0.1,0.5,region_crc,segformer_b2_cityscapes,cityscapes_val_half,198
,,,0.991,991,True,0.17020857867925798,0.17020857867925798,0.03621165454387665,0.184,204,1412.0,0.055999999999999994,False,0.23249669749009247,0.05555555555555555,0.0,,,25,person,0.2,0.5,region_crc,segformer_b2_cityscapes,cityscapes_val_half,198
,,,1.0,1000,True,0.0,0.0,1.0,0.46,135,348.0,0.0,False,0.0,0.0,0.0,,,25,rider,0.05,0.1,region_crc,segformer_b2_cityscapes,cityscapes_val_half,118
,,,1.0,1000,True,0.0,0.0,1.0,0.46,135,348.0,0.0,False,0.0,0.0,0.0,,,25,rider,0.1,0.1,region_crc,segformer_b2_cityscapes,cityscapes_val_half,118
,,,0.997,997,True,0.18059783837561616,0.18059783837561616,0.011824438348412514,0.46,135,348.0,0.09199999999999997,False,0.2835820895522388,0.056910569105691054,0.0,,,25,rider,0.2,0.1,region_crc,segformer_b2_cityscapes,cityscapes_val_half,118
,,,1.0,1000,True,0.0,0.0,1.0,0.46,135,348.0,0.0,False,0.0,0.0,0.0,,,25,rider,0.05,0.5,region_crc,segformer_b2_cityscapes,cityscapes_val_half,118
,,,1.0,1000,True,0.0,0.0,1.0,0.46,135,348.0,0.0,False,0.0,0.0,0.0,,,25,rider,0.1,0.5,region_crc,segformer_b2_cityscapes,cityscapes_val_half,118
,,,0.999,999,True,0.13571247682358792,0.13571247682358792,0.0167903620749712,0.46,135,348.0,0.08000000000000007,False,0.22388059701492538,0.04878048780487805,0.08333333333333333,,,25,rider,0.2,0.5,region_crc,segformer_b2_cityscapes,cityscapes_val_half,118
,,,1.0,1000,True,0.0,0.0,1.0,0.272,182,867.0,0.0,False,0.0,0.0,0.0,,,25,bicycle,0.05,0.1,region_crc,segformer_b2_cityscapes,cityscapes_val_half,163
,,,0.998,998,True,0.09348944706087564,0.09348944706087564,0.02563813515007496,0.272,182,867.0,0.09599999999999997,False,0.15417558886509636,0.0220125786163522,0.0,,,25,bicycle,0.1,0.1,region_crc,segformer_b2_cityscapes,cityscapes_val_half,163
,,,0.985,985,True,0.23022433915291057,0.23022433915291057,0.015843486413359642,3.32,182,867.0,0.09199999999999997,False,0.3340471092077088,0.07547169811320754,0.0,,,25,bicycle,0.2,0.1,region_crc,segformer_b2_cityscapes,cityscapes_val_half,163
,,,1.0,1000,True,0.0,0.0,1.0,0.272,182,867.0,0.0,False,0.0,0.0,0.0,,,25,bicycle,0.05,0.5,region_crc,segformer_b2_cityscapes,cityscapes_val_half,163
,,,1.0,1000,True,0.0,0.0,1.0,0.272,182,867.0,0.0,False,0.0,0.0,0.0,,,25,bicycle,0.1,0.5,region_crc,segformer_b2_cityscapes,cityscapes_val_half,163
,,,0.994,994,True,0.20357783242398625,0.20357783242398625,0.019642801955342293,0.272,182,867.0,0.10399999999999993,False,0.2890792291220557,0.0880503144654088,0.0,,,25,bicycle,0.2,0.5,region_crc,segformer_b2_cityscapes,cityscapes_val_half,163
,,,1.0,1000,True,0.0,0.0,,,228,,,False,,,,,,25,max_over_classes,0.05,0.1,shared_crc,segformer_b2_cityscapes,cityscapes_val_half,222
,,,1.0,1000,True,0.0,0.0,1.0,,204,,,False,,,,,,25,person,0.05,0.1,shared_crc,segformer_b2_cityscapes,cityscapes_val_half,222
,,,1.0,1000,True,0.0,0.0,1.0,,135,,,False,,,,,,25,rider,0.05,0.1,shared_crc,segformer_b2_cityscapes,cityscapes_val_half,222
,,,1.0,1000,True,0.0,0.0,1.0,,182,,,False,,,,,,25,bicycle,0.05,0.1,shared_crc,segformer_b2_cityscapes,cityscapes_val_half,222
,,,1.0,1000,True,0.0,0.0,,,228,,,False,,,,,,25,max_over_classes,0.1,0.1,shared_crc,segformer_b2_cityscapes,cityscapes_val_half,222
,,,1.0,1000,True,0.0,0.0,1.0,,204,,,False,,,,,,25,person,0.1,0.1,shared_crc,segformer_b2_cityscapes,cityscapes_val_half,222
,,,1.0,1000,True,0.0,0.0,1.0,,135,,,False,,,,,,25,rider,0.1,0.1,shared_crc,segformer_b2_cityscapes,cityscapes_val_half,222
,,,1.0,1000,True,0.0,0.0,1.0,,182,,,False,,,,,,25,bicycle,0.1,0.1,shared_crc,segformer_b2_cityscapes,cityscapes_val_half,222
,,,0.997,997,True,0.19024241974176798,0.19024241974176798,,,228,,,False,,,,,,25,max_over_classes,0.2,0.1,shared_crc,segformer_b2_cityscapes,cityscapes_val_half,222
,,,0.997,997,True,0.06530170415391687,0.06530170415391687,0.04546833038330078,,204,,,False,,,,,,25,person,0.2,0.1,shared_crc,segformer_b2_cityscapes,cityscapes_val_half,222
,,,0.997,997,True,0.18059783837561616,0.18059783837561616,0.011824438348412514,,135,,,False,,,,,,25,rider,0.2,0.1,shared_crc,segformer_b2_cityscapes,cityscapes_val_half,222
,,,0.997,997,True,0.10740450026164312,0.10740450026164312,0.023232413455843925,,182,,,False,,,,,,25,bicycle,0.2,0.1,shared_crc,segformer_b2_cityscapes,cityscapes_val_half,222
,,,1.0,1000,True,0.0,0.0,,,228,,,False,,,,,,25,max_over_classes,0.05,0.5,shared_crc,segformer_b2_cityscapes,cityscapes_val_half,222
,,,1.0,1000,True,0.0,0.0,1.0,,204,,,False,,,,,,25,person,0.05,0.5,shared_crc,segformer_b2_cityscapes,cityscapes_val_half,222
,,,1.0,1000,True,0.0,0.0,1.0,,135,,,False,,,,,,25,rider,0.05,0.5,shared_crc,segformer_b2_cityscapes,cityscapes_val_half,222
,,,1.0,1000,True,0.0,0.0,1.0,,182,,,False,,,,,,25,bicycle,0.05,0.5,shared_crc,segformer_b2_cityscapes,cityscapes_val_half,222
,,,1.0,1000,True,0.0,0.0,,,228,,,False,,,,,,25,max_over_classes,0.1,0.5,shared_crc,segformer_b2_cityscapes,cityscapes_val_half,222
,,,1.0,1000,True,0.0,0.0,1.0,,204,,,False,,,,,,25,person,0.1,0.5,shared_crc,segformer_b2_cityscapes,cityscapes_val_half,222
,,,1.0,1000,True,0.0,0.0,1.0,,135,,,False,,,,,,25,rider,0.1,0.5,shared_crc,segformer_b2_cityscapes,cityscapes_val_half,222
,,,1.0,1000,True,0.0,0.0,1.0,,182,,,False,,,,,,25,bicycle,0.1,0.5,shared_crc,segformer_b2_cityscapes,cityscapes_val_half,222
,,,0.999,999,True,0.15951973785045725,0.15951973785045725,,,228,,,False,,,,,,25,max_over_classes,0.2,0.5,shared_crc,segformer_b2_cityscapes,cityscapes_val_half,222
,,,0.999,999,True,0.04656955373639493,0.04656955373639493,0.05689800903201103,,204,,,False,,,,,,25,person,0.2,0.5,shared_crc,segformer_b2_cityscapes,cityscapes_val_half,222
,,,0.999,999,True,0.13571247682358792,0.13571247682358792,0.0167903620749712,,135,,,False,,,,,,25,rider,0.2,0.5,shared_crc,segformer_b2_cityscapes,cityscapes_val_half,222
,,,0.999,999,True,0.10543107685964828,0.10543107685964828,0.03031095862388611,,182,,,False,,,,,,25,bicycle,0.2,0.5,shared_crc,segformer_b2_cityscapes,cityscapes_val_half,222
,,,0.999,999,True,0.03627001857361764,0.03627001857361765,0.05397189408540726,0.2,200,1290.0,0.07600000000000001,False,0.054411764705882354,0.006289308176100629,0.0,,,26,person,0.05,0.1,region_crc,segformer_b2_cityscapes,cityscapes_val_half,202
,,,0.992,992,True,0.132710489165404,0.132710489165404,0.034661851823329926,0.2,200,1290.0,0.08799999999999997,False,0.14852941176470588,0.020964360587002098,0.0,,,26,person,0.1,0.1,region_crc,segformer_b2_cityscapes,cityscapes_val_half,202
,,,0.976,976,True,0.203619462006575,0.203619462006575,0.02724764309823513,5.984,200,1290.0,0.07200000000000001,False,0.26029411764705884,0.039832285115303984,0.0,,,26,person,0.2,0.1,region_crc,segformer_b2_cityscapes,cityscapes_val_half,202
,,,1.0,1000,True,0.0,0.0,1.0,0.2,200,1290.0,0.0,False,0.0,0.0,0.0,,,26,person,0.05,0.5,region_crc,segformer_b2_cityscapes,cityscapes_val_half,202
,,,0.997,997,True,0.1329411936461085,0.1329411936461085,0.04280742630362511,0.2,200,1290.0,0.08000000000000002,False,0.1323529411764706,0.033542976939203356,0.0,,,26,person,0.1,0.5,region_crc,segformer_b2_cityscapes,cityscapes_val_half,202
,,,0.986,986,True,0.24879710813352454,0.24879710813352454,0.03070431388914585,5.984,200,1290.0,0.08,False,0.28088235294117647,0.08176100628930817,0.0,,,26,person,0.2,0.5,region_crc,segformer_b2_cityscapes,cityscapes_val_half,202
,,,1.0,1000,True,0.0,0.0,1.0,0.504,124,379.0,0.0,False,0.0,0.0,0.0,,,26,rider,0.05,0.1,region_crc,segformer_b2_cityscapes,cityscapes_val_half,129
,,,1.0,1000,True,0.0,0.0,1.0,0.504,124,379.0,0.0,False,0.0,0.0,0.0,,,26,rider,0.1,0.1,region_crc,segformer_b2_cityscapes,cityscapes_val_half,129
,,,0.997,997,True,0.20673155249768152,0.20673155249768155,0.012796935625374317,0.504,124,379.0,0.055999999999999994,False,0.2372093023255814,0.06818181818181818,0.0,,,26,rider,0.2,0.1,region_crc,segformer_b2_cityscapes,cityscapes_val_half,129
,,,1.0,1000,True,0.0,0.0,1.0,0.504,124,379.0,0.0,False,0.0,0.0,0.0,,,26,rider,0.05,0.5,region_crc,segformer_b2_cityscapes,cityscapes_val_half,129
,,,1.0,1000,True,0.0,0.0,1.0,0.504,124,379.0,0.0,False,0.0,0.0,0.0,,,26,rider,0.1,0.5,region_crc,segformer_b2_cityscapes,cityscapes_val_half,129
,,,0.998,998,True,0.23421811163746645,0.23421811163746648,0.014480800367891788,0.504,124,379.0,0.068,False,0.24186046511627907,0.09848484848484848,0.03125,,,26,rider,0.2,0.5,region_crc,segformer_b2_cityscapes,cityscapes_val_half,129
,,,1.0,1000,True,0.0,0.0,1.0,0.308,173,878.0,0.0,False,0.0,0.0,0.0,,,26,bicycle,0.05,0.1,region_crc,segformer_b2_cityscapes,cityscapes_val_half,172
,,,0.998,998,True,0.08574678372366235,0.08574678372366235,0.02598421648144722,0.308,173,878.0,0.05599999999999994,False,0.13695652173913042,0.011730205278592375,0.0,,,26,bicycle,0.1,0.1,region_crc,segformer_b2_cityscapes,cityscapes_val_half,172
,,,0.99,990,True,0.18499836707929193,0.18499836707929193,0.017759006470441818,0.308,173,878.0,0.052000000000000005,False,0.2782608695652174,0.0469208211143695,0.0,,,26,bicycle,0.2,0.1,region_crc,segformer_b2_cityscapes,cityscapes_val_half,172
,,,1.0,1000,True,0.0,0.0,1.0,0.308,173,878.0,0.0,False,0.0,0.0,0.0,,,26,bicycle,0.05,0.5,region_crc,segformer_b2_cityscapes,cityscapes_val_half,172
,,,1.0,1000,True,0.0,0.0,1.0,0.308,173,878.0,0.0,False,0.0,0.0,0.0,,,26,bicycle,0.1,0.5,region_crc,segformer_b2_cityscapes,cityscapes_val_half,172
,,,0.995,995,True,0.18307690745489186,0.18307690745489189,0.02089366503059864,0.308,173,878.0,0.04400000000000004,False,0.2673913043478261,0.07038123167155426,0.012987012987012988,,,26,bicycle,0.2,0.5,region_crc,segformer_b2_cityscapes,cityscapes_val_half,172
,,,1.0,1000,True,0.0,0.0,,,224,,,False,,,,,,26,max_over_classes,0.05,0.1,shared_crc,segformer_b2_cityscapes,cityscapes_val_half,226
,,,1.0,1000,True,0.0,0.0,1.0,,200,,,False,,,,,,26,person,0.05,0.1,shared_crc,segformer_b2_cityscapes,cityscapes_val_half,226
,,,1.0,1000,True,0.0,0.0,1.0,,124,,,False,,,,,,26,rider,0.05,0.1,shared_crc,segformer_b2_cityscapes,cityscapes_val_half,226
,,,1.0,1000,True,0.0,0.0,1.0,,173,,,False,,,,,,26,bicycle,0.05,0.1,shared_crc,segformer_b2_cityscapes,cityscapes_val_half,226
,,,1.0,1000,True,0.0,0.0,,,224,,,False,,,,,,26,max_over_classes,0.1,0.1,shared_crc,segformer_b2_cityscapes,cityscapes_val_half,226
,,,1.0,1000,True,0.0,0.0,1.0,,200,,,False,,,,,,26,person,0.1,0.1,shared_crc,segformer_b2_cityscapes,cityscapes_val_half,226
,,,1.0,1000,True,0.0,0.0,1.0,,124,,,False,,,,,,26,rider,0.1,0.1,shared_crc,segformer_b2_cityscapes,cityscapes_val_half,226
,,,1.0,1000,True,0.0,0.0,1.0,,173,,,False,,,,,,26,bicycle,0.1,0.1,shared_crc,segformer_b2_cityscapes,cityscapes_val_half,226
,,,0.997,997,True,0.2120776781529076,0.2120776781529076,,,224,,,False,,,,,,26,max_over_classes,0.2,0.1,shared_crc,segformer_b2_cityscapes,cityscapes_val_half,226
,,,0.997,997,True,0.08321722597148294,0.08321722597148294,0.04280742630362511,,200,,,False,,,,,,26,person,0.2,0.1,shared_crc,segformer_b2_cityscapes,cityscapes_val_half,226
,,,0.997,997,True,0.20673155249768152,0.20673155249768152,0.012796935625374317,,124,,,False,,,,,,26,rider,0.2,0.1,shared_crc,segformer_b2_cityscapes,cityscapes_val_half,226
,,,0.997,997,True,0.10447750707866314,0.10447750707866314,0.023598168045282364,,173,,,False,,,,,,26,bicycle,0.2,0.1,shared_crc,segformer_b2_cityscapes,cityscapes_val_half,226
,,,1.0,1000,True,0.0,0.0,,,224,,,False,,,,,,26,max_over_classes,0.05,0.5,shared_crc,segformer_b2_cityscapes,cityscapes_val_half,226
,,,1.0,1000,True,0.0,0.0,1.0,,200,,,False,,,,,,26,person,0.05,0.5,shared_crc,segformer_b2_cityscapes,cityscapes_val_half,226
,,,1.0,1000,True,0.0,0.0,1.0,,124,,,False,,,,,,26,rider,0.05,0.5,shared_crc,segformer_b2_cityscapes,cityscapes_val_half,226
,,,1.0,1000,True,0.0,0.0,1.0,,173,,,False,,,,,,26,bicycle,0.05,0.5,shared_crc,segformer_b2_cityscapes,cityscapes_val_half,226
,,,1.0,1000,True,0.0,0.0,,,224,,,False,,,,,,26,max_over_classes,0.1,0.5,shared_crc,segformer_b2_cityscapes,cityscapes_val_half,226
,,,1.0,1000,True,0.0,0.0,1.0,,200,,,False,,,,,,26,person,0.1,0.5,shared_crc,segformer_b2_cityscapes,cityscapes_val_half,226
,,,1.0,1000,True,0.0,0.0,1.0,,124,,,False,,,,,,26,rider,0.1,0.5,shared_crc,segformer_b2_cityscapes,cityscapes_val_half,226
,,,1.0,1000,True,0.0,0.0,1.0,,173,,,False,,,,,,26,bicycle,0.1,0.5,shared_crc,segformer_b2_cityscapes,cityscapes_val_half,226
,,,0.999,999,True,0.1754498287284181,0.1754498287284181,,,224,,,False,,,,,,26,max_over_classes,0.2,0.5,shared_crc,segformer_b2_cityscapes,cityscapes_val_half,226
,,,0.999,999,True,0.05311043254561056,0.05311043254561056,0.05397189408540726,,200,,,False,,,,,,26,person,0.2,0.5,shared_crc,segformer_b2_cityscapes,cityscapes_val_half,226
,,,0.999,999,True,0.1790494899365867,0.1790494899365867,0.017804257571697235,,124,,,False,,,,,,26,rider,0.2,0.5,shared_crc,segformer_b2_cityscapes,cityscapes_val_half,226
,,,0.999,999,True,0.10160144928931057,0.10160144928931057,0.03064643032848835,,173,,,False,,,,,,26,bicycle,0.2,0.5,shared_crc,segformer_b2_cityscapes,cityscapes_val_half,226
,,,1.0,1000,True,0.0,0.0,1.0,0.18,205,1354.0,0.0,False,0.0,0.0,0.0,,,27,person,0.05,0.1,region_crc,segformer_b2_cityscapes,cityscapes_val_half,197
,,,0.997,997,True,0.048511132475188956,0.04851113247518896,0.04546194523572922,0.18,205,1354.0,0.064,False,0.07219251336898395,0.010706638115631691,0.0,,,27,person,0.1,0.1,region_crc,segformer_b2_cityscapes,cityscapes_val_half,197
,,,0.983,983,True,0.149539934937881,0.149539934937881,0.03160425275564194,6.292,205,1354.0,0.08400000000000002,False,0.18449197860962566,0.029978586723768737,0.0,,,27,person,0.2,0.1,region_crc,segformer_b2_cityscapes,cityscapes_val_half,197
,,,1.0,1000,True,0.0,0.0,1.0,0.18,205,1354.0,0.0,False,0.0,0.0,0.0,,,27,person,0.05,0.5,region_crc,segformer_b2_cityscapes,cityscapes_val_half,197
,,,0.999,999,True,0.04102797675390743,0.04102797675390743,0.0568920373916626,0.18,205,1354.0,0.048000000000000015,False,0.058823529411764705,0.017130620985010708,0.0,,,27,person,0.1,0.5,region_crc,segformer_b2_cityscapes,cityscapes_val_half,197
,,,0.993,993,True,0.14128652733659153,0.14128652733659153,0.03812633082270622,0.18,205,1354.0,0.07599999999999998,False,0.16310160427807488,0.05139186295503212,0.0,,,27,person,0.2,0.5,region_crc,segformer_b2_cityscapes,cityscapes_val_half,197
,,,1.0,1000,True,0.0,0.0,1.0,0.452,137,370.0,0.0,False,0.0,0.0,0.0,,,27,rider,0.05,0.1,region_crc,segformer_b2_cityscapes,cityscapes_val_half,116
,,,1.0,1000,True,0.0,0.0,1.0,0.452,137,370.0,0.0,False,0.0,0.0,0.0,,,27,rider,0.1,0.1,region_crc,segformer_b2_cityscapes,cityscapes_val_half,116
,,,0.997,997,True,0.17351697369945543,0.1735169736994554,0.012706809677183628,0.452,137,370.0,0.052000000000000046,False,0.24,0.08208955223880597,0.0,,,27,rider,0.2,0.1,region_crc,segformer_b2_cityscapes,cityscapes_val_half,116
,,,1.0,1000,True,0.0,0.0,1.0,0.452,137,370.0,0.0,False,0.0,0.0,0.0,,,27,rider,0.05,0.5,region_crc,segformer_b2_cityscapes,cityscapes_val_half,116
,,,1.0,1000,True,0.0,0.0,1.0,0.452,137,370.0,0.0,False,0.0,0.0,0.0,,,27,rider,0.1,0.5,region_crc,segformer_b2_cityscapes,cityscapes_val_half,116
,,,0.999,999,True,0.148638628200672,0.14863862820067197,0.017809076234698296,0.452,137,370.0,0.05600000000000005,False,0.19,0.07462686567164178,0.08333333333333333,,,27,rider,0.2,0.5,region_crc,segformer_b2_cityscapes,cityscapes_val_half,116
,,,1.0,1000,True,0.0,0.0,1.0,0.308,173,858.0,0.0,False,0.0,0.0,0.0,,,27,bicycle,0.05,0.1,region_crc,segformer_b2_cityscapes,cityscapes_val_half,172
,,,0.998,998,True,0.09377268524667368,0.09377268524667368,0.025532172992825508,0.308,173,858.0,0.07200000000000001,False,0.14660831509846828,0.009554140127388535,0.0,,,27,bicycle,0.1,0.1,region_crc,segformer_b2_cityscapes,cityscapes_val_half,172
,,,0.99,990,True,0.18111103732491016,0.18111103732491016,0.017391588538885117,0.308,173,858.0,0.07200000000000001,False,0.26914660831509846,0.03821656050955414,0.0,,,27,bicycle,0.2,0.1,region_crc,segformer_b2_cityscapes,cityscapes_val_half,172
,,,1.0,1000,True,0.0,0.0,1.0,0.308,173,858.0,0.0,False,0.0,0.0,0.0,,,27,bicycle,0.05,0.5,region_crc,segformer_b2_cityscapes,cityscapes_val_half,172
,,,1.0,1000,True,0.0,0.0,1.0,0.308,173,858.0,0.0,False,0.0,0.0,0.0,,,27,bicycle,0.1,0.5,region_crc,segformer_b2_cityscapes,cityscapes_val_half,172
,,,0.995,995,True,0.17408537191774187,0.17408537191774187,0.020478980615735054,0.308,173,858.0,0.08000000000000002,False,0.25601750547045954,0.044585987261146494,0.0,,,27,bicycle,0.2,0.5,region_crc,segformer_b2_cityscapes,cityscapes_val_half,172
,,,1.0,1000,True,0.0,0.0,,,227,,,False,,,,,,27,max_over_classes,0.05,0.1,shared_crc,segformer_b2_cityscapes,cityscapes_val_half,223
,,,1.0,1000,True,0.0,0.0,1.0,,205,,,False,,,,,,27,person,0.05,0.1,shared_crc,segformer_b2_cityscapes,cityscapes_val_half,223
,,,1.0,1000,True,0.0,0.0,1.0,,137,,,False,,,,,,27,rider,0.05,0.1,shared_crc,segformer_b2_cityscapes,cityscapes_val_half,223
,,,1.0,1000,True,0.0,0.0,1.0,,173,,,False,,,,,,27,bicycle,0.05,0.1,shared_crc,segformer_b2_cityscapes,cityscapes_val_half,223
,,,1.0,1000,True,0.0,0.0,,,227,,,False,,,,,,27,max_over_classes,0.1,0.1,shared_crc,segformer_b2_cityscapes,cityscapes_val_half,223
,,,1.0,1000,True,0.0,0.0,1.0,,205,,,False,,,,,,27,person,0.1,0.1,shared_crc,segformer_b2_cityscapes,cityscapes_val_half,223
,,,1.0,1000,True,0.0,0.0,1.0,,137,,,False,,,,,,27,rider,0.1,0.1,shared_crc,segformer_b2_cityscapes,cityscapes_val_half,223
,,,1.0,1000,True,0.0,0.0,1.0,,173,,,False,,,,,,27,bicycle,0.1,0.1,shared_crc,segformer_b2_cityscapes,cityscapes_val_half,223
,,,0.998,998,True,0.1426063665490978,0.1426063665490978,,,227,,,False,,,,,,27,max_over_classes,0.2,0.1,shared_crc,segformer_b2_cityscapes,cityscapes_val_half,223
,,,0.998,998,True,0.03435195404129936,0.03435195404129936,0.04938410222530365,,205,,,False,,,,,,27,person,0.2,0.1,shared_crc,segformer_b2_cityscapes,cityscapes_val_half,223
,,,0.998,998,True,0.13140424052832814,0.13140424052832814,0.014418470673263073,,137,,,False,,,,,,27,rider,0.2,0.1,shared_crc,segformer_b2_cityscapes,cityscapes_val_half,223
,,,0.998,998,True,0.09377268524667368,0.09377268524667368,0.025532172992825508,,173,,,False,,,,,,27,bicycle,0.2,0.1,shared_crc,segformer_b2_cityscapes,cityscapes_val_half,223
,,,1.0,1000,True,0.0,0.0,,,227,,,False,,,,,,27,max_over_classes,0.05,0.5,shared_crc,segformer_b2_cityscapes,cityscapes_val_half,223
,,,1.0,1000,True,0.0,0.0,1.0,,205,,,False,,,,,,27,person,0.05,0.5,shared_crc,segformer_b2_cityscapes,cityscapes_val_half,223
,,,1.0,1000,True,0.0,0.0,1.0,,137,,,False,,,,,,27,rider,0.05,0.5,shared_crc,segformer_b2_cityscapes,cityscapes_val_half,223
,,,1.0,1000,True,0.0,0.0,1.0,,173,,,False,,,,,,27,bicycle,0.05,0.5,shared_crc,segformer_b2_cityscapes,cityscapes_val_half,223
,,,1.0,1000,True,0.0,0.0,,,227,,,False,,,,,,27,max_over_classes,0.1,0.5,shared_crc,segformer_b2_cityscapes,cityscapes_val_half,223
,,,1.0,1000,True,0.0,0.0,1.0,,205,,,False,,,,,,27,person,0.1,0.5,shared_crc,segformer_b2_cityscapes,cityscapes_val_half,223
,,,1.0,1000,True,0.0,0.0,1.0,,137,,,False,,,,,,27,rider,0.1,0.5,shared_crc,segformer_b2_cityscapes,cityscapes_val_half,223
,,,1.0,1000,True,0.0,0.0,1.0,,173,,,False,,,,,,27,bicycle,0.1,0.5,shared_crc,segformer_b2_cityscapes,cityscapes_val_half,223
,,,0.999,999,True,0.1656486786993395,0.1656486786993395,,,227,,,False,,,,,,27,max_over_classes,0.2,0.5,shared_crc,segformer_b2_cityscapes,cityscapes_val_half,223
,,,0.999,999,True,0.04102797675390743,0.04102797675390743,0.0568920373916626,,205,,,False,,,,,,27,person,0.2,0.5,shared_crc,segformer_b2_cityscapes,cityscapes_val_half,223
,,,0.999,999,True,0.148638628200672,0.148638628200672,0.017809076234698296,,137,,,False,,,,,,27,rider,0.2,0.5,shared_crc,segformer_b2_cityscapes,cityscapes_val_half,223
,,,0.999,999,True,0.11611460151922579,0.11611460151922579,0.03015977330505848,,173,,,False,,,,,,27,bicycle,0.2,0.5,shared_crc,segformer_b2_cityscapes,cityscapes_val_half,223
,,,0.999,999,True,0.025473946059177792,0.025473946059177795,0.057089585810899734,0.196,201,1363.0,0.084,False,0.04596100278551532,0.006048387096774193,0.0,,,28,person,0.05,0.1,region_crc,segformer_b2_cityscapes,cityscapes_val_half,201
,,,0.994,994,True,0.1007093327569892,0.1007093327569892,0.03968607261776924,0.196,201,1363.0,0.076,False,0.11838440111420613,0.016129032258064516,0.0,,,28,person,0.1,0.1,region_crc,segformer_b2_cityscapes,cityscapes_val_half,201
,,,0.977,977,True,0.19455679457835856,0.19455679457835856,0.03017839603126049,6.032,201,1363.0,0.06799999999999998,False,0.2562674094707521,0.028225806451612902,0.0,,,28,person,0.2,0.1,region_crc,segformer_b2_cityscapes,cityscapes_val_half,201
,,,1.0,1000,True,0.0,0.0,1.0,0.196,201,1363.0,0.0,False,0.0,0.0,0.0,,,28,person,0.05,0.5,region_crc,segformer_b2_cityscapes,cityscapes_val_half,201
,,,0.998,998,True,0.08702708263195301,0.08702708263195301,0.04965260624885559,0.196,201,1363.0,0.084,False,0.08635097493036212,0.02217741935483871,0.0,,,28,person,0.1,0.5,region_crc,segformer_b2_cityscapes,cityscapes_val_half,201
,,,0.99,990,True,0.19163096903404653,0.19163096903404653,0.03577742725610733,0.196,201,1363.0,0.06799999999999995,False,0.21866295264623956,0.04838709677419355,0.0,,,28,person,0.2,0.5,region_crc,segformer_b2_cityscapes,cityscapes_val_half,201
,,,1.0,1000,True,0.0,0.0,1.0,0.536,116,357.0,0.0,False,0.0,0.0,0.0,,,28,rider,0.05,0.1,region_crc,segformer_b2_cityscapes,cityscapes_val_half,137
,,,0.999,999,True,0.14285714285714285,0.14285714285714285,0.017032478004693985,0.536,116,357.0,0.132,False,0.1674641148325359,0.0423728813559322,0.0,,,28,rider,0.1,0.1,region_crc,segformer_b2_cityscapes,cityscapes_val_half,137
,,,0.995,995,True,0.2832070707070707,0.2832070707070707,0.010163026861846447,0.536,116,357.0,0.136,False,0.33014354066985646,0.09322033898305085,0.0,,,28,rider,0.2,0.1,region_crc,segformer_b2_cityscapes,cityscapes_val_half,137
,,,1.0,1000,True,0.0,0.0,1.0,0.536,116,357.0,0.0,False,0.0,0.0,0.0,,,28,rider,0.05,0.5,region_crc,segformer_b2_cityscapes,cityscapes_val_half,137
,,,1.0,1000,True,0.0,0.0,1.0,0.536,116,357.0,0.0,False,0.0,0.0,0.0,,,28,rider,0.1,0.5,region_crc,segformer_b2_cityscapes,cityscapes_val_half,137
,,,0.998,998,True,0.2616758720206996,0.26167587202069964,0.013720563612878323,0.536,116,357.0,0.14799999999999996,True,0.2822966507177033,0.1016949152542373,0.06666666666666667,,,28,rider,0.2,0.5,region_crc,segformer_b2_cityscapes,cityscapes_val_half,137
,,,1.0,1000,True,0.0,0.0,1.0,0.348,163,846.0,0.0,False,0.0,0.0,0.0,,,28,bicycle,0.05,0.1,region_crc,segformer_b2_cityscapes,cityscapes_val_half,182
,,,0.996,996,True,0.15834531862139226,0.15834531862139226,0.021316029131412506,0.348,163,846.0,0.08000000000000002,False,0.20535714285714285,0.01929260450160772,0.0,,,28,bicycle,0.1,0.1,region_crc,segformer_b2_cityscapes,cityscapes_val_half,182
,,,0.979,979,True,0.2767801127493124,0.27678011274931236,0.014706378802657127,2.948,163,846.0,0.068,False,0.3794642857142857,0.07395498392282958,0.0,,,28,bicycle,0.2,0.1,region_crc,segformer_b2_cityscapes,cityscapes_val_half,182
,,,1.0,1000,True,0.0,0.0,1.0,0.348,163,846.0,0.0,False,0.0,0.0,0.0,,,28,bicycle,0.05,0.5,region_crc,segformer_b2_cityscapes,cityscapes_val_half,182
,,,0.999,999,True,0.13999213124979995,0.13999213124979995,0.029475053772330284,0.348,163,846.0,0.08800000000000002,False,0.16741071428571427,0.03215434083601286,0.0,,,28,bicycle,0.1,0.5,region_crc,segformer_b2_cityscapes,cityscapes_val_half,182
,,,0.992,992,True,0.2593849542769255,0.25938495427692543,0.018181033432483673,0.348,163,846.0,0.08000000000000002,False,0.3392857142857143,0.07395498392282958,0.0,,,28,bicycle,0.2,0.5,region_crc,segformer_b2_cityscapes,cityscapes_val_half,182
,,,1.0,1000,True,0.0,0.0,,,221,,,False,,,,,,28,max_over_classes,0.05,0.1,shared_crc,segformer_b2_cityscapes,cityscapes_val_half,229
,,,1.0,1000,True,0.0,0.0,1.0,,201,,,False,,,,,,28,person,0.05,0.1,shared_crc,segformer_b2_cityscapes,cityscapes_val_half,229
,,,1.0,1000,True,0.0,0.0,1.0,,116,,,False,,,,,,28,rider,0.05,0.1,shared_crc,segformer_b2_cityscapes,cityscapes_val_half,229
,,,1.0,1000,True,0.0,0.0,1.0,,163,,,False,,,,,,28,bicycle,0.05,0.1,shared_crc,segformer_b2_cityscapes,cityscapes_val_half,229
,,,1.0,1000,True,0.0,0.0,,,221,,,False,,,,,,28,max_over_classes,0.1,0.1,shared_crc,segformer_b2_cityscapes,cityscapes_val_half,229
,,,1.0,1000,True,0.0,0.0,1.0,,201,,,False,,,,,,28,person,0.1,0.1,shared_crc,segformer_b2_cityscapes,cityscapes_val_half,229
,,,1.0,1000,True,0.0,0.0,1.0,,116,,,False,,,,,,28,rider,0.1,0.1,shared_crc,segformer_b2_cityscapes,cityscapes_val_half,229
,,,1.0,1000,True,0.0,0.0,1.0,,163,,,False,,,,,,28,bicycle,0.1,0.1,shared_crc,segformer_b2_cityscapes,cityscapes_val_half,229
,,,0.997,997,True,0.21345954610779566,0.21345954610779566,,,221,,,False,,,,,,28,max_over_classes,0.2,0.1,shared_crc,segformer_b2_cityscapes,cityscapes_val_half,229
,,,0.997,997,True,0.06588813797899946,0.06588813797899946,0.045735616236925125,,201,,,False,,,,,,28,person,0.2,0.1,shared_crc,segformer_b2_cityscapes,cityscapes_val_half,229
,,,0.997,997,True,0.23993941881872913,0.23993941881872913,0.012028198689222336,,116,,,False,,,,,,28,rider,0.2,0.1,shared_crc,segformer_b2_cityscapes,cityscapes_val_half,229
,,,0.997,997,True,0.1352421777268403,0.1352421777268403,0.022794920951128006,,163,,,False,,,,,,28,bicycle,0.2,0.1,shared_crc,segformer_b2_cityscapes,cityscapes_val_half,229
,,,1.0,1000,True,0.0,0.0,,,221,,,False,,,,,,28,max_over_classes,0.05,0.5,shared_crc,segformer_b2_cityscapes,cityscapes_val_half,229
,,,1.0,1000,True,0.0,0.0,1.0,,201,,,False,,,,,,28,person,0.05,0.5,shared_crc,segformer_b2_cityscapes,cityscapes_val_half,229
,,,1.0,1000,True,0.0,0.0,1.0,,116,,,False,,,,,,28,rider,0.05,0.5,shared_crc,segformer_b2_cityscapes,cityscapes_val_half,229
,,,1.0,1000,True,0.0,0.0,1.0,,163,,,False,,,,,,28,bicycle,0.05,0.5,shared_crc,segformer_b2_cityscapes,cityscapes_val_half,229
,,,1.0,1000,True,0.0,0.0,,,221,,,False,,,,,,28,max_over_classes,0.1,0.5,shared_crc,segformer_b2_cityscapes,cityscapes_val_half,229
,,,1.0,1000,True,0.0,0.0,1.0,,201,,,False,,,,,,28,person,0.1,0.5,shared_crc,segformer_b2_cityscapes,cityscapes_val_half,229
,,,1.0,1000,True,0.0,0.0,1.0,,116,,,False,,,,,,28,rider,0.1,0.5,shared_crc,segformer_b2_cityscapes,cityscapes_val_half,229
,,,1.0,1000,True,0.0,0.0,1.0,,163,,,False,,,,,,28,bicycle,0.1,0.5,shared_crc,segformer_b2_cityscapes,cityscapes_val_half,229
,,,0.999,999,True,0.18431287979394673,0.18431287979394673,,,221,,,False,,,,,,28,max_over_classes,0.2,0.5,shared_crc,segformer_b2_cityscapes,cityscapes_val_half,229
,,,0.999,999,True,0.04799486970605064,0.04799486970605064,0.057089585810899734,,201,,,False,,,,,,28,person,0.2,0.5,shared_crc,segformer_b2_cityscapes,cityscapes_val_half,229
,,,0.999,999,True,0.19582649151614667,0.19582649151614667,0.017032478004693985,,116,,,False,,,,,,28,rider,0.2,0.5,shared_crc,segformer_b2_cityscapes,cityscapes_val_half,229
,,,0.999,999,True,0.13999213124979995,0.13999213124979995,0.029475053772330284,,163,,,False,,,,,,28,bicycle,0.2,0.5,shared_crc,segformer_b2_cityscapes,cityscapes_val_half,229
,,,0.999,999,True,0.03473569789853219,0.03473569789853219,0.056167036294937134,0.204,199,1368.0,0.092,False,0.05785123966942149,0.0099601593625498,0.0,,,29,person,0.05,0.1,region_crc,segformer_b2_cityscapes,cityscapes_val_half,203
,,,0.994,994,True,0.10229833022247105,0.10229833022247106,0.03822063282132149,0.204,199,1368.0,0.06400000000000006,False,0.13911845730027547,0.02390438247011952,0.0,,,29,person,0.1,0.1,region_crc,segformer_b2_cityscapes,cityscapes_val_half,203
,,,0.974,974,True,0.21008623877437763,0.21008623877437763,0.027530744671821594,6.324,199,1368.0,0.06400000000000006,False,0.29201101928374656,0.045816733067729085,0.0,,,29,person,0.2,0.1,region_crc,segformer_b2_cityscapes,cityscapes_val_half,203
,,,1.0,1000,True,0.0,0.0,1.0,0.204,199,1368.0,0.0,False,0.0,0.0,0.0,,,29,person,0.05,0.5,region_crc,segformer_b2_cityscapes,cityscapes_val_half,203
,,,0.998,998,True,0.08785907043145247,0.08785907043145245,0.0485064797103405,0.204,199,1368.0,0.07200000000000001,False,0.11570247933884298,0.027888446215139442,0.0,,,29,person,0.1,0.5,region_crc,segformer_b2_cityscapes,cityscapes_val_half,203
,,,0.989,989,True,0.2028387273590068,0.2028387273590068,0.03344028443098068,0.204,199,1368.0,0.06400000000000006,False,0.2644628099173554,0.0697211155378486,0.0,,,29,person,0.2,0.5,region_crc,segformer_b2_cityscapes,cityscapes_val_half,203
,,,1.0,1000,True,0.0,0.0,1.0,0.496,126,338.0,0.0,False,0.0,0.0,0.0,,,29,rider,0.05,0.1,region_crc,segformer_b2_cityscapes,cityscapes_val_half,127
,,,1.0,1000,True,0.0,0.0,1.0,0.496,126,338.0,0.0,False,0.0,0.0,0.0,,,29,rider,0.1,0.1,region_crc,segformer_b2_cityscapes,cityscapes_val_half,127
,,,0.998,998,True,0.13257747543461826,0.1325774754346183,0.014495231211185455,0.496,126,338.0,0.09600000000000003,False,0.2032967032967033,0.05737704918032787,0.0,,,29,rider,0.2,0.1,region_crc,segformer_b2_cityscapes,cityscapes_val_half,127
,,,1.0,1000,True,0.0,0.0,1.0,0.496,126,338.0,0.0,False,0.0,0.0,0.0,,,29,rider,0.05,0.5,region_crc,segformer_b2_cityscapes,cityscapes_val_half,127
,,,1.0,1000,True,0.0,0.0,1.0,0.496,126,338.0,0.0,False,0.0,0.0,0.0,,,29,rider,0.1,0.5,region_crc,segformer_b2_cityscapes,cityscapes_val_half,127
,,,0.999,999,True,0.14805366591080876,0.14805366591080876,0.017975175753235817,0.496,126,338.0,0.10799999999999998,False,0.18681318681318682,0.09016393442622951,0.08823529411764706,,,29,rider,0.2,0.5,region_crc,segformer_b2_cityscapes,cityscapes_val_half,127
,,,1.0,1000,True,0.0,0.0,1.0,0.28,180,950.0,0.0,False,0.0,0.0,0.0,,,29,bicycle,0.05,0.1,region_crc,segformer_b2_cityscapes,cityscapes_val_half,165
,,,0.999,999,True,0.06700119325119326,0.06700119325119326,0.0315108448266983,0.28,180,950.0,0.14400000000000002,False,0.11895161290322581,0.005405405405405406,0.0,,,29,bicycle,0.1,0.1,region_crc,segformer_b2_cityscapes,cityscapes_val_half,165
,,,0.99,990,True,0.1854286916786917,0.1854286916786917,0.018447276204824448,0.28,180,950.0,0.132,False,0.2903225806451613,0.043243243243243246,0.0,,,29,bicycle,0.2,0.1,region_crc,segformer_b2_cityscapes,cityscapes_val_half,165
,,,1.0,1000,True,0.0,0.0,1.0,0.28,180,950.0,0.0,False,0.0,0.0,0.0,,,29,bicycle,0.05,0.5,region_crc,segformer_b2_cityscapes,cityscapes_val_half,165
,,,1.0,1000,True,0.0,0.0,1.0,0.28,180,950.0,0.0,False,0.0,0.0,0.0,,,29,bicycle,0.1,0.5,region_crc,segformer_b2_cityscapes,cityscapes_val_half,165
,,,0.995,995,True,0.17990779014329739,0.17990779014329736,0.02161366678774357,0.28,180,950.0,0.15200000000000002,True,0.27419354838709675,0.062162162162162166,0.011904761904761904,,,29,bicycle,0.2,0.5,region_crc,segformer_b2_cityscapes,cityscapes_val_half,165
,,,1.0,1000,True,0.0,0.0,,,227,,,False,,,,,,29,max_over_classes,0.05,0.1,shared_crc,segformer_b2_cityscapes,cityscapes_val_half,223
,,,1.0,1000,True,0.0,0.0,1.0,,199,,,False,,,,,,29,person,0.05,0.1,shared_crc,segformer_b2_cityscapes,cityscapes_val_half,223
,,,1.0,1000,True,0.0,0.0,1.0,,126,,,False,,,,,,29,rider,0.05,0.1,shared_crc,segformer_b2_cityscapes,cityscapes_val_half,223
,,,1.0,1000,True,0.0,0.0,1.0,,180,,,False,,,,,,29,bicycle,0.05,0.1,shared_crc,segformer_b2_cityscapes,cityscapes_val_half,223
,,,1.0,1000,True,0.0,0.0,,,227,,,False,,,,,,29,max_over_classes,0.1,0.1,shared_crc,segformer_b2_cityscapes,cityscapes_val_half,223
,,,1.0,1000,True,0.0,0.0,1.0,,199,,,False,,,,,,29,person,0.1,0.1,shared_crc,segformer_b2_cityscapes,cityscapes_val_half,223
,,,1.0,1000,True,0.0,0.0,1.0,,126,,,False,,,,,,29,rider,0.1,0.1,shared_crc,segformer_b2_cityscapes,cityscapes_val_half,223
,,,1.0,1000,True,0.0,0.0,1.0,,180,,,False,,,,,,29,bicycle,0.1,0.1,shared_crc,segformer_b2_cityscapes,cityscapes_val_half,223
,,,0.998,998,True,0.15038546087843013,0.15038546087843013,,,227,,,False,,,,,,29,max_over_classes,0.2,0.1,shared_crc,segformer_b2_cityscapes,cityscapes_val_half,223
,,,0.998,998,True,0.04956467824258791,0.04956467824258791,0.0485064797103405,,199,,,False,,,,,,29,person,0.2,0.1,shared_crc,segformer_b2_cityscapes,cityscapes_val_half,223
,,,0.998,998,True,0.13257747543461826,0.13257747543461826,0.014495231211185455,,126,,,False,,,,,,29,rider,0.2,0.1,shared_crc,segformer_b2_cityscapes,cityscapes_val_half,223
,,,0.998,998,True,0.0836327869661203,0.0836327869661203,0.02677525393664837,,180,,,False,,,,,,29,bicycle,0.2,0.1,shared_crc,segformer_b2_cityscapes,cityscapes_val_half,223
,,,1.0,1000,True,0.0,0.0,,,227,,,False,,,,,,29,max_over_classes,0.05,0.5,shared_crc,segformer_b2_cityscapes,cityscapes_val_half,223
,,,1.0,1000,True,0.0,0.0,1.0,,199,,,False,,,,,,29,person,0.05,0.5,shared_crc,segformer_b2_cityscapes,cityscapes_val_half,223
,,,1.0,1000,True,0.0,0.0,1.0,,126,,,False,,,,,,29,rider,0.05,0.5,shared_crc,segformer_b2_cityscapes,cityscapes_val_half,223
,,,1.0,1000,True,0.0,0.0,1.0,,180,,,False,,,,,,29,bicycle,0.05,0.5,shared_crc,segformer_b2_cityscapes,cityscapes_val_half,223
,,,1.0,1000,True,0.0,0.0,,,227,,,False,,,,,,29,max_over_classes,0.1,0.5,shared_crc,segformer_b2_cityscapes,cityscapes_val_half,223
,,,1.0,1000,True,0.0,0.0,1.0,,199,,,False,,,,,,29,person,0.1,0.5,shared_crc,segformer_b2_cityscapes,cityscapes_val_half,223
,,,1.0,1000,True,0.0,0.0,1.0,,126,,,False,,,,,,29,rider,0.1,0.5,shared_crc,segformer_b2_cityscapes,cityscapes_val_half,223
,,,1.0,1000,True,0.0,0.0,1.0,,180,,,False,,,,,,29,bicycle,0.1,0.5,shared_crc,segformer_b2_cityscapes,cityscapes_val_half,223
,,,0.999,999,True,0.16251818601196677,0.16251818601196677,,,227,,,False,,,,,,29,max_over_classes,0.2,0.5,shared_crc,segformer_b2_cityscapes,cityscapes_val_half,223
,,,0.999,999,True,0.05007417014655218,0.05007417014655218,0.056167036294937134,,199,,,False,,,,,,29,person,0.2,0.5,shared_crc,segformer_b2_cityscapes,cityscapes_val_half,223
,,,0.999,999,True,0.14805366591080876,0.14805366591080876,0.017975175753235817,,126,,,False,,,,,,29,rider,0.2,0.5,shared_crc,segformer_b2_cityscapes,cityscapes_val_half,223
,,,0.999,999,True,0.09562172395505729,0.09562172395505729,0.0315108448266983,,180,,,False,,,,,,29,bicycle,0.2,0.5,shared_crc,segformer_b2_cityscapes,cityscapes_val_half,223
,,,0.999,999,True,0.03202523424321494,0.03202523424321494,0.05929514393210411,0.176,206,1458.0,0.07600000000000007,False,0.05148005148005148,0.013307984790874524,0.0,,,30,person,0.05,0.1,region_crc,segformer_b2_cityscapes,cityscapes_val_half,196
,,,0.995,995,True,0.08943691570318461,0.08943691570318461,0.04325558617711067,0.176,206,1458.0,0.08400000000000007,False,0.11583011583011583,0.02091254752851711,0.0,,,30,person,0.1,0.1,region_crc,segformer_b2_cityscapes,cityscapes_val_half,196
,,,0.978,978,True,0.18597790523088847,0.18597790523088847,0.0321597121655941,6.02,206,1458.0,0.08000000000000007,False,0.2548262548262548,0.039923954372623575,0.0,,,30,person,0.2,0.1,region_crc,segformer_b2_cityscapes,cityscapes_val_half,196
,,,1.0,1000,True,0.0,0.0,1.0,0.176,206,1458.0,0.0,False,0.0,0.0,0.0,,,30,person,0.05,0.5,region_crc,segformer_b2_cityscapes,cityscapes_val_half,196
,,,0.998,998,True,0.09401564334016468,0.09401564334016466,0.051772359758615494,0.176,206,1458.0,0.08400000000000007,False,0.10553410553410554,0.028517110266159697,0.0,,,30,person,0.1,0.5,region_crc,segformer_b2_cityscapes,cityscapes_val_half,196
,,,0.989,989,True,0.19991256394071327,0.19991256394071327,0.036946408450603485,0.176,206,1458.0,0.08000000000000007,False,0.24581724581724582,0.06273764258555133,0.0,,,30,person,0.2,0.5,region_crc,segformer_b2_cityscapes,cityscapes_val_half,196
,,,1.0,1000,True,0.0,0.0,1.0,0.508,123,338.0,0.0,False,0.0,0.0,0.0,,,30,rider,0.05,0.1,region_crc,segformer_b2_cityscapes,cityscapes_val_half,130
,,,0.999,999,True,0.1281455671699574,0.12814556716995743,0.01801891066133976,0.508,123,338.0,0.07999999999999996,False,0.19170984455958548,0.06837606837606838,0.0,,,30,rider,0.1,0.1,region_crc,segformer_b2_cityscapes,cityscapes_val_half,130
,,,0.997,997,True,0.19928729806778586,0.1992872980677859,0.012697423808276653,0.508,123,338.0,0.04800000000000004,False,0.3005181347150259,0.08547008547008547,0.0,,,30,rider,0.2,0.1,region_crc,segformer_b2_cityscapes,cityscapes_val_half,130
,,,1.0,1000,True,0.0,0.0,1.0,0.508,123,338.0,0.0,False,0.0,0.0,0.0,,,30,rider,0.05,0.5,region_crc,segformer_b2_cityscapes,cityscapes_val_half,130
,,,1.0,1000,True,0.0,0.0,1.0,0.508,123,338.0,0.0,False,0.0,0.0,0.0,,,30,rider,0.1,0.5,region_crc,segformer_b2_cityscapes,cityscapes_val_half,130
,,,0.999,999,True,0.18966318234610918,0.18966318234610918,0.01801891066133976,0.508,123,338.0,0.07999999999999996,False,0.24870466321243523,0.09401709401709402,0.07142857142857142,,,30,rider,0.2,0.5,region_crc,segformer_b2_cityscapes,cityscapes_val_half,130
,,,1.0,1000,True,0.0,0.0,1.0,0.304,174,824.0,0.0,False,0.0,0.0,0.0,,,30,bicycle,0.05,0.1,region_crc,segformer_b2_cityscapes,cityscapes_val_half,171
,,,0.999,999,True,0.062127910403772475,0.062127910403772475,0.030673278495669365,0.304,174,824.0,0.06000000000000005,False,0.10849056603773585,0.009174311926605505,0.0,,,30,bicycle,0.1,0.1,region_crc,segformer_b2_cityscapes,cityscapes_val_half,171
,,,0.99,990,True,0.19192809106602207,0.19192809106602213,0.017991382628679276,0.304,174,824.0,0.068,False,0.3018867924528302,0.039755351681957186,0.0,,,30,bicycle,0.2,0.1,region_crc,segformer_b2_cityscapes,cityscapes_val_half,171
,,,1.0,1000,True,0.0,0.0,1.0,0.304,174,824.0,0.0,False,0.0,0.0,0.0,,,30,bicycle,0.05,0.5,region_crc,segformer_b2_cityscapes,cityscapes_val_half,171
,,,1.0,1000,True,0.0,0.0,1.0,0.304,174,824.0,0.0,False,0.0,0.0,0.0,,,30,bicycle,0.1,0.5,region_crc,segformer_b2_cityscapes,cityscapes_val_half,171
,,,0.994,994,True,0.19812701388788345,0.19812701388788342,0.020184379070997238,0.304,174,824.0,0.06800000000000006,False,0.3089622641509434,0.05504587155963303,0.0,,,30,bicycle,0.2,0.5,region_crc,segformer_b2_cityscapes,cityscapes_val_half,171
,,,1.0,1000,True,0.0,0.0,,,227,,,False,,,,,,30,max_over_classes,0.05,0.1,shared_crc,segformer_b2_cityscapes,cityscapes_val_half,223
,,,1.0,1000,True,0.0,0.0,1.0,,206,,,False,,,,,,30,person,0.05,0.1,shared_crc,segformer_b2_cityscapes,cityscapes_val_half,223
,,,1.0,1000,True,0.0,0.0,1.0,,123,,,False,,,,,,30,rider,0.05,0.1,shared_crc,segformer_b2_cityscapes,cityscapes_val_half,223
,,,1.0,1000,True,0.0,0.0,1.0,,174,,,False,,,,,,30,bicycle,0.05,0.1,shared_crc,segformer_b2_cityscapes,cityscapes_val_half,223
,,,1.0,1000,True,0.0,0.0,,,227,,,False,,,,,,30,max_over_classes,0.1,0.1,shared_crc,segformer_b2_cityscapes,cityscapes_val_half,223
,,,1.0,1000,True,0.0,0.0,1.0,,206,,,False,,,,,,30,person,0.1,0.1,shared_crc,segformer_b2_cityscapes,cityscapes_val_half,223
,,,1.0,1000,True,0.0,0.0,1.0,,123,,,False,,,,,,30,rider,0.1,0.1,shared_crc,segformer_b2_cityscapes,cityscapes_val_half,223
,,,1.0,1000,True,0.0,0.0,1.0,,174,,,False,,,,,,30,bicycle,0.1,0.1,shared_crc,segformer_b2_cityscapes,cityscapes_val_half,223
,,,0.997,997,True,0.200544426137094,0.200544426137094,,,227,,,False,,,,,,30,max_over_classes,0.2,0.1,shared_crc,segformer_b2_cityscapes,cityscapes_val_half,223
,,,0.997,997,True,0.07288473385335328,0.07288473385335328,0.04782988876104355,,206,,,False,,,,,,30,person,0.2,0.1,shared_crc,segformer_b2_cityscapes,cityscapes_val_half,223
,,,0.997,997,True,0.19928729806778586,0.19928729806778586,0.012697423808276653,,123,,,False,,,,,,30,rider,0.2,0.1,shared_crc,segformer_b2_cityscapes,cityscapes_val_half,223
,,,0.997,997,True,0.09374359676083815,0.09374359676083815,0.02371780201792717,,174,,,False,,,,,,30,bicycle,0.2,0.1,shared_crc,segformer_b2_cityscapes,cityscapes_val_half,223
,,,1.0,1000,True,0.0,0.0,,,227,,,False,,,,,,30,max_over_classes,0.05,0.5,shared_crc,segformer_b2_cityscapes,cityscapes_val_half,223
,,,1.0,1000,True,0.0,0.0,1.0,,206,,,False,,,,,,30,person,0.05,0.5,shared_crc,segformer_b2_cityscapes,cityscapes_val_half,223
,,,1.0,1000,True,0.0,0.0,1.0,,123,,,False,,,,,,30,rider,0.05,0.5,shared_crc,segformer_b2_cityscapes,cityscapes_val_half,223
,,,1.0,1000,True,0.0,0.0,1.0,,174,,,False,,,,,,30,bicycle,0.05,0.5,shared_crc,segformer_b2_cityscapes,cityscapes_val_half,223
,,,1.0,1000,True,0.0,0.0,,,227,,,False,,,,,,30,max_over_classes,0.1,0.5,shared_crc,segformer_b2_cityscapes,cityscapes_val_half,223
,,,1.0,1000,True,0.0,0.0,1.0,,206,,,False,,,,,,30,person,0.1,0.5,shared_crc,segformer_b2_cityscapes,cityscapes_val_half,223
,,,1.0,1000,True,0.0,0.0,1.0,,123,,,False,,,,,,30,rider,0.1,0.5,shared_crc,segformer_b2_cityscapes,cityscapes_val_half,223
,,,1.0,1000,True,0.0,0.0,1.0,,174,,,False,,,,,,30,bicycle,0.1,0.5,shared_crc,segformer_b2_cityscapes,cityscapes_val_half,223
,,,0.999,999,True,0.1814127581554376,0.1814127581554376,,,227,,,False,,,,,,30,max_over_classes,0.2,0.5,shared_crc,segformer_b2_cityscapes,cityscapes_val_half,223
,,,0.999,999,True,0.051696330619727775,0.051696330619727775,0.05929514393210411,,206,,,False,,,,,,30,person,0.2,0.5,shared_crc,segformer_b2_cityscapes,cityscapes_val_half,223
,,,0.999,999,True,0.18966318234610918,0.18966318234610918,0.01801891066133976,,123,,,False,,,,,,30,rider,0.2,0.5,shared_crc,segformer_b2_cityscapes,cityscapes_val_half,223
,,,0.999,999,True,0.09892092262781917,0.09892092262781917,0.030673278495669365,,174,,,False,,,,,,30,bicycle,0.2,0.5,shared_crc,segformer_b2_cityscapes,cityscapes_val_half,223
,,,0.999,999,True,0.04009459092482021,0.04009459092482021,0.057009827345609665,0.232,192,1276.0,0.052000000000000046,False,0.0572289156626506,0.006493506493506494,0.0,,,31,person,0.05,0.1,region_crc,segformer_b2_cityscapes,cityscapes_val_half,210
,,,0.995,995,True,0.0873031613961374,0.0873031613961374,0.04102813079953194,0.232,192,1276.0,0.04800000000000001,False,0.10993975903614457,0.015151515151515152,0.0,,,31,person,0.1,0.1,region_crc,segformer_b2_cityscapes,cityscapes_val_half,210
,,,0.978,978,True,0.1843337224378004,0.1843337224378004,0.030194180086255074,6.092,192,1276.0,0.04400000000000001,False,0.23493975903614459,0.04112554112554113,0.0,,,31,person,0.2,0.1,region_crc,segformer_b2_cityscapes,cityscapes_val_half,210
,,,1.0,1000,True,0.0,0.0,1.0,0.232,192,1276.0,0.0,False,0.0,0.0,0.0,,,31,person,0.05,0.5,region_crc,segformer_b2_cityscapes,cityscapes_val_half,210
,,,0.998,998,True,0.08680712965010566,0.08680712965010566,0.04947721213102341,0.232,192,1276.0,0.052000000000000005,False,0.09939759036144578,0.021645021645021644,0.0,,,31,person,0.1,0.5,region_crc,segformer_b2_cityscapes,cityscapes_val_half,210
,,,0.991,991,True,0.17517689980441528,0.17517689980441528,0.036357805132865906,0.232,192,1276.0,0.048,False,0.2063253012048193,0.05627705627705628,0.0,,,31,person,0.2,0.5,region_crc,segformer_b2_cityscapes,cityscapes_val_half,210
,,,1.0,1000,True,0.0,0.0,1.0,0.536,116,308.0,0.0,False,0.0,0.0,0.0,,,31,rider,0.05,0.1,region_crc,segformer_b2_cityscapes,cityscapes_val_half,137
,,,1.0,1000,True,0.0,0.0,1.0,0.536,116,308.0,0.0,False,0.0,0.0,0.0,,,31,rider,0.1,0.1,region_crc,segformer_b2_cityscapes,cityscapes_val_half,137
,,,0.997,997,True,0.17459291187739465,0.17459291187739462,0.011630464345216751,0.536,116,308.0,0.06800000000000006,False,0.22285714285714286,0.08490566037735849,0.0,,,31,rider,0.2,0.1,region_crc,segformer_b2_cityscapes,cityscapes_val_half,137
,,,1.0,1000,True,0.0,0.0,1.0,0.536,116,308.0,0.0,False,0.0,0.0,0.0,,,31,rider,0.05,0.5,region_crc,segformer_b2_cityscapes,cityscapes_val_half,137
,,,1.0,1000,True,0.0,0.0,1.0,0.536,116,308.0,0.0,False,0.0,0.0,0.0,,,31,rider,0.1,0.5,region_crc,segformer_b2_cityscapes,cityscapes_val_half,137
,,,0.999,999,True,0.14305555555555555,0.14305555555555555,0.016573380678892136,0.536,116,308.0,0.06800000000000006,False,0.14857142857142858,0.07547169811320754,0.1111111111111111,,,31,rider,0.2,0.5,region_crc,segformer_b2_cityscapes,cityscapes_val_half,137
,,,1.0,1000,True,0.0,0.0,1.0,0.308,173,765.0,0.0,False,0.0,0.0,0.0,,,31,bicycle,0.05,0.1,region_crc,segformer_b2_cityscapes,cityscapes_val_half,172
,,,0.999,999,True,0.06179910327309171,0.06179910327309171,0.029151905328035355,0.308,173,765.0,0.09599999999999997,False,0.1044776119402985,0.01048951048951049,0.0,,,31,bicycle,0.1,0.1,region_crc,segformer_b2_cityscapes,cityscapes_val_half,172
,,,0.989,989,True,0.2049518561079255,0.20495185610792543,0.016461985185742378,0.308,173,765.0,0.10399999999999998,False,0.3208955223880597,0.055944055944055944,0.0,,,31,bicycle,0.2,0.1,region_crc,segformer_b2_cityscapes,cityscapes_val_half,172
,,,1.0,1000,True,0.0,0.0,1.0,0.308,173,765.0,0.0,False,0.0,0.0,0.0,,,31,bicycle,0.05,0.5,region_crc,segformer_b2_cityscapes,cityscapes_val_half,172
,,,1.0,1000,True,0.0,0.0,1.0,0.308,173,765.0,0.0,False,0.0,0.0,0.0,,,31,bicycle,0.1,0.5,region_crc,segformer_b2_cityscapes,cityscapes_val_half,172
,,,0.994,994,True,0.19955845374920517,0.1995584537492052,0.01888399012386799,0.308,173,765.0,0.09999999999999998,False,0.2885572139303483,0.08041958041958042,0.0,,,31,bicycle,0.2,0.5,region_crc,segformer_b2_cityscapes,cityscapes_val_half,172
,,,1.0,1000,True,0.0,0.0,,,223,,,False,,,,,,31,max_over_classes,0.05,0.1,shared_crc,segformer_b2_cityscapes,cityscapes_val_half,227
,,,1.0,1000,True,0.0,0.0,1.0,,192,,,False,,,,,,31,person,0.05,0.1,shared_crc,segformer_b2_cityscapes,cityscapes_val_half,227
,,,1.0,1000,True,0.0,0.0,1.0,,116,,,False,,,,,,31,rider,0.05,0.1,shared_crc,segformer_b2_cityscapes,cityscapes_val_half,227
,,,1.0,1000,True,0.0,0.0,1.0,,173,,,False,,,,,,31,bicycle,0.05,0.1,shared_crc,segformer_b2_cityscapes,cityscapes_val_half,227
,,,1.0,1000,True,0.0,0.0,,,223,,,False,,,,,,31,max_over_classes,0.1,0.1,shared_crc,segformer_b2_cityscapes,cityscapes_val_half,227
,,,1.0,1000,True,0.0,0.0,1.0,,192,,,False,,,,,,31,person,0.1,0.1,shared_crc,segformer_b2_cityscapes,cityscapes_val_half,227
,,,1.0,1000,True,0.0,0.0,1.0,,116,,,False,,,,,,31,rider,0.1,0.1,shared_crc,segformer_b2_cityscapes,cityscapes_val_half,227
,,,1.0,1000,True,0.0,0.0,1.0,,173,,,False,,,,,,31,bicycle,0.1,0.1,shared_crc,segformer_b2_cityscapes,cityscapes_val_half,227
,,,0.997,997,True,0.1905061255937292,0.1905061255937292,,,223,,,False,,,,,,31,max_over_classes,0.2,0.1,shared_crc,segformer_b2_cityscapes,cityscapes_val_half,227
,,,0.997,997,True,0.07027969996478124,0.07027969996478124,0.04555264115333557,,192,,,False,,,,,,31,person,0.2,0.1,shared_crc,segformer_b2_cityscapes,cityscapes_val_half,227
,,,0.997,997,True,0.17459291187739465,0.17459291187739465,0.011630464345216751,,116,,,False,,,,,,31,rider,0.2,0.1,shared_crc,segformer_b2_cityscapes,cityscapes_val_half,227
,,,0.997,997,True,0.10229329116612354,0.10229329116612354,0.022274991497397423,,173,,,False,,,,,,31,bicycle,0.2,0.1,shared_crc,segformer_b2_cityscapes,cityscapes_val_half,227
,,,1.0,1000,True,0.0,0.0,,,223,,,False,,,,,,31,max_over_classes,0.05,0.5,shared_crc,segformer_b2_cityscapes,cityscapes_val_half,227
,,,1.0,1000,True,0.0,0.0,1.0,,192,,,False,,,,,,31,person,0.05,0.5,shared_crc,segformer_b2_cityscapes,cityscapes_val_half,227
,,,1.0,1000,True,0.0,0.0,1.0,,116,,,False,,,,,,31,rider,0.05,0.5,shared_crc,segformer_b2_cityscapes,cityscapes_val_half,227
,,,1.0,1000,True,0.0,0.0,1.0,,173,,,False,,,,,,31,bicycle,0.05,0.5,shared_crc,segformer_b2_cityscapes,cityscapes_val_half,227
,,,1.0,1000,True,0.0,0.0,,,223,,,False,,,,,,31,max_over_classes,0.1,0.5,shared_crc,segformer_b2_cityscapes,cityscapes_val_half,227
,,,1.0,1000,True,0.0,0.0,1.0,,192,,,False,,,,,,31,person,0.1,0.5,shared_crc,segformer_b2_cityscapes,cityscapes_val_half,227
,,,1.0,1000,True,0.0,0.0,1.0,,116,,,False,,,,,,31,rider,0.1,0.5,shared_crc,segformer_b2_cityscapes,cityscapes_val_half,227
,,,1.0,1000,True,0.0,0.0,1.0,,173,,,False,,,,,,31,bicycle,0.1,0.5,shared_crc,segformer_b2_cityscapes,cityscapes_val_half,227
,,,0.999,999,True,0.1661458180938182,0.1661458180938182,,,223,,,False,,,,,,31,max_over_classes,0.2,0.5,shared_crc,segformer_b2_cityscapes,cityscapes_val_half,227
,,,0.999,999,True,0.05436507616570019,0.05436507616570019,0.057009827345609665,,192,,,False,,,,,,31,person,0.2,0.5,shared_crc,segformer_b2_cityscapes,cityscapes_val_half,227
,,,0.999,999,True,0.14305555555555555,0.14305555555555555,0.016573380678892136,,116,,,False,,,,,,31,rider,0.2,0.5,shared_crc,segformer_b2_cityscapes,cityscapes_val_half,227
,,,0.999,999,True,0.10380754441448084,0.10380754441448084,0.029151905328035355,,173,,,False,,,,,,31,bicycle,0.2,0.5,shared_crc,segformer_b2_cityscapes,cityscapes_val_half,227
,,,0.999,999,True,0.033649164268122374,0.03364916426812238,0.05513736978173256,0.216,196,1207.0,0.064,False,0.05172413793103448,0.004597701149425287,0.0,,,32,person,0.05,0.1,region_crc,segformer_b2_cityscapes,cityscapes_val_half,206
,,,0.996,996,True,0.08020310114160811,0.08020310114160813,0.041233375668525696,0.216,196,1207.0,0.06799999999999995,False,0.109717868338558,0.013793103448275862,0.0,,,32,person,0.1,0.1,region_crc,segformer_b2_cityscapes,cityscapes_val_half,206
,,,0.976,976,True,0.20140150558415232,0.20140150558415232,0.028214188292622566,6.108,196,1207.0,0.07600000000000001,False,0.2774294670846395,0.03908045977011494,0.0,,,32,person,0.2,0.1,region_crc,segformer_b2_cityscapes,cityscapes_val_half,206
,,,1.0,1000,True,0.0,0.0,1.0,0.216,196,1207.0,0.0,False,0.0,0.0,0.0,,,32,person,0.05,0.5,region_crc,segformer_b2_cityscapes,cityscapes_val_half,206
,,,0.998,998,True,0.08870643146287616,0.08870643146287614,0.04771047085523605,0.216,196,1207.0,0.068,False,0.10501567398119123,0.02528735632183908,0.0,,,32,person,0.1,0.5,region_crc,segformer_b2_cityscapes,cityscapes_val_half,206
,,,0.989,989,True,0.20237249562706058,0.20237249562706058,0.03329462185502052,0.216,196,1207.0,0.07999999999999996,False,0.2507836990595611,0.07586206896551724,0.0,,,32,person,0.2,0.5,region_crc,segformer_b2_cityscapes,cityscapes_val_half,206
,,,1.0,1000,True,0.0,0.0,1.0,0.528,118,323.0,0.0,False,0.0,0.0,0.0,,,32,rider,0.05,0.1,region_crc,segformer_b2_cityscapes,cityscapes_val_half,135
,,,1.0,1000,True,0.0,0.0,1.0,0.528,118,323.0,0.0,False,0.0,0.0,0.0,,,32,rider,0.1,0.1,region_crc,segformer_b2_cityscapes,cityscapes_val_half,135
,,,0.998,998,True,0.1347457627118644,0.1347457627118644,0.013902338221669197,0.528,118,323.0,0.09200000000000003,False,0.20710059171597633,0.03225806451612903,0.0,,,32,rider,0.2,0.1,region_crc,segformer_b2_cityscapes,cityscapes_val_half,135
,,,1.0,1000,True,0.0,0.0,1.0,0.528,118,323.0,0.0,False,0.0,0.0,0.0,,,32,rider,0.05,0.5,region_crc,segformer_b2_cityscapes,cityscapes_val_half,135
,,,1.0,1000,True,0.0,0.0,1.0,0.528,118,323.0,0.0,False,0.0,0.0,0.0,,,32,rider,0.1,0.5,region_crc,segformer_b2_cityscapes,cityscapes_val_half,135
,,,0.999,999,True,0.14519774011299436,0.14519774011299436,0.017170177772641182,0.528,118,323.0,0.07199999999999995,False,0.20118343195266272,0.056451612903225805,0.03333333333333333,,,32,rider,0.2,0.5,region_crc,segformer_b2_cityscapes,cityscapes_val_half,135
,,,1.0,1000,True,0.0,0.0,1.0,0.332,167,813.0,0.0,False,0.0,0.0,0.0,,,32,bicycle,0.05,0.1,region_crc,segformer_b2_cityscapes,cityscapes_val_half,178
,,,0.999,999,True,0.06454127210115235,0.06454127210115233,0.028766963630914688,0.332,167,813.0,0.07600000000000001,False,0.12990196078431374,0.011730205278592375,0.0,,,32,bicycle,0.1,0.1,region_crc,segformer_b2_cityscapes,cityscapes_val_half,178
,,,0.991,991,True,0.15298695815162883,0.1529869581516288,0.01674654893577099,0.332,167,813.0,0.05600000000000005,False,0.2696078431372549,0.04398826979472141,0.0,,,32,bicycle,0.2,0.1,region_crc,segformer_b2_cityscapes,cityscapes_val_half,178
,,,1.0,1000,True,0.0,0.0,1.0,0.332,167,813.0,0.0,False,0.0,0.0,0.0,,,32,bicycle,0.05,0.5,region_crc,segformer_b2_cityscapes,cityscapes_val_half,178
,,,1.0,1000,True,0.0,0.0,1.0,0.332,167,813.0,0.0,False,0.0,0.0,0.0,,,32,bicycle,0.1,0.5,region_crc,segformer_b2_cityscapes,cityscapes_val_half,178
,,,0.996,996,True,0.1521570578456806,0.1521570578456806,0.020381180569529533,0.332,167,813.0,0.07200000000000001,False,0.25245098039215685,0.05865102639296188,0.015625,,,32,bicycle,0.2,0.5,region_crc,segformer_b2_cityscapes,cityscapes_val_half,178
,,,1.0,1000,True,0.0,0.0,,,219,,,False,,,,,,32,max_over_classes,0.05,0.1,shared_crc,segformer_b2_cityscapes,cityscapes_val_half,231
,,,1.0,1000,True,0.0,0.0,1.0,,196,,,False,,,,,,32,person,0.05,0.1,shared_crc,segformer_b2_cityscapes,cityscapes_val_half,231
,,,1.0,1000,True,0.0,0.0,1.0,,118,,,False,,,,,,32,rider,0.05,0.1,shared_crc,segformer_b2_cityscapes,cityscapes_val_half,231
,,,1.0,1000,True,0.0,0.0,1.0,,167,,,False,,,,,,32,bicycle,0.05,0.1,shared_crc,segformer_b2_cityscapes,cityscapes_val_half,231
,,,1.0,1000,True,0.0,0.0,,,219,,,False,,,,,,32,max_over_classes,0.1,0.1,shared_crc,segformer_b2_cityscapes,cityscapes_val_half,231
,,,1.0,1000,True,0.0,0.0,1.0,,196,,,False,,,,,,32,person,0.1,0.1,shared_crc,segformer_b2_cityscapes,cityscapes_val_half,231
,,,1.0,1000,True,0.0,0.0,1.0,,118,,,False,,,,,,32,rider,0.1,0.1,shared_crc,segformer_b2_cityscapes,cityscapes_val_half,231
,,,1.0,1000,True,0.0,0.0,1.0,,167,,,False,,,,,,32,bicycle,0.1,0.1,shared_crc,segformer_b2_cityscapes,cityscapes_val_half,231
,,,0.998,998,True,0.14439779291978283,0.14439779291978283,,,219,,,False,,,,,,32,max_over_classes,0.2,0.1,shared_crc,segformer_b2_cityscapes,cityscapes_val_half,231
,,,0.998,998,True,0.051198059757404546,0.051198059757404546,0.04771047085523605,,196,,,False,,,,,,32,person,0.2,0.1,shared_crc,segformer_b2_cityscapes,cityscapes_val_half,231
,,,0.998,998,True,0.1347457627118644,0.1347457627118644,0.013902338221669197,,118,,,False,,,,,,32,rider,0.2,0.1,shared_crc,segformer_b2_cityscapes,cityscapes_val_half,231
,,,0.998,998,True,0.0807594850259521,0.0807594850259521,0.024211712181568146,,167,,,False,,,,,,32,bicycle,0.2,0.1,shared_crc,segformer_b2_cityscapes,cityscapes_val_half,231
,,,1.0,1000,True,0.0,0.0,,,219,,,False,,,,,,32,max_over_classes,0.05,0.5,shared_crc,segformer_b2_cityscapes,cityscapes_val_half,231
,,,1.0,1000,True,0.0,0.0,1.0,,196,,,False,,,,,,32,person,0.05,0.5,shared_crc,segformer_b2_cityscapes,cityscapes_val_half,231
,,,1.0,1000,True,0.0,0.0,1.0,,118,,,False,,,,,,32,rider,0.05,0.5,shared_crc,segformer_b2_cityscapes,cityscapes_val_half,231
,,,1.0,1000,True,0.0,0.0,1.0,,167,,,False,,,,,,32,bicycle,0.05,0.5,shared_crc,segformer_b2_cityscapes,cityscapes_val_half,231
,,,1.0,1000,True,0.0,0.0,,,219,,,False,,,,,,32,max_over_classes,0.1,0.5,shared_crc,segformer_b2_cityscapes,cityscapes_val_half,231
,,,1.0,1000,True,0.0,0.0,1.0,,196,,,False,,,,,,32,person,0.1,0.5,shared_crc,segformer_b2_cityscapes,cityscapes_val_half,231
,,,1.0,1000,True,0.0,0.0,1.0,,118,,,False,,,,,,32,rider,0.1,0.5,shared_crc,segformer_b2_cityscapes,cityscapes_val_half,231
,,,1.0,1000,True,0.0,0.0,1.0,,167,,,False,,,,,,32,bicycle,0.1,0.5,shared_crc,segformer_b2_cityscapes,cityscapes_val_half,231
,,,0.999,999,True,0.15342787603061575,0.15342787603061575,,,219,,,False,,,,,,32,max_over_classes,0.2,0.5,shared_crc,segformer_b2_cityscapes,cityscapes_val_half,231
,,,0.999,999,True,0.04958241349890115,0.04958241349890115,0.05513736978173256,,196,,,False,,,,,,32,person,0.2,0.5,shared_crc,segformer_b2_cityscapes,cityscapes_val_half,231
,,,0.999,999,True,0.14519774011299436,0.14519774011299436,0.017170177772641182,,118,,,False,,,,,,32,rider,0.2,0.5,shared_crc,segformer_b2_cityscapes,cityscapes_val_half,231
,,,0.999,999,True,0.10096193726433247,0.10096193726433247,0.028766963630914688,,167,,,False,,,,,,32,bicycle,0.2,0.5,shared_crc,segformer_b2_cityscapes,cityscapes_val_half,231
,,,0.998,998,True,0.06362374898211978,0.06362374898211978,0.05081217363476753,0.204,199,1472.0,0.10800000000000004,False,0.08394160583941605,0.014141414141414142,0.0,,,33,person,0.05,0.1,region_crc,segformer_b2_cityscapes,cityscapes_val_half,203
,,,0.994,994,True,0.1044788179778923,0.1044788179778923,0.04071792587637901,0.204,199,1472.0,0.09600000000000003,False,0.12652068126520682,0.020202020202020204,0.0,,,33,person,0.1,0.1,region_crc,segformer_b2_cityscapes,cityscapes_val_half,203
,,,0.974,974,True,0.20897919238733217,0.20897919238733217,0.030091263353824615,6.224,199,1472.0,0.09200000000000003,False,0.2591240875912409,0.048484848484848485,0.0,,,33,person,0.2,0.1,region_crc,segformer_b2_cityscapes,cityscapes_val_half,203
,,,1.0,1000,True,0.0,0.0,1.0,0.204,199,1472.0,0.0,False,0.0,0.0,0.0,,,33,person,0.05,0.5,region_crc,segformer_b2_cityscapes,cityscapes_val_half,203
,,,0.998,998,True,0.10044808228886513,0.10044808228886515,0.05081217363476753,0.204,199,1472.0,0.10800000000000004,False,0.11070559610705596,0.026262626262626262,0.0,,,33,person,0.1,0.5,region_crc,segformer_b2_cityscapes,cityscapes_val_half,203
,,,0.988,988,True,0.2145258914486632,0.2145258914486632,0.035375189036130905,0.204,199,1472.0,0.10400000000000004,False,0.23114355231143552,0.07474747474747474,0.0,,,33,person,0.2,0.5,region_crc,segformer_b2_cityscapes,cityscapes_val_half,203
,,,1.0,1000,True,0.0,0.0,1.0,0.536,116,333.0,0.0,False,0.0,0.0,0.0,,,33,rider,0.05,0.1,region_crc,segformer_b2_cityscapes,cityscapes_val_half,137
,,,1.0,1000,True,0.0,0.0,1.0,0.536,116,333.0,0.0,False,0.0,0.0,0.0,,,33,rider,0.1,0.1,region_crc,segformer_b2_cityscapes,cityscapes_val_half,137
,,,0.997,997,True,0.18493252437217955,0.18493252437217958,0.012483594939112663,0.536,116,333.0,0.06,False,0.2826086956521739,0.06666666666666667,0.0,,,33,rider,0.2,0.1,region_crc,segformer_b2_cityscapes,cityscapes_val_half,137
,,,1.0,1000,True,0.0,0.0,1.0,0.536,116,333.0,0.0,False,0.0,0.0,0.0,,,33,rider,0.05,0.5,region_crc,segformer_b2_cityscapes,cityscapes_val_half,137
,,,1.0,1000,True,0.0,0.0,1.0,0.536,116,333.0,0.0,False,0.0,0.0,0.0,,,33,rider,0.1,0.5,region_crc,segformer_b2_cityscapes,cityscapes_val_half,137
,,,0.999,999,True,0.15310407982821775,0.15310407982821775,0.017727727070450783,0.536,116,333.0,0.064,False,0.2391304347826087,0.05,0.034482758620689655,,,33,rider,0.2,0.5,region_crc,segformer_b2_cityscapes,cityscapes_val_half,137
,,,1.0,1000,True,0.0,0.0,1.0,0.328,168,888.0,0.0,False,0.0,0.0,0.0,,,33,bicycle,0.05,0.1,region_crc,segformer_b2_cityscapes,cityscapes_val_half,177
,,,0.998,998,True,0.0875015774569346,0.0875015774569346,0.025026511400938034,0.328,168,888.0,0.06399999999999995,False,0.14609053497942387,0.021148036253776436,0.0,,,33,bicycle,0.1,0.1,region_crc,segformer_b2_cityscapes,cityscapes_val_half,177
,,,0.982,982,True,0.2532669599925034,0.2532669599925035,0.014750898815691471,3.088,168,888.0,0.08799999999999997,False,0.3683127572016461,0.06948640483383686,0.0,,,33,bicycle,0.2,0.1,region_crc,segformer_b2_cityscapes,cityscapes_val_half,177
,,,1.0,1000,True,0.0,0.0,1.0,0.328,168,888.0,0.0,False,0.0,0.0,0.0,,,33,bicycle,0.05,0.5,region_crc,segformer_b2_cityscapes,cityscapes_val_half,177
,,,1.0,1000,True,0.0,0.0,1.0,0.328,168,888.0,0.0,False,0.0,0.0,0.0,,,33,bicycle,0.1,0.5,region_crc,segformer_b2_cityscapes,cityscapes_val_half,177
,,,0.992,992,True,0.25475451839970475,0.25475451839970475,0.01781075820326805,0.328,168,888.0,0.09199999999999997,False,0.3559670781893004,0.08459214501510574,0.0,,,33,bicycle,0.2,0.5,region_crc,segformer_b2_cityscapes,cityscapes_val_half,177
,,,1.0,1000,True,0.0,0.0,,,221,,,False,,,,,,33,max_over_classes,0.05,0.1,shared_crc,segformer_b2_cityscapes,cityscapes_val_half,229
,,,1.0,1000,True,0.0,0.0,1.0,,199,,,False,,,,,,33,person,0.05,0.1,shared_crc,segformer_b2_cityscapes,cityscapes_val_half,229
,,,1.0,1000,True,0.0,0.0,1.0,,116,,,False,,,,,,33,rider,0.05,0.1,shared_crc,segformer_b2_cityscapes,cityscapes_val_half,229
,,,1.0,1000,True,0.0,0.0,1.0,,168,,,False,,,,,,33,bicycle,0.05,0.1,shared_crc,segformer_b2_cityscapes,cityscapes_val_half,229
,,,1.0,1000,True,0.0,0.0,,,221,,,False,,,,,,33,max_over_classes,0.1,0.1,shared_crc,segformer_b2_cityscapes,cityscapes_val_half,229
,,,1.0,1000,True,0.0,0.0,1.0,,199,,,False,,,,,,33,person,0.1,0.1,shared_crc,segformer_b2_cityscapes,cityscapes_val_half,229
,,,1.0,1000,True,0.0,0.0,1.0,,116,,,False,,,,,,33,rider,0.1,0.1,shared_crc,segformer_b2_cityscapes,cityscapes_val_half,229
,,,1.0,1000,True,0.0,0.0,1.0,,168,,,False,,,,,,33,bicycle,0.1,0.1,shared_crc,segformer_b2_cityscapes,cityscapes_val_half,229
,,,0.997,997,True,0.19821260165746946,0.19821260165746946,,,221,,,False,,,,,,33,max_over_classes,0.2,0.1,shared_crc,segformer_b2_cityscapes,cityscapes_val_half,229
,,,0.997,997,True,0.08370431051996774,0.08370431051996774,0.046835143119096756,,199,,,False,,,,,,33,person,0.2,0.1,shared_crc,segformer_b2_cityscapes,cityscapes_val_half,229
,,,0.997,997,True,0.18493252437217955,0.18493252437217955,0.012483594939112663,,116,,,False,,,,,,33,rider,0.2,0.1,shared_crc,segformer_b2_cityscapes,cityscapes_val_half,229
,,,0.997,997,True,0.10127236354914926,0.10127236354914926,0.02262740023434162,,168,,,False,,,,,,33,bicycle,0.2,0.1,shared_crc,segformer_b2_cityscapes,cityscapes_val_half,229
,,,1.0,1000,True,0.0,0.0,,,221,,,False,,,,,,33,max_over_classes,0.05,0.5,shared_crc,segformer_b2_cityscapes,cityscapes_val_half,229
,,,1.0,1000,True,0.0,0.0,1.0,,199,,,False,,,,,,33,person,0.05,0.5,shared_crc,segformer_b2_cityscapes,cityscapes_val_half,229
,,,1.0,1000,True,0.0,0.0,1.0,,116,,,False,,,,,,33,rider,0.05,0.5,shared_crc,segformer_b2_cityscapes,cityscapes_val_half,229
,,,1.0,1000,True,0.0,0.0,1.0,,168,,,False,,,,,,33,bicycle,0.05,0.5,shared_crc,segformer_b2_cityscapes,cityscapes_val_half,229
,,,1.0,1000,True,0.0,0.0,,,221,,,False,,,,,,33,max_over_classes,0.1,0.5,shared_crc,segformer_b2_cityscapes,cityscapes_val_half,229
,,,1.0,1000,True,0.0,0.0,1.0,,199,,,False,,,,,,33,person,0.1,0.5,shared_crc,segformer_b2_cityscapes,cityscapes_val_half,229
,,,1.0,1000,True,0.0,0.0,1.0,,116,,,False,,,,,,33,rider,0.1,0.5,shared_crc,segformer_b2_cityscapes,cityscapes_val_half,229
,,,1.0,1000,True,0.0,0.0,1.0,,168,,,False,,,,,,33,bicycle,0.1,0.5,shared_crc,segformer_b2_cityscapes,cityscapes_val_half,229
,,,0.999,999,True,0.166600564457197,0.166600564457197,,,221,,,False,,,,,,33,max_over_classes,0.2,0.5,shared_crc,segformer_b2_cityscapes,cityscapes_val_half,229
,,,0.999,999,True,0.05956642532680618,0.05956642532680618,0.05833582207560539,,199,,,False,,,,,,33,person,0.2,0.5,shared_crc,segformer_b2_cityscapes,cityscapes_val_half,229
,,,0.999,999,True,0.15310407982821775,0.15310407982821775,0.017727727070450783,,116,,,False,,,,,,33,rider,0.2,0.5,shared_crc,segformer_b2_cityscapes,cityscapes_val_half,229
,,,0.999,999,True,0.09889613528006384,0.09889613528006384,0.02973959408700466,,168,,,False,,,,,,33,bicycle,0.2,0.5,shared_crc,segformer_b2_cityscapes,cityscapes_val_half,229
,,,0.998,998,True,0.05626504155683321,0.05626504155683321,0.045406900346279144,0.228,193,1268.0,0.10800000000000004,False,0.09295774647887324,0.013856812933025405,0.0,,,34,person,0.05,0.1,region_crc,segformer_b2_cityscapes,cityscapes_val_half,209
,,,0.992,992,True,0.13108658032369513,0.13108658032369513,0.03345329314470291,0.228,193,1268.0,0.10799999999999998,False,0.17887323943661973,0.03233256351039261,0.0,,,34,person,0.1,0.1,region_crc,segformer_b2_cityscapes,cityscapes_val_half,209
,,,0.968,968,True,0.24843804722179416,0.24843804722179416,0.024589063599705696,5.968,193,1268.0,0.124,False,0.323943661971831,0.057736720554272515,0.0,,,34,person,0.2,0.1,region_crc,segformer_b2_cityscapes,cityscapes_val_half,209
,,,1.0,1000,True,0.0,0.0,1.0,0.228,193,1268.0,0.0,False,0.0,0.0,0.0,,,34,person,0.05,0.5,region_crc,segformer_b2_cityscapes,cityscapes_val_half,209
,,,0.998,998,True,0.09749883604260479,0.09749883604260479,0.045406900346279144,0.228,193,1268.0,0.10800000000000004,False,0.1352112676056338,0.03002309468822171,0.0,,,34,person,0.1,0.5,region_crc,segformer_b2_cityscapes,cityscapes_val_half,209
,,,0.987,987,True,0.2347213498911072,0.23472134989110718,0.030075298622250557,5.968,193,1268.0,0.12,False,0.27887323943661974,0.07621247113163972,0.0,,,34,person,0.2,0.5,region_crc,segformer_b2_cityscapes,cityscapes_val_half,209
,,,1.0,1000,True,0.0,0.0,1.0,0.52,120,333.0,0.0,False,0.0,0.0,0.0,,,34,rider,0.05,0.1,region_crc,segformer_b2_cityscapes,cityscapes_val_half,133
,,,0.999,999,True,0.14373473748473747,0.14373473748473747,0.017062729224562645,0.52,120,333.0,0.10399999999999998,False,0.22340425531914893,0.043859649122807015,0.0,,,34,rider,0.1,0.1,region_crc,segformer_b2_cityscapes,cityscapes_val_half,133
,,,0.997,997,True,0.21883394383394383,0.21883394383394383,0.012248260900378227,0.52,120,333.0,0.11599999999999999,False,0.30851063829787234,0.07894736842105263,0.0,,,34,rider,0.2,0.1,region_crc,segformer_b2_cityscapes,cityscapes_val_half,133
,,,1.0,1000,True,0.0,0.0,1.0,0.52,120,333.0,0.0,False,0.0,0.0,0.0,,,34,rider,0.05,0.5,region_crc,segformer_b2_cityscapes,cityscapes_val_half,133
,,,1.0,1000,True,0.0,0.0,1.0,0.52,120,333.0,0.0,False,0.0,0.0,0.0,,,34,rider,0.1,0.5,region_crc,segformer_b2_cityscapes,cityscapes_val_half,133
,,,0.998,998,True,0.2518696581196581,0.2518696581196581,0.013868110254406929,0.52,120,333.0,0.11599999999999999,False,0.3191489361702128,0.11403508771929824,0.0967741935483871,,,34,rider,0.2,0.5,region_crc,segformer_b2_cityscapes,cityscapes_val_half,133
,,,1.0,1000,True,0.0,0.0,1.0,0.32,170,823.0,0.0,False,0.0,0.0,0.0,,,34,bicycle,0.05,0.1,region_crc,segformer_b2_cityscapes,cityscapes_val_half,175
,,,0.997,997,True,0.12062229437229438,0.12062229437229435,0.022730860859155655,0.32,170,823.0,0.06399999999999995,False,0.18854415274463007,0.015723270440251572,0.0,,,34,bicycle,0.1,0.1,region_crc,segformer_b2_cityscapes,cityscapes_val_half,175
,,,0.988,988,True,0.2194715007215007,0.21947150072150073,0.016491392627358437,0.32,170,823.0,0.06799999999999995,False,0.315035799522673,0.04716981132075472,0.0,,,34,bicycle,0.2,0.1,region_crc,segformer_b2_cityscapes,cityscapes_val_half,175
,,,1.0,1000,True,0.0,0.0,1.0,0.32,170,823.0,0.0,False,0.0,0.0,0.0,,,34,bicycle,0.05,0.5,region_crc,segformer_b2_cityscapes,cityscapes_val_half,175
,,,1.0,1000,True,0.0,0.0,1.0,0.32,170,823.0,0.0,False,0.0,0.0,0.0,,,34,bicycle,0.1,0.5,region_crc,segformer_b2_cityscapes,cityscapes_val_half,175
,,,0.993,993,True,0.22291068408715467,0.22291068408715467,0.018620962277054787,0.32,170,823.0,0.06000000000000005,False,0.3126491646778043,0.06289308176100629,0.0,,,34,bicycle,0.2,0.5,region_crc,segformer_b2_cityscapes,cityscapes_val_half,175
,,,1.0,1000,True,0.0,0.0,,,225,,,False,,,,,,34,max_over_classes,0.05,0.1,shared_crc,segformer_b2_cityscapes,cityscapes_val_half,225
,,,1.0,1000,True,0.0,0.0,1.0,,193,,,False,,,,,,34,person,0.05,0.1,shared_crc,segformer_b2_cityscapes,cityscapes_val_half,225
,,,1.0,1000,True,0.0,0.0,1.0,,120,,,False,,,,,,34,rider,0.05,0.1,shared_crc,segformer_b2_cityscapes,cityscapes_val_half,225
,,,1.0,1000,True,0.0,0.0,1.0,,170,,,False,,,,,,34,bicycle,0.05,0.1,shared_crc,segformer_b2_cityscapes,cityscapes_val_half,225
,,,1.0,1000,True,0.0,0.0,,,225,,,False,,,,,,34,max_over_classes,0.1,0.1,shared_crc,segformer_b2_cityscapes,cityscapes_val_half,225
,,,1.0,1000,True,0.0,0.0,1.0,,193,,,False,,,,,,34,person,0.1,0.1,shared_crc,segformer_b2_cityscapes,cityscapes_val_half,225
,,,1.0,1000,True,0.0,0.0,1.0,,120,,,False,,,,,,34,rider,0.1,0.1,shared_crc,segformer_b2_cityscapes,cityscapes_val_half,225
,,,1.0,1000,True,0.0,0.0,1.0,,170,,,False,,,,,,34,bicycle,0.1,0.1,shared_crc,segformer_b2_cityscapes,cityscapes_val_half,225
,,,0.997,997,True,0.20411440039276296,0.20411440039276296,,,225,,,False,,,,,,34,max_over_classes,0.2,0.1,shared_crc,segformer_b2_cityscapes,cityscapes_val_half,225
,,,0.997,997,True,0.07758325005802508,0.07758325005802508,0.04153888300061226,,193,,,False,,,,,,34,person,0.2,0.1,shared_crc,segformer_b2_cityscapes,cityscapes_val_half,225
,,,0.997,997,True,0.21883394383394383,0.21883394383394383,0.012248260900378227,,120,,,False,,,,,,34,rider,0.2,0.1,shared_crc,segformer_b2_cityscapes,cityscapes_val_half,225
,,,0.997,997,True,0.12062229437229438,0.12062229437229438,0.022730860859155655,,170,,,False,,,,,,34,bicycle,0.2,0.1,shared_crc,segformer_b2_cityscapes,cityscapes_val_half,225
,,,1.0,1000,True,0.0,0.0,,,225,,,False,,,,,,34,max_over_classes,0.05,0.5,shared_crc,segformer_b2_cityscapes,cityscapes_val_half,225
,,,1.0,1000,True,0.0,0.0,1.0,,193,,,False,,,,,,34,person,0.05,0.5,shared_crc,segformer_b2_cityscapes,cityscapes_val_half,225
,,,1.0,1000,True,0.0,0.0,1.0,,120,,,False,,,,,,34,rider,0.05,0.5,shared_crc,segformer_b2_cityscapes,cityscapes_val_half,225
,,,1.0,1000,True,0.0,0.0,1.0,,170,,,False,,,,,,34,bicycle,0.05,0.5,shared_crc,segformer_b2_cityscapes,cityscapes_val_half,225
,,,1.0,1000,True,0.0,0.0,,,225,,,False,,,,,,34,max_over_classes,0.1,0.5,shared_crc,segformer_b2_cityscapes,cityscapes_val_half,225
,,,1.0,1000,True,0.0,0.0,1.0,,193,,,False,,,,,,34,person,0.1,0.5,shared_crc,segformer_b2_cityscapes,cityscapes_val_half,225
,,,1.0,1000,True,0.0,0.0,1.0,,120,,,False,,,,,,34,rider,0.1,0.5,shared_crc,segformer_b2_cityscapes,cityscapes_val_half,225
,,,1.0,1000,True,0.0,0.0,1.0,,170,,,False,,,,,,34,bicycle,0.1,0.5,shared_crc,segformer_b2_cityscapes,cityscapes_val_half,225
,,,0.999,999,True,0.18009540870651983,0.18009540870651983,,,225,,,False,,,,,,34,max_over_classes,0.2,0.5,shared_crc,segformer_b2_cityscapes,cityscapes_val_half,225
,,,0.999,999,True,0.057932187977865646,0.057932187977865646,0.052795663475990295,,193,,,False,,,,,,34,person,0.2,0.5,shared_crc,segformer_b2_cityscapes,cityscapes_val_half,225
,,,0.999,999,True,0.19284188034188032,0.19284188034188032,0.017062729224562645,,120,,,False,,,,,,34,rider,0.2,0.5,shared_crc,segformer_b2_cityscapes,cityscapes_val_half,225
,,,0.999,999,True,0.11830670146846617,0.11830670146846617,0.029498932883143425,,170,,,False,,,,,,34,bicycle,0.2,0.5,shared_crc,segformer_b2_cityscapes,cityscapes_val_half,225
,,,0.999,999,True,0.03304263415063311,0.03304263415063311,0.055499304085969925,0.192,202,1300.0,0.09999999999999998,False,0.04519774011299435,0.006564551422319475,0.0,,,35,person,0.05,0.1,region_crc,segformer_b2_cityscapes,cityscapes_val_half,200
,,,0.996,996,True,0.07711036690713606,0.07711036690713606,0.041877131909132004,0.192,202,1300.0,0.07200000000000006,False,0.09322033898305085,0.015317286652078774,0.0,,,35,person,0.1,0.1,region_crc,segformer_b2_cityscapes,cityscapes_val_half,200
,,,0.974,974,True,0.21259077352381925,0.21259077352381925,0.02832069620490074,6.156,202,1300.0,0.06400000000000006,False,0.2641242937853107,0.0437636761487965,0.0,,,35,person,0.2,0.1,region_crc,segformer_b2_cityscapes,cityscapes_val_half,200
,,,1.0,1000,True,0.0,0.0,1.0,0.192,202,1300.0,0.0,False,0.0,0.0,0.0,,,35,person,0.05,0.5,region_crc,segformer_b2_cityscapes,cityscapes_val_half,200
,,,0.998,998,True,0.08780821300753557,0.08780821300753557,0.04825880751013756,0.192,202,1300.0,0.07200000000000001,False,0.0903954802259887,0.030634573304157548,0.0,,,35,person,0.1,0.5,region_crc,segformer_b2_cityscapes,cityscapes_val_half,200
,,,0.989,989,True,0.20194138079816895,0.20194138079816895,0.03395712375640869,0.192,202,1300.0,0.06800000000000006,False,0.2245762711864407,0.0700218818380744,0.0,,,35,person,0.2,0.5,region_crc,segformer_b2_cityscapes,cityscapes_val_half,200
,,,1.0,1000,True,0.0,0.0,1.0,0.472,132,340.0,0.0,False,0.0,0.0,0.0,,,35,rider,0.05,0.1,region_crc,segformer_b2_cityscapes,cityscapes_val_half,121
,,,1.0,1000,True,0.0,0.0,1.0,0.472,132,340.0,0.0,False,0.0,0.0,0.0,,,35,rider,0.1,0.1,region_crc,segformer_b2_cityscapes,cityscapes_val_half,121
,,,0.997,997,True,0.1768010188464734,0.1768010188464734,0.012721805833280087,0.472,132,340.0,0.05600000000000005,False,0.24431818181818182,0.07462686567164178,0.0,,,35,rider,0.2,0.1,region_crc,segformer_b2_cityscapes,cityscapes_val_half,121
,,,1.0,1000,True,0.0,0.0,1.0,0.472,132,340.0,0.0,False,0.0,0.0,0.0,,,35,rider,0.05,0.5,region_crc,segformer_b2_cityscapes,cityscapes_val_half,121
,,,1.0,1000,True,0.0,0.0,1.0,0.472,132,340.0,0.0,False,0.0,0.0,0.0,,,35,rider,0.1,0.5,region_crc,segformer_b2_cityscapes,cityscapes_val_half,121
,,,0.999,999,True,0.15464766714766714,0.15464766714766714,0.017747977748513222,0.472,132,340.0,0.06000000000000005,False,0.19886363636363635,0.07462686567164178,0.03333333333333333,,,35,rider,0.2,0.5,region_crc,segformer_b2_cityscapes,cityscapes_val_half,121
,,,1.0,1000,True,0.0,0.0,1.0,0.288,178,934.0,0.0,False,0.0,0.0,0.0,,,35,bicycle,0.05,0.1,region_crc,segformer_b2_cityscapes,cityscapes_val_half,167
,,,0.998,998,True,0.09345103242575152,0.09345103242575152,0.027190325781702995,0.288,178,934.0,0.05600000000000005,False,0.13807531380753138,0.008021390374331552,0.0,,,35,bicycle,0.1,0.1,region_crc,segformer_b2_cityscapes,cityscapes_val_half,167
,,,0.987,987,True,0.22174931030268108,0.22174931030268108,0.017794733867049217,3.044,178,934.0,0.08400000000000007,False,0.33263598326359833,0.040106951871657755,0.0,,,35,bicycle,0.2,0.1,region_crc,segformer_b2_cityscapes,cityscapes_val_half,167
,,,1.0,1000,True,0.0,0.0,1.0,0.288,178,934.0,0.0,False,0.0,0.0,0.0,,,35,bicycle,0.05,0.5,region_crc,segformer_b2_cityscapes,cityscapes_val_half,167
,,,1.0,1000,True,0.0,0.0,1.0,0.288,178,934.0,0.0,False,0.0,0.0,0.0,,,35,bicycle,0.1,0.5,region_crc,segformer_b2_cityscapes,cityscapes_val_half,167
,,,0.994,994,True,0.20648302736724816,0.2064830273672482,0.02111397124826908,0.288,178,934.0,0.07200000000000006,False,0.29916317991631797,0.053475935828877004,0.012195121951219513,,,35,bicycle,0.2,0.5,region_crc,segformer_b2_cityscapes,cityscapes_val_half,167
,,,1.0,1000,True,0.0,0.0,,,223,,,False,,,,,,35,max_over_classes,0.05,0.1,shared_crc,segformer_b2_cityscapes,cityscapes_val_half,227
,,,1.0,1000,True,0.0,0.0,1.0,,202,,,False,,,,,,35,person,0.05,0.1,shared_crc,segformer_b2_cityscapes,cityscapes_val_half,227
,,,1.0,1000,True,0.0,0.0,1.0,,132,,,False,,,,,,35,rider,0.05,0.1,shared_crc,segformer_b2_cityscapes,cityscapes_val_half,227
,,,1.0,1000,True,0.0,0.0,1.0,,178,,,False,,,,,,35,bicycle,0.05,0.1,shared_crc,segformer_b2_cityscapes,cityscapes_val_half,227
,,,1.0,1000,True,0.0,0.0,,,223,,,False,,,,,,35,max_over_classes,0.1,0.1,shared_crc,segformer_b2_cityscapes,cityscapes_val_half,227
,,,1.0,1000,True,0.0,0.0,1.0,,202,,,False,,,,,,35,person,0.1,0.1,shared_crc,segformer_b2_cityscapes,cityscapes_val_half,227
,,,1.0,1000,True,0.0,0.0,1.0,,132,,,False,,,,,,35,rider,0.1,0.1,shared_crc,segformer_b2_cityscapes,cityscapes_val_half,227
,,,1.0,1000,True,0.0,0.0,1.0,,178,,,False,,,,,,35,bicycle,0.1,0.1,shared_crc,segformer_b2_cityscapes,cityscapes_val_half,227
,,,0.997,997,True,0.19629059713789476,0.19629059713789476,,,223,,,False,,,,,,35,max_over_classes,0.2,0.1,shared_crc,segformer_b2_cityscapes,cityscapes_val_half,227
,,,0.997,997,True,0.06653979061873798,0.06653979061873798,0.04443298280239105,,202,,,False,,,,,,35,person,0.2,0.1,shared_crc,segformer_b2_cityscapes,cityscapes_val_half,227
,,,0.997,997,True,0.1768010188464734,0.1768010188464734,0.012721805833280087,,132,,,False,,,,,,35,rider,0.2,0.1,shared_crc,segformer_b2_cityscapes,cityscapes_val_half,227
,,,0.997,997,True,0.10932404829876742,0.10932404829876742,0.02475263550877571,,178,,,False,,,,,,35,bicycle,0.2,0.1,shared_crc,segformer_b2_cityscapes,cityscapes_val_half,227
,,,1.0,1000,True,0.0,0.0,,,223,,,False,,,,,,35,max_over_classes,0.05,0.5,shared_crc,segformer_b2_cityscapes,cityscapes_val_half,227
,,,1.0,1000,True,0.0,0.0,1.0,,202,,,False,,,,,,35,person,0.05,0.5,shared_crc,segformer_b2_cityscapes,cityscapes_val_half,227
,,,1.0,1000,True,0.0,0.0,1.0,,132,,,False,,,,,,35,rider,0.05,0.5,shared_crc,segformer_b2_cityscapes,cityscapes_val_half,227
,,,1.0,1000,True,0.0,0.0,1.0,,178,,,False,,,,,,35,bicycle,0.05,0.5,shared_crc,segformer_b2_cityscapes,cityscapes_val_half,227
,,,1.0,1000,True,0.0,0.0,,,223,,,False,,,,,,35,max_over_classes,0.1,0.5,shared_crc,segformer_b2_cityscapes,cityscapes_val_half,227
,,,1.0,1000,True,0.0,0.0,1.0,,202,,,False,,,,,,35,person,0.1,0.5,shared_crc,segformer_b2_cityscapes,cityscapes_val_half,227
,,,1.0,1000,True,0.0,0.0,1.0,,132,,,False,,,,,,35,rider,0.1,0.5,shared_crc,segformer_b2_cityscapes,cityscapes_val_half,227
,,,1.0,1000,True,0.0,0.0,1.0,,178,,,False,,,,,,35,bicycle,0.1,0.5,shared_crc,segformer_b2_cityscapes,cityscapes_val_half,227
,,,0.999,999,True,0.1682216201835036,0.1682216201835036,,,223,,,False,,,,,,35,max_over_classes,0.2,0.5,shared_crc,segformer_b2_cityscapes,cityscapes_val_half,227
,,,0.999,999,True,0.04695032046582333,0.04695032046582333,0.055499304085969925,,202,,,False,,,,,,35,person,0.2,0.5,shared_crc,segformer_b2_cityscapes,cityscapes_val_half,227
,,,0.999,999,True,0.15464766714766714,0.15464766714766714,0.017747977748513222,,132,,,False,,,,,,35,rider,0.2,0.5,shared_crc,segformer_b2_cityscapes,cityscapes_val_half,227
,,,0.999,999,True,0.11291574374439542,0.11291574374439542,0.03193528577685356,,178,,,False,,,,,,35,bicycle,0.2,0.5,shared_crc,segformer_b2_cityscapes,cityscapes_val_half,227
,,,0.999,999,True,0.03817006159375903,0.03817006159375903,0.05366751179099083,0.204,199,1306.0,0.11599999999999999,False,0.06469760900140648,0.008849557522123894,0.0,,,36,person,0.05,0.1,region_crc,segformer_b2_cityscapes,cityscapes_val_half,203
,,,0.994,994,True,0.10030267586205169,0.10030267586205169,0.03698381781578064,0.204,199,1306.0,0.10799999999999998,False,0.13783403656821377,0.01327433628318584,0.0,,,36,person,0.1,0.1,region_crc,segformer_b2_cityscapes,cityscapes_val_half,203
,,,0.978,978,True,0.1869767206648984,0.1869767206648984,0.028030993416905403,6.16,199,1306.0,0.12799999999999997,False,0.25738396624472576,0.030973451327433628,0.0,,,36,person,0.2,0.1,region_crc,segformer_b2_cityscapes,cityscapes_val_half,203
,,,1.0,1000,True,0.0,0.0,1.0,0.204,199,1306.0,0.0,False,0.0,0.0,0.0,,,36,person,0.05,0.5,region_crc,segformer_b2_cityscapes,cityscapes_val_half,203
,,,0.998,998,True,0.09183398560944185,0.09183398560944185,0.04652697592973709,0.204,199,1306.0,0.09999999999999998,False,0.11392405063291139,0.017699115044247787,0.0,,,36,person,0.1,0.5,region_crc,segformer_b2_cityscapes,cityscapes_val_half,203
,,,0.988,988,True,0.21188590602634505,0.21188590602634505,0.031920138746500015,0.204,199,1306.0,0.12000000000000002,False,0.25738396624472576,0.06637168141592921,0.0,,,36,person,0.2,0.5,region_crc,segformer_b2_cityscapes,cityscapes_val_half,203
,,,1.0,1000,True,0.0,0.0,1.0,0.488,128,357.0,0.0,False,0.0,0.0,0.0,,,36,rider,0.05,0.1,region_crc,segformer_b2_cityscapes,cityscapes_val_half,125
,,,1.0,1000,True,0.0,0.0,1.0,0.488,128,357.0,0.0,False,0.0,0.0,0.0,,,36,rider,0.1,0.1,region_crc,segformer_b2_cityscapes,cityscapes_val_half,125
,,,0.997,997,True,0.19432043650793648,0.1943204365079365,0.011619405820965767,0.488,128,357.0,0.08800000000000002,False,0.2634146341463415,0.07258064516129033,0.0,,,36,rider,0.2,0.1,region_crc,segformer_b2_cityscapes,cityscapes_val_half,125
,,,1.0,1000,True,0.0,0.0,1.0,0.488,128,357.0,0.0,False,0.0,0.0,0.0,,,36,rider,0.05,0.5,region_crc,segformer_b2_cityscapes,cityscapes_val_half,125
,,,1.0,1000,True,0.0,0.0,1.0,0.488,128,357.0,0.0,False,0.0,0.0,0.0,,,36,rider,0.1,0.5,region_crc,segformer_b2_cityscapes,cityscapes_val_half,125
,,,0.999,999,True,0.1499751984126984,0.1499751984126984,0.01646573655307293,0.488,128,357.0,0.08800000000000002,False,0.1951219512195122,0.06451612903225806,0.07142857142857142,,,36,rider,0.2,0.5,region_crc,segformer_b2_cityscapes,cityscapes_val_half,125
,,,1.0,1000,True,0.0,0.0,1.0,0.328,168,763.0,0.0,False,0.0,0.0,0.0,,,36,bicycle,0.05,0.1,region_crc,segformer_b2_cityscapes,cityscapes_val_half,177
,,,0.998,998,True,0.085865638990639,0.085865638990639,0.02243741601705551,0.328,168,763.0,0.1160000000000001,False,0.16103896103896104,0.019543973941368076,0.0,,,36,bicycle,0.1,0.1,region_crc,segformer_b2_cityscapes,cityscapes_val_half,177
,,,0.991,991,True,0.15854758667258667,0.15854758667258667,0.015199162997305393,0.328,168,763.0,0.124,False,0.2857142857142857,0.05863192182410423,0.0,,,36,bicycle,0.2,0.1,region_crc,segformer_b2_cityscapes,cityscapes_val_half,177
,,,1.0,1000,True,0.0,0.0,1.0,0.328,168,763.0,0.0,False,0.0,0.0,0.0,,,36,bicycle,0.05,0.5,region_crc,segformer_b2_cityscapes,cityscapes_val_half,177
,,,1.0,1000,True,0.0,0.0,1.0,0.328,168,763.0,0.0,False,0.0,0.0,0.0,,,36,bicycle,0.1,0.5,region_crc,segformer_b2_cityscapes,cityscapes_val_half,177
,,,0.995,995,True,0.17155978941693228,0.17155978941693228,0.017654962837696075,0.328,168,763.0,0.11199999999999999,False,0.2961038961038961,0.0781758957654723,0.0,,,36,bicycle,0.2,0.5,region_crc,segformer_b2_cityscapes,cityscapes_val_half,177
,,,1.0,1000,True,0.0,0.0,,,227,,,False,,,,,,36,max_over_classes,0.05,0.1,shared_crc,segformer_b2_cityscapes,cityscapes_val_half,223
,,,1.0,1000,True,0.0,0.0,1.0,,199,,,False,,,,,,36,person,0.05,0.1,shared_crc,segformer_b2_cityscapes,cityscapes_val_half,223
,,,1.0,1000,True,0.0,0.0,1.0,,128,,,False,,,,,,36,rider,0.05,0.1,shared_crc,segformer_b2_cityscapes,cityscapes_val_half,223
,,,1.0,1000,True,0.0,0.0,1.0,,168,,,False,,,,,,36,bicycle,0.05,0.1,shared_crc,segformer_b2_cityscapes,cityscapes_val_half,223
,,,1.0,1000,True,0.0,0.0,,,227,,,False,,,,,,36,max_over_classes,0.1,0.1,shared_crc,segformer_b2_cityscapes,cityscapes_val_half,223
,,,1.0,1000,True,0.0,0.0,1.0,,199,,,False,,,,,,36,person,0.1,0.1,shared_crc,segformer_b2_cityscapes,cityscapes_val_half,223
,,,1.0,1000,True,0.0,0.0,1.0,,128,,,False,,,,,,36,rider,0.1,0.1,shared_crc,segformer_b2_cityscapes,cityscapes_val_half,223
,,,1.0,1000,True,0.0,0.0,1.0,,168,,,False,,,,,,36,bicycle,0.1,0.1,shared_crc,segformer_b2_cityscapes,cityscapes_val_half,223
,,,0.997,997,True,0.20072237334931514,0.20072237334931514,,,227,,,False,,,,,,36,max_over_classes,0.2,0.1,shared_crc,segformer_b2_cityscapes,cityscapes_val_half,223
,,,0.997,997,True,0.07209139802765828,0.07209139802765828,0.04279399290680885,,199,,,False,,,,,,36,person,0.2,0.1,shared_crc,segformer_b2_cityscapes,cityscapes_val_half,223
,,,0.997,997,True,0.19432043650793648,0.19432043650793648,0.011619405820965767,,128,,,False,,,,,,36,rider,0.2,0.1,shared_crc,segformer_b2_cityscapes,cityscapes_val_half,223
,,,0.997,997,True,0.1038594176987034,0.1038594176987034,0.020185260102152824,,168,,,False,,,,,,36,bicycle,0.2,0.1,shared_crc,segformer_b2_cityscapes,cityscapes_val_half,223
,,,1.0,1000,True,0.0,0.0,,,227,,,False,,,,,,36,max_over_classes,0.05,0.5,shared_crc,segformer_b2_cityscapes,cityscapes_val_half,223
,,,1.0,1000,True,0.0,0.0,1.0,,199,,,False,,,,,,36,person,0.05,0.5,shared_crc,segformer_b2_cityscapes,cityscapes_val_half,223
,,,1.0,1000,True,0.0,0.0,1.0,,128,,,False,,,,,,36,rider,0.05,0.5,shared_crc,segformer_b2_cityscapes,cityscapes_val_half,223
,,,1.0,1000,True,0.0,0.0,1.0,,168,,,False,,,,,,36,bicycle,0.05,0.5,shared_crc,segformer_b2_cityscapes,cityscapes_val_half,223
,,,1.0,1000,True,0.0,0.0,,,227,,,False,,,,,,36,max_over_classes,0.1,0.5,shared_crc,segformer_b2_cityscapes,cityscapes_val_half,223
,,,1.0,1000,True,0.0,0.0,1.0,,199,,,False,,,,,,36,person,0.1,0.5,shared_crc,segformer_b2_cityscapes,cityscapes_val_half,223
,,,1.0,1000,True,0.0,0.0,1.0,,128,,,False,,,,,,36,rider,0.1,0.5,shared_crc,segformer_b2_cityscapes,cityscapes_val_half,223
,,,1.0,1000,True,0.0,0.0,1.0,,168,,,False,,,,,,36,bicycle,0.1,0.5,shared_crc,segformer_b2_cityscapes,cityscapes_val_half,223
,,,0.999,999,True,0.1621554002669236,0.1621554002669236,,,227,,,False,,,,,,36,max_over_classes,0.2,0.5,shared_crc,segformer_b2_cityscapes,cityscapes_val_half,223
,,,0.999,999,True,0.049980129433977616,0.049980129433977616,0.05366751179099083,,199,,,False,,,,,,36,person,0.2,0.5,shared_crc,segformer_b2_cityscapes,cityscapes_val_half,223
,,,0.999,999,True,0.1499751984126984,0.1499751984126984,0.01646573655307293,,128,,,False,,,,,,36,rider,0.2,0.5,shared_crc,segformer_b2_cityscapes,cityscapes_val_half,223
,,,0.999,999,True,0.09971201087272515,0.09971201087272515,0.026869384571909904,,168,,,False,,,,,,36,bicycle,0.2,0.5,shared_crc,segformer_b2_cityscapes,cityscapes_val_half,223
,,,0.998,998,True,0.058559418377338246,0.05855941837733825,0.05115429311990738,0.192,202,1418.0,0.12000000000000005,False,0.08718626155878467,0.009708737864077669,0.0,,,37,person,0.05,0.1,region_crc,segformer_b2_cityscapes,cityscapes_val_half,200
,,,0.993,993,True,0.11141771172547005,0.11141771172547005,0.03945246711373329,0.192,202,1418.0,0.10000000000000003,False,0.14927344782034346,0.02330097087378641,0.0,,,37,person,0.1,0.1,region_crc,segformer_b2_cityscapes,cityscapes_val_half,200
,,,0.971,971,True,0.22518232030508648,0.22518232030508642,0.029148560017347336,6.256,202,1418.0,0.10799999999999998,False,0.29458388375165123,0.04466019417475728,0.0,,,37,person,0.2,0.1,region_crc,segformer_b2_cityscapes,cityscapes_val_half,200
,,,1.0,1000,True,0.0,0.0,1.0,0.192,202,1418.0,0.0,False,0.0,0.0,0.0,,,37,person,0.05,0.5,region_crc,segformer_b2_cityscapes,cityscapes_val_half,200
,,,0.998,998,True,0.10910737104227893,0.10910737104227894,0.05115429311990738,0.192,202,1418.0,0.12000000000000005,False,0.1202113606340819,0.02524271844660194,0.0,,,37,person,0.1,0.5,region_crc,segformer_b2_cityscapes,cityscapes_val_half,200
,,,0.986,986,True,0.25357112096460105,0.253571120964601,0.0341138131916523,6.256,202,1418.0,0.09600000000000003,False,0.2892998678996037,0.08155339805825243,0.0,,,37,person,0.2,0.5,region_crc,segformer_b2_cityscapes,cityscapes_val_half,200
,,,1.0,1000,True,0.0,0.0,1.0,0.496,126,364.0,0.0,False,0.0,0.0,0.0,,,37,rider,0.05,0.1,region_crc,segformer_b2_cityscapes,cityscapes_val_half,127
,,,0.999,999,True,0.13775946275946274,0.13775946275946277,0.017322806641459465,0.496,126,364.0,0.05600000000000005,False,0.22488038277511962,0.056,0.0,,,37,rider,0.1,0.1,region_crc,segformer_b2_cityscapes,cityscapes_val_half,127
,,,0.995,995,True,0.28059770916913773,0.2805977091691377,0.010399563238024712,0.496,126,364.0,0.05999999999999994,False,0.3875598086124402,0.12,0.0,,,37,rider,0.2,0.1,region_crc,segformer_b2_cityscapes,cityscapes_val_half,127
,,,1.0,1000,True,0.0,0.0,1.0,0.496,126,364.0,0.0,False,0.0,0.0,0.0,,,37,rider,0.05,0.5,region_crc,segformer_b2_cityscapes,cityscapes_val_half,127
,,,1.0,1000,True,0.0,0.0,1.0,0.496,126,364.0,0.0,False,0.0,0.0,0.0,,,37,rider,0.1,0.5,region_crc,segformer_b2_cityscapes,cityscapes_val_half,127
,,,0.998,998,True,0.2507224257224257,0.2507224257224257,0.013996914029121399,0.496,126,364.0,0.052,False,0.3157894736842105,0.144,0.1,,,37,rider,0.2,0.5,region_crc,segformer_b2_cityscapes,cityscapes_val_half,127
,,,1.0,1000,True,0.0,0.0,1.0,0.304,174,832.0,0.0,False,0.0,0.0,0.0,,,37,bicycle,0.05,0.1,region_crc,segformer_b2_cityscapes,cityscapes_val_half,171
,,,0.998,998,True,0.10155695198798646,0.10155695198798646,0.02604268491268158,0.304,174,832.0,0.08800000000000002,False,0.17321016166281755,0.016129032258064516,0.0,,,37,bicycle,0.1,0.1,region_crc,segformer_b2_cityscapes,cityscapes_val_half,171
,,,0.985,985,True,0.2326220873634667,0.23262208736346668,0.016460532322525978,3.128,174,832.0,0.08800000000000002,False,0.3903002309468822,0.06774193548387097,0.0,,,37,bicycle,0.2,0.1,region_crc,segformer_b2_cityscapes,cityscapes_val_half,171
,,,1.0,1000,True,0.0,0.0,1.0,0.304,174,832.0,0.0,False,0.0,0.0,0.0,,,37,bicycle,0.05,0.5,region_crc,segformer_b2_cityscapes,cityscapes_val_half,171
,,,1.0,1000,True,0.0,0.0,1.0,0.304,174,832.0,0.0,False,0.0,0.0,0.0,,,37,bicycle,0.1,0.5,region_crc,segformer_b2_cityscapes,cityscapes_val_half,171
,,,0.993,993,True,0.23401062538993572,0.23401062538993572,0.019481727853417397,0.304,174,832.0,0.08399999999999996,False,0.3672055427251732,0.0935483870967742,0.011235955056179775,,,37,bicycle,0.2,0.5,region_crc,segformer_b2_cityscapes,cityscapes_val_half,171
,,,1.0,1000,True,0.0,0.0,,,227,,,False,,,,,,37,max_over_classes,0.05,0.1,shared_crc,segformer_b2_cityscapes,cityscapes_val_half,223
,,,1.0,1000,True,0.0,0.0,1.0,,202,,,False,,,,,,37,person,0.05,0.1,shared_crc,segformer_b2_cityscapes,cityscapes_val_half,223
,,,1.0,1000,True,0.0,0.0,1.0,,126,,,False,,,,,,37,rider,0.05,0.1,shared_crc,segformer_b2_cityscapes,cityscapes_val_half,223
,,,1.0,1000,True,0.0,0.0,1.0,,174,,,False,,,,,,37,bicycle,0.05,0.1,shared_crc,segformer_b2_cityscapes,cityscapes_val_half,223
,,,1.0,1000,True,0.0,0.0,,,227,,,False,,,,,,37,max_over_classes,0.1,0.1,shared_crc,segformer_b2_cityscapes,cityscapes_val_half,223
,,,1.0,1000,True,0.0,0.0,1.0,,202,,,False,,,,,,37,person,0.1,0.1,shared_crc,segformer_b2_cityscapes,cityscapes_val_half,223
,,,1.0,1000,True,0.0,0.0,1.0,,126,,,False,,,,,,37,rider,0.1,0.1,shared_crc,segformer_b2_cityscapes,cityscapes_val_half,223
,,,1.0,1000,True,0.0,0.0,1.0,,174,,,False,,,,,,37,bicycle,0.1,0.1,shared_crc,segformer_b2_cityscapes,cityscapes_val_half,223
,,,0.996,996,True,0.24422618430644782,0.24422618430644782,,,227,,,False,,,,,,37,max_over_classes,0.2,0.1,shared_crc,segformer_b2_cityscapes,cityscapes_val_half,223
,,,0.996,996,True,0.0898096768618333,0.0898096768618333,0.04431567341089249,,202,,,False,,,,,,37,person,0.2,0.1,shared_crc,segformer_b2_cityscapes,cityscapes_val_half,223
,,,0.996,996,True,0.26653875225303797,0.26653875225303797,0.011188079603016376,,126,,,False,,,,,,37,rider,0.2,0.1,shared_crc,segformer_b2_cityscapes,cityscapes_val_half,223
,,,0.996,996,True,0.1271931612448854,0.1271931612448854,0.022150835022330284,,174,,,False,,,,,,37,bicycle,0.2,0.1,shared_crc,segformer_b2_cityscapes,cityscapes_val_half,223
,,,1.0,1000,True,0.0,0.0,,,227,,,False,,,,,,37,max_over_classes,0.05,0.5,shared_crc,segformer_b2_cityscapes,cityscapes_val_half,223
,,,1.0,1000,True,0.0,0.0,1.0,,202,,,False,,,,,,37,person,0.05,0.5,shared_crc,segformer_b2_cityscapes,cityscapes_val_half,223
,,,1.0,1000,True,0.0,0.0,1.0,,126,,,False,,,,,,37,rider,0.05,0.5,shared_crc,segformer_b2_cityscapes,cityscapes_val_half,223
,,,1.0,1000,True,0.0,0.0,1.0,,174,,,False,,,,,,37,bicycle,0.05,0.5,shared_crc,segformer_b2_cityscapes,cityscapes_val_half,223
,,,1.0,1000,True,0.0,0.0,,,227,,,False,,,,,,37,max_over_classes,0.1,0.5,shared_crc,segformer_b2_cityscapes,cityscapes_val_half,223
,,,1.0,1000,True,0.0,0.0,1.0,,202,,,False,,,,,,37,person,0.1,0.5,shared_crc,segformer_b2_cityscapes,cityscapes_val_half,223
,,,1.0,1000,True,0.0,0.0,1.0,,126,,,False,,,,,,37,rider,0.1,0.5,shared_crc,segformer_b2_cityscapes,cityscapes_val_half,223
,,,1.0,1000,True,0.0,0.0,1.0,,174,,,False,,,,,,37,bicycle,0.1,0.5,shared_crc,segformer_b2_cityscapes,cityscapes_val_half,223
,,,0.999,999,True,0.17996364844641602,0.17996364844641602,,,227,,,False,,,,,,37,max_over_classes,0.2,0.5,shared_crc,segformer_b2_cityscapes,cityscapes_val_half,223
,,,0.999,999,True,0.056721317900623916,0.056721317900623916,0.05897721275687218,,202,,,False,,,,,,37,person,0.2,0.5,shared_crc,segformer_b2_cityscapes,cityscapes_val_half,223
,,,0.999,999,True,0.1744752601895459,0.1744752601895459,0.017322806641459465,,126,,,False,,,,,,37,rider,0.2,0.5,shared_crc,segformer_b2_cityscapes,cityscapes_val_half,223
,,,0.999,999,True,0.11266806309909756,0.11266806309909756,0.03069826401770115,,174,,,False,,,,,,37,bicycle,0.2,0.5,shared_crc,segformer_b2_cityscapes,cityscapes_val_half,223
,,,0.998,998,True,0.057243950606667746,0.05724395060666774,0.04949376359581947,0.188,203,1352.0,0.08400000000000002,False,0.07901907356948229,0.008528784648187633,0.0,,,38,person,0.05,0.1,region_crc,segformer_b2_cityscapes,cityscapes_val_half,199
,,,0.996,996,True,0.07953368878310543,0.07953368878310543,0.04278936982154846,0.188,203,1352.0,0.07600000000000001,False,0.1008174386920981,0.01279317697228145,0.0,,,38,person,0.1,0.1,region_crc,segformer_b2_cityscapes,cityscapes_val_half,199
,,,0.978,978,True,0.18410110059250656,0.1841011005925066,0.02979782223701477,6.388,203,1352.0,0.06800000000000003,False,0.24114441416893734,0.031982942430703626,0.0,,,38,person,0.2,0.1,region_crc,segformer_b2_cityscapes,cityscapes_val_half,199
,,,1.0,1000,True,0.0,0.0,1.0,0.188,203,1352.0,0.0,False,0.0,0.0,0.0,,,38,person,0.05,0.5,region_crc,segformer_b2_cityscapes,cityscapes_val_half,199
,,,0.999,999,True,0.05630434104636853,0.05630434104636853,0.05714070424437523,0.188,203,1352.0,0.08799999999999997,False,0.0776566757493188,0.019189765458422176,0.0,,,38,person,0.1,0.5,region_crc,segformer_b2_cityscapes,cityscapes_val_half,199
,,,0.991,991,True,0.1753881984219491,0.1753881984219491,0.03604838624596596,0.188,203,1352.0,0.07600000000000001,False,0.21525885558583105,0.057569296375266525,0.0,,,38,person,0.2,0.5,region_crc,segformer_b2_cityscapes,cityscapes_val_half,199
,,,1.0,1000,True,0.0,0.0,1.0,0.484,129,322.0,0.0,False,0.0,0.0,0.0,,,38,rider,0.05,0.1,region_crc,segformer_b2_cityscapes,cityscapes_val_half,124
,,,1.0,1000,True,0.0,0.0,1.0,0.484,129,322.0,0.0,False,0.0,0.0,0.0,,,38,rider,0.1,0.1,region_crc,segformer_b2_cityscapes,cityscapes_val_half,124
,,,0.998,998,True,0.14992617201919525,0.14992617201919525,0.013427264988422394,0.484,129,322.0,0.07999999999999996,False,0.2159090909090909,0.04838709677419355,0.0,,,38,rider,0.2,0.1,region_crc,segformer_b2_cityscapes,cityscapes_val_half,124
,,,1.0,1000,True,0.0,0.0,1.0,0.484,129,322.0,0.0,False,0.0,0.0,0.0,,,38,rider,0.05,0.5,region_crc,segformer_b2_cityscapes,cityscapes_val_half,124
,,,1.0,1000,True,0.0,0.0,1.0,0.484,129,322.0,0.0,False,0.0,0.0,0.0,,,38,rider,0.1,0.5,region_crc,segformer_b2_cityscapes,cityscapes_val_half,124
,,,0.999,999,True,0.13274270948689554,0.13274270948689554,0.01682562567293644,0.484,129,322.0,0.07200000000000004,False,0.1875,0.056451612903225805,0.0,,,38,rider,0.2,0.5,region_crc,segformer_b2_cityscapes,cityscapes_val_half,124
,,,1.0,1000,True,0.0,0.0,1.0,0.3,175,849.0,0.0,False,0.0,0.0,0.0,,,38,bicycle,0.05,0.1,region_crc,segformer_b2_cityscapes,cityscapes_val_half,170
,,,0.998,998,True,0.09295310245310245,0.09295310245310244,0.02665550820529461,0.3,175,849.0,0.068,False,0.15186915887850466,0.012012012012012012,0.0,,,38,bicycle,0.1,0.1,region_crc,segformer_b2_cityscapes,cityscapes_val_half,170
,,,0.991,991,True,0.1630870954442383,0.1630870954442383,0.01857435330748558,0.3,175,849.0,0.068,False,0.25934579439252337,0.04804804804804805,0.0,,,38,bicycle,0.2,0.1,region_crc,segformer_b2_cityscapes,cityscapes_val_half,170
,,,1.0,1000,True,0.0,0.0,1.0,0.3,175,849.0,0.0,False,0.0,0.0,0.0,,,38,bicycle,0.05,0.5,region_crc,segformer_b2_cityscapes,cityscapes_val_half,170
,,,1.0,1000,True,0.0,0.0,1.0,0.3,175,849.0,0.0,False,0.0,0.0,0.0,,,38,bicycle,0.1,0.5,region_crc,segformer_b2_cityscapes,cityscapes_val_half,170
,,,0.996,996,True,0.1585238095238095,0.15852380952380954,0.022532809525728226,0.3,175,849.0,0.07200000000000001,False,0.22897196261682243,0.06306306306306306,0.0,,,38,bicycle,0.2,0.5,region_crc,segformer_b2_cityscapes,cityscapes_val_half,170
,,,1.0,1000,True,0.0,0.0,,,227,,,False,,,,,,38,max_over_classes,0.05,0.1,shared_crc,segformer_b2_cityscapes,cityscapes_val_half,223
,,,1.0,1000,True,0.0,0.0,1.0,,203,,,False,,,,,,38,person,0.05,0.1,shared_crc,segformer_b2_cityscapes,cityscapes_val_half,223
,,,1.0,1000,True,0.0,0.0,1.0,,129,,,False,,,,,,38,rider,0.05,0.1,shared_crc,segformer_b2_cityscapes,cityscapes_val_half,223
,,,1.0,1000,True,0.0,0.0,1.0,,175,,,False,,,,,,38,bicycle,0.05,0.1,shared_crc,segformer_b2_cityscapes,cityscapes_val_half,223
,,,1.0,1000,True,0.0,0.0,,,227,,,False,,,,,,38,max_over_classes,0.1,0.1,shared_crc,segformer_b2_cityscapes,cityscapes_val_half,223
,,,1.0,1000,True,0.0,0.0,1.0,,203,,,False,,,,,,38,person,0.1,0.1,shared_crc,segformer_b2_cityscapes,cityscapes_val_half,223
,,,1.0,1000,True,0.0,0.0,1.0,,129,,,False,,,,,,38,rider,0.1,0.1,shared_crc,segformer_b2_cityscapes,cityscapes_val_half,223
,,,1.0,1000,True,0.0,0.0,1.0,,175,,,False,,,,,,38,bicycle,0.1,0.1,shared_crc,segformer_b2_cityscapes,cityscapes_val_half,223
,,,0.998,998,True,0.16193175764819634,0.16193175764819634,,,227,,,False,,,,,,38,max_over_classes,0.2,0.1,shared_crc,segformer_b2_cityscapes,cityscapes_val_half,223
,,,0.998,998,True,0.057243950606667746,0.057243950606667746,0.04949376359581947,,203,,,False,,,,,,38,person,0.2,0.1,shared_crc,segformer_b2_cityscapes,cityscapes_val_half,223
,,,0.998,998,True,0.14992617201919525,0.14992617201919525,0.013427264988422394,,129,,,False,,,,,,38,rider,0.2,0.1,shared_crc,segformer_b2_cityscapes,cityscapes_val_half,223
,,,0.998,998,True,0.09295310245310245,0.09295310245310245,0.02665550820529461,,175,,,False,,,,,,38,bicycle,0.2,0.1,shared_crc,segformer_b2_cityscapes,cityscapes_val_half,223
,,,1.0,1000,True,0.0,0.0,,,227,,,False,,,,,,38,max_over_classes,0.05,0.5,shared_crc,segformer_b2_cityscapes,cityscapes_val_half,223
,,,1.0,1000,True,0.0,0.0,1.0,,203,,,False,,,,,,38,person,0.05,0.5,shared_crc,segformer_b2_cityscapes,cityscapes_val_half,223
,,,1.0,1000,True,0.0,0.0,1.0,,129,,,False,,,,,,38,rider,0.05,0.5,shared_crc,segformer_b2_cityscapes,cityscapes_val_half,223
,,,1.0,1000,True,0.0,0.0,1.0,,175,,,False,,,,,,38,bicycle,0.05,0.5,shared_crc,segformer_b2_cityscapes,cityscapes_val_half,223
,,,1.0,1000,True,0.0,0.0,,,227,,,False,,,,,,38,max_over_classes,0.1,0.5,shared_crc,segformer_b2_cityscapes,cityscapes_val_half,223
,,,1.0,1000,True,0.0,0.0,1.0,,203,,,False,,,,,,38,person,0.1,0.5,shared_crc,segformer_b2_cityscapes,cityscapes_val_half,223
,,,1.0,1000,True,0.0,0.0,1.0,,129,,,False,,,,,,38,rider,0.1,0.5,shared_crc,segformer_b2_cityscapes,cityscapes_val_half,223
,,,1.0,1000,True,0.0,0.0,1.0,,175,,,False,,,,,,38,bicycle,0.1,0.5,shared_crc,segformer_b2_cityscapes,cityscapes_val_half,223
,,,0.999,999,True,0.16309242212905556,0.16309242212905556,,,227,,,False,,,,,,38,max_over_classes,0.2,0.5,shared_crc,segformer_b2_cityscapes,cityscapes_val_half,223
,,,0.999,999,True,0.05630434104636853,0.05630434104636853,0.05714070424437523,,203,,,False,,,,,,38,person,0.2,0.5,shared_crc,segformer_b2_cityscapes,cityscapes_val_half,223
,,,0.999,999,True,0.13274270948689554,0.13274270948689554,0.01682562567293644,,129,,,False,,,,,,38,rider,0.2,0.5,shared_crc,segformer_b2_cityscapes,cityscapes_val_half,223
,,,0.999,999,True,0.10888754895897754,0.10888754895897754,0.031510189175605774,,175,,,False,,,,,,38,bicycle,0.2,0.5,shared_crc,segformer_b2_cityscapes,cityscapes_val_half,223
,,,0.998,998,True,0.05488637335699209,0.05488637335699209,0.0534779392182827,0.188,203,1452.0,0.07199999999999995,False,0.08571428571428572,0.011560693641618497,0.0,,,39,person,0.05,0.1,region_crc,segformer_b2_cityscapes,cityscapes_val_half,199
,,,0.994,994,True,0.10503158435260494,0.10503158435260494,0.04308254271745682,0.188,203,1452.0,0.06,False,0.14805194805194805,0.017341040462427744,0.0,,,39,person,0.1,0.1,region_crc,segformer_b2_cityscapes,cityscapes_val_half,199
,,,0.977,977,True,0.19471514717202465,0.19471514717202465,0.03282599896192551,6.18,203,1452.0,0.05999999999999994,False,0.2805194805194805,0.03275529865125241,0.0,,,39,person,0.2,0.1,region_crc,segformer_b2_cityscapes,cityscapes_val_half,199
,,,1.0,1000,True,0.0,0.0,1.0,0.188,203,1452.0,0.0,False,0.0,0.0,0.0,,,39,person,0.05,0.5,region_crc,segformer_b2_cityscapes,cityscapes_val_half,199
,,,0.998,998,True,0.09461087935061917,0.09461087935061917,0.0534779392182827,0.188,203,1452.0,0.07199999999999995,False,0.12337662337662338,0.02119460500963391,0.0,,,39,person,0.1,0.5,region_crc,segformer_b2_cityscapes,cityscapes_val_half,199
,,,0.99,990,True,0.1904263810787473,0.1904263810787473,0.038900185376405716,0.188,203,1452.0,0.06000000000000005,False,0.24935064935064935,0.05394990366088632,0.0,,,39,person,0.2,0.5,region_crc,segformer_b2_cityscapes,cityscapes_val_half,199
,,,1.0,1000,True,0.0,0.0,1.0,0.5,125,386.0,0.0,False,0.0,0.0,0.0,,,39,rider,0.05,0.1,region_crc,segformer_b2_cityscapes,cityscapes_val_half,128
,,,1.0,1000,True,0.0,0.0,1.0,0.5,125,386.0,0.0,False,0.0,0.0,0.0,,,39,rider,0.1,0.1,region_crc,segformer_b2_cityscapes,cityscapes_val_half,128
,,,0.998,998,True,0.1237186813186813,0.12371868131868131,0.015774598345160484,0.5,125,386.0,0.11599999999999999,False,0.19742489270386265,0.02608695652173913,0.0,,,39,rider,0.2,0.1,region_crc,segformer_b2_cityscapes,cityscapes_val_half,128
,,,1.0,1000,True,0.0,0.0,1.0,0.5,125,386.0,0.0,False,0.0,0.0,0.0,,,39,rider,0.05,0.5,region_crc,segformer_b2_cityscapes,cityscapes_val_half,128
,,,1.0,1000,True,0.0,0.0,1.0,0.5,125,386.0,0.0,False,0.0,0.0,0.0,,,39,rider,0.1,0.5,region_crc,segformer_b2_cityscapes,cityscapes_val_half,128
,,,0.999,999,True,0.12487423687423688,0.12487423687423686,0.019357288256287575,0.5,125,386.0,0.11599999999999999,False,0.1888412017167382,0.043478260869565216,0.07894736842105263,,,39,rider,0.2,0.5,region_crc,segformer_b2_cityscapes,cityscapes_val_half,128
,,,1.0,1000,True,0.0,0.0,1.0,0.312,172,890.0,0.0,False,0.0,0.0,0.0,,,39,bicycle,0.05,0.1,region_crc,segformer_b2_cityscapes,cityscapes_val_half,173
,,,0.998,998,True,0.0876126618859177,0.0876126618859177,0.027847211807966232,0.312,172,890.0,0.08400000000000002,False,0.15570175438596492,0.011661807580174927,0.0,,,39,bicycle,0.1,0.1,region_crc,segformer_b2_cityscapes,cityscapes_val_half,173
,,,0.992,992,True,0.14856825990546918,0.1485682599054692,0.02035236731171608,0.312,172,890.0,0.07600000000000001,False,0.2719298245614035,0.026239067055393587,0.0,,,39,bicycle,0.2,0.1,region_crc,segformer_b2_cityscapes,cityscapes_val_half,173
,,,1.0,1000,True,0.0,0.0,1.0,0.312,172,890.0,0.0,False,0.0,0.0,0.0,,,39,bicycle,0.05,0.5,region_crc,segformer_b2_cityscapes,cityscapes_val_half,173
,,,1.0,1000,True,0.0,0.0,1.0,0.312,172,890.0,0.0,False,0.0,0.0,0.0,,,39,bicycle,0.1,0.5,region_crc,segformer_b2_cityscapes,cityscapes_val_half,173
,,,0.997,997,True,0.13747457323038717,0.13747457323038717,0.025380801409482956,0.312,172,890.0,0.07999999999999996,False,0.23026315789473684,0.043731778425655975,0.0,,,39,bicycle,0.2,0.5,region_crc,segformer_b2_cityscapes,cityscapes_val_half,173
,,,1.0,1000,True,0.0,0.0,,,226,,,False,,,,,,39,max_over_classes,0.05,0.1,shared_crc,segformer_b2_cityscapes,cityscapes_val_half,224
,,,1.0,1000,True,0.0,0.0,1.0,,203,,,False,,,,,,39,person,0.05,0.1,shared_crc,segformer_b2_cityscapes,cityscapes_val_half,224
,,,1.0,1000,True,0.0,0.0,1.0,,125,,,False,,,,,,39,rider,0.05,0.1,shared_crc,segformer_b2_cityscapes,cityscapes_val_half,224
,,,1.0,1000,True,0.0,0.0,1.0,,172,,,False,,,,,,39,bicycle,0.05,0.1,shared_crc,segformer_b2_cityscapes,cityscapes_val_half,224
,,,1.0,1000,True,0.0,0.0,,,226,,,False,,,,,,39,max_over_classes,0.1,0.1,shared_crc,segformer_b2_cityscapes,cityscapes_val_half,224
,,,1.0,1000,True,0.0,0.0,1.0,,203,,,False,,,,,,39,person,0.1,0.1,shared_crc,segformer_b2_cityscapes,cityscapes_val_half,224
,,,1.0,1000,True,0.0,0.0,1.0,,125,,,False,,,,,,39,rider,0.1,0.1,shared_crc,segformer_b2_cityscapes,cityscapes_val_half,224
,,,1.0,1000,True,0.0,0.0,1.0,,172,,,False,,,,,,39,bicycle,0.1,0.1,shared_crc,segformer_b2_cityscapes,cityscapes_val_half,224
,,,0.998,998,True,0.1444660789714764,0.1444660789714764,,,226,,,False,,,,,,39,max_over_classes,0.2,0.1,shared_crc,segformer_b2_cityscapes,cityscapes_val_half,224
,,,0.998,998,True,0.05488637335699209,0.05488637335699209,0.0534779392182827,,203,,,False,,,,,,39,person,0.2,0.1,shared_crc,segformer_b2_cityscapes,cityscapes_val_half,224
,,,0.998,998,True,0.1237186813186813,0.1237186813186813,0.015774598345160484,,125,,,False,,,,,,39,rider,0.2,0.1,shared_crc,segformer_b2_cityscapes,cityscapes_val_half,224
,,,0.998,998,True,0.0876126618859177,0.0876126618859177,0.027847211807966232,,172,,,False,,,,,,39,bicycle,0.2,0.1,shared_crc,segformer_b2_cityscapes,cityscapes_val_half,224
,,,1.0,1000,True,0.0,0.0,,,226,,,False,,,,,,39,max_over_classes,0.05,0.5,shared_crc,segformer_b2_cityscapes,cityscapes_val_half,224
,,,1.0,1000,True,0.0,0.0,1.0,,203,,,False,,,,,,39,person,0.05,0.5,shared_crc,segformer_b2_cityscapes,cityscapes_val_half,224
,,,1.0,1000,True,0.0,0.0,1.0,,125,,,False,,,,,,39,rider,0.05,0.5,shared_crc,segformer_b2_cityscapes,cityscapes_val_half,224
,,,1.0,1000,True,0.0,0.0,1.0,,172,,,False,,,,,,39,bicycle,0.05,0.5,shared_crc,segformer_b2_cityscapes,cityscapes_val_half,224
,,,1.0,1000,True,0.0,0.0,,,226,,,False,,,,,,39,max_over_classes,0.1,0.5,shared_crc,segformer_b2_cityscapes,cityscapes_val_half,224
,,,1.0,1000,True,0.0,0.0,1.0,,203,,,False,,,,,,39,person,0.1,0.5,shared_crc,segformer_b2_cityscapes,cityscapes_val_half,224
,,,1.0,1000,True,0.0,0.0,1.0,,125,,,False,,,,,,39,rider,0.1,0.5,shared_crc,segformer_b2_cityscapes,cityscapes_val_half,224
,,,1.0,1000,True,0.0,0.0,1.0,,172,,,False,,,,,,39,bicycle,0.1,0.5,shared_crc,segformer_b2_cityscapes,cityscapes_val_half,224
,,,0.999,999,True,0.1593260266795843,0.1593260266795843,,,226,,,False,,,,,,39,max_over_classes,0.2,0.5,shared_crc,segformer_b2_cityscapes,cityscapes_val_half,224
,,,0.999,999,True,0.0586265667523579,0.0586265667523579,0.06113414093852043,,203,,,False,,,,,,39,person,0.2,0.5,shared_crc,segformer_b2_cityscapes,cityscapes_val_half,224
,,,0.999,999,True,0.12487423687423688,0.12487423687423688,0.019357288256287575,,125,,,False,,,,,,39,rider,0.2,0.5,shared_crc,segformer_b2_cityscapes,cityscapes_val_half,224
,,,0.999,999,True,0.09448369782672109,0.09448369782672109,0.03268681466579437,,172,,,False,,,,,,39,bicycle,0.2,0.5,shared_crc,segformer_b2_cityscapes,cityscapes_val_half,224
,,,0.998,998,True,0.057979288514769,0.057979288514769,0.05028366670012474,0.196,201,1393.0,0.052000000000000046,False,0.08198924731182795,0.012320328542094456,0.0,,,40,person,0.05,0.1,region_crc,segformer_b2_cityscapes,cityscapes_val_half,201
,,,0.993,993,True,0.1104227306544667,0.1104227306544667,0.039159271866083145,0.196,201,1393.0,0.05600000000000005,False,0.1478494623655914,0.024640657084188913,0.0,,,40,person,0.1,0.1,region_crc,segformer_b2_cityscapes,cityscapes_val_half,201
,,,0.979,979,True,0.17813416440181995,0.17813416440181992,0.031497132033109665,5.844,201,1393.0,0.05600000000000005,False,0.23387096774193547,0.03696098562628337,0.0,,,40,person,0.2,0.1,region_crc,segformer_b2_cityscapes,cityscapes_val_half,201
,,,0.999,999,True,0.0651978254596741,0.0651978254596741,0.05761561542749405,0.196,201,1393.0,0.06000000000000005,False,0.08736559139784947,0.02053388090349076,0.0,,,40,person,0.05,0.5,region_crc,segformer_b2_cityscapes,cityscapes_val_half,201
,,,0.998,998,True,0.09846652789569783,0.09846652789569783,0.05028366670012474,0.196,201,1393.0,0.052000000000000046,False,0.11424731182795698,0.030800821355236138,0.0,,,40,person,0.1,0.5,region_crc,segformer_b2_cityscapes,cityscapes_val_half,201
,,,0.991,991,True,0.1809118319739363,0.1809118319739363,0.03725642338395119,0.196,201,1393.0,0.05600000000000005,False,0.2217741935483871,0.04722792607802875,0.0,,,40,person,0.2,0.5,region_crc,segformer_b2_cityscapes,cityscapes_val_half,201
,,,1.0,1000,True,0.0,0.0,1.0,0.532,117,347.0,0.0,False,0.0,0.0,0.0,,,40,rider,0.05,0.1,region_crc,segformer_b2_cityscapes,cityscapes_val_half,136
,,,1.0,1000,True,0.0,0.0,1.0,0.532,117,347.0,0.0,False,0.0,0.0,0.0,,,40,rider,0.1,0.1,region_crc,segformer_b2_cityscapes,cityscapes_val_half,136
,,,0.998,998,True,0.14322813938198553,0.14322813938198556,0.01500984001904726,0.532,117,347.0,0.055999999999999994,False,0.22580645161290322,0.04,0.0,,,40,rider,0.2,0.1,region_crc,segformer_b2_cityscapes,cityscapes_val_half,136
,,,1.0,1000,True,0.0,0.0,1.0,0.532,117,347.0,0.0,False,0.0,0.0,0.0,,,40,rider,0.05,0.5,region_crc,segformer_b2_cityscapes,cityscapes_val_half,136
,,,1.0,1000,True,0.0,0.0,1.0,0.532,117,347.0,0.0,False,0.0,0.0,0.0,,,40,rider,0.1,0.5,region_crc,segformer_b2_cityscapes,cityscapes_val_half,136
,,,0.999,999,True,0.15543136825188109,0.15543136825188109,0.01846310682594776,0.532,117,347.0,0.06399999999999995,False,0.23655913978494625,0.056,0.08333333333333333,,,40,rider,0.2,0.5,region_crc,segformer_b2_cityscapes,cityscapes_val_half,136
,,,1.0,1000,True,0.0,0.0,1.0,0.328,168,838.0,0.0,False,0.0,0.0,0.0,,,40,bicycle,0.05,0.1,region_crc,segformer_b2_cityscapes,cityscapes_val_half,177
,,,0.999,999,True,0.05803502879395736,0.05803502879395736,0.03012956865131855,0.328,168,838.0,0.08800000000000002,False,0.10451306413301663,0.008955223880597015,0.0,,,40,bicycle,0.1,0.1,region_crc,segformer_b2_cityscapes,cityscapes_val_half,177
,,,0.99,990,True,0.19043118752940183,0.1904311875294018,0.01735757291316986,0.328,168,838.0,0.08399999999999996,False,0.2850356294536817,0.056716417910447764,0.0,,,40,bicycle,0.2,0.1,region_crc,segformer_b2_cityscapes,cityscapes_val_half,177
,,,1.0,1000,True,0.0,0.0,1.0,0.328,168,838.0,0.0,False,0.0,0.0,0.0,,,40,bicycle,0.05,0.5,region_crc,segformer_b2_cityscapes,cityscapes_val_half,177
,,,1.0,1000,True,0.0,0.0,1.0,0.328,168,838.0,0.0,False,0.0,0.0,0.0,,,40,bicycle,0.1,0.5,region_crc,segformer_b2_cityscapes,cityscapes_val_half,177
,,,0.994,994,True,0.19975961538461537,0.19975961538461537,0.019534748047590256,0.328,168,838.0,0.07200000000000001,False,0.28741092636579574,0.07761194029850746,0.012195121951219513,,,40,bicycle,0.2,0.5,region_crc,segformer_b2_cityscapes,cityscapes_val_half,177
,,,1.0,1000,True,0.0,0.0,,,229,,,False,,,,,,40,max_over_classes,0.05,0.1,shared_crc,segformer_b2_cityscapes,cityscapes_val_half,221
,,,1.0,1000,True,0.0,0.0,1.0,,201,,,False,,,,,,40,person,0.05,0.1,shared_crc,segformer_b2_cityscapes,cityscapes_val_half,221
,,,1.0,1000,True,0.0,0.0,1.0,,117,,,False,,,,,,40,rider,0.05,0.1,shared_crc,segformer_b2_cityscapes,cityscapes_val_half,221
,,,1.0,1000,True,0.0,0.0,1.0,,168,,,False,,,,,,40,bicycle,0.05,0.1,shared_crc,segformer_b2_cityscapes,cityscapes_val_half,221
,,,1.0,1000,True,0.0,0.0,,,229,,,False,,,,,,40,max_over_classes,0.1,0.1,shared_crc,segformer_b2_cityscapes,cityscapes_val_half,221
,,,1.0,1000,True,0.0,0.0,1.0,,201,,,False,,,,,,40,person,0.1,0.1,shared_crc,segformer_b2_cityscapes,cityscapes_val_half,221
,,,1.0,1000,True,0.0,0.0,1.0,,117,,,False,,,,,,40,rider,0.1,0.1,shared_crc,segformer_b2_cityscapes,cityscapes_val_half,221
,,,1.0,1000,True,0.0,0.0,1.0,,168,,,False,,,,,,40,bicycle,0.1,0.1,shared_crc,segformer_b2_cityscapes,cityscapes_val_half,221
,,,0.998,998,True,0.1410669314001881,0.1410669314001881,,,229,,,False,,,,,,40,max_over_classes,0.2,0.1,shared_crc,segformer_b2_cityscapes,cityscapes_val_half,221
,,,0.998,998,True,0.057979288514769,0.057979288514769,0.05028366670012474,,201,,,False,,,,,,40,person,0.2,0.1,shared_crc,segformer_b2_cityscapes,cityscapes_val_half,221
,,,0.998,998,True,0.14322813938198553,0.14322813938198553,0.01500984001904726,,117,,,False,,,,,,40,rider,0.2,0.1,shared_crc,segformer_b2_cityscapes,cityscapes_val_half,221
,,,0.998,998,True,0.08109900185793043,0.08109900185793043,0.025421801954507828,,168,,,False,,,,,,40,bicycle,0.2,0.1,shared_crc,segformer_b2_cityscapes,cityscapes_val_half,221
,,,1.0,1000,True,0.0,0.0,,,229,,,False,,,,,,40,max_over_classes,0.05,0.5,shared_crc,segformer_b2_cityscapes,cityscapes_val_half,221
,,,1.0,1000,True,0.0,0.0,1.0,,201,,,False,,,,,,40,person,0.05,0.5,shared_crc,segformer_b2_cityscapes,cityscapes_val_half,221
,,,1.0,1000,True,0.0,0.0,1.0,,117,,,False,,,,,,40,rider,0.05,0.5,shared_crc,segformer_b2_cityscapes,cityscapes_val_half,221
,,,1.0,1000,True,0.0,0.0,1.0,,168,,,False,,,,,,40,bicycle,0.05,0.5,shared_crc,segformer_b2_cityscapes,cityscapes_val_half,221
,,,1.0,1000,True,0.0,0.0,,,229,,,False,,,,,,40,max_over_classes,0.1,0.5,shared_crc,segformer_b2_cityscapes,cityscapes_val_half,221
,,,1.0,1000,True,0.0,0.0,1.0,,201,,,False,,,,,,40,person,0.1,0.5,shared_crc,segformer_b2_cityscapes,cityscapes_val_half,221
,,,1.0,1000,True,0.0,0.0,1.0,,117,,,False,,,,,,40,rider,0.1,0.5,shared_crc,segformer_b2_cityscapes,cityscapes_val_half,221
,,,1.0,1000,True,0.0,0.0,1.0,,168,,,False,,,,,,40,bicycle,0.1,0.5,shared_crc,segformer_b2_cityscapes,cityscapes_val_half,221
,,,0.999,999,True,0.1621539587696793,0.1621539587696793,,,229,,,False,,,,,,40,max_over_classes,0.2,0.5,shared_crc,segformer_b2_cityscapes,cityscapes_val_half,221
,,,0.999,999,True,0.0651978254596741,0.0651978254596741,0.05761561542749405,,201,,,False,,,,,,40,person,0.2,0.5,shared_crc,segformer_b2_cityscapes,cityscapes_val_half,221
,,,0.999,999,True,0.15543136825188109,0.15543136825188109,0.01846310682594776,,117,,,False,,,,,,40,rider,0.2,0.5,shared_crc,segformer_b2_cityscapes,cityscapes_val_half,221
,,,0.999,999,True,0.10207405854727283,0.10207405854727283,0.03012956865131855,,168,,,False,,,,,,40,bicycle,0.2,0.5,shared_crc,segformer_b2_cityscapes,cityscapes_val_half,221
,,,0.999,999,True,0.028264985111956572,0.028264985111956572,0.056509390473365784,0.192,202,1371.0,0.068,False,0.04755434782608696,0.004081632653061225,0.0,,,41,person,0.05,0.1,region_crc,segformer_b2_cityscapes,cityscapes_val_half,200
,,,0.996,996,True,0.07500473005714707,0.07500473005714707,0.04243812710046768,0.192,202,1371.0,0.08000000000000002,False,0.10326086956521739,0.00816326530612245,0.0,,,41,person,0.1,0.1,region_crc,segformer_b2_cityscapes,cityscapes_val_half,200
,,,0.982,982,True,0.15666474495973623,0.15666474495973623,0.030899839475750923,6.168,202,1371.0,0.064,False,0.2105978260869565,0.030612244897959183,0.0,,,41,person,0.2,0.1,region_crc,segformer_b2_cityscapes,cityscapes_val_half,200
,,,1.0,1000,True,0.0,0.0,1.0,0.192,202,1371.0,0.0,False,0.0,0.0,0.0,,,41,person,0.05,0.5,region_crc,segformer_b2_cityscapes,cityscapes_val_half,200
,,,0.999,999,True,0.0488914479413897,0.0488914479413897,0.056509390473365784,0.192,202,1371.0,0.068,False,0.07065217391304347,0.012244897959183673,0.0,,,41,person,0.1,0.5,region_crc,segformer_b2_cityscapes,cityscapes_val_half,200
,,,0.991,991,True,0.17022382247920978,0.17022382247920978,0.035790976136922836,0.192,202,1371.0,0.07599999999999998,False,0.21331521739130435,0.05102040816326531,0.0,,,41,person,0.2,0.5,region_crc,segformer_b2_cityscapes,cityscapes_val_half,200
,,,1.0,1000,True,0.0,0.0,1.0,0.528,118,335.0,0.0,False,0.0,0.0,0.0,,,41,rider,0.05,0.1,region_crc,segformer_b2_cityscapes,cityscapes_val_half,135
,,,1.0,1000,True,0.0,0.0,1.0,0.528,118,335.0,0.0,False,0.0,0.0,0.0,,,41,rider,0.1,0.1,region_crc,segformer_b2_cityscapes,cityscapes_val_half,135
,,,0.997,997,True,0.1815189518579349,0.1815189518579349,0.012678226456046104,0.528,118,335.0,0.08400000000000002,False,0.29120879120879123,0.06611570247933884,0.0,,,41,rider,0.2,0.1,region_crc,segformer_b2_cityscapes,cityscapes_val_half,135
,,,1.0,1000,True,0.0,0.0,1.0,0.528,118,335.0,0.0,False,0.0,0.0,0.0,,,41,rider,0.05,0.5,region_crc,segformer_b2_cityscapes,cityscapes_val_half,135
,,,1.0,1000,True,0.0,0.0,1.0,0.528,118,335.0,0.0,False,0.0,0.0,0.0,,,41,rider,0.1,0.5,region_crc,segformer_b2_cityscapes,cityscapes_val_half,135
,,,0.999,999,True,0.1672497464870346,0.16724974648703467,0.01778416521847248,0.528,118,335.0,0.08399999999999996,False,0.25274725274725274,0.06611570247933884,0.0625,,,41,rider,0.2,0.5,region_crc,segformer_b2_cityscapes,cityscapes_val_half,135
,,,1.0,1000,True,0.0,0.0,1.0,0.324,169,866.0,0.0,False,0.0,0.0,0.0,,,41,bicycle,0.05,0.1,region_crc,segformer_b2_cityscapes,cityscapes_val_half,176
,,,0.998,998,True,0.09004272354864071,0.09004272354864071,0.025936899706721306,0.324,169,866.0,0.052000000000000046,False,0.16517857142857142,0.020114942528735632,0.0,,,41,bicycle,0.1,0.1,region_crc,segformer_b2_cityscapes,cityscapes_val_half,176
,,,0.987,987,True,0.22084210168529694,0.22084210168529694,0.01673271507024765,3.24,169,866.0,0.051999999999999935,False,0.35267857142857145,0.0603448275862069,0.0,,,41,bicycle,0.2,0.1,region_crc,segformer_b2_cityscapes,cityscapes_val_half,176
,,,1.0,1000,True,0.0,0.0,1.0,0.324,169,866.0,0.0,False,0.0,0.0,0.0,,,41,bicycle,0.05,0.5,region_crc,segformer_b2_cityscapes,cityscapes_val_half,176
,,,1.0,1000,True,0.0,0.0,1.0,0.324,169,866.0,0.0,False,0.0,0.0,0.0,,,41,bicycle,0.1,0.5,region_crc,segformer_b2_cityscapes,cityscapes_val_half,176
,,,0.994,994,True,0.19917027131459858,0.19917027131459858,0.020014597102999687,0.324,169,866.0,0.04400000000000004,False,0.31919642857142855,0.07758620689655173,0.0,,,41,bicycle,0.2,0.5,region_crc,segformer_b2_cityscapes,cityscapes_val_half,176
,,,1.0,1000,True,0.0,0.0,,,223,,,False,,,,,,41,max_over_classes,0.05,0.1,shared_crc,segformer_b2_cityscapes,cityscapes_val_half,227
,,,1.0,1000,True,0.0,0.0,1.0,,202,,,False,,,,,,41,person,0.05,0.1,shared_crc,segformer_b2_cityscapes,cityscapes_val_half,227
,,,1.0,1000,True,0.0,0.0,1.0,,118,,,False,,,,,,41,rider,0.05,0.1,shared_crc,segformer_b2_cityscapes,cityscapes_val_half,227
,,,1.0,1000,True,0.0,0.0,1.0,,169,,,False,,,,,,41,bicycle,0.05,0.1,shared_crc,segformer_b2_cityscapes,cityscapes_val_half,227
,,,1.0,1000,True,0.0,0.0,,,223,,,False,,,,,,41,max_over_classes,0.1,0.1,shared_crc,segformer_b2_cityscapes,cityscapes_val_half,227
,,,1.0,1000,True,0.0,0.0,1.0,,202,,,False,,,,,,41,person,0.1,0.1,shared_crc,segformer_b2_cityscapes,cityscapes_val_half,227
,,,1.0,1000,True,0.0,0.0,1.0,,118,,,False,,,,,,41,rider,0.1,0.1,shared_crc,segformer_b2_cityscapes,cityscapes_val_half,227
,,,1.0,1000,True,0.0,0.0,1.0,,169,,,False,,,,,,41,bicycle,0.1,0.1,shared_crc,segformer_b2_cityscapes,cityscapes_val_half,227
,,,0.997,997,True,0.19345326215545156,0.19345326215545156,,,223,,,False,,,,,,41,max_over_classes,0.2,0.1,shared_crc,segformer_b2_cityscapes,cityscapes_val_half,227
,,,0.997,997,True,0.06722961188598929,0.06722961188598929,0.045064713805913925,,202,,,False,,,,,,41,person,0.2,0.1,shared_crc,segformer_b2_cityscapes,cityscapes_val_half,227
,,,0.997,997,True,0.1815189518579349,0.1815189518579349,0.012678226456046104,,118,,,False,,,,,,41,rider,0.2,0.1,shared_crc,segformer_b2_cityscapes,cityscapes_val_half,227
,,,0.997,997,True,0.10854558820535151,0.10854558820535151,0.023561149835586548,,169,,,False,,,,,,41,bicycle,0.2,0.1,shared_crc,segformer_b2_cityscapes,cityscapes_val_half,227
,,,1.0,1000,True,0.0,0.0,,,223,,,False,,,,,,41,max_over_classes,0.05,0.5,shared_crc,segformer_b2_cityscapes,cityscapes_val_half,227
,,,1.0,1000,True,0.0,0.0,1.0,,202,,,False,,,,,,41,person,0.05,0.5,shared_crc,segformer_b2_cityscapes,cityscapes_val_half,227
,,,1.0,1000,True,0.0,0.0,1.0,,118,,,False,,,,,,41,rider,0.05,0.5,shared_crc,segformer_b2_cityscapes,cityscapes_val_half,227
,,,1.0,1000,True,0.0,0.0,1.0,,169,,,False,,,,,,41,bicycle,0.05,0.5,shared_crc,segformer_b2_cityscapes,cityscapes_val_half,227
,,,1.0,1000,True,0.0,0.0,,,223,,,False,,,,,,41,max_over_classes,0.1,0.5,shared_crc,segformer_b2_cityscapes,cityscapes_val_half,227
,,,1.0,1000,True,0.0,0.0,1.0,,202,,,False,,,,,,41,person,0.1,0.5,shared_crc,segformer_b2_cityscapes,cityscapes_val_half,227
,,,1.0,1000,True,0.0,0.0,1.0,,118,,,False,,,,,,41,rider,0.1,0.5,shared_crc,segformer_b2_cityscapes,cityscapes_val_half,227
,,,1.0,1000,True,0.0,0.0,1.0,,169,,,False,,,,,,41,bicycle,0.1,0.5,shared_crc,segformer_b2_cityscapes,cityscapes_val_half,227
,,,0.999,999,True,0.1743689603917776,0.1743689603917776,,,223,,,False,,,,,,41,max_over_classes,0.2,0.5,shared_crc,segformer_b2_cityscapes,cityscapes_val_half,227
,,,0.999,999,True,0.0488914479413897,0.0488914479413897,0.056509390473365784,,202,,,False,,,,,,41,person,0.2,0.5,shared_crc,segformer_b2_cityscapes,cityscapes_val_half,227
,,,0.999,999,True,0.1672497464870346,0.1672497464870346,0.01778416521847248,,118,,,False,,,,,,41,rider,0.2,0.5,shared_crc,segformer_b2_cityscapes,cityscapes_val_half,227
,,,0.999,999,True,0.10372775646444284,0.10372775646444284,0.030575264245271683,,169,,,False,,,,,,41,bicycle,0.2,0.5,shared_crc,segformer_b2_cityscapes,cityscapes_val_half,227
,,,0.999,999,True,0.027197196963943376,0.027197196963943376,0.05671130493283272,0.208,198,1348.0,0.05999999999999994,False,0.04401650618982118,0.008113590263691683,0.0,,,42,person,0.05,0.1,region_crc,segformer_b2_cityscapes,cityscapes_val_half,204
,,,0.996,996,True,0.07660514731886342,0.07660514731886342,0.042364463210105896,0.208,198,1348.0,0.05599999999999994,False,0.0907840440165062,0.012170385395537525,0.0,,,42,person,0.1,0.1,region_crc,segformer_b2_cityscapes,cityscapes_val_half,204
,,,0.978,978,True,0.1848958707870191,0.1848958707870191,0.029080521315336227,6.476,198,1348.0,0.04400000000000004,False,0.2310866574965612,0.04056795131845842,0.0,,,42,person,0.2,0.1,region_crc,segformer_b2_cityscapes,cityscapes_val_half,204
,,,1.0,1000,True,0.0,0.0,1.0,0.208,198,1348.0,0.0,False,0.0,0.0,0.0,,,42,person,0.05,0.5,region_crc,segformer_b2_cityscapes,cityscapes_val_half,204
,,,0.998,998,True,0.09310947632319243,0.09310947632319243,0.04906132444739342,0.208,198,1348.0,0.05999999999999994,False,0.0907840440165062,0.02028397565922921,0.0,,,42,person,0.1,0.5,region_crc,segformer_b2_cityscapes,cityscapes_val_half,204
,,,0.99,990,True,0.18694405688823548,0.18694405688823548,0.034724801778793335,0.208,198,1348.0,0.051999999999999935,False,0.21182943603851445,0.06288032454361055,0.0,,,42,person,0.2,0.5,region_crc,segformer_b2_cityscapes,cityscapes_val_half,204
,,,1.0,1000,True,0.0,0.0,1.0,0.484,129,330.0,0.0,False,0.0,0.0,0.0,,,42,rider,0.05,0.1,region_crc,segformer_b2_cityscapes,cityscapes_val_half,124
,,,1.0,1000,True,0.0,0.0,1.0,0.484,129,330.0,0.0,False,0.0,0.0,0.0,,,42,rider,0.1,0.1,region_crc,segformer_b2_cityscapes,cityscapes_val_half,124
,,,0.997,997,True,0.1774640088593577,0.1774640088593577,0.012911378405988216,0.484,129,330.0,0.06400000000000006,False,0.25280898876404495,0.06349206349206349,0.0,,,42,rider,0.2,0.1,region_crc,segformer_b2_cityscapes,cityscapes_val_half,124
,,,1.0,1000,True,0.0,0.0,1.0,0.484,129,330.0,0.0,False,0.0,0.0,0.0,,,42,rider,0.05,0.5,region_crc,segformer_b2_cityscapes,cityscapes_val_half,124
,,,1.0,1000,True,0.0,0.0,1.0,0.484,129,330.0,0.0,False,0.0,0.0,0.0,,,42,rider,0.1,0.5,region_crc,segformer_b2_cityscapes,cityscapes_val_half,124
,,,0.999,999,True,0.11971207087486158,0.11971207087486156,0.018110176548361778,0.484,129,330.0,0.05999999999999994,False,0.1797752808988764,0.047619047619047616,0.0,,,42,rider,0.2,0.5,region_crc,segformer_b2_cityscapes,cityscapes_val_half,124
,,,1.0,1000,True,0.0,0.0,1.0,0.308,173,899.0,0.0,False,0.0,0.0,0.0,,,42,bicycle,0.05,0.1,region_crc,segformer_b2_cityscapes,cityscapes_val_half,172
,,,0.999,999,True,0.05404714906159993,0.05404714906159992,0.03030720353126526,0.308,173,899.0,0.05999999999999994,False,0.10570824524312897,0.011363636363636364,0.0,,,42,bicycle,0.1,0.1,region_crc,segformer_b2_cityscapes,cityscapes_val_half,172
,,,0.991,991,True,0.1582353821515671,0.1582353821515671,0.017332222312688828,0.308,173,899.0,0.04400000000000004,False,0.2769556025369979,0.045454545454545456,0.0,,,42,bicycle,0.2,0.1,region_crc,segformer_b2_cityscapes,cityscapes_val_half,172
,,,1.0,1000,True,0.0,0.0,1.0,0.308,173,899.0,0.0,False,0.0,0.0,0.0,,,42,bicycle,0.05,0.5,region_crc,segformer_b2_cityscapes,cityscapes_val_half,172
,,,1.0,1000,True,0.0,0.0,1.0,0.308,173,899.0,0.0,False,0.0,0.0,0.0,,,42,bicycle,0.1,0.5,region_crc,segformer_b2_cityscapes,cityscapes_val_half,172
,,,0.996,996,True,0.153826905271992,0.153826905271992,0.021304883062839508,0.308,173,899.0,0.040000000000000036,False,0.23255813953488372,0.07102272727272728,0.0,,,42,bicycle,0.2,0.5,region_crc,segformer_b2_cityscapes,cityscapes_val_half,172
,,,1.0,1000,True,0.0,0.0,,,223,,,False,,,,,,42,max_over_classes,0.05,0.1,shared_crc,segformer_b2_cityscapes,cityscapes_val_half,227
,,,1.0,1000,True,0.0,0.0,1.0,,198,,,False,,,,,,42,person,0.05,0.1,shared_crc,segformer_b2_cityscapes,cityscapes_val_half,227
,,,1.0,1000,True,0.0,0.0,1.0,,129,,,False,,,,,,42,rider,0.05,0.1,shared_crc,segformer_b2_cityscapes,cityscapes_val_half,227
,,,1.0,1000,True,0.0,0.0,1.0,,173,,,False,,,,,,42,bicycle,0.05,0.1,shared_crc,segformer_b2_cityscapes,cityscapes_val_half,227
,,,1.0,1000,True,0.0,0.0,,,223,,,False,,,,,,42,max_over_classes,0.1,0.1,shared_crc,segformer_b2_cityscapes,cityscapes_val_half,227
,,,1.0,1000,True,0.0,0.0,1.0,,198,,,False,,,,,,42,person,0.1,0.1,shared_crc,segformer_b2_cityscapes,cityscapes_val_half,227
,,,1.0,1000,True,0.0,0.0,1.0,,129,,,False,,,,,,42,rider,0.1,0.1,shared_crc,segformer_b2_cityscapes,cityscapes_val_half,227
,,,1.0,1000,True,0.0,0.0,1.0,,173,,,False,,,,,,42,bicycle,0.1,0.1,shared_crc,segformer_b2_cityscapes,cityscapes_val_half,227
,,,0.997,997,True,0.1940434293632311,0.1940434293632311,,,223,,,False,,,,,,42,max_over_classes,0.2,0.1,shared_crc,segformer_b2_cityscapes,cityscapes_val_half,227
,,,0.997,997,True,0.06675666247037858,0.06675666247037858,0.045045457780361176,,198,,,False,,,,,,42,person,0.2,0.1,shared_crc,segformer_b2_cityscapes,cityscapes_val_half,227
,,,0.997,997,True,0.1774640088593577,0.1774640088593577,0.012911378405988216,,129,,,False,,,,,,42,rider,0.2,0.1,shared_crc,segformer_b2_cityscapes,cityscapes_val_half,227
,,,0.997,997,True,0.09757852135019765,0.09757852135019765,0.022943751886487007,,173,,,False,,,,,,42,bicycle,0.2,0.1,shared_crc,segformer_b2_cityscapes,cityscapes_val_half,227
,,,1.0,1000,True,0.0,0.0,,,223,,,False,,,,,,42,max_over_classes,0.05,0.5,shared_crc,segformer_b2_cityscapes,cityscapes_val_half,227
,,,1.0,1000,True,0.0,0.0,1.0,,198,,,False,,,,,,42,person,0.05,0.5,shared_crc,segformer_b2_cityscapes,cityscapes_val_half,227
,,,1.0,1000,True,0.0,0.0,1.0,,129,,,False,,,,,,42,rider,0.05,0.5,shared_crc,segformer_b2_cityscapes,cityscapes_val_half,227
,,,1.0,1000,True,0.0,0.0,1.0,,173,,,False,,,,,,42,bicycle,0.05,0.5,shared_crc,segformer_b2_cityscapes,cityscapes_val_half,227
,,,1.0,1000,True,0.0,0.0,,,223,,,False,,,,,,42,max_over_classes,0.1,0.5,shared_crc,segformer_b2_cityscapes,cityscapes_val_half,227
,,,1.0,1000,True,0.0,0.0,1.0,,198,,,False,,,,,,42,person,0.1,0.5,shared_crc,segformer_b2_cityscapes,cityscapes_val_half,227
,,,1.0,1000,True,0.0,0.0,1.0,,129,,,False,,,,,,42,rider,0.1,0.5,shared_crc,segformer_b2_cityscapes,cityscapes_val_half,227
,,,1.0,1000,True,0.0,0.0,1.0,,173,,,False,,,,,,42,bicycle,0.1,0.5,shared_crc,segformer_b2_cityscapes,cityscapes_val_half,227
,,,0.999,999,True,0.14168531786834831,0.14168531786834831,,,223,,,False,,,,,,42,max_over_classes,0.2,0.5,shared_crc,segformer_b2_cityscapes,cityscapes_val_half,227
,,,0.999,999,True,0.038104065067781176,0.038104065067781176,0.05671130493283272,,198,,,False,,,,,,42,person,0.2,0.5,shared_crc,segformer_b2_cityscapes,cityscapes_val_half,227
,,,0.999,999,True,0.11971207087486158,0.11971207087486158,0.018110176548361778,,129,,,False,,,,,,42,rider,0.2,0.5,shared_crc,segformer_b2_cityscapes,cityscapes_val_half,227
,,,0.999,999,True,0.08698907867983012,0.08698907867983012,0.03030720353126526,,173,,,False,,,,,,42,bicycle,0.2,0.5,shared_crc,segformer_b2_cityscapes,cityscapes_val_half,227
,,,0.999,999,True,0.030273018560181813,0.030273018560181813,0.05685323849320412,0.196,201,1361.0,0.04799999999999999,False,0.0398936170212766,0.002173913043478261,0.0,,,43,person,0.05,0.1,region_crc,segformer_b2_cityscapes,cityscapes_val_half,201
,,,0.996,996,True,0.07811331397510408,0.0781133139751041,0.042690131813287735,0.196,201,1361.0,0.05199999999999999,False,0.08377659574468085,0.008695652173913044,0.0,,,43,person,0.1,0.1,region_crc,segformer_b2_cityscapes,cityscapes_val_half,201
,,,0.983,983,True,0.147037071911038,0.147037071911038,0.031460799276828766,6.132,201,1361.0,0.052000000000000046,False,0.1675531914893617,0.02391304347826087,0.0,,,43,person,0.2,0.1,region_crc,segformer_b2_cityscapes,cityscapes_val_half,201
,,,1.0,1000,True,0.0,0.0,1.0,0.196,201,1361.0,0.0,False,0.0,0.0,0.0,,,43,person,0.05,0.5,region_crc,segformer_b2_cityscapes,cityscapes_val_half,201
,,,0.998,998,True,0.08619591683382635,0.08619591683382635,0.04930737242102623,0.196,201,1361.0,0.04400000000000004,False,0.0851063829787234,0.017391304347826087,0.0,,,43,person,0.1,0.5,region_crc,segformer_b2_cityscapes,cityscapes_val_half,201
,,,0.992,992,True,0.1539959298027317,0.1539959298027317,0.03690538927912712,0.196,201,1361.0,0.052000000000000046,False,0.16888297872340424,0.043478260869565216,0.0,,,43,person,0.2,0.5,region_crc,segformer_b2_cityscapes,cityscapes_val_half,201
,,,1.0,1000,True,0.0,0.0,1.0,0.464,134,358.0,0.0,False,0.0,0.0,0.0,,,43,rider,0.05,0.1,region_crc,segformer_b2_cityscapes,cityscapes_val_half,119
,,,1.0,1000,True,0.0,0.0,1.0,0.464,134,358.0,0.0,False,0.0,0.0,0.0,,,43,rider,0.1,0.1,region_crc,segformer_b2_cityscapes,cityscapes_val_half,119
,,,0.999,999,True,0.07071783937455578,0.0707178393745558,0.019121773540973663,0.464,134,358.0,0.068,False,0.12365591397849462,0.022556390977443608,0.0,,,43,rider,0.2,0.1,region_crc,segformer_b2_cityscapes,cityscapes_val_half,119
,,,1.0,1000,True,0.0,0.0,1.0,0.464,134,358.0,0.0,False,0.0,0.0,0.0,,,43,rider,0.05,0.5,region_crc,segformer_b2_cityscapes,cityscapes_val_half,119
,,,1.0,1000,True,0.0,0.0,1.0,0.464,134,358.0,0.0,False,0.0,0.0,0.0,,,43,rider,0.1,0.5,region_crc,segformer_b2_cityscapes,cityscapes_val_half,119
,,,1.0,1000,True,0.0,0.0,1.0,0.464,134,358.0,0.0,False,0.0,0.0,0.0,,,43,rider,0.2,0.5,region_crc,segformer_b2_cityscapes,cityscapes_val_half,119
,,,1.0,1000,True,0.0,0.0,1.0,0.296,176,867.0,0.0,False,0.0,0.0,0.0,,,43,bicycle,0.05,0.1,region_crc,segformer_b2_cityscapes,cityscapes_val_half,169
,,,0.999,999,True,0.04695832103502558,0.04695832103502559,0.03266337513923645,0.296,176,867.0,0.07199999999999995,False,0.09382151029748284,0.00911854103343465,0.0,,,43,bicycle,0.1,0.1,region_crc,segformer_b2_cityscapes,cityscapes_val_half,169
,,,0.992,992,True,0.1408450372228781,0.1408450372228781,0.0207328163087368,0.296,176,867.0,0.07200000000000006,False,0.2379862700228833,0.0425531914893617,0.0,,,43,bicycle,0.2,0.1,region_crc,segformer_b2_cityscapes,cityscapes_val_half,169
,,,1.0,1000,True,0.0,0.0,1.0,0.296,176,867.0,0.0,False,0.0,0.0,0.0,,,43,bicycle,0.05,0.5,region_crc,segformer_b2_cityscapes,cityscapes_val_half,169
,,,1.0,1000,True,0.0,0.0,1.0,0.296,176,867.0,0.0,False,0.0,0.0,0.0,,,43,bicycle,0.1,0.5,region_crc,segformer_b2_cityscapes,cityscapes_val_half,169
,,,0.997,997,True,0.13590654925882198,0.13590654925882198,0.02560357004404068,0.296,176,867.0,0.06800000000000006,False,0.2151029748283753,0.0547112462006079,0.0,,,43,bicycle,0.2,0.5,region_crc,segformer_b2_cityscapes,cityscapes_val_half,169
,,,1.0,1000,True,0.0,0.0,,,225,,,False,,,,,,43,max_over_classes,0.05,0.1,shared_crc,segformer_b2_cityscapes,cityscapes_val_half,225
,,,1.0,1000,True,0.0,0.0,1.0,,201,,,False,,,,,,43,person,0.05,0.1,shared_crc,segformer_b2_cityscapes,cityscapes_val_half,225
,,,1.0,1000,True,0.0,0.0,1.0,,134,,,False,,,,,,43,rider,0.05,0.1,shared_crc,segformer_b2_cityscapes,cityscapes_val_half,225
,,,1.0,1000,True,0.0,0.0,1.0,,176,,,False,,,,,,43,bicycle,0.05,0.1,shared_crc,segformer_b2_cityscapes,cityscapes_val_half,225
,,,1.0,1000,True,0.0,0.0,,,225,,,False,,,,,,43,max_over_classes,0.1,0.1,shared_crc,segformer_b2_cityscapes,cityscapes_val_half,225
,,,1.0,1000,True,0.0,0.0,1.0,,201,,,False,,,,,,43,person,0.1,0.1,shared_crc,segformer_b2_cityscapes,cityscapes_val_half,225
,,,1.0,1000,True,0.0,0.0,1.0,,134,,,False,,,,,,43,rider,0.1,0.1,shared_crc,segformer_b2_cityscapes,cityscapes_val_half,225
,,,1.0,1000,True,0.0,0.0,1.0,,176,,,False,,,,,,43,bicycle,0.1,0.1,shared_crc,segformer_b2_cityscapes,cityscapes_val_half,225
,,,0.998,998,True,0.11678861482514734,0.11678861482514734,,,225,,,False,,,,,,43,max_over_classes,0.2,0.1,shared_crc,segformer_b2_cityscapes,cityscapes_val_half,225
,,,0.998,998,True,0.04477102055818381,0.04477102055818381,0.04930737242102623,,201,,,False,,,,,,43,person,0.2,0.1,shared_crc,segformer_b2_cityscapes,cityscapes_val_half,225
,,,0.998,998,True,0.09646410803127221,0.09646410803127221,0.015684593468904495,,134,,,False,,,,,,43,rider,0.2,0.1,shared_crc,segformer_b2_cityscapes,cityscapes_val_half,225
,,,0.998,998,True,0.059711666174734356,0.059711666174734356,0.028003226965665817,,176,,,False,,,,,,43,bicycle,0.2,0.1,shared_crc,segformer_b2_cityscapes,cityscapes_val_half,225
,,,1.0,1000,True,0.0,0.0,,,225,,,False,,,,,,43,max_over_classes,0.05,0.5,shared_crc,segformer_b2_cityscapes,cityscapes_val_half,225
,,,1.0,1000,True,0.0,0.0,1.0,,201,,,False,,,,,,43,person,0.05,0.5,shared_crc,segformer_b2_cityscapes,cityscapes_val_half,225
,,,1.0,1000,True,0.0,0.0,1.0,,134,,,False,,,,,,43,rider,0.05,0.5,shared_crc,segformer_b2_cityscapes,cityscapes_val_half,225
,,,1.0,1000,True,0.0,0.0,1.0,,176,,,False,,,,,,43,bicycle,0.05,0.5,shared_crc,segformer_b2_cityscapes,cityscapes_val_half,225
,,,1.0,1000,True,0.0,0.0,,,225,,,False,,,,,,43,max_over_classes,0.1,0.5,shared_crc,segformer_b2_cityscapes,cityscapes_val_half,225
,,,1.0,1000,True,0.0,0.0,1.0,,201,,,False,,,,,,43,person,0.1,0.5,shared_crc,segformer_b2_cityscapes,cityscapes_val_half,225
,,,1.0,1000,True,0.0,0.0,1.0,,134,,,False,,,,,,43,rider,0.1,0.5,shared_crc,segformer_b2_cityscapes,cityscapes_val_half,225
,,,1.0,1000,True,0.0,0.0,1.0,,176,,,False,,,,,,43,bicycle,0.1,0.5,shared_crc,segformer_b2_cityscapes,cityscapes_val_half,225
,,,1.0,1000,True,0.0,0.0,,,225,,,False,,,,,,43,max_over_classes,0.2,0.5,shared_crc,segformer_b2_cityscapes,cityscapes_val_half,225
,,,1.0,1000,True,0.0,0.0,1.0,,201,,,False,,,,,,43,person,0.2,0.5,shared_crc,segformer_b2_cityscapes,cityscapes_val_half,225
,,,1.0,1000,True,0.0,0.0,1.0,,134,,,False,,,,,,43,rider,0.2,0.5,shared_crc,segformer_b2_cityscapes,cityscapes_val_half,225
,,,1.0,1000,True,0.0,0.0,1.0,,176,,,False,,,,,,43,bicycle,0.2,0.5,shared_crc,segformer_b2_cityscapes,cityscapes_val_half,225
,,,0.998,998,True,0.055891161742928845,0.055891161742928845,0.05021584406495094,0.172,207,1404.0,0.06399999999999995,False,0.08683853459972862,0.009671179883945842,0.0,,,44,person,0.05,0.1,region_crc,segformer_b2_cityscapes,cityscapes_val_half,195
,,,0.991,991,True,0.13654829018482717,0.13654829018482714,0.03670453652739525,0.172,207,1404.0,0.06000000000000005,False,0.18453188602442333,0.027079303675048357,0.0,,,44,person,0.1,0.1,region_crc,segformer_b2_cityscapes,cityscapes_val_half,195
,,,0.97,970,True,0.23189622293610418,0.2318962229361042,0.02841002866625786,6.16,207,1404.0,0.07200000000000006,False,0.31614654002713705,0.05415860735009671,0.0,,,44,person,0.2,0.1,region_crc,segformer_b2_cityscapes,cityscapes_val_half,195
,,,0.999,999,True,0.06418008386035337,0.06418008386035337,0.05789630860090256,0.172,207,1404.0,0.06000000000000005,False,0.08819538670284939,0.02321083172147002,0.0,,,44,person,0.05,0.5,region_crc,segformer_b2_cityscapes,cityscapes_val_half,195
,,,0.998,998,True,0.09764818757063862,0.09764818757063862,0.05021584406495094,0.172,207,1404.0,0.06399999999999995,False,0.11668928086838534,0.03481624758220503,0.0,,,44,person,0.1,0.5,region_crc,segformer_b2_cityscapes,cityscapes_val_half,195
,,,0.988,988,True,0.21858329458694398,0.21858329458694398,0.03455151244997978,0.172,207,1404.0,0.06000000000000005,False,0.27544097693351427,0.0735009671179884,0.0,,,44,person,0.2,0.5,region_crc,segformer_b2_cityscapes,cityscapes_val_half,195
,,,1.0,1000,True,0.0,0.0,1.0,0.46,135,381.0,0.0,False,0.0,0.0,0.0,,,44,rider,0.05,0.1,region_crc,segformer_b2_cityscapes,cityscapes_val_half,118
,,,1.0,1000,True,0.0,0.0,1.0,0.46,135,381.0,0.0,False,0.0,0.0,0.0,,,44,rider,0.1,0.1,region_crc,segformer_b2_cityscapes,cityscapes_val_half,118
,,,0.998,998,True,0.14255731922398587,0.14255731922398587,0.015292251482605934,0.46,135,381.0,0.11599999999999999,False,0.20454545454545456,0.047619047619047616,0.0,,,44,rider,0.2,0.1,region_crc,segformer_b2_cityscapes,cityscapes_val_half,118
,,,1.0,1000,True,0.0,0.0,1.0,0.46,135,381.0,0.0,False,0.0,0.0,0.0,,,44,rider,0.05,0.5,region_crc,segformer_b2_cityscapes,cityscapes_val_half,118
,,,1.0,1000,True,0.0,0.0,1.0,0.46,135,381.0,0.0,False,0.0,0.0,0.0,,,44,rider,0.1,0.5,region_crc,segformer_b2_cityscapes,cityscapes_val_half,118
,,,0.999,999,True,0.1390593768371546,0.1390593768371546,0.018883543089032173,0.46,135,381.0,0.12400000000000003,False,0.19090909090909092,0.06349206349206349,0.05714285714285714,,,44,rider,0.2,0.5,region_crc,segformer_b2_cityscapes,cityscapes_val_half,118
,,,1.0,1000,True,0.0,0.0,1.0,0.296,176,844.0,0.0,False,0.0,0.0,0.0,,,44,bicycle,0.05,0.1,region_crc,segformer_b2_cityscapes,cityscapes_val_half,169
,,,0.998,998,True,0.09049347117528936,0.09049347117528936,0.026240725070238113,0.296,176,844.0,0.084,False,0.13151927437641722,0.015527950310559006,0.0,,,44,bicycle,0.1,0.1,region_crc,segformer_b2_cityscapes,cityscapes_val_half,169
,,,0.992,992,True,0.14650214053623142,0.14650214053623145,0.01888234354555607,0.296,176,844.0,0.096,False,0.23356009070294784,0.040372670807453416,0.0,,,44,bicycle,0.2,0.1,region_crc,segformer_b2_cityscapes,cityscapes_val_half,169
,,,1.0,1000,True,0.0,0.0,1.0,0.296,176,844.0,0.0,False,0.0,0.0,0.0,,,44,bicycle,0.05,0.5,region_crc,segformer_b2_cityscapes,cityscapes_val_half,169
,,,1.0,1000,True,0.0,0.0,1.0,0.296,176,844.0,0.0,False,0.0,0.0,0.0,,,44,bicycle,0.1,0.5,region_crc,segformer_b2_cityscapes,cityscapes_val_half,169
,,,0.996,996,True,0.15218492050878416,0.15218492050878416,0.02225210890173912,0.296,176,844.0,0.08800000000000002,False,0.2290249433106576,0.062111801242236024,0.012345679012345678,,,44,bicycle,0.2,0.5,region_crc,segformer_b2_cityscapes,cityscapes_val_half,169
,,,1.0,1000,True,0.0,0.0,,,226,,,False,,,,,,44,max_over_classes,0.05,0.1,shared_crc,segformer_b2_cityscapes,cityscapes_val_half,224
,,,1.0,1000,True,0.0,0.0,1.0,,207,,,False,,,,,,44,person,0.05,0.1,shared_crc,segformer_b2_cityscapes,cityscapes_val_half,224
,,,1.0,1000,True,0.0,0.0,1.0,,135,,,False,,,,,,44,rider,0.05,0.1,shared_crc,segformer_b2_cityscapes,cityscapes_val_half,224
,,,1.0,1000,True,0.0,0.0,1.0,,176,,,False,,,,,,44,bicycle,0.05,0.1,shared_crc,segformer_b2_cityscapes,cityscapes_val_half,224
,,,1.0,1000,True,0.0,0.0,,,226,,,False,,,,,,44,max_over_classes,0.1,0.1,shared_crc,segformer_b2_cityscapes,cityscapes_val_half,224
,,,1.0,1000,True,0.0,0.0,1.0,,207,,,False,,,,,,44,person,0.1,0.1,shared_crc,segformer_b2_cityscapes,cityscapes_val_half,224
,,,1.0,1000,True,0.0,0.0,1.0,,135,,,False,,,,,,44,rider,0.1,0.1,shared_crc,segformer_b2_cityscapes,cityscapes_val_half,224
,,,1.0,1000,True,0.0,0.0,1.0,,176,,,False,,,,,,44,bicycle,0.1,0.1,shared_crc,segformer_b2_cityscapes,cityscapes_val_half,224
,,,0.998,998,True,0.15556094675563703,0.15556094675563703,,,226,,,False,,,,,,44,max_over_classes,0.2,0.1,shared_crc,segformer_b2_cityscapes,cityscapes_val_half,224
,,,0.998,998,True,0.055891161742928845,0.055891161742928845,0.05021584406495094,,207,,,False,,,,,,44,person,0.2,0.1,shared_crc,segformer_b2_cityscapes,cityscapes_val_half,224
,,,0.998,998,True,0.14255731922398587,0.14255731922398587,0.015292251482605934,,135,,,False,,,,,,44,rider,0.2,0.1,shared_crc,segformer_b2_cityscapes,cityscapes_val_half,224
,,,0.998,998,True,0.09049347117528936,0.09049347117528936,0.026240725070238113,,176,,,False,,,,,,44,bicycle,0.2,0.1,shared_crc,segformer_b2_cityscapes,cityscapes_val_half,224
,,,1.0,1000,True,0.0,0.0,,,226,,,False,,,,,,44,max_over_classes,0.05,0.5,shared_crc,segformer_b2_cityscapes,cityscapes_val_half,224
,,,1.0,1000,True,0.0,0.0,1.0,,207,,,False,,,,,,44,person,0.05,0.5,shared_crc,segformer_b2_cityscapes,cityscapes_val_half,224
,,,1.0,1000,True,0.0,0.0,1.0,,135,,,False,,,,,,44,rider,0.05,0.5,shared_crc,segformer_b2_cityscapes,cityscapes_val_half,224
,,,1.0,1000,True,0.0,0.0,1.0,,176,,,False,,,,,,44,bicycle,0.05,0.5,shared_crc,segformer_b2_cityscapes,cityscapes_val_half,224
,,,1.0,1000,True,0.0,0.0,,,226,,,False,,,,,,44,max_over_classes,0.1,0.5,shared_crc,segformer_b2_cityscapes,cityscapes_val_half,224
,,,1.0,1000,True,0.0,0.0,1.0,,207,,,False,,,,,,44,person,0.1,0.5,shared_crc,segformer_b2_cityscapes,cityscapes_val_half,224
,,,1.0,1000,True,0.0,0.0,1.0,,135,,,False,,,,,,44,rider,0.1,0.5,shared_crc,segformer_b2_cityscapes,cityscapes_val_half,224
,,,1.0,1000,True,0.0,0.0,1.0,,176,,,False,,,,,,44,bicycle,0.1,0.5,shared_crc,segformer_b2_cityscapes,cityscapes_val_half,224
,,,0.999,999,True,0.17433003124374807,0.17433003124374807,,,226,,,False,,,,,,44,max_over_classes,0.2,0.5,shared_crc,segformer_b2_cityscapes,cityscapes_val_half,224
,,,0.999,999,True,0.06418008386035337,0.06418008386035337,0.05789630860090256,,207,,,False,,,,,,44,person,0.2,0.5,shared_crc,segformer_b2_cityscapes,cityscapes_val_half,224
,,,0.999,999,True,0.1390593768371546,0.1390593768371546,0.018883543089032173,,135,,,False,,,,,,44,rider,0.2,0.5,shared_crc,segformer_b2_cityscapes,cityscapes_val_half,224
,,,0.999,999,True,0.11094186747595837,0.11094186747595837,0.030969908460974693,,176,,,False,,,,,,44,bicycle,0.2,0.5,shared_crc,segformer_b2_cityscapes,cityscapes_val_half,224
,,,0.999,999,True,0.043956806688219045,0.043956806688219045,0.05414896458387375,0.212,197,1216.0,0.136,False,0.07232704402515723,0.01141552511415525,0.0,,,45,person,0.05,0.1,region_crc,segformer_b2_cityscapes,cityscapes_val_half,205
,,,0.993,993,True,0.11237877060510683,0.11237877060510683,0.03610220551490784,0.212,197,1216.0,0.10800000000000004,False,0.15566037735849056,0.02511415525114155,0.0,,,45,person,0.1,0.1,region_crc,segformer_b2_cityscapes,cityscapes_val_half,205
,,,0.967,967,True,0.2527786646628092,0.2527786646628092,0.02607319876551628,5.992,197,1216.0,0.10400000000000004,False,0.33647798742138363,0.0776255707762557,0.0,,,45,person,0.2,0.1,region_crc,segformer_b2_cityscapes,cityscapes_val_half,205
,,,0.999,999,True,0.06384244840127193,0.06384244840127193,0.05414896458387375,0.212,197,1216.0,0.136,False,0.09119496855345911,0.02054794520547945,0.0,,,45,person,0.05,0.5,region_crc,segformer_b2_cityscapes,cityscapes_val_half,205
,,,0.997,997,True,0.1300132018816701,0.1300132018816701,0.043118271976709366,0.212,197,1216.0,0.128,False,0.1540880503144654,0.04794520547945205,0.0,,,45,person,0.1,0.5,region_crc,segformer_b2_cityscapes,cityscapes_val_half,205
,,,0.986,986,True,0.2541098234402206,0.2541098234402206,0.03124719113111496,5.992,197,1216.0,0.10800000000000004,False,0.3018867924528302,0.09360730593607305,0.0,,,45,person,0.2,0.5,region_crc,segformer_b2_cityscapes,cityscapes_val_half,205
,,,1.0,1000,True,0.0,0.0,1.0,0.5,125,356.0,0.0,False,0.0,0.0,0.0,,,45,rider,0.05,0.1,region_crc,segformer_b2_cityscapes,cityscapes_val_half,128
,,,0.999,999,True,0.11998534798534798,0.11998534798534798,0.016704192385077477,0.5,125,356.0,0.12000000000000005,False,0.16748768472906403,0.0234375,0.0,,,45,rider,0.1,0.1,region_crc,segformer_b2_cityscapes,cityscapes_val_half,128
,,,0.997,997,True,0.19069674769674771,0.19069674769674771,0.011769119650125504,0.5,125,356.0,0.09599999999999997,False,0.24630541871921183,0.0546875,0.0,,,45,rider,0.2,0.1,region_crc,segformer_b2_cityscapes,cityscapes_val_half,128
,,,1.0,1000,True,0.0,0.0,1.0,0.5,125,356.0,0.0,False,0.0,0.0,0.0,,,45,rider,0.05,0.5,region_crc,segformer_b2_cityscapes,cityscapes_val_half,128
,,,1.0,1000,True,0.0,0.0,1.0,0.5,125,356.0,0.0,False,0.0,0.0,0.0,,,45,rider,0.1,0.5,region_crc,segformer_b2_cityscapes,cityscapes_val_half,128
,,,0.999,999,True,0.16668376068376067,0.16668376068376067,0.016704192385077477,0.5,125,356.0,0.12000000000000005,False,0.19704433497536947,0.0390625,0.08,,,45,rider,0.2,0.5,region_crc,segformer_b2_cityscapes,cityscapes_val_half,128
,,,1.0,1000,True,0.0,0.0,1.0,0.292,177,819.0,0.0,False,0.0,0.0,0.0,,,45,bicycle,0.05,0.1,region_crc,segformer_b2_cityscapes,cityscapes_val_half,168
,,,0.999,999,True,0.058082603209721854,0.058082603209721854,0.028753068298101425,0.292,177,819.0,0.09199999999999997,False,0.11475409836065574,0.003125,0.0,,,45,bicycle,0.1,0.1,region_crc,segformer_b2_cityscapes,cityscapes_val_half,168
,,,0.989,989,True,0.20160599758057382,0.20160599758057388,0.016001123934984207,0.292,177,819.0,0.10800000000000004,False,0.3091334894613583,0.053125,0.0,,,45,bicycle,0.2,0.1,region_crc,segformer_b2_cityscapes,cityscapes_val_half,168
,,,1.0,1000,True,0.0,0.0,1.0,0.292,177,819.0,0.0,False,0.0,0.0,0.0,,,45,bicycle,0.05,0.5,region_crc,segformer_b2_cityscapes,cityscapes_val_half,168
,,,1.0,1000,True,0.0,0.0,1.0,0.292,177,819.0,0.0,False,0.0,0.0,0.0,,,45,bicycle,0.1,0.5,region_crc,segformer_b2_cityscapes,cityscapes_val_half,168
,,,0.995,995,True,0.17334260999515233,0.17334260999515239,0.019322918727993965,0.292,177,819.0,0.10399999999999998,False,0.27634660421545665,0.0625,0.0,,,45,bicycle,0.2,0.5,region_crc,segformer_b2_cityscapes,cityscapes_val_half,168
,,,1.0,1000,True,0.0,0.0,,,225,,,False,,,,,,45,max_over_classes,0.05,0.1,shared_crc,segformer_b2_cityscapes,cityscapes_val_half,225
,,,1.0,1000,True,0.0,0.0,1.0,,197,,,False,,,,,,45,person,0.05,0.1,shared_crc,segformer_b2_cityscapes,cityscapes_val_half,225
,,,1.0,1000,True,0.0,0.0,1.0,,125,,,False,,,,,,45,rider,0.05,0.1,shared_crc,segformer_b2_cityscapes,cityscapes_val_half,225
,,,1.0,1000,True,0.0,0.0,1.0,,177,,,False,,,,,,45,bicycle,0.05,0.1,shared_crc,segformer_b2_cityscapes,cityscapes_val_half,225
,,,1.0,1000,True,0.0,0.0,,,225,,,False,,,,,,45,max_over_classes,0.1,0.1,shared_crc,segformer_b2_cityscapes,cityscapes_val_half,225
,,,1.0,1000,True,0.0,0.0,1.0,,197,,,False,,,,,,45,person,0.1,0.1,shared_crc,segformer_b2_cityscapes,cityscapes_val_half,225
,,,1.0,1000,True,0.0,0.0,1.0,,125,,,False,,,,,,45,rider,0.1,0.1,shared_crc,segformer_b2_cityscapes,cityscapes_val_half,225
,,,1.0,1000,True,0.0,0.0,1.0,,177,,,False,,,,,,45,bicycle,0.1,0.1,shared_crc,segformer_b2_cityscapes,cityscapes_val_half,225
,,,0.997,997,True,0.20463519994892543,0.20463519994892543,,,225,,,False,,,,,,45,max_over_classes,0.2,0.1,shared_crc,segformer_b2_cityscapes,cityscapes_val_half,225
,,,0.997,997,True,0.08008447625497492,0.08008447625497492,0.043118271976709366,,197,,,False,,,,,,45,person,0.2,0.1,shared_crc,segformer_b2_cityscapes,cityscapes_val_half,225
,,,0.997,997,True,0.19069674769674771,0.19069674769674771,0.011769119650125504,,125,,,False,,,,,,45,rider,0.2,0.1,shared_crc,segformer_b2_cityscapes,cityscapes_val_half,225
,,,0.997,997,True,0.09723176227413517,0.09723176227413517,0.02191675640642643,,177,,,False,,,,,,45,bicycle,0.2,0.1,shared_crc,segformer_b2_cityscapes,cityscapes_val_half,225
,,,1.0,1000,True,0.0,0.0,,,225,,,False,,,,,,45,max_over_classes,0.05,0.5,shared_crc,segformer_b2_cityscapes,cityscapes_val_half,225
,,,1.0,1000,True,0.0,0.0,1.0,,197,,,False,,,,,,45,person,0.05,0.5,shared_crc,segformer_b2_cityscapes,cityscapes_val_half,225
,,,1.0,1000,True,0.0,0.0,1.0,,125,,,False,,,,,,45,rider,0.05,0.5,shared_crc,segformer_b2_cityscapes,cityscapes_val_half,225
,,,1.0,1000,True,0.0,0.0,1.0,,177,,,False,,,,,,45,bicycle,0.05,0.5,shared_crc,segformer_b2_cityscapes,cityscapes_val_half,225
,,,1.0,1000,True,0.0,0.0,,,225,,,False,,,,,,45,max_over_classes,0.1,0.5,shared_crc,segformer_b2_cityscapes,cityscapes_val_half,225
,,,1.0,1000,True,0.0,0.0,1.0,,197,,,False,,,,,,45,person,0.1,0.5,shared_crc,segformer_b2_cityscapes,cityscapes_val_half,225
,,,1.0,1000,True,0.0,0.0,1.0,,125,,,False,,,,,,45,rider,0.1,0.5,shared_crc,segformer_b2_cityscapes,cityscapes_val_half,225
,,,1.0,1000,True,0.0,0.0,1.0,,177,,,False,,,,,,45,bicycle,0.1,0.5,shared_crc,segformer_b2_cityscapes,cityscapes_val_half,225
,,,0.999,999,True,0.18033402581441796,0.18033402581441796,,,225,,,False,,,,,,45,max_over_classes,0.2,0.5,shared_crc,segformer_b2_cityscapes,cityscapes_val_half,225
,,,0.999,999,True,0.06384244840127193,0.06384244840127193,0.05414896458387375,,197,,,False,,,,,,45,person,0.2,0.5,shared_crc,segformer_b2_cityscapes,cityscapes_val_half,225
,,,0.999,999,True,0.16668376068376067,0.16668376068376067,0.016704192385077477,,125,,,False,,,,,,45,rider,0.2,0.5,shared_crc,segformer_b2_cityscapes,cityscapes_val_half,225
,,,0.999,999,True,0.09717632493056222,0.09717632493056222,0.028753068298101425,,177,,,False,,,,,,45,bicycle,0.2,0.5,shared_crc,segformer_b2_cityscapes,cityscapes_val_half,225
,,,0.999,999,True,0.042896495600661534,0.042896495600661534,0.056250959634780884,0.228,193,1336.0,0.09599999999999997,False,0.056338028169014086,0.010416666666666666,0.0,,,46,person,0.05,0.1,region_crc,segformer_b2_cityscapes,cityscapes_val_half,209
,,,0.996,996,True,0.08261866174769815,0.08261866174769814,0.042592957615852356,0.228,193,1336.0,0.07200000000000001,False,0.09577464788732394,0.020833333333333332,0.0,,,46,person,0.1,0.1,region_crc,segformer_b2_cityscapes,cityscapes_val_half,209
,,,0.979,979,True,0.17606751684536057,0.17606751684536057,0.03040807694196701,5.964,193,1336.0,0.052000000000000046,False,0.2056338028169014,0.05,0.0,,,46,person,0.2,0.1,region_crc,segformer_b2_cityscapes,cityscapes_val_half,209
,,,1.0,1000,True,0.0,0.0,1.0,0.228,193,1336.0,0.0,False,0.0,0.0,0.0,,,46,person,0.05,0.5,region_crc,segformer_b2_cityscapes,cityscapes_val_half,209
,,,0.998,998,True,0.08579600637581998,0.08579600637581997,0.04895182326436043,0.228,193,1336.0,0.07999999999999996,False,0.09295774647887324,0.03125,0.0,,,46,person,0.1,0.5,region_crc,segformer_b2_cityscapes,cityscapes_val_half,209
,,,0.991,991,True,0.17258556414060994,0.17258556414060994,0.03619445115327835,0.228,193,1336.0,0.05600000000000005,False,0.18732394366197183,0.06666666666666667,0.0,,,46,person,0.2,0.5,region_crc,segformer_b2_cityscapes,cityscapes_val_half,209
,,,1.0,1000,True,0.0,0.0,1.0,0.508,123,363.0,0.0,False,0.0,0.0,0.0,,,46,rider,0.05,0.1,region_crc,segformer_b2_cityscapes,cityscapes_val_half,130
,,,1.0,1000,True,0.0,0.0,1.0,0.508,123,363.0,0.0,False,0.0,0.0,0.0,,,46,rider,0.1,0.1,region_crc,segformer_b2_cityscapes,cityscapes_val_half,130
,,,0.998,998,True,0.136996336996337,0.136996336996337,0.013827127404510975,0.508,123,363.0,0.05199999999999999,False,0.2097560975609756,0.03731343283582089,0.0,,,46,rider,0.2,0.1,region_crc,segformer_b2_cityscapes,cityscapes_val_half,130
,,,1.0,1000,True,0.0,0.0,1.0,0.508,123,363.0,0.0,False,0.0,0.0,0.0,,,46,rider,0.05,0.5,region_crc,segformer_b2_cityscapes,cityscapes_val_half,130
,,,1.0,1000,True,0.0,0.0,1.0,0.508,123,363.0,0.0,False,0.0,0.0,0.0,,,46,rider,0.1,0.5,region_crc,segformer_b2_cityscapes,cityscapes_val_half,130
,,,0.999,999,True,0.14173888442181123,0.14173888442181123,0.017208436504006386,0.508,123,363.0,0.068,False,0.2048780487804878,0.04477611940298507,0.08333333333333333,,,46,rider,0.2,0.5,region_crc,segformer_b2_cityscapes,cityscapes_val_half,130
,,,1.0,1000,True,0.0,0.0,1.0,0.336,166,819.0,0.0,False,0.0,0.0,0.0,,,46,bicycle,0.05,0.1,region_crc,segformer_b2_cityscapes,cityscapes_val_half,179
,,,0.999,999,True,0.05321411353037859,0.05321411353037859,0.0290437750518322,0.336,166,819.0,0.10000000000000003,False,0.083710407239819,0.006430868167202572,0.0,,,46,bicycle,0.1,0.1,region_crc,segformer_b2_cityscapes,cityscapes_val_half,179
,,,0.991,991,True,0.16429384704987116,0.16429384704987116,0.016853079199790955,0.336,166,819.0,0.08400000000000007,False,0.2420814479638009,0.04501607717041801,0.0,,,46,bicycle,0.2,0.1,region_crc,segformer_b2_cityscapes,cityscapes_val_half,179
,,,1.0,1000,True,0.0,0.0,1.0,0.336,166,819.0,0.0,False,0.0,0.0,0.0,,,46,bicycle,0.05,0.5,region_crc,segformer_b2_cityscapes,cityscapes_val_half,179
,,,1.0,1000,True,0.0,0.0,1.0,0.336,166,819.0,0.0,False,0.0,0.0,0.0,,,46,bicycle,0.1,0.5,region_crc,segformer_b2_cityscapes,cityscapes_val_half,179
,,,0.996,996,True,0.16075049448543424,0.16075049448543424,0.020587097853422165,0.336,166,819.0,0.07599999999999996,False,0.2081447963800905,0.06430868167202572,0.0,,,46,bicycle,0.2,0.5,region_crc,segformer_b2_cityscapes,cityscapes_val_half,179
,,,1.0,1000,True,0.0,0.0,,,220,,,False,,,,,,46,max_over_classes,0.05,0.1,shared_crc,segformer_b2_cityscapes,cityscapes_val_half,230
,,,1.0,1000,True,0.0,0.0,1.0,,193,,,False,,,,,,46,person,0.05,0.1,shared_crc,segformer_b2_cityscapes,cityscapes_val_half,230
,,,1.0,1000,True,0.0,0.0,1.0,,123,,,False,,,,,,46,rider,0.05,0.1,shared_crc,segformer_b2_cityscapes,cityscapes_val_half,230
,,,1.0,1000,True,0.0,0.0,1.0,,166,,,False,,,,,,46,bicycle,0.05,0.1,shared_crc,segformer_b2_cityscapes,cityscapes_val_half,230
,,,1.0,1000,True,0.0,0.0,,,220,,,False,,,,,,46,max_over_classes,0.1,0.1,shared_crc,segformer_b2_cityscapes,cityscapes_val_half,230
,,,1.0,1000,True,0.0,0.0,1.0,,193,,,False,,,,,,46,person,0.1,0.1,shared_crc,segformer_b2_cityscapes,cityscapes_val_half,230
,,,1.0,1000,True,0.0,0.0,1.0,,123,,,False,,,,,,46,rider,0.1,0.1,shared_crc,segformer_b2_cityscapes,cityscapes_val_half,230
,,,1.0,1000,True,0.0,0.0,1.0,,166,,,False,,,,,,46,bicycle,0.1,0.1,shared_crc,segformer_b2_cityscapes,cityscapes_val_half,230
,,,0.998,998,True,0.14869207765527778,0.14869207765527778,,,220,,,False,,,,,,46,max_over_classes,0.2,0.1,shared_crc,segformer_b2_cityscapes,cityscapes_val_half,230
,,,0.998,998,True,0.05319189967844903,0.05319189967844903,0.04895182326436043,,193,,,False,,,,,,46,person,0.2,0.1,shared_crc,segformer_b2_cityscapes,cityscapes_val_half,230
,,,0.998,998,True,0.136996336996337,0.136996336996337,0.013827127404510975,,123,,,False,,,,,,46,rider,0.2,0.1,shared_crc,segformer_b2_cityscapes,cityscapes_val_half,230
,,,0.998,998,True,0.07351436214388021,0.07351436214388021,0.024474972859025,,166,,,False,,,,,,46,bicycle,0.2,0.1,shared_crc,segformer_b2_cityscapes,cityscapes_val_half,230
,,,1.0,1000,True,0.0,0.0,,,220,,,False,,,,,,46,max_over_classes,0.05,0.5,shared_crc,segformer_b2_cityscapes,cityscapes_val_half,230
,,,1.0,1000,True,0.0,0.0,1.0,,193,,,False,,,,,,46,person,0.05,0.5,shared_crc,segformer_b2_cityscapes,cityscapes_val_half,230
,,,1.0,1000,True,0.0,0.0,1.0,,123,,,False,,,,,,46,rider,0.05,0.5,shared_crc,segformer_b2_cityscapes,cityscapes_val_half,230
,,,1.0,1000,True,0.0,0.0,1.0,,166,,,False,,,,,,46,bicycle,0.05,0.5,shared_crc,segformer_b2_cityscapes,cityscapes_val_half,230
,,,1.0,1000,True,0.0,0.0,,,220,,,False,,,,,,46,max_over_classes,0.1,0.5,shared_crc,segformer_b2_cityscapes,cityscapes_val_half,230
,,,1.0,1000,True,0.0,0.0,1.0,,193,,,False,,,,,,46,person,0.1,0.5,shared_crc,segformer_b2_cityscapes,cityscapes_val_half,230
,,,1.0,1000,True,0.0,0.0,1.0,,123,,,False,,,,,,46,rider,0.1,0.5,shared_crc,segformer_b2_cityscapes,cityscapes_val_half,230
,,,1.0,1000,True,0.0,0.0,1.0,,166,,,False,,,,,,46,bicycle,0.1,0.5,shared_crc,segformer_b2_cityscapes,cityscapes_val_half,230
,,,0.999,999,True,0.157961722152195,0.157961722152195,,,220,,,False,,,,,,46,max_over_classes,0.2,0.5,shared_crc,segformer_b2_cityscapes,cityscapes_val_half,230
,,,0.999,999,True,0.0565885605880633,0.0565885605880633,0.056250959634780884,,193,,,False,,,,,,46,person,0.2,0.5,shared_crc,segformer_b2_cityscapes,cityscapes_val_half,230
,,,0.999,999,True,0.14173888442181123,0.14173888442181123,0.017208436504006386,,123,,,False,,,,,,46,rider,0.2,0.5,shared_crc,segformer_b2_cityscapes,cityscapes_val_half,230
,,,0.999,999,True,0.08269654542244903,0.08269654542244903,0.0290437750518322,,166,,,False,,,,,,46,bicycle,0.2,0.5,shared_crc,segformer_b2_cityscapes,cityscapes_val_half,230
,,,0.999,999,True,0.03217466910907602,0.03217466910907602,0.06092970445752144,0.196,201,1471.0,0.10399999999999998,False,0.047865459249676584,0.003766478342749529,0.0,,,47,person,0.05,0.1,region_crc,segformer_b2_cityscapes,cityscapes_val_half,201
,,,0.995,995,True,0.08960174241399692,0.08960174241399693,0.04449959099292755,0.196,201,1471.0,0.09600000000000003,False,0.11254851228978008,0.01694915254237288,0.0,,,47,person,0.1,0.1,region_crc,segformer_b2_cityscapes,cityscapes_val_half,201
,,,0.976,976,True,0.2025251611991673,0.2025251611991673,0.0325685478746891,6.188,201,1471.0,0.10399999999999998,False,0.25614489003880986,0.04143126177024482,0.0,,,47,person,0.2,0.1,region_crc,segformer_b2_cityscapes,cityscapes_val_half,201
,,,1.0,1000,True,0.0,0.0,1.0,0.196,201,1471.0,0.0,False,0.0,0.0,0.0,,,47,person,0.05,0.5,region_crc,segformer_b2_cityscapes,cityscapes_val_half,201
,,,0.998,998,True,0.09956186244874383,0.09956186244874383,0.053265709429979324,0.196,201,1471.0,0.096,False,0.10090556274256145,0.030131826741996232,0.0,,,47,person,0.1,0.5,region_crc,segformer_b2_cityscapes,cityscapes_val_half,201
,,,0.989,989,True,0.2030172090390349,0.20301720903903492,0.03809839114546776,0.196,201,1471.0,0.09199999999999997,False,0.23673997412677877,0.0696798493408663,0.0,,,47,person,0.2,0.5,region_crc,segformer_b2_cityscapes,cityscapes_val_half,201
,,,1.0,1000,True,0.0,0.0,1.0,0.432,142,404.0,0.0,False,0.0,0.0,0.0,,,47,rider,0.05,0.1,region_crc,segformer_b2_cityscapes,cityscapes_val_half,111
,,,1.0,1000,True,0.0,0.0,1.0,0.432,142,404.0,0.0,False,0.0,0.0,0.0,,,47,rider,0.1,0.1,region_crc,segformer_b2_cityscapes,cityscapes_val_half,111
,,,0.997,997,True,0.1818256078819459,0.1818256078819459,0.013922786340117455,0.432,142,404.0,0.08799999999999997,False,0.2465753424657534,0.0728476821192053,0.0,,,47,rider,0.2,0.1,region_crc,segformer_b2_cityscapes,cityscapes_val_half,111
,,,1.0,1000,True,0.0,0.0,1.0,0.432,142,404.0,0.0,False,0.0,0.0,0.0,,,47,rider,0.05,0.5,region_crc,segformer_b2_cityscapes,cityscapes_val_half,111
,,,1.0,1000,True,0.0,0.0,1.0,0.432,142,404.0,0.0,False,0.0,0.0,0.0,,,47,rider,0.1,0.5,region_crc,segformer_b2_cityscapes,cityscapes_val_half,111
,,,0.999,999,True,0.15393858879774372,0.15393858879774375,0.019453704357147217,0.432,142,404.0,0.09599999999999997,False,0.1963470319634703,0.0728476821192053,0.058823529411764705,,,47,rider,0.2,0.5,region_crc,segformer_b2_cityscapes,cityscapes_val_half,111
,,,1.0,1000,True,0.0,0.0,1.0,0.276,181,928.0,0.0,False,0.0,0.0,0.0,,,47,bicycle,0.05,0.1,region_crc,segformer_b2_cityscapes,cityscapes_val_half,164
,,,0.999,999,True,0.06507514124917439,0.0650751412491744,0.03243332728743553,0.276,181,928.0,0.11200000000000004,False,0.10450819672131148,0.017241379310344827,0.0,,,47,bicycle,0.1,0.1,region_crc,segformer_b2_cityscapes,cityscapes_val_half,164
,,,0.991,991,True,0.16468740743602625,0.16468740743602625,0.019372915849089622,0.276,181,928.0,0.11599999999999999,False,0.2520491803278688,0.04597701149425287,0.0,,,47,bicycle,0.2,0.1,region_crc,segformer_b2_cityscapes,cityscapes_val_half,164
,,,1.0,1000,True,0.0,0.0,1.0,0.276,181,928.0,0.0,False,0.0,0.0,0.0,,,47,bicycle,0.05,0.5,region_crc,segformer_b2_cityscapes,cityscapes_val_half,164
,,,1.0,1000,True,0.0,0.0,1.0,0.276,181,928.0,0.0,False,0.0,0.0,0.0,,,47,bicycle,0.1,0.5,region_crc,segformer_b2_cityscapes,cityscapes_val_half,164
,,,0.996,996,True,0.1631651191043456,0.1631651191043456,0.023374339565634727,0.276,181,928.0,0.11599999999999999,False,0.22745901639344263,0.06609195402298851,0.010869565217391304,,,47,bicycle,0.2,0.5,region_crc,segformer_b2_cityscapes,cityscapes_val_half,164
,,,1.0,1000,True,0.0,0.0,,,229,,,False,,,,,,47,max_over_classes,0.05,0.1,shared_crc,segformer_b2_cityscapes,cityscapes_val_half,221
,,,1.0,1000,True,0.0,0.0,1.0,,201,,,False,,,,,,47,person,0.05,0.1,shared_crc,segformer_b2_cityscapes,cityscapes_val_half,221
,,,1.0,1000,True,0.0,0.0,1.0,,142,,,False,,,,,,47,rider,0.05,0.1,shared_crc,segformer_b2_cityscapes,cityscapes_val_half,221
,,,1.0,1000,True,0.0,0.0,1.0,,181,,,False,,,,,,47,bicycle,0.05,0.1,shared_crc,segformer_b2_cityscapes,cityscapes_val_half,221
,,,1.0,1000,True,0.0,0.0,,,229,,,False,,,,,,47,max_over_classes,0.1,0.1,shared_crc,segformer_b2_cityscapes,cityscapes_val_half,221
,,,1.0,1000,True,0.0,0.0,1.0,,201,,,False,,,,,,47,person,0.1,0.1,shared_crc,segformer_b2_cityscapes,cityscapes_val_half,221
,,,1.0,1000,True,0.0,0.0,1.0,,142,,,False,,,,,,47,rider,0.1,0.1,shared_crc,segformer_b2_cityscapes,cityscapes_val_half,221
,,,1.0,1000,True,0.0,0.0,1.0,,181,,,False,,,,,,47,bicycle,0.1,0.1,shared_crc,segformer_b2_cityscapes,cityscapes_val_half,221
,,,0.997,997,True,0.19433203882525876,0.19433203882525876,,,229,,,False,,,,,,47,max_over_classes,0.2,0.1,shared_crc,segformer_b2_cityscapes,cityscapes_val_half,221
,,,0.997,997,True,0.07131195247586973,0.07131195247586973,0.0492062009871006,,201,,,False,,,,,,47,person,0.2,0.1,shared_crc,segformer_b2_cityscapes,cityscapes_val_half,221
,,,0.997,997,True,0.1818256078819459,0.1818256078819459,0.013922786340117455,,142,,,False,,,,,,47,rider,0.2,0.1,shared_crc,segformer_b2_cityscapes,cityscapes_val_half,221
,,,0.997,997,True,0.09403083871315915,0.09403083871315915,0.025021521374583244,,181,,,False,,,,,,47,bicycle,0.2,0.1,shared_crc,segformer_b2_cityscapes,cityscapes_val_half,221
,,,1.0,1000,True,0.0,0.0,,,229,,,False,,,,,,47,max_over_classes,0.05,0.5,shared_crc,segformer_b2_cityscapes,cityscapes_val_half,221
,,,1.0,1000,True,0.0,0.0,1.0,,201,,,False,,,,,,47,person,0.05,0.5,shared_crc,segformer_b2_cityscapes,cityscapes_val_half,221
,,,1.0,1000,True,0.0,0.0,1.0,,142,,,False,,,,,,47,rider,0.05,0.5,shared_crc,segformer_b2_cityscapes,cityscapes_val_half,221
,,,1.0,1000,True,0.0,0.0,1.0,,181,,,False,,,,,,47,bicycle,0.05,0.5,shared_crc,segformer_b2_cityscapes,cityscapes_val_half,221
,,,1.0,1000,True,0.0,0.0,,,229,,,False,,,,,,47,max_over_classes,0.1,0.5,shared_crc,segformer_b2_cityscapes,cityscapes_val_half,221
,,,1.0,1000,True,0.0,0.0,1.0,,201,,,False,,,,,,47,person,0.1,0.5,shared_crc,segformer_b2_cityscapes,cityscapes_val_half,221
,,,1.0,1000,True,0.0,0.0,1.0,,142,,,False,,,,,,47,rider,0.1,0.5,shared_crc,segformer_b2_cityscapes,cityscapes_val_half,221
,,,1.0,1000,True,0.0,0.0,1.0,,181,,,False,,,,,,47,bicycle,0.1,0.5,shared_crc,segformer_b2_cityscapes,cityscapes_val_half,221
,,,0.999,999,True,0.16742266890221383,0.16742266890221383,,,229,,,False,,,,,,47,max_over_classes,0.2,0.5,shared_crc,segformer_b2_cityscapes,cityscapes_val_half,221
,,,0.999,999,True,0.054202084053484936,0.054202084053484936,0.06092970445752144,,201,,,False,,,,,,47,person,0.2,0.5,shared_crc,segformer_b2_cityscapes,cityscapes_val_half,221
,,,0.999,999,True,0.15393858879774372,0.15393858879774372,0.019453704357147217,,142,,,False,,,,,,47,rider,0.2,0.5,shared_crc,segformer_b2_cityscapes,cityscapes_val_half,221
,,,0.999,999,True,0.10133354214845927,0.10133354214845927,0.03243332728743553,,181,,,False,,,,,,47,bicycle,0.2,0.5,shared_crc,segformer_b2_cityscapes,cityscapes_val_half,221
,,,0.998,998,True,0.057695457132216174,0.057695457132216174,0.05110332369804382,0.18,205,1479.0,0.06400000000000006,False,0.09287531806615776,0.014842300556586271,0.0,,,48,person,0.05,0.1,region_crc,segformer_b2_cityscapes,cityscapes_val_half,197
,,,0.993,993,True,0.12198693729661034,0.12198693729661034,0.03959139436483383,0.18,205,1479.0,0.08000000000000002,False,0.1628498727735369,0.025974025974025976,0.0,,,48,person,0.1,0.1,region_crc,segformer_b2_cityscapes,cityscapes_val_half,197
,,,0.978,978,True,0.1873689862524341,0.1873689862524341,0.03129086643457413,6.252,205,1479.0,0.07999999999999996,False,0.2811704834605598,0.03896103896103896,0.0,,,48,person,0.2,0.1,region_crc,segformer_b2_cityscapes,cityscapes_val_half,197
,,,1.0,1000,True,0.0,0.0,1.0,0.18,205,1479.0,0.0,False,0.0,0.0,0.0,,,48,person,0.05,0.5,region_crc,segformer_b2_cityscapes,cityscapes_val_half,197
,,,0.998,998,True,0.09438432334611446,0.09438432334611449,0.05110332369804382,0.18,205,1479.0,0.06400000000000006,False,0.12468193384223919,0.02411873840445269,0.0,,,48,person,0.1,0.5,region_crc,segformer_b2_cityscapes,cityscapes_val_half,197
,,,0.989,989,True,0.19938570283590296,0.19938570283590296,0.036117203533649445,0.18,205,1479.0,0.08000000000000002,False,0.27353689567430023,0.07050092764378478,0.0,,,48,person,0.2,0.5,region_crc,segformer_b2_cityscapes,cityscapes_val_half,197
,,,1.0,1000,True,0.0,0.0,1.0,0.484,129,367.0,0.0,False,0.0,0.0,0.0,,,48,rider,0.05,0.1,region_crc,segformer_b2_cityscapes,cityscapes_val_half,124
,,,0.999,999,True,0.12700684328591305,0.12700684328591305,0.018824737519025803,0.484,129,367.0,0.08400000000000007,False,0.19117647058823528,0.037037037037037035,0.0,,,48,rider,0.1,0.1,region_crc,segformer_b2_cityscapes,cityscapes_val_half,124
,,,0.996,996,True,0.2531391519763612,0.2531391519763612,0.012251049280166626,0.484,129,367.0,0.07200000000000006,False,0.3480392156862745,0.07407407407407407,0.0,,,48,rider,0.2,0.1,region_crc,segformer_b2_cityscapes,cityscapes_val_half,124
,,,1.0,1000,True,0.0,0.0,1.0,0.484,129,367.0,0.0,False,0.0,0.0,0.0,,,48,rider,0.05,0.5,region_crc,segformer_b2_cityscapes,cityscapes_val_half,124
,,,1.0,1000,True,0.0,0.0,1.0,0.484,129,367.0,0.0,False,0.0,0.0,0.0,,,48,rider,0.1,0.5,region_crc,segformer_b2_cityscapes,cityscapes_val_half,124
,,,0.998,998,True,0.24911552702250378,0.24911552702250372,0.015268987976014614,0.484,129,367.0,0.08800000000000008,False,0.3235294117647059,0.08888888888888889,0.03571428571428571,,,48,rider,0.2,0.5,region_crc,segformer_b2_cityscapes,cityscapes_val_half,124
,,,1.0,1000,True,0.0,0.0,1.0,0.28,180,955.0,0.0,False,0.0,0.0,0.0,,,48,bicycle,0.05,0.1,region_crc,segformer_b2_cityscapes,cityscapes_val_half,165
,,,0.998,998,True,0.08860566131399465,0.08860566131399465,0.026397816836833954,0.28,180,955.0,0.055999999999999994,False,0.12909441233140656,0.013888888888888888,0.0,,,48,bicycle,0.1,0.1,region_crc,segformer_b2_cityscapes,cityscapes_val_half,165
,,,0.978,978,True,0.28100690666174466,0.28100690666174466,0.015180944465100765,3.128,180,955.0,0.06,False,0.4026974951830443,0.09166666666666666,0.0,,,48,bicycle,0.2,0.1,region_crc,segformer_b2_cityscapes,cityscapes_val_half,165
,,,1.0,1000,True,0.0,0.0,1.0,0.28,180,955.0,0.0,False,0.0,0.0,0.0,,,48,bicycle,0.05,0.5,region_crc,segformer_b2_cityscapes,cityscapes_val_half,165
,,,1.0,1000,True,0.0,0.0,1.0,0.28,180,955.0,0.0,False,0.0,0.0,0.0,,,48,bicycle,0.1,0.5,region_crc,segformer_b2_cityscapes,cityscapes_val_half,165
,,,0.992,992,True,0.25637827953045345,0.25637827953045345,0.019083769991993904,0.28,180,955.0,0.048000000000000015,False,0.35067437379576105,0.09444444444444444,0.0,,,48,bicycle,0.2,0.5,region_crc,segformer_b2_cityscapes,cityscapes_val_half,165
,,,1.0,1000,True,0.0,0.0,,,226,,,False,,,,,,48,max_over_classes,0.05,0.1,shared_crc,segformer_b2_cityscapes,cityscapes_val_half,224
,,,1.0,1000,True,0.0,0.0,1.0,,205,,,False,,,,,,48,person,0.05,0.1,shared_crc,segformer_b2_cityscapes,cityscapes_val_half,224
,,,1.0,1000,True,0.0,0.0,1.0,,129,,,False,,,,,,48,rider,0.05,0.1,shared_crc,segformer_b2_cityscapes,cityscapes_val_half,224
,,,1.0,1000,True,0.0,0.0,1.0,,180,,,False,,,,,,48,bicycle,0.05,0.1,shared_crc,segformer_b2_cityscapes,cityscapes_val_half,224
,,,1.0,1000,True,0.0,0.0,,,226,,,False,,,,,,48,max_over_classes,0.1,0.1,shared_crc,segformer_b2_cityscapes,cityscapes_val_half,224
,,,1.0,1000,True,0.0,0.0,1.0,,205,,,False,,,,,,48,person,0.1,0.1,shared_crc,segformer_b2_cityscapes,cityscapes_val_half,224
,,,1.0,1000,True,0.0,0.0,1.0,,129,,,False,,,,,,48,rider,0.1,0.1,shared_crc,segformer_b2_cityscapes,cityscapes_val_half,224
,,,1.0,1000,True,0.0,0.0,1.0,,180,,,False,,,,,,48,bicycle,0.1,0.1,shared_crc,segformer_b2_cityscapes,cityscapes_val_half,224
,,,0.996,996,True,0.25925949985479013,0.25925949985479013,,,226,,,False,,,,,,48,max_over_classes,0.2,0.1,shared_crc,segformer_b2_cityscapes,cityscapes_val_half,224
,,,0.996,996,True,0.09895594888693128,0.09895594888693128,0.04440116509795189,,205,,,False,,,,,,48,person,0.2,0.1,shared_crc,segformer_b2_cityscapes,cityscapes_val_half,224
,,,0.996,996,True,0.2531391519763612,0.2531391519763612,0.012251049280166626,,129,,,False,,,,,,48,rider,0.2,0.1,shared_crc,segformer_b2_cityscapes,cityscapes_val_half,224
,,,0.996,996,True,0.13115532615532616,0.13115532615532616,0.022397302091121674,,180,,,False,,,,,,48,bicycle,0.2,0.1,shared_crc,segformer_b2_cityscapes,cityscapes_val_half,224
,,,1.0,1000,True,0.0,0.0,,,226,,,False,,,,,,48,max_over_classes,0.05,0.5,shared_crc,segformer_b2_cityscapes,cityscapes_val_half,224
,,,1.0,1000,True,0.0,0.0,1.0,,205,,,False,,,,,,48,person,0.05,0.5,shared_crc,segformer_b2_cityscapes,cityscapes_val_half,224
,,,1.0,1000,True,0.0,0.0,1.0,,129,,,False,,,,,,48,rider,0.05,0.5,shared_crc,segformer_b2_cityscapes,cityscapes_val_half,224
,,,1.0,1000,True,0.0,0.0,1.0,,180,,,False,,,,,,48,bicycle,0.05,0.5,shared_crc,segformer_b2_cityscapes,cityscapes_val_half,224
,,,1.0,1000,True,0.0,0.0,,,226,,,False,,,,,,48,max_over_classes,0.1,0.5,shared_crc,segformer_b2_cityscapes,cityscapes_val_half,224
,,,1.0,1000,True,0.0,0.0,1.0,,205,,,False,,,,,,48,person,0.1,0.5,shared_crc,segformer_b2_cityscapes,cityscapes_val_half,224
,,,1.0,1000,True,0.0,0.0,1.0,,129,,,False,,,,,,48,rider,0.1,0.5,shared_crc,segformer_b2_cityscapes,cityscapes_val_half,224
,,,1.0,1000,True,0.0,0.0,1.0,,180,,,False,,,,,,48,bicycle,0.1,0.5,shared_crc,segformer_b2_cityscapes,cityscapes_val_half,224
,,,0.998,998,True,0.2799500308387538,0.2799500308387538,,,226,,,False,,,,,,48,max_over_classes,0.2,0.5,shared_crc,segformer_b2_cityscapes,cityscapes_val_half,224
,,,0.998,998,True,0.09438432334611446,0.09438432334611446,0.05110332369804382,,205,,,False,,,,,,48,person,0.2,0.5,shared_crc,segformer_b2_cityscapes,cityscapes_val_half,224
,,,0.998,998,True,0.24911552702250378,0.24911552702250378,0.015268987976014614,,129,,,False,,,,,,48,rider,0.2,0.5,shared_crc,segformer_b2_cityscapes,cityscapes_val_half,224
,,,0.998,998,True,0.1657974818391485,0.1657974818391485,0.026397816836833954,,180,,,False,,,,,,48,bicycle,0.2,0.5,shared_crc,segformer_b2_cityscapes,cityscapes_val_half,224
,,,0.998,998,True,0.07313858996809885,0.07313858996809885,0.04504172503948212,0.184,204,1323.0,0.07200000000000006,False,0.10013351134846461,0.017777777777777778,0.0,,,49,person,0.05,0.1,region_crc,segformer_b2_cityscapes,cityscapes_val_half,198
,,,0.991,991,True,0.14243922170745607,0.14243922170745607,0.03215960040688515,0.184,204,1323.0,0.07200000000000006,False,0.18157543391188252,0.028888888888888888,0.0,,,49,person,0.1,0.1,region_crc,segformer_b2_cityscapes,cityscapes_val_half,198
,,,0.97,970,True,0.23136083354990808,0.2313608335499081,0.02442527376115322,6.08,204,1323.0,0.07200000000000006,False,0.30440587449933243,0.04888888888888889,0.0,,,49,person,0.2,0.1,region_crc,segformer_b2_cityscapes,cityscapes_val_half,198
,,,0.999,999,True,0.07031574786829597,0.07031574786829597,0.05244414508342743,0.184,204,1323.0,0.07600000000000007,False,0.09479305740987984,0.028888888888888888,0.0,,,49,person,0.05,0.5,region_crc,segformer_b2_cityscapes,cityscapes_val_half,198
,,,0.997,997,True,0.13266260126907092,0.13266260126907095,0.04115506261587143,0.184,204,1323.0,0.07600000000000007,False,0.15353805073431243,0.042222222222222223,0.0,,,49,person,0.1,0.5,region_crc,segformer_b2_cityscapes,cityscapes_val_half,198
,,,0.986,986,True,0.25126036535187113,0.25126036535187113,0.029116934165358543,6.08,204,1323.0,0.07200000000000006,False,0.2883845126835781,0.08888888888888889,0.0,,,49,person,0.2,0.5,region_crc,segformer_b2_cityscapes,cityscapes_val_half,198
,,,1.0,1000,True,0.0,0.0,1.0,0.48,130,329.0,0.0,False,0.0,0.0,0.0,,,49,rider,0.05,0.1,region_crc,segformer_b2_cityscapes,cityscapes_val_half,123
,,,0.999,999,True,0.12472527472527473,0.12472527472527473,0.01628437638282776,0.48,130,329.0,0.09999999999999998,False,0.1774193548387097,0.05357142857142857,0.0,,,49,rider,0.1,0.1,region_crc,segformer_b2_cityscapes,cityscapes_val_half,123
,,,0.997,997,True,0.2142890442890443,0.2142890442890443,0.011401886120438576,0.48,130,329.0,0.10799999999999998,False,0.2956989247311828,0.09821428571428571,0.0,,,49,rider,0.2,0.1,region_crc,segformer_b2_cityscapes,cityscapes_val_half,123
,,,1.0,1000,True,0.0,0.0,1.0,0.48,130,329.0,0.0,False,0.0,0.0,0.0,,,49,rider,0.05,0.5,region_crc,segformer_b2_cityscapes,cityscapes_val_half,123
,,,1.0,1000,True,0.0,0.0,1.0,0.48,130,329.0,0.0,False,0.0,0.0,0.0,,,49,rider,0.1,0.5,region_crc,segformer_b2_cityscapes,cityscapes_val_half,123
,,,0.998,998,True,0.24961871461871463,0.24961871461871463,0.013032680377364159,0.48,130,329.0,0.09599999999999997,False,0.3064516129032258,0.13392857142857142,0.0967741935483871,,,49,rider,0.2,0.5,region_crc,segformer_b2_cityscapes,cityscapes_val_half,123
,,,1.0,1000,True,0.0,0.0,1.0,0.316,171,801.0,0.0,False,0.0,0.0,0.0,,,49,bicycle,0.05,0.1,region_crc,segformer_b2_cityscapes,cityscapes_val_half,174
,,,0.997,997,True,0.11982701346736432,0.11982701346736435,0.021807057783007622,0.316,171,801.0,0.09200000000000003,False,0.1920374707259953,0.026755852842809364,0.0,,,49,bicycle,0.1,0.1,region_crc,segformer_b2_cityscapes,cityscapes_val_half,174
,,,0.985,985,True,0.22906265274686327,0.22906265274686327,0.01489498745650053,3.124,171,801.0,0.11200000000000004,False,0.351288056206089,0.06354515050167224,0.0,,,49,bicycle,0.2,0.1,region_crc,segformer_b2_cityscapes,cityscapes_val_half,174
,,,1.0,1000,True,0.0,0.0,1.0,0.316,171,801.0,0.0,False,0.0,0.0,0.0,,,49,bicycle,0.05,0.5,region_crc,segformer_b2_cityscapes,cityscapes_val_half,174
,,,1.0,1000,True,0.0,0.0,1.0,0.316,171,801.0,0.0,False,0.0,0.0,0.0,,,49,bicycle,0.1,0.5,region_crc,segformer_b2_cityscapes,cityscapes_val_half,174
,,,0.994,994,True,0.20297413762326041,0.20297413762326041,0.018424738198518753,0.316,171,801.0,0.11200000000000004,False,0.3044496487119438,0.08361204013377926,0.0,,,49,bicycle,0.2,0.5,region_crc,segformer_b2_cityscapes,cityscapes_val_half,174
,,,1.0,1000,True,0.0,0.0,,,227,,,False,,,,,,49,max_over_classes,0.05,0.1,shared_crc,segformer_b2_cityscapes,cityscapes_val_half,223
,,,1.0,1000,True,0.0,0.0,1.0,,204,,,False,,,,,,49,person,0.05,0.1,shared_crc,segformer_b2_cityscapes,cityscapes_val_half,223
,,,1.0,1000,True,0.0,0.0,1.0,,130,,,False,,,,,,49,rider,0.05,0.1,shared_crc,segformer_b2_cityscapes,cityscapes_val_half,223
,,,1.0,1000,True,0.0,0.0,1.0,,171,,,False,,,,,,49,bicycle,0.05,0.1,shared_crc,segformer_b2_cityscapes,cityscapes_val_half,223
,,,0.999,999,True,0.14212580345056033,0.14212580345056033,,,227,,,False,,,,,,49,max_over_classes,0.1,0.1,shared_crc,segformer_b2_cityscapes,cityscapes_val_half,223
,,,0.999,999,True,0.049474928375515696,0.049474928375515696,0.05244414508342743,,204,,,False,,,,,,49,person,0.1,0.1,shared_crc,segformer_b2_cityscapes,cityscapes_val_half,223
,,,0.999,999,True,0.12472527472527473,0.12472527472527473,0.01628437638282776,,130,,,False,,,,,,49,rider,0.1,0.1,shared_crc,segformer_b2_cityscapes,cityscapes_val_half,223
,,,0.999,999,True,0.06587050863366653,0.06587050863366653,0.02865396812558174,,171,,,False,,,,,,49,bicycle,0.1,0.1,shared_crc,segformer_b2_cityscapes,cityscapes_val_half,223
,,,0.996,996,True,0.2594763610045726,0.2594763610045726,,,227,,,False,,,,,,49,max_over_classes,0.2,0.1,shared_crc,segformer_b2_cityscapes,cityscapes_val_half,223
,,,0.996,996,True,0.10565882028244683,0.10565882028244683,0.03857807815074921,,204,,,False,,,,,,49,person,0.2,0.1,shared_crc,segformer_b2_cityscapes,cityscapes_val_half,223
,,,0.996,996,True,0.24384948384948382,0.24384948384948382,0.010354570113122463,,130,,,False,,,,,,49,rider,0.2,0.1,shared_crc,segformer_b2_cityscapes,cityscapes_val_half,223
,,,0.996,996,True,0.13515548778706676,0.13515548778706676,0.020322121679782867,,171,,,False,,,,,,49,bicycle,0.2,0.1,shared_crc,segformer_b2_cityscapes,cityscapes_val_half,223
,,,1.0,1000,True,0.0,0.0,,,227,,,False,,,,,,49,max_over_classes,0.05,0.5,shared_crc,segformer_b2_cityscapes,cityscapes_val_half,223
,,,1.0,1000,True,0.0,0.0,1.0,,204,,,False,,,,,,49,person,0.05,0.5,shared_crc,segformer_b2_cityscapes,cityscapes_val_half,223
,,,1.0,1000,True,0.0,0.0,1.0,,130,,,False,,,,,,49,rider,0.05,0.5,shared_crc,segformer_b2_cityscapes,cityscapes_val_half,223
,,,1.0,1000,True,0.0,0.0,1.0,,171,,,False,,,,,,49,bicycle,0.05,0.5,shared_crc,segformer_b2_cityscapes,cityscapes_val_half,223
,,,1.0,1000,True,0.0,0.0,,,227,,,False,,,,,,49,max_over_classes,0.1,0.5,shared_crc,segformer_b2_cityscapes,cityscapes_val_half,223
,,,1.0,1000,True,0.0,0.0,1.0,,204,,,False,,,,,,49,person,0.1,0.5,shared_crc,segformer_b2_cityscapes,cityscapes_val_half,223
,,,1.0,1000,True,0.0,0.0,1.0,,130,,,False,,,,,,49,rider,0.1,0.5,shared_crc,segformer_b2_cityscapes,cityscapes_val_half,223
,,,1.0,1000,True,0.0,0.0,1.0,,171,,,False,,,,,,49,bicycle,0.1,0.5,shared_crc,segformer_b2_cityscapes,cityscapes_val_half,223
,,,0.999,999,True,0.19964380695395684,0.19964380695395684,,,227,,,False,,,,,,49,max_over_classes,0.2,0.5,shared_crc,segformer_b2_cityscapes,cityscapes_val_half,223
,,,0.999,999,True,0.07031574786829597,0.07031574786829597,0.05244414508342743,,204,,,False,,,,,,49,person,0.2,0.5,shared_crc,segformer_b2_cityscapes,cityscapes_val_half,223
,,,0.999,999,True,0.17569597069597068,0.17569597069597068,0.01628437638282776,,130,,,False,,,,,,49,rider,0.2,0.5,shared_crc,segformer_b2_cityscapes,cityscapes_val_half,223
,,,0.999,999,True,0.11814302494127055,0.11814302494127055,0.02865396812558174,,171,,,False,,,,,,49,bicycle,0.2,0.5,shared_crc,segformer_b2_cityscapes,cityscapes_val_half,223
,,,0.998,998,True,0.05500336061085136,0.05500336061085136,0.0483504943549633,0.18,205,1360.0,0.064,False,0.075,0.010080645161290322,0.0,,,50,person,0.05,0.1,region_crc,segformer_b2_cityscapes,cityscapes_val_half,197
,,,0.994,994,True,0.09829309208415152,0.09829309208415153,0.03834623843431473,0.18,205,1360.0,0.07200000000000001,False,0.12638888888888888,0.02217741935483871,0.0,,,50,person,0.1,0.1,region_crc,segformer_b2_cityscapes,cityscapes_val_half,197
,,,0.977,977,True,0.19050825402010932,0.19050825402010932,0.02868652530014515,6.152,205,1360.0,0.07600000000000001,False,0.25833333333333336,0.04032258064516129,0.0,,,50,person,0.2,0.1,region_crc,segformer_b2_cityscapes,cityscapes_val_half,197
,,,1.0,1000,True,0.0,0.0,1.0,0.18,205,1360.0,0.0,False,0.0,0.0,0.0,,,50,person,0.05,0.5,region_crc,segformer_b2_cityscapes,cityscapes_val_half,197
,,,0.998,998,True,0.09075751564613604,0.09075751564613604,0.0483504943549633,0.18,205,1360.0,0.064,False,0.10416666666666667,0.02620967741935484,0.0,,,50,person,0.1,0.5,region_crc,segformer_b2_cityscapes,cityscapes_val_half,197
,,,0.991,991,True,0.17804592661233903,0.17804592661233903,0.03517400473356247,0.18,205,1360.0,0.08000000000000002,False,0.21944444444444444,0.056451612903225805,0.0,,,50,person,0.2,0.5,region_crc,segformer_b2_cityscapes,cityscapes_val_half,197
,,,1.0,1000,True,0.0,0.0,1.0,0.468,133,372.0,0.0,False,0.0,0.0,0.0,,,50,rider,0.05,0.1,region_crc,segformer_b2_cityscapes,cityscapes_val_half,120
,,,1.0,1000,True,0.0,0.0,1.0,0.468,133,372.0,0.0,False,0.0,0.0,0.0,,,50,rider,0.1,0.1,region_crc,segformer_b2_cityscapes,cityscapes_val_half,120
,,,0.998,998,True,0.11740064446831364,0.11740064446831364,0.014215814881026745,0.468,133,372.0,0.06,False,0.1509433962264151,0.0364963503649635,0.0,,,50,rider,0.2,0.1,region_crc,segformer_b2_cityscapes,cityscapes_val_half,120
,,,1.0,1000,True,0.0,0.0,1.0,0.468,133,372.0,0.0,False,0.0,0.0,0.0,,,50,rider,0.05,0.5,region_crc,segformer_b2_cityscapes,cityscapes_val_half,120
,,,1.0,1000,True,0.0,0.0,1.0,0.468,133,372.0,0.0,False,0.0,0.0,0.0,,,50,rider,0.1,0.5,region_crc,segformer_b2_cityscapes,cityscapes_val_half,120
,,,0.999,999,True,0.12437641723356008,0.12437641723356008,0.01751006580889225,0.468,133,372.0,0.07200000000000001,False,0.1509433962264151,0.06569343065693431,0.0,,,50,rider,0.2,0.5,region_crc,segformer_b2_cityscapes,cityscapes_val_half,120
,,,1.0,1000,True,0.0,0.0,1.0,0.292,177,861.0,0.0,False,0.0,0.0,0.0,,,50,bicycle,0.05,0.1,region_crc,segformer_b2_cityscapes,cityscapes_val_half,168
,,,0.998,998,True,0.10108581782310595,0.10108581782310595,0.02522578090429306,0.292,177,861.0,0.06,False,0.1909307875894988,0.021798365122615803,0.0,,,50,bicycle,0.1,0.1,region_crc,segformer_b2_cityscapes,cityscapes_val_half,168
,,,0.98,980,True,0.2614473019134036,0.2614473019134036,0.014769647270441055,2.864,177,861.0,0.04400000000000001,False,0.42720763723150357,0.08174386920980926,0.013333333333333334,,,50,bicycle,0.2,0.1,region_crc,segformer_b2_cityscapes,cityscapes_val_half,168
,,,1.0,1000,True,0.0,0.0,1.0,0.292,177,861.0,0.0,False,0.0,0.0,0.0,,,50,bicycle,0.05,0.5,region_crc,segformer_b2_cityscapes,cityscapes_val_half,168
,,,1.0,1000,True,0.0,0.0,1.0,0.292,177,861.0,0.0,False,0.0,0.0,0.0,,,50,bicycle,0.1,0.5,region_crc,segformer_b2_cityscapes,cityscapes_val_half,168
,,,0.993,993,True,0.23403159928583658,0.23403159928583658,0.018756549805402756,0.292,177,861.0,0.043999999999999984,False,0.35799522673031026,0.09264305177111716,0.013333333333333334,,,50,bicycle,0.2,0.5,region_crc,segformer_b2_cityscapes,cityscapes_val_half,168
,,,1.0,1000,True,0.0,0.0,,,227,,,False,,,,,,50,max_over_classes,0.05,0.1,shared_crc,segformer_b2_cityscapes,cityscapes_val_half,223
,,,1.0,1000,True,0.0,0.0,1.0,,205,,,False,,,,,,50,person,0.05,0.1,shared_crc,segformer_b2_cityscapes,cityscapes_val_half,223
,,,1.0,1000,True,0.0,0.0,1.0,,133,,,False,,,,,,50,rider,0.05,0.1,shared_crc,segformer_b2_cityscapes,cityscapes_val_half,223
,,,1.0,1000,True,0.0,0.0,1.0,,177,,,False,,,,,,50,bicycle,0.05,0.1,shared_crc,segformer_b2_cityscapes,cityscapes_val_half,223
,,,1.0,1000,True,0.0,0.0,,,227,,,False,,,,,,50,max_over_classes,0.1,0.1,shared_crc,segformer_b2_cityscapes,cityscapes_val_half,223
,,,1.0,1000,True,0.0,0.0,1.0,,205,,,False,,,,,,50,person,0.1,0.1,shared_crc,segformer_b2_cityscapes,cityscapes_val_half,223
,,,1.0,1000,True,0.0,0.0,1.0,,133,,,False,,,,,,50,rider,0.1,0.1,shared_crc,segformer_b2_cityscapes,cityscapes_val_half,223
,,,1.0,1000,True,0.0,0.0,1.0,,177,,,False,,,,,,50,bicycle,0.1,0.1,shared_crc,segformer_b2_cityscapes,cityscapes_val_half,223
,,,0.997,997,True,0.1950704407790372,0.1950704407790372,,,227,,,False,,,,,,50,max_over_classes,0.2,0.1,shared_crc,segformer_b2_cityscapes,cityscapes_val_half,223
,,,0.997,997,True,0.07109440122050557,0.07109440122050557,0.04442726448178291,,205,,,False,,,,,,50,person,0.2,0.1,shared_crc,segformer_b2_cityscapes,cityscapes_val_half,223
,,,0.997,997,True,0.16386800334168755,0.16386800334168755,0.012543056160211563,,133,,,False,,,,,,50,rider,0.2,0.1,shared_crc,segformer_b2_cityscapes,cityscapes_val_half,223
,,,0.997,997,True,0.11299954753344583,0.11299954753344583,0.02291562408208847,,177,,,False,,,,,,50,bicycle,0.2,0.1,shared_crc,segformer_b2_cityscapes,cityscapes_val_half,223
,,,1.0,1000,True,0.0,0.0,,,227,,,False,,,,,,50,max_over_classes,0.05,0.5,shared_crc,segformer_b2_cityscapes,cityscapes_val_half,223
,,,1.0,1000,True,0.0,0.0,1.0,,205,,,False,,,,,,50,person,0.05,0.5,shared_crc,segformer_b2_cityscapes,cityscapes_val_half,223
,,,1.0,1000,True,0.0,0.0,1.0,,133,,,False,,,,,,50,rider,0.05,0.5,shared_crc,segformer_b2_cityscapes,cityscapes_val_half,223
,,,1.0,1000,True,0.0,0.0,1.0,,177,,,False,,,,,,50,bicycle,0.05,0.5,shared_crc,segformer_b2_cityscapes,cityscapes_val_half,223
,,,1.0,1000,True,0.0,0.0,,,227,,,False,,,,,,50,max_over_classes,0.1,0.5,shared_crc,segformer_b2_cityscapes,cityscapes_val_half,223
,,,1.0,1000,True,0.0,0.0,1.0,,205,,,False,,,,,,50,person,0.1,0.5,shared_crc,segformer_b2_cityscapes,cityscapes_val_half,223
,,,1.0,1000,True,0.0,0.0,1.0,,133,,,False,,,,,,50,rider,0.1,0.5,shared_crc,segformer_b2_cityscapes,cityscapes_val_half,223
,,,1.0,1000,True,0.0,0.0,1.0,,177,,,False,,,,,,50,bicycle,0.1,0.5,shared_crc,segformer_b2_cityscapes,cityscapes_val_half,223
,,,0.999,999,True,0.16941669192507972,0.16941669192507972,,,227,,,False,,,,,,50,max_over_classes,0.2,0.5,shared_crc,segformer_b2_cityscapes,cityscapes_val_half,223
,,,0.999,999,True,0.056450966753579454,0.056450966753579454,0.05583032965660095,,205,,,False,,,,,,50,person,0.2,0.5,shared_crc,segformer_b2_cityscapes,cityscapes_val_half,223
,,,0.999,999,True,0.12437641723356008,0.12437641723356008,0.01751006580889225,,133,,,False,,,,,,50,rider,0.2,0.5,shared_crc,segformer_b2_cityscapes,cityscapes_val_half,223
,,,0.999,999,True,0.11573717399988587,0.11573717399988587,0.029711246490478516,,177,,,False,,,,,,50,bicycle,0.2,0.5,shared_crc,segformer_b2_cityscapes,cityscapes_val_half,223
,,,0.998,998,True,0.056514664023997484,0.056514664023997484,0.053576644510030746,0.184,204,1453.0,0.15200000000000002,True,0.07180156657963446,0.0057361376673040155,0.0,,,51,person,0.05,0.1,region_crc,segformer_b2_cityscapes,cityscapes_val_half,198
,,,0.996,996,True,0.07821661403477102,0.07821661403477102,0.04672766849398613,0.184,204,1453.0,0.14,False,0.09921671018276762,0.0076481835564053535,0.0,,,51,person,0.1,0.1,region_crc,segformer_b2_cityscapes,cityscapes_val_half,198
,,,0.977,977,True,0.19340574261266455,0.19340574261266455,0.03297090530395508,6.172,204,1453.0,0.14400000000000002,False,0.2519582245430809,0.030592734225621414,0.0,,,51,person,0.2,0.1,region_crc,segformer_b2_cityscapes,cityscapes_val_half,198
,,,1.0,1000,True,0.0,0.0,1.0,0.184,204,1453.0,0.0,False,0.0,0.0,0.0,,,51,person,0.05,0.5,region_crc,segformer_b2_cityscapes,cityscapes_val_half,198
,,,0.998,998,True,0.08562466984968957,0.08562466984968957,0.053576644510030746,0.184,204,1453.0,0.15200000000000002,True,0.10182767624020887,0.01338432122370937,0.0,,,51,person,0.1,0.5,region_crc,segformer_b2_cityscapes,cityscapes_val_half,198
,,,0.989,989,True,0.19928723630053077,0.19928723630053075,0.03824866563081741,0.184,204,1453.0,0.12800000000000006,False,0.23759791122715404,0.05927342256214149,0.0,,,51,person,0.2,0.5,region_crc,segformer_b2_cityscapes,cityscapes_val_half,198
,,,1.0,1000,True,0.0,0.0,1.0,0.472,132,363.0,0.0,False,0.0,0.0,0.0,,,51,rider,0.05,0.1,region_crc,segformer_b2_cityscapes,cityscapes_val_half,121
,,,1.0,1000,True,0.0,0.0,1.0,0.472,132,363.0,0.0,False,0.0,0.0,0.0,,,51,rider,0.1,0.1,region_crc,segformer_b2_cityscapes,cityscapes_val_half,121
,,,0.997,997,True,0.19148055227600683,0.19148055227600683,0.014172851108014584,0.472,132,363.0,0.124,False,0.27638190954773867,0.06299212598425197,0.0,,,51,rider,0.2,0.1,region_crc,segformer_b2_cityscapes,cityscapes_val_half,121
,,,1.0,1000,True,0.0,0.0,1.0,0.472,132,363.0,0.0,False,0.0,0.0,0.0,,,51,rider,0.05,0.5,region_crc,segformer_b2_cityscapes,cityscapes_val_half,121
,,,1.0,1000,True,0.0,0.0,1.0,0.472,132,363.0,0.0,False,0.0,0.0,0.0,,,51,rider,0.1,0.5,region_crc,segformer_b2_cityscapes,cityscapes_val_half,121
,,,0.999,999,True,0.15712481962481964,0.15712481962481964,0.019820738583803177,0.472,132,363.0,0.11599999999999999,False,0.21105527638190955,0.06299212598425197,0.08108108108108109,,,51,rider,0.2,0.5,region_crc,segformer_b2_cityscapes,cityscapes_val_half,121
,,,1.0,1000,True,0.0,0.0,1.0,0.296,176,921.0,0.0,False,0.0,0.0,0.0,,,51,bicycle,0.05,0.1,region_crc,segformer_b2_cityscapes,cityscapes_val_half,169
,,,0.998,998,True,0.09650826603951602,0.09650826603951602,0.028790099546313286,0.296,176,921.0,0.13999999999999996,False,0.129979035639413,0.011267605633802818,0.0,,,51,bicycle,0.1,0.1,region_crc,segformer_b2_cityscapes,cityscapes_val_half,169
,,,0.991,991,True,0.16061598597109958,0.1606159859710996,0.0205084215849638,0.296,176,921.0,0.14400000000000002,False,0.25157232704402516,0.028169014084507043,0.0,,,51,bicycle,0.2,0.1,region_crc,segformer_b2_cityscapes,cityscapes_val_half,169
,,,1.0,1000,True,0.0,0.0,1.0,0.296,176,921.0,0.0,False,0.0,0.0,0.0,,,51,bicycle,0.05,0.5,region_crc,segformer_b2_cityscapes,cityscapes_val_half,169
,,,1.0,1000,True,0.0,0.0,1.0,0.296,176,921.0,0.0,False,0.0,0.0,0.0,,,51,bicycle,0.1,0.5,region_crc,segformer_b2_cityscapes,cityscapes_val_half,169
,,,0.995,995,True,0.1751158772743506,0.1751158772743506,0.023396456614136696,0.296,176,921.0,0.13999999999999996,False,0.2557651991614256,0.059154929577464786,0.011235955056179775,,,51,bicycle,0.2,0.5,region_crc,segformer_b2_cityscapes,cityscapes_val_half,169
,,,1.0,1000,True,0.0,0.0,,,230,,,False,,,,,,51,max_over_classes,0.05,0.1,shared_crc,segformer_b2_cityscapes,cityscapes_val_half,220
,,,1.0,1000,True,0.0,0.0,1.0,,204,,,False,,,,,,51,person,0.05,0.1,shared_crc,segformer_b2_cityscapes,cityscapes_val_half,220
,,,1.0,1000,True,0.0,0.0,1.0,,132,,,False,,,,,,51,rider,0.05,0.1,shared_crc,segformer_b2_cityscapes,cityscapes_val_half,220
,,,1.0,1000,True,0.0,0.0,1.0,,176,,,False,,,,,,51,bicycle,0.05,0.1,shared_crc,segformer_b2_cityscapes,cityscapes_val_half,220
,,,1.0,1000,True,0.0,0.0,,,230,,,False,,,,,,51,max_over_classes,0.1,0.1,shared_crc,segformer_b2_cityscapes,cityscapes_val_half,220
,,,1.0,1000,True,0.0,0.0,1.0,,204,,,False,,,,,,51,person,0.1,0.1,shared_crc,segformer_b2_cityscapes,cityscapes_val_half,220
,,,1.0,1000,True,0.0,0.0,1.0,,132,,,False,,,,,,51,rider,0.1,0.1,shared_crc,segformer_b2_cityscapes,cityscapes_val_half,220
,,,1.0,1000,True,0.0,0.0,1.0,,176,,,False,,,,,,51,bicycle,0.1,0.1,shared_crc,segformer_b2_cityscapes,cityscapes_val_half,220
,,,0.997,997,True,0.19398993956343535,0.19398993956343535,,,230,,,False,,,,,,51,max_over_classes,0.2,0.1,shared_crc,segformer_b2_cityscapes,cityscapes_val_half,220
,,,0.997,997,True,0.06355966151017145,0.06355966151017145,0.04947151988744736,,204,,,False,,,,,,51,person,0.2,0.1,shared_crc,segformer_b2_cityscapes,cityscapes_val_half,220
,,,0.997,997,True,0.19148055227600683,0.19148055227600683,0.014172851108014584,,132,,,False,,,,,,51,rider,0.2,0.1,shared_crc,segformer_b2_cityscapes,cityscapes_val_half,220
,,,0.997,997,True,0.10639282592407592,0.10639282592407592,0.02625802345573902,,176,,,False,,,,,,51,bicycle,0.2,0.1,shared_crc,segformer_b2_cityscapes,cityscapes_val_half,220
,,,1.0,1000,True,0.0,0.0,,,230,,,False,,,,,,51,max_over_classes,0.05,0.5,shared_crc,segformer_b2_cityscapes,cityscapes_val_half,220
,,,1.0,1000,True,0.0,0.0,1.0,,204,,,False,,,,,,51,person,0.05,0.5,shared_crc,segformer_b2_cityscapes,cityscapes_val_half,220
,,,1.0,1000,True,0.0,0.0,1.0,,132,,,False,,,,,,51,rider,0.05,0.5,shared_crc,segformer_b2_cityscapes,cityscapes_val_half,220
,,,1.0,1000,True,0.0,0.0,1.0,,176,,,False,,,,,,51,bicycle,0.05,0.5,shared_crc,segformer_b2_cityscapes,cityscapes_val_half,220
,,,1.0,1000,True,0.0,0.0,,,230,,,False,,,,,,51,max_over_classes,0.1,0.5,shared_crc,segformer_b2_cityscapes,cityscapes_val_half,220
,,,1.0,1000,True,0.0,0.0,1.0,,204,,,False,,,,,,51,person,0.1,0.5,shared_crc,segformer_b2_cityscapes,cityscapes_val_half,220
,,,1.0,1000,True,0.0,0.0,1.0,,132,,,False,,,,,,51,rider,0.1,0.5,shared_crc,segformer_b2_cityscapes,cityscapes_val_half,220
,,,1.0,1000,True,0.0,0.0,1.0,,176,,,False,,,,,,51,bicycle,0.1,0.5,shared_crc,segformer_b2_cityscapes,cityscapes_val_half,220
,,,0.999,999,True,0.18089545071894647,0.18089545071894647,,,230,,,False,,,,,,51,max_over_classes,0.2,0.5,shared_crc,segformer_b2_cityscapes,cityscapes_val_half,220
,,,0.999,999,True,0.05720035496704136,0.05720035496704136,0.061374519020318985,,204,,,False,,,,,,51,person,0.2,0.5,shared_crc,segformer_b2_cityscapes,cityscapes_val_half,220
,,,0.999,999,True,0.15712481962481964,0.15712481962481964,0.019820738583803177,,132,,,False,,,,,,51,rider,0.2,0.5,shared_crc,segformer_b2_cityscapes,cityscapes_val_half,220
,,,0.999,999,True,0.11407516883369156,0.11407516883369156,0.03373635932803154,,176,,,False,,,,,,51,bicycle,0.2,0.5,shared_crc,segformer_b2_cityscapes,cityscapes_val_half,220
,,,0.999,999,True,0.03409450474197425,0.03409450474197425,0.05808630585670471,0.216,196,1339.0,0.05600000000000005,False,0.06086956521739131,0.008032128514056224,0.0,,,52,person,0.05,0.1,region_crc,segformer_b2_cityscapes,cityscapes_val_half,206
,,,0.995,995,True,0.08802831111938965,0.08802831111938965,0.04171166196465492,0.216,196,1339.0,0.052000000000000046,False,0.1246376811594203,0.01606425702811245,0.0,,,52,person,0.1,0.1,region_crc,segformer_b2_cityscapes,cityscapes_val_half,206
,,,0.975,975,True,0.20656869233897412,0.20656869233897412,0.029684321954846382,6.208,196,1339.0,0.055999999999999994,False,0.2855072463768116,0.040160642570281124,0.0,,,52,person,0.2,0.1,region_crc,segformer_b2_cityscapes,cityscapes_val_half,206
,,,1.0,1000,True,0.0,0.0,1.0,0.216,196,1339.0,0.0,False,0.0,0.0,0.0,,,52,person,0.05,0.5,region_crc,segformer_b2_cityscapes,cityscapes_val_half,206
,,,0.998,998,True,0.09809336888852904,0.09809336888852904,0.050393685698509216,0.216,196,1339.0,0.05600000000000005,False,0.11304347826086956,0.028112449799196786,0.0,,,52,person,0.1,0.5,region_crc,segformer_b2_cityscapes,cityscapes_val_half,206
,,,0.989,989,True,0.2002829460210044,0.2002829460210044,0.035372909158468246,0.216,196,1339.0,0.04800000000000004,False,0.2565217391304348,0.05823293172690763,0.0,,,52,person,0.2,0.5,region_crc,segformer_b2_cityscapes,cityscapes_val_half,206
,,,1.0,1000,True,0.0,0.0,1.0,0.504,124,333.0,0.0,False,0.0,0.0,0.0,,,52,rider,0.05,0.1,region_crc,segformer_b2_cityscapes,cityscapes_val_half,129
,,,1.0,1000,True,0.0,0.0,1.0,0.504,124,333.0,0.0,False,0.0,0.0,0.0,,,52,rider,0.1,0.1,region_crc,segformer_b2_cityscapes,cityscapes_val_half,129
,,,0.997,997,True,0.17716973886328724,0.17716973886328724,0.013166544027626514,0.504,124,333.0,0.07600000000000001,False,0.24719101123595505,0.056451612903225805,0.0,,,52,rider,0.2,0.1,region_crc,segformer_b2_cityscapes,cityscapes_val_half,129
,,,1.0,1000,True,0.0,0.0,1.0,0.504,124,333.0,0.0,False,0.0,0.0,0.0,,,52,rider,0.05,0.5,region_crc,segformer_b2_cityscapes,cityscapes_val_half,129
,,,1.0,1000,True,0.0,0.0,1.0,0.504,124,333.0,0.0,False,0.0,0.0,0.0,,,52,rider,0.1,0.5,region_crc,segformer_b2_cityscapes,cityscapes_val_half,129
,,,0.999,999,True,0.15451228878648232,0.15451228878648235,0.01844877377152443,0.504,124,333.0,0.08800000000000002,False,0.1853932584269663,0.06451612903225806,0.12903225806451613,,,52,rider,0.2,0.5,region_crc,segformer_b2_cityscapes,cityscapes_val_half,129
,,,1.0,1000,True,0.0,0.0,1.0,0.316,171,876.0,0.0,False,0.0,0.0,0.0,,,52,bicycle,0.05,0.1,region_crc,segformer_b2_cityscapes,cityscapes_val_half,174
,,,0.999,999,True,0.06279799635062792,0.06279799635062792,0.033376675099134445,0.316,171,876.0,0.132,False,0.10816777041942605,0.015060240963855422,0.0,,,52,bicycle,0.1,0.1,region_crc,segformer_b2_cityscapes,cityscapes_val_half,174
,,,0.99,990,True,0.18364922114922116,0.18364922114922114,0.020064527168869972,0.316,171,876.0,0.08799999999999997,False,0.2693156732891832,0.04216867469879518,0.0,,,52,bicycle,0.2,0.1,region_crc,segformer_b2_cityscapes,cityscapes_val_half,174
,,,1.0,1000,True,0.0,0.0,1.0,0.316,171,876.0,0.0,False,0.0,0.0,0.0,,,52,bicycle,0.05,0.5,region_crc,segformer_b2_cityscapes,cityscapes_val_half,174
,,,1.0,1000,True,0.0,0.0,1.0,0.316,171,876.0,0.0,False,0.0,0.0,0.0,,,52,bicycle,0.1,0.5,region_crc,segformer_b2_cityscapes,cityscapes_val_half,174
,,,0.995,995,True,0.18129632712966048,0.18129632712966046,0.023290609940886497,0.316,171,876.0,0.10000000000000009,False,0.26269315673289184,0.06325301204819277,0.01098901098901099,,,52,bicycle,0.2,0.5,region_crc,segformer_b2_cityscapes,cityscapes_val_half,174
,,,1.0,1000,True,0.0,0.0,,,221,,,False,,,,,,52,max_over_classes,0.05,0.1,shared_crc,segformer_b2_cityscapes,cityscapes_val_half,229
,,,1.0,1000,True,0.0,0.0,1.0,,196,,,False,,,,,,52,person,0.05,0.1,shared_crc,segformer_b2_cityscapes,cityscapes_val_half,229
,,,1.0,1000,True,0.0,0.0,1.0,,124,,,False,,,,,,52,rider,0.05,0.1,shared_crc,segformer_b2_cityscapes,cityscapes_val_half,229
,,,1.0,1000,True,0.0,0.0,1.0,,171,,,False,,,,,,52,bicycle,0.05,0.1,shared_crc,segformer_b2_cityscapes,cityscapes_val_half,229
,,,1.0,1000,True,0.0,0.0,,,221,,,False,,,,,,52,max_over_classes,0.1,0.1,shared_crc,segformer_b2_cityscapes,cityscapes_val_half,229
,,,1.0,1000,True,0.0,0.0,1.0,,196,,,False,,,,,,52,person,0.1,0.1,shared_crc,segformer_b2_cityscapes,cityscapes_val_half,229
,,,1.0,1000,True,0.0,0.0,1.0,,124,,,False,,,,,,52,rider,0.1,0.1,shared_crc,segformer_b2_cityscapes,cityscapes_val_half,229
,,,1.0,1000,True,0.0,0.0,1.0,,171,,,False,,,,,,52,bicycle,0.1,0.1,shared_crc,segformer_b2_cityscapes,cityscapes_val_half,229
,,,0.998,998,True,0.15064185390838797,0.15064185390838797,,,221,,,False,,,,,,52,max_over_classes,0.2,0.1,shared_crc,segformer_b2_cityscapes,cityscapes_val_half,229
,,,0.998,998,True,0.05286621369896786,0.05286621369896786,0.050393685698509216,,196,,,False,,,,,,52,person,0.2,0.1,shared_crc,segformer_b2_cityscapes,cityscapes_val_half,229
,,,0.998,998,True,0.13878648233486943,0.13878648233486943,0.014947130344808102,,124,,,False,,,,,,52,rider,0.2,0.1,shared_crc,segformer_b2_cityscapes,cityscapes_val_half,229
,,,0.998,998,True,0.07727400117750995,0.07727400117750995,0.02855745702981949,,171,,,False,,,,,,52,bicycle,0.2,0.1,shared_crc,segformer_b2_cityscapes,cityscapes_val_half,229
,,,1.0,1000,True,0.0,0.0,,,221,,,False,,,,,,52,max_over_classes,0.05,0.5,shared_crc,segformer_b2_cityscapes,cityscapes_val_half,229
,,,1.0,1000,True,0.0,0.0,1.0,,196,,,False,,,,,,52,person,0.05,0.5,shared_crc,segformer_b2_cityscapes,cityscapes_val_half,229
,,,1.0,1000,True,0.0,0.0,1.0,,124,,,False,,,,,,52,rider,0.05,0.5,shared_crc,segformer_b2_cityscapes,cityscapes_val_half,229
,,,1.0,1000,True,0.0,0.0,1.0,,171,,,False,,,,,,52,bicycle,0.05,0.5,shared_crc,segformer_b2_cityscapes,cityscapes_val_half,229
,,,1.0,1000,True,0.0,0.0,,,221,,,False,,,,,,52,max_over_classes,0.1,0.5,shared_crc,segformer_b2_cityscapes,cityscapes_val_half,229
,,,1.0,1000,True,0.0,0.0,1.0,,196,,,False,,,,,,52,person,0.1,0.5,shared_crc,segformer_b2_cityscapes,cityscapes_val_half,229
,,,1.0,1000,True,0.0,0.0,1.0,,124,,,False,,,,,,52,rider,0.1,0.5,shared_crc,segformer_b2_cityscapes,cityscapes_val_half,229
,,,1.0,1000,True,0.0,0.0,1.0,,171,,,False,,,,,,52,bicycle,0.1,0.5,shared_crc,segformer_b2_cityscapes,cityscapes_val_half,229
,,,0.999,999,True,0.16540601991094403,0.16540601991094403,,,221,,,False,,,,,,52,max_over_classes,0.2,0.5,shared_crc,segformer_b2_cityscapes,cityscapes_val_half,229
,,,0.999,999,True,0.05537269248095684,0.05537269248095684,0.05808630585670471,,196,,,False,,,,,,52,person,0.2,0.5,shared_crc,segformer_b2_cityscapes,cityscapes_val_half,229
,,,0.999,999,True,0.15451228878648232,0.15451228878648232,0.01844877377152443,,124,,,False,,,,,,52,rider,0.2,0.5,shared_crc,segformer_b2_cityscapes,cityscapes_val_half,229
,,,0.999,999,True,0.08827878586650516,0.08827878586650516,0.033376675099134445,,171,,,False,,,,,,52,bicycle,0.2,0.5,shared_crc,segformer_b2_cityscapes,cityscapes_val_half,229
,,,0.998,998,True,0.05661832305615677,0.056618323056156765,0.052820365875959396,0.172,207,1406.0,0.07999999999999996,False,0.07901907356948229,0.013916500994035786,0.0,,,53,person,0.05,0.1,region_crc,segformer_b2_cityscapes,cityscapes_val_half,195
,,,0.995,995,True,0.09051871723496438,0.0905187172349644,0.04425087943673134,0.172,207,1406.0,0.08399999999999996,False,0.11989100817438691,0.02385685884691849,0.0,,,53,person,0.1,0.1,region_crc,segformer_b2_cityscapes,cityscapes_val_half,195
,,,0.976,976,True,0.20274580448392532,0.20274580448392532,0.03265668451786041,6.088,207,1406.0,0.07999999999999996,False,0.27111716621253407,0.0437375745526839,0.0,,,53,person,0.2,0.1,region_crc,segformer_b2_cityscapes,cityscapes_val_half,195
,,,1.0,1000,True,0.0,0.0,1.0,0.172,207,1406.0,0.0,False,0.0,0.0,0.0,,,53,person,0.05,0.5,region_crc,segformer_b2_cityscapes,cityscapes_val_half,195
,,,0.998,998,True,0.08796139801097848,0.08796139801097849,0.052820365875959396,0.172,207,1406.0,0.07999999999999996,False,0.10762942779291552,0.02982107355864811,0.0,,,53,person,0.1,0.5,region_crc,segformer_b2_cityscapes,cityscapes_val_half,195
,,,0.988,988,True,0.21605312970234222,0.2160531297023422,0.03736305981874466,0.172,207,1406.0,0.08399999999999996,False,0.2574931880108992,0.08151093439363817,0.0,,,53,person,0.2,0.5,region_crc,segformer_b2_cityscapes,cityscapes_val_half,195
,,,1.0,1000,True,0.0,0.0,1.0,0.46,135,403.0,0.0,False,0.0,0.0,0.0,,,53,rider,0.05,0.1,region_crc,segformer_b2_cityscapes,cityscapes_val_half,118
,,,1.0,1000,True,0.0,0.0,1.0,0.46,135,403.0,0.0,False,0.0,0.0,0.0,,,53,rider,0.1,0.1,region_crc,segformer_b2_cityscapes,cityscapes_val_half,118
,,,0.997,997,True,0.17526594804372583,0.17526594804372583,0.01403226051479578,0.46,135,403.0,0.08800000000000002,False,0.2638888888888889,0.045454545454545456,0.0,,,53,rider,0.2,0.1,region_crc,segformer_b2_cityscapes,cityscapes_val_half,118
,,,1.0,1000,True,0.0,0.0,1.0,0.46,135,403.0,0.0,False,0.0,0.0,0.0,,,53,rider,0.05,0.5,region_crc,segformer_b2_cityscapes,cityscapes_val_half,118
,,,1.0,1000,True,0.0,0.0,1.0,0.46,135,403.0,0.0,False,0.0,0.0,0.0,,,53,rider,0.1,0.5,region_crc,segformer_b2_cityscapes,cityscapes_val_half,118
,,,0.999,999,True,0.1579876090987202,0.1579876090987202,0.019376205280423164,0.46,135,403.0,0.06800000000000006,False,0.2175925925925926,0.05844155844155844,0.030303030303030304,,,53,rider,0.2,0.5,region_crc,segformer_b2_cityscapes,cityscapes_val_half,118
,,,1.0,1000,True,0.0,0.0,1.0,0.296,176,898.0,0.0,False,0.0,0.0,0.0,,,53,bicycle,0.05,0.1,region_crc,segformer_b2_cityscapes,cityscapes_val_half,169
,,,0.997,997,True,0.11931656569440661,0.11931656569440661,0.024370916187763214,0.296,176,898.0,0.05600000000000005,False,0.18181818181818182,0.0273972602739726,0.0,,,53,bicycle,0.1,0.1,region_crc,segformer_b2_cityscapes,cityscapes_val_half,169
,,,0.988,988,True,0.21318844507764964,0.21318844507764959,0.017493747174739838,0.296,176,898.0,0.048000000000000015,False,0.328159645232816,0.06301369863013699,0.0,,,53,bicycle,0.2,0.1,region_crc,segformer_b2_cityscapes,cityscapes_val_half,169
,,,1.0,1000,True,0.0,0.0,1.0,0.296,176,898.0,0.0,False,0.0,0.0,0.0,,,53,bicycle,0.05,0.5,region_crc,segformer_b2_cityscapes,cityscapes_val_half,169
,,,0.999,999,True,0.12251406264190355,0.12251406264190354,0.031632304191589355,0.296,176,898.0,0.06000000000000005,False,0.17516629711751663,0.030136986301369864,0.0,,,53,bicycle,0.1,0.5,region_crc,segformer_b2_cityscapes,cityscapes_val_half,169
,,,0.994,994,True,0.20487957159770398,0.20487957159770398,0.020621107891201973,0.296,176,898.0,0.05199999999999999,False,0.3148558758314856,0.0821917808219178,0.012195121951219513,,,53,bicycle,0.2,0.5,region_crc,segformer_b2_cityscapes,cityscapes_val_half,169
,,,1.0,1000,True,0.0,0.0,,,228,,,False,,,,,,53,max_over_classes,0.05,0.1,shared_crc,segformer_b2_cityscapes,cityscapes_val_half,222
,,,1.0,1000,True,0.0,0.0,1.0,,207,,,False,,,,,,53,person,0.05,0.1,shared_crc,segformer_b2_cityscapes,cityscapes_val_half,222
,,,1.0,1000,True,0.0,0.0,1.0,,135,,,False,,,,,,53,rider,0.05,0.1,shared_crc,segformer_b2_cityscapes,cityscapes_val_half,222
,,,1.0,1000,True,0.0,0.0,1.0,,176,,,False,,,,,,53,bicycle,0.05,0.1,shared_crc,segformer_b2_cityscapes,cityscapes_val_half,222
,,,1.0,1000,True,0.0,0.0,,,228,,,False,,,,,,53,max_over_classes,0.1,0.1,shared_crc,segformer_b2_cityscapes,cityscapes_val_half,222
,,,1.0,1000,True,0.0,0.0,1.0,,207,,,False,,,,,,53,person,0.1,0.1,shared_crc,segformer_b2_cityscapes,cityscapes_val_half,222
,,,1.0,1000,True,0.0,0.0,1.0,,135,,,False,,,,,,53,rider,0.1,0.1,shared_crc,segformer_b2_cityscapes,cityscapes_val_half,222
,,,1.0,1000,True,0.0,0.0,1.0,,176,,,False,,,,,,53,bicycle,0.1,0.1,shared_crc,segformer_b2_cityscapes,cityscapes_val_half,222
,,,0.997,997,True,0.1981441310561809,0.1981441310561809,,,228,,,False,,,,,,53,max_over_classes,0.2,0.1,shared_crc,segformer_b2_cityscapes,cityscapes_val_half,222
,,,0.997,997,True,0.0702145271176545,0.0702145271176545,0.04884311556816101,,207,,,False,,,,,,53,person,0.2,0.1,shared_crc,segformer_b2_cityscapes,cityscapes_val_half,222
,,,0.997,997,True,0.17526594804372583,0.17526594804372583,0.01403226051479578,,135,,,False,,,,,,53,rider,0.2,0.1,shared_crc,segformer_b2_cityscapes,cityscapes_val_half,222
,,,0.997,997,True,0.11931656569440661,0.11931656569440661,0.024370916187763214,,176,,,False,,,,,,53,bicycle,0.2,0.1,shared_crc,segformer_b2_cityscapes,cityscapes_val_half,222
,,,1.0,1000,True,0.0,0.0,,,228,,,False,,,,,,53,max_over_classes,0.05,0.5,shared_crc,segformer_b2_cityscapes,cityscapes_val_half,222
,,,1.0,1000,True,0.0,0.0,1.0,,207,,,False,,,,,,53,person,0.05,0.5,shared_crc,segformer_b2_cityscapes,cityscapes_val_half,222
,,,1.0,1000,True,0.0,0.0,1.0,,135,,,False,,,,,,53,rider,0.05,0.5,shared_crc,segformer_b2_cityscapes,cityscapes_val_half,222
,,,1.0,1000,True,0.0,0.0,1.0,,176,,,False,,,,,,53,bicycle,0.05,0.5,shared_crc,segformer_b2_cityscapes,cityscapes_val_half,222
,,,1.0,1000,True,0.0,0.0,,,228,,,False,,,,,,53,max_over_classes,0.1,0.5,shared_crc,segformer_b2_cityscapes,cityscapes_val_half,222
,,,1.0,1000,True,0.0,0.0,1.0,,207,,,False,,,,,,53,person,0.1,0.5,shared_crc,segformer_b2_cityscapes,cityscapes_val_half,222
,,,1.0,1000,True,0.0,0.0,1.0,,135,,,False,,,,,,53,rider,0.1,0.5,shared_crc,segformer_b2_cityscapes,cityscapes_val_half,222
,,,1.0,1000,True,0.0,0.0,1.0,,176,,,False,,,,,,53,bicycle,0.1,0.5,shared_crc,segformer_b2_cityscapes,cityscapes_val_half,222
,,,0.999,999,True,0.18359425053504,0.18359425053504,,,228,,,False,,,,,,53,max_over_classes,0.2,0.5,shared_crc,segformer_b2_cityscapes,cityscapes_val_half,222
,,,0.999,999,True,0.05655601955182428,0.05655601955182428,0.06040544807910919,,207,,,False,,,,,,53,person,0.2,0.5,shared_crc,segformer_b2_cityscapes,cityscapes_val_half,222
,,,0.999,999,True,0.1579876090987202,0.1579876090987202,0.019376205280423164,,135,,,False,,,,,,53,rider,0.2,0.5,shared_crc,segformer_b2_cityscapes,cityscapes_val_half,222
,,,0.999,999,True,0.12251406264190355,0.12251406264190355,0.031632304191589355,,176,,,False,,,,,,53,bicycle,0.2,0.5,shared_crc,segformer_b2_cityscapes,cityscapes_val_half,222
,,,0.998,998,True,0.06271956476709431,0.0627195647670943,0.04700763151049614,0.216,196,1218.0,0.06799999999999995,False,0.10124610591900311,0.013333333333333334,0.0,,,54,person,0.05,0.1,region_crc,segformer_b2_cityscapes,cityscapes_val_half,206
,,,0.993,993,True,0.1191566131684284,0.11915661316842843,0.0360419861972332,0.216,196,1218.0,0.07200000000000006,False,0.16510903426791276,0.024444444444444446,0.0,,,54,person,0.1,0.1,region_crc,segformer_b2_cityscapes,cityscapes_val_half,206
,,,0.971,971,True,0.22644547626757613,0.22644547626757616,0.02655569650232792,6.096,196,1218.0,0.08399999999999996,False,0.3099688473520249,0.05555555555555555,0.0,,,54,person,0.2,0.1,region_crc,segformer_b2_cityscapes,cityscapes_val_half,206
,,,0.999,999,True,0.06467096040471443,0.06467096040471443,0.054355867207050323,0.216,196,1218.0,0.068,False,0.09657320872274143,0.024444444444444446,0.0,,,54,person,0.05,0.5,region_crc,segformer_b2_cityscapes,cityscapes_val_half,206
,,,0.998,998,True,0.10160212023128241,0.10160212023128241,0.04700763151049614,0.216,196,1218.0,0.06799999999999995,False,0.1308411214953271,0.028888888888888888,0.0,,,54,person,0.1,0.5,region_crc,segformer_b2_cityscapes,cityscapes_val_half,206
,,,0.987,987,True,0.23001059029187385,0.23001059029187385,0.03160228952765465,6.096,196,1218.0,0.07200000000000001,False,0.2819314641744548,0.08444444444444445,0.0,,,54,person,0.2,0.5,region_crc,segformer_b2_cityscapes,cityscapes_val_half,206
,,,1.0,1000,True,0.0,0.0,1.0,0.476,131,396.0,0.0,False,0.0,0.0,0.0,,,54,rider,0.05,0.1,region_crc,segformer_b2_cityscapes,cityscapes_val_half,122
,,,0.999,999,True,0.14329334787350057,0.14329334787350057,0.017599083483219147,0.476,131,396.0,0.052000000000000046,False,0.18552036199095023,0.061224489795918366,0.0,,,54,rider,0.1,0.1,region_crc,segformer_b2_cityscapes,cityscapes_val_half,122
,,,0.997,997,True,0.18966161065397705,0.18966161065397708,0.012531415559351444,0.476,131,396.0,0.06000000000000001,False,0.24434389140271492,0.08843537414965986,0.0,,,54,rider,0.2,0.1,region_crc,segformer_b2_cityscapes,cityscapes_val_half,122
,,,1.0,1000,True,0.0,0.0,1.0,0.476,131,396.0,0.0,False,0.0,0.0,0.0,,,54,rider,0.05,0.5,region_crc,segformer_b2_cityscapes,cityscapes_val_half,122
,,,1.0,1000,True,0.0,0.0,1.0,0.476,131,396.0,0.0,False,0.0,0.0,0.0,,,54,rider,0.1,0.5,region_crc,segformer_b2_cityscapes,cityscapes_val_half,122
,,,0.999,999,True,0.17026535805161758,0.17026535805161758,0.017599083483219147,0.476,131,396.0,0.052000000000000046,False,0.2081447963800905,0.07482993197278912,0.07142857142857142,,,54,rider,0.2,0.5,region_crc,segformer_b2_cityscapes,cityscapes_val_half,122
,,,1.0,1000,True,0.0,0.0,1.0,0.308,173,828.0,0.0,False,0.0,0.0,0.0,,,54,bicycle,0.05,0.1,region_crc,segformer_b2_cityscapes,cityscapes_val_half,172
,,,0.998,998,True,0.09189162635694428,0.09189162635694428,0.02362324669957161,0.308,173,828.0,0.09999999999999998,False,0.14672686230248308,0.012422360248447204,0.0,,,54,bicycle,0.1,0.1,region_crc,segformer_b2_cityscapes,cityscapes_val_half,172
,,,0.99,990,True,0.18163816754857218,0.18163816754857215,0.015794971957802773,0.308,173,828.0,0.11199999999999999,False,0.2799097065462754,0.037267080745341616,0.0,,,54,bicycle,0.2,0.1,region_crc,segformer_b2_cityscapes,cityscapes_val_half,172
,,,1.0,1000,True,0.0,0.0,1.0,0.308,173,828.0,0.0,False,0.0,0.0,0.0,,,54,bicycle,0.05,0.5,region_crc,segformer_b2_cityscapes,cityscapes_val_half,172
,,,1.0,1000,True,0.0,0.0,1.0,0.308,173,828.0,0.0,False,0.0,0.0,0.0,,,54,bicycle,0.1,0.5,region_crc,segformer_b2_cityscapes,cityscapes_val_half,172
,,,0.995,995,True,0.17338524234415162,0.17338524234415162,0.01873903162777424,0.308,173,828.0,0.10799999999999998,False,0.2595936794582393,0.059006211180124224,0.0,,,54,bicycle,0.2,0.5,region_crc,segformer_b2_cityscapes,cityscapes_val_half,172
,,,1.0,1000,True,0.0,0.0,,,226,,,False,,,,,,54,max_over_classes,0.05,0.1,shared_crc,segformer_b2_cityscapes,cityscapes_val_half,224
,,,1.0,1000,True,0.0,0.0,1.0,,196,,,False,,,,,,54,person,0.05,0.1,shared_crc,segformer_b2_cityscapes,cityscapes_val_half,224
,,,1.0,1000,True,0.0,0.0,1.0,,131,,,False,,,,,,54,rider,0.05,0.1,shared_crc,segformer_b2_cityscapes,cityscapes_val_half,224
,,,1.0,1000,True,0.0,0.0,1.0,,173,,,False,,,,,,54,bicycle,0.05,0.1,shared_crc,segformer_b2_cityscapes,cityscapes_val_half,224
,,,0.999,999,True,0.14191910370589922,0.14191910370589922,,,226,,,False,,,,,,54,max_over_classes,0.1,0.1,shared_crc,segformer_b2_cityscapes,cityscapes_val_half,224
,,,0.999,999,True,0.04666442989818392,0.04666442989818392,0.054355867207050323,,196,,,False,,,,,,54,person,0.1,0.1,shared_crc,segformer_b2_cityscapes,cityscapes_val_half,224
,,,0.999,999,True,0.14329334787350057,0.14329334787350057,0.017599083483219147,,131,,,False,,,,,,54,rider,0.1,0.1,shared_crc,segformer_b2_cityscapes,cityscapes_val_half,224
,,,0.999,999,True,0.0711457697729374,0.0711457697729374,0.02816259302198887,,173,,,False,,,,,,54,bicycle,0.1,0.1,shared_crc,segformer_b2_cityscapes,cityscapes_val_half,224
,,,0.997,997,True,0.20800267803062397,0.20800267803062397,,,226,,,False,,,,,,54,max_over_classes,0.2,0.1,shared_crc,segformer_b2_cityscapes,cityscapes_val_half,224
,,,0.997,997,True,0.09144829068969779,0.09144829068969779,0.043154675513505936,,196,,,False,,,,,,54,person,0.2,0.1,shared_crc,segformer_b2_cityscapes,cityscapes_val_half,224
,,,0.997,997,True,0.18966161065397705,0.18966161065397705,0.012531415559351444,,131,,,False,,,,,,54,rider,0.2,0.1,shared_crc,segformer_b2_cityscapes,cityscapes_val_half,224
,,,0.997,997,True,0.10337891876909217,0.10337891876909217,0.021323896944522858,,173,,,False,,,,,,54,bicycle,0.2,0.1,shared_crc,segformer_b2_cityscapes,cityscapes_val_half,224
,,,1.0,1000,True,0.0,0.0,,,226,,,False,,,,,,54,max_over_classes,0.05,0.5,shared_crc,segformer_b2_cityscapes,cityscapes_val_half,224
,,,1.0,1000,True,0.0,0.0,1.0,,196,,,False,,,,,,54,person,0.05,0.5,shared_crc,segformer_b2_cityscapes,cityscapes_val_half,224
,,,1.0,1000,True,0.0,0.0,1.0,,131,,,False,,,,,,54,rider,0.05,0.5,shared_crc,segformer_b2_cityscapes,cityscapes_val_half,224
,,,1.0,1000,True,0.0,0.0,1.0,,173,,,False,,,,,,54,bicycle,0.05,0.5,shared_crc,segformer_b2_cityscapes,cityscapes_val_half,224
,,,1.0,1000,True,0.0,0.0,,,226,,,False,,,,,,54,max_over_classes,0.1,0.5,shared_crc,segformer_b2_cityscapes,cityscapes_val_half,224
,,,1.0,1000,True,0.0,0.0,1.0,,196,,,False,,,,,,54,person,0.1,0.5,shared_crc,segformer_b2_cityscapes,cityscapes_val_half,224
,,,1.0,1000,True,0.0,0.0,1.0,,131,,,False,,,,,,54,rider,0.1,0.5,shared_crc,segformer_b2_cityscapes,cityscapes_val_half,224
,,,1.0,1000,True,0.0,0.0,1.0,,173,,,False,,,,,,54,bicycle,0.1,0.5,shared_crc,segformer_b2_cityscapes,cityscapes_val_half,224
,,,0.999,999,True,0.17600799089213154,0.17600799089213154,,,226,,,False,,,,,,54,max_over_classes,0.2,0.5,shared_crc,segformer_b2_cityscapes,cityscapes_val_half,224
,,,0.999,999,True,0.06467096040471443,0.06467096040471443,0.054355867207050323,,196,,,False,,,,,,54,person,0.2,0.5,shared_crc,segformer_b2_cityscapes,cityscapes_val_half,224
,,,0.999,999,True,0.17026535805161758,0.17026535805161758,0.017599083483219147,,131,,,False,,,,,,54,rider,0.2,0.5,shared_crc,segformer_b2_cityscapes,cityscapes_val_half,224
,,,0.999,999,True,0.10681543087612454,0.10681543087612454,0.02816259302198887,,173,,,False,,,,,,54,bicycle,0.2,0.5,shared_crc,segformer_b2_cityscapes,cityscapes_val_half,224
,,,0.999,999,True,0.03113638047200401,0.03113638047200401,0.05938448756933212,0.188,203,1425.0,0.08000000000000007,False,0.036988110964332896,0.0058823529411764705,0.0,,,55,person,0.05,0.1,region_crc,segformer_b2_cityscapes,cityscapes_val_half,199
,,,0.994,994,True,0.09782662027282199,0.09782662027282199,0.041668087244033813,0.188,203,1425.0,0.06800000000000006,False,0.1096433289299868,0.00980392156862745,0.0,,,55,person,0.1,0.1,region_crc,segformer_b2_cityscapes,cityscapes_val_half,199
,,,0.972,972,True,0.22076630136357295,0.22076630136357295,0.03057202696800232,6.12,203,1425.0,0.07599999999999996,False,0.2774108322324967,0.0392156862745098,0.0,,,55,person,0.2,0.1,region_crc,segformer_b2_cityscapes,cityscapes_val_half,199
,,,1.0,1000,True,0.0,0.0,1.0,0.188,203,1425.0,0.0,False,0.0,0.0,0.0,,,55,person,0.05,0.5,region_crc,segformer_b2_cityscapes,cityscapes_val_half,199
,,,0.998,998,True,0.10036105901415728,0.10036105901415729,0.051788315176963806,0.188,203,1425.0,0.08000000000000007,False,0.0964332892998679,0.0196078431372549,0.0,,,55,person,0.1,0.5,region_crc,segformer_b2_cityscapes,cityscapes_val_half,199
,,,0.989,989,True,0.20064905868768976,0.20064905868768973,0.03692394867539406,0.188,203,1425.0,0.06799999999999995,False,0.22985468956406868,0.056862745098039215,0.0,,,55,person,0.2,0.5,region_crc,segformer_b2_cityscapes,cityscapes_val_half,199
,,,1.0,1000,True,0.0,0.0,1.0,0.488,128,394.0,0.0,False,0.0,0.0,0.0,,,55,rider,0.05,0.1,region_crc,segformer_b2_cityscapes,cityscapes_val_half,125
,,,1.0,1000,True,0.0,0.0,1.0,0.488,128,394.0,0.0,False,0.0,0.0,0.0,,,55,rider,0.1,0.1,region_crc,segformer_b2_cityscapes,cityscapes_val_half,125
,,,0.997,997,True,0.1791743412837163,0.1791743412837163,0.012849911116063595,0.488,128,394.0,0.06,False,0.24561403508771928,0.09285714285714286,0.0,,,55,rider,0.2,0.1,region_crc,segformer_b2_cityscapes,cityscapes_val_half,125
,,,1.0,1000,True,0.0,0.0,1.0,0.488,128,394.0,0.0,False,0.0,0.0,0.0,,,55,rider,0.05,0.5,region_crc,segformer_b2_cityscapes,cityscapes_val_half,125
,,,1.0,1000,True,0.0,0.0,1.0,0.488,128,394.0,0.0,False,0.0,0.0,0.0,,,55,rider,0.1,0.5,region_crc,segformer_b2_cityscapes,cityscapes_val_half,125
,,,0.999,999,True,0.16042095924908423,0.16042095924908426,0.018295301124453545,0.488,128,394.0,0.06400000000000006,False,0.19736842105263158,0.09285714285714286,0.11538461538461539,,,55,rider,0.2,0.5,region_crc,segformer_b2_cityscapes,cityscapes_val_half,125
,,,1.0,1000,True,0.0,0.0,1.0,0.284,179,909.0,0.0,False,0.0,0.0,0.0,,,55,bicycle,0.05,0.1,region_crc,segformer_b2_cityscapes,cityscapes_val_half,166
,,,0.999,999,True,0.05422487971370653,0.054224879713706535,0.030760666355490685,0.284,179,909.0,0.09199999999999997,False,0.09433962264150944,0.00546448087431694,0.0,,,55,bicycle,0.1,0.1,region_crc,segformer_b2_cityscapes,cityscapes_val_half,166
,,,0.991,991,True,0.1560135007760706,0.1560135007760706,0.017724109813570976,0.284,179,909.0,0.09200000000000003,False,0.27253668763102723,0.040983606557377046,0.0,,,55,bicycle,0.2,0.1,region_crc,segformer_b2_cityscapes,cityscapes_val_half,166
,,,1.0,1000,True,0.0,0.0,1.0,0.284,179,909.0,0.0,False,0.0,0.0,0.0,,,55,bicycle,0.05,0.5,region_crc,segformer_b2_cityscapes,cityscapes_val_half,166
,,,1.0,1000,True,0.0,0.0,1.0,0.284,179,909.0,0.0,False,0.0,0.0,0.0,,,55,bicycle,0.1,0.5,region_crc,segformer_b2_cityscapes,cityscapes_val_half,166
,,,0.996,996,True,0.15084789512163813,0.15084789512163815,0.02168782241642475,0.284,179,909.0,0.08800000000000002,False,0.2389937106918239,0.05737704918032787,0.0,,,55,bicycle,0.2,0.5,region_crc,segformer_b2_cityscapes,cityscapes_val_half,166
,,,1.0,1000,True,0.0,0.0,,,225,,,False,,,,,,55,max_over_classes,0.05,0.1,shared_crc,segformer_b2_cityscapes,cityscapes_val_half,225
,,,1.0,1000,True,0.0,0.0,1.0,,203,,,False,,,,,,55,person,0.05,0.1,shared_crc,segformer_b2_cityscapes,cityscapes_val_half,225
,,,1.0,1000,True,0.0,0.0,1.0,,128,,,False,,,,,,55,rider,0.05,0.1,shared_crc,segformer_b2_cityscapes,cityscapes_val_half,225
,,,1.0,1000,True,0.0,0.0,1.0,,179,,,False,,,,,,55,bicycle,0.05,0.1,shared_crc,segformer_b2_cityscapes,cityscapes_val_half,225
,,,1.0,1000,True,0.0,0.0,,,225,,,False,,,,,,55,max_over_classes,0.1,0.1,shared_crc,segformer_b2_cityscapes,cityscapes_val_half,225
,,,1.0,1000,True,0.0,0.0,1.0,,203,,,False,,,,,,55,person,0.1,0.1,shared_crc,segformer_b2_cityscapes,cityscapes_val_half,225
,,,1.0,1000,True,0.0,0.0,1.0,,128,,,False,,,,,,55,rider,0.1,0.1,shared_crc,segformer_b2_cityscapes,cityscapes_val_half,225
,,,1.0,1000,True,0.0,0.0,1.0,,179,,,False,,,,,,55,bicycle,0.1,0.1,shared_crc,segformer_b2_cityscapes,cityscapes_val_half,225
,,,0.997,997,True,0.19942234633462705,0.19942234633462705,,,225,,,False,,,,,,55,max_over_classes,0.2,0.1,shared_crc,segformer_b2_cityscapes,cityscapes_val_half,225
,,,0.997,997,True,0.07451534867920659,0.07451534867920659,0.0478164441883564,,203,,,False,,,,,,55,person,0.2,0.1,shared_crc,segformer_b2_cityscapes,cityscapes_val_half,225
,,,0.997,997,True,0.1791743412837163,0.1791743412837163,0.012849911116063595,,128,,,False,,,,,,55,rider,0.2,0.1,shared_crc,segformer_b2_cityscapes,cityscapes_val_half,225
,,,0.997,997,True,0.07964574996697903,0.07964574996697903,0.0233401320874691,,179,,,False,,,,,,55,bicycle,0.2,0.1,shared_crc,segformer_b2_cityscapes,cityscapes_val_half,225
,,,1.0,1000,True,0.0,0.0,,,225,,,False,,,,,,55,max_over_classes,0.05,0.5,shared_crc,segformer_b2_cityscapes,cityscapes_val_half,225
,,,1.0,1000,True,0.0,0.0,1.0,,203,,,False,,,,,,55,person,0.05,0.5,shared_crc,segformer_b2_cityscapes,cityscapes_val_half,225
,,,1.0,1000,True,0.0,0.0,1.0,,128,,,False,,,,,,55,rider,0.05,0.5,shared_crc,segformer_b2_cityscapes,cityscapes_val_half,225
,,,1.0,1000,True,0.0,0.0,1.0,,179,,,False,,,,,,55,bicycle,0.05,0.5,shared_crc,segformer_b2_cityscapes,cityscapes_val_half,225
,,,1.0,1000,True,0.0,0.0,,,225,,,False,,,,,,55,max_over_classes,0.1,0.5,shared_crc,segformer_b2_cityscapes,cityscapes_val_half,225
,,,1.0,1000,True,0.0,0.0,1.0,,203,,,False,,,,,,55,person,0.1,0.5,shared_crc,segformer_b2_cityscapes,cityscapes_val_half,225
,,,1.0,1000,True,0.0,0.0,1.0,,128,,,False,,,,,,55,rider,0.1,0.5,shared_crc,segformer_b2_cityscapes,cityscapes_val_half,225
,,,1.0,1000,True,0.0,0.0,1.0,,179,,,False,,,,,,55,bicycle,0.1,0.5,shared_crc,segformer_b2_cityscapes,cityscapes_val_half,225
,,,0.999,999,True,0.16563724936531957,0.16563724936531957,,,225,,,False,,,,,,55,max_over_classes,0.2,0.5,shared_crc,segformer_b2_cityscapes,cityscapes_val_half,225
,,,0.999,999,True,0.04253252832783556,0.04253252832783556,0.05938448756933212,,203,,,False,,,,,,55,person,0.2,0.5,shared_crc,segformer_b2_cityscapes,cityscapes_val_half,225
,,,0.999,999,True,0.16042095924908423,0.16042095924908423,0.018295301124453545,,128,,,False,,,,,,55,rider,0.2,0.5,shared_crc,segformer_b2_cityscapes,cityscapes_val_half,225
,,,0.999,999,True,0.08250387880276149,0.08250387880276149,0.030760666355490685,,179,,,False,,,,,,55,bicycle,0.2,0.5,shared_crc,segformer_b2_cityscapes,cityscapes_val_half,225
,,,0.998,998,True,0.06908646433664416,0.06908646433664416,0.050309643149375916,0.208,198,1462.0,0.10399999999999998,False,0.08838383838383838,0.009487666034155597,0.0,,,56,person,0.05,0.1,region_crc,segformer_b2_cityscapes,cityscapes_val_half,204
,,,0.992,992,True,0.13055065643945932,0.13055065643945932,0.03772187978029251,0.208,198,1462.0,0.09600000000000003,False,0.15782828282828282,0.026565464895635674,0.0,,,56,person,0.1,0.1,region_crc,segformer_b2_cityscapes,cityscapes_val_half,204
,,,0.967,967,True,0.25236837815378643,0.2523683781537865,0.027790412306785583,6.18,198,1462.0,0.09200000000000008,False,0.32323232323232326,0.06072106261859583,0.0,,,56,person,0.2,0.1,region_crc,segformer_b2_cityscapes,cityscapes_val_half,204
,,,0.999,999,True,0.07051309840216712,0.07051309840216712,0.05794479325413704,0.208,198,1462.0,0.09999999999999998,False,0.0845959595959596,0.022770398481973434,0.0,,,56,person,0.05,0.5,region_crc,segformer_b2_cityscapes,cityscapes_val_half,204
,,,0.998,998,True,0.10581913820382095,0.10581913820382095,0.050309643149375916,0.208,198,1462.0,0.10399999999999998,False,0.1111111111111111,0.028462998102466792,0.0,,,56,person,0.1,0.5,region_crc,segformer_b2_cityscapes,cityscapes_val_half,204
,,,0.986,986,True,0.25055973269247656,0.25055973269247656,0.03350900486111641,6.18,198,1462.0,0.08800000000000002,False,0.28535353535353536,0.08159392789373814,0.0,,,56,person,0.2,0.5,region_crc,segformer_b2_cityscapes,cityscapes_val_half,204
,,,1.0,1000,True,0.0,0.0,1.0,0.472,132,386.0,0.0,False,0.0,0.0,0.0,,,56,rider,0.05,0.1,region_crc,segformer_b2_cityscapes,cityscapes_val_half,121
,,,1.0,1000,True,0.0,0.0,1.0,0.472,132,386.0,0.0,False,0.0,0.0,0.0,,,56,rider,0.1,0.1,region_crc,segformer_b2_cityscapes,cityscapes_val_half,121
,,,0.998,998,True,0.14067460317460317,0.14067460317460317,0.01484966091811657,0.472,132,386.0,0.06000000000000005,False,0.1848341232227488,0.04316546762589928,0.0,,,56,rider,0.2,0.1,region_crc,segformer_b2_cityscapes,cityscapes_val_half,121
,,,1.0,1000,True,0.0,0.0,1.0,0.472,132,386.0,0.0,False,0.0,0.0,0.0,,,56,rider,0.05,0.5,region_crc,segformer_b2_cityscapes,cityscapes_val_half,121
,,,1.0,1000,True,0.0,0.0,1.0,0.472,132,386.0,0.0,False,0.0,0.0,0.0,,,56,rider,0.1,0.5,region_crc,segformer_b2_cityscapes,cityscapes_val_half,121
,,,0.999,999,True,0.15717291967291966,0.1571729196729197,0.018318912014365196,0.472,132,386.0,0.068,False,0.18009478672985782,0.07913669064748201,0.1111111111111111,,,56,rider,0.2,0.5,region_crc,segformer_b2_cityscapes,cityscapes_val_half,121
,,,1.0,1000,True,0.0,0.0,1.0,0.32,170,870.0,0.0,False,0.0,0.0,0.0,,,56,bicycle,0.05,0.1,region_crc,segformer_b2_cityscapes,cityscapes_val_half,175
,,,0.998,998,True,0.10099775224775226,0.10099775224775226,0.026789583265781403,0.32,170,870.0,0.11199999999999999,False,0.15575620767494355,0.019830028328611898,0.0,,,56,bicycle,0.1,0.1,region_crc,segformer_b2_cityscapes,cityscapes_val_half,175
,,,0.989,989,True,0.20081411235823,0.20081411235823,0.01820324920117855,0.32,170,870.0,0.12000000000000005,False,0.3115124153498871,0.059490084985835696,0.0,,,56,bicycle,0.2,0.1,region_crc,segformer_b2_cityscapes,cityscapes_val_half,175
,,,1.0,1000,True,0.0,0.0,1.0,0.32,170,870.0,0.0,False,0.0,0.0,0.0,,,56,bicycle,0.05,0.5,region_crc,segformer_b2_cityscapes,cityscapes_val_half,175
,,,1.0,1000,True,0.0,0.0,1.0,0.32,170,870.0,0.0,False,0.0,0.0,0.0,,,56,bicycle,0.1,0.5,region_crc,segformer_b2_cityscapes,cityscapes_val_half,175
,,,0.993,993,True,0.2199351791998851,0.21993517919988506,0.02009849064052105,0.32,170,870.0,0.11600000000000005,False,0.3295711060948081,0.08498583569405099,0.013513513513513514,,,56,bicycle,0.2,0.5,region_crc,segformer_b2_cityscapes,cityscapes_val_half,175
,,,1.0,1000,True,0.0,0.0,,,224,,,False,,,,,,56,max_over_classes,0.05,0.1,shared_crc,segformer_b2_cityscapes,cityscapes_val_half,226
,,,1.0,1000,True,0.0,0.0,1.0,,198,,,False,,,,,,56,person,0.05,0.1,shared_crc,segformer_b2_cityscapes,cityscapes_val_half,226
,,,1.0,1000,True,0.0,0.0,1.0,,132,,,False,,,,,,56,rider,0.05,0.1,shared_crc,segformer_b2_cityscapes,cityscapes_val_half,226
,,,1.0,1000,True,0.0,0.0,1.0,,170,,,False,,,,,,56,bicycle,0.05,0.1,shared_crc,segformer_b2_cityscapes,cityscapes_val_half,226
,,,1.0,1000,True,0.0,0.0,,,224,,,False,,,,,,56,max_over_classes,0.1,0.1,shared_crc,segformer_b2_cityscapes,cityscapes_val_half,226
,,,1.0,1000,True,0.0,0.0,1.0,,198,,,False,,,,,,56,person,0.1,0.1,shared_crc,segformer_b2_cityscapes,cityscapes_val_half,226
,,,1.0,1000,True,0.0,0.0,1.0,,132,,,False,,,,,,56,rider,0.1,0.1,shared_crc,segformer_b2_cityscapes,cityscapes_val_half,226
,,,1.0,1000,True,0.0,0.0,1.0,,170,,,False,,,,,,56,bicycle,0.1,0.1,shared_crc,segformer_b2_cityscapes,cityscapes_val_half,226
,,,0.997,997,True,0.192331539701412,0.192331539701412,,,224,,,False,,,,,,56,max_over_classes,0.2,0.1,shared_crc,segformer_b2_cityscapes,cityscapes_val_half,226
,,,0.997,997,True,0.08177350114648797,0.08177350114648797,0.04629214480519295,,198,,,False,,,,,,56,person,0.2,0.1,shared_crc,segformer_b2_cityscapes,cityscapes_val_half,226
,,,0.997,997,True,0.16827829157374613,0.16827829157374613,0.013076558709144592,,132,,,False,,,,,,56,rider,0.2,0.1,shared_crc,segformer_b2_cityscapes,cityscapes_val_half,226
,,,0.997,997,True,0.11067059574412513,0.11067059574412513,0.02439168654382229,,170,,,False,,,,,,56,bicycle,0.2,0.1,shared_crc,segformer_b2_cityscapes,cityscapes_val_half,226
,,,1.0,1000,True,0.0,0.0,,,224,,,False,,,,,,56,max_over_classes,0.05,0.5,shared_crc,segformer_b2_cityscapes,cityscapes_val_half,226
,,,1.0,1000,True,0.0,0.0,1.0,,198,,,False,,,,,,56,person,0.05,0.5,shared_crc,segformer_b2_cityscapes,cityscapes_val_half,226
,,,1.0,1000,True,0.0,0.0,1.0,,132,,,False,,,,,,56,rider,0.05,0.5,shared_crc,segformer_b2_cityscapes,cityscapes_val_half,226
,,,1.0,1000,True,0.0,0.0,1.0,,170,,,False,,,,,,56,bicycle,0.05,0.5,shared_crc,segformer_b2_cityscapes,cityscapes_val_half,226
,,,1.0,1000,True,0.0,0.0,,,224,,,False,,,,,,56,max_over_classes,0.1,0.5,shared_crc,segformer_b2_cityscapes,cityscapes_val_half,226
,,,1.0,1000,True,0.0,0.0,1.0,,198,,,False,,,,,,56,person,0.1,0.5,shared_crc,segformer_b2_cityscapes,cityscapes_val_half,226
,,,1.0,1000,True,0.0,0.0,1.0,,132,,,False,,,,,,56,rider,0.1,0.5,shared_crc,segformer_b2_cityscapes,cityscapes_val_half,226
,,,1.0,1000,True,0.0,0.0,1.0,,170,,,False,,,,,,56,bicycle,0.1,0.5,shared_crc,segformer_b2_cityscapes,cityscapes_val_half,226
,,,0.999,999,True,0.1845949412217449,0.1845949412217449,,,224,,,False,,,,,,56,max_over_classes,0.2,0.5,shared_crc,segformer_b2_cityscapes,cityscapes_val_half,226
,,,0.999,999,True,0.07051309840216712,0.07051309840216712,0.05794479325413704,,198,,,False,,,,,,56,person,0.2,0.5,shared_crc,segformer_b2_cityscapes,cityscapes_val_half,226
,,,0.999,999,True,0.15717291967291966,0.15717291967291966,0.018318912014365196,,132,,,False,,,,,,56,rider,0.2,0.5,shared_crc,segformer_b2_cityscapes,cityscapes_val_half,226
,,,0.999,999,True,0.10790506062564885,0.10790506062564885,0.0314437597990036,,170,,,False,,,,,,56,bicycle,0.2,0.5,shared_crc,segformer_b2_cityscapes,cityscapes_val_half,226
,,,0.999,999,True,0.03486591271666405,0.03486591271666405,0.06087144464254379,0.18,205,1413.0,0.10000000000000003,False,0.056282722513089,0.003937007874015748,0.0,,,57,person,0.05,0.1,region_crc,segformer_b2_cityscapes,cityscapes_val_half,197
,,,0.994,994,True,0.09821817175891026,0.09821817175891026,0.04243117943406105,0.18,205,1413.0,0.132,False,0.1400523560209424,0.013779527559055118,0.0,,,57,person,0.1,0.1,region_crc,segformer_b2_cityscapes,cityscapes_val_half,197
,,,0.978,978,True,0.1854345425368985,0.1854345425368985,0.032395217567682266,6.568,205,1413.0,0.13599999999999998,False,0.2670157068062827,0.03740157480314961,0.0,,,57,person,0.2,0.1,region_crc,segformer_b2_cityscapes,cityscapes_val_half,197
,,,1.0,1000,True,0.0,0.0,1.0,0.18,205,1413.0,0.0,False,0.0,0.0,0.0,,,57,person,0.05,0.5,region_crc,segformer_b2_cityscapes,cityscapes_val_half,197
,,,0.999,999,True,0.055875706659705746,0.055875706659705746,0.06087144464254379,0.18,205,1413.0,0.10000000000000003,False,0.07591623036649214,0.011811023622047244,0.0,,,57,person,0.1,0.5,region_crc,segformer_b2_cityscapes,cityscapes_val_half,197
,,,0.992,992,True,0.16677414647406344,0.16677414647406338,0.03999139368534088,0.18,205,1413.0,0.14,False,0.22774869109947643,0.04921259842519685,0.0,,,57,person,0.2,0.5,region_crc,segformer_b2_cityscapes,cityscapes_val_half,197
,,,1.0,1000,True,0.0,0.0,1.0,0.476,131,371.0,0.0,False,0.0,0.0,0.0,,,57,rider,0.05,0.1,region_crc,segformer_b2_cityscapes,cityscapes_val_half,122
,,,1.0,1000,True,0.0,0.0,1.0,0.476,131,371.0,0.0,False,0.0,0.0,0.0,,,57,rider,0.1,0.1,region_crc,segformer_b2_cityscapes,cityscapes_val_half,122
,,,0.998,998,True,0.1306979280261723,0.13069792802617228,0.014773347415030003,0.476,131,371.0,0.11599999999999999,False,0.2028301886792453,0.023255813953488372,0.0,,,57,rider,0.2,0.1,region_crc,segformer_b2_cityscapes,cityscapes_val_half,122
,,,1.0,1000,True,0.0,0.0,1.0,0.476,131,371.0,0.0,False,0.0,0.0,0.0,,,57,rider,0.05,0.5,region_crc,segformer_b2_cityscapes,cityscapes_val_half,122
,,,1.0,1000,True,0.0,0.0,1.0,0.476,131,371.0,0.0,False,0.0,0.0,0.0,,,57,rider,0.1,0.5,region_crc,segformer_b2_cityscapes,cityscapes_val_half,122
,,,0.999,999,True,0.12649945474372953,0.12649945474372953,0.01822463609278202,0.476,131,371.0,0.1,False,0.18867924528301888,0.031007751937984496,0.1,,,57,rider,0.2,0.5,region_crc,segformer_b2_cityscapes,cityscapes_val_half,122
,,,1.0,1000,True,0.0,0.0,1.0,0.28,180,931.0,0.0,False,0.0,0.0,0.0,,,57,bicycle,0.05,0.1,region_crc,segformer_b2_cityscapes,cityscapes_val_half,165
,,,0.998,998,True,0.08988368884202216,0.08988368884202218,0.027182236313819885,0.28,180,931.0,0.12000000000000001,False,0.164969450101833,0.013850415512465374,0.0,,,57,bicycle,0.1,0.1,region_crc,segformer_b2_cityscapes,cityscapes_val_half,165
,,,0.989,989,True,0.20322741301907968,0.20322741301907968,0.01796869933605194,0.28,180,931.0,0.13200000000000003,False,0.34623217922606925,0.060941828254847646,0.0,,,57,bicycle,0.2,0.1,region_crc,segformer_b2_cityscapes,cityscapes_val_half,165
,,,1.0,1000,True,0.0,0.0,1.0,0.28,180,931.0,0.0,False,0.0,0.0,0.0,,,57,bicycle,0.05,0.5,region_crc,segformer_b2_cityscapes,cityscapes_val_half,165
,,,1.0,1000,True,0.0,0.0,1.0,0.28,180,931.0,0.0,False,0.0,0.0,0.0,,,57,bicycle,0.1,0.5,region_crc,segformer_b2_cityscapes,cityscapes_val_half,165
,,,0.994,994,True,0.20092803533020923,0.20092803533020923,0.020792696624994278,0.28,180,931.0,0.13199999999999998,False,0.3421588594704684,0.07479224376731301,0.0,,,57,bicycle,0.2,0.5,region_crc,segformer_b2_cityscapes,cityscapes_val_half,165
,,,1.0,1000,True,0.0,0.0,,,229,,,False,,,,,,57,max_over_classes,0.05,0.1,shared_crc,segformer_b2_cityscapes,cityscapes_val_half,221
,,,1.0,1000,True,0.0,0.0,1.0,,205,,,False,,,,,,57,person,0.05,0.1,shared_crc,segformer_b2_cityscapes,cityscapes_val_half,221
,,,1.0,1000,True,0.0,0.0,1.0,,131,,,False,,,,,,57,rider,0.05,0.1,shared_crc,segformer_b2_cityscapes,cityscapes_val_half,221
,,,1.0,1000,True,0.0,0.0,1.0,,180,,,False,,,,,,57,bicycle,0.05,0.1,shared_crc,segformer_b2_cityscapes,cityscapes_val_half,221
,,,1.0,1000,True,0.0,0.0,,,229,,,False,,,,,,57,max_over_classes,0.1,0.1,shared_crc,segformer_b2_cityscapes,cityscapes_val_half,221
,,,1.0,1000,True,0.0,0.0,1.0,,205,,,False,,,,,,57,person,0.1,0.1,shared_crc,segformer_b2_cityscapes,cityscapes_val_half,221
,,,1.0,1000,True,0.0,0.0,1.0,,131,,,False,,,,,,57,rider,0.1,0.1,shared_crc,segformer_b2_cityscapes,cityscapes_val_half,221
,,,1.0,1000,True,0.0,0.0,1.0,,180,,,False,,,,,,57,bicycle,0.1,0.1,shared_crc,segformer_b2_cityscapes,cityscapes_val_half,221
,,,0.998,998,True,0.15334106653715399,0.15334106653715399,,,229,,,False,,,,,,57,max_over_classes,0.2,0.1,shared_crc,segformer_b2_cityscapes,cityscapes_val_half,221
,,,0.998,998,True,0.052047793380572964,0.052047793380572964,0.05303535610437393,,205,,,False,,,,,,57,person,0.2,0.1,shared_crc,segformer_b2_cityscapes,cityscapes_val_half,221
,,,0.998,998,True,0.1306979280261723,0.1306979280261723,0.014773347415030003,,131,,,False,,,,,,57,rider,0.2,0.1,shared_crc,segformer_b2_cityscapes,cityscapes_val_half,221
,,,0.998,998,True,0.08988368884202216,0.08988368884202216,0.027182236313819885,,180,,,False,,,,,,57,bicycle,0.2,0.1,shared_crc,segformer_b2_cityscapes,cityscapes_val_half,221
,,,1.0,1000,True,0.0,0.0,,,229,,,False,,,,,,57,max_over_classes,0.05,0.5,shared_crc,segformer_b2_cityscapes,cityscapes_val_half,221
,,,1.0,1000,True,0.0,0.0,1.0,,205,,,False,,,,,,57,person,0.05,0.5,shared_crc,segformer_b2_cityscapes,cityscapes_val_half,221
,,,1.0,1000,True,0.0,0.0,1.0,,131,,,False,,,,,,57,rider,0.05,0.5,shared_crc,segformer_b2_cityscapes,cityscapes_val_half,221
,,,1.0,1000,True,0.0,0.0,1.0,,180,,,False,,,,,,57,bicycle,0.05,0.5,shared_crc,segformer_b2_cityscapes,cityscapes_val_half,221
,,,1.0,1000,True,0.0,0.0,,,229,,,False,,,,,,57,max_over_classes,0.1,0.5,shared_crc,segformer_b2_cityscapes,cityscapes_val_half,221
,,,1.0,1000,True,0.0,0.0,1.0,,205,,,False,,,,,,57,person,0.1,0.5,shared_crc,segformer_b2_cityscapes,cityscapes_val_half,221
,,,1.0,1000,True,0.0,0.0,1.0,,131,,,False,,,,,,57,rider,0.1,0.5,shared_crc,segformer_b2_cityscapes,cityscapes_val_half,221
,,,1.0,1000,True,0.0,0.0,1.0,,180,,,False,,,,,,57,bicycle,0.1,0.5,shared_crc,segformer_b2_cityscapes,cityscapes_val_half,221
,,,0.999,999,True,0.16765233144885555,0.16765233144885555,,,229,,,False,,,,,,57,max_over_classes,0.2,0.5,shared_crc,segformer_b2_cityscapes,cityscapes_val_half,221
,,,0.999,999,True,0.055875706659705746,0.055875706659705746,0.06087144464254379,,205,,,False,,,,,,57,person,0.2,0.5,shared_crc,segformer_b2_cityscapes,cityscapes_val_half,221
,,,0.999,999,True,0.12649945474372953,0.12649945474372953,0.01822463609278202,,131,,,False,,,,,,57,rider,0.2,0.5,shared_crc,segformer_b2_cityscapes,cityscapes_val_half,221
,,,0.999,999,True,0.10767709913543248,0.10767709913543248,0.03215417638421059,,180,,,False,,,,,,57,bicycle,0.2,0.5,shared_crc,segformer_b2_cityscapes,cityscapes_val_half,221
,,,0.999,999,True,0.02804334439783356,0.028043344397833563,0.05691077932715416,0.184,204,1349.0,0.06799999999999998,False,0.05128205128205128,0.010917030567685589,0.0,,,58,person,0.05,0.1,region_crc,segformer_b2_cityscapes,cityscapes_val_half,198
,,,0.997,997,True,0.060306261219573915,0.060306261219573915,0.04533740505576134,0.184,204,1349.0,0.06400000000000003,False,0.08636977058029689,0.017467248908296942,0.0,,,58,person,0.1,0.1,region_crc,segformer_b2_cityscapes,cityscapes_val_half,198
,,,0.979,979,True,0.17811240108226084,0.17811240108226084,0.03009994886815548,6.32,204,1349.0,0.06400000000000006,False,0.24561403508771928,0.03711790393013101,0.0,,,58,person,0.2,0.1,region_crc,segformer_b2_cityscapes,cityscapes_val_half,198
,,,1.0,1000,True,0.0,0.0,1.0,0.184,204,1349.0,0.0,False,0.0,0.0,0.0,,,58,person,0.05,0.5,region_crc,segformer_b2_cityscapes,cityscapes_val_half,198
,,,0.998,998,True,0.08460438502750164,0.08460438502750162,0.04931626096367836,0.184,204,1349.0,0.068,False,0.09986504723346828,0.028384279475982533,0.0,,,58,person,0.1,0.5,region_crc,segformer_b2_cityscapes,cityscapes_val_half,198
,,,0.991,991,True,0.18193005244248187,0.18193005244248184,0.03600386157631874,0.184,204,1349.0,0.055999999999999994,False,0.22807017543859648,0.05895196506550218,0.0,,,58,person,0.2,0.5,region_crc,segformer_b2_cityscapes,cityscapes_val_half,198
,,,1.0,1000,True,0.0,0.0,1.0,0.476,131,364.0,0.0,False,0.0,0.0,0.0,,,58,rider,0.05,0.1,region_crc,segformer_b2_cityscapes,cityscapes_val_half,122
,,,1.0,1000,True,0.0,0.0,1.0,0.476,131,364.0,0.0,False,0.0,0.0,0.0,,,58,rider,0.1,0.1,region_crc,segformer_b2_cityscapes,cityscapes_val_half,122
,,,0.997,997,True,0.18619923333663793,0.1861992333366379,0.012240144424140453,0.476,131,364.0,0.10000000000000003,False,0.2571428571428571,0.047619047619047616,0.0,,,58,rider,0.2,0.1,region_crc,segformer_b2_cityscapes,cityscapes_val_half,122
,,,1.0,1000,True,0.0,0.0,1.0,0.476,131,364.0,0.0,False,0.0,0.0,0.0,,,58,rider,0.05,0.5,region_crc,segformer_b2_cityscapes,cityscapes_val_half,122
,,,1.0,1000,True,0.0,0.0,1.0,0.476,131,364.0,0.0,False,0.0,0.0,0.0,,,58,rider,0.1,0.5,region_crc,segformer_b2_cityscapes,cityscapes_val_half,122
,,,0.999,999,True,0.16094147582697202,0.16094147582697202,0.01750832609832287,0.476,131,364.0,0.11200000000000002,False,0.2,0.047619047619047616,0.10714285714285714,,,58,rider,0.2,0.5,region_crc,segformer_b2_cityscapes,cityscapes_val_half,122
,,,1.0,1000,True,0.0,0.0,1.0,0.28,180,836.0,0.0,False,0.0,0.0,0.0,,,58,bicycle,0.05,0.1,region_crc,segformer_b2_cityscapes,cityscapes_val_half,165
,,,0.999,999,True,0.059291626583293254,0.05929162658329324,0.030682824552059174,0.28,180,836.0,0.092,False,0.08624708624708624,0.011904761904761904,0.0,,,58,bicycle,0.1,0.1,region_crc,segformer_b2_cityscapes,cityscapes_val_half,165
,,,0.988,988,True,0.21340798861632193,0.21340798861632196,0.016698753461241722,0.28,180,836.0,0.10799999999999998,False,0.27505827505827507,0.05654761904761905,0.0,,,58,bicycle,0.2,0.1,region_crc,segformer_b2_cityscapes,cityscapes_val_half,165
,,,1.0,1000,True,0.0,0.0,1.0,0.28,180,836.0,0.0,False,0.0,0.0,0.0,,,58,bicycle,0.05,0.5,region_crc,segformer_b2_cityscapes,cityscapes_val_half,165
,,,1.0,1000,True,0.0,0.0,1.0,0.28,180,836.0,0.0,False,0.0,0.0,0.0,,,58,bicycle,0.1,0.5,region_crc,segformer_b2_cityscapes,cityscapes_val_half,165
,,,0.994,994,True,0.20378718235602292,0.20378718235602294,0.019739655777812004,0.28,180,836.0,0.096,False,0.27505827505827507,0.06845238095238096,0.0,,,58,bicycle,0.2,0.5,region_crc,segformer_b2_cityscapes,cityscapes_val_half,165
,,,1.0,1000,True,0.0,0.0,,,232,,,False,,,,,,58,max_over_classes,0.05,0.1,shared_crc,segformer_b2_cityscapes,cityscapes_val_half,218
,,,1.0,1000,True,0.0,0.0,1.0,,204,,,False,,,,,,58,person,0.05,0.1,shared_crc,segformer_b2_cityscapes,cityscapes_val_half,218
,,,1.0,1000,True,0.0,0.0,1.0,,131,,,False,,,,,,58,rider,0.05,0.1,shared_crc,segformer_b2_cityscapes,cityscapes_val_half,218
,,,1.0,1000,True,0.0,0.0,1.0,,180,,,False,,,,,,58,bicycle,0.05,0.1,shared_crc,segformer_b2_cityscapes,cityscapes_val_half,218
,,,1.0,1000,True,0.0,0.0,,,232,,,False,,,,,,58,max_over_classes,0.1,0.1,shared_crc,segformer_b2_cityscapes,cityscapes_val_half,218
,,,1.0,1000,True,0.0,0.0,1.0,,204,,,False,,,,,,58,person,0.1,0.1,shared_crc,segformer_b2_cityscapes,cityscapes_val_half,218
,,,1.0,1000,True,0.0,0.0,1.0,,131,,,False,,,,,,58,rider,0.1,0.1,shared_crc,segformer_b2_cityscapes,cityscapes_val_half,218
,,,1.0,1000,True,0.0,0.0,1.0,,180,,,False,,,,,,58,bicycle,0.1,0.1,shared_crc,segformer_b2_cityscapes,cityscapes_val_half,218
,,,0.998,998,True,0.15579098482682874,0.15579098482682874,,,232,,,False,,,,,,58,max_over_classes,0.2,0.1,shared_crc,segformer_b2_cityscapes,cityscapes_val_half,218
,,,0.998,998,True,0.04707156563193715,0.04707156563193715,0.04931626096367836,,204,,,False,,,,,,58,person,0.2,0.1,shared_crc,segformer_b2_cityscapes,cityscapes_val_half,218
,,,0.998,998,True,0.16323155216284987,0.16323155216284987,0.014012455008924007,,131,,,False,,,,,,58,rider,0.2,0.1,shared_crc,segformer_b2_cityscapes,cityscapes_val_half,218
,,,0.998,998,True,0.08206940436107103,0.08206940436107103,0.0258470606058836,,180,,,False,,,,,,58,bicycle,0.2,0.1,shared_crc,segformer_b2_cityscapes,cityscapes_val_half,218
,,,1.0,1000,True,0.0,0.0,,,232,,,False,,,,,,58,max_over_classes,0.05,0.5,shared_crc,segformer_b2_cityscapes,cityscapes_val_half,218
,,,1.0,1000,True,0.0,0.0,1.0,,204,,,False,,,,,,58,person,0.05,0.5,shared_crc,segformer_b2_cityscapes,cityscapes_val_half,218
,,,1.0,1000,True,0.0,0.0,1.0,,131,,,False,,,,,,58,rider,0.05,0.5,shared_crc,segformer_b2_cityscapes,cityscapes_val_half,218
,,,1.0,1000,True,0.0,0.0,1.0,,180,,,False,,,,,,58,bicycle,0.05,0.5,shared_crc,segformer_b2_cityscapes,cityscapes_val_half,218
,,,1.0,1000,True,0.0,0.0,,,232,,,False,,,,,,58,max_over_classes,0.1,0.5,shared_crc,segformer_b2_cityscapes,cityscapes_val_half,218
,,,1.0,1000,True,0.0,0.0,1.0,,204,,,False,,,,,,58,person,0.1,0.5,shared_crc,segformer_b2_cityscapes,cityscapes_val_half,218
,,,1.0,1000,True,0.0,0.0,1.0,,131,,,False,,,,,,58,rider,0.1,0.5,shared_crc,segformer_b2_cityscapes,cityscapes_val_half,218
,,,1.0,1000,True,0.0,0.0,1.0,,180,,,False,,,,,,58,bicycle,0.1,0.5,shared_crc,segformer_b2_cityscapes,cityscapes_val_half,218
,,,0.999,999,True,0.1725204632532219,0.1725204632532219,,,232,,,False,,,,,,58,max_over_classes,0.2,0.5,shared_crc,segformer_b2_cityscapes,cityscapes_val_half,218
,,,0.999,999,True,0.04980654851397885,0.04980654851397885,0.05691077932715416,,204,,,False,,,,,,58,person,0.2,0.5,shared_crc,segformer_b2_cityscapes,cityscapes_val_half,218
,,,0.999,999,True,0.16094147582697202,0.16094147582697202,0.01750832609832287,,131,,,False,,,,,,58,rider,0.2,0.5,shared_crc,segformer_b2_cityscapes,cityscapes_val_half,218
,,,0.999,999,True,0.10491572470739136,0.10491572470739136,0.030682824552059174,,180,,,False,,,,,,58,bicycle,0.2,0.5,shared_crc,segformer_b2_cityscapes,cityscapes_val_half,218
,,,0.999,999,True,0.028257721291384128,0.028257721291384128,0.06071707233786583,0.212,197,1346.0,0.06800000000000006,False,0.050946142649199416,0.010080645161290322,0.0,,,59,person,0.05,0.1,region_crc,segformer_b2_cityscapes,cityscapes_val_half,205
,,,0.993,993,True,0.11118356490384276,0.11118356490384275,0.041560906916856766,0.212,197,1346.0,0.08000000000000007,False,0.13682678311499272,0.028225806451612902,0.0,,,59,person,0.1,0.1,region_crc,segformer_b2_cityscapes,cityscapes_val_half,205
,,,0.98,980,True,0.17145299931166882,0.17145299931166882,0.03386274725198746,6.116,197,1346.0,0.08400000000000007,False,0.21688500727802038,0.04233870967741935,0.0,,,59,person,0.2,0.1,region_crc,segformer_b2_cityscapes,cityscapes_val_half,205
,,,1.0,1000,True,0.0,0.0,1.0,0.212,197,1346.0,0.0,False,0.0,0.0,0.0,,,59,person,0.05,0.5,region_crc,segformer_b2_cityscapes,cityscapes_val_half,205
,,,0.998,998,True,0.09839354449293002,0.09839354449293002,0.05307704955339432,0.212,197,1346.0,0.07200000000000006,False,0.1091703056768559,0.03024193548387097,0.0,,,59,person,0.1,0.5,region_crc,segformer_b2_cityscapes,cityscapes_val_half,205
,,,0.989,989,True,0.1985464597740847,0.1985464597740847,0.03806079179048538,0.212,197,1346.0,0.08000000000000007,False,0.22561863173216884,0.06451612903225806,0.0,,,59,person,0.2,0.5,region_crc,segformer_b2_cityscapes,cityscapes_val_half,205
,,,1.0,1000,True,0.0,0.0,1.0,0.54,115,340.0,0.0,False,0.0,0.0,0.0,,,59,rider,0.05,0.1,region_crc,segformer_b2_cityscapes,cityscapes_val_half,138
,,,1.0,1000,True,0.0,0.0,1.0,0.54,115,340.0,0.0,False,0.0,0.0,0.0,,,59,rider,0.1,0.1,region_crc,segformer_b2_cityscapes,cityscapes_val_half,138
,,,0.997,997,True,0.1769271067097154,0.17692710670971543,0.01308487169444561,0.54,115,340.0,0.035999999999999976,False,0.22994652406417113,0.075,0.0,,,59,rider,0.2,0.1,region_crc,segformer_b2_cityscapes,cityscapes_val_half,138
,,,1.0,1000,True,0.0,0.0,1.0,0.54,115,340.0,0.0,False,0.0,0.0,0.0,,,59,rider,0.05,0.5,region_crc,segformer_b2_cityscapes,cityscapes_val_half,138
,,,1.0,1000,True,0.0,0.0,1.0,0.54,115,340.0,0.0,False,0.0,0.0,0.0,,,59,rider,0.1,0.5,region_crc,segformer_b2_cityscapes,cityscapes_val_half,138
,,,0.999,999,True,0.16656102351754526,0.16656102351754523,0.018298832699656487,0.54,115,340.0,0.035999999999999976,False,0.18181818181818182,0.09166666666666666,0.09090909090909091,,,59,rider,0.2,0.5,region_crc,segformer_b2_cityscapes,cityscapes_val_half,138
,,,1.0,1000,True,0.0,0.0,1.0,0.328,168,790.0,0.0,False,0.0,0.0,0.0,,,59,bicycle,0.05,0.1,region_crc,segformer_b2_cityscapes,cityscapes_val_half,177
,,,0.999,999,True,0.045262921602207316,0.045262921602207316,0.030011393129825592,0.328,168,790.0,0.068,False,0.0891089108910891,0.00980392156862745,0.0,,,59,bicycle,0.1,0.1,region_crc,segformer_b2_cityscapes,cityscapes_val_half,177
,,,0.99,990,True,0.183145905020905,0.18314590502090505,0.017459610477089882,0.328,168,790.0,0.08000000000000002,False,0.27970297029702973,0.058823529411764705,0.0,,,59,bicycle,0.2,0.1,region_crc,segformer_b2_cityscapes,cityscapes_val_half,177
,,,1.0,1000,True,0.0,0.0,1.0,0.328,168,790.0,0.0,False,0.0,0.0,0.0,,,59,bicycle,0.05,0.5,region_crc,segformer_b2_cityscapes,cityscapes_val_half,177
,,,1.0,1000,True,0.0,0.0,1.0,0.328,168,790.0,0.0,False,0.0,0.0,0.0,,,59,bicycle,0.1,0.5,region_crc,segformer_b2_cityscapes,cityscapes_val_half,177
,,,0.995,995,True,0.17436886856529712,0.17436886856529712,0.02045522816479206,0.328,168,790.0,0.07599999999999998,False,0.25495049504950495,0.07516339869281045,0.0125,,,59,bicycle,0.2,0.5,region_crc,segformer_b2_cityscapes,cityscapes_val_half,177
,,,1.0,1000,True,0.0,0.0,,,221,,,False,,,,,,59,max_over_classes,0.05,0.1,shared_crc,segformer_b2_cityscapes,cityscapes_val_half,229
,,,1.0,1000,True,0.0,0.0,1.0,,197,,,False,,,,,,59,person,0.05,0.1,shared_crc,segformer_b2_cityscapes,cityscapes_val_half,229
,,,1.0,1000,True,0.0,0.0,1.0,,115,,,False,,,,,,59,rider,0.05,0.1,shared_crc,segformer_b2_cityscapes,cityscapes_val_half,229
,,,1.0,1000,True,0.0,0.0,1.0,,168,,,False,,,,,,59,bicycle,0.05,0.1,shared_crc,segformer_b2_cityscapes,cityscapes_val_half,229
,,,1.0,1000,True,0.0,0.0,,,221,,,False,,,,,,59,max_over_classes,0.1,0.1,shared_crc,segformer_b2_cityscapes,cityscapes_val_half,229
,,,1.0,1000,True,0.0,0.0,1.0,,197,,,False,,,,,,59,person,0.1,0.1,shared_crc,segformer_b2_cityscapes,cityscapes_val_half,229
,,,1.0,1000,True,0.0,0.0,1.0,,115,,,False,,,,,,59,rider,0.1,0.1,shared_crc,segformer_b2_cityscapes,cityscapes_val_half,229
,,,1.0,1000,True,0.0,0.0,1.0,,168,,,False,,,,,,59,bicycle,0.1,0.1,shared_crc,segformer_b2_cityscapes,cityscapes_val_half,229
,,,0.998,998,True,0.1352736206927681,0.1352736206927681,,,221,,,False,,,,,,59,max_over_classes,0.2,0.1,shared_crc,segformer_b2_cityscapes,cityscapes_val_half,229
,,,0.998,998,True,0.043620366483043474,0.043620366483043474,0.05307704955339432,,197,,,False,,,,,,59,person,0.2,0.1,shared_crc,segformer_b2_cityscapes,cityscapes_val_half,229
,,,0.998,998,True,0.14689918776875296,0.14689918776875296,0.014843050390481949,,115,,,False,,,,,,59,rider,0.2,0.1,shared_crc,segformer_b2_cityscapes,cityscapes_val_half,229
,,,0.998,998,True,0.06905891727320299,0.06905891727320299,0.025429505854845047,,168,,,False,,,,,,59,bicycle,0.2,0.1,shared_crc,segformer_b2_cityscapes,cityscapes_val_half,229
,,,1.0,1000,True,0.0,0.0,,,221,,,False,,,,,,59,max_over_classes,0.05,0.5,shared_crc,segformer_b2_cityscapes,cityscapes_val_half,229
,,,1.0,1000,True,0.0,0.0,1.0,,197,,,False,,,,,,59,person,0.05,0.5,shared_crc,segformer_b2_cityscapes,cityscapes_val_half,229
,,,1.0,1000,True,0.0,0.0,1.0,,115,,,False,,,,,,59,rider,0.05,0.5,shared_crc,segformer_b2_cityscapes,cityscapes_val_half,229
,,,1.0,1000,True,0.0,0.0,1.0,,168,,,False,,,,,,59,bicycle,0.05,0.5,shared_crc,segformer_b2_cityscapes,cityscapes_val_half,229
,,,1.0,1000,True,0.0,0.0,,,221,,,False,,,,,,59,max_over_classes,0.1,0.5,shared_crc,segformer_b2_cityscapes,cityscapes_val_half,229
,,,1.0,1000,True,0.0,0.0,1.0,,197,,,False,,,,,,59,person,0.1,0.5,shared_crc,segformer_b2_cityscapes,cityscapes_val_half,229
,,,1.0,1000,True,0.0,0.0,1.0,,115,,,False,,,,,,59,rider,0.1,0.5,shared_crc,segformer_b2_cityscapes,cityscapes_val_half,229
,,,1.0,1000,True,0.0,0.0,1.0,,168,,,False,,,,,,59,bicycle,0.1,0.5,shared_crc,segformer_b2_cityscapes,cityscapes_val_half,229
,,,0.999,999,True,0.1518583517511834,0.1518583517511834,,,221,,,False,,,,,,59,max_over_classes,0.2,0.5,shared_crc,segformer_b2_cityscapes,cityscapes_val_half,229
,,,0.999,999,True,0.04167249765700207,0.04167249765700207,0.06071707233786583,,197,,,False,,,,,,59,person,0.2,0.5,shared_crc,segformer_b2_cityscapes,cityscapes_val_half,229
,,,0.999,999,True,0.16656102351754526,0.16656102351754526,0.018298832699656487,,115,,,False,,,,,,59,rider,0.2,0.5,shared_crc,segformer_b2_cityscapes,cityscapes_val_half,229
,,,0.999,999,True,0.08952634666920381,0.08952634666920381,0.030011393129825592,,168,,,False,,,,,,59,bicycle,0.2,0.5,shared_crc,segformer_b2_cityscapes,cityscapes_val_half,229
,,,0.998,998,True,0.056277198893297964,0.056277198893297964,0.04661741480231285,0.2,200,1282.0,0.08000000000000007,False,0.07758620689655173,0.008676789587852495,0.0,,,60,person,0.05,0.1,region_crc,segformer_b2_cityscapes,cityscapes_val_half,202
,,,0.995,995,True,0.08981269994195688,0.0898126999419569,0.038266170769929886,0.2,200,1282.0,0.07600000000000007,False,0.11494252873563218,0.010845986984815618,0.0,,,60,person,0.1,0.1,region_crc,segformer_b2_cityscapes,cityscapes_val_half,202
,,,0.981,981,True,0.16745901027936633,0.16745901027936633,0.028542570769786835,6.116,200,1282.0,0.07599999999999996,False,0.23132183908045978,0.03470715835140998,0.0,,,60,person,0.2,0.1,region_crc,segformer_b2_cityscapes,cityscapes_val_half,202
,,,1.0,1000,True,0.0,0.0,1.0,0.2,200,1282.0,0.0,False,0.0,0.0,0.0,,,60,person,0.05,0.5,region_crc,segformer_b2_cityscapes,cityscapes_val_half,202
,,,0.998,998,True,0.09000894813820509,0.0900089481382051,0.04661741480231285,0.2,200,1282.0,0.08000000000000007,False,0.10775862068965517,0.015184381778741865,0.0,,,60,person,0.1,0.5,region_crc,segformer_b2_cityscapes,cityscapes_val_half,202
,,,0.99,990,True,0.19039178371508092,0.19039178371508092,0.03289299085736275,0.2,200,1282.0,0.07200000000000006,False,0.23419540229885058,0.06941431670281996,0.0,,,60,person,0.2,0.5,region_crc,segformer_b2_cityscapes,cityscapes_val_half,202
,,,1.0,1000,True,0.0,0.0,1.0,0.504,124,305.0,0.0,False,0.0,0.0,0.0,,,60,rider,0.05,0.1,region_crc,segformer_b2_cityscapes,cityscapes_val_half,129
,,,1.0,1000,True,0.0,0.0,1.0,0.504,124,305.0,0.0,False,0.0,0.0,0.0,,,60,rider,0.1,0.1,region_crc,segformer_b2_cityscapes,cityscapes_val_half,129
,,,0.997,997,True,0.18758640552995393,0.18758640552995393,0.011048480868339539,0.504,124,305.0,0.10400000000000001,False,0.25,0.05825242718446602,0.0,,,60,rider,0.2,0.1,region_crc,segformer_b2_cityscapes,cityscapes_val_half,129
,,,1.0,1000,True,0.0,0.0,1.0,0.504,124,305.0,0.0,False,0.0,0.0,0.0,,,60,rider,0.05,0.5,region_crc,segformer_b2_cityscapes,cityscapes_val_half,129
,,,1.0,1000,True,0.0,0.0,1.0,0.504,124,305.0,0.0,False,0.0,0.0,0.0,,,60,rider,0.1,0.5,region_crc,segformer_b2_cityscapes,cityscapes_val_half,129
,,,0.998,998,True,0.2369815668202765,0.2369815668202765,0.012640969827771187,0.504,124,305.0,0.10799999999999998,False,0.2616279069767442,0.08737864077669903,0.13333333333333333,,,60,rider,0.2,0.5,region_crc,segformer_b2_cityscapes,cityscapes_val_half,129
,,,1.0,1000,True,0.0,0.0,1.0,0.332,167,770.0,0.0,False,0.0,0.0,0.0,,,60,bicycle,0.05,0.1,region_crc,segformer_b2_cityscapes,cityscapes_val_half,178
,,,0.998,998,True,0.0950867828113337,0.0950867828113337,0.02271069586277008,0.332,167,770.0,0.12,False,0.13691931540342298,0.020618556701030927,0.0,,,60,bicycle,0.1,0.1,region_crc,segformer_b2_cityscapes,cityscapes_val_half,178
,,,0.982,982,True,0.25516632402859946,0.25516632402859946,0.013038289733231068,3.0,167,770.0,0.128,False,0.3765281173594132,0.08247422680412371,0.0,,,60,bicycle,0.2,0.1,region_crc,segformer_b2_cityscapes,cityscapes_val_half,178
,,,1.0,1000,True,0.0,0.0,1.0,0.332,167,770.0,0.0,False,0.0,0.0,0.0,,,60,bicycle,0.05,0.5,region_crc,segformer_b2_cityscapes,cityscapes_val_half,178
,,,1.0,1000,True,0.0,0.0,1.0,0.332,167,770.0,0.0,False,0.0,0.0,0.0,,,60,bicycle,0.1,0.5,region_crc,segformer_b2_cityscapes,cityscapes_val_half,178
,,,0.992,992,True,0.25568239146083455,0.2556823914608346,0.01592596061527729,0.332,167,770.0,0.132,False,0.36185819070904646,0.09278350515463918,0.0,,,60,bicycle,0.2,0.5,region_crc,segformer_b2_cityscapes,cityscapes_val_half,178
,,,1.0,1000,True,0.0,0.0,,,226,,,False,,,,,,60,max_over_classes,0.05,0.1,shared_crc,segformer_b2_cityscapes,cityscapes_val_half,224
,,,1.0,1000,True,0.0,0.0,1.0,,200,,,False,,,,,,60,person,0.05,0.1,shared_crc,segformer_b2_cityscapes,cityscapes_val_half,224
,,,1.0,1000,True,0.0,0.0,1.0,,124,,,False,,,,,,60,rider,0.05,0.1,shared_crc,segformer_b2_cityscapes,cityscapes_val_half,224
,,,1.0,1000,True,0.0,0.0,1.0,,167,,,False,,,,,,60,bicycle,0.05,0.1,shared_crc,segformer_b2_cityscapes,cityscapes_val_half,224
,,,1.0,1000,True,0.0,0.0,,,226,,,False,,,,,,60,max_over_classes,0.1,0.1,shared_crc,segformer_b2_cityscapes,cityscapes_val_half,224
,,,1.0,1000,True,0.0,0.0,1.0,,200,,,False,,,,,,60,person,0.1,0.1,shared_crc,segformer_b2_cityscapes,cityscapes_val_half,224
,,,1.0,1000,True,0.0,0.0,1.0,,124,,,False,,,,,,60,rider,0.1,0.1,shared_crc,segformer_b2_cityscapes,cityscapes_val_half,224
,,,1.0,1000,True,0.0,0.0,1.0,,167,,,False,,,,,,60,bicycle,0.1,0.1,shared_crc,segformer_b2_cityscapes,cityscapes_val_half,224
,,,0.997,997,True,0.2056348714514007,0.2056348714514007,,,226,,,False,,,,,,60,max_over_classes,0.2,0.1,shared_crc,segformer_b2_cityscapes,cityscapes_val_half,224
,,,0.997,997,True,0.07440482565250367,0.07440482565250367,0.04274049028754234,,200,,,False,,,,,,60,person,0.2,0.1,shared_crc,segformer_b2_cityscapes,cityscapes_val_half,224
,,,0.997,997,True,0.18758640552995393,0.18758640552995393,0.011048480868339539,,124,,,False,,,,,,60,rider,0.2,0.1,shared_crc,segformer_b2_cityscapes,cityscapes_val_half,224
,,,0.997,997,True,0.11096455108431155,0.11096455108431155,0.02044798620045185,,167,,,False,,,,,,60,bicycle,0.2,0.1,shared_crc,segformer_b2_cityscapes,cityscapes_val_half,224
,,,1.0,1000,True,0.0,0.0,,,226,,,False,,,,,,60,max_over_classes,0.05,0.5,shared_crc,segformer_b2_cityscapes,cityscapes_val_half,224
,,,1.0,1000,True,0.0,0.0,1.0,,200,,,False,,,,,,60,person,0.05,0.5,shared_crc,segformer_b2_cityscapes,cityscapes_val_half,224
,,,1.0,1000,True,0.0,0.0,1.0,,124,,,False,,,,,,60,rider,0.05,0.5,shared_crc,segformer_b2_cityscapes,cityscapes_val_half,224
,,,1.0,1000,True,0.0,0.0,1.0,,167,,,False,,,,,,60,bicycle,0.05,0.5,shared_crc,segformer_b2_cityscapes,cityscapes_val_half,224
,,,1.0,1000,True,0.0,0.0,,,226,,,False,,,,,,60,max_over_classes,0.1,0.5,shared_crc,segformer_b2_cityscapes,cityscapes_val_half,224
,,,1.0,1000,True,0.0,0.0,1.0,,200,,,False,,,,,,60,person,0.1,0.5,shared_crc,segformer_b2_cityscapes,cityscapes_val_half,224
,,,1.0,1000,True,0.0,0.0,1.0,,124,,,False,,,,,,60,rider,0.1,0.5,shared_crc,segformer_b2_cityscapes,cityscapes_val_half,224
,,,1.0,1000,True,0.0,0.0,1.0,,167,,,False,,,,,,60,bicycle,0.1,0.5,shared_crc,segformer_b2_cityscapes,cityscapes_val_half,224
,,,0.999,999,True,0.17835977889917723,0.17835977889917723,,,226,,,False,,,,,,60,max_over_classes,0.2,0.5,shared_crc,segformer_b2_cityscapes,cityscapes_val_half,224
,,,0.999,999,True,0.05761053222663129,0.05761053222663129,0.054042842239141464,,200,,,False,,,,,,60,person,0.2,0.5,shared_crc,segformer_b2_cityscapes,cityscapes_val_half,224
,,,0.999,999,True,0.15155529953917052,0.15155529953917052,0.01581154763698578,,124,,,False,,,,,,60,rider,0.2,0.5,shared_crc,segformer_b2_cityscapes,cityscapes_val_half,224
,,,0.999,999,True,0.10915863909875886,0.10915863909875886,0.027143282815814018,,167,,,False,,,,,,60,bicycle,0.2,0.5,shared_crc,segformer_b2_cityscapes,cityscapes_val_half,224
,,,0.999,999,True,0.03642526496814264,0.03642526496814264,0.05864858999848366,0.216,196,1350.0,0.08400000000000002,False,0.05555555555555555,0.010395010395010396,0.0,,,61,person,0.05,0.1,region_crc,segformer_b2_cityscapes,cityscapes_val_half,206
,,,0.997,997,True,0.062123836521306035,0.06212383652130604,0.04717202112078667,0.216,196,1350.0,0.07600000000000001,False,0.08472222222222223,0.018711018711018712,0.0,,,61,person,0.1,0.1,region_crc,segformer_b2_cityscapes,cityscapes_val_half,206
,,,0.98,980,True,0.17284283116650273,0.17284283116650273,0.03214550390839577,6.184,196,1350.0,0.08400000000000002,False,0.21944444444444444,0.031185031185031187,0.0,,,61,person,0.2,0.1,region_crc,segformer_b2_cityscapes,cityscapes_val_half,206
,,,1.0,1000,True,0.0,0.0,1.0,0.216,196,1350.0,0.0,False,0.0,0.0,0.0,,,61,person,0.05,0.5,region_crc,segformer_b2_cityscapes,cityscapes_val_half,206
,,,0.999,999,True,0.04861113748564781,0.04861113748564782,0.05864858999848366,0.216,196,1350.0,0.08400000000000002,False,0.06805555555555555,0.018711018711018712,0.0,,,61,person,0.1,0.5,region_crc,segformer_b2_cityscapes,cityscapes_val_half,206
,,,0.99,990,True,0.18863001069997026,0.18863001069997026,0.037046026438474655,0.216,196,1350.0,0.07599999999999996,False,0.20972222222222223,0.06444906444906445,0.0,,,61,person,0.2,0.5,region_crc,segformer_b2_cityscapes,cityscapes_val_half,206
,,,1.0,1000,True,0.0,0.0,1.0,0.5,125,359.0,0.0,False,0.0,0.0,0.0,,,61,rider,0.05,0.1,region_crc,segformer_b2_cityscapes,cityscapes_val_half,128
,,,1.0,1000,True,0.0,0.0,1.0,0.5,125,359.0,0.0,False,0.0,0.0,0.0,,,61,rider,0.1,0.1,region_crc,segformer_b2_cityscapes,cityscapes_val_half,128
,,,0.998,998,True,0.1292952380952381,0.1292952380952381,0.015100761316716671,0.5,125,359.0,0.08000000000000007,False,0.15979381443298968,0.04411764705882353,0.0,,,61,rider,0.2,0.1,region_crc,segformer_b2_cityscapes,cityscapes_val_half,128
,,,1.0,1000,True,0.0,0.0,1.0,0.5,125,359.0,0.0,False,0.0,0.0,0.0,,,61,rider,0.05,0.5,region_crc,segformer_b2_cityscapes,cityscapes_val_half,128
,,,1.0,1000,True,0.0,0.0,1.0,0.5,125,359.0,0.0,False,0.0,0.0,0.0,,,61,rider,0.1,0.5,region_crc,segformer_b2_cityscapes,cityscapes_val_half,128
,,,0.999,999,True,0.13116190476190476,0.13116190476190476,0.018547765910625458,0.5,125,359.0,0.07600000000000007,False,0.14432989690721648,0.0661764705882353,0.10344827586206896,,,61,rider,0.2,0.5,region_crc,segformer_b2_cityscapes,cityscapes_val_half,128
,,,1.0,1000,True,0.0,0.0,1.0,0.312,172,817.0,0.0,False,0.0,0.0,0.0,,,61,bicycle,0.05,0.1,region_crc,segformer_b2_cityscapes,cityscapes_val_half,173
,,,0.998,998,True,0.09080296318668413,0.09080296318668411,0.025982165709137917,0.312,172,817.0,0.05600000000000005,False,0.15035799522673032,0.015479876160990712,0.0,,,61,bicycle,0.1,0.1,region_crc,segformer_b2_cityscapes,cityscapes_val_half,173
,,,0.98,980,True,0.2639428372997635,0.2639428372997635,0.01516361627727747,3.244,172,817.0,0.055999999999999994,False,0.38663484486873506,0.07739938080495357,0.013333333333333334,,,61,bicycle,0.2,0.1,region_crc,segformer_b2_cityscapes,cityscapes_val_half,173
,,,1.0,1000,True,0.0,0.0,1.0,0.312,172,817.0,0.0,False,0.0,0.0,0.0,,,61,bicycle,0.05,0.5,region_crc,segformer_b2_cityscapes,cityscapes_val_half,173
,,,1.0,1000,True,0.0,0.0,1.0,0.312,172,817.0,0.0,False,0.0,0.0,0.0,,,61,bicycle,0.1,0.5,region_crc,segformer_b2_cityscapes,cityscapes_val_half,173
,,,0.992,992,True,0.2641962660415643,0.2641962660415643,0.018677065148949623,0.312,172,817.0,0.04800000000000004,False,0.3747016706443914,0.08668730650154799,0.013333333333333334,,,61,bicycle,0.2,0.5,region_crc,segformer_b2_cityscapes,cityscapes_val_half,173
,,,1.0,1000,True,0.0,0.0,,,224,,,False,,,,,,61,max_over_classes,0.05,0.1,shared_crc,segformer_b2_cityscapes,cityscapes_val_half,226
,,,1.0,1000,True,0.0,0.0,1.0,,196,,,False,,,,,,61,person,0.05,0.1,shared_crc,segformer_b2_cityscapes,cityscapes_val_half,226
,,,1.0,1000,True,0.0,0.0,1.0,,125,,,False,,,,,,61,rider,0.05,0.1,shared_crc,segformer_b2_cityscapes,cityscapes_val_half,226
,,,1.0,1000,True,0.0,0.0,1.0,,172,,,False,,,,,,61,bicycle,0.05,0.1,shared_crc,segformer_b2_cityscapes,cityscapes_val_half,226
,,,1.0,1000,True,0.0,0.0,,,224,,,False,,,,,,61,max_over_classes,0.1,0.1,shared_crc,segformer_b2_cityscapes,cityscapes_val_half,226
,,,1.0,1000,True,0.0,0.0,1.0,,196,,,False,,,,,,61,person,0.1,0.1,shared_crc,segformer_b2_cityscapes,cityscapes_val_half,226
,,,1.0,1000,True,0.0,0.0,1.0,,125,,,False,,,,,,61,rider,0.1,0.1,shared_crc,segformer_b2_cityscapes,cityscapes_val_half,226
,,,1.0,1000,True,0.0,0.0,1.0,,172,,,False,,,,,,61,bicycle,0.1,0.1,shared_crc,segformer_b2_cityscapes,cityscapes_val_half,226
,,,0.998,998,True,0.14711265127293707,0.14711265127293707,,,224,,,False,,,,,,61,max_over_classes,0.2,0.1,shared_crc,segformer_b2_cityscapes,cityscapes_val_half,226
,,,0.998,998,True,0.049879561521928996,0.049879561521928996,0.05113867297768593,,196,,,False,,,,,,61,person,0.2,0.1,shared_crc,segformer_b2_cityscapes,cityscapes_val_half,226
,,,0.998,998,True,0.1292952380952381,0.1292952380952381,0.015100761316716671,,125,,,False,,,,,,61,rider,0.2,0.1,shared_crc,segformer_b2_cityscapes,cityscapes_val_half,226
,,,0.998,998,True,0.09080296318668413,0.09080296318668413,0.025982165709137917,,172,,,False,,,,,,61,bicycle,0.2,0.1,shared_crc,segformer_b2_cityscapes,cityscapes_val_half,226
,,,1.0,1000,True,0.0,0.0,,,224,,,False,,,,,,61,max_over_classes,0.05,0.5,shared_crc,segformer_b2_cityscapes,cityscapes_val_half,226
,,,1.0,1000,True,0.0,0.0,1.0,,196,,,False,,,,,,61,person,0.05,0.5,shared_crc,segformer_b2_cityscapes,cityscapes_val_half,226
,,,1.0,1000,True,0.0,0.0,1.0,,125,,,False,,,,,,61,rider,0.05,0.5,shared_crc,segformer_b2_cityscapes,cityscapes_val_half,226
,,,1.0,1000,True,0.0,0.0,1.0,,172,,,False,,,,,,61,bicycle,0.05,0.5,shared_crc,segformer_b2_cityscapes,cityscapes_val_half,226
,,,1.0,1000,True,0.0,0.0,,,224,,,False,,,,,,61,max_over_classes,0.1,0.5,shared_crc,segformer_b2_cityscapes,cityscapes_val_half,226
,,,1.0,1000,True,0.0,0.0,1.0,,196,,,False,,,,,,61,person,0.1,0.5,shared_crc,segformer_b2_cityscapes,cityscapes_val_half,226
,,,1.0,1000,True,0.0,0.0,1.0,,125,,,False,,,,,,61,rider,0.1,0.5,shared_crc,segformer_b2_cityscapes,cityscapes_val_half,226
,,,1.0,1000,True,0.0,0.0,1.0,,172,,,False,,,,,,61,bicycle,0.1,0.5,shared_crc,segformer_b2_cityscapes,cityscapes_val_half,226
,,,0.999,999,True,0.16299669015333404,0.16299669015333404,,,224,,,False,,,,,,61,max_over_classes,0.2,0.5,shared_crc,segformer_b2_cityscapes,cityscapes_val_half,226
,,,0.999,999,True,0.04861113748564781,0.04861113748564781,0.05864858999848366,,196,,,False,,,,,,61,person,0.2,0.5,shared_crc,segformer_b2_cityscapes,cityscapes_val_half,226
,,,0.999,999,True,0.13116190476190476,0.13116190476190476,0.018547765910625458,,125,,,False,,,,,,61,rider,0.2,0.5,shared_crc,segformer_b2_cityscapes,cityscapes_val_half,226
,,,0.999,999,True,0.11653662874593107,0.11653662874593107,0.0306710097938776,,172,,,False,,,,,,61,bicycle,0.2,0.5,shared_crc,segformer_b2_cityscapes,cityscapes_val_half,226
,,,0.999,999,True,0.03415532879818594,0.03415532879818594,0.05402394384145737,0.216,196,1309.0,0.04800000000000004,False,0.04454022988505747,0.006382978723404255,0.0,,,62,person,0.05,0.1,region_crc,segformer_b2_cityscapes,cityscapes_val_half,206
,,,0.996,996,True,0.07075973391091543,0.07075973391091543,0.04008641839027405,0.216,196,1309.0,0.05600000000000005,False,0.09195402298850575,0.010638297872340425,0.0,,,62,person,0.1,0.1,region_crc,segformer_b2_cityscapes,cityscapes_val_half,206
,,,0.985,985,True,0.127825546197237,0.127825546197237,0.02994811162352562,6.06,196,1309.0,0.06399999999999995,False,0.1853448275862069,0.023404255319148935,0.0,,,62,person,0.2,0.1,region_crc,segformer_b2_cityscapes,cityscapes_val_half,206
,,,1.0,1000,True,0.0,0.0,1.0,0.216,196,1309.0,0.0,False,0.0,0.0,0.0,,,62,person,0.05,0.5,region_crc,segformer_b2_cityscapes,cityscapes_val_half,206
,,,0.999,999,True,0.044878680217026075,0.044878680217026075,0.05402394384145737,0.216,196,1309.0,0.04800000000000004,False,0.0603448275862069,0.01702127659574468,0.0,,,62,person,0.1,0.5,region_crc,segformer_b2_cityscapes,cityscapes_val_half,206
,,,0.992,992,True,0.1506339735975011,0.1506339735975011,0.03440111503005028,0.216,196,1309.0,0.05999999999999994,False,0.20689655172413793,0.05106382978723404,0.0,,,62,person,0.2,0.5,region_crc,segformer_b2_cityscapes,cityscapes_val_half,206
,,,1.0,1000,True,0.0,0.0,1.0,0.528,118,334.0,0.0,False,0.0,0.0,0.0,,,62,rider,0.05,0.1,region_crc,segformer_b2_cityscapes,cityscapes_val_half,135
,,,1.0,1000,True,0.0,0.0,1.0,0.528,118,334.0,0.0,False,0.0,0.0,0.0,,,62,rider,0.1,0.1,region_crc,segformer_b2_cityscapes,cityscapes_val_half,135
,,,0.998,998,True,0.12540820761159743,0.12540820761159743,0.014762832783162594,0.528,118,334.0,0.06000000000000005,False,0.2159090909090909,0.024390243902439025,0.0,,,62,rider,0.2,0.1,region_crc,segformer_b2_cityscapes,cityscapes_val_half,135
,,,1.0,1000,True,0.0,0.0,1.0,0.528,118,334.0,0.0,False,0.0,0.0,0.0,,,62,rider,0.05,0.5,region_crc,segformer_b2_cityscapes,cityscapes_val_half,135
,,,1.0,1000,True,0.0,0.0,1.0,0.528,118,334.0,0.0,False,0.0,0.0,0.0,,,62,rider,0.1,0.5,region_crc,segformer_b2_cityscapes,cityscapes_val_half,135
,,,0.999,999,True,0.12776225657581589,0.12776225657581589,0.018132848665118217,0.528,118,334.0,0.06799999999999995,False,0.20454545454545456,0.032520325203252036,0.05714285714285714,,,62,rider,0.2,0.5,region_crc,segformer_b2_cityscapes,cityscapes_val_half,135
,,,1.0,1000,True,0.0,0.0,1.0,0.304,174,890.0,0.0,False,0.0,0.0,0.0,,,62,bicycle,0.05,0.1,region_crc,segformer_b2_cityscapes,cityscapes_val_half,171
,,,0.999,999,True,0.05742909708426949,0.05742909708426949,0.030006149783730507,0.304,174,890.0,0.06799999999999998,False,0.11210762331838565,0.01092896174863388,0.0,,,62,bicycle,0.1,0.1,region_crc,segformer_b2_cityscapes,cityscapes_val_half,171
,,,0.992,992,True,0.1467190057707299,0.1467190057707299,0.01793033257126808,0.304,174,890.0,0.04400000000000004,False,0.257847533632287,0.0546448087431694,0.0,,,62,bicycle,0.2,0.1,region_crc,segformer_b2_cityscapes,cityscapes_val_half,171
,,,1.0,1000,True,0.0,0.0,1.0,0.304,174,890.0,0.0,False,0.0,0.0,0.0,,,62,bicycle,0.05,0.5,region_crc,segformer_b2_cityscapes,cityscapes_val_half,171
,,,1.0,1000,True,0.0,0.0,1.0,0.304,174,890.0,0.0,False,0.0,0.0,0.0,,,62,bicycle,0.1,0.5,region_crc,segformer_b2_cityscapes,cityscapes_val_half,171
,,,0.997,997,True,0.1346716820854752,0.1346716820854752,0.022795844823122025,0.304,174,890.0,0.040000000000000036,False,0.21524663677130046,0.07103825136612021,0.0,,,62,bicycle,0.2,0.5,region_crc,segformer_b2_cityscapes,cityscapes_val_half,171
,,,1.0,1000,True,0.0,0.0,,,222,,,False,,,,,,62,max_over_classes,0.05,0.1,shared_crc,segformer_b2_cityscapes,cityscapes_val_half,228
,,,1.0,1000,True,0.0,0.0,1.0,,196,,,False,,,,,,62,person,0.05,0.1,shared_crc,segformer_b2_cityscapes,cityscapes_val_half,228
,,,1.0,1000,True,0.0,0.0,1.0,,118,,,False,,,,,,62,rider,0.05,0.1,shared_crc,segformer_b2_cityscapes,cityscapes_val_half,228
,,,1.0,1000,True,0.0,0.0,1.0,,174,,,False,,,,,,62,bicycle,0.05,0.1,shared_crc,segformer_b2_cityscapes,cityscapes_val_half,228
,,,1.0,1000,True,0.0,0.0,,,222,,,False,,,,,,62,max_over_classes,0.1,0.1,shared_crc,segformer_b2_cityscapes,cityscapes_val_half,228
,,,1.0,1000,True,0.0,0.0,1.0,,196,,,False,,,,,,62,person,0.1,0.1,shared_crc,segformer_b2_cityscapes,cityscapes_val_half,228
,,,1.0,1000,True,0.0,0.0,1.0,,118,,,False,,,,,,62,rider,0.1,0.1,shared_crc,segformer_b2_cityscapes,cityscapes_val_half,228
,,,1.0,1000,True,0.0,0.0,1.0,,174,,,False,,,,,,62,bicycle,0.1,0.1,shared_crc,segformer_b2_cityscapes,cityscapes_val_half,228
,,,0.998,998,True,0.13799868799868797,0.13799868799868797,,,222,,,False,,,,,,62,max_over_classes,0.2,0.1,shared_crc,segformer_b2_cityscapes,cityscapes_val_half,228
,,,0.998,998,True,0.042117099394220765,0.042117099394220765,0.04660787060856819,,196,,,False,,,,,,62,person,0.2,0.1,shared_crc,segformer_b2_cityscapes,cityscapes_val_half,228
,,,0.998,998,True,0.12540820761159743,0.12540820761159743,0.014762832783162594,,118,,,False,,,,,,62,rider,0.2,0.1,shared_crc,segformer_b2_cityscapes,cityscapes_val_half,228
,,,0.998,998,True,0.07262269977787218,0.07262269977787218,0.025221941992640495,,174,,,False,,,,,,62,bicycle,0.2,0.1,shared_crc,segformer_b2_cityscapes,cityscapes_val_half,228
,,,1.0,1000,True,0.0,0.0,,,222,,,False,,,,,,62,max_over_classes,0.05,0.5,shared_crc,segformer_b2_cityscapes,cityscapes_val_half,228
,,,1.0,1000,True,0.0,0.0,1.0,,196,,,False,,,,,,62,person,0.05,0.5,shared_crc,segformer_b2_cityscapes,cityscapes_val_half,228
,,,1.0,1000,True,0.0,0.0,1.0,,118,,,False,,,,,,62,rider,0.05,0.5,shared_crc,segformer_b2_cityscapes,cityscapes_val_half,228
,,,1.0,1000,True,0.0,0.0,1.0,,174,,,False,,,,,,62,bicycle,0.05,0.5,shared_crc,segformer_b2_cityscapes,cityscapes_val_half,228
,,,1.0,1000,True,0.0,0.0,,,222,,,False,,,,,,62,max_over_classes,0.1,0.5,shared_crc,segformer_b2_cityscapes,cityscapes_val_half,228
,,,1.0,1000,True,0.0,0.0,1.0,,196,,,False,,,,,,62,person,0.1,0.5,shared_crc,segformer_b2_cityscapes,cityscapes_val_half,228
,,,1.0,1000,True,0.0,0.0,1.0,,118,,,False,,,,,,62,rider,0.1,0.5,shared_crc,segformer_b2_cityscapes,cityscapes_val_half,228
,,,1.0,1000,True,0.0,0.0,1.0,,174,,,False,,,,,,62,bicycle,0.1,0.5,shared_crc,segformer_b2_cityscapes,cityscapes_val_half,228
,,,0.999,999,True,0.1468903218903219,0.1468903218903219,,,222,,,False,,,,,,62,max_over_classes,0.2,0.5,shared_crc,segformer_b2_cityscapes,cityscapes_val_half,228
,,,0.999,999,True,0.044878680217026075,0.044878680217026075,0.05402394384145737,,196,,,False,,,,,,62,person,0.2,0.5,shared_crc,segformer_b2_cityscapes,cityscapes_val_half,228
,,,0.999,999,True,0.12776225657581589,0.12776225657581589,0.018132848665118217,,118,,,False,,,,,,62,rider,0.2,0.5,shared_crc,segformer_b2_cityscapes,cityscapes_val_half,228
,,,0.999,999,True,0.08390547830203002,0.08390547830203002,0.030006149783730507,,174,,,False,,,,,,62,bicycle,0.2,0.5,shared_crc,segformer_b2_cityscapes,cityscapes_val_half,228
,,,0.999,999,True,0.02950448314396979,0.029504483143969792,0.0579901821911335,0.188,203,1465.0,0.08399999999999996,False,0.047619047619047616,0.008130081300813009,0.0,,,63,person,0.05,0.1,region_crc,segformer_b2_cityscapes,cityscapes_val_half,199
,,,0.993,993,True,0.11089287804351326,0.11089287804351325,0.03848716616630554,0.188,203,1465.0,0.05600000000000005,False,0.1330891330891331,0.024390243902439025,0.0,,,63,person,0.1,0.1,region_crc,segformer_b2_cityscapes,cityscapes_val_half,199
,,,0.97,970,True,0.23280645077923517,0.23280645077923517,0.02805360034108162,6.308,203,1465.0,0.052000000000000046,False,0.3028083028083028,0.056910569105691054,0.0,,,63,person,0.2,0.1,region_crc,segformer_b2_cityscapes,cityscapes_val_half,199
,,,1.0,1000,True,0.0,0.0,1.0,0.188,203,1465.0,0.0,False,0.0,0.0,0.0,,,63,person,0.05,0.5,region_crc,segformer_b2_cityscapes,cityscapes_val_half,199
,,,0.998,998,True,0.09204365142918423,0.09204365142918423,0.05019616708159447,0.188,203,1465.0,0.07599999999999996,False,0.10134310134310134,0.028455284552845527,0.0,,,63,person,0.1,0.5,region_crc,segformer_b2_cityscapes,cityscapes_val_half,199
,,,0.987,987,True,0.2301482523821205,0.2301482523821205,0.03370900824666023,6.308,203,1465.0,0.06400000000000006,False,0.26373626373626374,0.08130081300813008,0.0,,,63,person,0.2,0.5,region_crc,segformer_b2_cityscapes,cityscapes_val_half,199
,,,1.0,1000,True,0.0,0.0,1.0,0.456,136,382.0,0.0,False,0.0,0.0,0.0,,,63,rider,0.05,0.1,region_crc,segformer_b2_cityscapes,cityscapes_val_half,117
,,,1.0,1000,True,0.0,0.0,1.0,0.456,136,382.0,0.0,False,0.0,0.0,0.0,,,63,rider,0.1,0.1,region_crc,segformer_b2_cityscapes,cityscapes_val_half,117
,,,0.998,998,True,0.11978291316526611,0.11978291316526608,0.01559507753700018,0.456,136,382.0,0.11599999999999999,False,0.18048780487804877,0.03355704697986577,0.0,,,63,rider,0.2,0.1,region_crc,segformer_b2_cityscapes,cityscapes_val_half,117
,,,1.0,1000,True,0.0,0.0,1.0,0.456,136,382.0,0.0,False,0.0,0.0,0.0,,,63,rider,0.05,0.5,region_crc,segformer_b2_cityscapes,cityscapes_val_half,117
,,,1.0,1000,True,0.0,0.0,1.0,0.456,136,382.0,0.0,False,0.0,0.0,0.0,,,63,rider,0.1,0.5,region_crc,segformer_b2_cityscapes,cityscapes_val_half,117
,,,0.999,999,True,0.12819794584500468,0.12819794584500468,0.01922667771577835,0.456,136,382.0,0.128,False,0.17073170731707318,0.04697986577181208,0.07142857142857142,,,63,rider,0.2,0.5,region_crc,segformer_b2_cityscapes,cityscapes_val_half,117
,,,1.0,1000,True,0.0,0.0,1.0,0.288,178,930.0,0.0,False,0.0,0.0,0.0,,,63,bicycle,0.05,0.1,region_crc,segformer_b2_cityscapes,cityscapes_val_half,167
,,,0.999,999,True,0.0676703524315884,0.0676703524315884,0.03250885754823685,0.288,178,930.0,0.09200000000000008,False,0.11040339702760085,0.018518518518518517,0.0,,,63,bicycle,0.1,0.1,region_crc,segformer_b2_cityscapes,cityscapes_val_half,167
,,,0.991,991,True,0.1628212845207227,0.16282128452072273,0.019291099160909653,0.288,178,930.0,0.09600000000000009,False,0.2632696390658174,0.05555555555555555,0.0,,,63,bicycle,0.2,0.1,region_crc,segformer_b2_cityscapes,cityscapes_val_half,167
,,,1.0,1000,True,0.0,0.0,1.0,0.288,178,930.0,0.0,False,0.0,0.0,0.0,,,63,bicycle,0.05,0.5,region_crc,segformer_b2_cityscapes,cityscapes_val_half,167
,,,1.0,1000,True,0.0,0.0,1.0,0.288,178,930.0,0.0,False,0.0,0.0,0.0,,,63,bicycle,0.1,0.5,region_crc,segformer_b2_cityscapes,cityscapes_val_half,167
,,,0.996,996,True,0.1557181270664417,0.15571812706644167,0.02332877181470394,0.288,178,930.0,0.09599999999999997,False,0.2356687898089172,0.06349206349206349,0.0,,,63,bicycle,0.2,0.5,region_crc,segformer_b2_cityscapes,cityscapes_val_half,167
,,,1.0,1000,True,0.0,0.0,,,229,,,False,,,,,,63,max_over_classes,0.05,0.1,shared_crc,segformer_b2_cityscapes,cityscapes_val_half,221
,,,1.0,1000,True,0.0,0.0,1.0,,203,,,False,,,,,,63,person,0.05,0.1,shared_crc,segformer_b2_cityscapes,cityscapes_val_half,221
,,,1.0,1000,True,0.0,0.0,1.0,,136,,,False,,,,,,63,rider,0.05,0.1,shared_crc,segformer_b2_cityscapes,cityscapes_val_half,221
,,,1.0,1000,True,0.0,0.0,1.0,,178,,,False,,,,,,63,bicycle,0.05,0.1,shared_crc,segformer_b2_cityscapes,cityscapes_val_half,221
,,,1.0,1000,True,0.0,0.0,,,229,,,False,,,,,,63,max_over_classes,0.1,0.1,shared_crc,segformer_b2_cityscapes,cityscapes_val_half,221
,,,1.0,1000,True,0.0,0.0,1.0,,203,,,False,,,,,,63,person,0.1,0.1,shared_crc,segformer_b2_cityscapes,cityscapes_val_half,221
,,,1.0,1000,True,0.0,0.0,1.0,,136,,,False,,,,,,63,rider,0.1,0.1,shared_crc,segformer_b2_cityscapes,cityscapes_val_half,221
,,,1.0,1000,True,0.0,0.0,1.0,,178,,,False,,,,,,63,bicycle,0.1,0.1,shared_crc,segformer_b2_cityscapes,cityscapes_val_half,221
,,,0.997,997,True,0.1925708402955013,0.1925708402955013,,,229,,,False,,,,,,63,max_over_classes,0.2,0.1,shared_crc,segformer_b2_cityscapes,cityscapes_val_half,221
,,,0.997,997,True,0.07561193068063692,0.07561193068063692,0.046094201505184174,,203,,,False,,,,,,63,person,0.2,0.1,shared_crc,segformer_b2_cityscapes,cityscapes_val_half,221
,,,0.997,997,True,0.1665032679738562,0.1665032679738562,0.013739529065787792,,136,,,False,,,,,,63,rider,0.2,0.1,shared_crc,segformer_b2_cityscapes,cityscapes_val_half,221
,,,0.997,997,True,0.09875675978204067,0.09875675978204067,0.024987882003188133,,178,,,False,,,,,,63,bicycle,0.2,0.1,shared_crc,segformer_b2_cityscapes,cityscapes_val_half,221
,,,1.0,1000,True,0.0,0.0,,,229,,,False,,,,,,63,max_over_classes,0.05,0.5,shared_crc,segformer_b2_cityscapes,cityscapes_val_half,221
,,,1.0,1000,True,0.0,0.0,1.0,,203,,,False,,,,,,63,person,0.05,0.5,shared_crc,segformer_b2_cityscapes,cityscapes_val_half,221
,,,1.0,1000,True,0.0,0.0,1.0,,136,,,False,,,,,,63,rider,0.05,0.5,shared_crc,segformer_b2_cityscapes,cityscapes_val_half,221
,,,1.0,1000,True,0.0,0.0,1.0,,178,,,False,,,,,,63,bicycle,0.05,0.5,shared_crc,segformer_b2_cityscapes,cityscapes_val_half,221
,,,1.0,1000,True,0.0,0.0,,,229,,,False,,,,,,63,max_over_classes,0.1,0.5,shared_crc,segformer_b2_cityscapes,cityscapes_val_half,221
,,,1.0,1000,True,0.0,0.0,1.0,,203,,,False,,,,,,63,person,0.1,0.5,shared_crc,segformer_b2_cityscapes,cityscapes_val_half,221
,,,1.0,1000,True,0.0,0.0,1.0,,136,,,False,,,,,,63,rider,0.1,0.5,shared_crc,segformer_b2_cityscapes,cityscapes_val_half,221
,,,1.0,1000,True,0.0,0.0,1.0,,178,,,False,,,,,,63,bicycle,0.1,0.5,shared_crc,segformer_b2_cityscapes,cityscapes_val_half,221
,,,0.999,999,True,0.15254015936904927,0.15254015936904927,,,229,,,False,,,,,,63,max_over_classes,0.2,0.5,shared_crc,segformer_b2_cityscapes,cityscapes_val_half,221
,,,0.999,999,True,0.046871429950895854,0.046871429950895854,0.0579901821911335,,203,,,False,,,,,,63,person,0.2,0.5,shared_crc,segformer_b2_cityscapes,cityscapes_val_half,221
,,,0.999,999,True,0.12819794584500468,0.12819794584500468,0.01922667771577835,,136,,,False,,,,,,63,rider,0.2,0.5,shared_crc,segformer_b2_cityscapes,cityscapes_val_half,221
,,,0.999,999,True,0.0974973138596734,0.0974973138596734,0.03250885754823685,,178,,,False,,,,,,63,bicycle,0.2,0.5,shared_crc,segformer_b2_cityscapes,cityscapes_val_half,221
,,,0.998,998,True,0.06515317179373661,0.06515317179373663,0.04764246568083763,0.18,205,1376.0,0.05199999999999999,False,0.09054593874833555,0.01006036217303823,0.0,,,64,person,0.05,0.1,region_crc,segformer_b2_cityscapes,cityscapes_val_half,197
,,,0.991,991,True,0.1448110455369762,0.1448110455369762,0.03446343168616295,0.18,205,1376.0,0.064,False,0.16378162450066577,0.02414486921529175,0.0,,,64,person,0.1,0.1,region_crc,segformer_b2_cityscapes,cityscapes_val_half,197
,,,0.967,967,True,0.2545039354930241,0.2545039354930241,0.025891166180372238,6.188,205,1376.0,0.06799999999999995,False,0.3235685752330226,0.052313883299798795,0.0,,,64,person,0.2,0.1,region_crc,segformer_b2_cityscapes,cityscapes_val_half,197
,,,0.999,999,True,0.07298289175760292,0.07298289175760293,0.05510838329792023,0.18,205,1376.0,0.06,False,0.09320905459387484,0.018108651911468814,0.0,,,64,person,0.05,0.5,region_crc,segformer_b2_cityscapes,cityscapes_val_half,197
,,,0.997,997,True,0.13894401284067523,0.13894401284067523,0.04370619356632233,0.18,205,1376.0,0.05199999999999999,False,0.15046604527296936,0.03621730382293763,0.0,,,64,person,0.1,0.5,region_crc,segformer_b2_cityscapes,cityscapes_val_half,197
,,,0.984,984,True,0.27804536945486885,0.27804536945486885,0.030401835218071938,6.188,205,1376.0,0.06,False,0.31158455392809586,0.1006036217303823,0.0,,,64,person,0.2,0.5,region_crc,segformer_b2_cityscapes,cityscapes_val_half,197
,,,1.0,1000,True,0.0,0.0,1.0,0.492,127,395.0,0.0,False,0.0,0.0,0.0,,,64,rider,0.05,0.1,region_crc,segformer_b2_cityscapes,cityscapes_val_half,126
,,,1.0,1000,True,0.0,0.0,1.0,0.492,127,395.0,0.0,False,0.0,0.0,0.0,,,64,rider,0.1,0.1,region_crc,segformer_b2_cityscapes,cityscapes_val_half,126
,,,0.998,998,True,0.13794958322517376,0.13794958322517376,0.01450528483837843,0.492,127,395.0,0.04799999999999999,False,0.2052401746724891,0.0390625,0.0,,,64,rider,0.2,0.1,region_crc,segformer_b2_cityscapes,cityscapes_val_half,126
,,,1.0,1000,True,0.0,0.0,1.0,0.492,127,395.0,0.0,False,0.0,0.0,0.0,,,64,rider,0.05,0.5,region_crc,segformer_b2_cityscapes,cityscapes_val_half,126
,,,1.0,1000,True,0.0,0.0,1.0,0.492,127,395.0,0.0,False,0.0,0.0,0.0,,,64,rider,0.1,0.5,region_crc,segformer_b2_cityscapes,cityscapes_val_half,126
,,,0.999,999,True,0.1450361973984021,0.1450361973984021,0.017972422763705254,0.492,127,395.0,0.04800000000000004,False,0.18340611353711792,0.078125,0.07894736842105263,,,64,rider,0.2,0.5,region_crc,segformer_b2_cityscapes,cityscapes_val_half,126
,,,0.999,999,True,0.09497811012516894,0.09497811012516894,0.028780514374375343,0.32,170,840.0,0.08399999999999996,False,0.14767932489451477,0.013651877133105802,0.0,,,64,bicycle,0.05,0.1,region_crc,segformer_b2_cityscapes,cityscapes_val_half,175
,,,0.996,996,True,0.14899205369793603,0.14899205369793606,0.020257405936717987,0.32,170,840.0,0.09200000000000003,False,0.24261603375527427,0.023890784982935155,0.0,,,64,bicycle,0.1,0.1,region_crc,segformer_b2_cityscapes,cityscapes_val_half,175
,,,0.987,987,True,0.22102475955417128,0.22102475955417134,0.015153844840824604,3.1,170,840.0,0.08400000000000007,False,0.35443037974683544,0.05460750853242321,0.0,,,64,bicycle,0.2,0.1,region_crc,segformer_b2_cityscapes,cityscapes_val_half,175
,,,1.0,1000,True,0.0,0.0,1.0,0.32,170,840.0,0.0,False,0.0,0.0,0.0,,,64,bicycle,0.05,0.5,region_crc,segformer_b2_cityscapes,cityscapes_val_half,175
,,,0.999,999,True,0.13650344753285928,0.13650344753285928,0.028780514374375343,0.32,170,840.0,0.08399999999999996,False,0.20253164556962025,0.030716723549488054,0.0,,,64,bicycle,0.1,0.5,region_crc,segformer_b2_cityscapes,cityscapes_val_half,175
,,,0.994,994,True,0.20877509745156808,0.20877509745156803,0.01829414814710617,0.32,170,840.0,0.08800000000000008,False,0.33544303797468356,0.06143344709897611,0.0136986301369863,,,64,bicycle,0.2,0.5,region_crc,segformer_b2_cityscapes,cityscapes_val_half,175
,,,1.0,1000,True,0.0,0.0,,,229,,,False,,,,,,64,max_over_classes,0.05,0.1,shared_crc,segformer_b2_cityscapes,cityscapes_val_half,221
,,,1.0,1000,True,0.0,0.0,1.0,,205,,,False,,,,,,64,person,0.05,0.1,shared_crc,segformer_b2_cityscapes,cityscapes_val_half,221
,,,1.0,1000,True,0.0,0.0,1.0,,127,,,False,,,,,,64,rider,0.05,0.1,shared_crc,segformer_b2_cityscapes,cityscapes_val_half,221
,,,1.0,1000,True,0.0,0.0,1.0,,170,,,False,,,,,,64,bicycle,0.05,0.1,shared_crc,segformer_b2_cityscapes,cityscapes_val_half,221
,,,1.0,1000,True,0.0,0.0,,,229,,,False,,,,,,64,max_over_classes,0.1,0.1,shared_crc,segformer_b2_cityscapes,cityscapes_val_half,221
,,,1.0,1000,True,0.0,0.0,1.0,,205,,,False,,,,,,64,person,0.1,0.1,shared_crc,segformer_b2_cityscapes,cityscapes_val_half,221
,,,1.0,1000,True,0.0,0.0,1.0,,127,,,False,,,,,,64,rider,0.1,0.1,shared_crc,segformer_b2_cityscapes,cityscapes_val_half,221
,,,1.0,1000,True,0.0,0.0,1.0,,170,,,False,,,,,,64,bicycle,0.1,0.1,shared_crc,segformer_b2_cityscapes,cityscapes_val_half,221
,,,0.996,996,True,0.24953245040581287,0.24953245040581287,,,229,,,False,,,,,,64,max_over_classes,0.2,0.1,shared_crc,segformer_b2_cityscapes,cityscapes_val_half,221
,,,0.996,996,True,0.10966149544840173,0.10966149544840173,0.04108303040266037,,205,,,False,,,,,,64,person,0.2,0.1,shared_crc,segformer_b2_cityscapes,cityscapes_val_half,221
,,,0.996,996,True,0.2145277950396061,0.2145277950396061,0.011608676984906197,,127,,,False,,,,,,64,rider,0.2,0.1,shared_crc,segformer_b2_cityscapes,cityscapes_val_half,221
,,,0.996,996,True,0.14899205369793603,0.14899205369793603,0.020257405936717987,,170,,,False,,,,,,64,bicycle,0.2,0.1,shared_crc,segformer_b2_cityscapes,cityscapes_val_half,221
,,,1.0,1000,True,0.0,0.0,,,229,,,False,,,,,,64,max_over_classes,0.05,0.5,shared_crc,segformer_b2_cityscapes,cityscapes_val_half,221
,,,1.0,1000,True,0.0,0.0,1.0,,205,,,False,,,,,,64,person,0.05,0.5,shared_crc,segformer_b2_cityscapes,cityscapes_val_half,221
,,,1.0,1000,True,0.0,0.0,1.0,,127,,,False,,,,,,64,rider,0.05,0.5,shared_crc,segformer_b2_cityscapes,cityscapes_val_half,221
,,,1.0,1000,True,0.0,0.0,1.0,,170,,,False,,,,,,64,bicycle,0.05,0.5,shared_crc,segformer_b2_cityscapes,cityscapes_val_half,221
,,,1.0,1000,True,0.0,0.0,,,229,,,False,,,,,,64,max_over_classes,0.1,0.5,shared_crc,segformer_b2_cityscapes,cityscapes_val_half,221
,,,1.0,1000,True,0.0,0.0,1.0,,205,,,False,,,,,,64,person,0.1,0.5,shared_crc,segformer_b2_cityscapes,cityscapes_val_half,221
,,,1.0,1000,True,0.0,0.0,1.0,,127,,,False,,,,,,64,rider,0.1,0.5,shared_crc,segformer_b2_cityscapes,cityscapes_val_half,221
,,,1.0,1000,True,0.0,0.0,1.0,,170,,,False,,,,,,64,bicycle,0.1,0.5,shared_crc,segformer_b2_cityscapes,cityscapes_val_half,221
,,,0.999,999,True,0.19312409852802867,0.19312409852802867,,,229,,,False,,,,,,64,max_over_classes,0.2,0.5,shared_crc,segformer_b2_cityscapes,cityscapes_val_half,221
,,,0.999,999,True,0.07298289175760292,0.07298289175760292,0.05510838329792023,,205,,,False,,,,,,64,person,0.2,0.5,shared_crc,segformer_b2_cityscapes,cityscapes_val_half,221
,,,0.999,999,True,0.1450361973984021,0.1450361973984021,0.017972422763705254,,127,,,False,,,,,,64,rider,0.2,0.5,shared_crc,segformer_b2_cityscapes,cityscapes_val_half,221
,,,0.999,999,True,0.13650344753285928,0.13650344753285928,0.028780514374375343,,170,,,False,,,,,,64,bicycle,0.2,0.5,shared_crc,segformer_b2_cityscapes,cityscapes_val_half,221
,,,0.999,999,True,0.02582151653471257,0.02582151653471257,0.05988747626543045,0.172,207,1481.0,0.08000000000000007,False,0.05436156763590392,0.0076045627376425855,0.0,,,65,person,0.05,0.1,region_crc,segformer_b2_cityscapes,cityscapes_val_half,195
,,,0.997,997,True,0.05476336505449142,0.05476336505449142,0.048590514808893204,0.172,207,1481.0,0.11199999999999999,False,0.0897597977243995,0.013307984790874524,0.0,,,65,person,0.1,0.1,region_crc,segformer_b2_cityscapes,cityscapes_val_half,195
,,,0.982,982,True,0.15803577137800376,0.15803577137800376,0.034237898886203766,6.168,207,1481.0,0.12000000000000005,False,0.213653603034134,0.03612167300380228,0.0,,,65,person,0.2,0.1,region_crc,segformer_b2_cityscapes,cityscapes_val_half,195
,,,1.0,1000,True,0.0,0.0,1.0,0.172,207,1481.0,0.0,False,0.0,0.0,0.0,,,65,person,0.05,0.5,region_crc,segformer_b2_cityscapes,cityscapes_val_half,195
,,,0.999,999,True,0.04190777393167426,0.04190777393167426,0.05988747626543045,0.172,207,1481.0,0.08000000000000007,False,0.07332490518331226,0.017110266159695818,0.0,,,65,person,0.1,0.5,region_crc,segformer_b2_cityscapes,cityscapes_val_half,195
,,,0.992,992,True,0.1583684008169134,0.1583684008169134,0.04019026830792427,0.172,207,1481.0,0.136,False,0.2111251580278129,0.049429657794676805,0.0,,,65,person,0.2,0.5,region_crc,segformer_b2_cityscapes,cityscapes_val_half,195
,,,1.0,1000,True,0.0,0.0,1.0,0.484,129,360.0,0.0,False,0.0,0.0,0.0,,,65,rider,0.05,0.1,region_crc,segformer_b2_cityscapes,cityscapes_val_half,124
,,,1.0,1000,True,0.0,0.0,1.0,0.484,129,360.0,0.0,False,0.0,0.0,0.0,,,65,rider,0.1,0.1,region_crc,segformer_b2_cityscapes,cityscapes_val_half,124
,,,0.997,997,True,0.17497539067306508,0.17497539067306508,0.012089290656149387,0.484,129,360.0,0.05199999999999999,False,0.291866028708134,0.048,0.0,,,65,rider,0.2,0.1,region_crc,segformer_b2_cityscapes,cityscapes_val_half,124
,,,1.0,1000,True,0.0,0.0,1.0,0.484,129,360.0,0.0,False,0.0,0.0,0.0,,,65,rider,0.05,0.5,region_crc,segformer_b2_cityscapes,cityscapes_val_half,124
,,,1.0,1000,True,0.0,0.0,1.0,0.484,129,360.0,0.0,False,0.0,0.0,0.0,,,65,rider,0.1,0.5,region_crc,segformer_b2_cityscapes,cityscapes_val_half,124
,,,0.999,999,True,0.14375538329026702,0.14375538329026702,0.017131436616182327,0.484,129,360.0,0.05199999999999999,False,0.22009569377990432,0.064,0.038461538461538464,,,65,rider,0.2,0.5,region_crc,segformer_b2_cityscapes,cityscapes_val_half,124
,,,1.0,1000,True,0.0,0.0,1.0,0.304,174,836.0,0.0,False,0.0,0.0,0.0,,,65,bicycle,0.05,0.1,region_crc,segformer_b2_cityscapes,cityscapes_val_half,171
,,,0.996,996,True,0.15017946612774197,0.15017946612774197,0.021242840215563774,0.304,174,836.0,0.07200000000000006,False,0.23385300668151449,0.025974025974025976,0.0,,,65,bicycle,0.1,0.1,region_crc,segformer_b2_cityscapes,cityscapes_val_half,171
,,,0.988,988,True,0.21575778946468602,0.21575778946468605,0.01632237434387207,0.304,174,836.0,0.08800000000000008,False,0.33407572383073497,0.05519480519480519,0.0,,,65,bicycle,0.2,0.1,region_crc,segformer_b2_cityscapes,cityscapes_val_half,171
,,,1.0,1000,True,0.0,0.0,1.0,0.304,174,836.0,0.0,False,0.0,0.0,0.0,,,65,bicycle,0.05,0.5,region_crc,segformer_b2_cityscapes,cityscapes_val_half,171
,,,0.999,999,True,0.13548545962339065,0.13548545962339067,0.029842434450984,0.304,174,836.0,0.06799999999999995,False,0.2026726057906459,0.03896103896103896,0.0,,,65,bicycle,0.1,0.5,region_crc,segformer_b2_cityscapes,cityscapes_val_half,171
,,,0.993,993,True,0.22808224661672938,0.22808224661672938,0.01852523908019066,0.304,174,836.0,0.08400000000000007,False,0.34743875278396436,0.08766233766233766,0.012658227848101266,,,65,bicycle,0.2,0.5,region_crc,segformer_b2_cityscapes,cityscapes_val_half,171
,,,1.0,1000,True,0.0,0.0,,,227,,,False,,,,,,65,max_over_classes,0.05,0.1,shared_crc,segformer_b2_cityscapes,cityscapes_val_half,223
,,,1.0,1000,True,0.0,0.0,1.0,,207,,,False,,,,,,65,person,0.05,0.1,shared_crc,segformer_b2_cityscapes,cityscapes_val_half,223
,,,1.0,1000,True,0.0,0.0,1.0,,129,,,False,,,,,,65,rider,0.05,0.1,shared_crc,segformer_b2_cityscapes,cityscapes_val_half,223
,,,1.0,1000,True,0.0,0.0,1.0,,174,,,False,,,,,,65,bicycle,0.05,0.1,shared_crc,segformer_b2_cityscapes,cityscapes_val_half,223
,,,1.0,1000,True,0.0,0.0,,,227,,,False,,,,,,65,max_over_classes,0.1,0.1,shared_crc,segformer_b2_cityscapes,cityscapes_val_half,223
,,,1.0,1000,True,0.0,0.0,1.0,,207,,,False,,,,,,65,person,0.1,0.1,shared_crc,segformer_b2_cityscapes,cityscapes_val_half,223
,,,1.0,1000,True,0.0,0.0,1.0,,129,,,False,,,,,,65,rider,0.1,0.1,shared_crc,segformer_b2_cityscapes,cityscapes_val_half,223
,,,1.0,1000,True,0.0,0.0,1.0,,174,,,False,,,,,,65,bicycle,0.1,0.1,shared_crc,segformer_b2_cityscapes,cityscapes_val_half,223
,,,0.998,998,True,0.15033630464305167,0.15033630464305167,,,227,,,False,,,,,,65,max_over_classes,0.2,0.1,shared_crc,segformer_b2_cityscapes,cityscapes_val_half,223
,,,0.998,998,True,0.038038566560051425,0.038038566560051425,0.05251481011509895,,207,,,False,,,,,,65,person,0.2,0.1,shared_crc,segformer_b2_cityscapes,cityscapes_val_half,223
,,,0.998,998,True,0.14237726098191214,0.14237726098191214,0.013800926506519318,,129,,,False,,,,,,65,rider,0.2,0.1,shared_crc,segformer_b2_cityscapes,cityscapes_val_half,223
,,,0.998,998,True,0.11545261890089477,0.11545261890089477,0.025191761553287506,,174,,,False,,,,,,65,bicycle,0.2,0.1,shared_crc,segformer_b2_cityscapes,cityscapes_val_half,223
,,,1.0,1000,True,0.0,0.0,,,227,,,False,,,,,,65,max_over_classes,0.05,0.5,shared_crc,segformer_b2_cityscapes,cityscapes_val_half,223
,,,1.0,1000,True,0.0,0.0,1.0,,207,,,False,,,,,,65,person,0.05,0.5,shared_crc,segformer_b2_cityscapes,cityscapes_val_half,223
,,,1.0,1000,True,0.0,0.0,1.0,,129,,,False,,,,,,65,rider,0.05,0.5,shared_crc,segformer_b2_cityscapes,cityscapes_val_half,223
,,,1.0,1000,True,0.0,0.0,1.0,,174,,,False,,,,,,65,bicycle,0.05,0.5,shared_crc,segformer_b2_cityscapes,cityscapes_val_half,223
,,,1.0,1000,True,0.0,0.0,,,227,,,False,,,,,,65,max_over_classes,0.1,0.5,shared_crc,segformer_b2_cityscapes,cityscapes_val_half,223
,,,1.0,1000,True,0.0,0.0,1.0,,207,,,False,,,,,,65,person,0.1,0.5,shared_crc,segformer_b2_cityscapes,cityscapes_val_half,223
,,,1.0,1000,True,0.0,0.0,1.0,,129,,,False,,,,,,65,rider,0.1,0.5,shared_crc,segformer_b2_cityscapes,cityscapes_val_half,223
,,,1.0,1000,True,0.0,0.0,1.0,,174,,,False,,,,,,65,bicycle,0.1,0.5,shared_crc,segformer_b2_cityscapes,cityscapes_val_half,223
,,,0.999,999,True,0.17010390061630498,0.17010390061630498,,,227,,,False,,,,,,65,max_over_classes,0.2,0.5,shared_crc,segformer_b2_cityscapes,cityscapes_val_half,223
,,,0.999,999,True,0.04190777393167426,0.04190777393167426,0.05988747626543045,,207,,,False,,,,,,65,person,0.2,0.5,shared_crc,segformer_b2_cityscapes,cityscapes_val_half,223
,,,0.999,999,True,0.14375538329026702,0.14375538329026702,0.017131436616182327,,129,,,False,,,,,,65,rider,0.2,0.5,shared_crc,segformer_b2_cityscapes,cityscapes_val_half,223
,,,0.999,999,True,0.13548545962339065,0.13548545962339065,0.029842434450984,,174,,,False,,,,,,65,bicycle,0.2,0.5,shared_crc,segformer_b2_cityscapes,cityscapes_val_half,223
,,,0.998,998,True,0.05923158498882223,0.05923158498882222,0.0469416044652462,0.224,194,1261.0,0.09199999999999997,False,0.08819133034379671,0.01284796573875803,0.0,,,66,person,0.05,0.1,region_crc,segformer_b2_cityscapes,cityscapes_val_half,208
,,,0.993,993,True,0.1120298605963762,0.1120298605963762,0.036030642688274384,0.224,194,1261.0,0.09200000000000008,False,0.1554559043348281,0.019271948608137045,0.0,,,66,person,0.1,0.1,region_crc,segformer_b2_cityscapes,cityscapes_val_half,208
,,,0.971,971,True,0.22429398247457838,0.22429398247457835,0.026593023911118507,6.18,194,1261.0,0.08400000000000002,False,0.3064275037369208,0.042826552462526764,0.0,,,66,person,0.2,0.1,region_crc,segformer_b2_cityscapes,cityscapes_val_half,208
,,,1.0,1000,True,0.0,0.0,1.0,0.224,194,1261.0,0.0,False,0.0,0.0,0.0,,,66,person,0.05,0.5,region_crc,segformer_b2_cityscapes,cityscapes_val_half,208
,,,0.998,998,True,0.09879999672218243,0.09879999672218243,0.0469416044652462,0.224,194,1261.0,0.09199999999999997,False,0.12556053811659193,0.021413276231263382,0.0,,,66,person,0.1,0.5,region_crc,segformer_b2_cityscapes,cityscapes_val_half,208
,,,0.988,988,True,0.21266039151719468,0.21266039151719468,0.032149046659469604,0.224,194,1261.0,0.08800000000000008,False,0.28101644245142005,0.06638115631691649,0.0,,,66,person,0.2,0.5,region_crc,segformer_b2_cityscapes,cityscapes_val_half,208
,,,1.0,1000,True,0.0,0.0,1.0,0.504,124,345.0,0.0,False,0.0,0.0,0.0,,,66,rider,0.05,0.1,region_crc,segformer_b2_cityscapes,cityscapes_val_half,129
,,,1.0,1000,True,0.0,0.0,1.0,0.504,124,345.0,0.0,False,0.0,0.0,0.0,,,66,rider,0.1,0.1,region_crc,segformer_b2_cityscapes,cityscapes_val_half,129
,,,0.997,997,True,0.1880007537265602,0.18800075372656017,0.013552007265388966,0.504,124,345.0,0.06,False,0.2681564245810056,0.07633587786259542,0.0,,,66,rider,0.2,0.1,region_crc,segformer_b2_cityscapes,cityscapes_val_half,129
,,,1.0,1000,True,0.0,0.0,1.0,0.504,124,345.0,0.0,False,0.0,0.0,0.0,,,66,rider,0.05,0.5,region_crc,segformer_b2_cityscapes,cityscapes_val_half,129
,,,1.0,1000,True,0.0,0.0,1.0,0.504,124,345.0,0.0,False,0.0,0.0,0.0,,,66,rider,0.1,0.5,region_crc,segformer_b2_cityscapes,cityscapes_val_half,129
,,,0.999,999,True,0.16420694001339164,0.16420694001339164,0.01863591931760311,0.504,124,345.0,0.064,False,0.22905027932960895,0.07633587786259542,0.05714285714285714,,,66,rider,0.2,0.5,region_crc,segformer_b2_cityscapes,cityscapes_val_half,129
,,,1.0,1000,True,0.0,0.0,1.0,0.36,160,848.0,0.0,False,0.0,0.0,0.0,,,66,bicycle,0.05,0.1,region_crc,segformer_b2_cityscapes,cityscapes_val_half,185
,,,0.996,996,True,0.15419994935619935,0.15419994935619935,0.02167661115527153,0.36,160,848.0,0.15200000000000002,True,0.22325581395348837,0.023952095808383235,0.0,,,66,bicycle,0.1,0.1,region_crc,segformer_b2_cityscapes,cityscapes_val_half,185
,,,0.981,981,True,0.26101944628439194,0.26101944628439194,0.015205803327262402,3.112,160,848.0,0.14,False,0.3767441860465116,0.0748502994011976,0.0,,,66,bicycle,0.2,0.1,region_crc,segformer_b2_cityscapes,cityscapes_val_half,185
,,,1.0,1000,True,0.0,0.0,1.0,0.36,160,848.0,0.0,False,0.0,0.0,0.0,,,66,bicycle,0.05,0.5,region_crc,segformer_b2_cityscapes,cityscapes_val_half,185
,,,0.999,999,True,0.1433769182206682,0.1433769182206682,0.030093349516391754,0.36,160,848.0,0.15600000000000003,True,0.19069767441860466,0.03592814371257485,0.0,,,66,bicycle,0.1,0.5,region_crc,segformer_b2_cityscapes,cityscapes_val_half,185
,,,0.992,992,True,0.2572492234516691,0.2572492234516691,0.018463443964719772,0.36,160,848.0,0.14400000000000002,False,0.35348837209302325,0.08682634730538923,0.0,,,66,bicycle,0.2,0.5,region_crc,segformer_b2_cityscapes,cityscapes_val_half,185
,,,1.0,1000,True,0.0,0.0,,,216,,,False,,,,,,66,max_over_classes,0.05,0.1,shared_crc,segformer_b2_cityscapes,cityscapes_val_half,234
,,,1.0,1000,True,0.0,0.0,1.0,,194,,,False,,,,,,66,person,0.05,0.1,shared_crc,segformer_b2_cityscapes,cityscapes_val_half,234
,,,1.0,1000,True,0.0,0.0,1.0,,124,,,False,,,,,,66,rider,0.05,0.1,shared_crc,segformer_b2_cityscapes,cityscapes_val_half,234
,,,1.0,1000,True,0.0,0.0,1.0,,160,,,False,,,,,,66,bicycle,0.05,0.1,shared_crc,segformer_b2_cityscapes,cityscapes_val_half,234
,,,1.0,1000,True,0.0,0.0,,,216,,,False,,,,,,66,max_over_classes,0.1,0.1,shared_crc,segformer_b2_cityscapes,cityscapes_val_half,234
,,,1.0,1000,True,0.0,0.0,1.0,,194,,,False,,,,,,66,person,0.1,0.1,shared_crc,segformer_b2_cityscapes,cityscapes_val_half,234
,,,1.0,1000,True,0.0,0.0,1.0,,124,,,False,,,,,,66,rider,0.1,0.1,shared_crc,segformer_b2_cityscapes,cityscapes_val_half,234
,,,1.0,1000,True,0.0,0.0,1.0,,160,,,False,,,,,,66,bicycle,0.1,0.1,shared_crc,segformer_b2_cityscapes,cityscapes_val_half,234
,,,0.997,997,True,0.21207828474913673,0.21207828474913673,,,216,,,False,,,,,,66,max_over_classes,0.2,0.1,shared_crc,segformer_b2_cityscapes,cityscapes_val_half,234
,,,0.997,997,True,0.0818704581431593,0.0818704581431593,0.04311353340744972,,194,,,False,,,,,,66,person,0.2,0.1,shared_crc,segformer_b2_cityscapes,cityscapes_val_half,234
,,,0.997,997,True,0.1880007537265602,0.1880007537265602,0.013552007265388966,,124,,,False,,,,,,66,rider,0.2,0.1,shared_crc,segformer_b2_cityscapes,cityscapes_val_half,234
,,,0.997,997,True,0.13681133103008106,0.13681133103008106,0.02319718524813652,,160,,,False,,,,,,66,bicycle,0.2,0.1,shared_crc,segformer_b2_cityscapes,cityscapes_val_half,234
,,,1.0,1000,True,0.0,0.0,,,216,,,False,,,,,,66,max_over_classes,0.05,0.5,shared_crc,segformer_b2_cityscapes,cityscapes_val_half,234
,,,1.0,1000,True,0.0,0.0,1.0,,194,,,False,,,,,,66,person,0.05,0.5,shared_crc,segformer_b2_cityscapes,cityscapes_val_half,234
,,,1.0,1000,True,0.0,0.0,1.0,,124,,,False,,,,,,66,rider,0.05,0.5,shared_crc,segformer_b2_cityscapes,cityscapes_val_half,234
,,,1.0,1000,True,0.0,0.0,1.0,,160,,,False,,,,,,66,bicycle,0.05,0.5,shared_crc,segformer_b2_cityscapes,cityscapes_val_half,234
,,,1.0,1000,True,0.0,0.0,,,216,,,False,,,,,,66,max_over_classes,0.1,0.5,shared_crc,segformer_b2_cityscapes,cityscapes_val_half,234
,,,1.0,1000,True,0.0,0.0,1.0,,194,,,False,,,,,,66,person,0.1,0.5,shared_crc,segformer_b2_cityscapes,cityscapes_val_half,234
,,,1.0,1000,True,0.0,0.0,1.0,,124,,,False,,,,,,66,rider,0.1,0.5,shared_crc,segformer_b2_cityscapes,cityscapes_val_half,234
,,,1.0,1000,True,0.0,0.0,1.0,,160,,,False,,,,,,66,bicycle,0.1,0.5,shared_crc,segformer_b2_cityscapes,cityscapes_val_half,234
,,,0.999,999,True,0.18776871894042374,0.18776871894042374,,,216,,,False,,,,,,66,max_over_classes,0.2,0.5,shared_crc,segformer_b2_cityscapes,cityscapes_val_half,234
,,,0.999,999,True,0.05619164335351977,0.05619164335351977,0.05423698574304581,,194,,,False,,,,,,66,person,0.2,0.5,shared_crc,segformer_b2_cityscapes,cityscapes_val_half,234
,,,0.999,999,True,0.16420694001339164,0.16420694001339164,0.01863591931760311,,124,,,False,,,,,,66,rider,0.2,0.5,shared_crc,segformer_b2_cityscapes,cityscapes_val_half,234
,,,0.999,999,True,0.1433769182206682,0.1433769182206682,0.030093349516391754,,160,,,False,,,,,,66,bicycle,0.2,0.5,shared_crc,segformer_b2_cityscapes,cityscapes_val_half,234
,,,0.999,999,True,0.03073611479223724,0.030736114792237236,0.05730213597416878,0.216,196,1318.0,0.043999999999999984,False,0.055632823365785816,0.004329004329004329,0.0,,,67,person,0.05,0.1,region_crc,segformer_b2_cityscapes,cityscapes_val_half,206
,,,0.995,995,True,0.09150945351938908,0.09150945351938908,0.041632410138845444,0.216,196,1318.0,0.04400000000000004,False,0.12656467315716272,0.01948051948051948,0.0,,,67,person,0.1,0.1,region_crc,segformer_b2_cityscapes,cityscapes_val_half,206
,,,0.974,974,True,0.21246804697190114,0.21246804697190116,0.029811976477503777,6.056,196,1318.0,0.04400000000000004,False,0.2712100139082058,0.04329004329004329,0.0,,,67,person,0.2,0.1,region_crc,segformer_b2_cityscapes,cityscapes_val_half,206
,,,1.0,1000,True,0.0,0.0,1.0,0.216,196,1318.0,0.0,False,0.0,0.0,0.0,,,67,person,0.05,0.5,region_crc,segformer_b2_cityscapes,cityscapes_val_half,206
,,,0.998,998,True,0.09339351522487935,0.09339351522487936,0.049986813217401505,0.216,196,1318.0,0.036000000000000004,False,0.11126564673157163,0.025974025974025976,0.0,,,67,person,0.1,0.5,region_crc,segformer_b2_cityscapes,cityscapes_val_half,206
,,,0.99,990,True,0.19101402669135026,0.19101402669135023,0.03622262924909592,0.216,196,1318.0,0.035999999999999976,False,0.2336578581363004,0.05627705627705628,0.0,,,67,person,0.2,0.5,region_crc,segformer_b2_cityscapes,cityscapes_val_half,206
,,,1.0,1000,True,0.0,0.0,1.0,0.508,123,335.0,0.0,False,0.0,0.0,0.0,,,67,rider,0.05,0.1,region_crc,segformer_b2_cityscapes,cityscapes_val_half,130
,,,1.0,1000,True,0.0,0.0,1.0,0.508,123,335.0,0.0,False,0.0,0.0,0.0,,,67,rider,0.1,0.1,region_crc,segformer_b2_cityscapes,cityscapes_val_half,130
,,,0.997,997,True,0.18435406057357276,0.18435406057357276,0.012619582936167717,0.508,123,335.0,0.07600000000000001,False,0.2903225806451613,0.07758620689655173,0.0,,,67,rider,0.2,0.1,region_crc,segformer_b2_cityscapes,cityscapes_val_half,130
,,,1.0,1000,True,0.0,0.0,1.0,0.508,123,335.0,0.0,False,0.0,0.0,0.0,,,67,rider,0.05,0.5,region_crc,segformer_b2_cityscapes,cityscapes_val_half,130
,,,1.0,1000,True,0.0,0.0,1.0,0.508,123,335.0,0.0,False,0.0,0.0,0.0,,,67,rider,0.1,0.5,region_crc,segformer_b2_cityscapes,cityscapes_val_half,130
,,,0.999,999,True,0.15093361922630216,0.15093361922630216,0.017720995470881462,0.508,123,335.0,0.07200000000000001,False,0.22043010752688172,0.07758620689655173,0.06060606060606061,,,67,rider,0.2,0.5,region_crc,segformer_b2_cityscapes,cityscapes_val_half,130
,,,1.0,1000,True,0.0,0.0,1.0,0.328,168,745.0,0.0,False,0.0,0.0,0.0,,,67,bicycle,0.05,0.1,region_crc,segformer_b2_cityscapes,cityscapes_val_half,177
,,,0.998,998,True,0.0940981967767682,0.0940981967767682,0.024933069944381714,0.328,168,745.0,0.09600000000000009,False,0.17486338797814208,0.026490066225165563,0.0,,,67,bicycle,0.1,0.1,region_crc,segformer_b2_cityscapes,cityscapes_val_half,177
,,,0.99,990,True,0.1846178292606864,0.1846178292606864,0.01690802536904812,0.328,168,745.0,0.11200000000000004,False,0.2978142076502732,0.0695364238410596,0.0,,,67,bicycle,0.2,0.1,region_crc,segformer_b2_cityscapes,cityscapes_val_half,177
,,,1.0,1000,True,0.0,0.0,1.0,0.328,168,745.0,0.0,False,0.0,0.0,0.0,,,67,bicycle,0.05,0.5,region_crc,segformer_b2_cityscapes,cityscapes_val_half,177
,,,1.0,1000,True,0.0,0.0,1.0,0.328,168,745.0,0.0,False,0.0,0.0,0.0,,,67,bicycle,0.1,0.5,region_crc,segformer_b2_cityscapes,cityscapes_val_half,177
,,,0.995,995,True,0.17500877099091383,0.17500877099091386,0.01991320215165615,0.328,168,745.0,0.10000000000000003,False,0.2786885245901639,0.076158940397351,0.0,,,67,bicycle,0.2,0.5,region_crc,segformer_b2_cityscapes,cityscapes_val_half,177
,,,1.0,1000,True,0.0,0.0,,,221,,,False,,,,,,67,max_over_classes,0.05,0.1,shared_crc,segformer_b2_cityscapes,cityscapes_val_half,229
,,,1.0,1000,True,0.0,0.0,1.0,,196,,,False,,,,,,67,person,0.05,0.1,shared_crc,segformer_b2_cityscapes,cityscapes_val_half,229
,,,1.0,1000,True,0.0,0.0,1.0,,123,,,False,,,,,,67,rider,0.05,0.1,shared_crc,segformer_b2_cityscapes,cityscapes_val_half,229
,,,1.0,1000,True,0.0,0.0,1.0,,168,,,False,,,,,,67,bicycle,0.05,0.1,shared_crc,segformer_b2_cityscapes,cityscapes_val_half,229
,,,1.0,1000,True,0.0,0.0,,,221,,,False,,,,,,67,max_over_classes,0.1,0.1,shared_crc,segformer_b2_cityscapes,cityscapes_val_half,229
,,,1.0,1000,True,0.0,0.0,1.0,,196,,,False,,,,,,67,person,0.1,0.1,shared_crc,segformer_b2_cityscapes,cityscapes_val_half,229
,,,1.0,1000,True,0.0,0.0,1.0,,123,,,False,,,,,,67,rider,0.1,0.1,shared_crc,segformer_b2_cityscapes,cityscapes_val_half,229
,,,1.0,1000,True,0.0,0.0,1.0,,168,,,False,,,,,,67,bicycle,0.1,0.1,shared_crc,segformer_b2_cityscapes,cityscapes_val_half,229
,,,0.998,998,True,0.15120017823637735,0.15120017823637735,,,221,,,False,,,,,,67,max_over_classes,0.2,0.1,shared_crc,segformer_b2_cityscapes,cityscapes_val_half,229
,,,0.998,998,True,0.044722482484297735,0.044722482484297735,0.049986813217401505,,196,,,False,,,,,,67,person,0.2,0.1,shared_crc,segformer_b2_cityscapes,cityscapes_val_half,229
,,,0.998,998,True,0.1594702045921558,0.1594702045921558,0.014336522668600082,,123,,,False,,,,,,67,rider,0.2,0.1,shared_crc,segformer_b2_cityscapes,cityscapes_val_half,229
,,,0.998,998,True,0.0940981967767682,0.0940981967767682,0.024933069944381714,,168,,,False,,,,,,67,bicycle,0.2,0.1,shared_crc,segformer_b2_cityscapes,cityscapes_val_half,229
,,,1.0,1000,True,0.0,0.0,,,221,,,False,,,,,,67,max_over_classes,0.05,0.5,shared_crc,segformer_b2_cityscapes,cityscapes_val_half,229
,,,1.0,1000,True,0.0,0.0,1.0,,196,,,False,,,,,,67,person,0.05,0.5,shared_crc,segformer_b2_cityscapes,cityscapes_val_half,229
,,,1.0,1000,True,0.0,0.0,1.0,,123,,,False,,,,,,67,rider,0.05,0.5,shared_crc,segformer_b2_cityscapes,cityscapes_val_half,229
,,,1.0,1000,True,0.0,0.0,1.0,,168,,,False,,,,,,67,bicycle,0.05,0.5,shared_crc,segformer_b2_cityscapes,cityscapes_val_half,229
,,,1.0,1000,True,0.0,0.0,,,221,,,False,,,,,,67,max_over_classes,0.1,0.5,shared_crc,segformer_b2_cityscapes,cityscapes_val_half,229
,,,1.0,1000,True,0.0,0.0,1.0,,196,,,False,,,,,,67,person,0.1,0.5,shared_crc,segformer_b2_cityscapes,cityscapes_val_half,229
,,,1.0,1000,True,0.0,0.0,1.0,,123,,,False,,,,,,67,rider,0.1,0.5,shared_crc,segformer_b2_cityscapes,cityscapes_val_half,229
,,,1.0,1000,True,0.0,0.0,1.0,,168,,,False,,,,,,67,bicycle,0.1,0.5,shared_crc,segformer_b2_cityscapes,cityscapes_val_half,229
,,,0.999,999,True,0.15920551712406913,0.15920551712406913,,,221,,,False,,,,,,67,max_over_classes,0.2,0.5,shared_crc,segformer_b2_cityscapes,cityscapes_val_half,229
,,,0.999,999,True,0.0495458007004731,0.0495458007004731,0.05730213597416878,,196,,,False,,,,,,67,person,0.2,0.5,shared_crc,segformer_b2_cityscapes,cityscapes_val_half,229
,,,0.999,999,True,0.15093361922630216,0.15093361922630216,0.017720995470881462,,123,,,False,,,,,,67,rider,0.2,0.5,shared_crc,segformer_b2_cityscapes,cityscapes_val_half,229
,,,0.999,999,True,0.11150182489468204,0.11150182489468204,0.029558325186371803,,168,,,False,,,,,,67,bicycle,0.2,0.5,shared_crc,segformer_b2_cityscapes,cityscapes_val_half,229
,,,0.998,998,True,0.05871752138213947,0.05871752138213947,0.04750070720911026,0.196,201,1323.0,0.04400000000000004,False,0.08534850640113797,0.016913319238900635,0.0,,,68,person,0.05,0.1,region_crc,segformer_b2_cityscapes,cityscapes_val_half,201
,,,0.993,993,True,0.1145394173781648,0.11453941737816482,0.036425430327653885,0.196,201,1323.0,0.040000000000000036,False,0.15220483641536273,0.02748414376321353,0.0,,,68,person,0.1,0.1,region_crc,segformer_b2_cityscapes,cityscapes_val_half,201
,,,0.977,977,True,0.1934050279162951,0.19340502791629513,0.028254950419068336,5.984,201,1323.0,0.03600000000000003,False,0.2603129445234708,0.048625792811839326,0.0,,,68,person,0.2,0.1,region_crc,segformer_b2_cityscapes,cityscapes_val_half,201
,,,1.0,1000,True,0.0,0.0,1.0,0.196,201,1323.0,0.0,False,0.0,0.0,0.0,,,68,person,0.05,0.5,region_crc,segformer_b2_cityscapes,cityscapes_val_half,201
,,,0.997,997,True,0.12917349805702164,0.12917349805702164,0.043627891689538956,0.196,201,1323.0,0.03600000000000003,False,0.14509246088193456,0.042283298097251586,0.0,,,68,person,0.1,0.5,region_crc,segformer_b2_cityscapes,cityscapes_val_half,201
,,,0.989,989,True,0.2033973343016363,0.2033973343016363,0.033093057572841644,0.196,201,1323.0,0.040000000000000036,False,0.25177809388335703,0.07822410147991543,0.0,,,68,person,0.2,0.5,region_crc,segformer_b2_cityscapes,cityscapes_val_half,201
,,,1.0,1000,True,0.0,0.0,1.0,0.516,121,337.0,0.0,False,0.0,0.0,0.0,,,68,rider,0.05,0.1,region_crc,segformer_b2_cityscapes,cityscapes_val_half,132
,,,0.999,999,True,0.1280401416765053,0.1280401416765053,0.017629558220505714,0.516,121,337.0,0.06000000000000005,False,0.18579234972677597,0.040983606557377046,0.0,,,68,rider,0.1,0.1,region_crc,segformer_b2_cityscapes,cityscapes_val_half,132
,,,0.996,996,True,0.2510694310281087,0.2510694310281087,0.011475668288767338,0.516,121,337.0,0.05600000000000005,False,0.3770491803278688,0.07377049180327869,0.0,,,68,rider,0.2,0.1,region_crc,segformer_b2_cityscapes,cityscapes_val_half,132
,,,1.0,1000,True,0.0,0.0,1.0,0.516,121,337.0,0.0,False,0.0,0.0,0.0,,,68,rider,0.05,0.5,region_crc,segformer_b2_cityscapes,cityscapes_val_half,132
,,,1.0,1000,True,0.0,0.0,1.0,0.516,121,337.0,0.0,False,0.0,0.0,0.0,,,68,rider,0.1,0.5,region_crc,segformer_b2_cityscapes,cityscapes_val_half,132
,,,0.998,998,True,0.23708871477466517,0.23708871477466517,0.014258397743105888,0.516,121,337.0,0.05600000000000005,False,0.33879781420765026,0.07377049180327869,0.0625,,,68,rider,0.2,0.5,region_crc,segformer_b2_cityscapes,cityscapes_val_half,132
,,,1.0,1000,True,0.0,0.0,1.0,0.356,161,779.0,0.0,False,0.0,0.0,0.0,,,68,bicycle,0.05,0.1,region_crc,segformer_b2_cityscapes,cityscapes_val_half,184
,,,0.999,999,True,0.067621560633983,0.06762156063398299,0.028099587187170982,0.356,161,779.0,0.11599999999999999,False,0.1188118811881188,0.01644736842105263,0.0,,,68,bicycle,0.1,0.1,region_crc,segformer_b2_cityscapes,cityscapes_val_half,184
,,,0.991,991,True,0.1647573441051702,0.16475734410517018,0.01607360690832138,0.356,161,779.0,0.124,False,0.27970297029702973,0.04276315789473684,0.0,,,68,bicycle,0.2,0.1,region_crc,segformer_b2_cityscapes,cityscapes_val_half,184
,,,1.0,1000,True,0.0,0.0,1.0,0.356,161,779.0,0.0,False,0.0,0.0,0.0,,,68,bicycle,0.05,0.5,region_crc,segformer_b2_cityscapes,cityscapes_val_half,184
,,,1.0,1000,True,0.0,0.0,1.0,0.356,161,779.0,0.0,False,0.0,0.0,0.0,,,68,bicycle,0.1,0.5,region_crc,segformer_b2_cityscapes,cityscapes_val_half,184
,,,0.996,996,True,0.16034888162217353,0.16034888162217353,0.019704418256878853,0.356,161,779.0,0.124,False,0.25,0.05921052631578947,0.0,,,68,bicycle,0.2,0.5,region_crc,segformer_b2_cityscapes,cityscapes_val_half,184
,,,1.0,1000,True,0.0,0.0,,,223,,,False,,,,,,68,max_over_classes,0.05,0.1,shared_crc,segformer_b2_cityscapes,cityscapes_val_half,227
,,,1.0,1000,True,0.0,0.0,1.0,,201,,,False,,,,,,68,person,0.05,0.1,shared_crc,segformer_b2_cityscapes,cityscapes_val_half,227
,,,1.0,1000,True,0.0,0.0,1.0,,121,,,False,,,,,,68,rider,0.05,0.1,shared_crc,segformer_b2_cityscapes,cityscapes_val_half,227
,,,1.0,1000,True,0.0,0.0,1.0,,161,,,False,,,,,,68,bicycle,0.05,0.1,shared_crc,segformer_b2_cityscapes,cityscapes_val_half,227
,,,1.0,1000,True,0.0,0.0,,,223,,,False,,,,,,68,max_over_classes,0.1,0.1,shared_crc,segformer_b2_cityscapes,cityscapes_val_half,227
,,,1.0,1000,True,0.0,0.0,1.0,,201,,,False,,,,,,68,person,0.1,0.1,shared_crc,segformer_b2_cityscapes,cityscapes_val_half,227
,,,1.0,1000,True,0.0,0.0,1.0,,121,,,False,,,,,,68,rider,0.1,0.1,shared_crc,segformer_b2_cityscapes,cityscapes_val_half,227
,,,1.0,1000,True,0.0,0.0,1.0,,161,,,False,,,,,,68,bicycle,0.1,0.1,shared_crc,segformer_b2_cityscapes,cityscapes_val_half,227
,,,0.997,997,True,0.2048314994305498,0.2048314994305498,,,223,,,False,,,,,,68,max_over_classes,0.2,0.1,shared_crc,segformer_b2_cityscapes,cityscapes_val_half,227
,,,0.997,997,True,0.08413014082460966,0.08413014082460966,0.043627891689538956,,201,,,False,,,,,,68,person,0.2,0.1,shared_crc,segformer_b2_cityscapes,cityscapes_val_half,227
,,,0.997,997,True,0.21126226849367347,0.21126226849367347,0.012567127123475075,,121,,,False,,,,,,68,rider,0.2,0.1,shared_crc,segformer_b2_cityscapes,cityscapes_val_half,227
,,,0.997,997,True,0.09909429769678216,0.09909429769678216,0.021205440163612366,,161,,,False,,,,,,68,bicycle,0.2,0.1,shared_crc,segformer_b2_cityscapes,cityscapes_val_half,227
,,,1.0,1000,True,0.0,0.0,,,223,,,False,,,,,,68,max_over_classes,0.05,0.5,shared_crc,segformer_b2_cityscapes,cityscapes_val_half,227
,,,1.0,1000,True,0.0,0.0,1.0,,201,,,False,,,,,,68,person,0.05,0.5,shared_crc,segformer_b2_cityscapes,cityscapes_val_half,227
,,,1.0,1000,True,0.0,0.0,1.0,,121,,,False,,,,,,68,rider,0.05,0.5,shared_crc,segformer_b2_cityscapes,cityscapes_val_half,227
,,,1.0,1000,True,0.0,0.0,1.0,,161,,,False,,,,,,68,bicycle,0.05,0.5,shared_crc,segformer_b2_cityscapes,cityscapes_val_half,227
,,,1.0,1000,True,0.0,0.0,,,223,,,False,,,,,,68,max_over_classes,0.1,0.5,shared_crc,segformer_b2_cityscapes,cityscapes_val_half,227
,,,1.0,1000,True,0.0,0.0,1.0,,201,,,False,,,,,,68,person,0.1,0.5,shared_crc,segformer_b2_cityscapes,cityscapes_val_half,227
,,,1.0,1000,True,0.0,0.0,1.0,,121,,,False,,,,,,68,rider,0.1,0.5,shared_crc,segformer_b2_cityscapes,cityscapes_val_half,227
,,,1.0,1000,True,0.0,0.0,1.0,,161,,,False,,,,,,68,bicycle,0.1,0.5,shared_crc,segformer_b2_cityscapes,cityscapes_val_half,227
,,,0.999,999,True,0.1684359443130216,0.1684359443130216,,,223,,,False,,,,,,68,max_over_classes,0.2,0.5,shared_crc,segformer_b2_cityscapes,cityscapes_val_half,227
,,,0.999,999,True,0.05846679090752839,0.05846679090752839,0.05484013259410858,,201,,,False,,,,,,68,person,0.2,0.5,shared_crc,segformer_b2_cityscapes,cityscapes_val_half,227
,,,0.999,999,True,0.17014298832480648,0.17014298832480648,0.017629558220505714,,121,,,False,,,,,,68,rider,0.2,0.5,shared_crc,segformer_b2_cityscapes,cityscapes_val_half,227
,,,0.999,999,True,0.10147562927066031,0.10147562927066031,0.028099587187170982,,161,,,False,,,,,,68,bicycle,0.2,0.5,shared_crc,segformer_b2_cityscapes,cityscapes_val_half,227
,,,0.999,999,True,0.026190726593667772,0.026190726593667772,0.05472054332494736,0.2,200,1392.0,0.11600000000000005,False,0.041504539559014265,0.004056795131845842,0.0,,,69,person,0.05,0.1,region_crc,segformer_b2_cityscapes,cityscapes_val_half,202
,,,0.997,997,True,0.0531298800328212,0.05312988003282121,0.04330901429057121,0.2,200,1392.0,0.11600000000000005,False,0.06744487678339818,0.010141987829614604,0.0,,,69,person,0.1,0.1,region_crc,segformer_b2_cityscapes,cityscapes_val_half,202
,,,0.985,985,True,0.12849564759858878,0.12849564759858878,0.030341459438204765,6.312,200,1392.0,0.10000000000000003,False,0.16472114137483787,0.02434077079107505,0.0,,,69,person,0.2,0.1,region_crc,segformer_b2_cityscapes,cityscapes_val_half,202
,,,1.0,1000,True,0.0,0.0,1.0,0.2,200,1392.0,0.0,False,0.0,0.0,0.0,,,69,person,0.05,0.5,region_crc,segformer_b2_cityscapes,cityscapes_val_half,202
,,,0.999,999,True,0.040136493789434964,0.04013649378943497,0.05472054332494736,0.2,200,1392.0,0.11600000000000005,False,0.055771725032425425,0.014198782961460446,0.0,,,69,person,0.1,0.5,region_crc,segformer_b2_cityscapes,cityscapes_val_half,202
,,,0.994,994,True,0.11092743433037551,0.11092743433037551,0.037238337099552155,0.2,200,1392.0,0.10800000000000004,False,0.14267185473411154,0.038539553752535496,0.0,,,69,person,0.2,0.5,region_crc,segformer_b2_cityscapes,cityscapes_val_half,202
,,,1.0,1000,True,0.0,0.0,1.0,0.464,134,374.0,0.0,False,0.0,0.0,0.0,,,69,rider,0.05,0.1,region_crc,segformer_b2_cityscapes,cityscapes_val_half,119
,,,1.0,1000,True,0.0,0.0,1.0,0.464,134,374.0,0.0,False,0.0,0.0,0.0,,,69,rider,0.1,0.1,region_crc,segformer_b2_cityscapes,cityscapes_val_half,119
,,,0.997,997,True,0.17567929582854955,0.17567929582854955,0.013430234976112843,0.464,134,374.0,0.09600000000000003,False,0.2513089005235602,0.087248322147651,0.0,,,69,rider,0.2,0.1,region_crc,segformer_b2_cityscapes,cityscapes_val_half,119
,,,1.0,1000,True,0.0,0.0,1.0,0.464,134,374.0,0.0,False,0.0,0.0,0.0,,,69,rider,0.05,0.5,region_crc,segformer_b2_cityscapes,cityscapes_val_half,119
,,,1.0,1000,True,0.0,0.0,1.0,0.464,134,374.0,0.0,False,0.0,0.0,0.0,,,69,rider,0.1,0.5,region_crc,segformer_b2_cityscapes,cityscapes_val_half,119
,,,0.999,999,True,0.14849379476245148,0.1484937947624515,0.018570803105831146,0.464,134,374.0,0.08800000000000002,False,0.20418848167539266,0.087248322147651,0.029411764705882353,,,69,rider,0.2,0.5,region_crc,segformer_b2_cityscapes,cityscapes_val_half,119
,,,1.0,1000,True,0.0,0.0,1.0,0.28,180,865.0,0.0,False,0.0,0.0,0.0,,,69,bicycle,0.05,0.1,region_crc,segformer_b2_cityscapes,cityscapes_val_half,165
,,,0.999,999,True,0.07476481851481852,0.07476481851481852,0.03128666430711746,0.28,180,865.0,0.11200000000000004,False,0.11791383219954649,0.003003003003003003,0.0,,,69,bicycle,0.1,0.1,region_crc,segformer_b2_cityscapes,cityscapes_val_half,165
,,,0.991,991,True,0.1615303523636857,0.1615303523636857,0.018455717712640762,0.28,180,865.0,0.10400000000000004,False,0.2585034013605442,0.036036036036036036,0.0,,,69,bicycle,0.2,0.1,region_crc,segformer_b2_cityscapes,cityscapes_val_half,165
,,,1.0,1000,True,0.0,0.0,1.0,0.28,180,865.0,0.0,False,0.0,0.0,0.0,,,69,bicycle,0.05,0.5,region_crc,segformer_b2_cityscapes,cityscapes_val_half,165
,,,1.0,1000,True,0.0,0.0,1.0,0.28,180,865.0,0.0,False,0.0,0.0,0.0,,,69,bicycle,0.1,0.5,region_crc,segformer_b2_cityscapes,cityscapes_val_half,165
,,,0.996,996,True,0.15026305484638816,0.15026305484638816,0.022391779348254204,0.28,180,865.0,0.10000000000000003,False,0.22448979591836735,0.04504504504504504,0.01098901098901099,,,69,bicycle,0.2,0.5,region_crc,segformer_b2_cityscapes,cityscapes_val_half,165
,,,1.0,1000,True,0.0,0.0,,,227,,,False,,,,,,69,max_over_classes,0.05,0.1,shared_crc,segformer_b2_cityscapes,cityscapes_val_half,223
,,,1.0,1000,True,0.0,0.0,1.0,,200,,,False,,,,,,69,person,0.05,0.1,shared_crc,segformer_b2_cityscapes,cityscapes_val_half,223
,,,1.0,1000,True,0.0,0.0,1.0,,134,,,False,,,,,,69,rider,0.05,0.1,shared_crc,segformer_b2_cityscapes,cityscapes_val_half,223
,,,1.0,1000,True,0.0,0.0,1.0,,180,,,False,,,,,,69,bicycle,0.05,0.1,shared_crc,segformer_b2_cityscapes,cityscapes_val_half,223
,,,1.0,1000,True,0.0,0.0,,,227,,,False,,,,,,69,max_over_classes,0.1,0.1,shared_crc,segformer_b2_cityscapes,cityscapes_val_half,223
,,,1.0,1000,True,0.0,0.0,1.0,,200,,,False,,,,,,69,person,0.1,0.1,shared_crc,segformer_b2_cityscapes,cityscapes_val_half,223
,,,1.0,1000,True,0.0,0.0,1.0,,134,,,False,,,,,,69,rider,0.1,0.1,shared_crc,segformer_b2_cityscapes,cityscapes_val_half,223
,,,1.0,1000,True,0.0,0.0,1.0,,180,,,False,,,,,,69,bicycle,0.1,0.1,shared_crc,segformer_b2_cityscapes,cityscapes_val_half,223
,,,0.998,998,True,0.13792055611698006,0.13792055611698006,,,227,,,False,,,,,,69,max_over_classes,0.2,0.1,shared_crc,segformer_b2_cityscapes,cityscapes_val_half,223
,,,0.998,998,True,0.03345130860424978,0.03345130860424978,0.047241535037755966,,200,,,False,,,,,,69,person,0.2,0.1,shared_crc,segformer_b2_cityscapes,cityscapes_val_half,223
,,,0.998,998,True,0.1441405609316057,0.1441405609316057,0.01515779085457325,,134,,,False,,,,,,69,rider,0.2,0.1,shared_crc,segformer_b2_cityscapes,cityscapes_val_half,223
,,,0.998,998,True,0.08488827530494197,0.08488827530494197,0.026495611295104027,,180,,,False,,,,,,69,bicycle,0.2,0.1,shared_crc,segformer_b2_cityscapes,cityscapes_val_half,223
,,,1.0,1000,True,0.0,0.0,,,227,,,False,,,,,,69,max_over_classes,0.05,0.5,shared_crc,segformer_b2_cityscapes,cityscapes_val_half,223
,,,1.0,1000,True,0.0,0.0,1.0,,200,,,False,,,,,,69,person,0.05,0.5,shared_crc,segformer_b2_cityscapes,cityscapes_val_half,223
,,,1.0,1000,True,0.0,0.0,1.0,,134,,,False,,,,,,69,rider,0.05,0.5,shared_crc,segformer_b2_cityscapes,cityscapes_val_half,223
,,,1.0,1000,True,0.0,0.0,1.0,,180,,,False,,,,,,69,bicycle,0.05,0.5,shared_crc,segformer_b2_cityscapes,cityscapes_val_half,223
,,,1.0,1000,True,0.0,0.0,,,227,,,False,,,,,,69,max_over_classes,0.1,0.5,shared_crc,segformer_b2_cityscapes,cityscapes_val_half,223
,,,1.0,1000,True,0.0,0.0,1.0,,200,,,False,,,,,,69,person,0.1,0.5,shared_crc,segformer_b2_cityscapes,cityscapes_val_half,223
,,,1.0,1000,True,0.0,0.0,1.0,,134,,,False,,,,,,69,rider,0.1,0.5,shared_crc,segformer_b2_cityscapes,cityscapes_val_half,223
,,,1.0,1000,True,0.0,0.0,1.0,,180,,,False,,,,,,69,bicycle,0.1,0.5,shared_crc,segformer_b2_cityscapes,cityscapes_val_half,223
,,,0.999,999,True,0.15747956131475177,0.15747956131475177,,,227,,,False,,,,,,69,max_over_classes,0.2,0.5,shared_crc,segformer_b2_cityscapes,cityscapes_val_half,223
,,,0.999,999,True,0.040136493789434964,0.040136493789434964,0.05472054332494736,,200,,,False,,,,,,69,person,0.2,0.5,shared_crc,segformer_b2_cityscapes,cityscapes_val_half,223
,,,0.999,999,True,0.14849379476245148,0.14849379476245148,0.018570803105831146,,134,,,False,,,,,,69,rider,0.2,0.5,shared_crc,segformer_b2_cityscapes,cityscapes_val_half,223
,,,0.999,999,True,0.09687240228906896,0.09687240228906896,0.03128666430711746,,180,,,False,,,,,,69,bicycle,0.2,0.5,shared_crc,segformer_b2_cityscapes,cityscapes_val_half,223
,,,0.999,999,True,0.031199862121882242,0.031199862121882242,0.05329032242298126,0.2,200,1397.0,0.06000000000000005,False,0.04712041884816754,0.011928429423459244,0.0,,,70,person,0.05,0.1,region_crc,segformer_b2_cityscapes,cityscapes_val_half,202
,,,0.995,995,True,0.0941247774842976,0.09412477748429762,0.03760813921689987,0.2,200,1397.0,0.05600000000000005,False,0.11649214659685864,0.019880715705765408,0.0,,,70,person,0.1,0.1,region_crc,segformer_b2_cityscapes,cityscapes_val_half,202
,,,0.979,979,True,0.17920166073320096,0.17920166073320096,0.027408095076680183,6.18,200,1397.0,0.06400000000000006,False,0.22251308900523561,0.041749502982107355,0.0,,,70,person,0.2,0.1,region_crc,segformer_b2_cityscapes,cityscapes_val_half,202
,,,1.0,1000,True,0.0,0.0,1.0,0.2,200,1397.0,0.0,False,0.0,0.0,0.0,,,70,person,0.05,0.5,region_crc,segformer_b2_cityscapes,cityscapes_val_half,202
,,,0.998,998,True,0.08980912091864106,0.08980912091864102,0.04588403180241585,0.2,200,1397.0,0.06400000000000006,False,0.10078534031413612,0.02385685884691849,0.0,,,70,person,0.1,0.5,region_crc,segformer_b2_cityscapes,cityscapes_val_half,202
,,,0.991,991,True,0.1771966356656759,0.1771966356656759,0.0330711230635643,0.2,200,1397.0,0.06000000000000005,False,0.20157068062827224,0.061630218687872766,0.0,,,70,person,0.2,0.5,region_crc,segformer_b2_cityscapes,cityscapes_val_half,202
,,,1.0,1000,True,0.0,0.0,1.0,0.512,122,329.0,0.0,False,0.0,0.0,0.0,,,70,rider,0.05,0.1,region_crc,segformer_b2_cityscapes,cityscapes_val_half,131
,,,0.999,999,True,0.12927850837686902,0.12927850837686902,0.017761992290616035,0.512,122,329.0,0.05600000000000002,False,0.22727272727272727,0.0390625,0.0,,,70,rider,0.1,0.1,region_crc,segformer_b2_cityscapes,cityscapes_val_half,131
,,,0.997,997,True,0.20402834870047984,0.20402834870047984,0.012671208940446377,0.512,122,329.0,0.064,False,0.32386363636363635,0.0703125,0.0,,,70,rider,0.2,0.1,region_crc,segformer_b2_cityscapes,cityscapes_val_half,131
,,,1.0,1000,True,0.0,0.0,1.0,0.512,122,329.0,0.0,False,0.0,0.0,0.0,,,70,rider,0.05,0.5,region_crc,segformer_b2_cityscapes,cityscapes_val_half,131
,,,1.0,1000,True,0.0,0.0,1.0,0.512,122,329.0,0.0,False,0.0,0.0,0.0,,,70,rider,0.1,0.5,region_crc,segformer_b2_cityscapes,cityscapes_val_half,131
,,,0.999,999,True,0.17812706419263796,0.17812706419263796,0.017761992290616035,0.512,122,329.0,0.05600000000000002,False,0.26704545454545453,0.0703125,0.04,,,70,rider,0.2,0.5,region_crc,segformer_b2_cityscapes,cityscapes_val_half,131
,,,1.0,1000,True,0.0,0.0,1.0,0.3,175,830.0,0.0,False,0.0,0.0,0.0,,,70,bicycle,0.05,0.1,region_crc,segformer_b2_cityscapes,cityscapes_val_half,170
,,,0.999,999,True,0.055505217005217,0.05550521700521701,0.029029378667473793,0.3,175,830.0,0.05999999999999994,False,0.10565110565110565,0.008356545961002786,0.0,,,70,bicycle,0.1,0.1,region_crc,segformer_b2_cityscapes,cityscapes_val_half,170
,,,0.988,988,True,0.21324525474525477,0.21324525474525477,0.015574712306261063,0.3,175,830.0,0.05999999999999994,False,0.3366093366093366,0.06128133704735376,0.0,,,70,bicycle,0.2,0.1,region_crc,segformer_b2_cityscapes,cityscapes_val_half,170
,,,1.0,1000,True,0.0,0.0,1.0,0.3,175,830.0,0.0,False,0.0,0.0,0.0,,,70,bicycle,0.05,0.5,region_crc,segformer_b2_cityscapes,cityscapes_val_half,170
,,,1.0,1000,True,0.0,0.0,1.0,0.3,175,830.0,0.0,False,0.0,0.0,0.0,,,70,bicycle,0.1,0.5,region_crc,segformer_b2_cityscapes,cityscapes_val_half,170
,,,0.994,994,True,0.20598285841142983,0.20598285841142983,0.01846645213663578,0.3,175,830.0,0.052000000000000046,False,0.31695331695331697,0.08356545961002786,0.015625,,,70,bicycle,0.2,0.5,region_crc,segformer_b2_cityscapes,cityscapes_val_half,170
,,,1.0,1000,True,0.0,0.0,,,229,,,False,,,,,,70,max_over_classes,0.05,0.1,shared_crc,segformer_b2_cityscapes,cityscapes_val_half,221
,,,1.0,1000,True,0.0,0.0,1.0,,200,,,False,,,,,,70,person,0.05,0.1,shared_crc,segformer_b2_cityscapes,cityscapes_val_half,221
,,,1.0,1000,True,0.0,0.0,1.0,,122,,,False,,,,,,70,rider,0.05,0.1,shared_crc,segformer_b2_cityscapes,cityscapes_val_half,221
,,,1.0,1000,True,0.0,0.0,1.0,,175,,,False,,,,,,70,bicycle,0.05,0.1,shared_crc,segformer_b2_cityscapes,cityscapes_val_half,221
,,,1.0,1000,True,0.0,0.0,,,229,,,False,,,,,,70,max_over_classes,0.1,0.1,shared_crc,segformer_b2_cityscapes,cityscapes_val_half,221
,,,1.0,1000,True,0.0,0.0,1.0,,200,,,False,,,,,,70,person,0.1,0.1,shared_crc,segformer_b2_cityscapes,cityscapes_val_half,221
,,,1.0,1000,True,0.0,0.0,1.0,,122,,,False,,,,,,70,rider,0.1,0.1,shared_crc,segformer_b2_cityscapes,cityscapes_val_half,221
,,,1.0,1000,True,0.0,0.0,1.0,,175,,,False,,,,,,70,bicycle,0.1,0.1,shared_crc,segformer_b2_cityscapes,cityscapes_val_half,221
,,,0.998,998,True,0.1423313056365634,0.1423313056365634,,,229,,,False,,,,,,70,max_over_classes,0.2,0.1,shared_crc,segformer_b2_cityscapes,cityscapes_val_half,221
,,,0.998,998,True,0.04638014248966261,0.04638014248966261,0.04588403180241585,,200,,,False,,,,,,70,person,0.2,0.1,shared_crc,segformer_b2_cityscapes,cityscapes_val_half,221
,,,0.998,998,True,0.16692487840028822,0.16692487840028822,0.014375140890479088,,122,,,False,,,,,,70,rider,0.2,0.1,shared_crc,segformer_b2_cityscapes,cityscapes_val_half,221
,,,0.998,998,True,0.07269425019425019,0.07269425019425019,0.024396101012825966,,175,,,False,,,,,,70,bicycle,0.2,0.1,shared_crc,segformer_b2_cityscapes,cityscapes_val_half,221
,,,1.0,1000,True,0.0,0.0,,,229,,,False,,,,,,70,max_over_classes,0.05,0.5,shared_crc,segformer_b2_cityscapes,cityscapes_val_half,221
,,,1.0,1000,True,0.0,0.0,1.0,,200,,,False,,,,,,70,person,0.05,0.5,shared_crc,segformer_b2_cityscapes,cityscapes_val_half,221
,,,1.0,1000,True,0.0,0.0,1.0,,122,,,False,,,,,,70,rider,0.05,0.5,shared_crc,segformer_b2_cityscapes,cityscapes_val_half,221
,,,1.0,1000,True,0.0,0.0,1.0,,175,,,False,,,,,,70,bicycle,0.05,0.5,shared_crc,segformer_b2_cityscapes,cityscapes_val_half,221
,,,1.0,1000,True,0.0,0.0,,,229,,,False,,,,,,70,max_over_classes,0.1,0.5,shared_crc,segformer_b2_cityscapes,cityscapes_val_half,221
,,,1.0,1000,True,0.0,0.0,1.0,,200,,,False,,,,,,70,person,0.1,0.5,shared_crc,segformer_b2_cityscapes,cityscapes_val_half,221
,,,1.0,1000,True,0.0,0.0,1.0,,122,,,False,,,,,,70,rider,0.1,0.5,shared_crc,segformer_b2_cityscapes,cityscapes_val_half,221
,,,1.0,1000,True,0.0,0.0,1.0,,175,,,False,,,,,,70,bicycle,0.1,0.5,shared_crc,segformer_b2_cityscapes,cityscapes_val_half,221
,,,0.999,999,True,0.1654599499988322,0.1654599499988322,,,229,,,False,,,,,,70,max_over_classes,0.2,0.5,shared_crc,segformer_b2_cityscapes,cityscapes_val_half,221
,,,0.999,999,True,0.0531139387859589,0.0531139387859589,0.05329032242298126,,200,,,False,,,,,,70,person,0.2,0.5,shared_crc,segformer_b2_cityscapes,cityscapes_val_half,221
,,,0.999,999,True,0.17812706419263796,0.17812706419263796,0.017761992290616035,,122,,,False,,,,,,70,rider,0.2,0.5,shared_crc,segformer_b2_cityscapes,cityscapes_val_half,221
,,,0.999,999,True,0.0949960436389008,0.0949960436389008,0.029029378667473793,,175,,,False,,,,,,70,bicycle,0.2,0.5,shared_crc,segformer_b2_cityscapes,cityscapes_val_half,221
,,,0.999,999,True,0.03032981977125424,0.030329819771254242,0.05245039612054825,0.208,198,1324.0,0.06400000000000006,False,0.05660377358490566,0.0099601593625498,0.0,,,71,person,0.05,0.1,region_crc,segformer_b2_cityscapes,cityscapes_val_half,204
,,,0.994,994,True,0.10105334588087816,0.10105334588087818,0.03541705384850502,0.208,198,1324.0,0.06400000000000006,False,0.1378809869375907,0.025896414342629483,0.0,,,71,person,0.1,0.1,region_crc,segformer_b2_cityscapes,cityscapes_val_half,204
,,,0.972,972,True,0.2220126067709878,0.2220126067709878,0.025052497163414955,6.08,198,1324.0,0.05600000000000005,False,0.29753265602322204,0.055776892430278883,0.0,,,71,person,0.2,0.1,region_crc,segformer_b2_cityscapes,cityscapes_val_half,204
,,,1.0,1000,True,0.0,0.0,1.0,0.208,198,1324.0,0.0,False,0.0,0.0,0.0,,,71,person,0.05,0.5,region_crc,segformer_b2_cityscapes,cityscapes_val_half,204
,,,0.998,998,True,0.08684033293049148,0.08684033293049145,0.04514588788151741,0.208,198,1324.0,0.06399999999999995,False,0.10885341074020319,0.027888446215139442,0.0,,,71,person,0.1,0.5,region_crc,segformer_b2_cityscapes,cityscapes_val_half,204
,,,0.989,989,True,0.2064942423258557,0.20649424232585567,0.030961789190769196,0.208,198,1324.0,0.06000000000000005,False,0.2539912917271408,0.0697211155378486,0.0,,,71,person,0.2,0.5,region_crc,segformer_b2_cityscapes,cityscapes_val_half,204
,,,1.0,1000,True,0.0,0.0,1.0,0.496,126,377.0,0.0,False,0.0,0.0,0.0,,,71,rider,0.05,0.1,region_crc,segformer_b2_cityscapes,cityscapes_val_half,127
,,,1.0,1000,True,0.0,0.0,1.0,0.496,126,377.0,0.0,False,0.0,0.0,0.0,,,71,rider,0.1,0.1,region_crc,segformer_b2_cityscapes,cityscapes_val_half,127
,,,0.998,998,True,0.12024245595674166,0.12024245595674167,0.014355659484863281,0.496,126,377.0,0.06,False,0.16037735849056603,0.014285714285714285,0.0,,,71,rider,0.2,0.1,region_crc,segformer_b2_cityscapes,cityscapes_val_half,127
,,,1.0,1000,True,0.0,0.0,1.0,0.496,126,377.0,0.0,False,0.0,0.0,0.0,,,71,rider,0.05,0.5,region_crc,segformer_b2_cityscapes,cityscapes_val_half,127
,,,1.0,1000,True,0.0,0.0,1.0,0.496,126,377.0,0.0,False,0.0,0.0,0.0,,,71,rider,0.1,0.5,region_crc,segformer_b2_cityscapes,cityscapes_val_half,127
,,,0.999,999,True,0.13263222667984573,0.13263222667984573,0.017635846510529518,0.496,126,377.0,0.064,False,0.15566037735849056,0.03571428571428571,0.04,,,71,rider,0.2,0.5,region_crc,segformer_b2_cityscapes,cityscapes_val_half,127
,,,1.0,1000,True,0.0,0.0,1.0,0.284,179,889.0,0.0,False,0.0,0.0,0.0,,,71,bicycle,0.05,0.1,region_crc,segformer_b2_cityscapes,cityscapes_val_half,166
,,,0.999,999,True,0.04743403709884157,0.04743403709884156,0.02995491772890091,0.284,179,889.0,0.06400000000000006,False,0.09911894273127753,0.01358695652173913,0.0,,,71,bicycle,0.1,0.1,region_crc,segformer_b2_cityscapes,cityscapes_val_half,166
,,,0.994,994,True,0.12098821414463871,0.12098821414463871,0.019331933930516243,0.284,179,889.0,0.07599999999999996,False,0.22246696035242292,0.024456521739130436,0.0,,,71,bicycle,0.2,0.1,region_crc,segformer_b2_cityscapes,cityscapes_val_half,166
,,,1.0,1000,True,0.0,0.0,1.0,0.284,179,889.0,0.0,False,0.0,0.0,0.0,,,71,bicycle,0.05,0.5,region_crc,segformer_b2_cityscapes,cityscapes_val_half,166
,,,1.0,1000,True,0.0,0.0,1.0,0.284,179,889.0,0.0,False,0.0,0.0,0.0,,,71,bicycle,0.1,0.5,region_crc,segformer_b2_cityscapes,cityscapes_val_half,166
,,,0.997,997,True,0.1288652688094029,0.12886526880940288,0.02290322445333004,0.284,179,889.0,0.06799999999999995,False,0.20484581497797358,0.04891304347826087,0.0,,,71,bicycle,0.2,0.5,region_crc,segformer_b2_cityscapes,cityscapes_val_half,166
,,,1.0,1000,True,0.0,0.0,,,224,,,False,,,,,,71,max_over_classes,0.05,0.1,shared_crc,segformer_b2_cityscapes,cityscapes_val_half,226
,,,1.0,1000,True,0.0,0.0,1.0,,198,,,False,,,,,,71,person,0.05,0.1,shared_crc,segformer_b2_cityscapes,cityscapes_val_half,226
,,,1.0,1000,True,0.0,0.0,1.0,,126,,,False,,,,,,71,rider,0.05,0.1,shared_crc,segformer_b2_cityscapes,cityscapes_val_half,226
,,,1.0,1000,True,0.0,0.0,1.0,,179,,,False,,,,,,71,bicycle,0.05,0.1,shared_crc,segformer_b2_cityscapes,cityscapes_val_half,226
,,,1.0,1000,True,0.0,0.0,,,224,,,False,,,,,,71,max_over_classes,0.1,0.1,shared_crc,segformer_b2_cityscapes,cityscapes_val_half,226
,,,1.0,1000,True,0.0,0.0,1.0,,198,,,False,,,,,,71,person,0.1,0.1,shared_crc,segformer_b2_cityscapes,cityscapes_val_half,226
,,,1.0,1000,True,0.0,0.0,1.0,,126,,,False,,,,,,71,rider,0.1,0.1,shared_crc,segformer_b2_cityscapes,cityscapes_val_half,226
,,,1.0,1000,True,0.0,0.0,1.0,,179,,,False,,,,,,71,bicycle,0.1,0.1,shared_crc,segformer_b2_cityscapes,cityscapes_val_half,226
,,,0.998,998,True,0.12250654392129402,0.12250654392129402,,,224,,,False,,,,,,71,max_over_classes,0.2,0.1,shared_crc,segformer_b2_cityscapes,cityscapes_val_half,226
,,,0.998,998,True,0.04794757634767642,0.04794757634767642,0.04514588788151741,,198,,,False,,,,,,71,person,0.2,0.1,shared_crc,segformer_b2_cityscapes,cityscapes_val_half,226
,,,0.998,998,True,0.12024245595674166,0.12024245595674166,0.014355659484863281,,126,,,False,,,,,,71,rider,0.2,0.1,shared_crc,segformer_b2_cityscapes,cityscapes_val_half,226
,,,0.998,998,True,0.06544938611977719,0.06544938611977719,0.025297118350863457,,179,,,False,,,,,,71,bicycle,0.2,0.1,shared_crc,segformer_b2_cityscapes,cityscapes_val_half,226
,,,1.0,1000,True,0.0,0.0,,,224,,,False,,,,,,71,max_over_classes,0.05,0.5,shared_crc,segformer_b2_cityscapes,cityscapes_val_half,226
,,,1.0,1000,True,0.0,0.0,1.0,,198,,,False,,,,,,71,person,0.05,0.5,shared_crc,segformer_b2_cityscapes,cityscapes_val_half,226
,,,1.0,1000,True,0.0,0.0,1.0,,126,,,False,,,,,,71,rider,0.05,0.5,shared_crc,segformer_b2_cityscapes,cityscapes_val_half,226
,,,1.0,1000,True,0.0,0.0,1.0,,179,,,False,,,,,,71,bicycle,0.05,0.5,shared_crc,segformer_b2_cityscapes,cityscapes_val_half,226
,,,1.0,1000,True,0.0,0.0,,,224,,,False,,,,,,71,max_over_classes,0.1,0.5,shared_crc,segformer_b2_cityscapes,cityscapes_val_half,226
,,,1.0,1000,True,0.0,0.0,1.0,,198,,,False,,,,,,71,person,0.1,0.5,shared_crc,segformer_b2_cityscapes,cityscapes_val_half,226
,,,1.0,1000,True,0.0,0.0,1.0,,126,,,False,,,,,,71,rider,0.1,0.5,shared_crc,segformer_b2_cityscapes,cityscapes_val_half,226
,,,1.0,1000,True,0.0,0.0,1.0,,179,,,False,,,,,,71,bicycle,0.1,0.5,shared_crc,segformer_b2_cityscapes,cityscapes_val_half,226
,,,1.0,1000,True,0.0,0.0,,,224,,,False,,,,,,71,max_over_classes,0.2,0.5,shared_crc,segformer_b2_cityscapes,cityscapes_val_half,226
,,,1.0,1000,True,0.0,0.0,1.0,,198,,,False,,,,,,71,person,0.2,0.5,shared_crc,segformer_b2_cityscapes,cityscapes_val_half,226
,,,1.0,1000,True,0.0,0.0,1.0,,126,,,False,,,,,,71,rider,0.2,0.5,shared_crc,segformer_b2_cityscapes,cityscapes_val_half,226
,,,1.0,1000,True,0.0,0.0,1.0,,179,,,False,,,,,,71,bicycle,0.2,0.5,shared_crc,segformer_b2_cityscapes,cityscapes_val_half,226
,,,0.999,999,True,0.024780790084098905,0.02478079008409891,0.05349668115377426,0.168,208,1304.0,0.09599999999999997,False,0.03862660944206009,0.006276150627615063,0.0,,,72,person,0.05,0.1,region_crc,segformer_b2_cityscapes,cityscapes_val_half,194
,,,0.995,995,True,0.08912712083667966,0.08912712083667966,0.03807307407259941,0.168,208,1304.0,0.10399999999999998,False,0.10300429184549356,0.012552301255230125,0.0,,,72,person,0.1,0.1,region_crc,segformer_b2_cityscapes,cityscapes_val_half,194
,,,0.977,977,True,0.19264390466592626,0.19264390466592626,0.02736411802470684,5.788,208,1304.0,0.08799999999999997,False,0.24606580829756797,0.03347280334728033,0.0,,,72,person,0.2,0.1,region_crc,segformer_b2_cityscapes,cityscapes_val_half,194
,,,1.0,1000,True,0.0,0.0,1.0,0.168,208,1304.0,0.0,False,0.0,0.0,0.0,,,72,person,0.05,0.5,region_crc,segformer_b2_cityscapes,cityscapes_val_half,194
,,,0.998,998,True,0.0899854638825227,0.0899854638825227,0.04624465852975845,0.168,208,1304.0,0.10799999999999998,False,0.09298998569384835,0.01882845188284519,0.0,,,72,person,0.1,0.5,region_crc,segformer_b2_cityscapes,cityscapes_val_half,194
,,,0.99,990,True,0.191742462358234,0.191742462358234,0.0328386016190052,0.168,208,1304.0,0.10399999999999998,False,0.2246065808297568,0.05439330543933055,0.0,,,72,person,0.2,0.5,region_crc,segformer_b2_cityscapes,cityscapes_val_half,194
,,,1.0,1000,True,0.0,0.0,1.0,0.504,124,343.0,0.0,False,0.0,0.0,0.0,,,72,rider,0.05,0.1,region_crc,segformer_b2_cityscapes,cityscapes_val_half,129
,,,1.0,1000,True,0.0,0.0,1.0,0.504,124,343.0,0.0,False,0.0,0.0,0.0,,,72,rider,0.1,0.1,region_crc,segformer_b2_cityscapes,cityscapes_val_half,129
,,,0.998,998,True,0.11478937728937728,0.11478937728937728,0.014842408709228039,0.504,124,343.0,0.04800000000000004,False,0.19662921348314608,0.022900763358778626,0.0,,,72,rider,0.2,0.1,region_crc,segformer_b2_cityscapes,cityscapes_val_half,129
,,,1.0,1000,True,0.0,0.0,1.0,0.504,124,343.0,0.0,False,0.0,0.0,0.0,,,72,rider,0.05,0.5,region_crc,segformer_b2_cityscapes,cityscapes_val_half,129
,,,1.0,1000,True,0.0,0.0,1.0,0.504,124,343.0,0.0,False,0.0,0.0,0.0,,,72,rider,0.1,0.5,region_crc,segformer_b2_cityscapes,cityscapes_val_half,129
,,,0.999,999,True,0.11438615148292568,0.11438615148292568,0.018252193927764893,0.504,124,343.0,0.06400000000000006,False,0.16853932584269662,0.04580152671755725,0.08823529411764706,,,72,rider,0.2,0.5,region_crc,segformer_b2_cityscapes,cityscapes_val_half,129
,,,1.0,1000,True,0.0,0.0,1.0,0.324,169,843.0,0.0,False,0.0,0.0,0.0,,,72,bicycle,0.05,0.1,region_crc,segformer_b2_cityscapes,cityscapes_val_half,176
,,,0.999,999,True,0.06152183615201366,0.06152183615201366,0.03127865493297577,0.324,169,843.0,0.06,False,0.10476190476190476,0.020527859237536656,0.0,,,72,bicycle,0.1,0.1,region_crc,segformer_b2_cityscapes,cityscapes_val_half,176
,,,0.991,991,True,0.15709789060380777,0.15709789060380777,0.018480168655514717,0.324,169,843.0,0.06399999999999999,False,0.2761904761904762,0.05571847507331378,0.0,,,72,bicycle,0.2,0.1,region_crc,segformer_b2_cityscapes,cityscapes_val_half,176
,,,1.0,1000,True,0.0,0.0,1.0,0.324,169,843.0,0.0,False,0.0,0.0,0.0,,,72,bicycle,0.05,0.5,region_crc,segformer_b2_cityscapes,cityscapes_val_half,176
,,,1.0,1000,True,0.0,0.0,1.0,0.324,169,843.0,0.0,False,0.0,0.0,0.0,,,72,bicycle,0.1,0.5,region_crc,segformer_b2_cityscapes,cityscapes_val_half,176
,,,0.996,996,True,0.1476419372869077,0.1476419372869077,0.022402431815862656,0.324,169,843.0,0.06400000000000002,False,0.23333333333333334,0.06451612903225806,0.012195121951219513,,,72,bicycle,0.2,0.5,region_crc,segformer_b2_cityscapes,cityscapes_val_half,176
,,,1.0,1000,True,0.0,0.0,,,228,,,False,,,,,,72,max_over_classes,0.05,0.1,shared_crc,segformer_b2_cityscapes,cityscapes_val_half,222
,,,1.0,1000,True,0.0,0.0,1.0,,208,,,False,,,,,,72,person,0.05,0.1,shared_crc,segformer_b2_cityscapes,cityscapes_val_half,222
,,,1.0,1000,True,0.0,0.0,1.0,,124,,,False,,,,,,72,rider,0.05,0.1,shared_crc,segformer_b2_cityscapes,cityscapes_val_half,222
,,,1.0,1000,True,0.0,0.0,1.0,,169,,,False,,,,,,72,bicycle,0.05,0.1,shared_crc,segformer_b2_cityscapes,cityscapes_val_half,222
,,,1.0,1000,True,0.0,0.0,,,228,,,False,,,,,,72,max_over_classes,0.1,0.1,shared_crc,segformer_b2_cityscapes,cityscapes_val_half,222
,,,1.0,1000,True,0.0,0.0,1.0,,208,,,False,,,,,,72,person,0.1,0.1,shared_crc,segformer_b2_cityscapes,cityscapes_val_half,222
,,,1.0,1000,True,0.0,0.0,1.0,,124,,,False,,,,,,72,rider,0.1,0.1,shared_crc,segformer_b2_cityscapes,cityscapes_val_half,222
,,,1.0,1000,True,0.0,0.0,1.0,,169,,,False,,,,,,72,bicycle,0.1,0.1,shared_crc,segformer_b2_cityscapes,cityscapes_val_half,222
,,,0.998,998,True,0.12046247669312683,0.12046247669312683,,,228,,,False,,,,,,72,max_over_classes,0.2,0.1,shared_crc,segformer_b2_cityscapes,cityscapes_val_half,222
,,,0.998,998,True,0.04682307072012954,0.04682307072012954,0.04624465852975845,,208,,,False,,,,,,72,person,0.2,0.1,shared_crc,segformer_b2_cityscapes,cityscapes_val_half,222
,,,0.998,998,True,0.11478937728937728,0.11478937728937728,0.014842408709228039,,124,,,False,,,,,,72,rider,0.2,0.1,shared_crc,segformer_b2_cityscapes,cityscapes_val_half,222
,,,0.998,998,True,0.07477033978513267,0.07477033978513267,0.026488836854696274,,169,,,False,,,,,,72,bicycle,0.2,0.1,shared_crc,segformer_b2_cityscapes,cityscapes_val_half,222
,,,1.0,1000,True,0.0,0.0,,,228,,,False,,,,,,72,max_over_classes,0.05,0.5,shared_crc,segformer_b2_cityscapes,cityscapes_val_half,222
,,,1.0,1000,True,0.0,0.0,1.0,,208,,,False,,,,,,72,person,0.05,0.5,shared_crc,segformer_b2_cityscapes,cityscapes_val_half,222
,,,1.0,1000,True,0.0,0.0,1.0,,124,,,False,,,,,,72,rider,0.05,0.5,shared_crc,segformer_b2_cityscapes,cityscapes_val_half,222
,,,1.0,1000,True,0.0,0.0,1.0,,169,,,False,,,,,,72,bicycle,0.05,0.5,shared_crc,segformer_b2_cityscapes,cityscapes_val_half,222
,,,1.0,1000,True,0.0,0.0,,,228,,,False,,,,,,72,max_over_classes,0.1,0.5,shared_crc,segformer_b2_cityscapes,cityscapes_val_half,222
,,,1.0,1000,True,0.0,0.0,1.0,,208,,,False,,,,,,72,person,0.1,0.5,shared_crc,segformer_b2_cityscapes,cityscapes_val_half,222
,,,1.0,1000,True,0.0,0.0,1.0,,124,,,False,,,,,,72,rider,0.1,0.5,shared_crc,segformer_b2_cityscapes,cityscapes_val_half,222
,,,1.0,1000,True,0.0,0.0,1.0,,169,,,False,,,,,,72,bicycle,0.1,0.5,shared_crc,segformer_b2_cityscapes,cityscapes_val_half,222
,,,1.0,1000,True,0.0,0.0,,,228,,,False,,,,,,72,max_over_classes,0.2,0.5,shared_crc,segformer_b2_cityscapes,cityscapes_val_half,222
,,,1.0,1000,True,0.0,0.0,1.0,,208,,,False,,,,,,72,person,0.2,0.5,shared_crc,segformer_b2_cityscapes,cityscapes_val_half,222
,,,1.0,1000,True,0.0,0.0,1.0,,124,,,False,,,,,,72,rider,0.2,0.5,shared_crc,segformer_b2_cityscapes,cityscapes_val_half,222
,,,1.0,1000,True,0.0,0.0,1.0,,169,,,False,,,,,,72,bicycle,0.2,0.5,shared_crc,segformer_b2_cityscapes,cityscapes_val_half,222
,,,0.999,999,True,0.03607945150913901,0.036079451509139014,0.054898642003536224,0.232,192,1317.0,0.06,False,0.054945054945054944,0.008908685968819599,0.0,,,73,person,0.05,0.1,region_crc,segformer_b2_cityscapes,cityscapes_val_half,210
,,,0.995,995,True,0.09286594405837827,0.09286594405837827,0.03878439962863922,0.232,192,1317.0,0.05600000000000005,False,0.11401098901098901,0.0200445434298441,0.0,,,73,person,0.1,0.1,region_crc,segformer_b2_cityscapes,cityscapes_val_half,210
,,,0.977,977,True,0.19203401690513888,0.19203401690513888,0.027707962319254875,6.276,192,1317.0,0.06000000000000005,False,0.25,0.051224944320712694,0.0,,,73,person,0.2,0.1,region_crc,segformer_b2_cityscapes,cityscapes_val_half,210
,,,1.0,1000,True,0.0,0.0,1.0,0.232,192,1317.0,0.0,False,0.0,0.0,0.0,,,73,person,0.05,0.5,region_crc,segformer_b2_cityscapes,cityscapes_val_half,210
,,,0.998,998,True,0.09366097271799027,0.09366097271799027,0.047318123281002045,0.232,192,1317.0,0.052000000000000046,False,0.09752747252747253,0.028953229398663696,0.0,,,73,person,0.1,0.5,region_crc,segformer_b2_cityscapes,cityscapes_val_half,210
,,,0.991,991,True,0.18019323885035957,0.18019323885035962,0.03411129489541054,0.232,192,1317.0,0.05600000000000005,False,0.21153846153846154,0.062360801781737196,0.0,,,73,person,0.2,0.5,region_crc,segformer_b2_cityscapes,cityscapes_val_half,210
,,,1.0,1000,True,0.0,0.0,1.0,0.44,140,430.0,0.0,False,0.0,0.0,0.0,,,73,rider,0.05,0.1,region_crc,segformer_b2_cityscapes,cityscapes_val_half,113
,,,1.0,1000,True,0.0,0.0,1.0,0.44,140,430.0,0.0,False,0.0,0.0,0.0,,,73,rider,0.1,0.1,region_crc,segformer_b2_cityscapes,cityscapes_val_half,113
,,,0.998,998,True,0.12840528519099945,0.12840528519099945,0.015009542927145958,0.44,140,430.0,0.064,False,0.2217741935483871,0.02027027027027027,0.0,,,73,rider,0.2,0.1,region_crc,segformer_b2_cityscapes,cityscapes_val_half,113
,,,1.0,1000,True,0.0,0.0,1.0,0.44,140,430.0,0.0,False,0.0,0.0,0.0,,,73,rider,0.05,0.5,region_crc,segformer_b2_cityscapes,cityscapes_val_half,113
,,,1.0,1000,True,0.0,0.0,1.0,0.44,140,430.0,0.0,False,0.0,0.0,0.0,,,73,rider,0.1,0.5,region_crc,segformer_b2_cityscapes,cityscapes_val_half,113
,,,0.999,999,True,0.12586560265131694,0.12586560265131694,0.01838025078177452,0.44,140,430.0,0.064,False,0.21370967741935484,0.02702702702702703,0.0,,,73,rider,0.2,0.5,region_crc,segformer_b2_cityscapes,cityscapes_val_half,113
,,,1.0,1000,True,0.0,0.0,1.0,0.28,180,940.0,0.0,False,0.0,0.0,0.0,,,73,bicycle,0.05,0.1,region_crc,segformer_b2_cityscapes,cityscapes_val_half,165
,,,0.999,999,True,0.05523135043968378,0.055231350439683774,0.030658554285764694,0.28,180,940.0,0.052000000000000046,False,0.09650924024640657,0.015873015873015872,0.0,,,73,bicycle,0.1,0.1,region_crc,segformer_b2_cityscapes,cityscapes_val_half,165
,,,0.992,992,True,0.14048085402252067,0.14048085402252067,0.018852418288588524,0.28,180,940.0,0.06399999999999995,False,0.24229979466119098,0.042328042328042326,0.0,,,73,bicycle,0.2,0.1,region_crc,segformer_b2_cityscapes,cityscapes_val_half,165
,,,1.0,1000,True,0.0,0.0,1.0,0.28,180,940.0,0.0,False,0.0,0.0,0.0,,,73,bicycle,0.05,0.5,region_crc,segformer_b2_cityscapes,cityscapes_val_half,165
,,,1.0,1000,True,0.0,0.0,1.0,0.28,180,940.0,0.0,False,0.0,0.0,0.0,,,73,bicycle,0.1,0.5,region_crc,segformer_b2_cityscapes,cityscapes_val_half,165
,,,0.997,997,True,0.13046559921559922,0.13046559921559922,0.02369309589266777,0.28,180,940.0,0.051999999999999935,False,0.2053388090349076,0.0582010582010582,0.0,,,73,bicycle,0.2,0.5,region_crc,segformer_b2_cityscapes,cityscapes_val_half,165
,,,1.0,1000,True,0.0,0.0,,,219,,,False,,,,,,73,max_over_classes,0.05,0.1,shared_crc,segformer_b2_cityscapes,cityscapes_val_half,231
,,,1.0,1000,True,0.0,0.0,1.0,,192,,,False,,,,,,73,person,0.05,0.1,shared_crc,segformer_b2_cityscapes,cityscapes_val_half,231
,,,1.0,1000,True,0.0,0.0,1.0,,140,,,False,,,,,,73,rider,0.05,0.1,shared_crc,segformer_b2_cityscapes,cityscapes_val_half,231
,,,1.0,1000,True,0.0,0.0,1.0,,180,,,False,,,,,,73,bicycle,0.05,0.1,shared_crc,segformer_b2_cityscapes,cityscapes_val_half,231
,,,1.0,1000,True,0.0,0.0,,,219,,,False,,,,,,73,max_over_classes,0.1,0.1,shared_crc,segformer_b2_cityscapes,cityscapes_val_half,231
,,,1.0,1000,True,0.0,0.0,1.0,,192,,,False,,,,,,73,person,0.1,0.1,shared_crc,segformer_b2_cityscapes,cityscapes_val_half,231
,,,1.0,1000,True,0.0,0.0,1.0,,140,,,False,,,,,,73,rider,0.1,0.1,shared_crc,segformer_b2_cityscapes,cityscapes_val_half,231
,,,1.0,1000,True,0.0,0.0,1.0,,180,,,False,,,,,,73,bicycle,0.1,0.1,shared_crc,segformer_b2_cityscapes,cityscapes_val_half,231
,,,0.997,997,True,0.19009951613892972,0.19009951613892972,,,219,,,False,,,,,,73,max_over_classes,0.2,0.1,shared_crc,segformer_b2_cityscapes,cityscapes_val_half,231
,,,0.997,997,True,0.07653554920550534,0.07653554920550534,0.04334558919072151,,192,,,False,,,,,,73,person,0.2,0.1,shared_crc,segformer_b2_cityscapes,cityscapes_val_half,231
,,,0.997,997,True,0.16646393289250433,0.16646393289250433,0.0132998526096344,,140,,,False,,,,,,73,rider,0.2,0.1,shared_crc,segformer_b2_cityscapes,cityscapes_val_half,231
,,,0.997,997,True,0.07631019443519443,0.07631019443519443,0.02369309589266777,,180,,,False,,,,,,73,bicycle,0.2,0.1,shared_crc,segformer_b2_cityscapes,cityscapes_val_half,231
,,,1.0,1000,True,0.0,0.0,,,219,,,False,,,,,,73,max_over_classes,0.05,0.5,shared_crc,segformer_b2_cityscapes,cityscapes_val_half,231
,,,1.0,1000,True,0.0,0.0,1.0,,192,,,False,,,,,,73,person,0.05,0.5,shared_crc,segformer_b2_cityscapes,cityscapes_val_half,231
,,,1.0,1000,True,0.0,0.0,1.0,,140,,,False,,,,,,73,rider,0.05,0.5,shared_crc,segformer_b2_cityscapes,cityscapes_val_half,231
,,,1.0,1000,True,0.0,0.0,1.0,,180,,,False,,,,,,73,bicycle,0.05,0.5,shared_crc,segformer_b2_cityscapes,cityscapes_val_half,231
,,,1.0,1000,True,0.0,0.0,,,219,,,False,,,,,,73,max_over_classes,0.1,0.5,shared_crc,segformer_b2_cityscapes,cityscapes_val_half,231
,,,1.0,1000,True,0.0,0.0,1.0,,192,,,False,,,,,,73,person,0.1,0.5,shared_crc,segformer_b2_cityscapes,cityscapes_val_half,231
,,,1.0,1000,True,0.0,0.0,1.0,,140,,,False,,,,,,73,rider,0.1,0.5,shared_crc,segformer_b2_cityscapes,cityscapes_val_half,231
,,,1.0,1000,True,0.0,0.0,1.0,,180,,,False,,,,,,73,bicycle,0.1,0.5,shared_crc,segformer_b2_cityscapes,cityscapes_val_half,231
,,,0.999,999,True,0.15076970002769088,0.15076970002769088,,,219,,,False,,,,,,73,max_over_classes,0.2,0.5,shared_crc,segformer_b2_cityscapes,cityscapes_val_half,231
,,,0.999,999,True,0.05070717981559538,0.05070717981559538,0.054898642003536224,,192,,,False,,,,,,73,person,0.2,0.5,shared_crc,segformer_b2_cityscapes,cityscapes_val_half,231
,,,0.999,999,True,0.12586560265131694,0.12586560265131694,0.01838025078177452,,140,,,False,,,,,,73,rider,0.2,0.5,shared_crc,segformer_b2_cityscapes,cityscapes_val_half,231
,,,0.999,999,True,0.08628854941354941,0.08628854941354941,0.030658554285764694,,180,,,False,,,,,,73,bicycle,0.2,0.5,shared_crc,segformer_b2_cityscapes,cityscapes_val_half,231
,,,0.999,999,True,0.030098491270511393,0.030098491270511393,0.05240223556756973,0.2,200,1328.0,0.08000000000000007,False,0.040927694406548434,0.006550218340611353,0.0,,,74,person,0.05,0.1,region_crc,segformer_b2_cityscapes,cityscapes_val_half,202
,,,0.994,994,True,0.09981988330440343,0.09981988330440342,0.0354120247066021,0.2,200,1328.0,0.08800000000000008,False,0.11732605729877217,0.010917030567685589,0.0,,,74,person,0.1,0.1,region_crc,segformer_b2_cityscapes,cityscapes_val_half,202
,,,0.972,972,True,0.22151451892763813,0.22151451892763813,0.025043265894055367,6.104,200,1328.0,0.07200000000000006,False,0.29058663028649384,0.04585152838427948,0.0,,,74,person,0.2,0.1,region_crc,segformer_b2_cityscapes,cityscapes_val_half,202
,,,1.0,1000,True,0.0,0.0,1.0,0.2,200,1328.0,0.0,False,0.0,0.0,0.0,,,74,person,0.05,0.5,region_crc,segformer_b2_cityscapes,cityscapes_val_half,202
,,,0.998,998,True,0.08626811562763576,0.08626811562763574,0.04509614035487175,0.2,200,1328.0,0.08400000000000007,False,0.09549795361527967,0.017467248908296942,0.0,,,74,person,0.1,0.5,region_crc,segformer_b2_cityscapes,cityscapes_val_half,202
,,,0.988,988,True,0.21339168163278072,0.21339168163278066,0.03034825809299946,0.2,200,1328.0,0.10399999999999998,False,0.24965893587994542,0.06550218340611354,0.0,,,74,person,0.2,0.5,region_crc,segformer_b2_cityscapes,cityscapes_val_half,202
,,,1.0,1000,True,0.0,0.0,1.0,0.512,122,335.0,0.0,False,0.0,0.0,0.0,,,74,rider,0.05,0.1,region_crc,segformer_b2_cityscapes,cityscapes_val_half,131
,,,1.0,1000,True,0.0,0.0,1.0,0.512,122,335.0,0.0,False,0.0,0.0,0.0,,,74,rider,0.1,0.1,region_crc,segformer_b2_cityscapes,cityscapes_val_half,131
,,,0.997,997,True,0.17680227331866677,0.1768022733186668,0.011276436038315296,0.512,122,335.0,0.09199999999999997,False,0.22950819672131148,0.08461538461538462,0.0,,,74,rider,0.2,0.1,region_crc,segformer_b2_cityscapes,cityscapes_val_half,131
,,,1.0,1000,True,0.0,0.0,1.0,0.512,122,335.0,0.0,False,0.0,0.0,0.0,,,74,rider,0.05,0.5,region_crc,segformer_b2_cityscapes,cityscapes_val_half,131
,,,1.0,1000,True,0.0,0.0,1.0,0.512,122,335.0,0.0,False,0.0,0.0,0.0,,,74,rider,0.1,0.5,region_crc,segformer_b2_cityscapes,cityscapes_val_half,131
,,,0.999,999,True,0.15951730418943533,0.15951730418943533,0.016108199954032898,0.512,122,335.0,0.08400000000000007,False,0.18579234972677597,0.09230769230769231,0.0,,,74,rider,0.2,0.5,region_crc,segformer_b2_cityscapes,cityscapes_val_half,131
,,,1.0,1000,True,0.0,0.0,1.0,0.344,164,817.0,0.0,False,0.0,0.0,0.0,,,74,bicycle,0.05,0.1,region_crc,segformer_b2_cityscapes,cityscapes_val_half,181
,,,0.998,998,True,0.09327922247129564,0.09327922247129564,0.024017510935664177,0.344,164,817.0,0.10000000000000003,False,0.1662870159453303,0.019230769230769232,0.0,,,74,bicycle,0.1,0.1,region_crc,segformer_b2_cityscapes,cityscapes_val_half,181
,,,0.99,990,True,0.18374564967552773,0.18374564967552773,0.016110481694340706,0.344,164,817.0,0.08800000000000002,False,0.30296127562642367,0.0673076923076923,0.0,,,74,bicycle,0.2,0.1,region_crc,segformer_b2_cityscapes,cityscapes_val_half,181
,,,1.0,1000,True,0.0,0.0,1.0,0.344,164,817.0,0.0,False,0.0,0.0,0.0,,,74,bicycle,0.05,0.5,region_crc,segformer_b2_cityscapes,cityscapes_val_half,181
,,,1.0,1000,True,0.0,0.0,1.0,0.344,164,817.0,0.0,False,0.0,0.0,0.0,,,74,bicycle,0.1,0.5,region_crc,segformer_b2_cityscapes,cityscapes_val_half,181
,,,0.995,995,True,0.1848411666247032,0.1848411666247032,0.019093763083219528,0.344,164,817.0,0.08000000000000002,False,0.29157175398633256,0.08333333333333333,0.0,,,74,bicycle,0.2,0.5,region_crc,segformer_b2_cityscapes,cityscapes_val_half,181
,,,1.0,1000,True,0.0,0.0,,,220,,,False,,,,,,74,max_over_classes,0.05,0.1,shared_crc,segformer_b2_cityscapes,cityscapes_val_half,230
,,,1.0,1000,True,0.0,0.0,1.0,,200,,,False,,,,,,74,person,0.05,0.1,shared_crc,segformer_b2_cityscapes,cityscapes_val_half,230
,,,1.0,1000,True,0.0,0.0,1.0,,122,,,False,,,,,,74,rider,0.05,0.1,shared_crc,segformer_b2_cityscapes,cityscapes_val_half,230
,,,1.0,1000,True,0.0,0.0,1.0,,164,,,False,,,,,,74,bicycle,0.05,0.1,shared_crc,segformer_b2_cityscapes,cityscapes_val_half,230
,,,1.0,1000,True,0.0,0.0,,,220,,,False,,,,,,74,max_over_classes,0.1,0.1,shared_crc,segformer_b2_cityscapes,cityscapes_val_half,230
,,,1.0,1000,True,0.0,0.0,1.0,,200,,,False,,,,,,74,person,0.1,0.1,shared_crc,segformer_b2_cityscapes,cityscapes_val_half,230
,,,1.0,1000,True,0.0,0.0,1.0,,122,,,False,,,,,,74,rider,0.1,0.1,shared_crc,segformer_b2_cityscapes,cityscapes_val_half,230
,,,1.0,1000,True,0.0,0.0,1.0,,164,,,False,,,,,,74,bicycle,0.1,0.1,shared_crc,segformer_b2_cityscapes,cityscapes_val_half,230
,,,0.997,997,True,0.19403057753923217,0.19403057753923217,,,220,,,False,,,,,,74,max_over_classes,0.2,0.1,shared_crc,segformer_b2_cityscapes,cityscapes_val_half,230
,,,0.997,997,True,0.0714205372800574,0.0714205372800574,0.041269440203905106,,200,,,False,,,,,,74,person,0.2,0.1,shared_crc,segformer_b2_cityscapes,cityscapes_val_half,230
,,,0.997,997,True,0.17680227331866677,0.17680227331866677,0.011276436038315296,,122,,,False,,,,,,74,rider,0.2,0.1,shared_crc,segformer_b2_cityscapes,cityscapes_val_half,230
,,,0.997,997,True,0.11158121180987035,0.11158121180987035,0.021699657663702965,,164,,,False,,,,,,74,bicycle,0.2,0.1,shared_crc,segformer_b2_cityscapes,cityscapes_val_half,230
,,,1.0,1000,True,0.0,0.0,,,220,,,False,,,,,,74,max_over_classes,0.05,0.5,shared_crc,segformer_b2_cityscapes,cityscapes_val_half,230
,,,1.0,1000,True,0.0,0.0,1.0,,200,,,False,,,,,,74,person,0.05,0.5,shared_crc,segformer_b2_cityscapes,cityscapes_val_half,230
,,,1.0,1000,True,0.0,0.0,1.0,,122,,,False,,,,,,74,rider,0.05,0.5,shared_crc,segformer_b2_cityscapes,cityscapes_val_half,230
,,,1.0,1000,True,0.0,0.0,1.0,,164,,,False,,,,,,74,bicycle,0.05,0.5,shared_crc,segformer_b2_cityscapes,cityscapes_val_half,230
,,,1.0,1000,True,0.0,0.0,,,220,,,False,,,,,,74,max_over_classes,0.1,0.5,shared_crc,segformer_b2_cityscapes,cityscapes_val_half,230
,,,1.0,1000,True,0.0,0.0,1.0,,200,,,False,,,,,,74,person,0.1,0.5,shared_crc,segformer_b2_cityscapes,cityscapes_val_half,230
,,,1.0,1000,True,0.0,0.0,1.0,,122,,,False,,,,,,74,rider,0.1,0.5,shared_crc,segformer_b2_cityscapes,cityscapes_val_half,230
,,,1.0,1000,True,0.0,0.0,1.0,,164,,,False,,,,,,74,bicycle,0.1,0.5,shared_crc,segformer_b2_cityscapes,cityscapes_val_half,230
,,,0.999,999,True,0.16849934342247175,0.16849934342247175,,,220,,,False,,,,,,74,max_over_classes,0.2,0.5,shared_crc,segformer_b2_cityscapes,cityscapes_val_half,230
,,,0.999,999,True,0.04756499698701711,0.04756499698701711,0.05240223556756973,,200,,,False,,,,,,74,person,0.2,0.5,shared_crc,segformer_b2_cityscapes,cityscapes_val_half,230
,,,0.999,999,True,0.15951730418943533,0.15951730418943533,0.016108199954032898,,122,,,False,,,,,,74,rider,0.2,0.5,shared_crc,segformer_b2_cityscapes,cityscapes_val_half,230
,,,0.999,999,True,0.1031778604187141,0.1031778604187141,0.028538323938846588,,164,,,False,,,,,,74,bicycle,0.2,0.5,shared_crc,segformer_b2_cityscapes,cityscapes_val_half,230
,,,0.998,998,True,0.05619242850086503,0.05619242850086503,0.04932597652077675,0.232,192,1405.0,0.072,False,0.06597671410090557,0.008350730688935281,0.0,,,75,person,0.05,0.1,region_crc,segformer_b2_cityscapes,cityscapes_val_half,210
,,,0.996,996,True,0.07804917874988503,0.07804917874988501,0.04275607690215111,0.232,192,1405.0,0.08,False,0.0944372574385511,0.012526096033402923,0.0,,,75,person,0.1,0.1,region_crc,segformer_b2_cityscapes,cityscapes_val_half,210
,,,0.978,978,True,0.1879846024688485,0.1879846024688485,0.029951922595500946,5.968,192,1405.0,0.08800000000000001,False,0.23285899094437257,0.03549060542797495,0.0,,,75,person,0.2,0.1,region_crc,segformer_b2_cityscapes,cityscapes_val_half,210
,,,1.0,1000,True,0.0,0.0,1.0,0.232,192,1405.0,0.0,False,0.0,0.0,0.0,,,75,person,0.05,0.5,region_crc,segformer_b2_cityscapes,cityscapes_val_half,210
,,,0.999,999,True,0.05366059979716133,0.05366059979716133,0.05679325759410858,0.232,192,1405.0,0.064,False,0.0646830530401035,0.016701461377870562,0.0,,,75,person,0.1,0.5,region_crc,segformer_b2_cityscapes,cityscapes_val_half,210
,,,0.99,990,True,0.18721280963976397,0.18721280963976394,0.03533792123198509,0.232,192,1405.0,0.092,False,0.2069857697283312,0.06680584551148225,0.0,,,75,person,0.2,0.5,region_crc,segformer_b2_cityscapes,cityscapes_val_half,210
,,,1.0,1000,True,0.0,0.0,1.0,0.504,124,356.0,0.0,False,0.0,0.0,0.0,,,75,rider,0.05,0.1,region_crc,segformer_b2_cityscapes,cityscapes_val_half,129
,,,1.0,1000,True,0.0,0.0,1.0,0.504,124,356.0,0.0,False,0.0,0.0,0.0,,,75,rider,0.1,0.1,region_crc,segformer_b2_cityscapes,cityscapes_val_half,129
,,,0.997,997,True,0.17496159754224272,0.17496159754224272,0.011985342018306255,0.504,124,356.0,0.06800000000000006,False,0.2651162790697674,0.06086956521739131,0.0,,,75,rider,0.2,0.1,region_crc,segformer_b2_cityscapes,cityscapes_val_half,129
,,,1.0,1000,True,0.0,0.0,1.0,0.504,124,356.0,0.0,False,0.0,0.0,0.0,,,75,rider,0.05,0.5,region_crc,segformer_b2_cityscapes,cityscapes_val_half,129
,,,1.0,1000,True,0.0,0.0,1.0,0.504,124,356.0,0.0,False,0.0,0.0,0.0,,,75,rider,0.1,0.5,region_crc,segformer_b2_cityscapes,cityscapes_val_half,129
,,,0.999,999,True,0.15061443932411675,0.15061443932411675,0.017054148018360138,0.504,124,356.0,0.052000000000000046,False,0.2186046511627907,0.05217391304347826,0.11538461538461539,,,75,rider,0.2,0.5,region_crc,segformer_b2_cityscapes,cityscapes_val_half,129
,,,1.0,1000,True,0.0,0.0,1.0,0.316,171,831.0,0.0,False,0.0,0.0,0.0,,,75,bicycle,0.05,0.1,region_crc,segformer_b2_cityscapes,cityscapes_val_half,174
,,,0.999,999,True,0.06723239398677994,0.06723239398677994,0.0295930914580822,0.316,171,831.0,0.055999999999999994,False,0.11013215859030837,0.00974025974025974,0.0,,,75,bicycle,0.1,0.1,region_crc,segformer_b2_cityscapes,cityscapes_val_half,174
,,,0.991,991,True,0.1595149165324604,0.1595149165324604,0.017210472375154495,0.316,171,831.0,0.05599999999999994,False,0.2709251101321586,0.03571428571428571,0.0,,,75,bicycle,0.2,0.1,region_crc,segformer_b2_cityscapes,cityscapes_val_half,174
,,,1.0,1000,True,0.0,0.0,1.0,0.316,171,831.0,0.0,False,0.0,0.0,0.0,,,75,bicycle,0.05,0.5,region_crc,segformer_b2_cityscapes,cityscapes_val_half,174
,,,1.0,1000,True,0.0,0.0,1.0,0.316,171,831.0,0.0,False,0.0,0.0,0.0,,,75,bicycle,0.1,0.5,region_crc,segformer_b2_cityscapes,cityscapes_val_half,174
,,,0.996,996,True,0.14983401913226474,0.14983401913226474,0.02097141370177269,0.316,171,831.0,0.04400000000000004,False,0.23788546255506607,0.04220779220779221,0.0,,,75,bicycle,0.2,0.5,region_crc,segformer_b2_cityscapes,cityscapes_val_half,174
,,,1.0,1000,True,0.0,0.0,,,218,,,False,,,,,,75,max_over_classes,0.05,0.1,shared_crc,segformer_b2_cityscapes,cityscapes_val_half,232
,,,1.0,1000,True,0.0,0.0,1.0,,192,,,False,,,,,,75,person,0.05,0.1,shared_crc,segformer_b2_cityscapes,cityscapes_val_half,232
,,,1.0,1000,True,0.0,0.0,1.0,,124,,,False,,,,,,75,rider,0.05,0.1,shared_crc,segformer_b2_cityscapes,cityscapes_val_half,232
,,,1.0,1000,True,0.0,0.0,1.0,,171,,,False,,,,,,75,bicycle,0.05,0.1,shared_crc,segformer_b2_cityscapes,cityscapes_val_half,232
,,,1.0,1000,True,0.0,0.0,,,218,,,False,,,,,,75,max_over_classes,0.1,0.1,shared_crc,segformer_b2_cityscapes,cityscapes_val_half,232
,,,1.0,1000,True,0.0,0.0,1.0,,192,,,False,,,,,,75,person,0.1,0.1,shared_crc,segformer_b2_cityscapes,cityscapes_val_half,232
,,,1.0,1000,True,0.0,0.0,1.0,,124,,,False,,,,,,75,rider,0.1,0.1,shared_crc,segformer_b2_cityscapes,cityscapes_val_half,232
,,,1.0,1000,True,0.0,0.0,1.0,,171,,,False,,,,,,75,bicycle,0.1,0.1,shared_crc,segformer_b2_cityscapes,cityscapes_val_half,232
,,,0.998,998,True,0.1586672675292126,0.1586672675292126,,,218,,,False,,,,,,75,max_over_classes,0.2,0.1,shared_crc,segformer_b2_cityscapes,cityscapes_val_half,232
,,,0.998,998,True,0.05619242850086503,0.05619242850086503,0.04932597652077675,,192,,,False,,,,,,75,person,0.2,0.1,shared_crc,segformer_b2_cityscapes,cityscapes_val_half,232
,,,0.998,998,True,0.15666282642089094,0.15666282642089094,0.013678092509508133,,124,,,False,,,,,,75,rider,0.2,0.1,shared_crc,segformer_b2_cityscapes,cityscapes_val_half,232
,,,0.998,998,True,0.08328409731918503,0.08328409731918503,0.024933306500315666,,171,,,False,,,,,,75,bicycle,0.2,0.1,shared_crc,segformer_b2_cityscapes,cityscapes_val_half,232
,,,1.0,1000,True,0.0,0.0,,,218,,,False,,,,,,75,max_over_classes,0.05,0.5,shared_crc,segformer_b2_cityscapes,cityscapes_val_half,232
,,,1.0,1000,True,0.0,0.0,1.0,,192,,,False,,,,,,75,person,0.05,0.5,shared_crc,segformer_b2_cityscapes,cityscapes_val_half,232
,,,1.0,1000,True,0.0,0.0,1.0,,124,,,False,,,,,,75,rider,0.05,0.5,shared_crc,segformer_b2_cityscapes,cityscapes_val_half,232
,,,1.0,1000,True,0.0,0.0,1.0,,171,,,False,,,,,,75,bicycle,0.05,0.5,shared_crc,segformer_b2_cityscapes,cityscapes_val_half,232
,,,1.0,1000,True,0.0,0.0,,,218,,,False,,,,,,75,max_over_classes,0.1,0.5,shared_crc,segformer_b2_cityscapes,cityscapes_val_half,232
,,,1.0,1000,True,0.0,0.0,1.0,,192,,,False,,,,,,75,person,0.1,0.5,shared_crc,segformer_b2_cityscapes,cityscapes_val_half,232
,,,1.0,1000,True,0.0,0.0,1.0,,124,,,False,,,,,,75,rider,0.1,0.5,shared_crc,segformer_b2_cityscapes,cityscapes_val_half,232
,,,1.0,1000,True,0.0,0.0,1.0,,171,,,False,,,,,,75,bicycle,0.1,0.5,shared_crc,segformer_b2_cityscapes,cityscapes_val_half,232
,,,0.999,999,True,0.1614820954128478,0.1614820954128478,,,218,,,False,,,,,,75,max_over_classes,0.2,0.5,shared_crc,segformer_b2_cityscapes,cityscapes_val_half,232
,,,0.999,999,True,0.05366059979716133,0.05366059979716133,0.05679325759410858,,192,,,False,,,,,,75,person,0.2,0.5,shared_crc,segformer_b2_cityscapes,cityscapes_val_half,232
,,,0.999,999,True,0.15061443932411675,0.15061443932411675,0.017054148018360138,,124,,,False,,,,,,75,rider,0.2,0.5,shared_crc,segformer_b2_cityscapes,cityscapes_val_half,232
,,,0.999,999,True,0.0954534094884972,0.0954534094884972,0.0295930914580822,,171,,,False,,,,,,75,bicycle,0.2,0.5,shared_crc,segformer_b2_cityscapes,cityscapes_val_half,232
,,,0.999,999,True,0.024522589908046337,0.024522589908046337,0.05932588130235672,0.176,206,1397.0,0.07599999999999996,False,0.04193971166448231,0.008247422680412371,0.0,,,76,person,0.05,0.1,region_crc,segformer_b2_cityscapes,cityscapes_val_half,196
,,,0.995,995,True,0.0881858474618251,0.08818584746182509,0.04290822148323059,0.176,206,1397.0,0.08000000000000002,False,0.10878112712975098,0.024742268041237112,0.0,,,76,person,0.1,0.1,region_crc,segformer_b2_cityscapes,cityscapes_val_half,196
,,,0.977,977,True,0.190536567319571,0.19053656731957105,0.03145662322640419,6.34,206,1397.0,0.09200000000000003,False,0.2529488859764089,0.041237113402061855,0.0,,,76,person,0.2,0.1,region_crc,segformer_b2_cityscapes,cityscapes_val_half,196
,,,1.0,1000,True,0.0,0.0,1.0,0.176,206,1397.0,0.0,False,0.0,0.0,0.0,,,76,person,0.05,0.5,region_crc,segformer_b2_cityscapes,cityscapes_val_half,196
,,,0.999,999,True,0.049164744532316444,0.049164744532316444,0.05932588130235672,0.176,206,1397.0,0.07599999999999996,False,0.06290956749672345,0.026804123711340205,0.0,,,76,person,0.1,0.5,region_crc,segformer_b2_cityscapes,cityscapes_val_half,196
,,,0.99,990,True,0.18845721508245178,0.1884572150824518,0.03729037567973137,0.176,206,1397.0,0.07600000000000001,False,0.22935779816513763,0.06804123711340206,0.0,,,76,person,0.2,0.5,region_crc,segformer_b2_cityscapes,cityscapes_val_half,196
,,,1.0,1000,True,0.0,0.0,1.0,0.488,128,376.0,0.0,False,0.0,0.0,0.0,,,76,rider,0.05,0.1,region_crc,segformer_b2_cityscapes,cityscapes_val_half,125
,,,1.0,1000,True,0.0,0.0,1.0,0.488,128,376.0,0.0,False,0.0,0.0,0.0,,,76,rider,0.1,0.1,region_crc,segformer_b2_cityscapes,cityscapes_val_half,125
,,,0.997,997,True,0.1847453978313353,0.1847453978313353,0.01328203920274973,0.488,128,376.0,0.06400000000000006,False,0.3024390243902439,0.0661764705882353,0.0,,,76,rider,0.2,0.1,region_crc,segformer_b2_cityscapes,cityscapes_val_half,125
,,,1.0,1000,True,0.0,0.0,1.0,0.488,128,376.0,0.0,False,0.0,0.0,0.0,,,76,rider,0.05,0.5,region_crc,segformer_b2_cityscapes,cityscapes_val_half,125
,,,1.0,1000,True,0.0,0.0,1.0,0.488,128,376.0,0.0,False,0.0,0.0,0.0,,,76,rider,0.1,0.5,region_crc,segformer_b2_cityscapes,cityscapes_val_half,125
,,,0.999,999,True,0.15108316163003663,0.15108316163003663,0.018430285155773163,0.488,128,376.0,0.06,False,0.23414634146341465,0.058823529411764705,0.05714285714285714,,,76,rider,0.2,0.5,region_crc,segformer_b2_cityscapes,cityscapes_val_half,125
,,,1.0,1000,True,0.0,0.0,1.0,0.304,174,864.0,0.0,False,0.0,0.0,0.0,,,76,bicycle,0.05,0.1,region_crc,segformer_b2_cityscapes,cityscapes_val_half,171
,,,0.998,998,True,0.10310650396857295,0.10310650396857292,0.025087684392929077,0.304,174,864.0,0.064,False,0.17982456140350878,0.01488095238095238,0.0,,,76,bicycle,0.1,0.1,region_crc,segformer_b2_cityscapes,cityscapes_val_half,171
,,,0.988,988,True,0.21439183421942043,0.21439183421942043,0.016158854588866234,0.304,174,864.0,0.07600000000000001,False,0.32456140350877194,0.05952380952380952,0.0,,,76,bicycle,0.2,0.1,region_crc,segformer_b2_cityscapes,cityscapes_val_half,171
,,,1.0,1000,True,0.0,0.0,1.0,0.304,174,864.0,0.0,False,0.0,0.0,0.0,,,76,bicycle,0.05,0.5,region_crc,segformer_b2_cityscapes,cityscapes_val_half,171
,,,0.999,999,True,0.12292538240814102,0.12292538240814102,0.029735347256064415,0.304,174,864.0,0.07600000000000001,False,0.19298245614035087,0.03571428571428571,0.0,,,76,bicycle,0.1,0.5,region_crc,segformer_b2_cityscapes,cityscapes_val_half,171
,,,0.994,994,True,0.20073335030231582,0.20073335030231582,0.019104205071926117,0.304,174,864.0,0.06799999999999995,False,0.3048245614035088,0.08630952380952381,0.0,,,76,bicycle,0.2,0.5,region_crc,segformer_b2_cityscapes,cityscapes_val_half,171
,,,1.0,1000,True,0.0,0.0,,,230,,,False,,,,,,76,max_over_classes,0.05,0.1,shared_crc,segformer_b2_cityscapes,cityscapes_val_half,220
,,,1.0,1000,True,0.0,0.0,1.0,,206,,,False,,,,,,76,person,0.05,0.1,shared_crc,segformer_b2_cityscapes,cityscapes_val_half,220
,,,1.0,1000,True,0.0,0.0,1.0,,128,,,False,,,,,,76,rider,0.05,0.1,shared_crc,segformer_b2_cityscapes,cityscapes_val_half,220
,,,1.0,1000,True,0.0,0.0,1.0,,174,,,False,,,,,,76,bicycle,0.05,0.1,shared_crc,segformer_b2_cityscapes,cityscapes_val_half,220
,,,1.0,1000,True,0.0,0.0,,,230,,,False,,,,,,76,max_over_classes,0.1,0.1,shared_crc,segformer_b2_cityscapes,cityscapes_val_half,220
,,,1.0,1000,True,0.0,0.0,1.0,,206,,,False,,,,,,76,person,0.1,0.1,shared_crc,segformer_b2_cityscapes,cityscapes_val_half,220
,,,1.0,1000,True,0.0,0.0,1.0,,128,,,False,,,,,,76,rider,0.1,0.1,shared_crc,segformer_b2_cityscapes,cityscapes_val_half,220
,,,1.0,1000,True,0.0,0.0,1.0,,174,,,False,,,,,,76,bicycle,0.1,0.1,shared_crc,segformer_b2_cityscapes,cityscapes_val_half,220
,,,0.998,998,True,0.16137227542403204,0.16137227542403204,,,230,,,False,,,,,,76,max_over_classes,0.2,0.1,shared_crc,segformer_b2_cityscapes,cityscapes_val_half,220
,,,0.998,998,True,0.04714626454053548,0.04714626454053548,0.05162951722741127,,206,,,False,,,,,,76,person,0.2,0.1,shared_crc,segformer_b2_cityscapes,cityscapes_val_half,220
,,,0.998,998,True,0.1657967032967033,0.1657967032967033,0.015023848041892052,,128,,,False,,,,,,76,rider,0.2,0.1,shared_crc,segformer_b2_cityscapes,cityscapes_val_half,220
,,,0.998,998,True,0.10310650396857295,0.10310650396857295,0.025087684392929077,,174,,,False,,,,,,76,bicycle,0.2,0.1,shared_crc,segformer_b2_cityscapes,cityscapes_val_half,220
,,,1.0,1000,True,0.0,0.0,,,230,,,False,,,,,,76,max_over_classes,0.05,0.5,shared_crc,segformer_b2_cityscapes,cityscapes_val_half,220
,,,1.0,1000,True,0.0,0.0,1.0,,206,,,False,,,,,,76,person,0.05,0.5,shared_crc,segformer_b2_cityscapes,cityscapes_val_half,220
,,,1.0,1000,True,0.0,0.0,1.0,,128,,,False,,,,,,76,rider,0.05,0.5,shared_crc,segformer_b2_cityscapes,cityscapes_val_half,220
,,,1.0,1000,True,0.0,0.0,1.0,,174,,,False,,,,,,76,bicycle,0.05,0.5,shared_crc,segformer_b2_cityscapes,cityscapes_val_half,220
,,,1.0,1000,True,0.0,0.0,,,230,,,False,,,,,,76,max_over_classes,0.1,0.5,shared_crc,segformer_b2_cityscapes,cityscapes_val_half,220
,,,1.0,1000,True,0.0,0.0,1.0,,206,,,False,,,,,,76,person,0.1,0.5,shared_crc,segformer_b2_cityscapes,cityscapes_val_half,220
,,,1.0,1000,True,0.0,0.0,1.0,,128,,,False,,,,,,76,rider,0.1,0.5,shared_crc,segformer_b2_cityscapes,cityscapes_val_half,220
,,,1.0,1000,True,0.0,0.0,1.0,,174,,,False,,,,,,76,bicycle,0.1,0.5,shared_crc,segformer_b2_cityscapes,cityscapes_val_half,220
,,,0.999,999,True,0.16621402505925995,0.16621402505925995,,,230,,,False,,,,,,76,max_over_classes,0.2,0.5,shared_crc,segformer_b2_cityscapes,cityscapes_val_half,220
,,,0.999,999,True,0.049164744532316444,0.049164744532316444,0.05932588130235672,,206,,,False,,,,,,76,person,0.2,0.5,shared_crc,segformer_b2_cityscapes,cityscapes_val_half,220
,,,0.999,999,True,0.15108316163003663,0.15108316163003663,0.018430285155773163,,128,,,False,,,,,,76,rider,0.2,0.5,shared_crc,segformer_b2_cityscapes,cityscapes_val_half,220
,,,0.999,999,True,0.12292538240814102,0.12292538240814102,0.029735347256064415,,174,,,False,,,,,,76,bicycle,0.2,0.5,shared_crc,segformer_b2_cityscapes,cityscapes_val_half,220
,,,0.998,998,True,0.06184057041544964,0.06184057041544964,0.04954025149345398,0.172,207,1392.0,0.09599999999999997,False,0.08232118758434548,0.010101010101010102,0.0,,,77,person,0.05,0.1,region_crc,segformer_b2_cityscapes,cityscapes_val_half,195
,,,0.993,993,True,0.11649825840647098,0.11649825840647095,0.03822345659136772,0.172,207,1392.0,0.07600000000000001,False,0.14439946018893388,0.022222222222222223,0.0,,,77,person,0.1,0.1,region_crc,segformer_b2_cityscapes,cityscapes_val_half,195
,,,0.962,962,True,0.27941433888574224,0.27941433888574224,0.026981836184859276,4.912,207,1392.0,0.07600000000000001,False,0.3576248313090418,0.07272727272727272,0.0,,,77,person,0.2,0.1,region_crc,segformer_b2_cityscapes,cityscapes_val_half,195
,,,0.999,999,True,0.06956588544752795,0.06956588544752797,0.05711701139807701,0.172,207,1392.0,0.09600000000000003,False,0.08367071524966262,0.01818181818181818,0.0,,,77,person,0.05,0.5,region_crc,segformer_b2_cityscapes,cityscapes_val_half,195
,,,0.998,998,True,0.10145154094429457,0.10145154094429457,0.04954025149345398,0.172,207,1392.0,0.09599999999999997,False,0.10931174089068826,0.024242424242424242,0.0,,,77,person,0.1,0.5,region_crc,segformer_b2_cityscapes,cityscapes_val_half,195
,,,0.986,986,True,0.2487656019596538,0.2487656019596538,0.03318110853433609,5.948,207,1392.0,0.06800000000000003,False,0.29959514170040485,0.08282828282828283,0.0,,,77,person,0.2,0.5,region_crc,segformer_b2_cityscapes,cityscapes_val_half,195
,,,1.0,1000,True,0.0,0.0,1.0,0.504,124,338.0,0.0,False,0.0,0.0,0.0,,,77,rider,0.05,0.1,region_crc,segformer_b2_cityscapes,cityscapes_val_half,129
,,,1.0,1000,True,0.0,0.0,1.0,0.504,124,338.0,0.0,False,0.0,0.0,0.0,,,77,rider,0.1,0.1,region_crc,segformer_b2_cityscapes,cityscapes_val_half,129
,,,0.998,998,True,0.11705069124423963,0.11705069124423964,0.013181556947529316,0.504,124,338.0,0.06400000000000006,False,0.1377551020408163,0.056910569105691054,0.0,,,77,rider,0.2,0.1,region_crc,segformer_b2_cityscapes,cityscapes_val_half,129
,,,1.0,1000,True,0.0,0.0,1.0,0.504,124,338.0,0.0,False,0.0,0.0,0.0,,,77,rider,0.05,0.5,region_crc,segformer_b2_cityscapes,cityscapes_val_half,129
,,,1.0,1000,True,0.0,0.0,1.0,0.504,124,338.0,0.0,False,0.0,0.0,0.0,,,77,rider,0.1,0.5,region_crc,segformer_b2_cityscapes,cityscapes_val_half,129
,,,0.999,999,True,0.12426395289298514,0.12426395289298514,0.01650227978825569,0.504,124,338.0,0.06000000000000005,False,0.14795918367346939,0.06504065040650407,0.05263157894736842,,,77,rider,0.2,0.5,region_crc,segformer_b2_cityscapes,cityscapes_val_half,129
,,,1.0,1000,True,0.0,0.0,1.0,0.3,175,833.0,0.0,False,0.0,0.0,0.0,,,77,bicycle,0.05,0.1,region_crc,segformer_b2_cityscapes,cityscapes_val_half,170
,,,0.998,998,True,0.09079561708133137,0.09079561708133137,0.023814059793949127,0.3,175,833.0,0.09599999999999997,False,0.14587737843551796,0.024475524475524476,0.0,,,77,bicycle,0.1,0.1,region_crc,segformer_b2_cityscapes,cityscapes_val_half,170
,,,0.99,990,True,0.18810613196327478,0.18810613196327478,0.01579824462532997,0.3,175,833.0,0.09199999999999997,False,0.27061310782241016,0.06993006993006994,0.0,,,77,bicycle,0.2,0.1,region_crc,segformer_b2_cityscapes,cityscapes_val_half,170
,,,1.0,1000,True,0.0,0.0,1.0,0.3,175,833.0,0.0,False,0.0,0.0,0.0,,,77,bicycle,0.05,0.5,region_crc,segformer_b2_cityscapes,cityscapes_val_half,170
,,,1.0,1000,True,0.0,0.0,1.0,0.3,175,833.0,0.0,False,0.0,0.0,0.0,,,77,bicycle,0.1,0.5,region_crc,segformer_b2_cityscapes,cityscapes_val_half,170
,,,0.995,995,True,0.18249784859722745,0.18249784859722748,0.018823089078068733,0.3,175,833.0,0.09599999999999997,False,0.25792811839323465,0.08741258741258741,0.0,,,77,bicycle,0.2,0.5,region_crc,segformer_b2_cityscapes,cityscapes_val_half,170
,,,1.0,1000,True,0.0,0.0,,,229,,,False,,,,,,77,max_over_classes,0.05,0.1,shared_crc,segformer_b2_cityscapes,cityscapes_val_half,221
,,,1.0,1000,True,0.0,0.0,1.0,,207,,,False,,,,,,77,person,0.05,0.1,shared_crc,segformer_b2_cityscapes,cityscapes_val_half,221
,,,1.0,1000,True,0.0,0.0,1.0,,124,,,False,,,,,,77,rider,0.05,0.1,shared_crc,segformer_b2_cityscapes,cityscapes_val_half,221
,,,1.0,1000,True,0.0,0.0,1.0,,175,,,False,,,,,,77,bicycle,0.05,0.1,shared_crc,segformer_b2_cityscapes,cityscapes_val_half,221
,,,1.0,1000,True,0.0,0.0,,,229,,,False,,,,,,77,max_over_classes,0.1,0.1,shared_crc,segformer_b2_cityscapes,cityscapes_val_half,221
,,,1.0,1000,True,0.0,0.0,1.0,,207,,,False,,,,,,77,person,0.1,0.1,shared_crc,segformer_b2_cityscapes,cityscapes_val_half,221
,,,1.0,1000,True,0.0,0.0,1.0,,124,,,False,,,,,,77,rider,0.1,0.1,shared_crc,segformer_b2_cityscapes,cityscapes_val_half,221
,,,1.0,1000,True,0.0,0.0,1.0,,175,,,False,,,,,,77,bicycle,0.1,0.1,shared_crc,segformer_b2_cityscapes,cityscapes_val_half,221
,,,0.998,998,True,0.1436927297189306,0.1436927297189306,,,229,,,False,,,,,,77,max_over_classes,0.2,0.1,shared_crc,segformer_b2_cityscapes,cityscapes_val_half,221
,,,0.998,998,True,0.06184057041544964,0.06184057041544964,0.04954025149345398,,207,,,False,,,,,,77,person,0.2,0.1,shared_crc,segformer_b2_cityscapes,cityscapes_val_half,221
,,,0.998,998,True,0.11705069124423963,0.11705069124423963,0.013181556947529316,,124,,,False,,,,,,77,rider,0.2,0.1,shared_crc,segformer_b2_cityscapes,cityscapes_val_half,221
,,,0.998,998,True,0.09079561708133137,0.09079561708133137,0.023814059793949127,,175,,,False,,,,,,77,bicycle,0.2,0.1,shared_crc,segformer_b2_cityscapes,cityscapes_val_half,221
,,,1.0,1000,True,0.0,0.0,,,229,,,False,,,,,,77,max_over_classes,0.05,0.5,shared_crc,segformer_b2_cityscapes,cityscapes_val_half,221
,,,1.0,1000,True,0.0,0.0,1.0,,207,,,False,,,,,,77,person,0.05,0.5,shared_crc,segformer_b2_cityscapes,cityscapes_val_half,221
,,,1.0,1000,True,0.0,0.0,1.0,,124,,,False,,,,,,77,rider,0.05,0.5,shared_crc,segformer_b2_cityscapes,cityscapes_val_half,221
,,,1.0,1000,True,0.0,0.0,1.0,,175,,,False,,,,,,77,bicycle,0.05,0.5,shared_crc,segformer_b2_cityscapes,cityscapes_val_half,221
,,,1.0,1000,True,0.0,0.0,,,229,,,False,,,,,,77,max_over_classes,0.1,0.5,shared_crc,segformer_b2_cityscapes,cityscapes_val_half,221
,,,1.0,1000,True,0.0,0.0,1.0,,207,,,False,,,,,,77,person,0.1,0.5,shared_crc,segformer_b2_cityscapes,cityscapes_val_half,221
,,,1.0,1000,True,0.0,0.0,1.0,,124,,,False,,,,,,77,rider,0.1,0.5,shared_crc,segformer_b2_cityscapes,cityscapes_val_half,221
,,,1.0,1000,True,0.0,0.0,1.0,,175,,,False,,,,,,77,bicycle,0.1,0.5,shared_crc,segformer_b2_cityscapes,cityscapes_val_half,221
,,,0.999,999,True,0.1601962185477469,0.1601962185477469,,,229,,,False,,,,,,77,max_over_classes,0.2,0.5,shared_crc,segformer_b2_cityscapes,cityscapes_val_half,221
,,,0.999,999,True,0.06956588544752795,0.06956588544752795,0.05711701139807701,,207,,,False,,,,,,77,person,0.2,0.5,shared_crc,segformer_b2_cityscapes,cityscapes_val_half,221
,,,0.999,999,True,0.12426395289298514,0.12426395289298514,0.01650227978825569,,124,,,False,,,,,,77,rider,0.2,0.5,shared_crc,segformer_b2_cityscapes,cityscapes_val_half,221
,,,0.999,999,True,0.10686611800897514,0.10686611800897514,0.02841963805258274,,175,,,False,,,,,,77,bicycle,0.2,0.5,shared_crc,segformer_b2_cityscapes,cityscapes_val_half,221
,,,0.999,999,True,0.03557918746352092,0.035579187463520914,0.054147422313690186,0.184,204,1348.0,0.04800000000000004,False,0.06351351351351352,0.006134969325153374,0.0,,,78,person,0.05,0.1,region_crc,segformer_b2_cityscapes,cityscapes_val_half,198
,,,0.995,995,True,0.09068654606352658,0.09068654606352658,0.03857726603746414,0.184,204,1348.0,0.04399999999999993,False,0.11486486486486487,0.014314928425357873,0.0,,,78,person,0.1,0.1,region_crc,segformer_b2_cityscapes,cityscapes_val_half,198
,,,0.973,973,True,0.21647647119878194,0.21647647119878194,0.0266709141433239,6.072,204,1348.0,0.04400000000000004,False,0.27297297297297296,0.044989775051124746,0.0,,,78,person,0.2,0.1,region_crc,segformer_b2_cityscapes,cityscapes_val_half,198
,,,1.0,1000,True,0.0,0.0,1.0,0.184,204,1348.0,0.0,False,0.0,0.0,0.0,,,78,person,0.05,0.5,region_crc,segformer_b2_cityscapes,cityscapes_val_half,198
,,,0.998,998,True,0.09655852448452461,0.0965585244845246,0.04683932289481163,0.184,204,1348.0,0.04400000000000004,False,0.10135135135135136,0.022494887525562373,0.0,,,78,person,0.1,0.5,region_crc,segformer_b2_cityscapes,cityscapes_val_half,198
,,,0.988,988,True,0.21748914567314376,0.21748914567314373,0.03191494569182396,0.184,204,1348.0,0.040000000000000036,False,0.2418918918918919,0.07157464212678936,0.0,,,78,person,0.2,0.5,region_crc,segformer_b2_cityscapes,cityscapes_val_half,198
,,,1.0,1000,True,0.0,0.0,1.0,0.484,129,369.0,0.0,False,0.0,0.0,0.0,,,78,rider,0.05,0.1,region_crc,segformer_b2_cityscapes,cityscapes_val_half,124
,,,1.0,1000,True,0.0,0.0,1.0,0.484,129,369.0,0.0,False,0.0,0.0,0.0,,,78,rider,0.1,0.1,region_crc,segformer_b2_cityscapes,cityscapes_val_half,124
,,,0.997,997,True,0.20235634305401748,0.20235634305401748,0.011984741315245628,0.484,129,369.0,0.06,False,0.2837209302325581,0.07936507936507936,0.0,,,78,rider,0.2,0.1,region_crc,segformer_b2_cityscapes,cityscapes_val_half,124
,,,1.0,1000,True,0.0,0.0,1.0,0.484,129,369.0,0.0,False,0.0,0.0,0.0,,,78,rider,0.05,0.5,region_crc,segformer_b2_cityscapes,cityscapes_val_half,124
,,,1.0,1000,True,0.0,0.0,1.0,0.484,129,369.0,0.0,False,0.0,0.0,0.0,,,78,rider,0.1,0.5,region_crc,segformer_b2_cityscapes,cityscapes_val_half,124
,,,0.998,998,True,0.23915959148517288,0.23915959148517288,0.013690000399947166,0.484,129,369.0,0.052000000000000046,False,0.28837209302325584,0.1349206349206349,0.07142857142857142,,,78,rider,0.2,0.5,region_crc,segformer_b2_cityscapes,cityscapes_val_half,124
,,,1.0,1000,True,0.0,0.0,1.0,0.304,174,892.0,0.0,False,0.0,0.0,0.0,,,78,bicycle,0.05,0.1,region_crc,segformer_b2_cityscapes,cityscapes_val_half,171
,,,0.998,998,True,0.09074208837139872,0.09074208837139872,0.02472924441099167,0.304,174,892.0,0.07200000000000001,False,0.13305613305613306,0.017857142857142856,0.0,,,78,bicycle,0.1,0.1,region_crc,segformer_b2_cityscapes,cityscapes_val_half,171
,,,0.99,990,True,0.18417228524987145,0.18417228524987145,0.016569774597883224,0.304,174,892.0,0.07200000000000001,False,0.2910602910602911,0.050595238095238096,0.0,,,78,bicycle,0.2,0.1,region_crc,segformer_b2_cityscapes,cityscapes_val_half,171
,,,1.0,1000,True,0.0,0.0,1.0,0.304,174,892.0,0.0,False,0.0,0.0,0.0,,,78,bicycle,0.05,0.5,region_crc,segformer_b2_cityscapes,cityscapes_val_half,171
,,,1.0,1000,True,0.0,0.0,1.0,0.304,174,892.0,0.0,False,0.0,0.0,0.0,,,78,bicycle,0.1,0.5,region_crc,segformer_b2_cityscapes,cityscapes_val_half,171
,,,0.995,995,True,0.18362493987493986,0.18362493987493989,0.019644392654299736,0.304,174,892.0,0.09200000000000003,False,0.2681912681912682,0.0744047619047619,0.013333333333333334,,,78,bicycle,0.2,0.5,region_crc,segformer_b2_cityscapes,cityscapes_val_half,171
,,,1.0,1000,True,0.0,0.0,,,225,,,False,,,,,,78,max_over_classes,0.05,0.1,shared_crc,segformer_b2_cityscapes,cityscapes_val_half,225
,,,1.0,1000,True,0.0,0.0,1.0,,204,,,False,,,,,,78,person,0.05,0.1,shared_crc,segformer_b2_cityscapes,cityscapes_val_half,225
,,,1.0,1000,True,0.0,0.0,1.0,,129,,,False,,,,,,78,rider,0.05,0.1,shared_crc,segformer_b2_cityscapes,cityscapes_val_half,225
,,,1.0,1000,True,0.0,0.0,1.0,,174,,,False,,,,,,78,bicycle,0.05,0.1,shared_crc,segformer_b2_cityscapes,cityscapes_val_half,225
,,,1.0,1000,True,0.0,0.0,,,225,,,False,,,,,,78,max_over_classes,0.1,0.1,shared_crc,segformer_b2_cityscapes,cityscapes_val_half,225
,,,1.0,1000,True,0.0,0.0,1.0,,204,,,False,,,,,,78,person,0.1,0.1,shared_crc,segformer_b2_cityscapes,cityscapes_val_half,225
,,,1.0,1000,True,0.0,0.0,1.0,,129,,,False,,,,,,78,rider,0.1,0.1,shared_crc,segformer_b2_cityscapes,cityscapes_val_half,225
,,,1.0,1000,True,0.0,0.0,1.0,,174,,,False,,,,,,78,bicycle,0.1,0.1,shared_crc,segformer_b2_cityscapes,cityscapes_val_half,225
,,,0.997,997,True,0.20891617801352924,0.20891617801352924,,,225,,,False,,,,,,78,max_over_classes,0.2,0.1,shared_crc,segformer_b2_cityscapes,cityscapes_val_half,225
,,,0.997,997,True,0.07209864794131472,0.07209864794131472,0.04302356392145157,,204,,,False,,,,,,78,person,0.2,0.1,shared_crc,segformer_b2_cityscapes,cityscapes_val_half,225
,,,0.997,997,True,0.20235634305401748,0.20235634305401748,0.011984741315245628,,129,,,False,,,,,,78,rider,0.2,0.1,shared_crc,segformer_b2_cityscapes,cityscapes_val_half,225
,,,0.997,997,True,0.10575303527889733,0.10575303527889733,0.022343432530760765,,174,,,False,,,,,,78,bicycle,0.2,0.1,shared_crc,segformer_b2_cityscapes,cityscapes_val_half,225
,,,1.0,1000,True,0.0,0.0,,,225,,,False,,,,,,78,max_over_classes,0.05,0.5,shared_crc,segformer_b2_cityscapes,cityscapes_val_half,225
,,,1.0,1000,True,0.0,0.0,1.0,,204,,,False,,,,,,78,person,0.05,0.5,shared_crc,segformer_b2_cityscapes,cityscapes_val_half,225
,,,1.0,1000,True,0.0,0.0,1.0,,129,,,False,,,,,,78,rider,0.05,0.5,shared_crc,segformer_b2_cityscapes,cityscapes_val_half,225
,,,1.0,1000,True,0.0,0.0,1.0,,174,,,False,,,,,,78,bicycle,0.05,0.5,shared_crc,segformer_b2_cityscapes,cityscapes_val_half,225
,,,1.0,1000,True,0.0,0.0,,,225,,,False,,,,,,78,max_over_classes,0.1,0.5,shared_crc,segformer_b2_cityscapes,cityscapes_val_half,225
,,,1.0,1000,True,0.0,0.0,1.0,,204,,,False,,,,,,78,person,0.1,0.5,shared_crc,segformer_b2_cityscapes,cityscapes_val_half,225
,,,1.0,1000,True,0.0,0.0,1.0,,129,,,False,,,,,,78,rider,0.1,0.5,shared_crc,segformer_b2_cityscapes,cityscapes_val_half,225
,,,1.0,1000,True,0.0,0.0,1.0,,174,,,False,,,,,,78,bicycle,0.1,0.5,shared_crc,segformer_b2_cityscapes,cityscapes_val_half,225
,,,0.999,999,True,0.17298018623835618,0.17298018623835618,,,225,,,False,,,,,,78,max_over_classes,0.2,0.5,shared_crc,segformer_b2_cityscapes,cityscapes_val_half,225
,,,0.999,999,True,0.051403101204101326,0.051403101204101326,0.054147422313690186,,204,,,False,,,,,,78,person,0.2,0.5,shared_crc,segformer_b2_cityscapes,cityscapes_val_half,225
,,,0.999,999,True,0.16378122308354867,0.16378122308354867,0.017047274857759476,,129,,,False,,,,,,78,rider,0.2,0.5,shared_crc,segformer_b2_cityscapes,cityscapes_val_half,225
,,,0.999,999,True,0.10568710504055331,0.10568710504055331,0.029407871887087822,,174,,,False,,,,,,78,bicycle,0.2,0.5,shared_crc,segformer_b2_cityscapes,cityscapes_val_half,225
,,,0.998,998,True,0.0601829928955435,0.0601829928955435,0.048166487365961075,0.22,195,1267.0,0.10799999999999998,False,0.0713224368499257,0.012987012987012988,0.0,,,79,person,0.05,0.1,region_crc,segformer_b2_cityscapes,cityscapes_val_half,207
,,,0.992,992,True,0.1344024811096336,0.1344024811096336,0.036114249378442764,0.22,195,1267.0,0.10399999999999998,False,0.16047548291233285,0.030303030303030304,0.0,,,79,person,0.1,0.1,region_crc,segformer_b2_cityscapes,cityscapes_val_half,207
,,,0.97,970,True,0.23601886872062308,0.23601886872062308,0.027330925688147545,6.116,195,1267.0,0.08400000000000002,False,0.30906389301634474,0.05844155844155844,0.0,,,79,person,0.2,0.1,region_crc,segformer_b2_cityscapes,cityscapes_val_half,207
,,,0.999,999,True,0.06679267950523012,0.06679267950523012,0.055545058101415634,0.22,195,1267.0,0.09200000000000003,False,0.07280832095096583,0.01948051948051948,0.0,,,79,person,0.05,0.5,region_crc,segformer_b2_cityscapes,cityscapes_val_half,207
,,,0.997,997,True,0.13553820198894423,0.13553820198894423,0.04430576413869858,0.22,195,1267.0,0.11199999999999999,False,0.13670133729569092,0.04329004329004329,0.0,,,79,person,0.1,0.5,region_crc,segformer_b2_cityscapes,cityscapes_val_half,207
,,,0.987,987,True,0.2376940968762831,0.2376940968762831,0.032632406800985336,6.116,195,1267.0,0.09999999999999998,False,0.26448736998514116,0.08008658008658008,0.0,,,79,person,0.2,0.5,region_crc,segformer_b2_cityscapes,cityscapes_val_half,207
,,,1.0,1000,True,0.0,0.0,1.0,0.464,134,395.0,0.0,False,0.0,0.0,0.0,,,79,rider,0.05,0.1,region_crc,segformer_b2_cityscapes,cityscapes_val_half,119
,,,1.0,1000,True,0.0,0.0,1.0,0.464,134,395.0,0.0,False,0.0,0.0,0.0,,,79,rider,0.1,0.1,region_crc,segformer_b2_cityscapes,cityscapes_val_half,119
,,,0.997,997,True,0.18368687697045905,0.18368687697045905,0.01290685124695301,0.464,134,395.0,0.10000000000000009,False,0.26666666666666666,0.07746478873239436,0.0,,,79,rider,0.2,0.1,region_crc,segformer_b2_cityscapes,cityscapes_val_half,119
,,,1.0,1000,True,0.0,0.0,1.0,0.464,134,395.0,0.0,False,0.0,0.0,0.0,,,79,rider,0.05,0.5,region_crc,segformer_b2_cityscapes,cityscapes_val_half,119
,,,1.0,1000,True,0.0,0.0,1.0,0.464,134,395.0,0.0,False,0.0,0.0,0.0,,,79,rider,0.1,0.5,region_crc,segformer_b2_cityscapes,cityscapes_val_half,119
,,,0.999,999,True,0.1619207078162302,0.1619207078162302,0.018040454015135765,0.464,134,395.0,0.07600000000000001,False,0.21777777777777776,0.07746478873239436,0.10714285714285714,,,79,rider,0.2,0.5,region_crc,segformer_b2_cityscapes,cityscapes_val_half,119
,,,1.0,1000,True,0.0,0.0,1.0,0.28,180,916.0,0.0,False,0.0,0.0,0.0,,,79,bicycle,0.05,0.1,region_crc,segformer_b2_cityscapes,cityscapes_val_half,165
,,,0.998,998,True,0.09342463092463092,0.09342463092463092,0.0264640711247921,0.28,180,916.0,0.08000000000000002,False,0.1513157894736842,0.0106951871657754,0.0,,,79,bicycle,0.1,0.1,region_crc,segformer_b2_cityscapes,cityscapes_val_half,165
,,,0.99,990,True,0.18897603939270605,0.18897603939270605,0.01837441697716713,0.28,180,916.0,0.08000000000000007,False,0.28728070175438597,0.05614973262032086,0.0,,,79,bicycle,0.2,0.1,region_crc,segformer_b2_cityscapes,cityscapes_val_half,165
,,,1.0,1000,True,0.0,0.0,1.0,0.28,180,916.0,0.0,False,0.0,0.0,0.0,,,79,bicycle,0.05,0.5,region_crc,segformer_b2_cityscapes,cityscapes_val_half,165
,,,1.0,1000,True,0.0,0.0,1.0,0.28,180,916.0,0.0,False,0.0,0.0,0.0,,,79,bicycle,0.1,0.5,region_crc,segformer_b2_cityscapes,cityscapes_val_half,165
,,,0.994,994,True,0.2060105326771993,0.2060105326771993,0.020582564175128937,0.28,180,916.0,0.08400000000000002,False,0.30043859649122806,0.08021390374331551,0.011627906976744186,,,79,bicycle,0.2,0.5,region_crc,segformer_b2_cityscapes,cityscapes_val_half,165
,,,1.0,1000,True,0.0,0.0,,,225,,,False,,,,,,79,max_over_classes,0.05,0.1,shared_crc,segformer_b2_cityscapes,cityscapes_val_half,225
,,,1.0,1000,True,0.0,0.0,1.0,,195,,,False,,,,,,79,person,0.05,0.1,shared_crc,segformer_b2_cityscapes,cityscapes_val_half,225
,,,1.0,1000,True,0.0,0.0,1.0,,134,,,False,,,,,,79,rider,0.05,0.1,shared_crc,segformer_b2_cityscapes,cityscapes_val_half,225
,,,1.0,1000,True,0.0,0.0,1.0,,180,,,False,,,,,,79,bicycle,0.05,0.1,shared_crc,segformer_b2_cityscapes,cityscapes_val_half,225
,,,1.0,1000,True,0.0,0.0,,,225,,,False,,,,,,79,max_over_classes,0.1,0.1,shared_crc,segformer_b2_cityscapes,cityscapes_val_half,225
,,,1.0,1000,True,0.0,0.0,1.0,,195,,,False,,,,,,79,person,0.1,0.1,shared_crc,segformer_b2_cityscapes,cityscapes_val_half,225
,,,1.0,1000,True,0.0,0.0,1.0,,134,,,False,,,,,,79,rider,0.1,0.1,shared_crc,segformer_b2_cityscapes,cityscapes_val_half,225
,,,1.0,1000,True,0.0,0.0,1.0,,180,,,False,,,,,,79,bicycle,0.1,0.1,shared_crc,segformer_b2_cityscapes,cityscapes_val_half,225
,,,0.997,997,True,0.2122942892065699,0.2122942892065699,,,225,,,False,,,,,,79,max_over_classes,0.2,0.1,shared_crc,segformer_b2_cityscapes,cityscapes_val_half,225
,,,0.997,997,True,0.0845304163522787,0.0845304163522787,0.04430576413869858,,195,,,False,,,,,,79,person,0.2,0.1,shared_crc,segformer_b2_cityscapes,cityscapes_val_half,225
,,,0.997,997,True,0.18368687697045905,0.18368687697045905,0.01290685124695301,,134,,,False,,,,,,79,rider,0.2,0.1,shared_crc,segformer_b2_cityscapes,cityscapes_val_half,225
,,,0.997,997,True,0.1051265709599043,0.1051265709599043,0.024096494540572166,,180,,,False,,,,,,79,bicycle,0.2,0.1,shared_crc,segformer_b2_cityscapes,cityscapes_val_half,225
,,,1.0,1000,True,0.0,0.0,,,225,,,False,,,,,,79,max_over_classes,0.05,0.5,shared_crc,segformer_b2_cityscapes,cityscapes_val_half,225
,,,1.0,1000,True,0.0,0.0,1.0,,195,,,False,,,,,,79,person,0.05,0.5,shared_crc,segformer_b2_cityscapes,cityscapes_val_half,225
,,,1.0,1000,True,0.0,0.0,1.0,,134,,,False,,,,,,79,rider,0.05,0.5,shared_crc,segformer_b2_cityscapes,cityscapes_val_half,225
,,,1.0,1000,True,0.0,0.0,1.0,,180,,,False,,,,,,79,bicycle,0.05,0.5,shared_crc,segformer_b2_cityscapes,cityscapes_val_half,225
,,,1.0,1000,True,0.0,0.0,,,225,,,False,,,,,,79,max_over_classes,0.1,0.5,shared_crc,segformer_b2_cityscapes,cityscapes_val_half,225
,,,1.0,1000,True,0.0,0.0,1.0,,195,,,False,,,,,,79,person,0.1,0.5,shared_crc,segformer_b2_cityscapes,cityscapes_val_half,225
,,,1.0,1000,True,0.0,0.0,1.0,,134,,,False,,,,,,79,rider,0.1,0.5,shared_crc,segformer_b2_cityscapes,cityscapes_val_half,225
,,,1.0,1000,True,0.0,0.0,1.0,,180,,,False,,,,,,79,bicycle,0.1,0.5,shared_crc,segformer_b2_cityscapes,cityscapes_val_half,225
,,,0.999,999,True,0.1873695232642601,0.1873695232642601,,,225,,,False,,,,,,79,max_over_classes,0.2,0.5,shared_crc,segformer_b2_cityscapes,cityscapes_val_half,225
,,,0.999,999,True,0.06679267950523012,0.06679267950523012,0.055545058101415634,,195,,,False,,,,,,79,person,0.2,0.5,shared_crc,segformer_b2_cityscapes,cityscapes_val_half,225
,,,0.999,999,True,0.1619207078162302,0.1619207078162302,0.018040454015135765,,134,,,False,,,,,,79,rider,0.2,0.5,shared_crc,segformer_b2_cityscapes,cityscapes_val_half,225
,,,0.999,999,True,0.11444555444555446,0.11444555444555446,0.031117288395762444,,180,,,False,,,,,,79,bicycle,0.2,0.5,shared_crc,segformer_b2_cityscapes,cityscapes_val_half,225
,,,0.999,999,True,0.028436866909773314,0.02843686690977331,0.051316846162080765,0.188,203,1349.0,0.10799999999999998,False,0.05555555555555555,0.01026694045174538,0.0,,,80,person,0.05,0.1,region_crc,segformer_b2_cityscapes,cityscapes_val_half,199
,,,0.994,994,True,0.10010076221898881,0.10010076221898882,0.034426361322402954,0.188,203,1349.0,0.11599999999999999,False,0.14092140921409213,0.024640657084188913,0.0,,,80,person,0.1,0.1,region_crc,segformer_b2_cityscapes,cityscapes_val_half,199
,,,0.971,971,True,0.2233022087824662,0.2233022087824662,0.02390223555266857,6.06,203,1349.0,0.12,False,0.3116531165311653,0.049281314168377825,0.0,,,80,person,0.2,0.1,region_crc,segformer_b2_cityscapes,cityscapes_val_half,199
,,,1.0,1000,True,0.0,0.0,1.0,0.188,203,1349.0,0.0,False,0.0,0.0,0.0,,,80,person,0.05,0.5,region_crc,segformer_b2_cityscapes,cityscapes_val_half,199
,,,0.998,998,True,0.09488570269358447,0.09488570269358447,0.04408286139369011,0.188,203,1349.0,0.10000000000000009,False,0.11246612466124661,0.03490759753593429,0.0,,,80,person,0.1,0.5,region_crc,segformer_b2_cityscapes,cityscapes_val_half,199
,,,0.987,987,True,0.23122899710624095,0.23122899710624092,0.02884592115879059,6.06,203,1349.0,0.11600000000000002,False,0.2859078590785908,0.07392197125256673,0.0,,,80,person,0.2,0.5,region_crc,segformer_b2_cityscapes,cityscapes_val_half,199
,,,1.0,1000,True,0.0,0.0,1.0,0.532,117,317.0,0.0,False,0.0,0.0,0.0,,,80,rider,0.05,0.1,region_crc,segformer_b2_cityscapes,cityscapes_val_half,136
,,,1.0,1000,True,0.0,0.0,1.0,0.532,117,317.0,0.0,False,0.0,0.0,0.0,,,80,rider,0.1,0.1,region_crc,segformer_b2_cityscapes,cityscapes_val_half,136
,,,0.997,997,True,0.18943155609822276,0.18943155609822276,0.011071033775806427,0.532,117,317.0,0.128,False,0.29775280898876405,0.061946902654867256,0.0,,,80,rider,0.2,0.1,region_crc,segformer_b2_cityscapes,cityscapes_val_half,136
,,,1.0,1000,True,0.0,0.0,1.0,0.532,117,317.0,0.0,False,0.0,0.0,0.0,,,80,rider,0.05,0.5,region_crc,segformer_b2_cityscapes,cityscapes_val_half,136
,,,1.0,1000,True,0.0,0.0,1.0,0.532,117,317.0,0.0,False,0.0,0.0,0.0,,,80,rider,0.1,0.5,region_crc,segformer_b2_cityscapes,cityscapes_val_half,136
,,,0.999,999,True,0.16106362773029437,0.1610636277302944,0.015945134684443474,0.532,117,317.0,0.15600000000000003,True,0.23595505617977527,0.061946902654867256,0.07692307692307693,,,80,rider,0.2,0.5,region_crc,segformer_b2_cityscapes,cityscapes_val_half,136
,,,1.0,1000,True,0.0,0.0,1.0,0.348,163,814.0,0.0,False,0.0,0.0,0.0,,,80,bicycle,0.05,0.1,region_crc,segformer_b2_cityscapes,cityscapes_val_half,182
,,,0.996,996,True,0.15039607631632174,0.15039607631632174,0.019653605297207832,0.348,163,814.0,0.08799999999999997,False,0.2553699284009546,0.03115264797507788,0.0,,,80,bicycle,0.1,0.1,region_crc,segformer_b2_cityscapes,cityscapes_val_half,182
,,,0.98,980,True,0.26947138580574165,0.26947138580574165,0.013007932342588902,3.284,163,814.0,0.11199999999999999,False,0.42720763723150357,0.09657320872274143,0.013513513513513514,,,80,bicycle,0.2,0.1,region_crc,segformer_b2_cityscapes,cityscapes_val_half,182
,,,1.0,1000,True,0.0,0.0,1.0,0.348,163,814.0,0.0,False,0.0,0.0,0.0,,,80,bicycle,0.05,0.5,region_crc,segformer_b2_cityscapes,cityscapes_val_half,182
,,,0.999,999,True,0.12932409274433815,0.12932409274433815,0.028158672153949738,0.348,163,814.0,0.10000000000000003,False,0.2052505966587112,0.04361370716510903,0.0,,,80,bicycle,0.1,0.5,region_crc,segformer_b2_cityscapes,cityscapes_val_half,182
,,,0.991,991,True,0.28260885331437474,0.2826088533143748,0.015920370817184448,0.348,163,814.0,0.09999999999999998,False,0.4081145584725537,0.1277258566978193,0.013513513513513514,,,80,bicycle,0.2,0.5,region_crc,segformer_b2_cityscapes,cityscapes_val_half,182
,,,1.0,1000,True,0.0,0.0,,,220,,,False,,,,,,80,max_over_classes,0.05,0.1,shared_crc,segformer_b2_cityscapes,cityscapes_val_half,230
,,,1.0,1000,True,0.0,0.0,1.0,,203,,,False,,,,,,80,person,0.05,0.1,shared_crc,segformer_b2_cityscapes,cityscapes_val_half,230
,,,1.0,1000,True,0.0,0.0,1.0,,117,,,False,,,,,,80,rider,0.05,0.1,shared_crc,segformer_b2_cityscapes,cityscapes_val_half,230
,,,1.0,1000,True,0.0,0.0,1.0,,163,,,False,,,,,,80,bicycle,0.05,0.1,shared_crc,segformer_b2_cityscapes,cityscapes_val_half,230
,,,1.0,1000,True,0.0,0.0,,,220,,,False,,,,,,80,max_over_classes,0.1,0.1,shared_crc,segformer_b2_cityscapes,cityscapes_val_half,230
,,,1.0,1000,True,0.0,0.0,1.0,,203,,,False,,,,,,80,person,0.1,0.1,shared_crc,segformer_b2_cityscapes,cityscapes_val_half,230
,,,1.0,1000,True,0.0,0.0,1.0,,117,,,False,,,,,,80,rider,0.1,0.1,shared_crc,segformer_b2_cityscapes,cityscapes_val_half,230
,,,1.0,1000,True,0.0,0.0,1.0,,163,,,False,,,,,,80,bicycle,0.1,0.1,shared_crc,segformer_b2_cityscapes,cityscapes_val_half,230
,,,0.997,997,True,0.2000572289663199,0.2000572289663199,,,220,,,False,,,,,,80,max_over_classes,0.2,0.1,shared_crc,segformer_b2_cityscapes,cityscapes_val_half,230
,,,0.997,997,True,0.06291777552861297,0.06291777552861297,0.04029102250933647,,203,,,False,,,,,,80,person,0.2,0.1,shared_crc,segformer_b2_cityscapes,cityscapes_val_half,230
,,,0.997,997,True,0.18943155609822276,0.18943155609822276,0.011071033775806427,,117,,,False,,,,,,80,rider,0.2,0.1,shared_crc,segformer_b2_cityscapes,cityscapes_val_half,230
,,,0.997,997,True,0.13884531453549862,0.13884531453549862,0.021190475672483444,,163,,,False,,,,,,80,bicycle,0.2,0.1,shared_crc,segformer_b2_cityscapes,cityscapes_val_half,230
,,,1.0,1000,True,0.0,0.0,,,220,,,False,,,,,,80,max_over_classes,0.05,0.5,shared_crc,segformer_b2_cityscapes,cityscapes_val_half,230
,,,1.0,1000,True,0.0,0.0,1.0,,203,,,False,,,,,,80,person,0.05,0.5,shared_crc,segformer_b2_cityscapes,cityscapes_val_half,230
,,,1.0,1000,True,0.0,0.0,1.0,,117,,,False,,,,,,80,rider,0.05,0.5,shared_crc,segformer_b2_cityscapes,cityscapes_val_half,230
,,,1.0,1000,True,0.0,0.0,1.0,,163,,,False,,,,,,80,bicycle,0.05,0.5,shared_crc,segformer_b2_cityscapes,cityscapes_val_half,230
,,,1.0,1000,True,0.0,0.0,,,220,,,False,,,,,,80,max_over_classes,0.1,0.5,shared_crc,segformer_b2_cityscapes,cityscapes_val_half,230
,,,1.0,1000,True,0.0,0.0,1.0,,203,,,False,,,,,,80,person,0.1,0.5,shared_crc,segformer_b2_cityscapes,cityscapes_val_half,230
,,,1.0,1000,True,0.0,0.0,1.0,,117,,,False,,,,,,80,rider,0.1,0.5,shared_crc,segformer_b2_cityscapes,cityscapes_val_half,230
,,,1.0,1000,True,0.0,0.0,1.0,,163,,,False,,,,,,80,bicycle,0.1,0.5,shared_crc,segformer_b2_cityscapes,cityscapes_val_half,230
,,,0.999,999,True,0.18187912256094074,0.18187912256094074,,,220,,,False,,,,,,80,max_over_classes,0.2,0.5,shared_crc,segformer_b2_cityscapes,cityscapes_val_half,230
,,,0.999,999,True,0.05101817631374282,0.05101817631374282,0.051316846162080765,,203,,,False,,,,,,80,person,0.2,0.5,shared_crc,segformer_b2_cityscapes,cityscapes_val_half,230
,,,0.999,999,True,0.16106362773029437,0.16106362773029437,0.015945134684443474,,117,,,False,,,,,,80,rider,0.2,0.5,shared_crc,segformer_b2_cityscapes,cityscapes_val_half,230
,,,0.999,999,True,0.12932409274433815,0.12932409274433815,0.028158672153949738,,163,,,False,,,,,,80,bicycle,0.2,0.5,shared_crc,segformer_b2_cityscapes,cityscapes_val_half,230
,,,0.999,999,True,0.02688142893649977,0.02688142893649977,0.058738961815834045,0.208,198,1438.0,0.07999999999999996,False,0.054404145077720206,0.009541984732824428,0.0,,,81,person,0.05,0.1,region_crc,segformer_b2_cityscapes,cityscapes_val_half,204
,,,0.995,995,True,0.08914311506182225,0.08914311506182225,0.0426618792116642,0.208,198,1438.0,0.09199999999999997,False,0.10751295336787564,0.02099236641221374,0.0,,,81,person,0.1,0.1,region_crc,segformer_b2_cityscapes,cityscapes_val_half,204
,,,0.98,980,True,0.1737718943845613,0.1737718943845613,0.03220382705330849,5.972,198,1438.0,0.10000000000000009,False,0.2189119170984456,0.04198473282442748,0.0,,,81,person,0.2,0.1,region_crc,segformer_b2_cityscapes,cityscapes_val_half,204
,,,1.0,1000,True,0.0,0.0,1.0,0.208,198,1438.0,0.0,False,0.0,0.0,0.0,,,81,person,0.05,0.5,region_crc,segformer_b2_cityscapes,cityscapes_val_half,204
,,,0.998,998,True,0.09367053208923927,0.09367053208923928,0.05121622979640961,0.208,198,1438.0,0.09199999999999997,False,0.10362694300518134,0.02862595419847328,0.0,,,81,person,0.1,0.5,region_crc,segformer_b2_cityscapes,cityscapes_val_half,204
,,,0.99,990,True,0.18669778275533974,0.18669778275533974,0.03711402043700218,0.208,198,1438.0,0.09600000000000009,False,0.21373056994818654,0.06297709923664122,0.0,,,81,person,0.2,0.5,region_crc,segformer_b2_cityscapes,cityscapes_val_half,204
,,,1.0,1000,True,0.0,0.0,1.0,0.5,125,374.0,0.0,False,0.0,0.0,0.0,,,81,rider,0.05,0.1,region_crc,segformer_b2_cityscapes,cityscapes_val_half,128
,,,0.999,999,True,0.13466666666666666,0.13466666666666666,0.017924776300787926,0.5,125,374.0,0.068,False,0.18552036199095023,0.056910569105691054,0.0,,,81,rider,0.1,0.1,region_crc,segformer_b2_cityscapes,cityscapes_val_half,128
,,,0.996,996,True,0.2671367965367965,0.2671367965367965,0.011585594154894352,0.5,125,374.0,0.04400000000000004,False,0.35294117647058826,0.0975609756097561,0.0,,,81,rider,0.2,0.1,region_crc,segformer_b2_cityscapes,cityscapes_val_half,128
,,,1.0,1000,True,0.0,0.0,1.0,0.5,125,374.0,0.0,False,0.0,0.0,0.0,,,81,rider,0.05,0.5,region_crc,segformer_b2_cityscapes,cityscapes_val_half,128
,,,1.0,1000,True,0.0,0.0,1.0,0.5,125,374.0,0.0,False,0.0,0.0,0.0,,,81,rider,0.1,0.5,region_crc,segformer_b2_cityscapes,cityscapes_val_half,128
,,,0.998,998,True,0.26046060606060606,0.2604606060606061,0.01447087898850441,0.5,125,374.0,0.04800000000000004,False,0.31221719457013575,0.11382113821138211,0.06666666666666667,,,81,rider,0.2,0.5,region_crc,segformer_b2_cityscapes,cityscapes_val_half,128
,,,1.0,1000,True,0.0,0.0,1.0,0.332,167,814.0,0.0,False,0.0,0.0,0.0,,,81,bicycle,0.05,0.1,region_crc,segformer_b2_cityscapes,cityscapes_val_half,178
,,,0.998,998,True,0.0894734673177787,0.08947346731777868,0.0263062734156847,0.332,167,814.0,0.06799999999999999,False,0.16666666666666666,0.022950819672131147,0.0,,,81,bicycle,0.1,0.1,region_crc,segformer_b2_cityscapes,cityscapes_val_half,178
,,,0.989,989,True,0.20148426091539864,0.20148426091539867,0.01767656020820141,0.332,167,814.0,0.07200000000000001,False,0.3286384976525822,0.05901639344262295,0.0,,,81,bicycle,0.2,0.1,region_crc,segformer_b2_cityscapes,cityscapes_val_half,178
,,,1.0,1000,True,0.0,0.0,1.0,0.332,167,814.0,0.0,False,0.0,0.0,0.0,,,81,bicycle,0.05,0.5,region_crc,segformer_b2_cityscapes,cityscapes_val_half,178
,,,1.0,1000,True,0.0,0.0,1.0,0.332,167,814.0,0.0,False,0.0,0.0,0.0,,,81,bicycle,0.1,0.5,region_crc,segformer_b2_cityscapes,cityscapes_val_half,178
,,,0.994,994,True,0.19897959658438702,0.19897959658438702,0.020295651629567146,0.332,167,814.0,0.068,False,0.3145539906103286,0.08852459016393442,0.012048192771084338,,,81,bicycle,0.2,0.5,region_crc,segformer_b2_cityscapes,cityscapes_val_half,178
,,,1.0,1000,True,0.0,0.0,,,218,,,False,,,,,,81,max_over_classes,0.05,0.1,shared_crc,segformer_b2_cityscapes,cityscapes_val_half,232
,,,1.0,1000,True,0.0,0.0,1.0,,198,,,False,,,,,,81,person,0.05,0.1,shared_crc,segformer_b2_cityscapes,cityscapes_val_half,232
,,,1.0,1000,True,0.0,0.0,1.0,,125,,,False,,,,,,81,rider,0.05,0.1,shared_crc,segformer_b2_cityscapes,cityscapes_val_half,232
,,,1.0,1000,True,0.0,0.0,1.0,,167,,,False,,,,,,81,bicycle,0.05,0.1,shared_crc,segformer_b2_cityscapes,cityscapes_val_half,232
,,,1.0,1000,True,0.0,0.0,,,218,,,False,,,,,,81,max_over_classes,0.1,0.1,shared_crc,segformer_b2_cityscapes,cityscapes_val_half,232
,,,1.0,1000,True,0.0,0.0,1.0,,198,,,False,,,,,,81,person,0.1,0.1,shared_crc,segformer_b2_cityscapes,cityscapes_val_half,232
,,,1.0,1000,True,0.0,0.0,1.0,,125,,,False,,,,,,81,rider,0.1,0.1,shared_crc,segformer_b2_cityscapes,cityscapes_val_half,232
,,,1.0,1000,True,0.0,0.0,1.0,,167,,,False,,,,,,81,bicycle,0.1,0.1,shared_crc,segformer_b2_cityscapes,cityscapes_val_half,232
,,,0.996,996,True,0.24419009417589244,0.24419009417589244,,,218,,,False,,,,,,81,max_over_classes,0.2,0.1,shared_crc,segformer_b2_cityscapes,cityscapes_val_half,232
,,,0.996,996,True,0.07946164426924035,0.07946164426924035,0.04461149498820305,,198,,,False,,,,,,81,person,0.2,0.1,shared_crc,segformer_b2_cityscapes,cityscapes_val_half,232
,,,0.996,996,True,0.2671367965367965,0.2671367965367965,0.011585594154894352,,125,,,False,,,,,,81,rider,0.2,0.1,shared_crc,segformer_b2_cityscapes,cityscapes_val_half,232
,,,0.996,996,True,0.12562748296281231,0.12562748296281231,0.022322436794638634,,167,,,False,,,,,,81,bicycle,0.2,0.1,shared_crc,segformer_b2_cityscapes,cityscapes_val_half,232
,,,1.0,1000,True,0.0,0.0,,,218,,,False,,,,,,81,max_over_classes,0.05,0.5,shared_crc,segformer_b2_cityscapes,cityscapes_val_half,232
,,,1.0,1000,True,0.0,0.0,1.0,,198,,,False,,,,,,81,person,0.05,0.5,shared_crc,segformer_b2_cityscapes,cityscapes_val_half,232
,,,1.0,1000,True,0.0,0.0,1.0,,125,,,False,,,,,,81,rider,0.05,0.5,shared_crc,segformer_b2_cityscapes,cityscapes_val_half,232
,,,1.0,1000,True,0.0,0.0,1.0,,167,,,False,,,,,,81,bicycle,0.05,0.5,shared_crc,segformer_b2_cityscapes,cityscapes_val_half,232
,,,1.0,1000,True,0.0,0.0,,,218,,,False,,,,,,81,max_over_classes,0.1,0.5,shared_crc,segformer_b2_cityscapes,cityscapes_val_half,232
,,,1.0,1000,True,0.0,0.0,1.0,,198,,,False,,,,,,81,person,0.1,0.5,shared_crc,segformer_b2_cityscapes,cityscapes_val_half,232
,,,1.0,1000,True,0.0,0.0,1.0,,125,,,False,,,,,,81,rider,0.1,0.5,shared_crc,segformer_b2_cityscapes,cityscapes_val_half,232
,,,1.0,1000,True,0.0,0.0,1.0,,167,,,False,,,,,,81,bicycle,0.1,0.5,shared_crc,segformer_b2_cityscapes,cityscapes_val_half,232
,,,0.999,999,True,0.18050040296326547,0.18050040296326547,,,218,,,False,,,,,,81,max_over_classes,0.2,0.5,shared_crc,segformer_b2_cityscapes,cityscapes_val_half,232
,,,0.999,999,True,0.04414886034534531,0.04414886034534531,0.058738961815834045,,198,,,False,,,,,,81,person,0.2,0.5,shared_crc,segformer_b2_cityscapes,cityscapes_val_half,232
,,,0.999,999,True,0.19767619047619048,0.19767619047619048,0.017924776300787926,,125,,,False,,,,,,81,rider,0.2,0.5,shared_crc,segformer_b2_cityscapes,cityscapes_val_half,232
,,,0.999,999,True,0.10259268343100679,0.10259268343100679,0.031000493094325066,,167,,,False,,,,,,81,bicycle,0.2,0.5,shared_crc,segformer_b2_cityscapes,cityscapes_val_half,232
,,,0.999,999,True,0.03588984487734488,0.03588984487734488,0.05891748145222664,0.2,200,1383.0,0.052000000000000005,False,0.04619565217391304,0.010245901639344262,0.0,,,82,person,0.05,0.1,region_crc,segformer_b2_cityscapes,cityscapes_val_half,202
,,,0.996,996,True,0.0761995004995005,0.0761995004995005,0.045165274292230606,0.2,200,1383.0,0.04399999999999993,False,0.09510869565217392,0.018442622950819672,0.0,,,82,person,0.1,0.1,region_crc,segformer_b2_cityscapes,cityscapes_val_half,202
,,,0.984,984,True,0.1394536971757173,0.1394536971757173,0.034468796104192734,6.152,200,1383.0,0.04400000000000004,False,0.18070652173913043,0.036885245901639344,0.0,,,82,person,0.2,0.1,region_crc,segformer_b2_cityscapes,cityscapes_val_half,202
,,,1.0,1000,True,0.0,0.0,1.0,0.2,200,1383.0,0.0,False,0.0,0.0,0.0,,,82,person,0.05,0.5,region_crc,segformer_b2_cityscapes,cityscapes_val_half,202
,,,0.999,999,True,0.05104664640914641,0.0510466464091464,0.05891748145222664,0.2,200,1383.0,0.052000000000000005,False,0.06385869565217392,0.018442622950819672,0.0,,,82,person,0.1,0.5,region_crc,segformer_b2_cityscapes,cityscapes_val_half,202
,,,0.993,993,True,0.1361265870295282,0.1361265870295282,0.04051067307591438,0.2,200,1383.0,0.04400000000000004,False,0.17255434782608695,0.0471311475409836,0.0,,,82,person,0.2,0.5,region_crc,segformer_b2_cityscapes,cityscapes_val_half,202
,,,1.0,1000,True,0.0,0.0,1.0,0.544,114,339.0,0.0,False,0.0,0.0,0.0,,,82,rider,0.05,0.1,region_crc,segformer_b2_cityscapes,cityscapes_val_half,139
,,,1.0,1000,True,0.0,0.0,1.0,0.544,114,339.0,0.0,False,0.0,0.0,0.0,,,82,rider,0.1,0.1,region_crc,segformer_b2_cityscapes,cityscapes_val_half,139
,,,0.998,998,True,0.12729741019214705,0.12729741019214702,0.014516761526465416,0.544,114,339.0,0.05199999999999999,False,0.15263157894736842,0.03278688524590164,0.0,,,82,rider,0.2,0.1,region_crc,segformer_b2_cityscapes,cityscapes_val_half,139
,,,1.0,1000,True,0.0,0.0,1.0,0.544,114,339.0,0.0,False,0.0,0.0,0.0,,,82,rider,0.05,0.5,region_crc,segformer_b2_cityscapes,cityscapes_val_half,139
,,,1.0,1000,True,0.0,0.0,1.0,0.544,114,339.0,0.0,False,0.0,0.0,0.0,,,82,rider,0.1,0.5,region_crc,segformer_b2_cityscapes,cityscapes_val_half,139
,,,0.999,999,True,0.1165761626287942,0.11657616262879421,0.017886504530906677,0.544,114,339.0,0.052000000000000046,False,0.13157894736842105,0.040983606557377046,0.0,,,82,rider,0.2,0.5,region_crc,segformer_b2_cityscapes,cityscapes_val_half,139
,,,1.0,1000,True,0.0,0.0,1.0,0.336,166,844.0,0.0,False,0.0,0.0,0.0,,,82,bicycle,0.05,0.1,region_crc,segformer_b2_cityscapes,cityscapes_val_half,179
,,,0.999,999,True,0.056963025261218034,0.056963025261218034,0.0300781037658453,0.336,166,844.0,0.03999999999999998,False,0.08425720620842572,0.0031746031746031746,0.0,,,82,bicycle,0.1,0.1,region_crc,segformer_b2_cityscapes,cityscapes_val_half,179
,,,0.991,991,True,0.1568826170482797,0.1568826170482797,0.017895149067044258,0.336,166,844.0,0.040000000000000036,False,0.23059866962305986,0.044444444444444446,0.0,,,82,bicycle,0.2,0.1,region_crc,segformer_b2_cityscapes,cityscapes_val_half,179
,,,1.0,1000,True,0.0,0.0,1.0,0.336,166,844.0,0.0,False,0.0,0.0,0.0,,,82,bicycle,0.05,0.5,region_crc,segformer_b2_cityscapes,cityscapes_val_half,179
,,,1.0,1000,True,0.0,0.0,1.0,0.336,166,844.0,0.0,False,0.0,0.0,0.0,,,82,bicycle,0.1,0.5,region_crc,segformer_b2_cityscapes,cityscapes_val_half,179
,,,0.995,995,True,0.17338238234322573,0.17338238234322573,0.02051774598658085,0.336,166,844.0,0.039999999999999925,False,0.23725055432372505,0.06984126984126984,0.0,,,82,bicycle,0.2,0.5,region_crc,segformer_b2_cityscapes,cityscapes_val_half,179
,,,1.0,1000,True,0.0,0.0,,,217,,,False,,,,,,82,max_over_classes,0.05,0.1,shared_crc,segformer_b2_cityscapes,cityscapes_val_half,233
,,,1.0,1000,True,0.0,0.0,1.0,,200,,,False,,,,,,82,person,0.05,0.1,shared_crc,segformer_b2_cityscapes,cityscapes_val_half,233
,,,1.0,1000,True,0.0,0.0,1.0,,114,,,False,,,,,,82,rider,0.05,0.1,shared_crc,segformer_b2_cityscapes,cityscapes_val_half,233
,,,1.0,1000,True,0.0,0.0,1.0,,166,,,False,,,,,,82,bicycle,0.05,0.1,shared_crc,segformer_b2_cityscapes,cityscapes_val_half,233
,,,1.0,1000,True,0.0,0.0,,,217,,,False,,,,,,82,max_over_classes,0.1,0.1,shared_crc,segformer_b2_cityscapes,cityscapes_val_half,233
,,,1.0,1000,True,0.0,0.0,1.0,,200,,,False,,,,,,82,person,0.1,0.1,shared_crc,segformer_b2_cityscapes,cityscapes_val_half,233
,,,1.0,1000,True,0.0,0.0,1.0,,114,,,False,,,,,,82,rider,0.1,0.1,shared_crc,segformer_b2_cityscapes,cityscapes_val_half,233
,,,1.0,1000,True,0.0,0.0,1.0,,166,,,False,,,,,,82,bicycle,0.1,0.1,shared_crc,segformer_b2_cityscapes,cityscapes_val_half,233
,,,0.998,998,True,0.13781380421933417,0.13781380421933417,,,217,,,False,,,,,,82,max_over_classes,0.2,0.1,shared_crc,segformer_b2_cityscapes,cityscapes_val_half,233
,,,0.998,998,True,0.04519446386946387,0.04519446386946387,0.05162404105067253,,200,,,False,,,,,,82,person,0.2,0.1,shared_crc,segformer_b2_cityscapes,cityscapes_val_half,233
,,,0.998,998,True,0.12729741019214705,0.12729741019214705,0.014516761526465416,,114,,,False,,,,,,82,rider,0.2,0.1,shared_crc,segformer_b2_cityscapes,cityscapes_val_half,233
,,,0.998,998,True,0.0698168213981467,0.0698168213981467,0.025485165417194366,,166,,,False,,,,,,82,bicycle,0.2,0.1,shared_crc,segformer_b2_cityscapes,cityscapes_val_half,233
,,,1.0,1000,True,0.0,0.0,,,217,,,False,,,,,,82,max_over_classes,0.05,0.5,shared_crc,segformer_b2_cityscapes,cityscapes_val_half,233
,,,1.0,1000,True,0.0,0.0,1.0,,200,,,False,,,,,,82,person,0.05,0.5,shared_crc,segformer_b2_cityscapes,cityscapes_val_half,233
,,,1.0,1000,True,0.0,0.0,1.0,,114,,,False,,,,,,82,rider,0.05,0.5,shared_crc,segformer_b2_cityscapes,cityscapes_val_half,233
,,,1.0,1000,True,0.0,0.0,1.0,,166,,,False,,,,,,82,bicycle,0.05,0.5,shared_crc,segformer_b2_cityscapes,cityscapes_val_half,233
,,,1.0,1000,True,0.0,0.0,,,217,,,False,,,,,,82,max_over_classes,0.1,0.5,shared_crc,segformer_b2_cityscapes,cityscapes_val_half,233
,,,1.0,1000,True,0.0,0.0,1.0,,200,,,False,,,,,,82,person,0.1,0.5,shared_crc,segformer_b2_cityscapes,cityscapes_val_half,233
,,,1.0,1000,True,0.0,0.0,1.0,,114,,,False,,,,,,82,rider,0.1,0.5,shared_crc,segformer_b2_cityscapes,cityscapes_val_half,233
,,,1.0,1000,True,0.0,0.0,1.0,,166,,,False,,,,,,82,bicycle,0.1,0.5,shared_crc,segformer_b2_cityscapes,cityscapes_val_half,233
,,,0.999,999,True,0.15247612730331625,0.15247612730331625,,,217,,,False,,,,,,82,max_over_classes,0.2,0.5,shared_crc,segformer_b2_cityscapes,cityscapes_val_half,233
,,,0.999,999,True,0.05104664640914641,0.05104664640914641,0.05891748145222664,,200,,,False,,,,,,82,person,0.2,0.5,shared_crc,segformer_b2_cityscapes,cityscapes_val_half,233
,,,0.999,999,True,0.1165761626287942,0.1165761626287942,0.017886504530906677,,114,,,False,,,,,,82,rider,0.2,0.5,shared_crc,segformer_b2_cityscapes,cityscapes_val_half,233
,,,0.999,999,True,0.08819553104191657,0.08819553104191657,0.0300781037658453,,166,,,False,,,,,,82,bicycle,0.2,0.5,shared_crc,segformer_b2_cityscapes,cityscapes_val_half,233
,,,0.999,999,True,0.03283116115562924,0.03283116115562923,0.053716111928224564,0.248,188,1319.0,0.055999999999999994,False,0.06346967559943582,0.004246284501061571,0.0,,,83,person,0.05,0.1,region_crc,segformer_b2_cityscapes,cityscapes_val_half,214
,,,0.996,996,True,0.07407774403855032,0.0740777440385503,0.03990725055336952,0.248,188,1319.0,0.07600000000000001,False,0.10437235543018336,0.006369426751592357,0.0,,,83,person,0.1,0.1,region_crc,segformer_b2_cityscapes,cityscapes_val_half,214
,,,0.981,981,True,0.16068057872719127,0.16068057872719127,0.02840045467019081,6.088,188,1319.0,0.08400000000000002,False,0.22143864598025387,0.029723991507430998,0.0,,,83,person,0.2,0.1,region_crc,segformer_b2_cityscapes,cityscapes_val_half,214
,,,1.0,1000,True,0.0,0.0,1.0,0.248,188,1319.0,0.0,False,0.0,0.0,0.0,,,83,person,0.05,0.5,region_crc,segformer_b2_cityscapes,cityscapes_val_half,214
,,,0.998,998,True,0.09053607366877243,0.09053607366877243,0.04634968563914299,0.248,188,1319.0,0.064,False,0.1071932299012694,0.016985138004246284,0.0,,,83,person,0.1,0.5,region_crc,segformer_b2_cityscapes,cityscapes_val_half,214
,,,0.99,990,True,0.18673113622721685,0.18673113622721688,0.03269670158624649,0.248,188,1319.0,0.07600000000000001,False,0.229901269393512,0.059447983014861996,0.0,,,83,person,0.2,0.5,region_crc,segformer_b2_cityscapes,cityscapes_val_half,214
,,,1.0,1000,True,0.0,0.0,1.0,0.492,127,370.0,0.0,False,0.0,0.0,0.0,,,83,rider,0.05,0.1,region_crc,segformer_b2_cityscapes,cityscapes_val_half,126
,,,0.999,999,True,0.12971936200282655,0.12971936200282658,0.016578111797571182,0.492,127,370.0,0.07999999999999996,False,0.22596153846153846,0.043795620437956206,0.0,,,83,rider,0.1,0.1,region_crc,segformer_b2_cityscapes,cityscapes_val_half,126
,,,0.996,996,True,0.2518978396931153,0.2518978396931153,0.010633306577801704,0.492,127,370.0,0.09199999999999997,False,0.3798076923076923,0.08029197080291971,0.0,,,83,rider,0.2,0.1,region_crc,segformer_b2_cityscapes,cityscapes_val_half,126
,,,1.0,1000,True,0.0,0.0,1.0,0.492,127,370.0,0.0,False,0.0,0.0,0.0,,,83,rider,0.05,0.5,region_crc,segformer_b2_cityscapes,cityscapes_val_half,126
,,,1.0,1000,True,0.0,0.0,1.0,0.492,127,370.0,0.0,False,0.0,0.0,0.0,,,83,rider,0.1,0.5,region_crc,segformer_b2_cityscapes,cityscapes_val_half,126
,,,0.998,998,True,0.24961062559487754,0.24961062559487757,0.013334838673472404,0.492,127,370.0,0.07999999999999996,False,0.35096153846153844,0.10218978102189781,0.08,,,83,rider,0.2,0.5,region_crc,segformer_b2_cityscapes,cityscapes_val_half,126
,,,1.0,1000,True,0.0,0.0,1.0,0.316,171,817.0,0.0,False,0.0,0.0,0.0,,,83,bicycle,0.05,0.1,region_crc,segformer_b2_cityscapes,cityscapes_val_half,174
,,,0.997,997,True,0.12429917386057737,0.12429917386057739,0.021856483072042465,0.316,171,817.0,0.10800000000000004,False,0.19550561797752808,0.017006802721088437,0.0,,,83,bicycle,0.1,0.1,region_crc,segformer_b2_cityscapes,cityscapes_val_half,174
,,,0.984,984,True,0.2450805042910306,0.24508050429103062,0.014751951210200787,3.068,171,817.0,0.09600000000000003,False,0.4,0.061224489795918366,0.0,,,83,bicycle,0.2,0.1,region_crc,segformer_b2_cityscapes,cityscapes_val_half,174
,,,1.0,1000,True,0.0,0.0,1.0,0.316,171,817.0,0.0,False,0.0,0.0,0.0,,,83,bicycle,0.05,0.5,region_crc,segformer_b2_cityscapes,cityscapes_val_half,174
,,,0.999,999,True,0.12599575538172028,0.12599575538172028,0.028570082038640976,0.316,171,817.0,0.10400000000000004,False,0.18651685393258427,0.027210884353741496,0.0,,,83,bicycle,0.1,0.5,region_crc,segformer_b2_cityscapes,cityscapes_val_half,174
,,,0.992,992,True,0.2543347652996776,0.2543347652996776,0.01731126382946968,0.316,171,817.0,0.10400000000000004,False,0.39325842696629215,0.08163265306122448,0.0,,,83,bicycle,0.2,0.5,region_crc,segformer_b2_cityscapes,cityscapes_val_half,174
,,,1.0,1000,True,0.0,0.0,,,222,,,False,,,,,,83,max_over_classes,0.05,0.1,shared_crc,segformer_b2_cityscapes,cityscapes_val_half,228
,,,1.0,1000,True,0.0,0.0,1.0,,188,,,False,,,,,,83,person,0.05,0.1,shared_crc,segformer_b2_cityscapes,cityscapes_val_half,228
,,,1.0,1000,True,0.0,0.0,1.0,,127,,,False,,,,,,83,rider,0.05,0.1,shared_crc,segformer_b2_cityscapes,cityscapes_val_half,228
,,,1.0,1000,True,0.0,0.0,1.0,,171,,,False,,,,,,83,bicycle,0.05,0.1,shared_crc,segformer_b2_cityscapes,cityscapes_val_half,228
,,,1.0,1000,True,0.0,0.0,,,222,,,False,,,,,,83,max_over_classes,0.1,0.1,shared_crc,segformer_b2_cityscapes,cityscapes_val_half,228
,,,1.0,1000,True,0.0,0.0,1.0,,188,,,False,,,,,,83,person,0.1,0.1,shared_crc,segformer_b2_cityscapes,cityscapes_val_half,228
,,,1.0,1000,True,0.0,0.0,1.0,,127,,,False,,,,,,83,rider,0.1,0.1,shared_crc,segformer_b2_cityscapes,cityscapes_val_half,228
,,,1.0,1000,True,0.0,0.0,1.0,,171,,,False,,,,,,83,bicycle,0.1,0.1,shared_crc,segformer_b2_cityscapes,cityscapes_val_half,228
,,,0.997,997,True,0.2076996989277691,0.2076996989277691,,,222,,,False,,,,,,83,max_over_classes,0.2,0.1,shared_crc,segformer_b2_cityscapes,cityscapes_val_half,228
,,,0.997,997,True,0.06662492794211719,0.06662492794211719,0.04248184710741043,,188,,,False,,,,,,83,person,0.2,0.1,shared_crc,segformer_b2_cityscapes,cityscapes_val_half,228
,,,0.997,997,True,0.2059285858498457,0.2059285858498457,0.011700049974024296,,127,,,False,,,,,,83,rider,0.2,0.1,shared_crc,segformer_b2_cityscapes,cityscapes_val_half,228
,,,0.997,997,True,0.12429917386057737,0.12429917386057737,0.021856483072042465,,171,,,False,,,,,,83,bicycle,0.2,0.1,shared_crc,segformer_b2_cityscapes,cityscapes_val_half,228
,,,1.0,1000,True,0.0,0.0,,,222,,,False,,,,,,83,max_over_classes,0.05,0.5,shared_crc,segformer_b2_cityscapes,cityscapes_val_half,228
,,,1.0,1000,True,0.0,0.0,1.0,,188,,,False,,,,,,83,person,0.05,0.5,shared_crc,segformer_b2_cityscapes,cityscapes_val_half,228
,,,1.0,1000,True,0.0,0.0,1.0,,127,,,False,,,,,,83,rider,0.05,0.5,shared_crc,segformer_b2_cityscapes,cityscapes_val_half,228
,,,1.0,1000,True,0.0,0.0,1.0,,171,,,False,,,,,,83,bicycle,0.05,0.5,shared_crc,segformer_b2_cityscapes,cityscapes_val_half,228
,,,1.0,1000,True,0.0,0.0,,,222,,,False,,,,,,83,max_over_classes,0.1,0.5,shared_crc,segformer_b2_cityscapes,cityscapes_val_half,228
,,,1.0,1000,True,0.0,0.0,1.0,,188,,,False,,,,,,83,person,0.1,0.5,shared_crc,segformer_b2_cityscapes,cityscapes_val_half,228
,,,1.0,1000,True,0.0,0.0,1.0,,127,,,False,,,,,,83,rider,0.1,0.5,shared_crc,segformer_b2_cityscapes,cityscapes_val_half,228
,,,1.0,1000,True,0.0,0.0,1.0,,171,,,False,,,,,,83,bicycle,0.1,0.5,shared_crc,segformer_b2_cityscapes,cityscapes_val_half,228
,,,0.999,999,True,0.17776356943023608,0.17776356943023608,,,222,,,False,,,,,,83,max_over_classes,0.2,0.5,shared_crc,segformer_b2_cityscapes,cityscapes_val_half,228
,,,0.999,999,True,0.05133028391707003,0.05133028391707003,0.053716111928224564,,188,,,False,,,,,,83,person,0.2,0.5,shared_crc,segformer_b2_cityscapes,cityscapes_val_half,228
,,,0.999,999,True,0.16627729226154422,0.16627729226154422,0.016578111797571182,,127,,,False,,,,,,83,rider,0.2,0.5,shared_crc,segformer_b2_cityscapes,cityscapes_val_half,228
,,,0.999,999,True,0.12599575538172028,0.12599575538172028,0.028570082038640976,,171,,,False,,,,,,83,bicycle,0.2,0.5,shared_crc,segformer_b2_cityscapes,cityscapes_val_half,228
,,,0.999,999,True,0.02782292334756669,0.02782292334756669,0.057923514395952225,0.204,199,1382.0,0.05199999999999999,False,0.04607046070460705,0.004032258064516129,0.0,,,84,person,0.05,0.1,region_crc,segformer_b2_cityscapes,cityscapes_val_half,203
,,,0.997,997,True,0.052623543814016294,0.0526235438140163,0.04662063717842102,0.204,199,1382.0,0.06,False,0.07452574525745258,0.010080645161290322,0.0,,,84,person,0.1,0.1,region_crc,segformer_b2_cityscapes,cityscapes_val_half,203
,,,0.977,977,True,0.19035733056856474,0.19035733056856474,0.030916504561901093,6.12,199,1382.0,0.06399999999999995,False,0.23983739837398374,0.03024193548387097,0.0,,,84,person,0.2,0.1,region_crc,segformer_b2_cityscapes,cityscapes_val_half,203
,,,1.0,1000,True,0.0,0.0,1.0,0.204,199,1382.0,0.0,False,0.0,0.0,0.0,,,84,person,0.05,0.5,region_crc,segformer_b2_cityscapes,cityscapes_val_half,203
,,,0.998,998,True,0.0848926937967341,0.08489269379673414,0.05051238089799881,0.204,199,1382.0,0.06,False,0.0948509485094851,0.02217741935483871,0.0,,,84,person,0.1,0.5,region_crc,segformer_b2_cityscapes,cityscapes_val_half,203
,,,0.99,990,True,0.18838534551207825,0.18838534551207825,0.03662170469760895,0.204,199,1382.0,0.06399999999999995,False,0.21138211382113822,0.05040322580645161,0.0,,,84,person,0.2,0.5,region_crc,segformer_b2_cityscapes,cityscapes_val_half,203
,,,1.0,1000,True,0.0,0.0,1.0,0.468,133,376.0,0.0,False,0.0,0.0,0.0,,,84,rider,0.05,0.1,region_crc,segformer_b2_cityscapes,cityscapes_val_half,120
,,,0.999,999,True,0.11939188630917955,0.11939188630917955,0.01729850098490715,0.468,133,376.0,0.096,False,0.19815668202764977,0.04411764705882353,0.0,,,84,rider,0.1,0.1,region_crc,segformer_b2_cityscapes,cityscapes_val_half,120
,,,0.997,997,True,0.2075348627980207,0.2075348627980207,0.012069622054696083,0.468,133,376.0,0.096,False,0.3087557603686636,0.08088235294117647,0.0,,,84,rider,0.2,0.1,region_crc,segformer_b2_cityscapes,cityscapes_val_half,120
,,,1.0,1000,True,0.0,0.0,1.0,0.468,133,376.0,0.0,False,0.0,0.0,0.0,,,84,rider,0.05,0.5,region_crc,segformer_b2_cityscapes,cityscapes_val_half,120
,,,1.0,1000,True,0.0,0.0,1.0,0.468,133,376.0,0.0,False,0.0,0.0,0.0,,,84,rider,0.1,0.5,region_crc,segformer_b2_cityscapes,cityscapes_val_half,120
,,,0.998,998,True,0.23768165835835012,0.23768165835835012,0.013821935281157494,0.468,133,376.0,0.09599999999999999,False,0.3225806451612903,0.11029411764705882,0.08695652173913043,,,84,rider,0.2,0.5,region_crc,segformer_b2_cityscapes,cityscapes_val_half,120
,,,1.0,1000,True,0.0,0.0,1.0,0.3,175,881.0,0.0,False,0.0,0.0,0.0,,,84,bicycle,0.05,0.1,region_crc,segformer_b2_cityscapes,cityscapes_val_half,170
,,,0.999,999,True,0.052271704485990195,0.052271704485990195,0.0297511275857687,0.3,175,881.0,0.04800000000000004,False,0.08888888888888889,0.013513513513513514,0.0,,,84,bicycle,0.1,0.1,region_crc,segformer_b2_cityscapes,cityscapes_val_half,170
,,,0.991,991,True,0.16051460444317586,0.16051460444317586,0.01746700145304203,0.3,175,881.0,0.052000000000000046,False,0.2733333333333333,0.03783783783783784,0.0,,,84,bicycle,0.2,0.1,region_crc,segformer_b2_cityscapes,cityscapes_val_half,170
,,,1.0,1000,True,0.0,0.0,1.0,0.3,175,881.0,0.0,False,0.0,0.0,0.0,,,84,bicycle,0.05,0.5,region_crc,segformer_b2_cityscapes,cityscapes_val_half,170
,,,1.0,1000,True,0.0,0.0,1.0,0.3,175,881.0,0.0,False,0.0,0.0,0.0,,,84,bicycle,0.1,0.5,region_crc,segformer_b2_cityscapes,cityscapes_val_half,170
,,,0.996,996,True,0.15705618191332477,0.15705618191332474,0.021188464015722275,0.3,175,881.0,0.052000000000000046,False,0.24888888888888888,0.05405405405405406,0.01639344262295082,,,84,bicycle,0.2,0.5,region_crc,segformer_b2_cityscapes,cityscapes_val_half,170
,,,1.0,1000,True,0.0,0.0,,,221,,,False,,,,,,84,max_over_classes,0.05,0.1,shared_crc,segformer_b2_cityscapes,cityscapes_val_half,229
,,,1.0,1000,True,0.0,0.0,1.0,,199,,,False,,,,,,84,person,0.05,0.1,shared_crc,segformer_b2_cityscapes,cityscapes_val_half,229
,,,1.0,1000,True,0.0,0.0,1.0,,133,,,False,,,,,,84,rider,0.05,0.1,shared_crc,segformer_b2_cityscapes,cityscapes_val_half,229
,,,1.0,1000,True,0.0,0.0,1.0,,175,,,False,,,,,,84,bicycle,0.05,0.1,shared_crc,segformer_b2_cityscapes,cityscapes_val_half,229
,,,1.0,1000,True,0.0,0.0,,,221,,,False,,,,,,84,max_over_classes,0.1,0.1,shared_crc,segformer_b2_cityscapes,cityscapes_val_half,229
,,,1.0,1000,True,0.0,0.0,1.0,,199,,,False,,,,,,84,person,0.1,0.1,shared_crc,segformer_b2_cityscapes,cityscapes_val_half,229
,,,1.0,1000,True,0.0,0.0,1.0,,133,,,False,,,,,,84,rider,0.1,0.1,shared_crc,segformer_b2_cityscapes,cityscapes_val_half,229
,,,1.0,1000,True,0.0,0.0,1.0,,175,,,False,,,,,,84,bicycle,0.1,0.1,shared_crc,segformer_b2_cityscapes,cityscapes_val_half,229
,,,0.997,997,True,0.19321152238303382,0.19321152238303382,,,221,,,False,,,,,,84,max_over_classes,0.2,0.1,shared_crc,segformer_b2_cityscapes,cityscapes_val_half,229
,,,0.997,997,True,0.052623543814016294,0.052623543814016294,0.04662063717842102,,199,,,False,,,,,,84,person,0.2,0.1,shared_crc,segformer_b2_cityscapes,cityscapes_val_half,229
,,,0.997,997,True,0.2075348627980207,0.2075348627980207,0.012069622054696083,,133,,,False,,,,,,84,rider,0.2,0.1,shared_crc,segformer_b2_cityscapes,cityscapes_val_half,229
,,,0.997,997,True,0.0870857634429063,0.0870857634429063,0.022744083777070045,,175,,,False,,,,,,84,bicycle,0.2,0.1,shared_crc,segformer_b2_cityscapes,cityscapes_val_half,229
,,,1.0,1000,True,0.0,0.0,,,221,,,False,,,,,,84,max_over_classes,0.05,0.5,shared_crc,segformer_b2_cityscapes,cityscapes_val_half,229
,,,1.0,1000,True,0.0,0.0,1.0,,199,,,False,,,,,,84,person,0.05,0.5,shared_crc,segformer_b2_cityscapes,cityscapes_val_half,229
,,,1.0,1000,True,0.0,0.0,1.0,,133,,,False,,,,,,84,rider,0.05,0.5,shared_crc,segformer_b2_cityscapes,cityscapes_val_half,229
,,,1.0,1000,True,0.0,0.0,1.0,,175,,,False,,,,,,84,bicycle,0.05,0.5,shared_crc,segformer_b2_cityscapes,cityscapes_val_half,229
,,,1.0,1000,True,0.0,0.0,,,221,,,False,,,,,,84,max_over_classes,0.1,0.5,shared_crc,segformer_b2_cityscapes,cityscapes_val_half,229
,,,1.0,1000,True,0.0,0.0,1.0,,199,,,False,,,,,,84,person,0.1,0.5,shared_crc,segformer_b2_cityscapes,cityscapes_val_half,229
,,,1.0,1000,True,0.0,0.0,1.0,,133,,,False,,,,,,84,rider,0.1,0.5,shared_crc,segformer_b2_cityscapes,cityscapes_val_half,229
,,,1.0,1000,True,0.0,0.0,1.0,,175,,,False,,,,,,84,bicycle,0.1,0.5,shared_crc,segformer_b2_cityscapes,cityscapes_val_half,229
,,,0.999,999,True,0.16733220877152208,0.16733220877152208,,,221,,,False,,,,,,84,max_over_classes,0.2,0.5,shared_crc,segformer_b2_cityscapes,cityscapes_val_half,229
,,,0.999,999,True,0.03587079860649722,0.03587079860649722,0.057923514395952225,,199,,,False,,,,,,84,person,0.2,0.5,shared_crc,segformer_b2_cityscapes,cityscapes_val_half,229
,,,0.999,999,True,0.17130142205330176,0.17130142205330176,0.01729850098490715,,133,,,False,,,,,,84,rider,0.2,0.5,shared_crc,segformer_b2_cityscapes,cityscapes_val_half,229
,,,0.999,999,True,0.08921769500340929,0.08921769500340929,0.0297511275857687,,175,,,False,,,,,,84,bicycle,0.2,0.5,shared_crc,segformer_b2_cityscapes,cityscapes_val_half,229
,,,0.998,998,True,0.055777069361547554,0.05577706936154756,0.04865063354372978,0.232,192,1414.0,0.064,False,0.08827238335435057,0.006224066390041493,0.0,,,85,person,0.05,0.1,region_crc,segformer_b2_cityscapes,cityscapes_val_half,210
,,,0.994,994,True,0.1001189056441733,0.10011890564417332,0.03848690167069435,0.232,192,1414.0,0.048,False,0.13745271122320302,0.012448132780082987,0.0,,,85,person,0.1,0.1,region_crc,segformer_b2_cityscapes,cityscapes_val_half,210
,,,0.976,976,True,0.2020588574055421,0.2020588574055421,0.028471197932958603,6.24,192,1414.0,0.04800000000000004,False,0.2698612862547289,0.035269709543568464,0.0,,,85,person,0.2,0.1,region_crc,segformer_b2_cityscapes,cityscapes_val_half,210
,,,1.0,1000,True,0.0,0.0,1.0,0.232,192,1414.0,0.0,False,0.0,0.0,0.0,,,85,person,0.05,0.5,region_crc,segformer_b2_cityscapes,cityscapes_val_half,210
,,,0.998,998,True,0.09897095540768142,0.09897095540768142,0.04865063354372978,0.232,192,1414.0,0.064,False,0.11979823455233292,0.02074688796680498,0.0,,,85,person,0.1,0.5,region_crc,segformer_b2_cityscapes,cityscapes_val_half,210
,,,0.99,990,True,0.1900167141295237,0.1900167141295237,0.03447435423731804,0.232,192,1414.0,0.04800000000000004,False,0.24337957124842372,0.04979253112033195,0.0,,,85,person,0.2,0.5,region_crc,segformer_b2_cityscapes,cityscapes_val_half,210
,,,1.0,1000,True,0.0,0.0,1.0,0.484,129,349.0,0.0,False,0.0,0.0,0.0,,,85,rider,0.05,0.1,region_crc,segformer_b2_cityscapes,cityscapes_val_half,124
,,,1.0,1000,True,0.0,0.0,1.0,0.484,129,349.0,0.0,False,0.0,0.0,0.0,,,85,rider,0.1,0.1,region_crc,segformer_b2_cityscapes,cityscapes_val_half,124
,,,0.997,997,True,0.18103851359665313,0.18103851359665313,0.012744570150971413,0.484,129,349.0,0.07200000000000001,False,0.26881720430107525,0.05970149253731343,0.0,,,85,rider,0.2,0.1,region_crc,segformer_b2_cityscapes,cityscapes_val_half,124
,,,1.0,1000,True,0.0,0.0,1.0,0.484,129,349.0,0.0,False,0.0,0.0,0.0,,,85,rider,0.05,0.5,region_crc,segformer_b2_cityscapes,cityscapes_val_half,124
,,,1.0,1000,True,0.0,0.0,1.0,0.484,129,349.0,0.0,False,0.0,0.0,0.0,,,85,rider,0.1,0.5,region_crc,segformer_b2_cityscapes,cityscapes_val_half,124
,,,0.998,998,True,0.23472991263688936,0.2347299126368894,0.014500390738248825,0.484,129,349.0,0.08400000000000002,False,0.2956989247311828,0.09701492537313433,0.10344827586206896,,,85,rider,0.2,0.5,region_crc,segformer_b2_cityscapes,cityscapes_val_half,124
,,,1.0,1000,True,0.0,0.0,1.0,0.304,174,847.0,0.0,False,0.0,0.0,0.0,,,85,bicycle,0.05,0.1,region_crc,segformer_b2_cityscapes,cityscapes_val_half,171
,,,0.997,997,True,0.1278152004445108,0.12781520044451078,0.02463587187230587,0.304,174,847.0,0.06000000000000005,False,0.18181818181818182,0.02348993288590604,0.0,,,85,bicycle,0.1,0.1,region_crc,segformer_b2_cityscapes,cityscapes_val_half,171
,,,0.981,981,True,0.25440420572542016,0.2544042057254201,0.016330284997820854,3.156,174,847.0,0.07599999999999996,False,0.37250554323725055,0.07046979865771812,0.0,,,85,bicycle,0.2,0.1,region_crc,segformer_b2_cityscapes,cityscapes_val_half,171
,,,1.0,1000,True,0.0,0.0,1.0,0.304,174,847.0,0.0,False,0.0,0.0,0.0,,,85,bicycle,0.05,0.5,region_crc,segformer_b2_cityscapes,cityscapes_val_half,171
,,,0.999,999,True,0.12897830936624038,0.12897830936624038,0.03178557753562927,0.304,174,847.0,0.06799999999999995,False,0.17516629711751663,0.0436241610738255,0.0,,,85,bicycle,0.1,0.5,region_crc,segformer_b2_cityscapes,cityscapes_val_half,171
,,,0.992,992,True,0.2559447548952796,0.2559447548952797,0.019695701077580452,0.304,174,847.0,0.06800000000000006,False,0.35476718403547675,0.08053691275167785,0.0,,,85,bicycle,0.2,0.5,region_crc,segformer_b2_cityscapes,cityscapes_val_half,171
,,,1.0,1000,True,0.0,0.0,,,218,,,False,,,,,,85,max_over_classes,0.05,0.1,shared_crc,segformer_b2_cityscapes,cityscapes_val_half,232
,,,1.0,1000,True,0.0,0.0,1.0,,192,,,False,,,,,,85,person,0.05,0.1,shared_crc,segformer_b2_cityscapes,cityscapes_val_half,232
,,,1.0,1000,True,0.0,0.0,1.0,,129,,,False,,,,,,85,rider,0.05,0.1,shared_crc,segformer_b2_cityscapes,cityscapes_val_half,232
,,,1.0,1000,True,0.0,0.0,1.0,,174,,,False,,,,,,85,bicycle,0.05,0.1,shared_crc,segformer_b2_cityscapes,cityscapes_val_half,232
,,,1.0,1000,True,0.0,0.0,,,218,,,False,,,,,,85,max_over_classes,0.1,0.1,shared_crc,segformer_b2_cityscapes,cityscapes_val_half,232
,,,1.0,1000,True,0.0,0.0,1.0,,192,,,False,,,,,,85,person,0.1,0.1,shared_crc,segformer_b2_cityscapes,cityscapes_val_half,232
,,,1.0,1000,True,0.0,0.0,1.0,,129,,,False,,,,,,85,rider,0.1,0.1,shared_crc,segformer_b2_cityscapes,cityscapes_val_half,232
,,,1.0,1000,True,0.0,0.0,1.0,,174,,,False,,,,,,85,bicycle,0.1,0.1,shared_crc,segformer_b2_cityscapes,cityscapes_val_half,232
,,,0.997,997,True,0.20999458824933873,0.20999458824933873,,,218,,,False,,,,,,85,max_over_classes,0.2,0.1,shared_crc,segformer_b2_cityscapes,cityscapes_val_half,232
,,,0.997,997,True,0.07605367232729526,0.07605367232729526,0.044665779918432236,,192,,,False,,,,,,85,person,0.2,0.1,shared_crc,segformer_b2_cityscapes,cityscapes_val_half,232
,,,0.997,997,True,0.18103851359665313,0.18103851359665313,0.012744570150971413,,129,,,False,,,,,,85,rider,0.2,0.1,shared_crc,segformer_b2_cityscapes,cityscapes_val_half,232
,,,0.997,997,True,0.1278152004445108,0.1278152004445108,0.02463587187230587,,174,,,False,,,,,,85,bicycle,0.2,0.1,shared_crc,segformer_b2_cityscapes,cityscapes_val_half,232
,,,1.0,1000,True,0.0,0.0,,,218,,,False,,,,,,85,max_over_classes,0.05,0.5,shared_crc,segformer_b2_cityscapes,cityscapes_val_half,232
,,,1.0,1000,True,0.0,0.0,1.0,,192,,,False,,,,,,85,person,0.05,0.5,shared_crc,segformer_b2_cityscapes,cityscapes_val_half,232
,,,1.0,1000,True,0.0,0.0,1.0,,129,,,False,,,,,,85,rider,0.05,0.5,shared_crc,segformer_b2_cityscapes,cityscapes_val_half,232
,,,1.0,1000,True,0.0,0.0,1.0,,174,,,False,,,,,,85,bicycle,0.05,0.5,shared_crc,segformer_b2_cityscapes,cityscapes_val_half,232
,,,1.0,1000,True,0.0,0.0,,,218,,,False,,,,,,85,max_over_classes,0.1,0.5,shared_crc,segformer_b2_cityscapes,cityscapes_val_half,232
,,,1.0,1000,True,0.0,0.0,1.0,,192,,,False,,,,,,85,person,0.1,0.5,shared_crc,segformer_b2_cityscapes,cityscapes_val_half,232
,,,1.0,1000,True,0.0,0.0,1.0,,129,,,False,,,,,,85,rider,0.1,0.5,shared_crc,segformer_b2_cityscapes,cityscapes_val_half,232
,,,1.0,1000,True,0.0,0.0,1.0,,174,,,False,,,,,,85,bicycle,0.1,0.5,shared_crc,segformer_b2_cityscapes,cityscapes_val_half,232
,,,0.999,999,True,0.18330088591826313,0.18330088591826313,,,218,,,False,,,,,,85,max_over_classes,0.2,0.5,shared_crc,segformer_b2_cityscapes,cityscapes_val_half,232
,,,0.999,999,True,0.05715424638976626,0.05715424638976626,0.05622252821922302,,192,,,False,,,,,,85,person,0.2,0.5,shared_crc,segformer_b2_cityscapes,cityscapes_val_half,232
,,,0.999,999,True,0.1581518395471884,0.1581518395471884,0.017949530854821205,,129,,,False,,,,,,85,rider,0.2,0.5,shared_crc,segformer_b2_cityscapes,cityscapes_val_half,232
,,,0.999,999,True,0.12897830936624038,0.12897830936624038,0.03178557753562927,,174,,,False,,,,,,85,bicycle,0.2,0.5,shared_crc,segformer_b2_cityscapes,cityscapes_val_half,232
,,,0.998,998,True,0.054334282403927375,0.05433428240392738,0.05238411948084831,0.144,214,1616.0,0.12,False,0.07803790412486064,0.007042253521126761,0.0,,,86,person,0.05,0.1,region_crc,segformer_b2_cityscapes,cityscapes_val_half,188
,,,0.994,994,True,0.10381539578690992,0.10381539578690993,0.041978392750024796,0.144,214,1616.0,0.15999999999999998,True,0.12263099219620958,0.01584507042253521,0.0,,,86,person,0.1,0.1,region_crc,segformer_b2_cityscapes,cityscapes_val_half,188
,,,0.981,981,True,0.1679373533056152,0.1679373533056152,0.03290320187807083,6.424,214,1616.0,0.132,False,0.2040133779264214,0.03345070422535211,0.0,,,86,person,0.2,0.1,region_crc,segformer_b2_cityscapes,cityscapes_val_half,188
,,,1.0,1000,True,0.0,0.0,1.0,0.144,214,1616.0,0.0,False,0.0,0.0,0.0,,,86,person,0.05,0.5,region_crc,segformer_b2_cityscapes,cityscapes_val_half,188
,,,0.998,998,True,0.09229453520062877,0.09229453520062877,0.05238411948084831,0.144,214,1616.0,0.12,False,0.10479375696767002,0.017605633802816902,0.0,,,86,person,0.1,0.5,region_crc,segformer_b2_cityscapes,cityscapes_val_half,188
,,,0.993,993,True,0.14395747890518004,0.14395747890518007,0.04066302627325058,0.144,214,1616.0,0.16399999999999998,True,0.1705685618729097,0.04225352112676056,0.0,,,86,person,0.2,0.5,region_crc,segformer_b2_cityscapes,cityscapes_val_half,188
,,,1.0,1000,True,0.0,0.0,1.0,0.484,129,391.0,0.0,False,0.0,0.0,0.0,,,86,rider,0.05,0.1,region_crc,segformer_b2_cityscapes,cityscapes_val_half,124
,,,1.0,1000,True,0.0,0.0,1.0,0.484,129,391.0,0.0,False,0.0,0.0,0.0,,,86,rider,0.1,0.1,region_crc,segformer_b2_cityscapes,cityscapes_val_half,124
,,,0.999,999,True,0.08960871170173496,0.08960871170173497,0.01957639493048191,0.484,129,391.0,0.14400000000000002,False,0.18181818181818182,0.021739130434782608,0.0,,,86,rider,0.2,0.1,region_crc,segformer_b2_cityscapes,cityscapes_val_half,124
,,,1.0,1000,True,0.0,0.0,1.0,0.484,129,391.0,0.0,False,0.0,0.0,0.0,,,86,rider,0.05,0.5,region_crc,segformer_b2_cityscapes,cityscapes_val_half,124
,,,1.0,1000,True,0.0,0.0,1.0,0.484,129,391.0,0.0,False,0.0,0.0,0.0,,,86,rider,0.1,0.5,region_crc,segformer_b2_cityscapes,cityscapes_val_half,124
,,,0.999,999,True,0.11767564907099791,0.1176756490709979,0.01957639493048191,0.484,129,391.0,0.14400000000000002,False,0.20454545454545456,0.036231884057971016,0.06060606060606061,,,86,rider,0.2,0.5,region_crc,segformer_b2_cityscapes,cityscapes_val_half,124
,,,1.0,1000,True,0.0,0.0,1.0,0.292,177,904.0,0.0,False,0.0,0.0,0.0,,,86,bicycle,0.05,0.1,region_crc,segformer_b2_cityscapes,cityscapes_val_half,168
,,,0.998,998,True,0.09130462287241949,0.09130462287241949,0.02692362293601036,0.292,177,904.0,0.06800000000000006,False,0.14692982456140352,0.016666666666666666,0.0,,,86,bicycle,0.1,0.1,region_crc,segformer_b2_cityscapes,cityscapes_val_half,168
,,,0.991,991,True,0.1687898338322067,0.1687898338322067,0.018941661342978477,0.292,177,904.0,0.07200000000000001,False,0.2850877192982456,0.05277777777777778,0.0,,,86,bicycle,0.2,0.1,region_crc,segformer_b2_cityscapes,cityscapes_val_half,168
,,,1.0,1000,True,0.0,0.0,1.0,0.292,177,904.0,0.0,False,0.0,0.0,0.0,,,86,bicycle,0.05,0.5,region_crc,segformer_b2_cityscapes,cityscapes_val_half,168
,,,1.0,1000,True,0.0,0.0,1.0,0.292,177,904.0,0.0,False,0.0,0.0,0.0,,,86,bicycle,0.1,0.5,region_crc,segformer_b2_cityscapes,cityscapes_val_half,168
,,,0.995,995,True,0.18382925141399717,0.18382925141399717,0.021690327674150467,0.292,177,904.0,0.06,False,0.28289473684210525,0.07777777777777778,0.011363636363636364,,,86,bicycle,0.2,0.5,region_crc,segformer_b2_cityscapes,cityscapes_val_half,168
,,,1.0,1000,True,0.0,0.0,,,234,,,False,,,,,,86,max_over_classes,0.05,0.1,shared_crc,segformer_b2_cityscapes,cityscapes_val_half,216
,,,1.0,1000,True,0.0,0.0,1.0,,214,,,False,,,,,,86,person,0.05,0.1,shared_crc,segformer_b2_cityscapes,cityscapes_val_half,216
,,,1.0,1000,True,0.0,0.0,1.0,,129,,,False,,,,,,86,rider,0.05,0.1,shared_crc,segformer_b2_cityscapes,cityscapes_val_half,216
,,,1.0,1000,True,0.0,0.0,1.0,,177,,,False,,,,,,86,bicycle,0.05,0.1,shared_crc,segformer_b2_cityscapes,cityscapes_val_half,216
,,,1.0,1000,True,0.0,0.0,,,234,,,False,,,,,,86,max_over_classes,0.1,0.1,shared_crc,segformer_b2_cityscapes,cityscapes_val_half,216
,,,1.0,1000,True,0.0,0.0,1.0,,214,,,False,,,,,,86,person,0.1,0.1,shared_crc,segformer_b2_cityscapes,cityscapes_val_half,216
,,,1.0,1000,True,0.0,0.0,1.0,,129,,,False,,,,,,86,rider,0.1,0.1,shared_crc,segformer_b2_cityscapes,cityscapes_val_half,216
,,,1.0,1000,True,0.0,0.0,1.0,,177,,,False,,,,,,86,bicycle,0.1,0.1,shared_crc,segformer_b2_cityscapes,cityscapes_val_half,216
,,,0.998,998,True,0.1401395142074801,0.1401395142074801,,,234,,,False,,,,,,86,max_over_classes,0.2,0.1,shared_crc,segformer_b2_cityscapes,cityscapes_val_half,216
,,,0.998,998,True,0.054334282403927375,0.054334282403927375,0.05238411948084831,,214,,,False,,,,,,86,person,0.2,0.1,shared_crc,segformer_b2_cityscapes,cityscapes_val_half,216
,,,0.998,998,True,0.10712440014765595,0.10712440014765595,0.015842553228139877,,129,,,False,,,,,,86,rider,0.2,0.1,shared_crc,segformer_b2_cityscapes,cityscapes_val_half,216
,,,0.998,998,True,0.09130462287241949,0.09130462287241949,0.02692362293601036,,177,,,False,,,,,,86,bicycle,0.2,0.1,shared_crc,segformer_b2_cityscapes,cityscapes_val_half,216
,,,1.0,1000,True,0.0,0.0,,,234,,,False,,,,,,86,max_over_classes,0.05,0.5,shared_crc,segformer_b2_cityscapes,cityscapes_val_half,216
,,,1.0,1000,True,0.0,0.0,1.0,,214,,,False,,,,,,86,person,0.05,0.5,shared_crc,segformer_b2_cityscapes,cityscapes_val_half,216
,,,1.0,1000,True,0.0,0.0,1.0,,129,,,False,,,,,,86,rider,0.05,0.5,shared_crc,segformer_b2_cityscapes,cityscapes_val_half,216
,,,1.0,1000,True,0.0,0.0,1.0,,177,,,False,,,,,,86,bicycle,0.05,0.5,shared_crc,segformer_b2_cityscapes,cityscapes_val_half,216
,,,1.0,1000,True,0.0,0.0,,,234,,,False,,,,,,86,max_over_classes,0.1,0.5,shared_crc,segformer_b2_cityscapes,cityscapes_val_half,216
,,,1.0,1000,True,0.0,0.0,1.0,,214,,,False,,,,,,86,person,0.1,0.5,shared_crc,segformer_b2_cityscapes,cityscapes_val_half,216
,,,1.0,1000,True,0.0,0.0,1.0,,129,,,False,,,,,,86,rider,0.1,0.5,shared_crc,segformer_b2_cityscapes,cityscapes_val_half,216
,,,1.0,1000,True,0.0,0.0,1.0,,177,,,False,,,,,,86,bicycle,0.1,0.5,shared_crc,segformer_b2_cityscapes,cityscapes_val_half,216
,,,0.999,999,True,0.1541280810379273,0.1541280810379273,,,234,,,False,,,,,,86,max_over_classes,0.2,0.5,shared_crc,segformer_b2_cityscapes,cityscapes_val_half,216
,,,0.999,999,True,0.052298852447936674,0.052298852447936674,0.060049012303352356,,214,,,False,,,,,,86,person,0.2,0.5,shared_crc,segformer_b2_cityscapes,cityscapes_val_half,216
,,,0.999,999,True,0.11767564907099791,0.11767564907099791,0.01957639493048191,,129,,,False,,,,,,86,rider,0.2,0.5,shared_crc,segformer_b2_cityscapes,cityscapes_val_half,216
,,,0.999,999,True,0.11240179312213212,0.11240179312213212,0.0317402109503746,,177,,,False,,,,,,86,bicycle,0.2,0.5,shared_crc,segformer_b2_cityscapes,cityscapes_val_half,216
,,,0.998,998,True,0.05696418878958195,0.05696418878958195,0.0494239516556263,0.196,201,1450.0,0.06000000000000005,False,0.07898089171974522,0.007722007722007722,0.0,,,87,person,0.05,0.1,region_crc,segformer_b2_cityscapes,cityscapes_val_half,201
,,,0.996,996,True,0.07843455529137029,0.07843455529137028,0.04286297783255577,0.196,201,1450.0,0.06400000000000006,False,0.10573248407643313,0.009652509652509652,0.0,,,87,person,0.1,0.1,region_crc,segformer_b2_cityscapes,cityscapes_val_half,201
,,,0.981,981,True,0.16526122430185705,0.16526122430185705,0.03101564384996891,5.88,201,1450.0,0.06399999999999995,False,0.21656050955414013,0.03088803088803089,0.0,,,87,person,0.2,0.1,region_crc,segformer_b2_cityscapes,cityscapes_val_half,201
,,,1.0,1000,True,0.0,0.0,1.0,0.196,201,1450.0,0.0,False,0.0,0.0,0.0,,,87,person,0.05,0.5,region_crc,segformer_b2_cityscapes,cityscapes_val_half,201
,,,0.998,998,True,0.09580662005804097,0.09580662005804097,0.0494239516556263,0.196,201,1450.0,0.06000000000000005,False,0.10955414012738854,0.019305019305019305,0.0,,,87,person,0.1,0.5,region_crc,segformer_b2_cityscapes,cityscapes_val_half,201
,,,0.991,991,True,0.18024455679762733,0.18024455679762738,0.036257170140743256,0.196,201,1450.0,0.068,False,0.2089171974522293,0.05405405405405406,0.0,,,87,person,0.2,0.5,region_crc,segformer_b2_cityscapes,cityscapes_val_half,201
,,,1.0,1000,True,0.0,0.0,1.0,0.508,123,348.0,0.0,False,0.0,0.0,0.0,,,87,rider,0.05,0.1,region_crc,segformer_b2_cityscapes,cityscapes_val_half,130
,,,0.999,999,True,0.12164596920694483,0.12164596920694482,0.01812310516834259,0.508,123,348.0,0.05600000000000005,False,0.19900497512437812,0.017699115044247787,0.0,,,87,rider,0.1,0.1,region_crc,segformer_b2_cityscapes,cityscapes_val_half,130
,,,0.997,997,True,0.21035448291545852,0.21035448291545852,0.012896368280053139,0.508,123,348.0,0.05999999999999994,False,0.31343283582089554,0.05309734513274336,0.0,,,87,rider,0.2,0.1,region_crc,segformer_b2_cityscapes,cityscapes_val_half,130
,,,1.0,1000,True,0.0,0.0,1.0,0.508,123,348.0,0.0,False,0.0,0.0,0.0,,,87,rider,0.05,0.5,region_crc,segformer_b2_cityscapes,cityscapes_val_half,130
,,,1.0,1000,True,0.0,0.0,1.0,0.508,123,348.0,0.0,False,0.0,0.0,0.0,,,87,rider,0.1,0.5,region_crc,segformer_b2_cityscapes,cityscapes_val_half,130
,,,0.998,998,True,0.24098746781673613,0.24098746781673613,0.014660072512924671,0.508,123,348.0,0.06399999999999995,False,0.31840796019900497,0.07964601769911504,0.058823529411764705,,,87,rider,0.2,0.5,region_crc,segformer_b2_cityscapes,cityscapes_val_half,130
,,,1.0,1000,True,0.0,0.0,1.0,0.34,165,860.0,0.0,False,0.0,0.0,0.0,,,87,bicycle,0.05,0.1,region_crc,segformer_b2_cityscapes,cityscapes_val_half,180
,,,0.997,997,True,0.13369225891953163,0.13369225891953163,0.02248198539018631,0.34,165,860.0,0.07600000000000007,False,0.20175438596491227,0.03048780487804878,0.0,,,87,bicycle,0.1,0.1,region_crc,segformer_b2_cityscapes,cityscapes_val_half,180
,,,0.985,985,True,0.24173577264486357,0.24173577264486357,0.015456550754606724,2.94,165,860.0,0.07999999999999999,False,0.3684210526315789,0.07317073170731707,0.0,,,87,bicycle,0.2,0.1,region_crc,segformer_b2_cityscapes,cityscapes_val_half,180
,,,1.0,1000,True,0.0,0.0,1.0,0.34,165,860.0,0.0,False,0.0,0.0,0.0,,,87,bicycle,0.05,0.5,region_crc,segformer_b2_cityscapes,cityscapes_val_half,180
,,,0.999,999,True,0.12615316501680138,0.12615316501680138,0.0293849129229784,0.34,165,860.0,0.07599999999999996,False,0.18201754385964913,0.039634146341463415,0.0,,,87,bicycle,0.1,0.5,region_crc,segformer_b2_cityscapes,cityscapes_val_half,180
,,,0.992,992,True,0.25454050999505545,0.25454050999505545,0.0178215391933918,0.34,165,860.0,0.07200000000000001,False,0.36403508771929827,0.10060975609756098,0.0,,,87,bicycle,0.2,0.5,region_crc,segformer_b2_cityscapes,cityscapes_val_half,180
,,,1.0,1000,True,0.0,0.0,,,225,,,False,,,,,,87,max_over_classes,0.05,0.1,shared_crc,segformer_b2_cityscapes,cityscapes_val_half,225
,,,1.0,1000,True,0.0,0.0,1.0,,201,,,False,,,,,,87,person,0.05,0.1,shared_crc,segformer_b2_cityscapes,cityscapes_val_half,225
,,,1.0,1000,True,0.0,0.0,1.0,,123,,,False,,,,,,87,rider,0.05,0.1,shared_crc,segformer_b2_cityscapes,cityscapes_val_half,225
,,,1.0,1000,True,0.0,0.0,1.0,,165,,,False,,,,,,87,bicycle,0.05,0.1,shared_crc,segformer_b2_cityscapes,cityscapes_val_half,225
,,,1.0,1000,True,0.0,0.0,,,225,,,False,,,,,,87,max_over_classes,0.1,0.1,shared_crc,segformer_b2_cityscapes,cityscapes_val_half,225
,,,1.0,1000,True,0.0,0.0,1.0,,201,,,False,,,,,,87,person,0.1,0.1,shared_crc,segformer_b2_cityscapes,cityscapes_val_half,225
,,,1.0,1000,True,0.0,0.0,1.0,,123,,,False,,,,,,87,rider,0.1,0.1,shared_crc,segformer_b2_cityscapes,cityscapes_val_half,225
,,,1.0,1000,True,0.0,0.0,1.0,,165,,,False,,,,,,87,bicycle,0.1,0.1,shared_crc,segformer_b2_cityscapes,cityscapes_val_half,225
,,,0.997,997,True,0.2033965780553328,0.2033965780553328,,,225,,,False,,,,,,87,max_over_classes,0.2,0.1,shared_crc,segformer_b2_cityscapes,cityscapes_val_half,225
,,,0.997,997,True,0.06681636419556725,0.06681636419556725,0.04547916352748871,,201,,,False,,,,,,87,person,0.2,0.1,shared_crc,segformer_b2_cityscapes,cityscapes_val_half,225
,,,0.997,997,True,0.21035448291545852,0.21035448291545852,0.012896368280053139,,123,,,False,,,,,,87,rider,0.2,0.1,shared_crc,segformer_b2_cityscapes,cityscapes_val_half,225
,,,0.997,997,True,0.13369225891953163,0.13369225891953163,0.02248198539018631,,165,,,False,,,,,,87,bicycle,0.2,0.1,shared_crc,segformer_b2_cityscapes,cityscapes_val_half,225
,,,1.0,1000,True,0.0,0.0,,,225,,,False,,,,,,87,max_over_classes,0.05,0.5,shared_crc,segformer_b2_cityscapes,cityscapes_val_half,225
,,,1.0,1000,True,0.0,0.0,1.0,,201,,,False,,,,,,87,person,0.05,0.5,shared_crc,segformer_b2_cityscapes,cityscapes_val_half,225
,,,1.0,1000,True,0.0,0.0,1.0,,123,,,False,,,,,,87,rider,0.05,0.5,shared_crc,segformer_b2_cityscapes,cityscapes_val_half,225
,,,1.0,1000,True,0.0,0.0,1.0,,165,,,False,,,,,,87,bicycle,0.05,0.5,shared_crc,segformer_b2_cityscapes,cityscapes_val_half,225
,,,1.0,1000,True,0.0,0.0,,,225,,,False,,,,,,87,max_over_classes,0.1,0.5,shared_crc,segformer_b2_cityscapes,cityscapes_val_half,225
,,,1.0,1000,True,0.0,0.0,1.0,,201,,,False,,,,,,87,person,0.1,0.5,shared_crc,segformer_b2_cityscapes,cityscapes_val_half,225
,,,1.0,1000,True,0.0,0.0,1.0,,123,,,False,,,,,,87,rider,0.1,0.5,shared_crc,segformer_b2_cityscapes,cityscapes_val_half,225
,,,1.0,1000,True,0.0,0.0,1.0,,165,,,False,,,,,,87,bicycle,0.1,0.5,shared_crc,segformer_b2_cityscapes,cityscapes_val_half,225
,,,0.999,999,True,0.17288207447357773,0.17288207447357773,,,225,,,False,,,,,,87,max_over_classes,0.2,0.5,shared_crc,segformer_b2_cityscapes,cityscapes_val_half,225
,,,0.999,999,True,0.05299363152300478,0.05299363152300478,0.056926559656858444,,201,,,False,,,,,,87,person,0.2,0.5,shared_crc,segformer_b2_cityscapes,cityscapes_val_half,225
,,,0.999,999,True,0.16738735519223324,0.16738735519223324,0.01812310516834259,,123,,,False,,,,,,87,rider,0.2,0.5,shared_crc,segformer_b2_cityscapes,cityscapes_val_half,225
,,,0.999,999,True,0.12615316501680138,0.12615316501680138,0.0293849129229784,,165,,,False,,,,,,87,bicycle,0.2,0.5,shared_crc,segformer_b2_cityscapes,cityscapes_val_half,225
,,,0.998,998,True,0.05609377802979986,0.05609377802979986,0.04623175039887428,0.224,194,1234.0,0.07999999999999996,False,0.07014925373134329,0.014150943396226415,0.0,,,88,person,0.05,0.1,region_crc,segformer_b2_cityscapes,cityscapes_val_half,208
,,,0.994,994,True,0.10267576133858729,0.10267576133858729,0.03664550930261612,0.224,194,1234.0,0.07999999999999996,False,0.12388059701492538,0.02122641509433962,0.0,,,88,person,0.1,0.1,region_crc,segformer_b2_cityscapes,cityscapes_val_half,208
,,,0.977,977,True,0.19496487257099746,0.1949648725709975,0.027583515271544456,5.904,194,1234.0,0.07999999999999996,False,0.2462686567164179,0.0330188679245283,0.0,,,88,person,0.2,0.1,region_crc,segformer_b2_cityscapes,cityscapes_val_half,208
,,,1.0,1000,True,0.0,0.0,1.0,0.224,194,1234.0,0.0,False,0.0,0.0,0.0,,,88,person,0.05,0.5,region_crc,segformer_b2_cityscapes,cityscapes_val_half,208
,,,0.998,998,True,0.10381714572739437,0.10381714572739437,0.04623175039887428,0.224,194,1234.0,0.07999999999999996,False,0.09701492537313433,0.02830188679245283,0.0,,,88,person,0.1,0.5,region_crc,segformer_b2_cityscapes,cityscapes_val_half,208
,,,0.99,990,True,0.1903607853638175,0.1903607853638175,0.03290431946516037,0.224,194,1234.0,0.08399999999999996,False,0.21791044776119403,0.05660377358490566,0.0,,,88,person,0.2,0.5,region_crc,segformer_b2_cityscapes,cityscapes_val_half,208
,,,1.0,1000,True,0.0,0.0,1.0,0.484,129,353.0,0.0,False,0.0,0.0,0.0,,,88,rider,0.05,0.1,region_crc,segformer_b2_cityscapes,cityscapes_val_half,124
,,,1.0,1000,True,0.0,0.0,1.0,0.484,129,353.0,0.0,False,0.0,0.0,0.0,,,88,rider,0.1,0.1,region_crc,segformer_b2_cityscapes,cityscapes_val_half,124
,,,0.997,997,True,0.1864866829983109,0.1864866829983109,0.012031522579491138,0.484,129,353.0,0.048000000000000015,False,0.2619047619047619,0.09243697478991597,0.0,,,88,rider,0.2,0.1,region_crc,segformer_b2_cityscapes,cityscapes_val_half,124
,,,1.0,1000,True,0.0,0.0,1.0,0.484,129,353.0,0.0,False,0.0,0.0,0.0,,,88,rider,0.05,0.5,region_crc,segformer_b2_cityscapes,cityscapes_val_half,124
,,,1.0,1000,True,0.0,0.0,1.0,0.484,129,353.0,0.0,False,0.0,0.0,0.0,,,88,rider,0.1,0.5,region_crc,segformer_b2_cityscapes,cityscapes_val_half,124
,,,0.999,999,True,0.14048849513965794,0.14048849513965794,0.017092406749725342,0.484,129,353.0,0.052000000000000046,False,0.19523809523809524,0.08403361344537816,0.08333333333333333,,,88,rider,0.2,0.5,region_crc,segformer_b2_cityscapes,cityscapes_val_half,124
,,,1.0,1000,True,0.0,0.0,1.0,0.32,170,760.0,0.0,False,0.0,0.0,0.0,,,88,bicycle,0.05,0.1,region_crc,segformer_b2_cityscapes,cityscapes_val_half,175
,,,0.998,998,True,0.08999879205761559,0.08999879205761559,0.024465475231409073,0.32,170,760.0,0.05599999999999994,False,0.16358839050131926,0.019736842105263157,0.0,,,88,bicycle,0.1,0.1,region_crc,segformer_b2_cityscapes,cityscapes_val_half,175
,,,0.99,990,True,0.17879811365105483,0.17879811365105483,0.016439693048596382,0.32,170,760.0,0.055999999999999994,False,0.3087071240105541,0.05921052631578947,0.0,,,88,bicycle,0.2,0.1,region_crc,segformer_b2_cityscapes,cityscapes_val_half,175
,,,1.0,1000,True,0.0,0.0,1.0,0.32,170,760.0,0.0,False,0.0,0.0,0.0,,,88,bicycle,0.05,0.5,region_crc,segformer_b2_cityscapes,cityscapes_val_half,175
,,,1.0,1000,True,0.0,0.0,1.0,0.32,170,760.0,0.0,False,0.0,0.0,0.0,,,88,bicycle,0.1,0.5,region_crc,segformer_b2_cityscapes,cityscapes_val_half,175
,,,0.996,996,True,0.1542824495765672,0.15428244957656723,0.02057133987545967,0.32,170,760.0,0.05599999999999994,False,0.2691292875989446,0.05921052631578947,0.0,,,88,bicycle,0.2,0.5,region_crc,segformer_b2_cityscapes,cityscapes_val_half,175
,,,1.0,1000,True,0.0,0.0,,,220,,,False,,,,,,88,max_over_classes,0.05,0.1,shared_crc,segformer_b2_cityscapes,cityscapes_val_half,230
,,,1.0,1000,True,0.0,0.0,1.0,,194,,,False,,,,,,88,person,0.05,0.1,shared_crc,segformer_b2_cityscapes,cityscapes_val_half,230
,,,1.0,1000,True,0.0,0.0,1.0,,129,,,False,,,,,,88,rider,0.05,0.1,shared_crc,segformer_b2_cityscapes,cityscapes_val_half,230
,,,1.0,1000,True,0.0,0.0,1.0,,170,,,False,,,,,,88,bicycle,0.05,0.1,shared_crc,segformer_b2_cityscapes,cityscapes_val_half,230
,,,1.0,1000,True,0.0,0.0,,,220,,,False,,,,,,88,max_over_classes,0.1,0.1,shared_crc,segformer_b2_cityscapes,cityscapes_val_half,230
,,,1.0,1000,True,0.0,0.0,1.0,,194,,,False,,,,,,88,person,0.1,0.1,shared_crc,segformer_b2_cityscapes,cityscapes_val_half,230
,,,1.0,1000,True,0.0,0.0,1.0,,129,,,False,,,,,,88,rider,0.1,0.1,shared_crc,segformer_b2_cityscapes,cityscapes_val_half,230
,,,1.0,1000,True,0.0,0.0,1.0,,170,,,False,,,,,,88,bicycle,0.1,0.1,shared_crc,segformer_b2_cityscapes,cityscapes_val_half,230
,,,0.997,997,True,0.20346441496708875,0.20346441496708875,,,220,,,False,,,,,,88,max_over_classes,0.2,0.1,shared_crc,segformer_b2_cityscapes,cityscapes_val_half,230
,,,0.997,997,True,0.08468157053511813,0.08468157053511813,0.04244782403111458,,194,,,False,,,,,,88,person,0.2,0.1,shared_crc,segformer_b2_cityscapes,cityscapes_val_half,230
,,,0.997,997,True,0.1864866829983109,0.1864866829983109,0.012031522579491138,,129,,,False,,,,,,88,rider,0.2,0.1,shared_crc,segformer_b2_cityscapes,cityscapes_val_half,230
,,,0.997,997,True,0.106833525951173,0.106833525951173,0.022110382094979286,,170,,,False,,,,,,88,bicycle,0.2,0.1,shared_crc,segformer_b2_cityscapes,cityscapes_val_half,230
,,,1.0,1000,True,0.0,0.0,,,220,,,False,,,,,,88,max_over_classes,0.05,0.5,shared_crc,segformer_b2_cityscapes,cityscapes_val_half,230
,,,1.0,1000,True,0.0,0.0,1.0,,194,,,False,,,,,,88,person,0.05,0.5,shared_crc,segformer_b2_cityscapes,cityscapes_val_half,230
,,,1.0,1000,True,0.0,0.0,1.0,,129,,,False,,,,,,88,rider,0.05,0.5,shared_crc,segformer_b2_cityscapes,cityscapes_val_half,230
,,,1.0,1000,True,0.0,0.0,1.0,,170,,,False,,,,,,88,bicycle,0.05,0.5,shared_crc,segformer_b2_cityscapes,cityscapes_val_half,230
,,,1.0,1000,True,0.0,0.0,,,220,,,False,,,,,,88,max_over_classes,0.1,0.5,shared_crc,segformer_b2_cityscapes,cityscapes_val_half,230
,,,1.0,1000,True,0.0,0.0,1.0,,194,,,False,,,,,,88,person,0.1,0.5,shared_crc,segformer_b2_cityscapes,cityscapes_val_half,230
,,,1.0,1000,True,0.0,0.0,1.0,,129,,,False,,,,,,88,rider,0.1,0.5,shared_crc,segformer_b2_cityscapes,cityscapes_val_half,230
,,,1.0,1000,True,0.0,0.0,1.0,,170,,,False,,,,,,88,bicycle,0.1,0.5,shared_crc,segformer_b2_cityscapes,cityscapes_val_half,230
,,,0.999,999,True,0.16193699793967176,0.16193699793967176,,,220,,,False,,,,,,88,max_over_classes,0.2,0.5,shared_crc,segformer_b2_cityscapes,cityscapes_val_half,230
,,,0.999,999,True,0.0600436225724279,0.0600436225724279,0.05343008413910866,,194,,,False,,,,,,88,person,0.2,0.5,shared_crc,segformer_b2_cityscapes,cityscapes_val_half,230
,,,0.999,999,True,0.14048849513965794,0.14048849513965794,0.017092406749725342,,129,,,False,,,,,,88,rider,0.2,0.5,shared_crc,segformer_b2_cityscapes,cityscapes_val_half,230
,,,0.999,999,True,0.09669601640189876,0.09669601640189876,0.02904815413057804,,170,,,False,,,,,,88,bicycle,0.2,0.5,shared_crc,segformer_b2_cityscapes,cityscapes_val_half,230
,,,0.999,999,True,0.02987256055524553,0.02987256055524553,0.060295265167951584,0.172,207,1439.0,0.08,False,0.046094750320102434,0.00390625,0.0,,,89,person,0.05,0.1,region_crc,segformer_b2_cityscapes,cityscapes_val_half,195
,,,0.997,997,True,0.05920292733793878,0.05920292733793878,0.04859341308474541,0.172,207,1439.0,0.07600000000000007,False,0.07810499359795134,0.0078125,0.0,,,89,person,0.1,0.1,region_crc,segformer_b2_cityscapes,cityscapes_val_half,195
,,,0.982,982,True,0.15643532520534809,0.15643532520534809,0.03376350551843643,6.312,207,1439.0,0.08400000000000007,False,0.2023047375160051,0.021484375,0.0,,,89,person,0.2,0.1,region_crc,segformer_b2_cityscapes,cityscapes_val_half,195
,,,1.0,1000,True,0.0,0.0,1.0,0.172,207,1439.0,0.0,False,0.0,0.0,0.0,,,89,person,0.05,0.5,region_crc,segformer_b2_cityscapes,cityscapes_val_half,195
,,,0.999,999,True,0.039284355359870224,0.03928435535987024,0.060295265167951584,0.172,207,1439.0,0.08,False,0.06017925736235595,0.0078125,0.0,,,89,person,0.1,0.5,region_crc,segformer_b2_cityscapes,cityscapes_val_half,195
,,,0.993,993,True,0.13697971684877353,0.13697971684877355,0.040998511016368866,0.172,207,1439.0,0.09200000000000003,False,0.16645326504481434,0.037109375,0.0,,,89,person,0.2,0.5,region_crc,segformer_b2_cityscapes,cityscapes_val_half,195
,,,1.0,1000,True,0.0,0.0,1.0,0.5,125,387.0,0.0,False,0.0,0.0,0.0,,,89,rider,0.05,0.1,region_crc,segformer_b2_cityscapes,cityscapes_val_half,128
,,,1.0,1000,True,0.0,0.0,1.0,0.5,125,387.0,0.0,False,0.0,0.0,0.0,,,89,rider,0.1,0.1,region_crc,segformer_b2_cityscapes,cityscapes_val_half,128
,,,0.997,997,True,0.17503520923520924,0.17503520923520924,0.01449061930179596,0.5,125,387.0,0.13199999999999998,False,0.25365853658536586,0.04895104895104895,0.0,,,89,rider,0.2,0.1,region_crc,segformer_b2_cityscapes,cityscapes_val_half,128
,,,1.0,1000,True,0.0,0.0,1.0,0.5,125,387.0,0.0,False,0.0,0.0,0.0,,,89,rider,0.05,0.5,region_crc,segformer_b2_cityscapes,cityscapes_val_half,128
,,,1.0,1000,True,0.0,0.0,1.0,0.5,125,387.0,0.0,False,0.0,0.0,0.0,,,89,rider,0.1,0.5,region_crc,segformer_b2_cityscapes,cityscapes_val_half,128
,,,0.999,999,True,0.13797460317460317,0.13797460317460317,0.02001006156206131,0.5,125,387.0,0.132,False,0.18048780487804877,0.04895104895104895,0.10256410256410256,,,89,rider,0.2,0.5,region_crc,segformer_b2_cityscapes,cityscapes_val_half,128
,,,1.0,1000,True,0.0,0.0,1.0,0.316,171,918.0,0.0,False,0.0,0.0,0.0,,,89,bicycle,0.05,0.1,region_crc,segformer_b2_cityscapes,cityscapes_val_half,174
,,,0.998,998,True,0.0908878564580319,0.0908878564580319,0.028283927589654922,0.316,171,918.0,0.12,False,0.16923076923076924,0.01928374655647383,0.0,,,89,bicycle,0.1,0.1,region_crc,segformer_b2_cityscapes,cityscapes_val_half,174
,,,0.989,989,True,0.20353541033365596,0.20353541033365596,0.019289925694465637,0.316,171,918.0,0.128,False,0.34285714285714286,0.06611570247933884,0.0,,,89,bicycle,0.2,0.1,region_crc,segformer_b2_cityscapes,cityscapes_val_half,174
,,,1.0,1000,True,0.0,0.0,1.0,0.316,171,918.0,0.0,False,0.0,0.0,0.0,,,89,bicycle,0.05,0.5,region_crc,segformer_b2_cityscapes,cityscapes_val_half,174
,,,1.0,1000,True,0.0,0.0,1.0,0.316,171,918.0,0.0,False,0.0,0.0,0.0,,,89,bicycle,0.1,0.5,region_crc,segformer_b2_cityscapes,cityscapes_val_half,174
,,,0.993,993,True,0.22046249721688316,0.22046249721688316,0.02129955403506756,0.316,171,918.0,0.136,False,0.3648351648351648,0.09641873278236915,0.01,,,89,bicycle,0.2,0.5,region_crc,segformer_b2_cityscapes,cityscapes_val_half,174
,,,1.0,1000,True,0.0,0.0,,,228,,,False,,,,,,89,max_over_classes,0.05,0.1,shared_crc,segformer_b2_cityscapes,cityscapes_val_half,222
,,,1.0,1000,True,0.0,0.0,1.0,,207,,,False,,,,,,89,person,0.05,0.1,shared_crc,segformer_b2_cityscapes,cityscapes_val_half,222
,,,1.0,1000,True,0.0,0.0,1.0,,125,,,False,,,,,,89,rider,0.05,0.1,shared_crc,segformer_b2_cityscapes,cityscapes_val_half,222
,,,1.0,1000,True,0.0,0.0,1.0,,171,,,False,,,,,,89,bicycle,0.05,0.1,shared_crc,segformer_b2_cityscapes,cityscapes_val_half,222
,,,1.0,1000,True,0.0,0.0,,,228,,,False,,,,,,89,max_over_classes,0.1,0.1,shared_crc,segformer_b2_cityscapes,cityscapes_val_half,222
,,,1.0,1000,True,0.0,0.0,1.0,,207,,,False,,,,,,89,person,0.1,0.1,shared_crc,segformer_b2_cityscapes,cityscapes_val_half,222
,,,1.0,1000,True,0.0,0.0,1.0,,125,,,False,,,,,,89,rider,0.1,0.1,shared_crc,segformer_b2_cityscapes,cityscapes_val_half,222
,,,1.0,1000,True,0.0,0.0,1.0,,171,,,False,,,,,,89,bicycle,0.1,0.1,shared_crc,segformer_b2_cityscapes,cityscapes_val_half,222
,,,0.998,998,True,0.14553667964332787,0.14553667964332787,,,228,,,False,,,,,,89,max_over_classes,0.2,0.1,shared_crc,segformer_b2_cityscapes,cityscapes_val_half,222
,,,0.998,998,True,0.0416998142970683,0.0416998142970683,0.05264338105916977,,207,,,False,,,,,,89,person,0.2,0.1,shared_crc,segformer_b2_cityscapes,cityscapes_val_half,222
,,,0.998,998,True,0.14055238095238093,0.14055238095238093,0.016371434554457664,,125,,,False,,,,,,89,rider,0.2,0.1,shared_crc,segformer_b2_cityscapes,cityscapes_val_half,222
,,,0.998,998,True,0.0908878564580319,0.0908878564580319,0.028283927589654922,,171,,,False,,,,,,89,bicycle,0.2,0.1,shared_crc,segformer_b2_cityscapes,cityscapes_val_half,222
,,,1.0,1000,True,0.0,0.0,,,228,,,False,,,,,,89,max_over_classes,0.05,0.5,shared_crc,segformer_b2_cityscapes,cityscapes_val_half,222
,,,1.0,1000,True,0.0,0.0,1.0,,207,,,False,,,,,,89,person,0.05,0.5,shared_crc,segformer_b2_cityscapes,cityscapes_val_half,222
,,,1.0,1000,True,0.0,0.0,1.0,,125,,,False,,,,,,89,rider,0.05,0.5,shared_crc,segformer_b2_cityscapes,cityscapes_val_half,222
,,,1.0,1000,True,0.0,0.0,1.0,,171,,,False,,,,,,89,bicycle,0.05,0.5,shared_crc,segformer_b2_cityscapes,cityscapes_val_half,222
,,,1.0,1000,True,0.0,0.0,,,228,,,False,,,,,,89,max_over_classes,0.1,0.5,shared_crc,segformer_b2_cityscapes,cityscapes_val_half,222
,,,1.0,1000,True,0.0,0.0,1.0,,207,,,False,,,,,,89,person,0.1,0.5,shared_crc,segformer_b2_cityscapes,cityscapes_val_half,222
,,,1.0,1000,True,0.0,0.0,1.0,,125,,,False,,,,,,89,rider,0.1,0.5,shared_crc,segformer_b2_cityscapes,cityscapes_val_half,222
,,,1.0,1000,True,0.0,0.0,1.0,,171,,,False,,,,,,89,bicycle,0.1,0.5,shared_crc,segformer_b2_cityscapes,cityscapes_val_half,222
,,,0.999,999,True,0.1547204257730573,0.1547204257730573,,,228,,,False,,,,,,89,max_over_classes,0.2,0.5,shared_crc,segformer_b2_cityscapes,cityscapes_val_half,222
,,,0.999,999,True,0.039284355359870224,0.039284355359870224,0.060295265167951584,,207,,,False,,,,,,89,person,0.2,0.5,shared_crc,segformer_b2_cityscapes,cityscapes_val_half,222
,,,0.999,999,True,0.13797460317460317,0.13797460317460317,0.02001006156206131,,125,,,False,,,,,,89,rider,0.2,0.5,shared_crc,segformer_b2_cityscapes,cityscapes_val_half,222
,,,0.999,999,True,0.1075013599136406,0.1075013599136406,0.033100906759500504,,171,,,False,,,,,,89,bicycle,0.2,0.5,shared_crc,segformer_b2_cityscapes,cityscapes_val_half,222
,,,0.999,999,True,0.03440257607745292,0.03440257607745292,0.06003054603934288,0.188,203,1354.0,0.05999999999999994,False,0.05329593267882188,0.00851063829787234,0.0,,,90,person,0.05,0.1,region_crc,segformer_b2_cityscapes,cityscapes_val_half,199
,,,0.995,995,True,0.08826775851406392,0.08826775851406392,0.04367426782846451,0.188,203,1354.0,0.06,False,0.1093969144460028,0.014893617021276596,0.0,,,90,person,0.1,0.1,region_crc,segformer_b2_cityscapes,cityscapes_val_half,199
,,,0.983,983,True,0.1474506448093433,0.14745064480934328,0.034237559884786606,6.292,203,1354.0,0.07600000000000001,False,0.18513323983169705,0.03404255319148936,0.0,,,90,person,0.2,0.1,region_crc,segformer_b2_cityscapes,cityscapes_val_half,199
,,,1.0,1000,True,0.0,0.0,1.0,0.188,203,1354.0,0.0,False,0.0,0.0,0.0,,,90,person,0.05,0.5,region_crc,segformer_b2_cityscapes,cityscapes_val_half,199
,,,0.998,998,True,0.09272453600039808,0.09272453600039807,0.05235201120376587,0.188,203,1354.0,0.064,False,0.09817671809256662,0.027659574468085105,0.0,,,90,person,0.1,0.5,region_crc,segformer_b2_cityscapes,cityscapes_val_half,199
,,,0.992,992,True,0.1571686539485347,0.1571686539485347,0.039780594408512115,0.188,203,1354.0,0.07200000000000001,False,0.18092566619915848,0.04468085106382979,0.0,,,90,person,0.2,0.5,region_crc,segformer_b2_cityscapes,cityscapes_val_half,199
,,,1.0,1000,True,0.0,0.0,1.0,0.488,128,372.0,0.0,False,0.0,0.0,0.0,,,90,rider,0.05,0.1,region_crc,segformer_b2_cityscapes,cityscapes_val_half,125
,,,0.999,999,True,0.126953125,0.126953125,0.018195852637290955,0.488,128,372.0,0.051999999999999935,False,0.16818181818181818,0.05,0.0,,,90,rider,0.1,0.1,region_crc,segformer_b2_cityscapes,cityscapes_val_half,125
,,,0.997,997,True,0.19892761318542568,0.19892761318542568,0.013054742477834225,0.488,128,372.0,0.04400000000000004,False,0.2863636363636364,0.06666666666666667,0.0,,,90,rider,0.2,0.1,region_crc,segformer_b2_cityscapes,cityscapes_val_half,125
,,,1.0,1000,True,0.0,0.0,1.0,0.488,128,372.0,0.0,False,0.0,0.0,0.0,,,90,rider,0.05,0.5,region_crc,segformer_b2_cityscapes,cityscapes_val_half,125
,,,1.0,1000,True,0.0,0.0,1.0,0.488,128,372.0,0.0,False,0.0,0.0,0.0,,,90,rider,0.1,0.5,region_crc,segformer_b2_cityscapes,cityscapes_val_half,125
,,,0.999,999,True,0.17177579365079365,0.17177579365079365,0.018195852637290955,0.488,128,372.0,0.051999999999999935,False,0.21363636363636362,0.06666666666666667,0.09375,,,90,rider,0.2,0.5,region_crc,segformer_b2_cityscapes,cityscapes_val_half,125
,,,1.0,1000,True,0.0,0.0,1.0,0.292,177,844.0,0.0,False,0.0,0.0,0.0,,,90,bicycle,0.05,0.1,region_crc,segformer_b2_cityscapes,cityscapes_val_half,168
,,,0.998,998,True,0.09397584524703169,0.09397584524703169,0.025507083162665367,0.292,177,844.0,0.06399999999999995,False,0.18663594470046083,0.015105740181268883,0.0,,,90,bicycle,0.1,0.1,region_crc,segformer_b2_cityscapes,cityscapes_val_half,168
,,,0.985,985,True,0.2328580553156824,0.2328580553156824,0.015796000137925148,3.144,177,844.0,0.08000000000000002,False,0.3778801843317972,0.06948640483383686,0.0,,,90,bicycle,0.2,0.1,region_crc,segformer_b2_cityscapes,cityscapes_val_half,168
,,,1.0,1000,True,0.0,0.0,1.0,0.292,177,844.0,0.0,False,0.0,0.0,0.0,,,90,bicycle,0.05,0.5,region_crc,segformer_b2_cityscapes,cityscapes_val_half,168
,,,1.0,1000,True,0.0,0.0,1.0,0.292,177,844.0,0.0,False,0.0,0.0,0.0,,,90,bicycle,0.1,0.5,region_crc,segformer_b2_cityscapes,cityscapes_val_half,168
,,,0.992,992,True,0.2462087974799839,0.2462087974799839,0.018272818997502327,0.292,177,844.0,0.07600000000000001,False,0.38018433179723504,0.09969788519637462,0.0,,,90,bicycle,0.2,0.5,region_crc,segformer_b2_cityscapes,cityscapes_val_half,168
,,,1.0,1000,True,0.0,0.0,,,228,,,False,,,,,,90,max_over_classes,0.05,0.1,shared_crc,segformer_b2_cityscapes,cityscapes_val_half,222
,,,1.0,1000,True,0.0,0.0,1.0,,203,,,False,,,,,,90,person,0.05,0.1,shared_crc,segformer_b2_cityscapes,cityscapes_val_half,222
,,,1.0,1000,True,0.0,0.0,1.0,,128,,,False,,,,,,90,rider,0.05,0.1,shared_crc,segformer_b2_cityscapes,cityscapes_val_half,222
,,,1.0,1000,True,0.0,0.0,1.0,,177,,,False,,,,,,90,bicycle,0.05,0.1,shared_crc,segformer_b2_cityscapes,cityscapes_val_half,222
,,,1.0,1000,True,0.0,0.0,,,228,,,False,,,,,,90,max_over_classes,0.1,0.1,shared_crc,segformer_b2_cityscapes,cityscapes_val_half,222
,,,1.0,1000,True,0.0,0.0,1.0,,203,,,False,,,,,,90,person,0.1,0.1,shared_crc,segformer_b2_cityscapes,cityscapes_val_half,222
,,,1.0,1000,True,0.0,0.0,1.0,,128,,,False,,,,,,90,rider,0.1,0.1,shared_crc,segformer_b2_cityscapes,cityscapes_val_half,222
,,,1.0,1000,True,0.0,0.0,1.0,,177,,,False,,,,,,90,bicycle,0.1,0.1,shared_crc,segformer_b2_cityscapes,cityscapes_val_half,222
,,,0.997,997,True,0.20735835071361386,0.20735835071361386,,,228,,,False,,,,,,90,max_over_classes,0.2,0.1,shared_crc,segformer_b2_cityscapes,cityscapes_val_half,222
,,,0.997,997,True,0.07239261012660027,0.07239261012660027,0.04830830916762352,,203,,,False,,,,,,90,person,0.2,0.1,shared_crc,segformer_b2_cityscapes,cityscapes_val_half,222
,,,0.997,997,True,0.19892761318542568,0.19892761318542568,0.013054742477834225,,128,,,False,,,,,,90,rider,0.2,0.1,shared_crc,segformer_b2_cityscapes,cityscapes_val_half,222
,,,0.997,997,True,0.11026551916382424,0.11026551916382424,0.023111268877983093,,177,,,False,,,,,,90,bicycle,0.2,0.1,shared_crc,segformer_b2_cityscapes,cityscapes_val_half,222
,,,1.0,1000,True,0.0,0.0,,,228,,,False,,,,,,90,max_over_classes,0.05,0.5,shared_crc,segformer_b2_cityscapes,cityscapes_val_half,222
,,,1.0,1000,True,0.0,0.0,1.0,,203,,,False,,,,,,90,person,0.05,0.5,shared_crc,segformer_b2_cityscapes,cityscapes_val_half,222
,,,1.0,1000,True,0.0,0.0,1.0,,128,,,False,,,,,,90,rider,0.05,0.5,shared_crc,segformer_b2_cityscapes,cityscapes_val_half,222
,,,1.0,1000,True,0.0,0.0,1.0,,177,,,False,,,,,,90,bicycle,0.05,0.5,shared_crc,segformer_b2_cityscapes,cityscapes_val_half,222
,,,1.0,1000,True,0.0,0.0,,,228,,,False,,,,,,90,max_over_classes,0.1,0.5,shared_crc,segformer_b2_cityscapes,cityscapes_val_half,222
,,,1.0,1000,True,0.0,0.0,1.0,,203,,,False,,,,,,90,person,0.1,0.5,shared_crc,segformer_b2_cityscapes,cityscapes_val_half,222
,,,1.0,1000,True,0.0,0.0,1.0,,128,,,False,,,,,,90,rider,0.1,0.5,shared_crc,segformer_b2_cityscapes,cityscapes_val_half,222
,,,1.0,1000,True,0.0,0.0,1.0,,177,,,False,,,,,,90,bicycle,0.1,0.5,shared_crc,segformer_b2_cityscapes,cityscapes_val_half,222
,,,0.999,999,True,0.1806901797033376,0.1806901797033376,,,228,,,False,,,,,,90,max_over_classes,0.2,0.5,shared_crc,segformer_b2_cityscapes,cityscapes_val_half,222
,,,0.999,999,True,0.05730347102268285,0.05730347102268285,0.06003054603934288,,203,,,False,,,,,,90,person,0.2,0.5,shared_crc,segformer_b2_cityscapes,cityscapes_val_half,222
,,,0.999,999,True,0.17177579365079365,0.17177579365079365,0.018195852637290955,,128,,,False,,,,,,90,rider,0.2,0.5,shared_crc,segformer_b2_cityscapes,cityscapes_val_half,222
,,,0.999,999,True,0.11733290250239402,0.11733290250239402,0.03025779128074646,,177,,,False,,,,,,90,bicycle,0.2,0.5,shared_crc,segformer_b2_cityscapes,cityscapes_val_half,222
,,,0.999,999,True,0.03512436868686868,0.03512436868686868,0.05679140239953995,0.2,200,1337.0,0.05600000000000005,False,0.050271739130434784,0.008547008547008548,0.0,,,91,person,0.05,0.1,region_crc,segformer_b2_cityscapes,cityscapes_val_half,202
,,,0.997,997,True,0.05846707873023663,0.05846707873023663,0.04559972882270813,0.2,200,1337.0,0.048000000000000015,False,0.08423913043478261,0.017094017094017096,0.0,,,91,person,0.1,0.1,region_crc,segformer_b2_cityscapes,cityscapes_val_half,202
,,,0.982,982,True,0.15746876147301844,0.15746876147301844,0.03169320151209831,6.196,200,1337.0,0.06,False,0.2296195652173913,0.038461538461538464,0.0,,,91,person,0.2,0.1,region_crc,segformer_b2_cityscapes,cityscapes_val_half,202
,,,1.0,1000,True,0.0,0.0,1.0,0.2,200,1337.0,0.0,False,0.0,0.0,0.0,,,91,person,0.05,0.5,region_crc,segformer_b2_cityscapes,cityscapes_val_half,202
,,,0.999,999,True,0.05103356572764468,0.05103356572764467,0.05679140239953995,0.2,200,1337.0,0.05600000000000005,False,0.06929347826086957,0.019230769230769232,0.0,,,91,person,0.1,0.5,region_crc,segformer_b2_cityscapes,cityscapes_val_half,202
,,,0.992,992,True,0.16085343698269394,0.16085343698269391,0.03737287223339081,0.2,200,1337.0,0.05600000000000001,False,0.21739130434782608,0.05982905982905983,0.0,,,91,person,0.2,0.5,region_crc,segformer_b2_cityscapes,cityscapes_val_half,202
,,,1.0,1000,True,0.0,0.0,1.0,0.492,127,361.0,0.0,False,0.0,0.0,0.0,,,91,rider,0.05,0.1,region_crc,segformer_b2_cityscapes,cityscapes_val_half,126
,,,1.0,1000,True,0.0,0.0,1.0,0.492,127,361.0,0.0,False,0.0,0.0,0.0,,,91,rider,0.1,0.1,region_crc,segformer_b2_cityscapes,cityscapes_val_half,126
,,,0.997,997,True,0.19515209200248568,0.19515209200248568,0.01269568782299757,0.492,127,361.0,0.064,False,0.31088082901554404,0.072992700729927,0.0,,,91,rider,0.2,0.1,region_crc,segformer_b2_cityscapes,cityscapes_val_half,126
,,,1.0,1000,True,0.0,0.0,1.0,0.492,127,361.0,0.0,False,0.0,0.0,0.0,,,91,rider,0.05,0.5,region_crc,segformer_b2_cityscapes,cityscapes_val_half,126
,,,1.0,1000,True,0.0,0.0,1.0,0.492,127,361.0,0.0,False,0.0,0.0,0.0,,,91,rider,0.1,0.5,region_crc,segformer_b2_cityscapes,cityscapes_val_half,126
,,,0.999,999,True,0.1551786795881284,0.15517867958812842,0.01783146895468235,0.492,127,361.0,0.07199999999999995,False,0.22279792746113988,0.06569343065693431,0.0967741935483871,,,91,rider,0.2,0.5,region_crc,segformer_b2_cityscapes,cityscapes_val_half,126
,,,1.0,1000,True,0.0,0.0,1.0,0.316,171,833.0,0.0,False,0.0,0.0,0.0,,,91,bicycle,0.05,0.1,region_crc,segformer_b2_cityscapes,cityscapes_val_half,174
,,,0.999,999,True,0.05306781425202478,0.05306781425202478,0.0303456149995327,0.316,171,833.0,0.07600000000000001,False,0.11566265060240964,0.005970149253731343,0.0,,,91,bicycle,0.1,0.1,region_crc,segformer_b2_cityscapes,cityscapes_val_half,174
,,,0.99,990,True,0.1778561350929772,0.1778561350929772,0.017472613602876663,0.316,171,833.0,0.08800000000000001,False,0.29397590361445786,0.056716417910447764,0.0,,,91,bicycle,0.2,0.1,region_crc,segformer_b2_cityscapes,cityscapes_val_half,174
,,,1.0,1000,True,0.0,0.0,1.0,0.316,171,833.0,0.0,False,0.0,0.0,0.0,,,91,bicycle,0.05,0.5,region_crc,segformer_b2_cityscapes,cityscapes_val_half,174
,,,1.0,1000,True,0.0,0.0,1.0,0.316,171,833.0,0.0,False,0.0,0.0,0.0,,,91,bicycle,0.1,0.5,region_crc,segformer_b2_cityscapes,cityscapes_val_half,174
,,,0.995,995,True,0.17943321016356867,0.17943321016356867,0.020559409633278847,0.316,171,833.0,0.08400000000000002,False,0.29156626506024097,0.07462686567164178,0.012048192771084338,,,91,bicycle,0.2,0.5,region_crc,segformer_b2_cityscapes,cityscapes_val_half,174
,,,1.0,1000,True,0.0,0.0,,,221,,,False,,,,,,91,max_over_classes,0.05,0.1,shared_crc,segformer_b2_cityscapes,cityscapes_val_half,229
,,,1.0,1000,True,0.0,0.0,1.0,,200,,,False,,,,,,91,person,0.05,0.1,shared_crc,segformer_b2_cityscapes,cityscapes_val_half,229
,,,1.0,1000,True,0.0,0.0,1.0,,127,,,False,,,,,,91,rider,0.05,0.1,shared_crc,segformer_b2_cityscapes,cityscapes_val_half,229
,,,1.0,1000,True,0.0,0.0,1.0,,171,,,False,,,,,,91,bicycle,0.05,0.1,shared_crc,segformer_b2_cityscapes,cityscapes_val_half,229
,,,1.0,1000,True,0.0,0.0,,,221,,,False,,,,,,91,max_over_classes,0.1,0.1,shared_crc,segformer_b2_cityscapes,cityscapes_val_half,229
,,,1.0,1000,True,0.0,0.0,1.0,,200,,,False,,,,,,91,person,0.1,0.1,shared_crc,segformer_b2_cityscapes,cityscapes_val_half,229
,,,1.0,1000,True,0.0,0.0,1.0,,127,,,False,,,,,,91,rider,0.1,0.1,shared_crc,segformer_b2_cityscapes,cityscapes_val_half,229
,,,1.0,1000,True,0.0,0.0,1.0,,171,,,False,,,,,,91,bicycle,0.1,0.1,shared_crc,segformer_b2_cityscapes,cityscapes_val_half,229
,,,0.997,997,True,0.19558306573071993,0.19558306573071993,,,221,,,False,,,,,,91,max_over_classes,0.2,0.1,shared_crc,segformer_b2_cityscapes,cityscapes_val_half,229
,,,0.997,997,True,0.05846707873023663,0.05846707873023663,0.04559972882270813,,200,,,False,,,,,,91,person,0.2,0.1,shared_crc,segformer_b2_cityscapes,cityscapes_val_half,229
,,,0.997,997,True,0.19515209200248568,0.19515209200248568,0.01269568782299757,,127,,,False,,,,,,91,rider,0.2,0.1,shared_crc,segformer_b2_cityscapes,cityscapes_val_half,229
,,,0.997,997,True,0.089494383134734,0.089494383134734,0.023259194567799568,,171,,,False,,,,,,91,bicycle,0.2,0.1,shared_crc,segformer_b2_cityscapes,cityscapes_val_half,229
,,,1.0,1000,True,0.0,0.0,,,221,,,False,,,,,,91,max_over_classes,0.05,0.5,shared_crc,segformer_b2_cityscapes,cityscapes_val_half,229
,,,1.0,1000,True,0.0,0.0,1.0,,200,,,False,,,,,,91,person,0.05,0.5,shared_crc,segformer_b2_cityscapes,cityscapes_val_half,229
,,,1.0,1000,True,0.0,0.0,1.0,,127,,,False,,,,,,91,rider,0.05,0.5,shared_crc,segformer_b2_cityscapes,cityscapes_val_half,229
,,,1.0,1000,True,0.0,0.0,1.0,,171,,,False,,,,,,91,bicycle,0.05,0.5,shared_crc,segformer_b2_cityscapes,cityscapes_val_half,229
,,,1.0,1000,True,0.0,0.0,,,221,,,False,,,,,,91,max_over_classes,0.1,0.5,shared_crc,segformer_b2_cityscapes,cityscapes_val_half,229
,,,1.0,1000,True,0.0,0.0,1.0,,200,,,False,,,,,,91,person,0.1,0.5,shared_crc,segformer_b2_cityscapes,cityscapes_val_half,229
,,,1.0,1000,True,0.0,0.0,1.0,,127,,,False,,,,,,91,rider,0.1,0.5,shared_crc,segformer_b2_cityscapes,cityscapes_val_half,229
,,,1.0,1000,True,0.0,0.0,1.0,,171,,,False,,,,,,91,bicycle,0.1,0.5,shared_crc,segformer_b2_cityscapes,cityscapes_val_half,229
,,,0.999,999,True,0.1722085711339105,0.1722085711339105,,,221,,,False,,,,,,91,max_over_classes,0.2,0.5,shared_crc,segformer_b2_cityscapes,cityscapes_val_half,229
,,,0.999,999,True,0.05103356572764468,0.05103356572764468,0.05679140239953995,,200,,,False,,,,,,91,person,0.2,0.5,shared_crc,segformer_b2_cityscapes,cityscapes_val_half,229
,,,0.999,999,True,0.1551786795881284,0.1551786795881284,0.01783146895468235,,127,,,False,,,,,,91,rider,0.2,0.5,shared_crc,segformer_b2_cityscapes,cityscapes_val_half,229
,,,0.999,999,True,0.09347269851655816,0.09347269851655816,0.0303456149995327,,171,,,False,,,,,,91,bicycle,0.2,0.5,shared_crc,segformer_b2_cityscapes,cityscapes_val_half,229
,,,0.999,999,True,0.03518629284423355,0.03518629284423356,0.05960393697023392,0.192,202,1481.0,0.08399999999999996,False,0.06130268199233716,0.0072992700729927005,0.0,,,92,person,0.05,0.1,region_crc,segformer_b2_cityscapes,cityscapes_val_half,200
,,,0.994,994,True,0.09797506714290885,0.09797506714290885,0.04172942787408829,0.192,202,1481.0,0.08799999999999997,False,0.13282247765006386,0.012773722627737226,0.0,,,92,person,0.1,0.1,region_crc,segformer_b2_cityscapes,cityscapes_val_half,200
,,,0.984,984,True,0.14137449333055194,0.14137449333055194,0.03425236791372299,6.1,202,1481.0,0.08399999999999996,False,0.19540229885057472,0.03102189781021898,0.0,,,92,person,0.2,0.1,region_crc,segformer_b2_cityscapes,cityscapes_val_half,200
,,,1.0,1000,True,0.0,0.0,1.0,0.192,202,1481.0,0.0,False,0.0,0.0,0.0,,,92,person,0.05,0.5,region_crc,segformer_b2_cityscapes,cityscapes_val_half,200
,,,0.999,999,True,0.05495457919667832,0.05495457919667833,0.05960393697023392,0.192,202,1481.0,0.08399999999999996,False,0.08173690932311622,0.012773722627737226,0.0,,,92,person,0.1,0.5,region_crc,segformer_b2_cityscapes,cityscapes_val_half,200
,,,0.992,992,True,0.1591228112026322,0.1591228112026322,0.039390094578266144,0.192,202,1481.0,0.08799999999999997,False,0.21711366538952745,0.0364963503649635,0.0,,,92,person,0.2,0.5,region_crc,segformer_b2_cityscapes,cityscapes_val_half,200
,,,1.0,1000,True,0.0,0.0,1.0,0.464,134,399.0,0.0,False,0.0,0.0,0.0,,,92,rider,0.05,0.1,region_crc,segformer_b2_cityscapes,cityscapes_val_half,119
,,,1.0,1000,True,0.0,0.0,1.0,0.464,134,399.0,0.0,False,0.0,0.0,0.0,,,92,rider,0.1,0.1,region_crc,segformer_b2_cityscapes,cityscapes_val_half,119
,,,0.997,997,True,0.17980154174184024,0.17980154174184024,0.013365525752305984,0.464,134,399.0,0.07600000000000007,False,0.27802690582959644,0.04666666666666667,0.0,,,92,rider,0.2,0.1,region_crc,segformer_b2_cityscapes,cityscapes_val_half,119
,,,1.0,1000,True,0.0,0.0,1.0,0.464,134,399.0,0.0,False,0.0,0.0,0.0,,,92,rider,0.05,0.5,region_crc,segformer_b2_cityscapes,cityscapes_val_half,119
,,,1.0,1000,True,0.0,0.0,1.0,0.464,134,399.0,0.0,False,0.0,0.0,0.0,,,92,rider,0.1,0.5,region_crc,segformer_b2_cityscapes,cityscapes_val_half,119
,,,0.999,999,True,0.13918320485484664,0.13918320485484661,0.018819544464349747,0.464,134,399.0,0.07200000000000006,False,0.21524663677130046,0.05333333333333334,0.038461538461538464,,,92,rider,0.2,0.5,region_crc,segformer_b2_cityscapes,cityscapes_val_half,119
,,,1.0,1000,True,0.0,0.0,1.0,0.292,177,931.0,0.0,False,0.0,0.0,0.0,,,92,bicycle,0.05,0.1,region_crc,segformer_b2_cityscapes,cityscapes_val_half,168
,,,0.997,997,True,0.1235460945206708,0.1235460945206708,0.025084607303142548,0.292,177,931.0,0.07200000000000006,False,0.20250521920668058,0.024793388429752067,0.0,,,92,bicycle,0.1,0.1,region_crc,segformer_b2_cityscapes,cityscapes_val_half,168
,,,0.985,985,True,0.22917064103504783,0.22917064103504783,0.017378905788064003,3.228,177,931.0,0.08799999999999997,False,0.35908141962421714,0.06060606060606061,0.0,,,92,bicycle,0.2,0.1,region_crc,segformer_b2_cityscapes,cityscapes_val_half,168
,,,1.0,1000,True,0.0,0.0,1.0,0.292,177,931.0,0.0,False,0.0,0.0,0.0,,,92,bicycle,0.05,0.5,region_crc,segformer_b2_cityscapes,cityscapes_val_half,168
,,,0.999,999,True,0.12223231100349743,0.12223231100349745,0.03231938183307648,0.292,177,931.0,0.06800000000000006,False,0.18580375782881003,0.030303030303030304,0.0,,,92,bicycle,0.1,0.5,region_crc,segformer_b2_cityscapes,cityscapes_val_half,168
,,,0.993,993,True,0.2234973881436667,0.2234973881436667,0.020640771836042404,0.292,177,931.0,0.09199999999999997,False,0.34029227557411273,0.0743801652892562,0.0,,,92,bicycle,0.2,0.5,region_crc,segformer_b2_cityscapes,cityscapes_val_half,168
,,,1.0,1000,True,0.0,0.0,,,225,,,False,,,,,,92,max_over_classes,0.05,0.1,shared_crc,segformer_b2_cityscapes,cityscapes_val_half,225
,,,1.0,1000,True,0.0,0.0,1.0,,202,,,False,,,,,,92,person,0.05,0.1,shared_crc,segformer_b2_cityscapes,cityscapes_val_half,225
,,,1.0,1000,True,0.0,0.0,1.0,,134,,,False,,,,,,92,rider,0.05,0.1,shared_crc,segformer_b2_cityscapes,cityscapes_val_half,225
,,,1.0,1000,True,0.0,0.0,1.0,,177,,,False,,,,,,92,bicycle,0.05,0.1,shared_crc,segformer_b2_cityscapes,cityscapes_val_half,225
,,,1.0,1000,True,0.0,0.0,,,225,,,False,,,,,,92,max_over_classes,0.1,0.1,shared_crc,segformer_b2_cityscapes,cityscapes_val_half,225
,,,1.0,1000,True,0.0,0.0,1.0,,202,,,False,,,,,,92,person,0.1,0.1,shared_crc,segformer_b2_cityscapes,cityscapes_val_half,225
,,,1.0,1000,True,0.0,0.0,1.0,,134,,,False,,,,,,92,rider,0.1,0.1,shared_crc,segformer_b2_cityscapes,cityscapes_val_half,225
,,,1.0,1000,True,0.0,0.0,1.0,,177,,,False,,,,,,92,bicycle,0.1,0.1,shared_crc,segformer_b2_cityscapes,cityscapes_val_half,225
,,,0.997,997,True,0.21338454914856703,0.21338454914856703,,,225,,,False,,,,,,92,max_over_classes,0.2,0.1,shared_crc,segformer_b2_cityscapes,cityscapes_val_half,225
,,,0.997,997,True,0.07476179801379813,0.07476179801379813,0.04796763136982918,,202,,,False,,,,,,92,person,0.2,0.1,shared_crc,segformer_b2_cityscapes,cityscapes_val_half,225
,,,0.997,997,True,0.17980154174184024,0.17980154174184024,0.013365525752305984,,134,,,False,,,,,,92,rider,0.2,0.1,shared_crc,segformer_b2_cityscapes,cityscapes_val_half,225
,,,0.997,997,True,0.1235460945206708,0.1235460945206708,0.025084607303142548,,177,,,False,,,,,,92,bicycle,0.2,0.1,shared_crc,segformer_b2_cityscapes,cityscapes_val_half,225
,,,1.0,1000,True,0.0,0.0,,,225,,,False,,,,,,92,max_over_classes,0.05,0.5,shared_crc,segformer_b2_cityscapes,cityscapes_val_half,225
,,,1.0,1000,True,0.0,0.0,1.0,,202,,,False,,,,,,92,person,0.05,0.5,shared_crc,segformer_b2_cityscapes,cityscapes_val_half,225
,,,1.0,1000,True,0.0,0.0,1.0,,134,,,False,,,,,,92,rider,0.05,0.5,shared_crc,segformer_b2_cityscapes,cityscapes_val_half,225
,,,1.0,1000,True,0.0,0.0,1.0,,177,,,False,,,,,,92,bicycle,0.05,0.5,shared_crc,segformer_b2_cityscapes,cityscapes_val_half,225
,,,1.0,1000,True,0.0,0.0,,,225,,,False,,,,,,92,max_over_classes,0.1,0.5,shared_crc,segformer_b2_cityscapes,cityscapes_val_half,225
,,,1.0,1000,True,0.0,0.0,1.0,,202,,,False,,,,,,92,person,0.1,0.5,shared_crc,segformer_b2_cityscapes,cityscapes_val_half,225
,,,1.0,1000,True,0.0,0.0,1.0,,134,,,False,,,,,,92,rider,0.1,0.5,shared_crc,segformer_b2_cityscapes,cityscapes_val_half,225
,,,1.0,1000,True,0.0,0.0,1.0,,177,,,False,,,,,,92,bicycle,0.1,0.5,shared_crc,segformer_b2_cityscapes,cityscapes_val_half,225
,,,0.999,999,True,0.17680361589511914,0.17680361589511914,,,225,,,False,,,,,,92,max_over_classes,0.2,0.5,shared_crc,segformer_b2_cityscapes,cityscapes_val_half,225
,,,0.999,999,True,0.05495457919667832,0.05495457919667832,0.05960393697023392,,202,,,False,,,,,,92,person,0.2,0.5,shared_crc,segformer_b2_cityscapes,cityscapes_val_half,225
,,,0.999,999,True,0.13918320485484664,0.13918320485484664,0.018819544464349747,,134,,,False,,,,,,92,rider,0.2,0.5,shared_crc,segformer_b2_cityscapes,cityscapes_val_half,225
,,,0.999,999,True,0.12223231100349743,0.12223231100349743,0.03231938183307648,,177,,,False,,,,,,92,bicycle,0.2,0.5,shared_crc,segformer_b2_cityscapes,cityscapes_val_half,225
,,,0.999,999,True,0.03361432671842316,0.03361432671842316,0.05647256597876549,0.188,203,1443.0,0.05199999999999999,False,0.05391527599486521,0.007782101167315175,0.0,,,93,person,0.05,0.1,region_crc,segformer_b2_cityscapes,cityscapes_val_half,199
,,,0.997,997,True,0.05833663686010069,0.05833663686010069,0.04505408555269241,0.188,203,1443.0,0.04400000000000004,False,0.08985879332477535,0.01556420233463035,0.0,,,93,person,0.1,0.1,region_crc,segformer_b2_cityscapes,cityscapes_val_half,199
,,,0.978,978,True,0.18408105316648224,0.18408105316648224,0.029698515310883522,6.064,203,1443.0,0.04800000000000004,False,0.25802310654685495,0.03696498054474708,0.0,,,93,person,0.2,0.1,region_crc,segformer_b2_cityscapes,cityscapes_val_half,199
,,,1.0,1000,True,0.0,0.0,1.0,0.188,203,1443.0,0.0,False,0.0,0.0,0.0,,,93,person,0.05,0.5,region_crc,segformer_b2_cityscapes,cityscapes_val_half,199
,,,0.999,999,True,0.046785437432961416,0.046785437432961416,0.05647256597876549,0.188,203,1443.0,0.05199999999999999,False,0.07188703465982028,0.017509727626459144,0.0,,,93,person,0.1,0.5,region_crc,segformer_b2_cityscapes,cityscapes_val_half,199
,,,0.991,991,True,0.1750667685668982,0.17506676856689818,0.03584049269556999,0.188,203,1443.0,0.04800000000000004,False,0.2246469833119384,0.05058365758754864,0.0,,,93,person,0.2,0.5,region_crc,segformer_b2_cityscapes,cityscapes_val_half,199
,,,1.0,1000,True,0.0,0.0,1.0,0.508,123,345.0,0.0,False,0.0,0.0,0.0,,,93,rider,0.05,0.1,region_crc,segformer_b2_cityscapes,cityscapes_val_half,130
,,,0.999,999,True,0.12522260936895083,0.12522260936895083,0.017788076773285866,0.508,123,345.0,0.068,False,0.2,0.04032258064516129,0.0,,,93,rider,0.1,0.1,region_crc,segformer_b2_cityscapes,cityscapes_val_half,130
,,,0.997,997,True,0.19033452996867628,0.19033452996867634,0.012649179436266422,0.508,123,345.0,0.04799999999999999,False,0.2789473684210526,0.04838709677419355,0.0,,,93,rider,0.2,0.1,region_crc,segformer_b2_cityscapes,cityscapes_val_half,130
,,,1.0,1000,True,0.0,0.0,1.0,0.508,123,345.0,0.0,False,0.0,0.0,0.0,,,93,rider,0.05,0.5,region_crc,segformer_b2_cityscapes,cityscapes_val_half,130
,,,1.0,1000,True,0.0,0.0,1.0,0.508,123,345.0,0.0,False,0.0,0.0,0.0,,,93,rider,0.1,0.5,region_crc,segformer_b2_cityscapes,cityscapes_val_half,130
,,,0.999,999,True,0.17048006194347656,0.17048006194347656,0.017788076773285866,0.508,123,345.0,0.068,False,0.23157894736842105,0.06451612903225806,0.06451612903225806,,,93,rider,0.2,0.5,region_crc,segformer_b2_cityscapes,cityscapes_val_half,130
,,,1.0,1000,True,0.0,0.0,1.0,0.268,183,961.0,0.0,False,0.0,0.0,0.0,,,93,bicycle,0.05,0.1,region_crc,segformer_b2_cityscapes,cityscapes_val_half,162
,,,0.999,999,True,0.0677934391049145,0.0677934391049145,0.030412359163165092,0.268,183,961.0,0.05999999999999994,False,0.12075471698113208,0.014245014245014245,0.0,,,93,bicycle,0.1,0.1,region_crc,segformer_b2_cityscapes,cityscapes_val_half,162
,,,0.983,983,True,0.2435179851430742,0.24351798514307427,0.015407063998281956,3.188,183,961.0,0.06399999999999995,False,0.3584905660377358,0.06552706552706553,0.0125,,,93,bicycle,0.2,0.1,region_crc,segformer_b2_cityscapes,cityscapes_val_half,162
,,,1.0,1000,True,0.0,0.0,1.0,0.268,183,961.0,0.0,False,0.0,0.0,0.0,,,93,bicycle,0.05,0.5,region_crc,segformer_b2_cityscapes,cityscapes_val_half,162
,,,1.0,1000,True,0.0,0.0,1.0,0.268,183,961.0,0.0,False,0.0,0.0,0.0,,,93,bicycle,0.1,0.5,region_crc,segformer_b2_cityscapes,cityscapes_val_half,162
,,,0.993,993,True,0.2271701405165411,0.2271701405165411,0.01895461603999138,0.268,183,961.0,0.05600000000000005,False,0.32075471698113206,0.08547008547008547,0.0125,,,93,bicycle,0.2,0.5,region_crc,segformer_b2_cityscapes,cityscapes_val_half,162
,,,1.0,1000,True,0.0,0.0,,,228,,,False,,,,,,93,max_over_classes,0.05,0.1,shared_crc,segformer_b2_cityscapes,cityscapes_val_half,222
,,,1.0,1000,True,0.0,0.0,1.0,,203,,,False,,,,,,93,person,0.05,0.1,shared_crc,segformer_b2_cityscapes,cityscapes_val_half,222
,,,1.0,1000,True,0.0,0.0,1.0,,123,,,False,,,,,,93,rider,0.05,0.1,shared_crc,segformer_b2_cityscapes,cityscapes_val_half,222
,,,1.0,1000,True,0.0,0.0,1.0,,183,,,False,,,,,,93,bicycle,0.05,0.1,shared_crc,segformer_b2_cityscapes,cityscapes_val_half,222
,,,1.0,1000,True,0.0,0.0,,,228,,,False,,,,,,93,max_over_classes,0.1,0.1,shared_crc,segformer_b2_cityscapes,cityscapes_val_half,222
,,,1.0,1000,True,0.0,0.0,1.0,,203,,,False,,,,,,93,person,0.1,0.1,shared_crc,segformer_b2_cityscapes,cityscapes_val_half,222
,,,1.0,1000,True,0.0,0.0,1.0,,123,,,False,,,,,,93,rider,0.1,0.1,shared_crc,segformer_b2_cityscapes,cityscapes_val_half,222
,,,1.0,1000,True,0.0,0.0,1.0,,183,,,False,,,,,,93,bicycle,0.1,0.1,shared_crc,segformer_b2_cityscapes,cityscapes_val_half,222
,,,0.997,997,True,0.19028185098475958,0.19028185098475958,,,228,,,False,,,,,,93,max_over_classes,0.2,0.1,shared_crc,segformer_b2_cityscapes,cityscapes_val_half,222
,,,0.997,997,True,0.05833663686010069,0.05833663686010069,0.04505408555269241,,203,,,False,,,,,,93,person,0.2,0.1,shared_crc,segformer_b2_cityscapes,cityscapes_val_half,222
,,,0.997,997,True,0.19033452996867628,0.19033452996867628,0.012649179436266422,,123,,,False,,,,,,93,rider,0.2,0.1,shared_crc,segformer_b2_cityscapes,cityscapes_val_half,222
,,,0.997,997,True,0.10703840785808,0.10703840785808,0.023242752999067307,,183,,,False,,,,,,93,bicycle,0.2,0.1,shared_crc,segformer_b2_cityscapes,cityscapes_val_half,222
,,,1.0,1000,True,0.0,0.0,,,228,,,False,,,,,,93,max_over_classes,0.05,0.5,shared_crc,segformer_b2_cityscapes,cityscapes_val_half,222
,,,1.0,1000,True,0.0,0.0,1.0,,203,,,False,,,,,,93,person,0.05,0.5,shared_crc,segformer_b2_cityscapes,cityscapes_val_half,222
,,,1.0,1000,True,0.0,0.0,1.0,,123,,,False,,,,,,93,rider,0.05,0.5,shared_crc,segformer_b2_cityscapes,cityscapes_val_half,222
,,,1.0,1000,True,0.0,0.0,1.0,,183,,,False,,,,,,93,bicycle,0.05,0.5,shared_crc,segformer_b2_cityscapes,cityscapes_val_half,222
,,,1.0,1000,True,0.0,0.0,,,228,,,False,,,,,,93,max_over_classes,0.1,0.5,shared_crc,segformer_b2_cityscapes,cityscapes_val_half,222
,,,1.0,1000,True,0.0,0.0,1.0,,203,,,False,,,,,,93,person,0.1,0.5,shared_crc,segformer_b2_cityscapes,cityscapes_val_half,222
,,,1.0,1000,True,0.0,0.0,1.0,,123,,,False,,,,,,93,rider,0.1,0.5,shared_crc,segformer_b2_cityscapes,cityscapes_val_half,222
,,,1.0,1000,True,0.0,0.0,1.0,,183,,,False,,,,,,93,bicycle,0.1,0.5,shared_crc,segformer_b2_cityscapes,cityscapes_val_half,222
,,,0.999,999,True,0.1724736863500714,0.1724736863500714,,,228,,,False,,,,,,93,max_over_classes,0.2,0.5,shared_crc,segformer_b2_cityscapes,cityscapes_val_half,222
,,,0.999,999,True,0.046785437432961416,0.046785437432961416,0.05647256597876549,,203,,,False,,,,,,93,person,0.2,0.5,shared_crc,segformer_b2_cityscapes,cityscapes_val_half,222
,,,0.999,999,True,0.17048006194347656,0.17048006194347656,0.017788076773285866,,123,,,False,,,,,,93,rider,0.2,0.5,shared_crc,segformer_b2_cityscapes,cityscapes_val_half,222
,,,0.999,999,True,0.09998735326604179,0.09998735326604179,0.030412359163165092,,183,,,False,,,,,,93,bicycle,0.2,0.5,shared_crc,segformer_b2_cityscapes,cityscapes_val_half,222
,,,0.999,999,True,0.03543544483348511,0.03543544483348511,0.05765574797987938,0.224,194,1285.0,0.06,False,0.057971014492753624,0.004347826086956522,0.0,,,94,person,0.05,0.1,region_crc,segformer_b2_cityscapes,cityscapes_val_half,208
,,,0.993,993,True,0.11324051867084327,0.11324051867084327,0.038957804441452026,0.224,194,1285.0,0.06400000000000006,False,0.14347826086956522,0.02608695652173913,0.0,,,94,person,0.1,0.1,region_crc,segformer_b2_cityscapes,cityscapes_val_half,208
,,,0.971,971,True,0.2242737090898656,0.22427370908986566,0.029056638479232788,6.128,194,1285.0,0.06,False,0.2811594202898551,0.058695652173913045,0.0,,,94,person,0.2,0.1,region_crc,segformer_b2_cityscapes,cityscapes_val_half,208
,,,1.0,1000,True,0.0,0.0,1.0,0.224,194,1285.0,0.0,False,0.0,0.0,0.0,,,94,person,0.05,0.5,region_crc,segformer_b2_cityscapes,cityscapes_val_half,208
,,,0.998,998,True,0.09622079752062836,0.09622079752062836,0.050160542130470276,0.224,194,1285.0,0.064,False,0.10869565217391304,0.02608695652173913,0.0,,,94,person,0.1,0.5,region_crc,segformer_b2_cityscapes,cityscapes_val_half,208
,,,0.989,989,True,0.20621861179814963,0.20621861179814963,0.035529278218746185,0.224,194,1285.0,0.05600000000000005,False,0.23768115942028986,0.06956521739130435,0.0,,,94,person,0.2,0.5,region_crc,segformer_b2_cityscapes,cityscapes_val_half,208
,,,1.0,1000,True,0.0,0.0,1.0,0.488,128,387.0,0.0,False,0.0,0.0,0.0,,,94,rider,0.05,0.1,region_crc,segformer_b2_cityscapes,cityscapes_val_half,125
,,,1.0,1000,True,0.0,0.0,1.0,0.488,128,387.0,0.0,False,0.0,0.0,0.0,,,94,rider,0.1,0.1,region_crc,segformer_b2_cityscapes,cityscapes_val_half,125
,,,0.998,998,True,0.13952752976190474,0.13952752976190474,0.015434985980391502,0.488,128,387.0,0.06399999999999995,False,0.22488038277511962,0.047619047619047616,0.0,,,94,rider,0.2,0.1,region_crc,segformer_b2_cityscapes,cityscapes_val_half,125
,,,1.0,1000,True,0.0,0.0,1.0,0.488,128,387.0,0.0,False,0.0,0.0,0.0,,,94,rider,0.05,0.5,region_crc,segformer_b2_cityscapes,cityscapes_val_half,125
,,,1.0,1000,True,0.0,0.0,1.0,0.488,128,387.0,0.0,False,0.0,0.0,0.0,,,94,rider,0.1,0.5,region_crc,segformer_b2_cityscapes,cityscapes_val_half,125
,,,0.999,999,True,0.13805183531746032,0.13805183531746032,0.018828848376870155,0.488,128,387.0,0.06400000000000006,False,0.21052631578947367,0.061224489795918366,0.06451612903225806,,,94,rider,0.2,0.5,region_crc,segformer_b2_cityscapes,cityscapes_val_half,125
,,,1.0,1000,True,0.0,0.0,1.0,0.3,175,885.0,0.0,False,0.0,0.0,0.0,,,94,bicycle,0.05,0.1,region_crc,segformer_b2_cityscapes,cityscapes_val_half,170
,,,0.999,999,True,0.055145188145188144,0.055145188145188144,0.03173559159040451,0.3,175,885.0,0.05599999999999994,False,0.09174311926605505,0.011049723756906077,0.0,,,94,bicycle,0.1,0.1,region_crc,segformer_b2_cityscapes,cityscapes_val_half,170
,,,0.99,990,True,0.18141948527662813,0.18141948527662813,0.01888684742152691,0.3,175,885.0,0.06000000000000005,False,0.28440366972477066,0.06077348066298342,0.0,,,94,bicycle,0.2,0.1,region_crc,segformer_b2_cityscapes,cityscapes_val_half,170
,,,1.0,1000,True,0.0,0.0,1.0,0.3,175,885.0,0.0,False,0.0,0.0,0.0,,,94,bicycle,0.05,0.5,region_crc,segformer_b2_cityscapes,cityscapes_val_half,170
,,,1.0,1000,True,0.0,0.0,1.0,0.3,175,885.0,0.0,False,0.0,0.0,0.0,,,94,bicycle,0.1,0.5,region_crc,segformer_b2_cityscapes,cityscapes_val_half,170
,,,0.995,995,True,0.17648262848262847,0.1764826284826285,0.021986093372106552,0.3,175,885.0,0.052000000000000046,False,0.26605504587155965,0.08011049723756906,0.011494252873563218,,,94,bicycle,0.2,0.5,region_crc,segformer_b2_cityscapes,cityscapes_val_half,170
,,,1.0,1000,True,0.0,0.0,,,221,,,False,,,,,,94,max_over_classes,0.05,0.1,shared_crc,segformer_b2_cityscapes,cityscapes_val_half,229
,,,1.0,1000,True,0.0,0.0,1.0,,194,,,False,,,,,,94,person,0.05,0.1,shared_crc,segformer_b2_cityscapes,cityscapes_val_half,229
,,,1.0,1000,True,0.0,0.0,1.0,,128,,,False,,,,,,94,rider,0.05,0.1,shared_crc,segformer_b2_cityscapes,cityscapes_val_half,229
,,,1.0,1000,True,0.0,0.0,1.0,,175,,,False,,,,,,94,bicycle,0.05,0.1,shared_crc,segformer_b2_cityscapes,cityscapes_val_half,229
,,,1.0,1000,True,0.0,0.0,,,221,,,False,,,,,,94,max_over_classes,0.1,0.1,shared_crc,segformer_b2_cityscapes,cityscapes_val_half,229
,,,1.0,1000,True,0.0,0.0,1.0,,194,,,False,,,,,,94,person,0.1,0.1,shared_crc,segformer_b2_cityscapes,cityscapes_val_half,229
,,,1.0,1000,True,0.0,0.0,1.0,,128,,,False,,,,,,94,rider,0.1,0.1,shared_crc,segformer_b2_cityscapes,cityscapes_val_half,229
,,,1.0,1000,True,0.0,0.0,1.0,,175,,,False,,,,,,94,bicycle,0.1,0.1,shared_crc,segformer_b2_cityscapes,cityscapes_val_half,229
,,,0.997,997,True,0.18985339166719886,0.18985339166719886,,,221,,,False,,,,,,94,max_over_classes,0.2,0.1,shared_crc,segformer_b2_cityscapes,cityscapes_val_half,229
,,,0.997,997,True,0.07610141257487336,0.07610141257487336,0.046248968690633774,,194,,,False,,,,,,94,person,0.2,0.1,shared_crc,segformer_b2_cityscapes,cityscapes_val_half,229
,,,0.997,997,True,0.16274491567460314,0.16274491567460314,0.013685968704521656,,128,,,False,,,,,,94,rider,0.2,0.1,shared_crc,segformer_b2_cityscapes,cityscapes_val_half,229
,,,0.997,997,True,0.08610402296116582,0.08610402296116582,0.02469410002231598,,175,,,False,,,,,,94,bicycle,0.2,0.1,shared_crc,segformer_b2_cityscapes,cityscapes_val_half,229
,,,1.0,1000,True,0.0,0.0,,,221,,,False,,,,,,94,max_over_classes,0.05,0.5,shared_crc,segformer_b2_cityscapes,cityscapes_val_half,229
,,,1.0,1000,True,0.0,0.0,1.0,,194,,,False,,,,,,94,person,0.05,0.5,shared_crc,segformer_b2_cityscapes,cityscapes_val_half,229
,,,1.0,1000,True,0.0,0.0,1.0,,128,,,False,,,,,,94,rider,0.05,0.5,shared_crc,segformer_b2_cityscapes,cityscapes_val_half,229
,,,1.0,1000,True,0.0,0.0,1.0,,175,,,False,,,,,,94,bicycle,0.05,0.5,shared_crc,segformer_b2_cityscapes,cityscapes_val_half,229
,,,1.0,1000,True,0.0,0.0,,,221,,,False,,,,,,94,max_over_classes,0.1,0.5,shared_crc,segformer_b2_cityscapes,cityscapes_val_half,229
,,,1.0,1000,True,0.0,0.0,1.0,,194,,,False,,,,,,94,person,0.1,0.5,shared_crc,segformer_b2_cityscapes,cityscapes_val_half,229
,,,1.0,1000,True,0.0,0.0,1.0,,128,,,False,,,,,,94,rider,0.1,0.5,shared_crc,segformer_b2_cityscapes,cityscapes_val_half,229
,,,1.0,1000,True,0.0,0.0,1.0,,175,,,False,,,,,,94,bicycle,0.1,0.5,shared_crc,segformer_b2_cityscapes,cityscapes_val_half,229
,,,0.999,999,True,0.16652990418557848,0.16652990418557848,,,221,,,False,,,,,,94,max_over_classes,0.2,0.5,shared_crc,segformer_b2_cityscapes,cityscapes_val_half,229
,,,0.999,999,True,0.05394199053753488,0.05394199053753488,0.05765574797987938,,194,,,False,,,,,,94,person,0.2,0.5,shared_crc,segformer_b2_cityscapes,cityscapes_val_half,229
,,,0.999,999,True,0.13805183531746032,0.13805183531746032,0.018828848376870155,,128,,,False,,,,,,94,rider,0.2,0.5,shared_crc,segformer_b2_cityscapes,cityscapes_val_half,229
,,,0.999,999,True,0.09558983873269589,0.09558983873269589,0.03173559159040451,,175,,,False,,,,,,94,bicycle,0.2,0.5,shared_crc,segformer_b2_cityscapes,cityscapes_val_half,229
,,,0.999,999,True,0.034514567620237725,0.034514567620237725,0.05093100294470787,0.224,194,1213.0,0.11600000000000005,False,0.06635802469135803,0.01152073732718894,0.0,,,95,person,0.05,0.1,region_crc,segformer_b2_cityscapes,cityscapes_val_half,208
,,,0.993,993,True,0.11169366715758469,0.11169366715758469,0.03325715661048889,0.224,194,1213.0,0.12,False,0.15123456790123457,0.03225806451612903,0.0,,,95,person,0.1,0.1,region_crc,segformer_b2_cityscapes,cityscapes_val_half,208
,,,0.971,971,True,0.22374050466223555,0.22374050466223555,0.024124059826135635,5.88,194,1213.0,0.13200000000000006,False,0.3055555555555556,0.052995391705069124,0.0,,,95,person,0.2,0.1,region_crc,segformer_b2_cityscapes,cityscapes_val_half,208
,,,1.0,1000,True,0.0,0.0,1.0,0.224,194,1213.0,0.0,False,0.0,0.0,0.0,,,95,person,0.05,0.5,region_crc,segformer_b2_cityscapes,cityscapes_val_half,208
,,,0.998,998,True,0.09614594645522481,0.09614594645522481,0.04385189712047577,0.224,194,1213.0,0.12400000000000005,False,0.11882716049382716,0.029953917050691243,0.0,,,95,person,0.1,0.5,region_crc,segformer_b2_cityscapes,cityscapes_val_half,208
,,,0.987,987,True,0.23396591785156626,0.23396591785156626,0.02896803617477417,5.88,194,1213.0,0.12400000000000005,False,0.2777777777777778,0.08064516129032258,0.0,,,95,person,0.2,0.5,region_crc,segformer_b2_cityscapes,cityscapes_val_half,208
,,,1.0,1000,True,0.0,0.0,1.0,0.5,125,350.0,0.0,False,0.0,0.0,0.0,,,95,rider,0.05,0.1,region_crc,segformer_b2_cityscapes,cityscapes_val_half,128
,,,1.0,1000,True,0.0,0.0,1.0,0.5,125,350.0,0.0,False,0.0,0.0,0.0,,,95,rider,0.1,0.1,region_crc,segformer_b2_cityscapes,cityscapes_val_half,128
,,,0.997,997,True,0.19182344322344322,0.19182344322344325,0.01197132095694542,0.5,125,350.0,0.07200000000000001,False,0.2828282828282828,0.08264462809917356,0.0,,,95,rider,0.2,0.1,region_crc,segformer_b2_cityscapes,cityscapes_val_half,128
,,,1.0,1000,True,0.0,0.0,1.0,0.5,125,350.0,0.0,False,0.0,0.0,0.0,,,95,rider,0.05,0.5,region_crc,segformer_b2_cityscapes,cityscapes_val_half,128
,,,1.0,1000,True,0.0,0.0,1.0,0.5,125,350.0,0.0,False,0.0,0.0,0.0,,,95,rider,0.1,0.5,region_crc,segformer_b2_cityscapes,cityscapes_val_half,128
,,,0.999,999,True,0.13695677655677657,0.13695677655677657,0.016860369592905045,0.5,125,350.0,0.08400000000000002,False,0.20202020202020202,0.06611570247933884,0.0967741935483871,,,95,rider,0.2,0.5,region_crc,segformer_b2_cityscapes,cityscapes_val_half,128
,,,1.0,1000,True,0.0,0.0,1.0,0.34,165,745.0,0.0,False,0.0,0.0,0.0,,,95,bicycle,0.05,0.1,region_crc,segformer_b2_cityscapes,cityscapes_val_half,180
,,,0.999,999,True,0.056594365230728874,0.05659436523072887,0.029185207560658455,0.34,165,745.0,0.07599999999999996,False,0.09523809523809523,0.014035087719298246,0.0,,,95,bicycle,0.1,0.1,region_crc,segformer_b2_cityscapes,cityscapes_val_half,180
,,,0.992,992,True,0.14074750165659256,0.14074750165659258,0.017691638320684433,0.34,165,745.0,0.09199999999999997,False,0.23015873015873015,0.04912280701754386,0.0,,,95,bicycle,0.2,0.1,region_crc,segformer_b2_cityscapes,cityscapes_val_half,180
,,,1.0,1000,True,0.0,0.0,1.0,0.34,165,745.0,0.0,False,0.0,0.0,0.0,,,95,bicycle,0.05,0.5,region_crc,segformer_b2_cityscapes,cityscapes_val_half,180
,,,1.0,1000,True,0.0,0.0,1.0,0.34,165,745.0,0.0,False,0.0,0.0,0.0,,,95,bicycle,0.1,0.5,region_crc,segformer_b2_cityscapes,cityscapes_val_half,180
,,,0.996,996,True,0.14739770330679422,0.14739770330679422,0.020840652287006378,0.34,165,745.0,0.08400000000000002,False,0.21164021164021163,0.06666666666666667,0.0,,,95,bicycle,0.2,0.5,region_crc,segformer_b2_cityscapes,cityscapes_val_half,180
,,,1.0,1000,True,0.0,0.0,,,218,,,False,,,,,,95,max_over_classes,0.05,0.1,shared_crc,segformer_b2_cityscapes,cityscapes_val_half,232
,,,1.0,1000,True,0.0,0.0,1.0,,194,,,False,,,,,,95,person,0.05,0.1,shared_crc,segformer_b2_cityscapes,cityscapes_val_half,232
,,,1.0,1000,True,0.0,0.0,1.0,,125,,,False,,,,,,95,rider,0.05,0.1,shared_crc,segformer_b2_cityscapes,cityscapes_val_half,232
,,,1.0,1000,True,0.0,0.0,1.0,,165,,,False,,,,,,95,bicycle,0.05,0.1,shared_crc,segformer_b2_cityscapes,cityscapes_val_half,232
,,,1.0,1000,True,0.0,0.0,,,218,,,False,,,,,,95,max_over_classes,0.1,0.1,shared_crc,segformer_b2_cityscapes,cityscapes_val_half,232
,,,1.0,1000,True,0.0,0.0,1.0,,194,,,False,,,,,,95,person,0.1,0.1,shared_crc,segformer_b2_cityscapes,cityscapes_val_half,232
,,,1.0,1000,True,0.0,0.0,1.0,,125,,,False,,,,,,95,rider,0.1,0.1,shared_crc,segformer_b2_cityscapes,cityscapes_val_half,232
,,,1.0,1000,True,0.0,0.0,1.0,,165,,,False,,,,,,95,bicycle,0.1,0.1,shared_crc,segformer_b2_cityscapes,cityscapes_val_half,232
,,,0.997,997,True,0.19912587497449882,0.19912587497449882,,,218,,,False,,,,,,95,max_over_classes,0.2,0.1,shared_crc,segformer_b2_cityscapes,cityscapes_val_half,232
,,,0.997,997,True,0.07480055835725938,0.07480055835725938,0.04015669226646423,,194,,,False,,,,,,95,person,0.2,0.1,shared_crc,segformer_b2_cityscapes,cityscapes_val_half,232
,,,0.997,997,True,0.19182344322344322,0.19182344322344322,0.01197132095694542,,125,,,False,,,,,,95,rider,0.2,0.1,shared_crc,segformer_b2_cityscapes,cityscapes_val_half,232
,,,0.997,997,True,0.09699600063236427,0.09699600063236427,0.02235206961631775,,165,,,False,,,,,,95,bicycle,0.2,0.1,shared_crc,segformer_b2_cityscapes,cityscapes_val_half,232
,,,1.0,1000,True,0.0,0.0,,,218,,,False,,,,,,95,max_over_classes,0.05,0.5,shared_crc,segformer_b2_cityscapes,cityscapes_val_half,232
,,,1.0,1000,True,0.0,0.0,1.0,,194,,,False,,,,,,95,person,0.05,0.5,shared_crc,segformer_b2_cityscapes,cityscapes_val_half,232
,,,1.0,1000,True,0.0,0.0,1.0,,125,,,False,,,,,,95,rider,0.05,0.5,shared_crc,segformer_b2_cityscapes,cityscapes_val_half,232
,,,1.0,1000,True,0.0,0.0,1.0,,165,,,False,,,,,,95,bicycle,0.05,0.5,shared_crc,segformer_b2_cityscapes,cityscapes_val_half,232
,,,1.0,1000,True,0.0,0.0,,,218,,,False,,,,,,95,max_over_classes,0.1,0.5,shared_crc,segformer_b2_cityscapes,cityscapes_val_half,232
,,,1.0,1000,True,0.0,0.0,1.0,,194,,,False,,,,,,95,person,0.1,0.5,shared_crc,segformer_b2_cityscapes,cityscapes_val_half,232
,,,1.0,1000,True,0.0,0.0,1.0,,125,,,False,,,,,,95,rider,0.1,0.5,shared_crc,segformer_b2_cityscapes,cityscapes_val_half,232
,,,1.0,1000,True,0.0,0.0,1.0,,165,,,False,,,,,,95,bicycle,0.1,0.5,shared_crc,segformer_b2_cityscapes,cityscapes_val_half,232
,,,0.999,999,True,0.1554898698820717,0.1554898698820717,,,218,,,False,,,,,,95,max_over_classes,0.2,0.5,shared_crc,segformer_b2_cityscapes,cityscapes_val_half,232
,,,0.999,999,True,0.054382118931088,0.054382118931088,0.05093100294470787,,194,,,False,,,,,,95,person,0.2,0.5,shared_crc,segformer_b2_cityscapes,cityscapes_val_half,232
,,,0.999,999,True,0.13695677655677657,0.13695677655677657,0.016860369592905045,,125,,,False,,,,,,95,rider,0.2,0.5,shared_crc,segformer_b2_cityscapes,cityscapes_val_half,232
,,,0.999,999,True,0.08778965142601507,0.08778965142601507,0.029185207560658455,,165,,,False,,,,,,95,bicycle,0.2,0.5,shared_crc,segformer_b2_cityscapes,cityscapes_val_half,232
,,,0.999,999,True,0.03067508096103083,0.03067508096103083,0.05665431171655655,0.204,199,1364.0,0.08000000000000002,False,0.05361930294906166,0.010416666666666666,0.0,,,96,person,0.05,0.1,region_crc,segformer_b2_cityscapes,cityscapes_val_half,203
,,,0.996,996,True,0.07271283103898192,0.07271283103898192,0.04269050434231758,0.204,199,1364.0,0.07999999999999996,False,0.0938337801608579,0.014583333333333334,0.0,,,96,person,0.1,0.1,region_crc,segformer_b2_cityscapes,cityscapes_val_half,203
,,,0.977,977,True,0.19233898818431389,0.19233898818431389,0.029583245515823364,6.22,199,1364.0,0.05199999999999999,False,0.2613941018766756,0.0375,0.0,,,96,person,0.2,0.1,region_crc,segformer_b2_cityscapes,cityscapes_val_half,203
,,,1.0,1000,True,0.0,0.0,1.0,0.204,199,1364.0,0.0,False,0.0,0.0,0.0,,,96,person,0.05,0.5,region_crc,segformer_b2_cityscapes,cityscapes_val_half,203
,,,0.999,999,True,0.04986047401577062,0.04986047401577062,0.05665431171655655,0.204,199,1364.0,0.08000000000000002,False,0.07238605898123325,0.01875,0.0,,,96,person,0.1,0.5,region_crc,segformer_b2_cityscapes,cityscapes_val_half,203
,,,0.99,990,True,0.18951614380368054,0.18951614380368054,0.035285741090774536,0.204,199,1364.0,0.05200000000000002,False,0.2292225201072386,0.06666666666666667,0.0,,,96,person,0.2,0.5,region_crc,segformer_b2_cityscapes,cityscapes_val_half,203
,,,1.0,1000,True,0.0,0.0,1.0,0.48,130,352.0,0.0,False,0.0,0.0,0.0,,,96,rider,0.05,0.1,region_crc,segformer_b2_cityscapes,cityscapes_val_half,123
,,,1.0,1000,True,0.0,0.0,1.0,0.48,130,352.0,0.0,False,0.0,0.0,0.0,,,96,rider,0.1,0.1,region_crc,segformer_b2_cityscapes,cityscapes_val_half,123
,,,0.997,997,True,0.21247397901244053,0.21247397901244058,0.012799366377294064,0.48,130,352.0,0.07600000000000007,False,0.29064039408866993,0.0782608695652174,0.0,,,96,rider,0.2,0.1,region_crc,segformer_b2_cityscapes,cityscapes_val_half,123
,,,1.0,1000,True,0.0,0.0,1.0,0.48,130,352.0,0.0,False,0.0,0.0,0.0,,,96,rider,0.05,0.5,region_crc,segformer_b2_cityscapes,cityscapes_val_half,123
,,,1.0,1000,True,0.0,0.0,1.0,0.48,130,352.0,0.0,False,0.0,0.0,0.0,,,96,rider,0.1,0.5,region_crc,segformer_b2_cityscapes,cityscapes_val_half,123
,,,0.998,998,True,0.23674137827983982,0.2367413782798398,0.014552604407072067,0.48,130,352.0,0.06800000000000006,False,0.30049261083743845,0.09565217391304348,0.08823529411764706,,,96,rider,0.2,0.5,region_crc,segformer_b2_cityscapes,cityscapes_val_half,123
,,,1.0,1000,True,0.0,0.0,1.0,0.284,179,869.0,0.0,False,0.0,0.0,0.0,,,96,bicycle,0.05,0.1,region_crc,segformer_b2_cityscapes,cityscapes_val_half,166
,,,0.999,999,True,0.05543843183507987,0.05543843183507987,0.03163032978773117,0.284,179,869.0,0.07599999999999996,False,0.10619469026548672,0.015197568389057751,0.0,,,96,bicycle,0.1,0.1,region_crc,segformer_b2_cityscapes,cityscapes_val_half,166
,,,0.993,993,True,0.13273445982943188,0.1327344598294319,0.020214485004544258,0.284,179,869.0,0.08800000000000008,False,0.22123893805309736,0.03951367781155015,0.0,,,96,bicycle,0.2,0.1,region_crc,segformer_b2_cityscapes,cityscapes_val_half,166
,,,1.0,1000,True,0.0,0.0,1.0,0.284,179,869.0,0.0,False,0.0,0.0,0.0,,,96,bicycle,0.05,0.5,region_crc,segformer_b2_cityscapes,cityscapes_val_half,166
,,,1.0,1000,True,0.0,0.0,1.0,0.284,179,869.0,0.0,False,0.0,0.0,0.0,,,96,bicycle,0.1,0.5,region_crc,segformer_b2_cityscapes,cityscapes_val_half,166
,,,0.997,997,True,0.1308417684116008,0.1308417684116008,0.024553826078772545,0.284,179,869.0,0.09200000000000008,False,0.2079646017699115,0.04559270516717325,0.0,,,96,bicycle,0.2,0.5,region_crc,segformer_b2_cityscapes,cityscapes_val_half,166
,,,1.0,1000,True,0.0,0.0,,,222,,,False,,,,,,96,max_over_classes,0.05,0.1,shared_crc,segformer_b2_cityscapes,cityscapes_val_half,228
,,,1.0,1000,True,0.0,0.0,1.0,,199,,,False,,,,,,96,person,0.05,0.1,shared_crc,segformer_b2_cityscapes,cityscapes_val_half,228
,,,1.0,1000,True,0.0,0.0,1.0,,130,,,False,,,,,,96,rider,0.05,0.1,shared_crc,segformer_b2_cityscapes,cityscapes_val_half,228
,,,1.0,1000,True,0.0,0.0,1.0,,179,,,False,,,,,,96,bicycle,0.05,0.1,shared_crc,segformer_b2_cityscapes,cityscapes_val_half,228
,,,1.0,1000,True,0.0,0.0,,,222,,,False,,,,,,96,max_over_classes,0.1,0.1,shared_crc,segformer_b2_cityscapes,cityscapes_val_half,228
,,,1.0,1000,True,0.0,0.0,1.0,,199,,,False,,,,,,96,person,0.1,0.1,shared_crc,segformer_b2_cityscapes,cityscapes_val_half,228
,,,1.0,1000,True,0.0,0.0,1.0,,130,,,False,,,,,,96,rider,0.1,0.1,shared_crc,segformer_b2_cityscapes,cityscapes_val_half,228
,,,1.0,1000,True,0.0,0.0,1.0,,179,,,False,,,,,,96,bicycle,0.1,0.1,shared_crc,segformer_b2_cityscapes,cityscapes_val_half,228
,,,0.998,998,True,0.15951781405341778,0.15951781405341778,,,222,,,False,,,,,,96,max_over_classes,0.2,0.1,shared_crc,segformer_b2_cityscapes,cityscapes_val_half,228
,,,0.998,998,True,0.04722427715846824,0.04722427715846824,0.04923121631145477,,199,,,False,,,,,,96,person,0.2,0.1,shared_crc,segformer_b2_cityscapes,cityscapes_val_half,228
,,,0.998,998,True,0.17476613130459284,0.17476613130459284,0.014552604407072067,,130,,,False,,,,,,96,rider,0.2,0.1,shared_crc,segformer_b2_cityscapes,cityscapes_val_half,228
,,,0.998,998,True,0.08546636479597373,0.08546636479597373,0.026955382898449898,,179,,,False,,,,,,96,bicycle,0.2,0.1,shared_crc,segformer_b2_cityscapes,cityscapes_val_half,228
,,,1.0,1000,True,0.0,0.0,,,222,,,False,,,,,,96,max_over_classes,0.05,0.5,shared_crc,segformer_b2_cityscapes,cityscapes_val_half,228
,,,1.0,1000,True,0.0,0.0,1.0,,199,,,False,,,,,,96,person,0.05,0.5,shared_crc,segformer_b2_cityscapes,cityscapes_val_half,228
,,,1.0,1000,True,0.0,0.0,1.0,,130,,,False,,,,,,96,rider,0.05,0.5,shared_crc,segformer_b2_cityscapes,cityscapes_val_half,228
,,,1.0,1000,True,0.0,0.0,1.0,,179,,,False,,,,,,96,bicycle,0.05,0.5,shared_crc,segformer_b2_cityscapes,cityscapes_val_half,228
,,,1.0,1000,True,0.0,0.0,,,222,,,False,,,,,,96,max_over_classes,0.1,0.5,shared_crc,segformer_b2_cityscapes,cityscapes_val_half,228
,,,1.0,1000,True,0.0,0.0,1.0,,199,,,False,,,,,,96,person,0.1,0.5,shared_crc,segformer_b2_cityscapes,cityscapes_val_half,228
,,,1.0,1000,True,0.0,0.0,1.0,,130,,,False,,,,,,96,rider,0.1,0.5,shared_crc,segformer_b2_cityscapes,cityscapes_val_half,228
,,,1.0,1000,True,0.0,0.0,1.0,,179,,,False,,,,,,96,bicycle,0.1,0.5,shared_crc,segformer_b2_cityscapes,cityscapes_val_half,228
,,,0.999,999,True,0.1649682645038682,0.1649682645038682,,,222,,,False,,,,,,96,max_over_classes,0.2,0.5,shared_crc,segformer_b2_cityscapes,cityscapes_val_half,228
,,,0.999,999,True,0.04986047401577062,0.04986047401577062,0.05665431171655655,,199,,,False,,,,,,96,person,0.2,0.5,shared_crc,segformer_b2_cityscapes,cityscapes_val_half,228
,,,0.999,999,True,0.1711336526721142,0.1711336526721142,0.01801026426255703,,130,,,False,,,,,,96,rider,0.2,0.5,shared_crc,segformer_b2_cityscapes,cityscapes_val_half,228
,,,0.999,999,True,0.0941679053410897,0.0941679053410897,0.03163032978773117,,179,,,False,,,,,,96,bicycle,0.2,0.5,shared_crc,segformer_b2_cityscapes,cityscapes_val_half,228
,,,0.999,999,True,0.03776660958077555,0.03776660958077555,0.055263884365558624,0.18,205,1344.0,0.05199999999999999,False,0.04973118279569892,0.006493506493506494,0.0,,,97,person,0.05,0.1,region_crc,segformer_b2_cityscapes,cityscapes_val_half,197
,,,0.995,995,True,0.09479578636604989,0.0947957863660499,0.03915456309914589,0.18,205,1344.0,0.05600000000000005,False,0.10887096774193548,0.008658008658008658,0.0,,,97,person,0.1,0.1,region_crc,segformer_b2_cityscapes,cityscapes_val_half,197
,,,0.972,972,True,0.2203171569942694,0.22031715699426943,0.026736320927739143,6.168,205,1344.0,0.052000000000000046,False,0.2728494623655914,0.04329004329004329,0.0,,,97,person,0.2,0.1,region_crc,segformer_b2_cityscapes,cityscapes_val_half,197
,,,1.0,1000,True,0.0,0.0,1.0,0.18,205,1344.0,0.0,False,0.0,0.0,0.0,,,97,person,0.05,0.5,region_crc,segformer_b2_cityscapes,cityscapes_val_half,197
,,,0.998,998,True,0.08974011935916339,0.08974011935916337,0.04770197346806526,0.18,205,1344.0,0.04799999999999999,False,0.08870967741935484,0.015151515151515152,0.0,,,97,person,0.1,0.5,region_crc,segformer_b2_cityscapes,cityscapes_val_half,197
,,,0.988,988,True,0.21232318194864444,0.21232318194864444,0.03230806440114975,0.18,205,1344.0,0.05599999999999994,False,0.24059139784946237,0.0670995670995671,0.0,,,97,person,0.2,0.5,region_crc,segformer_b2_cityscapes,cityscapes_val_half,197
,,,1.0,1000,True,0.0,0.0,1.0,0.5,125,347.0,0.0,False,0.0,0.0,0.0,,,97,rider,0.05,0.1,region_crc,segformer_b2_cityscapes,cityscapes_val_half,128
,,,1.0,1000,True,0.0,0.0,1.0,0.5,125,347.0,0.0,False,0.0,0.0,0.0,,,97,rider,0.1,0.1,region_crc,segformer_b2_cityscapes,cityscapes_val_half,128
,,,0.998,998,True,0.11001904761904761,0.11001904761904761,0.014416106976568699,0.5,125,347.0,0.052000000000000046,False,0.17616580310880828,0.03278688524590164,0.0,,,97,rider,0.2,0.1,region_crc,segformer_b2_cityscapes,cityscapes_val_half,128
,,,1.0,1000,True,0.0,0.0,1.0,0.5,125,347.0,0.0,False,0.0,0.0,0.0,,,97,rider,0.05,0.5,region_crc,segformer_b2_cityscapes,cityscapes_val_half,128
,,,1.0,1000,True,0.0,0.0,1.0,0.5,125,347.0,0.0,False,0.0,0.0,0.0,,,97,rider,0.1,0.5,region_crc,segformer_b2_cityscapes,cityscapes_val_half,128
,,,0.999,999,True,0.12024126984126984,0.12024126984126984,0.017792709171772003,0.5,125,347.0,0.05999999999999994,False,0.17098445595854922,0.04918032786885246,0.0625,,,97,rider,0.2,0.5,region_crc,segformer_b2_cityscapes,cityscapes_val_half,128
,,,1.0,1000,True,0.0,0.0,1.0,0.3,175,843.0,0.0,False,0.0,0.0,0.0,,,97,bicycle,0.05,0.1,region_crc,segformer_b2_cityscapes,cityscapes_val_half,170
,,,0.999,999,True,0.05792766757052471,0.05792766757052471,0.030755244195461273,0.3,175,843.0,0.07199999999999995,False,0.12056737588652482,0.006024096385542169,0.0,,,97,bicycle,0.1,0.1,region_crc,segformer_b2_cityscapes,cityscapes_val_half,170
,,,0.991,991,True,0.15595904888762033,0.15595904888762033,0.018118655309081078,0.3,175,843.0,0.06400000000000006,False,0.28132387706855794,0.03313253012048193,0.0,,,97,bicycle,0.2,0.1,region_crc,segformer_b2_cityscapes,cityscapes_val_half,170
,,,1.0,1000,True,0.0,0.0,1.0,0.3,175,843.0,0.0,False,0.0,0.0,0.0,,,97,bicycle,0.05,0.5,region_crc,segformer_b2_cityscapes,cityscapes_val_half,170
,,,1.0,1000,True,0.0,0.0,1.0,0.3,175,843.0,0.0,False,0.0,0.0,0.0,,,97,bicycle,0.1,0.5,region_crc,segformer_b2_cityscapes,cityscapes_val_half,170
,,,0.996,996,True,0.15658487544201832,0.15658487544201832,0.021973254159092903,0.3,175,843.0,0.06800000000000006,False,0.24822695035460993,0.04819277108433735,0.0,,,97,bicycle,0.2,0.5,region_crc,segformer_b2_cityscapes,cityscapes_val_half,170
,,,1.0,1000,True,0.0,0.0,,,228,,,False,,,,,,97,max_over_classes,0.05,0.1,shared_crc,segformer_b2_cityscapes,cityscapes_val_half,222
,,,1.0,1000,True,0.0,0.0,1.0,,205,,,False,,,,,,97,person,0.05,0.1,shared_crc,segformer_b2_cityscapes,cityscapes_val_half,222
,,,1.0,1000,True,0.0,0.0,1.0,,125,,,False,,,,,,97,rider,0.05,0.1,shared_crc,segformer_b2_cityscapes,cityscapes_val_half,222
,,,1.0,1000,True,0.0,0.0,1.0,,175,,,False,,,,,,97,bicycle,0.05,0.1,shared_crc,segformer_b2_cityscapes,cityscapes_val_half,222
,,,1.0,1000,True,0.0,0.0,,,228,,,False,,,,,,97,max_over_classes,0.1,0.1,shared_crc,segformer_b2_cityscapes,cityscapes_val_half,222
,,,1.0,1000,True,0.0,0.0,1.0,,205,,,False,,,,,,97,person,0.1,0.1,shared_crc,segformer_b2_cityscapes,cityscapes_val_half,222
,,,1.0,1000,True,0.0,0.0,1.0,,125,,,False,,,,,,97,rider,0.1,0.1,shared_crc,segformer_b2_cityscapes,cityscapes_val_half,222
,,,1.0,1000,True,0.0,0.0,1.0,,175,,,False,,,,,,97,bicycle,0.1,0.1,shared_crc,segformer_b2_cityscapes,cityscapes_val_half,222
,,,0.998,998,True,0.13840011064530372,0.13840011064530372,,,228,,,False,,,,,,97,max_over_classes,0.2,0.1,shared_crc,segformer_b2_cityscapes,cityscapes_val_half,222
,,,0.998,998,True,0.051739086967887093,0.051739086967887093,0.04770197346806526,,205,,,False,,,,,,97,person,0.2,0.1,shared_crc,segformer_b2_cityscapes,cityscapes_val_half,222
,,,0.998,998,True,0.11001904761904761,0.11001904761904761,0.014416106976568699,,125,,,False,,,,,,97,rider,0.2,0.1,shared_crc,segformer_b2_cityscapes,cityscapes_val_half,222
,,,0.998,998,True,0.08027254491540205,0.08027254491540205,0.02600395493209362,,175,,,False,,,,,,97,bicycle,0.2,0.1,shared_crc,segformer_b2_cityscapes,cityscapes_val_half,222
,,,1.0,1000,True,0.0,0.0,,,228,,,False,,,,,,97,max_over_classes,0.05,0.5,shared_crc,segformer_b2_cityscapes,cityscapes_val_half,222
,,,1.0,1000,True,0.0,0.0,1.0,,205,,,False,,,,,,97,person,0.05,0.5,shared_crc,segformer_b2_cityscapes,cityscapes_val_half,222
,,,1.0,1000,True,0.0,0.0,1.0,,125,,,False,,,,,,97,rider,0.05,0.5,shared_crc,segformer_b2_cityscapes,cityscapes_val_half,222
,,,1.0,1000,True,0.0,0.0,1.0,,175,,,False,,,,,,97,bicycle,0.05,0.5,shared_crc,segformer_b2_cityscapes,cityscapes_val_half,222
,,,1.0,1000,True,0.0,0.0,,,228,,,False,,,,,,97,max_over_classes,0.1,0.5,shared_crc,segformer_b2_cityscapes,cityscapes_val_half,222
,,,1.0,1000,True,0.0,0.0,1.0,,205,,,False,,,,,,97,person,0.1,0.5,shared_crc,segformer_b2_cityscapes,cityscapes_val_half,222
,,,1.0,1000,True,0.0,0.0,1.0,,125,,,False,,,,,,97,rider,0.1,0.5,shared_crc,segformer_b2_cityscapes,cityscapes_val_half,222
,,,1.0,1000,True,0.0,0.0,1.0,,175,,,False,,,,,,97,bicycle,0.1,0.5,shared_crc,segformer_b2_cityscapes,cityscapes_val_half,222
,,,0.999,999,True,0.15621579885572878,0.15621579885572878,,,228,,,False,,,,,,97,max_over_classes,0.2,0.5,shared_crc,segformer_b2_cityscapes,cityscapes_val_half,222
,,,0.999,999,True,0.05946266420365944,0.05946266420365944,0.055263884365558624,,205,,,False,,,,,,97,person,0.2,0.5,shared_crc,segformer_b2_cityscapes,cityscapes_val_half,222
,,,0.999,999,True,0.12024126984126984,0.12024126984126984,0.017792709171772003,,125,,,False,,,,,,97,rider,0.2,0.5,shared_crc,segformer_b2_cityscapes,cityscapes_val_half,222
,,,0.999,999,True,0.09899858078429508,0.09899858078429508,0.030755244195461273,,175,,,False,,,,,,97,bicycle,0.2,0.5,shared_crc,segformer_b2_cityscapes,cityscapes_val_half,222
,,,0.999,999,True,0.03153592780772991,0.03153592780772991,0.05768341198563576,0.192,202,1362.0,0.07200000000000001,False,0.04370860927152318,0.0020964360587002098,0.0,,,98,person,0.05,0.1,region_crc,segformer_b2_cityscapes,cityscapes_val_half,200
,,,0.996,996,True,0.07646260454133733,0.07646260454133733,0.04317489638924599,0.192,202,1362.0,0.06000000000000005,False,0.08741721854304636,0.008385744234800839,0.0,,,98,person,0.1,0.1,region_crc,segformer_b2_cityscapes,cityscapes_val_half,200
,,,0.981,981,True,0.16440041364902658,0.16440041364902658,0.03092096745967865,6.448,202,1362.0,0.08400000000000007,False,0.20397350993377483,0.029350104821802937,0.0,,,98,person,0.2,0.1,region_crc,segformer_b2_cityscapes,cityscapes_val_half,200
,,,1.0,1000,True,0.0,0.0,1.0,0.192,202,1362.0,0.0,False,0.0,0.0,0.0,,,98,person,0.05,0.5,region_crc,segformer_b2_cityscapes,cityscapes_val_half,200
,,,0.999,999,True,0.04248779222494086,0.04248779222494086,0.05768341198563576,0.192,202,1362.0,0.07200000000000001,False,0.054304635761589407,0.008385744234800839,0.0,,,98,person,0.1,0.5,region_crc,segformer_b2_cityscapes,cityscapes_val_half,200
,,,0.992,992,True,0.1512003985925759,0.1512003985925759,0.03726596012711525,0.192,202,1362.0,0.06000000000000005,False,0.1827814569536424,0.03773584905660377,0.0,,,98,person,0.2,0.5,region_crc,segformer_b2_cityscapes,cityscapes_val_half,200
,,,1.0,1000,True,0.0,0.0,1.0,0.528,118,354.0,0.0,False,0.0,0.0,0.0,,,98,rider,0.05,0.1,region_crc,segformer_b2_cityscapes,cityscapes_val_half,135
,,,1.0,1000,True,0.0,0.0,1.0,0.528,118,354.0,0.0,False,0.0,0.0,0.0,,,98,rider,0.1,0.1,region_crc,segformer_b2_cityscapes,cityscapes_val_half,135
,,,0.998,998,True,0.12510088781275222,0.12510088781275222,0.014232027344405651,0.528,118,354.0,0.05199999999999999,False,0.18652849740932642,0.007352941176470588,0.0,,,98,rider,0.2,0.1,region_crc,segformer_b2_cityscapes,cityscapes_val_half,135
,,,1.0,1000,True,0.0,0.0,1.0,0.528,118,354.0,0.0,False,0.0,0.0,0.0,,,98,rider,0.05,0.5,region_crc,segformer_b2_cityscapes,cityscapes_val_half,135
,,,1.0,1000,True,0.0,0.0,1.0,0.528,118,354.0,0.0,False,0.0,0.0,0.0,,,98,rider,0.1,0.5,region_crc,segformer_b2_cityscapes,cityscapes_val_half,135
,,,0.999,999,True,0.11615550174872208,0.11615550174872209,0.017627611756324768,0.528,118,354.0,0.052000000000000005,False,0.16580310880829016,0.029411764705882353,0.04,,,98,rider,0.2,0.5,region_crc,segformer_b2_cityscapes,cityscapes_val_half,135
,,,1.0,1000,True,0.0,0.0,1.0,0.288,178,877.0,0.0,False,0.0,0.0,0.0,,,98,bicycle,0.05,0.1,region_crc,segformer_b2_cityscapes,cityscapes_val_half,167
,,,0.998,998,True,0.08885601757792769,0.08885601757792769,0.026390839368104935,0.288,178,877.0,0.092,False,0.14383561643835616,0.01662049861495845,0.0,,,98,bicycle,0.1,0.1,region_crc,segformer_b2_cityscapes,cityscapes_val_half,167
,,,0.991,991,True,0.1583601713517444,0.15836017135174438,0.018298955634236336,0.288,178,877.0,0.08400000000000002,False,0.2831050228310502,0.04709141274238227,0.0,,,98,bicycle,0.2,0.1,region_crc,segformer_b2_cityscapes,cityscapes_val_half,167
,,,1.0,1000,True,0.0,0.0,1.0,0.288,178,877.0,0.0,False,0.0,0.0,0.0,,,98,bicycle,0.05,0.5,region_crc,segformer_b2_cityscapes,cityscapes_val_half,167
,,,1.0,1000,True,0.0,0.0,1.0,0.288,178,877.0,0.0,False,0.0,0.0,0.0,,,98,bicycle,0.1,0.5,region_crc,segformer_b2_cityscapes,cityscapes_val_half,167
,,,0.996,996,True,0.15156472740742405,0.15156472740742402,0.02226024679839611,0.288,178,877.0,0.09200000000000003,False,0.2465753424657534,0.05817174515235457,0.01282051282051282,,,98,bicycle,0.2,0.5,region_crc,segformer_b2_cityscapes,cityscapes_val_half,167
,,,1.0,1000,True,0.0,0.0,,,225,,,False,,,,,,98,max_over_classes,0.05,0.1,shared_crc,segformer_b2_cityscapes,cityscapes_val_half,225
,,,1.0,1000,True,0.0,0.0,1.0,,202,,,False,,,,,,98,person,0.05,0.1,shared_crc,segformer_b2_cityscapes,cityscapes_val_half,225
,,,1.0,1000,True,0.0,0.0,1.0,,118,,,False,,,,,,98,rider,0.05,0.1,shared_crc,segformer_b2_cityscapes,cityscapes_val_half,225
,,,1.0,1000,True,0.0,0.0,1.0,,178,,,False,,,,,,98,bicycle,0.05,0.1,shared_crc,segformer_b2_cityscapes,cityscapes_val_half,225
,,,1.0,1000,True,0.0,0.0,,,225,,,False,,,,,,98,max_over_classes,0.1,0.1,shared_crc,segformer_b2_cityscapes,cityscapes_val_half,225
,,,1.0,1000,True,0.0,0.0,1.0,,202,,,False,,,,,,98,person,0.1,0.1,shared_crc,segformer_b2_cityscapes,cityscapes_val_half,225
,,,1.0,1000,True,0.0,0.0,1.0,,118,,,False,,,,,,98,rider,0.1,0.1,shared_crc,segformer_b2_cityscapes,cityscapes_val_half,225
,,,1.0,1000,True,0.0,0.0,1.0,,178,,,False,,,,,,98,bicycle,0.1,0.1,shared_crc,segformer_b2_cityscapes,cityscapes_val_half,225
,,,0.997,997,True,0.18979382300228534,0.18979382300228534,,,225,,,False,,,,,,98,max_over_classes,0.2,0.1,shared_crc,segformer_b2_cityscapes,cityscapes_val_half,225
,,,0.997,997,True,0.06545591321286383,0.06545591321286383,0.0458686463534832,,202,,,False,,,,,,98,person,0.2,0.1,shared_crc,segformer_b2_cityscapes,cityscapes_val_half,225
,,,0.997,997,True,0.1638249932741458,0.1638249932741458,0.012513726949691772,,118,,,False,,,,,,98,rider,0.2,0.1,shared_crc,segformer_b2_cityscapes,cityscapes_val_half,225
,,,0.997,997,True,0.10684212011459204,0.10684212011459204,0.02389279380440712,,178,,,False,,,,,,98,bicycle,0.2,0.1,shared_crc,segformer_b2_cityscapes,cityscapes_val_half,225
,,,1.0,1000,True,0.0,0.0,,,225,,,False,,,,,,98,max_over_classes,0.05,0.5,shared_crc,segformer_b2_cityscapes,cityscapes_val_half,225
,,,1.0,1000,True,0.0,0.0,1.0,,202,,,False,,,,,,98,person,0.05,0.5,shared_crc,segformer_b2_cityscapes,cityscapes_val_half,225
,,,1.0,1000,True,0.0,0.0,1.0,,118,,,False,,,,,,98,rider,0.05,0.5,shared_crc,segformer_b2_cityscapes,cityscapes_val_half,225
,,,1.0,1000,True,0.0,0.0,1.0,,178,,,False,,,,,,98,bicycle,0.05,0.5,shared_crc,segformer_b2_cityscapes,cityscapes_val_half,225
,,,1.0,1000,True,0.0,0.0,,,225,,,False,,,,,,98,max_over_classes,0.1,0.5,shared_crc,segformer_b2_cityscapes,cityscapes_val_half,225
,,,1.0,1000,True,0.0,0.0,1.0,,202,,,False,,,,,,98,person,0.1,0.5,shared_crc,segformer_b2_cityscapes,cityscapes_val_half,225
,,,1.0,1000,True,0.0,0.0,1.0,,118,,,False,,,,,,98,rider,0.1,0.5,shared_crc,segformer_b2_cityscapes,cityscapes_val_half,225
,,,1.0,1000,True,0.0,0.0,1.0,,178,,,False,,,,,,98,bicycle,0.1,0.5,shared_crc,segformer_b2_cityscapes,cityscapes_val_half,225
,,,0.999,999,True,0.15404390625236858,0.15404390625236858,,,225,,,False,,,,,,98,max_over_classes,0.2,0.5,shared_crc,segformer_b2_cityscapes,cityscapes_val_half,225
,,,0.999,999,True,0.04248779222494086,0.04248779222494086,0.05768341198563576,,202,,,False,,,,,,98,person,0.2,0.5,shared_crc,segformer_b2_cityscapes,cityscapes_val_half,225
,,,0.999,999,True,0.11615550174872208,0.11615550174872208,0.017627611756324768,,118,,,False,,,,,,98,rider,0.2,0.5,shared_crc,segformer_b2_cityscapes,cityscapes_val_half,225
,,,0.999,999,True,0.10727982223768742,0.10727982223768742,0.03127533569931984,,178,,,False,,,,,,98,bicycle,0.2,0.5,shared_crc,segformer_b2_cityscapes,cityscapes_val_half,225
,,,0.999,999,True,0.03272425096832991,0.03272425096832992,0.05263398587703705,0.2,200,1286.0,0.08000000000000007,False,0.036834924965893585,0.006928406466512702,0.0,,,99,person,0.05,0.1,region_crc,segformer_b2_cityscapes,cityscapes_val_half,202
,,,0.996,996,True,0.07866269446927342,0.07866269446927342,0.03891322389245033,0.2,200,1286.0,0.10000000000000009,False,0.0791268758526603,0.016166281755196306,0.0,,,99,person,0.1,0.1,region_crc,segformer_b2_cityscapes,cityscapes_val_half,202
,,,0.971,971,True,0.2230171612743981,0.2230171612743981,0.02485044114291668,5.992,200,1286.0,0.10800000000000001,False,0.2605729877216917,0.03926096997690531,0.0,,,99,person,0.2,0.1,region_crc,segformer_b2_cityscapes,cityscapes_val_half,202
,,,1.0,1000,True,0.0,0.0,1.0,0.2,200,1286.0,0.0,False,0.0,0.0,0.0,,,99,person,0.05,0.5,region_crc,segformer_b2_cityscapes,cityscapes_val_half,202
,,,0.998,998,True,0.08543055161213056,0.08543055161213055,0.04529232159256935,0.2,200,1286.0,0.09200000000000008,False,0.07503410641200546,0.020785219399538105,0.0,,,99,person,0.1,0.5,region_crc,segformer_b2_cityscapes,cityscapes_val_half,202
,,,0.987,987,True,0.22755932305998094,0.22755932305998094,0.02988453209400177,5.992,200,1286.0,0.09600000000000003,False,0.23192360163710776,0.06928406466512702,0.0,,,99,person,0.2,0.5,region_crc,segformer_b2_cityscapes,cityscapes_val_half,202
,,,1.0,1000,True,0.0,0.0,1.0,0.54,115,346.0,0.0,False,0.0,0.0,0.0,,,99,rider,0.05,0.1,region_crc,segformer_b2_cityscapes,cityscapes_val_half,138
,,,1.0,1000,True,0.0,0.0,1.0,0.54,115,346.0,0.0,False,0.0,0.0,0.0,,,99,rider,0.1,0.1,region_crc,segformer_b2_cityscapes,cityscapes_val_half,138
,,,0.997,997,True,0.18383367839889578,0.18383367839889578,0.012043861672282219,0.54,115,346.0,0.12400000000000005,False,0.22916666666666666,0.07936507936507936,0.0,,,99,rider,0.2,0.1,region_crc,segformer_b2_cityscapes,cityscapes_val_half,138
,,,1.0,1000,True,0.0,0.0,1.0,0.54,115,346.0,0.0,False,0.0,0.0,0.0,,,99,rider,0.05,0.5,region_crc,segformer_b2_cityscapes,cityscapes_val_half,138
,,,1.0,1000,True,0.0,0.0,1.0,0.54,115,346.0,0.0,False,0.0,0.0,0.0,,,99,rider,0.1,0.5,region_crc,segformer_b2_cityscapes,cityscapes_val_half,138
,,,0.999,999,True,0.15860593512767426,0.15860593512767426,0.016791729256510735,0.54,115,346.0,0.12,False,0.18229166666666666,0.07936507936507936,0.07142857142857142,,,99,rider,0.2,0.5,region_crc,segformer_b2_cityscapes,cityscapes_val_half,138
,,,1.0,1000,True,0.0,0.0,1.0,0.344,164,856.0,0.0,False,0.0,0.0,0.0,,,99,bicycle,0.05,0.1,region_crc,segformer_b2_cityscapes,cityscapes_val_half,181
,,,0.999,999,True,0.060817739171397704,0.060817739171397704,0.029030291363596916,0.344,164,856.0,0.10000000000000003,False,0.10407239819004525,0.008875739644970414,0.0,,,99,bicycle,0.1,0.1,region_crc,segformer_b2_cityscapes,cityscapes_val_half,181
,,,0.99,990,True,0.1800280512170756,0.1800280512170756,0.016819007694721222,0.344,164,856.0,0.10400000000000004,False,0.27828054298642535,0.05621301775147929,0.0,,,99,bicycle,0.2,0.1,region_crc,segformer_b2_cityscapes,cityscapes_val_half,181
,,,1.0,1000,True,0.0,0.0,1.0,0.344,164,856.0,0.0,False,0.0,0.0,0.0,,,99,bicycle,0.05,0.5,region_crc,segformer_b2_cityscapes,cityscapes_val_half,181
,,,1.0,1000,True,0.0,0.0,1.0,0.344,164,856.0,0.0,False,0.0,0.0,0.0,,,99,bicycle,0.1,0.5,region_crc,segformer_b2_cityscapes,cityscapes_val_half,181
,,,0.995,995,True,0.18645348259611247,0.18645348259611252,0.019735408946871758,0.344,164,856.0,0.10800000000000001,False,0.27149321266968324,0.07692307692307693,0.013157894736842105,,,99,bicycle,0.2,0.5,region_crc,segformer_b2_cityscapes,cityscapes_val_half,181
,,,1.0,1000,True,0.0,0.0,,,223,,,False,,,,,,99,max_over_classes,0.05,0.1,shared_crc,segformer_b2_cityscapes,cityscapes_val_half,227
,,,1.0,1000,True,0.0,0.0,1.0,,200,,,False,,,,,,99,person,0.05,0.1,shared_crc,segformer_b2_cityscapes,cityscapes_val_half,227
,,,1.0,1000,True,0.0,0.0,1.0,,115,,,False,,,,,,99,rider,0.05,0.1,shared_crc,segformer_b2_cityscapes,cityscapes_val_half,227
,,,1.0,1000,True,0.0,0.0,1.0,,164,,,False,,,,,,99,bicycle,0.05,0.1,shared_crc,segformer_b2_cityscapes,cityscapes_val_half,227
,,,1.0,1000,True,0.0,0.0,,,223,,,False,,,,,,99,max_over_classes,0.1,0.1,shared_crc,segformer_b2_cityscapes,cityscapes_val_half,227
,,,1.0,1000,True,0.0,0.0,1.0,,200,,,False,,,,,,99,person,0.1,0.1,shared_crc,segformer_b2_cityscapes,cityscapes_val_half,227
,,,1.0,1000,True,0.0,0.0,1.0,,115,,,False,,,,,,99,rider,0.1,0.1,shared_crc,segformer_b2_cityscapes,cityscapes_val_half,227
,,,1.0,1000,True,0.0,0.0,1.0,,164,,,False,,,,,,99,bicycle,0.1,0.1,shared_crc,segformer_b2_cityscapes,cityscapes_val_half,227
,,,0.998,998,True,0.14564581800597848,0.14564581800597848,,,223,,,False,,,,,,99,max_over_classes,0.2,0.1,shared_crc,segformer_b2_cityscapes,cityscapes_val_half,227
,,,0.998,998,True,0.04550289593447488,0.04550289593447488,0.04529232159256935,,200,,,False,,,,,,99,person,0.2,0.1,shared_crc,segformer_b2_cityscapes,cityscapes_val_half,227
,,,0.998,998,True,0.1479296066252588,0.1479296066252588,0.013660860247910023,,115,,,False,,,,,,99,rider,0.2,0.1,shared_crc,segformer_b2_cityscapes,cityscapes_val_half,227
,,,0.998,998,True,0.07893400637303076,0.07893400637303076,0.024562107399106026,,164,,,False,,,,,,99,bicycle,0.2,0.1,shared_crc,segformer_b2_cityscapes,cityscapes_val_half,227
,,,1.0,1000,True,0.0,0.0,,,223,,,False,,,,,,99,max_over_classes,0.05,0.5,shared_crc,segformer_b2_cityscapes,cityscapes_val_half,227
,,,1.0,1000,True,0.0,0.0,1.0,,200,,,False,,,,,,99,person,0.05,0.5,shared_crc,segformer_b2_cityscapes,cityscapes_val_half,227
,,,1.0,1000,True,0.0,0.0,1.0,,115,,,False,,,,,,99,rider,0.05,0.5,shared_crc,segformer_b2_cityscapes,cityscapes_val_half,227
,,,1.0,1000,True,0.0,0.0,1.0,,164,,,False,,,,,,99,bicycle,0.05,0.5,shared_crc,segformer_b2_cityscapes,cityscapes_val_half,227
,,,1.0,1000,True,0.0,0.0,,,223,,,False,,,,,,99,max_over_classes,0.1,0.5,shared_crc,segformer_b2_cityscapes,cityscapes_val_half,227
,,,1.0,1000,True,0.0,0.0,1.0,,200,,,False,,,,,,99,person,0.1,0.5,shared_crc,segformer_b2_cityscapes,cityscapes_val_half,227
,,,1.0,1000,True,0.0,0.0,1.0,,115,,,False,,,,,,99,rider,0.1,0.5,shared_crc,segformer_b2_cityscapes,cityscapes_val_half,227
,,,1.0,1000,True,0.0,0.0,1.0,,164,,,False,,,,,,99,bicycle,0.1,0.5,shared_crc,segformer_b2_cityscapes,cityscapes_val_half,227
,,,0.999,999,True,0.1613362658766246,0.1613362658766246,,,223,,,False,,,,,,99,max_over_classes,0.2,0.5,shared_crc,segformer_b2_cityscapes,cityscapes_val_half,227
,,,0.999,999,True,0.05095230069637964,0.05095230069637964,0.05263398587703705,,200,,,False,,,,,,99,person,0.2,0.5,shared_crc,segformer_b2_cityscapes,cityscapes_val_half,227
,,,0.999,999,True,0.15860593512767426,0.15860593512767426,0.016791729256510735,,115,,,False,,,,,,99,rider,0.2,0.5,shared_crc,segformer_b2_cityscapes,cityscapes_val_half,227
,,,0.999,999,True,0.0906289171533074,0.0906289171533074,0.029030291363596916,,164,,,False,,,,,,99,bicycle,0.2,0.5,shared_crc,segformer_b2_cityscapes,cityscapes_val_half,227
